symbol,horizon,data_date,latest_close,target_date,probability_up,probability_down,probability_sideways,expected_return,expected_price,return_lower,return_upper,accuracy,balanced_accuracy,log_loss,return_mae,test_samples,baseline_accuracy,production_ready,training_start,training_end,model_version,feature_version,prediction_recorded_at,actual_date,actual_close,actual_return,actual_direction,direction_correct,absolute_return_error,absolute_price_error,interval_covered,brier_score,walk_forward_accuracy,walk_forward_balanced_accuracy
0050.TW,1,2026-08-11,104.5999984741211,2026-08-12,0.4408047517312198,0.3584549838515845,0.2007402644171956,0.0009339067813712,104.6976851220275,-0.0155947219876867,0.0247781345742178,0.4325396825396825,0.3332662912308929,1.0582366314422404,0.0132324225913304,252,0.4484126984126984,False,2021-05-27,2026-08-10,logistic-pit-v1,technical-pit-v1,2026-08-11T22:36:59.698196+08:00,2026-08-12,105.1500015258789,0.0052581554472381,1.0,1.0,0.0043242486658669,0.4523164038514125,1.0,0.1604953182975693,,
0050.TW,5,2026-08-11,104.5999984741211,2026-08-18,0.4325765735189477,0.2903850837307388,0.2770383427503134,0.0109250585565625,105.74275958246722,-0.0200512697703649,0.0733378946679258,0.5119047619047619,0.3218750489804235,1.0450339854189483,0.0310297887928607,252,0.5515873015873016,False,2021-05-21,2026-08-04,logistic-pit-v1,technical-pit-v1,2026-08-11T22:36:59.698196+08:00,,,,,,,,,,,
0050.TW,20,2026-08-11,104.5999984741211,2026-09-08,0.858470289481195,0.0141403656543692,0.1273893448644357,0.0684673950535191,111.76168789224624,0.0342481733799794,0.2107050960059711,0.3968253968253968,0.2751786874593891,1.6583320083263338,0.0724633400794896,252,0.6785714285714286,False,2021-04-29,2026-07-14,logistic-pit-v1,technical-pit-v1,2026-08-11T22:36:59.698196+08:00,,,,,,,,,,,
0052.TW,1,2026-08-11,61.04999923706055,2026-08-12,0.4072166303661507,0.3835495220013374,0.2092338476325119,0.0005612004844714,61.08426052620937,-0.0228593042936492,0.0259029216560462,0.4722222222222222,0.3634408602150538,1.133305602706353,0.0190412908437532,252,0.4563492063492063,True,2021-05-27,2026-08-10,logistic-pit-v1,technical-pit-v1,2026-08-11T22:36:59.698196+08:00,2026-08-12,61.5,0.0073710199600833,1.0,1.0,0.0068098194756119,0.4157394737906301,1.0,0.1807603873790068,,
0052.TW,5,2026-08-11,61.04999923706055,2026-08-18,0.4051623939901283,0.2935654838500638,0.3012721221598078,0.0085178148745781,61.57001182865496,-0.0584825562829447,0.0744546425631277,0.4761904761904761,0.3474967061923584,1.0923852201478197,0.0569923811287147,252,0.5476190476190477,False,2021-05-21,2026-08-04,logistic-pit-v1,technical-pit-v1,2026-08-11T22:36:59.698196+08:00,,,,,,,,,,,
0052.TW,20,2026-08-11,61.04999923706055,2026-09-08,0.2945361295139483,0.2759904388273269,0.4294734316587248,0.0088333363002751,61.589274411453054,-0.8204028434699953,0.1766058211331056,0.2103174603174603,0.3011501210653752,1.448913205365565,0.1942108670723809,252,0.7023809523809523,False,2021-04-29,2026-07-14,logistic-pit-v1,technical-pit-v1,2026-08-11T22:36:59.698196+08:00,,,,,,,,,,,
0056.TW,1,2026-08-11,52.29999923706055,2026-08-12,0.4297673114270709,0.256976258322807,0.3132564302501219,0.001620429193441,52.38474768264122,-0.010796920983293,0.0181617858964287,0.4206349206349206,0.4036721270518484,1.088030399953677,0.0096995228309984,252,0.4325396825396825,False,2021-06-03,2026-08-10,logistic-pit-v1,technical-pit-v1,2026-08-11T22:36:59.698196+08:00,2026-08-12,52.70000076293945,0.0076482128434804,1.0,1.0,0.0060277836500394,0.315253080298234,1.0,0.1631105691839169,,
0056.TW,5,2026-08-11,52.29999923706055,2026-08-18,0.6402334382121072,0.0728681903921953,0.2868983713956975,0.016340795384951,53.15462282322645,-0.0095785412259144,0.067302158710027,0.3531746031746032,0.3625361309787538,1.1454649912162322,0.0244657372219811,252,0.4841269841269841,False,2021-05-28,2026-08-04,logistic-pit-v1,technical-pit-v1,2026-08-11T22:36:59.698196+08:00,,,,,,,,,,,
0056.TW,20,2026-08-11,52.29999923706055,2026-09-08,0.7238599586820621,0.0089610483585436,0.2671789929593943,0.0564456292211822,55.25210560226379,0.0276042605876725,0.2130769928598301,0.4246031746031746,0.329184375632463,1.5531623690773826,0.059280977560806,252,0.4841269841269841,False,2021-05-07,2026-07-14,logistic-pit-v1,technical-pit-v1,2026-08-11T22:36:59.698196+08:00,,,,,,,,,,,
006208.TW,1,2026-08-11,238.8999938964844,2026-08-12,0.4201812813228093,0.3822086222973838,0.1976100963798069,0.0001179153754612,238.9281638789624,-0.015588081563515,0.0242702359657091,0.4523809523809524,0.339184826472962,1.0580215414999214,0.0135026721150333,252,0.4682539682539682,False,2021-06-03,2026-08-10,logistic-pit-v1,technical-pit-v1,2026-08-11T22:36:59.698196+08:00,2026-08-12,240.8999938964844,0.0083717038555748,1.0,1.0,0.0082537884801136,1.9718300175219952,1.0,0.1737743092260533,,
006208.TW,5,2026-08-11,238.8999938964844,2026-08-18,0.386048876481262,0.302897265148164,0.311053858370574,0.0111173276098396,241.55592339462032,-0.0155185117226216,0.0757409378952102,0.5476190476190477,0.3333333333333333,1.4991372996421637,0.0317489291687442,252,0.5476190476190477,False,2021-05-28,2026-08-04,logistic-pit-v1,technical-pit-v1,2026-08-11T22:36:59.698196+08:00,,,,,,,,,,,
006208.TW,20,2026-08-11,238.8999938964844,2026-09-08,0.8814731887585254,0.0541702379191563,0.0643565733223182,0.0721844716724414,256.14486373845165,0.0603871929062903,0.2354280209467556,0.4126984126984127,0.3314285714285714,1.570281878947954,0.0826778545014405,252,0.6944444444444444,False,2021-05-07,2026-07-14,logistic-pit-v1,technical-pit-v1,2026-08-11T22:36:59.698196+08:00,,,,,,,,,,,
00631L.TW,1,2026-08-11,34.869998931884766,2026-08-12,0.4802785646187547,0.4174729716052863,0.102248463775959,0.0008511833878562,34.89967969571015,-0.0310409103800708,0.0469838587479041,0.4563492063492063,0.3558627752176139,1.0041695498829852,0.0256160378044108,252,0.5,False,2021-05-31,2026-08-10,logistic-pit-v1,technical-pit-v1,2026-08-11T22:36:59.698196+08:00,2026-08-12,35.439998626708984,0.0163464213445392,1.0,1.0,0.015495237956683,0.5403189309988363,1.0,0.1516162669200779,,
00631L.TW,5,2026-08-11,34.869998931884766,2026-08-18,0.4945471705290562,0.3843958206243874,0.1210570088465563,0.0193804581219728,35.54579548589739,-0.0335413130829174,0.1517050882014152,0.4761904761904761,0.2792077480150074,1.2151640684757676,0.0640353216242778,252,0.623015873015873,False,2021-05-25,2026-08-04,logistic-pit-v1,technical-pit-v1,2026-08-11T22:36:59.698196+08:00,,,,,,,,,,,
00631L.TW,20,2026-08-11,34.869998931884766,2026-09-08,0.7165153300663035,0.1380472219305621,0.1454374480031343,0.1457891719660374,39.95366720262085,0.1339946993353223,0.4475478905239609,0.3095238095238095,0.1482693426410704,1.7775374568364082,0.1542357869823511,252,0.7579365079365079,False,2021-05-04,2026-07-14,logistic-pit-v1,technical-pit-v1,2026-08-11T22:36:59.698196+08:00,,,,,,,,,,,
00632R.TW,1,2026-08-11,10.15999984741211,2026-08-12,0.371845984578454,0.4165185934332349,0.2116354219883111,-0.0003006268611095,10.156945478549108,-0.0402083663442308,0.0142058910593556,0.4484126984126984,0.3333333333333333,1.0692929893155383,0.0179436663626449,252,0.4484126984126984,False,2021-05-28,2026-08-10,logistic-pit-v1,technical-pit-v1,2026-08-11T22:36:59.698196+08:00,2026-08-12,10.06999969482422,-0.0088582828680664,-1.0,1.0,0.0085576560069569,0.0869457837248877,1.0,0.1745031799654736,,
00632R.TW,5,2026-08-11,10.15999984741211,2026-08-18,0.3857175344057219,0.4092536073885016,0.2050288582057766,-0.015096797599417,10.00661638610562,-0.1199887606723706,0.0172481111618352,0.5595238095238095,0.3333333333333333,1.0352632287793238,0.0469592985022119,252,0.5595238095238095,False,2021-05-24,2026-08-04,logistic-pit-v1,technical-pit-v1,2026-08-11T22:36:59.698196+08:00,,,,,,,,,,,
00632R.TW,20,2026-08-11,10.15999984741211,2026-09-08,0.8132017709988788,0.0822522751640351,0.1045459538370861,-0.0519656554851609,9.632028795612204,-0.3012639095414081,-0.0708519563077633,0.3809523809523809,0.3394554883318928,1.2661695310906256,0.1410308999111077,252,0.7063492063492064,False,2021-05-03,2026-07-14,logistic-pit-v1,technical-pit-v1,2026-08-11T22:36:59.698196+08:00,,,,,,,,,,,
00635U.TW,1,2026-08-11,45.63999938964844,2026-08-12,0.4398763605142135,0.2979369287714995,0.262186710714287,-0.003571153531435,45.477011944653405,-0.0202152348580818,0.0170515672449294,0.3849206349206349,0.3561057078298457,1.1239246612654603,0.0123487058324468,252,0.4126984126984127,False,2021-06-04,2026-08-10,logistic-pit-v1,technical-pit-v1,2026-08-11T22:36:59.698196+08:00,2026-08-12,45.68000030517578,0.0008764442607862,0.0,0.0,0.0044475977922212,0.2029883605223759,1.0,0.2755420253038756,,
00635U.TW,5,2026-08-11,45.63999938964844,2026-08-18,0.313352955031905,0.392116394236339,0.2945306507317559,-0.0103292535582709,45.16857226355343,-0.055848696792448,0.0329218883375449,0.4007936507936508,0.3197111636219698,1.218655237052481,0.0298834715505631,252,0.4801587301587302,False,2021-05-31,2026-08-04,logistic-pit-v1,technical-pit-v1,2026-08-11T22:36:59.698196+08:00,,,,,,,,,,,
00635U.TW,20,2026-08-11,45.63999938964844,2026-09-08,0.4437905798310295,0.0770929467457913,0.4791164734231792,-0.0163333529254938,44.89454517209799,-0.0975395898824958,0.0728446312604939,0.3928571428571428,0.3692874692874692,1.5452057987777152,0.0545078667691915,252,0.4365079365079365,False,2021-05-10,2026-07-14,logistic-pit-v1,technical-pit-v1,2026-08-11T22:36:59.698196+08:00,,,,,,,,,,,
00637L.TW,1,2026-08-11,20.940000534057617,2026-08-12,0.4269475124199193,0.4296819665194344,0.1433705210606463,-0.0005980978675835,20.927476364391,-0.0245842384576877,0.026290977810467,0.492063492063492,0.3599439775910364,0.9807962686853048,0.0163336191459851,252,0.4722222222222222,False,2021-06-04,2026-08-10,logistic-pit-v1,technical-pit-v1,2026-08-11T22:36:59.698196+08:00,2026-08-12,20.989999771118164,0.0023877380986321,0.0,0.0,0.0029858359662156,0.0625234067271627,1.0,0.3669082783004914,,
00637L.TW,5,2026-08-11,20.940000534057617,2026-08-18,0.4008773687895189,0.3757552769803725,0.2233673542301085,-0.0037894119475299,20.86065024585257,-0.0488371422139761,0.0526996901141859,0.4484126984126984,0.3220980996404725,1.0455997022669308,0.032182708773961,252,0.4682539682539682,False,2021-05-31,2026-08-04,logistic-pit-v1,technical-pit-v1,2026-08-11T22:36:59.698196+08:00,,,,,,,,,,,
00637L.TW,20,2026-08-11,20.940000534057617,2026-09-08,0.3336497797665967,0.3202448072884685,0.3461054129449347,0.0040242437577266,21.02426820049359,-0.0391295316349797,0.1342176452840611,0.246031746031746,0.3274986899426703,1.20079698843296,0.0637925168097445,252,0.4325396825396825,False,2021-05-10,2026-07-14,logistic-pit-v1,technical-pit-v1,2026-08-11T22:36:59.698196+08:00,,,,,,,,,,,
00642U.TW,1,2026-07-27,27.780000686645508,2026-07-28,0.4546270106375155,0.44962634159641,0.0957466477660743,0.0089852678825891,28.02961143459353,-0.0230954275193191,0.0442375273622964,0.4563492063492063,0.3451043793964148,1.1316498716300694,0.0229960384884181,252,0.4484126984126984,False,2021-05-20,2026-07-24,logistic-pit-v1,technical-pit-v1,2026-08-11T22:36:59.698196+08:00,,,,,,,,,,,
00642U.TW,5,2026-07-27,27.780000686645508,2026-08-03,0.6030667004495011,0.1898104718585335,0.2071228276919653,0.0316024093706356,28.65791564066142,-0.0328593950879405,0.1344875130717286,0.365079365079365,0.3018704323052149,1.3035216498005815,0.0573412390989461,252,0.4285714285714285,False,2021-05-14,2026-07-20,logistic-pit-v1,technical-pit-v1,2026-08-11T22:36:59.698196+08:00,,,,,,,,,,,
00642U.TW,20,2026-07-27,27.780000686645508,2026-08-24,0.2640763279155007,0.1955454033720302,0.5403782687124691,0.0862861841344108,30.177030941147464,-0.0150633806652135,0.3505589503663057,0.3134920634920635,0.3629654108834545,1.2720079823058703,0.1140010788050927,252,0.376984126984127,False,2021-04-23,2026-06-29,logistic-pit-v1,technical-pit-v1,2026-08-11T22:36:59.698196+08:00,,,,,,,,,,,
00662.TW,1,2026-08-11,122.9499969482422,2026-08-12,0.3895410805081035,0.3234356731016538,0.2870232463902427,-0.0003657930581814,122.90502269285513,-0.0135003845376163,0.0176369558223773,0.3611111111111111,0.3004955958110384,1.0910706909755812,0.0094846810507919,252,0.4444444444444444,False,2021-06-03,2026-08-10,logistic-pit-v1,technical-pit-v1,2026-08-11T22:36:59.698196+08:00,2026-08-12,122.4499969482422,-0.0040666938788984,-1.0,0.0,0.003700900820717,0.4550257446129251,1.0,0.2306212952677423,,
00662.TW,5,2026-08-11,122.9499969482422,2026-08-18,0.421331264196745,0.2785126245126775,0.3001561112905774,0.003644702112795,123.3981130618876,-0.0142078684046881,0.049609968713555,0.3888888888888889,0.3232515098383012,1.112542303901693,0.0208456799079097,252,0.4603174603174603,False,2021-05-28,2026-08-04,logistic-pit-v1,technical-pit-v1,2026-08-11T22:36:59.698196+08:00,,,,,,,,,,,
00662.TW,20,2026-08-11,122.9499969482422,2026-09-08,0.1929802429939175,0.4411039672170677,0.3659157897890148,0.0331188478396505,127.02195918905652,0.0051271954268937,0.1164179730320989,0.3611111111111111,0.4345215341488277,1.241677131374744,0.0414556690059916,252,0.5079365079365079,False,2021-05-07,2026-07-14,logistic-pit-v1,technical-pit-v1,2026-08-11T22:36:59.698196+08:00,,,,,,,,,,,
00663L.TW,1,2026-08-11,100.1500015258789,2026-08-12,0.4149332088207733,0.4170547888707665,0.1680120023084602,0.0026385161425369,100.41424892158004,-0.0320082883190493,0.0470729128435218,0.4761904761904761,0.3557849462365591,1.0035137309521491,0.0256463198307282,252,0.496031746031746,False,2021-05-10,2026-08-10,logistic-pit-v1,technical-pit-v1,2026-08-11T22:36:59.698196+08:00,2026-08-12,101.9499969482422,0.0179729944577002,1.0,0.0,0.0153344783151633,1.535748026662162,1.0,0.1814886266601648,,
00663L.TW,5,2026-08-11,100.1500015258789,2026-08-18,0.4910349298210275,0.408654406827302,0.1003106633516705,0.0268847177159422,102.84250604615336,-0.0298233413719031,0.1500612185821364,0.4761904761904761,0.320656479909451,0.9514075451091892,0.0628596665230869,252,0.6150793650793651,False,2021-05-04,2026-08-04,logistic-pit-v1,technical-pit-v1,2026-08-11T22:36:59.698196+08:00,,,,,,,,,,,
00663L.TW,20,2026-08-11,100.1500015258789,2026-09-08,0.1833316231344421,0.6288571105790844,0.1878112662864734,0.0488496925074695,105.04229830504067,0.0065782277672767,0.5322307206046908,0.2619047619047619,0.3621527286448753,1.7987477697535252,0.2187195632695689,252,0.7579365079365079,False,2021-04-12,2026-07-14,logistic-pit-v1,technical-pit-v1,2026-08-11T22:36:59.698196+08:00,,,,,,,,,,,
00665L.TW,1,2026-08-11,9.729999542236328,2026-08-12,0.5432703121228551,0.3826842112745933,0.0740454766025514,0.0021024235207978,9.750456122131276,-0.0256397977760382,0.0367194699624579,0.4404761904761904,0.3363363363363363,1.02088065836636,0.0204473702532159,252,0.4404761904761904,False,2021-06-04,2026-08-10,logistic-pit-v1,technical-pit-v1,2026-08-11T22:36:59.698196+08:00,2026-08-12,9.420000076293944,-0.0318601727160138,-1.0,0.0,0.0339625962368116,0.330456045837332,0.0,0.2272347158830114,,
00665L.TW,5,2026-08-11,9.729999542236328,2026-08-18,0.5819603227561848,0.351169742948523,0.0668699342952921,0.0026735699981658,9.75601337709462,-0.0686302762535853,0.0745860843567734,0.4246031746031746,0.3288343919077864,1.123200270546404,0.0450952419106548,252,0.4325396825396825,False,2021-05-31,2026-08-04,logistic-pit-v1,technical-pit-v1,2026-08-11T22:36:59.698196+08:00,,,,,,,,,,,
00665L.TW,20,2026-08-11,9.729999542236328,2026-09-08,0.5074779819158847,0.2915359210390105,0.2009860970451048,-0.0269257870070241,9.46801164698363,-0.1238711778238013,0.105576306983322,0.3809523809523809,0.3187654320987654,1.259327514697825,0.0736091355127258,252,0.4285714285714285,False,2021-05-10,2026-07-14,logistic-pit-v1,technical-pit-v1,2026-08-11T22:36:59.698196+08:00,,,,,,,,,,,
00673R.TW,1,2026-08-11,12.850000381469728,2026-08-12,0.3894959783106583,0.4788312366141155,0.1316727850752262,0.0060255078859454,12.927428160102677,-0.0332058123694012,0.0437704046027423,0.4722222222222222,0.3453499196073453,1.1005876253933204,0.0429131651735364,252,0.4642857142857143,False,2021-05-28,2026-08-10,logistic-pit-v1,technical-pit-v1,2026-08-11T22:36:59.698196+08:00,2026-08-12,12.649999618530272,-0.0155642612453044,-1.0,1.0,0.0215897691312498,0.2774285415724051,1.0,0.1468872397929385,,
00673R.TW,5,2026-08-11,12.850000381469728,2026-08-18,0.2343358134646457,0.536268231868079,0.2293959546672753,0.0204312453936563,13.112541892572114,-0.0594662291611302,0.1248345926103531,0.4563492063492063,0.373063973063973,1.614264594835249,0.1221346362258696,252,0.4365079365079365,True,2021-05-24,2026-08-04,logistic-pit-v1,technical-pit-v1,2026-08-11T22:36:59.698196+08:00,,,,,,,,,,,
00673R.TW,20,2026-08-11,12.850000381469728,2026-09-08,0.4243779133149963,0.322608174765207,0.2530139119197967,0.0813840701697634,13.895785714196748,-0.0485598169680606,0.5510636355261073,0.5396825396825397,0.5323352932308156,1.430530677864352,0.3609171911050353,252,0.4365079365079365,True,2021-05-03,2026-07-14,logistic-pit-v1,technical-pit-v1,2026-08-11T22:36:59.698196+08:00,,,,,,,,,,,
00675L.TW,1,2026-08-11,302.8500061035156,2026-08-12,0.4506630327113083,0.4311143259327517,0.1182226413559401,-0.0003820010615073,302.73431707970656,-0.0321492717111838,0.0453631772288434,0.4761904761904761,0.3740110285303284,0.9877285937555782,0.0263782748507705,252,0.5119047619047619,False,2021-06-04,2026-08-10,logistic-pit-v1,technical-pit-v1,2026-08-11T22:36:59.698196+08:00,2026-08-12,308.5,0.018656079850146,1.0,1.0,0.0190380809116533,5.765682920293443,1.0,0.1672024195278544,,
00675L.TW,5,2026-08-11,302.8500061035156,2026-08-18,0.5073641827118797,0.391115647553378,0.1015201697347423,0.0213725139502391,309.32267208379307,-0.0295159324547345,0.1535707855771419,0.5952380952380952,0.3317562724014337,1.485763301447666,0.0652438430646642,252,0.6150793650793651,False,2021-05-31,2026-08-04,logistic-pit-v1,technical-pit-v1,2026-08-11T22:36:59.698196+08:00,,,,,,,,,,,
00675L.TW,20,2026-08-11,302.8500061035156,2026-09-08,0.862012332346037,0.0676627961611795,0.0703248714927833,0.1715222621192112,354.7955242332075,0.1614935650948207,0.486170736347184,0.3293650793650793,0.1703467637908794,1.999304308807116,0.1600814187780996,252,0.7579365079365079,False,2021-05-10,2026-07-14,logistic-pit-v1,technical-pit-v1,2026-08-11T22:36:59.698196+08:00,,,,,,,,,,,
00685L.TW,1,2026-08-11,11.420000076293944,2026-08-12,0.3036989208976994,0.5586633868214615,0.1376376922808389,-0.9578691341301276,0.4811344914482735,-13.264317921405029,10.384532950984651,0.6468253968253969,0.4725171925566343,0.9534095426373664,6.17669247480797,252,0.5079365079365079,True,2021-04-08,2026-08-10,logistic-pit-v1,technical-pit-v1,2026-08-11T22:36:59.698196+08:00,2026-08-12,11.619999885559082,0.0175131180323111,1.0,0.0,0.9753822521624388,11.138865394110807,1.0,0.2719613689567497,,
00685L.TW,5,2026-08-11,11.420000076293944,2026-08-18,0.7778187208354547,0.1681431165500488,0.0540381626144965,-0.9577790984671944,0.4821626987258385,-16.450295876813353,10.243781069342074,0.5079365079365079,0.3741496598639455,0.966689345914154,7.644372683214422,252,0.5555555555555556,False,2021-03-30,2026-08-04,logistic-pit-v1,technical-pit-v1,2026-08-11T22:36:59.698196+08:00,,,,,,,,,,,
00685L.TW,20,2026-08-11,11.420000076293944,2026-09-08,0.3408682637828827,0.3939669229603448,0.2651648132567724,-0.955119581723627,0.5125343801402839,-13.608396634753786,13.229738457162464,0.5992063492063492,0.4496281271129141,1.0730944635418154,7.064787702394291,252,0.6071428571428571,False,2021-03-09,2026-07-14,logistic-pit-v1,technical-pit-v1,2026-08-11T22:36:59.698196+08:00,,,,,,,,,,,
00708L.TW,1,2026-08-11,82.0999984741211,2026-08-12,0.4827046276552835,0.3329000344654456,0.1843953378792708,-0.0098804141842458,81.28881648467082,-0.0448942945254384,0.0329421648792407,0.4841269841269841,0.3676208012498605,1.031244534917093,0.0247407756778389,252,0.4603174603174603,True,2021-06-04,2026-08-10,logistic-pit-v1,technical-pit-v1,2026-08-11T22:36:59.698196+08:00,2026-08-12,82.30000305175781,0.0024361093952975,0.0,0.0,0.0123165235795433,1.0111865670869946,1.0,0.3363457184599965,,
00708L.TW,5,2026-08-11,82.0999984741211,2026-08-18,0.3415915773423983,0.5361592520343512,0.1222491706232503,-0.0293449394046602,79.69077899377531,-0.1223020047497555,0.056514920432194,0.3333333333333333,0.3509560417898679,1.3384388775900269,0.0597392182362054,252,0.5277777777777778,False,2021-05-31,2026-08-04,logistic-pit-v1,technical-pit-v1,2026-08-11T22:36:59.698196+08:00,,,,,,,,,,,
00708L.TW,20,2026-08-11,82.0999984741211,2026-09-08,0.6814926375444795,0.1302785414275352,0.1882288210279852,-0.0422487934148354,78.63137259922965,-0.2147724130179794,0.1383361127752558,0.369047619047619,0.2790771331916671,1.3360873126615918,0.1096318490675872,252,0.4841269841269841,False,2021-05-10,2026-07-14,logistic-pit-v1,technical-pit-v1,2026-08-11T22:36:59.698196+08:00,,,,,,,,,,,
00712.TW,1,2026-07-24,8.779999732971191,2026-07-27,0.3936946895284799,0.2706137769199689,0.335691533551551,-5.98564563414315e-05,8.779474193300498,-0.0083762430825469,0.0095634782403273,0.365079365079365,0.3157806332409507,1.0877412035527612,0.0060845818748595,252,0.3888888888888889,False,2021-05-18,2026-07-23,logistic-pit-v1,technical-pit-v1,2026-08-11T22:36:59.698196+08:00,2026-07-27,8.84000015258789,0.0068337609842266,1.0,1.0,0.006893617440568,0.0605259592873927,1.0,0.1845089171543497,,
00712.TW,5,2026-07-24,8.779999732971191,2026-07-31,0.3605269030869967,0.2610701490776658,0.3784029478353375,0.0012970460637342,8.791387797064429,-0.0156667595408296,0.0288227849913416,0.365079365079365,0.3135906536527654,1.0869550249993123,0.0145810390355602,252,0.3888888888888889,False,2021-05-12,2026-07-17,logistic-pit-v1,technical-pit-v1,2026-08-11T22:36:59.698196+08:00,2026-07-31,8.899999618530273,0.0136674133495073,1.0,0.0,0.0123703672857731,0.1086118214658444,1.0,0.2067574184484717,,
00712.TW,20,2026-07-24,8.779999732971191,2026-08-21,0.2867388385102502,0.2042283549960603,0.5090328064936894,-0.0052159453098241,8.734203734543742,-0.0335436868159921,0.0657058535463244,0.3809523809523809,0.323240589198036,1.1901346291021695,0.0372103829329813,252,0.4126984126984127,False,2021-04-21,2026-06-26,logistic-pit-v1,technical-pit-v1,2026-08-11T22:36:59.698196+08:00,,,,,,,,,,,
00713.TW,1,2026-08-11,61.04999923706055,2026-08-12,0.255822766547812,0.1980884695615931,0.5460887638905948,0.0017254147130592,61.15533580397643,-0.0048271727457764,0.0102499815932218,0.4642857142857143,0.3333333333333333,1.0639947957246534,0.0051909167760932,252,0.4642857142857143,False,2021-06-03,2026-08-10,logistic-pit-v1,technical-pit-v1,2026-08-11T22:36:59.698196+08:00,2026-08-12,61.150001525878906,0.0016380391493544,0.0,1.0,8.737556370474672e-05,0.0053342780975214,1.0,0.1035732466412662,,
00713.TW,5,2026-08-11,61.04999923706055,2026-08-18,0.2668695232053023,0.1618496617869191,0.5712808150077786,0.00539438288357,61.37932630798692,-0.0080243413738927,0.0255912219679044,0.6071428571428571,0.3680654338549075,0.9295721170801022,0.0114635582018273,252,0.5873015873015873,True,2021-05-28,2026-08-04,logistic-pit-v1,technical-pit-v1,2026-08-11T22:36:59.698196+08:00,,,,,,,,,,,
00713.TW,20,2026-08-11,61.04999923706055,2026-09-08,0.1311375235171797,0.2513724242127632,0.6174900522700569,0.0188015748537379,62.19783536753679,-0.0023028068958734,0.0700529737838098,0.6746031746031746,0.3181712962962963,0.877436819402153,0.0241842692153299,252,0.7142857142857143,False,2021-05-07,2026-07-14,logistic-pit-v1,technical-pit-v1,2026-08-11T22:36:59.698196+08:00,,,,,,,,,,,
00715L.TW,1,2026-08-11,47.25,2026-08-12,0.2798595637707368,0.6708233350819538,0.0493171011473093,-0.0079558857241414,46.87408439953432,-0.0773349374474418,0.0687369308280113,0.4523809523809524,0.3318301974809516,1.2833539920573565,0.0537947099101696,252,0.4682539682539682,False,2021-05-28,2026-08-10,logistic-pit-v1,technical-pit-v1,2026-08-11T22:36:59.698196+08:00,2026-08-12,48.61000061035156,0.028783081700562,1.0,0.0,0.0367389674247035,1.735916210817244,1.0,0.3236794570828409,,
00715L.TW,5,2026-08-11,47.25,2026-08-18,0.5301101178530967,0.4036448214783414,0.0662450606685618,0.0077379556070328,47.615618402432304,-0.1593723154199847,0.362561180733451,0.4285714285714285,0.3172817994614287,1.4527458477844395,0.1632510219214447,252,0.4682539682539682,False,2021-05-24,2026-08-04,logistic-pit-v1,technical-pit-v1,2026-08-11T22:36:59.698196+08:00,,,,,,,,,,,
00715L.TW,20,2026-08-11,47.25,2026-09-08,0.3106355686166999,0.5219055427073835,0.1674588886759165,-0.0079075277771462,46.87636931252984,-0.3302955702227049,0.9026845133391028,0.3055555555555556,0.3092369477911647,1.867018455521668,0.3823088397981695,252,0.5436507936507936,False,2021-05-03,2026-07-14,logistic-pit-v1,technical-pit-v1,2026-08-11T22:36:59.698196+08:00,,,,,,,,,,,
00735.TW,1,2026-08-11,97.8000030517578,2026-08-12,0.3864968516232648,0.4465367288308164,0.1669664195459188,-0.0052249391070412,97.28900399114391,-0.0244273093933826,0.0476856478351578,0.4523809523809524,0.376531387748898,1.2270754783044755,0.0255998945130637,252,0.5396825396825397,False,2021-06-02,2026-08-10,logistic-pit-v1,technical-pit-v1,2026-08-11T22:36:59.698196+08:00,2026-08-12,100.5,0.0276073298976617,1.0,0.0,0.0328322690047029,3.2109960088560854,1.0,0.2012196495063587,,
00735.TW,5,2026-08-11,97.8000030517578,2026-08-18,0.3948142696009034,0.2856341903475083,0.3195515400515882,0.0077133786217581,98.5543715045051,-0.017784059920333,0.1845201489473199,0.3928571428571428,0.3256217466743782,1.7053562805950808,0.0777660973636913,252,0.6031746031746031,False,2021-05-27,2026-08-04,logistic-pit-v1,technical-pit-v1,2026-08-11T22:36:59.698196+08:00,,,,,,,,,,,
00735.TW,20,2026-08-11,97.8000030517578,2026-09-08,0.5405668058981188,0.177250174399429,0.2821830197024522,0.1705422187022083,114.47903256128733,0.1934400474620846,0.5380213176712424,0.4603174603174603,0.2811355311355311,2.3121460660890603,0.1700833764380172,252,0.7222222222222222,False,2021-05-06,2026-07-14,logistic-pit-v1,technical-pit-v1,2026-08-11T22:36:59.698196+08:00,,,,,,,,,,,
00753L.TW,1,2026-07-24,9.130000114440918,2026-07-27,0.4732820173531862,0.4201493457887719,0.1065686368580419,-0.0001085082063333,9.129009434504678,-0.0293459561893554,0.0346696708941372,0.4365079365079365,0.3273809523809524,0.9634803775781464,0.0203622122650694,252,0.4484126984126984,False,2021-05-19,2026-07-23,logistic-pit-v1,technical-pit-v1,2026-08-11T22:36:59.698196+08:00,2026-07-27,9.300000190734863,0.0186199424055928,1.0,1.0,0.0187284506119261,0.1709907562301857,1.0,0.1551047267906811,,
00753L.TW,5,2026-07-24,9.130000114440918,2026-07-31,0.4937223357881301,0.3719173205376584,0.1343603436742116,-0.0078102948977413,9.058692121130722,-0.0826895282010206,0.0644547691587996,0.4563492063492063,0.3304597701149425,1.0130972302051542,0.0459567354158496,252,0.4603174603174603,False,2021-05-13,2026-07-17,logistic-pit-v1,technical-pit-v1,2026-08-11T22:36:59.698196+08:00,2026-07-31,9.829999923706056,0.0766702957821379,1.0,1.0,0.0844805906798792,0.7713078025753344,0.0,0.1375640895159968,,
00753L.TW,20,2026-07-24,9.130000114440918,2026-08-21,0.5272321044791473,0.225095415225189,0.2476724802956637,-0.0357122846970554,8.803946951069856,-0.1389836784910294,0.1442576273223895,0.4007936507936508,0.3325297747166021,1.2162360915843518,0.0880238011038702,252,0.4563492063492063,False,2021-04-22,2026-06-26,logistic-pit-v1,technical-pit-v1,2026-08-11T22:36:59.698196+08:00,,,,,,,,,,,
00830.TW,1,2026-08-11,86.75,2026-08-12,0.4332187818723729,0.3878069495517767,0.1789742685758503,0.0030723361466298,87.01652516072014,-0.0216659481856671,0.0440788876490899,0.4841269841269841,0.3126318126318126,1.002013561081707,0.0201234523027412,252,0.5238095238095238,False,2021-06-03,2026-08-10,logistic-pit-v1,technical-pit-v1,2026-08-11T22:36:59.698196+08:00,2026-08-12,86.8499984741211,0.0011527201627792,0.0,0.0,0.0019196159838505,0.1665266865990418,1.0,0.3373853315827322,,
00830.TW,5,2026-08-11,86.75,2026-08-18,0.5436035289424366,0.3150378768626171,0.1413585941949463,0.0169134926761872,88.21724548965923,-0.0260565688056175,0.1180940908548137,0.5714285714285714,0.3518247756658352,0.9062318629380772,0.0459218432550563,252,0.5992063492063492,False,2021-05-28,2026-08-04,logistic-pit-v1,technical-pit-v1,2026-08-11T22:36:59.698196+08:00,,,,,,,,,,,
00830.TW,20,2026-08-11,86.75,2026-09-08,0.1920770827397612,0.6412008174357572,0.1667220998244815,0.0954347259818327,95.028962478924,0.0641033529219017,0.2926633191142339,0.3611111111111111,0.2124871001031991,1.4077079829728494,0.0900718001199229,252,0.6746031746031746,False,2021-05-07,2026-07-14,logistic-pit-v1,technical-pit-v1,2026-08-11T22:36:59.698196+08:00,,,,,,,,,,,
00865B.TW,1,2026-07-24,49.34000015258789,2026-07-27,0.1052562502606155,0.1034867790781696,0.7912569706612149,0.0007991143346541,49.37942845398166,-0.001992511278944,0.0049009735842059,0.7301587301587301,0.3333333333333333,0.7639261146434019,0.0022036095791089,252,0.7301587301587301,False,2021-05-11,2026-07-23,logistic-pit-v1,technical-pit-v1,2026-08-11T22:36:59.698196+08:00,2026-07-27,49.43999862670898,0.0020267222094008,0.0,1.0,0.0012276078747467,0.0605701727273171,1.0,0.0217873479868106,,
00865B.TW,5,2026-07-24,49.34000015258789,2026-07-31,0.0268995776141284,0.1367672726154476,0.836333149770424,0.004503910550146,49.56222309981934,-0.0030567139417226,0.0156659751302629,0.873015873015873,0.3333333333333333,0.5981002850846167,0.0058970928218219,252,0.873015873015873,False,2021-05-05,2026-07-17,logistic-pit-v1,technical-pit-v1,2026-08-11T22:36:59.698196+08:00,2026-07-31,49.59000015258789,0.0050668828379987,0.0,1.0,0.0005629722878527,0.027777052768549,1.0,0.0154052373328523,,
00865B.TW,20,2026-07-24,49.34000015258789,2026-08-21,0.0,0.082270189639043,0.9177298103609568,0.0113787491817802,49.90142763895319,-1.4139178769103503e-06,0.0341681372991311,0.8571428571428571,0.45,1.997227997951214,0.0120209753256066,252,0.9523809523809524,False,2021-04-14,2026-06-26,logistic-pit-v1,technical-pit-v1,2026-08-11T22:36:59.698196+08:00,,,,,,,,,,,
00878.TW,1,2026-08-11,33.470001220703125,2026-08-12,0.3835255119389079,0.2996092535153726,0.3168652345457193,0.0003545314283371,33.481867388042346,-0.0109990571716038,0.0175650562112209,0.4563492063492063,0.4133934547714668,1.0724495799338745,0.0089115170857245,252,0.4166666666666667,True,2021-06-03,2026-08-10,logistic-pit-v1,technical-pit-v1,2026-08-11T22:36:59.698196+08:00,2026-08-12,33.52000045776367,0.0014938522628322,0.0,0.0,0.0011393208344951,0.0381330697213257,1.0,0.2345102102907717,,
00878.TW,5,2026-08-11,33.470001220703125,2026-08-18,0.2230479456790993,0.2443959104811578,0.5325561438397428,0.007800560789843,33.73108599986134,-0.0112779073590245,0.0586163632767746,0.4047619047619047,0.3697478991596639,1.2257109045547994,0.0237779621990498,252,0.4722222222222222,False,2021-05-28,2026-08-04,logistic-pit-v1,technical-pit-v1,2026-08-11T22:36:59.698196+08:00,,,,,,,,,,,
00878.TW,20,2026-08-11,33.470001220703125,2026-09-08,0.1603004396269613,0.2878563457129234,0.5518432146601152,0.0396282516549939,34.796358851970105,0.0019959482396688,0.242507948594796,0.4484126984126984,0.3333333333333333,1.4968231977907205,0.0662355969732356,252,0.4682539682539682,False,2021-05-07,2026-07-14,logistic-pit-v1,technical-pit-v1,2026-08-11T22:36:59.698196+08:00,,,,,,,,,,,
00881.TW,1,2026-08-11,53.5,2026-08-12,0.4800377563295337,0.3847476104985559,0.1352146331719103,0.0017218675757627,53.592119915303314,-0.0173566342761793,0.0272966898237374,0.4801587301587302,0.3510092710665889,1.0393250618091674,0.0147407303770567,252,0.4841269841269841,False,2021-06-03,2026-08-10,logistic-pit-v1,technical-pit-v1,2026-08-11T22:36:59.698196+08:00,2026-08-12,54.09999847412109,0.0112149247499269,1.0,1.0,0.0094930571741642,0.5078785588177723,1.0,0.1455581518836627,,
00881.TW,5,2026-08-11,53.5,2026-08-18,0.4460365434394086,0.2100088565971984,0.343954599963393,0.0219653180739789,54.67514451695787,-0.0161615136789761,0.0916591606555147,0.5793650793650794,0.3333333333333333,1.1071993488255862,0.0361688824964174,252,0.5793650793650794,False,2021-05-28,2026-08-04,logistic-pit-v1,technical-pit-v1,2026-08-11T22:36:59.698196+08:00,,,,,,,,,,,
00881.TW,20,2026-08-11,53.5,2026-09-08,0.6899294158206578,0.1275787614537709,0.1824918227255713,0.1076839861852192,59.26109326090923,0.0724750640077266,0.2691422379874326,0.3134920634920635,0.2775457036338319,1.4246574683994857,0.0853796033763563,252,0.7182539682539683,False,2021-05-07,2026-07-14,logistic-pit-v1,technical-pit-v1,2026-08-11T22:36:59.698196+08:00,,,,,,,,,,,
00882.TW,1,2026-07-24,15.010000228881836,2026-07-27,0.4774319975491917,0.3416467381034,0.1809212643474081,0.0016181098943149,15.034288058765858,-0.008961654712224,0.0139450395565218,0.3849206349206349,0.3233333333333333,1.144018726254811,0.0074968330934133,252,0.3968253968253968,False,2021-05-18,2026-07-23,logistic-pit-v1,technical-pit-v1,2026-08-11T22:36:59.698196+08:00,2026-07-27,15.029999732971191,0.001332411977641,0.0,0.0,0.0002856979166738,0.0042883257946666,1.0,0.338517927046251,,
00882.TW,5,2026-07-24,15.010000228881836,2026-07-31,0.4398485582944526,0.2614377224232617,0.2987137192822856,0.0039669825883078,15.069544638440306,-0.0202415044641312,0.0317225319218772,0.3849206349206349,0.3256497175141242,1.102480403216156,0.01816327853321,252,0.3968253968253968,False,2021-05-12,2026-07-17,logistic-pit-v1,technical-pit-v1,2026-08-11T22:36:59.698196+08:00,,,,,,,,,,,
00882.TW,20,2026-07-24,15.010000228881836,2026-08-21,0.4246953599167378,0.2670540524204843,0.3082505876627778,0.0009045818321337,15.023578002389204,-0.0339942410193187,0.0785637627238836,0.4126984126984127,0.3539649122807017,1.0626976529224832,0.0374659258810832,252,0.496031746031746,False,2021-04-21,2026-06-26,logistic-pit-v1,technical-pit-v1,2026-08-11T22:36:59.698196+08:00,,,,,,,,,,,
00891.TW,1,2026-08-11,35.459999084472656,2026-08-12,0.428284827816676,0.4230750920386755,0.1486400801446485,-0.0006028745256902,35.43862115434363,-0.0170076893299184,0.0327423613318074,0.4210526315789473,0.3494084362139917,1.044356792042839,0.0162889514791577,247,0.5182186234817814,False,2021-07-07,2026-08-10,logistic-pit-v1,technical-pit-v1,2026-08-11T22:36:59.698196+08:00,2026-08-12,35.939998626708984,0.0135363664588055,1.0,1.0,0.0141392409844957,0.5013774723653555,1.0,0.1759815483445163,,
00891.TW,5,2026-08-11,35.459999084472656,2026-08-18,0.3921760147121459,0.2758897349316661,0.331934250356188,0.0144506663567004,35.97241970025127,-0.0125695957265063,0.1188162571965222,0.4674796747967479,0.357858845870554,1.1747155163506724,0.0465030635183573,246,0.556910569105691,False,2021-07-07,2026-08-04,logistic-pit-v1,technical-pit-v1,2026-08-11T22:36:59.698196+08:00,,,,,,,,,,,
00891.TW,20,2026-08-11,35.459999084472656,2026-09-08,0.647791982382758,0.204593433426428,0.147614584190814,0.0806114958627172,38.31848265396258,0.0692744679319905,0.3380504904452646,0.5637860082304527,0.406974225687676,1.37131607957088,0.1083291403044,243,0.6666666666666666,False,2021-07-07,2026-07-14,logistic-pit-v1,technical-pit-v1,2026-08-11T22:36:59.698196+08:00,,,,,,,,,,,
00892.TW,1,2026-08-11,40.40999984741211,2026-08-12,0.380283595778746,0.3947919661181555,0.2249244381030985,0.0011678309492963,40.45719189589498,-0.0171510910191975,0.0325756114160452,0.4489795918367347,0.3413767302656191,1.0651663456591278,0.0172932861747949,245,0.5387755102040817,False,2021-07-20,2026-08-10,logistic-pit-v1,technical-pit-v1,2026-08-11T22:36:59.698196+08:00,2026-08-12,40.93999862670898,0.0131155352956728,1.0,0.0,0.0119477043463765,0.4828067308139978,1.0,0.196833373676118,,
00892.TW,5,2026-08-11,40.40999984741211,2026-08-18,0.4756097299814362,0.1945420200009336,0.3298482500176301,0.0267318864412067,41.49023537442231,-0.0038505750957484,0.1417320769943086,0.3401639344262295,0.3502148287524693,1.247198356257036,0.0508310299809491,244,0.5983606557377049,False,2021-07-20,2026-08-04,logistic-pit-v1,technical-pit-v1,2026-08-11T22:36:59.698196+08:00,,,,,,,,,,,
00892.TW,20,2026-08-11,40.40999984741211,2026-09-08,0.3870355561179143,0.4751396100948514,0.1378248337872343,0.0932906270215139,44.17987407111647,0.0790240433417825,0.3490596220295752,0.6929460580912863,0.3897099069512862,1.4053763154758268,0.1120039256807595,241,0.7219917012448133,False,2021-07-20,2026-07-14,logistic-pit-v1,technical-pit-v1,2026-08-11T22:36:59.698196+08:00,,,,,,,,,,,
00918.TW,1,2026-08-11,33.4900016784668,2026-08-12,0.3638051583767129,0.2012575617743039,0.4349372798489832,0.0026210558726541,33.577780844041335,-0.0093812357450063,0.0218652733434057,0.3641618497109826,0.3740644706936842,1.106732772440883,0.0106333605160706,173,0.5144508670520231,False,2022-12-30,2026-08-10,logistic-pit-v1,technical-pit-v1,2026-08-11T22:36:59.698196+08:00,2026-08-12,33.79999923706055,0.0092564211124859,1.0,0.0,0.0066353652398318,0.2222183930192116,1.0,0.2114729733606166,,
00918.TW,5,2026-08-11,33.4900016784668,2026-08-18,0.3443656620340567,0.1181112911009989,0.5375230468649443,0.0193851404672849,34.13921006525348,-0.0046485875873216,0.0870303968194658,0.3372093023255814,0.3333333333333333,1.1475769018289392,0.0278927858309231,172,0.4767441860465116,False,2022-12-30,2026-08-04,logistic-pit-v1,technical-pit-v1,2026-08-11T22:36:59.698196+08:00,,,,,,,,,,,
00918.TW,20,2026-08-11,33.4900016784668,2026-09-08,0.4303125847346953,0.0079038373740532,0.5617835778912513,0.0481710322052949,35.1032496278756,0.0103065004792777,0.2395877758570018,0.4615384615384615,0.4194686591946865,2.0259191118726174,0.0716619178620478,169,0.5207100591715976,False,2022-12-30,2026-07-14,logistic-pit-v1,technical-pit-v1,2026-08-11T22:36:59.698196+08:00,,,,,,,,,,,
00919.TW,1,2026-08-11,30.1200008392334,2026-08-12,0.2844298206384815,0.2523478436172482,0.4632223357442703,0.0003810726551805,30.131478747927243,-0.0124132146026152,0.0183129958025878,0.247191011235955,0.3333333333333333,1.2286652209708464,0.0101800444188635,178,0.4606741573033708,False,2022-11-29,2026-08-10,logistic-pit-v1,technical-pit-v1,2026-08-11T22:36:59.698196+08:00,2026-08-12,30.21999931335449,0.0033200023683543,1.0,0.0,0.0029389297131738,0.0885205654272454,1.0,0.2634316827007095,,
00919.TW,5,2026-08-11,30.1200008392334,2026-08-18,0.2622004241774278,0.1460695116370258,0.5917300641855463,0.0064241334508873,30.31349574416548,-0.0145789160304931,0.0658598549956494,0.2429378531073446,0.3333333333333333,1.3669907113725106,0.0253826240215454,177,0.536723163841808,False,2022-11-29,2026-08-04,logistic-pit-v1,technical-pit-v1,2026-08-11T22:36:59.698196+08:00,,,,,,,,,,,
00919.TW,20,2026-08-11,30.1200008392334,2026-09-08,0.0232945401685925,0.0495450066942036,0.9271604531372036,0.0394866112915016,31.309337604471907,-0.0011591524475193,0.2127323640720231,0.3218390804597701,0.2392529950669485,3.4109587455355856,0.0660712533046659,174,0.4942528735632184,False,2022-11-29,2026-07-14,logistic-pit-v1,technical-pit-v1,2026-08-11T22:36:59.698196+08:00,,,,,,,,,,,
00922.TW,1,2026-08-11,40.380001068115234,2026-08-12,0.5129511108635547,0.3061725651020718,0.1808763240343734,0.0023308745344948,40.474121784307776,-0.020992940103828,0.0262255157833252,0.4620253164556962,0.3350564314637718,1.0666309851060176,0.0153204578751377,158,0.4620253164556962,False,2023-05-08,2026-08-10,logistic-pit-v1,technical-pit-v1,2026-08-11T22:36:59.698196+08:00,2026-08-12,40.619998931884766,0.0059434833437643,1.0,1.0,0.0036126088092695,0.1458771475769893,1.0,0.1212248348754718,,
00922.TW,5,2026-08-11,40.380001068115234,2026-08-18,0.5550701372001422,0.1108454862774766,0.334084376522381,0.0240650534671195,41.35174795282177,-0.0221160113114866,0.0954638589234342,0.5286624203821656,0.3554789467710815,1.1029121294892026,0.0373041074528284,157,0.5668789808917197,False,2023-05-08,2026-08-04,logistic-pit-v1,technical-pit-v1,2026-08-11T22:36:59.698196+08:00,,,,,,,,,,,
00922.TW,20,2026-08-11,40.380001068115234,2026-09-08,0.6656918926924356,0.0011571579064324,0.3331509494011319,0.0976341409946899,44.322467785765326,0.0539560242151103,0.2877651522646387,0.5714285714285714,0.5118207941483804,3.3294072392285585,0.0804282539043221,154,0.7532467532467533,False,2023-05-08,2026-07-14,logistic-pit-v1,technical-pit-v1,2026-08-11T22:36:59.698196+08:00,,,,,,,,,,,
1216.TW,1,2026-08-11,75.9000015258789,2026-08-12,0.2987624616285914,0.6360249727163362,0.0652125656550724,-0.0039621540941674,75.59927402408583,-0.0333940790143419,0.0240968288530095,0.5873015873015873,0.4537698412698412,0.9581880047694382,0.0196528860748767,252,0.4444444444444444,True,2021-06-02,2026-08-10,logistic-pit-v1,technical-pit-v1,2026-08-11T22:36:59.698196+08:00,2026-08-12,76.0,0.0013175029263603,0.0,0.0,0.0052796570205277,0.4007259759141703,1.0,0.4558714406021213,,
1216.TW,5,2026-08-11,75.9000015258789,2026-08-18,0.1765850859402897,0.6786281148151581,0.1447867992445523,-0.0051572340897915,75.50856745059441,-0.0500976394312985,0.031618949580766,0.5357142857142857,0.464154987370242,1.030586646781387,0.0258602362624517,252,0.3888888888888889,True,2021-05-27,2026-08-04,logistic-pit-v1,technical-pit-v1,2026-08-11T22:36:59.698196+08:00,,,,,,,,,,,
1216.TW,20,2026-08-11,75.9000015258789,2026-09-08,0.0006097650462396,0.7944722873287755,0.2049179476249849,-0.0064447862107665,75.41084224264776,-0.0561304186419212,0.040746970224968,0.3611111111111111,0.3904761904761905,1.243800584901541,0.0317910244320713,252,0.5158730158730159,False,2021-05-06,2026-07-14,logistic-pit-v1,technical-pit-v1,2026-08-11T22:36:59.698196+08:00,,,,,,,,,,,
1303.TW,1,2026-08-11,190.0,2026-08-12,0.7148673786189429,0.1881588132484095,0.0969738081326475,0.0007832856129115,190.1488242664532,-0.046760548377572,0.0851061751435813,0.4761904761904761,0.3276015061035566,1.4617258381916216,0.0385794949344301,252,0.4880952380952381,False,2021-06-02,2026-08-10,logistic-pit-v1,technical-pit-v1,2026-08-11T22:36:59.698196+08:00,2026-08-12,189.5,-0.0026315789473684,0.0,0.0,0.0034148645602799,0.6488242664532038,1.0,0.4539651370716739,,
1303.TW,5,2026-08-11,190.0,2026-08-18,0.5082667226110698,0.442466319634421,0.0492669577545092,0.0068222935465218,191.2962357738392,-0.0251571147437424,0.2734373804041989,0.3015873015873015,0.3351250974966012,1.251485326614992,0.1096603373192263,252,0.5595238095238095,False,2021-05-27,2026-08-04,logistic-pit-v1,technical-pit-v1,2026-08-11T22:36:59.698196+08:00,,,,,,,,,,,
1303.TW,20,2026-08-11,190.0,2026-09-08,0.9497606703611472,0.0153423985839627,0.0348969310548901,0.2756737134364044,242.37800555291685,0.33938033578758,0.9632337067861482,0.4087301587301587,0.1996415770609318,2.9140277457688444,0.3105812369223968,252,0.7142857142857143,False,2021-05-06,2026-07-14,logistic-pit-v1,technical-pit-v1,2026-08-11T22:36:59.698196+08:00,,,,,,,,,,,
2059.TW,1,2026-08-11,12315.0,2026-08-12,0.6586307727692199,0.2772252749060647,0.0641439523247154,-0.0024248142465359,12285.13841255391,-0.036629955584629,0.0813418765247163,0.4523809523809524,0.3082712425679235,1.073575032996607,0.0378643568276078,252,0.5119047619047619,False,2021-06-03,2026-08-10,logistic-pit-v1,technical-pit-v1,2026-08-11T22:36:59.698196+08:00,2026-08-12,11945.0,-0.0300446609825416,-1.0,0.0,0.0276198467360057,340.1384125539098,1.0,0.320104081564343,,
2059.TW,5,2026-08-11,12315.0,2026-08-18,0.9090387674116376,0.0203771186779001,0.0705841139104624,-0.0918195854170131,11184.241805589483,-0.1686445877457666,0.2561080363977916,0.3968253968253968,0.3073941324837382,1.6024324372744494,0.1364919108387715,252,0.6150793650793651,False,2021-05-28,2026-08-04,logistic-pit-v1,technical-pit-v1,2026-08-11T22:36:59.698196+08:00,,,,,,,,,,,
2059.TW,20,2026-08-11,12315.0,2026-09-08,0.9599814712453644,0.0243827655020296,0.0156357632526059,0.0619825571541349,13078.315191353173,-0.1640646468990289,1.3242218789515787,0.365079365079365,0.2612792574656981,1.6726946998877208,0.4920518214500877,252,0.6666666666666666,False,2021-05-07,2026-07-14,logistic-pit-v1,technical-pit-v1,2026-08-11T22:36:59.698196+08:00,,,,,,,,,,,
2301.TW,1,2026-08-11,268.5,2026-08-12,0.411943670719703,0.461793756276488,0.1262625730038089,-0.0077177622484328,266.42778083629577,-0.0529067393675663,0.0411667493088492,0.4682539682539682,0.3429712135082901,0.9369388624619496,0.028727462559985,252,0.4603174603174603,False,2021-06-02,2026-08-10,logistic-pit-v1,technical-pit-v1,2026-08-11T22:36:59.698196+08:00,2026-08-12,258.0,-0.0391061452513966,-1.0,1.0,0.0313883830029638,8.427780836295767,1.0,0.1584352619901792,,
2301.TW,5,2026-08-11,268.5,2026-08-18,0.4454877147045875,0.1969048540511873,0.3576074312442253,0.0088677014421649,270.8809778372213,-0.0911057458042655,0.1155531301953482,0.4126984126984127,0.356060606060606,1.1670670244600514,0.069447303287062,252,0.4642857142857143,False,2021-05-27,2026-08-04,logistic-pit-v1,technical-pit-v1,2026-08-11T22:36:59.698196+08:00,,,,,,,,,,,
2301.TW,20,2026-08-11,268.5,2026-09-08,0.5914497979444867,0.1751692168374883,0.233380985218025,0.0816375622475134,290.41968546345737,-0.0618397050887825,0.3253340937489165,0.4325396825396825,0.356084656084656,1.308276190883061,0.1161314864538204,252,0.5,False,2021-05-06,2026-07-14,logistic-pit-v1,technical-pit-v1,2026-08-11T22:36:59.698196+08:00,,,,,,,,,,,
2303.TW,1,2026-08-11,123.0,2026-08-12,0.5460462050016198,0.2559239129153791,0.1980298820830011,-0.0009926261184475,122.87790698743096,-0.0373889716887395,0.0576599792155014,0.4801587301587302,0.3464963221060782,1.1468337612954769,0.0271121269217768,252,0.4880952380952381,False,2021-06-02,2026-08-10,logistic-pit-v1,technical-pit-v1,2026-08-11T22:36:59.698196+08:00,2026-08-12,123.0,0.0,0.0,0.0,0.0009926261184475,0.1220930125690387,1.0,0.3356065257434649,,
2303.TW,5,2026-08-11,123.0,2026-08-18,0.5779106271938431,0.0899055856081735,0.3321837871979834,0.0353108195888973,127.34323080943436,-0.025170916252227,0.2135479760660317,0.4841269841269841,0.3586309523809524,1.254221864964795,0.0679702656701492,252,0.5079365079365079,False,2021-05-27,2026-08-04,logistic-pit-v1,technical-pit-v1,2026-08-11T22:36:59.698196+08:00,,,,,,,,,,,
2303.TW,20,2026-08-11,123.0,2026-09-08,0.9967788481971592,0.0028107820133599,0.0004103697894808,0.2359468605967714,152.02146385340288,0.1188624445383245,0.720814599904923,0.2896825396825397,0.3170498084291187,2.4556927311478,0.1836227096850141,252,0.5555555555555556,False,2021-05-06,2026-07-14,logistic-pit-v1,technical-pit-v1,2026-08-11T22:36:59.698196+08:00,,,,,,,,,,,
2308.TW,1,2026-08-11,1805.0,2026-08-12,0.5212513278100172,0.3603210112171162,0.1184276609728666,-0.0002116556842047,1804.6179614900104,-0.0504856477064613,0.053006595573876,0.4404761904761904,0.3321802935010482,1.5526693667494913,0.0293677711195452,252,0.4761904761904761,False,2021-06-02,2026-08-10,logistic-pit-v1,technical-pit-v1,2026-08-11T22:36:59.698196+08:00,2026-08-12,1805.0,0.0,0.0,0.0,0.0002116556842047,0.3820385099895702,1.0,0.3929013222686674,,
2308.TW,5,2026-08-11,1805.0,2026-08-18,0.6366903469894734,0.24905831991497,0.1142513330955565,-0.0156387420576732,1776.7720705859,-0.1138658933777454,0.1435446104675533,0.5555555555555556,0.3333333333333333,3.783998339237269,0.0840319704166219,252,0.5555555555555556,False,2021-05-27,2026-08-04,logistic-pit-v1,technical-pit-v1,2026-08-11T22:36:59.698196+08:00,,,,,,,,,,,
2308.TW,20,2026-08-11,1805.0,2026-09-08,0.5324151507215866,0.3027107458113842,0.1648741034670291,0.1235204840144371,2027.95447364606,0.0843891654212872,0.5237502685184388,0.6031746031746031,0.2998027613412229,3.8365272295905246,0.2055001293367286,252,0.6706349206349206,False,2021-05-06,2026-07-14,logistic-pit-v1,technical-pit-v1,2026-08-11T22:36:59.698196+08:00,,,,,,,,,,,
2317.TW,1,2026-08-11,263.0,2026-08-12,0.489029064187056,0.4576291976417723,0.0533417381711717,0.0005519856746973,263.1451722324454,-0.0305827811540416,0.0283693808103417,0.4206349206349206,0.3111111111111111,0.9579175956628302,0.019015765270625,252,0.4761904761904761,False,2021-06-01,2026-08-10,logistic-pit-v1,technical-pit-v1,2026-08-11T22:36:59.698196+08:00,2026-08-12,269.5,0.0247148288973384,1.0,1.0,0.0241628432226411,6.354827767554582,1.0,0.1577870402703099,,
2317.TW,5,2026-08-11,263.0,2026-08-18,0.4880261637975567,0.3595943447430342,0.152379491459409,0.0043401826703162,264.1414680422932,-0.068542594973382,0.074029096480318,0.3888888888888889,0.2855436081242533,1.0459785044352383,0.0475958687177803,252,0.5,False,2021-05-26,2026-08-04,logistic-pit-v1,technical-pit-v1,2026-08-11T22:36:59.698196+08:00,,,,,,,,,,,
2317.TW,20,2026-08-11,263.0,2026-09-08,0.3498191707938149,0.5856692994800152,0.0645115297261697,0.0251041255803258,269.6023850276257,-0.115547270666122,0.1921599587457915,0.238095238095238,0.252453653217012,1.6573640475875704,0.0949797450063184,252,0.5198412698412699,False,2021-05-05,2026-07-14,logistic-pit-v1,technical-pit-v1,2026-08-11T22:36:59.698196+08:00,,,,,,,,,,,
2327.TW,1,2026-08-11,617.0,2026-08-12,0.6443316111565719,0.265193301017059,0.0904750878263691,0.0292014336387927,635.0172845551351,-0.0253161754106958,0.2245368599370871,0.4325396825396825,0.3218905472636815,1.2489176230521668,0.0696678184328469,252,0.5317460317460317,False,2021-05-12,2026-08-10,logistic-pit-v1,technical-pit-v1,2026-08-11T22:36:59.698196+08:00,2026-08-12,604.0,-0.0210696920583468,-1.0,0.0,0.0502711256971395,31.01728455513512,1.0,0.3210966171743398,,
2327.TW,5,2026-08-11,617.0,2026-08-18,0.3700321619691725,0.4780334481833335,0.1519343898474939,0.1292549221293467,696.7502869538068,0.068582122175834,0.798899957613991,0.3888888888888889,0.3456452348381213,3.416929147565733,0.2095064911592701,252,0.5396825396825397,False,2021-05-06,2026-08-04,logistic-pit-v1,technical-pit-v1,2026-08-11T22:36:59.698196+08:00,,,,,,,,,,,
2327.TW,20,2026-08-11,617.0,2026-09-08,0.9999635807024888,6.110353253926528e-06,3.0308944257198343e-05,0.3142428464225919,810.8878362427392,0.3283386419855682,1.4767948686783685,0.3174603174603174,0.3915662650602409,2.877061390902939,0.3902058923322745,252,0.6587301587301587,False,2021-04-14,2026-07-14,logistic-pit-v1,technical-pit-v1,2026-08-11T22:36:59.698196+08:00,,,,,,,,,,,
2330.TW,1,2026-08-11,2395.0,2026-08-12,0.4549053665281906,0.4355267721832663,0.1095678612885429,0.0013837241400275,2398.3140193153663,-0.0197829067819936,0.0284022800041632,0.4880952380952381,0.3481260694375448,1.0017684224188224,0.0158583308659607,252,0.4841269841269841,False,2021-06-02,2026-08-10,logistic-pit-v1,technical-pit-v1,2026-08-11T22:36:59.698196+08:00,2026-08-12,2410.0,0.0062630480167014,1.0,1.0,0.0048793238766739,11.685980684633703,1.0,0.1662722816518288,,
2330.TW,5,2026-08-11,2395.0,2026-08-18,0.4400620820765681,0.3308990247643387,0.229038893159093,0.0107652190258496,2420.7826995669097,-0.0258520526008783,0.0763497193906335,0.5317460317460317,0.3333333333333333,1.1212916779446362,0.0327570362512962,252,0.5317460317460317,False,2021-05-27,2026-08-04,logistic-pit-v1,technical-pit-v1,2026-08-11T22:36:59.698196+08:00,,,,,,,,,,,
2330.TW,20,2026-08-11,2395.0,2026-09-08,0.5160350691320204,0.2047504142424677,0.2792145166255119,0.0652057164299707,2551.16769084978,0.010368796894173,0.2377792351213478,0.3412698412698413,0.2037037037037037,1.166292890317617,0.0807406418114784,252,0.6587301587301587,False,2021-05-06,2026-07-14,logistic-pit-v1,technical-pit-v1,2026-08-11T22:36:59.698196+08:00,,,,,,,,,,,
2344.TW,1,2026-08-11,178.0,2026-08-12,0.5446683018410318,0.4219412916772271,0.0333904064817411,0.0051519638270865,178.9170495612214,-0.0404315027306999,0.1345277237909392,0.4325396825396825,0.3120532813515269,0.9508744252760876,0.0601936092282476,252,0.5277777777777778,False,2021-06-02,2026-08-10,logistic-pit-v1,technical-pit-v1,2026-08-11T22:36:59.698196+08:00,2026-08-12,175.5,-0.0140449438202246,-1.0,0.0,0.0191969076473111,3.417049561221404,1.0,0.2106434495144006,,
2344.TW,5,2026-08-11,178.0,2026-08-18,0.479567662881417,0.412750422063363,0.10768191505522,0.0756152362525349,191.4595120529512,0.0039612860670629,0.5003269972225501,0.5119047619047619,0.2934640522875817,2.2499149630528774,0.1941472897010801,252,0.5952380952380952,False,2021-05-27,2026-08-04,logistic-pit-v1,technical-pit-v1,2026-08-11T22:36:59.698196+08:00,,,,,,,,,,,
2344.TW,20,2026-08-11,178.0,2026-09-08,0.9942065570858868,0.0020680243518486,0.0037254185622645,0.457038543642133,259.35286076829965,0.3641818636595424,1.350192104950191,0.5158730158730159,0.3189168731076245,1.282821197378385,0.4743844872671718,252,0.6865079365079365,False,2021-05-06,2026-07-14,logistic-pit-v1,technical-pit-v1,2026-08-11T22:36:59.698196+08:00,,,,,,,,,,,
2345.TW,1,2026-08-11,2135.0,2026-08-12,0.495431287452672,0.3624160472235812,0.1421526653237466,0.0110013268796955,2158.48783288815,-0.0388583262954875,0.0610104243537243,0.4563492063492063,0.312048048048048,1.188628191810678,0.0320203762360689,252,0.496031746031746,False,2021-06-02,2026-08-10,logistic-pit-v1,technical-pit-v1,2026-08-11T22:36:59.698196+08:00,2026-08-12,2220.0,0.0398126463700234,1.0,1.0,0.0288113194903279,61.512167111849976,1.0,0.135380785741826,,
2345.TW,5,2026-08-11,2135.0,2026-08-18,0.6305668755120838,0.2793328165447617,0.0901003079431545,0.0913010624068751,2329.9277682386783,-0.0210783035883716,0.2189567750186482,0.3452380952380952,0.325,2.341425938880983,0.0745209555809676,252,0.5158730158730159,False,2021-05-27,2026-08-04,logistic-pit-v1,technical-pit-v1,2026-08-11T22:36:59.698196+08:00,,,,,,,,,,,
2345.TW,20,2026-08-11,2135.0,2026-09-08,0.9971232870535052,0.0027746083719021,0.0001021045745927,0.2641805595369449,2699.0254946113773,0.1034443468836944,0.544014548856927,0.4722222222222222,0.3500242357385215,1.2970384494387843,0.142964259146019,252,0.5873015873015873,False,2021-05-06,2026-07-14,logistic-pit-v1,technical-pit-v1,2026-08-11T22:36:59.698196+08:00,,,,,,,,,,,
2357.TW,1,2026-08-11,839.0,2026-08-12,0.4315510244731417,0.4028815910208113,0.165567384506047,0.0015952541317337,840.3384182165246,-0.0219719412095947,0.0272003087246506,0.4007936507936508,0.3208616780045351,1.053388981301648,0.0168318708264625,252,0.4166666666666667,False,2021-06-02,2026-08-10,logistic-pit-v1,technical-pit-v1,2026-08-11T22:36:59.698196+08:00,2026-08-12,852.0,0.0154946364719905,1.0,1.0,0.0138993823402568,11.661581783475413,1.0,0.1709534576577227,,
2357.TW,5,2026-08-11,839.0,2026-08-18,0.4527926168542763,0.353124629494031,0.1940827536516925,-7.029827072232292e-05,838.9410197508639,-0.0579298992935032,0.0759218726689247,0.4206349206349206,0.3219542362399505,1.040867391926548,0.0437130615168549,252,0.4365079365079365,False,2021-05-27,2026-08-04,logistic-pit-v1,technical-pit-v1,2026-08-11T22:36:59.698196+08:00,,,,,,,,,,,
2357.TW,20,2026-08-11,839.0,2026-09-08,0.4170379916253034,0.2661627275965233,0.3167992807781733,-0.0123920129153522,828.6031011640194,-0.1715224473100352,0.177792217029563,0.4880952380952381,0.3694052594914663,1.1219302421728894,0.1008474528022339,252,0.4603174603174603,True,2021-05-06,2026-07-14,logistic-pit-v1,technical-pit-v1,2026-08-11T22:36:59.698196+08:00,,,,,,,,,,,
2360.TW,1,2026-08-11,2080.0,2026-08-12,0.4180228454900308,0.4578553282991319,0.1241218262108373,-0.0007879031367101,2078.361161475643,-0.0505766048578425,0.0550395683498226,0.4484126984126984,0.3048727588201272,1.1818158439674458,0.0329008975426371,252,0.5277777777777778,False,2021-06-02,2026-08-10,logistic-pit-v1,technical-pit-v1,2026-08-11T22:36:59.698196+08:00,2026-08-12,2220.0,0.0673076923076922,1.0,0.0,0.0680955954444023,141.6388385243572,0.0,0.1879117125884466,,
2360.TW,5,2026-08-11,2080.0,2026-08-18,0.422380728638368,0.3925191911034554,0.1851000802581765,-0.020793404008225,2036.749719662892,-0.1228056863093219,0.1254899329579773,0.3849206349206349,0.2833833833833833,1.5527612374895736,0.073775578348603,252,0.6071428571428571,False,2021-05-27,2026-08-04,logistic-pit-v1,technical-pit-v1,2026-08-11T22:36:59.698196+08:00,,,,,,,,,,,
2360.TW,20,2026-08-11,2080.0,2026-09-08,0.1771801871810948,0.6070856926654992,0.2157341201534059,0.0460449544065807,2175.773505165688,-0.5844791228617919,0.5739896079416841,0.2857142857142857,0.303003003003003,2.07255556936686,0.3378287262449894,252,0.7341269841269841,False,2021-05-06,2026-07-14,logistic-pit-v1,technical-pit-v1,2026-08-11T22:36:59.698196+08:00,,,,,,,,,,,
2368.TW,1,2026-08-11,964.0,2026-08-12,0.5119043154112575,0.3740000934273116,0.1140955911614309,0.0086678665642704,972.3558233679568,-0.0382451641462669,0.0738589476793138,0.503968253968254,0.3182957393483709,0.9538684882096126,0.0337288604860095,252,0.5277777777777778,False,2021-05-25,2026-08-10,logistic-pit-v1,technical-pit-v1,2026-08-11T22:36:59.698196+08:00,2026-08-12,1010.0,0.0477178423236515,1.0,1.0,0.0390499757593811,37.64417663204324,1.0,0.1303770903734225,,
2368.TW,5,2026-08-11,964.0,2026-08-18,0.8527247181469813,0.0941002205367896,0.0531750613162291,0.0722252829462329,1033.6251727601684,-0.0336970197127334,0.2232136904180917,0.5079365079365079,0.330749354005168,1.8763693972106368,0.0804930938207838,252,0.5119047619047619,False,2021-05-19,2026-08-04,logistic-pit-v1,technical-pit-v1,2026-08-11T22:36:59.698196+08:00,,,,,,,,,,,
2368.TW,20,2026-08-11,964.0,2026-09-08,0.6171751187471191,0.2185738765142739,0.164251004738607,0.154195109052138,1112.6440851262612,0.0863311770908777,0.6611888250863288,0.492063492063492,0.3152430391694195,1.6362443594457157,0.2881053247333298,252,0.6468253968253969,False,2021-04-27,2026-07-14,logistic-pit-v1,technical-pit-v1,2026-08-11T22:36:59.698196+08:00,,,,,,,,,,,
2382.TW,1,2026-08-11,315.5,2026-08-12,0.3706211773811806,0.4414594099103284,0.187919412708491,0.0062383664691469,317.4682046210159,-0.0190331236245733,0.0340274267929381,0.3253968253968254,0.2525936722970076,1.027611165569044,0.01775682715393,252,0.4325396825396825,False,2021-06-02,2026-08-10,logistic-pit-v1,technical-pit-v1,2026-08-11T22:36:59.698196+08:00,2026-08-12,323.0,0.0237717908082408,1.0,0.0,0.0175334243390939,5.5317953789841,1.0,0.2087726062107102,,
2382.TW,5,2026-08-11,315.5,2026-08-18,0.4660434390637793,0.3773960553942882,0.1565605055419324,0.0331972484588265,325.9737318887598,-0.0342393389139899,0.0898121491595265,0.4642857142857143,0.3275917065390749,1.089531058779159,0.0427671763256249,252,0.4801587301587302,False,2021-05-27,2026-08-04,logistic-pit-v1,technical-pit-v1,2026-08-11T22:36:59.698196+08:00,,,,,,,,,,,
2382.TW,20,2026-08-11,315.5,2026-09-08,0.1902520227968565,0.5571287849718379,0.2526191922313055,0.0893492829250776,343.689698762862,-0.007030921172471,0.227542204513958,0.2579365079365079,0.3020000902975303,1.5218920765163868,0.0681823232509426,252,0.4246031746031746,False,2021-05-06,2026-07-14,logistic-pit-v1,technical-pit-v1,2026-08-11T22:36:59.698196+08:00,,,,,,,,,,,
2383.TW,1,2026-08-11,5535.0,2026-08-12,0.3954434725206171,0.4986804204635649,0.1058761070158179,0.0087817185471067,5583.606812158235,-0.0238527840438347,0.0889671964383567,0.4444444444444444,0.3354407383184362,1.240321229739953,0.03873446214357,252,0.5515873015873016,False,2021-06-02,2026-08-10,logistic-pit-v1,technical-pit-v1,2026-08-11T22:36:59.698196+08:00,2026-08-12,5690.0,0.0280036133694669,1.0,0.0,0.0192218948223602,106.3931878417652,1.0,0.2084601689028242,,
2383.TW,5,2026-08-11,5535.0,2026-08-18,0.7200852060660088,0.1293558436241794,0.1505589503098117,0.0515638391130314,5820.405849490629,-0.0044327619883636,0.2465515297216153,0.5793650793650794,0.3373983739837398,1.7484119826638511,0.0949963869251417,252,0.5753968253968254,False,2021-05-27,2026-08-04,logistic-pit-v1,technical-pit-v1,2026-08-11T22:36:59.698196+08:00,,,,,,,,,,,
2383.TW,20,2026-08-11,5535.0,2026-09-08,0.7367325967988071,0.2086456874987058,0.054621715702487,0.1764149176215495,6511.4565690352765,0.2425875551991871,1.7380817640624608,0.5317460317460317,0.3422861433604805,2.2679916478876865,0.6136437840946639,252,0.7896825396825397,False,2021-05-06,2026-07-14,logistic-pit-v1,technical-pit-v1,2026-08-11T22:36:59.698196+08:00,,,,,,,,,,,
2395.TW,1,2026-08-11,661.0,2026-08-12,0.2608627755862936,0.613297545628798,0.1258396787849083,-0.0012685958575261,660.1614581381752,-0.0256404505611333,0.0274511606450667,0.4166666666666667,0.3274190756447983,1.048178832698821,0.0183070040151227,252,0.4325396825396825,False,2021-06-02,2026-08-10,logistic-pit-v1,technical-pit-v1,2026-08-11T22:36:59.698196+08:00,2026-08-12,696.0,0.0529500756429652,1.0,0.0,0.0542186715004913,35.83854186182475,0.0,0.3127644469149981,,
2395.TW,5,2026-08-11,661.0,2026-08-18,0.3295734480664167,0.3898163953683702,0.2806101565652131,0.011755773681606,668.7705664035416,-0.0430662438822663,0.1044982112330766,0.3888888888888889,0.3417508417508417,1.1442397482231017,0.0443781957120423,252,0.3928571428571428,False,2021-05-27,2026-08-04,logistic-pit-v1,technical-pit-v1,2026-08-11T22:36:59.698196+08:00,,,,,,,,,,,
2395.TW,20,2026-08-11,661.0,2026-09-08,0.4314776411998532,0.2884231441287812,0.2800992146713656,0.0427129717363344,689.233274317717,-0.0452767724756218,0.2888000057759554,0.3095238095238095,0.2547092547092547,1.1851377493771047,0.0953603692889704,252,0.4404761904761904,False,2021-05-06,2026-07-14,logistic-pit-v1,technical-pit-v1,2026-08-11T22:36:59.698196+08:00,,,,,,,,,,,
2408.TW,1,2026-08-11,489.0,2026-08-12,0.4908628966310451,0.4698919898114103,0.0392451135575446,-0.0211625910888795,478.6514929575379,-0.0649412143584423,0.1085770625650145,0.4841269841269841,0.3331880900508351,1.3228724017325155,0.0644277906670301,252,0.5357142857142857,False,2021-06-02,2026-08-10,logistic-pit-v1,technical-pit-v1,2026-08-11T22:36:59.698196+08:00,2026-08-12,481.5,-0.0153374233128834,-1.0,0.0,0.005825167775996,2.8485070424620744,1.0,0.1745003548977568,,
2408.TW,5,2026-08-11,489.0,2026-08-18,0.2410943013614749,0.7123201810973023,0.0465855175412226,-0.0336377192175896,472.55115530259866,-0.1132170583074243,0.4375941163452265,0.3849206349206349,0.3416179337231969,2.640096700465705,0.2466709262583646,252,0.6428571428571429,False,2021-05-27,2026-08-04,logistic-pit-v1,technical-pit-v1,2026-08-11T22:36:59.698196+08:00,,,,,,,,,,,
2408.TW,20,2026-08-11,489.0,2026-09-08,0.3699745743460432,0.4714104429434729,0.1586149827104838,0.2098747841020895,591.6287694259219,0.0247001801345358,0.8361760563837337,0.5436507936507936,0.3013035381750465,2.5833510413727803,0.2925821341593164,252,0.7103174603174603,False,2021-05-06,2026-07-14,logistic-pit-v1,technical-pit-v1,2026-08-11T22:36:59.698196+08:00,,,,,,,,,,,
2412.TW,1,2026-08-11,136.0,2026-08-12,0.3793252427760951,0.3845274293295484,0.2361473278943565,0.0003143192128641,136.04274741294952,-0.007412947643719,0.0083958250622625,0.4087301587301587,0.3458585858585858,1.065546697957968,0.005636797220995,252,0.3968253968253968,False,2021-06-02,2026-08-10,logistic-pit-v1,technical-pit-v1,2026-08-11T22:36:59.698196+08:00,2026-08-12,135.5,-0.0036764705882352,-1.0,1.0,0.0039907898010993,0.5427474129495238,1.0,0.192819895175494,,
2412.TW,5,2026-08-11,136.0,2026-08-18,0.2243580142560401,0.140228471318148,0.6354135144258117,0.0040567628186264,136.55171974333322,-0.0136207084263286,0.0215508703457189,0.5317460317460317,0.3333333333333333,1.0407956486079588,0.0112842833447273,252,0.5317460317460317,False,2021-05-27,2026-08-04,logistic-pit-v1,technical-pit-v1,2026-08-11T22:36:59.698196+08:00,,,,,,,,,,,
2412.TW,20,2026-08-11,136.0,2026-09-08,0.045336460240221,0.0077901556771481,0.9468733840826308,0.0190449175668898,138.59010878909703,-0.0025024861007488,0.049314599877557,0.8055555555555556,0.3333333333333333,0.6062490401598917,0.0178537351493899,252,0.8055555555555556,False,2021-05-06,2026-07-14,logistic-pit-v1,technical-pit-v1,2026-08-11T22:36:59.698196+08:00,,,,,,,,,,,
2449.TW,1,2026-08-11,246.0,2026-08-12,0.3385535751103625,0.5999953895095609,0.0614510353800767,0.0071911945229865,247.7690338526547,-0.0552526928391965,0.0892707928304385,0.4880952380952381,0.3488505747126436,1.015138193649421,0.0428369162905912,252,0.4761904761904761,False,2021-06-01,2026-08-10,logistic-pit-v1,technical-pit-v1,2026-08-11T22:36:59.698196+08:00,2026-08-12,258.5,0.0508130081300812,1.0,0.0,0.0436218136070947,10.7309661473453,1.0,0.2670940233937653,,
2449.TW,5,2026-08-11,246.0,2026-08-18,0.3015881335772866,0.5073276052486769,0.1910842611740365,0.0068597732394406,247.6875042169024,-0.0642807481316588,0.1779153862085464,0.2619047619047619,0.392462736586767,1.3370745111057742,0.0832321268702356,252,0.5396825396825397,False,2021-05-26,2026-08-04,logistic-pit-v1,technical-pit-v1,2026-08-11T22:36:59.698196+08:00,,,,,,,,,,,
2449.TW,20,2026-08-11,246.0,2026-09-08,0.1192974288490044,0.6760057017478576,0.2046968694031379,0.0212536772119773,251.22840459414644,-0.0134146142978005,0.3662026845398103,0.238095238095238,0.3408097375496383,1.6697913522656516,0.1908664224936479,252,0.6587301587301587,False,2021-05-05,2026-07-14,logistic-pit-v1,technical-pit-v1,2026-08-11T22:36:59.698196+08:00,,,,,,,,,,,
2454.TW,1,2026-08-11,4020.0,2026-08-12,0.56067617293184,0.3798534653555046,0.0594703617126552,-0.0027440171063412,4008.969051232508,-0.0314814168890937,0.061516254328226,0.4761904761904761,0.3518633540372671,1.0104203967751637,0.030615009371173,252,0.4563492063492063,False,2021-06-02,2026-08-10,logistic-pit-v1,technical-pit-v1,2026-08-11T22:36:59.698196+08:00,2026-08-12,4000.0,-0.0049751243781094,-1.0,0.0,0.0022311072717682,8.969051232507809,1.0,0.2341587397491016,,
2454.TW,5,2026-08-11,4020.0,2026-08-18,0.4509157024519541,0.3729070659431329,0.176177231604913,0.0388935590636306,4176.352107435795,-0.024421301609958,0.2889448299597305,0.3968253968253968,0.2743503905627292,1.1489644842194555,0.0950657765823573,252,0.4880952380952381,False,2021-05-27,2026-08-04,logistic-pit-v1,technical-pit-v1,2026-08-11T22:36:59.698196+08:00,,,,,,,,,,,
2454.TW,20,2026-08-11,4020.0,2026-09-08,0.4058964864105688,0.2874777896480945,0.3066257239413366,0.1432774020631906,4595.975156294026,0.0453146725649647,0.8138020308794174,0.2817460317460317,0.3144463063817902,1.362025889474516,0.2246201438889615,252,0.492063492063492,False,2021-05-06,2026-07-14,logistic-pit-v1,technical-pit-v1,2026-08-11T22:36:59.698196+08:00,,,,,,,,,,,
2603.TW,1,2026-08-11,218.0,2026-08-12,0.4356963546160913,0.3957014834243595,0.168602161959549,0.0020008901066436,218.43619404324832,-0.0147694156456382,0.021288513301795,0.373015873015873,0.3366809116809117,1.083105962715574,0.0122350023446731,252,0.4126984126984127,False,2021-05-24,2026-08-10,logistic-pit-v1,technical-pit-v1,2026-08-11T22:36:59.698196+08:00,2026-08-12,214.0,-0.018348623853211,-1.0,0.0,0.0203495139598546,4.436194043248321,0.0,0.1944782331929014,,
2603.TW,5,2026-08-11,218.0,2026-08-18,0.3949885189266602,0.3613587311877576,0.2436527498855822,0.0019437206622232,218.42373110436463,-0.0391883725693726,0.0463670358161006,0.3452380952380952,0.3258986928104575,1.1186599633462186,0.0284259779339057,252,0.3809523809523809,False,2021-05-18,2026-08-04,logistic-pit-v1,technical-pit-v1,2026-08-11T22:36:59.698196+08:00,,,,,,,,,,,
2603.TW,20,2026-08-11,218.0,2026-09-08,0.4293635480082994,0.3869354034911546,0.183701048500546,-0.0358052245518587,210.1944610476948,-0.111911786185366,0.075517746782493,0.3611111111111111,0.3333333333333333,1.2715902788699938,0.0611743551107747,252,0.3611111111111111,False,2021-04-26,2026-07-14,logistic-pit-v1,technical-pit-v1,2026-08-11T22:36:59.698196+08:00,,,,,,,,,,,
2880.TW,1,2026-08-11,43.650001525878906,2026-08-12,0.436711239304119,0.3345193059975347,0.2287694546983463,-0.0015800182086671,43.58103372865967,-0.0165495245014573,0.0214696046648496,0.3492063492063492,0.3053097345132743,1.1477984820164793,0.0121460087926947,252,0.4484126984126984,False,2021-06-02,2026-08-10,logistic-pit-v1,technical-pit-v1,2026-08-11T22:36:59.698196+08:00,2026-08-12,43.54999923706055,-0.0022910031001733,0.0,0.0,0.0007109848915062,0.0310344915991223,1.0,0.2991388088752992,,
2880.TW,5,2026-08-11,43.650001525878906,2026-08-18,0.6583972704002122,0.1025139869880994,0.2390887426116882,0.0002226759322103,43.659721330659664,-0.0301137288199058,0.0582798977172328,0.3531746031746032,0.3527596697088223,1.2527202923478162,0.0298077912529592,252,0.4682539682539682,False,2021-05-27,2026-08-04,logistic-pit-v1,technical-pit-v1,2026-08-11T22:36:59.698196+08:00,,,,,,,,,,,
2880.TW,20,2026-08-11,43.650001525878906,2026-09-08,0.4690226203601325,0.3018007839974016,0.2291765956424657,0.0061584322779441,43.9188171042082,-0.035122096909225,0.1661189685655389,0.3571428571428571,0.3148098273333932,1.6055648277581651,0.061396144867948,252,0.5595238095238095,False,2021-05-06,2026-07-14,logistic-pit-v1,technical-pit-v1,2026-08-11T22:36:59.698196+08:00,,,,,,,,,,,
2881.TW,1,2026-08-11,128.0,2026-08-12,0.4365063828081585,0.3890196049911149,0.1744740122007264,0.0032810992663213,128.41998070608912,-0.013379777219759,0.0221254621916295,0.4484126984126984,0.3527269647696476,0.9955366088602788,0.0124669957421797,252,0.4880952380952381,False,2021-06-02,2026-08-10,logistic-pit-v1,technical-pit-v1,2026-08-11T22:36:59.698196+08:00,2026-08-12,127.5,-0.00390625,-1.0,0.0,0.0071873492663213,0.9199807060891204,1.0,0.198092015416965,,
2881.TW,5,2026-08-11,128.0,2026-08-18,0.3440082468793561,0.2704564665393891,0.3855352865812547,0.0095599900113323,129.22367872145054,-0.0209175599475591,0.0577622906222995,0.3452380952380952,0.358514806843432,1.1196666685282308,0.0280931494008568,252,0.4444444444444444,False,2021-05-27,2026-08-04,logistic-pit-v1,technical-pit-v1,2026-08-11T22:36:59.698196+08:00,,,,,,,,,,,
2881.TW,20,2026-08-11,128.0,2026-09-08,0.0628735703243593,0.2313246130391107,0.70580181663653,0.0286786283416678,131.67086442773348,-0.0454588322888501,0.1497000355118771,0.4087301587301587,0.3517964949299572,1.368297994908145,0.0662970651354508,252,0.4801587301587302,False,2021-05-06,2026-07-14,logistic-pit-v1,technical-pit-v1,2026-08-11T22:36:59.698196+08:00,,,,,,,,,,,
2882.TW,1,2026-08-11,99.5999984741211,2026-08-12,0.4349971267775458,0.3618404698522273,0.2031624033702268,0.0038190132299245,99.98037218599424,-0.0149157533341591,0.0221707337052204,0.4682539682539682,0.333664648655161,1.0262930771537224,0.0132357754637635,252,0.4722222222222222,False,2021-06-02,2026-08-10,logistic-pit-v1,technical-pit-v1,2026-08-11T22:36:59.698196+08:00,2026-08-12,99.5,-0.001004000759569,0.0,0.0,0.0048230139894935,0.4803721859942413,1.0,0.3183670604434379,,
2882.TW,5,2026-08-11,99.5999984741211,2026-08-18,0.3830420509808903,0.3291802470292064,0.2877777019899032,0.0115730487268761,100.75267410965888,-0.0192433671349203,0.068842772041955,0.3492063492063492,0.3197992629185289,1.146435438225305,0.0293325233307721,252,0.4325396825396825,False,2021-05-27,2026-08-04,logistic-pit-v1,technical-pit-v1,2026-08-11T22:36:59.698196+08:00,,,,,,,,,,,
2882.TW,20,2026-08-11,99.5999984741211,2026-09-08,0.1328833324205597,0.5422324878787025,0.3248841797007377,0.0307014742159583,102.65786525918382,-0.0394574066954146,0.1767926007680345,0.1904761904761904,0.218998673740053,1.9244211633721784,0.0666173477269828,252,0.4603174603174603,False,2021-05-06,2026-07-14,logistic-pit-v1,technical-pit-v1,2026-08-11T22:36:59.698196+08:00,,,,,,,,,,,
2883.TW,1,2026-08-11,31.049999237060547,2026-08-12,0.3695528191452224,0.3963522409989107,0.2340949398558668,0.001451166176831,31.095057945744,-0.0142835233484478,0.024622755024747,0.3373015873015873,0.2881170375102027,1.069094375209782,0.0131387019779077,252,0.4761904761904761,False,2021-06-02,2026-08-10,logistic-pit-v1,technical-pit-v1,2026-08-11T22:36:59.698196+08:00,2026-08-12,31.100000381469727,0.0016103428546787,0.0,0.0,0.0001591766778477,0.0049424357257272,1.0,0.2934249820791428,,
2883.TW,5,2026-08-11,31.049999237060547,2026-08-18,0.3958160031006994,0.377623337324991,0.2265606595743095,0.0147154665614673,31.506914462567096,-0.0128031533390334,0.0797950190534717,0.496031746031746,0.3737994032111679,1.1123113741361093,0.0301329246506788,252,0.4722222222222222,True,2021-05-27,2026-08-04,logistic-pit-v1,technical-pit-v1,2026-08-11T22:36:59.698196+08:00,,,,,,,,,,,
2883.TW,20,2026-08-11,31.049999237060547,2026-09-08,0.4421039831585753,0.2506000602688414,0.3072959565725831,0.0702580563781459,33.231511833999335,0.030917432029087,0.2293480068588739,0.3095238095238095,0.3237945492662474,1.1645911494067032,0.071100121675137,252,0.6309523809523809,False,2021-05-06,2026-07-14,logistic-pit-v1,technical-pit-v1,2026-08-11T22:36:59.698196+08:00,,,,,,,,,,,
2884.TW,1,2026-08-11,36.900001525878906,2026-08-12,0.424090547937371,0.3072174131418201,0.2686920389208088,-0.0004330404265547,36.88402233347827,-0.0142949143108237,0.0137603509214834,0.4484126984126984,0.3445512820512821,1.0842820470577914,0.0090601843020465,252,0.4444444444444444,False,2021-06-01,2026-08-10,logistic-pit-v1,technical-pit-v1,2026-08-11T22:36:59.698196+08:00,2026-08-12,36.650001525878906,-0.0067750674705167,-1.0,0.0,0.006342027043962,0.2340208075993644,1.0,0.2439986390943841,,
2884.TW,5,2026-08-11,36.900001525878906,2026-08-18,0.6968900414163333,0.0683289036837504,0.2347810548999163,-0.0048519436962326,36.720964796084445,-0.0329647301897818,0.0380528250354787,0.3928571428571428,0.3495934959349593,1.233250325157607,0.0224731191824956,252,0.376984126984127,False,2021-05-26,2026-08-04,logistic-pit-v1,technical-pit-v1,2026-08-11T22:36:59.698196+08:00,,,,,,,,,,,
2884.TW,20,2026-08-11,36.900001525878906,2026-09-08,0.3231842835988502,0.339364871329969,0.3374508450711806,-0.0067177767541862,36.65211555339892,-0.0810208735999377,0.0953912343710366,0.4126984126984127,0.3464492014950731,1.1846548587001826,0.0547060209999094,252,0.4325396825396825,False,2021-05-05,2026-07-14,logistic-pit-v1,technical-pit-v1,2026-08-11T22:36:59.698196+08:00,,,,,,,,,,,
2885.TW,1,2026-08-11,68.4000015258789,2026-08-12,0.4284285675847126,0.3541338557684957,0.2174375766467916,-0.0015524158957329,68.29381627624197,-0.0172021546683368,0.0225222521983241,0.4722222222222222,0.3389355742296918,1.0805739829154348,0.0130278148892886,252,0.4722222222222222,False,2021-06-02,2026-08-10,logistic-pit-v1,technical-pit-v1,2026-08-11T22:36:59.698196+08:00,2026-08-12,68.0999984741211,-0.0043860094307791,-1.0,0.0,0.0028335935350462,0.1938178021208756,1.0,0.2159910711750628,,
2885.TW,5,2026-08-11,68.4000015258789,2026-08-18,0.4561007485731641,0.3371371685288719,0.206762082897964,0.0011645285627016,68.47965528134462,-0.0124830763021434,0.0776770468097,0.2976190476190476,0.2708328388486181,1.2901532806224163,0.0311384892590717,252,0.5476190476190477,False,2021-05-27,2026-08-04,logistic-pit-v1,technical-pit-v1,2026-08-11T22:36:59.698196+08:00,,,,,,,,,,,
2885.TW,20,2026-08-11,68.4000015258789,2026-09-08,0.4918455000488493,0.3419855016922203,0.1661689982589304,0.0392012593294888,71.08136772383232,0.0236027932322345,0.1771687770698109,0.4365079365079365,0.3541514041514041,1.3549774383241664,0.0649509993467827,252,0.7222222222222222,False,2021-05-06,2026-07-14,logistic-pit-v1,technical-pit-v1,2026-08-11T22:36:59.698196+08:00,,,,,,,,,,,
2886.TW,1,2026-08-11,49.400001525878906,2026-08-12,0.4742137697308448,0.2746330997850061,0.251153130484149,0.0055320121120254,49.67328293265415,-0.0051302619602354,0.018215302000187,0.376984126984127,0.3411538706652464,1.0956823619583484,0.0082060850036929,252,0.373015873015873,False,2021-06-02,2026-08-10,logistic-pit-v1,technical-pit-v1,2026-08-11T22:36:59.698196+08:00,2026-08-12,48.84999847412109,-0.0111336646714411,-1.0,0.0,0.0166656767834665,0.8232844585330668,0.0,0.2713712447606118,,
2886.TW,5,2026-08-11,49.400001525878906,2026-08-18,0.2635007303817882,0.6263681882967458,0.110131081321466,0.0071223432119654,49.75184529141783,-0.0167329464832759,0.0472320617391842,0.5,0.4496964338343649,1.0774471636099603,0.0183891651367493,252,0.3968253968253968,True,2021-05-27,2026-08-04,logistic-pit-v1,technical-pit-v1,2026-08-11T22:36:59.698196+08:00,,,,,,,,,,,
2886.TW,20,2026-08-11,49.400001525878906,2026-09-08,0.0071316525183521,0.002857385048584,0.990010962433064,0.0195473191090607,50.36563911969335,-0.0207538618133991,0.1451450022609761,0.6984126984126984,0.4357366771159874,0.846636442104404,0.0421847293427073,252,0.623015873015873,True,2021-05-06,2026-07-14,logistic-pit-v1,technical-pit-v1,2026-08-11T22:36:59.698196+08:00,,,,,,,,,,,
2887.TW,1,2026-08-11,35.54999923706055,2026-08-12,0.5549397001915389,0.3355307665705118,0.1095295332379492,0.0042714157490087,35.70184806367897,-0.0079764888631944,0.0440840733720594,0.3849206349206349,0.3437119610481132,1.1784958570752615,0.0167563170800515,252,0.4801587301587302,False,2021-06-01,2026-08-10,logistic-pit-v1,technical-pit-v1,2026-08-11T22:36:59.698196+08:00,2026-08-12,35.54999923706055,0.0,0.0,0.0,0.0042714157490087,0.1518488266184263,1.0,0.404492206113165,,
2887.TW,5,2026-08-11,35.54999923706055,2026-08-18,0.4159452922836563,0.2494144669248736,0.33464024079147,0.0187034862250599,36.2149081580918,-0.008642277138821,0.1463726300543654,0.2738095238095238,0.305025261290447,1.2168207502829629,0.0465784896751403,252,0.5119047619047619,False,2021-05-26,2026-08-04,logistic-pit-v1,technical-pit-v1,2026-08-11T22:36:59.698196+08:00,,,,,,,,,,,
2887.TW,20,2026-08-11,35.54999923706055,2026-09-08,0.133881812579909,0.3514877488534082,0.5146304385666827,0.0451937319966396,37.156636375061005,-0.005044455487049,0.3719240911788434,0.3333333333333333,0.34209229390681,1.8275264156188884,0.110207063935846,252,0.6349206349206349,False,2021-05-05,2026-07-14,logistic-pit-v1,technical-pit-v1,2026-08-11T22:36:59.698196+08:00,,,,,,,,,,,
2890.TW,1,2026-08-11,39.04999923706055,2026-08-12,0.3717914117352605,0.3776715709602399,0.2505370173044995,-0.0027916700959816,38.94098452194234,-0.0161284918870706,0.0160737201959965,0.3293650793650793,0.3017123534067199,1.08064479393764,0.0111163136559595,252,0.4484126984126984,False,2021-06-02,2026-08-10,logistic-pit-v1,technical-pit-v1,2026-08-11T22:36:59.698196+08:00,2026-08-12,39.79999923706055,0.0192061463419495,1.0,0.0,0.0219978164379311,0.8590147151182066,0.0,0.2000168809736625,,
2890.TW,5,2026-08-11,39.04999923706055,2026-08-18,0.2916305967798279,0.3054311369496497,0.4029382662705223,-0.0007072611845614,39.02238068834302,-0.0286144502605718,0.0504798061505252,0.3333333333333333,0.310365416766181,1.2303066881953155,0.0267498751180855,252,0.4206349206349206,False,2021-05-27,2026-08-04,logistic-pit-v1,technical-pit-v1,2026-08-11T22:36:59.698196+08:00,,,,,,,,,,,
2890.TW,20,2026-08-11,39.04999923706055,2026-09-08,0.165943010990984,0.2671177738693645,0.5669392151396514,-0.0040932003159107,38.890159767847095,-0.0380121537210476,0.1206893337248352,0.3809523809523809,0.318589025755879,1.809653437992249,0.0574003703047136,252,0.5277777777777778,False,2021-05-06,2026-07-14,logistic-pit-v1,technical-pit-v1,2026-08-11T22:36:59.698196+08:00,,,,,,,,,,,
2891.TW,1,2026-08-11,66.80000305175781,2026-08-12,0.4396836548049658,0.2878911357634204,0.2724252094316138,0.0027252894947027,66.98205239832087,-0.013405187391285,0.0190033913620948,0.4285714285714285,0.3373015873015872,1.0720442014501497,0.0111564163394254,252,0.4246031746031746,False,2021-06-02,2026-08-10,logistic-pit-v1,technical-pit-v1,2026-08-11T22:36:59.698196+08:00,2026-08-12,66.30000305175781,-0.0074850295981662,-1.0,0.0,0.0102103190928689,0.6820493465630619,1.0,0.2582120818536075,,
2891.TW,5,2026-08-11,66.80000305175781,2026-08-18,0.3835859570610353,0.1362485506274383,0.4801654923115265,0.0200848112096618,68.14166850185721,-0.009297456296327,0.0600231528091391,0.4087301587301587,0.3391949848475215,1.1446075858145872,0.024144385507456,252,0.4246031746031746,False,2021-05-27,2026-08-04,logistic-pit-v1,technical-pit-v1,2026-08-11T22:36:59.698196+08:00,,,,,,,,,,,
2891.TW,20,2026-08-11,66.80000305175781,2026-09-08,0.4298142288918843,0.2325994653173017,0.337586305790814,0.0523775786659855,70.29882546648933,-0.0014291964702203,0.1873152116045995,0.5079365079365079,0.3808641975308642,1.4732241091895584,0.0566913188530761,252,0.4761904761904761,True,2021-05-06,2026-07-14,logistic-pit-v1,technical-pit-v1,2026-08-11T22:36:59.698196+08:00,,,,,,,,,,,
2892.TW,1,2026-08-11,32.70000076293945,2026-08-12,0.276106565609414,0.4768946052219609,0.2469988291686249,-0.0074423539890818,32.45663578181841,-0.0361374991369819,0.0215701555715371,0.5753968253968254,0.4426662174303684,0.9385607726770724,0.0187531005778016,252,0.4444444444444444,True,2021-06-02,2026-08-10,logistic-pit-v1,technical-pit-v1,2026-08-11T22:36:59.698196+08:00,2026-08-12,32.849998474121094,0.0045870858618339,1.0,0.0,0.0120294398509157,0.3933626923026807,1.0,0.2708195301514264,,
2892.TW,5,2026-08-11,32.70000076293945,2026-08-18,0.331415130389226,0.3278014804715258,0.3407833891392483,-0.0133045081442082,32.26494333647331,-0.0457962536701892,0.0347978598543662,0.3968253968253968,0.3344323506281514,1.0673161958976904,0.0259990803576222,252,0.4563492063492063,False,2021-05-27,2026-08-04,logistic-pit-v1,technical-pit-v1,2026-08-11T22:36:59.698196+08:00,,,,,,,,,,,
2892.TW,20,2026-08-11,32.70000076293945,2026-09-08,0.220955225705373,0.41173427391489,0.3673105003797369,-0.0284317288186034,31.77028320887944,-0.0680432175181679,0.1049044771500554,0.4246031746031746,0.3526372371161728,1.0028601268219806,0.0488388423408714,252,0.4801587301587302,False,2021-05-06,2026-07-14,logistic-pit-v1,technical-pit-v1,2026-08-11T22:36:59.698196+08:00,,,,,,,,,,,
3008.TW,1,2026-08-11,4355.0,2026-08-12,0.1541185451110442,0.7873480585649754,0.0585333963239804,0.0045283823848779,4374.721105286143,-0.0237987434700054,0.0481657902263008,0.4801587301587302,0.3700305810397553,1.0145202769715664,0.0228926986611739,252,0.4325396825396825,True,2021-06-02,2026-08-10,logistic-pit-v1,technical-pit-v1,2026-08-11T22:36:59.698196+08:00,2026-08-12,4590.0,0.0539609644087255,1.0,0.0,0.0494325820238476,215.27889471385697,0.0,0.4462861865121042,,
3008.TW,5,2026-08-11,4355.0,2026-08-18,0.4160933252908206,0.3315926874382617,0.2523139872709177,0.0087514099878809,4393.112390497222,-0.0422535205923899,0.1407232378214659,0.4087301587301587,0.3333333333333333,1.0664878053046465,0.0589586563629832,252,0.4087301587301587,False,2021-05-27,2026-08-04,logistic-pit-v1,technical-pit-v1,2026-08-11T22:36:59.698196+08:00,,,,,,,,,,,
3008.TW,20,2026-08-11,4355.0,2026-09-08,0.4404796231379633,0.3107020949120456,0.2488182819499911,0.1048147767682911,4811.468352825908,0.0390236913468603,0.4192261750991205,0.3055555555555556,0.2752538638414641,1.5248599008160242,0.1215473999592164,252,0.4246031746031746,False,2021-05-06,2026-07-14,logistic-pit-v1,technical-pit-v1,2026-08-11T22:36:59.698196+08:00,,,,,,,,,,,
3017.TW,1,2026-08-11,2760.0,2026-08-12,0.5503721168084887,0.4114925621495911,0.0381353210419201,0.0018127113147544,2765.003083228722,-0.0435598006167751,0.056634810079683,0.4682539682539682,0.3221457855604197,0.8851674314714042,0.0311185101008202,252,0.4880952380952381,False,2021-06-02,2026-08-10,logistic-pit-v1,technical-pit-v1,2026-08-11T22:36:59.698196+08:00,2026-08-12,2900.0,0.0507246376811594,1.0,1.0,0.048911926366405,134.99691677127794,1.0,0.1243152215862282,,
3017.TW,5,2026-08-11,2760.0,2026-08-18,0.6122707624509047,0.3032444257206538,0.0844848118284414,0.0111759676239213,2790.845670642023,-0.1052740881676087,0.1285352747099875,0.5674603174603174,0.3333333333333333,0.896571809180176,0.077322365633673,252,0.5674603174603174,False,2021-05-27,2026-08-04,logistic-pit-v1,technical-pit-v1,2026-08-11T22:36:59.698196+08:00,,,,,,,,,,,
3017.TW,20,2026-08-11,2760.0,2026-09-08,0.3010837169156807,0.4423797982926727,0.2565364847916465,0.1299545122254826,3118.674453742332,-0.0012241657559052,0.4194081141099897,0.3293650793650793,0.2550322061191626,1.2256215887856423,0.1546527055761085,252,0.5714285714285714,False,2021-05-06,2026-07-14,logistic-pit-v1,technical-pit-v1,2026-08-11T22:36:59.698196+08:00,,,,,,,,,,,
3037.TW,1,2026-08-11,992.0,2026-08-12,0.4069120589904582,0.5309394073640018,0.0621485336455399,-0.017248965402494,974.889026320726,-0.0642399899558101,0.0660443562744832,0.4523809523809524,0.3490295107942167,1.20285655996192,0.0412721378874434,252,0.5396825396825397,False,2021-06-01,2026-08-10,logistic-pit-v1,technical-pit-v1,2026-08-11T22:36:59.698196+08:00,2026-08-12,996.0,0.0040322580645162,1.0,0.0,0.0212812234670102,21.110973679274025,1.0,0.212504133432422,,
3037.TW,5,2026-08-11,992.0,2026-08-18,0.711782181420005,0.214903534297601,0.0733142842823939,-0.0158396913698553,976.2870261611037,-0.0925597814335688,0.2772476854567621,0.4087301587301587,0.3673919899085462,1.5736897865227557,0.1311544054466258,252,0.5992063492063492,False,2021-05-26,2026-08-04,logistic-pit-v1,technical-pit-v1,2026-08-11T22:36:59.698196+08:00,,,,,,,,,,,
3037.TW,20,2026-08-11,992.0,2026-09-08,0.0880402327532887,0.316744724295826,0.5952150429508851,0.1983022828453102,1188.7158645825475,-0.1462547076617337,0.6409347507131129,0.1666666666666666,0.181448352536891,2.5212850182434208,0.2231953365684731,252,0.7698412698412699,False,2021-05-05,2026-07-14,logistic-pit-v1,technical-pit-v1,2026-08-11T22:36:59.698196+08:00,,,,,,,,,,,
3045.TW,1,2026-08-11,109.5,2026-08-12,0.3849964736055125,0.4039016914832281,0.2111018349112593,0.0026886248255199,109.79440441839444,-0.0056704605524729,0.0135592755755427,0.4246031746031746,0.3535669586983729,1.0650865622356465,0.0065768605939107,252,0.4047619047619047,False,2021-06-02,2026-08-10,logistic-pit-v1,technical-pit-v1,2026-08-11T22:36:59.698196+08:00,2026-08-12,109.0,-0.0045662100456621,-1.0,1.0,0.007254834871182,0.7944044183944357,1.0,0.1827064876027124,,
3045.TW,5,2026-08-11,109.5,2026-08-18,0.3173771302668184,0.2604555208574369,0.4221673488757446,0.0063279753686925,110.19291330287184,-0.0144233395120906,0.035403820708092,0.4484126984126984,0.3559395678561279,1.0628547063490403,0.0147894288020595,252,0.4722222222222222,False,2021-05-27,2026-08-04,logistic-pit-v1,technical-pit-v1,2026-08-11T22:36:59.698196+08:00,,,,,,,,,,,
3045.TW,20,2026-08-11,109.5,2026-09-08,0.1801764914970638,0.1193874113478922,0.700436097155044,0.0096565810698735,110.55739562715114,-0.0300212423715656,0.0505556973542552,0.5912698412698413,0.3049315818281335,0.9577991705235654,0.0250197960867373,252,0.6904761904761905,False,2021-05-06,2026-07-14,logistic-pit-v1,technical-pit-v1,2026-08-11T22:36:59.698196+08:00,,,,,,,,,,,
3231.TW,1,2026-08-11,191.0,2026-08-12,0.4393527503549592,0.4692551653491641,0.0913920842958766,-0.0127344247887829,188.56772486534248,-0.0407511045374899,0.0215902277582728,0.4404761904761904,0.3120985523919087,0.8950505814202507,0.0211788403349955,252,0.4841269841269841,False,2021-06-02,2026-08-10,logistic-pit-v1,technical-pit-v1,2026-08-11T22:36:59.698196+08:00,2026-08-12,193.5,0.013089005235602,1.0,0.0,0.0258234300243849,4.932275134657516,1.0,0.1809594206044548,,
3231.TW,5,2026-08-11,191.0,2026-08-18,0.6594017783280227,0.1711919333354433,0.1694062883365338,-0.0457268320369697,182.2661750809388,-0.1126178015446958,0.0355959099814212,0.3452380952380952,0.2516243811881188,1.0935986043379002,0.049399757908765,252,0.5079365079365079,False,2021-05-27,2026-08-04,logistic-pit-v1,technical-pit-v1,2026-08-11T22:36:59.698196+08:00,,,,,,,,,,,
3231.TW,20,2026-08-11,191.0,2026-09-08,0.6520115439103271,0.2129865523887924,0.1350019037008803,-0.06438229716417,178.7029812416435,-0.173396288419132,0.1017743108236826,0.2817460317460317,0.2808460634547591,1.2558609502461964,0.0848077799403578,252,0.4404761904761904,False,2021-05-06,2026-07-14,logistic-pit-v1,technical-pit-v1,2026-08-11T22:36:59.698196+08:00,,,,,,,,,,,
3443.TW,1,2026-08-11,4955.0,2026-08-12,0.4962076418058867,0.4194802495032063,0.0843121086909068,0.019111442245701,5049.697196327449,-0.0261906815760569,0.0833694626085777,0.4404761904761904,0.318267144494015,0.9101815105773674,0.0340295365250418,252,0.4801587301587302,False,2021-06-02,2026-08-10,logistic-pit-v1,technical-pit-v1,2026-08-11T22:36:59.698196+08:00,2026-08-12,5095.0,0.0282542885973764,1.0,1.0,0.0091428463516754,45.30280367255091,1.0,0.1456263171899884,,
3443.TW,5,2026-08-11,4955.0,2026-08-18,0.6833813281742934,0.2006418779661266,0.11597679385958,0.0913809589757478,5407.79265172483,-0.0328209764908124,0.2577795205642967,0.4801587301587302,0.3612520509907863,0.9983895398307916,0.0890967214973649,252,0.5515873015873016,False,2021-05-27,2026-08-04,logistic-pit-v1,technical-pit-v1,2026-08-11T22:36:59.698196+08:00,,,,,,,,,,,
3443.TW,20,2026-08-11,4955.0,2026-09-08,0.8147928678688487,0.0684473492623427,0.1167597828688085,0.3799950987133635,6837.875714124716,0.1306697383558077,0.7428226028370138,0.369047619047619,0.2459677419354838,1.5176374160782862,0.2202530694543147,252,0.6031746031746031,False,2021-05-06,2026-07-14,logistic-pit-v1,technical-pit-v1,2026-08-11T22:36:59.698196+08:00,,,,,,,,,,,
3653.TW,1,2026-08-11,4065.0,2026-08-12,0.4550813737917051,0.497933248039839,0.0469853781684556,0.0184239598062209,4139.893396612289,-0.0345155780101995,0.0949446217010125,0.4246031746031746,0.3154654654654654,1.183494573767727,0.0365052837913842,252,0.4761904761904761,False,2021-06-03,2026-08-10,logistic-pit-v1,technical-pit-v1,2026-08-11T22:36:59.698196+08:00,2026-08-12,4470.0,0.099630996309963,1.0,0.0,0.0812070365037421,330.1066033877114,0.0,0.1823604848179573,,
3653.TW,5,2026-08-11,4065.0,2026-08-18,0.4201052898072557,0.5025165039766113,0.0773782062161329,0.0551855475994567,4289.329250991792,-0.0752683726680084,0.1960454266414659,0.4801587301587302,0.3238273336450055,1.5178756880984514,0.0856764142956992,252,0.5476190476190477,False,2021-05-28,2026-08-04,logistic-pit-v1,technical-pit-v1,2026-08-11T22:36:59.698196+08:00,,,,,,,,,,,
3653.TW,20,2026-08-11,4065.0,2026-09-08,0.0251054835845879,0.2072192642585785,0.7676752521568335,0.1035173659860955,4485.798092733478,-0.2271181713706168,0.5016203674395204,0.242063492063492,0.2873184734886863,3.3394413308513173,0.2259200964215255,252,0.5595238095238095,False,2021-05-07,2026-07-14,logistic-pit-v1,technical-pit-v1,2026-08-11T22:36:59.698196+08:00,,,,,,,,,,,
3661.TW,1,2026-08-11,3955.0,2026-08-12,0.4531024639073771,0.4715929382763373,0.0753045978162856,0.0192385353668509,4031.0884073758953,-0.0290444008699411,0.066220628765264,0.4563492063492063,0.3252621912908994,0.897284089981886,0.0316100977089328,252,0.4801587301587302,False,2021-06-03,2026-08-10,logistic-pit-v1,technical-pit-v1,2026-08-11T22:36:59.698196+08:00,2026-08-12,4025.0,0.0176991150442478,1.0,0.0,0.001539420322603,6.088407375895258,1.0,0.1757225322895212,,
3661.TW,5,2026-08-11,3955.0,2026-08-18,0.4763378094176485,0.4000289066452405,0.123633283937111,0.0534426210599444,4166.36556629208,-0.0686791671556585,0.1727779828401827,0.4325396825396825,0.3333333333333333,0.9752695513090828,0.0737105113054819,252,0.4722222222222222,False,2021-05-28,2026-08-04,logistic-pit-v1,technical-pit-v1,2026-08-11T22:36:59.698196+08:00,,,,,,,,,,,
3661.TW,20,2026-08-11,3955.0,2026-09-08,0.4551054121592548,0.4308122719668834,0.1140823158738617,0.1860228845036237,4690.720508211833,-0.0321969470573807,0.3366987518422863,0.365079365079365,0.3063568376068376,1.175917800167053,0.1385915530442248,252,0.4642857142857143,False,2021-05-07,2026-07-14,logistic-pit-v1,technical-pit-v1,2026-08-11T22:36:59.698196+08:00,,,,,,,,,,,
3665.TW,1,2026-08-11,2200.0,2026-08-12,0.490002105608841,0.4444535135832186,0.0655443808079401,0.0095583241262516,2221.0283130777534,-0.0496018890444175,0.0644958543019022,0.4007936507936508,0.3229459953869402,1.2151434205611458,0.0370510769709355,252,0.503968253968254,False,2021-06-01,2026-08-10,logistic-pit-v1,technical-pit-v1,2026-08-11T22:36:59.698196+08:00,2026-08-12,2155.0,-0.0204545454545455,-1.0,0.0,0.0300128695807971,66.02831307775341,1.0,0.1843433426422084,,
3665.TW,5,2026-08-11,2200.0,2026-08-18,0.519153790092709,0.3784430398658318,0.1024031700414591,0.060125208723691,2332.2754591921203,-0.0339310491594552,0.1867919493545835,0.5079365079365079,0.3382217303080612,1.6078270802493706,0.0713972168523744,252,0.5515873015873016,False,2021-05-26,2026-08-04,logistic-pit-v1,technical-pit-v1,2026-08-11T22:36:59.698196+08:00,,,,,,,,,,,
3665.TW,20,2026-08-11,2200.0,2026-09-08,0.4208683178392616,0.4301055147841381,0.1490261673766003,0.1969388621215188,2633.2654966673417,0.0022368793948449,0.6249167359236946,0.5396825396825397,0.4562071097518383,1.3083430607558493,0.2200924650724213,252,0.5912698412698413,False,2021-05-05,2026-07-14,logistic-pit-v1,technical-pit-v1,2026-08-11T22:36:59.698196+08:00,,,,,,,,,,,
3711.TW,1,2026-08-11,629.0,2026-08-12,0.4807623961900265,0.4791038782200275,0.0401337255899459,-0.0044016232555541,626.2313789722565,-0.0249458141973542,0.0850585001310481,0.4682539682539682,0.3602353930222783,1.058152013582814,0.0373229480776865,252,0.4841269841269841,False,2021-06-02,2026-08-10,logistic-pit-v1,technical-pit-v1,2026-08-11T22:36:59.698196+08:00,2026-08-12,623.0,-0.0095389507154213,-1.0,0.0,0.0051373274598672,3.2313789722564934,1.0,0.1680253224018403,,
3711.TW,5,2026-08-11,629.0,2026-08-18,0.6362851997914942,0.3346642716313196,0.0290505285771861,-0.0195868429525643,616.679875782837,-0.0377543213155759,0.2563839517492164,0.3531746031746032,0.3354700854700854,3.965227947436025,0.1287826899788502,252,0.6190476190476191,False,2021-05-27,2026-08-04,logistic-pit-v1,technical-pit-v1,2026-08-11T22:36:59.698196+08:00,,,,,,,,,,,
3711.TW,20,2026-08-11,629.0,2026-09-08,0.2825330269639998,0.394893962199419,0.3225730108365812,0.0525259648173727,662.0388318701275,0.0820184403063129,0.5893344511743576,0.1428571428571428,0.261175792056463,3.393660399193623,0.2555570554638801,252,0.7261904761904762,False,2021-05-06,2026-07-14,logistic-pit-v1,technical-pit-v1,2026-08-11T22:36:59.698196+08:00,,,,,,,,,,,
4904.TW,1,2026-08-11,101.0,2026-08-12,0.384465215968143,0.4602982645984304,0.1552365194334266,-0.0022221113526731,100.77556675338002,-0.0153190635935863,0.0128672577113054,0.4166666666666667,0.3538950715421303,1.0512829357511335,0.0090599405893281,252,0.4404761904761904,False,2021-06-02,2026-08-10,logistic-pit-v1,technical-pit-v1,2026-08-11T22:36:59.698196+08:00,2026-08-12,101.5,0.0049504950495049,1.0,0.0,0.007172606402178,0.7244332466199808,1.0,0.2049519799037586,,
4904.TW,5,2026-08-11,101.0,2026-08-18,0.4153799699364831,0.2753674231058933,0.3092526069576236,0.0018867678003286,101.1905635478332,-0.0242916240789997,0.0373550008030546,0.4166666666666667,0.3985091743119266,1.08507811976059,0.0202580383953118,252,0.4325396825396825,False,2021-05-27,2026-08-04,logistic-pit-v1,technical-pit-v1,2026-08-11T22:36:59.698196+08:00,,,,,,,,,,,
4904.TW,20,2026-08-11,101.0,2026-09-08,0.2602432439303561,0.4085555836167036,0.3312011724529404,0.0191578470847544,102.9349425555602,-0.0328262628083992,0.0842708306986904,0.4563492063492063,0.3707809805370781,1.121134552256421,0.0356543486919549,252,0.4880952380952381,False,2021-05-06,2026-07-14,logistic-pit-v1,technical-pit-v1,2026-08-11T22:36:59.698196+08:00,,,,,,,,,,,
4958.TW,1,2026-08-11,490.0,2026-08-12,0.4007350591798371,0.4862525292545242,0.1130124115656385,0.0024557112409126,491.2032985080472,-0.0365918963770316,0.110388996860811,0.4563492063492063,0.3265893227692888,1.5139834992003354,0.0461596087653863,252,0.492063492063492,False,2021-06-03,2026-08-10,logistic-pit-v1,technical-pit-v1,2026-08-11T22:36:59.698196+08:00,2026-08-12,474.0,-0.0326530612244897,-1.0,1.0,0.0351087724654023,17.203298508047226,1.0,0.1457656188403741,,
4958.TW,5,2026-08-11,490.0,2026-08-18,0.5230705948421454,0.2367640214357513,0.2401653837221032,0.0567752807660284,517.819887575354,-0.0245172362743281,0.4795584210861349,0.365079365079365,0.3289181084756981,2.935591853387724,0.166110977198805,252,0.5277777777777778,False,2021-05-28,2026-08-04,logistic-pit-v1,technical-pit-v1,2026-08-11T22:36:59.698196+08:00,,,,,,,,,,,
4958.TW,20,2026-08-11,490.0,2026-09-08,0.8971511194335182,0.075953251896084,0.0268956286703977,0.2957064812882514,634.8961758312432,0.2131972870830318,0.9383819251655908,0.4761904761904761,0.3812232229414891,1.4196394275254711,0.2768740267525998,252,0.6031746031746031,False,2021-05-07,2026-07-14,logistic-pit-v1,technical-pit-v1,2026-08-11T22:36:59.698196+08:00,,,,,,,,,,,
5880.TW,1,2026-08-11,24.0,2026-08-12,0.4600395780290079,0.3306089394413187,0.2093514825296732,-0.0090490412284547,23.782823010517085,-0.0481232188739238,0.0323219129925799,0.5515873015873016,0.4844927536231884,0.9817255389034136,0.0262240583039935,252,0.3968253968253968,True,2021-06-02,2026-08-10,logistic-pit-v1,technical-pit-v1,2026-08-11T22:36:59.698196+08:00,2026-08-12,24.100000381469727,0.0041666825612385,1.0,1.0,0.0132157237896932,0.317177370952642,1.0,0.1482291904569924,,
5880.TW,5,2026-08-11,24.0,2026-08-18,0.5184623893054584,0.2072212053008275,0.2743164053937141,0.0044165497270551,24.105997193449326,-0.0422436776357438,0.0564330049204722,0.6111111111111112,0.548397134972118,0.9377631716353414,0.0317039917058655,252,0.4007936507936508,True,2021-05-27,2026-08-04,logistic-pit-v1,technical-pit-v1,2026-08-11T22:36:59.698196+08:00,,,,,,,,,,,
5880.TW,20,2026-08-11,24.0,2026-09-08,0.7776089111441526,0.0408054023639658,0.1815856864918814,0.0229669937755569,24.55120785061337,-0.021913088589963,0.1024576644031757,0.5198412698412699,0.4835526315789473,1.0074756187638298,0.0394732997447652,252,0.4563492063492063,True,2021-05-06,2026-07-14,logistic-pit-v1,technical-pit-v1,2026-08-11T22:36:59.698196+08:00,,,,,,,,,,,
6505.TW,1,2026-08-11,71.0999984741211,2026-08-12,0.4064822588624994,0.455824104799155,0.1376936363383455,0.0013808366542667,71.19817595813247,-0.0287076162949224,0.0419657023294462,0.4563492063492063,0.3480777632153779,1.0658562397986973,0.0240797792835008,252,0.4444444444444444,False,2021-06-02,2026-08-10,logistic-pit-v1,technical-pit-v1,2026-08-11T22:36:59.698196+08:00,2026-08-12,70.80000305175781,-0.0042193449901757,-1.0,1.0,0.0056001816444424,0.3981729063746542,1.0,0.1601049230585591,,
6505.TW,5,2026-08-11,71.0999984741211,2026-08-18,0.4402281979420201,0.4806215089409906,0.0791502931169892,0.005765480951308,71.50992416096166,-0.0525530099497524,0.1098997143042423,0.365079365079365,0.2882852387802883,1.0521665412614176,0.0543225038752115,252,0.4642857142857143,False,2021-05-27,2026-08-04,logistic-pit-v1,technical-pit-v1,2026-08-11T22:36:59.698196+08:00,,,,,,,,,,,
6505.TW,20,2026-08-11,71.0999984741211,2026-09-08,0.9775192182980882,0.0182791560118889,0.0042016256900228,-0.0368297030323301,68.48140664472008,-0.0929947049475775,0.2044115402509774,0.1904761904761904,0.2022562449637389,1.8588511444515416,0.1120560968716303,252,0.5396825396825397,False,2021-05-06,2026-07-14,logistic-pit-v1,technical-pit-v1,2026-08-11T22:36:59.698196+08:00,,,,,,,,,,,
6669.TW,1,2026-08-11,5930.0,2026-08-12,0.4508484969068436,0.4851875905088164,0.06396391258434,0.0112717070637101,5996.841222887802,-0.0271744774458173,0.0604443641405047,0.5277777777777778,0.3798798798798799,0.8870455720182381,0.0275524960484687,252,0.492063492063492,True,2021-06-03,2026-08-10,logistic-pit-v1,technical-pit-v1,2026-08-11T22:36:59.698196+08:00,2026-08-12,6030.0,0.0168634064080943,1.0,0.0,0.0055916993443842,33.15877711219764,1.0,0.1803552511487736,,
6669.TW,5,2026-08-11,5930.0,2026-08-18,0.5219126599292373,0.3792547191358891,0.0988326209348735,0.0370662757455966,6149.803015171388,-0.0589497386771985,0.1529323879124966,0.4365079365079365,0.2755693581780538,1.0268937110064662,0.0687429943925139,252,0.5555555555555556,False,2021-05-28,2026-08-04,logistic-pit-v1,technical-pit-v1,2026-08-11T22:36:59.698196+08:00,,,,,,,,,,,
6669.TW,20,2026-08-11,5930.0,2026-09-08,0.3864696757372795,0.4748807629926918,0.1386495612700286,0.0438557248091211,6190.064448118088,-0.123243695841546,0.3490823363500332,0.503968253968254,0.3359804946011842,1.0419230713653886,0.1486199733852402,252,0.5753968253968254,False,2021-05-07,2026-07-14,logistic-pit-v1,technical-pit-v1,2026-08-11T22:36:59.698196+08:00,,,,,,,,,,,
8046.TW,1,2026-08-11,1150.0,2026-08-12,0.508783366806419,0.4551225610816021,0.0360940721119788,0.0027896302412768,1153.2080747774685,-0.0568629092478034,0.0827368747330182,0.4285714285714285,0.3013105413105413,0.844451121795444,0.0402985634407045,252,0.496031746031746,False,2021-06-02,2026-08-10,logistic-pit-v1,technical-pit-v1,2026-08-11T22:36:59.698196+08:00,2026-08-12,1265.0,0.1,1.0,1.0,0.0972103697587232,111.79192522253152,0.0,0.1499110361243794,,
8046.TW,5,2026-08-11,1150.0,2026-08-18,0.7649333731125761,0.1738386152774,0.0612280116100238,0.0596832950645804,1218.6357893242675,-0.0679017820146858,0.2481785724855398,0.5912698412698413,0.3615046814151959,0.984126551352888,0.0945385206959015,252,0.5912698412698413,True,2021-05-27,2026-08-04,logistic-pit-v1,technical-pit-v1,2026-08-11T22:36:59.698196+08:00,,,,,,,,,,,
8046.TW,20,2026-08-11,1150.0,2026-09-08,0.8042002585659422,0.0326682457265945,0.1631314957074632,0.2196692600943272,1402.6196491084763,-0.075783200013433,0.696685210752052,0.5436507936507936,0.348922902494331,1.5914703099066718,0.2327954648128574,252,0.6666666666666666,False,2021-05-06,2026-07-14,logistic-pit-v1,technical-pit-v1,2026-08-11T22:36:59.698196+08:00,,,,,,,,,,,
