stock_id,trade_date,dealer_net,foreign_net,investment_trust_net,institutional_net,margin_balance,short_balance,margin_change,short_change,securities_lending,updated_at
50,2016-01-04,-4405000.0,-7993000.0,484000.0,-11914000.0,6179.0,3321.0,,,,2026-07-24T11:48:04.437060+08:00
50,2016-01-05,-8992000.0,-6128000.0,40000.0,-15080000.0,6418.0,3338.0,239.0,17.0,,2026-07-24T11:48:04.437060+08:00
50,2016-01-06,-6536000.0,-12127916.0,-178000.0,-18841916.0,6755.0,3358.0,337.0,20.0,,2026-07-24T11:48:04.437060+08:00
50,2016-01-07,-3491000.0,-22460000.0,-117000.0,-26068000.0,8246.0,3500.0,1491.0,142.0,,2026-07-24T11:48:04.437060+08:00
50,2016-01-08,436000.0,-18510000.0,0.0,-18074000.0,9024.0,3473.0,778.0,-27.0,,2026-07-24T11:48:04.437060+08:00
50,2016-01-11,-1754000.0,-13236900.0,-540000.0,-15530900.0,9145.0,3867.0,121.0,394.0,,2026-07-24T11:48:04.437060+08:00
50,2016-01-12,-1525000.0,-9850000.0,0.0,-11375000.0,9306.0,4081.0,161.0,214.0,,2026-07-24T11:48:04.437060+08:00
50,2016-01-13,2910000.0,-4449000.0,0.0,-1539000.0,9269.0,4383.0,-37.0,302.0,,2026-07-24T11:48:04.437060+08:00
50,2016-01-14,-4136000.0,-7200900.0,-240000.0,-11576900.0,9428.0,4464.0,159.0,81.0,,2026-07-24T11:48:04.437060+08:00
50,2016-01-15,-579000.0,-6056951.0,0.0,-6635951.0,9484.0,4559.0,56.0,95.0,,2026-07-24T11:48:04.437060+08:00
50,2016-01-18,1568000.0,-4132000.0,0.0,-2564000.0,8842.0,4501.0,-642.0,-58.0,,2026-07-24T11:48:04.437060+08:00
50,2016-01-19,1174000.0,-3405000.0,0.0,-2231000.0,8933.0,4492.0,91.0,-9.0,,2026-07-24T11:48:04.437060+08:00
50,2016-01-20,-3720000.0,-7080000.0,0.0,-10800000.0,9397.0,4599.0,464.0,107.0,,2026-07-24T11:48:04.437060+08:00
50,2016-01-21,2236000.0,-2586000.0,0.0,-350000.0,9228.0,5205.0,-169.0,606.0,,2026-07-24T11:48:04.437060+08:00
50,2016-01-22,-2257000.0,2430000.0,0.0,173000.0,9024.0,5425.0,-204.0,220.0,,2026-07-24T11:48:04.437060+08:00
50,2016-01-25,1387000.0,4672000.0,446000.0,6505000.0,8252.0,5397.0,-772.0,-28.0,,2026-07-24T11:48:04.437060+08:00
50,2016-01-26,9000.0,-2170940.0,0.0,-2161940.0,8555.0,5394.0,303.0,-3.0,,2026-07-24T11:48:04.437060+08:00
50,2016-01-27,2144000.0,-633000.0,0.0,1511000.0,8389.0,5481.0,-166.0,87.0,,2026-07-24T11:48:04.437060+08:00
50,2016-01-28,4284000.0,607000.0,0.0,4891000.0,8084.0,5521.0,-305.0,40.0,,2026-07-24T11:48:04.437060+08:00
50,2016-01-29,7193000.0,3599000.0,0.0,10792000.0,7312.0,5436.0,-772.0,-85.0,,2026-07-24T11:48:04.437060+08:00
50,2016-01-30,7068000.0,191000.0,1108000.0,8367000.0,6930.0,5026.0,-382.0,-410.0,,2026-07-24T11:48:04.437060+08:00
50,2016-02-01,1934000.0,2498000.0,0.0,4432000.0,6792.0,4998.0,-138.0,-28.0,,2026-07-24T11:48:04.437060+08:00
50,2016-02-02,928000.0,1207083.0,0.0,2135083.0,6648.0,4657.0,-144.0,-341.0,,2026-07-24T11:48:04.437060+08:00
50,2016-02-03,-2006000.0,2704000.0,0.0,698000.0,6570.0,4531.0,-78.0,-126.0,,2026-07-24T11:48:04.437060+08:00
50,2016-02-05,892000.0,-1261000.0,0.0,-369000.0,,,,,,2026-07-24T11:48:04.437060+08:00
50,2016-02-15,-1129000.0,2856000.0,0.0,1727000.0,6530.0,4539.0,,,,2026-07-24T11:48:04.437060+08:00
50,2016-02-16,5892000.0,8870840.0,0.0,14762840.0,5882.0,4533.0,-648.0,-6.0,,2026-07-24T11:48:04.437060+08:00
50,2016-02-17,3471000.0,1670000.0,0.0,5141000.0,5739.0,4517.0,-143.0,-16.0,,2026-07-24T11:48:04.437060+08:00
50,2016-02-18,7712000.0,4739000.0,0.0,12451000.0,5598.0,4406.0,-141.0,-111.0,,2026-07-24T11:48:04.437060+08:00
50,2016-02-19,5624000.0,1962000.0,-300000.0,7286000.0,5533.0,4376.0,-65.0,-30.0,,2026-07-24T11:48:04.437060+08:00
50,2016-02-22,3467000.0,4307000.0,0.0,7774000.0,5415.0,4264.0,-118.0,-112.0,,2026-07-24T11:48:04.437060+08:00
50,2016-02-23,-574000.0,1987000.0,0.0,1413000.0,5415.0,4251.0,0.0,-13.0,,2026-07-24T11:48:04.437060+08:00
50,2016-02-24,-763000.0,2299000.0,0.0,1536000.0,5426.0,4222.0,11.0,-29.0,,2026-07-24T11:48:04.437060+08:00
50,2016-02-25,1019000.0,13581000.0,0.0,14600000.0,5154.0,4243.0,-272.0,21.0,,2026-07-24T11:48:04.437060+08:00
50,2016-02-26,4430000.0,6465100.0,-300000.0,10595100.0,5126.0,4226.0,-28.0,-17.0,,2026-07-24T11:48:04.437060+08:00
50,2016-03-01,4177000.0,9845000.0,0.0,14022000.0,4852.0,4215.0,-274.0,-11.0,,2026-07-24T11:48:04.437060+08:00
50,2016-03-02,5193000.0,13806000.0,0.0,18999000.0,4549.0,3972.0,-303.0,-243.0,,2026-07-24T11:48:04.437060+08:00
50,2016-03-03,-5907000.0,29911000.0,-400000.0,23604000.0,4373.0,3969.0,-176.0,-3.0,,2026-07-24T11:48:04.437060+08:00
50,2016-03-04,-4908000.0,21096000.0,0.0,16188000.0,4306.0,3820.0,-67.0,-149.0,,2026-07-24T11:48:04.437060+08:00
50,2016-03-07,-6008000.0,17481998.0,0.0,11473998.0,4282.0,3819.0,-24.0,-1.0,,2026-07-24T11:48:04.437060+08:00
50,2016-03-08,-1492000.0,10567000.0,0.0,9075000.0,4061.0,3816.0,-221.0,-3.0,,2026-07-24T11:48:04.437060+08:00
50,2016-03-09,1673000.0,4718000.0,0.0,6391000.0,4022.0,3811.0,-39.0,-5.0,,2026-07-24T11:48:04.437060+08:00
50,2016-03-10,2004000.0,14928000.0,0.0,16932000.0,3962.0,3815.0,-60.0,4.0,,2026-07-24T11:48:04.437060+08:00
50,2016-03-11,-262000.0,18887000.0,0.0,18625000.0,3802.0,3813.0,-160.0,-2.0,,2026-07-24T11:48:04.437060+08:00
50,2016-03-14,101000.0,19692000.0,0.0,19793000.0,3749.0,3788.0,-53.0,-25.0,,2026-07-24T11:48:04.437060+08:00
50,2016-03-15,-4447000.0,12836000.0,-238000.0,8151000.0,3657.0,3775.0,-92.0,-13.0,,2026-07-24T11:48:04.437060+08:00
50,2016-03-16,-10002000.0,31515000.0,0.0,21513000.0,3556.0,3764.0,-101.0,-11.0,,2026-07-24T11:48:04.437060+08:00
50,2016-03-17,-2699000.0,15207077.0,850000.0,13358077.0,3414.0,3747.0,-142.0,-17.0,,2026-07-24T11:48:04.437060+08:00
50,2016-03-18,-3644000.0,22644000.0,0.0,19000000.0,3467.0,3740.0,53.0,-7.0,,2026-07-24T11:48:04.437060+08:00
50,2016-03-21,-1332000.0,3972000.0,0.0,2640000.0,3469.0,3682.0,2.0,-58.0,,2026-07-24T11:48:04.437060+08:00
50,2016-03-22,-2906000.0,4718000.0,0.0,1812000.0,3493.0,3663.0,24.0,-19.0,,2026-07-24T11:48:04.437060+08:00
50,2016-03-23,-164000.0,8613000.0,0.0,8449000.0,3446.0,3588.0,-47.0,-75.0,,2026-07-24T11:48:04.437060+08:00
50,2016-03-24,1487000.0,4803000.0,-166000.0,6124000.0,3455.0,3547.0,9.0,-41.0,,2026-07-24T11:48:04.437060+08:00
50,2016-03-25,1587000.0,282000.0,0.0,1869000.0,3426.0,3383.0,-29.0,-164.0,,2026-07-24T11:48:04.437060+08:00
50,2016-03-28,784000.0,5041000.0,0.0,5825000.0,3403.0,2963.0,-23.0,-420.0,,2026-07-24T11:48:04.437060+08:00
50,2016-03-29,-3105000.0,5521000.0,-850000.0,1566000.0,3373.0,3010.0,-30.0,47.0,,2026-07-24T11:48:04.437060+08:00
50,2016-03-30,-804000.0,23389000.0,0.0,22585000.0,3134.0,3073.0,-239.0,63.0,,2026-07-24T11:48:04.437060+08:00
50,2016-03-31,-2795000.0,4622000.0,250000.0,2077000.0,3208.0,2896.0,74.0,-177.0,,2026-07-24T11:48:04.437060+08:00
50,2016-04-01,-178000.0,-368000.0,0.0,-546000.0,3342.0,2884.0,134.0,-12.0,,2026-07-24T11:48:04.437060+08:00
50,2016-04-06,-996000.0,26000.0,-480000.0,-1450000.0,3622.0,2908.0,280.0,24.0,,2026-07-24T11:48:04.437060+08:00
50,2016-04-07,4686000.0,-1619000.0,0.0,3067000.0,3720.0,2952.0,98.0,44.0,,2026-07-24T11:48:04.437060+08:00
50,2016-04-08,-3112000.0,4661000.0,0.0,1549000.0,3588.0,2864.0,-132.0,-88.0,,2026-07-24T11:48:04.437060+08:00
50,2016-04-11,-2875000.0,3338000.0,0.0,463000.0,3524.0,2880.0,-64.0,16.0,,2026-07-24T11:48:04.437060+08:00
50,2016-04-12,-589000.0,1451000.0,0.0,862000.0,3478.0,2890.0,-46.0,10.0,,2026-07-24T11:48:04.437060+08:00
50,2016-04-13,1630000.0,8136300.0,0.0,9766300.0,3141.0,2814.0,-337.0,-76.0,,2026-07-24T11:48:04.437060+08:00
50,2016-04-14,-1000.0,-1668000.0,0.0,-1669000.0,3097.0,2798.0,-44.0,-16.0,,2026-07-24T11:48:04.437060+08:00
50,2016-04-15,4419000.0,4316000.0,0.0,8735000.0,2877.0,2813.0,-220.0,15.0,,2026-07-24T11:48:04.437060+08:00
50,2016-04-18,-292000.0,670000.0,0.0,378000.0,2909.0,2807.0,32.0,-6.0,,2026-07-24T11:48:04.437060+08:00
50,2016-04-19,-908000.0,1639000.0,0.0,731000.0,3008.0,2810.0,99.0,3.0,,2026-07-24T11:48:04.437060+08:00
50,2016-04-20,-4228000.0,1233000.0,0.0,-2995000.0,3192.0,2796.0,184.0,-14.0,,2026-07-24T11:48:04.437060+08:00
50,2016-04-21,95000.0,-315000.0,0.0,-220000.0,3177.0,2805.0,-15.0,9.0,,2026-07-24T11:48:04.437060+08:00
50,2016-04-22,57000.0,983000.0,0.0,1040000.0,3103.0,2808.0,-74.0,3.0,,2026-07-24T11:48:04.437060+08:00
50,2016-04-25,-777000.0,1008500.0,0.0,231500.0,3104.0,2797.0,1.0,-11.0,,2026-07-24T11:48:04.437060+08:00
50,2016-04-26,1713000.0,1419000.0,0.0,3132000.0,3104.0,2805.0,0.0,8.0,,2026-07-24T11:48:04.437060+08:00
50,2016-04-27,-59000.0,-363410.0,0.0,-422410.0,3086.0,2793.0,-18.0,-12.0,,2026-07-24T11:48:04.437060+08:00
50,2016-04-28,-2430000.0,-4151000.0,0.0,-6581000.0,3307.0,2638.0,221.0,-155.0,,2026-07-24T11:48:04.437060+08:00
50,2016-04-29,-2006000.0,-3069000.0,0.0,-5075000.0,3506.0,2595.0,199.0,-43.0,,2026-07-24T11:48:04.437060+08:00
50,2016-05-03,1549000.0,-6779000.0,0.0,-5230000.0,3661.0,2532.0,155.0,-63.0,,2026-07-24T11:48:04.437060+08:00
50,2016-05-04,2057000.0,-9626900.0,0.0,-7569900.0,3830.0,2599.0,169.0,67.0,,2026-07-24T11:48:04.437060+08:00
50,2016-05-05,-910000.0,-11026910.0,0.0,-11936910.0,4105.0,2541.0,275.0,-58.0,,2026-07-24T11:48:04.437060+08:00
50,2016-05-06,-475000.0,-19258000.0,0.0,-19733000.0,4241.0,2480.0,136.0,-61.0,,2026-07-24T11:48:04.437060+08:00
50,2016-05-09,-79000.0,-11788000.0,0.0,-11867000.0,4328.0,2361.0,87.0,-119.0,,2026-07-24T11:48:04.437060+08:00
50,2016-05-10,675000.0,-9194000.0,0.0,-8519000.0,4434.0,2315.0,106.0,-46.0,,2026-07-24T11:48:04.437060+08:00
50,2016-05-11,1600000.0,-14945000.0,0.0,-13345000.0,4504.0,2286.0,70.0,-29.0,,2026-07-24T11:48:04.437060+08:00
50,2016-05-12,-2109000.0,-8099000.0,0.0,-10208000.0,4435.0,2316.0,-69.0,30.0,,2026-07-24T11:48:04.437060+08:00
50,2016-05-13,-196000.0,-22414000.0,0.0,-22610000.0,4549.0,2294.0,114.0,-22.0,,2026-07-24T11:48:04.437060+08:00
50,2016-05-16,719000.0,-2746000.0,0.0,-2027000.0,4570.0,2352.0,21.0,58.0,,2026-07-24T11:48:04.437060+08:00
50,2016-05-17,-833000.0,-7174000.0,0.0,-8007000.0,4550.0,2369.0,-20.0,17.0,,2026-07-24T11:48:04.437060+08:00
50,2016-05-18,-101000.0,-4811000.0,0.0,-4912000.0,4583.0,2372.0,33.0,3.0,,2026-07-24T11:48:04.437060+08:00
50,2016-05-19,-3387000.0,-1812000.0,0.0,-5199000.0,4565.0,2421.0,-18.0,49.0,,2026-07-24T11:48:04.437060+08:00
50,2016-05-20,-1245000.0,-1003840.0,0.0,-2248840.0,4402.0,2448.0,-163.0,27.0,,2026-07-24T11:48:04.437060+08:00
50,2016-05-23,7705000.0,2289000.0,0.0,9994000.0,4055.0,2447.0,-347.0,-1.0,,2026-07-24T11:48:04.437060+08:00
50,2016-05-24,274000.0,-1168000.0,0.0,-894000.0,4022.0,2423.0,-33.0,-24.0,,2026-07-24T11:48:04.437060+08:00
50,2016-05-25,11287000.0,8524000.0,0.0,19811000.0,4010.0,2304.0,-12.0,-119.0,,2026-07-24T11:48:04.437060+08:00
50,2016-05-26,3201000.0,19706300.0,0.0,22907300.0,3926.0,2316.0,-84.0,12.0,,2026-07-24T11:48:04.437060+08:00
50,2016-05-27,3520000.0,18926830.0,0.0,22446830.0,3598.0,2222.0,-328.0,-94.0,,2026-07-24T11:48:04.437060+08:00
50,2016-05-30,2744000.0,21614000.0,0.0,24358000.0,3513.0,2230.0,-85.0,8.0,,2026-07-24T11:48:04.437060+08:00
50,2016-05-31,629000.0,4786000.0,0.0,5415000.0,3481.0,2226.0,-32.0,-4.0,,2026-07-24T11:48:04.437060+08:00
50,2016-06-01,6898000.0,15120000.0,0.0,22018000.0,3354.0,2341.0,-127.0,115.0,,2026-07-24T11:48:04.437060+08:00
50,2016-06-02,226000.0,9736000.0,0.0,9962000.0,3372.0,2346.0,18.0,5.0,,2026-07-24T11:48:04.437060+08:00
50,2016-06-03,1145000.0,9125700.0,0.0,10270700.0,3247.0,2385.0,-125.0,39.0,,2026-07-24T11:48:04.437060+08:00
50,2016-06-04,-85000.0,2288000.0,0.0,2203000.0,3205.0,2397.0,-42.0,12.0,,2026-07-24T11:48:04.437060+08:00
50,2016-06-06,-697000.0,8785000.0,0.0,8088000.0,2885.0,2403.0,-320.0,6.0,,2026-07-24T11:48:04.437060+08:00
50,2016-06-07,1798000.0,16457000.0,0.0,18255000.0,2680.0,2358.0,-205.0,-45.0,,2026-07-24T11:48:04.437060+08:00
50,2016-06-08,539000.0,15538000.0,0.0,16077000.0,2273.0,2362.0,-407.0,4.0,,2026-07-24T11:48:04.437060+08:00
50,2016-06-13,-2544000.0,1238100.0,0.0,-1305900.0,2307.0,2222.0,34.0,-140.0,,2026-07-24T11:48:04.437060+08:00
50,2016-06-14,44000.0,2507000.0,200000.0,2751000.0,2342.0,2214.0,35.0,-8.0,,2026-07-24T11:48:04.437060+08:00
50,2016-06-15,1202000.0,7036000.0,100000.0,8338000.0,2329.0,2187.0,-13.0,-27.0,,2026-07-24T11:48:04.437060+08:00
50,2016-06-16,-3545000.0,-982000.0,60000.0,-4467000.0,2454.0,2164.0,125.0,-23.0,,2026-07-24T11:48:04.437060+08:00
50,2016-06-17,-820000.0,3873000.0,0.0,3053000.0,2251.0,2183.0,-203.0,19.0,,2026-07-24T11:48:04.437060+08:00
50,2016-06-20,2658000.0,3926000.0,0.0,6584000.0,2341.0,2180.0,90.0,-3.0,,2026-07-24T11:48:04.437060+08:00
50,2016-06-21,2055000.0,12295000.0,0.0,14350000.0,2248.0,2174.0,-93.0,-6.0,,2026-07-24T11:48:04.437060+08:00
50,2016-06-22,-390000.0,7526000.0,0.0,7136000.0,2161.0,2175.0,-87.0,1.0,,2026-07-24T11:48:04.437060+08:00
50,2016-06-23,947000.0,27772000.0,0.0,28719000.0,2162.0,2176.0,1.0,1.0,,2026-07-24T11:48:04.437060+08:00
50,2016-06-24,-15409000.0,6729000.0,0.0,-8680000.0,2566.0,2166.0,404.0,-10.0,,2026-07-24T11:48:04.437060+08:00
50,2016-06-27,-427000.0,1694000.0,0.0,1267000.0,2546.0,2159.0,-20.0,-7.0,,2026-07-24T11:48:04.437060+08:00
50,2016-06-28,-900000.0,1233000.0,0.0,333000.0,2380.0,2131.0,-166.0,-28.0,,2026-07-24T11:48:04.437060+08:00
50,2016-06-29,338000.0,4355550.0,0.0,4693550.0,2249.0,2138.0,-131.0,7.0,,2026-07-24T11:48:04.437060+08:00
50,2016-06-30,6742000.0,13592000.0,0.0,20334000.0,2018.0,2142.0,-231.0,4.0,,2026-07-24T11:48:04.437060+08:00
50,2016-07-01,-2629000.0,26783000.0,0.0,24154000.0,1834.0,2142.0,-184.0,0.0,,2026-07-24T11:48:04.437060+08:00
50,2016-07-04,-918000.0,6599000.0,0.0,5681000.0,1708.0,2135.0,-126.0,-7.0,,2026-07-24T11:48:04.437060+08:00
50,2016-07-05,521000.0,2633000.0,0.0,3154000.0,1680.0,2135.0,-28.0,0.0,,2026-07-24T11:48:04.437060+08:00
50,2016-07-06,-829000.0,-1396000.0,0.0,-2225000.0,1867.0,2133.0,187.0,-2.0,,2026-07-24T11:48:04.437060+08:00
50,2016-07-07,718000.0,2624000.0,0.0,3342000.0,1746.0,1980.0,-121.0,-153.0,,2026-07-24T11:48:04.437060+08:00
50,2016-07-11,1571000.0,14544000.0,0.0,16115000.0,1524.0,1975.0,-222.0,-5.0,,2026-07-24T11:48:04.437060+08:00
50,2016-07-12,856000.0,10660000.0,0.0,11516000.0,1468.0,1957.0,-56.0,-18.0,,2026-07-24T11:48:04.437060+08:00
50,2016-07-13,-2707000.0,5561800.0,250000.0,3104800.0,1394.0,1877.0,-74.0,-80.0,,2026-07-24T11:48:04.437060+08:00
50,2016-07-14,-3092000.0,7326908.0,-55000.0,4179908.0,1391.0,1773.0,-3.0,-104.0,,2026-07-24T11:48:04.437060+08:00
50,2016-07-15,2013000.0,10406000.0,0.0,12419000.0,1315.0,1555.0,-76.0,-218.0,,2026-07-24T11:48:04.437060+08:00
50,2016-07-18,-1237000.0,32560000.0,0.0,31323000.0,1358.0,1265.0,43.0,-290.0,,2026-07-24T11:48:04.437060+08:00
50,2016-07-19,3618000.0,10647000.0,-360000.0,13905000.0,1271.0,944.0,-87.0,-321.0,,2026-07-24T11:48:04.437060+08:00
50,2016-07-20,-3119000.0,8995000.0,-69000.0,5807000.0,1161.0,759.0,-110.0,-185.0,,2026-07-24T11:48:04.437060+08:00
50,2016-07-21,2503000.0,3205000.0,-70000.0,5638000.0,1130.0,499.0,-31.0,-260.0,,2026-07-24T11:48:04.437060+08:00
50,2016-07-22,1514000.0,-133000.0,0.0,1381000.0,1054.0,18.0,-76.0,-481.0,,2026-07-24T11:48:04.437060+08:00
50,2016-07-25,1127000.0,5653000.0,-50000.0,6730000.0,1041.0,0.0,-13.0,-18.0,,2026-07-24T11:48:04.437060+08:00
50,2016-07-26,10189000.0,-143000.0,-70000.0,9976000.0,1029.0,0.0,-12.0,0.0,,2026-07-24T11:48:04.437060+08:00
50,2016-07-27,6914000.0,500000.0,0.0,7414000.0,1048.0,0.0,19.0,0.0,,2026-07-24T11:48:04.437060+08:00
50,2016-07-28,-2003000.0,6181000.0,0.0,4178000.0,1093.0,191.0,45.0,191.0,,2026-07-24T11:48:04.437060+08:00
50,2016-07-29,-4430000.0,13847000.0,-80000.0,9337000.0,1150.0,257.0,57.0,66.0,,2026-07-24T11:48:04.437060+08:00
50,2016-08-01,-397000.0,7206000.0,0.0,6809000.0,1146.0,403.0,-4.0,146.0,,2026-07-24T11:48:04.437060+08:00
50,2016-08-02,-1434000.0,6043000.0,-40000.0,4569000.0,1177.0,435.0,31.0,32.0,,2026-07-24T11:48:04.437060+08:00
50,2016-08-03,-8853000.0,4106000.0,-80000.0,-4827000.0,1208.0,460.0,31.0,25.0,,2026-07-24T11:48:04.437060+08:00
50,2016-08-04,-7934000.0,9070000.0,0.0,1136000.0,1082.0,379.0,-126.0,-81.0,,2026-07-24T11:48:04.437060+08:00
50,2016-08-05,-4592000.0,9043000.0,0.0,4451000.0,1037.0,456.0,-45.0,77.0,,2026-07-24T11:48:04.437060+08:00
50,2016-08-08,-2939000.0,5805000.0,0.0,2866000.0,1111.0,481.0,74.0,25.0,,2026-07-24T11:48:04.437060+08:00
50,2016-08-09,-4470000.0,9798000.0,0.0,5328000.0,1007.0,505.0,-104.0,24.0,,2026-07-24T11:48:04.437060+08:00
50,2016-08-10,-2236000.0,5567000.0,0.0,3331000.0,994.0,511.0,-13.0,6.0,,2026-07-24T11:48:04.437060+08:00
50,2016-08-11,-6528000.0,7553000.0,0.0,1025000.0,1098.0,509.0,104.0,-2.0,,2026-07-24T11:48:04.437060+08:00
50,2016-08-12,-584000.0,4311000.0,0.0,3727000.0,1002.0,511.0,-96.0,2.0,,2026-07-24T11:48:04.437060+08:00
50,2016-08-15,-357000.0,2485000.0,0.0,2128000.0,991.0,523.0,-11.0,12.0,,2026-07-24T11:48:04.437060+08:00
50,2016-08-16,247000.0,1845000.0,0.0,2092000.0,968.0,517.0,-23.0,-6.0,,2026-07-24T11:48:04.437060+08:00
50,2016-08-17,-4089000.0,6664000.0,0.0,2575000.0,936.0,532.0,-32.0,15.0,,2026-07-24T11:48:04.437060+08:00
50,2016-08-18,1275000.0,1138900.0,0.0,2413900.0,930.0,531.0,-6.0,-1.0,,2026-07-24T11:48:04.437060+08:00
50,2016-08-19,3259000.0,560000.0,-1864000.0,1955000.0,961.0,517.0,31.0,-14.0,,2026-07-24T11:48:04.437060+08:00
50,2016-08-22,2871000.0,155000.0,0.0,3026000.0,1045.0,490.0,84.0,-27.0,,2026-07-24T11:48:04.437060+08:00
50,2016-08-23,1009000.0,4115000.0,0.0,5124000.0,1009.0,501.0,-36.0,11.0,,2026-07-24T11:48:04.437060+08:00
50,2016-08-24,749000.0,3065000.0,0.0,3814000.0,1035.0,497.0,26.0,-4.0,,2026-07-24T11:48:04.437060+08:00
50,2016-08-25,764000.0,5623000.0,0.0,6387000.0,994.0,500.0,-41.0,3.0,,2026-07-24T11:48:04.437060+08:00
50,2016-08-26,-11000.0,1985000.0,0.0,1974000.0,1014.0,503.0,20.0,3.0,,2026-07-24T11:48:04.437060+08:00
50,2016-08-29,-374000.0,1333000.0,0.0,959000.0,1023.0,511.0,9.0,8.0,,2026-07-24T11:48:04.437060+08:00
50,2016-08-30,-193000.0,1950000.0,0.0,1757000.0,1055.0,513.0,32.0,2.0,,2026-07-24T11:48:04.437060+08:00
50,2016-08-31,-371000.0,253000.0,0.0,-118000.0,996.0,513.0,-59.0,0.0,,2026-07-24T11:48:04.437060+08:00
50,2016-09-01,-2322000.0,531000.0,0.0,-1791000.0,1046.0,503.0,50.0,-10.0,,2026-07-24T11:48:04.437060+08:00
50,2016-09-02,-170000.0,983000.0,0.0,813000.0,1049.0,504.0,3.0,1.0,,2026-07-24T11:48:04.437060+08:00
50,2016-09-05,1769000.0,5700000.0,0.0,7469000.0,948.0,504.0,-101.0,0.0,,2026-07-24T11:48:04.437060+08:00
50,2016-09-06,1133000.0,3793000.0,0.0,4926000.0,899.0,507.0,-49.0,3.0,,2026-07-24T11:48:04.437060+08:00
50,2016-09-07,-533000.0,5948000.0,0.0,5415000.0,902.0,504.0,3.0,-3.0,,2026-07-24T11:48:04.437060+08:00
50,2016-09-08,-909000.0,-294000.0,0.0,-1203000.0,925.0,495.0,23.0,-9.0,,2026-07-24T11:48:04.437060+08:00
50,2016-09-09,-644000.0,-1660000.0,0.0,-2304000.0,1056.0,496.0,131.0,1.0,,2026-07-24T11:48:04.437060+08:00
50,2016-09-10,3229000.0,-3960000.0,0.0,-731000.0,1146.0,501.0,90.0,5.0,,2026-07-24T11:48:04.437060+08:00
50,2016-09-12,508000.0,-2639000.0,0.0,-2131000.0,1224.0,478.0,78.0,-23.0,,2026-07-24T11:48:04.437060+08:00
50,2016-09-13,-547000.0,-1739000.0,0.0,-2286000.0,1330.0,460.0,106.0,-18.0,,2026-07-24T11:48:04.437060+08:00
50,2016-09-14,70000.0,-2102000.0,0.0,-2032000.0,1325.0,480.0,-5.0,20.0,,2026-07-24T11:48:04.437060+08:00
50,2016-09-19,-766000.0,5238000.0,0.0,4472000.0,1119.0,487.0,-206.0,7.0,,2026-07-24T11:48:04.437060+08:00
50,2016-09-20,-630000.0,-180000.0,0.0,-810000.0,1060.0,499.0,-59.0,12.0,,2026-07-24T11:48:04.437060+08:00
50,2016-09-21,-5820000.0,7427060.0,0.0,1607060.0,990.0,502.0,-70.0,3.0,,2026-07-24T11:48:04.437060+08:00
50,2016-09-22,1329000.0,-1038000.0,0.0,291000.0,1158.0,548.0,168.0,46.0,,2026-07-24T11:48:04.437060+08:00
50,2016-09-23,2309000.0,481000.0,0.0,2790000.0,1148.0,528.0,-10.0,-20.0,,2026-07-24T11:48:04.437060+08:00
50,2016-09-26,-939000.0,-494000.0,0.0,-1433000.0,1300.0,524.0,152.0,-4.0,,2026-07-24T11:48:04.437060+08:00
50,2016-09-29,713000.0,7140000.0,0.0,7853000.0,1130.0,529.0,-170.0,5.0,,2026-07-24T11:48:04.437060+08:00
50,2016-09-30,-1062000.0,195000.0,0.0,-867000.0,1549.0,528.0,419.0,-1.0,,2026-07-24T11:48:04.437060+08:00
50,2016-10-03,789000.0,1381091.0,0.0,2170091.0,1455.0,535.0,-94.0,7.0,,2026-07-24T11:48:04.437060+08:00
50,2016-10-04,2214000.0,2064000.0,55000.0,4333000.0,1245.0,643.0,-210.0,108.0,,2026-07-24T11:48:04.437060+08:00
50,2016-10-05,1328000.0,813000.0,55000.0,2196000.0,1177.0,632.0,-68.0,-11.0,,2026-07-24T11:48:04.437060+08:00
50,2016-10-06,1377000.0,-212000.0,0.0,1165000.0,1212.0,633.0,35.0,1.0,,2026-07-24T11:48:04.437060+08:00
50,2016-10-07,1227000.0,1378000.0,0.0,2605000.0,1150.0,634.0,-62.0,1.0,,2026-07-24T11:48:04.437060+08:00
50,2016-10-11,3339000.0,1155000.0,0.0,4494000.0,1172.0,633.0,22.0,-1.0,,2026-07-24T11:48:04.437060+08:00
50,2016-10-12,1938000.0,3486000.0,0.0,5424000.0,1120.0,641.0,-52.0,8.0,,2026-07-24T11:48:04.437060+08:00
50,2016-10-13,-685000.0,1105000.0,0.0,420000.0,1195.0,641.0,75.0,0.0,,2026-07-24T11:48:04.437060+08:00
50,2016-10-14,2266000.0,79000.0,0.0,2345000.0,1195.0,646.0,0.0,5.0,,2026-07-24T11:48:04.437060+08:00
50,2016-10-17,1447000.0,-1404000.0,0.0,43000.0,1215.0,641.0,20.0,-5.0,,2026-07-24T11:48:04.437060+08:00
50,2016-10-18,1750000.0,422000.0,0.0,2172000.0,1222.0,632.0,7.0,-9.0,,2026-07-24T11:48:04.437060+08:00
50,2016-10-19,3090000.0,1004000.0,0.0,4094000.0,471.0,650.0,-751.0,18.0,,2026-07-24T11:48:04.437060+08:00
50,2016-10-20,-433000.0,3724000.0,0.0,3291000.0,452.0,649.0,-19.0,-1.0,,2026-07-24T11:48:04.437060+08:00
50,2016-10-21,-48000.0,2393000.0,0.0,2345000.0,466.0,648.0,14.0,-1.0,,2026-07-24T11:48:04.437060+08:00
50,2016-10-24,1723000.0,965000.0,0.0,2688000.0,459.0,641.0,-7.0,-7.0,,2026-07-24T11:48:04.437060+08:00
50,2016-10-25,2646000.0,239000.0,0.0,2885000.0,435.0,635.0,-24.0,-6.0,,2026-07-24T11:48:04.437060+08:00
50,2016-10-26,-420000.0,1500000.0,0.0,1080000.0,443.0,629.0,8.0,-6.0,,2026-07-24T11:48:04.437060+08:00
50,2016-10-27,27000.0,101000.0,0.0,128000.0,430.0,433.0,-13.0,-196.0,,2026-07-24T11:48:04.437060+08:00
50,2016-10-28,-1449000.0,-77000.0,0.0,-1526000.0,431.0,433.0,1.0,0.0,,2026-07-24T11:48:04.437060+08:00
50,2016-10-31,-2020000.0,-282000.0,0.0,-2302000.0,458.0,429.0,27.0,-4.0,,2026-07-24T11:48:04.437060+08:00
50,2016-11-01,-436000.0,188000.0,0.0,-248000.0,452.0,429.0,-6.0,0.0,,2026-07-24T11:48:04.437060+08:00
50,2016-11-02,-90000.0,-1561000.0,0.0,-1651000.0,629.0,423.0,177.0,-6.0,,2026-07-24T11:48:04.437060+08:00
50,2016-11-03,-786000.0,-763000.0,0.0,-1549000.0,744.0,425.0,115.0,2.0,,2026-07-24T11:48:04.437060+08:00
50,2016-11-04,-716000.0,-1286000.0,56000.0,-1946000.0,740.0,424.0,-4.0,-1.0,,2026-07-24T11:48:04.437060+08:00
50,2016-11-07,919000.0,-47000.0,55000.0,927000.0,659.0,427.0,-81.0,3.0,,2026-07-24T11:48:04.437060+08:00
50,2016-11-08,-237000.0,135000.0,0.0,-102000.0,623.0,427.0,-36.0,0.0,,2026-07-24T11:48:04.437060+08:00
50,2016-11-09,-164000.0,-7222300.0,0.0,-7386300.0,786.0,396.0,163.0,-31.0,,2026-07-24T11:48:04.437060+08:00
50,2016-11-10,2786000.0,-1244950.0,244000.0,1785050.0,610.0,395.0,-176.0,-1.0,,2026-07-24T11:48:04.437060+08:00
50,2016-11-11,-2989000.0,-3283950.0,-106000.0,-6378950.0,863.0,391.0,253.0,-4.0,,2026-07-24T11:48:04.437060+08:00
50,2016-11-14,-500000.0,-3767000.0,-115000.0,-4382000.0,919.0,385.0,56.0,-6.0,,2026-07-24T11:48:04.437060+08:00
50,2016-11-15,369000.0,-2432000.0,0.0,-2063000.0,916.0,388.0,-3.0,3.0,,2026-07-24T11:48:04.437060+08:00
50,2016-11-16,1099000.0,-2863000.0,0.0,-1764000.0,909.0,389.0,-7.0,1.0,,2026-07-24T11:48:04.437060+08:00
50,2016-11-17,-1262000.0,-270000.0,0.0,-1532000.0,857.0,397.0,-52.0,8.0,,2026-07-24T11:48:04.437060+08:00
50,2016-11-18,165000.0,-50000.0,0.0,115000.0,788.0,395.0,-69.0,-2.0,,2026-07-24T11:48:04.437060+08:00
50,2016-11-21,229000.0,-395000.0,248000.0,82000.0,770.0,399.0,-18.0,4.0,,2026-07-24T11:48:04.437060+08:00
50,2016-11-22,1232000.0,93000.0,0.0,1325000.0,634.0,389.0,-136.0,-10.0,,2026-07-24T11:48:04.437060+08:00
50,2016-11-23,-63000.0,-173000.0,0.0,-236000.0,596.0,387.0,-38.0,-2.0,,2026-07-24T11:48:04.437060+08:00
50,2016-11-24,696000.0,-908000.0,0.0,-212000.0,596.0,387.0,0.0,0.0,,2026-07-24T11:48:04.437060+08:00
50,2016-11-25,1761000.0,-1027000.0,0.0,734000.0,596.0,387.0,0.0,0.0,,2026-07-24T11:48:04.437060+08:00
50,2016-11-28,456000.0,1506000.0,0.0,1962000.0,503.0,386.0,-93.0,-1.0,,2026-07-24T11:48:04.437060+08:00
50,2016-11-29,194000.0,62000.0,0.0,256000.0,518.0,386.0,15.0,0.0,,2026-07-24T11:48:04.437060+08:00
50,2016-11-30,-88000.0,456000.0,0.0,368000.0,543.0,386.0,25.0,0.0,,2026-07-24T11:48:04.437060+08:00
50,2016-12-01,647000.0,-175000.0,0.0,472000.0,555.0,385.0,12.0,-1.0,,2026-07-24T11:48:04.437060+08:00
50,2016-12-02,-1901000.0,644000.0,0.0,-1257000.0,674.0,385.0,119.0,0.0,,2026-07-24T11:48:04.437060+08:00
50,2016-12-05,-728000.0,-200000.0,0.0,-928000.0,693.0,385.0,19.0,0.0,,2026-07-24T11:48:04.437060+08:00
50,2016-12-06,1108000.0,408000.0,0.0,1516000.0,570.0,385.0,-123.0,0.0,,2026-07-24T11:48:04.437060+08:00
50,2016-12-07,145000.0,-296000.0,0.0,-151000.0,589.0,385.0,19.0,0.0,,2026-07-24T11:48:04.437060+08:00
50,2016-12-08,-1310000.0,3239000.0,0.0,1929000.0,462.0,386.0,-127.0,1.0,,2026-07-24T11:48:04.437060+08:00
50,2016-12-09,1082000.0,2115000.0,0.0,3197000.0,452.0,386.0,-10.0,0.0,,2026-07-24T11:48:04.437060+08:00
50,2016-12-12,-524000.0,630000.0,0.0,106000.0,460.0,385.0,8.0,-1.0,,2026-07-24T11:48:04.437060+08:00
50,2016-12-13,1759000.0,-911000.0,0.0,848000.0,442.0,385.0,-18.0,0.0,,2026-07-24T11:48:04.437060+08:00
50,2016-12-14,-1187000.0,1736000.0,0.0,549000.0,422.0,382.0,-20.0,-3.0,,2026-07-24T11:48:04.437060+08:00
50,2016-12-15,836000.0,-231000.0,0.0,605000.0,388.0,382.0,-34.0,0.0,,2026-07-24T11:48:04.437060+08:00
50,2016-12-16,-260000.0,-133310.0,0.0,-393310.0,416.0,381.0,28.0,-1.0,,2026-07-24T11:48:04.437060+08:00
50,2016-12-19,-202000.0,-252000.0,0.0,-454000.0,493.0,382.0,77.0,1.0,,2026-07-24T11:48:04.437060+08:00
50,2016-12-20,-589000.0,-287455.0,100000.0,-776455.0,547.0,382.0,54.0,0.0,,2026-07-24T11:48:04.437060+08:00
50,2016-12-21,-3563000.0,2500000.0,210000.0,-853000.0,615.0,382.0,68.0,0.0,,2026-07-24T11:48:04.437060+08:00
50,2016-12-22,-692000.0,-1911000.0,382000.0,-2221000.0,710.0,378.0,95.0,-4.0,,2026-07-24T11:48:04.437060+08:00
50,2016-12-23,1144000.0,-3769000.0,50000.0,-2575000.0,767.0,364.0,57.0,-14.0,,2026-07-24T11:48:04.437060+08:00
50,2016-12-26,194000.0,-440000.0,0.0,-246000.0,799.0,363.0,32.0,-1.0,,2026-07-24T11:48:04.437060+08:00
50,2016-12-27,490000.0,-1028000.0,100000.0,-438000.0,816.0,363.0,17.0,0.0,,2026-07-24T11:48:04.437060+08:00
50,2016-12-28,882000.0,-279000.0,100000.0,703000.0,784.0,363.0,-32.0,0.0,,2026-07-24T11:48:04.437060+08:00
50,2016-12-29,-489000.0,-267000.0,125000.0,-631000.0,779.0,363.0,-5.0,0.0,,2026-07-24T11:48:04.437060+08:00
50,2016-12-30,-742000.0,568000.0,0.0,-174000.0,769.0,368.0,-10.0,5.0,,2026-07-24T11:48:04.437060+08:00
50,2017-01-03,503000.0,-132000.0,0.0,371000.0,771.0,372.0,2.0,4.0,,2026-07-24T11:48:04.437060+08:00
50,2017-01-04,2157000.0,-302000.0,0.0,1855000.0,716.0,376.0,-55.0,4.0,,2026-07-24T11:48:04.437060+08:00
50,2017-01-05,1580000.0,894000.0,0.0,2474000.0,483.0,383.0,-233.0,7.0,,2026-07-24T11:48:04.437060+08:00
50,2017-01-06,551000.0,1715000.0,0.0,2266000.0,482.0,383.0,-1.0,0.0,,2026-07-24T11:48:04.437060+08:00
50,2017-01-09,1445000.0,527000.0,0.0,1972000.0,477.0,383.0,-5.0,0.0,,2026-07-24T11:48:04.437060+08:00
50,2017-01-10,158000.0,552000.0,-185000.0,525000.0,485.0,383.0,8.0,0.0,,2026-07-24T11:48:04.437060+08:00
50,2017-01-11,579000.0,184000.0,-398000.0,365000.0,530.0,380.0,45.0,-3.0,,2026-07-24T11:48:04.437060+08:00
50,2017-01-12,-553000.0,3611000.0,-82000.0,2976000.0,343.0,385.0,-187.0,5.0,,2026-07-24T11:48:04.437060+08:00
50,2017-01-13,-416000.0,1331000.0,0.0,915000.0,368.0,345.0,25.0,-40.0,,2026-07-24T11:48:04.437060+08:00
50,2017-01-16,-1020000.0,177000.0,0.0,-843000.0,367.0,339.0,-1.0,-6.0,,2026-07-24T11:48:04.437060+08:00
50,2017-01-17,136000.0,-256000.0,0.0,-120000.0,373.0,340.0,6.0,1.0,,2026-07-24T11:48:04.437060+08:00
50,2017-01-18,-847000.0,783000.0,-65000.0,-129000.0,388.0,335.0,15.0,-5.0,,2026-07-24T11:48:04.437060+08:00
50,2017-01-19,-1399000.0,2441000.0,0.0,1042000.0,422.0,316.0,34.0,-19.0,,2026-07-24T11:48:04.437060+08:00
50,2017-01-20,691000.0,85000.0,0.0,776000.0,406.0,304.0,-16.0,-12.0,,2026-07-24T11:48:04.437060+08:00
50,2017-01-23,-840000.0,1217000.0,1500000.0,1877000.0,309.0,262.0,-97.0,-42.0,,2026-07-24T11:48:04.437060+08:00
50,2017-01-24,-600000.0,344000.0,1683000.0,1427000.0,296.0,115.0,-13.0,-147.0,,2026-07-24T11:48:04.437060+08:00
50,2017-02-02,-2643000.0,-537000.0,1613000.0,-1567000.0,287.0,4.0,-9.0,-111.0,,2026-07-24T11:48:04.437060+08:00
50,2017-02-03,160000.0,-751000.0,0.0,-591000.0,333.0,0.0,46.0,-4.0,,2026-07-24T11:48:04.437060+08:00
50,2017-02-06,-123000.0,239000.0,0.0,116000.0,301.0,0.0,-32.0,0.0,,2026-07-24T11:48:04.437060+08:00
50,2017-02-07,446000.0,846000.0,0.0,1292000.0,359.0,0.0,58.0,0.0,,2026-07-24T11:48:04.437060+08:00
50,2017-02-08,-1546000.0,-809000.0,0.0,-2355000.0,439.0,8.0,80.0,8.0,,2026-07-24T11:48:04.437060+08:00
50,2017-02-09,830000.0,1282000.0,17000.0,2129000.0,451.0,11.0,12.0,3.0,,2026-07-24T11:48:04.437060+08:00
50,2017-02-10,1871000.0,1333000.0,0.0,3204000.0,454.0,46.0,3.0,35.0,,2026-07-24T11:48:04.437060+08:00
50,2017-02-13,141000.0,1975000.0,32000.0,2148000.0,446.0,69.0,-8.0,23.0,,2026-07-24T11:48:04.437060+08:00
50,2017-02-14,-1461000.0,4236000.0,66000.0,2841000.0,420.0,76.0,-26.0,7.0,,2026-07-24T11:48:04.437060+08:00
50,2017-02-15,-759000.0,7190000.0,-1796000.0,4635000.0,370.0,82.0,-50.0,6.0,,2026-07-24T11:48:04.437060+08:00
50,2017-02-16,1162000.0,1610000.0,49000.0,2821000.0,448.0,85.0,78.0,3.0,,2026-07-24T11:48:04.437060+08:00
50,2017-02-17,2175000.0,2132000.0,-180000.0,4127000.0,497.0,86.0,49.0,1.0,,2026-07-24T11:48:04.437060+08:00
50,2017-02-18,584000.0,2364000.0,0.0,2948000.0,498.0,86.0,1.0,0.0,,2026-07-24T11:48:04.437060+08:00
50,2017-02-20,1142000.0,723000.0,0.0,1865000.0,509.0,85.0,11.0,-1.0,,2026-07-24T11:48:04.437060+08:00
50,2017-02-21,1460000.0,343000.0,0.0,1803000.0,507.0,87.0,-2.0,2.0,,2026-07-24T11:48:04.437060+08:00
50,2017-02-22,-143000.0,725000.0,0.0,582000.0,528.0,88.0,21.0,1.0,,2026-07-24T11:48:04.437060+08:00
50,2017-02-23,211000.0,177000.0,183000.0,571000.0,549.0,88.0,21.0,0.0,,2026-07-24T11:48:04.437060+08:00
50,2017-02-24,-241000.0,48000.0,0.0,-193000.0,552.0,92.0,3.0,4.0,,2026-07-24T11:48:04.437060+08:00
50,2017-03-01,-500000.0,-795000.0,0.0,-1295000.0,624.0,79.0,72.0,-13.0,,2026-07-24T11:48:04.437060+08:00
50,2017-03-02,-193000.0,-460000.0,0.0,-653000.0,631.0,87.0,7.0,8.0,,2026-07-24T11:48:04.437060+08:00
50,2017-03-03,328000.0,-2508000.0,-82000.0,-2262000.0,638.0,88.0,7.0,1.0,,2026-07-24T11:48:04.437060+08:00
50,2017-03-06,-148000.0,-601000.0,0.0,-749000.0,690.0,83.0,52.0,-5.0,,2026-07-24T11:48:04.437060+08:00
50,2017-03-07,47000.0,236000.0,-30000.0,253000.0,664.0,89.0,-26.0,6.0,,2026-07-24T11:48:04.437060+08:00
50,2017-03-08,322000.0,-336000.0,0.0,-14000.0,633.0,95.0,-31.0,6.0,,2026-07-24T11:48:04.437060+08:00
50,2017-03-09,-690000.0,-1015000.0,-20000.0,-1725000.0,766.0,102.0,133.0,7.0,,2026-07-24T11:48:04.437060+08:00
50,2017-03-10,-1018000.0,-2169000.0,-68000.0,-3255000.0,744.0,119.0,-22.0,17.0,,2026-07-24T11:48:04.437060+08:00
50,2017-03-13,67000.0,226000.0,0.0,293000.0,737.0,146.0,-7.0,27.0,,2026-07-24T11:48:04.437060+08:00
50,2017-03-14,709000.0,987000.0,500000.0,2196000.0,666.0,145.0,-71.0,-1.0,,2026-07-24T11:48:04.437060+08:00
50,2017-03-15,148000.0,342000.0,-130000.0,360000.0,675.0,121.0,9.0,-24.0,,2026-07-24T11:48:04.437060+08:00
50,2017-03-16,-1404000.0,4235000.0,900000.0,3731000.0,383.0,138.0,-292.0,17.0,,2026-07-24T11:48:04.437060+08:00
50,2017-03-17,675000.0,2880000.0,0.0,3555000.0,311.0,125.0,-72.0,-13.0,,2026-07-24T11:48:04.437060+08:00
50,2017-03-20,1187000.0,1992000.0,0.0,3179000.0,327.0,120.0,16.0,-5.0,,2026-07-24T11:48:04.437060+08:00
50,2017-03-21,1219000.0,4701000.0,0.0,5920000.0,274.0,118.0,-53.0,-2.0,,2026-07-24T11:48:04.437060+08:00
50,2017-03-22,-230000.0,890000.0,0.0,660000.0,345.0,116.0,71.0,-2.0,,2026-07-24T11:48:04.437060+08:00
50,2017-03-23,312000.0,751080.0,0.0,1063080.0,336.0,120.0,-9.0,4.0,,2026-07-24T11:48:04.437060+08:00
50,2017-03-24,1394000.0,114000.0,-780000.0,728000.0,325.0,120.0,-11.0,0.0,,2026-07-24T11:48:04.437060+08:00
50,2017-03-27,-581000.0,1548000.0,0.0,967000.0,337.0,119.0,12.0,-1.0,,2026-07-24T11:48:04.437060+08:00
50,2017-03-28,1093000.0,535000.0,0.0,1628000.0,337.0,119.0,0.0,0.0,,2026-07-24T11:48:04.437060+08:00
50,2017-03-29,430000.0,279000.0,0.0,709000.0,351.0,122.0,14.0,3.0,,2026-07-24T11:48:04.437060+08:00
50,2017-03-30,406000.0,1177000.0,0.0,1583000.0,397.0,120.0,46.0,-2.0,,2026-07-24T11:48:04.437060+08:00
50,2017-03-31,-226000.0,-118000.0,0.0,-344000.0,443.0,126.0,46.0,6.0,,2026-07-24T11:48:04.437060+08:00
50,2017-04-05,521000.0,1214000.0,0.0,1735000.0,277.0,135.0,-166.0,9.0,,2026-07-24T11:48:04.437060+08:00
50,2017-04-06,-1909000.0,108000.0,1168000.0,-633000.0,307.0,135.0,30.0,0.0,,2026-07-24T11:48:04.437060+08:00
50,2017-04-07,-736000.0,-145920.0,0.0,-881920.0,382.0,133.0,75.0,-2.0,,2026-07-24T11:48:04.437060+08:00
50,2017-04-10,-101000.0,-44000.0,0.0,-145000.0,399.0,133.0,17.0,0.0,,2026-07-24T11:48:04.437060+08:00
50,2017-04-11,-421000.0,613000.0,0.0,192000.0,411.0,133.0,12.0,0.0,,2026-07-24T11:48:04.437060+08:00
50,2017-04-12,-769000.0,1530000.0,-80000.0,681000.0,389.0,143.0,-22.0,10.0,,2026-07-24T11:48:04.437060+08:00
50,2017-04-13,-1367000.0,5057080.0,0.0,3690080.0,375.0,137.0,-14.0,-6.0,,2026-07-24T11:48:04.437060+08:00
50,2017-04-14,-1847000.0,-4000.0,0.0,-1851000.0,462.0,136.0,87.0,-1.0,,2026-07-24T11:48:04.437060+08:00
50,2017-04-17,-3116000.0,-577000.0,2000000.0,-1693000.0,492.0,135.0,30.0,-1.0,,2026-07-24T11:48:04.437060+08:00
50,2017-04-18,-2315000.0,-577540.0,1898000.0,-994540.0,528.0,140.0,36.0,5.0,,2026-07-24T11:48:04.437060+08:00
50,2017-04-19,177000.0,-7146000.0,0.0,-6969000.0,958.0,144.0,430.0,4.0,,2026-07-24T11:48:04.437060+08:00
50,2017-04-20,-711000.0,-1296000.0,-533000.0,-2540000.0,1034.0,149.0,76.0,5.0,,2026-07-24T11:48:04.437060+08:00
50,2017-04-21,-30000.0,-747000.0,0.0,-777000.0,799.0,150.0,-235.0,1.0,,2026-07-24T11:48:04.437060+08:00
50,2017-04-24,-646000.0,-1340919.0,750000.0,-1236919.0,749.0,150.0,-50.0,0.0,,2026-07-24T11:48:04.437060+08:00
50,2017-04-25,1038000.0,551000.0,0.0,1589000.0,556.0,150.0,-193.0,0.0,,2026-07-24T11:48:04.437060+08:00
50,2017-04-26,1382000.0,1878000.0,0.0,3260000.0,545.0,151.0,-11.0,1.0,,2026-07-24T11:48:04.437060+08:00
50,2017-04-27,265000.0,1482000.0,-1747000.0,0.0,466.0,151.0,-79.0,0.0,,2026-07-24T11:48:04.437060+08:00
50,2017-04-28,1963000.0,191000.0,0.0,2154000.0,472.0,151.0,6.0,0.0,,2026-07-24T11:48:04.437060+08:00
50,2017-05-02,3663000.0,9805000.0,0.0,13468000.0,337.0,151.0,-135.0,0.0,,2026-07-24T11:48:04.437060+08:00
50,2017-05-03,47000.0,2856092.0,0.0,2903092.0,310.0,152.0,-27.0,1.0,,2026-07-24T11:48:04.437060+08:00
50,2017-05-04,-339000.0,3238000.0,0.0,2899000.0,276.0,152.0,-34.0,0.0,,2026-07-24T11:48:04.437060+08:00
50,2017-05-05,-926000.0,3798000.0,0.0,2872000.0,299.0,151.0,23.0,-1.0,,2026-07-24T11:48:04.437060+08:00
50,2017-05-08,-711000.0,2672000.0,-604000.0,1357000.0,272.0,151.0,-27.0,0.0,,2026-07-24T11:48:04.437060+08:00
50,2017-05-09,-933000.0,1868000.0,0.0,935000.0,242.0,133.0,-30.0,-18.0,,2026-07-24T11:48:04.437060+08:00
50,2017-05-10,140000.0,359000.0,0.0,499000.0,256.0,128.0,14.0,-5.0,,2026-07-24T11:48:04.437060+08:00
50,2017-05-11,-475000.0,272000.0,0.0,-203000.0,267.0,128.0,11.0,0.0,,2026-07-24T11:48:04.437060+08:00
50,2017-05-12,-1795000.0,-230000.0,0.0,-2025000.0,268.0,126.0,1.0,-2.0,,2026-07-24T11:48:04.437060+08:00
50,2017-05-15,-105000.0,42078.0,0.0,-62922.0,255.0,125.0,-13.0,-1.0,,2026-07-24T11:48:04.437060+08:00
50,2017-05-16,-142000.0,462000.0,0.0,320000.0,185.0,125.0,-70.0,0.0,,2026-07-24T11:48:04.437060+08:00
50,2017-05-17,-221000.0,-32000.0,0.0,-253000.0,215.0,125.0,30.0,0.0,,2026-07-24T11:48:04.437060+08:00
50,2017-05-18,2114000.0,-109000.0,-1927000.0,78000.0,256.0,124.0,41.0,-1.0,,2026-07-24T11:48:04.437060+08:00
50,2017-05-19,-394000.0,-41000.0,0.0,-435000.0,255.0,124.0,-1.0,0.0,,2026-07-24T11:48:04.437060+08:00
50,2017-05-22,-803000.0,-440000.0,0.0,-1243000.0,266.0,124.0,11.0,0.0,,2026-07-24T11:48:04.437060+08:00
50,2017-05-23,1507000.0,-1866922.0,0.0,-359922.0,227.0,124.0,-39.0,0.0,,2026-07-24T11:48:04.437060+08:00
50,2017-05-24,1116000.0,-1105000.0,-241000.0,-230000.0,216.0,124.0,-11.0,0.0,,2026-07-24T11:48:04.437060+08:00
50,2017-05-25,2250000.0,-903000.0,-731000.0,616000.0,177.0,123.0,-39.0,-1.0,,2026-07-24T11:48:04.437060+08:00
50,2017-05-26,1690000.0,-3141000.0,0.0,-1451000.0,182.0,122.0,5.0,-1.0,,2026-07-24T11:48:04.437060+08:00
50,2017-05-31,392000.0,-1760000.0,90000.0,-1278000.0,214.0,122.0,32.0,0.0,,2026-07-24T11:48:04.437060+08:00
50,2017-06-01,23000.0,-101000.0,-795000.0,-873000.0,206.0,122.0,-8.0,0.0,,2026-07-24T11:48:04.437060+08:00
50,2017-06-02,1032000.0,-1782000.0,0.0,-750000.0,187.0,122.0,-19.0,0.0,,2026-07-24T11:48:04.437060+08:00
50,2017-06-03,646000.0,200000.0,0.0,846000.0,184.0,122.0,-3.0,0.0,,2026-07-24T11:48:04.437060+08:00
50,2017-06-05,748000.0,152076.0,-243000.0,657076.0,192.0,122.0,8.0,0.0,,2026-07-24T11:48:04.437060+08:00
50,2017-06-06,-657000.0,-4000.0,0.0,-661000.0,190.0,126.0,-2.0,4.0,,2026-07-24T11:48:04.437060+08:00
50,2017-06-07,-431000.0,-355000.0,0.0,-786000.0,173.0,128.0,-17.0,2.0,,2026-07-24T11:48:04.437060+08:00
50,2017-06-08,492000.0,-676000.0,0.0,-184000.0,172.0,128.0,-1.0,0.0,,2026-07-24T11:48:04.437060+08:00
50,2017-06-09,-1001000.0,-604000.0,0.0,-1605000.0,171.0,127.0,-1.0,-1.0,,2026-07-24T11:48:04.437060+08:00
50,2017-06-12,-1137000.0,-1100000.0,0.0,-2237000.0,247.0,127.0,76.0,0.0,,2026-07-24T11:48:04.437060+08:00
50,2017-06-13,237000.0,-783923.0,0.0,-546923.0,247.0,129.0,0.0,2.0,,2026-07-24T11:48:04.437060+08:00
50,2017-06-14,-70000.0,-518000.0,0.0,-588000.0,280.0,129.0,33.0,0.0,,2026-07-24T11:48:04.437060+08:00
50,2017-06-15,-346000.0,-303000.0,0.0,-649000.0,286.0,129.0,6.0,0.0,,2026-07-24T11:48:04.437060+08:00
50,2017-06-16,-361000.0,708000.0,0.0,347000.0,192.0,129.0,-94.0,0.0,,2026-07-24T11:48:04.437060+08:00
50,2017-06-19,-1790000.0,-526000.0,2100000.0,-216000.0,181.0,120.0,-11.0,-9.0,,2026-07-24T11:48:04.437060+08:00
50,2017-06-20,640000.0,406000.0,0.0,1046000.0,189.0,109.0,8.0,-11.0,,2026-07-24T11:48:04.437060+08:00
50,2017-06-21,-2177000.0,3725000.0,0.0,1548000.0,187.0,108.0,-2.0,-1.0,,2026-07-24T11:48:04.437060+08:00
50,2017-06-22,3973000.0,-411000.0,0.0,3562000.0,173.0,109.0,-14.0,1.0,,2026-07-24T11:48:04.437060+08:00
50,2017-06-23,3229000.0,-108925.0,0.0,3120075.0,161.0,109.0,-12.0,0.0,,2026-07-24T11:48:04.437060+08:00
50,2017-06-26,-2406000.0,7990000.0,0.0,5584000.0,168.0,109.0,7.0,0.0,,2026-07-24T11:48:04.437060+08:00
50,2017-06-27,382000.0,586012.0,0.0,968012.0,193.0,109.0,25.0,0.0,,2026-07-24T11:48:04.437060+08:00
50,2017-06-28,2880000.0,212000.0,-1730000.0,1362000.0,275.0,109.0,82.0,0.0,,2026-07-24T11:48:04.437060+08:00
50,2017-06-29,324000.0,-443000.0,0.0,-119000.0,286.0,109.0,11.0,0.0,,2026-07-24T11:48:04.437060+08:00
50,2017-06-30,103000.0,230000.0,-970000.0,-637000.0,294.0,109.0,8.0,0.0,,2026-07-24T11:48:04.437060+08:00
50,2017-07-03,-474000.0,31074.0,0.0,-442926.0,322.0,108.0,28.0,-1.0,,2026-07-24T11:48:04.437060+08:00
50,2017-07-04,-477000.0,-103000.0,0.0,-580000.0,332.0,110.0,10.0,2.0,,2026-07-24T11:48:04.437060+08:00
50,2017-07-05,278000.0,360000.0,0.0,638000.0,324.0,115.0,-8.0,5.0,,2026-07-24T11:48:04.437060+08:00
50,2017-07-06,316000.0,-1760000.0,0.0,-1444000.0,362.0,114.0,38.0,-1.0,,2026-07-24T11:48:04.437060+08:00
50,2017-07-07,756000.0,-2653000.0,0.0,-1897000.0,398.0,114.0,36.0,0.0,,2026-07-24T11:48:04.437060+08:00
50,2017-07-10,-443000.0,-1556000.0,0.0,-1999000.0,436.0,113.0,38.0,-1.0,,2026-07-24T11:48:04.437060+08:00
50,2017-07-11,193000.0,-1560000.0,695000.0,-672000.0,431.0,113.0,-5.0,0.0,,2026-07-24T11:48:04.437060+08:00
50,2017-07-12,-185000.0,-2373000.0,1348000.0,-1210000.0,409.0,82.0,-22.0,-31.0,,2026-07-24T11:48:04.437060+08:00
50,2017-07-13,-49000.0,286072.0,0.0,237072.0,377.0,82.0,-32.0,0.0,,2026-07-24T11:48:04.437060+08:00
50,2017-07-14,260000.0,521975.0,0.0,781975.0,375.0,86.0,-2.0,4.0,,2026-07-24T11:48:04.437060+08:00
50,2017-07-17,-150000.0,-46000.0,0.0,-196000.0,372.0,87.0,-3.0,1.0,,2026-07-24T11:48:04.437060+08:00
50,2017-07-18,15000.0,336000.0,0.0,351000.0,340.0,89.0,-32.0,2.0,,2026-07-24T11:48:04.437060+08:00
50,2017-07-19,1457000.0,-346000.0,0.0,1111000.0,174.0,84.0,-166.0,-5.0,,2026-07-24T11:48:04.437060+08:00
50,2017-07-20,456000.0,52000.0,-98000.0,410000.0,172.0,78.0,-2.0,-6.0,,2026-07-24T11:48:04.437060+08:00
50,2017-07-21,2168000.0,313000.0,-1260000.0,1221000.0,196.0,59.0,24.0,-19.0,,2026-07-24T11:48:04.437060+08:00
50,2017-07-24,65000.0,508072.0,0.0,573072.0,203.0,49.0,7.0,-10.0,,2026-07-24T11:48:04.437060+08:00
50,2017-07-25,717000.0,671000.0,-1095000.0,293000.0,209.0,7.0,6.0,-42.0,,2026-07-24T11:48:04.437060+08:00
50,2017-07-26,-462000.0,-347500.0,0.0,-809500.0,216.0,0.0,7.0,-7.0,,2026-07-24T11:48:04.437060+08:00
50,2017-07-27,989000.0,-239900.0,0.0,749100.0,178.0,0.0,-38.0,0.0,,2026-07-24T11:48:04.437060+08:00
50,2017-07-28,-603000.0,-10000.0,0.0,-613000.0,289.0,0.0,111.0,0.0,,2026-07-24T11:48:04.437060+08:00
50,2017-07-31,-306000.0,915000.0,0.0,609000.0,324.0,1.0,35.0,1.0,,2026-07-24T11:48:04.437060+08:00
50,2017-08-01,-67000.0,241000.0,0.0,174000.0,317.0,6.0,-7.0,5.0,,2026-07-24T11:48:04.437060+08:00
50,2017-08-02,-1009000.0,1206000.0,0.0,197000.0,291.0,10.0,-26.0,4.0,,2026-07-24T11:48:04.437060+08:00
50,2017-08-03,-2577000.0,160072.0,0.0,-2416928.0,337.0,12.0,46.0,2.0,,2026-07-24T11:48:04.437060+08:00
50,2017-08-04,16000.0,201101.0,0.0,217101.0,333.0,15.0,-4.0,3.0,,2026-07-24T11:48:04.437060+08:00
50,2017-08-07,-605000.0,499000.0,308000.0,202000.0,234.0,23.0,-99.0,8.0,,2026-07-24T11:48:04.437060+08:00
50,2017-08-08,973000.0,593000.0,0.0,1566000.0,231.0,25.0,-3.0,2.0,,2026-07-24T11:48:04.437060+08:00
50,2017-08-09,-109000.0,1422000.0,0.0,1313000.0,372.0,29.0,141.0,4.0,,2026-07-24T11:48:04.437060+08:00
50,2017-08-10,-1954000.0,523000.0,0.0,-1431000.0,477.0,50.0,105.0,21.0,,2026-07-24T11:48:04.437060+08:00
50,2017-08-11,-1215000.0,-60898.0,0.0,-1275898.0,517.0,68.0,40.0,18.0,,2026-07-24T11:48:04.437060+08:00
50,2017-08-14,-1036000.0,-128000.0,0.0,-1164000.0,616.0,101.0,99.0,33.0,,2026-07-24T11:48:04.437060+08:00
50,2017-08-15,-197000.0,448073.0,0.0,251073.0,660.0,107.0,44.0,6.0,,2026-07-24T11:48:04.437060+08:00
50,2017-08-16,-2391000.0,1990000.0,0.0,-401000.0,738.0,95.0,78.0,-12.0,,2026-07-24T11:48:04.437060+08:00
50,2017-08-17,-608000.0,186000.0,0.0,-422000.0,702.0,103.0,-36.0,8.0,,2026-07-24T11:48:04.437060+08:00
50,2017-08-18,-1762000.0,466103.0,0.0,-1295897.0,733.0,101.0,31.0,-2.0,,2026-07-24T11:48:04.437060+08:00
50,2017-08-21,-308000.0,515000.0,0.0,207000.0,736.0,107.0,3.0,6.0,,2026-07-24T11:48:04.437060+08:00
50,2017-08-22,-1544000.0,1348000.0,1481000.0,1285000.0,555.0,120.0,-181.0,13.0,,2026-07-24T11:48:04.437060+08:00
50,2017-08-23,-3508000.0,665000.0,2005000.0,-838000.0,553.0,121.0,-2.0,1.0,,2026-07-24T11:48:04.437060+08:00
50,2017-08-24,13000.0,2492000.0,0.0,2505000.0,444.0,106.0,-109.0,-15.0,,2026-07-24T11:48:04.437060+08:00
50,2017-08-25,624000.0,920000.0,0.0,1544000.0,405.0,107.0,-39.0,1.0,,2026-07-24T11:48:04.437060+08:00
50,2017-08-28,-54000.0,1545101.0,0.0,1491101.0,388.0,105.0,-17.0,-2.0,,2026-07-24T11:48:04.437060+08:00
50,2017-08-29,245000.0,347000.0,0.0,592000.0,422.0,105.0,34.0,0.0,,2026-07-24T11:48:04.437060+08:00
50,2017-08-30,-815000.0,3407000.0,0.0,2592000.0,357.0,108.0,-65.0,3.0,,2026-07-24T11:48:04.437060+08:00
50,2017-08-31,617000.0,1573000.0,-758000.0,1432000.0,351.0,114.0,-6.0,6.0,,2026-07-24T11:48:04.437060+08:00
50,2017-09-01,-148000.0,3271100.0,-566000.0,2557100.0,295.0,113.0,-56.0,-1.0,,2026-07-24T11:48:04.437060+08:00
50,2017-09-04,-1037000.0,1047000.0,0.0,10000.0,316.0,108.0,21.0,-5.0,,2026-07-24T11:48:04.437060+08:00
50,2017-09-05,-643000.0,1818000.0,-578000.0,597000.0,322.0,108.0,6.0,0.0,,2026-07-24T11:48:04.437060+08:00
50,2017-09-06,-1366000.0,1400000.0,0.0,34000.0,349.0,111.0,27.0,3.0,,2026-07-24T11:48:04.437060+08:00
50,2017-09-07,-40000.0,-103000.0,0.0,-143000.0,368.0,113.0,19.0,2.0,,2026-07-24T11:48:04.437060+08:00
50,2017-09-08,-54000.0,1228101.0,0.0,1174101.0,326.0,117.0,-42.0,4.0,,2026-07-24T11:48:04.437060+08:00
50,2017-09-11,447000.0,-148000.0,-530000.0,-231000.0,385.0,114.0,59.0,-3.0,,2026-07-24T11:48:04.437060+08:00
50,2017-09-12,207000.0,289000.0,0.0,496000.0,351.0,118.0,-34.0,4.0,,2026-07-24T11:48:04.437060+08:00
50,2017-09-13,288000.0,-707000.0,-400000.0,-819000.0,397.0,115.0,46.0,-3.0,,2026-07-24T11:48:04.437060+08:00
50,2017-09-14,-526000.0,452000.0,0.0,-74000.0,411.0,119.0,14.0,4.0,,2026-07-24T11:48:04.437060+08:00
50,2017-09-15,-155000.0,167101.0,0.0,12101.0,417.0,125.0,6.0,6.0,,2026-07-24T11:48:04.437060+08:00
50,2017-09-18,55000.0,1695000.0,0.0,1750000.0,301.0,126.0,-116.0,1.0,,2026-07-24T11:48:04.437060+08:00
50,2017-09-19,61000.0,-220000.0,0.0,-159000.0,338.0,127.0,37.0,1.0,,2026-07-24T11:48:04.437060+08:00
50,2017-09-20,1038000.0,-2297000.0,0.0,-1259000.0,392.0,130.0,54.0,3.0,,2026-07-24T11:48:04.437060+08:00
50,2017-09-21,-73000.0,-64000.0,0.0,-137000.0,420.0,135.0,28.0,5.0,,2026-07-24T11:48:04.437060+08:00
50,2017-09-22,-2348000.0,-1819000.0,750000.0,-3417000.0,526.0,139.0,106.0,4.0,,2026-07-24T11:48:04.437060+08:00
50,2017-09-25,-1436000.0,-4389000.0,0.0,-5825000.0,723.0,151.0,197.0,12.0,,2026-07-24T11:48:04.437060+08:00
50,2017-09-26,-158000.0,-9067000.0,0.0,-9225000.0,910.0,160.0,187.0,9.0,,2026-07-24T11:48:04.437060+08:00
50,2017-09-27,230000.0,-3522000.0,0.0,-3292000.0,928.0,213.0,18.0,53.0,,2026-07-24T11:48:04.437060+08:00
50,2017-09-28,1076000.0,-3399000.0,0.0,-2323000.0,1014.0,238.0,86.0,25.0,,2026-07-24T11:48:04.437060+08:00
50,2017-09-29,1134000.0,41103.0,0.0,1175103.0,1014.0,270.0,0.0,32.0,,2026-07-24T11:48:04.437060+08:00
50,2017-09-30,-42000.0,-100000.0,0.0,-142000.0,972.0,287.0,-42.0,17.0,,2026-07-24T11:48:04.437060+08:00
50,2017-10-02,1126000.0,-571000.0,0.0,555000.0,957.0,288.0,-15.0,1.0,,2026-07-24T11:48:04.437060+08:00
50,2017-10-03,589000.0,-203000.0,0.0,386000.0,946.0,265.0,-11.0,-23.0,,2026-07-24T11:48:04.437060+08:00
50,2017-10-05,1634000.0,3213000.0,0.0,4847000.0,883.0,257.0,-63.0,-8.0,,2026-07-24T11:48:04.437060+08:00
50,2017-10-06,374000.0,2448000.0,80000.0,2902000.0,853.0,269.0,-30.0,12.0,,2026-07-24T11:48:04.437060+08:00
50,2017-10-11,7160000.0,6723000.0,617000.0,14500000.0,408.0,297.0,-445.0,28.0,,2026-07-24T11:48:04.437060+08:00
50,2017-10-12,4455000.0,2149000.0,100000.0,6704000.0,318.0,282.0,-90.0,-15.0,,2026-07-24T11:48:04.437060+08:00
50,2017-10-13,309000.0,2694272.0,100000.0,3103272.0,314.0,270.0,-4.0,-12.0,,2026-07-24T11:48:04.437060+08:00
50,2017-10-16,-367000.0,2761000.0,0.0,2394000.0,249.0,248.0,-65.0,-22.0,,2026-07-24T11:48:04.437060+08:00
50,2017-10-17,-28000.0,2594000.0,0.0,2566000.0,209.0,244.0,-40.0,-4.0,,2026-07-24T11:48:04.437060+08:00
50,2017-10-18,262820.0,3497000.0,0.0,3759820.0,213.0,244.0,4.0,0.0,,2026-07-24T11:48:04.437060+08:00
50,2017-10-19,13000.0,1390000.0,0.0,1403000.0,204.0,238.0,-9.0,-6.0,,2026-07-24T11:48:04.437060+08:00
50,2017-10-20,286000.0,806000.0,0.0,1092000.0,207.0,238.0,3.0,0.0,,2026-07-24T11:48:04.437060+08:00
50,2017-10-23,-189000.0,966099.0,0.0,777099.0,199.0,231.0,-8.0,-7.0,,2026-07-24T11:48:04.437060+08:00
50,2017-10-24,410000.0,258923.0,0.0,668923.0,199.0,231.0,0.0,0.0,,2026-07-24T11:48:04.437060+08:00
50,2017-10-25,38000.0,1547000.0,-1000000.0,585000.0,189.0,226.0,-10.0,-5.0,,2026-07-24T11:48:04.437060+08:00
50,2017-10-26,82000.0,2656000.0,-700000.0,2038000.0,191.0,226.0,2.0,0.0,,2026-07-24T11:48:04.437060+08:00
50,2017-10-27,577000.0,827000.0,0.0,1404000.0,168.0,225.0,-23.0,-1.0,,2026-07-24T11:48:04.437060+08:00
50,2017-10-30,-199000.0,2362000.0,0.0,2163000.0,181.0,225.0,13.0,0.0,,2026-07-24T11:48:04.437060+08:00
50,2017-10-31,-825000.0,1730000.0,0.0,905000.0,179.0,224.0,-2.0,-1.0,,2026-07-24T11:48:04.437060+08:00
50,2017-11-01,65000.0,282000.0,0.0,347000.0,180.0,223.0,1.0,-1.0,,2026-07-24T11:48:04.437060+08:00
50,2017-11-02,532000.0,300000.0,0.0,832000.0,193.0,223.0,13.0,0.0,,2026-07-24T11:48:04.437060+08:00
50,2017-11-03,-10000.0,729098.0,100000.0,819098.0,187.0,223.0,-6.0,0.0,,2026-07-24T11:48:04.437060+08:00
50,2017-11-06,-95000.0,1064000.0,0.0,969000.0,191.0,222.0,4.0,-1.0,,2026-07-24T11:48:04.437060+08:00
50,2017-11-07,-79000.0,1463000.0,0.0,1384000.0,190.0,222.0,-1.0,0.0,,2026-07-24T11:48:04.437060+08:00
50,2017-11-08,-37000.0,209000.0,0.0,172000.0,192.0,221.0,2.0,-1.0,,2026-07-24T11:48:04.437060+08:00
50,2017-11-09,-79000.0,302000.0,0.0,223000.0,197.0,221.0,5.0,0.0,,2026-07-24T11:48:04.437060+08:00
50,2017-11-10,-64000.0,189000.0,0.0,125000.0,200.0,221.0,3.0,0.0,,2026-07-24T11:48:04.437060+08:00
50,2017-11-13,-181000.0,91000.0,0.0,-90000.0,199.0,221.0,-1.0,0.0,,2026-07-24T11:48:04.437060+08:00
50,2017-11-14,-552000.0,5000.0,0.0,-547000.0,199.0,221.0,0.0,0.0,,2026-07-24T11:48:04.437060+08:00
50,2017-11-15,-4161000.0,-119000.0,0.0,-4280000.0,330.0,216.0,131.0,-5.0,,2026-07-24T11:48:04.437060+08:00
50,2017-11-16,-905000.0,-105000.0,0.0,-1010000.0,377.0,217.0,47.0,1.0,,2026-07-24T11:48:04.437060+08:00
50,2017-11-17,-5152000.0,4904099.0,0.0,-247901.0,352.0,209.0,-25.0,-8.0,,2026-07-24T11:48:04.437060+08:00
50,2017-11-20,-1008000.0,-258000.0,0.0,-1266000.0,372.0,206.0,20.0,-3.0,,2026-07-24T11:48:04.437060+08:00
50,2017-11-21,2524000.0,-2149000.0,0.0,375000.0,388.0,205.0,16.0,-1.0,,2026-07-24T11:48:04.437060+08:00
50,2017-11-22,-1215000.0,1664000.0,2000000.0,2449000.0,313.0,204.0,-75.0,-1.0,,2026-07-24T11:48:04.437060+08:00
50,2017-11-23,162000.0,91000.0,0.0,253000.0,277.0,204.0,-36.0,0.0,,2026-07-24T11:48:04.437060+08:00
50,2017-11-24,-289000.0,404000.0,0.0,115000.0,280.0,203.0,3.0,-1.0,,2026-07-24T11:48:04.437060+08:00
50,2017-11-27,-352000.0,-573804.0,0.0,-925804.0,342.0,203.0,62.0,0.0,,2026-07-24T11:48:04.437060+08:00
50,2017-11-28,-743000.0,-596100.0,0.0,-1339100.0,377.0,201.0,35.0,-2.0,,2026-07-24T11:48:04.437060+08:00
50,2017-11-29,-193000.0,-79000.0,0.0,-272000.0,377.0,201.0,0.0,0.0,,2026-07-24T11:48:04.437060+08:00
50,2017-11-30,-362000.0,-5944000.0,0.0,-6306000.0,595.0,203.0,218.0,2.0,,2026-07-24T11:48:04.437060+08:00
50,2017-12-01,-1597000.0,-2132000.0,0.0,-3729000.0,654.0,214.0,59.0,11.0,,2026-07-24T11:48:04.437060+08:00
50,2017-12-04,411000.0,-841000.0,0.0,-430000.0,668.0,217.0,14.0,3.0,,2026-07-24T11:48:04.437060+08:00
50,2017-12-05,-144000.0,-698000.0,0.0,-842000.0,733.0,225.0,65.0,8.0,,2026-07-24T11:48:04.437060+08:00
50,2017-12-06,-2186000.0,-8563000.0,-90000.0,-10839000.0,960.0,219.0,227.0,-6.0,,2026-07-24T11:48:04.437060+08:00
50,2017-12-07,-1965000.0,-3737690.0,0.0,-5702690.0,1122.0,210.0,162.0,-9.0,,2026-07-24T11:48:04.437060+08:00
50,2017-12-08,-1048000.0,-3623000.0,0.0,-4671000.0,1209.0,222.0,87.0,12.0,,2026-07-24T11:48:04.437060+08:00
50,2017-12-11,-2000.0,-1757000.0,0.0,-1759000.0,1268.0,224.0,59.0,2.0,,2026-07-24T11:48:04.437060+08:00
50,2017-12-12,193000.0,-3354000.0,-50000.0,-3211000.0,1323.0,234.0,55.0,10.0,,2026-07-24T11:48:04.437060+08:00
50,2017-12-13,-90000.0,-1140000.0,-50000.0,-1280000.0,1300.0,237.0,-23.0,3.0,,2026-07-24T11:48:04.437060+08:00
50,2017-12-14,263000.0,199000.0,0.0,462000.0,1223.0,241.0,-77.0,4.0,,2026-07-24T11:48:04.437060+08:00
50,2017-12-15,-66000.0,-1040897.0,-1000000.0,-2106897.0,1296.0,248.0,73.0,7.0,,2026-07-24T11:48:04.437060+08:00
50,2017-12-18,892000.0,-1261000.0,0.0,-369000.0,1284.0,248.0,-12.0,0.0,,2026-07-24T11:48:04.437060+08:00
50,2017-12-19,341000.0,-1626000.0,0.0,-1285000.0,1285.0,235.0,1.0,-13.0,,2026-07-24T11:48:04.437060+08:00
50,2017-12-20,1450180.0,-1926050.0,0.0,-475870.0,1296.0,243.0,11.0,8.0,,2026-07-24T11:48:04.437060+08:00
50,2017-12-21,327000.0,-508000.0,0.0,-181000.0,1302.0,250.0,6.0,7.0,,2026-07-24T11:48:04.437060+08:00
50,2017-12-22,462000.0,-689000.0,0.0,-227000.0,1291.0,248.0,-11.0,-2.0,,2026-07-24T11:48:04.437060+08:00
50,2017-12-25,186000.0,-47000.0,0.0,139000.0,1290.0,237.0,-1.0,-11.0,,2026-07-24T11:48:04.437060+08:00
50,2017-12-26,-560000.0,-1434000.0,0.0,-1994000.0,1279.0,251.0,-11.0,14.0,,2026-07-24T11:48:04.437060+08:00
50,2017-12-27,171000.0,795000.0,0.0,966000.0,1261.0,254.0,-18.0,3.0,,2026-07-24T11:48:04.437060+08:00
50,2017-12-28,-328000.0,1231000.0,0.0,903000.0,1196.0,262.0,-65.0,8.0,,2026-07-24T11:48:04.437060+08:00
50,2017-12-29,626000.0,2802000.0,0.0,3428000.0,1134.0,257.0,-62.0,-5.0,,2026-07-24T11:48:04.437060+08:00
50,2018-01-02,326000.0,1646000.0,333000.0,2305000.0,964.0,275.0,-170.0,18.0,,2026-07-24T11:48:04.437060+08:00
50,2018-01-03,3534000.0,2153000.0,0.0,5687000.0,727.0,271.0,-237.0,-4.0,,2026-07-24T11:48:04.437060+08:00
50,2018-01-04,2389000.0,1618000.0,-200000.0,3807000.0,600.0,264.0,-127.0,-7.0,,2026-07-24T11:48:04.437060+08:00
50,2018-01-05,548000.0,5749000.0,0.0,6297000.0,472.0,264.0,-128.0,0.0,,2026-07-24T11:48:04.437060+08:00
50,2018-01-08,-173000.0,3521000.0,0.0,3348000.0,396.0,255.0,-76.0,-9.0,,2026-07-24T11:48:04.437060+08:00
50,2018-01-09,-819000.0,1815000.0,0.0,996000.0,371.0,251.0,-25.0,-4.0,,2026-07-24T11:48:04.437060+08:00
50,2018-01-10,-2161000.0,302000.0,0.0,-1859000.0,382.0,244.0,11.0,-7.0,,2026-07-24T11:48:04.437060+08:00
50,2018-01-11,-608000.0,-743000.0,0.0,-1351000.0,373.0,242.0,-9.0,-2.0,,2026-07-24T11:48:04.437060+08:00
50,2018-01-12,1327000.0,-39000.0,0.0,1288000.0,343.0,240.0,-30.0,-2.0,,2026-07-24T11:48:04.437060+08:00
50,2018-01-15,1229000.0,80283.0,0.0,1309283.0,270.0,230.0,-73.0,-10.0,,2026-07-24T11:48:04.437060+08:00
50,2018-01-16,39000.0,-777000.0,0.0,-738000.0,242.0,206.0,-28.0,-24.0,,2026-07-24T11:48:04.437060+08:00
50,2018-01-17,-1669000.0,3541000.0,-250000.0,1622000.0,250.0,140.0,8.0,-66.0,,2026-07-24T11:48:04.437060+08:00
50,2018-01-18,2388000.0,2646000.0,257000.0,5291000.0,225.0,105.0,-25.0,-35.0,,2026-07-24T11:48:04.437060+08:00
50,2018-01-19,125000.0,911000.0,0.0,1036000.0,220.0,94.0,-5.0,-11.0,,2026-07-24T11:48:04.437060+08:00
50,2018-01-22,-804000.0,-520415.0,875000.0,-449415.0,215.0,70.0,-5.0,-24.0,,2026-07-24T11:48:04.437060+08:00
50,2018-01-23,-428000.0,2157000.0,0.0,1729000.0,211.0,13.0,-4.0,-57.0,,2026-07-24T11:48:04.437060+08:00
50,2018-01-24,-1334000.0,31000.0,0.0,-1303000.0,300.0,0.0,89.0,-13.0,,2026-07-24T11:48:04.437060+08:00
50,2018-01-25,-871000.0,339000.0,170000.0,-362000.0,283.0,0.0,-17.0,0.0,,2026-07-24T11:48:04.437060+08:00
50,2018-01-26,-2917000.0,-2624000.0,0.0,-5541000.0,485.0,0.0,202.0,0.0,,2026-07-24T11:48:04.437060+08:00
50,2018-01-29,-1654000.0,-2750000.0,0.0,-4404000.0,501.0,12.0,16.0,12.0,,2026-07-24T11:48:04.437060+08:00
50,2018-01-30,-136000.0,-494000.0,-644000.0,-1274000.0,531.0,16.0,30.0,4.0,,2026-07-24T11:48:04.437060+08:00
50,2018-01-31,974000.0,-1222000.0,-285000.0,-533000.0,533.0,7.0,2.0,-9.0,,2026-07-24T11:48:04.437060+08:00
50,2018-02-01,109000.0,387000.0,0.0,496000.0,644.0,17.0,111.0,10.0,,2026-07-24T11:48:04.437060+08:00
50,2018-02-02,261000.0,-1960000.0,0.0,-1699000.0,772.0,57.0,128.0,40.0,,2026-07-24T11:48:04.437060+08:00
50,2018-02-05,-760000.0,-3784000.0,-815000.0,-5359000.0,933.0,60.0,161.0,3.0,,2026-07-24T11:48:04.437060+08:00
50,2018-02-06,-1403000.0,-17799000.0,-1100000.0,-20302000.0,1496.0,74.0,563.0,14.0,,2026-07-24T11:48:04.437060+08:00
50,2018-02-07,-1865000.0,-2829000.0,0.0,-4694000.0,1528.0,97.0,32.0,23.0,,2026-07-24T11:48:04.437060+08:00
50,2018-02-08,-341000.0,-2581000.0,0.0,-2922000.0,1511.0,110.0,-17.0,13.0,,2026-07-24T11:48:04.437060+08:00
50,2018-02-09,-236000.0,-7120220.0,0.0,-7356220.0,1831.0,104.0,320.0,-6.0,,2026-07-24T11:48:04.437060+08:00
50,2018-02-12,-947000.0,-4097000.0,-300000.0,-5344000.0,1844.0,121.0,13.0,17.0,,2026-07-24T11:48:04.437060+08:00
50,2018-02-21,2311000.0,-3518000.0,1100000.0,-107000.0,1726.0,145.0,-118.0,24.0,,2026-07-24T11:48:04.437060+08:00
50,2018-02-22,-1356000.0,-1511000.0,0.0,-2867000.0,1798.0,164.0,72.0,19.0,,2026-07-24T11:48:04.437060+08:00
50,2018-02-23,330000.0,46000.0,550000.0,926000.0,1666.0,166.0,-132.0,2.0,,2026-07-24T11:48:04.437060+08:00
50,2018-02-26,-511000.0,1377731.0,0.0,866731.0,1496.0,182.0,-170.0,16.0,,2026-07-24T11:48:04.437060+08:00
50,2018-02-27,-275000.0,5497000.0,0.0,5222000.0,1407.0,198.0,-89.0,16.0,,2026-07-24T11:48:04.437060+08:00
50,2018-03-01,-533000.0,-930000.0,0.0,-1463000.0,1388.0,190.0,-19.0,-8.0,,2026-07-24T11:48:04.437060+08:00
50,2018-03-02,439000.0,-2827000.0,0.0,-2388000.0,1337.0,206.0,-51.0,16.0,,2026-07-24T11:48:04.437060+08:00
50,2018-03-05,452000.0,-1036000.0,0.0,-584000.0,1293.0,219.0,-44.0,13.0,,2026-07-24T11:48:04.437060+08:00
50,2018-03-06,1908000.0,2360000.0,-850000.0,3418000.0,1207.0,229.0,-86.0,10.0,,2026-07-24T11:48:04.437060+08:00
50,2018-03-07,-606000.0,434000.0,0.0,-172000.0,1196.0,265.0,-11.0,36.0,,2026-07-24T11:48:04.437060+08:00
50,2018-03-08,187000.0,2041000.0,0.0,2228000.0,1140.0,285.0,-56.0,20.0,,2026-07-24T11:48:04.437060+08:00
50,2018-03-09,998000.0,-155000.0,0.0,843000.0,1093.0,287.0,-47.0,2.0,,2026-07-24T11:48:04.437060+08:00
50,2018-03-12,3642000.0,3847000.0,500000.0,7989000.0,962.0,312.0,-131.0,25.0,,2026-07-24T11:48:04.437060+08:00
50,2018-03-13,5736000.0,2026000.0,0.0,7762000.0,933.0,285.0,-29.0,-27.0,,2026-07-24T11:48:04.437060+08:00
50,2018-03-14,-520000.0,205000.0,600000.0,285000.0,951.0,249.0,18.0,-36.0,,2026-07-24T11:48:04.437060+08:00
50,2018-03-15,-265000.0,354000.0,0.0,89000.0,955.0,255.0,4.0,6.0,,2026-07-24T11:48:04.437060+08:00
50,2018-03-16,-1664000.0,-332000.0,0.0,-1996000.0,1006.0,261.0,51.0,6.0,,2026-07-24T11:48:04.437060+08:00
50,2018-03-19,254000.0,489000.0,0.0,743000.0,969.0,278.0,-37.0,17.0,,2026-07-24T11:48:04.437060+08:00
50,2018-03-20,683000.0,1311000.0,-1100000.0,894000.0,958.0,255.0,-11.0,-23.0,,2026-07-24T11:48:04.437060+08:00
50,2018-03-21,-1104000.0,3069716.0,-1100000.0,865716.0,951.0,257.0,-7.0,2.0,,2026-07-24T11:48:04.437060+08:00
50,2018-03-22,-146000.0,1285000.0,0.0,1139000.0,950.0,257.0,-1.0,0.0,,2026-07-24T11:48:04.437060+08:00
50,2018-03-23,-5475000.0,-509000.0,0.0,-5984000.0,995.0,254.0,45.0,-3.0,,2026-07-24T11:48:04.437060+08:00
50,2018-03-26,-1378000.0,-1869000.0,0.0,-3247000.0,991.0,253.0,-4.0,-1.0,,2026-07-24T11:48:04.437060+08:00
50,2018-03-27,143000.0,1212000.0,0.0,1355000.0,945.0,259.0,-46.0,6.0,,2026-07-24T11:48:04.437060+08:00
50,2018-03-28,-3243000.0,339000.0,0.0,-2904000.0,960.0,253.0,15.0,-6.0,,2026-07-24T11:48:04.437060+08:00
50,2018-03-29,-1292000.0,-2161000.0,122000.0,-3331000.0,971.0,253.0,11.0,0.0,,2026-07-24T11:48:04.437060+08:00
50,2018-03-30,-752000.0,2627000.0,0.0,1875000.0,917.0,253.0,-54.0,0.0,,2026-07-24T11:48:04.437060+08:00
50,2018-03-31,-53000.0,83000.0,78000.0,108000.0,944.0,252.0,27.0,-1.0,,2026-07-24T11:48:04.437060+08:00
50,2018-04-02,-82000.0,-1362000.0,0.0,-1444000.0,984.0,254.0,40.0,2.0,,2026-07-24T11:48:04.437060+08:00
50,2018-04-03,-1273000.0,-3766000.0,0.0,-5039000.0,1144.0,258.0,160.0,4.0,,2026-07-24T11:48:04.437060+08:00
50,2018-04-09,2237000.0,-1288000.0,0.0,949000.0,1074.0,293.0,-70.0,35.0,,2026-07-24T11:48:04.437060+08:00
50,2018-04-10,2030000.0,-44000.0,0.0,1986000.0,1082.0,291.0,8.0,-2.0,,2026-07-24T11:48:04.437060+08:00
50,2018-04-11,167000.0,-409000.0,940000.0,698000.0,1036.0,292.0,-46.0,1.0,,2026-07-24T11:48:04.437060+08:00
50,2018-04-12,-506000.0,-1676000.0,1530000.0,-652000.0,1017.0,292.0,-19.0,0.0,,2026-07-24T11:48:04.437060+08:00
50,2018-04-13,2258000.0,-1463000.0,0.0,795000.0,1029.0,292.0,12.0,0.0,,2026-07-24T11:48:04.437060+08:00
50,2018-04-16,428000.0,-124000.0,0.0,304000.0,1037.0,314.0,8.0,22.0,,2026-07-24T11:48:04.437060+08:00
50,2018-04-17,-1700000.0,-1330000.0,-75000.0,-3105000.0,1071.0,304.0,34.0,-10.0,,2026-07-24T11:48:04.437060+08:00
50,2018-04-18,875000.0,-976000.0,0.0,-101000.0,1112.0,297.0,41.0,-7.0,,2026-07-24T11:48:04.437060+08:00
50,2018-04-19,3507000.0,-184000.0,0.0,3323000.0,987.0,272.0,-125.0,-25.0,,2026-07-24T11:48:04.437060+08:00
50,2018-04-20,-7070000.0,153000.0,-450000.0,-7367000.0,1267.0,257.0,280.0,-15.0,,2026-07-24T11:48:04.437060+08:00
50,2018-04-23,-3092000.0,-5184257.0,-1050000.0,-9326257.0,1505.0,279.0,238.0,22.0,,2026-07-24T11:48:04.437060+08:00
50,2018-04-24,-2045000.0,-9632000.0,-1170000.0,-12847000.0,1720.0,263.0,215.0,-16.0,,2026-07-24T11:48:04.437060+08:00
50,2018-04-25,-4328000.0,-10118000.0,0.0,-14446000.0,1924.0,254.0,204.0,-9.0,,2026-07-24T11:48:04.437060+08:00
50,2018-04-26,-3560000.0,-10212000.0,0.0,-13772000.0,2280.0,277.0,356.0,23.0,,2026-07-24T11:48:04.437060+08:00
50,2018-04-27,-1444000.0,-8452000.0,0.0,-9896000.0,2760.0,419.0,480.0,142.0,,2026-07-24T11:48:04.437060+08:00
50,2018-04-30,49000.0,-1786000.0,0.0,-1737000.0,2681.0,417.0,-79.0,-2.0,,2026-07-24T11:48:04.437060+08:00
50,2018-05-02,-94000.0,-3930940.0,400000.0,-3624940.0,2698.0,453.0,17.0,36.0,,2026-07-24T11:48:04.437060+08:00
50,2018-05-03,-87000.0,-6255000.0,6000.0,-6336000.0,2810.0,431.0,112.0,-22.0,,2026-07-24T11:48:04.437060+08:00
50,2018-05-04,-761000.0,-1224000.0,0.0,-1985000.0,2815.0,426.0,5.0,-5.0,,2026-07-24T11:48:04.437060+08:00
50,2018-05-07,582000.0,-1349240.0,-56000.0,-823240.0,2592.0,435.0,-223.0,9.0,,2026-07-24T11:48:04.437060+08:00
50,2018-05-08,2302000.0,-754000.0,0.0,1548000.0,2386.0,448.0,-206.0,13.0,,2026-07-24T11:48:04.437060+08:00
50,2018-05-09,1119000.0,-130000.0,1300000.0,2289000.0,2278.0,455.0,-108.0,7.0,,2026-07-24T11:48:04.437060+08:00
50,2018-05-10,3381000.0,-26000.0,0.0,3355000.0,2221.0,456.0,-57.0,1.0,,2026-07-24T11:48:04.437060+08:00
50,2018-05-11,1134000.0,12666160.0,700000.0,14500160.0,1602.0,478.0,-619.0,22.0,,2026-07-24T11:48:04.437060+08:00
50,2018-05-14,2554000.0,11592000.0,0.0,14146000.0,1273.0,483.0,-329.0,5.0,,2026-07-24T11:48:04.437060+08:00
50,2018-05-15,1085000.0,3526000.0,0.0,4611000.0,1187.0,479.0,-86.0,-4.0,,2026-07-24T11:48:04.437060+08:00
50,2018-05-16,-2284000.0,5006000.0,0.0,2722000.0,1166.0,480.0,-21.0,1.0,,2026-07-24T11:48:04.437060+08:00
50,2018-05-17,470000.0,-155000.0,0.0,315000.0,1191.0,338.0,25.0,-142.0,,2026-07-24T11:48:04.437060+08:00
50,2018-05-18,1060000.0,108000.0,0.0,1168000.0,1189.0,339.0,-2.0,1.0,,2026-07-24T11:48:04.437060+08:00
50,2018-05-21,1874000.0,-5000.0,0.0,1869000.0,1068.0,324.0,-121.0,-15.0,,2026-07-24T11:48:04.437060+08:00
50,2018-05-22,543000.0,132000.0,0.0,675000.0,1101.0,324.0,33.0,0.0,,2026-07-24T11:48:04.437060+08:00
50,2018-05-23,-280000.0,75000.0,0.0,-205000.0,1093.0,325.0,-8.0,1.0,,2026-07-24T11:48:04.437060+08:00
50,2018-05-24,760000.0,-28262.0,0.0,731738.0,1100.0,325.0,7.0,0.0,,2026-07-24T11:48:04.437060+08:00
50,2018-05-25,1221000.0,904000.0,0.0,2125000.0,1045.0,326.0,-55.0,1.0,,2026-07-24T11:48:04.437060+08:00
50,2018-05-28,1268000.0,441000.0,0.0,1709000.0,1045.0,326.0,0.0,0.0,,2026-07-24T11:48:04.437060+08:00
50,2018-05-29,73000.0,-288000.0,0.0,-215000.0,1067.0,327.0,22.0,1.0,,2026-07-24T11:48:04.437060+08:00
50,2018-05-30,247000.0,-1763000.0,0.0,-1516000.0,1151.0,321.0,84.0,-6.0,,2026-07-24T11:48:04.437060+08:00
50,2018-05-31,-490000.0,247000.0,0.0,-243000.0,1133.0,313.0,-18.0,-8.0,,2026-07-24T11:48:04.437060+08:00
50,2018-06-01,876000.0,56000.0,0.0,932000.0,1111.0,316.0,-22.0,3.0,,2026-07-24T11:48:04.437060+08:00
50,2018-06-04,4160000.0,1801000.0,0.0,5961000.0,1024.0,318.0,-87.0,2.0,,2026-07-24T11:48:04.437060+08:00
50,2018-06-05,1299000.0,-5895.0,-500000.0,793105.0,969.0,318.0,-55.0,0.0,,2026-07-24T11:48:04.437060+08:00
50,2018-06-06,3581000.0,1220000.0,0.0,4801000.0,877.0,314.0,-92.0,-4.0,,2026-07-24T11:48:04.437060+08:00
50,2018-06-07,1936000.0,2744000.0,0.0,4680000.0,869.0,311.0,-8.0,-3.0,,2026-07-24T11:48:04.437060+08:00
50,2018-06-08,-1470000.0,1960000.0,0.0,490000.0,872.0,317.0,3.0,6.0,,2026-07-24T11:48:04.437060+08:00
50,2018-06-11,2026000.0,361000.0,0.0,2387000.0,859.0,317.0,-13.0,0.0,,2026-07-24T11:48:04.437060+08:00
50,2018-06-12,-304000.0,492000.0,0.0,188000.0,920.0,316.0,61.0,-1.0,,2026-07-24T11:48:04.437060+08:00
50,2018-06-13,-45000.0,2560000.0,0.0,2515000.0,869.0,304.0,-51.0,-12.0,,2026-07-24T11:48:04.437060+08:00
50,2018-06-14,-1813642.0,-387000.0,0.0,-2200642.0,977.0,301.0,108.0,-3.0,,2026-07-24T11:48:04.437060+08:00
50,2018-06-15,-62000.0,-320000.0,-1100000.0,-1482000.0,986.0,299.0,9.0,-2.0,,2026-07-24T11:48:04.437060+08:00
50,2018-06-19,-2480000.0,-1031000.0,-600000.0,-4111000.0,1123.0,288.0,137.0,-11.0,,2026-07-24T11:48:04.437060+08:00
50,2018-06-20,-3462000.0,1936000.0,0.0,-1526000.0,1048.0,290.0,-75.0,2.0,,2026-07-24T11:48:04.437060+08:00
50,2018-06-21,-488000.0,-650000.0,0.0,-1138000.0,1115.0,291.0,67.0,1.0,,2026-07-24T11:48:04.437060+08:00
50,2018-06-22,-3359000.0,-1872000.0,1100000.0,-4131000.0,1143.0,290.0,28.0,-1.0,,2026-07-24T11:48:04.437060+08:00
50,2018-06-25,-4326000.0,-2100000.0,0.0,-6426000.0,1323.0,290.0,180.0,0.0,,2026-07-24T11:48:04.437060+08:00
50,2018-06-26,-3304000.0,-9268000.0,0.0,-12572000.0,1412.0,286.0,89.0,-4.0,,2026-07-24T11:48:04.437060+08:00
50,2018-06-27,-1014000.0,-3773000.0,-1196000.0,-5983000.0,1447.0,284.0,35.0,-2.0,,2026-07-24T11:48:04.437060+08:00
50,2018-06-28,495000.0,-7472000.0,0.0,-6977000.0,1553.0,291.0,106.0,7.0,,2026-07-24T11:48:04.437060+08:00
50,2018-06-29,1918000.0,-1785000.0,0.0,133000.0,1554.0,312.0,1.0,21.0,,2026-07-24T11:48:04.437060+08:00
50,2018-07-02,1335000.0,165001.0,0.0,1500001.0,1446.0,317.0,-108.0,5.0,,2026-07-24T11:48:04.437060+08:00
50,2018-07-03,1982000.0,-928000.0,-600000.0,454000.0,1458.0,310.0,12.0,-7.0,,2026-07-24T11:48:04.437060+08:00
50,2018-07-04,708000.0,124000.0,0.0,832000.0,1452.0,313.0,-6.0,3.0,,2026-07-24T11:48:04.437060+08:00
50,2018-07-05,123000.0,-1364000.0,0.0,-1241000.0,1473.0,290.0,21.0,-23.0,,2026-07-24T11:48:04.437060+08:00
50,2018-07-06,-320000.0,-812000.0,0.0,-1132000.0,1541.0,294.0,68.0,4.0,,2026-07-24T11:48:04.437060+08:00
50,2018-07-09,2493000.0,3769000.0,0.0,6262000.0,1296.0,306.0,-245.0,12.0,,2026-07-24T11:48:04.437060+08:00
50,2018-07-10,-44000.0,286000.0,2400000.0,2642000.0,1218.0,132.0,-78.0,-174.0,,2026-07-24T11:48:04.437060+08:00
50,2018-07-11,-1504000.0,224000.0,0.0,-1280000.0,1263.0,115.0,45.0,-17.0,,2026-07-24T11:48:04.437060+08:00
50,2018-07-12,2830000.0,3071000.0,16000.0,5917000.0,1194.0,116.0,-69.0,1.0,,2026-07-24T11:48:04.437060+08:00
50,2018-07-13,6368000.0,2983895.0,0.0,9351895.0,1060.0,115.0,-134.0,-1.0,,2026-07-24T11:48:04.437060+08:00
50,2018-07-16,2075000.0,1247000.0,24000.0,3346000.0,808.0,99.0,-252.0,-16.0,,2026-07-24T11:48:04.437060+08:00
50,2018-07-17,615000.0,-88000.0,0.0,527000.0,817.0,0.0,9.0,-99.0,,2026-07-24T11:48:04.437060+08:00
50,2018-07-18,-2784000.0,7736000.0,0.0,4952000.0,703.0,0.0,-114.0,0.0,,2026-07-24T11:48:04.437060+08:00
50,2018-07-19,2663000.0,5697000.0,0.0,8360000.0,659.0,0.0,-44.0,0.0,,2026-07-24T11:48:04.437060+08:00
50,2018-07-20,1129000.0,12558000.0,0.0,13687000.0,551.0,0.0,-108.0,0.0,,2026-07-24T11:48:04.437060+08:00
50,2018-07-23,-921000.0,6176000.0,0.0,5255000.0,541.0,15.0,-10.0,15.0,,2026-07-24T11:48:04.437060+08:00
50,2018-07-24,1836000.0,2459000.0,0.0,4295000.0,537.0,21.0,-4.0,6.0,,2026-07-24T11:48:04.437060+08:00
50,2018-07-25,-956000.0,5270000.0,0.0,4314000.0,532.0,23.0,-5.0,2.0,,2026-07-24T11:48:04.437060+08:00
50,2018-07-26,-1183000.0,7125000.0,0.0,5942000.0,502.0,25.0,-30.0,2.0,,2026-07-24T11:48:04.437060+08:00
50,2018-07-27,1312000.0,3133000.0,0.0,4445000.0,444.0,45.0,-58.0,20.0,,2026-07-24T11:48:04.437060+08:00
50,2018-07-30,512000.0,1566940.0,-30000.0,2048940.0,465.0,45.0,21.0,0.0,,2026-07-24T11:48:04.437060+08:00
50,2018-07-31,1152000.0,631000.0,-265000.0,1518000.0,478.0,47.0,13.0,2.0,,2026-07-24T11:48:04.437060+08:00
50,2018-08-01,632000.0,1986000.0,0.0,2618000.0,471.0,49.0,-7.0,2.0,,2026-07-24T11:48:04.437060+08:00
50,2018-08-02,-713000.0,1908840.0,0.0,1195840.0,436.0,47.0,-35.0,-2.0,,2026-07-24T11:48:04.437060+08:00
50,2018-08-03,320000.0,233000.0,0.0,553000.0,430.0,48.0,-6.0,1.0,,2026-07-24T11:48:04.437060+08:00
50,2018-08-06,-445000.0,242000.0,0.0,-203000.0,428.0,65.0,-2.0,17.0,,2026-07-24T11:48:04.437060+08:00
50,2018-08-07,-615445.0,154000.0,0.0,-461445.0,417.0,65.0,-11.0,0.0,,2026-07-24T11:48:04.437060+08:00
50,2018-08-08,-119000.0,1857000.0,0.0,1738000.0,364.0,67.0,-53.0,2.0,,2026-07-24T11:48:04.437060+08:00
50,2018-08-09,-721000.0,283000.0,-10000.0,-448000.0,373.0,65.0,9.0,-2.0,,2026-07-24T11:48:04.437060+08:00
50,2018-08-10,-611000.0,159000.0,0.0,-452000.0,388.0,67.0,15.0,2.0,,2026-07-24T11:48:04.437060+08:00
50,2018-08-13,-2202000.0,-2033000.0,0.0,-4235000.0,518.0,56.0,130.0,-11.0,,2026-07-24T11:48:04.437060+08:00
50,2018-08-14,836000.0,286000.0,0.0,1122000.0,514.0,59.0,-4.0,3.0,,2026-07-24T11:48:04.437060+08:00
50,2018-08-15,-964000.0,-770000.0,0.0,-1734000.0,619.0,59.0,105.0,0.0,,2026-07-24T11:48:04.437060+08:00
50,2018-08-16,-2618000.0,-725000.0,0.0,-3343000.0,694.0,54.0,75.0,-5.0,,2026-07-24T11:48:04.437060+08:00
50,2018-08-17,-2420000.0,-978000.0,0.0,-3398000.0,729.0,56.0,35.0,2.0,,2026-07-24T11:48:04.437060+08:00
50,2018-08-20,-2039000.0,-561000.0,0.0,-2600000.0,811.0,59.0,82.0,3.0,,2026-07-24T11:48:04.437060+08:00
50,2018-08-21,-731000.0,-2055000.0,1100000.0,-1686000.0,785.0,59.0,-26.0,0.0,,2026-07-24T11:48:04.437060+08:00
50,2018-08-22,-2113000.0,414000.0,100000.0,-1599000.0,793.0,57.0,8.0,-2.0,,2026-07-24T11:48:04.437060+08:00
50,2018-08-23,-61000.0,973000.0,0.0,912000.0,857.0,58.0,64.0,1.0,,2026-07-24T11:48:04.437060+08:00
50,2018-08-24,-1290000.0,502000.0,200000.0,-588000.0,1053.0,59.0,196.0,1.0,,2026-07-24T11:48:04.437060+08:00
50,2018-08-27,-161000.0,2872000.0,0.0,2711000.0,950.0,127.0,-103.0,68.0,,2026-07-24T11:48:04.437060+08:00
50,2018-08-28,434000.0,5212000.0,0.0,5646000.0,885.0,133.0,-65.0,6.0,,2026-07-24T11:48:04.437060+08:00
50,2018-08-29,723000.0,8116260.0,35000.0,8874260.0,502.0,150.0,-383.0,17.0,,2026-07-24T11:48:04.437060+08:00
50,2018-08-30,1334000.0,3080000.0,-200000.0,4214000.0,439.0,148.0,-63.0,-2.0,,2026-07-24T11:48:04.437060+08:00
50,2018-08-31,51000.0,103000.0,0.0,154000.0,463.0,148.0,24.0,0.0,,2026-07-24T11:48:04.437060+08:00
50,2018-09-03,445000.0,-308280.0,0.0,136720.0,458.0,148.0,-5.0,0.0,,2026-07-24T11:48:04.437060+08:00
50,2018-09-04,329000.0,869000.0,-570000.0,628000.0,452.0,148.0,-6.0,0.0,,2026-07-24T11:48:04.437060+08:00
50,2018-09-05,334000.0,208000.0,0.0,542000.0,435.0,147.0,-17.0,-1.0,,2026-07-24T11:48:04.437060+08:00
50,2018-09-06,-223000.0,-222990.0,0.0,-445990.0,471.0,147.0,36.0,0.0,,2026-07-24T11:48:04.437060+08:00
50,2018-09-07,-897000.0,-404000.0,150000.0,-1151000.0,543.0,145.0,72.0,-2.0,,2026-07-24T11:48:04.437060+08:00
50,2018-09-10,-2745000.0,-1479000.0,0.0,-4224000.0,787.0,154.0,244.0,9.0,,2026-07-24T11:48:04.437060+08:00
50,2018-09-11,-6191000.0,-11651990.0,0.0,-17842990.0,1190.0,162.0,403.0,8.0,,2026-07-24T11:48:04.437060+08:00
50,2018-09-12,-328000.0,-15725817.0,645000.0,-15408817.0,1595.0,178.0,405.0,16.0,,2026-07-24T11:48:04.437060+08:00
50,2018-09-13,-637000.0,-18121000.0,20000.0,-18738000.0,1962.0,179.0,367.0,1.0,,2026-07-24T11:48:04.437060+08:00
50,2018-09-14,736087.0,-2055000.0,280000.0,-1038913.0,1893.0,215.0,-69.0,36.0,,2026-07-24T11:48:04.437060+08:00
50,2018-09-17,1152000.0,-6457000.0,0.0,-5305000.0,2030.0,219.0,137.0,4.0,,2026-07-24T11:48:04.437060+08:00
50,2018-09-18,889000.0,-3076000.0,0.0,-2187000.0,2080.0,229.0,50.0,10.0,,2026-07-24T11:48:04.437060+08:00
50,2018-09-19,-724000.0,2368000.0,30000.0,1674000.0,2079.0,280.0,-1.0,51.0,,2026-07-24T11:48:04.437060+08:00
50,2018-09-20,456000.0,-1329000.0,200000.0,-673000.0,2142.0,303.0,63.0,23.0,,2026-07-24T11:48:04.437060+08:00
50,2018-09-21,2803000.0,2579000.0,150000.0,5532000.0,1957.0,182.0,-185.0,-121.0,,2026-07-24T11:48:04.437060+08:00
50,2018-09-25,843000.0,4878000.0,0.0,5721000.0,1814.0,187.0,-143.0,5.0,,2026-07-24T11:48:04.437060+08:00
50,2018-09-26,348000.0,5439000.0,0.0,5787000.0,1461.0,191.0,-353.0,4.0,,2026-07-24T11:48:04.437060+08:00
50,2018-09-27,-243000.0,23442000.0,0.0,23199000.0,1053.0,215.0,-408.0,24.0,,2026-07-24T11:48:04.437060+08:00
50,2018-09-28,2413000.0,6660000.0,-70000.0,9003000.0,885.0,217.0,-168.0,2.0,,2026-07-24T11:48:04.437060+08:00
50,2018-10-01,204000.0,4779030.0,0.0,4983030.0,789.0,224.0,-96.0,7.0,,2026-07-24T11:48:04.437060+08:00
50,2018-10-02,-568000.0,-223890.0,-22000.0,-813890.0,719.0,227.0,-70.0,3.0,,2026-07-24T11:48:04.437060+08:00
50,2018-10-03,236000.0,1609000.0,-725000.0,1120000.0,703.0,228.0,-16.0,1.0,,2026-07-24T11:48:04.437060+08:00
50,2018-10-04,-2392000.0,-4049000.0,-550000.0,-6991000.0,965.0,174.0,262.0,-54.0,,2026-07-24T11:48:04.437060+08:00
50,2018-10-05,1217000.0,-19567000.0,40000.0,-18310000.0,1699.0,133.0,734.0,-41.0,,2026-07-24T11:48:04.437060+08:00
50,2018-10-08,-3400000.0,-38831000.0,-28000.0,-42259000.0,2667.0,149.0,968.0,16.0,,2026-07-24T11:48:04.437060+08:00
50,2018-10-09,-192000.0,-16091000.0,100000.0,-16183000.0,2992.0,153.0,325.0,4.0,,2026-07-24T11:48:04.437060+08:00
50,2018-10-11,-2482000.0,-48003000.0,250000.0,-50235000.0,3880.0,508.0,888.0,355.0,,2026-07-24T11:48:04.437060+08:00
50,2018-10-12,-1535000.0,-5189000.0,-1500000.0,-8224000.0,3681.0,602.0,-199.0,94.0,,2026-07-24T11:48:04.437060+08:00
50,2018-10-15,-2729996.0,-41514000.0,0.0,-44243996.0,4043.0,711.0,362.0,109.0,,2026-07-24T11:48:04.437060+08:00
50,2018-10-16,575000.0,-11625000.0,0.0,-11050000.0,4316.0,715.0,273.0,4.0,,2026-07-24T11:48:04.437060+08:00
50,2018-10-17,5018427.0,-8887900.0,1500000.0,-2369473.0,4199.0,650.0,-117.0,-65.0,,2026-07-24T11:48:04.437060+08:00
50,2018-10-18,255000.0,-4212900.0,9000.0,-3948900.0,4049.0,752.0,-150.0,102.0,,2026-07-24T11:48:04.437060+08:00
50,2018-10-19,2328000.0,-4990000.0,0.0,-2662000.0,3910.0,761.0,-139.0,9.0,,2026-07-24T11:48:04.437060+08:00
50,2018-10-22,-61000.0,-6121950.0,0.0,-6182950.0,3909.0,660.0,-1.0,-101.0,,2026-07-24T11:48:04.437060+08:00
50,2018-10-23,-4080000.0,-16464950.0,0.0,-20544950.0,4420.0,666.0,511.0,6.0,,2026-07-24T11:48:04.437060+08:00
50,2018-10-24,579000.0,-2260000.0,-2230000.0,-3911000.0,4438.0,709.0,18.0,43.0,,2026-07-24T11:48:04.437060+08:00
50,2018-10-25,-5851000.0,-15814000.0,0.0,-21665000.0,4457.0,759.0,19.0,50.0,,2026-07-24T11:48:04.437060+08:00
50,2018-10-26,-2075552.0,-8315000.0,-350000.0,-10740552.0,4349.0,883.0,-108.0,124.0,,2026-07-24T11:48:04.437060+08:00
50,2018-10-29,-2056998.0,-3073110.0,0.0,-5130108.0,4375.0,962.0,26.0,79.0,,2026-07-24T11:48:04.437060+08:00
50,2018-10-30,-128000.0,-1749000.0,100000.0,-1777000.0,4386.0,1056.0,11.0,94.0,,2026-07-24T11:48:04.437060+08:00
50,2018-10-31,159000.0,-1928000.0,0.0,-1769000.0,4303.0,1080.0,-83.0,24.0,,2026-07-24T11:48:04.437060+08:00
50,2018-11-01,267000.0,642000.0,0.0,909000.0,4047.0,1130.0,-256.0,50.0,,2026-07-24T11:48:04.437060+08:00
50,2018-11-02,216000.0,22000.0,0.0,238000.0,3849.0,1133.0,-198.0,3.0,,2026-07-24T11:48:04.437060+08:00
50,2018-11-05,-305000.0,-143000.0,0.0,-448000.0,3717.0,1172.0,-132.0,39.0,,2026-07-24T11:48:04.437060+08:00
50,2018-11-06,-1528000.0,-1251000.0,0.0,-2779000.0,3654.0,1186.0,-63.0,14.0,,2026-07-24T11:48:04.437060+08:00
50,2018-11-07,3108000.0,-452000.0,0.0,2656000.0,3648.0,1199.0,-6.0,13.0,,2026-07-24T11:48:04.437060+08:00
50,2018-11-08,-329000.0,795000.0,875000.0,1341000.0,3323.0,1091.0,-325.0,-108.0,,2026-07-24T11:48:04.437060+08:00
50,2018-11-09,-9916000.0,-23286000.0,1125000.0,-32077000.0,3220.0,1311.0,-103.0,220.0,,2026-07-24T11:48:04.437060+08:00
50,2018-11-12,-86000.0,-904000.0,1130000.0,140000.0,2767.0,1437.0,-453.0,126.0,,2026-07-24T11:48:04.437060+08:00
50,2018-11-13,-481000.0,-4633000.0,-310000.0,-5424000.0,2815.0,1373.0,48.0,-64.0,,2026-07-24T11:48:04.437060+08:00
50,2018-11-14,-383000.0,-2302000.0,-1130000.0,-3815000.0,2733.0,1415.0,-82.0,42.0,,2026-07-24T11:48:04.437060+08:00
50,2018-11-15,-969000.0,-1720000.0,-1100000.0,-3789000.0,2858.0,1413.0,125.0,-2.0,,2026-07-24T11:48:04.437060+08:00
50,2018-11-16,-1655000.0,-4811000.0,0.0,-6466000.0,2991.0,1414.0,133.0,1.0,,2026-07-24T11:48:04.437060+08:00
50,2018-11-19,-2630000.0,-2633000.0,0.0,-5263000.0,2873.0,1410.0,-118.0,-4.0,,2026-07-24T11:48:04.437060+08:00
50,2018-11-20,-3326000.0,-2759000.0,-600000.0,-6685000.0,2982.0,1290.0,109.0,-120.0,,2026-07-24T11:48:04.437060+08:00
50,2018-11-21,-5354000.0,-1502970.0,-1100000.0,-7956970.0,2995.0,1269.0,13.0,-21.0,,2026-07-24T11:48:04.437060+08:00
50,2018-11-22,-331000.0,-4397900.0,0.0,-4728900.0,3072.0,1288.0,77.0,19.0,,2026-07-24T11:48:04.437060+08:00
50,2018-11-23,-51000.0,-928000.0,0.0,-979000.0,3150.0,1371.0,78.0,83.0,,2026-07-24T11:48:04.437060+08:00
50,2018-11-26,996000.0,68000.0,0.0,1064000.0,3047.0,1338.0,-103.0,-33.0,,2026-07-24T11:48:04.437060+08:00
50,2018-11-27,209000.0,-4954000.0,0.0,-4745000.0,3095.0,1322.0,48.0,-16.0,,2026-07-24T11:48:04.437060+08:00
50,2018-11-28,327000.0,-89000.0,0.0,238000.0,2877.0,1317.0,-218.0,-5.0,,2026-07-24T11:48:04.437060+08:00
50,2018-11-29,-643000.0,-1588000.0,217000.0,-2014000.0,2854.0,1351.0,-23.0,34.0,,2026-07-24T11:48:04.437060+08:00
50,2018-11-30,-539000.0,-915000.0,1143000.0,-311000.0,2846.0,1351.0,-8.0,0.0,,2026-07-24T11:48:04.437060+08:00
50,2018-12-03,2396000.0,4380553.0,1208000.0,7984553.0,2651.0,1283.0,-195.0,-68.0,,2026-07-24T11:48:04.437060+08:00
50,2018-12-04,-14000.0,-246000.0,1075000.0,815000.0,2579.0,1212.0,-72.0,-71.0,,2026-07-24T11:48:04.437060+08:00
50,2018-12-05,-3016000.0,-2710500.0,0.0,-5726500.0,2691.0,1182.0,112.0,-30.0,,2026-07-24T11:48:04.437060+08:00
50,2018-12-06,-4672000.0,-12979000.0,0.0,-17651000.0,3393.0,1153.0,702.0,-29.0,,2026-07-24T11:48:04.437060+08:00
50,2018-12-07,6000.0,-1135740.0,-2171000.0,-3300740.0,3104.0,1330.0,-289.0,177.0,,2026-07-24T11:48:04.437060+08:00
50,2018-12-10,-3826002.0,-6075000.0,-1157000.0,-11058002.0,3344.0,1322.0,240.0,-8.0,,2026-07-24T11:48:04.437060+08:00
50,2018-12-11,333000.0,-3173000.0,0.0,-2840000.0,3352.0,1318.0,8.0,-4.0,,2026-07-24T11:48:04.437060+08:00
50,2018-12-12,-1472463.0,801000.0,0.0,-671463.0,3005.0,1353.0,-347.0,35.0,,2026-07-24T11:48:04.437060+08:00
50,2018-12-13,-863000.0,-987000.0,10000.0,-1840000.0,2852.0,1357.0,-153.0,4.0,,2026-07-24T11:48:04.437060+08:00
50,2018-12-14,-1553000.0,-3964053.0,0.0,-5517053.0,3097.0,1335.0,245.0,-22.0,,2026-07-24T11:48:04.437060+08:00
50,2018-12-17,-800000.0,-329000.0,0.0,-1129000.0,3075.0,1349.0,-22.0,14.0,,2026-07-24T11:48:04.437060+08:00
50,2018-12-18,-2262000.0,-3122000.0,0.0,-5384000.0,3093.0,1350.0,18.0,1.0,,2026-07-24T11:48:04.437060+08:00
50,2018-12-19,418000.0,2977000.0,0.0,3395000.0,2798.0,1350.0,-295.0,0.0,,2026-07-24T11:48:04.437060+08:00
50,2018-12-20,-1459000.0,-5454001.0,0.0,-6913001.0,3008.0,1340.0,210.0,-10.0,,2026-07-24T11:48:04.437060+08:00
50,2018-12-21,-3032000.0,-2995400.0,0.0,-6027400.0,3087.0,1313.0,79.0,-27.0,,2026-07-24T11:48:04.437060+08:00
50,2018-12-22,-560000.0,-1171000.0,-10000.0,-1741000.0,3148.0,1311.0,61.0,-2.0,,2026-07-24T11:48:04.437060+08:00
50,2018-12-24,23000.0,-4728000.0,-10000.0,-4715000.0,3224.0,1306.0,76.0,-5.0,,2026-07-24T11:48:04.437060+08:00
50,2018-12-25,-1616000.0,-8463000.0,-68000.0,-10147000.0,3422.0,1370.0,198.0,64.0,,2026-07-24T11:48:04.437060+08:00
50,2018-12-26,-19000.0,-6535000.0,0.0,-6554000.0,3403.0,1375.0,-19.0,5.0,,2026-07-24T11:48:04.437060+08:00
50,2018-12-27,2033000.0,-2955400.0,1153000.0,230600.0,3130.0,1397.0,-273.0,22.0,,2026-07-24T11:48:04.437060+08:00
50,2018-12-28,1368000.0,88600.0,0.0,1456600.0,3130.0,1403.0,0.0,6.0,,2026-07-24T11:48:04.437060+08:00
50,2019-01-02,-1391000.0,-4290000.0,0.0,-5681000.0,3359.0,1385.0,229.0,-18.0,,2026-07-24T11:48:04.437060+08:00
50,2019-01-03,-2434000.0,-7420000.0,300000.0,-9554000.0,3560.0,1389.0,201.0,4.0,,2026-07-24T11:48:04.437060+08:00
50,2019-01-04,-2988000.0,-10745000.0,-10000.0,-13743000.0,3492.0,1418.0,-68.0,29.0,,2026-07-24T11:48:04.437060+08:00
50,2019-01-07,-3625000.0,-801000.0,0.0,-4426000.0,3343.0,1416.0,-149.0,-2.0,,2026-07-24T11:48:04.437060+08:00
50,2019-01-08,331000.0,-6516000.0,0.0,-6185000.0,3356.0,778.0,13.0,-638.0,,2026-07-24T11:48:04.437060+08:00
50,2019-01-09,6177000.0,327000.0,0.0,6504000.0,3000.0,723.0,-356.0,-55.0,,2026-07-24T11:48:04.437060+08:00
50,2019-01-10,400000.0,-182000.0,0.0,218000.0,2934.0,591.0,-66.0,-132.0,,2026-07-24T11:48:04.437060+08:00
50,2019-01-11,3648000.0,4489050.0,0.0,8137050.0,2648.0,474.0,-286.0,-117.0,,2026-07-24T11:48:04.437060+08:00
50,2019-01-14,85000.0,1233000.0,-3000.0,1315000.0,2647.0,399.0,-1.0,-75.0,,2026-07-24T11:48:04.437060+08:00
50,2019-01-15,4527000.0,2262000.0,-1200000.0,5589000.0,2595.0,302.0,-52.0,-97.0,,2026-07-24T11:48:04.437060+08:00
50,2019-01-16,-1070000.0,6273000.0,52000.0,5255000.0,2561.0,2.0,-34.0,-300.0,,2026-07-24T11:48:04.437060+08:00
50,2019-01-17,4500000.0,229000.0,25000.0,4754000.0,2532.0,0.0,-29.0,-2.0,,2026-07-24T11:48:04.437060+08:00
50,2019-01-18,1295000.0,2800000.0,19000.0,4114000.0,2505.0,0.0,-27.0,0.0,,2026-07-24T11:48:04.437060+08:00
50,2019-01-21,1730000.0,1772999.0,10000.0,3512999.0,2459.0,0.0,-46.0,0.0,,2026-07-24T11:48:04.437060+08:00
50,2019-01-22,-5714000.0,-718000.0,-507000.0,-6939000.0,2672.0,71.0,213.0,71.0,,2026-07-24T11:48:04.437060+08:00
50,2019-01-23,-505000.0,-712000.0,-415000.0,-1632000.0,2678.0,124.0,6.0,53.0,,2026-07-24T11:48:04.437060+08:00
50,2019-01-24,-208000.0,-421000.0,0.0,-629000.0,2823.0,161.0,145.0,37.0,,2026-07-24T11:48:04.437060+08:00
50,2019-01-25,4277000.0,882000.0,-5000.0,5154000.0,2442.0,180.0,-381.0,19.0,,2026-07-24T11:48:04.437060+08:00
50,2019-01-28,337000.0,361200.0,0.0,698200.0,2428.0,251.0,-14.0,71.0,,2026-07-24T11:48:04.437060+08:00
50,2019-01-29,-934000.0,-507000.0,-10000.0,-1451000.0,2426.0,271.0,-2.0,20.0,,2026-07-24T11:48:04.437060+08:00
50,2019-01-30,-2186000.0,-80000.0,-20000.0,-2286000.0,2379.0,253.0,-47.0,-18.0,,2026-07-24T11:48:04.437060+08:00
50,2019-02-11,3392000.0,198000.0,0.0,3590000.0,2288.0,284.0,-91.0,31.0,,2026-07-24T11:48:04.437060+08:00
50,2019-02-12,2980000.0,1043000.0,0.0,4023000.0,2206.0,355.0,-82.0,71.0,,2026-07-24T11:48:04.437060+08:00
50,2019-02-13,244000.0,536000.0,0.0,780000.0,2193.0,372.0,-13.0,17.0,,2026-07-24T11:48:04.437060+08:00
50,2019-02-14,117000.0,119000.0,0.0,236000.0,2196.0,376.0,3.0,4.0,,2026-07-24T11:48:04.437060+08:00
50,2019-02-15,-61000.0,-221000.0,0.0,-282000.0,2188.0,381.0,-8.0,5.0,,2026-07-24T11:48:04.437060+08:00
50,2019-02-18,3573000.0,1353000.0,0.0,4926000.0,2125.0,380.0,-63.0,-1.0,,2026-07-24T11:48:04.437060+08:00
50,2019-02-19,686000.0,-326000.0,0.0,360000.0,2129.0,390.0,4.0,10.0,,2026-07-24T11:48:04.437060+08:00
50,2019-02-20,5067000.0,20564999.0,0.0,25631999.0,1955.0,449.0,-174.0,59.0,,2026-07-24T11:48:04.437060+08:00
50,2019-02-21,-1669006.0,15630000.0,0.0,13960994.0,1902.0,459.0,-53.0,10.0,,2026-07-24T11:48:04.437060+08:00
50,2019-02-22,1978000.0,6094000.0,0.0,8072000.0,1868.0,477.0,-34.0,18.0,,2026-07-24T11:48:04.437060+08:00
50,2019-02-25,-188000.0,14622000.0,500000.0,14934000.0,1808.0,480.0,-60.0,3.0,,2026-07-24T11:48:04.437060+08:00
50,2019-02-26,797000.0,11777500.0,-106000.0,12468500.0,1734.0,583.0,-74.0,103.0,,2026-07-24T11:48:04.437060+08:00
50,2019-02-27,-748000.0,9697000.0,0.0,8949000.0,1680.0,591.0,-54.0,8.0,,2026-07-24T11:48:04.437060+08:00
50,2019-03-04,-965950.0,16000.0,0.0,-949950.0,1704.0,584.0,24.0,-7.0,,2026-07-24T11:48:04.437060+08:00
50,2019-03-05,373317.0,6246000.0,0.0,6619317.0,1682.0,461.0,-22.0,-123.0,,2026-07-24T11:48:04.437060+08:00
50,2019-03-06,-3041000.0,16403000.0,-430000.0,12932000.0,1688.0,457.0,6.0,-4.0,,2026-07-24T11:48:04.437060+08:00
50,2019-03-07,2271000.0,11590000.0,0.0,13861000.0,1701.0,467.0,13.0,10.0,,2026-07-24T11:48:04.437060+08:00
50,2019-03-08,575000.0,2551000.0,0.0,3126000.0,1740.0,433.0,39.0,-34.0,,2026-07-24T11:48:04.437060+08:00
50,2019-03-11,-812932.0,816000.0,0.0,3068.0,1755.0,428.0,15.0,-5.0,,2026-07-24T11:48:04.437060+08:00
50,2019-03-12,1413000.0,10200000.0,0.0,11613000.0,1756.0,423.0,1.0,-5.0,,2026-07-24T11:48:04.437060+08:00
50,2019-03-13,284000.0,6941000.0,0.0,7225000.0,1763.0,433.0,7.0,10.0,,2026-07-24T11:48:04.437060+08:00
50,2019-03-14,-523000.0,2534200.0,0.0,2011200.0,1786.0,402.0,23.0,-31.0,,2026-07-24T11:48:04.437060+08:00
50,2019-03-15,3318000.0,7058000.0,0.0,10376000.0,1705.0,429.0,-81.0,27.0,,2026-07-24T11:48:04.437060+08:00
50,2019-03-18,102000.0,8657025.0,0.0,8759025.0,1903.0,459.0,198.0,30.0,,2026-07-24T11:48:04.437060+08:00
50,2019-03-19,-2052000.0,7137000.0,-39000.0,5046000.0,1563.0,468.0,-340.0,9.0,,2026-07-24T11:48:04.437060+08:00
50,2019-03-20,-5784000.0,9381000.0,-140000.0,3457000.0,1523.0,478.0,-40.0,10.0,,2026-07-24T11:48:04.437060+08:00
50,2019-03-21,-287000.0,9394000.0,-100000.0,9007000.0,1433.0,489.0,-90.0,11.0,,2026-07-24T11:48:04.437060+08:00
50,2019-03-22,25000.0,4299000.0,0.0,4324000.0,1421.0,453.0,-12.0,-36.0,,2026-07-24T11:48:04.437060+08:00
50,2019-03-25,-2485000.0,1208000.0,0.0,-1277000.0,1460.0,518.0,39.0,65.0,,2026-07-24T11:48:04.437060+08:00
50,2019-03-26,566000.0,206000.0,0.0,772000.0,1585.0,520.0,125.0,2.0,,2026-07-24T11:48:04.437060+08:00
50,2019-03-27,-329000.0,472300.0,0.0,143300.0,1594.0,527.0,9.0,7.0,,2026-07-24T11:48:04.437060+08:00
50,2019-03-28,-905000.0,2169000.0,0.0,1264000.0,1589.0,553.0,-5.0,26.0,,2026-07-24T11:48:04.437060+08:00
50,2019-03-29,1635000.0,919350.0,0.0,2554350.0,1442.0,547.0,-147.0,-6.0,,2026-07-24T11:48:04.437060+08:00
50,2019-04-01,-544000.0,7215000.0,0.0,6671000.0,1359.0,518.0,-83.0,-29.0,,2026-07-24T11:48:04.437060+08:00
50,2019-04-02,-750000.0,2143350.0,1000000.0,2393350.0,1319.0,512.0,-40.0,-6.0,,2026-07-24T11:48:04.437060+08:00
50,2019-04-03,-374330.0,4004000.0,0.0,3629670.0,1239.0,509.0,-80.0,-3.0,,2026-07-24T11:48:04.437060+08:00
50,2019-04-08,1072000.0,4183000.0,0.0,5255000.0,1179.0,509.0,-60.0,0.0,,2026-07-24T11:48:04.437060+08:00
50,2019-04-09,2122000.0,9940000.0,0.0,12062000.0,1117.0,506.0,-62.0,-3.0,,2026-07-24T11:48:04.437060+08:00
50,2019-04-10,253000.0,8257000.0,0.0,8510000.0,1095.0,505.0,-22.0,-1.0,,2026-07-24T11:48:04.437060+08:00
50,2019-04-11,-1107000.0,3223000.0,500000.0,2616000.0,1031.0,502.0,-64.0,-3.0,,2026-07-24T11:48:04.437060+08:00
50,2019-04-12,-40000.0,4067000.0,860000.0,4887000.0,992.0,504.0,-39.0,2.0,,2026-07-24T11:48:04.437060+08:00
50,2019-04-15,-83000.0,4882000.0,0.0,4799000.0,992.0,587.0,0.0,83.0,,2026-07-24T11:48:04.437060+08:00
50,2019-04-16,-351000.0,3188000.0,1140000.0,3977000.0,983.0,589.0,-9.0,2.0,,2026-07-24T11:48:04.437060+08:00
50,2019-04-17,960000.0,14167000.0,0.0,15127000.0,865.0,580.0,-118.0,-9.0,,2026-07-24T11:48:04.437060+08:00
50,2019-04-18,4446000.0,11311000.0,-17000.0,15740000.0,914.0,576.0,49.0,-4.0,,2026-07-24T11:48:04.437060+08:00
50,2019-04-19,-932000.0,9030000.0,-2000.0,8096000.0,874.0,577.0,-40.0,1.0,,2026-07-24T11:48:04.437060+08:00
50,2019-04-22,-736000.0,569000.0,0.0,-167000.0,877.0,586.0,3.0,9.0,,2026-07-24T11:48:04.437060+08:00
50,2019-04-23,-1484000.0,4246000.0,0.0,2762000.0,840.0,586.0,-37.0,0.0,,2026-07-24T11:48:04.437060+08:00
50,2019-04-24,-762004.0,891000.0,0.0,128996.0,817.0,585.0,-23.0,-1.0,,2026-07-24T11:48:04.437060+08:00
50,2019-04-25,718000.0,1259100.0,0.0,1977100.0,824.0,585.0,7.0,0.0,,2026-07-24T11:48:04.437060+08:00
50,2019-04-26,-1385000.0,169820.0,0.0,-1215180.0,821.0,587.0,-3.0,2.0,,2026-07-24T11:48:04.437060+08:00
50,2019-04-29,-145000.0,1206000.0,0.0,1061000.0,818.0,587.0,-3.0,0.0,,2026-07-24T11:48:04.437060+08:00
50,2019-04-30,-465000.0,498000.0,0.0,33000.0,829.0,587.0,11.0,0.0,,2026-07-24T11:48:04.437060+08:00
50,2019-05-02,-267000.0,2247012.0,-600000.0,1380012.0,840.0,584.0,11.0,-3.0,,2026-07-24T11:48:04.437060+08:00
50,2019-05-03,5213326.0,22012000.0,0.0,27225326.0,825.0,584.0,-15.0,0.0,,2026-07-24T11:48:04.437060+08:00
50,2019-05-06,-2244000.0,-196001.0,0.0,-2440001.0,836.0,560.0,11.0,-24.0,,2026-07-24T11:48:04.437060+08:00
50,2019-05-07,6147000.0,3918000.0,0.0,10065000.0,812.0,558.0,-24.0,-2.0,,2026-07-24T11:48:04.437060+08:00
50,2019-05-08,1752000.0,6536000.0,-31000.0,8257000.0,844.0,536.0,32.0,-22.0,,2026-07-24T11:48:04.437060+08:00
50,2019-05-09,-2731000.0,-660000.0,0.0,-3391000.0,901.0,523.0,57.0,-13.0,,2026-07-24T11:48:04.437060+08:00
50,2019-05-10,-2853000.0,130000.0,-700000.0,-3423000.0,985.0,471.0,84.0,-52.0,,2026-07-24T11:48:04.437060+08:00
50,2019-05-13,-4615000.0,-10161000.0,0.0,-14776000.0,1064.0,402.0,79.0,-69.0,,2026-07-24T11:48:04.437060+08:00
50,2019-05-14,-595000.0,-13092000.0,-15000.0,-13702000.0,1246.0,405.0,182.0,3.0,,2026-07-24T11:48:04.437060+08:00
50,2019-05-15,811000.0,-13180989.0,0.0,-12369989.0,1392.0,394.0,146.0,-11.0,,2026-07-24T11:48:04.437060+08:00
50,2019-05-16,-1832000.0,-11413499.0,0.0,-13245499.0,1498.0,384.0,106.0,-10.0,,2026-07-24T11:48:04.437060+08:00
50,2019-05-17,-1365000.0,-18398000.0,0.0,-19763000.0,2006.0,390.0,508.0,6.0,,2026-07-24T11:48:04.437060+08:00
50,2019-05-20,597000.0,-9554000.0,0.0,-8957000.0,1650.0,411.0,-356.0,21.0,,2026-07-24T11:48:04.437060+08:00
50,2019-05-21,1341000.0,-9665000.0,0.0,-8324000.0,1811.0,421.0,161.0,10.0,,2026-07-24T11:48:04.437060+08:00
50,2019-05-22,-617998.0,-7110000.0,0.0,-7727998.0,1823.0,424.0,12.0,3.0,,2026-07-24T11:48:04.437060+08:00
50,2019-05-23,-4041000.0,-15651000.0,0.0,-19692000.0,2313.0,404.0,490.0,-20.0,,2026-07-24T11:48:04.437060+08:00
50,2019-05-24,-930000.0,-2756000.0,0.0,-3686000.0,2410.0,427.0,97.0,23.0,,2026-07-24T11:48:04.437060+08:00
50,2019-05-27,-2789000.0,-5616000.0,0.0,-8405000.0,2524.0,434.0,114.0,7.0,,2026-07-24T11:48:04.437060+08:00
50,2019-05-28,663000.0,-5775900.0,-1400000.0,-6512900.0,2552.0,435.0,28.0,1.0,,2026-07-24T11:48:04.437060+08:00
50,2019-05-29,-1312000.0,-4541900.0,-800000.0,-6653900.0,2599.0,436.0,47.0,1.0,,2026-07-24T11:48:04.437060+08:00
50,2019-05-30,-2188000.0,-2457000.0,0.0,-4645000.0,2556.0,455.0,-43.0,19.0,,2026-07-24T11:48:04.437060+08:00
50,2019-05-31,918000.0,-250700.0,0.0,667300.0,2333.0,391.0,-223.0,-64.0,,2026-07-24T11:48:04.437060+08:00
50,2019-06-03,700000.0,-4989.0,0.0,695011.0,2207.0,420.0,-126.0,29.0,,2026-07-24T11:48:04.437060+08:00
50,2019-06-04,87000.0,-2032913.0,500000.0,-1445913.0,2163.0,439.0,-44.0,19.0,,2026-07-24T11:48:04.437060+08:00
50,2019-06-05,-516000.0,-2149989.0,1200000.0,-1465989.0,2141.0,424.0,-22.0,-15.0,,2026-07-24T11:48:04.437060+08:00
50,2019-06-06,-558000.0,-2065999.0,0.0,-2623999.0,2087.0,435.0,-54.0,11.0,,2026-07-24T11:48:04.437060+08:00
50,2019-06-10,4339000.0,-64000.0,0.0,4275000.0,1916.0,456.0,-171.0,21.0,,2026-07-24T11:48:04.437060+08:00
50,2019-06-11,3467000.0,2808000.0,1059000.0,7334000.0,1785.0,416.0,-131.0,-40.0,,2026-07-24T11:48:04.437060+08:00
50,2019-06-12,-76000.0,4745125.0,1440000.0,6109125.0,1670.0,405.0,-115.0,-11.0,,2026-07-24T11:48:04.437060+08:00
50,2019-06-13,-2487000.0,-286623.0,1200000.0,-1573623.0,1689.0,409.0,19.0,4.0,,2026-07-24T11:48:04.437060+08:00
50,2019-06-14,-576000.0,-44000.0,1150000.0,530000.0,1663.0,399.0,-26.0,-10.0,,2026-07-24T11:48:04.437060+08:00
50,2019-06-17,1835000.0,-53489.0,144000.0,1925511.0,1646.0,383.0,-17.0,-16.0,,2026-07-24T11:48:04.437060+08:00
50,2019-06-18,716000.0,-123999.0,50000.0,642001.0,1564.0,387.0,-82.0,4.0,,2026-07-24T11:48:04.437060+08:00
50,2019-06-19,4549000.0,9633000.0,0.0,14182000.0,1433.0,386.0,-131.0,-1.0,,2026-07-24T11:48:04.437060+08:00
50,2019-06-20,-440000.0,3853100.0,0.0,3413100.0,1400.0,384.0,-33.0,-2.0,,2026-07-24T11:48:04.437060+08:00
50,2019-06-21,-2619000.0,11726000.0,0.0,9107000.0,1194.0,388.0,-206.0,4.0,,2026-07-24T11:48:04.437060+08:00
50,2019-06-24,-3458000.0,13855000.0,0.0,10397000.0,1181.0,387.0,-13.0,-1.0,,2026-07-24T11:48:04.437060+08:00
50,2019-06-25,-2131000.0,6526012.0,25000.0,4420012.0,1171.0,386.0,-10.0,-1.0,,2026-07-24T11:48:04.437060+08:00
50,2019-06-26,-2325000.0,1172000.0,0.0,-1153000.0,1169.0,373.0,-2.0,-13.0,,2026-07-24T11:48:04.437060+08:00
50,2019-06-27,-1543000.0,12070000.0,20000.0,10547000.0,1158.0,376.0,-11.0,3.0,,2026-07-24T11:48:04.437060+08:00
50,2019-06-28,288000.0,793000.0,0.0,1081000.0,1163.0,367.0,5.0,-9.0,,2026-07-24T11:48:04.437060+08:00
50,2019-07-01,5090000.0,5968000.0,45000.0,11103000.0,1077.0,366.0,-86.0,-1.0,,2026-07-24T11:48:04.437060+08:00
50,2019-07-02,1366000.0,2133000.0,-850000.0,2649000.0,1082.0,369.0,5.0,3.0,,2026-07-24T11:48:04.437060+08:00
50,2019-07-03,821000.0,-1093989.0,-550000.0,-822989.0,1163.0,364.0,81.0,-5.0,,2026-07-24T11:48:04.437060+08:00
50,2019-07-04,194000.0,3112126.0,0.0,3306126.0,1086.0,361.0,-77.0,-3.0,,2026-07-24T11:48:04.437060+08:00
50,2019-07-05,265000.0,55011.0,0.0,320011.0,1074.0,361.0,-12.0,0.0,,2026-07-24T11:48:04.437060+08:00
50,2019-07-08,-704000.0,378001.0,25000.0,-300999.0,1081.0,332.0,7.0,-29.0,,2026-07-24T11:48:04.437060+08:00
50,2019-07-09,-357000.0,2490000.0,30000.0,2163000.0,1069.0,306.0,-12.0,-26.0,,2026-07-24T11:48:04.437060+08:00
50,2019-07-10,3040000.0,-46636.0,0.0,2993364.0,1032.0,286.0,-37.0,-20.0,,2026-07-24T11:48:04.437060+08:00
50,2019-07-11,5172000.0,3344000.0,-1280000.0,7236000.0,1033.0,248.0,1.0,-38.0,,2026-07-24T11:48:04.437060+08:00
50,2019-07-12,129000.0,642061.0,-335000.0,436061.0,1039.0,210.0,6.0,-38.0,,2026-07-24T11:48:04.437060+08:00
50,2019-07-15,550000.0,6129010.0,-211000.0,6468010.0,1010.0,2.0,-29.0,-208.0,,2026-07-24T11:48:04.437060+08:00
50,2019-07-16,1328000.0,2260216.0,-75000.0,3513216.0,997.0,0.0,-13.0,-2.0,,2026-07-24T11:48:04.437060+08:00
50,2019-07-17,-2022000.0,4781000.0,-170000.0,2589000.0,845.0,0.0,-152.0,0.0,,2026-07-24T11:48:04.437060+08:00
50,2019-07-18,1308907.0,2764000.0,-88000.0,3984907.0,814.0,0.0,-31.0,0.0,,2026-07-24T11:48:04.437060+08:00
50,2019-07-19,-1287000.0,8024000.0,-170000.0,6567000.0,721.0,15.0,-93.0,15.0,,2026-07-24T11:48:04.437060+08:00
50,2019-07-22,-631000.0,6450500.0,0.0,5819500.0,660.0,22.0,-61.0,7.0,,2026-07-24T11:48:04.437060+08:00
50,2019-07-23,771000.0,3125000.0,-35000.0,3861000.0,608.0,22.0,-52.0,0.0,,2026-07-24T11:48:04.437060+08:00
50,2019-07-24,457000.0,1861000.0,-75000.0,2243000.0,606.0,22.0,-2.0,0.0,,2026-07-24T11:48:04.437060+08:00
50,2019-07-25,-130000.0,3326011.0,0.0,3196011.0,620.0,22.0,14.0,0.0,,2026-07-24T11:48:04.437060+08:00
50,2019-07-26,-857000.0,230000.0,-90000.0,-717000.0,622.0,30.0,2.0,8.0,,2026-07-24T11:48:04.437060+08:00
50,2019-07-29,-795000.0,371000.0,-80000.0,-504000.0,631.0,30.0,9.0,0.0,,2026-07-24T11:48:04.437060+08:00
50,2019-07-30,-69000.0,238000.0,110000.0,279000.0,641.0,30.0,10.0,0.0,,2026-07-24T11:48:04.437060+08:00
50,2019-07-31,-123000.0,247000.0,-20000.0,104000.0,627.0,30.0,-14.0,0.0,,2026-07-24T11:48:04.437060+08:00
50,2019-08-01,-801000.0,-327100.0,-5000.0,-1133100.0,639.0,24.0,12.0,-6.0,,2026-07-24T11:48:04.437060+08:00
50,2019-08-02,-4401000.0,-6452000.0,92000.0,-10761000.0,741.0,24.0,102.0,0.0,,2026-07-24T11:48:04.437060+08:00
50,2019-08-05,-2265000.0,-13431978.0,0.0,-15696978.0,888.0,41.0,147.0,17.0,,2026-07-24T11:48:04.437060+08:00
50,2019-08-06,-1495000.0,-13162998.0,25000.0,-14632998.0,1084.0,51.0,196.0,10.0,,2026-07-24T11:48:04.437060+08:00
50,2019-08-07,-814000.0,-10481000.0,67000.0,-11228000.0,1148.0,39.0,64.0,-12.0,,2026-07-24T11:48:04.437060+08:00
50,2019-08-08,398000.0,80000.0,75000.0,553000.0,1128.0,43.0,-20.0,4.0,,2026-07-24T11:48:04.437060+08:00
50,2019-08-12,-210000.0,-940730.0,46000.0,-1104730.0,1119.0,52.0,-9.0,9.0,,2026-07-24T11:48:04.437060+08:00
50,2019-08-13,-2749000.0,-3115900.0,125000.0,-5739900.0,1190.0,47.0,71.0,-5.0,,2026-07-24T11:48:04.437060+08:00
50,2019-08-14,-983000.0,-1437000.0,50000.0,-2370000.0,1096.0,48.0,-94.0,1.0,,2026-07-24T11:48:04.437060+08:00
50,2019-08-15,-2399000.0,-10057789.0,5000.0,-12451789.0,1295.0,53.0,199.0,5.0,,2026-07-24T11:48:04.437060+08:00
50,2019-08-16,-1329000.0,1510001.0,0.0,181001.0,1364.0,58.0,69.0,5.0,,2026-07-24T11:48:04.437060+08:00
50,2019-08-19,-260000.0,2384000.0,0.0,2124000.0,1260.0,112.0,-104.0,54.0,,2026-07-24T11:48:04.437060+08:00
50,2019-08-20,1242000.0,-424000.0,75000.0,893000.0,1270.0,108.0,10.0,-4.0,,2026-07-24T11:48:04.437060+08:00
50,2019-08-21,-835000.0,4235000.0,207000.0,3607000.0,1190.0,107.0,-80.0,-1.0,,2026-07-24T11:48:04.437060+08:00
50,2019-08-22,483000.0,5069000.0,0.0,5552000.0,986.0,106.0,-204.0,-1.0,,2026-07-24T11:48:04.437060+08:00
50,2019-08-23,381000.0,1458000.0,163000.0,2002000.0,980.0,110.0,-6.0,4.0,,2026-07-24T11:48:04.437060+08:00
50,2019-08-24,892000.0,-1261000.0,0.0,-369000.0,,,,,,2026-07-24T11:48:04.437060+08:00
50,2019-08-26,-1334000.0,-5871000.0,330000.0,-6875000.0,1152.0,109.0,,,,2026-07-24T11:48:04.437060+08:00
50,2019-08-27,-63000.0,-1024000.0,25000.0,-1062000.0,1150.0,106.0,-2.0,-3.0,,2026-07-24T11:48:04.437060+08:00
50,2019-08-28,834000.0,-6988.0,0.0,827012.0,1044.0,130.0,-106.0,24.0,,2026-07-24T11:48:04.437060+08:00
50,2019-08-29,-105000.0,179000.0,80000.0,154000.0,1042.0,135.0,-2.0,5.0,,2026-07-24T11:48:04.437060+08:00
50,2019-08-30,-747000.0,13799000.0,300000.0,13352000.0,919.0,134.0,-123.0,-1.0,,2026-07-24T11:48:04.437060+08:00
50,2019-09-02,39000.0,2610000.0,30000.0,2679000.0,868.0,134.0,-51.0,0.0,,2026-07-24T11:48:04.437060+08:00
50,2019-09-03,40000.0,2876886.0,35000.0,2951886.0,809.0,120.0,-59.0,-14.0,,2026-07-24T11:48:04.437060+08:00
50,2019-09-04,330000.0,9153001.0,0.0,9483001.0,824.0,125.0,15.0,5.0,,2026-07-24T11:48:04.437060+08:00
50,2019-09-05,-3489000.0,20982011.0,0.0,17493011.0,973.0,122.0,149.0,-3.0,,2026-07-24T11:48:04.437060+08:00
50,2019-09-06,-1954000.0,11839000.0,-90000.0,9795000.0,767.0,122.0,-206.0,0.0,,2026-07-24T11:48:04.437060+08:00
50,2019-09-09,-2099000.0,10901000.0,-80000.0,8722000.0,603.0,122.0,-164.0,0.0,,2026-07-24T11:48:04.437060+08:00
50,2019-09-10,-111000.0,2723781.0,410000.0,3022781.0,597.0,127.0,-6.0,5.0,,2026-07-24T11:48:04.437060+08:00
50,2019-09-11,315434.0,1255000.0,202000.0,1772434.0,614.0,127.0,17.0,0.0,,2026-07-24T11:48:04.437060+08:00
50,2019-09-12,-1055000.0,6926000.0,0.0,5871000.0,637.0,129.0,23.0,2.0,,2026-07-24T11:48:04.437060+08:00
50,2019-09-16,-1338000.0,7830069.0,0.0,6492069.0,725.0,211.0,88.0,82.0,,2026-07-24T11:48:04.437060+08:00
50,2019-09-17,-1614000.0,3706001.0,0.0,2092001.0,760.0,211.0,35.0,0.0,,2026-07-24T11:48:04.437060+08:00
50,2019-09-18,-6126000.0,12986000.0,-20000.0,6840000.0,527.0,210.0,-233.0,-1.0,,2026-07-24T11:48:04.437060+08:00
50,2019-09-19,-868000.0,2557500.0,0.0,1689500.0,563.0,180.0,36.0,-30.0,,2026-07-24T11:48:04.437060+08:00
50,2019-09-20,-1341000.0,5618000.0,-445000.0,3832000.0,577.0,179.0,14.0,-1.0,,2026-07-24T11:48:04.437060+08:00
50,2019-09-23,-613000.0,806000.0,-45000.0,148000.0,553.0,179.0,-24.0,0.0,,2026-07-24T11:48:04.437060+08:00
50,2019-09-24,1257000.0,403000.0,-600000.0,1060000.0,554.0,179.0,1.0,0.0,,2026-07-24T11:48:04.437060+08:00
50,2019-09-25,1332000.0,-93989.0,0.0,1238011.0,549.0,182.0,-5.0,3.0,,2026-07-24T11:48:04.437060+08:00
50,2019-09-26,-189000.0,-8000.0,0.0,-197000.0,544.0,181.0,-5.0,-1.0,,2026-07-24T11:48:04.437060+08:00
50,2019-09-27,-362000.0,1224000.0,0.0,862000.0,539.0,186.0,-5.0,5.0,,2026-07-24T11:48:04.437060+08:00
50,2019-10-01,554000.0,5368000.0,0.0,5922000.0,499.0,215.0,-40.0,29.0,,2026-07-24T11:48:04.437060+08:00
50,2019-10-02,608000.0,-253000.0,115000.0,470000.0,493.0,215.0,-6.0,0.0,,2026-07-24T11:48:04.437060+08:00
50,2019-10-03,664000.0,-848990.0,-20000.0,-204990.0,556.0,215.0,63.0,0.0,,2026-07-24T11:48:04.437060+08:00
50,2019-10-04,-1238000.0,2212804.0,280000.0,1254804.0,562.0,219.0,6.0,4.0,,2026-07-24T11:48:04.437060+08:00
50,2019-10-07,479000.0,1760000.0,0.0,2239000.0,547.0,219.0,-15.0,0.0,,2026-07-24T11:48:04.437060+08:00
50,2019-10-08,2396000.0,7521000.0,30000.0,9947000.0,464.0,218.0,-83.0,-1.0,,2026-07-24T11:48:04.437060+08:00
50,2019-10-09,-4923000.0,5235000.0,-440000.0,-128000.0,502.0,218.0,38.0,0.0,,2026-07-24T11:48:04.437060+08:00
50,2019-10-14,-1127000.0,6820000.0,0.0,5693000.0,397.0,220.0,-105.0,2.0,,2026-07-24T11:48:04.437060+08:00
50,2019-10-15,391000.0,2279000.0,0.0,2670000.0,387.0,221.0,-10.0,1.0,,2026-07-24T11:48:04.437060+08:00
50,2019-10-16,359000.0,1263156.0,47000.0,1669156.0,350.0,225.0,-37.0,4.0,,2026-07-24T11:48:04.437060+08:00
50,2019-10-17,298000.0,1191205.0,-90000.0,1399205.0,350.0,225.0,0.0,0.0,,2026-07-24T11:48:04.437060+08:00
50,2019-10-18,28000.0,633000.0,13000.0,674000.0,347.0,227.0,-3.0,2.0,,2026-07-24T11:48:04.437060+08:00
50,2019-10-21,110000.0,6780.0,0.0,116780.0,339.0,150.0,-8.0,-77.0,,2026-07-24T11:48:04.437060+08:00
50,2019-10-22,196000.0,1384000.0,0.0,1580000.0,301.0,149.0,-38.0,-1.0,,2026-07-24T11:48:04.437060+08:00
50,2019-10-23,-183000.0,371000.0,0.0,188000.0,309.0,148.0,8.0,-1.0,,2026-07-24T11:48:04.437060+08:00
50,2019-10-24,393000.0,-74000.0,0.0,319000.0,314.0,145.0,5.0,-3.0,,2026-07-24T11:48:04.437060+08:00
50,2019-10-25,4016000.0,60030.0,0.0,4076030.0,317.0,147.0,3.0,2.0,,2026-07-24T11:48:04.437060+08:00
50,2019-10-26,892000.0,-1261000.0,0.0,-369000.0,,,,,,2026-07-24T11:48:04.437060+08:00
50,2019-10-28,-165000.0,988003.0,54000.0,877003.0,384.0,148.0,,,,2026-07-24T11:48:04.437060+08:00
50,2019-10-29,-1712000.0,2334170.0,30000.0,652170.0,374.0,154.0,-10.0,6.0,,2026-07-24T11:48:04.437060+08:00
50,2019-10-30,-1946000.0,3563500.0,0.0,1617500.0,427.0,160.0,53.0,6.0,,2026-07-24T11:48:04.437060+08:00
50,2019-10-31,-3693000.0,4811000.0,0.0,1118000.0,546.0,159.0,119.0,-1.0,,2026-07-24T11:48:04.437060+08:00
50,2019-11-01,519000.0,271000.0,-50000.0,740000.0,544.0,175.0,-2.0,16.0,,2026-07-24T11:48:04.437060+08:00
50,2019-11-04,-362000.0,4237010.0,45000.0,3920010.0,665.0,191.0,121.0,16.0,,2026-07-24T11:48:04.437060+08:00
50,2019-11-05,380202.0,-876061.0,1200000.0,704141.0,725.0,200.0,60.0,9.0,,2026-07-24T11:48:04.437060+08:00
50,2019-11-06,489000.0,-954000.0,800000.0,335000.0,779.0,207.0,54.0,7.0,,2026-07-24T11:48:04.437060+08:00
50,2019-11-07,156000.0,-444000.0,0.0,-288000.0,759.0,205.0,-20.0,-2.0,,2026-07-24T11:48:04.437060+08:00
50,2019-11-08,-351800.0,81000.0,800000.0,529200.0,821.0,205.0,62.0,0.0,,2026-07-24T11:48:04.437060+08:00
50,2019-11-11,705000.0,-463196.0,400000.0,641804.0,760.0,196.0,-61.0,-9.0,,2026-07-24T11:48:04.437060+08:00
50,2019-11-12,404000.0,-468069.0,0.0,-64069.0,574.0,198.0,-186.0,2.0,,2026-07-24T11:48:04.437060+08:00
50,2019-11-13,-44000.0,-276000.0,0.0,-320000.0,394.0,189.0,-180.0,-9.0,,2026-07-24T11:48:04.437060+08:00
50,2019-11-14,83000.0,22000.0,0.0,105000.0,361.0,187.0,-33.0,-2.0,,2026-07-24T11:48:04.437060+08:00
50,2019-11-15,263000.0,-58700.0,-210000.0,-5700.0,386.0,185.0,25.0,-2.0,,2026-07-24T11:48:04.437060+08:00
50,2019-11-18,-373800.0,-116947.0,400000.0,-90747.0,337.0,184.0,-49.0,-1.0,,2026-07-24T11:48:04.437060+08:00
50,2019-11-19,614000.0,203140.0,105000.0,922140.0,297.0,184.0,-40.0,0.0,,2026-07-24T11:48:04.437060+08:00
50,2019-11-20,6131000.0,-6065000.0,-68000.0,-2000.0,279.0,184.0,-18.0,0.0,,2026-07-24T11:48:04.437060+08:00
50,2019-11-21,-198000.0,-437820.0,46000.0,-589820.0,302.0,177.0,23.0,-7.0,,2026-07-24T11:48:04.437060+08:00
50,2019-11-22,-172000.0,-67850.0,28000.0,-211850.0,305.0,177.0,3.0,0.0,,2026-07-24T11:48:04.437060+08:00
50,2019-11-25,182000.0,-1055000.0,0.0,-873000.0,297.0,172.0,-8.0,-5.0,,2026-07-24T11:48:04.437060+08:00
50,2019-11-26,1707000.0,-2458000.0,0.0,-751000.0,292.0,172.0,-5.0,0.0,,2026-07-24T11:48:04.437060+08:00
50,2019-11-27,-106000.0,-1021000.0,32000.0,-1095000.0,278.0,172.0,-14.0,0.0,,2026-07-24T11:48:04.437060+08:00
50,2019-11-28,345200.0,-31000.0,0.0,314200.0,276.0,172.0,-2.0,0.0,,2026-07-24T11:48:04.437060+08:00
50,2019-11-29,539000.0,-3756000.0,44000.0,-3173000.0,319.0,170.0,43.0,-2.0,,2026-07-24T11:48:04.437060+08:00
50,2019-12-02,724000.0,-264000.0,-47000.0,413000.0,322.0,167.0,3.0,-3.0,,2026-07-24T11:48:04.437060+08:00
50,2019-12-03,234000.0,-504000.0,87000.0,-183000.0,328.0,167.0,6.0,0.0,,2026-07-24T11:48:04.437060+08:00
50,2019-12-04,779000.0,-1706000.0,22000.0,-905000.0,324.0,165.0,-4.0,-2.0,,2026-07-24T11:48:04.437060+08:00
50,2019-12-05,141000.0,-542000.0,0.0,-401000.0,286.0,165.0,-38.0,0.0,,2026-07-24T11:48:04.437060+08:00
50,2019-12-06,-178000.0,-723000.0,30000.0,-871000.0,272.0,165.0,-14.0,0.0,,2026-07-24T11:48:04.437060+08:00
50,2019-12-09,683000.0,-317880.0,57000.0,422120.0,272.0,165.0,0.0,0.0,,2026-07-24T11:48:04.437060+08:00
50,2019-12-10,1880000.0,-2655000.0,37000.0,-738000.0,271.0,164.0,-1.0,-1.0,,2026-07-24T11:48:04.437060+08:00
50,2019-12-11,-105000.0,934000.0,0.0,829000.0,264.0,164.0,-7.0,0.0,,2026-07-24T11:48:04.437060+08:00
50,2019-12-12,533000.0,4636010.0,27000.0,5196010.0,231.0,163.0,-33.0,-1.0,,2026-07-24T11:48:04.437060+08:00
50,2019-12-13,-132000.0,1141450.0,0.0,1009450.0,264.0,162.0,33.0,-1.0,,2026-07-24T11:48:04.437060+08:00
50,2019-12-16,335000.0,745051.0,0.0,1080051.0,283.0,162.0,19.0,0.0,,2026-07-24T11:48:04.437060+08:00
50,2019-12-17,107000.0,234160.0,-10000.0,331160.0,292.0,163.0,9.0,1.0,,2026-07-24T11:48:04.437060+08:00
50,2019-12-18,479000.0,-508000.0,0.0,-29000.0,222.0,163.0,-70.0,0.0,,2026-07-24T11:48:04.437060+08:00
50,2019-12-19,-1132000.0,101000.0,30000.0,-1001000.0,267.0,162.0,45.0,-1.0,,2026-07-24T11:48:04.437060+08:00
50,2019-12-20,-261000.0,-342000.0,92000.0,-511000.0,306.0,162.0,39.0,0.0,,2026-07-24T11:48:04.437060+08:00
50,2019-12-23,-833000.0,3102.0,56000.0,-773898.0,302.0,163.0,-4.0,1.0,,2026-07-24T11:48:04.437060+08:00
50,2019-12-24,-380000.0,180000.0,47000.0,-153000.0,300.0,164.0,-2.0,1.0,,2026-07-24T11:48:04.437060+08:00
50,2019-12-25,-426000.0,-631000.0,0.0,-1057000.0,300.0,169.0,0.0,5.0,,2026-07-24T11:48:04.437060+08:00
50,2019-12-26,-1119000.0,-516000.0,0.0,-1635000.0,297.0,167.0,-3.0,-2.0,,2026-07-24T11:48:04.437060+08:00
50,2019-12-27,-529000.0,-3000.0,20000.0,-512000.0,324.0,168.0,27.0,1.0,,2026-07-24T11:48:04.437060+08:00
50,2019-12-30,-722000.0,-270000.0,0.0,-992000.0,335.0,170.0,11.0,2.0,,2026-07-24T11:48:04.437060+08:00
50,2019-12-31,-1904000.0,-603000.0,87000.0,-2420000.0,360.0,171.0,25.0,1.0,,2026-07-24T11:48:04.437060+08:00
50,2020-01-02,-719000.0,-1837000.0,291000.0,-2265000.0,374.0,172.0,14.0,1.0,,2026-07-24T11:48:04.437060+08:00
50,2020-01-03,1287000.0,-893000.0,163000.0,557000.0,388.0,172.0,14.0,0.0,,2026-07-24T11:48:04.437060+08:00
50,2020-01-06,506000.0,-3725900.0,55000.0,-3164900.0,381.0,173.0,-7.0,1.0,,2026-07-24T11:48:04.437060+08:00
50,2020-01-07,-2745000.0,-759500.0,72000.0,-3432500.0,410.0,164.0,29.0,-9.0,,2026-07-24T11:48:04.437060+08:00
50,2020-01-08,-3832475.0,-2216000.0,18000.0,-6030475.0,441.0,169.0,31.0,5.0,,2026-07-24T11:48:04.437060+08:00
50,2020-01-09,695000.0,-2044000.0,27000.0,-1322000.0,479.0,174.0,38.0,5.0,,2026-07-24T11:48:04.437060+08:00
50,2020-01-10,-4581000.0,-1786000.0,38000.0,-6329000.0,373.0,171.0,-106.0,-3.0,,2026-07-24T11:48:04.437060+08:00
50,2020-01-13,1103000.0,-337000.0,-10000.0,756000.0,381.0,170.0,8.0,-1.0,,2026-07-24T11:48:04.437060+08:00
50,2020-01-14,-2783000.0,-4490000.0,60000.0,-7213000.0,374.0,165.0,-7.0,-5.0,,2026-07-24T11:48:04.437060+08:00
50,2020-01-15,-962000.0,-5290100.0,1200000.0,-5052100.0,451.0,114.0,77.0,-51.0,,2026-07-24T11:48:04.437060+08:00
50,2020-01-16,199000.0,-5670000.0,87000.0,-5384000.0,616.0,2.0,165.0,-112.0,,2026-07-24T11:48:04.437060+08:00
50,2020-01-17,-1474000.0,-3486000.0,71000.0,-4889000.0,640.0,0.0,24.0,-2.0,,2026-07-24T11:48:04.437060+08:00
50,2020-01-20,-4864000.0,71000.0,0.0,-4793000.0,676.0,0.0,36.0,0.0,,2026-07-24T11:48:04.437060+08:00
50,2020-01-30,-1838000.0,-17478597.0,148000.0,-19168597.0,862.0,0.0,186.0,0.0,,2026-07-24T11:48:04.437060+08:00
50,2020-01-31,-3132000.0,-15399000.0,-16000.0,-18547000.0,923.0,24.0,61.0,24.0,,2026-07-24T11:48:04.437060+08:00
50,2020-02-03,-1357000.0,-6458000.0,0.0,-7815000.0,949.0,37.0,26.0,13.0,,2026-07-24T11:48:04.437060+08:00
50,2020-02-04,609000.0,-4696000.0,51000.0,-4036000.0,901.0,63.0,-48.0,26.0,,2026-07-24T11:48:04.437060+08:00
50,2020-02-05,423000.0,-1133000.0,32000.0,-678000.0,882.0,79.0,-19.0,16.0,,2026-07-24T11:48:04.437060+08:00
50,2020-02-06,3095000.0,54000.0,40000.0,3189000.0,904.0,144.0,22.0,65.0,,2026-07-24T11:48:04.437060+08:00
50,2020-02-07,-1348000.0,-5624400.0,75000.0,-6897400.0,949.0,161.0,45.0,17.0,,2026-07-24T11:48:04.437060+08:00
50,2020-02-10,-1168000.0,-1138000.0,-225000.0,-2531000.0,946.0,140.0,-3.0,-21.0,,2026-07-24T11:48:04.437060+08:00
50,2020-02-11,1786000.0,48000.0,101000.0,1935000.0,891.0,155.0,-55.0,15.0,,2026-07-24T11:48:04.437060+08:00
50,2020-02-12,-121000.0,876054.0,0.0,755054.0,879.0,160.0,-12.0,5.0,,2026-07-24T11:48:04.437060+08:00
50,2020-02-13,-1020000.0,-1180000.0,30000.0,-2170000.0,814.0,160.0,-65.0,0.0,,2026-07-24T11:48:04.437060+08:00
50,2020-02-14,307000.0,-1726800.0,157000.0,-1262800.0,794.0,165.0,-20.0,5.0,,2026-07-24T11:48:04.437060+08:00
50,2020-02-17,-223000.0,-3347000.0,422000.0,-3148000.0,815.0,175.0,21.0,10.0,,2026-07-24T11:48:04.437060+08:00
50,2020-02-18,-1542500.0,-7572000.0,117000.0,-8997500.0,879.0,173.0,64.0,-2.0,,2026-07-24T11:48:04.437060+08:00
50,2020-02-19,507000.0,41000.0,31000.0,579000.0,936.0,178.0,57.0,5.0,,2026-07-24T11:48:04.437060+08:00
50,2020-02-20,-276000.0,-3864720.0,-46000.0,-4186720.0,893.0,177.0,-43.0,-1.0,,2026-07-24T11:48:04.437060+08:00
50,2020-02-21,34005.0,-2705446.0,22000.0,-2649441.0,883.0,185.0,-10.0,8.0,,2026-07-24T11:48:04.437060+08:00
50,2020-02-24,-1071990.0,-9317000.0,35000.0,-10353990.0,985.0,185.0,102.0,0.0,,2026-07-24T11:48:04.437060+08:00
50,2020-02-25,475000.0,-4299000.0,12000.0,-3812000.0,1057.0,190.0,72.0,5.0,,2026-07-24T11:48:04.437060+08:00
50,2020-02-26,-1098000.0,-9914920.0,50000.0,-10962920.0,1214.0,204.0,157.0,14.0,,2026-07-24T11:48:04.437060+08:00
50,2020-02-27,-6799000.0,-12648992.0,85000.0,-19362992.0,1425.0,185.0,211.0,-19.0,,2026-07-24T11:48:04.437060+08:00
50,2020-03-02,-1056001.0,-15948100.0,200000.0,-16804101.0,1828.0,228.0,403.0,43.0,,2026-07-24T11:48:04.437060+08:00
50,2020-03-03,-4440000.0,-629900.0,222000.0,-4847900.0,1868.0,287.0,40.0,59.0,,2026-07-24T11:48:04.437060+08:00
50,2020-03-04,-1763000.0,2673500.0,40000.0,950500.0,1652.0,430.0,-216.0,143.0,,2026-07-24T11:48:04.437060+08:00
50,2020-03-05,-1761000.0,2667050.0,0.0,906050.0,1563.0,459.0,-89.0,29.0,,2026-07-24T11:48:04.437060+08:00
50,2020-03-06,-3090001.0,-7984800.0,0.0,-11074801.0,1766.0,466.0,203.0,7.0,,2026-07-24T11:48:04.437060+08:00
50,2020-03-09,-3700000.0,-16667900.0,94000.0,-20273900.0,1915.0,436.0,149.0,-30.0,,2026-07-24T11:48:04.437060+08:00
50,2020-03-10,-7386000.0,-7045000.0,45000.0,-14386000.0,2184.0,453.0,269.0,17.0,,2026-07-24T11:48:04.437060+08:00
50,2020-03-11,-4040000.0,-6803000.0,45000.0,-10798000.0,2264.0,575.0,80.0,122.0,,2026-07-24T11:48:04.437060+08:00
50,2020-03-12,-7984000.0,-23710750.0,0.0,-31694750.0,2766.0,556.0,502.0,-19.0,,2026-07-24T11:48:04.437060+08:00
50,2020-03-13,-9654000.0,-25070364.0,-140000.0,-34864364.0,3366.0,687.0,600.0,131.0,,2026-07-24T11:48:04.437060+08:00
50,2020-03-16,-10338998.0,-11877861.0,0.0,-22216859.0,3727.0,804.0,361.0,117.0,,2026-07-24T11:48:04.437060+08:00
50,2020-03-17,7285000.0,-34848940.0,-158000.0,-27721940.0,4314.0,882.0,587.0,78.0,,2026-07-24T11:48:04.437060+08:00
50,2020-03-18,-4609000.0,-20536916.0,50000.0,-25095916.0,4842.0,1710.0,528.0,828.0,,2026-07-24T11:48:04.437060+08:00
50,2020-03-19,830000.0,-27139873.0,-1769000.0,-28078873.0,6126.0,1870.0,1284.0,160.0,,2026-07-24T11:48:04.437060+08:00
50,2020-03-20,-1940000.0,-6700500.0,0.0,-8640500.0,5506.0,2209.0,-620.0,339.0,,2026-07-24T11:48:04.437060+08:00
50,2020-03-23,-2101000.0,-4177000.0,-805000.0,-7083000.0,5676.0,2289.0,170.0,80.0,,2026-07-24T11:48:04.437060+08:00
50,2020-03-24,3628000.0,4896000.0,-310000.0,8214000.0,4915.0,2464.0,-761.0,175.0,,2026-07-24T11:48:04.437060+08:00
50,2020-03-25,521000.0,-2914900.0,329000.0,-2064900.0,3957.0,2445.0,-958.0,-19.0,,2026-07-24T11:48:04.437060+08:00
50,2020-03-26,1809000.0,3295094.0,69000.0,5173094.0,3623.0,2554.0,-334.0,109.0,,2026-07-24T11:48:04.437060+08:00
50,2020-03-27,-206000.0,-1098892.0,92000.0,-1212892.0,3197.0,2454.0,-426.0,-100.0,,2026-07-24T11:48:04.437060+08:00
50,2020-03-30,-2741000.0,-442150.0,114000.0,-3069150.0,3288.0,2372.0,91.0,-82.0,,2026-07-24T11:48:04.437060+08:00
50,2020-03-31,-1027000.0,-402000.0,136000.0,-1293000.0,3174.0,2336.0,-114.0,-36.0,,2026-07-24T11:48:04.437060+08:00
50,2020-04-01,1145000.0,-4033751.0,54000.0,-2834751.0,3189.0,2283.0,15.0,-53.0,,2026-07-24T11:48:04.437060+08:00
50,2020-04-06,-1492000.0,228000.0,168000.0,-1096000.0,3062.0,2276.0,-127.0,-7.0,,2026-07-24T11:48:04.437060+08:00
50,2020-04-07,1737000.0,-2142900.0,-428000.0,-833900.0,3324.0,2194.0,262.0,-82.0,,2026-07-24T11:48:04.437060+08:00
50,2020-04-08,3529000.0,4100.0,-124000.0,3409100.0,3197.0,2145.0,-127.0,-49.0,,2026-07-24T11:48:04.437060+08:00
50,2020-04-09,773000.0,-1317001.0,82000.0,-462001.0,3101.0,1994.0,-96.0,-151.0,,2026-07-24T11:48:04.437060+08:00
50,2020-04-10,-1373000.0,141000.0,66000.0,-1166000.0,3072.0,1985.0,-29.0,-9.0,,2026-07-24T11:48:04.437060+08:00
50,2020-04-13,-1992000.0,-544000.0,106000.0,-2430000.0,2946.0,1985.0,-126.0,0.0,,2026-07-24T11:48:04.437060+08:00
50,2020-04-14,5476000.0,2370036.0,57000.0,7903036.0,2515.0,1951.0,-431.0,-34.0,,2026-07-24T11:48:04.437060+08:00
50,2020-04-15,1221000.0,1438125.0,28000.0,2687125.0,2450.0,1916.0,-65.0,-35.0,,2026-07-24T11:48:04.437060+08:00
50,2020-04-16,1142000.0,2484000.0,35000.0,3661000.0,2484.0,1882.0,34.0,-34.0,,2026-07-24T11:48:04.437060+08:00
50,2020-04-17,6131000.0,18927715.0,80000.0,25138715.0,1884.0,1724.0,-600.0,-158.0,,2026-07-24T11:48:04.437060+08:00
50,2020-04-20,-148000.0,3756101.0,55000.0,3663101.0,1915.0,1688.0,31.0,-36.0,,2026-07-24T11:48:04.437060+08:00
50,2020-04-21,-1746000.0,-884000.0,133000.0,-2497000.0,2052.0,1052.0,137.0,-636.0,,2026-07-24T11:48:04.437060+08:00
50,2020-04-22,-1539000.0,-3726000.0,34000.0,-5231000.0,2158.0,1057.0,106.0,5.0,,2026-07-24T11:48:04.437060+08:00
50,2020-04-23,-518000.0,-881850.0,32000.0,-1367850.0,2177.0,1070.0,19.0,13.0,,2026-07-24T11:48:04.437060+08:00
50,2020-04-24,-2976000.0,-35963.0,17000.0,-2994963.0,2066.0,1084.0,-111.0,14.0,,2026-07-24T11:48:04.437060+08:00
50,2020-04-27,4921000.0,1699089.0,0.0,6620089.0,1844.0,1085.0,-222.0,1.0,,2026-07-24T11:48:04.437060+08:00
50,2020-04-28,533000.0,-732994.0,160000.0,-39994.0,1880.0,1077.0,36.0,-8.0,,2026-07-24T11:48:04.437060+08:00
50,2020-04-29,1327000.0,3835251.0,122000.0,5284251.0,1669.0,1048.0,-211.0,-29.0,,2026-07-24T11:48:04.437060+08:00
50,2020-04-30,30000.0,8119000.0,0.0,8149000.0,1637.0,982.0,-32.0,-66.0,,2026-07-24T11:48:04.437060+08:00
50,2020-05-04,-1739000.0,-6318876.0,38000.0,-8019876.0,1961.0,936.0,324.0,-46.0,,2026-07-24T11:48:04.437060+08:00
50,2020-05-05,-1472000.0,2036000.0,112000.0,676000.0,1960.0,967.0,-1.0,31.0,,2026-07-24T11:48:04.437060+08:00
50,2020-05-06,-1670000.0,107150.0,-10000.0,-1572850.0,1914.0,952.0,-46.0,-15.0,,2026-07-24T11:48:04.437060+08:00
50,2020-05-07,1725000.0,-829000.0,36000.0,932000.0,1879.0,955.0,-35.0,3.0,,2026-07-24T11:48:04.437060+08:00
50,2020-05-08,1217000.0,-206035.0,-163000.0,847965.0,1810.0,957.0,-69.0,2.0,,2026-07-24T11:48:04.437060+08:00
50,2020-05-11,868000.0,61970.0,-19000.0,910970.0,1752.0,950.0,-58.0,-7.0,,2026-07-24T11:48:04.437060+08:00
50,2020-05-12,-320000.0,-6831850.0,-44000.0,-7195850.0,1893.0,941.0,141.0,-9.0,,2026-07-24T11:48:04.437060+08:00
50,2020-05-13,1242000.0,-1981000.0,0.0,-739000.0,1857.0,946.0,-36.0,5.0,,2026-07-24T11:48:04.437060+08:00
50,2020-05-14,-8000.0,-3862945.0,0.0,-3870945.0,1885.0,949.0,28.0,3.0,,2026-07-24T11:48:04.437060+08:00
50,2020-05-15,1369000.0,-352905.0,0.0,1016095.0,1759.0,953.0,-126.0,4.0,,2026-07-24T11:48:04.437060+08:00
50,2020-05-18,-569000.0,-2805000.0,18000.0,-3356000.0,1847.0,951.0,88.0,-2.0,,2026-07-24T11:48:04.437060+08:00
50,2020-05-19,618000.0,-99881.0,59000.0,577119.0,1869.0,961.0,22.0,10.0,,2026-07-24T11:48:04.437060+08:00
50,2020-05-20,-3446000.0,4875000.0,0.0,1429000.0,1836.0,972.0,-33.0,11.0,,2026-07-24T11:48:04.437060+08:00
50,2020-05-21,3806000.0,-560000.0,58000.0,3304000.0,1768.0,961.0,-68.0,-11.0,,2026-07-24T11:48:04.437060+08:00
50,2020-05-22,-3904000.0,-6373000.0,-283000.0,-10560000.0,1844.0,978.0,76.0,17.0,,2026-07-24T11:48:04.437060+08:00
50,2020-05-25,345000.0,-798000.0,28000.0,-425000.0,1864.0,985.0,20.0,7.0,,2026-07-24T11:48:04.437060+08:00
50,2020-05-26,8256000.0,1504032.0,0.0,9760032.0,1630.0,979.0,-234.0,-6.0,,2026-07-24T11:48:04.437060+08:00
50,2020-05-27,349000.0,638003.0,45000.0,1032003.0,1602.0,976.0,-28.0,-3.0,,2026-07-24T11:48:04.437060+08:00
50,2020-05-28,3000.0,-580000.0,0.0,-577000.0,1417.0,966.0,-185.0,-10.0,,2026-07-24T11:48:04.437060+08:00
50,2020-05-29,-87000.0,-709000.0,46000.0,-750000.0,1436.0,966.0,19.0,0.0,,2026-07-24T11:48:04.437060+08:00
50,2020-06-01,3203000.0,121000.0,23000.0,3347000.0,1514.0,957.0,78.0,-9.0,,2026-07-24T11:48:04.437060+08:00
50,2020-06-02,2439000.0,5578035.0,-89000.0,7928035.0,1640.0,951.0,126.0,-6.0,,2026-07-24T11:48:04.437060+08:00
50,2020-06-03,5561000.0,6512999.0,-100000.0,11973999.0,1380.0,943.0,-260.0,-8.0,,2026-07-24T11:48:04.437060+08:00
50,2020-06-04,1607000.0,-1359000.0,34000.0,282000.0,1602.0,928.0,222.0,-15.0,,2026-07-24T11:48:04.437060+08:00
50,2020-06-05,5322000.0,-50375.0,23000.0,5294625.0,1711.0,918.0,109.0,-10.0,,2026-07-24T11:48:04.437060+08:00
50,2020-06-08,125000.0,4237920.0,-60000.0,4302920.0,1689.0,900.0,-22.0,-18.0,,2026-07-24T11:48:04.437060+08:00
50,2020-06-09,-817000.0,5614820.0,79000.0,4876820.0,1255.0,877.0,-434.0,-23.0,,2026-07-24T11:48:04.437060+08:00
50,2020-06-10,1853000.0,4214350.0,0.0,6067350.0,1190.0,865.0,-65.0,-12.0,,2026-07-24T11:48:04.437060+08:00
50,2020-06-11,-2600000.0,5014256.0,-30000.0,2384256.0,1259.0,856.0,69.0,-9.0,,2026-07-24T11:48:04.437060+08:00
50,2020-06-12,-1078000.0,9979900.0,-52000.0,8849900.0,1323.0,847.0,64.0,-9.0,,2026-07-24T11:48:04.437060+08:00
50,2020-06-15,-4198000.0,34125.0,0.0,-4163875.0,1315.0,835.0,-8.0,-12.0,,2026-07-24T11:48:04.437060+08:00
50,2020-06-16,390000.0,3049089.0,24000.0,3463089.0,1282.0,867.0,-33.0,32.0,,2026-07-24T11:48:04.437060+08:00
50,2020-06-17,-3700000.0,3022000.0,0.0,-678000.0,1284.0,860.0,2.0,-7.0,,2026-07-24T11:48:04.437060+08:00
50,2020-06-18,1209000.0,-1631890.0,0.0,-422890.0,1272.0,858.0,-12.0,-2.0,,2026-07-24T11:48:04.437060+08:00
50,2020-06-19,878000.0,-231945.0,-30000.0,616055.0,1261.0,852.0,-11.0,-6.0,,2026-07-24T11:48:04.437060+08:00
50,2020-06-22,1713000.0,-235000.0,53000.0,1531000.0,1218.0,848.0,-43.0,-4.0,,2026-07-24T11:48:04.437060+08:00
50,2020-06-23,1158000.0,292000.0,-45000.0,1405000.0,1153.0,853.0,-65.0,5.0,,2026-07-24T11:48:04.437060+08:00
50,2020-06-24,-130000.0,4867125.0,-35000.0,4702125.0,1045.0,829.0,-108.0,-24.0,,2026-07-24T11:48:04.437060+08:00
50,2020-06-29,-2855000.0,-255470.0,0.0,-3110470.0,1165.0,875.0,120.0,46.0,,2026-07-24T11:48:04.437060+08:00
50,2020-06-30,-1349000.0,2713003.0,0.0,1364003.0,1087.0,818.0,-78.0,-57.0,,2026-07-24T11:48:04.437060+08:00
50,2020-07-01,-866000.0,5803000.0,112000.0,5049000.0,994.0,815.0,-93.0,-3.0,,2026-07-24T11:48:04.437060+08:00
50,2020-07-02,1306000.0,3590000.0,50000.0,4946000.0,999.0,827.0,5.0,12.0,,2026-07-24T11:48:04.437060+08:00
50,2020-07-03,3903000.0,6503000.0,0.0,10406000.0,1015.0,830.0,16.0,3.0,,2026-07-24T11:48:04.437060+08:00
50,2020-07-06,6100000.0,1908920.0,0.0,8008920.0,919.0,809.0,-96.0,-21.0,,2026-07-24T11:48:04.437060+08:00
50,2020-07-07,3137000.0,2734522.0,189000.0,6060522.0,850.0,698.0,-69.0,-111.0,,2026-07-24T11:48:04.437060+08:00
50,2020-07-08,1971000.0,3995052.0,-106000.0,5860052.0,914.0,632.0,64.0,-66.0,,2026-07-24T11:48:04.437060+08:00
50,2020-07-09,695000.0,2224000.0,-74000.0,2845000.0,810.0,608.0,-104.0,-24.0,,2026-07-24T11:48:04.437060+08:00
50,2020-07-10,1064000.0,3845650.0,-100000.0,4809650.0,713.0,617.0,-97.0,9.0,,2026-07-24T11:48:04.437060+08:00
50,2020-07-13,2464000.0,5702031.0,-32000.0,8134031.0,726.0,562.0,13.0,-55.0,,2026-07-24T11:48:04.437060+08:00
50,2020-07-14,1381000.0,7254051.0,21000.0,8656051.0,719.0,446.0,-7.0,-116.0,,2026-07-24T11:48:04.437060+08:00
50,2020-07-15,-1611000.0,6490351.0,-157000.0,4722351.0,800.0,3.0,81.0,-443.0,,2026-07-24T11:48:04.437060+08:00
50,2020-07-16,-26000.0,453454.0,-175000.0,252454.0,732.0,0.0,-68.0,-3.0,,2026-07-24T11:48:04.437060+08:00
50,2020-07-17,1785000.0,12835000.0,0.0,14620000.0,711.0,0.0,-21.0,0.0,,2026-07-24T11:48:04.437060+08:00
50,2020-07-20,1966000.0,3060911.0,46000.0,5072911.0,740.0,0.0,29.0,0.0,,2026-07-24T11:48:04.437060+08:00
50,2020-07-21,89000.0,17047020.0,0.0,17136020.0,665.0,41.0,-75.0,41.0,,2026-07-24T11:48:04.437060+08:00
50,2020-07-22,97000.0,2259000.0,-76000.0,2280000.0,634.0,66.0,-31.0,25.0,,2026-07-24T11:48:04.437060+08:00
50,2020-07-23,-984000.0,2249500.0,-88100.0,1177400.0,669.0,68.0,35.0,2.0,,2026-07-24T11:48:04.437060+08:00
50,2020-07-24,2639000.0,4884000.0,57000.0,7580000.0,642.0,141.0,-27.0,73.0,,2026-07-24T11:48:04.437060+08:00
50,2020-07-27,901000.0,10842077.0,-30000.0,11713077.0,607.0,143.0,-35.0,2.0,,2026-07-24T11:48:04.437060+08:00
50,2020-07-28,-778000.0,4754116.0,-30000.0,3946116.0,611.0,141.0,4.0,-2.0,,2026-07-24T11:48:04.437060+08:00
50,2020-07-29,-410000.0,4365300.0,-339000.0,3616300.0,622.0,144.0,11.0,3.0,,2026-07-24T11:48:04.437060+08:00
50,2020-07-30,720000.0,1812001.0,215000.0,2747001.0,576.0,145.0,-46.0,1.0,,2026-07-24T11:48:04.437060+08:00
50,2020-07-31,-167000.0,255000.0,-68000.0,20000.0,602.0,137.0,26.0,-8.0,,2026-07-24T11:48:04.437060+08:00
50,2020-08-03,117000.0,-938500.0,-17000.0,-838500.0,609.0,119.0,7.0,-18.0,,2026-07-24T11:48:04.437060+08:00
50,2020-08-04,1420000.0,1248028.0,73000.0,2741028.0,595.0,128.0,-14.0,9.0,,2026-07-24T11:48:04.437060+08:00
50,2020-08-05,811000.0,817353.0,-58000.0,1570353.0,582.0,133.0,-13.0,5.0,,2026-07-24T11:48:04.437060+08:00
50,2020-08-06,-302000.0,1216050.0,-34000.0,880050.0,605.0,141.0,23.0,8.0,,2026-07-24T11:48:04.437060+08:00
50,2020-08-07,-2045000.0,-746805.0,55000.0,-2736805.0,599.0,148.0,-6.0,7.0,,2026-07-24T11:48:04.437060+08:00
50,2020-08-10,697000.0,422065.0,441000.0,1560065.0,600.0,147.0,1.0,-1.0,,2026-07-24T11:48:04.437060+08:00
50,2020-08-11,-338822.0,96047.0,-15000.0,-257775.0,593.0,147.0,-7.0,0.0,,2026-07-24T11:48:04.437060+08:00
50,2020-08-12,-639000.0,-111850.0,73000.0,-677850.0,596.0,134.0,3.0,-13.0,,2026-07-24T11:48:04.437060+08:00
50,2020-08-13,1687000.0,1598028.0,21000.0,3306028.0,580.0,141.0,-16.0,7.0,,2026-07-24T11:48:04.437060+08:00
50,2020-08-14,-242000.0,1646200.0,0.0,1404200.0,585.0,132.0,5.0,-9.0,,2026-07-24T11:48:04.437060+08:00
50,2020-08-17,2061000.0,728047.0,-25000.0,2764047.0,583.0,150.0,-2.0,18.0,,2026-07-24T11:48:04.437060+08:00
50,2020-08-18,-1005000.0,164000.0,188000.0,-653000.0,571.0,150.0,-12.0,0.0,,2026-07-24T11:48:04.437060+08:00
50,2020-08-19,-2229000.0,1553000.0,60000.0,-616000.0,627.0,149.0,56.0,-1.0,,2026-07-24T11:48:04.437060+08:00
50,2020-08-20,-4301000.0,-1534840.0,80000.0,-5755840.0,793.0,135.0,166.0,-14.0,,2026-07-24T11:48:04.437060+08:00
50,2020-08-21,908000.0,2765029.0,0.0,3673029.0,748.0,147.0,-45.0,12.0,,2026-07-24T11:48:04.437060+08:00
50,2020-08-24,-97000.0,965547.0,-49000.0,819547.0,711.0,153.0,-37.0,6.0,,2026-07-24T11:48:04.437060+08:00
50,2020-08-25,1052000.0,848000.0,15000.0,1915000.0,765.0,171.0,54.0,18.0,,2026-07-24T11:48:04.437060+08:00
50,2020-08-26,324000.0,380476.0,0.0,704476.0,745.0,182.0,-20.0,11.0,,2026-07-24T11:48:04.437060+08:00
50,2020-08-27,502000.0,1754002.0,32000.0,2288002.0,678.0,196.0,-67.0,14.0,,2026-07-24T11:48:04.437060+08:00
50,2020-08-28,-1076000.0,-421900.0,70000.0,-1427900.0,695.0,193.0,17.0,-3.0,,2026-07-24T11:48:04.437060+08:00
50,2020-08-31,-2380000.0,-371000.0,25000.0,-2726000.0,764.0,176.0,69.0,-17.0,,2026-07-24T11:48:04.437060+08:00
50,2020-09-01,1745000.0,-1744952.0,55000.0,55048.0,754.0,204.0,-10.0,28.0,,2026-07-24T11:48:04.437060+08:00
50,2020-09-02,-298000.0,-891000.0,88000.0,-1101000.0,744.0,212.0,-10.0,8.0,,2026-07-24T11:48:04.437060+08:00
50,2020-09-03,1444000.0,1368000.0,0.0,2812000.0,710.0,217.0,-34.0,5.0,,2026-07-24T11:48:04.437060+08:00
50,2020-09-04,-2708000.0,-215024.0,121000.0,-2802024.0,796.0,186.0,86.0,-31.0,,2026-07-24T11:48:04.437060+08:00
50,2020-09-07,-858000.0,-1251903.0,53000.0,-2056903.0,803.0,198.0,7.0,12.0,,2026-07-24T11:48:04.437060+08:00
50,2020-09-08,-39000.0,724048.0,196000.0,881048.0,733.0,200.0,-70.0,2.0,,2026-07-24T11:48:04.437060+08:00
50,2020-09-09,-2953000.0,-401000.0,14000.0,-3340000.0,773.0,182.0,40.0,-18.0,,2026-07-24T11:48:04.437060+08:00
50,2020-09-10,-15000.0,1647000.0,0.0,1632000.0,721.0,211.0,-52.0,29.0,,2026-07-24T11:48:04.437060+08:00
50,2020-09-11,-158000.0,-99803.0,20000.0,-237803.0,704.0,212.0,-17.0,1.0,,2026-07-24T11:48:04.437060+08:00
50,2020-09-14,171000.0,4054028.0,45000.0,4270028.0,667.0,210.0,-37.0,-2.0,,2026-07-24T11:48:04.437060+08:00
50,2020-09-15,-125000.0,3307050.0,15000.0,3197050.0,694.0,187.0,27.0,-23.0,,2026-07-24T11:48:04.437060+08:00
50,2020-09-16,-2011000.0,9606100.0,174000.0,7769100.0,551.0,186.0,-143.0,-1.0,,2026-07-24T11:48:04.437060+08:00
50,2020-09-17,-3564000.0,2638047.0,91000.0,-834953.0,554.0,187.0,3.0,1.0,,2026-07-24T11:48:04.437060+08:00
50,2020-09-18,-449000.0,685075.0,0.0,236075.0,567.0,187.0,13.0,0.0,,2026-07-24T11:48:04.437060+08:00
50,2020-09-21,-3787000.0,2086000.0,-15000.0,-1716000.0,590.0,189.0,23.0,2.0,,2026-07-24T11:48:04.437060+08:00
50,2020-09-22,-3283000.0,-40000.0,0.0,-3323000.0,622.0,185.0,32.0,-4.0,,2026-07-24T11:48:04.437060+08:00
50,2020-09-23,-1146000.0,-1167800.0,0.0,-2313800.0,644.0,161.0,22.0,-24.0,,2026-07-24T11:48:04.437060+08:00
50,2020-09-24,-3902000.0,-6589520.0,-392000.0,-10883520.0,915.0,154.0,271.0,-7.0,,2026-07-24T11:48:04.437060+08:00
50,2020-09-25,-3827000.0,461000.0,60000.0,-3306000.0,899.0,176.0,-16.0,22.0,,2026-07-24T11:48:04.437060+08:00
50,2020-09-28,-242000.0,-532923.0,75000.0,-699923.0,880.0,173.0,-19.0,-3.0,,2026-07-24T11:48:04.437060+08:00
50,2020-09-29,123000.0,-1115998.0,150000.0,-842998.0,874.0,190.0,-6.0,17.0,,2026-07-24T11:48:04.437060+08:00
50,2020-09-30,158000.0,800590.0,150000.0,1108590.0,863.0,197.0,-11.0,7.0,,2026-07-24T11:48:04.437060+08:00
50,2020-10-05,-375000.0,-287771.0,269000.0,-393771.0,858.0,199.0,-5.0,2.0,,2026-07-24T11:48:04.437060+08:00
50,2020-10-06,-263000.0,748838.0,145000.0,630838.0,839.0,188.0,-19.0,-11.0,,2026-07-24T11:48:04.437060+08:00
50,2020-10-07,479000.0,-30857.0,255000.0,703143.0,822.0,181.0,-17.0,-7.0,,2026-07-24T11:48:04.437060+08:00
50,2020-10-08,12000.0,10336225.0,245000.0,10593225.0,658.0,191.0,-164.0,10.0,,2026-07-24T11:48:04.437060+08:00
50,2020-10-12,67000.0,6285047.0,80000.0,6432047.0,622.0,195.0,-36.0,4.0,,2026-07-24T11:48:04.437060+08:00
50,2020-10-13,-264000.0,3430779.0,19000.0,3185779.0,441.0,200.0,-181.0,5.0,,2026-07-24T11:48:04.437060+08:00
50,2020-10-14,-225000.0,1143001.0,-546000.0,372001.0,453.0,199.0,12.0,-1.0,,2026-07-24T11:48:04.437060+08:00
50,2020-10-15,-1711000.0,901000.0,-631000.0,-1441000.0,487.0,187.0,34.0,-12.0,,2026-07-24T11:48:04.437060+08:00
50,2020-10-16,-538000.0,-44250.0,-110000.0,-692250.0,481.0,186.0,-6.0,-1.0,,2026-07-24T11:48:04.437060+08:00
50,2020-10-19,594000.0,1258060.0,-17000.0,1835060.0,463.0,185.0,-18.0,-1.0,,2026-07-24T11:48:04.437060+08:00
50,2020-10-20,223000.0,-271000.0,-30000.0,-78000.0,466.0,185.0,3.0,0.0,,2026-07-24T11:48:04.437060+08:00
50,2020-10-21,1062000.0,-490906.0,33000.0,604094.0,473.0,185.0,7.0,0.0,,2026-07-24T11:48:04.437060+08:00
50,2020-10-22,290000.0,898000.0,17000.0,1205000.0,472.0,178.0,-1.0,-7.0,,2026-07-24T11:48:04.437060+08:00
50,2020-10-23,-1307000.0,663000.0,0.0,-644000.0,494.0,169.0,22.0,-9.0,,2026-07-24T11:48:04.437060+08:00
50,2020-10-26,-292949.0,719010.0,9000.0,435061.0,499.0,171.0,5.0,2.0,,2026-07-24T11:48:04.437060+08:00
50,2020-10-27,304794.0,-494895.0,-286000.0,-476101.0,504.0,171.0,5.0,0.0,,2026-07-24T11:48:04.437060+08:00
50,2020-10-28,-1663017.0,-210877.0,28000.0,-1845894.0,508.0,170.0,4.0,-1.0,,2026-07-24T11:48:04.437060+08:00
50,2020-10-29,-3745665.0,-1717978.0,34000.0,-5429643.0,533.0,166.0,25.0,-4.0,,2026-07-24T11:48:04.437060+08:00
50,2020-10-30,-3208004.0,-2008480.0,0.0,-5216484.0,609.0,165.0,76.0,-1.0,,2026-07-24T11:48:04.437060+08:00
50,2020-11-02,-5174171.0,-2824800.0,78000.0,-7920971.0,667.0,168.0,58.0,3.0,,2026-07-24T11:48:04.437060+08:00
50,2020-11-03,-1491607.0,353528.0,87000.0,-1051079.0,673.0,172.0,6.0,4.0,,2026-07-24T11:48:04.437060+08:00
50,2020-11-04,1005010.0,465500.0,0.0,1470510.0,749.0,171.0,76.0,-1.0,,2026-07-24T11:48:04.437060+08:00
50,2020-11-05,-74645.0,1404125.0,0.0,1329480.0,720.0,171.0,-29.0,0.0,,2026-07-24T11:48:04.437060+08:00
50,2020-11-06,43166.0,2936010.0,24000.0,3003176.0,589.0,179.0,-131.0,8.0,,2026-07-24T11:48:04.437060+08:00
50,2020-11-09,-338166.0,6058192.0,43000.0,5763026.0,545.0,172.0,-44.0,-7.0,,2026-07-24T11:48:04.437060+08:00
50,2020-11-10,-538384.0,331303.0,75000.0,-132081.0,559.0,171.0,14.0,-1.0,,2026-07-24T11:48:04.437060+08:00
50,2020-11-11,1113662.0,3579623.0,28000.0,4721285.0,535.0,172.0,-24.0,1.0,,2026-07-24T11:48:04.437060+08:00
50,2020-11-12,912050.0,763060.0,33000.0,1708110.0,581.0,173.0,46.0,1.0,,2026-07-24T11:48:04.437060+08:00
50,2020-11-13,489179.0,1476027.0,-145000.0,1820206.0,724.0,173.0,143.0,0.0,,2026-07-24T11:48:04.437060+08:00
50,2020-11-16,84310.0,2609300.0,18000.0,2711610.0,826.0,199.0,102.0,26.0,,2026-07-24T11:48:04.437060+08:00
50,2020-11-17,-2761453.0,-660868.0,1350000.0,-2072321.0,874.0,210.0,48.0,11.0,,2026-07-24T11:48:04.437060+08:00
50,2020-11-18,2955180.0,-2956425.0,1130000.0,1128755.0,900.0,230.0,26.0,20.0,,2026-07-24T11:48:04.437060+08:00
50,2020-11-19,-898678.0,1328451.0,25000.0,454773.0,819.0,266.0,-81.0,36.0,,2026-07-24T11:48:04.437060+08:00
50,2020-11-20,-1999872.0,2554627.0,-20000.0,534755.0,813.0,261.0,-6.0,-5.0,,2026-07-24T11:48:04.437060+08:00
50,2020-11-23,-688250.0,2251180.0,0.0,1562930.0,783.0,238.0,-30.0,-23.0,,2026-07-24T11:48:04.437060+08:00
50,2020-11-24,-1774947.0,-466767.0,-50000.0,-2291714.0,806.0,238.0,23.0,0.0,,2026-07-24T11:48:04.437060+08:00
50,2020-11-25,-1510079.0,-1032549.0,0.0,-2542628.0,798.0,221.0,-8.0,-17.0,,2026-07-24T11:48:04.437060+08:00
50,2020-11-26,-504449.0,-410575.0,26000.0,-889024.0,774.0,223.0,-24.0,2.0,,2026-07-24T11:48:04.437060+08:00
50,2020-11-27,-1469415.0,-321990.0,52000.0,-1739405.0,760.0,215.0,-14.0,-8.0,,2026-07-24T11:48:04.437060+08:00
50,2020-11-30,-139600.0,-5664998.0,101000.0,-5703598.0,787.0,215.0,27.0,0.0,,2026-07-24T11:48:04.437060+08:00
50,2020-12-01,1296080.0,-2670358.0,50000.0,-1324278.0,811.0,218.0,24.0,3.0,,2026-07-24T11:48:04.437060+08:00
50,2020-12-02,-498816.0,1966963.0,88000.0,1556147.0,734.0,228.0,-77.0,10.0,,2026-07-24T11:48:04.437060+08:00
50,2020-12-03,-1267928.0,2051070.0,78000.0,861142.0,685.0,228.0,-49.0,0.0,,2026-07-24T11:48:04.437060+08:00
50,2020-12-04,-5714552.0,6887152.0,0.0,1172600.0,562.0,211.0,-123.0,-17.0,,2026-07-24T11:48:04.437060+08:00
50,2020-12-07,-1737924.0,-817569.0,26000.0,-2529493.0,480.0,210.0,-82.0,-1.0,,2026-07-24T11:48:04.437060+08:00
50,2020-12-08,95193.0,590328.0,152000.0,837521.0,478.0,210.0,-2.0,0.0,,2026-07-24T11:48:04.437060+08:00
50,2020-12-09,-1717762.0,-730953.0,498000.0,-1950715.0,488.0,206.0,10.0,-4.0,,2026-07-24T11:48:04.437060+08:00
50,2020-12-10,-237008.0,-3099263.0,41000.0,-3295271.0,513.0,203.0,25.0,-3.0,,2026-07-24T11:48:04.437060+08:00
50,2020-12-11,-1051731.0,-512563.0,167000.0,-1397294.0,510.0,203.0,-3.0,0.0,,2026-07-24T11:48:04.437060+08:00
50,2020-12-14,-541891.0,-364649.0,42000.0,-864540.0,514.0,205.0,4.0,2.0,,2026-07-24T11:48:04.437060+08:00
50,2020-12-15,-1345029.0,-3194663.0,102000.0,-4437692.0,522.0,207.0,8.0,2.0,,2026-07-24T11:48:04.437060+08:00
50,2020-12-16,-6573498.0,7274249.0,43000.0,743751.0,511.0,210.0,-11.0,3.0,,2026-07-24T11:48:04.437060+08:00
50,2020-12-17,-1204975.0,45093.0,94000.0,-1065882.0,522.0,211.0,11.0,1.0,,2026-07-24T11:48:04.437060+08:00
50,2020-12-18,-450870.0,-340425.0,0.0,-791295.0,514.0,211.0,-8.0,0.0,,2026-07-24T11:48:04.437060+08:00
50,2020-12-21,1073716.0,1039091.0,34000.0,2146807.0,501.0,211.0,-13.0,0.0,,2026-07-24T11:48:04.437060+08:00
50,2020-12-22,-1184786.0,-1882773.0,67000.0,-3000559.0,499.0,211.0,-2.0,0.0,,2026-07-24T11:48:04.437060+08:00
50,2020-12-23,-10548.0,-1796589.0,0.0,-1807137.0,523.0,210.0,24.0,-1.0,,2026-07-24T11:48:04.437060+08:00
50,2020-12-24,-578898.0,52198.0,0.0,-526700.0,510.0,210.0,-13.0,0.0,,2026-07-24T11:48:04.437060+08:00
50,2020-12-25,696063.0,135622.0,0.0,831685.0,489.0,210.0,-21.0,0.0,,2026-07-24T11:48:04.437060+08:00
50,2020-12-28,-200016.0,121253.0,37000.0,-41763.0,503.0,210.0,14.0,0.0,,2026-07-24T11:48:04.437060+08:00
50,2020-12-29,-59261.0,4698.0,94000.0,39437.0,499.0,209.0,-4.0,-1.0,,2026-07-24T11:48:04.437060+08:00
50,2020-12-30,866270.0,2362706.0,-34000.0,3194976.0,508.0,209.0,9.0,0.0,,2026-07-24T11:48:04.437060+08:00
50,2020-12-31,-1834304.0,2605234.0,82000.0,852930.0,487.0,205.0,-21.0,-4.0,,2026-07-24T11:48:04.437060+08:00
50,2021-01-04,-1276291.0,-635389.0,0.0,-1911680.0,525.0,186.0,38.0,-19.0,,2026-07-24T11:48:04.437060+08:00
50,2021-01-05,-316086.0,-178392.0,97000.0,-397478.0,487.0,186.0,-38.0,0.0,,2026-07-24T11:48:04.437060+08:00
50,2021-01-06,-1968704.0,-1359349.0,75000.0,-3253053.0,448.0,182.0,-39.0,-4.0,,2026-07-24T11:48:04.437060+08:00
50,2021-01-07,780869.0,-1359927.0,52000.0,-527058.0,548.0,179.0,100.0,-3.0,,2026-07-24T11:48:04.437060+08:00
50,2021-01-08,1429213.0,-7325301.0,388000.0,-5508088.0,645.0,172.0,97.0,-7.0,,2026-07-24T11:48:04.437060+08:00
50,2021-01-11,-751120.0,-1771111.0,197000.0,-2325231.0,691.0,170.0,46.0,-2.0,,2026-07-24T11:48:04.437060+08:00
50,2021-01-12,-330855.0,-1653647.0,303000.0,-1681502.0,555.0,158.0,-136.0,-12.0,,2026-07-24T11:48:04.437060+08:00
50,2021-01-13,547987.0,-1322019.0,46000.0,-728032.0,692.0,155.0,137.0,-3.0,,2026-07-24T11:48:04.437060+08:00
50,2021-01-14,1621540.0,-6887573.0,276000.0,-4990033.0,825.0,123.0,133.0,-32.0,,2026-07-24T11:48:04.437060+08:00
50,2021-01-15,3330518.0,-8587183.0,252000.0,-5004665.0,793.0,87.0,-32.0,-36.0,,2026-07-24T11:48:04.437060+08:00
50,2021-01-18,1242756.0,-5271644.0,80000.0,-3948888.0,787.0,6.0,-6.0,-81.0,,2026-07-24T11:48:04.437060+08:00
50,2021-01-19,6266212.0,-4414700.0,270000.0,2121512.0,813.0,0.0,26.0,-6.0,,2026-07-24T11:48:04.437060+08:00
50,2021-01-20,-2138744.0,1335525.0,131000.0,-672219.0,1000.0,0.0,187.0,0.0,,2026-07-24T11:48:04.437060+08:00
50,2021-01-21,-325594.0,-642010.0,290000.0,-677604.0,1186.0,0.0,186.0,0.0,,2026-07-24T11:48:04.437060+08:00
50,2021-01-22,-10326085.0,-5243360.0,342000.0,-15227445.0,1246.0,14.0,60.0,14.0,,2026-07-24T11:48:04.437060+08:00
50,2021-01-25,1382828.0,-3688427.0,124000.0,-2181599.0,1213.0,56.0,-33.0,42.0,,2026-07-24T11:48:04.437060+08:00
50,2021-01-26,-584589.0,-4340118.0,89000.0,-4835707.0,1289.0,66.0,76.0,10.0,,2026-07-24T11:48:04.437060+08:00
50,2021-01-27,376724.0,237116.0,-1046000.0,-432160.0,1240.0,84.0,-49.0,18.0,,2026-07-24T11:48:04.437060+08:00
50,2021-01-28,858887.0,-4764952.0,80000.0,-3826065.0,1269.0,87.0,29.0,3.0,,2026-07-24T11:48:04.437060+08:00
50,2021-01-29,166939.0,-5099966.0,146000.0,-4787027.0,1263.0,106.0,-6.0,19.0,,2026-07-24T11:48:04.437060+08:00
50,2021-02-01,1785615.0,-1414335.0,-437000.0,-65720.0,1279.0,114.0,16.0,8.0,,2026-07-24T11:48:04.437060+08:00
50,2021-02-02,607440.0,458464.0,0.0,1065904.0,1178.0,116.0,-101.0,2.0,,2026-07-24T11:48:04.437060+08:00
50,2021-02-03,-105769.0,256365.0,224000.0,374596.0,1194.0,114.0,16.0,-2.0,,2026-07-24T11:48:04.437060+08:00
50,2021-02-04,-1456108.0,221745.0,650000.0,-584363.0,1177.0,109.0,-17.0,-5.0,,2026-07-24T11:48:04.437060+08:00
50,2021-02-05,2433833.0,241791.0,70000.0,2745624.0,1122.0,115.0,-55.0,6.0,,2026-07-24T11:48:04.437060+08:00
50,2021-02-17,2439633.0,1028630.0,445000.0,3913263.0,1045.0,112.0,-77.0,-3.0,,2026-07-24T11:48:04.437060+08:00
50,2021-02-18,1267970.0,-259207.0,427000.0,1435763.0,1042.0,102.0,-3.0,-10.0,,2026-07-24T11:48:04.437060+08:00
50,2021-02-19,-688776.0,-2893791.0,29000.0,-3553567.0,1070.0,102.0,28.0,0.0,,2026-07-24T11:48:04.437060+08:00
50,2021-02-22,144421.0,61884.0,-50000.0,156305.0,986.0,109.0,-84.0,7.0,,2026-07-24T11:48:04.437060+08:00
50,2021-02-23,-259048.0,-1491357.0,130000.0,-1620405.0,924.0,122.0,-62.0,13.0,,2026-07-24T11:48:04.437060+08:00
50,2021-02-24,-4065527.0,-1571625.0,-206000.0,-5843152.0,932.0,116.0,8.0,-6.0,,2026-07-24T11:48:04.437060+08:00
50,2021-02-25,-2844296.0,5780622.0,-950000.0,1986326.0,950.0,103.0,18.0,-13.0,,2026-07-24T11:48:04.437060+08:00
50,2021-02-26,-3155098.0,-18388306.0,211000.0,-21332404.0,1015.0,78.0,65.0,-25.0,,2026-07-24T11:48:04.437060+08:00
50,2021-03-02,-580301.0,-1545767.0,-281000.0,-2407068.0,998.0,93.0,-17.0,15.0,,2026-07-24T11:48:04.437060+08:00
50,2021-03-03,-858606.0,363188.0,98000.0,-397418.0,997.0,85.0,-1.0,-8.0,,2026-07-24T11:48:04.437060+08:00
50,2021-03-04,-607750.0,-10279606.0,167000.0,-10720356.0,1125.0,99.0,128.0,14.0,,2026-07-24T11:48:04.437060+08:00
50,2021-03-05,29036.0,-4760273.0,38000.0,-4693237.0,1176.0,103.0,51.0,4.0,,2026-07-24T11:48:04.437060+08:00
50,2021-03-08,-646683.0,-3449079.0,-446000.0,-4541762.0,1222.0,133.0,46.0,30.0,,2026-07-24T11:48:04.437060+08:00
50,2021-03-09,326797.0,-6586979.0,150000.0,-6110182.0,1238.0,132.0,16.0,-1.0,,2026-07-24T11:48:04.437060+08:00
50,2021-03-10,-143466.0,-1480106.0,0.0,-1623572.0,1272.0,124.0,34.0,-8.0,,2026-07-24T11:48:04.437060+08:00
50,2021-03-11,3089734.0,210875.0,99000.0,3399609.0,1267.0,112.0,-5.0,-12.0,,2026-07-24T11:48:04.437060+08:00
50,2021-03-12,1412578.0,162118.0,59000.0,1633696.0,1272.0,119.0,5.0,7.0,,2026-07-24T11:48:04.437060+08:00
50,2021-03-15,18341.0,-444427.0,-23000.0,-449086.0,1209.0,119.0,-63.0,0.0,,2026-07-24T11:48:04.437060+08:00
50,2021-03-16,666672.0,1599705.0,142000.0,2408377.0,1152.0,121.0,-57.0,2.0,,2026-07-24T11:48:04.437060+08:00
50,2021-03-17,1820955.0,-1868178.0,60000.0,12777.0,1088.0,134.0,-64.0,13.0,,2026-07-24T11:48:04.437060+08:00
50,2021-03-18,2247615.0,1601993.0,-150000.0,3699608.0,1112.0,131.0,24.0,-3.0,,2026-07-24T11:48:04.437060+08:00
50,2021-03-19,-1099502.0,-6051313.0,75000.0,-7075815.0,1124.0,111.0,12.0,-20.0,,2026-07-24T11:48:04.437060+08:00
50,2021-03-22,1376841.0,-758340.0,0.0,618501.0,1371.0,118.0,247.0,7.0,,2026-07-24T11:48:04.437060+08:00
50,2021-03-23,-2702426.0,750614.0,75000.0,-1876812.0,1103.0,143.0,-268.0,25.0,,2026-07-24T11:48:04.437060+08:00
50,2021-03-24,-1469841.0,-7585583.0,20000.0,-9035424.0,1129.0,121.0,26.0,-22.0,,2026-07-24T11:48:04.437060+08:00
50,2021-03-25,288790.0,-1330807.0,0.0,-1042017.0,1116.0,132.0,-13.0,11.0,,2026-07-24T11:48:04.437060+08:00
50,2021-03-26,1924596.0,2333100.0,54000.0,4311696.0,1056.0,179.0,-60.0,47.0,,2026-07-24T11:48:04.437060+08:00
50,2021-03-29,4292910.0,1168063.0,87000.0,5547973.0,964.0,189.0,-92.0,10.0,,2026-07-24T11:48:04.437060+08:00
50,2021-03-30,2502407.0,134153.0,322000.0,2958560.0,880.0,171.0,-84.0,-18.0,,2026-07-24T11:48:04.437060+08:00
50,2021-03-31,-1174191.0,-3538129.0,3000.0,-4709320.0,890.0,173.0,10.0,2.0,,2026-07-24T11:48:04.437060+08:00
50,2021-04-01,359026.0,4460219.0,0.0,4819245.0,820.0,172.0,-70.0,-1.0,,2026-07-24T11:48:04.437060+08:00
50,2021-04-06,1472277.0,565522.0,96000.0,2133799.0,780.0,170.0,-40.0,-2.0,,2026-07-24T11:48:04.437060+08:00
50,2021-04-07,-418017.0,-227668.0,91000.0,-554685.0,769.0,168.0,-11.0,-2.0,,2026-07-24T11:48:04.437060+08:00
50,2021-04-08,3545798.0,-577708.0,-50000.0,2918090.0,746.0,169.0,-23.0,1.0,,2026-07-24T11:48:04.437060+08:00
50,2021-04-09,692002.0,-266017.0,-50000.0,375985.0,751.0,164.0,5.0,-5.0,,2026-07-24T11:48:04.437060+08:00
50,2021-04-12,933321.0,-3091988.0,-36000.0,-2194667.0,735.0,164.0,-16.0,0.0,,2026-07-24T11:48:04.437060+08:00
50,2021-04-13,2758132.0,20156.0,73000.0,2851288.0,724.0,164.0,-11.0,0.0,,2026-07-24T11:48:04.437060+08:00
50,2021-04-14,1034791.0,-1399770.0,163000.0,-201979.0,725.0,167.0,1.0,3.0,,2026-07-24T11:48:04.437060+08:00
50,2021-04-15,4005317.0,526063.0,0.0,4531380.0,722.0,167.0,-3.0,0.0,,2026-07-24T11:48:04.437060+08:00
50,2021-04-16,-1022038.0,6410299.0,-214000.0,5174261.0,702.0,167.0,-20.0,0.0,,2026-07-24T11:48:04.437060+08:00
50,2021-04-19,-1133146.0,5227028.0,51000.0,4144882.0,663.0,161.0,-39.0,-6.0,,2026-07-24T11:48:04.437060+08:00
50,2021-04-20,1159643.0,1471044.0,65000.0,2695687.0,661.0,161.0,-2.0,0.0,,2026-07-24T11:48:04.437060+08:00
50,2021-04-21,-1530151.0,-347588.0,29000.0,-1848739.0,643.0,162.0,-18.0,1.0,,2026-07-24T11:48:04.437060+08:00
50,2021-04-22,-339275.0,1499679.0,0.0,1160404.0,627.0,159.0,-16.0,-3.0,,2026-07-24T11:48:04.437060+08:00
50,2021-04-23,1074471.0,835469.0,44000.0,1953940.0,611.0,161.0,-16.0,2.0,,2026-07-24T11:48:04.437060+08:00
50,2021-04-26,797036.0,7184790.0,15000.0,7996826.0,548.0,153.0,-63.0,-8.0,,2026-07-24T11:48:04.437060+08:00
50,2021-04-27,-1565496.0,4750067.0,57000.0,3241571.0,411.0,153.0,-137.0,0.0,,2026-07-24T11:48:04.437060+08:00
50,2021-04-28,-289429.0,-196569.0,-32000.0,-517998.0,407.0,153.0,-4.0,0.0,,2026-07-24T11:48:04.437060+08:00
50,2021-04-29,1496945.0,3347108.0,-14000.0,4830053.0,396.0,157.0,-11.0,4.0,,2026-07-24T11:48:04.437060+08:00
50,2021-05-03,-3199890.0,-54316.0,-154000.0,-3408206.0,406.0,157.0,10.0,0.0,,2026-07-24T11:48:04.437060+08:00
50,2021-05-04,-1743513.0,-3858865.0,116000.0,-5486378.0,456.0,152.0,50.0,-5.0,,2026-07-24T11:48:04.437060+08:00
50,2021-05-05,-200611.0,-3591402.0,-46000.0,-3838013.0,467.0,152.0,11.0,0.0,,2026-07-24T11:48:04.437060+08:00
50,2021-05-06,-1176020.0,-1849266.0,60000.0,-2965286.0,508.0,150.0,41.0,-2.0,,2026-07-24T11:48:04.437060+08:00
50,2021-05-07,3592518.0,-944629.0,132000.0,2779889.0,504.0,159.0,-4.0,9.0,,2026-07-24T11:48:04.437060+08:00
50,2021-05-10,-1550517.0,448899.0,30000.0,-1071618.0,515.0,159.0,11.0,0.0,,2026-07-24T11:48:04.437060+08:00
50,2021-05-11,-5042630.0,-13731852.0,123000.0,-18651482.0,644.0,144.0,129.0,-15.0,,2026-07-24T11:48:04.437060+08:00
50,2021-05-12,-9067083.0,-12054051.0,-43000.0,-21164134.0,888.0,96.0,244.0,-48.0,,2026-07-24T11:48:04.437060+08:00
50,2021-05-13,-3606127.0,-11967249.0,98000.0,-15475376.0,895.0,133.0,7.0,37.0,,2026-07-24T11:48:04.437060+08:00
50,2021-05-14,267362.0,-3694963.0,0.0,-3427601.0,934.0,157.0,39.0,24.0,,2026-07-24T11:48:04.437060+08:00
50,2021-05-17,-7738947.0,-8839538.0,539000.0,-16039485.0,1403.0,155.0,469.0,-2.0,,2026-07-24T11:48:04.437060+08:00
50,2021-05-18,2854418.0,-1395367.0,548000.0,2007051.0,1239.0,171.0,-164.0,16.0,,2026-07-24T11:48:04.437060+08:00
50,2021-05-19,7495840.0,-7376242.0,152000.0,271598.0,1167.0,164.0,-72.0,-7.0,,2026-07-24T11:48:04.437060+08:00
50,2021-05-20,1185974.0,-1401031.0,54000.0,-161057.0,1083.0,208.0,-84.0,44.0,,2026-07-24T11:48:04.437060+08:00
50,2021-05-21,383937.0,2134939.0,0.0,2518876.0,855.0,207.0,-228.0,-1.0,,2026-07-24T11:48:04.437060+08:00
50,2021-05-24,153824.0,-6561564.0,55000.0,-6352740.0,880.0,196.0,25.0,-11.0,,2026-07-24T11:48:04.437060+08:00
50,2021-05-25,3633610.0,1361102.0,38000.0,5032712.0,795.0,206.0,-85.0,10.0,,2026-07-24T11:48:04.437060+08:00
50,2021-05-26,-217522.0,671868.0,45000.0,499346.0,777.0,211.0,-18.0,5.0,,2026-07-24T11:48:04.437060+08:00
50,2021-05-27,-1596889.0,-1278552.0,126000.0,-2749441.0,834.0,197.0,57.0,-14.0,,2026-07-24T11:48:04.437060+08:00
50,2021-05-28,3089421.0,2990092.0,30000.0,6109513.0,795.0,201.0,-39.0,4.0,,2026-07-24T11:48:04.437060+08:00
50,2021-05-31,273979.0,6059697.0,0.0,6333676.0,734.0,205.0,-61.0,4.0,,2026-07-24T11:48:04.437060+08:00
50,2021-06-01,-796362.0,2466715.0,657000.0,2327353.0,709.0,207.0,-25.0,2.0,,2026-07-24T11:48:04.437060+08:00
50,2021-06-02,-1286030.0,2197157.0,0.0,911127.0,661.0,207.0,-48.0,0.0,,2026-07-24T11:48:04.437060+08:00
50,2021-06-03,805996.0,2539911.0,0.0,3345907.0,627.0,206.0,-34.0,-1.0,,2026-07-24T11:48:04.437060+08:00
50,2021-06-04,415435.0,-313274.0,-341000.0,-238839.0,619.0,205.0,-8.0,-1.0,,2026-07-24T11:48:04.437060+08:00
50,2021-06-07,-3460481.0,-1890742.0,7000.0,-5344223.0,612.0,222.0,-7.0,17.0,,2026-07-24T11:48:04.437060+08:00
50,2021-06-08,-753750.0,-532874.0,250000.0,-1036624.0,611.0,222.0,-1.0,0.0,,2026-07-24T11:48:04.437060+08:00
50,2021-06-09,-200984.0,-3148435.0,35000.0,-3314419.0,608.0,156.0,-3.0,-66.0,,2026-07-24T11:48:04.437060+08:00
50,2021-06-10,793405.0,378193.0,0.0,1171598.0,605.0,165.0,-3.0,9.0,,2026-07-24T11:48:04.437060+08:00
50,2021-06-11,963238.0,329425.0,128000.0,1420663.0,592.0,148.0,-13.0,-17.0,,2026-07-24T11:48:04.437060+08:00
50,2021-06-15,1648469.0,-250449.0,0.0,1398020.0,608.0,147.0,16.0,-1.0,,2026-07-24T11:48:04.437060+08:00
50,2021-06-16,-1816782.0,1545180.0,74000.0,-197602.0,563.0,148.0,-45.0,1.0,,2026-07-24T11:48:04.437060+08:00
50,2021-06-17,499740.0,-887956.0,-348000.0,-736216.0,585.0,151.0,22.0,3.0,,2026-07-24T11:48:04.437060+08:00
50,2021-06-18,837000.0,-740365.0,0.0,96635.0,590.0,155.0,5.0,4.0,,2026-07-24T11:48:04.437060+08:00
50,2021-06-21,-3687211.0,-7562712.0,51000.0,-11198923.0,672.0,134.0,82.0,-21.0,,2026-07-24T11:48:04.437060+08:00
50,2021-06-22,-328884.0,-1370444.0,-794000.0,-2493328.0,597.0,131.0,-75.0,-3.0,,2026-07-24T11:48:04.437060+08:00
50,2021-06-23,3321372.0,-738671.0,0.0,2582701.0,569.0,136.0,-28.0,5.0,,2026-07-24T11:48:04.437060+08:00
50,2021-06-24,3678376.0,-3114549.0,0.0,563827.0,567.0,138.0,-2.0,2.0,,2026-07-24T11:48:04.437060+08:00
50,2021-06-25,2619903.0,1599457.0,0.0,4219360.0,537.0,145.0,-30.0,7.0,,2026-07-24T11:48:04.437060+08:00
50,2021-06-28,-313104.0,344523.0,63000.0,94419.0,536.0,137.0,-1.0,-8.0,,2026-07-24T11:48:04.437060+08:00
50,2021-06-29,1439770.0,2096157.0,131000.0,3666927.0,551.0,137.0,15.0,0.0,,2026-07-24T11:48:04.437060+08:00
50,2021-06-30,712195.0,6254585.0,0.0,6966780.0,505.0,145.0,-46.0,8.0,,2026-07-24T11:48:04.437060+08:00
50,2021-07-01,693356.0,711017.0,0.0,1404373.0,505.0,140.0,0.0,-5.0,,2026-07-24T11:48:04.437060+08:00
50,2021-07-02,744000.0,-1041998.0,14000.0,-283998.0,503.0,140.0,-2.0,0.0,,2026-07-24T11:48:04.437060+08:00
50,2021-07-05,3610786.0,652867.0,59000.0,4322653.0,479.0,149.0,-24.0,9.0,,2026-07-24T11:48:04.437060+08:00
50,2021-07-06,2310196.0,-476165.0,80000.0,1914031.0,482.0,146.0,3.0,-3.0,,2026-07-24T11:48:04.437060+08:00
50,2021-07-07,2099426.0,589614.0,66000.0,2755040.0,466.0,131.0,-16.0,-15.0,,2026-07-24T11:48:04.437060+08:00
50,2021-07-08,2207303.0,-412887.0,14000.0,1808416.0,472.0,113.0,6.0,-18.0,,2026-07-24T11:48:04.437060+08:00
50,2021-07-09,-879235.0,-2435606.0,0.0,-3314841.0,482.0,103.0,10.0,-10.0,,2026-07-24T11:48:04.437060+08:00
50,2021-07-12,2637869.0,8987109.0,-20000.0,11604978.0,447.0,39.0,-35.0,-64.0,,2026-07-24T11:48:04.437060+08:00
50,2021-07-13,1832608.0,9526131.0,108000.0,11466739.0,449.0,40.0,2.0,1.0,,2026-07-24T11:48:04.437060+08:00
50,2021-07-14,1329416.0,5333865.0,222000.0,6885281.0,484.0,23.0,35.0,-17.0,,2026-07-24T11:48:04.437060+08:00
50,2021-07-15,-73283.0,7215635.0,0.0,7142352.0,418.0,0.0,-66.0,-23.0,,2026-07-24T11:48:04.437060+08:00
50,2021-07-16,-221951.0,-877842.0,57000.0,-1042793.0,439.0,0.0,21.0,0.0,,2026-07-24T11:48:04.437060+08:00
50,2021-07-19,1063182.0,-3340350.0,57000.0,-2220168.0,476.0,0.0,37.0,0.0,,2026-07-24T11:48:04.437060+08:00
50,2021-07-20,-2770612.0,-1530778.0,-528000.0,-4829390.0,482.0,0.0,6.0,0.0,,2026-07-24T11:48:04.437060+08:00
50,2021-07-21,-9889601.0,4594012.0,66000.0,-5229589.0,487.0,5.0,5.0,5.0,,2026-07-24T11:48:04.437060+08:00
50,2021-07-22,1148648.0,1701020.0,-256000.0,2593668.0,486.0,7.0,-1.0,2.0,,2026-07-24T11:48:04.437060+08:00
50,2021-07-23,-555172.0,-341247.0,0.0,-896419.0,482.0,10.0,-4.0,3.0,,2026-07-24T11:48:04.437060+08:00
50,2021-07-26,-1230567.0,-6979726.0,0.0,-8210293.0,531.0,16.0,49.0,6.0,,2026-07-24T11:48:04.437060+08:00
50,2021-07-27,-836818.0,-5878686.0,144000.0,-6571504.0,573.0,26.0,42.0,10.0,,2026-07-24T11:48:04.437060+08:00
50,2021-07-28,-3594836.0,-21772975.0,0.0,-25367811.0,776.0,21.0,203.0,-5.0,,2026-07-24T11:48:04.437060+08:00
50,2021-07-29,3673235.0,2168630.0,-99000.0,5742865.0,678.0,59.0,-98.0,38.0,,2026-07-24T11:48:04.437060+08:00
50,2021-07-30,139721.0,-13358.0,0.0,126363.0,953.0,68.0,275.0,9.0,,2026-07-24T11:48:04.437060+08:00
50,2021-08-02,1309815.0,3592673.0,0.0,4902488.0,953.0,66.0,0.0,-2.0,,2026-07-24T11:48:04.437060+08:00
50,2021-08-03,3140526.0,1960412.0,80000.0,5180938.0,926.0,66.0,-27.0,0.0,,2026-07-24T11:48:04.437060+08:00
50,2021-08-04,850572.0,3720806.0,0.0,4571378.0,871.0,82.0,-55.0,16.0,,2026-07-24T11:48:04.437060+08:00
50,2021-08-05,-295070.0,4709071.0,-70000.0,4344001.0,832.0,83.0,-39.0,1.0,,2026-07-24T11:48:04.437060+08:00
50,2021-08-06,-524125.0,543668.0,46000.0,65543.0,831.0,66.0,-1.0,-17.0,,2026-07-24T11:48:04.437060+08:00
50,2021-08-09,-662855.0,2022476.0,66000.0,1425621.0,515.0,74.0,-316.0,8.0,,2026-07-24T11:48:04.437060+08:00
50,2021-08-10,-339054.0,561895.0,69000.0,291841.0,488.0,74.0,-27.0,0.0,,2026-07-24T11:48:04.437060+08:00
50,2021-08-11,-831609.0,98417.0,59000.0,-674192.0,481.0,86.0,-7.0,12.0,,2026-07-24T11:48:04.437060+08:00
50,2021-08-12,-275271.0,-305083.0,0.0,-580354.0,492.0,79.0,11.0,-7.0,,2026-07-24T11:48:04.437060+08:00
50,2021-08-13,-1516204.0,-4748883.0,0.0,-6265087.0,558.0,44.0,66.0,-35.0,,2026-07-24T11:48:04.437060+08:00
50,2021-08-16,-1775683.0,-5342628.0,52000.0,-7066311.0,570.0,61.0,12.0,17.0,,2026-07-24T11:48:04.437060+08:00
50,2021-08-17,-2775937.0,-8358996.0,170000.0,-10964933.0,612.0,67.0,42.0,6.0,,2026-07-24T11:48:04.437060+08:00
50,2021-08-18,-1982401.0,-12287587.0,0.0,-14269988.0,757.0,61.0,145.0,-6.0,,2026-07-24T11:48:04.437060+08:00
50,2021-08-19,-3095794.0,-17816142.0,67000.0,-20844936.0,871.0,60.0,114.0,-1.0,,2026-07-24T11:48:04.437060+08:00
50,2021-08-20,-1911795.0,-9945431.0,26000.0,-11831226.0,999.0,76.0,128.0,16.0,,2026-07-24T11:48:04.437060+08:00
50,2021-08-23,350183.0,383914.0,0.0,734097.0,986.0,105.0,-13.0,29.0,,2026-07-24T11:48:04.437060+08:00
50,2021-08-24,1076779.0,-1186598.0,0.0,-109819.0,858.0,127.0,-128.0,22.0,,2026-07-24T11:48:04.437060+08:00
50,2021-08-25,3109016.0,1320251.0,41000.0,4470267.0,806.0,152.0,-52.0,25.0,,2026-07-24T11:48:04.437060+08:00
50,2021-08-26,1267686.0,1993378.0,59000.0,3320064.0,704.0,125.0,-102.0,-27.0,,2026-07-24T11:48:04.437060+08:00
50,2021-08-27,6477527.0,5381744.0,51000.0,11910271.0,583.0,130.0,-121.0,5.0,,2026-07-24T11:48:04.437060+08:00
50,2021-08-30,2541959.0,16199956.0,30000.0,18771915.0,521.0,136.0,-62.0,6.0,,2026-07-24T11:48:04.437060+08:00
50,2021-08-31,3115598.0,9894283.0,189000.0,13198881.0,448.0,146.0,-73.0,10.0,,2026-07-24T11:48:04.437060+08:00
50,2021-09-01,-1497637.0,13937667.0,0.0,12440030.0,761.0,148.0,313.0,2.0,,2026-07-24T11:48:04.437060+08:00
50,2021-09-02,456852.0,1431773.0,178000.0,2066625.0,517.0,157.0,-244.0,9.0,,2026-07-24T11:48:04.437060+08:00
50,2021-09-03,353963.0,7557403.0,215000.0,8126366.0,509.0,163.0,-8.0,6.0,,2026-07-24T11:48:04.437060+08:00
50,2021-09-06,680212.0,5840772.0,0.0,6520984.0,497.0,161.0,-12.0,-2.0,,2026-07-24T11:48:04.437060+08:00
50,2021-09-07,-2108740.0,908715.0,309000.0,-891025.0,369.0,163.0,-128.0,2.0,,2026-07-24T11:48:04.437060+08:00
50,2021-09-08,-914081.0,266504.0,0.0,-647577.0,401.0,173.0,32.0,10.0,,2026-07-24T11:48:04.437060+08:00
50,2021-09-09,249722.0,-203764.0,0.0,45958.0,408.0,165.0,7.0,-8.0,,2026-07-24T11:48:04.437060+08:00
50,2021-09-10,392055.0,948930.0,72000.0,1412985.0,408.0,168.0,0.0,3.0,,2026-07-24T11:48:04.437060+08:00
50,2021-09-13,-1303191.0,197290.0,64000.0,-1041901.0,416.0,168.0,8.0,0.0,,2026-07-24T11:48:04.437060+08:00
50,2021-09-14,-187666.0,861837.0,32000.0,706171.0,375.0,168.0,-41.0,0.0,,2026-07-24T11:48:04.437060+08:00
50,2021-09-15,-6770880.0,6387065.0,163000.0,-220815.0,439.0,168.0,64.0,0.0,,2026-07-24T11:48:04.437060+08:00
50,2021-09-16,-3132061.0,-2917693.0,50000.0,-5999754.0,436.0,164.0,-3.0,-4.0,,2026-07-24T11:48:04.437060+08:00
50,2021-09-17,-1110716.0,191217.0,61000.0,-858499.0,443.0,164.0,7.0,0.0,,2026-07-24T11:48:04.437060+08:00
50,2021-09-22,-11794966.0,-9617353.0,61000.0,-21351319.0,442.0,124.0,-1.0,-40.0,,2026-07-24T11:48:04.437060+08:00
50,2021-09-23,-243231.0,-1109049.0,74000.0,-1278280.0,530.0,130.0,88.0,6.0,,2026-07-24T11:48:04.437060+08:00
50,2021-09-24,-2105773.0,-260587.0,48000.0,-2318360.0,562.0,141.0,32.0,11.0,,2026-07-24T11:48:04.437060+08:00
50,2021-09-27,-2159055.0,-6540991.0,0.0,-8700046.0,569.0,145.0,7.0,4.0,,2026-07-24T11:48:04.437060+08:00
50,2021-09-28,-1714684.0,-12188029.0,132000.0,-13770713.0,557.0,134.0,-12.0,-11.0,,2026-07-24T11:48:04.437060+08:00
50,2021-09-29,-2984352.0,-23721095.0,121000.0,-26584447.0,653.0,86.0,96.0,-48.0,,2026-07-24T11:48:04.437060+08:00
50,2021-09-30,-5681574.0,-7611985.0,0.0,-13293559.0,673.0,93.0,20.0,7.0,,2026-07-24T11:48:04.437060+08:00
50,2021-10-01,-12324982.0,-12202252.0,0.0,-24527234.0,934.0,84.0,261.0,-9.0,,2026-07-24T11:48:04.437060+08:00
50,2021-10-04,-6960828.0,-12405377.0,105000.0,-19261205.0,1085.0,92.0,151.0,8.0,,2026-07-24T11:48:04.437060+08:00
50,2021-10-05,-2217854.0,-17791612.0,90000.0,-19919466.0,1336.0,104.0,251.0,12.0,,2026-07-24T11:48:04.437060+08:00
50,2021-10-06,-1463666.0,-16673819.0,82000.0,-18055485.0,1601.0,123.0,265.0,19.0,,2026-07-24T11:48:04.437060+08:00
50,2021-10-07,-1541654.0,968800.0,300000.0,-272854.0,1712.0,117.0,111.0,-6.0,,2026-07-24T11:48:04.437060+08:00
50,2021-10-08,597323.0,-4635690.0,0.0,-4038367.0,1789.0,134.0,77.0,17.0,,2026-07-24T11:48:04.437060+08:00
50,2021-10-12,202515.0,-6349902.0,175000.0,-5972387.0,1820.0,121.0,31.0,-13.0,,2026-07-24T11:48:04.437060+08:00
50,2021-10-13,-246680.0,-1722301.0,219000.0,-1749981.0,1769.0,144.0,-51.0,23.0,,2026-07-24T11:48:04.437060+08:00
50,2021-10-14,-488485.0,-26146.0,30000.0,-484631.0,1755.0,130.0,-14.0,-14.0,,2026-07-24T11:48:04.437060+08:00
50,2021-10-15,1160017.0,4983720.0,0.0,6143737.0,1516.0,155.0,-239.0,25.0,,2026-07-24T11:48:04.437060+08:00
50,2021-10-18,-374040.0,-77184.0,375000.0,-76224.0,1491.0,158.0,-25.0,3.0,,2026-07-24T11:48:04.437060+08:00
50,2021-10-19,473336.0,5567894.0,110000.0,6151230.0,1459.0,151.0,-32.0,-7.0,,2026-07-24T11:48:04.437060+08:00
50,2021-10-20,777272.0,5608981.0,0.0,6386253.0,1356.0,195.0,-103.0,44.0,,2026-07-24T11:48:04.437060+08:00
50,2021-10-21,1920890.0,7780677.0,63000.0,9764567.0,1179.0,203.0,-177.0,8.0,,2026-07-24T11:48:04.437060+08:00
50,2021-10-22,252496.0,2618815.0,0.0,2871311.0,1131.0,222.0,-48.0,19.0,,2026-07-24T11:48:04.437060+08:00
50,2021-10-25,-176669.0,3717952.0,70000.0,3611283.0,1068.0,210.0,-63.0,-12.0,,2026-07-24T11:48:04.437060+08:00
50,2021-10-26,1446484.0,5118781.0,67000.0,6632265.0,1033.0,201.0,-35.0,-9.0,,2026-07-24T11:48:04.437060+08:00
50,2021-10-27,997702.0,4120268.0,37000.0,5154970.0,1020.0,200.0,-13.0,-1.0,,2026-07-24T11:48:04.437060+08:00
50,2021-10-28,-48385.0,1346483.0,-35000.0,1263098.0,1018.0,199.0,-2.0,-1.0,,2026-07-24T11:48:04.437060+08:00
50,2021-10-29,-164267.0,-1451704.0,0.0,-1615971.0,898.0,176.0,-120.0,-23.0,,2026-07-24T11:48:04.437060+08:00
50,2021-11-01,1138812.0,451323.0,30000.0,1620135.0,804.0,180.0,-94.0,4.0,,2026-07-24T11:48:04.437060+08:00
50,2021-11-02,220463.0,1093386.0,48000.0,1361849.0,764.0,181.0,-40.0,1.0,,2026-07-24T11:48:04.437060+08:00
50,2021-11-03,-270181.0,377925.0,0.0,107744.0,771.0,182.0,7.0,1.0,,2026-07-24T11:48:04.437060+08:00
50,2021-11-04,358173.0,-216660.0,0.0,141513.0,739.0,188.0,-32.0,6.0,,2026-07-24T11:48:04.437060+08:00
50,2021-11-05,2250041.0,6775562.0,-32000.0,8993603.0,708.0,147.0,-31.0,-41.0,,2026-07-24T11:48:04.437060+08:00
50,2021-11-08,2318053.0,1400869.0,43000.0,3761922.0,799.0,149.0,91.0,2.0,,2026-07-24T11:48:04.437060+08:00
50,2021-11-09,2263173.0,6797152.0,1295000.0,10355325.0,733.0,158.0,-66.0,9.0,,2026-07-24T11:48:04.437060+08:00
50,2021-11-10,269364.0,2676790.0,178000.0,3124154.0,734.0,165.0,1.0,7.0,,2026-07-24T11:48:04.437060+08:00
50,2021-11-11,2280128.0,-90037.0,0.0,2190091.0,744.0,164.0,10.0,-1.0,,2026-07-24T11:48:04.437060+08:00
50,2021-11-12,1191261.0,2049053.0,175000.0,3415314.0,737.0,161.0,-7.0,-3.0,,2026-07-24T11:48:04.437060+08:00
50,2021-11-15,861706.0,1939362.0,759000.0,3560068.0,826.0,165.0,89.0,4.0,,2026-07-24T11:48:04.437060+08:00
50,2021-11-16,-307791.0,1157537.0,39000.0,888746.0,694.0,148.0,-132.0,-17.0,,2026-07-24T11:48:04.437060+08:00
50,2021-11-17,-2051666.0,4853451.0,0.0,2801785.0,685.0,129.0,-9.0,-19.0,,2026-07-24T11:48:04.437060+08:00
50,2021-11-18,795917.0,3806505.0,120000.0,4722422.0,624.0,128.0,-61.0,-1.0,,2026-07-24T11:48:04.437060+08:00
50,2021-11-19,105788.0,2490686.0,207000.0,2803474.0,574.0,128.0,-50.0,0.0,,2026-07-24T11:48:04.437060+08:00
50,2021-11-22,224650.0,1016592.0,0.0,1241242.0,583.0,128.0,9.0,0.0,,2026-07-24T11:48:04.437060+08:00
50,2021-11-23,113957.0,-479575.0,0.0,-365618.0,630.0,130.0,47.0,2.0,,2026-07-24T11:48:04.437060+08:00
50,2021-11-24,-50840.0,-667177.0,-67900.0,-785917.0,625.0,130.0,-5.0,0.0,,2026-07-24T11:48:04.437060+08:00
50,2021-11-25,-120518.0,-658209.0,-90000.0,-868727.0,655.0,131.0,30.0,1.0,,2026-07-24T11:48:04.437060+08:00
50,2021-11-26,-3094023.0,-7250603.0,40000.0,-10304626.0,662.0,132.0,7.0,1.0,,2026-07-24T11:48:04.437060+08:00
50,2021-11-29,-2853410.0,-2855101.0,87000.0,-5621511.0,627.0,129.0,-35.0,-3.0,,2026-07-24T11:48:04.437060+08:00
50,2021-11-30,-3327512.0,-4963326.0,537000.0,-7753838.0,656.0,108.0,29.0,-21.0,,2026-07-24T11:48:04.437060+08:00
50,2021-12-01,387162.0,-45454.0,17000.0,358708.0,653.0,106.0,-3.0,-2.0,,2026-07-24T11:48:04.437060+08:00
50,2021-12-02,570134.0,5750190.0,72000.0,6392324.0,688.0,114.0,35.0,8.0,,2026-07-24T11:48:04.437060+08:00
50,2021-12-03,655980.0,939412.0,0.0,1595392.0,749.0,114.0,61.0,0.0,,2026-07-24T11:48:04.437060+08:00
50,2021-12-06,-791464.0,-771404.0,0.0,-1562868.0,742.0,113.0,-7.0,-1.0,,2026-07-24T11:48:04.437060+08:00
50,2021-12-07,173108.0,-649625.0,64000.0,-412517.0,754.0,113.0,12.0,0.0,,2026-07-24T11:48:04.437060+08:00
50,2021-12-08,4727524.0,3790617.0,0.0,8518141.0,713.0,113.0,-41.0,0.0,,2026-07-24T11:48:04.437060+08:00
50,2021-12-09,2442641.0,529199.0,0.0,2971840.0,681.0,128.0,-32.0,15.0,,2026-07-24T11:48:04.437060+08:00
50,2021-12-10,1521433.0,438687.0,36000.0,1996120.0,690.0,129.0,9.0,1.0,,2026-07-24T11:48:04.437060+08:00
50,2021-12-13,1675233.0,464904.0,50000.0,2190137.0,694.0,127.0,4.0,-2.0,,2026-07-24T11:48:04.437060+08:00
50,2021-12-14,-1964007.0,-814907.0,29000.0,-2749914.0,681.0,117.0,-13.0,-10.0,,2026-07-24T11:48:04.437060+08:00
50,2021-12-15,4164941.0,-5131209.0,0.0,-966268.0,682.0,105.0,1.0,-12.0,,2026-07-24T11:48:04.437060+08:00
50,2021-12-16,-711068.0,-31785.0,0.0,-742853.0,664.0,106.0,-18.0,1.0,,2026-07-24T11:48:04.437060+08:00
50,2021-12-17,-1244668.0,44469.0,64000.0,-1136199.0,635.0,107.0,-29.0,1.0,,2026-07-24T11:48:04.437060+08:00
50,2021-12-20,-1220088.0,-594915.0,0.0,-1815003.0,658.0,100.0,23.0,-7.0,,2026-07-24T11:48:04.437060+08:00
50,2021-12-21,2508918.0,643070.0,75000.0,3226988.0,664.0,101.0,6.0,1.0,,2026-07-24T11:48:04.437060+08:00
50,2021-12-22,1778478.0,586697.0,610000.0,2975175.0,668.0,106.0,4.0,5.0,,2026-07-24T11:48:04.437060+08:00
50,2021-12-23,3771935.0,8930402.0,0.0,12702337.0,605.0,119.0,-63.0,13.0,,2026-07-24T11:48:04.437060+08:00
50,2021-12-24,-598176.0,8054844.0,2337000.0,9793668.0,637.0,124.0,32.0,5.0,,2026-07-24T11:48:04.437060+08:00
50,2021-12-27,1253.0,2665700.0,0.0,2666953.0,599.0,129.0,-38.0,5.0,,2026-07-24T11:48:04.437060+08:00
50,2021-12-28,2256391.0,14256788.0,0.0,16513179.0,606.0,127.0,7.0,-2.0,,2026-07-24T11:48:04.437060+08:00
50,2021-12-29,1853956.0,14487499.0,730000.0,17071455.0,646.0,131.0,40.0,4.0,,2026-07-24T11:48:04.437060+08:00
50,2021-12-30,-3640774.0,1110915.0,0.0,-2529859.0,603.0,136.0,-43.0,5.0,,2026-07-24T11:48:04.437060+08:00
50,2022-01-03,1110984.0,1584256.0,0.0,2695240.0,642.0,129.0,39.0,-7.0,,2026-07-24T11:48:04.437060+08:00
50,2022-01-04,62011.0,4368955.0,0.0,4430966.0,623.0,132.0,-19.0,3.0,,2026-07-24T11:48:04.437060+08:00
50,2022-01-05,-3746459.0,6389421.0,0.0,2642962.0,647.0,135.0,24.0,3.0,,2026-07-24T11:48:04.437060+08:00
50,2022-01-06,349556.0,654724.0,-2037000.0,-1032720.0,678.0,136.0,31.0,1.0,,2026-07-24T11:48:04.437060+08:00
50,2022-01-07,-381088.0,-2807577.0,330000.0,-2858665.0,676.0,138.0,-2.0,2.0,,2026-07-24T11:48:04.437060+08:00
50,2022-01-10,-5509935.0,-7255048.0,32000.0,-12732983.0,685.0,138.0,9.0,0.0,,2026-07-24T11:48:04.437060+08:00
50,2022-01-11,-3048885.0,-8067104.0,509000.0,-10606989.0,751.0,131.0,66.0,-7.0,,2026-07-24T11:48:04.437060+08:00
50,2022-01-12,-1389031.0,-1544317.0,981000.0,-1952348.0,768.0,126.0,17.0,-5.0,,2026-07-24T11:48:04.437060+08:00
50,2022-01-13,1325514.0,-1124558.0,2060000.0,2260956.0,752.0,111.0,-16.0,-15.0,,2026-07-24T11:48:04.437060+08:00
50,2022-01-14,-1968339.0,-487574.0,1522000.0,-933913.0,682.0,77.0,-70.0,-34.0,,2026-07-24T11:48:04.437060+08:00
50,2022-01-17,346601.0,-428971.0,317000.0,234630.0,644.0,0.0,-38.0,-77.0,,2026-07-24T11:48:04.437060+08:00
50,2022-01-18,-3255306.0,-4408485.0,793000.0,-6870791.0,695.0,0.0,51.0,0.0,,2026-07-24T11:48:04.437060+08:00
50,2022-01-19,-2525930.0,-6730103.0,1115000.0,-8141033.0,759.0,0.0,64.0,0.0,,2026-07-24T11:48:04.437060+08:00
50,2022-01-20,-6380642.0,-2829713.0,-30000.0,-9240355.0,894.0,0.0,135.0,0.0,,2026-07-24T11:48:04.437060+08:00
50,2022-01-21,-20615829.0,-7178265.0,500000.0,-27294094.0,1123.0,7.0,229.0,7.0,,2026-07-24T11:48:04.437060+08:00
50,2022-01-24,-4260877.0,-1286838.0,90000.0,-5457715.0,1157.0,48.0,34.0,41.0,,2026-07-24T11:48:04.437060+08:00
50,2022-01-25,-7207914.0,-15013276.0,35000.0,-22186190.0,1321.0,33.0,164.0,-15.0,,2026-07-24T11:48:04.437060+08:00
50,2022-01-26,-6705518.0,-8591636.0,0.0,-15297154.0,1423.0,39.0,102.0,6.0,,2026-07-24T11:48:04.437060+08:00
50,2022-02-07,-7944782.0,-11946334.0,101000.0,-19790116.0,1585.0,42.0,162.0,3.0,,2026-07-24T11:48:04.437060+08:00
50,2022-02-08,-4710574.0,-3000532.0,330000.0,-7381106.0,1535.0,64.0,-50.0,22.0,,2026-07-24T11:48:04.437060+08:00
50,2022-02-09,-3728790.0,-2078169.0,63000.0,-5743959.0,1539.0,86.0,4.0,22.0,,2026-07-24T11:48:04.437060+08:00
50,2022-02-10,325585.0,-1049636.0,-170000.0,-894051.0,1529.0,114.0,-10.0,28.0,,2026-07-24T11:48:04.437060+08:00
50,2022-02-11,-597565.0,26007.0,55000.0,-516558.0,1505.0,122.0,-24.0,8.0,,2026-07-24T11:48:04.437060+08:00
50,2022-02-14,-471490.0,-7219765.0,0.0,-7691255.0,1489.0,110.0,-16.0,-12.0,,2026-07-24T11:48:04.437060+08:00
50,2022-02-15,-437223.0,-5509804.0,26000.0,-5921027.0,1499.0,103.0,10.0,-7.0,,2026-07-24T11:48:04.437060+08:00
50,2022-02-16,1268910.0,-382540.0,334000.0,1220370.0,1471.0,113.0,-28.0,10.0,,2026-07-24T11:48:04.437060+08:00
50,2022-02-17,1221252.0,347572.0,10000.0,1578824.0,1468.0,130.0,-3.0,17.0,,2026-07-24T11:48:04.437060+08:00
50,2022-02-18,-149175.0,-1203394.0,0.0,-1352569.0,1509.0,100.0,41.0,-30.0,,2026-07-24T11:48:04.437060+08:00
50,2022-02-21,210732.0,-2354517.0,0.0,-2143785.0,1496.0,106.0,-13.0,6.0,,2026-07-24T11:48:04.437060+08:00
50,2022-02-22,-1570816.0,-15381906.0,0.0,-16952722.0,1592.0,96.0,96.0,-10.0,,2026-07-24T11:48:04.437060+08:00
50,2022-02-23,-617075.0,-1958020.0,0.0,-2575095.0,1589.0,118.0,-3.0,22.0,,2026-07-24T11:48:04.437060+08:00
50,2022-02-24,-9430120.0,-16698123.0,36000.0,-26092243.0,1702.0,172.0,113.0,54.0,,2026-07-24T11:48:04.437060+08:00
50,2022-02-25,-5055752.0,-13377379.0,-500000.0,-18933131.0,1848.0,166.0,146.0,-6.0,,2026-07-24T11:48:04.437060+08:00
50,2022-03-01,-3071060.0,-1292965.0,220000.0,-4144025.0,1745.0,173.0,-103.0,7.0,,2026-07-24T11:48:04.437060+08:00
50,2022-03-02,-1834971.0,-2963295.0,188000.0,-4610266.0,1795.0,181.0,50.0,8.0,,2026-07-24T11:48:04.437060+08:00
50,2022-03-03,-217028.0,-3015056.0,0.0,-3232084.0,1838.0,183.0,43.0,2.0,,2026-07-24T11:48:04.437060+08:00
50,2022-03-04,-2223312.0,-9638208.0,0.0,-11861520.0,1870.0,202.0,32.0,19.0,,2026-07-24T11:48:04.437060+08:00
50,2022-03-07,-5439668.0,-44672474.0,100000.0,-50012142.0,2258.0,282.0,388.0,80.0,,2026-07-24T11:48:04.437060+08:00
50,2022-03-08,-20162909.0,-17286175.0,88000.0,-37361084.0,2733.0,288.0,475.0,6.0,,2026-07-24T11:48:04.437060+08:00
50,2022-03-09,-3142015.0,-14997004.0,16000.0,-18123019.0,2766.0,332.0,33.0,44.0,,2026-07-24T11:48:04.437060+08:00
50,2022-03-10,1375738.0,-2197852.0,100000.0,-722114.0,2572.0,360.0,-194.0,28.0,,2026-07-24T11:48:04.437060+08:00
50,2022-03-11,-1627935.0,-6616538.0,188000.0,-8056473.0,2602.0,322.0,30.0,-38.0,,2026-07-24T11:48:04.437060+08:00
50,2022-03-14,-1677392.0,-5311510.0,202000.0,-6786902.0,2604.0,338.0,2.0,16.0,,2026-07-24T11:48:04.437060+08:00
50,2022-03-15,-4922175.0,-17013621.0,-1259000.0,-23194796.0,2811.0,344.0,207.0,6.0,,2026-07-24T11:48:04.437060+08:00
50,2022-03-16,-5356334.0,-10877596.0,88000.0,-16145930.0,2779.0,349.0,-32.0,5.0,,2026-07-24T11:48:04.437060+08:00
50,2022-03-17,1061469.0,3146808.0,324000.0,4532277.0,2555.0,462.0,-224.0,113.0,,2026-07-24T11:48:04.437060+08:00
50,2022-03-18,-5806276.0,2918409.0,0.0,-2887867.0,2531.0,539.0,-24.0,77.0,,2026-07-24T11:48:04.437060+08:00
50,2022-03-21,-2091252.0,1778007.0,100000.0,-213245.0,2425.0,567.0,-106.0,28.0,,2026-07-24T11:48:04.437060+08:00
50,2022-03-22,-1269139.0,-1266671.0,100000.0,-2435810.0,2445.0,569.0,20.0,2.0,,2026-07-24T11:48:04.437060+08:00
50,2022-03-23,3925687.0,1814688.0,0.0,5740375.0,2402.0,541.0,-43.0,-28.0,,2026-07-24T11:48:04.437060+08:00
50,2022-03-24,765160.0,105241.0,0.0,870401.0,2386.0,559.0,-16.0,18.0,,2026-07-24T11:48:04.437060+08:00
50,2022-03-25,1870203.0,300857.0,0.0,2171060.0,2325.0,565.0,-61.0,6.0,,2026-07-24T11:48:04.437060+08:00
50,2022-03-28,-928112.0,-5695097.0,100000.0,-6523209.0,2327.0,531.0,2.0,-34.0,,2026-07-24T11:48:04.437060+08:00
50,2022-03-29,635424.0,-3346715.0,180000.0,-2531291.0,2320.0,552.0,-7.0,21.0,,2026-07-24T11:48:04.437060+08:00
50,2022-03-30,3716477.0,1338559.0,0.0,5055036.0,2192.0,513.0,-128.0,-39.0,,2026-07-24T11:48:04.437060+08:00
50,2022-03-31,166018.0,492455.0,-100000.0,558473.0,2140.0,519.0,-52.0,6.0,,2026-07-24T11:48:04.437060+08:00
50,2022-04-01,-1740324.0,-4840523.0,0.0,-6580847.0,2157.0,498.0,17.0,-21.0,,2026-07-24T11:48:04.437060+08:00
50,2022-04-06,-1631993.0,-7762973.0,30000.0,-9364966.0,2191.0,533.0,34.0,35.0,,2026-07-24T11:48:04.437060+08:00
50,2022-04-07,-4081012.0,-8955097.0,210000.0,-12826109.0,2245.0,499.0,54.0,-34.0,,2026-07-24T11:48:04.437060+08:00
50,2022-04-08,-2088270.0,-3971563.0,100000.0,-5959833.0,2286.0,489.0,41.0,-10.0,,2026-07-24T11:48:04.437060+08:00
50,2022-04-11,-3787183.0,-10534326.0,90000.0,-14231509.0,2399.0,490.0,113.0,1.0,,2026-07-24T11:48:04.437060+08:00
50,2022-04-12,-3488488.0,-6080913.0,100000.0,-9469401.0,2473.0,496.0,74.0,6.0,,2026-07-24T11:48:04.437060+08:00
50,2022-04-13,-1621286.0,1559217.0,150000.0,87931.0,2340.0,531.0,-133.0,35.0,,2026-07-24T11:48:04.437060+08:00
50,2022-04-14,-1431120.0,-1007104.0,240000.0,-2198224.0,2360.0,535.0,20.0,4.0,,2026-07-24T11:48:04.437060+08:00
50,2022-04-15,-2391132.0,-13206486.0,-2000000.0,-17597618.0,2491.0,383.0,131.0,-152.0,,2026-07-24T11:48:04.437060+08:00
50,2022-04-18,-6846624.0,-8989809.0,180000.0,-15656433.0,2611.0,384.0,120.0,1.0,,2026-07-24T11:48:04.437060+08:00
50,2022-04-19,1305108.0,-6337074.0,120000.0,-4911966.0,2566.0,410.0,-45.0,26.0,,2026-07-24T11:48:04.437060+08:00
50,2022-04-20,-383567.0,-1629613.0,0.0,-2013180.0,2696.0,418.0,130.0,8.0,,2026-07-24T11:48:04.437060+08:00
50,2022-04-21,6814.0,-417919.0,100000.0,-311105.0,2633.0,407.0,-63.0,-11.0,,2026-07-24T11:48:04.437060+08:00
50,2022-04-22,-1511218.0,-7424275.0,0.0,-8935493.0,2797.0,414.0,164.0,7.0,,2026-07-24T11:48:04.437060+08:00
50,2022-04-25,-1794392.0,-25459313.0,-311000.0,-27564705.0,3124.0,475.0,327.0,61.0,,2026-07-24T11:48:04.437060+08:00
50,2022-04-26,-1752780.0,-5364450.0,0.0,-7117230.0,3013.0,465.0,-111.0,-10.0,,2026-07-24T11:48:04.437060+08:00
50,2022-04-27,-5466832.0,-17642214.0,-70000.0,-23179046.0,3109.0,448.0,96.0,-17.0,,2026-07-24T11:48:04.437060+08:00
50,2022-04-28,223148.0,-6588199.0,250000.0,-6115051.0,3135.0,463.0,26.0,15.0,,2026-07-24T11:48:04.437060+08:00
50,2022-04-29,-1948311.0,-805651.0,-2500000.0,-5253962.0,3071.0,494.0,-64.0,31.0,,2026-07-24T11:48:04.437060+08:00
50,2022-05-03,-1397536.0,-1611619.0,0.0,-3009155.0,3036.0,535.0,-35.0,41.0,,2026-07-24T11:48:04.437060+08:00
50,2022-05-04,3610935.0,2202914.0,-1500000.0,4313849.0,3050.0,503.0,14.0,-32.0,,2026-07-24T11:48:04.437060+08:00
50,2022-05-05,-117081.0,86885.0,0.0,-30196.0,3127.0,557.0,77.0,54.0,,2026-07-24T11:48:04.437060+08:00
50,2022-05-06,-1712902.0,-13477252.0,100000.0,-15090154.0,3155.0,504.0,28.0,-53.0,,2026-07-24T11:48:04.437060+08:00
50,2022-05-09,-3569785.0,-5752123.0,66000.0,-9255908.0,3134.0,524.0,-21.0,20.0,,2026-07-24T11:48:04.437060+08:00
50,2022-05-10,635103.0,-1952862.0,134000.0,-1183759.0,3087.0,452.0,-47.0,-72.0,,2026-07-24T11:48:04.437060+08:00
50,2022-05-11,2017118.0,-2320352.0,100000.0,-203234.0,3074.0,470.0,-13.0,18.0,,2026-07-24T11:48:04.437060+08:00
50,2022-05-12,-720920.0,-7664428.0,100000.0,-8285348.0,3054.0,459.0,-20.0,-11.0,,2026-07-24T11:48:04.437060+08:00
50,2022-05-13,-1116269.0,-1659355.0,0.0,-2775624.0,2998.0,458.0,-56.0,-1.0,,2026-07-24T11:48:04.437060+08:00
50,2022-05-16,-792389.0,-1378069.0,100000.0,-2070458.0,2943.0,492.0,-55.0,34.0,,2026-07-24T11:48:04.437060+08:00
50,2022-05-17,402867.0,-970493.0,100000.0,-467626.0,2888.0,558.0,-55.0,66.0,,2026-07-24T11:48:04.437060+08:00
50,2022-05-18,-882651.0,1221389.0,0.0,338738.0,2792.0,645.0,-96.0,87.0,,2026-07-24T11:48:04.437060+08:00
50,2022-05-19,-738121.0,-3430823.0,100000.0,-4068944.0,2768.0,599.0,-24.0,-46.0,,2026-07-24T11:48:04.437060+08:00
50,2022-05-20,630249.0,954238.0,0.0,1584487.0,2685.0,601.0,-83.0,2.0,,2026-07-24T11:48:04.437060+08:00
50,2022-05-23,-341592.0,-216211.0,0.0,-557803.0,2673.0,611.0,-12.0,10.0,,2026-07-24T11:48:04.437060+08:00
50,2022-05-24,369005.0,-863301.0,-2130000.0,-2624296.0,2677.0,650.0,4.0,39.0,,2026-07-24T11:48:04.437060+08:00
50,2022-05-25,-162121.0,490445.0,0.0,328324.0,2658.0,653.0,-19.0,3.0,,2026-07-24T11:48:04.437060+08:00
50,2022-05-26,-963978.0,-3309102.0,100000.0,-4173080.0,2696.0,658.0,38.0,5.0,,2026-07-24T11:48:04.437060+08:00
50,2022-05-27,-2631422.0,2457372.0,0.0,-174050.0,2800.0,722.0,104.0,64.0,,2026-07-24T11:48:04.437060+08:00
50,2022-05-30,-5525170.0,4081510.0,100000.0,-1343660.0,2848.0,744.0,48.0,22.0,,2026-07-24T11:48:04.437060+08:00
50,2022-05-31,-187600.0,2228034.0,400000.0,2440434.0,2633.0,769.0,-215.0,25.0,,2026-07-24T11:48:04.437060+08:00
50,2022-06-01,-714630.0,2672356.0,0.0,1957726.0,2530.0,800.0,-103.0,31.0,,2026-07-24T11:48:04.437060+08:00
50,2022-06-02,175669.0,-1471543.0,0.0,-1295874.0,2557.0,816.0,27.0,16.0,,2026-07-24T11:48:04.437060+08:00
50,2022-06-06,-1264684.0,-1075882.0,0.0,-2340566.0,2515.0,809.0,-42.0,-7.0,,2026-07-24T11:48:04.437060+08:00
50,2022-06-07,104199.0,-2093069.0,200000.0,-1788870.0,2576.0,771.0,61.0,-38.0,,2026-07-24T11:48:04.437060+08:00
50,2022-06-08,660039.0,1014938.0,0.0,1674977.0,2536.0,836.0,-40.0,65.0,,2026-07-24T11:48:04.437060+08:00
50,2022-06-09,-27465.0,-698790.0,100000.0,-626255.0,2529.0,824.0,-7.0,-12.0,,2026-07-24T11:48:04.437060+08:00
50,2022-06-10,14196.0,-2728296.0,0.0,-2714100.0,2560.0,766.0,31.0,-58.0,,2026-07-24T11:48:04.437060+08:00
50,2022-06-13,2260807.0,-13800856.0,100000.0,-11440049.0,2602.0,715.0,42.0,-51.0,,2026-07-24T11:48:04.437060+08:00
50,2022-06-14,1865214.0,-2848904.0,200000.0,-783690.0,2693.0,675.0,91.0,-40.0,,2026-07-24T11:48:04.437060+08:00
50,2022-06-15,-1575821.0,1240481.0,0.0,-335340.0,2710.0,638.0,17.0,-37.0,,2026-07-24T11:48:04.437060+08:00
50,2022-06-16,-1194704.0,405342.0,100000.0,-689362.0,2696.0,710.0,-14.0,72.0,,2026-07-24T11:48:04.437060+08:00
50,2022-06-17,-2925866.0,-12177360.0,100000.0,-15003226.0,2754.0,653.0,58.0,-57.0,,2026-07-24T11:48:04.437060+08:00
50,2022-06-20,-2884503.0,-3956471.0,0.0,-6840974.0,2824.0,613.0,70.0,-40.0,,2026-07-24T11:48:04.437060+08:00
50,2022-06-21,1049999.0,-827809.0,200000.0,422190.0,2763.0,602.0,-61.0,-11.0,,2026-07-24T11:48:04.437060+08:00
50,2022-06-22,-1840876.0,-10813228.0,0.0,-12654104.0,2916.0,589.0,153.0,-13.0,,2026-07-24T11:48:04.437060+08:00
50,2022-06-23,-2736225.0,-4820792.0,100000.0,-7457017.0,3118.0,580.0,202.0,-9.0,,2026-07-24T11:48:04.437060+08:00
50,2022-06-24,1370177.0,-667487.0,0.0,702690.0,3083.0,568.0,-35.0,-12.0,,2026-07-24T11:48:04.437060+08:00
50,2022-06-27,-3640267.0,-4225541.0,0.0,-7865808.0,2942.0,532.0,-141.0,-36.0,,2026-07-24T11:48:04.437060+08:00
50,2022-06-28,519887.0,-8071345.0,100000.0,-7451458.0,3031.0,517.0,89.0,-15.0,,2026-07-24T11:48:04.437060+08:00
50,2022-06-29,-572552.0,-3625724.0,183000.0,-4015276.0,3033.0,528.0,2.0,11.0,,2026-07-24T11:48:04.437060+08:00
50,2022-06-30,-118121.0,-15533842.0,-540000.0,-16191963.0,3288.0,530.0,255.0,2.0,,2026-07-24T11:48:04.437060+08:00
50,2022-07-01,-414162.0,-9629345.0,0.0,-10043507.0,3617.0,566.0,329.0,36.0,,2026-07-24T11:48:04.437060+08:00
50,2022-07-04,395094.0,-12083890.0,576000.0,-11112796.0,4162.0,561.0,545.0,-5.0,,2026-07-24T11:48:04.437060+08:00
50,2022-07-05,490188.0,-7511252.0,100000.0,-6921064.0,4301.0,561.0,139.0,0.0,,2026-07-24T11:48:04.437060+08:00
50,2022-07-06,284198.0,-9798451.0,167000.0,-9347253.0,4342.0,401.0,41.0,-160.0,,2026-07-24T11:48:04.437060+08:00
50,2022-07-07,1211414.0,1450920.0,120000.0,2782334.0,4099.0,448.0,-243.0,47.0,,2026-07-24T11:48:04.437060+08:00
50,2022-07-08,-1363330.0,-1838678.0,0.0,-3202008.0,4064.0,427.0,-35.0,-21.0,,2026-07-24T11:48:04.437060+08:00
50,2022-07-11,459224.0,-3292451.0,100000.0,-2733227.0,4176.0,356.0,112.0,-71.0,,2026-07-24T11:48:04.437060+08:00
50,2022-07-12,-345090.0,-6207160.0,100000.0,-6452250.0,4295.0,5.0,119.0,-351.0,,2026-07-24T11:48:04.437060+08:00
50,2022-07-13,-6846339.0,-1306088.0,250000.0,-7902427.0,4422.0,0.0,127.0,-5.0,,2026-07-24T11:48:04.437060+08:00
50,2022-07-14,47500.0,-5174303.0,100000.0,-5026803.0,4485.0,0.0,63.0,0.0,,2026-07-24T11:48:04.437060+08:00
50,2022-07-15,3838621.0,-6275879.0,100000.0,-2337258.0,4389.0,0.0,-96.0,0.0,,2026-07-24T11:48:04.437060+08:00
50,2022-07-18,-1475035.0,-14021893.0,300000.0,-15196928.0,4317.0,64.0,-72.0,64.0,,2026-07-24T11:48:04.437060+08:00
50,2022-07-19,-514042.0,-5648622.0,100000.0,-6062664.0,4275.0,108.0,-42.0,44.0,,2026-07-24T11:48:04.437060+08:00
50,2022-07-20,5496695.0,-5814470.0,0.0,-317775.0,3867.0,114.0,-408.0,6.0,,2026-07-24T11:48:04.437060+08:00
50,2022-07-21,-426901.0,-268265.0,100000.0,-595166.0,3784.0,142.0,-83.0,28.0,,2026-07-24T11:48:04.437060+08:00
50,2022-07-22,2271093.0,-137347.0,100000.0,2233746.0,3719.0,177.0,-65.0,35.0,,2026-07-24T11:48:04.437060+08:00
50,2022-07-25,2108500.0,1124814.0,0.0,3233314.0,3672.0,201.0,-47.0,24.0,,2026-07-24T11:48:04.437060+08:00
50,2022-07-26,2644820.0,-3137507.0,128000.0,-364687.0,3493.0,190.0,-179.0,-11.0,,2026-07-24T11:48:04.437060+08:00
50,2022-07-27,776799.0,-43141.0,87000.0,820658.0,3464.0,316.0,-29.0,126.0,,2026-07-24T11:48:04.437060+08:00
50,2022-07-28,21969.0,-1371191.0,150000.0,-1199222.0,3340.0,326.0,-124.0,10.0,,2026-07-24T11:48:04.437060+08:00
50,2022-07-29,405724.0,-919760.0,134000.0,-380036.0,3255.0,372.0,-85.0,46.0,,2026-07-24T11:48:04.437060+08:00
50,2022-08-01,1759348.0,-5887295.0,0.0,-4127947.0,3303.0,390.0,48.0,18.0,,2026-07-24T11:48:04.437060+08:00
50,2022-08-02,4016666.0,-10230606.0,0.0,-6213940.0,3619.0,388.0,316.0,-2.0,,2026-07-24T11:48:04.437060+08:00
50,2022-08-03,-163464.0,-1466488.0,0.0,-1629952.0,3543.0,464.0,-76.0,76.0,,2026-07-24T11:48:04.437060+08:00
50,2022-08-04,-1399249.0,-499547.0,70000.0,-1828796.0,3621.0,492.0,78.0,28.0,,2026-07-24T11:48:04.437060+08:00
50,2022-08-05,2899496.0,1644615.0,0.0,4544111.0,3316.0,476.0,-305.0,-16.0,,2026-07-24T11:48:04.437060+08:00
50,2022-08-08,-461398.0,-2958267.0,100000.0,-3319665.0,3346.0,463.0,30.0,-13.0,,2026-07-24T11:48:04.437060+08:00
50,2022-08-09,-539656.0,-1588285.0,500000.0,-1627941.0,3437.0,444.0,91.0,-19.0,,2026-07-24T11:48:04.437060+08:00
50,2022-08-10,-43682.0,-3547052.0,0.0,-3590734.0,3535.0,394.0,98.0,-50.0,,2026-07-24T11:48:04.437060+08:00
50,2022-08-11,3245191.0,2234677.0,100000.0,5579868.0,3219.0,403.0,-316.0,9.0,,2026-07-24T11:48:04.437060+08:00
50,2022-08-12,2073739.0,2553383.0,0.0,4627122.0,3067.0,453.0,-152.0,50.0,,2026-07-24T11:48:04.437060+08:00
50,2022-08-15,2345530.0,863137.0,200000.0,3408667.0,2875.0,453.0,-192.0,0.0,,2026-07-24T11:48:04.437060+08:00
50,2022-08-16,-803684.0,-1355345.0,500000.0,-1659029.0,2798.0,449.0,-77.0,-4.0,,2026-07-24T11:48:04.437060+08:00
50,2022-08-17,950052.0,-5531935.0,0.0,-4581883.0,2781.0,500.0,-17.0,51.0,,2026-07-24T11:48:04.437060+08:00
50,2022-08-18,-571018.0,-785351.0,0.0,-1356369.0,2809.0,481.0,28.0,-19.0,,2026-07-24T11:48:04.437060+08:00
50,2022-08-19,422066.0,-741732.0,-150000.0,-469666.0,2765.0,489.0,-44.0,8.0,,2026-07-24T11:48:04.437060+08:00
50,2022-08-22,-364376.0,-5325199.0,400000.0,-5289575.0,2932.0,479.0,167.0,-10.0,,2026-07-24T11:48:04.437060+08:00
50,2022-08-23,1288266.0,-7242310.0,242000.0,-5712044.0,3024.0,445.0,92.0,-34.0,,2026-07-24T11:48:04.437060+08:00
50,2022-08-24,1198566.0,-2780899.0,64000.0,-1518333.0,3012.0,455.0,-12.0,10.0,,2026-07-24T11:48:04.437060+08:00
50,2022-08-25,1204128.0,-1220061.0,0.0,-15933.0,2977.0,438.0,-35.0,-17.0,,2026-07-24T11:48:04.437060+08:00
50,2022-08-26,2798904.0,-669922.0,200000.0,2328982.0,2879.0,438.0,-98.0,0.0,,2026-07-24T11:48:04.437060+08:00
50,2022-08-29,-4366449.0,-7165413.0,0.0,-11531862.0,3059.0,456.0,180.0,18.0,,2026-07-24T11:48:04.437060+08:00
50,2022-08-30,4072617.0,-8693831.0,100000.0,-4521214.0,3038.0,441.0,-21.0,-15.0,,2026-07-24T11:48:04.437060+08:00
50,2022-08-31,1758388.0,-2054615.0,0.0,-296227.0,2991.0,483.0,-47.0,42.0,,2026-07-24T11:48:04.437060+08:00
50,2022-09-01,-7436168.0,-9609403.0,0.0,-17045571.0,3270.0,463.0,279.0,-20.0,,2026-07-24T11:48:04.437060+08:00
50,2022-09-02,-2474122.0,-7126077.0,100000.0,-9500199.0,3536.0,462.0,266.0,-1.0,,2026-07-24T11:48:04.437060+08:00
50,2022-09-05,2001097.0,-4736652.0,100000.0,-2635555.0,3468.0,496.0,-68.0,34.0,,2026-07-24T11:48:04.437060+08:00
50,2022-09-06,-1068703.0,-2223329.0,100000.0,-3192032.0,3435.0,576.0,-33.0,80.0,,2026-07-24T11:48:04.437060+08:00
50,2022-09-07,-3480778.0,-9192642.0,200000.0,-12473420.0,3749.0,601.0,314.0,25.0,,2026-07-24T11:48:04.437060+08:00
50,2022-09-08,-1592892.0,-2069886.0,0.0,-3662778.0,3809.0,635.0,60.0,34.0,,2026-07-24T11:48:04.437060+08:00
50,2022-09-12,1831988.0,-3137.0,100000.0,1928851.0,3543.0,618.0,-266.0,-17.0,,2026-07-24T11:48:04.437060+08:00
50,2022-09-13,616009.0,-70006.0,100000.0,646003.0,3409.0,599.0,-134.0,-19.0,,2026-07-24T11:48:04.437060+08:00
50,2022-09-14,-1894794.0,-5833308.0,100000.0,-7628102.0,3594.0,648.0,185.0,49.0,,2026-07-24T11:48:04.437060+08:00
50,2022-09-15,-758910.0,-1364201.0,0.0,-2123111.0,3674.0,642.0,80.0,-6.0,,2026-07-24T11:48:04.437060+08:00
50,2022-09-16,-1465225.0,-5362630.0,100000.0,-6727855.0,3784.0,617.0,110.0,-25.0,,2026-07-24T11:48:04.437060+08:00
50,2022-09-19,-844396.0,-2019091.0,100000.0,-2763487.0,3837.0,647.0,53.0,30.0,,2026-07-24T11:48:04.437060+08:00
50,2022-09-20,1344190.0,-472798.0,100000.0,971392.0,3786.0,644.0,-51.0,-3.0,,2026-07-24T11:48:04.437060+08:00
50,2022-09-21,-422178.0,-5745873.0,100000.0,-6068051.0,3951.0,623.0,165.0,-21.0,,2026-07-24T11:48:04.437060+08:00
50,2022-09-22,-2861154.0,-7320539.0,100000.0,-10081693.0,4314.0,658.0,363.0,35.0,,2026-07-24T11:48:04.437060+08:00
50,2022-09-23,-2058286.0,-7728045.0,100000.0,-9686331.0,4437.0,688.0,123.0,30.0,,2026-07-24T11:48:04.437060+08:00
50,2022-09-26,-2610070.0,-11340673.0,0.0,-13950743.0,4543.0,757.0,106.0,69.0,,2026-07-24T11:48:04.437060+08:00
50,2022-09-27,822687.0,-5489863.0,100000.0,-4567176.0,4560.0,703.0,17.0,-54.0,,2026-07-24T11:48:04.437060+08:00
50,2022-09-28,-3592658.0,-9186852.0,100000.0,-12679510.0,4656.0,694.0,96.0,-9.0,,2026-07-24T11:48:04.437060+08:00
50,2022-09-29,-3070713.0,-2513339.0,100000.0,-5484052.0,4752.0,776.0,96.0,82.0,,2026-07-24T11:48:04.437060+08:00
50,2022-09-30,-3242750.0,-4070231.0,100000.0,-7212981.0,4939.0,767.0,187.0,-9.0,,2026-07-24T11:48:04.437060+08:00
50,2022-10-03,-2208340.0,-2734139.0,0.0,-4942479.0,5137.0,725.0,198.0,-42.0,,2026-07-24T11:48:04.437060+08:00
50,2022-10-04,-131998.0,-1173494.0,100000.0,-1205492.0,5031.0,674.0,-106.0,-51.0,,2026-07-24T11:48:04.437060+08:00
50,2022-10-05,-2314821.0,703537.0,0.0,-1611284.0,4441.0,629.0,-590.0,-45.0,,2026-07-24T11:48:04.437060+08:00
50,2022-10-06,-3461741.0,2798617.0,100000.0,-563124.0,4356.0,661.0,-85.0,32.0,,2026-07-24T11:48:04.437060+08:00
50,2022-10-07,-2789058.0,-3125815.0,100000.0,-5814873.0,4455.0,651.0,99.0,-10.0,,2026-07-24T11:48:04.437060+08:00
50,2022-10-11,-8844047.0,-17802736.0,100000.0,-26546783.0,4972.0,608.0,517.0,-43.0,,2026-07-24T11:48:04.437060+08:00
50,2022-10-12,-5832809.0,-2786281.0,100000.0,-8519090.0,5076.0,625.0,104.0,17.0,,2026-07-24T11:48:04.437060+08:00
50,2022-10-13,-2556048.0,-12459715.0,100000.0,-14915763.0,5130.0,743.0,54.0,118.0,,2026-07-24T11:48:04.437060+08:00
50,2022-10-14,3188365.0,-577670.0,100000.0,2710695.0,4919.0,776.0,-211.0,33.0,,2026-07-24T11:48:04.437060+08:00
50,2022-10-17,-6806409.0,-7955673.0,100000.0,-14662082.0,5160.0,784.0,241.0,8.0,,2026-07-24T11:48:04.437060+08:00
50,2022-10-18,-1060356.0,-55110.0,200000.0,-915466.0,5126.0,763.0,-34.0,-21.0,,2026-07-24T11:48:04.437060+08:00
50,2022-10-19,-5105072.0,-4688965.0,200000.0,-9594037.0,5313.0,742.0,187.0,-21.0,,2026-07-24T11:48:04.437060+08:00
50,2022-10-20,-4254192.0,-8152524.0,0.0,-12406716.0,5414.0,766.0,101.0,24.0,,2026-07-24T11:48:04.437060+08:00
50,2022-10-21,-3250936.0,-4665451.0,213000.0,-7703387.0,5546.0,781.0,132.0,15.0,,2026-07-24T11:48:04.437060+08:00
50,2022-10-24,-6504809.0,-5379376.0,-46000.0,-11930185.0,5674.0,760.0,128.0,-21.0,,2026-07-24T11:48:04.437060+08:00
50,2022-10-25,-6767996.0,-6298026.0,0.0,-13066022.0,5852.0,730.0,178.0,-30.0,,2026-07-24T11:48:04.437060+08:00
50,2022-10-26,1943449.0,-2871816.0,-100000.0,-1028367.0,5743.0,742.0,-109.0,12.0,,2026-07-24T11:48:04.437060+08:00
50,2022-10-27,-597803.0,-803637.0,300000.0,-1101440.0,5674.0,689.0,-69.0,-53.0,,2026-07-24T11:48:04.437060+08:00
50,2022-10-28,-4290896.0,-4588820.0,-105000.0,-8984716.0,5920.0,637.0,246.0,-52.0,,2026-07-24T11:48:04.437060+08:00
50,2022-10-31,5176895.0,-5455881.0,100000.0,-178986.0,5827.0,640.0,-93.0,3.0,,2026-07-24T11:48:04.437060+08:00
50,2022-11-01,3615624.0,-3569532.0,0.0,46092.0,5751.0,651.0,-76.0,11.0,,2026-07-24T11:48:04.437060+08:00
50,2022-11-02,-1058573.0,1306389.0,100000.0,347816.0,5701.0,629.0,-50.0,-22.0,,2026-07-24T11:48:04.437060+08:00
50,2022-11-03,-7242630.0,-2483944.0,100000.0,-9626574.0,5926.0,518.0,225.0,-111.0,,2026-07-24T11:48:04.437060+08:00
50,2022-11-04,-1616337.0,375855.0,27000.0,-1213482.0,5951.0,561.0,25.0,43.0,,2026-07-24T11:48:04.437060+08:00
50,2022-11-07,-2032247.0,-1684741.0,0.0,-3716988.0,5723.0,564.0,-228.0,3.0,,2026-07-24T11:48:04.437060+08:00
50,2022-11-08,-1631403.0,-992020.0,167000.0,-2456423.0,5352.0,556.0,-371.0,-8.0,,2026-07-24T11:48:04.437060+08:00
50,2022-11-09,-6982258.0,10836505.0,200000.0,4054247.0,4943.0,541.0,-409.0,-15.0,,2026-07-24T11:48:04.437060+08:00
50,2022-11-10,-6636484.0,-333731.0,300000.0,-6670215.0,4864.0,534.0,-79.0,-7.0,,2026-07-24T11:48:04.437060+08:00
50,2022-11-11,-4086806.0,17870091.0,111000.0,13894285.0,4150.0,576.0,-714.0,42.0,,2026-07-24T11:48:04.437060+08:00
50,2022-11-14,-2993242.0,8668281.0,189000.0,5864039.0,4013.0,599.0,-137.0,23.0,,2026-07-24T11:48:04.437060+08:00
50,2022-11-15,-1818691.0,13236828.0,159000.0,11577137.0,3771.0,691.0,-242.0,92.0,,2026-07-24T11:48:04.437060+08:00
50,2022-11-16,1940148.0,4729734.0,441000.0,7110882.0,3444.0,645.0,-327.0,-46.0,,2026-07-24T11:48:04.437060+08:00
50,2022-11-17,2990626.0,1660270.0,200000.0,4850896.0,3444.0,638.0,0.0,-7.0,,2026-07-24T11:48:04.437060+08:00
50,2022-11-18,761194.0,2542824.0,0.0,3304018.0,3386.0,651.0,-58.0,13.0,,2026-07-24T11:48:04.437060+08:00
50,2022-11-21,-1603770.0,1668301.0,0.0,64531.0,3358.0,675.0,-28.0,24.0,,2026-07-24T11:48:04.437060+08:00
50,2022-11-22,784911.0,2793744.0,0.0,3578655.0,3232.0,674.0,-126.0,-1.0,,2026-07-24T11:48:04.437060+08:00
50,2022-11-23,1563338.0,1602371.0,0.0,3165709.0,3169.0,674.0,-63.0,0.0,,2026-07-24T11:48:04.437060+08:00
50,2022-11-24,-919802.0,3442124.0,0.0,2522322.0,3148.0,606.0,-21.0,-68.0,,2026-07-24T11:48:04.437060+08:00
50,2022-11-25,-6718131.0,7104201.0,0.0,386070.0,3065.0,632.0,-83.0,26.0,,2026-07-24T11:48:04.437060+08:00
50,2022-11-28,-1216981.0,-847174.0,0.0,-2064155.0,3139.0,618.0,74.0,-14.0,,2026-07-24T11:48:04.437060+08:00
50,2022-11-29,2890123.0,2349067.0,100000.0,5339190.0,3116.0,646.0,-23.0,28.0,,2026-07-24T11:48:04.437060+08:00
50,2022-11-30,-5010840.0,6179576.0,0.0,1168736.0,3088.0,672.0,-28.0,26.0,,2026-07-24T11:48:04.437060+08:00
50,2022-12-01,-13736974.0,11233404.0,0.0,-2503570.0,2904.0,663.0,-184.0,-9.0,,2026-07-24T11:48:04.437060+08:00
50,2022-12-02,-3087622.0,568151.0,100000.0,-2419471.0,2953.0,645.0,49.0,-18.0,,2026-07-24T11:48:04.437060+08:00
50,2022-12-05,-2655105.0,6391496.0,0.0,3736391.0,2861.0,699.0,-92.0,54.0,,2026-07-24T11:48:04.437060+08:00
50,2022-12-06,150756.0,-4931608.0,100000.0,-4680852.0,2977.0,670.0,116.0,-29.0,,2026-07-24T11:48:04.437060+08:00
50,2022-12-07,1974432.0,-2232547.0,100000.0,-158115.0,2832.0,838.0,-145.0,168.0,,2026-07-24T11:48:04.437060+08:00
50,2022-12-08,23634.0,-3604366.0,350000.0,-3230732.0,2958.0,817.0,126.0,-21.0,,2026-07-24T11:48:04.437060+08:00
50,2022-12-09,469679.0,1436564.0,250000.0,2156243.0,2845.0,849.0,-113.0,32.0,,2026-07-24T11:48:04.437060+08:00
50,2022-12-12,1141471.0,-5117046.0,0.0,-3975575.0,2936.0,841.0,91.0,-8.0,,2026-07-24T11:48:04.437060+08:00
50,2022-12-13,-770056.0,-1098483.0,100000.0,-1768539.0,2895.0,852.0,-41.0,11.0,,2026-07-24T11:48:04.437060+08:00
50,2022-12-14,1044366.0,1493348.0,0.0,2537714.0,2950.0,1008.0,55.0,156.0,,2026-07-24T11:48:04.437060+08:00
50,2022-12-15,1706848.0,-3457117.0,0.0,-1750269.0,2879.0,920.0,-71.0,-88.0,,2026-07-24T11:48:04.437060+08:00
50,2022-12-16,-4188209.0,-5170703.0,-200000.0,-9558912.0,2897.0,897.0,18.0,-23.0,,2026-07-24T11:48:04.437060+08:00
50,2022-12-19,-1247548.0,-1266199.0,0.0,-2513747.0,2945.0,857.0,48.0,-40.0,,2026-07-24T11:48:04.437060+08:00
50,2022-12-20,-1178629.0,-3149869.0,100000.0,-4228498.0,3005.0,900.0,60.0,43.0,,2026-07-24T11:48:04.437060+08:00
50,2022-12-21,2140677.0,-2728990.0,90000.0,-498313.0,3015.0,929.0,10.0,29.0,,2026-07-24T11:48:04.437060+08:00
50,2022-12-22,-1150100.0,1228034.0,-27000.0,50934.0,2999.0,936.0,-16.0,7.0,,2026-07-24T11:48:04.437060+08:00
50,2022-12-23,-853383.0,-3226142.0,0.0,-4079525.0,3063.0,917.0,64.0,-19.0,,2026-07-24T11:48:04.437060+08:00
50,2022-12-26,-2167915.0,-284239.0,100000.0,-2352154.0,3020.0,889.0,-43.0,-28.0,,2026-07-24T11:48:04.437060+08:00
50,2022-12-27,327712.0,123207.0,100000.0,550919.0,3000.0,918.0,-20.0,29.0,,2026-07-24T11:48:04.437060+08:00
50,2022-12-28,-2893759.0,-5762440.0,350000.0,-8306199.0,3069.0,855.0,69.0,-63.0,,2026-07-24T11:48:04.437060+08:00
50,2022-12-29,190195.0,-7072888.0,0.0,-6882693.0,3135.0,797.0,66.0,-58.0,,2026-07-24T11:48:04.437060+08:00
50,2022-12-30,-761413.0,-3948110.0,150000.0,-4559523.0,3109.0,808.0,-26.0,11.0,,2026-07-24T11:48:04.437060+08:00
50,2023-01-03,1757974.0,-9739829.0,700000.0,-7281855.0,3169.0,657.0,60.0,-151.0,,2026-07-24T11:48:04.437060+08:00
50,2023-01-04,-675493.0,-9790917.0,1100000.0,-9366410.0,3213.0,653.0,44.0,-4.0,,2026-07-24T11:48:04.437060+08:00
50,2023-01-05,-2174379.0,-6483906.0,100000.0,-8558285.0,3112.0,529.0,-101.0,-124.0,,2026-07-24T11:48:04.437060+08:00
50,2023-01-06,-4513202.0,-2508886.0,100000.0,-6922088.0,3044.0,509.0,-68.0,-20.0,,2026-07-24T11:48:04.437060+08:00
50,2023-01-09,1097993.0,2092944.0,625000.0,3815937.0,2786.0,390.0,-258.0,-119.0,,2026-07-24T11:48:04.437060+08:00
50,2023-01-10,2575551.0,3288331.0,600000.0,6463882.0,2582.0,334.0,-204.0,-56.0,,2026-07-24T11:48:04.437060+08:00
50,2023-01-11,-5663325.0,-4318145.0,2190000.0,-7791470.0,2556.0,252.0,-26.0,-82.0,,2026-07-24T11:48:04.437060+08:00
50,2023-01-12,4962257.0,-508233.0,0.0,4454024.0,2469.0,7.0,-87.0,-245.0,,2026-07-24T11:48:04.437060+08:00
50,2023-01-13,9528393.0,11621797.0,800000.0,21950190.0,2268.0,0.0,-201.0,-7.0,,2026-07-24T11:48:04.437060+08:00
50,2023-01-16,6853431.0,9452274.0,200000.0,16505705.0,2040.0,0.0,-228.0,0.0,,2026-07-24T11:48:04.437060+08:00
50,2023-01-17,-480807.0,-4839896.0,0.0,-5320703.0,2127.0,0.0,87.0,0.0,,2026-07-24T11:48:04.437060+08:00
50,2023-01-30,4181369.0,25048163.0,100000.0,29329532.0,1847.0,217.0,-280.0,217.0,,2026-07-24T11:48:04.437060+08:00
50,2023-01-31,-17597.0,5440416.0,323000.0,5745819.0,1908.0,170.0,61.0,-47.0,,2026-07-24T11:48:04.437060+08:00
50,2023-02-01,237498.0,-1106809.0,12000.0,-857311.0,1895.0,242.0,-13.0,72.0,,2026-07-24T11:48:04.437060+08:00
50,2023-02-02,272752.0,9182315.0,142000.0,9597067.0,1703.0,174.0,-192.0,-68.0,,2026-07-24T11:48:04.437060+08:00
50,2023-02-03,-165693.0,4975088.0,0.0,4809395.0,1653.0,179.0,-50.0,5.0,,2026-07-24T11:48:04.437060+08:00
50,2023-02-06,-6165371.0,-5087587.0,300000.0,-10952958.0,1730.0,161.0,77.0,-18.0,,2026-07-24T11:48:04.437060+08:00
50,2023-02-07,-1656028.0,-2971603.0,300000.0,-4327631.0,1756.0,169.0,26.0,8.0,,2026-07-24T11:48:04.437060+08:00
50,2023-02-08,3457398.0,1476281.0,100000.0,5033679.0,1616.0,233.0,-140.0,64.0,,2026-07-24T11:48:04.437060+08:00
50,2023-02-09,-917149.0,-457465.0,623000.0,-751614.0,1545.0,253.0,-71.0,20.0,,2026-07-24T11:48:04.437060+08:00
50,2023-02-10,2339041.0,1261825.0,261000.0,3861866.0,1482.0,278.0,-63.0,25.0,,2026-07-24T11:48:04.437060+08:00
50,2023-02-13,200913.0,-429610.0,0.0,-228697.0,1450.0,276.0,-32.0,-2.0,,2026-07-24T11:48:04.437060+08:00
50,2023-02-14,1750614.0,3985594.0,400000.0,6136208.0,1422.0,290.0,-28.0,14.0,,2026-07-24T11:48:04.437060+08:00
50,2023-02-15,-3674800.0,-5781509.0,0.0,-9456309.0,1559.0,253.0,137.0,-37.0,,2026-07-24T11:48:04.437060+08:00
50,2023-02-16,-1767731.0,-3816072.0,100000.0,-5483803.0,1472.0,295.0,-87.0,42.0,,2026-07-24T11:48:04.437060+08:00
50,2023-02-17,-879113.0,-5600204.0,0.0,-6479317.0,1599.0,283.0,127.0,-12.0,,2026-07-24T11:48:04.437060+08:00
50,2023-02-20,-231596.0,-1238383.0,0.0,-1469979.0,1568.0,292.0,-31.0,9.0,,2026-07-24T11:48:04.437060+08:00
50,2023-02-21,-1409427.0,-1566456.0,0.0,-2975883.0,1604.0,283.0,36.0,-9.0,,2026-07-24T11:48:04.437060+08:00
50,2023-02-22,-114392.0,-8179755.0,0.0,-8294147.0,1716.0,298.0,112.0,15.0,,2026-07-24T11:48:04.437060+08:00
50,2023-02-23,975747.0,110638.0,0.0,1086385.0,1626.0,362.0,-90.0,64.0,,2026-07-24T11:48:04.437060+08:00
50,2023-02-24,-78258.0,-1966103.0,0.0,-2044361.0,1654.0,372.0,28.0,10.0,,2026-07-24T11:48:04.437060+08:00
50,2023-03-01,-1444495.0,-2605541.0,0.0,-4050036.0,1682.0,370.0,28.0,-2.0,,2026-07-24T11:48:04.437060+08:00
50,2023-03-02,-768466.0,-854368.0,300000.0,-1322834.0,1678.0,379.0,-4.0,9.0,,2026-07-24T11:48:04.437060+08:00
50,2023-03-03,26403.0,-678074.0,100000.0,-551671.0,1700.0,375.0,22.0,-4.0,,2026-07-24T11:48:04.437060+08:00
50,2023-03-06,2371449.0,1098539.0,100000.0,3569988.0,1666.0,379.0,-34.0,4.0,,2026-07-24T11:48:04.437060+08:00
50,2023-03-07,2106090.0,219692.0,0.0,2325782.0,1685.0,404.0,19.0,25.0,,2026-07-24T11:48:04.437060+08:00
50,2023-03-08,1023128.0,-4226934.0,100000.0,-3103806.0,1709.0,411.0,24.0,7.0,,2026-07-24T11:48:04.437060+08:00
50,2023-03-09,-263847.0,-400903.0,200000.0,-464750.0,1719.0,412.0,10.0,1.0,,2026-07-24T11:48:04.437060+08:00
50,2023-03-10,-2732854.0,-6137121.0,0.0,-8869975.0,1788.0,378.0,69.0,-34.0,,2026-07-24T11:48:04.437060+08:00
50,2023-03-13,-6534496.0,-3707886.0,-100000.0,-10342382.0,1704.0,392.0,-84.0,14.0,,2026-07-24T11:48:04.437060+08:00
50,2023-03-14,267736.0,-6089851.0,100000.0,-5722115.0,1736.0,350.0,32.0,-42.0,,2026-07-24T11:48:04.437060+08:00
50,2023-03-15,-1258115.0,2211162.0,612000.0,1565047.0,1773.0,406.0,37.0,56.0,,2026-07-24T11:48:04.437060+08:00
50,2023-03-16,-2647697.0,-3924123.0,2385000.0,-4186820.0,1802.0,428.0,29.0,22.0,,2026-07-24T11:48:04.437060+08:00
50,2023-03-17,-815156.0,3611137.0,3090000.0,5885981.0,1716.0,526.0,-86.0,98.0,,2026-07-24T11:48:04.437060+08:00
50,2023-03-20,-1812089.0,-3664873.0,2000000.0,-3476962.0,1775.0,514.0,59.0,-12.0,,2026-07-24T11:48:04.437060+08:00
50,2023-03-21,-1028524.0,276057.0,100000.0,-652467.0,1724.0,452.0,-51.0,-62.0,,2026-07-24T11:48:04.437060+08:00
50,2023-03-22,255029.0,10052474.0,0.0,10307503.0,1599.0,474.0,-125.0,22.0,,2026-07-24T11:48:04.437060+08:00
50,2023-03-23,-65365.0,10653484.0,0.0,10588119.0,1645.0,499.0,46.0,25.0,,2026-07-24T11:48:04.437060+08:00
50,2023-03-24,2238981.0,7728137.0,0.0,9967118.0,1599.0,517.0,-46.0,18.0,,2026-07-24T11:48:04.437060+08:00
50,2023-03-27,-909983.0,4536735.0,1350000.0,4976752.0,1649.0,509.0,50.0,-8.0,,2026-07-24T11:48:04.437060+08:00
50,2023-03-28,-2740329.0,-333070.0,3000000.0,-73399.0,1652.0,565.0,3.0,56.0,,2026-07-24T11:48:04.437060+08:00
50,2023-03-29,979890.0,199886.0,0.0,1179776.0,1633.0,528.0,-19.0,-37.0,,2026-07-24T11:48:04.437060+08:00
50,2023-03-30,5756078.0,2761990.0,350000.0,8868068.0,1612.0,531.0,-21.0,3.0,,2026-07-24T11:48:04.437060+08:00
50,2023-03-31,2778729.0,5882957.0,2700000.0,11361686.0,1602.0,523.0,-10.0,-8.0,,2026-07-24T11:48:04.437060+08:00
50,2023-04-06,-2596755.0,-3093867.0,1000000.0,-4690622.0,1553.0,534.0,-49.0,11.0,,2026-07-24T11:48:04.437060+08:00
50,2023-04-07,328789.0,-1134180.0,1600000.0,794609.0,1562.0,548.0,9.0,14.0,,2026-07-24T11:48:04.437060+08:00
50,2023-04-10,683272.0,-360751.0,0.0,322521.0,1550.0,556.0,-12.0,8.0,,2026-07-24T11:48:04.437060+08:00
50,2023-04-11,2322741.0,139196.0,0.0,2461937.0,1559.0,556.0,9.0,0.0,,2026-07-24T11:48:04.437060+08:00
50,2023-04-12,-25001.0,-1548298.0,0.0,-1573299.0,1576.0,548.0,17.0,-8.0,,2026-07-24T11:48:04.437060+08:00
50,2023-04-13,-1983200.0,-2831250.0,0.0,-4814450.0,1593.0,534.0,17.0,-14.0,,2026-07-24T11:48:04.437060+08:00
50,2023-04-14,846267.0,38497.0,0.0,884764.0,1538.0,540.0,-55.0,6.0,,2026-07-24T11:48:04.437060+08:00
50,2023-04-17,-624907.0,-3802852.0,0.0,-4427759.0,1571.0,540.0,33.0,0.0,,2026-07-24T11:48:04.437060+08:00
50,2023-04-18,-135832.0,-2380370.0,-300000.0,-2816202.0,1636.0,539.0,65.0,-1.0,,2026-07-24T11:48:04.437060+08:00
50,2023-04-19,-1333834.0,-2200068.0,0.0,-3533902.0,1610.0,530.0,-26.0,-9.0,,2026-07-24T11:48:04.437060+08:00
50,2023-04-20,712195.0,-4693187.0,0.0,-3980992.0,1615.0,556.0,5.0,26.0,,2026-07-24T11:48:04.437060+08:00
50,2023-04-21,-826699.0,-1641906.0,-200000.0,-2668605.0,1617.0,562.0,2.0,6.0,,2026-07-24T11:48:04.437060+08:00
50,2023-04-24,-761861.0,-4242079.0,-150000.0,-5153940.0,1635.0,540.0,18.0,-22.0,,2026-07-24T11:48:04.437060+08:00
50,2023-04-25,-3208480.0,-14533455.0,0.0,-17741935.0,1756.0,546.0,121.0,6.0,,2026-07-24T11:48:04.437060+08:00
50,2023-04-26,-3690121.0,-6531200.0,150000.0,-10071321.0,1724.0,525.0,-32.0,-21.0,,2026-07-24T11:48:04.437060+08:00
50,2023-04-27,-1174649.0,-6573939.0,0.0,-7748588.0,1784.0,529.0,60.0,4.0,,2026-07-24T11:48:04.437060+08:00
50,2023-04-28,134830.0,-2734150.0,0.0,-2599320.0,1767.0,522.0,-17.0,-7.0,,2026-07-24T11:48:04.437060+08:00
50,2023-05-02,-956859.0,-736337.0,-1050000.0,-2743196.0,1776.0,528.0,9.0,6.0,,2026-07-24T11:48:04.437060+08:00
50,2023-05-03,-1415227.0,-1820376.0,0.0,-3235603.0,1791.0,531.0,15.0,3.0,,2026-07-24T11:48:04.437060+08:00
50,2023-05-04,-303019.0,679843.0,100000.0,476824.0,1746.0,548.0,-45.0,17.0,,2026-07-24T11:48:04.437060+08:00
50,2023-05-05,-351702.0,-186243.0,0.0,-537945.0,1741.0,555.0,-5.0,7.0,,2026-07-24T11:48:04.437060+08:00
50,2023-05-08,67210.0,-1009027.0,160000.0,-781817.0,1731.0,572.0,-10.0,17.0,,2026-07-24T11:48:04.437060+08:00
50,2023-05-09,1799971.0,234693.0,0.0,2034664.0,1688.0,588.0,-43.0,16.0,,2026-07-24T11:48:04.437060+08:00
50,2023-05-10,-391522.0,-1683251.0,-100000.0,-2174773.0,1658.0,571.0,-30.0,-17.0,,2026-07-24T11:48:04.437060+08:00
50,2023-05-11,-957869.0,-109797.0,100000.0,-967666.0,1662.0,566.0,4.0,-5.0,,2026-07-24T11:48:04.437060+08:00
50,2023-05-12,-752358.0,-1872394.0,0.0,-2624752.0,1667.0,451.0,5.0,-115.0,,2026-07-24T11:48:04.437060+08:00
50,2023-05-15,-904070.0,-1368264.0,20000.0,-2252334.0,1660.0,442.0,-7.0,-9.0,,2026-07-24T11:48:04.437060+08:00
50,2023-05-16,2049126.0,395685.0,200000.0,2644811.0,1602.0,475.0,-58.0,33.0,,2026-07-24T11:48:04.437060+08:00
50,2023-05-17,2264929.0,10639052.0,0.0,12903981.0,1549.0,540.0,-53.0,65.0,,2026-07-24T11:48:04.437060+08:00
50,2023-05-18,4717260.0,12792717.0,0.0,17509977.0,1479.0,566.0,-70.0,26.0,,2026-07-24T11:48:04.437060+08:00
50,2023-05-19,1437482.0,27958303.0,-517000.0,28878785.0,1435.0,587.0,-44.0,21.0,,2026-07-24T11:48:04.437060+08:00
50,2023-05-22,1392161.0,12877957.0,0.0,14270118.0,1370.0,580.0,-65.0,-7.0,,2026-07-24T11:48:04.437060+08:00
50,2023-05-23,2211749.0,6179670.0,0.0,8391419.0,1363.0,577.0,-7.0,-3.0,,2026-07-24T11:48:04.437060+08:00
50,2023-05-24,595353.0,7302060.0,0.0,7897413.0,1393.0,573.0,30.0,-4.0,,2026-07-24T11:48:04.437060+08:00
50,2023-05-25,2408242.0,5155053.0,0.0,7563295.0,1395.0,580.0,2.0,7.0,,2026-07-24T11:48:04.437060+08:00
50,2023-05-26,6179691.0,13106383.0,48000.0,19334074.0,1099.0,608.0,-296.0,28.0,,2026-07-24T11:48:04.437060+08:00
50,2023-05-29,1278941.0,4502504.0,400000.0,6181445.0,1090.0,570.0,-9.0,-38.0,,2026-07-24T11:48:04.437060+08:00
50,2023-05-30,1648531.0,8597355.0,-200000.0,10045886.0,1079.0,500.0,-11.0,-70.0,,2026-07-24T11:48:04.437060+08:00
50,2023-05-31,3051054.0,68605.0,0.0,3119659.0,1073.0,483.0,-6.0,-17.0,,2026-07-24T11:48:04.437060+08:00
50,2023-06-01,248067.0,-535634.0,0.0,-287567.0,1083.0,481.0,10.0,-2.0,,2026-07-24T11:48:04.437060+08:00
50,2023-06-02,2070513.0,2750515.0,0.0,4821028.0,1091.0,473.0,8.0,-8.0,,2026-07-24T11:48:04.437060+08:00
50,2023-06-05,1164440.0,-351531.0,0.0,812909.0,1091.0,457.0,0.0,-16.0,,2026-07-24T11:48:04.437060+08:00
50,2023-06-06,-468190.0,2056225.0,0.0,1588035.0,1074.0,451.0,-17.0,-6.0,,2026-07-24T11:48:04.437060+08:00
50,2023-06-07,2001609.0,8047892.0,0.0,10049501.0,1062.0,430.0,-12.0,-21.0,,2026-07-24T11:48:04.437060+08:00
50,2023-06-08,-816987.0,498668.0,0.0,-318319.0,1053.0,413.0,-9.0,-17.0,,2026-07-24T11:48:04.437060+08:00
50,2023-06-09,1941197.0,1640425.0,0.0,3581622.0,1065.0,413.0,12.0,0.0,,2026-07-24T11:48:04.437060+08:00
50,2023-06-12,277029.0,10115569.0,230000.0,10622598.0,1046.0,413.0,-19.0,0.0,,2026-07-24T11:48:04.437060+08:00
50,2023-06-13,5432138.0,11565615.0,2400000.0,19397753.0,1027.0,414.0,-19.0,1.0,,2026-07-24T11:48:04.437060+08:00
50,2023-06-14,103779.0,3524027.0,-201000.0,3426806.0,997.0,406.0,-30.0,-8.0,,2026-07-24T11:48:04.437060+08:00
50,2023-06-15,519903.0,5959471.0,0.0,6479374.0,964.0,400.0,-33.0,-6.0,,2026-07-24T11:48:04.437060+08:00
50,2023-06-16,-273387.0,-10637.0,0.0,-284024.0,905.0,400.0,-59.0,0.0,,2026-07-24T11:48:04.437060+08:00
50,2023-06-19,816050.0,324832.0,-35000.0,1105882.0,915.0,398.0,10.0,-2.0,,2026-07-24T11:48:04.437060+08:00
50,2023-06-20,3025556.0,-1782515.0,-200000.0,1043041.0,914.0,392.0,-1.0,-6.0,,2026-07-24T11:48:04.437060+08:00
50,2023-06-21,-11436902.0,14266958.0,-500000.0,2330056.0,919.0,380.0,5.0,-12.0,,2026-07-24T11:48:04.437060+08:00
50,2023-06-26,1331964.0,-3429801.0,0.0,-2097837.0,969.0,381.0,50.0,1.0,,2026-07-24T11:48:04.437060+08:00
50,2023-06-27,-2072729.0,2119685.0,-80000.0,-33044.0,1010.0,376.0,41.0,-5.0,,2026-07-24T11:48:04.437060+08:00
50,2023-06-28,1655397.0,-40299.0,-205000.0,1410098.0,925.0,380.0,-85.0,4.0,,2026-07-24T11:48:04.437060+08:00
50,2023-06-29,1459436.0,-1389595.0,0.0,69841.0,908.0,380.0,-17.0,0.0,,2026-07-24T11:48:04.437060+08:00
50,2023-06-30,1414735.0,-2842032.0,-131000.0,-1558297.0,948.0,376.0,40.0,-4.0,,2026-07-24T11:48:04.437060+08:00
50,2023-07-03,990313.0,-1487041.0,0.0,-496728.0,958.0,373.0,10.0,-3.0,,2026-07-24T11:48:04.437060+08:00
50,2023-07-04,2763660.0,-841266.0,0.0,1922394.0,874.0,323.0,-84.0,-50.0,,2026-07-24T11:48:04.437060+08:00
50,2023-07-05,-1353673.0,-1203276.0,0.0,-2556949.0,857.0,294.0,-17.0,-29.0,,2026-07-24T11:48:04.437060+08:00
50,2023-07-06,-2066499.0,-11215565.0,-60000.0,-13342064.0,891.0,285.0,34.0,-9.0,,2026-07-24T11:48:04.437060+08:00
50,2023-07-07,-901071.0,-1724247.0,-30000.0,-2655318.0,969.0,283.0,78.0,-2.0,,2026-07-24T11:48:04.437060+08:00
50,2023-07-10,896846.0,-4209705.0,200000.0,-3112859.0,932.0,193.0,-37.0,-90.0,,2026-07-24T11:48:04.437060+08:00
50,2023-07-11,804039.0,549431.0,806000.0,2159470.0,898.0,159.0,-34.0,-34.0,,2026-07-24T11:48:04.437060+08:00
50,2023-07-12,241195.0,-8379.0,-15000.0,217816.0,883.0,2.0,-15.0,-157.0,,2026-07-24T11:48:04.437060+08:00
50,2023-07-13,145005.0,8368645.0,0.0,8513650.0,859.0,0.0,-24.0,-2.0,,2026-07-24T11:48:04.437060+08:00
50,2023-07-14,-1255263.0,11329866.0,0.0,10074603.0,831.0,0.0,-28.0,0.0,,2026-07-24T11:48:04.437060+08:00
50,2023-07-17,5390521.0,3372657.0,0.0,8763178.0,874.0,0.0,43.0,0.0,,2026-07-24T11:48:04.437060+08:00
50,2023-07-18,-2870287.0,4216174.0,0.0,1345887.0,874.0,16.0,0.0,16.0,,2026-07-24T11:48:04.437060+08:00
50,2023-07-19,-3941218.0,6515053.0,-600000.0,1973835.0,913.0,29.0,39.0,13.0,,2026-07-24T11:48:04.437060+08:00
50,2023-07-20,-1205914.0,1209126.0,0.0,3212.0,881.0,49.0,-32.0,20.0,,2026-07-24T11:48:04.437060+08:00
50,2023-07-21,-2339106.0,-6984981.0,-1134000.0,-10458087.0,932.0,32.0,51.0,-17.0,,2026-07-24T11:48:04.437060+08:00
50,2023-07-24,-1652144.0,-1544969.0,-1855000.0,-5052113.0,960.0,33.0,28.0,1.0,,2026-07-24T11:48:04.437060+08:00
50,2023-07-25,-24786.0,2618811.0,-400000.0,2194025.0,910.0,49.0,-50.0,16.0,,2026-07-24T11:48:04.437060+08:00
50,2023-07-26,-1834298.0,-42517.0,0.0,-1876815.0,910.0,59.0,0.0,10.0,,2026-07-24T11:48:04.437060+08:00
50,2023-07-27,81391.0,1200397.0,0.0,1281788.0,894.0,58.0,-16.0,-1.0,,2026-07-24T11:48:04.437060+08:00
50,2023-07-28,32238.0,-439575.0,0.0,-407337.0,860.0,61.0,-34.0,3.0,,2026-07-24T11:48:04.437060+08:00
50,2023-07-31,-1060146.0,1313484.0,-150000.0,103338.0,847.0,71.0,-13.0,10.0,,2026-07-24T11:48:04.437060+08:00
50,2023-08-01,2075011.0,-216113.0,-100000.0,1758898.0,810.0,70.0,-37.0,-1.0,,2026-07-24T11:48:04.437060+08:00
50,2023-08-02,-1973458.0,-4480352.0,0.0,-6453810.0,813.0,63.0,3.0,-7.0,,2026-07-24T11:48:04.437060+08:00
50,2023-08-04,-1192554.0,-3580277.0,-100000.0,-4872831.0,827.0,39.0,14.0,-24.0,,2026-07-24T11:48:04.437060+08:00
50,2023-08-07,-1509381.0,-380692.0,-500000.0,-2390073.0,808.0,46.0,-19.0,7.0,,2026-07-24T11:48:04.437060+08:00
50,2023-08-08,-2166122.0,-5666484.0,0.0,-7832606.0,895.0,41.0,87.0,-5.0,,2026-07-24T11:48:04.437060+08:00
50,2023-08-09,-222047.0,330222.0,-1171000.0,-1062825.0,880.0,51.0,-15.0,10.0,,2026-07-24T11:48:04.437060+08:00
50,2023-08-10,-3406848.0,-5822176.0,-300000.0,-9529024.0,922.0,57.0,42.0,6.0,,2026-07-24T11:48:04.437060+08:00
50,2023-08-11,-660383.0,-5217337.0,0.0,-5877720.0,956.0,63.0,34.0,6.0,,2026-07-24T11:48:04.437060+08:00
50,2023-08-14,-229513.0,-18325045.0,-771000.0,-19325558.0,1088.0,57.0,132.0,-6.0,,2026-07-24T11:48:04.437060+08:00
50,2023-08-15,-719033.0,-3681382.0,0.0,-4400415.0,1106.0,70.0,18.0,13.0,,2026-07-24T11:48:04.437060+08:00
50,2023-08-16,1903079.0,-13691555.0,100000.0,-11688476.0,1132.0,72.0,26.0,2.0,,2026-07-24T11:48:04.437060+08:00
50,2023-08-17,918800.0,-5553292.0,100000.0,-4534492.0,1222.0,72.0,90.0,0.0,,2026-07-24T11:48:04.437060+08:00
50,2023-08-18,-207323.0,-4914574.0,0.0,-5121897.0,1291.0,142.0,69.0,70.0,,2026-07-24T11:48:04.437060+08:00
50,2023-08-21,1751094.0,-7977756.0,0.0,-6226662.0,1283.0,136.0,-8.0,-6.0,,2026-07-24T11:48:04.437060+08:00
50,2023-08-22,522102.0,-910358.0,0.0,-388256.0,1235.0,140.0,-48.0,4.0,,2026-07-24T11:48:04.437060+08:00
50,2023-08-23,2168546.0,-3265137.0,0.0,-1096591.0,1214.0,157.0,-21.0,17.0,,2026-07-24T11:48:04.437060+08:00
50,2023-08-24,623433.0,2651146.0,0.0,3274579.0,1092.0,173.0,-122.0,16.0,,2026-07-24T11:48:04.437060+08:00
50,2023-08-25,-1437705.0,-4140132.0,0.0,-5577837.0,1121.0,174.0,29.0,1.0,,2026-07-24T11:48:04.437060+08:00
50,2023-08-28,212982.0,-1612795.0,0.0,-1399813.0,1105.0,181.0,-16.0,7.0,,2026-07-24T11:48:04.437060+08:00
50,2023-08-29,-715716.0,-568961.0,0.0,-1284677.0,1099.0,192.0,-6.0,11.0,,2026-07-24T11:48:04.437060+08:00
50,2023-08-30,2557155.0,-2179060.0,0.0,378095.0,1063.0,189.0,-36.0,-3.0,,2026-07-24T11:48:04.437060+08:00
50,2023-08-31,89106.0,-2601756.0,-108000.0,-2620650.0,1070.0,183.0,7.0,-6.0,,2026-07-24T11:48:04.437060+08:00
50,2023-09-01,418893.0,-1294508.0,0.0,-875615.0,1079.0,176.0,9.0,-7.0,,2026-07-24T11:48:04.437060+08:00
50,2023-09-04,544640.0,-509993.0,0.0,34647.0,1059.0,185.0,-20.0,9.0,,2026-07-24T11:48:04.437060+08:00
50,2023-09-05,966473.0,-1593977.0,0.0,-627504.0,1070.0,180.0,11.0,-5.0,,2026-07-24T11:48:04.437060+08:00
50,2023-09-06,1594698.0,-4963608.0,0.0,-3368910.0,1056.0,178.0,-14.0,-2.0,,2026-07-24T11:48:04.437060+08:00
50,2023-09-07,-450149.0,-3955877.0,0.0,-4406026.0,1081.0,178.0,25.0,0.0,,2026-07-24T11:48:04.437060+08:00
50,2023-09-08,483694.0,-4020233.0,0.0,-3536539.0,1067.0,181.0,-14.0,3.0,,2026-07-24T11:48:04.437060+08:00
50,2023-09-11,395442.0,-7135065.0,0.0,-6739623.0,1081.0,184.0,14.0,3.0,,2026-07-24T11:48:04.437060+08:00
50,2023-09-12,-180122.0,176712.0,0.0,-3410.0,1069.0,187.0,-12.0,3.0,,2026-07-24T11:48:04.437060+08:00
50,2023-09-13,-1233002.0,510574.0,0.0,-722428.0,1054.0,187.0,-15.0,0.0,,2026-07-24T11:48:04.437060+08:00
50,2023-09-14,-146531.0,4428992.0,0.0,4282461.0,948.0,199.0,-106.0,12.0,,2026-07-24T11:48:04.437060+08:00
50,2023-09-15,2841397.0,667257.0,0.0,3508654.0,928.0,201.0,-20.0,2.0,,2026-07-24T11:48:04.437060+08:00
50,2023-09-18,-2179587.0,-3336544.0,-400000.0,-5916131.0,936.0,192.0,8.0,-9.0,,2026-07-24T11:48:04.437060+08:00
50,2023-09-19,-1467103.0,-958699.0,-47000.0,-2472802.0,952.0,187.0,16.0,-5.0,,2026-07-24T11:48:04.437060+08:00
50,2023-09-20,-701500.0,-3099233.0,0.0,-3800733.0,1012.0,181.0,60.0,-6.0,,2026-07-24T11:48:04.437060+08:00
50,2023-09-21,335710.0,-19074349.0,-210000.0,-18948639.0,1200.0,120.0,188.0,-61.0,,2026-07-24T11:48:04.437060+08:00
50,2023-09-22,1189405.0,-7053870.0,0.0,-5864465.0,1204.0,100.0,4.0,-20.0,,2026-07-24T11:48:04.437060+08:00
50,2023-09-25,-319633.0,-1835620.0,0.0,-2155253.0,1163.0,107.0,-41.0,7.0,,2026-07-24T11:48:04.437060+08:00
50,2023-09-26,-4392399.0,-5699171.0,0.0,-10091570.0,1186.0,112.0,23.0,5.0,,2026-07-24T11:48:04.437060+08:00
50,2023-09-27,-959886.0,-3028181.0,0.0,-3988067.0,1219.0,112.0,33.0,0.0,,2026-07-24T11:48:04.437060+08:00
50,2023-09-28,289404.0,-2961099.0,0.0,-2671695.0,1224.0,94.0,5.0,-18.0,,2026-07-24T11:48:04.437060+08:00
50,2023-10-02,2006862.0,-1093465.0,300000.0,1213397.0,1220.0,102.0,-4.0,8.0,,2026-07-24T11:48:04.437060+08:00
50,2023-10-03,-363622.0,-1993694.0,0.0,-2357316.0,1207.0,104.0,-13.0,2.0,,2026-07-24T11:48:04.437060+08:00
50,2023-10-04,374920.0,-8261712.0,0.0,-7886792.0,1287.0,93.0,80.0,-11.0,,2026-07-24T11:48:04.437060+08:00
50,2023-10-05,857965.0,552930.0,0.0,1410895.0,1223.0,101.0,-64.0,8.0,,2026-07-24T11:48:04.437060+08:00
50,2023-10-06,342021.0,-236783.0,104000.0,209238.0,1171.0,120.0,-52.0,19.0,,2026-07-24T11:48:04.437060+08:00
50,2023-10-11,3644516.0,5654948.0,0.0,9299464.0,1003.0,130.0,-168.0,10.0,,2026-07-24T11:48:04.437060+08:00
50,2023-10-12,1591979.0,9556205.0,50000.0,11198184.0,1007.0,155.0,4.0,25.0,,2026-07-24T11:48:04.437060+08:00
50,2023-10-13,-645132.0,1626792.0,0.0,981660.0,941.0,156.0,-66.0,1.0,,2026-07-24T11:48:04.437060+08:00
50,2023-10-16,-1764374.0,-1725397.0,150000.0,-3339771.0,924.0,154.0,-17.0,-2.0,,2026-07-24T11:48:04.437060+08:00
50,2023-10-17,-1138122.0,-2554215.0,0.0,-3692337.0,900.0,164.0,-24.0,10.0,,2026-07-24T11:48:04.437060+08:00
50,2023-10-18,3026185.0,-7632528.0,20000.0,-4586343.0,886.0,143.0,-14.0,-21.0,,2026-07-24T11:48:04.437060+08:00
50,2023-10-19,3729067.0,-430685.0,225000.0,3523382.0,888.0,144.0,2.0,1.0,,2026-07-24T11:48:04.437060+08:00
50,2023-10-20,703769.0,-2242568.0,0.0,-1538799.0,887.0,123.0,-1.0,-21.0,,2026-07-24T11:48:04.437060+08:00
50,2023-10-23,-420719.0,-6057211.0,200000.0,-6277930.0,1054.0,120.0,167.0,-3.0,,2026-07-24T11:48:04.437060+08:00
50,2023-10-24,698666.0,-4578540.0,0.0,-3879874.0,1152.0,112.0,98.0,-8.0,,2026-07-24T11:48:04.437060+08:00
50,2023-10-25,-1038971.0,114917.0,0.0,-924054.0,975.0,111.0,-177.0,-1.0,,2026-07-24T11:48:04.437060+08:00
50,2023-10-26,-2863960.0,-17876775.0,100000.0,-20640735.0,1085.0,82.0,110.0,-29.0,,2026-07-24T11:48:04.437060+08:00
50,2023-10-27,131391.0,-1472269.0,0.0,-1340878.0,1072.0,82.0,-13.0,0.0,,2026-07-24T11:48:04.437060+08:00
50,2023-10-30,-208223.0,-6579776.0,300000.0,-6487999.0,1063.0,80.0,-9.0,-2.0,,2026-07-24T11:48:04.437060+08:00
50,2023-10-31,-997171.0,-8753266.0,0.0,-9750437.0,1119.0,74.0,56.0,-6.0,,2026-07-24T11:48:04.437060+08:00
50,2023-11-01,-667086.0,-2198671.0,0.0,-2865757.0,1129.0,83.0,10.0,9.0,,2026-07-24T11:48:04.437060+08:00
50,2023-11-02,440188.0,3100203.0,0.0,3540391.0,1064.0,95.0,-65.0,12.0,,2026-07-24T11:48:04.437060+08:00
50,2023-11-03,226769.0,4947270.0,45000.0,5219039.0,986.0,97.0,-78.0,2.0,,2026-07-24T11:48:04.437060+08:00
50,2023-11-06,-976961.0,7348934.0,210000.0,6581973.0,864.0,140.0,-122.0,43.0,,2026-07-24T11:48:04.437060+08:00
50,2023-11-07,785656.0,3470215.0,199000.0,4454871.0,814.0,145.0,-50.0,5.0,,2026-07-24T11:48:04.437060+08:00
50,2023-11-08,450118.0,8122576.0,25000.0,8597694.0,766.0,156.0,-48.0,11.0,,2026-07-24T11:48:04.437060+08:00
50,2023-11-09,1268499.0,3035025.0,30000.0,4333524.0,760.0,144.0,-6.0,-12.0,,2026-07-24T11:48:04.437060+08:00
50,2023-11-10,,,,,756.0,139.0,-4.0,-5.0,,2026-07-24T11:48:04.437060+08:00
50,2023-11-13,5069014.0,13000822.0,-48000.0,18021836.0,667.0,141.0,-89.0,2.0,,2026-07-24T11:48:04.437060+08:00
50,2023-11-14,2684021.0,10708562.0,0.0,13392583.0,686.0,141.0,19.0,0.0,,2026-07-24T11:48:04.437060+08:00
50,2023-11-15,2335006.0,15342722.0,400000.0,18077728.0,622.0,135.0,-64.0,-6.0,,2026-07-24T11:48:04.437060+08:00
50,2023-11-16,-1104331.0,9114422.0,0.0,8010091.0,659.0,147.0,37.0,12.0,,2026-07-24T11:48:04.437060+08:00
50,2023-11-17,-8405473.0,19922242.0,75000.0,11591769.0,627.0,147.0,-32.0,0.0,,2026-07-24T11:48:04.437060+08:00
50,2023-11-20,-3113667.0,3816999.0,80000.0,783332.0,612.0,145.0,-15.0,-2.0,,2026-07-24T11:48:04.437060+08:00
50,2023-11-21,-5484113.0,24601155.0,0.0,19117042.0,594.0,143.0,-18.0,-2.0,,2026-07-24T11:48:04.437060+08:00
50,2023-11-22,-741103.0,642939.0,0.0,-98164.0,627.0,134.0,33.0,-9.0,,2026-07-24T11:48:04.437060+08:00
50,2023-11-23,-859544.0,2871320.0,0.0,2011776.0,641.0,128.0,14.0,-6.0,,2026-07-24T11:48:04.437060+08:00
50,2023-11-24,-179681.0,3570057.0,10000.0,3400376.0,638.0,128.0,-3.0,0.0,,2026-07-24T11:48:04.437060+08:00
50,2023-11-27,628518.0,-2209452.0,0.0,-1580934.0,653.0,130.0,15.0,2.0,,2026-07-24T11:48:04.437060+08:00
50,2023-11-28,2447660.0,2116138.0,0.0,4563798.0,641.0,129.0,-12.0,-1.0,,2026-07-24T11:48:04.437060+08:00
50,2023-11-29,712357.0,2494188.0,0.0,3206545.0,651.0,128.0,10.0,-1.0,,2026-07-24T11:48:04.437060+08:00
50,2023-11-30,-1029812.0,6954572.0,0.0,5924760.0,692.0,128.0,41.0,0.0,,2026-07-24T11:48:04.437060+08:00
50,2023-12-01,366983.0,-78491.0,0.0,288492.0,670.0,131.0,-22.0,3.0,,2026-07-24T11:48:04.437060+08:00
50,2023-12-04,-391828.0,-1134090.0,0.0,-1525918.0,669.0,131.0,-1.0,0.0,,2026-07-24T11:48:04.437060+08:00
50,2023-12-05,-1362560.0,-1140491.0,0.0,-2503051.0,697.0,123.0,28.0,-8.0,,2026-07-24T11:48:04.437060+08:00
50,2023-12-06,710659.0,-433340.0,0.0,277319.0,675.0,131.0,-22.0,8.0,,2026-07-24T11:48:04.437060+08:00
50,2023-12-07,-1027807.0,-586709.0,0.0,-1614516.0,677.0,131.0,2.0,0.0,,2026-07-24T11:48:04.437060+08:00
50,2023-12-08,-4023006.0,9107742.0,0.0,5084736.0,693.0,138.0,16.0,7.0,,2026-07-24T11:48:04.437060+08:00
50,2023-12-11,-56768.0,-769681.0,0.0,-826449.0,685.0,137.0,-8.0,-1.0,,2026-07-24T11:48:04.437060+08:00
50,2023-12-12,1772307.0,1605389.0,5000.0,3382696.0,648.0,137.0,-37.0,0.0,,2026-07-24T11:48:04.437060+08:00
50,2023-12-13,-222597.0,-111546.0,0.0,-334143.0,758.0,137.0,110.0,0.0,,2026-07-24T11:48:04.437060+08:00
50,2023-12-14,-9825875.0,25306382.0,0.0,15480507.0,585.0,135.0,-173.0,-2.0,,2026-07-24T11:48:04.437060+08:00
50,2023-12-15,-5174863.0,15085618.0,0.0,9910755.0,571.0,124.0,-14.0,-11.0,,2026-07-24T11:48:04.437060+08:00
50,2023-12-18,-1391110.0,1446135.0,200000.0,255025.0,577.0,125.0,6.0,1.0,,2026-07-24T11:48:04.437060+08:00
50,2023-12-19,-1487618.0,1770127.0,0.0,282509.0,594.0,113.0,17.0,-12.0,,2026-07-24T11:48:04.437060+08:00
50,2023-12-20,-2267173.0,5123987.0,0.0,2856814.0,567.0,113.0,-27.0,0.0,,2026-07-24T11:48:04.437060+08:00
50,2023-12-21,-839108.0,-214536.0,-94000.0,-1147644.0,585.0,113.0,18.0,0.0,,2026-07-24T11:48:04.437060+08:00
50,2023-12-22,-1044234.0,4626387.0,0.0,3582153.0,511.0,113.0,-74.0,0.0,,2026-07-24T11:48:04.437060+08:00
50,2023-12-25,-1127451.0,5576735.0,0.0,4449284.0,500.0,113.0,-11.0,0.0,,2026-07-24T11:48:04.437060+08:00
50,2023-12-26,-3910740.0,13096518.0,0.0,9185778.0,496.0,107.0,-4.0,-6.0,,2026-07-24T11:48:04.437060+08:00
50,2023-12-27,-13252864.0,25969171.0,0.0,12716307.0,487.0,109.0,-9.0,2.0,,2026-07-24T11:48:04.437060+08:00
50,2023-12-28,-6628352.0,12180140.0,0.0,5551788.0,491.0,108.0,4.0,-1.0,,2026-07-24T11:48:04.437060+08:00
50,2023-12-29,-3717225.0,8550384.0,0.0,4833159.0,468.0,108.0,-23.0,0.0,,2026-07-24T11:48:04.437060+08:00
50,2024-01-02,-899623.0,1475468.0,0.0,575845.0,476.0,107.0,8.0,-1.0,,2026-07-24T11:48:04.437060+08:00
50,2024-01-03,1147325.0,-8033755.0,0.0,-6886430.0,510.0,101.0,34.0,-6.0,,2026-07-24T11:48:04.437060+08:00
50,2024-01-04,887257.0,-646163.0,0.0,241094.0,453.0,95.0,-57.0,-6.0,,2026-07-24T11:48:04.437060+08:00
50,2024-01-05,-1081151.0,-1383412.0,0.0,-2464563.0,456.0,90.0,3.0,-5.0,,2026-07-24T11:48:04.437060+08:00
50,2024-01-08,1974463.0,-154908.0,0.0,1819555.0,446.0,83.0,-10.0,-7.0,,2026-07-24T11:48:04.437060+08:00
50,2024-01-09,1423842.0,1045434.0,0.0,2469276.0,484.0,76.0,38.0,-7.0,,2026-07-24T11:48:04.437060+08:00
50,2024-01-10,-606455.0,-4008207.0,100000.0,-4514662.0,453.0,51.0,-31.0,-25.0,,2026-07-24T11:48:04.437060+08:00
50,2024-01-11,1468112.0,-1045687.0,-155000.0,267425.0,458.0,0.0,5.0,-51.0,,2026-07-24T11:48:04.437060+08:00
50,2024-01-12,-309428.0,-2497502.0,0.0,-2806930.0,489.0,0.0,31.0,0.0,,2026-07-24T11:48:04.437060+08:00
50,2024-01-15,2579771.0,-6880097.0,-95000.0,-4395326.0,547.0,0.0,58.0,0.0,,2026-07-24T11:48:04.437060+08:00
50,2024-01-16,5083558.0,-17802373.0,400000.0,-12318815.0,625.0,0.0,78.0,0.0,,2026-07-24T11:48:04.437060+08:00
50,2024-01-17,7632364.0,-32642581.0,0.0,-25010217.0,774.0,17.0,149.0,17.0,,2026-07-24T11:48:04.437060+08:00
50,2024-01-18,462974.0,-4246792.0,105000.0,-3678818.0,797.0,20.0,23.0,3.0,,2026-07-24T11:48:04.437060+08:00
50,2024-01-19,-2459372.0,18123182.0,0.0,15663810.0,651.0,40.0,-146.0,20.0,,2026-07-24T11:48:04.437060+08:00
50,2024-01-22,-1051225.0,7122486.0,0.0,6071261.0,654.0,46.0,3.0,6.0,,2026-07-24T11:48:04.437060+08:00
50,2024-01-23,196454.0,4063095.0,0.0,4259549.0,636.0,45.0,-18.0,-1.0,,2026-07-24T11:48:04.437060+08:00
50,2024-01-24,3759137.0,7628366.0,0.0,11387503.0,604.0,50.0,-32.0,5.0,,2026-07-24T11:48:04.437060+08:00
50,2024-01-25,1153431.0,19786579.0,0.0,20940010.0,540.0,49.0,-64.0,-1.0,,2026-07-24T11:48:04.437060+08:00
50,2024-01-26,2849113.0,8112170.0,0.0,10961283.0,462.0,50.0,-78.0,1.0,,2026-07-24T11:48:04.437060+08:00
50,2024-01-29,154497.0,18766803.0,0.0,18921300.0,526.0,52.0,64.0,2.0,,2026-07-24T11:48:04.437060+08:00
50,2024-01-30,3163038.0,2237537.0,-100000.0,5300575.0,616.0,53.0,90.0,1.0,,2026-07-24T11:48:04.437060+08:00
50,2024-01-31,1790126.0,-1711290.0,0.0,78836.0,629.0,50.0,13.0,-3.0,,2026-07-24T11:48:04.437060+08:00
50,2024-02-01,4291354.0,-3842921.0,0.0,448433.0,623.0,48.0,-6.0,-2.0,,2026-07-24T11:48:04.437060+08:00
50,2024-02-02,5956302.0,-1510212.0,317000.0,4763090.0,612.0,48.0,-11.0,0.0,,2026-07-24T11:48:04.437060+08:00
50,2024-02-05,5867304.0,714121.0,0.0,6581425.0,583.0,50.0,-29.0,2.0,,2026-07-24T11:48:04.437060+08:00
50,2024-02-15,3779198.0,29401226.0,200000.0,33380424.0,498.0,55.0,-85.0,5.0,,2026-07-24T11:48:04.437060+08:00
50,2024-02-16,631759.0,9643370.0,0.0,10275129.0,491.0,57.0,-7.0,2.0,,2026-07-24T11:48:04.437060+08:00
50,2024-02-19,1074915.0,2049373.0,-190000.0,2934288.0,416.0,54.0,-75.0,-3.0,,2026-07-24T11:48:04.437060+08:00
50,2024-02-20,1498364.0,5626708.0,0.0,7125072.0,402.0,56.0,-14.0,2.0,,2026-07-24T11:48:04.437060+08:00
50,2024-02-21,3562983.0,-463852.0,0.0,3099131.0,417.0,59.0,15.0,3.0,,2026-07-24T11:48:04.437060+08:00
50,2024-02-22,5432817.0,5055142.0,6000.0,10493959.0,395.0,60.0,-22.0,1.0,,2026-07-24T11:48:04.437060+08:00
50,2024-02-23,929044.0,13716874.0,-2000000.0,12645918.0,348.0,60.0,-47.0,0.0,,2026-07-24T11:48:04.437060+08:00
50,2024-02-26,2992372.0,849175.0,-150000.0,3691547.0,339.0,59.0,-9.0,-1.0,,2026-07-24T11:48:04.437060+08:00
50,2024-02-27,2594782.0,-565004.0,-150000.0,1879778.0,376.0,61.0,37.0,2.0,,2026-07-24T11:48:04.437060+08:00
50,2024-02-29,1450012.0,574494.0,0.0,2024506.0,378.0,65.0,2.0,4.0,,2026-07-24T11:48:04.437060+08:00
50,2024-03-01,1652211.0,544060.0,-2060000.0,136271.0,404.0,68.0,26.0,3.0,,2026-07-24T11:48:04.437060+08:00
50,2024-03-04,1977747.0,15666442.0,0.0,17644189.0,354.0,69.0,-50.0,1.0,,2026-07-24T11:48:04.437060+08:00
50,2024-03-05,7467674.0,3945677.0,0.0,11413351.0,367.0,71.0,13.0,2.0,,2026-07-24T11:48:04.437060+08:00
50,2024-03-06,1919370.0,6686040.0,-1760000.0,6845410.0,389.0,73.0,22.0,2.0,,2026-07-24T11:48:04.437060+08:00
50,2024-03-07,1297423.0,17784660.0,1800000.0,20882083.0,287.0,83.0,-102.0,10.0,,2026-07-24T11:48:04.437060+08:00
50,2024-03-08,-1678067.0,19532115.0,0.0,17854048.0,316.0,83.0,29.0,0.0,,2026-07-24T11:48:04.437060+08:00
50,2024-03-11,692880.0,3666066.0,-640000.0,3718946.0,357.0,80.0,41.0,-3.0,,2026-07-24T11:48:04.437060+08:00
50,2024-03-12,771835.0,10477016.0,-450000.0,10798851.0,310.0,80.0,-47.0,0.0,,2026-07-24T11:48:04.437060+08:00
50,2024-03-13,-1007556.0,8931163.0,-770000.0,7153607.0,288.0,80.0,-22.0,0.0,,2026-07-24T11:48:04.437060+08:00
50,2024-03-14,32724.0,5727221.0,-744000.0,5015945.0,288.0,80.0,0.0,0.0,,2026-07-24T11:48:04.437060+08:00
50,2024-03-15,3257511.0,-1076132.0,-650000.0,1531379.0,297.0,80.0,9.0,0.0,,2026-07-24T11:48:04.437060+08:00
50,2024-03-18,2699303.0,3702313.0,-700000.0,5701616.0,316.0,79.0,19.0,-1.0,,2026-07-24T11:48:04.437060+08:00
50,2024-03-19,3821030.0,-1226676.0,-830000.0,1764354.0,347.0,78.0,31.0,-1.0,,2026-07-24T11:48:04.437060+08:00
50,2024-03-20,-1432529.0,3692726.0,-1100000.0,1160197.0,348.0,78.0,1.0,0.0,,2026-07-24T11:48:04.437060+08:00
50,2024-03-21,2048714.0,14059631.0,-1038000.0,15070345.0,398.0,77.0,50.0,-1.0,,2026-07-24T11:48:04.437060+08:00
50,2024-03-22,3699005.0,-2547110.0,0.0,1151895.0,435.0,76.0,37.0,-1.0,,2026-07-24T11:48:04.437060+08:00
50,2024-03-25,697224.0,1614705.0,0.0,2311929.0,422.0,75.0,-13.0,-1.0,,2026-07-24T11:48:04.437060+08:00
50,2024-03-26,582501.0,291039.0,-100000.0,773540.0,324.0,74.0,-98.0,-1.0,,2026-07-24T11:48:04.437060+08:00
50,2024-03-27,2335258.0,-1371372.0,0.0,963886.0,326.0,73.0,2.0,-1.0,,2026-07-24T11:48:04.437060+08:00
50,2024-03-28,245151.0,-646548.0,0.0,-401397.0,321.0,73.0,-5.0,0.0,,2026-07-24T11:48:04.437060+08:00
50,2024-03-29,2461922.0,1859286.0,0.0,4321208.0,298.0,72.0,-23.0,-1.0,,2026-07-24T11:48:04.437060+08:00
50,2024-04-01,-1183205.0,260518.0,-100000.0,-1022687.0,297.0,59.0,-1.0,-13.0,,2026-07-24T11:48:04.437060+08:00
50,2024-04-02,2291710.0,2472201.0,0.0,4763911.0,270.0,58.0,-27.0,-1.0,,2026-07-24T11:48:04.437060+08:00
50,2024-04-03,118575.0,-1601659.0,0.0,-1483084.0,289.0,59.0,19.0,1.0,,2026-07-24T11:48:04.437060+08:00
50,2024-04-08,-72719.0,-957168.0,0.0,-1029887.0,280.0,59.0,-9.0,0.0,,2026-07-24T11:48:04.437060+08:00
50,2024-04-09,5228226.0,-294611.0,18000.0,4951615.0,285.0,59.0,5.0,0.0,,2026-07-24T11:48:04.437060+08:00
50,2024-04-10,630056.0,-753548.0,-131000.0,-254492.0,296.0,59.0,11.0,0.0,,2026-07-24T11:48:04.437060+08:00
50,2024-04-11,-301302.0,-955680.0,440000.0,-816982.0,313.0,55.0,17.0,-4.0,,2026-07-24T11:48:04.437060+08:00
50,2024-04-12,2501666.0,-2060215.0,40000.0,481451.0,304.0,55.0,-9.0,0.0,,2026-07-24T11:48:04.437060+08:00
50,2024-04-15,-1671294.0,-1190030.0,248926.0,-2612398.0,330.0,55.0,26.0,0.0,,2026-07-24T11:48:04.437060+08:00
50,2024-04-16,-505558.0,-2929610.0,0.0,-3435168.0,453.0,59.0,123.0,4.0,,2026-07-24T11:48:04.437060+08:00
50,2024-04-17,386301.0,562700.0,-340000.0,609001.0,429.0,58.0,-24.0,-1.0,,2026-07-24T11:48:04.437060+08:00
50,2024-04-18,-1140302.0,750881.0,782000.0,392579.0,442.0,57.0,13.0,-1.0,,2026-07-24T11:48:04.437060+08:00
50,2024-04-19,-5867526.0,-14675990.0,13000.0,-20530516.0,747.0,61.0,305.0,4.0,,2026-07-24T11:48:04.437060+08:00
50,2024-04-22,776550.0,-3338950.0,-440000.0,-3002400.0,710.0,63.0,-37.0,2.0,,2026-07-24T11:48:04.437060+08:00
50,2024-04-23,681659.0,-1643963.0,0.0,-962304.0,661.0,64.0,-49.0,1.0,,2026-07-24T11:48:04.437060+08:00
50,2024-04-24,2621319.0,597462.0,60000.0,3278781.0,634.0,62.0,-27.0,-2.0,,2026-07-24T11:48:04.437060+08:00
50,2024-04-25,-2227805.0,-1334900.0,15000.0,-3547705.0,659.0,62.0,25.0,0.0,,2026-07-24T11:48:04.437060+08:00
50,2024-04-26,715969.0,929789.0,0.0,1645758.0,686.0,64.0,27.0,2.0,,2026-07-24T11:48:04.437060+08:00
50,2024-04-29,929084.0,2196063.0,180000.0,3305147.0,553.0,66.0,-133.0,2.0,,2026-07-24T11:48:04.437060+08:00
50,2024-04-30,1581688.0,1051601.0,0.0,2633289.0,500.0,66.0,-53.0,0.0,,2026-07-24T11:48:04.437060+08:00
50,2024-05-02,468898.0,-2848030.0,0.0,-2379132.0,519.0,66.0,19.0,0.0,,2026-07-24T11:48:04.437060+08:00
50,2024-05-03,-6551.0,1844280.0,0.0,1837729.0,497.0,70.0,-22.0,4.0,,2026-07-24T11:48:04.437060+08:00
50,2024-05-06,1067184.0,624417.0,132000.0,1823601.0,498.0,70.0,1.0,0.0,,2026-07-24T11:48:04.437060+08:00
50,2024-05-07,1306544.0,1719171.0,0.0,3025715.0,491.0,70.0,-7.0,0.0,,2026-07-24T11:48:04.437060+08:00
50,2024-05-08,2457459.0,700591.0,242000.0,3400050.0,492.0,70.0,1.0,0.0,,2026-07-24T11:48:04.437060+08:00
50,2024-05-09,-719570.0,2349373.0,480000.0,2109803.0,492.0,70.0,0.0,0.0,,2026-07-24T11:48:04.437060+08:00
50,2024-05-10,1806082.0,2965038.0,303000.0,5074120.0,512.0,70.0,20.0,0.0,,2026-07-24T11:48:04.437060+08:00
50,2024-05-13,-986279.0,5608996.0,400000.0,5022717.0,453.0,70.0,-59.0,0.0,,2026-07-24T11:48:04.437060+08:00
50,2024-05-14,-1065370.0,6132130.0,-180000.0,4886760.0,446.0,70.0,-7.0,0.0,,2026-07-24T11:48:04.437060+08:00
50,2024-05-15,-1504450.0,6770796.0,324000.0,5590346.0,461.0,72.0,15.0,2.0,,2026-07-24T11:48:04.437060+08:00
50,2024-05-16,-95615.0,2271368.0,340000.0,2515753.0,523.0,71.0,62.0,-1.0,,2026-07-24T11:48:04.437060+08:00
50,2024-05-17,476470.0,-6730.0,320000.0,789740.0,526.0,72.0,3.0,1.0,,2026-07-24T11:48:04.437060+08:00
50,2024-05-20,-617217.0,188732.0,-50000.0,-478485.0,561.0,75.0,35.0,3.0,,2026-07-24T11:48:04.437060+08:00
50,2024-05-21,-946788.0,98887.0,120000.0,-727901.0,601.0,75.0,40.0,0.0,,2026-07-24T11:48:04.437060+08:00
50,2024-05-22,1675465.0,2113991.0,192000.0,3981456.0,575.0,72.0,-26.0,-3.0,,2026-07-24T11:48:04.437060+08:00
50,2024-05-23,951679.0,1956143.0,50000.0,2957822.0,562.0,73.0,-13.0,1.0,,2026-07-24T11:48:04.437060+08:00
50,2024-05-24,-443009.0,284431.0,-29000.0,-187578.0,548.0,74.0,-14.0,1.0,,2026-07-24T11:48:04.437060+08:00
50,2024-05-27,-393392.0,-601762.0,269000.0,-726154.0,621.0,75.0,73.0,1.0,,2026-07-24T11:48:04.437060+08:00
50,2024-05-28,796403.0,-1244471.0,222000.0,-226068.0,581.0,75.0,-40.0,0.0,,2026-07-24T11:48:04.437060+08:00
50,2024-05-29,1596484.0,-4089291.0,0.0,-2492807.0,588.0,74.0,7.0,-1.0,,2026-07-24T11:48:04.437060+08:00
50,2024-05-30,-654155.0,-3224117.0,0.0,-3878272.0,574.0,76.0,-14.0,2.0,,2026-07-24T11:48:04.437060+08:00
50,2024-05-31,-122423.0,-2480035.0,0.0,-2602458.0,645.0,76.0,71.0,0.0,,2026-07-24T11:48:04.437060+08:00
50,2024-06-03,1907033.0,-4309459.0,295000.0,-2107426.0,649.0,82.0,4.0,6.0,,2026-07-24T11:48:04.437060+08:00
50,2024-06-04,-2425854.0,-3145643.0,403000.0,-5168497.0,704.0,84.0,55.0,2.0,,2026-07-24T11:48:04.437060+08:00
50,2024-06-05,159255.0,-894942.0,0.0,-735687.0,651.0,83.0,-53.0,-1.0,,2026-07-24T11:48:04.437060+08:00
50,2024-06-06,2516062.0,3558498.0,850000.0,6924560.0,541.0,82.0,-110.0,-1.0,,2026-07-24T11:48:04.437060+08:00
50,2024-06-07,-3703868.0,-1575841.0,150000.0,-5129709.0,537.0,81.0,-4.0,-1.0,,2026-07-24T11:48:04.437060+08:00
50,2024-06-11,-1768928.0,-4397238.0,715000.0,-5451166.0,522.0,83.0,-15.0,2.0,,2026-07-24T11:48:04.437060+08:00
50,2024-06-12,-45448.0,2528830.0,570000.0,3053382.0,934.0,73.0,412.0,-10.0,,2026-07-24T11:48:04.437060+08:00
50,2024-06-13,-4090729.0,-2903119.0,726000.0,-6267848.0,636.0,84.0,-298.0,11.0,,2026-07-24T11:48:04.437060+08:00
50,2024-06-14,-1986450.0,-1076618.0,0.0,-3063068.0,642.0,82.0,6.0,-2.0,,2026-07-24T11:48:04.437060+08:00
50,2024-06-17,486142.0,910812.0,0.0,1396954.0,650.0,83.0,8.0,1.0,,2026-07-24T11:48:04.437060+08:00
50,2024-06-18,1406714.0,897667.0,370000.0,2674381.0,631.0,91.0,-19.0,8.0,,2026-07-24T11:48:04.437060+08:00
50,2024-06-19,-8181514.0,9276594.0,230000.0,1325080.0,690.0,90.0,59.0,-1.0,,2026-07-24T11:48:04.437060+08:00
50,2024-06-20,195293.0,-2300180.0,1270000.0,-834887.0,670.0,92.0,-20.0,2.0,,2026-07-24T11:48:04.437060+08:00
50,2024-06-21,-1130844.0,-458319.0,750000.0,-839163.0,686.0,101.0,16.0,9.0,,2026-07-24T11:48:04.437060+08:00
50,2024-06-24,1753047.0,-6512830.0,0.0,-4759783.0,638.0,103.0,-48.0,2.0,,2026-07-24T11:48:04.437060+08:00
50,2024-06-25,3249836.0,-2666167.0,550000.0,1133669.0,695.0,97.0,57.0,-6.0,,2026-07-24T11:48:04.437060+08:00
50,2024-06-26,954681.0,-2545503.0,790000.0,-800822.0,640.0,96.0,-55.0,-1.0,,2026-07-24T11:48:04.437060+08:00
50,2024-06-27,2225303.0,-2483561.0,110000.0,-148258.0,615.0,109.0,-25.0,13.0,,2026-07-24T11:48:04.437060+08:00
50,2024-06-28,180724.0,17826.0,0.0,198550.0,631.0,107.0,16.0,-2.0,,2026-07-24T11:48:04.437060+08:00
50,2024-07-01,944335.0,-3320418.0,295000.0,-2081083.0,602.0,107.0,-29.0,0.0,,2026-07-24T11:48:04.437060+08:00
50,2024-07-02,-711622.0,-1261668.0,100000.0,-1873290.0,500.0,100.0,-102.0,-7.0,,2026-07-24T11:48:04.437060+08:00
50,2024-07-03,3782885.0,-1056524.0,160000.0,2886361.0,501.0,88.0,1.0,-12.0,,2026-07-24T11:48:04.437060+08:00
50,2024-07-04,2263321.0,1445926.0,0.0,3709247.0,458.0,88.0,-43.0,0.0,,2026-07-24T11:48:04.437060+08:00
50,2024-07-05,-1191598.0,-5409004.0,2030000.0,-4570602.0,501.0,83.0,43.0,-5.0,,2026-07-24T11:48:04.437060+08:00
50,2024-07-08,-2527335.0,-5230942.0,700000.0,-7058277.0,506.0,81.0,5.0,-2.0,,2026-07-24T11:48:04.437060+08:00
50,2024-07-09,-1434229.0,-5871333.0,490000.0,-6815562.0,536.0,64.0,30.0,-17.0,,2026-07-24T11:48:04.437060+08:00
50,2024-07-10,-199074.0,-1939015.0,460000.0,-1678089.0,563.0,2.0,27.0,-62.0,,2026-07-24T11:48:04.437060+08:00
50,2024-07-11,2296.0,1419962.0,770000.0,2192258.0,639.0,0.0,76.0,-2.0,,2026-07-24T11:48:04.437060+08:00
50,2024-07-12,-4873290.0,-5445366.0,89000.0,-10229656.0,719.0,0.0,80.0,0.0,,2026-07-24T11:48:04.437060+08:00
50,2024-07-15,-925768.0,-3901705.0,691000.0,-4136473.0,682.0,0.0,-37.0,0.0,,2026-07-24T11:48:04.437060+08:00
50,2024-07-16,-3177838.0,-839692.0,919000.0,-3098530.0,679.0,6.0,-3.0,6.0,,2026-07-24T11:48:04.437060+08:00
50,2024-07-17,-1350575.0,-7281660.0,420000.0,-8212235.0,849.0,9.0,170.0,3.0,,2026-07-24T11:48:04.437060+08:00
50,2024-07-18,3334745.0,-9599232.0,386000.0,-5878487.0,793.0,43.0,-56.0,34.0,,2026-07-24T11:48:04.437060+08:00
50,2024-07-19,-959980.0,-4945350.0,-1332000.0,-7237330.0,681.0,51.0,-112.0,8.0,,2026-07-24T11:48:04.437060+08:00
50,2024-07-22,1378953.0,-8122846.0,193000.0,-6550893.0,930.0,48.0,249.0,-3.0,,2026-07-24T11:48:04.437060+08:00
50,2024-07-23,-2196136.0,727000.0,220000.0,-1249136.0,859.0,62.0,-71.0,14.0,,2026-07-24T11:48:04.437060+08:00
50,2024-07-26,-1978795.0,-19546864.0,1301000.0,-20224659.0,1272.0,49.0,413.0,-13.0,,2026-07-24T11:48:04.437060+08:00
50,2024-07-29,-7256.0,-3191296.0,400000.0,-2798552.0,1342.0,60.0,70.0,11.0,,2026-07-24T11:48:04.437060+08:00
50,2024-07-30,1211966.0,-7059479.0,79000.0,-5768513.0,1536.0,43.0,194.0,-17.0,,2026-07-24T11:48:04.437060+08:00
50,2024-07-31,-1196493.0,-1970505.0,1820000.0,-1346998.0,1620.0,114.0,84.0,71.0,,2026-07-24T11:48:04.437060+08:00
50,2024-08-01,-1918204.0,-3391405.0,233000.0,-5076609.0,1816.0,117.0,196.0,3.0,,2026-07-24T11:48:04.437060+08:00
50,2024-08-02,-4167600.0,-13367444.0,-1967000.0,-19502044.0,1452.0,101.0,-364.0,-16.0,,2026-07-24T11:48:04.437060+08:00
50,2024-08-05,-12421318.0,-13294317.0,-1741000.0,-27456635.0,2113.0,181.0,661.0,80.0,,2026-07-24T11:48:04.437060+08:00
50,2024-08-06,-2275951.0,-15175782.0,1814000.0,-15637733.0,2901.0,129.0,788.0,-52.0,,2026-07-24T11:48:04.437060+08:00
50,2024-08-07,-1139967.0,-8169325.0,1100000.0,-8209292.0,3297.0,253.0,396.0,124.0,,2026-07-24T11:48:04.437060+08:00
50,2024-08-08,-399468.0,-11420587.0,570000.0,-11250055.0,3320.0,189.0,23.0,-64.0,,2026-07-24T11:48:04.437060+08:00
50,2024-08-09,-2037449.0,3251277.0,600000.0,1813828.0,3021.0,264.0,-299.0,75.0,,2026-07-24T11:48:04.437060+08:00
50,2024-08-12,-1981664.0,4149425.0,700000.0,2867761.0,2590.0,325.0,-431.0,61.0,,2026-07-24T11:48:04.437060+08:00
50,2024-08-13,-163322.0,1509227.0,0.0,1345905.0,1901.0,341.0,-689.0,16.0,,2026-07-24T11:48:04.437060+08:00
50,2024-08-14,-331148.0,5284316.0,1370000.0,6323168.0,1619.0,455.0,-282.0,114.0,,2026-07-24T11:48:04.437060+08:00
50,2024-08-15,858249.0,2820973.0,673000.0,4352222.0,1438.0,368.0,-181.0,-87.0,,2026-07-24T11:48:04.437060+08:00
50,2024-08-16,2428376.0,356348.0,867000.0,3651724.0,1377.0,313.0,-61.0,-55.0,,2026-07-24T11:48:04.437060+08:00
50,2024-08-19,-1848962.0,2784275.0,600000.0,1535313.0,1346.0,315.0,-31.0,2.0,,2026-07-24T11:48:04.437060+08:00
50,2024-08-20,-3570045.0,1130556.0,0.0,-2439489.0,1321.0,314.0,-25.0,-1.0,,2026-07-24T11:48:04.437060+08:00
50,2024-08-21,-2892657.0,728416.0,94000.0,-2070241.0,1323.0,292.0,2.0,-22.0,,2026-07-24T11:48:04.437060+08:00
50,2024-08-22,48218.0,-1552946.0,0.0,-1504728.0,1339.0,292.0,16.0,0.0,,2026-07-24T11:48:04.437060+08:00
50,2024-08-23,-114164.0,-2040781.0,320000.0,-1834945.0,1353.0,222.0,14.0,-70.0,,2026-07-24T11:48:04.437060+08:00
50,2024-08-26,-773874.0,-3676220.0,654000.0,-3796094.0,1297.0,227.0,-56.0,5.0,,2026-07-24T11:48:04.437060+08:00
50,2024-08-27,-1205672.0,-575001.0,0.0,-1780673.0,1325.0,224.0,28.0,-3.0,,2026-07-24T11:48:04.437060+08:00
50,2024-08-28,1127054.0,-683178.0,84000.0,527876.0,1320.0,236.0,-5.0,12.0,,2026-07-24T11:48:04.437060+08:00
50,2024-08-29,-1363058.0,-1951957.0,396000.0,-2919015.0,1411.0,245.0,91.0,9.0,,2026-07-24T11:48:04.437060+08:00
50,2024-08-30,66457.0,-2393566.0,113000.0,-2214109.0,1346.0,254.0,-65.0,9.0,,2026-07-24T11:48:04.437060+08:00
50,2024-09-02,1010666.0,-4518808.0,394000.0,-3114142.0,1364.0,251.0,18.0,-3.0,,2026-07-24T11:48:04.437060+08:00
50,2024-09-03,1262915.0,-4276177.0,0.0,-3013262.0,1327.0,252.0,-37.0,1.0,,2026-07-24T11:48:04.437060+08:00
50,2024-09-04,-7679010.0,-16871657.0,25000.0,-24525667.0,1551.0,231.0,224.0,-21.0,,2026-07-24T11:48:04.437060+08:00
50,2024-09-05,384847.0,-967610.0,-100000.0,-682763.0,1469.0,237.0,-82.0,6.0,,2026-07-24T11:48:04.437060+08:00
50,2024-09-06,-275654.0,134891.0,160000.0,19237.0,1403.0,241.0,-66.0,4.0,,2026-07-24T11:48:04.437060+08:00
50,2024-09-09,-2898978.0,-7270379.0,400000.0,-9769357.0,1640.0,220.0,237.0,-21.0,,2026-07-24T11:48:04.437060+08:00
50,2024-09-10,2323074.0,-4444743.0,0.0,-2121669.0,1572.0,246.0,-68.0,26.0,,2026-07-24T11:48:04.437060+08:00
50,2024-09-11,-1148492.0,-1384196.0,220000.0,-2312688.0,1915.0,242.0,343.0,-4.0,,2026-07-24T11:48:04.437060+08:00
50,2024-09-12,6038726.0,-2150418.0,970000.0,4858308.0,1748.0,268.0,-167.0,26.0,,2026-07-24T11:48:04.437060+08:00
50,2024-09-13,318842.0,-341553.0,0.0,-22711.0,1615.0,261.0,-133.0,-7.0,,2026-07-24T11:48:04.437060+08:00
50,2024-09-16,-104947.0,-793078.0,130000.0,-768025.0,1552.0,271.0,-63.0,10.0,,2026-07-24T11:48:04.437060+08:00
50,2024-09-18,-1902889.0,-946135.0,520000.0,-2329024.0,1421.0,263.0,-131.0,-8.0,,2026-07-24T11:48:04.437060+08:00
50,2024-09-19,2893683.0,-278158.0,84000.0,2699525.0,1353.0,258.0,-68.0,-5.0,,2026-07-24T11:48:04.437060+08:00
50,2024-09-20,1385755.0,2007474.0,357000.0,3750229.0,1293.0,250.0,-60.0,-8.0,,2026-07-24T11:48:04.437060+08:00
50,2024-09-23,691613.0,-1231278.0,0.0,-539665.0,1181.0,251.0,-112.0,1.0,,2026-07-24T11:48:04.437060+08:00
50,2024-09-24,3033459.0,-498163.0,0.0,2535296.0,1094.0,236.0,-87.0,-15.0,,2026-07-24T11:48:04.437060+08:00
50,2024-09-25,3351152.0,-638939.0,496000.0,3208213.0,1024.0,228.0,-70.0,-8.0,,2026-07-24T11:48:04.437060+08:00
50,2024-09-26,423116.0,-1364921.0,1678000.0,736195.0,991.0,233.0,-33.0,5.0,,2026-07-24T11:48:04.437060+08:00
50,2024-09-27,-535000.0,-1362855.0,326000.0,-1571855.0,927.0,237.0,-64.0,4.0,,2026-07-24T11:48:04.437060+08:00
50,2024-09-30,-6247205.0,-709927.0,104000.0,-6853132.0,1075.0,232.0,148.0,-5.0,,2026-07-24T11:48:04.437060+08:00
50,2024-10-01,-520778.0,-4042285.0,-88000.0,-4651063.0,1146.0,224.0,71.0,-8.0,,2026-07-24T11:48:04.437060+08:00
50,2024-10-04,2956094.0,-4937493.0,430000.0,-1551399.0,1131.0,221.0,-15.0,-3.0,,2026-07-24T11:48:04.437060+08:00
50,2024-10-07,3743844.0,-3374184.0,1311000.0,1680660.0,1063.0,219.0,-68.0,-2.0,,2026-07-24T11:48:04.437060+08:00
50,2024-10-08,1871983.0,-1759832.0,373000.0,485151.0,1082.0,220.0,19.0,1.0,,2026-07-24T11:48:04.437060+08:00
50,2024-10-09,1201588.0,3540600.0,1965000.0,6707188.0,1093.0,222.0,11.0,2.0,,2026-07-24T11:48:04.437060+08:00
50,2024-10-11,2920774.0,1983089.0,1150000.0,6053863.0,1119.0,233.0,26.0,11.0,,2026-07-24T11:48:04.437060+08:00
50,2024-10-14,2199627.0,824031.0,275000.0,3298658.0,1029.0,231.0,-90.0,-2.0,,2026-07-24T11:48:04.437060+08:00
50,2024-10-15,1877968.0,5356276.0,100000.0,7334244.0,1205.0,237.0,176.0,6.0,,2026-07-24T11:48:04.437060+08:00
50,2024-10-16,2953856.0,-7722111.0,400000.0,-4368255.0,1229.0,206.0,24.0,-31.0,,2026-07-24T11:48:04.437060+08:00
50,2024-10-17,1733160.0,-835698.0,0.0,897462.0,1277.0,201.0,48.0,-5.0,,2026-07-24T11:48:04.437060+08:00
50,2024-10-18,7028125.0,14415473.0,475000.0,21918598.0,1138.0,214.0,-139.0,13.0,,2026-07-24T11:48:04.437060+08:00
50,2024-10-21,513069.0,4035807.0,0.0,4548876.0,1046.0,211.0,-92.0,-3.0,,2026-07-24T11:48:04.437060+08:00
50,2024-10-22,137594.0,-1352325.0,0.0,-1214731.0,1091.0,203.0,45.0,-8.0,,2026-07-24T11:48:04.437060+08:00
50,2024-10-23,699476.0,-1980591.0,747000.0,-534115.0,1110.0,205.0,19.0,2.0,,2026-07-24T11:48:04.437060+08:00
50,2024-10-24,64522.0,-1265641.0,150000.0,-1051119.0,1167.0,204.0,57.0,-1.0,,2026-07-24T11:48:04.437060+08:00
50,2024-10-25,375269.0,6545390.0,130000.0,7050659.0,1191.0,207.0,24.0,3.0,,2026-07-24T11:48:04.437060+08:00
50,2024-10-28,-997856.0,665505.0,55000.0,-277351.0,1202.0,208.0,11.0,1.0,,2026-07-24T11:48:04.437060+08:00
50,2024-10-29,904351.0,-5732427.0,500000.0,-4328076.0,1314.0,204.0,112.0,-4.0,,2026-07-24T11:48:04.437060+08:00
50,2024-10-30,-87826.0,6489767.0,277000.0,6678941.0,1300.0,209.0,-14.0,5.0,,2026-07-24T11:48:04.437060+08:00
50,2024-11-01,-1148214.0,-8184489.0,44000.0,-9288703.0,1365.0,202.0,65.0,-7.0,,2026-07-24T11:48:04.437060+08:00
50,2024-11-04,-62006.0,673528.0,440000.0,1051522.0,1355.0,205.0,-10.0,3.0,,2026-07-24T11:48:04.437060+08:00
50,2024-11-05,-1764256.0,-2530909.0,150000.0,-4145165.0,1326.0,227.0,-29.0,22.0,,2026-07-24T11:48:04.437060+08:00
50,2024-11-06,-81685.0,-4565786.0,200000.0,-4447471.0,1282.0,221.0,-44.0,-6.0,,2026-07-24T11:48:04.437060+08:00
50,2024-11-07,1664811.0,-3953696.0,-395000.0,-2683885.0,1260.0,233.0,-22.0,12.0,,2026-07-24T11:48:04.437060+08:00
50,2024-11-08,1322817.0,-1047435.0,1100000.0,1375382.0,1125.0,234.0,-135.0,1.0,,2026-07-24T11:48:04.437060+08:00
50,2024-11-11,-2317639.0,-4618332.0,250000.0,-6685971.0,1150.0,233.0,25.0,-1.0,,2026-07-24T11:48:04.437060+08:00
50,2024-11-12,-6939951.0,-4291243.0,-623000.0,-11854194.0,1278.0,253.0,128.0,20.0,,2026-07-24T11:48:04.437060+08:00
50,2024-11-13,-905576.0,-5048431.0,427000.0,-5527007.0,1349.0,239.0,71.0,-14.0,,2026-07-24T11:48:04.437060+08:00
50,2024-11-14,426162.0,-6686868.0,-168000.0,-6428706.0,1423.0,229.0,74.0,-10.0,,2026-07-24T11:48:04.437060+08:00
50,2024-11-15,755548.0,-1800163.0,-457000.0,-1501615.0,1402.0,229.0,-21.0,0.0,,2026-07-24T11:48:04.437060+08:00
50,2024-11-18,-1961058.0,-5078104.0,-421000.0,-7460162.0,1453.0,240.0,51.0,11.0,,2026-07-24T11:48:04.437060+08:00
50,2024-11-19,255503.0,-1983328.0,670000.0,-1057825.0,1475.0,242.0,22.0,2.0,,2026-07-24T11:48:04.437060+08:00
50,2024-11-20,1485758.0,-6742970.0,602000.0,-4655212.0,1455.0,222.0,-20.0,-20.0,,2026-07-24T11:48:04.437060+08:00
50,2024-11-21,-1671410.0,-8127853.0,580000.0,-9219263.0,1631.0,228.0,176.0,6.0,,2026-07-24T11:48:04.437060+08:00
50,2024-11-22,1861102.0,-247774.0,280000.0,1893328.0,1652.0,230.0,21.0,2.0,,2026-07-24T11:48:04.437060+08:00
50,2024-11-25,727304.0,-2932890.0,200000.0,-2005586.0,1630.0,228.0,-22.0,-2.0,,2026-07-24T11:48:04.437060+08:00
50,2024-11-26,-2399122.0,-6128217.0,550000.0,-7977339.0,1694.0,227.0,64.0,-1.0,,2026-07-24T11:48:04.437060+08:00
50,2024-11-27,-1908924.0,-8954849.0,460000.0,-10403773.0,1659.0,237.0,-35.0,10.0,,2026-07-24T11:48:04.437060+08:00
50,2024-11-28,-250247.0,-6159289.0,0.0,-6409536.0,1680.0,223.0,21.0,-14.0,,2026-07-24T11:48:04.437060+08:00
50,2024-11-29,-1063396.0,-2296981.0,204000.0,-3156377.0,1753.0,281.0,73.0,58.0,,2026-07-24T11:48:04.437060+08:00
50,2024-12-02,4470027.0,-2663226.0,320000.0,2126801.0,1584.0,292.0,-169.0,11.0,,2026-07-24T11:48:04.437060+08:00
50,2024-12-03,1881556.0,843796.0,1705000.0,4430352.0,1509.0,282.0,-75.0,-10.0,,2026-07-24T11:48:04.437060+08:00
50,2024-12-04,2004371.0,1993741.0,369000.0,4367112.0,1434.0,276.0,-75.0,-6.0,,2026-07-24T11:48:04.437060+08:00
50,2024-12-05,-83604.0,4449439.0,0.0,4365835.0,1306.0,275.0,-128.0,-1.0,,2026-07-24T11:48:04.437060+08:00
50,2024-12-06,-1323582.0,2144831.0,0.0,821249.0,1187.0,278.0,-119.0,3.0,,2026-07-24T11:48:04.437060+08:00
50,2024-12-09,-407615.0,822773.0,400000.0,815158.0,1132.0,229.0,-55.0,-49.0,,2026-07-24T11:48:04.437060+08:00
50,2024-12-10,-594611.0,422179.0,0.0,-172432.0,1054.0,223.0,-78.0,-6.0,,2026-07-24T11:48:04.437060+08:00
50,2024-12-11,-936007.0,-3098770.0,650000.0,-3384777.0,1456.0,217.0,402.0,-6.0,,2026-07-24T11:48:04.437060+08:00
50,2024-12-12,1997611.0,-1078956.0,670000.0,1588655.0,1057.0,222.0,-399.0,5.0,,2026-07-24T11:48:04.437060+08:00
50,2024-12-13,279650.0,34306.0,0.0,313956.0,1007.0,228.0,-50.0,6.0,,2026-07-24T11:48:04.437060+08:00
50,2024-12-16,765181.0,-345970.0,722000.0,1141211.0,946.0,233.0,-61.0,5.0,,2026-07-24T11:48:04.437060+08:00
50,2024-12-17,-778531.0,1301615.0,1086000.0,1609084.0,986.0,236.0,40.0,3.0,,2026-07-24T11:48:04.437060+08:00
50,2024-12-18,-685790.0,-1567884.0,800000.0,-1453674.0,1004.0,244.0,18.0,8.0,,2026-07-24T11:48:04.437060+08:00
50,2024-12-19,-337041.0,-6075045.0,600000.0,-5812086.0,1106.0,234.0,102.0,-10.0,,2026-07-24T11:48:04.437060+08:00
50,2024-12-20,466562.0,-7457434.0,360000.0,-6630872.0,1208.0,240.0,102.0,6.0,,2026-07-24T11:48:04.437060+08:00
50,2024-12-23,1007301.0,4613405.0,1000000.0,6620706.0,1034.0,237.0,-174.0,-3.0,,2026-07-24T11:48:04.437060+08:00
50,2024-12-24,1663588.0,4082612.0,-715000.0,5031200.0,976.0,240.0,-58.0,3.0,,2026-07-24T11:48:04.437060+08:00
50,2024-12-25,1098693.0,1569470.0,0.0,2668163.0,952.0,238.0,-24.0,-2.0,,2026-07-24T11:48:04.437060+08:00
50,2024-12-26,-806769.0,-1168197.0,200000.0,-1774966.0,940.0,235.0,-12.0,-3.0,,2026-07-24T11:48:04.437060+08:00
50,2024-12-27,953616.0,1978262.0,155000.0,3086878.0,925.0,235.0,-15.0,0.0,,2026-07-24T11:48:04.437060+08:00
50,2024-12-30,-2720317.0,-1403603.0,300000.0,-3823920.0,938.0,226.0,13.0,-9.0,,2026-07-24T11:48:04.437060+08:00
50,2024-12-31,-485198.0,-2314194.0,200000.0,-2599392.0,959.0,212.0,21.0,-14.0,,2026-07-24T11:48:04.437060+08:00
50,2025-01-02,-3294843.0,-7070648.0,551000.0,-9814491.0,929.0,211.0,-30.0,-1.0,,2026-07-24T11:48:04.437060+08:00
50,2025-01-03,2313601.0,-1665623.0,500000.0,1147978.0,910.0,217.0,-19.0,6.0,,2026-07-24T11:48:04.437060+08:00
50,2025-01-06,5681296.0,847961.0,2819000.0,9348257.0,1025.0,215.0,115.0,-2.0,,2026-07-24T11:48:04.437060+08:00
50,2025-01-07,1687788.0,3523787.0,1365000.0,6576575.0,1068.0,179.0,43.0,-36.0,,2026-07-24T11:48:04.437060+08:00
50,2025-01-08,-1463474.0,-2790647.0,884000.0,-3370121.0,1082.0,166.0,14.0,-13.0,,2026-07-24T11:48:04.437060+08:00
50,2025-01-09,-1859465.0,-2947520.0,1207000.0,-3599985.0,1103.0,126.0,21.0,-40.0,,2026-07-24T11:48:04.437060+08:00
50,2025-01-10,-1027866.0,-2206597.0,716000.0,-2518463.0,1181.0,82.0,78.0,-44.0,,2026-07-24T11:48:04.437060+08:00
50,2025-01-13,-6309145.0,-9604680.0,720000.0,-15193825.0,1298.0,4.0,117.0,-78.0,,2026-07-24T11:48:04.437060+08:00
50,2025-01-14,116302.0,-6218740.0,1119000.0,-4983438.0,1355.0,0.0,57.0,-4.0,,2026-07-24T11:48:04.437060+08:00
50,2025-01-15,-6049325.0,-3416933.0,900000.0,-8566258.0,1421.0,0.0,66.0,0.0,,2026-07-24T11:48:04.437060+08:00
50,2025-01-16,4747190.0,-5144691.0,1500000.0,1102499.0,1473.0,0.0,52.0,0.0,,2026-07-24T11:48:04.437060+08:00
50,2025-01-17,1352975.0,-3189476.0,-1700000.0,-3536501.0,1349.0,22.0,-124.0,22.0,,2026-07-24T11:48:04.437060+08:00
50,2025-01-20,1416127.0,-456195.0,455000.0,1414932.0,1302.0,27.0,-47.0,5.0,,2026-07-24T11:48:04.437060+08:00
50,2025-01-21,-2556096.0,-2142334.0,104000.0,-4594430.0,1282.0,46.0,-20.0,19.0,,2026-07-24T11:48:04.437060+08:00
50,2025-01-22,2704296.0,4452720.0,-560000.0,6597016.0,1342.0,59.0,60.0,13.0,,2026-07-24T11:48:04.437060+08:00
50,2025-02-03,-33997905.0,-21864041.0,-241926.0,-56103872.0,1687.0,121.0,345.0,62.0,,2026-07-24T11:48:04.437060+08:00
50,2025-02-04,-1085325.0,-7666740.0,-1800000.0,-10552065.0,1604.0,108.0,-83.0,-13.0,,2026-07-24T11:48:04.437060+08:00
50,2025-02-05,-206212.0,-1461742.0,655000.0,-1012954.0,1554.0,164.0,-50.0,56.0,,2026-07-24T11:48:04.437060+08:00
50,2025-02-06,-1268101.0,-4214994.0,650000.0,-4833095.0,1466.0,174.0,-88.0,10.0,,2026-07-24T11:48:04.437060+08:00
50,2025-02-07,2348334.0,-1766153.0,128000.0,710181.0,1374.0,169.0,-92.0,-5.0,,2026-07-24T11:48:04.437060+08:00
50,2025-02-10,-2411133.0,-7031212.0,-1100000.0,-10542345.0,1384.0,165.0,10.0,-4.0,,2026-07-24T11:48:04.437060+08:00
50,2025-02-11,937140.0,-614917.0,0.0,322223.0,1345.0,177.0,-39.0,12.0,,2026-07-24T11:48:04.437060+08:00
50,2025-02-12,489316.0,372980.0,300000.0,1162296.0,1340.0,185.0,-5.0,8.0,,2026-07-24T11:48:04.437060+08:00
50,2025-02-13,-1310813.0,-7694046.0,0.0,-9004859.0,1326.0,165.0,-14.0,-20.0,,2026-07-24T11:48:04.437060+08:00
50,2025-02-14,-1953827.0,-13961565.0,0.0,-15915392.0,1550.0,166.0,224.0,1.0,,2026-07-24T11:48:04.437060+08:00
50,2025-02-17,1953091.0,-1696425.0,820000.0,1076666.0,1432.0,212.0,-118.0,46.0,,2026-07-24T11:48:04.437060+08:00
50,2025-02-18,-219588.0,-2905481.0,300000.0,-2825069.0,1440.0,154.0,8.0,-58.0,,2026-07-24T11:48:04.437060+08:00
50,2025-02-19,-1887039.0,-2383928.0,200000.0,-4070967.0,1382.0,149.0,-58.0,-5.0,,2026-07-24T11:48:04.437060+08:00
50,2025-02-20,806759.0,-9468613.0,-258000.0,-8919854.0,1486.0,95.0,104.0,-54.0,,2026-07-24T11:48:04.437060+08:00
50,2025-02-21,1703258.0,1450699.0,-175000.0,2978957.0,1385.0,104.0,-101.0,9.0,,2026-07-24T11:48:04.437060+08:00
50,2025-02-24,-2013122.0,-7533896.0,-274000.0,-9821018.0,1525.0,89.0,140.0,-15.0,,2026-07-24T11:48:04.437060+08:00
50,2025-02-25,-4953995.0,-21558873.0,0.0,-26512868.0,1812.0,92.0,287.0,3.0,,2026-07-24T11:48:04.437060+08:00
50,2025-02-26,1295876.0,-12368881.0,1100000.0,-9973005.0,1900.0,92.0,88.0,0.0,,2026-07-24T11:48:04.437060+08:00
50,2025-02-27,-1810461.0,-14535090.0,0.0,-16345551.0,2010.0,105.0,110.0,13.0,,2026-07-24T11:48:04.437060+08:00
50,2025-03-03,-16132105.0,-35470879.0,1000000.0,-50602984.0,2386.0,58.0,376.0,-47.0,,2026-07-24T11:48:04.437060+08:00
50,2025-03-04,-8413760.0,-15893569.0,1000000.0,-23307329.0,2592.0,68.0,206.0,10.0,,2026-07-24T11:48:04.437060+08:00
50,2025-03-05,-966780.0,-4644943.0,0.0,-5611723.0,2486.0,119.0,-106.0,51.0,,2026-07-24T11:48:04.437060+08:00
50,2025-03-06,-2313062.0,-10235781.0,650000.0,-11898843.0,2540.0,109.0,54.0,-10.0,,2026-07-24T11:48:04.437060+08:00
50,2025-03-07,-3206021.0,-12557881.0,0.0,-15763902.0,2657.0,133.0,117.0,24.0,,2026-07-24T11:48:04.437060+08:00
50,2025-03-10,-2886551.0,-12137838.0,1100000.0,-13924389.0,2700.0,130.0,43.0,-3.0,,2026-07-24T11:48:04.437060+08:00
50,2025-03-11,-10718245.0,-14644395.0,0.0,-25362640.0,2812.0,66.0,112.0,-64.0,,2026-07-24T11:48:04.437060+08:00
50,2025-03-12,-1255507.0,-4132868.0,200000.0,-5188375.0,2830.0,76.0,18.0,10.0,,2026-07-24T11:48:04.437060+08:00
50,2025-03-13,-1809283.0,-7373313.0,400000.0,-8782596.0,2829.0,56.0,-1.0,-20.0,,2026-07-24T11:48:04.437060+08:00
50,2025-03-14,-156783.0,-6825408.0,0.0,-6982191.0,2807.0,48.0,-22.0,-8.0,,2026-07-24T11:48:04.437060+08:00
50,2025-03-17,507786.0,-6616828.0,1033000.0,-5076042.0,3026.0,35.0,219.0,-13.0,,2026-07-24T11:48:04.437060+08:00
50,2025-03-18,617867.0,-4176206.0,0.0,-3558339.0,2786.0,0.0,-240.0,-35.0,,2026-07-24T11:48:04.437060+08:00
50,2025-03-19,-3887685.0,-6256109.0,220000.0,-9923794.0,2891.0,0.0,105.0,0.0,,2026-07-24T11:48:04.437060+08:00
50,2025-03-20,2354487.0,-684801.0,220000.0,1889686.0,2666.0,0.0,-225.0,0.0,,2026-07-24T11:48:04.437060+08:00
50,2025-03-21,-851754.0,-4895771.0,220000.0,-5527525.0,2679.0,0.0,13.0,0.0,,2026-07-24T11:48:04.437060+08:00
50,2025-03-24,441344.0,-5085530.0,500000.0,-4144186.0,2681.0,7.0,2.0,7.0,,2026-07-24T11:48:04.437060+08:00
50,2025-03-25,898175.0,-690923.0,0.0,207252.0,2577.0,28.0,-104.0,21.0,,2026-07-24T11:48:04.437060+08:00
50,2025-03-26,-818000.0,-2588081.0,0.0,-3406081.0,2593.0,42.0,16.0,14.0,,2026-07-24T11:48:04.437060+08:00
50,2025-03-27,-1855816.0,-11639205.0,-740000.0,-14235021.0,2746.0,33.0,153.0,-9.0,,2026-07-24T11:48:04.437060+08:00
50,2025-03-28,-8111149.0,-9486837.0,-760000.0,-18357986.0,2811.0,63.0,65.0,30.0,,2026-07-24T11:48:04.437060+08:00
50,2025-03-31,-9197144.0,-21809974.0,400000.0,-30607118.0,3074.0,111.0,263.0,48.0,,2026-07-24T11:48:04.437060+08:00
50,2025-04-01,-690849.0,-2057333.0,-500000.0,-3248182.0,2970.0,115.0,-104.0,4.0,,2026-07-24T11:48:04.437060+08:00
50,2025-04-02,-3147227.0,-1743200.0,800000.0,-4090427.0,2906.0,179.0,-64.0,64.0,,2026-07-24T11:48:04.437060+08:00
50,2025-04-07,-3310485.0,-4941377.0,0.0,-8251862.0,2779.0,439.0,-127.0,260.0,,2026-07-24T11:48:04.437060+08:00
50,2025-04-08,-14824467.0,-22535851.0,-3749000.0,-41109318.0,4479.0,156.0,1700.0,-283.0,,2026-07-24T11:48:04.437060+08:00
50,2025-04-09,-15663815.0,-24695103.0,-1700000.0,-42058918.0,5075.0,480.0,596.0,324.0,,2026-07-24T11:48:04.437060+08:00
50,2025-04-10,3225714.0,293548.0,0.0,3519262.0,5273.0,486.0,198.0,6.0,,2026-07-24T11:48:04.437060+08:00
50,2025-04-11,-4486525.0,-9682602.0,4009000.0,-10160127.0,4420.0,462.0,-853.0,-24.0,,2026-07-24T11:48:04.437060+08:00
50,2025-04-14,-9048135.0,-12303543.0,1380000.0,-19971678.0,3987.0,483.0,-433.0,21.0,,2026-07-24T11:48:04.437060+08:00
50,2025-04-15,-3083938.0,-6282274.0,450000.0,-8916212.0,3793.0,476.0,-194.0,-7.0,,2026-07-24T11:48:04.437060+08:00
50,2025-04-16,-4235834.0,-12333168.0,1021000.0,-15548002.0,3980.0,462.0,187.0,-14.0,,2026-07-24T11:48:04.437060+08:00
50,2025-04-17,-2413688.0,-8813254.0,-240000.0,-11466942.0,4247.0,454.0,267.0,-8.0,,2026-07-24T11:48:04.437060+08:00
50,2025-04-18,-976398.0,-5527348.0,0.0,-6503746.0,4233.0,452.0,-14.0,-2.0,,2026-07-24T11:48:04.437060+08:00
50,2025-04-21,-6671300.0,-5134799.0,550000.0,-11256099.0,4260.0,444.0,27.0,-8.0,,2026-07-24T11:48:04.437060+08:00
50,2025-04-22,-3532081.0,-5483610.0,0.0,-9015691.0,4466.0,418.0,206.0,-26.0,,2026-07-24T11:48:04.437060+08:00
50,2025-04-23,3091297.0,-1882709.0,340000.0,1548588.0,4079.0,408.0,-387.0,-10.0,,2026-07-24T11:48:04.437060+08:00
50,2025-04-24,-1637969.0,-3149390.0,0.0,-4787359.0,3687.0,404.0,-392.0,-4.0,,2026-07-24T11:48:04.437060+08:00
50,2025-04-25,1930031.0,-3360913.0,1852000.0,421118.0,3516.0,445.0,-171.0,41.0,,2026-07-24T11:48:04.437060+08:00
50,2025-04-28,-2790335.0,-1580834.0,530000.0,-3841169.0,3301.0,376.0,-215.0,-69.0,,2026-07-24T11:48:04.437060+08:00
50,2025-04-29,1632620.0,-4285129.0,0.0,-2652509.0,3293.0,384.0,-8.0,8.0,,2026-07-24T11:48:04.437060+08:00
50,2025-04-30,-2594009.0,2278860.0,440000.0,124851.0,3159.0,441.0,-134.0,57.0,,2026-07-24T11:48:04.437060+08:00
50,2025-05-02,2927319.0,-224511.0,89000.0,2791808.0,3100.0,433.0,-59.0,-8.0,,2026-07-24T11:48:04.437060+08:00
50,2025-05-05,-8123599.0,4225479.0,1050000.0,-2848120.0,3169.0,452.0,69.0,19.0,,2026-07-24T11:48:04.437060+08:00
50,2025-05-06,-13888326.0,5250936.0,2749000.0,-5888390.0,3140.0,697.0,-29.0,245.0,,2026-07-24T11:48:04.437060+08:00
50,2025-05-07,-4721732.0,2307264.0,200000.0,-2214468.0,3085.0,731.0,-55.0,34.0,,2026-07-24T11:48:04.437060+08:00
50,2025-05-08,1292372.0,-1780341.0,0.0,-487969.0,3373.0,701.0,288.0,-30.0,,2026-07-24T11:48:04.437060+08:00
50,2025-05-09,-567812.0,1505504.0,200000.0,1137692.0,3569.0,912.0,196.0,211.0,,2026-07-24T11:48:04.437060+08:00
50,2025-05-12,-983877.0,-625117.0,2355000.0,746006.0,3360.0,1100.0,-209.0,188.0,,2026-07-24T11:48:04.437060+08:00
50,2025-05-13,3272416.0,-1207304.0,1094000.0,3159112.0,2943.0,1076.0,-417.0,-24.0,,2026-07-24T11:48:04.437060+08:00
50,2025-05-14,11483467.0,-1043126.0,1778000.0,12218341.0,2763.0,1036.0,-180.0,-40.0,,2026-07-24T11:48:04.437060+08:00
50,2025-05-15,2995782.0,-1463019.0,2700000.0,4232763.0,2710.0,978.0,-53.0,-58.0,,2026-07-24T11:48:04.437060+08:00
50,2025-05-16,727769.0,807800.0,350000.0,1885569.0,2616.0,457.0,-94.0,-521.0,,2026-07-24T11:48:04.437060+08:00
50,2025-05-19,-2121153.0,-785029.0,160000.0,-2746182.0,2435.0,421.0,-181.0,-36.0,,2026-07-24T11:48:04.437060+08:00
50,2025-05-20,183860.0,316134.0,100000.0,599994.0,2365.0,423.0,-70.0,2.0,,2026-07-24T11:48:04.437060+08:00
50,2025-05-21,4122477.0,1125013.0,-22000.0,5225490.0,2297.0,444.0,-68.0,21.0,,2026-07-24T11:48:04.437060+08:00
50,2025-05-22,-3673234.0,913272.0,0.0,-2759962.0,2328.0,478.0,31.0,34.0,,2026-07-24T11:48:04.437060+08:00
50,2025-05-23,-1021640.0,-1143886.0,0.0,-2165526.0,2293.0,485.0,-35.0,7.0,,2026-07-24T11:48:04.437060+08:00
50,2025-05-26,-5822451.0,4283802.0,0.0,-1538649.0,2196.0,468.0,-97.0,-17.0,,2026-07-24T11:48:04.437060+08:00
50,2025-05-27,-852046.0,-5696569.0,20000.0,-6528615.0,2349.0,368.0,153.0,-100.0,,2026-07-24T11:48:04.437060+08:00
50,2025-05-28,682183.0,-3263254.0,0.0,-2581071.0,2687.0,351.0,338.0,-17.0,,2026-07-24T11:48:04.437060+08:00
50,2025-05-29,1819032.0,-4715510.0,300000.0,-2596478.0,2694.0,318.0,7.0,-33.0,,2026-07-24T11:48:04.437060+08:00
50,2025-06-02,-425908.0,-15702913.0,0.0,-16128821.0,2611.0,246.0,-83.0,-72.0,,2026-07-24T11:48:04.437060+08:00
50,2025-06-03,-546764.0,1196439.0,-1500000.0,-850325.0,2611.0,192.0,0.0,-54.0,,2026-07-24T11:48:04.437060+08:00
50,2025-06-04,2891656.0,1824024.0,0.0,4715680.0,2400.0,69.0,-211.0,-123.0,,2026-07-24T11:48:04.437060+08:00
50,2025-06-05,826713.0,2037612.0,-1925000.0,939325.0,2360.0,4.0,-40.0,-65.0,,2026-07-24T11:48:04.437060+08:00
50,2025-06-06,291608.0,1432343.0,-2750000.0,-1026049.0,2300.0,0.0,-60.0,-4.0,,2026-07-24T11:48:04.437060+08:00
50,2025-06-09,-859960.0,2224965.0,-1897000.0,-531995.0,2210.0,0.0,-90.0,0.0,,2026-07-24T11:48:04.437060+08:00
50,2025-06-10,8063926.0,6614711.0,100000.0,14778637.0,2166.0,0.0,-44.0,0.0,,2026-07-24T11:48:04.437060+08:00
50,2025-06-11,,,,,2161.0,0.0,-5.0,0.0,,2026-07-24T11:48:04.437060+08:00
50,2025-06-12,,,,,2161.0,0.0,0.0,0.0,,2026-07-24T11:48:04.437060+08:00
50,2025-06-13,,,,,2161.0,0.0,0.0,0.0,,2026-07-24T11:48:04.437060+08:00
50,2025-06-16,,,,,2161.0,0.0,0.0,0.0,,2026-07-24T11:48:04.437060+08:00
50,2025-06-17,,,,,2161.0,0.0,0.0,0.0,,2026-07-24T11:48:04.437060+08:00
50,2025-06-18,-39089695.0,-129705917.0,2766000.0,-166029612.0,9943.0,483.0,7782.0,483.0,,2026-07-24T11:48:04.437060+08:00
50,2025-06-19,-22690104.0,-116192203.0,3722000.0,-135160307.0,10345.0,541.0,402.0,58.0,,2026-07-24T11:48:04.437060+08:00
50,2025-06-20,-22862051.0,-24496795.0,389000.0,-46969846.0,10432.0,696.0,87.0,155.0,,2026-07-24T11:48:04.437060+08:00
50,2025-06-23,-13748473.0,-57755286.0,2800000.0,-68703759.0,11198.0,885.0,766.0,189.0,,2026-07-24T11:48:04.437060+08:00
50,2025-06-24,880601.0,3808785.0,-569000.0,4120386.0,10718.0,948.0,-480.0,63.0,,2026-07-24T11:48:04.437060+08:00
50,2025-06-25,-7245951.0,21991359.0,900000.0,15645408.0,9953.0,593.0,-765.0,-355.0,,2026-07-24T11:48:04.437060+08:00
50,2025-06-26,-33901539.0,21054097.0,300000.0,-12547442.0,9219.0,641.0,-734.0,48.0,,2026-07-24T11:48:04.437060+08:00
50,2025-06-27,-51495161.0,41474751.0,0.0,-10020410.0,9393.0,1269.0,174.0,628.0,,2026-07-24T11:48:04.437060+08:00
50,2025-06-30,-9371302.0,9211656.0,372000.0,212354.0,9494.0,1343.0,101.0,74.0,,2026-07-24T11:48:04.437060+08:00
50,2025-07-01,7396216.0,-8497457.0,0.0,-1101241.0,10226.0,796.0,732.0,-547.0,,2026-07-24T11:48:04.437060+08:00
50,2025-07-02,-3690761.0,-48978118.0,1000000.0,-51668879.0,10241.0,806.0,15.0,10.0,,2026-07-24T11:48:04.437060+08:00
50,2025-07-03,1657957.0,-4312903.0,0.0,-2654946.0,10351.0,780.0,110.0,-26.0,,2026-07-24T11:48:04.437060+08:00
50,2025-07-04,1708545.0,-38238884.0,0.0,-36530339.0,10444.0,832.0,93.0,52.0,,2026-07-24T11:48:04.437060+08:00
50,2025-07-07,12588036.0,-50980459.0,0.0,-38392423.0,10415.0,701.0,-29.0,-131.0,,2026-07-24T11:48:04.437060+08:00
50,2025-07-08,8246542.0,-7258095.0,1200000.0,2188447.0,9866.0,735.0,-549.0,34.0,,2026-07-24T11:48:04.437060+08:00
50,2025-07-09,5908874.0,810915.0,1067000.0,7786789.0,9891.0,498.0,25.0,-237.0,,2026-07-24T11:48:04.437060+08:00
50,2025-07-10,4225589.0,18871501.0,585000.0,23682090.0,9680.0,517.0,-211.0,19.0,,2026-07-24T11:48:04.437060+08:00
50,2025-07-11,2651839.0,982602.0,-229000.0,3405441.0,9490.0,453.0,-190.0,-64.0,,2026-07-24T11:48:04.437060+08:00
50,2025-07-14,-11597667.0,-30248432.0,0.0,-41846099.0,9592.0,292.0,102.0,-161.0,,2026-07-24T11:48:04.437060+08:00
50,2025-07-15,3049747.0,677384.0,0.0,3727131.0,8735.0,11.0,-857.0,-281.0,,2026-07-24T11:48:04.437060+08:00
50,2025-07-16,7257962.0,-25615038.0,1100000.0,-17257076.0,8607.0,0.0,-128.0,-11.0,,2026-07-24T11:48:04.437060+08:00
50,2025-07-17,29275488.0,-52353241.0,798000.0,-22279753.0,8051.0,0.0,-556.0,0.0,,2026-07-24T11:48:04.437060+08:00
50,2025-07-18,242243.0,-18900838.0,1100000.0,-17558595.0,7818.0,0.0,-233.0,0.0,,2026-07-24T11:48:04.437060+08:00
50,2025-07-21,-6451284.0,-21880322.0,0.0,-28331606.0,7413.0,58.0,-405.0,58.0,,2026-07-24T11:48:04.437060+08:00
50,2025-07-22,5726417.0,-12177775.0,-1900000.0,-8351358.0,7236.0,208.0,-177.0,150.0,,2026-07-24T11:48:04.437060+08:00
50,2025-07-23,1770690.0,2184885.0,0.0,3955575.0,7548.0,184.0,312.0,-24.0,,2026-07-24T11:48:04.437060+08:00
50,2025-07-24,-278747.0,17839863.0,0.0,17561116.0,7910.0,256.0,362.0,72.0,,2026-07-24T11:48:04.437060+08:00
50,2025-07-25,-3541424.0,4236130.0,0.0,694706.0,8098.0,216.0,188.0,-40.0,,2026-07-24T11:48:04.437060+08:00
50,2025-07-28,3674660.0,4018112.0,0.0,7692772.0,8220.0,220.0,122.0,4.0,,2026-07-24T11:48:04.437060+08:00
50,2025-07-29,17695384.0,-32776202.0,0.0,-15080818.0,7932.0,268.0,-288.0,48.0,,2026-07-24T11:48:04.437060+08:00
50,2025-07-30,5364238.0,19646975.0,0.0,25011213.0,7685.0,312.0,-247.0,44.0,,2026-07-24T11:48:04.437060+08:00
50,2025-07-31,12505050.0,21117905.0,0.0,33622955.0,7657.0,578.0,-28.0,266.0,,2026-07-24T11:48:04.437060+08:00
50,2025-08-01,-10542970.0,-51190636.0,0.0,-61733606.0,7814.0,294.0,157.0,-284.0,,2026-07-24T11:48:04.437060+08:00
50,2025-08-04,-15993084.0,21187676.0,1300000.0,6494592.0,7739.0,372.0,-75.0,78.0,,2026-07-24T11:48:04.437060+08:00
50,2025-08-05,10318735.0,6154165.0,1881000.0,18353900.0,7269.0,389.0,-470.0,17.0,,2026-07-24T11:48:04.437060+08:00
50,2025-08-06,-1783178.0,-19227649.0,0.0,-21010827.0,7234.0,388.0,-35.0,-1.0,,2026-07-24T11:48:04.437060+08:00
50,2025-08-07,17837586.0,63715057.0,-2100000.0,79452643.0,6421.0,431.0,-813.0,43.0,,2026-07-24T11:48:04.437060+08:00
50,2025-08-08,3803356.0,6163930.0,0.0,9967286.0,6085.0,469.0,-336.0,38.0,,2026-07-24T11:48:04.437060+08:00
50,2025-08-11,8595636.0,1283333.0,0.0,9878969.0,5828.0,616.0,-257.0,147.0,,2026-07-24T11:48:04.437060+08:00
50,2025-08-12,3777094.0,5229602.0,0.0,9006696.0,5906.0,608.0,78.0,-8.0,,2026-07-24T11:48:04.437060+08:00
50,2025-08-13,3541076.0,11337915.0,0.0,14878991.0,6009.0,673.0,103.0,65.0,,2026-07-24T11:48:04.437060+08:00
50,2025-08-14,-6641953.0,-25576313.0,-379000.0,-32597266.0,5711.0,629.0,-298.0,-44.0,,2026-07-24T11:48:04.437060+08:00
50,2025-08-15,10219975.0,-24429517.0,0.0,-14209542.0,5854.0,606.0,143.0,-23.0,,2026-07-24T11:48:04.437060+08:00
50,2025-08-18,2753848.0,-9686146.0,1000000.0,-5932298.0,5837.0,630.0,-17.0,24.0,,2026-07-24T11:48:04.437060+08:00
50,2025-08-19,-3180732.0,-5041171.0,0.0,-8221903.0,5669.0,651.0,-168.0,21.0,,2026-07-24T11:48:04.437060+08:00
50,2025-08-20,-46955919.0,-131355337.0,-1780000.0,-180091256.0,6820.0,512.0,1151.0,-139.0,,2026-07-24T11:48:04.437060+08:00
50,2025-08-21,-13194890.0,-20060352.0,-500000.0,-33755242.0,7040.0,469.0,220.0,-43.0,,2026-07-24T11:48:04.437060+08:00
50,2025-08-22,-4742071.0,-14677518.0,-5500000.0,-24919589.0,7184.0,506.0,144.0,37.0,,2026-07-24T11:48:04.437060+08:00
50,2025-08-25,6644592.0,8262699.0,252000.0,15159291.0,6701.0,691.0,-483.0,185.0,,2026-07-24T11:48:04.437060+08:00
50,2025-08-26,7978135.0,-17613039.0,-1516000.0,-11150904.0,6730.0,538.0,29.0,-153.0,,2026-07-24T11:48:04.437060+08:00
50,2025-08-27,26180496.0,-9478128.0,-3700000.0,13002368.0,6834.0,674.0,104.0,136.0,,2026-07-24T11:48:04.437060+08:00
50,2025-08-28,-9506828.0,-16478315.0,-3100000.0,-29085143.0,6825.0,581.0,-9.0,-93.0,,2026-07-24T11:48:04.437060+08:00
50,2025-08-29,-1737239.0,2902657.0,0.0,1165418.0,6696.0,573.0,-129.0,-8.0,,2026-07-24T11:48:04.437060+08:00
50,2025-09-01,-8693419.0,-28795084.0,-6691000.0,-44179503.0,6426.0,614.0,-270.0,41.0,,2026-07-24T11:48:04.437060+08:00
50,2025-09-02,6369632.0,-4844916.0,-4400000.0,-2875284.0,6264.0,756.0,-162.0,142.0,,2026-07-24T11:48:04.437060+08:00
50,2025-09-03,-671897.0,-5239964.0,-4277000.0,-10188861.0,6059.0,662.0,-205.0,-94.0,,2026-07-24T11:48:04.437060+08:00
50,2025-09-04,5546569.0,9639388.0,-6300000.0,8885957.0,5943.0,678.0,-116.0,16.0,,2026-07-24T11:48:04.437060+08:00
50,2025-09-05,5154943.0,8170182.0,300000.0,13625125.0,5641.0,688.0,-302.0,10.0,,2026-07-24T11:48:04.437060+08:00
50,2025-09-08,1611082.0,16162131.0,-2300000.0,15473213.0,5284.0,677.0,-357.0,-11.0,,2026-07-24T11:48:04.437060+08:00
50,2025-09-09,5549277.0,17503069.0,-490000.0,22562346.0,5339.0,734.0,55.0,57.0,,2026-07-24T11:48:04.437060+08:00
50,2025-09-10,8157842.0,20763451.0,-579000.0,28342293.0,5725.0,1062.0,386.0,328.0,,2026-07-24T11:48:04.437060+08:00
50,2025-09-11,6065139.0,11379253.0,0.0,17444392.0,6334.0,1210.0,609.0,148.0,,2026-07-24T11:48:04.437060+08:00
50,2025-09-12,-1006594.0,12623077.0,-2900000.0,8716483.0,6340.0,1236.0,6.0,26.0,,2026-07-24T11:48:04.437060+08:00
50,2025-09-15,-7039328.0,-6883692.0,-1300000.0,-15223020.0,5720.0,1312.0,-620.0,76.0,,2026-07-24T11:48:04.437060+08:00
50,2025-09-16,-3541766.0,-4651795.0,-2200000.0,-10393561.0,5690.0,1404.0,-30.0,92.0,,2026-07-24T11:48:04.437060+08:00
50,2025-09-17,-20642198.0,-22307588.0,700000.0,-42249786.0,5320.0,1354.0,-370.0,-50.0,,2026-07-24T11:48:04.437060+08:00
50,2025-09-18,-15946.0,-13519578.0,0.0,-13535524.0,5213.0,1328.0,-107.0,-26.0,,2026-07-24T11:48:04.437060+08:00
50,2025-09-19,-3038461.0,-27123197.0,-1000000.0,-31161658.0,5334.0,1357.0,121.0,29.0,,2026-07-24T11:48:04.437060+08:00
50,2025-09-22,-4449079.0,-18463281.0,0.0,-22912360.0,5607.0,1353.0,273.0,-4.0,,2026-07-24T11:48:04.437060+08:00
50,2025-09-23,-7847910.0,-16817934.0,0.0,-24665844.0,5583.0,1473.0,-24.0,120.0,,2026-07-24T11:48:04.437060+08:00
50,2025-09-24,-17528596.0,-22629976.0,-850000.0,-41008572.0,5819.0,1498.0,236.0,25.0,,2026-07-24T11:48:04.437060+08:00
50,2025-09-25,-12979129.0,-19060685.0,0.0,-32039814.0,6003.0,1518.0,184.0,20.0,,2026-07-24T11:48:04.437060+08:00
50,2025-09-26,-34207756.0,-66856336.0,0.0,-101064092.0,6418.0,1441.0,415.0,-77.0,,2026-07-24T11:48:04.437060+08:00
50,2025-09-30,532803.0,-10706507.0,0.0,-10173704.0,6461.0,1421.0,43.0,-20.0,,2026-07-24T11:48:04.437060+08:00
50,2025-10-01,1942296.0,-17027700.0,1000000.0,-14085404.0,6619.0,1418.0,158.0,-3.0,,2026-07-24T11:48:04.437060+08:00
50,2025-10-02,9437254.0,14071158.0,1036000.0,24544412.0,6301.0,1497.0,-318.0,79.0,,2026-07-24T11:48:04.437060+08:00
50,2025-10-03,2854888.0,-3866746.0,0.0,-1011858.0,6894.0,1449.0,593.0,-48.0,,2026-07-24T11:48:04.437060+08:00
50,2025-10-07,-10593277.0,-57504102.0,2000000.0,-66097379.0,6500.0,1509.0,-394.0,60.0,,2026-07-24T11:48:04.437060+08:00
50,2025-10-08,-22377842.0,-48667295.0,150000.0,-70895137.0,6707.0,1513.0,207.0,4.0,,2026-07-24T11:48:04.437060+08:00
50,2025-10-09,-8200671.0,-14384381.0,1900000.0,-20685052.0,6660.0,1538.0,-47.0,25.0,,2026-07-24T11:48:04.437060+08:00
50,2025-10-13,-81173192.0,-98810754.0,1300000.0,-178683946.0,8161.0,1585.0,1501.0,47.0,,2026-07-24T11:48:04.437060+08:00
50,2025-10-14,-2823595.0,-56494905.0,1185000.0,-58133500.0,7547.0,1712.0,-614.0,127.0,,2026-07-24T11:48:04.437060+08:00
50,2025-10-15,4780675.0,-33247580.0,1944000.0,-26522905.0,7688.0,1663.0,141.0,-49.0,,2026-07-24T11:48:04.437060+08:00
50,2025-10-16,-3888775.0,-15339028.0,3870000.0,-15357803.0,7472.0,1656.0,-216.0,-7.0,,2026-07-24T11:48:04.437060+08:00
50,2025-10-17,-10165163.0,-101150481.0,-3094000.0,-114409644.0,7885.0,1724.0,413.0,68.0,,2026-07-24T11:48:04.437060+08:00
50,2025-10-20,-16661483.0,-18967133.0,4000000.0,-31628616.0,7728.0,1717.0,-157.0,-7.0,,2026-07-24T11:48:04.437060+08:00
50,2025-10-21,-16800695.0,-63767773.0,3500000.0,-77068468.0,7683.0,1745.0,-45.0,28.0,,2026-07-24T11:48:04.437060+08:00
50,2025-10-22,-34769750.0,-61012952.0,0.0,-95782702.0,8161.0,1682.0,478.0,-63.0,,2026-07-24T11:48:04.437060+08:00
50,2025-10-23,-33172597.0,-105747442.0,2500000.0,-136420039.0,8545.0,1714.0,384.0,32.0,,2026-07-24T11:48:04.437060+08:00
50,2025-10-27,11007970.0,-5804616.0,4300000.0,9503354.0,8399.0,1721.0,-146.0,7.0,,2026-07-24T11:48:04.437060+08:00
50,2025-10-28,-23295375.0,-46847149.0,3400000.0,-66742524.0,8597.0,1726.0,198.0,5.0,,2026-07-24T11:48:04.437060+08:00
50,2025-10-29,8235443.0,-4416920.0,1400000.0,5218523.0,8034.0,1763.0,-563.0,37.0,,2026-07-24T11:48:04.437060+08:00
50,2025-10-30,-14768621.0,-25852927.0,0.0,-40621548.0,8094.0,1806.0,60.0,43.0,,2026-07-24T11:48:04.437060+08:00
50,2025-10-31,-9821686.0,-6054165.0,-152000.0,-16027851.0,7995.0,1834.0,-99.0,28.0,,2026-07-24T11:48:04.437060+08:00
50,2025-11-03,-46040808.0,-56754086.0,-1600000.0,-104394894.0,8207.0,1810.0,212.0,-24.0,,2026-07-24T11:48:04.437060+08:00
50,2025-11-04,-6974161.0,-24558901.0,-290000.0,-31823062.0,8034.0,1833.0,-173.0,23.0,,2026-07-24T11:48:04.437060+08:00
50,2025-11-05,-48991803.0,-101788975.0,1164000.0,-149616778.0,8760.0,1672.0,726.0,-161.0,,2026-07-24T11:48:04.437060+08:00
50,2025-11-06,-2781647.0,-17999505.0,-9800000.0,-30581152.0,8743.0,1665.0,-17.0,-7.0,,2026-07-24T11:48:04.437060+08:00
50,2025-11-07,-10358066.0,-60350188.0,2550000.0,-68158254.0,9238.0,1683.0,495.0,18.0,,2026-07-24T11:48:04.437060+08:00
50,2025-11-10,-1497340.0,-26654339.0,-1737000.0,-29888679.0,9173.0,1707.0,-65.0,24.0,,2026-07-24T11:48:04.437060+08:00
50,2025-11-11,-28859267.0,-23183504.0,1000000.0,-51042771.0,8865.0,1717.0,-308.0,10.0,,2026-07-24T11:48:04.437060+08:00
50,2025-11-12,-13870837.0,-14484535.0,0.0,-28355372.0,8914.0,1720.0,49.0,3.0,,2026-07-24T11:48:04.437060+08:00
50,2025-11-13,-16348143.0,-38836320.0,-30000.0,-55214463.0,9274.0,1707.0,360.0,-13.0,,2026-07-24T11:48:04.437060+08:00
50,2025-11-14,-52751840.0,-118081818.0,1000000.0,-169833658.0,10032.0,1572.0,758.0,-135.0,,2026-07-24T11:48:04.437060+08:00
50,2025-11-17,-22378676.0,-4188080.0,1032000.0,-25534756.0,9919.0,1577.0,-113.0,5.0,,2026-07-24T11:48:04.437060+08:00
50,2025-11-18,-42034401.0,-128357758.0,0.0,-170392159.0,10459.0,1521.0,540.0,-56.0,,2026-07-24T11:48:04.437060+08:00
50,2025-11-19,-42428486.0,-50061361.0,0.0,-92489847.0,10943.0,1438.0,484.0,-83.0,,2026-07-24T11:48:04.437060+08:00
50,2025-11-20,-3356543.0,-3125829.0,-2500000.0,-8982372.0,10215.0,1533.0,-728.0,95.0,,2026-07-24T11:48:04.437060+08:00
50,2025-11-21,-117299972.0,-148791970.0,0.0,-266091942.0,12224.0,1658.0,2009.0,125.0,,2026-07-24T11:48:04.437060+08:00
50,2025-11-24,-46287830.0,-21405698.0,2000000.0,-65693528.0,12527.0,1654.0,303.0,-4.0,,2026-07-24T11:48:04.437060+08:00
50,2025-11-25,1605232.0,-4271889.0,0.0,-2666657.0,11955.0,1667.0,-572.0,13.0,,2026-07-24T11:48:04.437060+08:00
50,2025-11-26,11370959.0,-13978662.0,1600000.0,-1007703.0,12075.0,1782.0,120.0,115.0,,2026-07-24T11:48:04.437060+08:00
50,2025-11-27,1350810.0,7108990.0,1700000.0,10159800.0,11475.0,1725.0,-600.0,-57.0,,2026-07-24T11:48:04.437060+08:00
50,2025-11-28,26462163.0,-15209273.0,0.0,11252890.0,10797.0,1711.0,-678.0,-14.0,,2026-07-24T11:48:04.437060+08:00
50,2025-12-01,-14731717.0,-55407994.0,2600000.0,-67539711.0,10902.0,1610.0,105.0,-101.0,,2026-07-24T11:48:04.437060+08:00
50,2025-12-02,3515125.0,-8422332.0,1600000.0,-3307207.0,10621.0,1614.0,-281.0,4.0,,2026-07-24T11:48:04.437060+08:00
50,2025-12-03,5914719.0,1729881.0,2771000.0,10415600.0,10484.0,1664.0,-137.0,50.0,,2026-07-24T11:48:04.437060+08:00
50,2025-12-04,-1278457.0,-12715197.0,1000000.0,-12993654.0,10530.0,1703.0,46.0,39.0,,2026-07-24T11:48:04.437060+08:00
50,2025-12-05,8434322.0,-1514344.0,1450000.0,8369978.0,10192.0,1711.0,-338.0,8.0,,2026-07-24T11:48:04.437060+08:00
50,2025-12-08,14924998.0,1019244.0,2000000.0,17944242.0,10506.0,1698.0,314.0,-13.0,,2026-07-24T11:48:04.437060+08:00
50,2025-12-09,-791957.0,-1675279.0,1000000.0,-1467236.0,10546.0,1743.0,40.0,45.0,,2026-07-24T11:48:04.437060+08:00
50,2025-12-10,23042770.0,1704932.0,500000.0,25247702.0,10696.0,1782.0,150.0,39.0,,2026-07-24T11:48:04.437060+08:00
50,2025-12-11,-16973337.0,-13619690.0,1600000.0,-28993027.0,11002.0,1749.0,306.0,-33.0,,2026-07-24T11:48:04.437060+08:00
50,2025-12-12,15463685.0,-5614002.0,-85000.0,9764683.0,10887.0,1712.0,-115.0,-37.0,,2026-07-24T11:48:04.437060+08:00
50,2025-12-15,-4926032.0,-70196124.0,2300000.0,-72822156.0,11259.0,1722.0,372.0,10.0,,2026-07-24T11:48:04.437060+08:00
50,2025-12-16,-14257007.0,-73355592.0,-3523000.0,-91135599.0,12063.0,1578.0,804.0,-144.0,,2026-07-24T11:48:04.437060+08:00
50,2025-12-17,1688385.0,-24499871.0,-1000000.0,-23811486.0,12285.0,1544.0,222.0,-34.0,,2026-07-24T11:48:04.437060+08:00
50,2025-12-18,38375022.0,-52666025.0,1000000.0,-13291003.0,12181.0,1559.0,-104.0,15.0,,2026-07-24T11:48:04.437060+08:00
50,2025-12-19,20650307.0,-7722385.0,2000000.0,14927922.0,12012.0,1506.0,-169.0,-53.0,,2026-07-24T11:48:04.437060+08:00
50,2025-12-22,38224154.0,-11738170.0,2176000.0,28661984.0,11562.0,1403.0,-450.0,-103.0,,2026-07-24T11:48:04.437060+08:00
50,2025-12-23,31238322.0,33891154.0,1600000.0,66729476.0,11037.0,1456.0,-525.0,53.0,,2026-07-24T11:48:04.437060+08:00
50,2025-12-24,19839060.0,11061557.0,1739000.0,32639617.0,10574.0,1490.0,-463.0,34.0,,2026-07-24T11:48:04.437060+08:00
50,2025-12-26,7341837.0,21780795.0,0.0,29122632.0,10095.0,1588.0,-479.0,98.0,,2026-07-24T11:48:04.437060+08:00
50,2025-12-29,6849567.0,28813283.0,2500000.0,38162850.0,9904.0,1762.0,-191.0,174.0,,2026-07-24T11:48:04.437060+08:00
50,2025-12-30,-5364645.0,2379394.0,0.0,-2985251.0,9916.0,1753.0,12.0,-9.0,,2026-07-24T11:48:04.437060+08:00
50,2025-12-31,-3555418.0,21916908.0,0.0,18361490.0,8464.0,1738.0,-1452.0,-15.0,,2026-07-24T11:48:04.437060+08:00
50,2026-01-02,1181926.0,-11428844.0,0.0,-10246918.0,8880.0,1723.0,416.0,-15.0,,2026-07-24T11:48:04.437060+08:00
50,2026-01-05,13899035.0,-56316238.0,18708000.0,-23709203.0,9882.0,1729.0,1002.0,6.0,,2026-07-24T11:48:04.437060+08:00
50,2026-01-06,782512.0,-48486540.0,1975000.0,-45729028.0,9321.0,1627.0,-561.0,-102.0,,2026-07-24T11:48:04.437060+08:00
50,2026-01-07,-21801057.0,-35532354.0,0.0,-57333411.0,9346.0,1546.0,25.0,-81.0,,2026-07-24T11:48:04.437060+08:00
50,2026-01-08,-12312733.0,884588.0,0.0,-11428145.0,8487.0,1543.0,-859.0,-3.0,,2026-07-24T11:48:04.437060+08:00
50,2026-01-09,-25884550.0,-29010141.0,0.0,-54894691.0,9411.0,1287.0,924.0,-256.0,,2026-07-24T11:48:04.437060+08:00
50,2026-01-12,-10958323.0,-16538822.0,2100000.0,-25397145.0,8586.0,1196.0,-825.0,-91.0,,2026-07-24T11:48:04.437060+08:00
50,2026-01-13,-13516429.0,-16874422.0,3022000.0,-27368851.0,8165.0,1066.0,-421.0,-130.0,,2026-07-24T11:48:04.437060+08:00
50,2026-01-14,-19493334.0,-7499827.0,291000.0,-26702161.0,7797.0,814.0,-368.0,-252.0,,2026-07-24T11:48:04.437060+08:00
50,2026-01-15,-34900166.0,-14812950.0,0.0,-49713116.0,7795.0,590.0,-2.0,-224.0,,2026-07-24T11:48:04.437060+08:00
50,2026-01-16,-5685966.0,-932411.0,3250000.0,-3368377.0,7503.0,18.0,-292.0,-572.0,,2026-07-24T11:48:04.437060+08:00
50,2026-01-19,-10291027.0,-32901794.0,-13557000.0,-56749821.0,7719.0,0.0,216.0,-18.0,,2026-07-24T11:48:04.437060+08:00
50,2026-01-20,-7417323.0,-47126102.0,0.0,-54543425.0,7890.0,0.0,171.0,0.0,,2026-07-24T11:48:04.437060+08:00
50,2026-01-21,-54033880.0,-56688381.0,5000000.0,-105722261.0,8010.0,0.0,120.0,0.0,,2026-07-24T11:48:04.437060+08:00
50,2026-01-22,-39852877.0,-5903792.0,300000.0,-45456669.0,7709.0,77.0,-301.0,77.0,,2026-07-24T11:48:04.437060+08:00
50,2026-01-23,7202569.0,208801.0,0.0,7411370.0,7375.0,129.0,-334.0,52.0,,2026-07-24T11:48:04.437060+08:00
50,2026-01-26,-25267281.0,2647161.0,0.0,-22620120.0,7044.0,135.0,-331.0,6.0,,2026-07-24T11:48:04.437060+08:00
50,2026-01-27,11097047.0,3729132.0,282000.0,15108179.0,6946.0,185.0,-98.0,50.0,,2026-07-24T11:48:04.437060+08:00
50,2026-01-28,-18262243.0,2680185.0,284000.0,-15298058.0,6990.0,242.0,44.0,57.0,,2026-07-24T11:48:04.437060+08:00
50,2026-01-29,-20389299.0,-28279428.0,1700000.0,-46968727.0,7062.0,247.0,72.0,5.0,,2026-07-24T11:48:04.437060+08:00
50,2026-01-30,-15282753.0,-63741015.0,1640000.0,-77383768.0,7371.0,354.0,309.0,107.0,,2026-07-24T11:48:04.437060+08:00
50,2026-02-02,-10685696.0,-79109036.0,-1995000.0,-91789732.0,7914.0,393.0,543.0,39.0,,2026-07-24T11:48:04.437060+08:00
50,2026-02-03,5494272.0,-413595.0,0.0,5080677.0,7650.0,292.0,-264.0,-101.0,,2026-07-24T11:48:04.437060+08:00
50,2026-02-04,2371486.0,-15873207.0,2100000.0,-11401721.0,7630.0,299.0,-20.0,7.0,,2026-07-24T11:48:04.437060+08:00
50,2026-02-05,-17067432.0,-48799201.0,0.0,-65866633.0,7823.0,359.0,193.0,60.0,,2026-07-24T11:48:04.437060+08:00
50,2026-02-06,-7653199.0,-26941369.0,2100000.0,-32494568.0,7880.0,350.0,57.0,-9.0,,2026-07-24T11:48:04.437060+08:00
50,2026-02-09,22906904.0,36795082.0,2200000.0,61901986.0,7238.0,356.0,-642.0,6.0,,2026-07-24T11:48:04.437060+08:00
50,2026-02-10,5174839.0,23352001.0,4526000.0,33052840.0,7207.0,409.0,-31.0,53.0,,2026-07-24T11:48:04.437060+08:00
50,2026-02-11,-15171792.0,1195300.0,8500000.0,-5476492.0,7374.0,618.0,167.0,209.0,,2026-07-24T11:48:04.437060+08:00
50,2026-02-23,-68942948.0,-61521031.0,7700000.0,-122763979.0,7621.0,642.0,247.0,24.0,,2026-07-24T11:48:04.437060+08:00
50,2026-02-24,15643073.0,-37083414.0,9000000.0,-12440341.0,7584.0,700.0,-37.0,58.0,,2026-07-24T11:48:04.437060+08:00
50,2026-02-25,-21295180.0,-36864456.0,5000000.0,-53159636.0,8333.0,727.0,749.0,27.0,,2026-07-24T11:48:04.437060+08:00
50,2026-02-26,-40997085.0,-19326127.0,0.0,-60323212.0,8471.0,747.0,138.0,20.0,,2026-07-24T11:48:04.437060+08:00
50,2026-03-02,-22166179.0,-101500098.0,3214000.0,-120452277.0,8643.0,754.0,172.0,7.0,,2026-07-24T11:48:04.437060+08:00
50,2026-03-03,-55380909.0,-135806368.0,1357000.0,-189830277.0,8397.0,711.0,-246.0,-43.0,,2026-07-24T11:48:04.437060+08:00
50,2026-03-04,-125176070.0,-135269969.0,3915000.0,-256531039.0,11351.0,599.0,2954.0,-112.0,,2026-07-24T11:48:04.437060+08:00
50,2026-03-05,-15702665.0,-76898815.0,2300000.0,-90301480.0,11144.0,675.0,-207.0,76.0,,2026-07-24T11:48:04.437060+08:00
50,2026-03-06,-7362228.0,-75587659.0,3300000.0,-79649887.0,11610.0,631.0,466.0,-44.0,,2026-07-24T11:48:04.437060+08:00
50,2026-03-09,-150453213.0,-200178300.0,4948000.0,-345683513.0,14387.0,531.0,2777.0,-100.0,,2026-07-24T11:48:04.437060+08:00
50,2026-03-10,-6981855.0,-40262526.0,3300000.0,-43944381.0,13739.0,610.0,-648.0,79.0,,2026-07-24T11:48:04.437060+08:00
50,2026-03-11,-12374019.0,-15107261.0,3567000.0,-23914280.0,12762.0,896.0,-977.0,286.0,,2026-07-24T11:48:04.437060+08:00
50,2026-03-12,-6313588.0,-76390414.0,1300000.0,-81404002.0,13356.0,665.0,594.0,-231.0,,2026-07-24T11:48:04.437060+08:00
50,2026-03-13,-1300872.0,-58612858.0,65000.0,-59848730.0,13375.0,750.0,19.0,85.0,,2026-07-24T11:48:04.437060+08:00
50,2026-03-16,-2777160.0,-51028797.0,2764000.0,-51041957.0,14592.0,661.0,1217.0,-89.0,,2026-07-24T11:48:04.437060+08:00
50,2026-03-17,20165025.0,-15785330.0,3850000.0,8229695.0,12753.0,745.0,-1839.0,84.0,,2026-07-24T11:48:04.437060+08:00
50,2026-03-18,15013040.0,-5531981.0,2000000.0,11481059.0,12630.0,812.0,-123.0,67.0,,2026-07-24T11:48:04.437060+08:00
50,2026-03-19,-11771714.0,-89171043.0,0.0,-100942757.0,13170.0,1234.0,540.0,422.0,,2026-07-24T11:48:04.437060+08:00
50,2026-03-20,59665.0,-31150923.0,700000.0,-30391258.0,13059.0,1294.0,-111.0,60.0,,2026-07-24T11:48:04.437060+08:00
50,2026-03-23,-67315139.0,-87814057.0,3100000.0,-152029196.0,14088.0,1288.0,1029.0,-6.0,,2026-07-24T11:48:04.437060+08:00
50,2026-03-24,-1360594.0,-21894150.0,0.0,-23254744.0,13782.0,1323.0,-306.0,35.0,,2026-07-24T11:48:04.437060+08:00
50,2026-03-25,37938499.0,-2974938.0,-3670000.0,31293561.0,12887.0,1013.0,-895.0,-310.0,,2026-07-24T11:48:04.437060+08:00
50,2026-03-26,17748555.0,-30483511.0,1900000.0,-10834956.0,12601.0,1028.0,-286.0,15.0,,2026-07-24T11:48:04.437060+08:00
50,2026-03-27,-11845268.0,-60113686.0,0.0,-71958954.0,13520.0,928.0,919.0,-100.0,,2026-07-24T11:48:04.437060+08:00
50,2026-03-30,-29635970.0,-70742198.0,1900000.0,-98478168.0,14406.0,1328.0,886.0,400.0,,2026-07-24T11:48:04.437060+08:00
50,2026-03-31,-48602521.0,-104126646.0,-1400000.0,-154129167.0,15286.0,1412.0,880.0,84.0,,2026-07-24T11:48:04.437060+08:00
50,2026-04-01,45812672.0,5216233.0,0.0,51028905.0,13305.0,1242.0,-1981.0,-170.0,,2026-07-24T11:48:04.437060+08:00
50,2026-04-02,-11292333.0,-44024005.0,3000000.0,-52316338.0,13337.0,1098.0,32.0,-144.0,,2026-07-24T11:48:04.437060+08:00
50,2026-04-07,-2457225.0,-2591826.0,2700000.0,-2349051.0,12650.0,1197.0,-687.0,99.0,,2026-07-24T11:48:04.437060+08:00
50,2026-04-08,61594863.0,96384932.0,-2116000.0,155863795.0,11328.0,1156.0,-1322.0,-41.0,,2026-07-24T11:48:04.437060+08:00
50,2026-04-09,-11582982.0,44119089.0,890000.0,33426107.0,10612.0,1172.0,-716.0,16.0,,2026-07-24T11:48:04.437060+08:00
50,2026-04-10,17736519.0,59382906.0,0.0,77119425.0,9581.0,1244.0,-1031.0,72.0,,2026-07-24T11:48:04.437060+08:00
50,2026-04-13,-7928086.0,30857480.0,242000.0,23171394.0,9105.0,1153.0,-476.0,-91.0,,2026-07-24T11:48:04.437060+08:00
50,2026-04-14,-6875509.0,65981369.0,0.0,59105860.0,8969.0,1156.0,-136.0,3.0,,2026-07-24T11:48:04.437060+08:00
50,2026-04-15,-23839564.0,25093087.0,0.0,1253523.0,9316.0,1314.0,347.0,158.0,,2026-07-24T11:48:04.437060+08:00
50,2026-04-16,5120718.0,4483266.0,800000.0,10403984.0,9166.0,1347.0,-150.0,33.0,,2026-07-24T11:48:04.437060+08:00
50,2026-04-17,-12937405.0,-29518130.0,0.0,-42455535.0,9069.0,1393.0,-97.0,46.0,,2026-07-24T11:48:04.437060+08:00
50,2026-04-20,-3521731.0,-4220065.0,600000.0,-7141796.0,8766.0,1376.0,-303.0,-17.0,,2026-07-24T11:48:04.437060+08:00
50,2026-04-21,2617620.0,19390931.0,100000.0,22108551.0,9057.0,1404.0,291.0,28.0,,2026-07-24T11:48:04.437060+08:00
50,2026-04-22,-11270958.0,9306155.0,-120000.0,-2084803.0,8824.0,1404.0,-233.0,0.0,,2026-07-24T11:48:04.437060+08:00
50,2026-04-23,-16806174.0,7846961.0,-410000.0,-9369213.0,8779.0,1428.0,-45.0,24.0,,2026-07-24T11:48:04.437060+08:00
50,2026-04-24,21704999.0,31238205.0,777000.0,53720204.0,9107.0,1508.0,328.0,80.0,,2026-07-24T11:48:04.437060+08:00
50,2026-04-27,-16316533.0,-9654843.0,2048000.0,-23923376.0,10524.0,1511.0,1417.0,3.0,,2026-07-24T11:48:04.437060+08:00
50,2026-04-28,-14517719.0,-42235659.0,0.0,-56753378.0,10050.0,1509.0,-474.0,-2.0,,2026-07-24T11:48:04.437060+08:00
50,2026-04-29,-1969164.0,-37250761.0,-100000.0,-39319925.0,10076.0,1508.0,26.0,-1.0,,2026-07-24T11:48:04.437060+08:00
50,2026-04-30,-7271045.0,-26169005.0,0.0,-33440050.0,9569.0,1498.0,-507.0,-10.0,,2026-07-24T11:48:04.437060+08:00
50,2026-05-04,7530697.0,29248581.0,2100000.0,38879278.0,9338.0,1471.0,-231.0,-27.0,,2026-07-24T11:48:04.437060+08:00
50,2026-05-05,-1329656.0,-30549945.0,8000000.0,-23879601.0,9195.0,1441.0,-143.0,-30.0,,2026-07-24T11:48:04.437060+08:00
50,2026-05-06,-10147370.0,-19074691.0,1150000.0,-28072061.0,9505.0,1422.0,310.0,-19.0,,2026-07-24T11:48:04.437060+08:00
50,2026-05-07,-21114423.0,-3763957.0,0.0,-24878380.0,9648.0,1426.0,143.0,4.0,,2026-07-24T11:48:04.437060+08:00
50,2026-05-08,-17526010.0,-46154724.0,0.0,-63680734.0,9722.0,1394.0,74.0,-32.0,,2026-07-24T11:48:04.437060+08:00
50,2026-05-11,-18064722.0,-26938991.0,2300000.0,-42703713.0,9860.0,1400.0,138.0,6.0,,2026-07-24T11:48:04.437060+08:00
50,2026-05-12,-3421126.0,-12502532.0,0.0,-15923658.0,9569.0,1390.0,-291.0,-10.0,,2026-07-24T11:48:04.437060+08:00
50,2026-05-13,-15907207.0,-52953236.0,0.0,-68860443.0,9575.0,1387.0,6.0,-3.0,,2026-07-24T11:48:04.437060+08:00
50,2026-05-14,-2189.0,-6046284.0,580000.0,-5468473.0,9327.0,1383.0,-248.0,-4.0,,2026-07-24T11:48:04.437060+08:00
50,2026-05-15,2010209.0,-24067645.0,-495000.0,-22552436.0,9073.0,1380.0,-254.0,-3.0,,2026-07-24T11:48:04.437060+08:00
50,2026-05-18,-18251393.0,-43213088.0,2580000.0,-58884481.0,9344.0,1318.0,271.0,-62.0,,2026-07-24T11:48:04.437060+08:00
50,2026-05-19,-42829948.0,-46446665.0,246000.0,-89030613.0,9686.0,1212.0,342.0,-106.0,,2026-07-24T11:48:04.437060+08:00
50,2026-05-20,-34864932.0,-15131069.0,885000.0,-49111001.0,10097.0,1224.0,411.0,12.0,,2026-07-24T11:48:04.437060+08:00
50,2026-05-21,5150553.0,12025038.0,3770000.0,20945591.0,9452.0,1272.0,-645.0,48.0,,2026-07-24T11:48:04.437060+08:00
50,2026-05-22,16868081.0,7809303.0,85000.0,24762384.0,9255.0,1292.0,-197.0,20.0,,2026-07-24T11:48:04.437060+08:00
50,2026-05-25,7357472.0,19246234.0,1866000.0,28469706.0,8827.0,1311.0,-428.0,19.0,,2026-07-24T11:48:04.437060+08:00
50,2026-05-26,-9330668.0,-14392651.0,2131000.0,-21592319.0,9006.0,1306.0,179.0,-5.0,,2026-07-24T11:48:04.437060+08:00
50,2026-05-27,7013813.0,3238963.0,28000.0,10280776.0,8580.0,1519.0,-426.0,213.0,,2026-07-24T11:48:04.437060+08:00
50,2026-05-28,-21961060.0,-39725344.0,688000.0,-60998404.0,8629.0,1449.0,49.0,-70.0,,2026-07-24T11:48:04.437060+08:00
50,2026-05-29,7410925.0,15009792.0,5310000.0,27730717.0,9287.0,1539.0,658.0,90.0,,2026-07-24T11:48:04.437060+08:00
50,2026-06-01,-36309964.0,-22685351.0,2124000.0,-56871315.0,9838.0,1303.0,551.0,-236.0,,2026-07-24T11:48:04.437060+08:00
50,2026-06-02,-9918981.0,-33889613.0,-70000.0,-43878594.0,9177.0,1329.0,-661.0,26.0,,2026-07-24T11:48:04.437060+08:00
50,2026-06-03,-8739104.0,1761586.0,1602000.0,-5375518.0,9749.0,1339.0,572.0,10.0,,2026-07-24T11:48:04.437060+08:00
50,2026-06-04,-29520484.0,-38479682.0,1150000.0,-66850166.0,10101.0,1324.0,352.0,-15.0,,2026-07-24T11:48:04.437060+08:00
50,2026-06-05,-52712839.0,-62925945.0,6297000.0,-109341784.0,9573.0,1433.0,-528.0,109.0,,2026-07-24T11:48:04.437060+08:00
50,2026-06-08,-95590703.0,-113325019.0,8432000.0,-200483722.0,11322.0,1573.0,1749.0,140.0,,2026-07-24T11:48:04.437060+08:00
50,2026-06-09,-13468885.0,-21646815.0,2450000.0,-32665700.0,10753.0,1400.0,-569.0,-173.0,,2026-07-24T11:48:04.437060+08:00
50,2026-06-10,-48623328.0,-62998222.0,1250000.0,-110371550.0,11182.0,1422.0,429.0,22.0,,2026-07-24T11:48:04.437060+08:00
50,2026-06-11,-78743648.0,-91840299.0,2846000.0,-167737947.0,12383.0,1176.0,1201.0,-246.0,,2026-07-24T11:48:04.437060+08:00
50,2026-06-12,5552129.0,5759172.0,4830000.0,16141301.0,11438.0,1112.0,-945.0,-64.0,,2026-07-24T11:48:04.437060+08:00
50,2026-06-15,7031351.0,17368666.0,5400000.0,29800017.0,11091.0,1156.0,-347.0,44.0,,2026-07-24T11:48:04.437060+08:00
50,2026-06-16,3912398.0,6189831.0,4000000.0,14102229.0,11443.0,1216.0,352.0,60.0,,2026-07-24T11:48:04.437060+08:00
50,2026-06-17,-17372072.0,3116293.0,4700000.0,-9555779.0,11748.0,1210.0,305.0,-6.0,,2026-07-24T11:48:04.437060+08:00
50,2026-06-18,-846548.0,14338704.0,2200000.0,15692156.0,11486.0,1213.0,-262.0,3.0,,2026-07-24T11:48:04.437060+08:00
50,2026-06-19,892000.0,-1261000.0,0.0,-369000.0,,,,,,2026-07-24T11:48:04.437060+08:00
50,2026-06-22,11765187.0,878566.0,3497000.0,16140753.0,11934.0,1224.0,,,,2026-07-24T11:48:04.437060+08:00
50,2026-06-23,-18221114.0,-27630722.0,1000000.0,-44851836.0,11606.0,1221.0,-328.0,-3.0,,2026-07-24T11:48:04.437060+08:00
50,2026-06-24,-37036444.0,-126206899.0,1100000.0,-162143343.0,12613.0,1056.0,1007.0,-165.0,,2026-07-24T11:48:04.437060+08:00
50,2026-06-25,-5293767.0,-23490994.0,2150000.0,-26634761.0,13124.0,1265.0,511.0,209.0,,2026-07-24T11:48:04.437060+08:00
50,2026-06-26,-71338575.0,-130305489.0,4900000.0,-196744064.0,13103.0,1229.0,-21.0,-36.0,,2026-07-24T11:48:04.437060+08:00
50,2026-06-29,-2319632.0,-21649761.0,6270000.0,-17699393.0,13117.0,1285.0,14.0,56.0,,2026-07-24T11:48:04.437060+08:00
50,2026-06-30,6327855.0,20819319.0,5350000.0,32497174.0,12748.0,1063.0,-369.0,-222.0,,2026-07-24T11:48:04.437060+08:00
50,2026-07-01,4240461.0,8681068.0,6383000.0,19304529.0,12610.0,1085.0,,,,2026-07-30T01:52:30.288932+08:00
50,2026-07-02,-7710039.0,-17771400.0,1980000.0,-23501439.0,12985.0,1118.0,375.0,33.0,,2026-07-30T01:52:30.288932+08:00
50,2026-07-03,-18032953.0,-19986289.0,2800000.0,-35219242.0,13215.0,1074.0,230.0,-44.0,,2026-07-30T01:52:30.288932+08:00
50,2026-07-06,-9702514.0,-12552150.0,0.0,-22254664.0,13038.0,1077.0,-177.0,3.0,,2026-07-30T01:52:30.288932+08:00
50,2026-07-07,-13561797.0,-40069324.0,970000.0,-52661121.0,13075.0,1019.0,37.0,-58.0,,2026-07-30T01:52:30.288932+08:00
50,2026-07-08,-19775543.0,-28290816.0,7420000.0,-40646359.0,13411.0,968.0,336.0,-51.0,,2026-07-30T01:52:30.288932+08:00
50,2026-07-09,-12708818.0,-9034841.0,2875000.0,-18868659.0,13306.0,942.0,-105.0,-26.0,,2026-07-30T01:52:30.288932+08:00
50,2026-07-13,-6006976.0,-19097461.0,838000.0,-24266437.0,13013.0,868.0,-293.0,-74.0,,2026-07-30T01:52:30.288932+08:00
50,2026-07-14,-76713706.0,-92602009.0,5804000.0,-163511715.0,15328.0,530.0,2315.0,-338.0,,2026-07-30T01:52:30.288932+08:00
50,2026-07-15,5787479.0,34254143.0,4925000.0,44966622.0,15307.0,1.0,-21.0,-529.0,,2026-07-30T01:52:30.288932+08:00
50,2026-07-16,-1144401.0,-22401193.0,3435000.0,-20110594.0,16048.0,0.0,741.0,-1.0,,2026-07-30T01:52:30.288932+08:00
50,2026-07-17,-197590439.0,-222198166.0,2776000.0,-417012605.0,18333.0,0.0,2285.0,0.0,,2026-07-30T01:52:30.288932+08:00
50,2026-07-20,-137269316.0,-97368426.0,3000000.0,-231637742.0,59230.0,0.0,40897.0,0.0,,2026-07-30T01:52:30.288932+08:00
50,2026-07-21,-2495015.0,-4226583.0,3248000.0,-3473598.0,57630.0,48.0,-1600.0,48.0,,2026-07-30T01:52:30.288932+08:00
50,2026-07-22,-9195928.0,23625381.0,1801000.0,16230453.0,48893.0,278.0,-8737.0,230.0,,2026-07-30T01:52:30.288932+08:00
50,2026-07-23,5712598.0,-13975027.0,2514000.0,-5748429.0,48790.0,107.0,-103.0,-171.0,,2026-07-30T01:52:30.288932+08:00
50,2026-07-24,119570.0,-37393633.0,1000000.0,-36274063.0,32467.0,196.0,-16323.0,89.0,,2026-07-30T01:52:30.288932+08:00
50,2026-07-27,-32489254.0,-4722183.0,0.0,-37211437.0,19376.0,294.0,-13091.0,98.0,,2026-07-30T01:52:30.288932+08:00
50,2026-07-28,-208887397.0,-148153654.0,3600000.0,-353441051.0,22865.0,164.0,3489.0,-130.0,,2026-07-30T01:52:30.288932+08:00
50,2026-07-29,-196851488.0,-104923092.0,6350000.0,-295424580.0,29290.0,258.0,6425.0,94.0,,2026-07-30T01:52:30.288932+08:00
50,2026-08-03,-82996874.0,55359860.0,4604000.0,-23033014.0,31491.0,909.0,,,,2026-08-09T22:57:14.045873+08:00
50,2026-08-04,-42211967.0,8554454.0,8878000.0,-24779513.0,29795.0,931.0,-1696.0,22.0,,2026-08-09T22:57:14.045873+08:00
50,2026-08-05,-9300365.0,84036810.0,9902000.0,84638445.0,25389.0,476.0,-4406.0,-455.0,,2026-08-09T22:57:14.045873+08:00
50,2026-08-06,-13608903.0,-8702495.0,5800000.0,-16511398.0,25191.0,573.0,-198.0,97.0,,2026-08-09T22:57:14.045873+08:00
50,2026-08-07,8195918.0,-22723224.0,50000.0,-14477306.0,24879.0,434.0,-312.0,-139.0,,2026-08-09T22:57:14.045873+08:00
0050,2026-08-03,-82996874.0,55359860.0,4604000.0,-23033014.0,31491.0,909.0,,,,2026-08-10T08:04:00.818856+08:00
0050,2026-08-04,-42211967.0,8554454.0,8878000.0,-24779513.0,29795.0,931.0,-1696.0,22.0,,2026-08-10T08:04:00.818856+08:00
0050,2026-08-05,-9300365.0,84036810.0,9902000.0,84638445.0,25389.0,476.0,-4406.0,-455.0,,2026-08-10T08:04:00.818856+08:00
0050,2026-08-06,-13608903.0,-8702495.0,5800000.0,-16511398.0,25191.0,573.0,-198.0,97.0,,2026-08-10T08:04:00.818856+08:00
0050,2026-08-07,8195918.0,-22723224.0,50000.0,-14477306.0,24879.0,434.0,-312.0,-139.0,,2026-08-10T08:04:00.818856+08:00
