stock_id,trade_date,dealer_net,foreign_net,investment_trust_net,institutional_net,margin_balance,short_balance,margin_change,short_change,securities_lending,updated_at
662,2016-02-05,-24000.0,0.0,0.0,-24000.0,,,,,,2026-07-24T11:48:11.948394+08:00
662,2016-06-16,,,,,0.0,0.0,,,,2026-07-24T11:48:11.948394+08:00
662,2016-06-17,1525000.0,0.0,0.0,1525000.0,9.0,0.0,9.0,0.0,,2026-07-24T11:48:11.948394+08:00
662,2016-06-20,-82000.0,0.0,0.0,-82000.0,41.0,0.0,32.0,0.0,,2026-07-24T11:48:11.948394+08:00
662,2016-06-21,317000.0,0.0,0.0,317000.0,45.0,0.0,4.0,0.0,,2026-07-24T11:48:11.948394+08:00
662,2016-06-22,453000.0,0.0,0.0,453000.0,47.0,0.0,2.0,0.0,,2026-07-24T11:48:11.948394+08:00
662,2016-06-23,322000.0,0.0,0.0,322000.0,43.0,0.0,-4.0,0.0,,2026-07-24T11:48:11.948394+08:00
662,2016-06-24,2171000.0,0.0,0.0,2171000.0,135.0,0.0,92.0,0.0,,2026-07-24T11:48:11.948394+08:00
662,2016-06-27,130000.0,4000.0,0.0,134000.0,115.0,2.0,-20.0,2.0,,2026-07-24T11:48:11.948394+08:00
662,2016-06-28,-1358000.0,-4000.0,0.0,-1362000.0,164.0,2.0,49.0,0.0,,2026-07-24T11:48:11.948394+08:00
662,2016-06-29,425000.0,34000.0,0.0,459000.0,91.0,2.0,-73.0,0.0,,2026-07-24T11:48:11.948394+08:00
662,2016-06-30,615000.0,107000.0,0.0,722000.0,72.0,3.0,-19.0,1.0,,2026-07-24T11:48:11.948394+08:00
662,2016-07-01,394000.0,82000.0,0.0,476000.0,38.0,3.0,-34.0,0.0,,2026-07-24T11:48:11.948394+08:00
662,2016-07-04,-47000.0,446000.0,0.0,399000.0,34.0,2.0,-4.0,-1.0,,2026-07-24T11:48:11.948394+08:00
662,2016-07-05,434000.0,500000.0,0.0,934000.0,30.0,2.0,-4.0,0.0,,2026-07-24T11:48:11.948394+08:00
662,2016-07-06,107000.0,0.0,0.0,107000.0,32.0,2.0,2.0,0.0,,2026-07-24T11:48:11.948394+08:00
662,2016-07-07,536000.0,0.0,0.0,536000.0,29.0,2.0,-3.0,0.0,,2026-07-24T11:48:11.948394+08:00
662,2016-07-11,3109000.0,536000.0,0.0,3645000.0,19.0,2.0,-10.0,0.0,,2026-07-24T11:48:11.948394+08:00
662,2016-07-12,833000.0,348000.0,0.0,1181000.0,18.0,2.0,-1.0,0.0,,2026-07-24T11:48:11.948394+08:00
662,2016-07-13,564000.0,185000.0,0.0,749000.0,19.0,2.0,1.0,0.0,,2026-07-24T11:48:11.948394+08:00
662,2016-07-14,-21000.0,196000.0,0.0,175000.0,20.0,2.0,1.0,0.0,,2026-07-24T11:48:11.948394+08:00
662,2016-07-15,101000.0,0.0,0.0,101000.0,15.0,2.0,-5.0,0.0,,2026-07-24T11:48:11.948394+08:00
662,2016-07-18,-61000.0,205000.0,0.0,144000.0,17.0,2.0,2.0,0.0,,2026-07-24T11:48:11.948394+08:00
662,2016-07-19,448000.0,0.0,0.0,448000.0,13.0,2.0,-4.0,0.0,,2026-07-24T11:48:11.948394+08:00
662,2016-07-20,424000.0,0.0,0.0,424000.0,13.0,2.0,0.0,0.0,,2026-07-24T11:48:11.948394+08:00
662,2016-07-21,200000.0,0.0,0.0,200000.0,25.0,0.0,12.0,-2.0,,2026-07-24T11:48:11.948394+08:00
662,2016-07-22,1000.0,0.0,0.0,1000.0,14.0,0.0,-11.0,0.0,,2026-07-24T11:48:11.948394+08:00
662,2016-07-25,48000.0,0.0,0.0,48000.0,14.0,0.0,0.0,0.0,,2026-07-24T11:48:11.948394+08:00
662,2016-07-26,79000.0,0.0,0.0,79000.0,14.0,0.0,0.0,0.0,,2026-07-24T11:48:11.948394+08:00
662,2016-07-27,49000.0,0.0,0.0,49000.0,16.0,0.0,2.0,0.0,,2026-07-24T11:48:11.948394+08:00
662,2016-07-28,37000.0,0.0,0.0,37000.0,16.0,0.0,0.0,0.0,,2026-07-24T11:48:11.948394+08:00
662,2016-07-29,80000.0,0.0,0.0,80000.0,46.0,0.0,30.0,0.0,,2026-07-24T11:48:11.948394+08:00
662,2016-08-01,10000.0,0.0,0.0,10000.0,46.0,0.0,0.0,0.0,,2026-07-24T11:48:11.948394+08:00
662,2016-08-02,125000.0,0.0,0.0,125000.0,46.0,0.0,0.0,0.0,,2026-07-24T11:48:11.948394+08:00
662,2016-08-03,9000.0,0.0,0.0,9000.0,45.0,1.0,-1.0,1.0,,2026-07-24T11:48:11.948394+08:00
662,2016-08-04,-449000.0,0.0,0.0,-449000.0,45.0,1.0,0.0,0.0,,2026-07-24T11:48:11.948394+08:00
662,2016-08-05,18000.0,0.0,0.0,18000.0,45.0,1.0,0.0,0.0,,2026-07-24T11:48:11.948394+08:00
662,2016-08-08,-23000.0,0.0,0.0,-23000.0,49.0,1.0,4.0,0.0,,2026-07-24T11:48:11.948394+08:00
662,2016-08-09,-17000.0,0.0,0.0,-17000.0,50.0,1.0,1.0,0.0,,2026-07-24T11:48:11.948394+08:00
662,2016-08-10,-13000.0,0.0,0.0,-13000.0,50.0,1.0,0.0,0.0,,2026-07-24T11:48:11.948394+08:00
662,2016-08-11,19000.0,0.0,0.0,19000.0,50.0,1.0,0.0,0.0,,2026-07-24T11:48:11.948394+08:00
662,2016-08-12,16000.0,0.0,0.0,16000.0,49.0,1.0,-1.0,0.0,,2026-07-24T11:48:11.948394+08:00
662,2016-08-15,-93000.0,0.0,0.0,-93000.0,49.0,1.0,0.0,0.0,,2026-07-24T11:48:11.948394+08:00
662,2016-08-16,-466000.0,0.0,0.0,-466000.0,51.0,1.0,2.0,0.0,,2026-07-24T11:48:11.948394+08:00
662,2016-08-17,17000.0,0.0,0.0,17000.0,47.0,4.0,-4.0,3.0,,2026-07-24T11:48:11.948394+08:00
662,2016-08-18,44000.0,0.0,0.0,44000.0,47.0,4.0,0.0,0.0,,2026-07-24T11:48:11.948394+08:00
662,2016-08-19,71000.0,0.0,0.0,71000.0,47.0,4.0,0.0,0.0,,2026-07-24T11:48:11.948394+08:00
662,2016-08-22,-365000.0,0.0,0.0,-365000.0,25.0,4.0,-22.0,0.0,,2026-07-24T11:48:11.948394+08:00
662,2016-08-23,46000.0,0.0,0.0,46000.0,15.0,4.0,-10.0,0.0,,2026-07-24T11:48:11.948394+08:00
662,2016-08-24,-43000.0,0.0,0.0,-43000.0,15.0,4.0,0.0,0.0,,2026-07-24T11:48:11.948394+08:00
662,2016-08-25,59000.0,0.0,0.0,59000.0,15.0,1.0,0.0,-3.0,,2026-07-24T11:48:11.948394+08:00
662,2016-08-26,-512000.0,0.0,0.0,-512000.0,15.0,1.0,0.0,0.0,,2026-07-24T11:48:11.948394+08:00
662,2016-08-29,-89000.0,0.0,0.0,-89000.0,15.0,0.0,0.0,-1.0,,2026-07-24T11:48:11.948394+08:00
662,2016-08-30,47000.0,0.0,0.0,47000.0,15.0,0.0,0.0,0.0,,2026-07-24T11:48:11.948394+08:00
662,2016-08-31,-30000.0,0.0,0.0,-30000.0,15.0,0.0,0.0,0.0,,2026-07-24T11:48:11.948394+08:00
662,2016-09-01,10000.0,0.0,0.0,10000.0,15.0,0.0,0.0,0.0,,2026-07-24T11:48:11.948394+08:00
662,2016-09-02,-483000.0,0.0,0.0,-483000.0,14.0,0.0,-1.0,0.0,,2026-07-24T11:48:11.948394+08:00
662,2016-09-05,-12000.0,0.0,0.0,-12000.0,14.0,0.0,0.0,0.0,,2026-07-24T11:48:11.948394+08:00
662,2016-09-06,-30000.0,0.0,0.0,-30000.0,14.0,0.0,0.0,0.0,,2026-07-24T11:48:11.948394+08:00
662,2016-09-07,-44000.0,0.0,0.0,-44000.0,19.0,0.0,5.0,0.0,,2026-07-24T11:48:11.948394+08:00
662,2016-09-08,-37000.0,0.0,0.0,-37000.0,19.0,0.0,0.0,0.0,,2026-07-24T11:48:11.948394+08:00
662,2016-09-09,-506000.0,0.0,0.0,-506000.0,19.0,0.0,0.0,0.0,,2026-07-24T11:48:11.948394+08:00
662,2016-09-10,-9000.0,0.0,0.0,-9000.0,19.0,0.0,0.0,0.0,,2026-07-24T11:48:11.948394+08:00
662,2016-09-12,-22000.0,0.0,0.0,-22000.0,4.0,0.0,-15.0,0.0,,2026-07-24T11:48:11.948394+08:00
662,2016-09-13,17000.0,0.0,0.0,17000.0,4.0,0.0,0.0,0.0,,2026-07-24T11:48:11.948394+08:00
662,2016-09-14,3000.0,0.0,0.0,3000.0,4.0,0.0,0.0,0.0,,2026-07-24T11:48:11.948394+08:00
662,2016-09-19,6000.0,0.0,0.0,6000.0,5.0,0.0,1.0,0.0,,2026-07-24T11:48:11.948394+08:00
662,2016-09-20,0.0,-4000.0,0.0,-4000.0,5.0,0.0,0.0,0.0,,2026-07-24T11:48:11.948394+08:00
662,2016-09-21,17000.0,0.0,0.0,17000.0,4.0,0.0,-1.0,0.0,,2026-07-24T11:48:11.948394+08:00
662,2016-09-22,-12000.0,0.0,0.0,-12000.0,4.0,0.0,0.0,0.0,,2026-07-24T11:48:11.948394+08:00
662,2016-09-23,37000.0,0.0,0.0,37000.0,4.0,0.0,0.0,0.0,,2026-07-24T11:48:11.948394+08:00
662,2016-09-26,56000.0,0.0,0.0,56000.0,4.0,0.0,0.0,0.0,,2026-07-24T11:48:11.948394+08:00
662,2016-09-29,-56000.0,0.0,0.0,-56000.0,4.0,0.0,0.0,0.0,,2026-07-24T11:48:11.948394+08:00
662,2016-09-30,-64000.0,-1000.0,0.0,-65000.0,4.0,0.0,0.0,0.0,,2026-07-24T11:48:11.948394+08:00
662,2016-10-03,2000.0,0.0,0.0,2000.0,4.0,0.0,0.0,0.0,,2026-07-24T11:48:11.948394+08:00
662,2016-10-04,0.0,0.0,0.0,0.0,4.0,0.0,0.0,0.0,,2026-07-24T11:48:11.948394+08:00
662,2016-10-05,10000.0,0.0,0.0,10000.0,4.0,0.0,0.0,0.0,,2026-07-24T11:48:11.948394+08:00
662,2016-10-06,-3000.0,0.0,0.0,-3000.0,4.0,0.0,0.0,0.0,,2026-07-24T11:48:11.948394+08:00
662,2016-10-07,-6000.0,0.0,0.0,-6000.0,4.0,0.0,0.0,0.0,,2026-07-24T11:48:11.948394+08:00
662,2016-10-11,18000.0,0.0,0.0,18000.0,3.0,0.0,-1.0,0.0,,2026-07-24T11:48:11.948394+08:00
662,2016-10-12,38000.0,0.0,0.0,38000.0,3.0,0.0,0.0,0.0,,2026-07-24T11:48:11.948394+08:00
662,2016-10-13,-26000.0,0.0,0.0,-26000.0,3.0,0.0,0.0,0.0,,2026-07-24T11:48:11.948394+08:00
662,2016-10-14,-3000.0,0.0,0.0,-3000.0,3.0,0.0,0.0,0.0,,2026-07-24T11:48:11.948394+08:00
662,2016-10-17,14000.0,0.0,0.0,14000.0,3.0,0.0,0.0,0.0,,2026-07-24T11:48:11.948394+08:00
662,2016-10-18,18000.0,0.0,0.0,18000.0,3.0,0.0,0.0,0.0,,2026-07-24T11:48:11.948394+08:00
662,2016-10-19,-1000.0,0.0,0.0,-1000.0,3.0,0.0,0.0,0.0,,2026-07-24T11:48:11.948394+08:00
662,2016-10-20,63000.0,0.0,0.0,63000.0,3.0,0.0,0.0,0.0,,2026-07-24T11:48:11.948394+08:00
662,2016-10-21,2000.0,0.0,0.0,2000.0,3.0,0.0,0.0,0.0,,2026-07-24T11:48:11.948394+08:00
662,2016-10-24,90000.0,0.0,0.0,90000.0,3.0,0.0,0.0,0.0,,2026-07-24T11:48:11.948394+08:00
662,2016-10-25,-6000.0,0.0,0.0,-6000.0,17.0,0.0,14.0,0.0,,2026-07-24T11:48:11.948394+08:00
662,2016-10-26,12000.0,0.0,0.0,12000.0,3.0,0.0,-14.0,0.0,,2026-07-24T11:48:11.948394+08:00
662,2016-10-27,-14000.0,0.0,0.0,-14000.0,4.0,0.0,1.0,0.0,,2026-07-24T11:48:11.948394+08:00
662,2016-10-28,2000.0,0.0,0.0,2000.0,4.0,0.0,0.0,0.0,,2026-07-24T11:48:11.948394+08:00
662,2016-10-31,2000.0,0.0,0.0,2000.0,4.0,0.0,0.0,0.0,,2026-07-24T11:48:11.948394+08:00
662,2016-11-01,2000.0,0.0,0.0,2000.0,4.0,0.0,0.0,0.0,,2026-07-24T11:48:11.948394+08:00
662,2016-11-02,-175000.0,0.0,0.0,-175000.0,5.0,0.0,1.0,0.0,,2026-07-24T11:48:11.948394+08:00
662,2016-11-03,-121000.0,0.0,0.0,-121000.0,5.0,0.0,0.0,0.0,,2026-07-24T11:48:11.948394+08:00
662,2016-11-04,-317000.0,-195000.0,0.0,-512000.0,5.0,0.0,0.0,0.0,,2026-07-24T11:48:11.948394+08:00
662,2016-11-07,-39000.0,20000.0,0.0,-19000.0,5.0,0.0,0.0,0.0,,2026-07-24T11:48:11.948394+08:00
662,2016-11-08,69000.0,-20000.0,0.0,49000.0,5.0,0.0,0.0,0.0,,2026-07-24T11:48:11.948394+08:00
662,2016-11-09,-32000.0,-25000.0,0.0,-57000.0,5.0,0.0,0.0,0.0,,2026-07-24T11:48:11.948394+08:00
662,2016-11-10,-8000.0,0.0,0.0,-8000.0,3.0,0.0,-2.0,0.0,,2026-07-24T11:48:11.948394+08:00
662,2016-11-11,-5000.0,0.0,0.0,-5000.0,3.0,0.0,0.0,0.0,,2026-07-24T11:48:11.948394+08:00
662,2016-11-14,5000.0,0.0,0.0,5000.0,3.0,0.0,0.0,0.0,,2026-07-24T11:48:11.948394+08:00
662,2016-11-15,-2000.0,0.0,0.0,-2000.0,5.0,0.0,2.0,0.0,,2026-07-24T11:48:11.948394+08:00
662,2016-11-16,86000.0,0.0,0.0,86000.0,4.0,0.0,-1.0,0.0,,2026-07-24T11:48:11.948394+08:00
662,2016-11-17,8000.0,0.0,0.0,8000.0,4.0,0.0,0.0,0.0,,2026-07-24T11:48:11.948394+08:00
662,2016-11-18,7000.0,0.0,0.0,7000.0,4.0,0.0,0.0,0.0,,2026-07-24T11:48:11.948394+08:00
662,2016-11-21,2000.0,-1000.0,0.0,1000.0,5.0,0.0,1.0,0.0,,2026-07-24T11:48:11.948394+08:00
662,2016-11-22,35000.0,0.0,0.0,35000.0,4.0,0.0,-1.0,0.0,,2026-07-24T11:48:11.948394+08:00
662,2016-11-23,4000.0,0.0,0.0,4000.0,3.0,0.0,-1.0,0.0,,2026-07-24T11:48:11.948394+08:00
662,2016-11-24,-29000.0,0.0,0.0,-29000.0,3.0,0.0,0.0,0.0,,2026-07-24T11:48:11.948394+08:00
662,2016-11-25,-3000.0,0.0,0.0,-3000.0,3.0,0.0,0.0,0.0,,2026-07-24T11:48:11.948394+08:00
662,2016-11-28,-15000.0,0.0,0.0,-15000.0,3.0,0.0,0.0,0.0,,2026-07-24T11:48:11.948394+08:00
662,2016-11-29,3000.0,0.0,0.0,3000.0,3.0,0.0,0.0,0.0,,2026-07-24T11:48:11.948394+08:00
662,2016-11-30,15000.0,0.0,0.0,15000.0,3.0,0.0,0.0,0.0,,2026-07-24T11:48:11.948394+08:00
662,2016-12-01,-31000.0,-1000.0,0.0,-32000.0,6.0,0.0,3.0,0.0,,2026-07-24T11:48:11.948394+08:00
662,2016-12-02,-9000.0,0.0,0.0,-9000.0,7.0,0.0,1.0,0.0,,2026-07-24T11:48:11.948394+08:00
662,2016-12-05,4000.0,-1000.0,0.0,3000.0,6.0,0.0,-1.0,0.0,,2026-07-24T11:48:11.948394+08:00
662,2016-12-06,1000.0,0.0,0.0,1000.0,6.0,0.0,0.0,0.0,,2026-07-24T11:48:11.948394+08:00
662,2016-12-07,-2000.0,0.0,0.0,-2000.0,5.0,0.0,-1.0,0.0,,2026-07-24T11:48:11.948394+08:00
662,2016-12-08,-32000.0,0.0,0.0,-32000.0,5.0,0.0,0.0,0.0,,2026-07-24T11:48:11.948394+08:00
662,2016-12-09,26000.0,0.0,0.0,26000.0,5.0,0.0,0.0,0.0,,2026-07-24T11:48:11.948394+08:00
662,2016-12-12,10000.0,0.0,0.0,10000.0,5.0,0.0,0.0,0.0,,2026-07-24T11:48:11.948394+08:00
662,2016-12-13,9000.0,0.0,0.0,9000.0,6.0,0.0,1.0,0.0,,2026-07-24T11:48:11.948394+08:00
662,2016-12-14,69000.0,0.0,0.0,69000.0,6.0,0.0,0.0,0.0,,2026-07-24T11:48:11.948394+08:00
662,2016-12-15,32000.0,0.0,0.0,32000.0,6.0,0.0,0.0,0.0,,2026-07-24T11:48:11.948394+08:00
662,2016-12-16,19000.0,0.0,0.0,19000.0,6.0,0.0,0.0,0.0,,2026-07-24T11:48:11.948394+08:00
662,2016-12-19,9000.0,0.0,0.0,9000.0,3.0,0.0,-3.0,0.0,,2026-07-24T11:48:11.948394+08:00
662,2016-12-20,16000.0,0.0,0.0,16000.0,5.0,0.0,2.0,0.0,,2026-07-24T11:48:11.948394+08:00
662,2016-12-21,0.0,0.0,0.0,0.0,5.0,0.0,0.0,0.0,,2026-07-24T11:48:11.948394+08:00
662,2016-12-22,-11000.0,0.0,0.0,-11000.0,5.0,0.0,0.0,0.0,,2026-07-24T11:48:11.948394+08:00
662,2016-12-23,49000.0,0.0,0.0,49000.0,4.0,0.0,-1.0,0.0,,2026-07-24T11:48:11.948394+08:00
662,2016-12-26,28000.0,0.0,0.0,28000.0,4.0,0.0,0.0,0.0,,2026-07-24T11:48:11.948394+08:00
662,2016-12-27,11000.0,0.0,0.0,11000.0,4.0,0.0,0.0,0.0,,2026-07-24T11:48:11.948394+08:00
662,2016-12-28,35000.0,0.0,0.0,35000.0,3.0,0.0,-1.0,0.0,,2026-07-24T11:48:11.948394+08:00
662,2016-12-29,-40000.0,0.0,0.0,-40000.0,3.0,0.0,0.0,0.0,,2026-07-24T11:48:11.948394+08:00
662,2016-12-30,-3000.0,0.0,0.0,-3000.0,3.0,0.0,0.0,0.0,,2026-07-24T11:48:11.948394+08:00
662,2017-01-03,-56000.0,0.0,0.0,-56000.0,5.0,0.0,2.0,0.0,,2026-07-24T11:48:11.948394+08:00
662,2017-01-04,6000.0,0.0,0.0,6000.0,3.0,0.0,-2.0,0.0,,2026-07-24T11:48:11.948394+08:00
662,2017-01-05,-47000.0,0.0,0.0,-47000.0,3.0,0.0,0.0,0.0,,2026-07-24T11:48:11.948394+08:00
662,2017-01-06,1000.0,0.0,0.0,1000.0,3.0,0.0,0.0,0.0,,2026-07-24T11:48:11.948394+08:00
662,2017-01-09,2000.0,0.0,0.0,2000.0,3.0,0.0,0.0,0.0,,2026-07-24T11:48:11.948394+08:00
662,2017-01-10,14000.0,0.0,0.0,14000.0,3.0,0.0,0.0,0.0,,2026-07-24T11:48:11.948394+08:00
662,2017-01-11,0.0,0.0,0.0,0.0,3.0,0.0,0.0,0.0,,2026-07-24T11:48:11.948394+08:00
662,2017-01-12,-29000.0,0.0,0.0,-29000.0,3.0,0.0,0.0,0.0,,2026-07-24T11:48:11.948394+08:00
662,2017-01-13,8000.0,0.0,0.0,8000.0,3.0,0.0,0.0,0.0,,2026-07-24T11:48:11.948394+08:00
662,2017-01-16,12000.0,0.0,0.0,12000.0,3.0,0.0,0.0,0.0,,2026-07-24T11:48:11.948394+08:00
662,2017-01-17,-4000.0,0.0,0.0,-4000.0,3.0,0.0,0.0,0.0,,2026-07-24T11:48:11.948394+08:00
662,2017-01-18,11000.0,0.0,0.0,11000.0,3.0,0.0,0.0,0.0,,2026-07-24T11:48:11.948394+08:00
662,2017-01-19,-26000.0,0.0,0.0,-26000.0,5.0,0.0,2.0,0.0,,2026-07-24T11:48:11.948394+08:00
662,2017-01-20,-3000.0,0.0,0.0,-3000.0,11.0,0.0,6.0,0.0,,2026-07-24T11:48:11.948394+08:00
662,2017-01-23,4000.0,0.0,0.0,4000.0,3.0,0.0,-8.0,0.0,,2026-07-24T11:48:11.948394+08:00
662,2017-01-24,-7186.0,0.0,0.0,-7186.0,3.0,0.0,0.0,0.0,,2026-07-24T11:48:11.948394+08:00
662,2017-02-02,-20000.0,0.0,0.0,-20000.0,1.0,0.0,-2.0,0.0,,2026-07-24T11:48:11.948394+08:00
662,2017-02-03,4000.0,0.0,0.0,4000.0,1.0,0.0,0.0,0.0,,2026-07-24T11:48:11.948394+08:00
662,2017-02-06,-10000.0,0.0,0.0,-10000.0,1.0,0.0,0.0,0.0,,2026-07-24T11:48:11.948394+08:00
662,2017-02-07,10000.0,1000.0,0.0,11000.0,1.0,0.0,0.0,0.0,,2026-07-24T11:48:11.948394+08:00
662,2017-02-08,0.0,0.0,0.0,0.0,1.0,0.0,0.0,0.0,,2026-07-24T11:48:11.948394+08:00
662,2017-02-09,-26000.0,1000.0,0.0,-25000.0,1.0,0.0,0.0,0.0,,2026-07-24T11:48:11.948394+08:00
662,2017-02-10,-26000.0,0.0,0.0,-26000.0,51.0,0.0,50.0,0.0,,2026-07-24T11:48:11.948394+08:00
662,2017-02-13,-8000.0,1000.0,0.0,-7000.0,51.0,0.0,0.0,0.0,,2026-07-24T11:48:11.948394+08:00
662,2017-02-14,-30000.0,-2000.0,0.0,-32000.0,55.0,0.0,4.0,0.0,,2026-07-24T11:48:11.948394+08:00
662,2017-02-15,295000.0,-1000.0,0.0,294000.0,55.0,0.0,0.0,0.0,,2026-07-24T11:48:11.948394+08:00
662,2017-02-16,176000.0,0.0,0.0,176000.0,55.0,1.0,0.0,1.0,,2026-07-24T11:48:11.948394+08:00
662,2017-02-17,9000.0,0.0,0.0,9000.0,52.0,1.0,-3.0,0.0,,2026-07-24T11:48:11.948394+08:00
662,2017-02-18,3000.0,0.0,0.0,3000.0,52.0,1.0,0.0,0.0,,2026-07-24T11:48:11.948394+08:00
662,2017-02-20,-7000.0,0.0,0.0,-7000.0,52.0,1.0,0.0,0.0,,2026-07-24T11:48:11.948394+08:00
662,2017-02-21,-9000.0,0.0,0.0,-9000.0,62.0,0.0,10.0,-1.0,,2026-07-24T11:48:11.948394+08:00
662,2017-02-22,-1000.0,0.0,0.0,-1000.0,59.0,0.0,-3.0,0.0,,2026-07-24T11:48:11.948394+08:00
662,2017-02-23,-13000.0,0.0,0.0,-13000.0,51.0,0.0,-8.0,0.0,,2026-07-24T11:48:11.948394+08:00
662,2017-02-24,-7000.0,0.0,0.0,-7000.0,51.0,0.0,0.0,0.0,,2026-07-24T11:48:11.948394+08:00
662,2017-03-01,-15000.0,0.0,0.0,-15000.0,51.0,0.0,0.0,0.0,,2026-07-24T11:48:11.948394+08:00
662,2017-03-02,-48000.0,0.0,0.0,-48000.0,51.0,0.0,0.0,0.0,,2026-07-24T11:48:11.948394+08:00
662,2017-03-03,2000.0,0.0,0.0,2000.0,51.0,0.0,0.0,0.0,,2026-07-24T11:48:11.948394+08:00
662,2017-03-06,47000.0,0.0,0.0,47000.0,1.0,0.0,-50.0,0.0,,2026-07-24T11:48:11.948394+08:00
662,2017-03-07,-11000.0,-21000.0,0.0,-32000.0,1.0,0.0,0.0,0.0,,2026-07-24T11:48:11.948394+08:00
662,2017-03-08,-30000.0,0.0,0.0,-30000.0,1.0,0.0,0.0,0.0,,2026-07-24T11:48:11.948394+08:00
662,2017-03-09,-16000.0,0.0,0.0,-16000.0,1.0,0.0,0.0,0.0,,2026-07-24T11:48:11.948394+08:00
662,2017-03-10,0.0,0.0,0.0,0.0,1.0,0.0,0.0,0.0,,2026-07-24T11:48:11.948394+08:00
662,2017-03-13,-13000.0,0.0,0.0,-13000.0,1.0,0.0,0.0,0.0,,2026-07-24T11:48:11.948394+08:00
662,2017-03-14,-249000.0,0.0,0.0,-249000.0,1.0,0.0,0.0,0.0,,2026-07-24T11:48:11.948394+08:00
662,2017-03-15,-968000.0,0.0,0.0,-968000.0,1.0,0.0,0.0,0.0,,2026-07-24T11:48:11.948394+08:00
662,2017-03-16,-52000.0,0.0,0.0,-52000.0,1.0,0.0,0.0,0.0,,2026-07-24T11:48:11.948394+08:00
662,2017-03-17,2000.0,-1000.0,0.0,1000.0,1.0,0.0,0.0,0.0,,2026-07-24T11:48:11.948394+08:00
662,2017-03-20,-3000.0,-1000.0,0.0,-4000.0,1.0,0.0,0.0,0.0,,2026-07-24T11:48:11.948394+08:00
662,2017-03-21,-13000.0,0.0,0.0,-13000.0,6.0,0.0,5.0,0.0,,2026-07-24T11:48:11.948394+08:00
662,2017-03-22,-15000.0,0.0,0.0,-15000.0,1.0,0.0,-5.0,0.0,,2026-07-24T11:48:11.948394+08:00
662,2017-03-23,-22000.0,0.0,0.0,-22000.0,1.0,0.0,0.0,0.0,,2026-07-24T11:48:11.948394+08:00
662,2017-03-24,-2000.0,0.0,0.0,-2000.0,1.0,0.0,0.0,0.0,,2026-07-24T11:48:11.948394+08:00
662,2017-03-27,42000.0,0.0,0.0,42000.0,1.0,0.0,0.0,0.0,,2026-07-24T11:48:11.948394+08:00
662,2017-03-28,-1000.0,0.0,0.0,-1000.0,1.0,0.0,0.0,0.0,,2026-07-24T11:48:11.948394+08:00
662,2017-03-29,-1507000.0,0.0,0.0,-1507000.0,1.0,0.0,0.0,0.0,,2026-07-24T11:48:11.948394+08:00
662,2017-03-30,-220000.0,0.0,0.0,-220000.0,1.0,0.0,0.0,0.0,,2026-07-24T11:48:11.948394+08:00
662,2017-03-31,-240000.0,-34000.0,0.0,-274000.0,1.0,0.0,0.0,0.0,,2026-07-24T11:48:11.948394+08:00
662,2017-04-05,-3000.0,0.0,0.0,-3000.0,1.0,0.0,0.0,0.0,,2026-07-24T11:48:11.948394+08:00
662,2017-04-06,-40000.0,0.0,0.0,-40000.0,1.0,0.0,0.0,0.0,,2026-07-24T11:48:11.948394+08:00
662,2017-04-07,45000.0,0.0,0.0,45000.0,1.0,0.0,0.0,0.0,,2026-07-24T11:48:11.948394+08:00
662,2017-04-10,23000.0,-3000.0,0.0,20000.0,1.0,0.0,0.0,0.0,,2026-07-24T11:48:11.948394+08:00
662,2017-04-11,4000.0,0.0,0.0,4000.0,1.0,0.0,0.0,0.0,,2026-07-24T11:48:11.948394+08:00
662,2017-04-12,16000.0,0.0,0.0,16000.0,1.0,0.0,0.0,0.0,,2026-07-24T11:48:11.948394+08:00
662,2017-04-13,27000.0,-20000.0,0.0,7000.0,1.0,0.0,0.0,0.0,,2026-07-24T11:48:11.948394+08:00
662,2017-04-14,-2000.0,0.0,0.0,-2000.0,1.0,0.0,0.0,0.0,,2026-07-24T11:48:11.948394+08:00
662,2017-04-17,-36000.0,0.0,0.0,-36000.0,1.0,0.0,0.0,0.0,,2026-07-24T11:48:11.948394+08:00
662,2017-04-18,2000.0,0.0,0.0,2000.0,1.0,0.0,0.0,0.0,,2026-07-24T11:48:11.948394+08:00
662,2017-04-19,-2000.0,0.0,0.0,-2000.0,1.0,0.0,0.0,0.0,,2026-07-24T11:48:11.948394+08:00
662,2017-04-20,-27000.0,0.0,0.0,-27000.0,1.0,0.0,0.0,0.0,,2026-07-24T11:48:11.948394+08:00
662,2017-04-21,-64500.0,0.0,0.0,-64500.0,1.0,0.0,0.0,0.0,,2026-07-24T11:48:11.948394+08:00
662,2017-04-24,500.0,0.0,0.0,500.0,1.0,0.0,0.0,0.0,,2026-07-24T11:48:11.948394+08:00
662,2017-04-25,55000.0,0.0,0.0,55000.0,1.0,0.0,0.0,0.0,,2026-07-24T11:48:11.948394+08:00
662,2017-04-26,-37000.0,0.0,0.0,-37000.0,1.0,0.0,0.0,0.0,,2026-07-24T11:48:11.948394+08:00
662,2017-04-27,-23000.0,0.0,0.0,-23000.0,1.0,0.0,0.0,0.0,,2026-07-24T11:48:11.948394+08:00
662,2017-04-28,8000.0,0.0,0.0,8000.0,1.0,0.0,0.0,0.0,,2026-07-24T11:48:11.948394+08:00
662,2017-05-02,10000.0,0.0,0.0,10000.0,1.0,0.0,0.0,0.0,,2026-07-24T11:48:11.948394+08:00
662,2017-05-03,-3000.0,0.0,0.0,-3000.0,1.0,0.0,0.0,0.0,,2026-07-24T11:48:11.948394+08:00
662,2017-05-04,-16000.0,0.0,0.0,-16000.0,1.0,0.0,0.0,0.0,,2026-07-24T11:48:11.948394+08:00
662,2017-05-05,19000.0,0.0,0.0,19000.0,1.0,0.0,0.0,0.0,,2026-07-24T11:48:11.948394+08:00
662,2017-05-08,-37000.0,0.0,0.0,-37000.0,1.0,0.0,0.0,0.0,,2026-07-24T11:48:11.948394+08:00
662,2017-05-09,16000.0,0.0,0.0,16000.0,1.0,0.0,0.0,0.0,,2026-07-24T11:48:11.948394+08:00
662,2017-05-10,-25000.0,0.0,0.0,-25000.0,1.0,0.0,0.0,0.0,,2026-07-24T11:48:11.948394+08:00
662,2017-05-11,-35000.0,0.0,0.0,-35000.0,1.0,0.0,0.0,0.0,,2026-07-24T11:48:11.948394+08:00
662,2017-05-12,12000.0,-2000.0,0.0,10000.0,1.0,0.0,0.0,0.0,,2026-07-24T11:48:11.948394+08:00
662,2017-05-15,-1000.0,0.0,0.0,-1000.0,1.0,0.0,0.0,0.0,,2026-07-24T11:48:11.948394+08:00
662,2017-05-16,-32000.0,-3000.0,0.0,-35000.0,1.0,0.0,0.0,0.0,,2026-07-24T11:48:11.948394+08:00
662,2017-05-17,0.0,0.0,0.0,0.0,1.0,0.0,0.0,0.0,,2026-07-24T11:48:11.948394+08:00
662,2017-05-18,23000.0,0.0,0.0,23000.0,1.0,0.0,0.0,0.0,,2026-07-24T11:48:11.948394+08:00
662,2017-05-19,34000.0,-20000.0,0.0,14000.0,1.0,0.0,0.0,0.0,,2026-07-24T11:48:11.948394+08:00
662,2017-05-22,447000.0,-269000.0,0.0,178000.0,1.0,0.0,0.0,0.0,,2026-07-24T11:48:11.948394+08:00
662,2017-05-23,716000.0,0.0,0.0,716000.0,1.0,0.0,0.0,0.0,,2026-07-24T11:48:11.948394+08:00
662,2017-05-24,-23000.0,0.0,0.0,-23000.0,1.0,0.0,0.0,0.0,,2026-07-24T11:48:11.948394+08:00
662,2017-05-25,-15000.0,0.0,0.0,-15000.0,1.0,0.0,0.0,0.0,,2026-07-24T11:48:11.948394+08:00
662,2017-05-26,-51000.0,0.0,0.0,-51000.0,1.0,0.0,0.0,0.0,,2026-07-24T11:48:11.948394+08:00
662,2017-05-31,-22000.0,0.0,0.0,-22000.0,1.0,0.0,0.0,0.0,,2026-07-24T11:48:11.948394+08:00
662,2017-06-01,-23000.0,0.0,0.0,-23000.0,1.0,0.0,0.0,0.0,,2026-07-24T11:48:11.948394+08:00
662,2017-06-02,-32000.0,0.0,0.0,-32000.0,1.0,0.0,0.0,0.0,,2026-07-24T11:48:11.948394+08:00
662,2017-06-03,3000.0,0.0,0.0,3000.0,1.0,0.0,0.0,0.0,,2026-07-24T11:48:11.948394+08:00
662,2017-06-05,-15000.0,0.0,0.0,-15000.0,1.0,0.0,0.0,0.0,,2026-07-24T11:48:11.948394+08:00
662,2017-06-06,-820000.0,0.0,0.0,-820000.0,1.0,0.0,0.0,0.0,,2026-07-24T11:48:11.948394+08:00
662,2017-06-07,-244000.0,0.0,0.0,-244000.0,1.0,0.0,0.0,0.0,,2026-07-24T11:48:11.948394+08:00
662,2017-06-08,-456000.0,-163000.0,0.0,-619000.0,1.0,0.0,0.0,0.0,,2026-07-24T11:48:11.948394+08:00
662,2017-06-09,-12000.0,0.0,0.0,-12000.0,1.0,0.0,0.0,0.0,,2026-07-24T11:48:11.948394+08:00
662,2017-06-12,-76000.0,-3000.0,0.0,-79000.0,1.0,0.0,0.0,0.0,,2026-07-24T11:48:11.948394+08:00
662,2017-06-13,-42000.0,0.0,0.0,-42000.0,1.0,0.0,0.0,0.0,,2026-07-24T11:48:11.948394+08:00
662,2017-06-14,-19000.0,0.0,0.0,-19000.0,1.0,0.0,0.0,0.0,,2026-07-24T11:48:11.948394+08:00
662,2017-06-15,-6000.0,-57000.0,0.0,-63000.0,1.0,0.0,0.0,0.0,,2026-07-24T11:48:11.948394+08:00
662,2017-06-16,-35000.0,0.0,0.0,-35000.0,1.0,0.0,0.0,0.0,,2026-07-24T11:48:11.948394+08:00
662,2017-06-19,72000.0,-104000.0,0.0,-32000.0,1.0,0.0,0.0,0.0,,2026-07-24T11:48:11.948394+08:00
662,2017-06-20,-34000.0,0.0,0.0,-34000.0,1.0,0.0,0.0,0.0,,2026-07-24T11:48:11.948394+08:00
662,2017-06-21,-319000.0,-210000.0,0.0,-529000.0,1.0,0.0,0.0,0.0,,2026-07-24T11:48:11.948394+08:00
662,2017-06-22,-412000.0,0.0,0.0,-412000.0,1.0,0.0,0.0,0.0,,2026-07-24T11:48:11.948394+08:00
662,2017-06-23,-4000.0,0.0,0.0,-4000.0,1.0,0.0,0.0,0.0,,2026-07-24T11:48:11.948394+08:00
662,2017-06-26,-19000.0,0.0,0.0,-19000.0,1.0,0.0,0.0,0.0,,2026-07-24T11:48:11.948394+08:00
662,2017-06-27,5000.0,0.0,0.0,5000.0,1.0,0.0,0.0,0.0,,2026-07-24T11:48:11.948394+08:00
662,2017-06-28,197000.0,0.0,0.0,197000.0,1.0,0.0,0.0,0.0,,2026-07-24T11:48:11.948394+08:00
662,2017-06-29,23000.0,27000.0,0.0,50000.0,1.0,0.0,0.0,0.0,,2026-07-24T11:48:11.948394+08:00
662,2017-06-30,-62000.0,15000.0,0.0,-47000.0,1.0,0.0,0.0,0.0,,2026-07-24T11:48:11.948394+08:00
662,2017-07-03,-48000.0,0.0,0.0,-48000.0,51.0,0.0,50.0,0.0,,2026-07-24T11:48:11.948394+08:00
662,2017-07-04,-45000.0,0.0,0.0,-45000.0,61.0,0.0,10.0,0.0,,2026-07-24T11:48:11.948394+08:00
662,2017-07-05,345000.0,0.0,0.0,345000.0,71.0,0.0,10.0,0.0,,2026-07-24T11:48:11.948394+08:00
662,2017-07-06,429000.0,0.0,0.0,429000.0,71.0,0.0,0.0,0.0,,2026-07-24T11:48:11.948394+08:00
662,2017-07-07,-7000.0,0.0,0.0,-7000.0,81.0,0.0,10.0,0.0,,2026-07-24T11:48:11.948394+08:00
662,2017-07-10,-59000.0,0.0,0.0,-59000.0,101.0,0.0,20.0,0.0,,2026-07-24T11:48:11.948394+08:00
662,2017-07-11,-65000.0,0.0,0.0,-65000.0,101.0,0.0,0.0,0.0,,2026-07-24T11:48:11.948394+08:00
662,2017-07-12,-29000.0,5000.0,0.0,-24000.0,101.0,0.0,0.0,0.0,,2026-07-24T11:48:11.948394+08:00
662,2017-07-13,542000.0,0.0,0.0,542000.0,101.0,0.0,0.0,0.0,,2026-07-24T11:48:11.948394+08:00
662,2017-07-14,114000.0,0.0,0.0,114000.0,101.0,0.0,0.0,0.0,,2026-07-24T11:48:11.948394+08:00
662,2017-07-17,-36000.0,0.0,0.0,-36000.0,101.0,0.0,0.0,0.0,,2026-07-24T11:48:11.948394+08:00
662,2017-07-18,114000.0,0.0,0.0,114000.0,1.0,0.0,-100.0,0.0,,2026-07-24T11:48:11.948394+08:00
662,2017-07-19,25000.0,0.0,0.0,25000.0,1.0,0.0,0.0,0.0,,2026-07-24T11:48:11.948394+08:00
662,2017-07-20,-164000.0,150000.0,0.0,-14000.0,0.0,0.0,-1.0,0.0,,2026-07-24T11:48:11.948394+08:00
662,2017-07-21,618000.0,0.0,0.0,618000.0,0.0,0.0,0.0,0.0,,2026-07-24T11:48:11.948394+08:00
662,2017-07-24,109000.0,0.0,0.0,109000.0,0.0,0.0,0.0,0.0,,2026-07-24T11:48:11.948394+08:00
662,2017-07-25,24000.0,0.0,0.0,24000.0,0.0,0.0,0.0,0.0,,2026-07-24T11:48:11.948394+08:00
662,2017-07-26,-7000.0,0.0,0.0,-7000.0,0.0,0.0,0.0,0.0,,2026-07-24T11:48:11.948394+08:00
662,2017-07-27,-6000.0,0.0,0.0,-6000.0,0.0,0.0,0.0,0.0,,2026-07-24T11:48:11.948394+08:00
662,2017-07-28,-1000.0,0.0,0.0,-1000.0,0.0,0.0,0.0,0.0,,2026-07-24T11:48:11.948394+08:00
662,2017-07-31,52000.0,0.0,0.0,52000.0,0.0,0.0,0.0,0.0,,2026-07-24T11:48:11.948394+08:00
662,2017-08-01,13000.0,0.0,0.0,13000.0,0.0,0.0,0.0,0.0,,2026-07-24T11:48:11.948394+08:00
662,2017-08-02,9000.0,0.0,0.0,9000.0,0.0,0.0,0.0,0.0,,2026-07-24T11:48:11.948394+08:00
662,2017-08-03,120000.0,0.0,0.0,120000.0,0.0,0.0,0.0,0.0,,2026-07-24T11:48:11.948394+08:00
662,2017-08-04,127000.0,0.0,0.0,127000.0,0.0,0.0,0.0,0.0,,2026-07-24T11:48:11.948394+08:00
662,2017-08-07,-34000.0,122.0,0.0,-33878.0,0.0,0.0,0.0,0.0,,2026-07-24T11:48:11.948394+08:00
662,2017-08-08,-19000.0,3000.0,0.0,-16000.0,0.0,0.0,0.0,0.0,,2026-07-24T11:48:11.948394+08:00
662,2017-08-09,-81000.0,20000.0,0.0,-61000.0,0.0,0.0,0.0,0.0,,2026-07-24T11:48:11.948394+08:00
662,2017-08-10,-11000.0,0.0,0.0,-11000.0,0.0,0.0,0.0,0.0,,2026-07-24T11:48:11.948394+08:00
662,2017-08-11,-27000.0,0.0,0.0,-27000.0,2.0,0.0,2.0,0.0,,2026-07-24T11:48:11.948394+08:00
662,2017-08-14,38000.0,0.0,0.0,38000.0,2.0,0.0,0.0,0.0,,2026-07-24T11:48:11.948394+08:00
662,2017-08-15,8000.0,3000.0,0.0,11000.0,2.0,0.0,0.0,0.0,,2026-07-24T11:48:11.948394+08:00
662,2017-08-16,-52000.0,22000.0,0.0,-30000.0,0.0,0.0,-2.0,0.0,,2026-07-24T11:48:11.948394+08:00
662,2017-08-17,-17000.0,0.0,0.0,-17000.0,0.0,0.0,0.0,0.0,,2026-07-24T11:48:11.948394+08:00
662,2017-08-18,-33000.0,28000.0,0.0,-5000.0,0.0,0.0,0.0,0.0,,2026-07-24T11:48:11.948394+08:00
662,2017-08-21,-32000.0,0.0,0.0,-32000.0,0.0,0.0,0.0,0.0,,2026-07-24T11:48:11.948394+08:00
662,2017-08-22,-36000.0,0.0,0.0,-36000.0,0.0,0.0,0.0,0.0,,2026-07-24T11:48:11.948394+08:00
662,2017-08-23,41000.0,0.0,0.0,41000.0,0.0,0.0,0.0,0.0,,2026-07-24T11:48:11.948394+08:00
662,2017-08-24,-21000.0,0.0,0.0,-21000.0,0.0,0.0,0.0,0.0,,2026-07-24T11:48:11.948394+08:00
662,2017-08-25,-18000.0,0.0,0.0,-18000.0,0.0,0.0,0.0,0.0,,2026-07-24T11:48:11.948394+08:00
662,2017-08-28,-43000.0,-6000.0,0.0,-49000.0,0.0,0.0,0.0,0.0,,2026-07-24T11:48:11.948394+08:00
662,2017-08-29,-12000.0,0.0,0.0,-12000.0,0.0,0.0,0.0,0.0,,2026-07-24T11:48:11.948394+08:00
662,2017-08-30,-244000.0,0.0,0.0,-244000.0,0.0,0.0,0.0,0.0,,2026-07-24T11:48:11.948394+08:00
662,2017-08-31,-128000.0,-20000.0,0.0,-148000.0,0.0,0.0,0.0,0.0,,2026-07-24T11:48:11.948394+08:00
662,2017-09-01,43000.0,0.0,0.0,43000.0,0.0,0.0,0.0,0.0,,2026-07-24T11:48:11.948394+08:00
662,2017-09-04,67000.0,106000.0,0.0,173000.0,0.0,0.0,0.0,0.0,,2026-07-24T11:48:11.948394+08:00
662,2017-09-05,0.0,0.0,0.0,0.0,0.0,0.0,0.0,0.0,,2026-07-24T11:48:11.948394+08:00
662,2017-09-06,-21000.0,0.0,0.0,-21000.0,0.0,0.0,0.0,0.0,,2026-07-24T11:48:11.948394+08:00
662,2017-09-07,-10000.0,-9000.0,0.0,-19000.0,0.0,0.0,0.0,0.0,,2026-07-24T11:48:11.948394+08:00
662,2017-09-08,39000.0,-43000.0,0.0,-4000.0,0.0,0.0,0.0,0.0,,2026-07-24T11:48:11.948394+08:00
662,2017-09-11,-2000.0,0.0,0.0,-2000.0,0.0,0.0,0.0,0.0,,2026-07-24T11:48:11.948394+08:00
662,2017-09-12,-3000.0,0.0,0.0,-3000.0,0.0,0.0,0.0,0.0,,2026-07-24T11:48:11.948394+08:00
662,2017-09-13,77000.0,-2000.0,0.0,75000.0,0.0,0.0,0.0,0.0,,2026-07-24T11:48:11.948394+08:00
662,2017-09-14,15000.0,0.0,0.0,15000.0,0.0,0.0,0.0,0.0,,2026-07-24T11:48:11.948394+08:00
662,2017-09-15,20000.0,-23000.0,0.0,-3000.0,0.0,0.0,0.0,0.0,,2026-07-24T11:48:11.948394+08:00
662,2017-09-18,-7000.0,0.0,0.0,-7000.0,0.0,0.0,0.0,0.0,,2026-07-24T11:48:11.948394+08:00
662,2017-09-19,115000.0,100000.0,0.0,215000.0,0.0,0.0,0.0,0.0,,2026-07-24T11:48:11.948394+08:00
662,2017-09-20,-32000.0,321000.0,0.0,289000.0,0.0,0.0,0.0,0.0,,2026-07-24T11:48:11.948394+08:00
662,2017-09-21,126000.0,0.0,0.0,126000.0,0.0,0.0,0.0,0.0,,2026-07-24T11:48:11.948394+08:00
662,2017-09-22,115000.0,0.0,0.0,115000.0,0.0,0.0,0.0,0.0,,2026-07-24T11:48:11.948394+08:00
662,2017-09-25,83000.0,238000.0,0.0,321000.0,0.0,0.0,0.0,0.0,,2026-07-24T11:48:11.948394+08:00
662,2017-09-26,-57000.0,20000.0,0.0,-37000.0,0.0,0.0,0.0,0.0,,2026-07-24T11:48:11.948394+08:00
662,2017-09-27,-37000.0,0.0,0.0,-37000.0,0.0,0.0,0.0,0.0,,2026-07-24T11:48:11.948394+08:00
662,2017-09-28,-22000.0,0.0,0.0,-22000.0,0.0,0.0,0.0,0.0,,2026-07-24T11:48:11.948394+08:00
662,2017-09-29,-2000.0,0.0,0.0,-2000.0,0.0,0.0,0.0,0.0,,2026-07-24T11:48:11.948394+08:00
662,2017-09-30,16000.0,0.0,0.0,16000.0,0.0,0.0,0.0,0.0,,2026-07-24T11:48:11.948394+08:00
662,2017-10-02,148000.0,0.0,0.0,148000.0,0.0,0.0,0.0,0.0,,2026-07-24T11:48:11.948394+08:00
662,2017-10-03,0.0,0.0,0.0,0.0,0.0,0.0,0.0,0.0,,2026-07-24T11:48:11.948394+08:00
662,2017-10-05,14000.0,0.0,0.0,14000.0,2.0,0.0,2.0,0.0,,2026-07-24T11:48:11.948394+08:00
662,2017-10-06,-4000.0,0.0,0.0,-4000.0,7.0,0.0,5.0,0.0,,2026-07-24T11:48:11.948394+08:00
662,2017-10-11,-2000.0,0.0,0.0,-2000.0,7.0,0.0,0.0,0.0,,2026-07-24T11:48:11.948394+08:00
662,2017-10-12,-22000.0,0.0,0.0,-22000.0,7.0,0.0,0.0,0.0,,2026-07-24T11:48:11.948394+08:00
662,2017-10-13,95000.0,-123000.0,0.0,-28000.0,0.0,0.0,-7.0,0.0,,2026-07-24T11:48:11.948394+08:00
662,2017-10-16,12000.0,-32000.0,0.0,-20000.0,0.0,0.0,0.0,0.0,,2026-07-24T11:48:11.948394+08:00
662,2017-10-17,-38000.0,0.0,0.0,-38000.0,2.0,0.0,2.0,0.0,,2026-07-24T11:48:11.948394+08:00
662,2017-10-18,-2000.0,0.0,0.0,-2000.0,2.0,0.0,0.0,0.0,,2026-07-24T11:48:11.948394+08:00
662,2017-10-19,-22000.0,0.0,0.0,-22000.0,7.0,0.0,5.0,0.0,,2026-07-24T11:48:11.948394+08:00
662,2017-10-20,-1000.0,0.0,0.0,-1000.0,7.0,0.0,0.0,0.0,,2026-07-24T11:48:11.948394+08:00
662,2017-10-23,-3000.0,0.0,0.0,-3000.0,7.0,0.0,0.0,0.0,,2026-07-24T11:48:11.948394+08:00
662,2017-10-24,36000.0,-31000.0,0.0,5000.0,2.0,0.0,-5.0,0.0,,2026-07-24T11:48:11.948394+08:00
662,2017-10-25,2000.0,0.0,0.0,2000.0,2.0,0.0,0.0,0.0,,2026-07-24T11:48:11.948394+08:00
662,2017-10-26,-30000.0,-17000.0,0.0,-47000.0,2.0,0.0,0.0,0.0,,2026-07-24T11:48:11.948394+08:00
662,2017-10-27,325000.0,0.0,0.0,325000.0,5.0,0.0,3.0,0.0,,2026-07-24T11:48:11.948394+08:00
662,2017-10-30,-7000.0,-1000.0,0.0,-8000.0,7.0,0.0,2.0,0.0,,2026-07-24T11:48:11.948394+08:00
662,2017-10-31,259000.0,0.0,0.0,259000.0,2.0,0.0,-5.0,0.0,,2026-07-24T11:48:11.948394+08:00
662,2017-11-01,193000.0,0.0,0.0,193000.0,2.0,0.0,0.0,0.0,,2026-07-24T11:48:11.948394+08:00
662,2017-11-02,-61000.0,0.0,0.0,-61000.0,2.0,0.0,0.0,0.0,,2026-07-24T11:48:11.948394+08:00
662,2017-11-03,123000.0,0.0,0.0,123000.0,0.0,0.0,-2.0,0.0,,2026-07-24T11:48:11.948394+08:00
662,2017-11-06,-57000.0,21000.0,0.0,-36000.0,0.0,0.0,0.0,0.0,,2026-07-24T11:48:11.948394+08:00
662,2017-11-07,238000.0,0.0,0.0,238000.0,0.0,0.0,0.0,0.0,,2026-07-24T11:48:11.948394+08:00
662,2017-11-08,100000.0,0.0,0.0,100000.0,0.0,0.0,0.0,0.0,,2026-07-24T11:48:11.948394+08:00
662,2017-11-09,-43000.0,0.0,0.0,-43000.0,0.0,0.0,0.0,0.0,,2026-07-24T11:48:11.948394+08:00
662,2017-11-10,9000.0,0.0,0.0,9000.0,0.0,0.0,0.0,0.0,,2026-07-24T11:48:11.948394+08:00
662,2017-11-13,-35000.0,0.0,0.0,-35000.0,0.0,0.0,0.0,0.0,,2026-07-24T11:48:11.948394+08:00
662,2017-11-14,-37000.0,0.0,0.0,-37000.0,0.0,0.0,0.0,0.0,,2026-07-24T11:48:11.948394+08:00
662,2017-11-15,-33000.0,0.0,0.0,-33000.0,0.0,0.0,0.0,0.0,,2026-07-24T11:48:11.948394+08:00
662,2017-11-16,-48000.0,-6000.0,0.0,-54000.0,0.0,0.0,0.0,0.0,,2026-07-24T11:48:11.948394+08:00
662,2017-11-17,-8000.0,0.0,0.0,-8000.0,0.0,0.0,0.0,0.0,,2026-07-24T11:48:11.948394+08:00
662,2017-11-20,-10000.0,0.0,0.0,-10000.0,0.0,0.0,0.0,0.0,,2026-07-24T11:48:11.948394+08:00
662,2017-11-21,-7000.0,0.0,0.0,-7000.0,0.0,0.0,0.0,0.0,,2026-07-24T11:48:11.948394+08:00
662,2017-11-22,15000.0,-69000.0,0.0,-54000.0,0.0,0.0,0.0,0.0,,2026-07-24T11:48:11.948394+08:00
662,2017-11-23,-23000.0,0.0,0.0,-23000.0,0.0,0.0,0.0,0.0,,2026-07-24T11:48:11.948394+08:00
662,2017-11-24,229000.0,0.0,0.0,229000.0,0.0,0.0,0.0,0.0,,2026-07-24T11:48:11.948394+08:00
662,2017-11-27,244000.0,0.0,0.0,244000.0,0.0,0.0,0.0,0.0,,2026-07-24T11:48:11.948394+08:00
662,2017-11-28,-11000.0,0.0,0.0,-11000.0,0.0,0.0,0.0,0.0,,2026-07-24T11:48:11.948394+08:00
662,2017-11-29,45000.0,-5000.0,0.0,40000.0,0.0,0.0,0.0,0.0,,2026-07-24T11:48:11.948394+08:00
662,2017-11-30,-34000.0,0.0,0.0,-34000.0,0.0,0.0,0.0,0.0,,2026-07-24T11:48:11.948394+08:00
662,2017-12-01,6000.0,0.0,0.0,6000.0,0.0,0.0,0.0,0.0,,2026-07-24T11:48:11.948394+08:00
662,2017-12-04,3000.0,0.0,0.0,3000.0,0.0,0.0,0.0,0.0,,2026-07-24T11:48:11.948394+08:00
662,2017-12-05,193000.0,0.0,0.0,193000.0,0.0,0.0,0.0,0.0,,2026-07-24T11:48:11.948394+08:00
662,2017-12-06,-49000.0,0.0,0.0,-49000.0,0.0,0.0,0.0,0.0,,2026-07-24T11:48:11.948394+08:00
662,2017-12-07,2000.0,0.0,0.0,2000.0,0.0,0.0,0.0,0.0,,2026-07-24T11:48:11.948394+08:00
662,2017-12-08,4000.0,0.0,0.0,4000.0,0.0,0.0,0.0,0.0,,2026-07-24T11:48:11.948394+08:00
662,2017-12-11,-23000.0,0.0,0.0,-23000.0,0.0,0.0,0.0,0.0,,2026-07-24T11:48:11.948394+08:00
662,2017-12-12,27000.0,0.0,0.0,27000.0,0.0,0.0,0.0,0.0,,2026-07-24T11:48:11.948394+08:00
662,2017-12-13,0.0,0.0,0.0,0.0,0.0,0.0,0.0,0.0,,2026-07-24T11:48:11.948394+08:00
662,2017-12-14,-16000.0,0.0,0.0,-16000.0,0.0,0.0,0.0,0.0,,2026-07-24T11:48:11.948394+08:00
662,2017-12-15,5000.0,0.0,0.0,5000.0,0.0,0.0,0.0,0.0,,2026-07-24T11:48:11.948394+08:00
662,2017-12-18,-24000.0,0.0,0.0,-24000.0,0.0,0.0,0.0,0.0,,2026-07-24T11:48:11.948394+08:00
662,2017-12-19,-1000.0,0.0,0.0,-1000.0,0.0,0.0,0.0,0.0,,2026-07-24T11:48:11.948394+08:00
662,2017-12-20,-3000.0,0.0,0.0,-3000.0,0.0,0.0,0.0,0.0,,2026-07-24T11:48:11.948394+08:00
662,2017-12-21,-29000.0,0.0,0.0,-29000.0,0.0,0.0,0.0,0.0,,2026-07-24T11:48:11.948394+08:00
662,2017-12-22,0.0,0.0,0.0,0.0,0.0,0.0,0.0,0.0,,2026-07-24T11:48:11.948394+08:00
662,2017-12-25,-25000.0,0.0,0.0,-25000.0,0.0,0.0,0.0,0.0,,2026-07-24T11:48:11.948394+08:00
662,2017-12-26,-25000.0,0.0,0.0,-25000.0,0.0,0.0,0.0,0.0,,2026-07-24T11:48:11.948394+08:00
662,2017-12-27,-9000.0,0.0,0.0,-9000.0,0.0,0.0,0.0,0.0,,2026-07-24T11:48:11.948394+08:00
662,2017-12-28,-20000.0,0.0,0.0,-20000.0,0.0,0.0,0.0,0.0,,2026-07-24T11:48:11.948394+08:00
662,2017-12-29,-125000.0,0.0,0.0,-125000.0,0.0,0.0,0.0,0.0,,2026-07-24T11:48:11.948394+08:00
662,2018-01-02,3000.0,0.0,0.0,3000.0,0.0,0.0,0.0,0.0,,2026-07-24T11:48:11.948394+08:00
662,2018-01-03,-123000.0,0.0,0.0,-123000.0,0.0,0.0,0.0,0.0,,2026-07-24T11:48:11.948394+08:00
662,2018-01-04,-22000.0,0.0,0.0,-22000.0,0.0,0.0,0.0,0.0,,2026-07-24T11:48:11.948394+08:00
662,2018-01-05,-6000.0,0.0,0.0,-6000.0,0.0,0.0,0.0,0.0,,2026-07-24T11:48:11.948394+08:00
662,2018-01-08,-28000.0,0.0,0.0,-28000.0,0.0,0.0,0.0,0.0,,2026-07-24T11:48:11.948394+08:00
662,2018-01-09,55000.0,0.0,0.0,55000.0,0.0,0.0,0.0,0.0,,2026-07-24T11:48:11.948394+08:00
662,2018-01-10,15000.0,0.0,0.0,15000.0,0.0,0.0,0.0,0.0,,2026-07-24T11:48:11.948394+08:00
662,2018-01-11,98000.0,0.0,0.0,98000.0,0.0,0.0,0.0,0.0,,2026-07-24T11:48:11.948394+08:00
662,2018-01-12,0.0,0.0,0.0,0.0,0.0,0.0,0.0,0.0,,2026-07-24T11:48:11.948394+08:00
662,2018-01-15,125000.0,0.0,0.0,125000.0,0.0,0.0,0.0,0.0,,2026-07-24T11:48:11.948394+08:00
662,2018-01-16,-2000.0,0.0,0.0,-2000.0,0.0,0.0,0.0,0.0,,2026-07-24T11:48:11.948394+08:00
662,2018-01-17,-9000.0,0.0,0.0,-9000.0,1.0,0.0,1.0,0.0,,2026-07-24T11:48:11.948394+08:00
662,2018-01-18,59000.0,0.0,0.0,59000.0,1.0,0.0,0.0,0.0,,2026-07-24T11:48:11.948394+08:00
662,2018-01-19,-765000.0,0.0,0.0,-765000.0,0.0,0.0,-1.0,0.0,,2026-07-24T11:48:11.948394+08:00
662,2018-01-22,-19000.0,0.0,0.0,-19000.0,0.0,0.0,0.0,0.0,,2026-07-24T11:48:11.948394+08:00
662,2018-01-23,9000.0,0.0,0.0,9000.0,0.0,0.0,0.0,0.0,,2026-07-24T11:48:11.948394+08:00
662,2018-01-24,-4000.0,0.0,0.0,-4000.0,0.0,0.0,0.0,0.0,,2026-07-24T11:48:11.948394+08:00
662,2018-01-25,204000.0,-6000.0,0.0,198000.0,0.0,0.0,0.0,0.0,,2026-07-24T11:48:11.948394+08:00
662,2018-01-26,-27000.0,0.0,0.0,-27000.0,1.0,0.0,1.0,0.0,,2026-07-24T11:48:11.948394+08:00
662,2018-01-29,3000.0,0.0,0.0,3000.0,6.0,0.0,5.0,0.0,,2026-07-24T11:48:11.948394+08:00
662,2018-01-30,5000.0,0.0,0.0,5000.0,6.0,0.0,0.0,0.0,,2026-07-24T11:48:11.948394+08:00
662,2018-01-31,8000.0,0.0,0.0,8000.0,6.0,0.0,0.0,0.0,,2026-07-24T11:48:11.948394+08:00
662,2018-02-01,33000.0,0.0,0.0,33000.0,6.0,0.0,0.0,0.0,,2026-07-24T11:48:11.948394+08:00
662,2018-02-02,29000.0,0.0,0.0,29000.0,6.0,0.0,0.0,0.0,,2026-07-24T11:48:11.948394+08:00
662,2018-02-05,-47000.0,0.0,0.0,-47000.0,3.0,0.0,-3.0,0.0,,2026-07-24T11:48:11.948394+08:00
662,2018-02-06,-56000.0,-20000.0,0.0,-76000.0,3.0,0.0,0.0,0.0,,2026-07-24T11:48:11.948394+08:00
662,2018-02-07,8000.0,0.0,0.0,8000.0,3.0,0.0,0.0,0.0,,2026-07-24T11:48:11.948394+08:00
662,2018-02-08,-22000.0,0.0,0.0,-22000.0,3.0,0.0,0.0,0.0,,2026-07-24T11:48:11.948394+08:00
662,2018-02-09,0.0,0.0,0.0,0.0,5.0,0.0,2.0,0.0,,2026-07-24T11:48:11.948394+08:00
662,2018-02-12,134000.0,0.0,0.0,134000.0,3.0,0.0,-2.0,0.0,,2026-07-24T11:48:11.948394+08:00
662,2018-02-21,3000.0,0.0,0.0,3000.0,3.0,0.0,0.0,0.0,,2026-07-24T11:48:11.948394+08:00
662,2018-02-22,-31000.0,0.0,0.0,-31000.0,3.0,0.0,0.0,0.0,,2026-07-24T11:48:11.948394+08:00
662,2018-02-23,98000.0,-100000.0,0.0,-2000.0,3.0,0.0,0.0,0.0,,2026-07-24T11:48:11.948394+08:00
662,2018-02-26,-98000.0,0.0,0.0,-98000.0,3.0,0.0,0.0,0.0,,2026-07-24T11:48:11.948394+08:00
662,2018-02-27,-50000.0,0.0,0.0,-50000.0,3.0,0.0,0.0,0.0,,2026-07-24T11:48:11.948394+08:00
662,2018-03-01,-100000.0,0.0,0.0,-100000.0,6.0,0.0,3.0,0.0,,2026-07-24T11:48:11.948394+08:00
662,2018-03-02,-39000.0,0.0,0.0,-39000.0,14.0,0.0,8.0,0.0,,2026-07-24T11:48:11.948394+08:00
662,2018-03-05,-13000.0,0.0,0.0,-13000.0,15.0,0.0,1.0,0.0,,2026-07-24T11:48:11.948394+08:00
662,2018-03-06,-29000.0,0.0,0.0,-29000.0,7.0,0.0,-8.0,0.0,,2026-07-24T11:48:11.948394+08:00
662,2018-03-07,-19000.0,0.0,0.0,-19000.0,12.0,0.0,5.0,0.0,,2026-07-24T11:48:11.948394+08:00
662,2018-03-08,14000.0,0.0,0.0,14000.0,6.0,0.0,-6.0,0.0,,2026-07-24T11:48:11.948394+08:00
662,2018-03-09,-6000.0,0.0,0.0,-6000.0,1.0,0.0,-5.0,0.0,,2026-07-24T11:48:11.948394+08:00
662,2018-03-12,31000.0,0.0,0.0,31000.0,2.0,0.0,1.0,0.0,,2026-07-24T11:48:11.948394+08:00
662,2018-03-13,-7000.0,0.0,0.0,-7000.0,3.0,0.0,1.0,0.0,,2026-07-24T11:48:11.948394+08:00
662,2018-03-14,-57000.0,0.0,0.0,-57000.0,3.0,0.0,0.0,0.0,,2026-07-24T11:48:11.948394+08:00
662,2018-03-15,-17000.0,0.0,0.0,-17000.0,4.0,0.0,1.0,0.0,,2026-07-24T11:48:11.948394+08:00
662,2018-03-16,-46000.0,0.0,0.0,-46000.0,4.0,0.0,0.0,0.0,,2026-07-24T11:48:11.948394+08:00
662,2018-03-19,-16000.0,0.0,0.0,-16000.0,4.0,0.0,0.0,0.0,,2026-07-24T11:48:11.948394+08:00
662,2018-03-20,-20000.0,0.0,0.0,-20000.0,7.0,0.0,3.0,0.0,,2026-07-24T11:48:11.948394+08:00
662,2018-03-21,0.0,0.0,0.0,0.0,7.0,0.0,0.0,0.0,,2026-07-24T11:48:11.948394+08:00
662,2018-03-22,-25000.0,0.0,0.0,-25000.0,7.0,0.0,0.0,0.0,,2026-07-24T11:48:11.948394+08:00
662,2018-03-23,-148000.0,0.0,0.0,-148000.0,44.0,0.0,37.0,0.0,,2026-07-24T11:48:11.948394+08:00
662,2018-03-26,-41000.0,0.0,0.0,-41000.0,44.0,0.0,0.0,0.0,,2026-07-24T11:48:11.948394+08:00
662,2018-03-27,-200000.0,0.0,0.0,-200000.0,28.0,0.0,-16.0,0.0,,2026-07-24T11:48:11.948394+08:00
662,2018-03-28,-197000.0,0.0,0.0,-197000.0,83.0,0.0,55.0,0.0,,2026-07-24T11:48:11.948394+08:00
662,2018-03-29,-97001.0,0.0,0.0,-97001.0,77.0,0.0,-6.0,0.0,,2026-07-24T11:48:11.948394+08:00
662,2018-03-30,17000.0,0.0,0.0,17000.0,31.0,0.0,-46.0,0.0,,2026-07-24T11:48:11.948394+08:00
662,2018-03-31,-4000.0,0.0,0.0,-4000.0,29.0,0.0,-2.0,0.0,,2026-07-24T11:48:11.948394+08:00
662,2018-04-02,-1000.0,0.0,0.0,-1000.0,29.0,0.0,0.0,0.0,,2026-07-24T11:48:11.948394+08:00
662,2018-04-03,-77000.0,0.0,0.0,-77000.0,29.0,0.0,0.0,0.0,,2026-07-24T11:48:11.948394+08:00
662,2018-04-09,-59000.0,0.0,0.0,-59000.0,29.0,0.0,0.0,0.0,,2026-07-24T11:48:11.948394+08:00
662,2018-04-10,-25000.0,0.0,0.0,-25000.0,29.0,0.0,0.0,0.0,,2026-07-24T11:48:11.948394+08:00
662,2018-04-11,-59000.0,0.0,0.0,-59000.0,29.0,0.0,0.0,0.0,,2026-07-24T11:48:11.948394+08:00
662,2018-04-12,-13000.0,0.0,0.0,-13000.0,29.0,0.0,0.0,0.0,,2026-07-24T11:48:11.948394+08:00
662,2018-04-13,8000.0,0.0,0.0,8000.0,26.0,0.0,-3.0,0.0,,2026-07-24T11:48:11.948394+08:00
662,2018-04-16,-15000.0,0.0,0.0,-15000.0,25.0,0.0,-1.0,0.0,,2026-07-24T11:48:11.948394+08:00
662,2018-04-17,25000.0,0.0,0.0,25000.0,25.0,0.0,0.0,0.0,,2026-07-24T11:48:11.948394+08:00
662,2018-04-18,103000.0,0.0,0.0,103000.0,15.0,0.0,-10.0,0.0,,2026-07-24T11:48:11.948394+08:00
662,2018-04-19,-14000.0,0.0,0.0,-14000.0,15.0,0.0,0.0,0.0,,2026-07-24T11:48:11.948394+08:00
662,2018-04-20,-198000.0,0.0,0.0,-198000.0,15.0,0.0,0.0,0.0,,2026-07-24T11:48:11.948394+08:00
662,2018-04-23,215000.0,0.0,0.0,215000.0,15.0,0.0,0.0,0.0,,2026-07-24T11:48:11.948394+08:00
662,2018-04-24,217000.0,0.0,0.0,217000.0,15.0,0.0,0.0,0.0,,2026-07-24T11:48:11.948394+08:00
662,2018-04-25,-10000.0,0.0,0.0,-10000.0,16.0,0.0,1.0,0.0,,2026-07-24T11:48:11.948394+08:00
662,2018-04-26,-11000.0,0.0,0.0,-11000.0,15.0,0.0,-1.0,0.0,,2026-07-24T11:48:11.948394+08:00
662,2018-04-27,5000.0,11000.0,0.0,16000.0,15.0,0.0,0.0,0.0,,2026-07-24T11:48:11.948394+08:00
662,2018-04-30,-4000.0,0.0,0.0,-4000.0,15.0,0.0,0.0,0.0,,2026-07-24T11:48:11.948394+08:00
662,2018-05-02,-95000.0,105000.0,0.0,10000.0,15.0,0.0,0.0,0.0,,2026-07-24T11:48:11.948394+08:00
662,2018-05-03,-35000.0,0.0,0.0,-35000.0,15.0,0.0,0.0,0.0,,2026-07-24T11:48:11.948394+08:00
662,2018-05-04,-18000.0,0.0,0.0,-18000.0,15.0,0.0,0.0,0.0,,2026-07-24T11:48:11.948394+08:00
662,2018-05-07,-5000.0,-10000.0,0.0,-15000.0,15.0,0.0,0.0,0.0,,2026-07-24T11:48:11.948394+08:00
662,2018-05-08,3000.0,-1000.0,0.0,2000.0,16.0,0.0,1.0,0.0,,2026-07-24T11:48:11.948394+08:00
662,2018-05-09,-66000.0,0.0,0.0,-66000.0,16.0,0.0,0.0,0.0,,2026-07-24T11:48:11.948394+08:00
662,2018-05-10,13000.0,-5000.0,0.0,8000.0,8.0,0.0,-8.0,0.0,,2026-07-24T11:48:11.948394+08:00
662,2018-05-11,100000.0,-100000.0,0.0,0.0,7.0,0.0,-1.0,0.0,,2026-07-24T11:48:11.948394+08:00
662,2018-05-14,11000.0,0.0,0.0,11000.0,7.0,0.0,0.0,0.0,,2026-07-24T11:48:11.948394+08:00
662,2018-05-15,37000.0,0.0,0.0,37000.0,7.0,0.0,0.0,0.0,,2026-07-24T11:48:11.948394+08:00
662,2018-05-16,-49000.0,0.0,0.0,-49000.0,6.0,0.0,-1.0,0.0,,2026-07-24T11:48:11.948394+08:00
662,2018-05-17,-30000.0,0.0,0.0,-30000.0,6.0,0.0,0.0,0.0,,2026-07-24T11:48:11.948394+08:00
662,2018-05-18,-5000.0,0.0,0.0,-5000.0,6.0,0.0,0.0,0.0,,2026-07-24T11:48:11.948394+08:00
662,2018-05-21,-10000.0,0.0,0.0,-10000.0,6.0,0.0,0.0,0.0,,2026-07-24T11:48:11.948394+08:00
662,2018-05-22,-3000.0,0.0,0.0,-3000.0,6.0,0.0,0.0,0.0,,2026-07-24T11:48:11.948394+08:00
662,2018-05-23,2000.0,0.0,0.0,2000.0,6.0,0.0,0.0,0.0,,2026-07-24T11:48:11.948394+08:00
662,2018-05-24,26000.0,0.0,0.0,26000.0,6.0,0.0,0.0,0.0,,2026-07-24T11:48:11.948394+08:00
662,2018-05-25,10000.0,0.0,0.0,10000.0,6.0,0.0,0.0,0.0,,2026-07-24T11:48:11.948394+08:00
662,2018-05-28,-4000.0,0.0,0.0,-4000.0,6.0,0.0,0.0,0.0,,2026-07-24T11:48:11.948394+08:00
662,2018-05-29,21000.0,0.0,0.0,21000.0,6.0,0.0,0.0,0.0,,2026-07-24T11:48:11.948394+08:00
662,2018-05-30,105000.0,0.0,0.0,105000.0,6.0,0.0,0.0,0.0,,2026-07-24T11:48:11.948394+08:00
662,2018-05-31,0.0,0.0,0.0,0.0,6.0,0.0,0.0,0.0,,2026-07-24T11:48:11.948394+08:00
662,2018-06-01,8000.0,0.0,0.0,8000.0,6.0,0.0,0.0,0.0,,2026-07-24T11:48:11.948394+08:00
662,2018-06-04,1000.0,0.0,0.0,1000.0,6.0,0.0,0.0,0.0,,2026-07-24T11:48:11.948394+08:00
662,2018-06-05,22000.0,0.0,0.0,22000.0,6.0,0.0,0.0,0.0,,2026-07-24T11:48:11.948394+08:00
662,2018-06-06,1000.0,0.0,0.0,1000.0,6.0,0.0,0.0,0.0,,2026-07-24T11:48:11.948394+08:00
662,2018-06-07,29000.0,0.0,0.0,29000.0,6.0,0.0,0.0,0.0,,2026-07-24T11:48:11.948394+08:00
662,2018-06-08,40000.0,0.0,0.0,40000.0,6.0,0.0,0.0,0.0,,2026-07-24T11:48:11.948394+08:00
662,2018-06-11,48000.0,0.0,0.0,48000.0,6.0,0.0,0.0,0.0,,2026-07-24T11:48:11.948394+08:00
662,2018-06-12,8000.0,0.0,0.0,8000.0,6.0,0.0,0.0,0.0,,2026-07-24T11:48:11.948394+08:00
662,2018-06-13,5000.0,0.0,0.0,5000.0,6.0,0.0,0.0,0.0,,2026-07-24T11:48:11.948394+08:00
662,2018-06-14,-7000.0,0.0,0.0,-7000.0,6.0,0.0,0.0,0.0,,2026-07-24T11:48:11.948394+08:00
662,2018-06-15,29000.0,0.0,0.0,29000.0,6.0,0.0,0.0,0.0,,2026-07-24T11:48:11.948394+08:00
662,2018-06-19,-118000.0,0.0,0.0,-118000.0,6.0,0.0,0.0,0.0,,2026-07-24T11:48:11.948394+08:00
662,2018-06-20,76000.0,-66000.0,0.0,10000.0,6.0,0.0,0.0,0.0,,2026-07-24T11:48:11.948394+08:00
662,2018-06-21,-67000.0,0.0,0.0,-67000.0,6.0,0.0,0.0,0.0,,2026-07-24T11:48:11.948394+08:00
662,2018-06-22,29000.0,0.0,0.0,29000.0,6.0,0.0,0.0,0.0,,2026-07-24T11:48:11.948394+08:00
662,2018-06-25,6000.0,0.0,0.0,6000.0,5.0,0.0,-1.0,0.0,,2026-07-24T11:48:11.948394+08:00
662,2018-06-26,-86000.0,0.0,0.0,-86000.0,5.0,0.0,0.0,0.0,,2026-07-24T11:48:11.948394+08:00
662,2018-06-27,-4000.0,0.0,0.0,-4000.0,5.0,0.0,0.0,0.0,,2026-07-24T11:48:11.948394+08:00
662,2018-06-28,-23000.0,0.0,0.0,-23000.0,5.0,0.0,0.0,0.0,,2026-07-24T11:48:11.948394+08:00
662,2018-06-29,-35000.0,0.0,0.0,-35000.0,5.0,0.0,0.0,0.0,,2026-07-24T11:48:11.948394+08:00
662,2018-07-02,-11000.0,0.0,0.0,-11000.0,5.0,0.0,0.0,0.0,,2026-07-24T11:48:11.948394+08:00
662,2018-07-03,16000.0,0.0,0.0,16000.0,5.0,0.0,0.0,0.0,,2026-07-24T11:48:11.948394+08:00
662,2018-07-04,-1000.0,0.0,0.0,-1000.0,5.0,0.0,0.0,0.0,,2026-07-24T11:48:11.948394+08:00
662,2018-07-05,-15000.0,0.0,0.0,-15000.0,5.0,0.0,0.0,0.0,,2026-07-24T11:48:11.948394+08:00
662,2018-07-06,-29000.0,0.0,0.0,-29000.0,5.0,0.0,0.0,0.0,,2026-07-24T11:48:11.948394+08:00
662,2018-07-09,-12000.0,0.0,0.0,-12000.0,5.0,0.0,0.0,0.0,,2026-07-24T11:48:11.948394+08:00
662,2018-07-10,-16000.0,0.0,0.0,-16000.0,5.0,0.0,0.0,0.0,,2026-07-24T11:48:11.948394+08:00
662,2018-07-11,9000.0,0.0,0.0,9000.0,5.0,0.0,0.0,0.0,,2026-07-24T11:48:11.948394+08:00
662,2018-07-12,-20000.0,0.0,0.0,-20000.0,5.0,0.0,0.0,0.0,,2026-07-24T11:48:11.948394+08:00
662,2018-07-13,-103000.0,0.0,0.0,-103000.0,5.0,0.0,0.0,0.0,,2026-07-24T11:48:11.948394+08:00
662,2018-07-16,-68000.0,0.0,0.0,-68000.0,5.0,0.0,0.0,0.0,,2026-07-24T11:48:11.948394+08:00
662,2018-07-17,-5000.0,0.0,0.0,-5000.0,5.0,0.0,0.0,0.0,,2026-07-24T11:48:11.948394+08:00
662,2018-07-18,4000.0,0.0,0.0,4000.0,5.0,0.0,0.0,0.0,,2026-07-24T11:48:11.948394+08:00
662,2018-07-19,-11000.0,0.0,0.0,-11000.0,5.0,0.0,0.0,0.0,,2026-07-24T11:48:11.948394+08:00
662,2018-07-20,-9000.0,0.0,0.0,-9000.0,5.0,0.0,0.0,0.0,,2026-07-24T11:48:11.948394+08:00
662,2018-07-23,2000.0,0.0,0.0,2000.0,5.0,0.0,0.0,0.0,,2026-07-24T11:48:11.948394+08:00
662,2018-07-24,2000.0,0.0,0.0,2000.0,5.0,0.0,0.0,0.0,,2026-07-24T11:48:11.948394+08:00
662,2018-07-25,-35000.0,0.0,0.0,-35000.0,5.0,0.0,0.0,0.0,,2026-07-24T11:48:11.948394+08:00
662,2018-07-26,-42000.0,0.0,0.0,-42000.0,5.0,0.0,0.0,0.0,,2026-07-24T11:48:11.948394+08:00
662,2018-07-27,-6000.0,0.0,0.0,-6000.0,5.0,0.0,0.0,0.0,,2026-07-24T11:48:11.948394+08:00
662,2018-07-30,-49000.0,0.0,0.0,-49000.0,5.0,0.0,0.0,0.0,,2026-07-24T11:48:11.948394+08:00
662,2018-07-31,-32000.0,0.0,0.0,-32000.0,5.0,0.0,0.0,0.0,,2026-07-24T11:48:11.948394+08:00
662,2018-08-01,-27000.0,0.0,0.0,-27000.0,6.0,0.0,1.0,0.0,,2026-07-24T11:48:11.948394+08:00
662,2018-08-02,-24000.0,0.0,0.0,-24000.0,6.0,0.0,0.0,0.0,,2026-07-24T11:48:11.948394+08:00
662,2018-08-03,6000.0,0.0,0.0,6000.0,6.0,0.0,0.0,0.0,,2026-07-24T11:48:11.948394+08:00
662,2018-08-06,-34000.0,0.0,0.0,-34000.0,6.0,0.0,0.0,0.0,,2026-07-24T11:48:11.948394+08:00
662,2018-08-07,-6000.0,0.0,0.0,-6000.0,6.0,0.0,0.0,0.0,,2026-07-24T11:48:11.948394+08:00
662,2018-08-08,-2000.0,0.0,0.0,-2000.0,6.0,0.0,0.0,0.0,,2026-07-24T11:48:11.948394+08:00
662,2018-08-09,-8000.0,0.0,0.0,-8000.0,6.0,0.0,0.0,0.0,,2026-07-24T11:48:11.948394+08:00
662,2018-08-10,17000.0,0.0,0.0,17000.0,6.0,0.0,0.0,0.0,,2026-07-24T11:48:11.948394+08:00
662,2018-08-13,30000.0,0.0,0.0,30000.0,6.0,0.0,0.0,0.0,,2026-07-24T11:48:11.948394+08:00
662,2018-08-14,1000.0,0.0,0.0,1000.0,9.0,0.0,3.0,0.0,,2026-07-24T11:48:11.948394+08:00
662,2018-08-15,-14000.0,0.0,0.0,-14000.0,9.0,0.0,0.0,0.0,,2026-07-24T11:48:11.948394+08:00
662,2018-08-16,-107000.0,0.0,0.0,-107000.0,10.0,0.0,1.0,0.0,,2026-07-24T11:48:11.948394+08:00
662,2018-08-17,-39000.0,0.0,0.0,-39000.0,10.0,0.0,0.0,0.0,,2026-07-24T11:48:11.948394+08:00
662,2018-08-20,-36000.0,0.0,0.0,-36000.0,10.0,0.0,0.0,0.0,,2026-07-24T11:48:11.948394+08:00
662,2018-08-21,-34000.0,0.0,0.0,-34000.0,10.0,0.0,0.0,0.0,,2026-07-24T11:48:11.948394+08:00
662,2018-08-22,-17000.0,0.0,0.0,-17000.0,10.0,0.0,0.0,0.0,,2026-07-24T11:48:11.948394+08:00
662,2018-08-23,-16000.0,0.0,0.0,-16000.0,10.0,0.0,0.0,0.0,,2026-07-24T11:48:11.948394+08:00
662,2018-08-24,-8000.0,0.0,0.0,-8000.0,10.0,0.0,0.0,0.0,,2026-07-24T11:48:11.948394+08:00
662,2018-08-27,-83000.0,0.0,0.0,-83000.0,7.0,0.0,-3.0,0.0,,2026-07-24T11:48:11.948394+08:00
662,2018-08-28,-3000.0,0.0,0.0,-3000.0,6.0,0.0,-1.0,0.0,,2026-07-24T11:48:11.948394+08:00
662,2018-08-29,58000.0,0.0,0.0,58000.0,6.0,0.0,0.0,0.0,,2026-07-24T11:48:11.948394+08:00
662,2018-08-30,-62000.0,0.0,0.0,-62000.0,6.0,0.0,0.0,0.0,,2026-07-24T11:48:11.948394+08:00
662,2018-08-31,16000.0,0.0,0.0,16000.0,6.0,0.0,0.0,0.0,,2026-07-24T11:48:11.948394+08:00
662,2018-09-03,10000.0,0.0,0.0,10000.0,6.0,0.0,0.0,0.0,,2026-07-24T11:48:11.948394+08:00
662,2018-09-04,-8000.0,0.0,0.0,-8000.0,9.0,0.0,3.0,0.0,,2026-07-24T11:48:11.948394+08:00
662,2018-09-05,-28000.0,0.0,0.0,-28000.0,12.0,0.0,3.0,0.0,,2026-07-24T11:48:11.948394+08:00
662,2018-09-06,-93000.0,0.0,0.0,-93000.0,12.0,0.0,0.0,0.0,,2026-07-24T11:48:11.948394+08:00
662,2018-09-07,-78000.0,0.0,0.0,-78000.0,12.0,0.0,0.0,0.0,,2026-07-24T11:48:11.948394+08:00
662,2018-09-10,-19000.0,0.0,0.0,-19000.0,12.0,0.0,0.0,0.0,,2026-07-24T11:48:11.948394+08:00
662,2018-09-11,-27000.0,0.0,0.0,-27000.0,12.0,0.0,0.0,0.0,,2026-07-24T11:48:11.948394+08:00
662,2018-09-12,-50000.0,0.0,0.0,-50000.0,12.0,0.0,0.0,0.0,,2026-07-24T11:48:11.948394+08:00
662,2018-09-13,8000.0,0.0,0.0,8000.0,12.0,0.0,0.0,0.0,,2026-07-24T11:48:11.948394+08:00
662,2018-09-14,406000.0,0.0,0.0,406000.0,12.0,0.0,0.0,0.0,,2026-07-24T11:48:11.948394+08:00
662,2018-09-17,-1054000.0,1000000.0,0.0,-54000.0,12.0,0.0,0.0,0.0,,2026-07-24T11:48:11.948394+08:00
662,2018-09-18,-3000.0,14000.0,0.0,11000.0,12.0,0.0,0.0,0.0,,2026-07-24T11:48:11.948394+08:00
662,2018-09-19,147000.0,88000.0,0.0,235000.0,12.0,0.0,0.0,0.0,,2026-07-24T11:48:11.948394+08:00
662,2018-09-20,137000.0,-68000.0,0.0,69000.0,12.0,0.0,0.0,0.0,,2026-07-24T11:48:11.948394+08:00
662,2018-09-21,-915000.0,969000.0,0.0,54000.0,13.0,0.0,1.0,0.0,,2026-07-24T11:48:11.948394+08:00
662,2018-09-25,22000.0,0.0,0.0,22000.0,13.0,0.0,0.0,0.0,,2026-07-24T11:48:11.948394+08:00
662,2018-09-26,-4000.0,0.0,0.0,-4000.0,13.0,0.0,0.0,0.0,,2026-07-24T11:48:11.948394+08:00
662,2018-09-27,-2000.0,0.0,0.0,-2000.0,13.0,0.0,0.0,0.0,,2026-07-24T11:48:11.948394+08:00
662,2018-09-28,38000.0,0.0,0.0,38000.0,13.0,0.0,0.0,0.0,,2026-07-24T11:48:11.948394+08:00
662,2018-10-01,7000.0,0.0,0.0,7000.0,13.0,0.0,0.0,0.0,,2026-07-24T11:48:11.948394+08:00
662,2018-10-02,-1000.0,2000.0,0.0,1000.0,18.0,0.0,5.0,0.0,,2026-07-24T11:48:11.948394+08:00
662,2018-10-03,2000.0,13000.0,0.0,15000.0,18.0,0.0,0.0,0.0,,2026-07-24T11:48:11.948394+08:00
662,2018-10-04,-12000.0,6000.0,0.0,-6000.0,18.0,0.0,0.0,0.0,,2026-07-24T11:48:11.948394+08:00
662,2018-10-05,94000.0,0.0,0.0,94000.0,18.0,0.0,0.0,0.0,,2026-07-24T11:48:11.948394+08:00
662,2018-10-08,-47000.0,-5000.0,0.0,-52000.0,18.0,0.0,0.0,0.0,,2026-07-24T11:48:11.948394+08:00
662,2018-10-09,10000.0,0.0,0.0,10000.0,18.0,0.0,0.0,0.0,,2026-07-24T11:48:11.948394+08:00
662,2018-10-11,949000.0,-916000.0,0.0,33000.0,18.0,0.0,0.0,0.0,,2026-07-24T11:48:11.948394+08:00
662,2018-10-12,83000.0,0.0,0.0,83000.0,18.0,0.0,0.0,0.0,,2026-07-24T11:48:11.948394+08:00
662,2018-10-15,977000.0,-1000000.0,0.0,-23000.0,19.0,0.0,1.0,0.0,,2026-07-24T11:48:11.948394+08:00
662,2018-10-16,-246000.0,10000.0,0.0,-236000.0,24.0,0.0,5.0,0.0,,2026-07-24T11:48:11.948394+08:00
662,2018-10-17,6000.0,0.0,0.0,6000.0,24.0,0.0,0.0,0.0,,2026-07-24T11:48:11.948394+08:00
662,2018-10-18,-18000.0,1000.0,0.0,-17000.0,25.0,0.0,1.0,0.0,,2026-07-24T11:48:11.948394+08:00
662,2018-10-19,34000.0,0.0,0.0,34000.0,25.0,0.0,0.0,0.0,,2026-07-24T11:48:11.948394+08:00
662,2018-10-22,-19000.0,0.0,0.0,-19000.0,25.0,0.0,0.0,0.0,,2026-07-24T11:48:11.948394+08:00
662,2018-10-23,19000.0,2000.0,0.0,21000.0,24.0,0.0,-1.0,0.0,,2026-07-24T11:48:11.948394+08:00
662,2018-10-24,-10000.0,-1000.0,0.0,-11000.0,22.0,0.0,-2.0,0.0,,2026-07-24T11:48:11.948394+08:00
662,2018-10-25,-51000.0,0.0,0.0,-51000.0,22.0,0.0,0.0,0.0,,2026-07-24T11:48:11.948394+08:00
662,2018-10-26,84969.0,-20000.0,0.0,64969.0,23.0,0.0,1.0,0.0,,2026-07-24T11:48:11.948394+08:00
662,2018-10-29,157000.0,-5000.0,0.0,152000.0,22.0,0.0,-1.0,0.0,,2026-07-24T11:48:11.948394+08:00
662,2018-10-30,-58000.0,-8000.0,0.0,-66000.0,25.0,0.0,3.0,0.0,,2026-07-24T11:48:11.948394+08:00
662,2018-10-31,3000.0,0.0,0.0,3000.0,21.0,0.0,-4.0,0.0,,2026-07-24T11:48:11.948394+08:00
662,2018-11-01,28000.0,0.0,0.0,28000.0,18.0,0.0,-3.0,0.0,,2026-07-24T11:48:11.948394+08:00
662,2018-11-02,2000.0,0.0,0.0,2000.0,18.0,0.0,0.0,0.0,,2026-07-24T11:48:11.948394+08:00
662,2018-11-05,-106000.0,0.0,0.0,-106000.0,18.0,0.0,0.0,0.0,,2026-07-24T11:48:11.948394+08:00
662,2018-11-06,-111000.0,0.0,0.0,-111000.0,18.0,0.0,0.0,0.0,,2026-07-24T11:48:11.948394+08:00
662,2018-11-07,17000.0,0.0,0.0,17000.0,18.0,0.0,0.0,0.0,,2026-07-24T11:48:11.948394+08:00
662,2018-11-08,30000.0,0.0,0.0,30000.0,12.0,0.0,-6.0,0.0,,2026-07-24T11:48:11.948394+08:00
662,2018-11-09,-3000.0,0.0,0.0,-3000.0,11.0,0.0,-1.0,0.0,,2026-07-24T11:48:11.948394+08:00
662,2018-11-12,2000.0,0.0,0.0,2000.0,10.0,0.0,-1.0,0.0,,2026-07-24T11:48:11.948394+08:00
662,2018-11-13,-76000.0,1000.0,0.0,-75000.0,11.0,0.0,1.0,0.0,,2026-07-24T11:48:11.948394+08:00
662,2018-11-14,-50000.0,0.0,0.0,-50000.0,11.0,0.0,0.0,0.0,,2026-07-24T11:48:11.948394+08:00
662,2018-11-15,-25000.0,-25000.0,0.0,-50000.0,11.0,0.0,0.0,0.0,,2026-07-24T11:48:11.948394+08:00
662,2018-11-16,-51000.0,0.0,0.0,-51000.0,10.0,0.0,-1.0,0.0,,2026-07-24T11:48:11.948394+08:00
662,2018-11-19,-36000.0,0.0,0.0,-36000.0,10.0,0.0,0.0,0.0,,2026-07-24T11:48:11.948394+08:00
662,2018-11-20,-62000.0,2000.0,0.0,-60000.0,10.0,0.0,0.0,0.0,,2026-07-24T11:48:11.948394+08:00
662,2018-11-21,-1000.0,3000.0,0.0,2000.0,11.0,0.0,1.0,0.0,,2026-07-24T11:48:11.948394+08:00
662,2018-11-22,-8000.0,0.0,0.0,-8000.0,12.0,0.0,1.0,0.0,,2026-07-24T11:48:11.948394+08:00
662,2018-11-23,-6000.0,0.0,0.0,-6000.0,13.0,0.0,1.0,0.0,,2026-07-24T11:48:11.948394+08:00
662,2018-11-26,-104000.0,83000.0,0.0,-21000.0,14.0,0.0,1.0,0.0,,2026-07-24T11:48:11.948394+08:00
662,2018-11-27,-102000.0,124000.0,0.0,22000.0,11.0,0.0,-3.0,0.0,,2026-07-24T11:48:11.948394+08:00
662,2018-11-28,-6000.0,22000.0,0.0,16000.0,10.0,0.0,-1.0,0.0,,2026-07-24T11:48:11.948394+08:00
662,2018-11-29,41000.0,0.0,0.0,41000.0,10.0,0.0,0.0,0.0,,2026-07-24T11:48:11.948394+08:00
662,2018-11-30,5000.0,0.0,0.0,5000.0,10.0,0.0,0.0,0.0,,2026-07-24T11:48:11.948394+08:00
662,2018-12-03,-13000.0,-2000.0,0.0,-15000.0,10.0,0.0,0.0,0.0,,2026-07-24T11:48:11.948394+08:00
662,2018-12-04,71000.0,-64000.0,0.0,7000.0,10.0,0.0,0.0,0.0,,2026-07-24T11:48:11.948394+08:00
662,2018-12-05,2000.0,-33000.0,0.0,-31000.0,10.0,0.0,0.0,0.0,,2026-07-24T11:48:11.948394+08:00
662,2018-12-06,-66092.0,5000.0,0.0,-61092.0,10.0,0.0,0.0,0.0,,2026-07-24T11:48:11.948394+08:00
662,2018-12-07,5000.0,0.0,0.0,5000.0,10.0,0.0,0.0,0.0,,2026-07-24T11:48:11.948394+08:00
662,2018-12-10,-2000.0,-51000.0,0.0,-53000.0,10.0,0.0,0.0,0.0,,2026-07-24T11:48:11.948394+08:00
662,2018-12-11,-113000.0,-147000.0,0.0,-260000.0,10.0,0.0,0.0,0.0,,2026-07-24T11:48:11.948394+08:00
662,2018-12-12,-2000.0,0.0,0.0,-2000.0,12.0,0.0,2.0,0.0,,2026-07-24T11:48:11.948394+08:00
662,2018-12-13,-155000.0,0.0,0.0,-155000.0,10.0,0.0,-2.0,0.0,,2026-07-24T11:48:11.948394+08:00
662,2018-12-14,74000.0,0.0,0.0,74000.0,10.0,0.0,0.0,0.0,,2026-07-24T11:48:11.948394+08:00
662,2018-12-17,-80000.0,0.0,0.0,-80000.0,10.0,0.0,0.0,0.0,,2026-07-24T11:48:11.948394+08:00
662,2018-12-18,-87000.0,0.0,0.0,-87000.0,10.0,0.0,0.0,0.0,,2026-07-24T11:48:11.948394+08:00
662,2018-12-19,-9000.0,0.0,0.0,-9000.0,10.0,0.0,0.0,0.0,,2026-07-24T11:48:11.948394+08:00
662,2018-12-20,-256000.0,0.0,0.0,-256000.0,10.0,0.0,0.0,0.0,,2026-07-24T11:48:11.948394+08:00
662,2018-12-21,38000.0,0.0,0.0,38000.0,10.0,0.0,0.0,0.0,,2026-07-24T11:48:11.948394+08:00
662,2018-12-22,-48000.0,0.0,0.0,-48000.0,10.0,0.0,0.0,0.0,,2026-07-24T11:48:11.948394+08:00
662,2018-12-24,-57000.0,0.0,0.0,-57000.0,11.0,0.0,1.0,0.0,,2026-07-24T11:48:11.948394+08:00
662,2018-12-25,-12000.0,0.0,0.0,-12000.0,11.0,0.0,0.0,0.0,,2026-07-24T11:48:11.948394+08:00
662,2018-12-26,-547031.0,0.0,0.0,-547031.0,14.0,0.0,3.0,0.0,,2026-07-24T11:48:11.948394+08:00
662,2018-12-27,75000.0,0.0,0.0,75000.0,15.0,0.0,1.0,0.0,,2026-07-24T11:48:11.948394+08:00
662,2018-12-28,9000.0,0.0,0.0,9000.0,11.0,0.0,-4.0,0.0,,2026-07-24T11:48:11.948394+08:00
662,2019-01-02,-19000.0,0.0,0.0,-19000.0,11.0,0.0,0.0,0.0,,2026-07-24T11:48:11.948394+08:00
662,2019-01-03,-31000.0,0.0,0.0,-31000.0,51.0,0.0,40.0,0.0,,2026-07-24T11:48:11.948394+08:00
662,2019-01-04,92000.0,0.0,0.0,92000.0,51.0,0.0,0.0,0.0,,2026-07-24T11:48:11.948394+08:00
662,2019-01-07,21000.0,0.0,0.0,21000.0,11.0,0.0,-40.0,0.0,,2026-07-24T11:48:11.948394+08:00
662,2019-01-08,98000.0,0.0,0.0,98000.0,11.0,0.0,0.0,0.0,,2026-07-24T11:48:11.948394+08:00
662,2019-01-09,-266000.0,0.0,0.0,-266000.0,21.0,0.0,10.0,0.0,,2026-07-24T11:48:11.948394+08:00
662,2019-01-10,47000.0,0.0,0.0,47000.0,10.0,0.0,-11.0,0.0,,2026-07-24T11:48:11.948394+08:00
662,2019-01-11,15000.0,0.0,0.0,15000.0,10.0,0.0,0.0,0.0,,2026-07-24T11:48:11.948394+08:00
662,2019-01-14,-15000.0,0.0,0.0,-15000.0,10.0,0.0,0.0,0.0,,2026-07-24T11:48:11.948394+08:00
662,2019-01-15,13000.0,0.0,0.0,13000.0,10.0,0.0,0.0,0.0,,2026-07-24T11:48:11.948394+08:00
662,2019-01-16,-1000.0,0.0,0.0,-1000.0,10.0,0.0,0.0,0.0,,2026-07-24T11:48:11.948394+08:00
662,2019-01-17,-33000.0,0.0,0.0,-33000.0,10.0,0.0,0.0,0.0,,2026-07-24T11:48:11.948394+08:00
662,2019-01-18,101000.0,0.0,0.0,101000.0,10.0,0.0,0.0,0.0,,2026-07-24T11:48:11.948394+08:00
662,2019-01-21,21000.0,0.0,0.0,21000.0,10.0,0.0,0.0,0.0,,2026-07-24T11:48:11.948394+08:00
662,2019-01-22,93000.0,0.0,0.0,93000.0,10.0,0.0,0.0,0.0,,2026-07-24T11:48:11.948394+08:00
662,2019-01-23,332000.0,0.0,0.0,332000.0,10.0,0.0,0.0,0.0,,2026-07-24T11:48:11.948394+08:00
662,2019-01-24,160000.0,0.0,0.0,160000.0,10.0,0.0,0.0,0.0,,2026-07-24T11:48:11.948394+08:00
662,2019-01-25,15000.0,0.0,0.0,15000.0,10.0,0.0,0.0,0.0,,2026-07-24T11:48:11.948394+08:00
662,2019-01-28,-68000.0,0.0,0.0,-68000.0,10.0,0.0,0.0,0.0,,2026-07-24T11:48:11.948394+08:00
662,2019-01-29,-81000.0,0.0,0.0,-81000.0,12.0,0.0,2.0,0.0,,2026-07-24T11:48:11.948394+08:00
662,2019-01-30,6000.0,0.0,0.0,6000.0,12.0,0.0,0.0,0.0,,2026-07-24T11:48:11.948394+08:00
662,2019-02-11,10000.0,0.0,0.0,10000.0,10.0,0.0,-2.0,0.0,,2026-07-24T11:48:11.948394+08:00
662,2019-02-12,50000.0,0.0,0.0,50000.0,10.0,0.0,0.0,0.0,,2026-07-24T11:48:11.948394+08:00
662,2019-02-13,205000.0,0.0,0.0,205000.0,10.0,0.0,0.0,0.0,,2026-07-24T11:48:11.948394+08:00
662,2019-02-14,-17000.0,50000.0,0.0,33000.0,10.0,0.0,0.0,0.0,,2026-07-24T11:48:11.948394+08:00
662,2019-02-15,12000.0,0.0,0.0,12000.0,10.0,0.0,0.0,0.0,,2026-07-24T11:48:11.948394+08:00
662,2019-02-18,120000.0,0.0,0.0,120000.0,10.0,0.0,0.0,0.0,,2026-07-24T11:48:11.948394+08:00
662,2019-02-19,7000.0,0.0,0.0,7000.0,10.0,0.0,0.0,0.0,,2026-07-24T11:48:11.948394+08:00
662,2019-02-20,182000.0,0.0,0.0,182000.0,10.0,0.0,0.0,0.0,,2026-07-24T11:48:11.948394+08:00
662,2019-02-21,16000.0,0.0,0.0,16000.0,10.0,0.0,0.0,0.0,,2026-07-24T11:48:11.948394+08:00
662,2019-02-22,77000.0,0.0,0.0,77000.0,10.0,0.0,0.0,0.0,,2026-07-24T11:48:11.948394+08:00
662,2019-02-25,41000.0,0.0,0.0,41000.0,10.0,0.0,0.0,0.0,,2026-07-24T11:48:11.948394+08:00
662,2019-02-26,51000.0,0.0,0.0,51000.0,10.0,0.0,0.0,0.0,,2026-07-24T11:48:11.948394+08:00
662,2019-02-27,36000.0,2000.0,0.0,38000.0,10.0,0.0,0.0,0.0,,2026-07-24T11:48:11.948394+08:00
662,2019-03-04,-85000.0,214000.0,0.0,129000.0,10.0,0.0,0.0,0.0,,2026-07-24T11:48:11.948394+08:00
662,2019-03-05,2000.0,0.0,0.0,2000.0,11.0,0.0,1.0,0.0,,2026-07-24T11:48:11.948394+08:00
662,2019-03-06,-40000.0,567.0,0.0,-39433.0,11.0,0.0,0.0,0.0,,2026-07-24T11:48:11.948394+08:00
662,2019-03-07,21000.0,0.0,0.0,21000.0,12.0,0.0,1.0,0.0,,2026-07-24T11:48:11.948394+08:00
662,2019-03-08,-1000.0,0.0,0.0,-1000.0,13.0,0.0,1.0,0.0,,2026-07-24T11:48:11.948394+08:00
662,2019-03-11,14000.0,0.0,0.0,14000.0,13.0,0.0,0.0,0.0,,2026-07-24T11:48:11.948394+08:00
662,2019-03-12,30000.0,0.0,0.0,30000.0,10.0,0.0,-3.0,0.0,,2026-07-24T11:48:11.948394+08:00
662,2019-03-13,23000.0,0.0,0.0,23000.0,10.0,0.0,0.0,0.0,,2026-07-24T11:48:11.948394+08:00
662,2019-03-14,0.0,0.0,0.0,0.0,11.0,0.0,1.0,0.0,,2026-07-24T11:48:11.948394+08:00
662,2019-03-15,-43000.0,0.0,0.0,-43000.0,11.0,0.0,0.0,0.0,,2026-07-24T11:48:11.948394+08:00
662,2019-03-18,-40000.0,0.0,0.0,-40000.0,11.0,0.0,0.0,0.0,,2026-07-24T11:48:11.948394+08:00
662,2019-03-19,-2000.0,0.0,0.0,-2000.0,11.0,0.0,0.0,0.0,,2026-07-24T11:48:11.948394+08:00
662,2019-03-20,16000.0,0.0,0.0,16000.0,11.0,0.0,0.0,0.0,,2026-07-24T11:48:11.948394+08:00
662,2019-03-21,-115000.0,0.0,0.0,-115000.0,11.0,0.0,0.0,0.0,,2026-07-24T11:48:11.948394+08:00
662,2019-03-22,-189000.0,0.0,0.0,-189000.0,10.0,0.0,-1.0,0.0,,2026-07-24T11:48:11.948394+08:00
662,2019-03-25,-138000.0,1000.0,0.0,-137000.0,10.0,0.0,0.0,0.0,,2026-07-24T11:48:11.948394+08:00
662,2019-03-26,-502000.0,0.0,0.0,-502000.0,10.0,0.0,0.0,0.0,,2026-07-24T11:48:11.948394+08:00
662,2019-03-27,22000.0,0.0,0.0,22000.0,10.0,0.0,0.0,0.0,,2026-07-24T11:48:11.948394+08:00
662,2019-03-28,-21000.0,0.0,0.0,-21000.0,10.0,0.0,0.0,0.0,,2026-07-24T11:48:11.948394+08:00
662,2019-03-29,33000.0,0.0,0.0,33000.0,10.0,0.0,0.0,0.0,,2026-07-24T11:48:11.948394+08:00
662,2019-04-01,2000.0,0.0,0.0,2000.0,10.0,0.0,0.0,0.0,,2026-07-24T11:48:11.948394+08:00
662,2019-04-02,-140000.0,0.0,0.0,-140000.0,10.0,0.0,0.0,0.0,,2026-07-24T11:48:11.948394+08:00
662,2019-04-03,65000.0,0.0,0.0,65000.0,10.0,0.0,0.0,0.0,,2026-07-24T11:48:11.948394+08:00
662,2019-04-08,-55000.0,1000.0,0.0,-54000.0,10.0,0.0,0.0,0.0,,2026-07-24T11:48:11.948394+08:00
662,2019-04-09,-51000.0,0.0,0.0,-51000.0,10.0,0.0,0.0,0.0,,2026-07-24T11:48:11.948394+08:00
662,2019-04-10,-94000.0,0.0,0.0,-94000.0,10.0,0.0,0.0,0.0,,2026-07-24T11:48:11.948394+08:00
662,2019-04-11,15000.0,0.0,0.0,15000.0,10.0,0.0,0.0,0.0,,2026-07-24T11:48:11.948394+08:00
662,2019-04-12,12000.0,0.0,0.0,12000.0,10.0,0.0,0.0,0.0,,2026-07-24T11:48:11.948394+08:00
662,2019-04-15,-48000.0,0.0,0.0,-48000.0,10.0,0.0,0.0,0.0,,2026-07-24T11:48:11.948394+08:00
662,2019-04-16,-45000.0,0.0,0.0,-45000.0,10.0,0.0,0.0,0.0,,2026-07-24T11:48:11.948394+08:00
662,2019-04-17,21000.0,0.0,0.0,21000.0,10.0,0.0,0.0,0.0,,2026-07-24T11:48:11.948394+08:00
662,2019-04-18,-347000.0,0.0,0.0,-347000.0,10.0,0.0,0.0,0.0,,2026-07-24T11:48:11.948394+08:00
662,2019-04-19,4000.0,0.0,0.0,4000.0,10.0,0.0,0.0,0.0,,2026-07-24T11:48:11.948394+08:00
662,2019-04-22,-22000.0,0.0,0.0,-22000.0,10.0,0.0,0.0,0.0,,2026-07-24T11:48:11.948394+08:00
662,2019-04-23,124000.0,0.0,0.0,124000.0,10.0,0.0,0.0,0.0,,2026-07-24T11:48:11.948394+08:00
662,2019-04-24,38000.0,0.0,0.0,38000.0,18.0,0.0,8.0,0.0,,2026-07-24T11:48:11.948394+08:00
662,2019-04-25,113000.0,0.0,0.0,113000.0,29.0,0.0,11.0,0.0,,2026-07-24T11:48:11.948394+08:00
662,2019-04-26,-36000.0,0.0,0.0,-36000.0,32.0,0.0,3.0,0.0,,2026-07-24T11:48:11.948394+08:00
662,2019-04-29,8000.0,0.0,0.0,8000.0,31.0,0.0,-1.0,0.0,,2026-07-24T11:48:11.948394+08:00
662,2019-04-30,52000.0,0.0,0.0,52000.0,26.0,0.0,-5.0,0.0,,2026-07-24T11:48:11.948394+08:00
662,2019-05-02,0.0,0.0,0.0,0.0,26.0,0.0,0.0,0.0,,2026-07-24T11:48:11.948394+08:00
662,2019-05-03,263000.0,221000.0,0.0,484000.0,27.0,0.0,1.0,0.0,,2026-07-24T11:48:11.948394+08:00
662,2019-05-06,32000.0,7000.0,0.0,39000.0,16.0,0.0,-11.0,0.0,,2026-07-24T11:48:11.948394+08:00
662,2019-05-07,-135000.0,0.0,0.0,-135000.0,14.0,0.0,-2.0,0.0,,2026-07-24T11:48:11.948394+08:00
662,2019-05-08,-95000.0,0.0,0.0,-95000.0,12.0,0.0,-2.0,0.0,,2026-07-24T11:48:11.948394+08:00
662,2019-05-09,-158000.0,0.0,0.0,-158000.0,16.0,0.0,4.0,0.0,,2026-07-24T11:48:11.948394+08:00
662,2019-05-10,-199000.0,-9000.0,0.0,-208000.0,17.0,0.0,1.0,0.0,,2026-07-24T11:48:11.948394+08:00
662,2019-05-13,-90000.0,0.0,0.0,-90000.0,17.0,0.0,0.0,0.0,,2026-07-24T11:48:11.948394+08:00
662,2019-05-14,-65000.0,1000.0,0.0,-64000.0,19.0,0.0,2.0,0.0,,2026-07-24T11:48:11.948394+08:00
662,2019-05-15,102000.0,0.0,0.0,102000.0,18.0,0.0,-1.0,0.0,,2026-07-24T11:48:11.948394+08:00
662,2019-05-16,-23000.0,0.0,0.0,-23000.0,18.0,0.0,0.0,0.0,,2026-07-24T11:48:11.948394+08:00
662,2019-05-17,-47000.0,89000.0,0.0,42000.0,16.0,0.0,-2.0,0.0,,2026-07-24T11:48:11.948394+08:00
662,2019-05-20,127000.0,0.0,0.0,127000.0,16.0,0.0,0.0,0.0,,2026-07-24T11:48:11.948394+08:00
662,2019-05-21,46000.0,0.0,0.0,46000.0,18.0,0.0,2.0,0.0,,2026-07-24T11:48:11.948394+08:00
662,2019-05-22,-219000.0,0.0,0.0,-219000.0,19.0,0.0,1.0,0.0,,2026-07-24T11:48:11.948394+08:00
662,2019-05-23,-162000.0,0.0,0.0,-162000.0,22.0,0.0,3.0,0.0,,2026-07-24T11:48:11.948394+08:00
662,2019-05-24,-125000.0,0.0,0.0,-125000.0,26.0,0.0,4.0,0.0,,2026-07-24T11:48:11.948394+08:00
662,2019-05-27,-131000.0,-1000.0,0.0,-132000.0,27.0,0.0,1.0,0.0,,2026-07-24T11:48:11.948394+08:00
662,2019-05-28,24000.0,-31000.0,0.0,-7000.0,28.0,0.0,1.0,0.0,,2026-07-24T11:48:11.948394+08:00
662,2019-05-29,-77000.0,0.0,0.0,-77000.0,31.0,0.0,3.0,0.0,,2026-07-24T11:48:11.948394+08:00
662,2019-05-30,-47000.0,5000.0,0.0,-42000.0,32.0,0.0,1.0,0.0,,2026-07-24T11:48:11.948394+08:00
662,2019-05-31,-68000.0,7000.0,0.0,-61000.0,34.0,0.0,2.0,0.0,,2026-07-24T11:48:11.948394+08:00
662,2019-06-03,-102000.0,-6000.0,0.0,-108000.0,35.0,0.0,1.0,0.0,,2026-07-24T11:48:11.948394+08:00
662,2019-06-04,-113000.0,1000.0,0.0,-112000.0,37.0,0.0,2.0,0.0,,2026-07-24T11:48:11.948394+08:00
662,2019-06-05,-55000.0,0.0,0.0,-55000.0,35.0,0.0,-2.0,0.0,,2026-07-24T11:48:11.948394+08:00
662,2019-06-06,-63000.0,0.0,0.0,-63000.0,36.0,0.0,1.0,0.0,,2026-07-24T11:48:11.948394+08:00
662,2019-06-10,33000.0,0.0,0.0,33000.0,33.0,0.0,-3.0,0.0,,2026-07-24T11:48:11.948394+08:00
662,2019-06-11,6000.0,0.0,0.0,6000.0,33.0,0.0,0.0,0.0,,2026-07-24T11:48:11.948394+08:00
662,2019-06-12,-72000.0,0.0,0.0,-72000.0,32.0,0.0,-1.0,0.0,,2026-07-24T11:48:11.948394+08:00
662,2019-06-13,-7000.0,0.0,0.0,-7000.0,29.0,0.0,-3.0,0.0,,2026-07-24T11:48:11.948394+08:00
662,2019-06-14,10000.0,0.0,0.0,10000.0,29.0,0.0,0.0,0.0,,2026-07-24T11:48:11.948394+08:00
662,2019-06-17,-87000.0,0.0,0.0,-87000.0,28.0,0.0,-1.0,0.0,,2026-07-24T11:48:11.948394+08:00
662,2019-06-18,2000.0,0.0,0.0,2000.0,28.0,0.0,0.0,0.0,,2026-07-24T11:48:11.948394+08:00
662,2019-06-19,-140293.0,0.0,0.0,-140293.0,28.0,0.0,0.0,0.0,,2026-07-24T11:48:11.948394+08:00
662,2019-06-20,-4000.0,-6000.0,0.0,-10000.0,29.0,0.0,1.0,0.0,,2026-07-24T11:48:11.948394+08:00
662,2019-06-21,-7000.0,0.0,0.0,-7000.0,23.0,0.0,-6.0,0.0,,2026-07-24T11:48:11.948394+08:00
662,2019-06-24,341000.0,0.0,0.0,341000.0,16.0,0.0,-7.0,0.0,,2026-07-24T11:48:11.948394+08:00
662,2019-06-25,73000.0,0.0,0.0,73000.0,15.0,0.0,-1.0,0.0,,2026-07-24T11:48:11.948394+08:00
662,2019-06-26,-17000.0,0.0,0.0,-17000.0,15.0,0.0,0.0,0.0,,2026-07-24T11:48:11.948394+08:00
662,2019-06-27,181000.0,-140000.0,0.0,41000.0,15.0,0.0,0.0,0.0,,2026-07-24T11:48:11.948394+08:00
662,2019-06-28,-3000.0,0.0,0.0,-3000.0,14.0,0.0,-1.0,0.0,,2026-07-24T11:48:11.948394+08:00
662,2019-07-01,-110000.0,0.0,0.0,-110000.0,19.0,0.0,5.0,0.0,,2026-07-24T11:48:11.948394+08:00
662,2019-07-02,227000.0,-356000.0,0.0,-129000.0,19.0,0.0,0.0,0.0,,2026-07-24T11:48:11.948394+08:00
662,2019-07-03,29000.0,0.0,0.0,29000.0,14.0,0.0,-5.0,0.0,,2026-07-24T11:48:11.948394+08:00
662,2019-07-04,35000.0,0.0,0.0,35000.0,14.0,0.0,0.0,0.0,,2026-07-24T11:48:11.948394+08:00
662,2019-07-05,16000.0,0.0,0.0,16000.0,14.0,0.0,0.0,0.0,,2026-07-24T11:48:11.948394+08:00
662,2019-07-08,-27000.0,0.0,0.0,-27000.0,14.0,0.0,0.0,0.0,,2026-07-24T11:48:11.948394+08:00
662,2019-07-09,24000.0,0.0,0.0,24000.0,14.0,0.0,0.0,0.0,,2026-07-24T11:48:11.948394+08:00
662,2019-07-10,4000.0,0.0,0.0,4000.0,14.0,0.0,0.0,0.0,,2026-07-24T11:48:11.948394+08:00
662,2019-07-11,34000.0,1000.0,0.0,35000.0,14.0,0.0,0.0,0.0,,2026-07-24T11:48:11.948394+08:00
662,2019-07-12,10000.0,0.0,0.0,10000.0,14.0,0.0,0.0,0.0,,2026-07-24T11:48:11.948394+08:00
662,2019-07-15,374000.0,0.0,0.0,374000.0,6.0,0.0,-8.0,0.0,,2026-07-24T11:48:11.948394+08:00
662,2019-07-16,45000.0,-3000.0,0.0,42000.0,6.0,0.0,0.0,0.0,,2026-07-24T11:48:11.948394+08:00
662,2019-07-17,124000.0,81000.0,0.0,205000.0,6.0,0.0,0.0,0.0,,2026-07-24T11:48:11.948394+08:00
662,2019-07-18,109000.0,-71000.0,0.0,38000.0,5.0,0.0,-1.0,0.0,,2026-07-24T11:48:11.948394+08:00
662,2019-07-19,371000.0,263000.0,0.0,634000.0,5.0,0.0,0.0,0.0,,2026-07-24T11:48:11.948394+08:00
662,2019-07-22,-18000.0,16000.0,0.0,-2000.0,5.0,0.0,0.0,0.0,,2026-07-24T11:48:11.948394+08:00
662,2019-07-23,-4000.0,31000.0,0.0,27000.0,5.0,0.0,0.0,0.0,,2026-07-24T11:48:11.948394+08:00
662,2019-07-24,-1000.0,19000.0,0.0,18000.0,5.0,0.0,0.0,0.0,,2026-07-24T11:48:11.948394+08:00
662,2019-07-25,111000.0,0.0,0.0,111000.0,5.0,0.0,0.0,0.0,,2026-07-24T11:48:11.948394+08:00
662,2019-07-26,-44000.0,21000.0,0.0,-23000.0,5.0,0.0,0.0,0.0,,2026-07-24T11:48:11.948394+08:00
662,2019-07-29,56000.0,11000.0,0.0,67000.0,12.0,0.0,7.0,0.0,,2026-07-24T11:48:11.948394+08:00
662,2019-07-30,38293.0,0.0,0.0,38293.0,15.0,0.0,3.0,0.0,,2026-07-24T11:48:11.948394+08:00
662,2019-07-31,5000.0,0.0,0.0,5000.0,15.0,0.0,0.0,0.0,,2026-07-24T11:48:11.948394+08:00
662,2019-08-01,-32000.0,0.0,0.0,-32000.0,5.0,0.0,-10.0,0.0,,2026-07-24T11:48:11.948394+08:00
662,2019-08-02,27000.0,0.0,0.0,27000.0,5.0,0.0,0.0,0.0,,2026-07-24T11:48:11.948394+08:00
662,2019-08-05,-89000.0,12000.0,0.0,-77000.0,5.0,0.0,0.0,0.0,,2026-07-24T11:48:11.948394+08:00
662,2019-08-06,525000.0,0.0,0.0,525000.0,5.0,0.0,0.0,0.0,,2026-07-24T11:48:11.948394+08:00
662,2019-08-07,8000.0,0.0,0.0,8000.0,5.0,0.0,0.0,0.0,,2026-07-24T11:48:11.948394+08:00
662,2019-08-08,-15000.0,0.0,0.0,-15000.0,5.0,0.0,0.0,0.0,,2026-07-24T11:48:11.948394+08:00
662,2019-08-12,-3000.0,0.0,0.0,-3000.0,5.0,0.0,0.0,0.0,,2026-07-24T11:48:11.948394+08:00
662,2019-08-13,19000.0,0.0,0.0,19000.0,5.0,0.0,0.0,0.0,,2026-07-24T11:48:11.948394+08:00
662,2019-08-14,12000.0,0.0,0.0,12000.0,5.0,0.0,0.0,0.0,,2026-07-24T11:48:11.948394+08:00
662,2019-08-15,-100000.0,0.0,0.0,-100000.0,5.0,0.0,0.0,0.0,,2026-07-24T11:48:11.948394+08:00
662,2019-08-16,-106000.0,0.0,0.0,-106000.0,5.0,0.0,0.0,0.0,,2026-07-24T11:48:11.948394+08:00
662,2019-08-19,7000.0,0.0,0.0,7000.0,5.0,0.0,0.0,0.0,,2026-07-24T11:48:11.948394+08:00
662,2019-08-20,35000.0,0.0,0.0,35000.0,5.0,0.0,0.0,0.0,,2026-07-24T11:48:11.948394+08:00
662,2019-08-21,1000.0,0.0,0.0,1000.0,5.0,0.0,0.0,0.0,,2026-07-24T11:48:11.948394+08:00
662,2019-08-22,1000.0,0.0,0.0,1000.0,5.0,0.0,0.0,0.0,,2026-07-24T11:48:11.948394+08:00
662,2019-08-23,-18000.0,0.0,0.0,-18000.0,5.0,0.0,0.0,0.0,,2026-07-24T11:48:11.948394+08:00
662,2019-08-24,-24000.0,0.0,0.0,-24000.0,,,,,,2026-07-24T11:48:11.948394+08:00
662,2019-08-26,-181000.0,0.0,0.0,-181000.0,5.0,0.0,,,,2026-07-24T11:48:11.948394+08:00
662,2019-08-27,-98000.0,0.0,0.0,-98000.0,5.0,0.0,0.0,0.0,,2026-07-24T11:48:11.948394+08:00
662,2019-08-28,-14000.0,0.0,0.0,-14000.0,5.0,0.0,0.0,0.0,,2026-07-24T11:48:11.948394+08:00
662,2019-08-29,15000.0,-1000.0,0.0,14000.0,5.0,0.0,0.0,0.0,,2026-07-24T11:48:11.948394+08:00
662,2019-08-30,-18000.0,0.0,0.0,-18000.0,5.0,0.0,0.0,0.0,,2026-07-24T11:48:11.948394+08:00
662,2019-09-02,-80000.0,0.0,0.0,-80000.0,5.0,0.0,0.0,0.0,,2026-07-24T11:48:11.948394+08:00
662,2019-09-03,1000.0,0.0,0.0,1000.0,5.0,0.0,0.0,0.0,,2026-07-24T11:48:11.948394+08:00
662,2019-09-04,-5000.0,0.0,0.0,-5000.0,5.0,0.0,0.0,0.0,,2026-07-24T11:48:11.948394+08:00
662,2019-09-05,59000.0,0.0,0.0,59000.0,5.0,0.0,0.0,0.0,,2026-07-24T11:48:11.948394+08:00
662,2019-09-06,-24000.0,0.0,0.0,-24000.0,5.0,0.0,0.0,0.0,,2026-07-24T11:48:11.948394+08:00
662,2019-09-09,33000.0,0.0,0.0,33000.0,5.0,0.0,0.0,0.0,,2026-07-24T11:48:11.948394+08:00
662,2019-09-10,15000.0,0.0,0.0,15000.0,5.0,0.0,0.0,0.0,,2026-07-24T11:48:11.948394+08:00
662,2019-09-11,14000.0,0.0,0.0,14000.0,5.0,0.0,0.0,0.0,,2026-07-24T11:48:11.948394+08:00
662,2019-09-12,144000.0,-140000.0,0.0,4000.0,5.0,0.0,0.0,0.0,,2026-07-24T11:48:11.948394+08:00
662,2019-09-16,-168000.0,3000.0,0.0,-165000.0,7.0,0.0,2.0,0.0,,2026-07-24T11:48:11.948394+08:00
662,2019-09-17,21000.0,0.0,0.0,21000.0,5.0,0.0,-2.0,0.0,,2026-07-24T11:48:11.948394+08:00
662,2019-09-18,72000.0,0.0,0.0,72000.0,5.0,0.0,0.0,0.0,,2026-07-24T11:48:11.948394+08:00
662,2019-09-19,-18000.0,0.0,0.0,-18000.0,5.0,0.0,0.0,0.0,,2026-07-24T11:48:11.948394+08:00
662,2019-09-20,-71000.0,0.0,0.0,-71000.0,5.0,0.0,0.0,0.0,,2026-07-24T11:48:11.948394+08:00
662,2019-09-23,-56000.0,-2000.0,0.0,-58000.0,5.0,0.0,0.0,0.0,,2026-07-24T11:48:11.948394+08:00
662,2019-09-24,17000.0,0.0,0.0,17000.0,5.0,0.0,0.0,0.0,,2026-07-24T11:48:11.948394+08:00
662,2019-09-25,-20000.0,0.0,0.0,-20000.0,5.0,0.0,0.0,0.0,,2026-07-24T11:48:11.948394+08:00
662,2019-09-26,-14000.0,-20000.0,0.0,-34000.0,5.0,0.0,0.0,0.0,,2026-07-24T11:48:11.948394+08:00
662,2019-09-27,37000.0,0.0,0.0,37000.0,5.0,0.0,0.0,0.0,,2026-07-24T11:48:11.948394+08:00
662,2019-10-01,20000.0,0.0,0.0,20000.0,5.0,0.0,0.0,0.0,,2026-07-24T11:48:11.948394+08:00
662,2019-10-02,-120000.0,1000.0,0.0,-119000.0,5.0,0.0,0.0,0.0,,2026-07-24T11:48:11.948394+08:00
662,2019-10-03,-324000.0,-70000.0,0.0,-394000.0,5.0,0.0,0.0,0.0,,2026-07-24T11:48:11.948394+08:00
662,2019-10-04,-21000.0,0.0,0.0,-21000.0,5.0,0.0,0.0,0.0,,2026-07-24T11:48:11.948394+08:00
662,2019-10-07,-63000.0,0.0,0.0,-63000.0,5.0,0.0,0.0,0.0,,2026-07-24T11:48:11.948394+08:00
662,2019-10-08,85000.0,-81000.0,0.0,4000.0,6.0,0.0,1.0,0.0,,2026-07-24T11:48:11.948394+08:00
662,2019-10-09,-204000.0,3000.0,0.0,-201000.0,47.0,0.0,41.0,0.0,,2026-07-24T11:48:11.948394+08:00
662,2019-10-14,124000.0,-2000.0,0.0,122000.0,10.0,0.0,-37.0,0.0,,2026-07-24T11:48:11.948394+08:00
662,2019-10-15,-365000.0,-5000.0,0.0,-370000.0,95.0,0.0,85.0,0.0,,2026-07-24T11:48:11.948394+08:00
662,2019-10-16,1000.0,4000.0,0.0,5000.0,10.0,0.0,-85.0,0.0,,2026-07-24T11:48:11.948394+08:00
662,2019-10-17,26000.0,0.0,0.0,26000.0,10.0,0.0,0.0,0.0,,2026-07-24T11:48:11.948394+08:00
662,2019-10-18,158000.0,0.0,0.0,158000.0,5.0,0.0,-5.0,0.0,,2026-07-24T11:48:11.948394+08:00
662,2019-10-21,-36000.0,0.0,0.0,-36000.0,5.0,0.0,0.0,0.0,,2026-07-24T11:48:11.948394+08:00
662,2019-10-22,5000.0,0.0,0.0,5000.0,5.0,0.0,0.0,0.0,,2026-07-24T11:48:11.948394+08:00
662,2019-10-23,-103000.0,0.0,0.0,-103000.0,5.0,0.0,0.0,0.0,,2026-07-24T11:48:11.948394+08:00
662,2019-10-24,21000.0,0.0,0.0,21000.0,5.0,0.0,0.0,0.0,,2026-07-24T11:48:11.948394+08:00
662,2019-10-25,-53000.0,0.0,0.0,-53000.0,5.0,0.0,0.0,0.0,,2026-07-24T11:48:11.948394+08:00
662,2019-10-26,-24000.0,0.0,0.0,-24000.0,,,,,,2026-07-24T11:48:11.948394+08:00
662,2019-10-28,-83000.0,0.0,0.0,-83000.0,5.0,0.0,,,,2026-07-24T11:48:11.948394+08:00
662,2019-10-29,54000.0,0.0,0.0,54000.0,5.0,0.0,0.0,0.0,,2026-07-24T11:48:11.948394+08:00
662,2019-10-30,10000.0,0.0,0.0,10000.0,5.0,0.0,0.0,0.0,,2026-07-24T11:48:11.948394+08:00
662,2019-10-31,41000.0,0.0,0.0,41000.0,5.0,0.0,0.0,0.0,,2026-07-24T11:48:11.948394+08:00
662,2019-11-01,134000.0,0.0,0.0,134000.0,5.0,0.0,0.0,0.0,,2026-07-24T11:48:11.948394+08:00
662,2019-11-04,54000.0,0.0,0.0,54000.0,5.0,0.0,0.0,0.0,,2026-07-24T11:48:11.948394+08:00
662,2019-11-05,102000.0,0.0,0.0,102000.0,5.0,0.0,0.0,0.0,,2026-07-24T11:48:11.948394+08:00
662,2019-11-06,-31000.0,0.0,0.0,-31000.0,5.0,0.0,0.0,0.0,,2026-07-24T11:48:11.948394+08:00
662,2019-11-07,72000.0,0.0,0.0,72000.0,5.0,0.0,0.0,0.0,,2026-07-24T11:48:11.948394+08:00
662,2019-11-08,39000.0,0.0,0.0,39000.0,5.0,0.0,0.0,0.0,,2026-07-24T11:48:11.948394+08:00
662,2019-11-11,84000.0,0.0,0.0,84000.0,5.0,0.0,0.0,0.0,,2026-07-24T11:48:11.948394+08:00
662,2019-11-12,49000.0,0.0,0.0,49000.0,5.0,0.0,0.0,0.0,,2026-07-24T11:48:11.948394+08:00
662,2019-11-13,73000.0,0.0,0.0,73000.0,5.0,0.0,0.0,0.0,,2026-07-24T11:48:11.948394+08:00
662,2019-11-14,58000.0,0.0,0.0,58000.0,5.0,0.0,0.0,0.0,,2026-07-24T11:48:11.948394+08:00
662,2019-11-15,18000.0,0.0,0.0,18000.0,5.0,0.0,0.0,0.0,,2026-07-24T11:48:11.948394+08:00
662,2019-11-18,-60000.0,0.0,0.0,-60000.0,5.0,0.0,0.0,0.0,,2026-07-24T11:48:11.948394+08:00
662,2019-11-19,-52000.0,0.0,0.0,-52000.0,5.0,0.0,0.0,0.0,,2026-07-24T11:48:11.948394+08:00
662,2019-11-20,-9000.0,0.0,0.0,-9000.0,5.0,0.0,0.0,0.0,,2026-07-24T11:48:11.948394+08:00
662,2019-11-21,-211000.0,0.0,0.0,-211000.0,5.0,0.0,0.0,0.0,,2026-07-24T11:48:11.948394+08:00
662,2019-11-22,-75000.0,0.0,0.0,-75000.0,5.0,0.0,0.0,0.0,,2026-07-24T11:48:11.948394+08:00
662,2019-11-25,-169000.0,0.0,0.0,-169000.0,5.0,0.0,0.0,0.0,,2026-07-24T11:48:11.948394+08:00
662,2019-11-26,-18000.0,0.0,0.0,-18000.0,5.0,0.0,0.0,0.0,,2026-07-24T11:48:11.948394+08:00
662,2019-11-27,38000.0,0.0,0.0,38000.0,5.0,0.0,0.0,0.0,,2026-07-24T11:48:11.948394+08:00
662,2019-11-28,51000.0,0.0,0.0,51000.0,5.0,0.0,0.0,0.0,,2026-07-24T11:48:11.948394+08:00
662,2019-11-29,53000.0,0.0,0.0,53000.0,5.0,0.0,0.0,0.0,,2026-07-24T11:48:11.948394+08:00
662,2019-12-02,48000.0,0.0,0.0,48000.0,5.0,0.0,0.0,0.0,,2026-07-24T11:48:11.948394+08:00
662,2019-12-03,6000.0,0.0,0.0,6000.0,5.0,0.0,0.0,0.0,,2026-07-24T11:48:11.948394+08:00
662,2019-12-04,-13000.0,1000.0,0.0,-12000.0,5.0,0.0,0.0,0.0,,2026-07-24T11:48:11.948394+08:00
662,2019-12-05,-31000.0,0.0,0.0,-31000.0,5.0,0.0,0.0,0.0,,2026-07-24T11:48:11.948394+08:00
662,2019-12-06,-81000.0,0.0,0.0,-81000.0,5.0,0.0,0.0,0.0,,2026-07-24T11:48:11.948394+08:00
662,2019-12-09,10000.0,0.0,0.0,10000.0,5.0,0.0,0.0,0.0,,2026-07-24T11:48:11.948394+08:00
662,2019-12-10,1000.0,0.0,0.0,1000.0,5.0,0.0,0.0,0.0,,2026-07-24T11:48:11.948394+08:00
662,2019-12-11,-1000.0,0.0,0.0,-1000.0,5.0,0.0,0.0,0.0,,2026-07-24T11:48:11.948394+08:00
662,2019-12-12,8000.0,0.0,0.0,8000.0,5.0,0.0,0.0,0.0,,2026-07-24T11:48:11.948394+08:00
662,2019-12-13,-4000.0,0.0,0.0,-4000.0,5.0,0.0,0.0,0.0,,2026-07-24T11:48:11.948394+08:00
662,2019-12-16,-12000.0,0.0,0.0,-12000.0,5.0,0.0,0.0,0.0,,2026-07-24T11:48:11.948394+08:00
662,2019-12-17,20000.0,0.0,0.0,20000.0,5.0,0.0,0.0,0.0,,2026-07-24T11:48:11.948394+08:00
662,2019-12-18,3000.0,0.0,0.0,3000.0,5.0,0.0,0.0,0.0,,2026-07-24T11:48:11.948394+08:00
662,2019-12-19,17000.0,0.0,0.0,17000.0,5.0,0.0,0.0,0.0,,2026-07-24T11:48:11.948394+08:00
662,2019-12-20,18000.0,0.0,0.0,18000.0,5.0,0.0,0.0,0.0,,2026-07-24T11:48:11.948394+08:00
662,2019-12-23,44000.0,0.0,0.0,44000.0,5.0,0.0,0.0,0.0,,2026-07-24T11:48:11.948394+08:00
662,2019-12-24,14000.0,0.0,0.0,14000.0,5.0,0.0,0.0,0.0,,2026-07-24T11:48:11.948394+08:00
662,2019-12-25,10000.0,1000.0,0.0,11000.0,5.0,0.0,0.0,0.0,,2026-07-24T11:48:11.948394+08:00
662,2019-12-26,5000.0,0.0,0.0,5000.0,0.0,0.0,-5.0,0.0,,2026-07-24T11:48:11.948394+08:00
662,2019-12-27,62000.0,1000.0,0.0,63000.0,0.0,0.0,0.0,0.0,,2026-07-24T11:48:11.948394+08:00
662,2019-12-30,308.0,0.0,0.0,308.0,2.0,0.0,2.0,0.0,,2026-07-24T11:48:11.948394+08:00
662,2019-12-31,-46000.0,1000.0,0.0,-45000.0,2.0,0.0,0.0,0.0,,2026-07-24T11:48:11.948394+08:00
662,2020-01-02,10000.0,3000.0,0.0,13000.0,2.0,0.0,0.0,0.0,,2026-07-24T11:48:11.948394+08:00
662,2020-01-03,26000.0,-11000.0,0.0,15000.0,2.0,0.0,0.0,0.0,,2026-07-24T11:48:11.948394+08:00
662,2020-01-06,396000.0,4000.0,0.0,400000.0,2.0,0.0,0.0,0.0,,2026-07-24T11:48:11.948394+08:00
662,2020-01-07,59000.0,0.0,0.0,59000.0,1.0,0.0,-1.0,0.0,,2026-07-24T11:48:11.948394+08:00
662,2020-01-08,6000.0,0.0,0.0,6000.0,1.0,0.0,0.0,0.0,,2026-07-24T11:48:11.948394+08:00
662,2020-01-09,11000.0,0.0,0.0,11000.0,1.0,0.0,0.0,0.0,,2026-07-24T11:48:11.948394+08:00
662,2020-01-10,-4000.0,0.0,0.0,-4000.0,2.0,0.0,1.0,0.0,,2026-07-24T11:48:11.948394+08:00
662,2020-01-13,-96000.0,0.0,0.0,-96000.0,5.0,0.0,3.0,0.0,,2026-07-24T11:48:11.948394+08:00
662,2020-01-14,-28000.0,0.0,0.0,-28000.0,5.0,0.0,0.0,0.0,,2026-07-24T11:48:11.948394+08:00
662,2020-01-15,20000.0,0.0,0.0,20000.0,5.0,0.0,0.0,0.0,,2026-07-24T11:48:11.948394+08:00
662,2020-01-16,46000.0,0.0,0.0,46000.0,5.0,0.0,0.0,0.0,,2026-07-24T11:48:11.948394+08:00
662,2020-01-17,9000.0,0.0,0.0,9000.0,5.0,0.0,0.0,0.0,,2026-07-24T11:48:11.948394+08:00
662,2020-01-20,-100000.0,0.0,0.0,-100000.0,5.0,0.0,0.0,0.0,,2026-07-24T11:48:11.948394+08:00
662,2020-01-30,108000.0,-7000.0,0.0,101000.0,5.0,0.0,0.0,0.0,,2026-07-24T11:48:11.948394+08:00
662,2020-01-31,12000.0,0.0,0.0,12000.0,5.0,0.0,0.0,0.0,,2026-07-24T11:48:11.948394+08:00
662,2020-02-03,31000.0,0.0,0.0,31000.0,5.0,0.0,0.0,0.0,,2026-07-24T11:48:11.948394+08:00
662,2020-02-04,-42000.0,0.0,0.0,-42000.0,5.0,0.0,0.0,0.0,,2026-07-24T11:48:11.948394+08:00
662,2020-02-05,16000.0,0.0,0.0,16000.0,5.0,0.0,0.0,0.0,,2026-07-24T11:48:11.948394+08:00
662,2020-02-06,-83000.0,3000.0,0.0,-80000.0,5.0,0.0,0.0,0.0,,2026-07-24T11:48:11.948394+08:00
662,2020-02-07,1000.0,0.0,0.0,1000.0,5.0,0.0,0.0,0.0,,2026-07-24T11:48:11.948394+08:00
662,2020-02-10,-127000.0,0.0,0.0,-127000.0,7.0,0.0,2.0,0.0,,2026-07-24T11:48:11.948394+08:00
662,2020-02-11,-21000.0,0.0,0.0,-21000.0,7.0,0.0,0.0,0.0,,2026-07-24T11:48:11.948394+08:00
662,2020-02-12,-75000.0,0.0,0.0,-75000.0,11.0,0.0,4.0,0.0,,2026-07-24T11:48:11.948394+08:00
662,2020-02-13,-48000.0,0.0,0.0,-48000.0,11.0,0.0,0.0,0.0,,2026-07-24T11:48:11.948394+08:00
662,2020-02-14,-17000.0,0.0,0.0,-17000.0,11.0,0.0,0.0,0.0,,2026-07-24T11:48:11.948394+08:00
662,2020-02-17,-161000.0,-23000.0,0.0,-184000.0,23.0,0.0,12.0,0.0,,2026-07-24T11:48:11.948394+08:00
662,2020-02-18,-15000.0,-68000.0,0.0,-83000.0,22.0,0.0,-1.0,0.0,,2026-07-24T11:48:11.948394+08:00
662,2020-02-19,6000.0,-15000.0,0.0,-9000.0,21.0,0.0,-1.0,0.0,,2026-07-24T11:48:11.948394+08:00
662,2020-02-20,-6000.0,0.0,0.0,-6000.0,10.0,0.0,-11.0,0.0,,2026-07-24T11:48:11.948394+08:00
662,2020-02-21,-123000.0,2000.0,0.0,-121000.0,10.0,0.0,0.0,0.0,,2026-07-24T11:48:11.948394+08:00
662,2020-02-24,-86000.0,-8000.0,0.0,-94000.0,9.0,0.0,-1.0,0.0,,2026-07-24T11:48:11.948394+08:00
662,2020-02-25,-291000.0,7000.0,0.0,-284000.0,21.0,0.0,12.0,0.0,,2026-07-24T11:48:11.948394+08:00
662,2020-02-26,-244000.0,2000.0,0.0,-242000.0,36.0,0.0,15.0,0.0,,2026-07-24T11:48:11.948394+08:00
662,2020-02-27,-548000.0,0.0,0.0,-548000.0,49.0,0.0,13.0,0.0,,2026-07-24T11:48:11.948394+08:00
662,2020-03-02,-606000.0,4000.0,0.0,-602000.0,63.0,0.0,14.0,0.0,,2026-07-24T11:48:11.948394+08:00
662,2020-03-03,-364000.0,40000.0,0.0,-324000.0,69.0,0.0,6.0,0.0,,2026-07-24T11:48:11.948394+08:00
662,2020-03-04,-140000.0,0.0,0.0,-140000.0,83.0,0.0,14.0,0.0,,2026-07-24T11:48:11.948394+08:00
662,2020-03-05,-18000.0,41000.0,0.0,23000.0,71.0,4.0,-12.0,4.0,,2026-07-24T11:48:11.948394+08:00
662,2020-03-06,-468000.0,-5000.0,0.0,-473000.0,80.0,4.0,9.0,0.0,,2026-07-24T11:48:11.948394+08:00
662,2020-03-09,-48000.0,-4000.0,0.0,-52000.0,95.0,4.0,15.0,0.0,,2026-07-24T11:48:11.948394+08:00
662,2020-03-10,-79000.0,0.0,0.0,-79000.0,90.0,4.0,-5.0,0.0,,2026-07-24T11:48:11.948394+08:00
662,2020-03-11,-117000.0,9000.0,0.0,-108000.0,92.0,4.0,2.0,0.0,,2026-07-24T11:48:11.948394+08:00
662,2020-03-12,-144000.0,104000.0,0.0,-40000.0,103.0,0.0,11.0,-4.0,,2026-07-24T11:48:11.948394+08:00
662,2020-03-13,-351000.0,-2000.0,0.0,-353000.0,107.0,3.0,4.0,3.0,,2026-07-24T11:48:11.948394+08:00
662,2020-03-16,-39000.0,1000.0,0.0,-38000.0,123.0,1.0,16.0,-2.0,,2026-07-24T11:48:11.948394+08:00
662,2020-03-17,288000.0,-1000.0,0.0,287000.0,124.0,1.0,1.0,0.0,,2026-07-24T11:48:11.948394+08:00
662,2020-03-18,-198000.0,1000.0,0.0,-197000.0,133.0,1.0,9.0,0.0,,2026-07-24T11:48:11.948394+08:00
662,2020-03-19,341000.0,1000.0,0.0,342000.0,144.0,2.0,11.0,1.0,,2026-07-24T11:48:11.948394+08:00
662,2020-03-20,-222000.0,-2000.0,0.0,-224000.0,143.0,2.0,-1.0,0.0,,2026-07-24T11:48:11.948394+08:00
662,2020-03-23,-284000.0,1000.0,0.0,-283000.0,166.0,0.0,23.0,-2.0,,2026-07-24T11:48:11.948394+08:00
662,2020-03-24,-386000.0,5000.0,0.0,-381000.0,200.0,0.0,34.0,0.0,,2026-07-24T11:48:11.948394+08:00
662,2020-03-25,-803000.0,10000.0,0.0,-793000.0,211.0,0.0,11.0,0.0,,2026-07-24T11:48:11.948394+08:00
662,2020-03-26,-188000.0,1000.0,0.0,-187000.0,227.0,0.0,16.0,0.0,,2026-07-24T11:48:11.948394+08:00
662,2020-03-27,396000.0,1000.0,0.0,397000.0,188.0,0.0,-39.0,0.0,,2026-07-24T11:48:11.948394+08:00
662,2020-03-30,539000.0,0.0,0.0,539000.0,186.0,0.0,-2.0,0.0,,2026-07-24T11:48:11.948394+08:00
662,2020-03-31,388000.0,0.0,0.0,388000.0,170.0,0.0,-16.0,0.0,,2026-07-24T11:48:11.948394+08:00
662,2020-04-01,495000.0,0.0,0.0,495000.0,168.0,0.0,-2.0,0.0,,2026-07-24T11:48:11.948394+08:00
662,2020-04-06,427000.0,10096.0,0.0,437096.0,145.0,0.0,-23.0,0.0,,2026-07-24T11:48:11.948394+08:00
662,2020-04-07,-803000.0,0.0,0.0,-803000.0,143.0,0.0,-2.0,0.0,,2026-07-24T11:48:11.948394+08:00
662,2020-04-08,2888000.0,0.0,0.0,2888000.0,145.0,0.0,2.0,0.0,,2026-07-24T11:48:11.948394+08:00
662,2020-04-09,164000.0,0.0,0.0,164000.0,134.0,1.0,-11.0,1.0,,2026-07-24T11:48:11.948394+08:00
662,2020-04-10,54000.0,0.0,0.0,54000.0,134.0,1.0,0.0,0.0,,2026-07-24T11:48:11.948394+08:00
662,2020-04-13,5000.0,0.0,0.0,5000.0,131.0,1.0,-3.0,0.0,,2026-07-24T11:48:11.948394+08:00
662,2020-04-14,1533000.0,0.0,0.0,1533000.0,97.0,1.0,-34.0,0.0,,2026-07-24T11:48:11.948394+08:00
662,2020-04-15,-450000.0,0.0,0.0,-450000.0,99.0,1.0,2.0,0.0,,2026-07-24T11:48:11.948394+08:00
662,2020-04-16,-36000.0,-104000.0,0.0,-140000.0,98.0,1.0,-1.0,0.0,,2026-07-24T11:48:11.948394+08:00
662,2020-04-17,-47000.0,0.0,0.0,-47000.0,94.0,1.0,-4.0,0.0,,2026-07-24T11:48:11.948394+08:00
662,2020-04-20,-150000.0,1000.0,0.0,-149000.0,94.0,1.0,0.0,0.0,,2026-07-24T11:48:11.948394+08:00
662,2020-04-21,763000.0,0.0,0.0,763000.0,94.0,1.0,0.0,0.0,,2026-07-24T11:48:11.948394+08:00
662,2020-04-22,325000.0,0.0,0.0,325000.0,99.0,1.0,5.0,0.0,,2026-07-24T11:48:11.948394+08:00
662,2020-04-23,71000.0,0.0,0.0,71000.0,83.0,1.0,-16.0,0.0,,2026-07-24T11:48:11.948394+08:00
662,2020-04-24,-131000.0,2000.0,0.0,-129000.0,86.0,1.0,3.0,0.0,,2026-07-24T11:48:11.948394+08:00
662,2020-04-27,-113000.0,0.0,0.0,-113000.0,85.0,1.0,-1.0,0.0,,2026-07-24T11:48:11.948394+08:00
662,2020-04-28,-221000.0,0.0,0.0,-221000.0,81.0,1.0,-4.0,0.0,,2026-07-24T11:48:11.948394+08:00
662,2020-04-29,-815000.0,0.0,0.0,-815000.0,91.0,1.0,10.0,0.0,,2026-07-24T11:48:11.948394+08:00
662,2020-04-30,-131000.0,0.0,0.0,-131000.0,90.0,1.0,-1.0,0.0,,2026-07-24T11:48:11.948394+08:00
662,2020-05-04,13000.0,1088.0,0.0,14088.0,93.0,1.0,3.0,0.0,,2026-07-24T11:48:11.948394+08:00
662,2020-05-05,-262000.0,-1000.0,0.0,-263000.0,69.0,1.0,-24.0,0.0,,2026-07-24T11:48:11.948394+08:00
662,2020-05-06,19000.0,7000.0,0.0,26000.0,62.0,1.0,-7.0,0.0,,2026-07-24T11:48:11.948394+08:00
662,2020-05-07,143000.0,0.0,0.0,143000.0,62.0,1.0,0.0,0.0,,2026-07-24T11:48:11.948394+08:00
662,2020-05-08,48000.0,8000.0,0.0,56000.0,63.0,1.0,1.0,0.0,,2026-07-24T11:48:11.948394+08:00
662,2020-05-11,-35000.0,-11000.0,0.0,-46000.0,66.0,1.0,3.0,0.0,,2026-07-24T11:48:11.948394+08:00
662,2020-05-12,-16000.0,-4000.0,0.0,-20000.0,54.0,1.0,-12.0,0.0,,2026-07-24T11:48:11.948394+08:00
662,2020-05-13,-31000.0,0.0,0.0,-31000.0,37.0,1.0,-17.0,0.0,,2026-07-24T11:48:11.948394+08:00
662,2020-05-14,-888000.0,20000.0,0.0,-868000.0,35.0,1.0,-2.0,0.0,,2026-07-24T11:48:11.948394+08:00
662,2020-05-15,-51000.0,41000.0,0.0,-10000.0,33.0,1.0,-2.0,0.0,,2026-07-24T11:48:11.948394+08:00
662,2020-05-18,-22000.0,-54000.0,0.0,-76000.0,37.0,1.0,4.0,0.0,,2026-07-24T11:48:11.948394+08:00
662,2020-05-19,-82000.0,4000.0,0.0,-78000.0,32.0,1.0,-5.0,0.0,,2026-07-24T11:48:11.948394+08:00
662,2020-05-20,-8000.0,0.0,0.0,-8000.0,27.0,1.0,-5.0,0.0,,2026-07-24T11:48:11.948394+08:00
662,2020-05-21,-54000.0,1000.0,0.0,-53000.0,29.0,1.0,2.0,0.0,,2026-07-24T11:48:11.948394+08:00
662,2020-05-22,65000.0,-6000.0,0.0,59000.0,31.0,1.0,2.0,0.0,,2026-07-24T11:48:11.948394+08:00
662,2020-05-25,62000.0,11000.0,0.0,73000.0,26.0,1.0,-5.0,0.0,,2026-07-24T11:48:11.948394+08:00
662,2020-05-26,-31000.0,-23000.0,0.0,-54000.0,26.0,1.0,0.0,0.0,,2026-07-24T11:48:11.948394+08:00
662,2020-05-27,-72000.0,13000.0,0.0,-59000.0,25.0,1.0,-1.0,0.0,,2026-07-24T11:48:11.948394+08:00
662,2020-05-28,31000.0,-47000.0,0.0,-16000.0,25.0,1.0,0.0,0.0,,2026-07-24T11:48:11.948394+08:00
662,2020-05-29,138000.0,23000.0,0.0,161000.0,25.0,1.0,0.0,0.0,,2026-07-24T11:48:11.948394+08:00
662,2020-06-01,-92000.0,3000.0,0.0,-89000.0,24.0,1.0,-1.0,0.0,,2026-07-24T11:48:11.948394+08:00
662,2020-06-02,86000.0,-1000.0,0.0,85000.0,24.0,1.0,0.0,0.0,,2026-07-24T11:48:11.948394+08:00
662,2020-06-03,-370000.0,-23000.0,0.0,-393000.0,24.0,1.0,0.0,0.0,,2026-07-24T11:48:11.948394+08:00
662,2020-06-04,53000.0,0.0,0.0,53000.0,23.0,1.0,-1.0,0.0,,2026-07-24T11:48:11.948394+08:00
662,2020-06-05,-5000.0,0.0,0.0,-5000.0,22.0,1.0,-1.0,0.0,,2026-07-24T11:48:11.948394+08:00
662,2020-06-08,53000.0,-1000.0,0.0,52000.0,22.0,1.0,0.0,0.0,,2026-07-24T11:48:11.948394+08:00
662,2020-06-09,55000.0,0.0,0.0,55000.0,21.0,1.0,-1.0,0.0,,2026-07-24T11:48:11.948394+08:00
662,2020-06-10,-6000.0,77.0,0.0,-5923.0,35.0,1.0,14.0,0.0,,2026-07-24T11:48:11.948394+08:00
662,2020-06-11,-27000.0,-6000.0,0.0,-33000.0,27.0,1.0,-8.0,0.0,,2026-07-24T11:48:11.948394+08:00
662,2020-06-12,95000.0,3000.0,0.0,98000.0,30.0,1.0,3.0,0.0,,2026-07-24T11:48:11.948394+08:00
662,2020-06-15,-53000.0,-27000.0,0.0,-80000.0,33.0,1.0,3.0,0.0,,2026-07-24T11:48:11.948394+08:00
662,2020-06-16,-215000.0,1000.0,150000.0,-64000.0,36.0,1.0,3.0,0.0,,2026-07-24T11:48:11.948394+08:00
662,2020-06-17,24000.0,-2000.0,0.0,22000.0,35.0,1.0,-1.0,0.0,,2026-07-24T11:48:11.948394+08:00
662,2020-06-18,57000.0,0.0,50000.0,107000.0,38.0,1.0,3.0,0.0,,2026-07-24T11:48:11.948394+08:00
662,2020-06-19,135000.0,-45000.0,0.0,90000.0,37.0,1.0,-1.0,0.0,,2026-07-24T11:48:11.948394+08:00
662,2020-06-22,86000.0,-13000.0,0.0,73000.0,36.0,1.0,-1.0,0.0,,2026-07-24T11:48:11.948394+08:00
662,2020-06-23,-283000.0,0.0,0.0,-283000.0,36.0,1.0,0.0,0.0,,2026-07-24T11:48:11.948394+08:00
662,2020-06-24,64000.0,0.0,0.0,64000.0,36.0,1.0,0.0,0.0,,2026-07-24T11:48:11.948394+08:00
662,2020-06-29,-1547000.0,-9000.0,0.0,-1556000.0,59.0,1.0,23.0,0.0,,2026-07-24T11:48:11.948394+08:00
662,2020-06-30,92000.0,6000.0,0.0,98000.0,78.0,1.0,19.0,0.0,,2026-07-24T11:48:11.948394+08:00
662,2020-07-01,163000.0,-1000.0,-100000.0,62000.0,74.0,1.0,-4.0,0.0,,2026-07-24T11:48:11.948394+08:00
662,2020-07-02,122000.0,0.0,0.0,122000.0,35.0,1.0,-39.0,0.0,,2026-07-24T11:48:11.948394+08:00
662,2020-07-03,22000.0,0.0,0.0,22000.0,37.0,1.0,2.0,0.0,,2026-07-24T11:48:11.948394+08:00
662,2020-07-06,-46000.0,-1000.0,0.0,-47000.0,38.0,1.0,1.0,0.0,,2026-07-24T11:48:11.948394+08:00
662,2020-07-07,233000.0,5000.0,-100000.0,138000.0,36.0,1.0,-2.0,0.0,,2026-07-24T11:48:11.948394+08:00
662,2020-07-08,-18000.0,0.0,0.0,-18000.0,36.0,1.0,0.0,0.0,,2026-07-24T11:48:11.948394+08:00
662,2020-07-09,-3000.0,0.0,0.0,-3000.0,36.0,1.0,0.0,0.0,,2026-07-24T11:48:11.948394+08:00
662,2020-07-10,157000.0,0.0,0.0,157000.0,36.0,1.0,0.0,0.0,,2026-07-24T11:48:11.948394+08:00
662,2020-07-13,-203000.0,-10000.0,0.0,-213000.0,35.0,1.0,-1.0,0.0,,2026-07-24T11:48:11.948394+08:00
662,2020-07-14,212000.0,0.0,0.0,212000.0,37.0,1.0,2.0,0.0,,2026-07-24T11:48:11.948394+08:00
662,2020-07-15,55000.0,0.0,0.0,55000.0,37.0,0.0,0.0,-1.0,,2026-07-24T11:48:11.948394+08:00
662,2020-07-16,-510000.0,-1000.0,0.0,-511000.0,34.0,0.0,-3.0,0.0,,2026-07-24T11:48:11.948394+08:00
662,2020-07-17,78000.0,0.0,0.0,78000.0,34.0,0.0,0.0,0.0,,2026-07-24T11:48:11.948394+08:00
662,2020-07-20,22000.0,-926.0,0.0,21074.0,34.0,0.0,0.0,0.0,,2026-07-24T11:48:11.948394+08:00
662,2020-07-21,173000.0,0.0,0.0,173000.0,34.0,0.0,0.0,0.0,,2026-07-24T11:48:11.948394+08:00
662,2020-07-22,-460000.0,0.0,0.0,-460000.0,55.0,0.0,21.0,0.0,,2026-07-24T11:48:11.948394+08:00
662,2020-07-23,-11000.0,0.0,0.0,-11000.0,55.0,0.0,0.0,0.0,,2026-07-24T11:48:11.948394+08:00
662,2020-07-24,-419000.0,1000.0,0.0,-418000.0,55.0,0.0,0.0,0.0,,2026-07-24T11:48:11.948394+08:00
662,2020-07-27,-101000.0,0.0,0.0,-101000.0,66.0,0.0,11.0,0.0,,2026-07-24T11:48:11.948394+08:00
662,2020-07-28,132000.0,0.0,0.0,132000.0,66.0,0.0,0.0,0.0,,2026-07-24T11:48:11.948394+08:00
662,2020-07-29,715000.0,0.0,0.0,715000.0,78.0,0.0,12.0,0.0,,2026-07-24T11:48:11.948394+08:00
662,2020-07-30,56000.0,0.0,0.0,56000.0,66.0,0.0,-12.0,0.0,,2026-07-24T11:48:11.948394+08:00
662,2020-07-31,231000.0,6000.0,0.0,237000.0,67.0,0.0,1.0,0.0,,2026-07-24T11:48:11.948394+08:00
662,2020-08-03,123000.0,-1000.0,0.0,122000.0,67.0,0.0,0.0,0.0,,2026-07-24T11:48:11.948394+08:00
662,2020-08-04,-5000.0,0.0,0.0,-5000.0,64.0,0.0,-3.0,0.0,,2026-07-24T11:48:11.948394+08:00
662,2020-08-05,-81000.0,0.0,0.0,-81000.0,64.0,0.0,0.0,0.0,,2026-07-24T11:48:11.948394+08:00
662,2020-08-06,-91000.0,-1000.0,0.0,-92000.0,64.0,0.0,0.0,0.0,,2026-07-24T11:48:11.948394+08:00
662,2020-08-07,53000.0,0.0,0.0,53000.0,62.0,0.0,-2.0,0.0,,2026-07-24T11:48:11.948394+08:00
662,2020-08-10,23000.0,0.0,0.0,23000.0,61.0,0.0,-1.0,0.0,,2026-07-24T11:48:11.948394+08:00
662,2020-08-11,79000.0,0.0,0.0,79000.0,61.0,0.0,0.0,0.0,,2026-07-24T11:48:11.948394+08:00
662,2020-08-12,-28000.0,0.0,0.0,-28000.0,61.0,0.0,0.0,0.0,,2026-07-24T11:48:11.948394+08:00
662,2020-08-13,-52000.0,0.0,0.0,-52000.0,63.0,0.0,2.0,0.0,,2026-07-24T11:48:11.948394+08:00
662,2020-08-14,646000.0,0.0,0.0,646000.0,59.0,0.0,-4.0,0.0,,2026-07-24T11:48:11.948394+08:00
662,2020-08-17,-266000.0,-1000.0,0.0,-267000.0,65.0,0.0,6.0,0.0,,2026-07-24T11:48:11.948394+08:00
662,2020-08-18,43000.0,-10000.0,0.0,33000.0,59.0,0.0,-6.0,0.0,,2026-07-24T11:48:11.948394+08:00
662,2020-08-19,-31000.0,0.0,0.0,-31000.0,59.0,0.0,0.0,0.0,,2026-07-24T11:48:11.948394+08:00
662,2020-08-20,108000.0,70.0,0.0,108070.0,38.0,0.0,-21.0,0.0,,2026-07-24T11:48:11.948394+08:00
662,2020-08-21,29000.0,0.0,0.0,29000.0,41.0,0.0,3.0,0.0,,2026-07-24T11:48:11.948394+08:00
662,2020-08-24,-51000.0,0.0,0.0,-51000.0,40.0,0.0,-1.0,0.0,,2026-07-24T11:48:11.948394+08:00
662,2020-08-25,122000.0,0.0,0.0,122000.0,40.0,0.0,0.0,0.0,,2026-07-24T11:48:11.948394+08:00
662,2020-08-26,-120000.0,1000.0,0.0,-119000.0,40.0,0.0,0.0,0.0,,2026-07-24T11:48:11.948394+08:00
662,2020-08-27,-319000.0,1000.0,0.0,-318000.0,40.0,0.0,0.0,0.0,,2026-07-24T11:48:11.948394+08:00
662,2020-08-28,6000.0,0.0,0.0,6000.0,41.0,0.0,1.0,0.0,,2026-07-24T11:48:11.948394+08:00
662,2020-08-31,-120000.0,0.0,0.0,-120000.0,40.0,0.0,-1.0,0.0,,2026-07-24T11:48:11.948394+08:00
662,2020-09-01,-165000.0,9000.0,0.0,-156000.0,41.0,0.0,1.0,0.0,,2026-07-24T11:48:11.948394+08:00
662,2020-09-02,-388000.0,0.0,0.0,-388000.0,41.0,0.0,0.0,0.0,,2026-07-24T11:48:11.948394+08:00
662,2020-09-03,-341000.0,1000.0,0.0,-340000.0,40.0,0.0,-1.0,0.0,,2026-07-24T11:48:11.948394+08:00
662,2020-09-04,-551000.0,5000.0,0.0,-546000.0,61.0,0.0,21.0,0.0,,2026-07-24T11:48:11.948394+08:00
662,2020-09-07,-436000.0,-2000.0,0.0,-438000.0,64.0,0.0,3.0,0.0,,2026-07-24T11:48:11.948394+08:00
662,2020-09-08,49000.0,0.0,0.0,49000.0,68.0,0.0,4.0,0.0,,2026-07-24T11:48:11.948394+08:00
662,2020-09-09,-392000.0,1000.0,0.0,-391000.0,156.0,0.0,88.0,0.0,,2026-07-24T11:48:11.948394+08:00
662,2020-09-10,-274000.0,1000.0,0.0,-273000.0,90.0,0.0,-66.0,0.0,,2026-07-24T11:48:11.948394+08:00
662,2020-09-11,-117000.0,0.0,0.0,-117000.0,111.0,0.0,21.0,0.0,,2026-07-24T11:48:11.948394+08:00
662,2020-09-14,-175000.0,0.0,0.0,-175000.0,120.0,0.0,9.0,0.0,,2026-07-24T11:48:11.948394+08:00
662,2020-09-15,-75000.0,1000.0,0.0,-74000.0,100.0,0.0,-20.0,0.0,,2026-07-24T11:48:11.948394+08:00
662,2020-09-16,-794000.0,0.0,0.0,-794000.0,92.0,0.0,-8.0,0.0,,2026-07-24T11:48:11.948394+08:00
662,2020-09-17,-1256000.0,-11000.0,0.0,-1267000.0,95.0,0.0,3.0,0.0,,2026-07-24T11:48:11.948394+08:00
662,2020-09-18,-383000.0,12000.0,0.0,-371000.0,107.0,0.0,12.0,0.0,,2026-07-24T11:48:11.948394+08:00
662,2020-09-21,-581000.0,-3000.0,0.0,-584000.0,108.0,0.0,1.0,0.0,,2026-07-24T11:48:11.948394+08:00
662,2020-09-22,-1107000.0,0.0,0.0,-1107000.0,104.0,0.0,-4.0,0.0,,2026-07-24T11:48:11.948394+08:00
662,2020-09-23,-18000.0,1000.0,0.0,-17000.0,107.0,0.0,3.0,0.0,,2026-07-24T11:48:11.948394+08:00
662,2020-09-24,-896000.0,-1000.0,0.0,-897000.0,110.0,0.0,3.0,0.0,,2026-07-24T11:48:11.948394+08:00
662,2020-09-25,152000.0,-3000.0,0.0,149000.0,108.0,0.0,-2.0,0.0,,2026-07-24T11:48:11.948394+08:00
662,2020-09-28,-323000.0,0.0,0.0,-323000.0,117.0,0.0,9.0,0.0,,2026-07-24T11:48:11.948394+08:00
662,2020-09-29,16000.0,0.0,0.0,16000.0,112.0,0.0,-5.0,0.0,,2026-07-24T11:48:11.948394+08:00
662,2020-09-30,-99000.0,12000.0,0.0,-87000.0,113.0,0.0,1.0,0.0,,2026-07-24T11:48:11.948394+08:00
662,2020-10-05,-114000.0,-9000.0,0.0,-123000.0,111.0,0.0,-2.0,0.0,,2026-07-24T11:48:11.948394+08:00
662,2020-10-06,-320000.0,-3000.0,0.0,-323000.0,114.0,0.0,3.0,0.0,,2026-07-24T11:48:11.948394+08:00
662,2020-10-07,-209000.0,1000.0,0.0,-208000.0,176.0,0.0,62.0,0.0,,2026-07-24T11:48:11.948394+08:00
662,2020-10-08,63000.0,0.0,0.0,63000.0,111.0,0.0,-65.0,0.0,,2026-07-24T11:48:11.948394+08:00
662,2020-10-12,-336000.0,0.0,0.0,-336000.0,134.0,0.0,23.0,0.0,,2026-07-24T11:48:11.948394+08:00
662,2020-10-13,287000.0,4000.0,0.0,291000.0,80.0,0.0,-54.0,0.0,,2026-07-24T11:48:11.948394+08:00
662,2020-10-14,134000.0,0.0,0.0,134000.0,80.0,0.0,0.0,0.0,,2026-07-24T11:48:11.948394+08:00
662,2020-10-15,190000.0,0.0,0.0,190000.0,75.0,0.0,-5.0,0.0,,2026-07-24T11:48:11.948394+08:00
662,2020-10-16,-82000.0,0.0,0.0,-82000.0,73.0,0.0,-2.0,0.0,,2026-07-24T11:48:11.948394+08:00
662,2020-10-19,7000.0,0.0,0.0,7000.0,73.0,0.0,0.0,0.0,,2026-07-24T11:48:11.948394+08:00
662,2020-10-20,-637000.0,-1000.0,0.0,-638000.0,76.0,0.0,3.0,0.0,,2026-07-24T11:48:11.948394+08:00
662,2020-10-21,-344000.0,1000.0,0.0,-343000.0,75.0,0.0,-1.0,0.0,,2026-07-24T11:48:11.948394+08:00
662,2020-10-22,-83000.0,0.0,0.0,-83000.0,78.0,0.0,3.0,0.0,,2026-07-24T11:48:11.948394+08:00
662,2020-10-23,-1006000.0,-1000.0,0.0,-1007000.0,79.0,0.0,1.0,0.0,,2026-07-24T11:48:11.948394+08:00
662,2020-10-26,-167000.0,0.0,0.0,-167000.0,82.0,0.0,3.0,0.0,,2026-07-24T11:48:11.948394+08:00
662,2020-10-27,-716000.0,1000.0,0.0,-715000.0,81.0,0.0,-1.0,0.0,,2026-07-24T11:48:11.948394+08:00
662,2020-10-28,-671300.0,-4000.0,0.0,-675300.0,88.0,0.0,7.0,0.0,,2026-07-24T11:48:11.948394+08:00
662,2020-10-29,-401365.0,-3000.0,0.0,-404365.0,93.0,0.0,5.0,0.0,,2026-07-24T11:48:11.948394+08:00
662,2020-10-30,-544110.0,-1000.0,0.0,-545110.0,81.0,0.0,-12.0,0.0,,2026-07-24T11:48:11.948394+08:00
662,2020-11-02,23575.0,0.0,0.0,23575.0,82.0,0.0,1.0,0.0,,2026-07-24T11:48:11.948394+08:00
662,2020-11-03,-62410.0,1000.0,0.0,-61410.0,89.0,0.0,7.0,0.0,,2026-07-24T11:48:11.948394+08:00
662,2020-11-04,-162434.0,4090.0,0.0,-158344.0,103.0,0.0,14.0,0.0,,2026-07-24T11:48:11.948394+08:00
662,2020-11-05,1111000.0,55910.0,0.0,1166910.0,88.0,0.0,-15.0,0.0,,2026-07-24T11:48:11.948394+08:00
662,2020-11-06,208040.0,44000.0,0.0,252040.0,89.0,0.0,1.0,0.0,,2026-07-24T11:48:11.948394+08:00
662,2020-11-09,397837.0,0.0,0.0,397837.0,78.0,0.0,-11.0,0.0,,2026-07-24T11:48:11.948394+08:00
662,2020-11-10,-160380.0,0.0,0.0,-160380.0,75.0,0.0,-3.0,0.0,,2026-07-24T11:48:11.948394+08:00
662,2020-11-11,877000.0,50000.0,0.0,927000.0,78.0,0.0,3.0,0.0,,2026-07-24T11:48:11.948394+08:00
662,2020-11-12,1075855.0,0.0,0.0,1075855.0,77.0,0.0,-1.0,0.0,,2026-07-24T11:48:11.948394+08:00
662,2020-11-13,1458414.0,5000.0,0.0,1463414.0,69.0,0.0,-8.0,0.0,,2026-07-24T11:48:11.948394+08:00
662,2020-11-16,-221617.0,-6000.0,150000.0,-77617.0,59.0,0.0,-10.0,0.0,,2026-07-24T11:48:11.948394+08:00
662,2020-11-17,1255000.0,12000.0,0.0,1267000.0,58.0,0.0,-1.0,0.0,,2026-07-24T11:48:11.948394+08:00
662,2020-11-18,187610.0,0.0,0.0,187610.0,58.0,0.0,0.0,0.0,,2026-07-24T11:48:11.948394+08:00
662,2020-11-19,-3510.0,28000.0,0.0,24490.0,48.0,0.0,-10.0,0.0,,2026-07-24T11:48:11.948394+08:00
662,2020-11-20,135000.0,1000.0,0.0,136000.0,48.0,0.0,0.0,0.0,,2026-07-24T11:48:11.948394+08:00
662,2020-11-23,-163000.0,1000.0,0.0,-162000.0,48.0,0.0,0.0,0.0,,2026-07-24T11:48:11.948394+08:00
662,2020-11-24,20085.0,0.0,0.0,20085.0,49.0,0.0,1.0,0.0,,2026-07-24T11:48:11.948394+08:00
662,2020-11-25,177000.0,7000.0,0.0,184000.0,49.0,0.0,0.0,0.0,,2026-07-24T11:48:11.948394+08:00
662,2020-11-26,53053.0,0.0,-100000.0,-46947.0,47.0,0.0,-2.0,0.0,,2026-07-24T11:48:11.948394+08:00
662,2020-11-27,-4029.0,1000.0,0.0,-3029.0,47.0,0.0,0.0,0.0,,2026-07-24T11:48:11.948394+08:00
662,2020-11-30,194358.0,46000.0,-50000.0,190358.0,47.0,0.0,0.0,0.0,,2026-07-24T11:48:11.948394+08:00
662,2020-12-01,132052.0,19000.0,0.0,151052.0,45.0,0.0,-2.0,0.0,,2026-07-24T11:48:11.948394+08:00
662,2020-12-02,30245.0,3000.0,0.0,33245.0,44.0,0.0,-1.0,0.0,,2026-07-24T11:48:11.948394+08:00
662,2020-12-03,58073.0,0.0,0.0,58073.0,44.0,0.0,0.0,0.0,,2026-07-24T11:48:11.948394+08:00
662,2020-12-04,-35000.0,0.0,0.0,-35000.0,44.0,0.0,0.0,0.0,,2026-07-24T11:48:11.948394+08:00
662,2020-12-07,-95000.0,1000.0,0.0,-94000.0,44.0,0.0,0.0,0.0,,2026-07-24T11:48:11.948394+08:00
662,2020-12-08,77000.0,0.0,0.0,77000.0,44.0,0.0,0.0,0.0,,2026-07-24T11:48:11.948394+08:00
662,2020-12-09,69695.0,-12000.0,0.0,57695.0,44.0,0.0,0.0,0.0,,2026-07-24T11:48:11.948394+08:00
662,2020-12-10,-34964.0,0.0,0.0,-34964.0,46.0,0.0,2.0,0.0,,2026-07-24T11:48:11.948394+08:00
662,2020-12-11,-11000.0,2000.0,0.0,-9000.0,46.0,0.0,0.0,0.0,,2026-07-24T11:48:11.948394+08:00
662,2020-12-14,15000.0,0.0,0.0,15000.0,46.0,0.0,0.0,0.0,,2026-07-24T11:48:11.948394+08:00
662,2020-12-15,131000.0,11000.0,0.0,142000.0,30.0,0.0,-16.0,0.0,,2026-07-24T11:48:11.948394+08:00
662,2020-12-16,-40334.0,0.0,0.0,-40334.0,30.0,0.0,0.0,0.0,,2026-07-24T11:48:11.948394+08:00
662,2020-12-17,102000.0,0.0,0.0,102000.0,29.0,0.0,-1.0,0.0,,2026-07-24T11:48:11.948394+08:00
662,2020-12-18,-11000.0,0.0,0.0,-11000.0,28.0,0.0,-1.0,0.0,,2026-07-24T11:48:11.948394+08:00
662,2020-12-21,147000.0,1000.0,0.0,148000.0,28.0,0.0,0.0,0.0,,2026-07-24T11:48:11.948394+08:00
662,2020-12-22,106000.0,0.0,0.0,106000.0,31.0,0.0,3.0,0.0,,2026-07-24T11:48:11.948394+08:00
662,2020-12-23,32000.0,-1000.0,0.0,31000.0,28.0,0.0,-3.0,0.0,,2026-07-24T11:48:11.948394+08:00
662,2020-12-24,17000.0,3000.0,0.0,20000.0,24.0,0.0,-4.0,0.0,,2026-07-24T11:48:11.948394+08:00
662,2020-12-25,857.0,0.0,0.0,857.0,24.0,0.0,0.0,0.0,,2026-07-24T11:48:11.948394+08:00
662,2020-12-28,-27597.0,0.0,0.0,-27597.0,36.0,0.0,12.0,0.0,,2026-07-24T11:48:11.948394+08:00
662,2020-12-29,21035.0,0.0,0.0,21035.0,36.0,0.0,0.0,0.0,,2026-07-24T11:48:11.948394+08:00
662,2020-12-30,-234000.0,0.0,0.0,-234000.0,36.0,0.0,0.0,0.0,,2026-07-24T11:48:11.948394+08:00
662,2020-12-31,-20000.0,0.0,0.0,-20000.0,33.0,0.0,-3.0,0.0,,2026-07-24T11:48:11.948394+08:00
662,2021-01-04,-6000.0,0.0,0.0,-6000.0,33.0,0.0,0.0,0.0,,2026-07-24T11:48:11.948394+08:00
662,2021-01-05,-352777.0,1000.0,0.0,-351777.0,33.0,0.0,0.0,0.0,,2026-07-24T11:48:11.948394+08:00
662,2021-01-06,-118622.0,0.0,0.0,-118622.0,33.0,0.0,0.0,0.0,,2026-07-24T11:48:11.948394+08:00
662,2021-01-07,-10000.0,0.0,0.0,-10000.0,35.0,0.0,2.0,0.0,,2026-07-24T11:48:11.948394+08:00
662,2021-01-08,589175.0,-1000.0,0.0,588175.0,37.0,0.0,2.0,0.0,,2026-07-24T11:48:11.948394+08:00
662,2021-01-11,1165984.0,0.0,0.0,1165984.0,36.0,0.0,-1.0,0.0,,2026-07-24T11:48:11.948394+08:00
662,2021-01-12,920178.0,0.0,0.0,920178.0,33.0,0.0,-3.0,0.0,,2026-07-24T11:48:11.948394+08:00
662,2021-01-13,683043.0,0.0,0.0,683043.0,33.0,0.0,0.0,0.0,,2026-07-24T11:48:11.948394+08:00
662,2021-01-14,66710.0,0.0,0.0,66710.0,33.0,0.0,0.0,0.0,,2026-07-24T11:48:11.948394+08:00
662,2021-01-15,60441.0,0.0,0.0,60441.0,33.0,0.0,0.0,0.0,,2026-07-24T11:48:11.948394+08:00
662,2021-01-18,-8892.0,1000.0,0.0,-7892.0,32.0,0.0,-1.0,0.0,,2026-07-24T11:48:11.948394+08:00
662,2021-01-19,54008.0,0.0,0.0,54008.0,32.0,0.0,0.0,0.0,,2026-07-24T11:48:11.948394+08:00
662,2021-01-20,189849.0,-1000.0,0.0,188849.0,31.0,0.0,-1.0,0.0,,2026-07-24T11:48:11.948394+08:00
662,2021-01-21,106999.0,0.0,0.0,106999.0,34.0,0.0,3.0,0.0,,2026-07-24T11:48:11.948394+08:00
662,2021-01-22,63000.0,0.0,0.0,63000.0,34.0,0.0,0.0,0.0,,2026-07-24T11:48:11.948394+08:00
662,2021-01-25,71000.0,0.0,0.0,71000.0,33.0,0.0,-1.0,0.0,,2026-07-24T11:48:11.948394+08:00
662,2021-01-26,-56000.0,0.0,0.0,-56000.0,34.0,0.0,1.0,0.0,,2026-07-24T11:48:11.948394+08:00
662,2021-01-27,76000.0,0.0,0.0,76000.0,35.0,0.0,1.0,0.0,,2026-07-24T11:48:11.948394+08:00
662,2021-01-28,-57702.0,1000.0,0.0,-56702.0,25.0,0.0,-10.0,0.0,,2026-07-24T11:48:11.948394+08:00
662,2021-01-29,-264206.0,1000.0,0.0,-263206.0,25.0,0.0,0.0,0.0,,2026-07-24T11:48:11.948394+08:00
662,2021-02-01,196225.0,0.0,0.0,196225.0,25.0,0.0,0.0,0.0,,2026-07-24T11:48:11.948394+08:00
662,2021-02-02,-3019.0,-1000.0,0.0,-4019.0,24.0,0.0,-1.0,0.0,,2026-07-24T11:48:11.948394+08:00
662,2021-02-03,17000.0,0.0,0.0,17000.0,24.0,0.0,0.0,0.0,,2026-07-24T11:48:11.948394+08:00
662,2021-02-04,384000.0,0.0,0.0,384000.0,24.0,0.0,0.0,0.0,,2026-07-24T11:48:11.948394+08:00
662,2021-02-05,40025.0,0.0,0.0,40025.0,25.0,0.0,1.0,0.0,,2026-07-24T11:48:11.948394+08:00
662,2021-02-17,-1058000.0,0.0,0.0,-1058000.0,41.0,0.0,16.0,0.0,,2026-07-24T11:48:11.948394+08:00
662,2021-02-18,-29942.0,2000.0,0.0,-27942.0,41.0,0.0,0.0,0.0,,2026-07-24T11:48:11.948394+08:00
662,2021-02-19,1664.0,0.0,0.0,1664.0,34.0,0.0,-7.0,0.0,,2026-07-24T11:48:11.948394+08:00
662,2021-02-22,-95187.0,2430.0,0.0,-92757.0,38.0,0.0,4.0,0.0,,2026-07-24T11:48:11.948394+08:00
662,2021-02-23,-225655.0,3000.0,0.0,-222655.0,38.0,0.0,0.0,0.0,,2026-07-24T11:48:11.948394+08:00
662,2021-02-24,-194000.0,0.0,0.0,-194000.0,52.0,0.0,14.0,0.0,,2026-07-24T11:48:11.948394+08:00
662,2021-02-25,1998263.0,0.0,0.0,1998263.0,50.0,0.0,-2.0,0.0,,2026-07-24T11:48:11.948394+08:00
662,2021-02-26,-364715.0,2000.0,0.0,-362715.0,55.0,0.0,5.0,0.0,,2026-07-24T11:48:11.948394+08:00
662,2021-03-02,1130000.0,-7000.0,0.0,1123000.0,52.0,0.0,-3.0,0.0,,2026-07-24T11:48:11.948394+08:00
662,2021-03-03,-84828.0,7210.0,0.0,-77618.0,53.0,0.0,1.0,0.0,,2026-07-24T11:48:11.948394+08:00
662,2021-03-04,-707209.0,3000.0,0.0,-704209.0,75.0,0.0,22.0,0.0,,2026-07-24T11:48:11.948394+08:00
662,2021-03-05,-246035.0,25000.0,0.0,-221035.0,81.0,0.0,6.0,0.0,,2026-07-24T11:48:11.948394+08:00
662,2021-03-08,-207759.0,-5000.0,0.0,-212759.0,77.0,0.0,-4.0,0.0,,2026-07-24T11:48:11.948394+08:00
662,2021-03-09,-92538.0,-19000.0,0.0,-111538.0,80.0,0.0,3.0,0.0,,2026-07-24T11:48:11.948394+08:00
662,2021-03-10,39000.0,-3000.0,0.0,36000.0,72.0,0.0,-8.0,0.0,,2026-07-24T11:48:11.948394+08:00
662,2021-03-11,-55000.0,-1000.0,0.0,-56000.0,75.0,0.0,3.0,0.0,,2026-07-24T11:48:11.948394+08:00
662,2021-03-12,-60214.0,0.0,0.0,-60214.0,75.0,0.0,0.0,0.0,,2026-07-24T11:48:11.948394+08:00
662,2021-03-15,53741.0,-2000.0,0.0,51741.0,76.0,0.0,1.0,0.0,,2026-07-24T11:48:11.948394+08:00
662,2021-03-16,86000.0,1000.0,0.0,87000.0,77.0,0.0,1.0,0.0,,2026-07-24T11:48:11.948394+08:00
662,2021-03-17,-28000.0,0.0,0.0,-28000.0,82.0,0.0,5.0,0.0,,2026-07-24T11:48:11.948394+08:00
662,2021-03-18,97052.0,0.0,0.0,97052.0,78.0,0.0,-4.0,0.0,,2026-07-24T11:48:11.948394+08:00
662,2021-03-19,-19151.0,0.0,0.0,-19151.0,78.0,0.0,0.0,0.0,,2026-07-24T11:48:11.948394+08:00
662,2021-03-22,105999.0,50.0,0.0,106049.0,81.0,0.0,3.0,0.0,,2026-07-24T11:48:11.948394+08:00
662,2021-03-23,109405.0,-34000.0,0.0,75405.0,80.0,0.0,-1.0,0.0,,2026-07-24T11:48:11.948394+08:00
662,2021-03-24,206000.0,0.0,0.0,206000.0,76.0,0.0,-4.0,0.0,,2026-07-24T11:48:11.948394+08:00
662,2021-03-25,-66301.0,-964.0,0.0,-67265.0,77.0,0.0,1.0,0.0,,2026-07-24T11:48:11.948394+08:00
662,2021-03-26,-117000.0,0.0,0.0,-117000.0,79.0,0.0,2.0,0.0,,2026-07-24T11:48:11.948394+08:00
662,2021-03-29,-126184.0,-86.0,0.0,-126270.0,68.0,0.0,-11.0,0.0,,2026-07-24T11:48:11.948394+08:00
662,2021-03-30,48000.0,0.0,0.0,48000.0,67.0,0.0,-1.0,0.0,,2026-07-24T11:48:11.948394+08:00
662,2021-03-31,-50150.0,0.0,0.0,-50150.0,75.0,0.0,8.0,0.0,,2026-07-24T11:48:11.948394+08:00
662,2021-04-01,1000.0,-5000.0,0.0,-4000.0,67.0,0.0,-8.0,0.0,,2026-07-24T11:48:11.948394+08:00
662,2021-04-06,88000.0,0.0,0.0,88000.0,65.0,0.0,-2.0,0.0,,2026-07-24T11:48:11.948394+08:00
662,2021-04-07,-216000.0,-1000.0,0.0,-217000.0,50.0,0.0,-15.0,0.0,,2026-07-24T11:48:11.948394+08:00
662,2021-04-08,163000.0,960.0,0.0,163960.0,40.0,0.0,-10.0,0.0,,2026-07-24T11:48:11.948394+08:00
662,2021-04-09,70005.0,0.0,0.0,70005.0,37.0,0.0,-3.0,0.0,,2026-07-24T11:48:11.948394+08:00
662,2021-04-12,86283.0,0.0,0.0,86283.0,36.0,0.0,-1.0,0.0,,2026-07-24T11:48:11.948394+08:00
662,2021-04-13,-2000.0,0.0,0.0,-2000.0,35.0,0.0,-1.0,0.0,,2026-07-24T11:48:11.948394+08:00
662,2021-04-14,111084.0,0.0,0.0,111084.0,36.0,0.0,1.0,0.0,,2026-07-24T11:48:11.948394+08:00
662,2021-04-15,-17727.0,0.0,0.0,-17727.0,35.0,0.0,-1.0,0.0,,2026-07-24T11:48:11.948394+08:00
662,2021-04-16,-27000.0,0.0,0.0,-27000.0,34.0,0.0,-1.0,0.0,,2026-07-24T11:48:11.948394+08:00
662,2021-04-19,-10000.0,0.0,0.0,-10000.0,33.0,0.0,-1.0,0.0,,2026-07-24T11:48:11.948394+08:00
662,2021-04-20,-102836.0,0.0,0.0,-102836.0,37.0,0.0,4.0,0.0,,2026-07-24T11:48:11.948394+08:00
662,2021-04-21,-4712.0,0.0,0.0,-4712.0,37.0,0.0,0.0,0.0,,2026-07-24T11:48:11.948394+08:00
662,2021-04-22,26069.0,0.0,0.0,26069.0,40.0,0.0,3.0,0.0,,2026-07-24T11:48:11.948394+08:00
662,2021-04-23,-17221.0,-9000.0,0.0,-26221.0,42.0,0.0,2.0,0.0,,2026-07-24T11:48:11.948394+08:00
662,2021-04-26,-63000.0,8000.0,0.0,-55000.0,39.0,0.0,-3.0,0.0,,2026-07-24T11:48:11.948394+08:00
662,2021-04-27,-170000.0,-1000.0,0.0,-171000.0,39.0,0.0,0.0,0.0,,2026-07-24T11:48:11.948394+08:00
662,2021-04-28,-26000.0,-3000.0,0.0,-29000.0,39.0,0.0,0.0,0.0,,2026-07-24T11:48:11.948394+08:00
662,2021-04-29,7000.0,-1000.0,0.0,6000.0,39.0,0.0,0.0,0.0,,2026-07-24T11:48:11.948394+08:00
662,2021-05-03,34115.0,-3000.0,0.0,31115.0,33.0,0.0,-6.0,0.0,,2026-07-24T11:48:11.948394+08:00
662,2021-05-04,94002.0,-8000.0,0.0,86002.0,33.0,0.0,0.0,0.0,,2026-07-24T11:48:11.948394+08:00
662,2021-05-05,-46704.0,10000.0,0.0,-36704.0,39.0,0.0,6.0,0.0,,2026-07-24T11:48:11.948394+08:00
662,2021-05-06,-145219.0,-22000.0,0.0,-167219.0,39.0,0.0,0.0,0.0,,2026-07-24T11:48:11.948394+08:00
662,2021-05-07,-50864.0,-4000.0,0.0,-54864.0,41.0,0.0,2.0,0.0,,2026-07-24T11:48:11.948394+08:00
662,2021-05-10,-53575.0,-2000.0,0.0,-55575.0,42.0,0.0,1.0,0.0,,2026-07-24T11:48:11.948394+08:00
662,2021-05-11,154959.0,5000.0,0.0,159959.0,45.0,0.0,3.0,0.0,,2026-07-24T11:48:11.948394+08:00
662,2021-05-12,226488.0,31000.0,0.0,257488.0,41.0,0.0,-4.0,0.0,,2026-07-24T11:48:11.948394+08:00
662,2021-05-13,34384.0,-5000.0,0.0,29384.0,41.0,0.0,0.0,0.0,,2026-07-24T11:48:11.948394+08:00
662,2021-05-14,362917.0,-3000.0,0.0,359917.0,42.0,0.0,1.0,0.0,,2026-07-24T11:48:11.948394+08:00
662,2021-05-17,-37815.0,-1000.0,0.0,-38815.0,42.0,0.0,0.0,0.0,,2026-07-24T11:48:11.948394+08:00
662,2021-05-18,-11678.0,-8000.0,0.0,-19678.0,42.0,0.0,0.0,0.0,,2026-07-24T11:48:11.948394+08:00
662,2021-05-19,-106438.0,2000.0,0.0,-104438.0,41.0,0.0,-1.0,0.0,,2026-07-24T11:48:11.948394+08:00
662,2021-05-20,51000.0,12000.0,0.0,63000.0,44.0,0.0,3.0,0.0,,2026-07-24T11:48:11.948394+08:00
662,2021-05-21,48016.0,4000.0,0.0,52016.0,45.0,0.0,1.0,0.0,,2026-07-24T11:48:11.948394+08:00
662,2021-05-24,36997.0,-1000.0,0.0,35997.0,69.0,0.0,24.0,0.0,,2026-07-24T11:48:11.948394+08:00
662,2021-05-25,-171651.0,230000.0,0.0,58349.0,84.0,0.0,15.0,0.0,,2026-07-24T11:48:11.948394+08:00
662,2021-05-26,-145447.0,0.0,0.0,-145447.0,83.0,0.0,-1.0,0.0,,2026-07-24T11:48:11.948394+08:00
662,2021-05-27,-1850.0,-38000.0,0.0,-39850.0,94.0,0.0,11.0,0.0,,2026-07-24T11:48:11.948394+08:00
662,2021-05-28,-12000.0,1000.0,0.0,-11000.0,144.0,0.0,50.0,0.0,,2026-07-24T11:48:11.948394+08:00
662,2021-05-31,497687.0,0.0,0.0,497687.0,209.0,0.0,65.0,0.0,,2026-07-24T11:48:11.948394+08:00
662,2021-06-01,647748.0,51000.0,0.0,698748.0,209.0,0.0,0.0,0.0,,2026-07-24T11:48:11.948394+08:00
662,2021-06-02,460952.0,27000.0,0.0,487952.0,209.0,0.0,0.0,0.0,,2026-07-24T11:48:11.948394+08:00
662,2021-06-03,-108221.0,-2000.0,0.0,-110221.0,209.0,0.0,0.0,0.0,,2026-07-24T11:48:11.948394+08:00
662,2021-06-04,-134518.0,-2000.0,0.0,-136518.0,209.0,0.0,0.0,0.0,,2026-07-24T11:48:11.948394+08:00
662,2021-06-07,-62000.0,42000.0,0.0,-20000.0,213.0,0.0,4.0,0.0,,2026-07-24T11:48:11.948394+08:00
662,2021-06-08,-88000.0,-4000.0,0.0,-92000.0,210.0,0.0,-3.0,0.0,,2026-07-24T11:48:11.948394+08:00
662,2021-06-09,-52000.0,-4999.0,0.0,-56999.0,210.0,0.0,0.0,0.0,,2026-07-24T11:48:11.948394+08:00
662,2021-06-10,12000.0,1000.0,0.0,13000.0,210.0,0.0,0.0,0.0,,2026-07-24T11:48:11.948394+08:00
662,2021-06-11,-6667.0,-24000.0,0.0,-30667.0,209.0,0.0,-1.0,0.0,,2026-07-24T11:48:11.948394+08:00
662,2021-06-15,-196000.0,232000.0,0.0,36000.0,209.0,0.0,0.0,0.0,,2026-07-24T11:48:11.948394+08:00
662,2021-06-16,-101000.0,13000.0,0.0,-88000.0,206.0,0.0,-3.0,0.0,,2026-07-24T11:48:11.948394+08:00
662,2021-06-17,29000.0,-1000.0,0.0,28000.0,205.0,0.0,-1.0,0.0,,2026-07-24T11:48:11.948394+08:00
662,2021-06-18,177000.0,-30000.0,0.0,147000.0,197.0,0.0,-8.0,0.0,,2026-07-24T11:48:11.948394+08:00
662,2021-06-21,-37000.0,47000.0,0.0,10000.0,197.0,0.0,0.0,0.0,,2026-07-24T11:48:11.948394+08:00
662,2021-06-22,51000.0,-2000.0,0.0,49000.0,197.0,0.0,0.0,0.0,,2026-07-24T11:48:11.948394+08:00
662,2021-06-23,61000.0,3000.0,0.0,64000.0,195.0,0.0,-2.0,0.0,,2026-07-24T11:48:11.948394+08:00
662,2021-06-24,1000.0,29000.0,0.0,30000.0,200.0,0.0,5.0,0.0,,2026-07-24T11:48:11.948394+08:00
662,2021-06-25,-11413.0,-1000.0,0.0,-12413.0,203.0,0.0,3.0,0.0,,2026-07-24T11:48:11.948394+08:00
662,2021-06-28,-81000.0,1000.0,0.0,-80000.0,203.0,0.0,0.0,0.0,,2026-07-24T11:48:11.948394+08:00
662,2021-06-29,67517.0,0.0,0.0,67517.0,204.0,0.0,1.0,0.0,,2026-07-24T11:48:11.948394+08:00
662,2021-06-30,60000.0,-3000.0,0.0,57000.0,205.0,0.0,1.0,0.0,,2026-07-24T11:48:11.948394+08:00
662,2021-07-01,49000.0,-1000.0,0.0,48000.0,183.0,0.0,-22.0,0.0,,2026-07-24T11:48:11.948394+08:00
662,2021-07-02,28000.0,6016.0,0.0,34016.0,183.0,0.0,0.0,0.0,,2026-07-24T11:48:11.948394+08:00
662,2021-07-05,-66472.0,2000.0,0.0,-64472.0,183.0,0.0,0.0,0.0,,2026-07-24T11:48:11.948394+08:00
662,2021-07-06,-70000.0,-2000.0,0.0,-72000.0,183.0,0.0,0.0,0.0,,2026-07-24T11:48:11.948394+08:00
662,2021-07-07,211000.0,-3000.0,0.0,208000.0,185.0,0.0,2.0,0.0,,2026-07-24T11:48:11.948394+08:00
662,2021-07-08,4029.0,-2000.0,0.0,2029.0,186.0,0.0,1.0,0.0,,2026-07-24T11:48:11.948394+08:00
662,2021-07-09,103456.0,-2000.0,0.0,101456.0,196.0,0.0,10.0,0.0,,2026-07-24T11:48:11.948394+08:00
662,2021-07-12,33000.0,-3000.0,0.0,30000.0,197.0,0.0,1.0,0.0,,2026-07-24T11:48:11.948394+08:00
662,2021-07-13,5000.0,-1000.0,0.0,4000.0,196.0,0.0,-1.0,0.0,,2026-07-24T11:48:11.948394+08:00
662,2021-07-14,82237.0,-988.0,0.0,81249.0,154.0,0.0,-42.0,0.0,,2026-07-24T11:48:11.948394+08:00
662,2021-07-15,-20000.0,-1000.0,0.0,-21000.0,154.0,0.0,0.0,0.0,,2026-07-24T11:48:11.948394+08:00
662,2021-07-16,-57085.0,29000.0,0.0,-28085.0,151.0,0.0,-3.0,0.0,,2026-07-24T11:48:11.948394+08:00
662,2021-07-19,53038.0,-5000.0,0.0,48038.0,154.0,0.0,3.0,0.0,,2026-07-24T11:48:11.948394+08:00
662,2021-07-20,73674.0,-28.0,0.0,73646.0,157.0,0.0,3.0,0.0,,2026-07-24T11:48:11.948394+08:00
662,2021-07-21,-84000.0,14025.0,0.0,-69975.0,152.0,0.0,-5.0,0.0,,2026-07-24T11:48:11.948394+08:00
662,2021-07-22,-38000.0,-1000.0,0.0,-39000.0,181.0,0.0,29.0,0.0,,2026-07-24T11:48:11.948394+08:00
662,2021-07-23,12000.0,-2000.0,0.0,10000.0,182.0,0.0,1.0,0.0,,2026-07-24T11:48:11.948394+08:00
662,2021-07-26,-112573.0,-2000.0,0.0,-114573.0,173.0,0.0,-9.0,0.0,,2026-07-24T11:48:11.948394+08:00
662,2021-07-27,14.0,-11000.0,0.0,-10986.0,172.0,0.0,-1.0,0.0,,2026-07-24T11:48:11.948394+08:00
662,2021-07-28,115661.0,-1000.0,0.0,114661.0,156.0,0.0,-16.0,0.0,,2026-07-24T11:48:11.948394+08:00
662,2021-07-29,-66595.0,0.0,0.0,-66595.0,147.0,0.0,-9.0,0.0,,2026-07-24T11:48:11.948394+08:00
662,2021-07-30,102808.0,-190980.0,0.0,-88172.0,149.0,0.0,2.0,0.0,,2026-07-24T11:48:11.948394+08:00
662,2021-08-02,156900.0,-135045.0,0.0,21855.0,141.0,0.0,-8.0,0.0,,2026-07-24T11:48:11.948394+08:00
662,2021-08-03,-92923.0,-8000.0,0.0,-100923.0,132.0,0.0,-9.0,0.0,,2026-07-24T11:48:11.948394+08:00
662,2021-08-04,-18000.0,-19000.0,0.0,-37000.0,130.0,0.0,-2.0,0.0,,2026-07-24T11:48:11.948394+08:00
662,2021-08-05,50955.0,-6000.0,0.0,44955.0,121.0,0.0,-9.0,0.0,,2026-07-24T11:48:11.948394+08:00
662,2021-08-06,-14000.0,-160000.0,0.0,-174000.0,121.0,0.0,0.0,0.0,,2026-07-24T11:48:11.948394+08:00
662,2021-08-09,18000.0,77000.0,0.0,95000.0,121.0,0.0,0.0,0.0,,2026-07-24T11:48:11.948394+08:00
662,2021-08-10,-137328.0,5000.0,0.0,-132328.0,121.0,0.0,0.0,0.0,,2026-07-24T11:48:11.948394+08:00
662,2021-08-11,12990.0,-9000.0,0.0,3990.0,122.0,0.0,1.0,0.0,,2026-07-24T11:48:11.948394+08:00
662,2021-08-12,41000.0,0.0,0.0,41000.0,121.0,0.0,-1.0,0.0,,2026-07-24T11:48:11.948394+08:00
662,2021-08-13,91000.0,-2000.0,0.0,89000.0,120.0,0.0,-1.0,0.0,,2026-07-24T11:48:11.948394+08:00
662,2021-08-16,1000.0,-2000.0,0.0,-1000.0,119.0,0.0,-1.0,0.0,,2026-07-24T11:48:11.948394+08:00
662,2021-08-17,50000.0,-1000.0,0.0,49000.0,119.0,0.0,0.0,0.0,,2026-07-24T11:48:11.948394+08:00
662,2021-08-18,152082.0,27000.0,0.0,179082.0,109.0,0.0,-10.0,0.0,,2026-07-24T11:48:11.948394+08:00
662,2021-08-19,-155943.0,-5000.0,0.0,-160943.0,91.0,0.0,-18.0,0.0,,2026-07-24T11:48:11.948394+08:00
662,2021-08-20,74000.0,0.0,0.0,74000.0,91.0,0.0,0.0,0.0,,2026-07-24T11:48:11.948394+08:00
662,2021-08-23,-66000.0,-2000.0,0.0,-68000.0,90.0,0.0,-1.0,0.0,,2026-07-24T11:48:11.948394+08:00
662,2021-08-24,35370.0,-1000.0,0.0,34370.0,89.0,0.0,-1.0,0.0,,2026-07-24T11:48:11.948394+08:00
662,2021-08-25,13000.0,-2000.0,0.0,11000.0,98.0,0.0,9.0,0.0,,2026-07-24T11:48:11.948394+08:00
662,2021-08-26,-93000.0,-2000.0,0.0,-95000.0,98.0,0.0,0.0,0.0,,2026-07-24T11:48:11.948394+08:00
662,2021-08-27,-10000.0,0.0,0.0,-10000.0,98.0,0.0,0.0,0.0,,2026-07-24T11:48:11.948394+08:00
662,2021-08-30,-13000.0,-6000.0,0.0,-19000.0,98.0,0.0,0.0,0.0,,2026-07-24T11:48:11.948394+08:00
662,2021-08-31,-70000.0,-31000.0,0.0,-101000.0,99.0,0.0,1.0,0.0,,2026-07-24T11:48:11.948394+08:00
662,2021-09-01,-26231.0,-7000.0,0.0,-33231.0,99.0,0.0,0.0,0.0,,2026-07-24T11:48:11.948394+08:00
662,2021-09-02,-44000.0,-7000.0,0.0,-51000.0,99.0,0.0,0.0,0.0,,2026-07-24T11:48:11.948394+08:00
662,2021-09-03,-56000.0,-33000.0,0.0,-89000.0,99.0,0.0,0.0,0.0,,2026-07-24T11:48:11.948394+08:00
662,2021-09-06,-104000.0,-108000.0,0.0,-212000.0,99.0,0.0,0.0,0.0,,2026-07-24T11:48:11.948394+08:00
662,2021-09-07,-31000.0,-1000.0,0.0,-32000.0,99.0,0.0,0.0,0.0,,2026-07-24T11:48:11.948394+08:00
662,2021-09-08,36000.0,0.0,0.0,36000.0,99.0,0.0,0.0,0.0,,2026-07-24T11:48:11.948394+08:00
662,2021-09-09,11983.0,-9000.0,0.0,2983.0,73.0,0.0,-26.0,0.0,,2026-07-24T11:48:11.948394+08:00
662,2021-09-10,8960.0,7000.0,0.0,15960.0,68.0,0.0,-5.0,0.0,,2026-07-24T11:48:11.948394+08:00
662,2021-09-13,9326.0,8000.0,0.0,17326.0,49.0,0.0,-19.0,0.0,,2026-07-24T11:48:11.948394+08:00
662,2021-09-14,-41000.0,2036.0,0.0,-38964.0,47.0,0.0,-2.0,0.0,,2026-07-24T11:48:11.948394+08:00
662,2021-09-15,-39470.0,-3000.0,0.0,-42470.0,43.0,0.0,-4.0,0.0,,2026-07-24T11:48:11.948394+08:00
662,2021-09-16,-214000.0,-7900.0,0.0,-221900.0,41.0,0.0,-2.0,0.0,,2026-07-24T11:48:11.948394+08:00
662,2021-09-17,-7000.0,0.0,0.0,-7000.0,40.0,0.0,-1.0,0.0,,2026-07-24T11:48:11.948394+08:00
662,2021-09-22,-321394.0,-31000.0,0.0,-352394.0,81.0,0.0,41.0,0.0,,2026-07-24T11:48:11.948394+08:00
662,2021-09-23,-412450.0,-80000.0,0.0,-492450.0,100.0,0.0,19.0,0.0,,2026-07-24T11:48:11.948394+08:00
662,2021-09-24,-238177.0,-61000.0,0.0,-299177.0,91.0,0.0,-9.0,0.0,,2026-07-24T11:48:11.948394+08:00
662,2021-09-27,-678260.0,-2000.0,0.0,-680260.0,113.0,0.0,22.0,0.0,,2026-07-24T11:48:11.948394+08:00
662,2021-09-28,-195379.0,2000.0,0.0,-193379.0,114.0,0.0,1.0,0.0,,2026-07-24T11:48:11.948394+08:00
662,2021-09-29,-541851.0,6056.0,0.0,-535795.0,116.0,0.0,2.0,0.0,,2026-07-24T11:48:11.948394+08:00
662,2021-09-30,-147413.0,-8180.0,0.0,-155593.0,117.0,0.0,1.0,0.0,,2026-07-24T11:48:11.948394+08:00
662,2021-10-01,-496481.0,12000.0,0.0,-484481.0,119.0,0.0,2.0,0.0,,2026-07-24T11:48:11.948394+08:00
662,2021-10-04,-312921.0,-10684.0,0.0,-323605.0,119.0,0.0,0.0,0.0,,2026-07-24T11:48:11.948394+08:00
662,2021-10-05,-365511.0,-87000.0,0.0,-452511.0,119.0,0.0,0.0,0.0,,2026-07-24T11:48:11.948394+08:00
662,2021-10-06,-223715.0,3060.0,0.0,-220655.0,119.0,0.0,0.0,0.0,,2026-07-24T11:48:11.948394+08:00
662,2021-10-07,24876.0,5000.0,0.0,29876.0,121.0,0.0,2.0,0.0,,2026-07-24T11:48:11.948394+08:00
662,2021-10-08,-65087.0,7000.0,0.0,-58087.0,119.0,0.0,-2.0,0.0,,2026-07-24T11:48:11.948394+08:00
662,2021-10-12,-128407.0,6000.0,0.0,-122407.0,126.0,0.0,7.0,0.0,,2026-07-24T11:48:11.948394+08:00
662,2021-10-13,-49436.0,-2000.0,0.0,-51436.0,124.0,0.0,-2.0,0.0,,2026-07-24T11:48:11.948394+08:00
662,2021-10-14,-143000.0,-1000.0,0.0,-144000.0,124.0,0.0,0.0,0.0,,2026-07-24T11:48:11.948394+08:00
662,2021-10-15,-59000.0,11000.0,0.0,-48000.0,124.0,0.0,0.0,0.0,,2026-07-24T11:48:11.948394+08:00
662,2021-10-18,-207903.0,-1000.0,0.0,-208903.0,124.0,0.0,0.0,0.0,,2026-07-24T11:48:11.948394+08:00
662,2021-10-19,-142330.0,-2000.0,0.0,-144330.0,123.0,0.0,-1.0,0.0,,2026-07-24T11:48:11.948394+08:00
662,2021-10-20,-35000.0,-1000.0,0.0,-36000.0,123.0,0.0,0.0,0.0,,2026-07-24T11:48:11.948394+08:00
662,2021-10-21,16267.0,-1000.0,0.0,15267.0,137.0,0.0,14.0,0.0,,2026-07-24T11:48:11.948394+08:00
662,2021-10-22,-12000.0,1000.0,0.0,-11000.0,145.0,0.0,8.0,0.0,,2026-07-24T11:48:11.948394+08:00
662,2021-10-25,-30000.0,-2000.0,0.0,-32000.0,146.0,0.0,1.0,0.0,,2026-07-24T11:48:11.948394+08:00
662,2021-10-26,-58000.0,-3000.0,0.0,-61000.0,150.0,0.0,4.0,0.0,,2026-07-24T11:48:11.948394+08:00
662,2021-10-27,23998.0,-1000.0,0.0,22998.0,140.0,0.0,-10.0,0.0,,2026-07-24T11:48:11.948394+08:00
662,2021-10-28,165000.0,-2000.0,0.0,163000.0,117.0,0.0,-23.0,0.0,,2026-07-24T11:48:11.948394+08:00
662,2021-10-29,85000.0,-8000.0,0.0,77000.0,120.0,0.0,3.0,0.0,,2026-07-24T11:48:11.948394+08:00
662,2021-11-01,111000.0,5000.0,0.0,116000.0,100.0,0.0,-20.0,0.0,,2026-07-24T11:48:11.948394+08:00
662,2021-11-02,-60000.0,0.0,0.0,-60000.0,80.0,0.0,-20.0,0.0,,2026-07-24T11:48:11.948394+08:00
662,2021-11-03,-6000.0,5000.0,0.0,-1000.0,62.0,0.0,-18.0,0.0,,2026-07-24T11:48:11.948394+08:00
662,2021-11-04,-45000.0,-2000.0,0.0,-47000.0,45.0,0.0,-17.0,0.0,,2026-07-24T11:48:11.948394+08:00
662,2021-11-05,-185000.0,167.0,0.0,-184833.0,32.0,0.0,-13.0,0.0,,2026-07-24T11:48:11.948394+08:00
662,2021-11-08,-289515.0,-4000.0,0.0,-293515.0,38.0,0.0,6.0,0.0,,2026-07-24T11:48:11.948394+08:00
662,2021-11-09,-143000.0,-44000.0,0.0,-187000.0,48.0,0.0,10.0,0.0,,2026-07-24T11:48:11.948394+08:00
662,2021-11-10,222299.0,3250.0,0.0,225549.0,49.0,0.0,1.0,0.0,,2026-07-24T11:48:11.948394+08:00
662,2021-11-11,336413.0,8000.0,0.0,344413.0,50.0,0.0,1.0,0.0,,2026-07-24T11:48:11.948394+08:00
662,2021-11-12,252425.0,3000.0,0.0,255425.0,50.0,0.0,0.0,0.0,,2026-07-24T11:48:11.948394+08:00
662,2021-11-15,41706.0,7000.0,0.0,48706.0,46.0,0.0,-4.0,0.0,,2026-07-24T11:48:11.948394+08:00
662,2021-11-16,30909.0,74000.0,0.0,104909.0,43.0,0.0,-3.0,0.0,,2026-07-24T11:48:11.948394+08:00
662,2021-11-17,-164200.0,-1000.0,0.0,-165200.0,43.0,0.0,0.0,0.0,,2026-07-24T11:48:11.948394+08:00
662,2021-11-18,-7350.0,-1150.0,0.0,-8500.0,44.0,0.0,1.0,0.0,,2026-07-24T11:48:11.948394+08:00
662,2021-11-19,19973.0,-1000.0,0.0,18973.0,39.0,0.0,-5.0,0.0,,2026-07-24T11:48:11.948394+08:00
662,2021-11-22,-203690.0,-2000.0,0.0,-205690.0,41.0,0.0,2.0,0.0,,2026-07-24T11:48:11.948394+08:00
662,2021-11-23,-401872.0,52.0,0.0,-401820.0,43.0,0.0,2.0,0.0,,2026-07-24T11:48:11.948394+08:00
662,2021-11-24,-176826.0,-7000.0,0.0,-183826.0,43.0,0.0,0.0,0.0,,2026-07-24T11:48:11.948394+08:00
662,2021-11-25,-176425.0,-5000.0,0.0,-181425.0,42.0,0.0,-1.0,0.0,,2026-07-24T11:48:11.948394+08:00
662,2021-11-26,-149763.0,-13000.0,0.0,-162763.0,33.0,0.0,-9.0,0.0,,2026-07-24T11:48:11.948394+08:00
662,2021-11-29,-82696.0,-398995.0,0.0,-481691.0,35.0,0.0,2.0,0.0,,2026-07-24T11:48:11.948394+08:00
662,2021-11-30,-132000.0,-31000.0,0.0,-163000.0,35.0,0.0,0.0,0.0,,2026-07-24T11:48:11.948394+08:00
662,2021-12-01,98880.0,-199000.0,0.0,-100120.0,44.0,0.0,9.0,0.0,,2026-07-24T11:48:11.948394+08:00
662,2021-12-02,-797902.0,-10940.0,0.0,-808842.0,46.0,0.0,2.0,0.0,,2026-07-24T11:48:11.948394+08:00
662,2021-12-03,-480479.0,-2661.0,0.0,-483140.0,49.0,0.0,3.0,0.0,,2026-07-24T11:48:11.948394+08:00
662,2021-12-06,-768334.0,0.0,0.0,-768334.0,59.0,0.0,10.0,0.0,,2026-07-24T11:48:11.948394+08:00
662,2021-12-07,-270838.0,-137739.0,0.0,-408577.0,59.0,0.0,0.0,0.0,,2026-07-24T11:48:11.948394+08:00
662,2021-12-08,-9000.0,-158000.0,0.0,-167000.0,95.0,0.0,36.0,0.0,,2026-07-24T11:48:11.948394+08:00
662,2021-12-09,-70209.0,-26000.0,0.0,-96209.0,60.0,0.0,-35.0,0.0,,2026-07-24T11:48:11.948394+08:00
662,2021-12-10,-109839.0,3052.0,0.0,-106787.0,61.0,0.0,1.0,0.0,,2026-07-24T11:48:11.948394+08:00
662,2021-12-13,-245920.0,-3000.0,0.0,-248920.0,64.0,0.0,3.0,0.0,,2026-07-24T11:48:11.948394+08:00
662,2021-12-14,-240891.0,0.0,0.0,-240891.0,62.0,0.0,-2.0,0.0,,2026-07-24T11:48:11.948394+08:00
662,2021-12-15,-441339.0,-51800.0,0.0,-493139.0,65.0,0.0,3.0,0.0,,2026-07-24T11:48:11.948394+08:00
662,2021-12-16,-203000.0,-11200.0,0.0,-214200.0,67.0,0.0,2.0,0.0,,2026-07-24T11:48:11.948394+08:00
662,2021-12-17,-1004776.0,-400740.0,0.0,-1405516.0,100.0,0.0,33.0,0.0,,2026-07-24T11:48:11.948394+08:00
662,2021-12-20,-834396.0,-50900.0,0.0,-885296.0,100.0,0.0,0.0,0.0,,2026-07-24T11:48:11.948394+08:00
662,2021-12-21,-462515.0,-31000.0,0.0,-493515.0,102.0,0.0,2.0,0.0,,2026-07-24T11:48:11.948394+08:00
662,2021-12-22,-288590.0,-7100.0,0.0,-295690.0,103.0,0.0,1.0,0.0,,2026-07-24T11:48:11.948394+08:00
662,2021-12-23,-18798.0,-7114.0,0.0,-25912.0,104.0,0.0,1.0,0.0,,2026-07-24T11:48:11.948394+08:00
662,2021-12-24,-33000.0,-56000.0,0.0,-89000.0,104.0,0.0,0.0,0.0,,2026-07-24T11:48:11.948394+08:00
662,2021-12-27,-158299.0,3000.0,0.0,-155299.0,100.0,0.0,-4.0,0.0,,2026-07-24T11:48:11.948394+08:00
662,2021-12-28,-366000.0,3000.0,0.0,-363000.0,81.0,0.0,-19.0,0.0,,2026-07-24T11:48:11.948394+08:00
662,2021-12-29,-123000.0,1000.0,0.0,-122000.0,82.0,0.0,1.0,0.0,,2026-07-24T11:48:11.948394+08:00
662,2021-12-30,-65032.0,5000.0,0.0,-60032.0,74.0,0.0,-8.0,0.0,,2026-07-24T11:48:11.948394+08:00
662,2022-01-03,-354119.0,-49800.0,0.0,-403919.0,72.0,0.0,-2.0,0.0,,2026-07-24T11:48:11.948394+08:00
662,2022-01-04,-247594.0,2000.0,0.0,-245594.0,99.0,0.0,27.0,0.0,,2026-07-24T11:48:11.948394+08:00
662,2022-01-05,-483722.0,14200.0,0.0,-469522.0,92.0,0.0,-7.0,0.0,,2026-07-24T11:48:11.948394+08:00
662,2022-01-06,-1047867.0,-329640.0,0.0,-1377507.0,80.0,0.0,-12.0,0.0,,2026-07-24T11:48:11.948394+08:00
662,2022-01-07,-508320.0,-5800.0,0.0,-514120.0,77.0,0.0,-3.0,0.0,,2026-07-24T11:48:11.948394+08:00
662,2022-01-10,-537279.0,-126800.0,0.0,-664079.0,88.0,0.0,11.0,0.0,,2026-07-24T11:48:11.948394+08:00
662,2022-01-11,-902263.0,-28000.0,0.0,-930263.0,90.0,0.0,2.0,0.0,,2026-07-24T11:48:11.948394+08:00
662,2022-01-12,-273458.0,8900.0,0.0,-264558.0,85.0,0.0,-5.0,0.0,,2026-07-24T11:48:11.948394+08:00
662,2022-01-13,-438564.0,-25100.0,0.0,-463664.0,90.0,0.0,5.0,0.0,,2026-07-24T11:48:11.948394+08:00
662,2022-01-14,-695520.0,-292900.0,0.0,-988420.0,98.0,0.0,8.0,0.0,,2026-07-24T11:48:11.948394+08:00
662,2022-01-17,-322965.0,-87000.0,0.0,-409965.0,101.0,0.0,3.0,0.0,,2026-07-24T11:48:11.948394+08:00
662,2022-01-18,-505689.0,19060.0,0.0,-486629.0,101.0,0.0,0.0,0.0,,2026-07-24T11:48:11.948394+08:00
662,2022-01-19,-1273999.0,-159752.0,0.0,-1433751.0,112.0,0.0,11.0,0.0,,2026-07-24T11:48:11.948394+08:00
662,2022-01-20,-629167.0,18000.0,0.0,-611167.0,115.0,0.0,3.0,0.0,,2026-07-24T11:48:11.948394+08:00
662,2022-01-21,-1501710.0,-13940.0,0.0,-1515650.0,128.0,0.0,13.0,0.0,,2026-07-24T11:48:11.948394+08:00
662,2022-01-24,-1130723.0,2100.0,0.0,-1128623.0,135.0,0.0,7.0,0.0,,2026-07-24T11:48:11.948394+08:00
662,2022-01-25,-1278977.0,-333900.0,0.0,-1612877.0,160.0,0.0,25.0,0.0,,2026-07-24T11:48:11.948394+08:00
662,2022-01-26,-1466474.0,-15000.0,0.0,-1481474.0,188.0,1.0,28.0,1.0,,2026-07-24T11:48:11.948394+08:00
662,2022-02-07,-525519.0,10900.0,0.0,-514619.0,160.0,0.0,-28.0,-1.0,,2026-07-24T11:48:11.948394+08:00
662,2022-02-08,-523729.0,-19900.0,0.0,-543629.0,160.0,0.0,0.0,0.0,,2026-07-24T11:48:11.948394+08:00
662,2022-02-09,-136228.0,-133100.0,0.0,-269328.0,173.0,0.0,13.0,0.0,,2026-07-24T11:48:11.948394+08:00
662,2022-02-10,-320360.0,-278000.0,0.0,-598360.0,191.0,0.0,18.0,0.0,,2026-07-24T11:48:11.948394+08:00
662,2022-02-11,-958339.0,21600.0,0.0,-936739.0,203.0,0.0,12.0,0.0,,2026-07-24T11:48:11.948394+08:00
662,2022-02-14,-779718.0,-24950.0,0.0,-804668.0,236.0,0.0,33.0,0.0,,2026-07-24T11:48:11.948394+08:00
662,2022-02-15,-811190.0,1000.0,0.0,-810190.0,241.0,0.0,5.0,0.0,,2026-07-24T11:48:11.948394+08:00
662,2022-02-16,-537578.0,-13977.0,0.0,-551555.0,216.0,0.0,-25.0,0.0,,2026-07-24T11:48:11.948394+08:00
662,2022-02-17,-355201.0,-5000.0,0.0,-360201.0,233.0,0.0,17.0,0.0,,2026-07-24T11:48:11.948394+08:00
662,2022-02-18,-710181.0,-39900.0,0.0,-750081.0,281.0,0.0,48.0,0.0,,2026-07-24T11:48:11.948394+08:00
662,2022-02-21,-731575.0,-164000.0,0.0,-895575.0,305.0,0.0,24.0,0.0,,2026-07-24T11:48:11.948394+08:00
662,2022-02-22,-945641.0,-466835.0,0.0,-1412476.0,364.0,0.0,59.0,0.0,,2026-07-24T11:48:11.948394+08:00
662,2022-02-23,-378425.0,-12000.0,0.0,-390425.0,339.0,0.0,-25.0,0.0,,2026-07-24T11:48:11.948394+08:00
662,2022-02-24,-2407728.0,-375780.0,0.0,-2783508.0,410.0,0.0,71.0,0.0,,2026-07-24T11:48:11.948394+08:00
662,2022-02-25,28319.0,10950.0,0.0,39269.0,396.0,0.0,-14.0,0.0,,2026-07-24T11:48:11.948394+08:00
662,2022-03-01,-920705.0,-18000.0,0.0,-938705.0,391.0,0.0,-5.0,0.0,,2026-07-24T11:48:11.948394+08:00
662,2022-03-02,-816872.0,11000.0,0.0,-805872.0,406.0,0.0,15.0,0.0,,2026-07-24T11:48:11.948394+08:00
662,2022-03-03,-207101.0,13000.0,0.0,-194101.0,394.0,4.0,-12.0,4.0,,2026-07-24T11:48:11.948394+08:00
662,2022-03-04,-855011.0,-24000.0,0.0,-879011.0,440.0,3.0,46.0,-1.0,,2026-07-24T11:48:11.948394+08:00
662,2022-03-07,-828905.0,35000.0,0.0,-793905.0,413.0,3.0,-27.0,0.0,,2026-07-24T11:48:11.948394+08:00
662,2022-03-08,-1099913.0,-71500.0,0.0,-1171413.0,498.0,3.0,85.0,0.0,,2026-07-24T11:48:11.948394+08:00
662,2022-03-09,-683789.0,0.0,0.0,-683789.0,553.0,3.0,55.0,0.0,,2026-07-24T11:48:11.948394+08:00
662,2022-03-10,-245858.0,3000.0,0.0,-242858.0,499.0,8.0,-54.0,5.0,,2026-07-24T11:48:11.948394+08:00
662,2022-03-11,-505703.0,1050.0,0.0,-504653.0,544.0,8.0,45.0,0.0,,2026-07-24T11:48:11.948394+08:00
662,2022-03-14,-817625.0,-100950.0,0.0,-918575.0,603.0,2.0,59.0,-6.0,,2026-07-24T11:48:11.948394+08:00
662,2022-03-15,-793156.0,-9900.0,0.0,-803056.0,639.0,1.0,36.0,-1.0,,2026-07-24T11:48:11.948394+08:00
662,2022-03-16,-123000.0,-100.0,0.0,-123100.0,564.0,2.0,-75.0,1.0,,2026-07-24T11:48:11.948394+08:00
662,2022-03-17,-198076.0,-2050.0,0.0,-200126.0,528.0,3.0,-36.0,1.0,,2026-07-24T11:48:11.948394+08:00
662,2022-03-18,-39000.0,-1000.0,0.0,-40000.0,507.0,3.0,-21.0,0.0,,2026-07-24T11:48:11.948394+08:00
662,2022-03-21,23000.0,120300.0,0.0,143300.0,478.0,4.0,-29.0,1.0,,2026-07-24T11:48:11.948394+08:00
662,2022-03-22,-108727.0,3000.0,0.0,-105727.0,436.0,3.0,-42.0,-1.0,,2026-07-24T11:48:11.948394+08:00
662,2022-03-23,113000.0,10031.0,0.0,123031.0,429.0,5.0,-7.0,2.0,,2026-07-24T11:48:11.948394+08:00
662,2022-03-24,-239000.0,11000.0,0.0,-228000.0,431.0,4.0,2.0,-1.0,,2026-07-24T11:48:11.948394+08:00
662,2022-03-25,305000.0,25900.0,0.0,330900.0,429.0,6.0,-2.0,2.0,,2026-07-24T11:48:11.948394+08:00
662,2022-03-28,-115000.0,9981.0,0.0,-105019.0,404.0,6.0,-25.0,0.0,,2026-07-24T11:48:11.948394+08:00
662,2022-03-29,138000.0,0.0,0.0,138000.0,403.0,6.0,-1.0,0.0,,2026-07-24T11:48:11.948394+08:00
662,2022-03-30,257000.0,0.0,0.0,257000.0,393.0,7.0,-10.0,1.0,,2026-07-24T11:48:11.948394+08:00
662,2022-03-31,34000.0,27.0,0.0,34027.0,386.0,8.0,-7.0,1.0,,2026-07-24T11:48:11.948394+08:00
662,2022-04-01,21001.0,58100.0,0.0,79101.0,361.0,8.0,-25.0,0.0,,2026-07-24T11:48:11.948394+08:00
662,2022-04-06,-263734.0,-500.0,0.0,-264234.0,307.0,6.0,-54.0,-2.0,,2026-07-24T11:48:11.948394+08:00
662,2022-04-07,-506110.0,-43927.0,0.0,-550037.0,317.0,5.0,10.0,-1.0,,2026-07-24T11:48:11.948394+08:00
662,2022-04-08,-37050.0,0.0,0.0,-37050.0,308.0,5.0,-9.0,0.0,,2026-07-24T11:48:11.948394+08:00
662,2022-04-11,-431185.0,-34900.0,0.0,-466085.0,302.0,4.0,-6.0,-1.0,,2026-07-24T11:48:11.948394+08:00
662,2022-04-12,-106689.0,-2900.0,0.0,-109589.0,320.0,4.0,18.0,0.0,,2026-07-24T11:48:11.948394+08:00
662,2022-04-13,-458171.0,-1500.0,0.0,-459671.0,332.0,4.0,12.0,0.0,,2026-07-24T11:48:11.948394+08:00
662,2022-04-14,-202040.0,-1100.0,0.0,-203140.0,389.0,4.0,57.0,0.0,,2026-07-24T11:48:11.948394+08:00
662,2022-04-15,-196000.0,-90920.0,0.0,-286920.0,394.0,4.0,5.0,0.0,,2026-07-24T11:48:11.948394+08:00
662,2022-04-18,-585922.0,-52900.0,0.0,-638822.0,395.0,4.0,1.0,0.0,,2026-07-24T11:48:11.948394+08:00
662,2022-04-19,-110220.0,-11100.0,0.0,-121320.0,396.0,4.0,1.0,0.0,,2026-07-24T11:48:11.948394+08:00
662,2022-04-20,-1529159.0,-281080.0,0.0,-1810239.0,400.0,4.0,4.0,0.0,,2026-07-24T11:48:11.948394+08:00
662,2022-04-21,-1830738.0,-301000.0,0.0,-2131738.0,404.0,4.0,4.0,0.0,,2026-07-24T11:48:11.948394+08:00
662,2022-04-22,-4531667.0,-365900.0,0.0,-4897567.0,370.0,3.0,-34.0,-1.0,,2026-07-24T11:48:11.948394+08:00
662,2022-04-25,-2240866.0,-241400.0,0.0,-2482266.0,386.0,2.0,16.0,-1.0,,2026-07-24T11:48:11.948394+08:00
662,2022-04-26,-770842.0,-154100.0,0.0,-924942.0,363.0,3.0,-23.0,1.0,,2026-07-24T11:48:11.948394+08:00
662,2022-04-27,-2235806.0,-50900.0,0.0,-2286706.0,390.0,1.0,27.0,-2.0,,2026-07-24T11:48:11.948394+08:00
662,2022-04-28,-965522.0,2020.0,0.0,-963502.0,395.0,1.0,5.0,0.0,,2026-07-24T11:48:11.948394+08:00
662,2022-04-29,-471948.0,-149000.0,0.0,-620948.0,400.0,1.0,5.0,0.0,,2026-07-24T11:48:11.948394+08:00
662,2022-05-03,-1130955.0,-171000.0,0.0,-1301955.0,385.0,3.0,-15.0,2.0,,2026-07-24T11:48:11.948394+08:00
662,2022-05-04,-729569.0,-36000.0,0.0,-765569.0,391.0,3.0,6.0,0.0,,2026-07-24T11:48:11.948394+08:00
662,2022-05-05,-86535.0,-13000.0,0.0,-99535.0,393.0,2.0,2.0,-1.0,,2026-07-24T11:48:11.948394+08:00
662,2022-05-06,-1717210.0,-950.0,0.0,-1718160.0,415.0,1.0,22.0,-1.0,,2026-07-24T11:48:11.948394+08:00
662,2022-05-09,-686629.0,65100.0,0.0,-621529.0,459.0,3.0,44.0,2.0,,2026-07-24T11:48:11.948394+08:00
662,2022-05-10,-1003211.0,36095.0,0.0,-967116.0,495.0,4.0,36.0,1.0,,2026-07-24T11:48:11.948394+08:00
662,2022-05-11,-33303.0,7000.0,0.0,-26303.0,484.0,4.0,-11.0,0.0,,2026-07-24T11:48:11.948394+08:00
662,2022-05-12,-1332993.0,54231.0,0.0,-1278762.0,502.0,4.0,18.0,0.0,,2026-07-24T11:48:11.948394+08:00
662,2022-05-13,-314588.0,8000.0,0.0,-306588.0,498.0,6.0,-4.0,2.0,,2026-07-24T11:48:11.948394+08:00
662,2022-05-16,-273738.0,-17000.0,0.0,-290738.0,474.0,3.0,-24.0,-3.0,,2026-07-24T11:48:11.948394+08:00
662,2022-05-17,-189537.0,-55000.0,0.0,-244537.0,478.0,3.0,4.0,0.0,,2026-07-24T11:48:11.948394+08:00
662,2022-05-18,24575.0,-5100.0,0.0,19475.0,477.0,5.0,-1.0,2.0,,2026-07-24T11:48:11.948394+08:00
662,2022-05-19,-1022000.0,-89900.0,0.0,-1111900.0,525.0,4.0,48.0,-1.0,,2026-07-24T11:48:11.948394+08:00
662,2022-05-20,-365910.0,-80000.0,0.0,-445910.0,546.0,6.0,21.0,2.0,,2026-07-24T11:48:11.948394+08:00
662,2022-05-23,-289156.0,-4000.0,0.0,-293156.0,552.0,6.0,6.0,0.0,,2026-07-24T11:48:11.948394+08:00
662,2022-05-24,-331117.0,-3890.0,0.0,-335007.0,570.0,9.0,18.0,3.0,,2026-07-24T11:48:11.948394+08:00
662,2022-05-25,-115595.0,0.0,0.0,-115595.0,576.0,9.0,6.0,0.0,,2026-07-24T11:48:11.948394+08:00
662,2022-05-26,-149830.0,4000.0,0.0,-145830.0,574.0,9.0,-2.0,0.0,,2026-07-24T11:48:11.948394+08:00
662,2022-05-27,-16000.0,13000.0,0.0,-3000.0,534.0,9.0,-40.0,0.0,,2026-07-24T11:48:11.948394+08:00
662,2022-05-30,-251565.0,107000.0,0.0,-144565.0,533.0,7.0,-1.0,-2.0,,2026-07-24T11:48:11.948394+08:00
662,2022-05-31,-230480.0,-48100.0,0.0,-278580.0,537.0,7.0,4.0,0.0,,2026-07-24T11:48:11.948394+08:00
662,2022-06-01,-224941.0,15000.0,0.0,-209941.0,530.0,7.0,-7.0,0.0,,2026-07-24T11:48:11.948394+08:00
662,2022-06-02,-3419.0,45100.0,0.0,41681.0,528.0,7.0,-2.0,0.0,,2026-07-24T11:48:11.948394+08:00
662,2022-06-06,-218814.0,45000.0,0.0,-173814.0,522.0,7.0,-6.0,0.0,,2026-07-24T11:48:11.948394+08:00
662,2022-06-07,-253691.0,17100.0,0.0,-236591.0,491.0,7.0,-31.0,0.0,,2026-07-24T11:48:11.948394+08:00
662,2022-06-08,34302.0,5000.0,0.0,39302.0,488.0,7.0,-3.0,0.0,,2026-07-24T11:48:11.948394+08:00
662,2022-06-09,-73152.0,-1000.0,0.0,-74152.0,487.0,7.0,-1.0,0.0,,2026-07-24T11:48:11.948394+08:00
662,2022-06-10,-296000.0,62.0,0.0,-295938.0,497.0,8.0,10.0,1.0,,2026-07-24T11:48:11.948394+08:00
662,2022-06-13,-1031355.0,-195900.0,0.0,-1227255.0,540.0,10.0,43.0,2.0,,2026-07-24T11:48:11.948394+08:00
662,2022-06-14,-775834.0,-55000.0,0.0,-830834.0,570.0,3.0,30.0,-7.0,,2026-07-24T11:48:11.948394+08:00
662,2022-06-15,-500000.0,-93820.0,0.0,-593820.0,575.0,12.0,5.0,9.0,,2026-07-24T11:48:11.948394+08:00
662,2022-06-16,340462.0,115900.0,0.0,456362.0,548.0,16.0,-27.0,4.0,,2026-07-24T11:48:11.948394+08:00
662,2022-06-17,98412.0,-6000.0,0.0,92412.0,566.0,15.0,18.0,-1.0,,2026-07-24T11:48:11.948394+08:00
662,2022-06-20,154091.0,5000.0,0.0,159091.0,561.0,6.0,-5.0,-9.0,,2026-07-24T11:48:11.948394+08:00
662,2022-06-21,-185686.0,-12000.0,0.0,-197686.0,552.0,4.0,-9.0,-2.0,,2026-07-24T11:48:11.948394+08:00
662,2022-06-22,171718.0,11000.0,0.0,182718.0,539.0,5.0,-13.0,1.0,,2026-07-24T11:48:11.948394+08:00
662,2022-06-23,7561.0,196000.0,0.0,203561.0,539.0,5.0,0.0,0.0,,2026-07-24T11:48:11.948394+08:00
662,2022-06-24,37102.0,-4051.0,0.0,33051.0,521.0,5.0,-18.0,0.0,,2026-07-24T11:48:11.948394+08:00
662,2022-06-27,260907.0,-2049.0,0.0,258858.0,499.0,5.0,-22.0,0.0,,2026-07-24T11:48:11.948394+08:00
662,2022-06-28,-64223.0,54004.0,0.0,-10219.0,496.0,5.0,-3.0,0.0,,2026-07-24T11:48:11.948394+08:00
662,2022-06-29,-287684.0,4350.0,0.0,-283334.0,500.0,5.0,4.0,0.0,,2026-07-24T11:48:11.948394+08:00
662,2022-06-30,-145826.0,63000.0,0.0,-82826.0,501.0,5.0,1.0,0.0,,2026-07-24T11:48:11.948394+08:00
662,2022-07-01,-138426.0,8191.0,0.0,-130235.0,497.0,5.0,-4.0,0.0,,2026-07-24T11:48:11.948394+08:00
662,2022-07-04,337386.0,13900.0,0.0,351286.0,493.0,5.0,-4.0,0.0,,2026-07-24T11:48:11.948394+08:00
662,2022-07-05,-81686.0,4050.0,0.0,-77636.0,491.0,5.0,-2.0,0.0,,2026-07-24T11:48:11.948394+08:00
662,2022-07-06,-649681.0,-112100.0,0.0,-761781.0,1164.0,6.0,673.0,1.0,,2026-07-24T11:48:11.948394+08:00
662,2022-07-07,-114923.0,3000.0,0.0,-111923.0,1205.0,6.0,41.0,0.0,,2026-07-24T11:48:11.948394+08:00
662,2022-07-08,182169.0,5000.0,0.0,187169.0,1207.0,5.0,2.0,-1.0,,2026-07-24T11:48:11.948394+08:00
662,2022-07-11,593144.0,109000.0,0.0,702144.0,502.0,5.0,-705.0,0.0,,2026-07-24T11:48:11.948394+08:00
662,2022-07-12,13440.0,-2000.0,0.0,11440.0,507.0,10.0,5.0,5.0,,2026-07-24T11:48:11.948394+08:00
662,2022-07-13,-312156.0,2100.0,0.0,-310056.0,515.0,8.0,8.0,-2.0,,2026-07-24T11:48:11.948394+08:00
662,2022-07-14,-331864.0,33000.0,0.0,-298864.0,616.0,9.0,101.0,1.0,,2026-07-24T11:48:11.948394+08:00
662,2022-07-15,-62011.0,3000.0,0.0,-59011.0,625.0,9.0,9.0,0.0,,2026-07-24T11:48:11.948394+08:00
662,2022-07-18,-178549.0,-2050.0,0.0,-180599.0,623.0,10.0,-2.0,1.0,,2026-07-24T11:48:11.948394+08:00
662,2022-07-19,-39421.0,-2900.0,0.0,-42321.0,548.0,11.0,-75.0,1.0,,2026-07-24T11:48:11.948394+08:00
662,2022-07-20,190857.0,-100.0,0.0,190757.0,536.0,10.0,-12.0,-1.0,,2026-07-24T11:48:11.948394+08:00
662,2022-07-21,53355.0,-6052.0,0.0,47303.0,540.0,17.0,4.0,7.0,,2026-07-24T11:48:11.948394+08:00
662,2022-07-22,12750.0,-3000.0,0.0,9750.0,532.0,17.0,-8.0,0.0,,2026-07-24T11:48:11.948394+08:00
662,2022-07-25,-35214.0,6100.0,0.0,-29114.0,525.0,17.0,-7.0,0.0,,2026-07-24T11:48:11.948394+08:00
662,2022-07-26,-90707.0,-1000.0,0.0,-91707.0,511.0,14.0,-14.0,-3.0,,2026-07-24T11:48:11.948394+08:00
662,2022-07-27,-171467.0,4000.0,0.0,-167467.0,512.0,14.0,1.0,0.0,,2026-07-24T11:48:11.948394+08:00
662,2022-07-28,-318703.0,-37000.0,0.0,-355703.0,765.0,14.0,253.0,0.0,,2026-07-24T11:48:11.948394+08:00
662,2022-07-29,65660.0,-95250.0,0.0,-29590.0,475.0,15.0,-290.0,1.0,,2026-07-24T11:48:11.948394+08:00
662,2022-08-01,-123558.0,-91000.0,0.0,-214558.0,461.0,16.0,-14.0,1.0,,2026-07-24T11:48:11.948394+08:00
662,2022-08-02,243000.0,23020.0,0.0,266020.0,453.0,19.0,-8.0,3.0,,2026-07-24T11:48:11.948394+08:00
662,2022-08-03,-599466.0,-74000.0,0.0,-673466.0,1000.0,18.0,547.0,-1.0,,2026-07-24T11:48:11.948394+08:00
662,2022-08-04,-229580.0,-37000.0,0.0,-266580.0,1151.0,21.0,151.0,3.0,,2026-07-24T11:48:11.948394+08:00
662,2022-08-05,-154441.0,-62000.0,0.0,-216441.0,1009.0,22.0,-142.0,1.0,,2026-07-24T11:48:11.948394+08:00
662,2022-08-08,-162749.0,33036.0,0.0,-129713.0,597.0,17.0,-412.0,-5.0,,2026-07-24T11:48:11.948394+08:00
662,2022-08-09,-574963.0,-72000.0,0.0,-646963.0,584.0,17.0,-13.0,0.0,,2026-07-24T11:48:11.948394+08:00
662,2022-08-10,-104387.0,-68900.0,0.0,-173287.0,386.0,19.0,-198.0,2.0,,2026-07-24T11:48:11.948394+08:00
662,2022-08-11,150000.0,-35100.0,0.0,114900.0,374.0,21.0,-12.0,2.0,,2026-07-24T11:48:11.948394+08:00
662,2022-08-12,-141699.0,-17960.0,0.0,-159659.0,368.0,21.0,-6.0,0.0,,2026-07-24T11:48:11.948394+08:00
662,2022-08-15,-307609.0,-100000.0,0.0,-407609.0,364.0,25.0,-4.0,4.0,,2026-07-24T11:48:11.948394+08:00
662,2022-08-16,-122000.0,-19950.0,0.0,-141950.0,360.0,33.0,-4.0,8.0,,2026-07-24T11:48:11.948394+08:00
662,2022-08-17,-262000.0,-22000.0,0.0,-284000.0,362.0,33.0,2.0,0.0,,2026-07-24T11:48:11.948394+08:00
662,2022-08-18,4675.0,-33000.0,0.0,-28325.0,367.0,32.0,5.0,-1.0,,2026-07-24T11:48:11.948394+08:00
662,2022-08-19,-56253.0,-2000.0,0.0,-58253.0,367.0,30.0,0.0,-2.0,,2026-07-24T11:48:11.948394+08:00
662,2022-08-22,-149108.0,26100.0,0.0,-123008.0,373.0,27.0,6.0,-3.0,,2026-07-24T11:48:11.948394+08:00
662,2022-08-23,-587100.0,305100.0,0.0,-282000.0,379.0,28.0,6.0,1.0,,2026-07-24T11:48:11.948394+08:00
662,2022-08-24,-54697.0,2000.0,0.0,-52697.0,395.0,27.0,16.0,-1.0,,2026-07-24T11:48:11.948394+08:00
662,2022-08-25,-150642.0,-5000.0,0.0,-155642.0,400.0,28.0,5.0,1.0,,2026-07-24T11:48:11.948394+08:00
662,2022-08-26,-147521.0,-43100.0,0.0,-190621.0,404.0,27.0,4.0,-1.0,,2026-07-24T11:48:11.948394+08:00
662,2022-08-29,-1025000.0,-98877.0,0.0,-1123877.0,411.0,32.0,7.0,5.0,,2026-07-24T11:48:11.948394+08:00
662,2022-08-30,-198962.0,16000.0,0.0,-182962.0,412.0,31.0,1.0,-1.0,,2026-07-24T11:48:11.948394+08:00
662,2022-08-31,-412080.0,-114000.0,0.0,-526080.0,425.0,31.0,13.0,0.0,,2026-07-24T11:48:11.948394+08:00
662,2022-09-01,-698002.0,-32900.0,0.0,-730902.0,431.0,27.0,6.0,-4.0,,2026-07-24T11:48:11.948394+08:00
662,2022-09-02,-84944.0,14000.0,0.0,-70944.0,431.0,26.0,0.0,-1.0,,2026-07-24T11:48:11.948394+08:00
662,2022-09-05,-246506.0,2100.0,0.0,-244406.0,432.0,26.0,1.0,0.0,,2026-07-24T11:48:11.948394+08:00
662,2022-09-06,-115652.0,-7000.0,0.0,-122652.0,432.0,27.0,0.0,1.0,,2026-07-24T11:48:11.948394+08:00
662,2022-09-07,-85296.0,10000.0,0.0,-75296.0,428.0,26.0,-4.0,-1.0,,2026-07-24T11:48:11.948394+08:00
662,2022-09-08,606405.0,37050.0,0.0,643455.0,426.0,19.0,-2.0,-7.0,,2026-07-24T11:48:11.948394+08:00
662,2022-09-12,-26631.0,11000.0,0.0,-15631.0,679.0,24.0,253.0,5.0,,2026-07-24T11:48:11.948394+08:00
662,2022-09-13,278746.0,9900.0,0.0,288646.0,392.0,17.0,-287.0,-7.0,,2026-07-24T11:48:11.948394+08:00
662,2022-09-14,-819924.0,-10655.0,0.0,-830579.0,398.0,22.0,6.0,5.0,,2026-07-24T11:48:11.948394+08:00
662,2022-09-15,-52356.0,-1000.0,0.0,-53356.0,396.0,22.0,-2.0,0.0,,2026-07-24T11:48:11.948394+08:00
662,2022-09-16,-412000.0,-43000.0,0.0,-455000.0,400.0,30.0,4.0,8.0,,2026-07-24T11:48:11.948394+08:00
662,2022-09-19,-33422.0,-1000.0,0.0,-34422.0,405.0,30.0,5.0,0.0,,2026-07-24T11:48:11.948394+08:00
662,2022-09-20,-349797.0,6050.0,0.0,-343747.0,401.0,30.0,-4.0,0.0,,2026-07-24T11:48:11.948394+08:00
662,2022-09-21,-129302.0,-3000.0,0.0,-132302.0,404.0,30.0,3.0,0.0,,2026-07-24T11:48:11.948394+08:00
662,2022-09-22,-510145.0,-29900.0,0.0,-540045.0,407.0,30.0,3.0,0.0,,2026-07-24T11:48:11.948394+08:00
662,2022-09-23,-776565.0,-14000.0,0.0,-790565.0,359.0,30.0,-48.0,0.0,,2026-07-24T11:48:11.948394+08:00
662,2022-09-26,-551625.0,12300.0,0.0,-539325.0,382.0,33.0,23.0,3.0,,2026-07-24T11:48:11.948394+08:00
662,2022-09-27,31771.0,46000.0,0.0,77771.0,400.0,31.0,18.0,-2.0,,2026-07-24T11:48:11.948394+08:00
662,2022-09-28,-994000.0,29000.0,0.0,-965000.0,388.0,32.0,-12.0,1.0,,2026-07-24T11:48:11.948394+08:00
662,2022-09-29,-116896.0,-3950.0,0.0,-120846.0,379.0,29.0,-9.0,-3.0,,2026-07-24T11:48:11.948394+08:00
662,2022-09-30,-378866.0,-6930.0,0.0,-385796.0,402.0,27.0,23.0,-2.0,,2026-07-24T11:48:11.948394+08:00
662,2022-10-03,-72005.0,106000.0,0.0,33995.0,452.0,27.0,50.0,0.0,,2026-07-24T11:48:11.948394+08:00
662,2022-10-04,-13095.0,20050.0,0.0,6955.0,480.0,13.0,28.0,-14.0,,2026-07-24T11:48:11.948394+08:00
662,2022-10-05,-341037.0,176000.0,0.0,-165037.0,455.0,9.0,-25.0,-4.0,,2026-07-24T11:48:11.948394+08:00
662,2022-10-06,-137000.0,46900.0,0.0,-90100.0,441.0,10.0,-14.0,1.0,,2026-07-24T11:48:11.948394+08:00
662,2022-10-07,-462135.0,-59900.0,0.0,-522035.0,446.0,11.0,5.0,1.0,,2026-07-24T11:48:11.948394+08:00
662,2022-10-11,-552697.0,-3840.0,0.0,-556537.0,470.0,15.0,24.0,4.0,,2026-07-24T11:48:11.948394+08:00
662,2022-10-12,228000.0,-15950.0,0.0,212050.0,488.0,10.0,18.0,-5.0,,2026-07-24T11:48:11.948394+08:00
662,2022-10-13,-68016.0,-24000.0,0.0,-92016.0,484.0,11.0,-4.0,1.0,,2026-07-24T11:48:11.948394+08:00
662,2022-10-14,-120349.0,-23000.0,0.0,-143349.0,491.0,7.0,7.0,-4.0,,2026-07-24T11:48:11.948394+08:00
662,2022-10-17,-290840.0,-6000.0,0.0,-296840.0,509.0,7.0,18.0,0.0,,2026-07-24T11:48:11.948394+08:00
662,2022-10-18,41979.0,-27900.0,0.0,14079.0,495.0,8.0,-14.0,1.0,,2026-07-24T11:48:11.948394+08:00
662,2022-10-19,32197.0,1900.0,0.0,34097.0,483.0,13.0,-12.0,5.0,,2026-07-24T11:48:11.948394+08:00
662,2022-10-20,-210150.0,29000.0,0.0,-181150.0,488.0,11.0,5.0,-2.0,,2026-07-24T11:48:11.948394+08:00
662,2022-10-21,15182.0,-33000.0,0.0,-17818.0,420.0,14.0,-68.0,3.0,,2026-07-24T11:48:11.948394+08:00
662,2022-10-24,-25000.0,-65000.0,0.0,-90000.0,436.0,14.0,16.0,0.0,,2026-07-24T11:48:11.948394+08:00
662,2022-10-25,93003.0,-86824.0,0.0,6179.0,407.0,12.0,-29.0,-2.0,,2026-07-24T11:48:11.948394+08:00
662,2022-10-26,-395346.0,9900.0,0.0,-385446.0,401.0,13.0,-6.0,1.0,,2026-07-24T11:48:11.948394+08:00
662,2022-10-27,-229134.0,-133000.0,0.0,-362134.0,417.0,13.0,16.0,0.0,,2026-07-24T11:48:11.948394+08:00
662,2022-10-28,64486.0,-232900.0,0.0,-168414.0,418.0,18.0,1.0,5.0,,2026-07-24T11:48:11.948394+08:00
662,2022-10-31,-223525.0,246950.0,0.0,23425.0,424.0,18.0,6.0,0.0,,2026-07-24T11:48:11.948394+08:00
662,2022-11-01,-249666.0,85000.0,0.0,-164666.0,428.0,17.0,4.0,-1.0,,2026-07-24T11:48:11.948394+08:00
662,2022-11-02,-361712.0,-33000.0,0.0,-394712.0,461.0,15.0,33.0,-2.0,,2026-07-24T11:48:11.948394+08:00
662,2022-11-03,-760264.0,-238900.0,0.0,-999164.0,509.0,19.0,48.0,4.0,,2026-07-24T11:48:11.948394+08:00
662,2022-11-04,-156258.0,-389900.0,0.0,-546158.0,548.0,19.0,39.0,0.0,,2026-07-24T11:48:11.948394+08:00
662,2022-11-07,-408381.0,-142000.0,0.0,-550381.0,534.0,19.0,-14.0,0.0,,2026-07-24T11:48:11.948394+08:00
662,2022-11-08,-44301.0,-14950.0,0.0,-59251.0,533.0,19.0,-1.0,0.0,,2026-07-24T11:48:11.948394+08:00
662,2022-11-09,71787.0,-80000.0,0.0,-8213.0,534.0,17.0,1.0,-2.0,,2026-07-24T11:48:11.948394+08:00
662,2022-11-10,-599902.0,11000.0,0.0,-588902.0,565.0,20.0,31.0,3.0,,2026-07-24T11:48:11.948394+08:00
662,2022-11-11,-250408.0,-49000.0,0.0,-299408.0,548.0,20.0,-17.0,0.0,,2026-07-24T11:48:11.948394+08:00
662,2022-11-14,-214181.0,37900.0,0.0,-176281.0,573.0,22.0,25.0,2.0,,2026-07-24T11:48:11.948394+08:00
662,2022-11-15,-175490.0,-8100.0,0.0,-183590.0,775.0,22.0,202.0,0.0,,2026-07-24T11:48:11.948394+08:00
662,2022-11-16,21530.0,93000.0,0.0,114530.0,638.0,24.0,-137.0,2.0,,2026-07-24T11:48:11.948394+08:00
662,2022-11-17,-56826.0,-7000.0,0.0,-63826.0,640.0,22.0,2.0,-2.0,,2026-07-24T11:48:11.948394+08:00
662,2022-11-18,-284009.0,5100.0,0.0,-278909.0,640.0,22.0,0.0,0.0,,2026-07-24T11:48:11.948394+08:00
662,2022-11-21,-72706.0,2000.0,0.0,-70706.0,634.0,21.0,-6.0,-1.0,,2026-07-24T11:48:11.948394+08:00
662,2022-11-22,-240433.0,94000.0,0.0,-146433.0,636.0,24.0,2.0,3.0,,2026-07-24T11:48:11.948394+08:00
662,2022-11-23,-133732.0,33000.0,0.0,-100732.0,627.0,24.0,-9.0,0.0,,2026-07-24T11:48:11.948394+08:00
662,2022-11-24,-67843.0,47000.0,0.0,-20843.0,620.0,24.0,-7.0,0.0,,2026-07-24T11:48:11.948394+08:00
662,2022-11-25,-359480.0,89000.0,0.0,-270480.0,624.0,25.0,4.0,1.0,,2026-07-24T11:48:11.948394+08:00
662,2022-11-28,-413000.0,25000.0,0.0,-388000.0,700.0,28.0,76.0,3.0,,2026-07-24T11:48:11.948394+08:00
662,2022-11-29,-178918.0,21000.0,0.0,-157918.0,699.0,27.0,-1.0,-1.0,,2026-07-24T11:48:11.948394+08:00
662,2022-11-30,-376753.0,-90900.0,0.0,-467653.0,710.0,27.0,11.0,0.0,,2026-07-24T11:48:11.948394+08:00
662,2022-12-01,267097.0,-34040.0,0.0,233057.0,656.0,15.0,-54.0,-12.0,,2026-07-24T11:48:11.948394+08:00
662,2022-12-02,-19161.0,-21000.0,0.0,-40161.0,654.0,17.0,-2.0,2.0,,2026-07-24T11:48:11.948394+08:00
662,2022-12-05,-343111.0,-66950.0,0.0,-410061.0,674.0,15.0,20.0,-2.0,,2026-07-24T11:48:11.948394+08:00
662,2022-12-06,-137585.0,33000.0,0.0,-104585.0,665.0,15.0,-9.0,0.0,,2026-07-24T11:48:11.948394+08:00
662,2022-12-07,-276050.0,16100.0,0.0,-259950.0,690.0,15.0,25.0,0.0,,2026-07-24T11:48:11.948394+08:00
662,2022-12-08,-308437.0,0.0,0.0,-308437.0,698.0,15.0,8.0,0.0,,2026-07-24T11:48:11.948394+08:00
662,2022-12-09,12932.0,777.0,0.0,13709.0,688.0,18.0,-10.0,3.0,,2026-07-24T11:48:11.948394+08:00
662,2022-12-12,-85579.0,8000.0,0.0,-77579.0,690.0,18.0,2.0,0.0,,2026-07-24T11:48:11.948394+08:00
662,2022-12-13,63162.0,0.0,0.0,63162.0,678.0,18.0,-12.0,0.0,,2026-07-24T11:48:11.948394+08:00
662,2022-12-14,197000.0,6940.0,0.0,203940.0,616.0,13.0,-62.0,-5.0,,2026-07-24T11:48:11.948394+08:00
662,2022-12-15,-254220.0,77000.0,0.0,-177220.0,634.0,13.0,18.0,0.0,,2026-07-24T11:48:11.948394+08:00
662,2022-12-16,-680568.0,70000.0,0.0,-610568.0,657.0,11.0,23.0,-2.0,,2026-07-24T11:48:11.948394+08:00
662,2022-12-19,-2557635.0,-124000.0,0.0,-2681635.0,661.0,11.0,4.0,0.0,,2026-07-24T11:48:11.948394+08:00
662,2022-12-20,-2820340.0,-233990.0,0.0,-3054330.0,675.0,9.0,14.0,-2.0,,2026-07-24T11:48:11.948394+08:00
662,2022-12-21,-585816.0,-11000.0,0.0,-596816.0,676.0,11.0,1.0,2.0,,2026-07-24T11:48:11.948394+08:00
662,2022-12-22,-314307.0,165030.0,0.0,-149277.0,677.0,8.0,1.0,-3.0,,2026-07-24T11:48:11.948394+08:00
662,2022-12-23,-1396579.0,48138.0,0.0,-1348441.0,504.0,11.0,-173.0,3.0,,2026-07-24T11:48:11.948394+08:00
662,2022-12-26,-92112.0,-82000.0,0.0,-174112.0,504.0,11.0,0.0,0.0,,2026-07-24T11:48:11.948394+08:00
662,2022-12-27,-73692.0,-1000.0,0.0,-74692.0,494.0,10.0,-10.0,-1.0,,2026-07-24T11:48:11.948394+08:00
662,2022-12-28,-361028.0,121100.0,0.0,-239928.0,498.0,8.0,4.0,-2.0,,2026-07-24T11:48:11.948394+08:00
662,2022-12-29,-315854.0,101000.0,0.0,-214854.0,514.0,13.0,16.0,5.0,,2026-07-24T11:48:11.948394+08:00
662,2022-12-30,-180837.0,-5100.0,0.0,-185937.0,513.0,12.0,-1.0,-1.0,,2026-07-24T11:48:11.948394+08:00
662,2023-01-03,-145997.0,2050.0,0.0,-143947.0,513.0,12.0,0.0,0.0,,2026-07-24T11:48:11.948394+08:00
662,2023-01-04,-136202.0,0.0,0.0,-136202.0,518.0,12.0,5.0,0.0,,2026-07-24T11:48:11.948394+08:00
662,2023-01-05,-484753.0,9000.0,0.0,-475753.0,514.0,12.0,-4.0,0.0,,2026-07-24T11:48:11.948394+08:00
662,2023-01-06,-529219.0,-1900.0,0.0,-531119.0,526.0,13.0,12.0,1.0,,2026-07-24T11:48:11.948394+08:00
662,2023-01-09,-208521.0,-28100.0,0.0,-236621.0,518.0,13.0,-8.0,0.0,,2026-07-24T11:48:11.948394+08:00
662,2023-01-10,-181246.0,25000.0,0.0,-156246.0,520.0,12.0,2.0,-1.0,,2026-07-24T11:48:11.948394+08:00
662,2023-01-11,-473377.0,-28000.0,0.0,-501377.0,512.0,12.0,-8.0,0.0,,2026-07-24T11:48:11.948394+08:00
662,2023-01-12,-486000.0,337000.0,0.0,-149000.0,491.0,12.0,-21.0,0.0,,2026-07-24T11:48:11.948394+08:00
662,2023-01-13,-295784.0,-25950.0,0.0,-321734.0,488.0,16.0,-3.0,4.0,,2026-07-24T11:48:11.948394+08:00
662,2023-01-16,-284664.0,81000.0,0.0,-203664.0,468.0,16.0,-20.0,0.0,,2026-07-24T11:48:11.948394+08:00
662,2023-01-17,11846.0,-7950.0,0.0,3896.0,463.0,15.0,-5.0,-1.0,,2026-07-24T11:48:11.948394+08:00
662,2023-01-30,821602.0,254000.0,0.0,1075602.0,432.0,15.0,-31.0,0.0,,2026-07-24T11:48:11.948394+08:00
662,2023-01-31,57231.0,-70950.0,0.0,-13719.0,434.0,17.0,2.0,2.0,,2026-07-24T11:48:11.948394+08:00
662,2023-02-01,1036409.0,18000.0,0.0,1054409.0,414.0,17.0,-20.0,0.0,,2026-07-24T11:48:11.948394+08:00
662,2023-02-02,2446000.0,121100.0,0.0,2567100.0,410.0,17.0,-4.0,0.0,,2026-07-24T11:48:11.948394+08:00
662,2023-02-03,1923076.0,57018.0,0.0,1980094.0,379.0,17.0,-31.0,0.0,,2026-07-24T11:48:11.948394+08:00
662,2023-02-06,188538.0,61000.0,0.0,249538.0,364.0,17.0,-15.0,0.0,,2026-07-24T11:48:11.948394+08:00
662,2023-02-07,699000.0,186800.0,0.0,885800.0,363.0,21.0,-1.0,4.0,,2026-07-24T11:48:11.948394+08:00
662,2023-02-08,-197000.0,68000.0,0.0,-129000.0,360.0,21.0,-3.0,0.0,,2026-07-24T11:48:11.948394+08:00
662,2023-02-09,-406085.0,-17940.0,0.0,-424025.0,372.0,21.0,12.0,0.0,,2026-07-24T11:48:11.948394+08:00
662,2023-02-10,-328686.0,-6950.0,0.0,-335636.0,379.0,21.0,7.0,0.0,,2026-07-24T11:48:11.948394+08:00
662,2023-02-13,201753.0,-115000.0,0.0,86753.0,340.0,20.0,-39.0,-1.0,,2026-07-24T11:48:11.948394+08:00
662,2023-02-14,213748.0,1000.0,0.0,214748.0,322.0,20.0,-18.0,0.0,,2026-07-24T11:48:11.948394+08:00
662,2023-02-15,403687.0,30000.0,0.0,433687.0,294.0,20.0,-28.0,0.0,,2026-07-24T11:48:11.948394+08:00
662,2023-02-16,167000.0,159900.0,0.0,326900.0,264.0,20.0,-30.0,0.0,,2026-07-24T11:48:11.948394+08:00
662,2023-02-17,-322279.0,-112900.0,0.0,-435179.0,275.0,20.0,11.0,0.0,,2026-07-24T11:48:11.948394+08:00
662,2023-02-20,121208.0,-69000.0,0.0,52208.0,271.0,20.0,-4.0,0.0,,2026-07-24T11:48:11.948394+08:00
662,2023-02-21,145845.0,-157000.0,0.0,-11155.0,273.0,20.0,2.0,0.0,,2026-07-24T11:48:11.948394+08:00
662,2023-02-22,325434.0,-140950.0,0.0,184484.0,250.0,19.0,-23.0,-1.0,,2026-07-24T11:48:11.948394+08:00
662,2023-02-23,-220619.0,-48950.0,0.0,-269569.0,255.0,19.0,5.0,0.0,,2026-07-24T11:48:11.948394+08:00
662,2023-02-24,-267163.0,-116000.0,0.0,-383163.0,246.0,16.0,-9.0,-3.0,,2026-07-24T11:48:11.948394+08:00
662,2023-03-01,-111075.0,-114000.0,0.0,-225075.0,245.0,16.0,-1.0,0.0,,2026-07-24T11:48:11.948394+08:00
662,2023-03-02,-488134.0,-224750.0,0.0,-712884.0,264.0,16.0,19.0,0.0,,2026-07-24T11:48:11.948394+08:00
662,2023-03-03,-638515.0,-381000.0,0.0,-1019515.0,242.0,16.0,-22.0,0.0,,2026-07-24T11:48:11.948394+08:00
662,2023-03-06,-851040.0,-497070.0,0.0,-1348110.0,229.0,14.0,-13.0,-2.0,,2026-07-24T11:48:11.948394+08:00
662,2023-03-07,-452205.0,-9000.0,0.0,-461205.0,225.0,14.0,-4.0,0.0,,2026-07-24T11:48:11.948394+08:00
662,2023-03-08,-1026841.0,-93000.0,0.0,-1119841.0,219.0,14.0,-6.0,0.0,,2026-07-24T11:48:11.948394+08:00
662,2023-03-09,-101026.0,-5950.0,0.0,-106976.0,211.0,14.0,-8.0,0.0,,2026-07-24T11:48:11.948394+08:00
662,2023-03-10,-300680.0,-11900.0,0.0,-312580.0,206.0,5.0,-5.0,-9.0,,2026-07-24T11:48:11.948394+08:00
662,2023-03-13,67139.0,-73950.0,0.0,-6811.0,206.0,5.0,0.0,0.0,,2026-07-24T11:48:11.948394+08:00
662,2023-03-14,-2209280.0,-129000.0,0.0,-2338280.0,206.0,5.0,0.0,0.0,,2026-07-24T11:48:11.948394+08:00
662,2023-03-15,-55655.0,10000.0,0.0,-45655.0,204.0,5.0,-2.0,0.0,,2026-07-24T11:48:11.948394+08:00
662,2023-03-16,-842000.0,8900.0,0.0,-833100.0,174.0,5.0,-30.0,0.0,,2026-07-24T11:48:11.948394+08:00
662,2023-03-17,-461800.0,87000.0,0.0,-374800.0,160.0,5.0,-14.0,0.0,,2026-07-24T11:48:11.948394+08:00
662,2023-03-20,-652567.0,-34000.0,0.0,-686567.0,157.0,5.0,-3.0,0.0,,2026-07-24T11:48:11.948394+08:00
662,2023-03-21,-819292.0,5000.0,0.0,-814292.0,157.0,5.0,0.0,0.0,,2026-07-24T11:48:11.948394+08:00
662,2023-03-22,-1175000.0,40000.0,0.0,-1135000.0,156.0,5.0,-1.0,0.0,,2026-07-24T11:48:11.948394+08:00
662,2023-03-23,118301.0,208000.0,0.0,326301.0,157.0,5.0,1.0,0.0,,2026-07-24T11:48:11.948394+08:00
662,2023-03-24,-1747000.0,-27000.0,0.0,-1774000.0,157.0,5.0,0.0,0.0,,2026-07-24T11:48:11.948394+08:00
662,2023-03-27,-850000.0,-34100.0,0.0,-884100.0,159.0,5.0,2.0,0.0,,2026-07-24T11:48:11.948394+08:00
662,2023-03-28,-1314330.0,-220900.0,0.0,-1535230.0,159.0,5.0,0.0,0.0,,2026-07-24T11:48:11.948394+08:00
662,2023-03-29,-813901.0,100.0,0.0,-813801.0,159.0,5.0,0.0,0.0,,2026-07-24T11:48:11.948394+08:00
662,2023-03-30,-855065.0,14950.0,0.0,-840115.0,159.0,5.0,0.0,0.0,,2026-07-24T11:48:11.948394+08:00
662,2023-03-31,-1680558.0,2000.0,0.0,-1678558.0,161.0,5.0,2.0,0.0,,2026-07-24T11:48:11.948394+08:00
662,2023-04-06,-438974.0,31000.0,0.0,-407974.0,155.0,5.0,-6.0,0.0,,2026-07-24T11:48:11.948394+08:00
662,2023-04-07,-671549.0,-54000.0,0.0,-725549.0,153.0,5.0,-2.0,0.0,,2026-07-24T11:48:11.948394+08:00
662,2023-04-10,-180892.0,-30000.0,0.0,-210892.0,153.0,5.0,0.0,0.0,,2026-07-24T11:48:11.948394+08:00
662,2023-04-11,-42292.0,36077.0,0.0,-6215.0,153.0,5.0,0.0,0.0,,2026-07-24T11:48:11.948394+08:00
662,2023-04-12,-494038.0,-2000.0,0.0,-496038.0,153.0,4.0,0.0,-1.0,,2026-07-24T11:48:11.948394+08:00
662,2023-04-13,1698.0,-27000.0,0.0,-25302.0,153.0,4.0,0.0,0.0,,2026-07-24T11:48:11.948394+08:00
662,2023-04-14,163860.0,33000.0,0.0,196860.0,153.0,4.0,0.0,0.0,,2026-07-24T11:48:11.948394+08:00
662,2023-04-17,1160396.0,356000.0,0.0,1516396.0,153.0,4.0,0.0,0.0,,2026-07-24T11:48:11.948394+08:00
662,2023-04-18,1402067.0,222000.0,0.0,1624067.0,148.0,4.0,-5.0,0.0,,2026-07-24T11:48:11.948394+08:00
662,2023-04-19,26000.0,31000.0,0.0,57000.0,148.0,4.0,0.0,0.0,,2026-07-24T11:48:11.948394+08:00
662,2023-04-20,985813.0,174092.0,0.0,1159905.0,147.0,4.0,-1.0,0.0,,2026-07-24T11:48:11.948394+08:00
662,2023-04-21,106001.0,31000.0,0.0,137001.0,147.0,4.0,0.0,0.0,,2026-07-24T11:48:11.948394+08:00
662,2023-04-24,2777.0,-9000.0,0.0,-6223.0,147.0,4.0,0.0,0.0,,2026-07-24T11:48:11.948394+08:00
662,2023-04-25,250074.0,13000.0,0.0,263074.0,142.0,4.0,-5.0,0.0,,2026-07-24T11:48:11.948394+08:00
662,2023-04-26,340000.0,123094.0,0.0,463094.0,126.0,4.0,-16.0,0.0,,2026-07-24T11:48:11.948394+08:00
662,2023-04-27,11654.0,3050.0,0.0,14704.0,107.0,4.0,-19.0,0.0,,2026-07-24T11:48:11.948394+08:00
662,2023-04-28,74484.0,-5000.0,0.0,69484.0,133.0,4.0,26.0,0.0,,2026-07-24T11:48:11.948394+08:00
662,2023-05-02,-8966.0,48000.0,0.0,39034.0,134.0,4.0,1.0,0.0,,2026-07-24T11:48:11.948394+08:00
662,2023-05-03,777138.0,74000.0,0.0,851138.0,133.0,4.0,-1.0,0.0,,2026-07-24T11:48:11.948394+08:00
662,2023-05-04,-150763.0,32000.0,0.0,-118763.0,121.0,4.0,-12.0,0.0,,2026-07-24T11:48:11.948394+08:00
662,2023-05-05,-463745.0,-7900.0,0.0,-471645.0,125.0,4.0,4.0,0.0,,2026-07-24T11:48:11.948394+08:00
662,2023-05-08,-76702.0,-28000.0,0.0,-104702.0,123.0,4.0,-2.0,0.0,,2026-07-24T11:48:11.948394+08:00
662,2023-05-09,80636.0,-6000.0,0.0,74636.0,121.0,4.0,-2.0,0.0,,2026-07-24T11:48:11.948394+08:00
662,2023-05-10,-269963.0,50.0,0.0,-269913.0,120.0,4.0,-1.0,0.0,,2026-07-24T11:48:11.948394+08:00
662,2023-05-11,179639.0,128900.0,0.0,308539.0,95.0,4.0,-25.0,0.0,,2026-07-24T11:48:11.948394+08:00
662,2023-05-12,259679.0,225000.0,0.0,484679.0,95.0,4.0,0.0,0.0,,2026-07-24T11:48:11.948394+08:00
662,2023-05-15,8205.0,136000.0,0.0,144205.0,65.0,4.0,-30.0,0.0,,2026-07-24T11:48:11.948394+08:00
662,2023-05-16,-124695.0,-6000.0,0.0,-130695.0,65.0,4.0,0.0,0.0,,2026-07-24T11:48:11.948394+08:00
662,2023-05-17,221368.0,-2000.0,0.0,219368.0,62.0,4.0,-3.0,0.0,,2026-07-24T11:48:11.948394+08:00
662,2023-05-18,-533467.0,-49100.0,0.0,-582567.0,62.0,4.0,0.0,0.0,,2026-07-24T11:48:11.948394+08:00
662,2023-05-19,235059.0,-11000.0,0.0,224059.0,62.0,1.0,0.0,-3.0,,2026-07-24T11:48:11.948394+08:00
662,2023-05-22,-28278.0,-5950.0,0.0,-34228.0,64.0,1.0,2.0,0.0,,2026-07-24T11:48:11.948394+08:00
662,2023-05-23,3328422.0,2839920.0,0.0,6168342.0,58.0,1.0,-6.0,0.0,,2026-07-24T11:48:11.948394+08:00
662,2023-05-24,97128.0,103220.0,0.0,200348.0,57.0,1.0,-1.0,0.0,,2026-07-24T11:48:11.948394+08:00
662,2023-05-25,-568582.0,-5900.0,0.0,-574482.0,55.0,1.0,-2.0,0.0,,2026-07-24T11:48:11.948394+08:00
662,2023-05-26,-542621.0,-228971.0,0.0,-771592.0,54.0,1.0,-1.0,0.0,,2026-07-24T11:48:11.948394+08:00
662,2023-05-29,-982706.0,-345000.0,0.0,-1327706.0,56.0,1.0,2.0,0.0,,2026-07-24T11:48:11.948394+08:00
662,2023-05-30,-882362.0,-125186.0,0.0,-1007548.0,44.0,1.0,-12.0,0.0,,2026-07-24T11:48:11.948394+08:00
662,2023-05-31,-729452.0,25000.0,0.0,-704452.0,44.0,0.0,0.0,-1.0,,2026-07-24T11:48:11.948394+08:00
662,2023-06-01,-258236.0,-5000.0,0.0,-263236.0,44.0,0.0,0.0,0.0,,2026-07-24T11:48:11.948394+08:00
662,2023-06-02,-929722.0,-46000.0,0.0,-975722.0,45.0,0.0,1.0,0.0,,2026-07-24T11:48:11.948394+08:00
662,2023-06-05,-266619.0,0.0,0.0,-266619.0,48.0,0.0,3.0,0.0,,2026-07-24T11:48:11.948394+08:00
662,2023-06-06,654821.0,91000.0,0.0,745821.0,48.0,0.0,0.0,0.0,,2026-07-24T11:48:11.948394+08:00
662,2023-06-07,9846.0,6900.0,0.0,16746.0,49.0,0.0,1.0,0.0,,2026-07-24T11:48:11.948394+08:00
662,2023-06-08,-328451.0,54100.0,0.0,-274351.0,53.0,0.0,4.0,0.0,,2026-07-24T11:48:11.948394+08:00
662,2023-06-09,1550.0,40900.0,0.0,42450.0,49.0,0.0,-4.0,0.0,,2026-07-24T11:48:11.948394+08:00
662,2023-06-12,-49620.0,36000.0,0.0,-13620.0,51.0,0.0,2.0,0.0,,2026-07-24T11:48:11.948394+08:00
662,2023-06-13,-356659.0,-164000.0,0.0,-520659.0,43.0,0.0,-8.0,0.0,,2026-07-24T11:48:11.948394+08:00
662,2023-06-14,59777.0,-5000.0,0.0,54777.0,46.0,0.0,3.0,0.0,,2026-07-24T11:48:11.948394+08:00
662,2023-06-15,985315.0,32000.0,0.0,1017315.0,41.0,0.0,-5.0,0.0,,2026-07-24T11:48:11.948394+08:00
662,2023-06-16,652116.0,-77000.0,0.0,575116.0,37.0,0.0,-4.0,0.0,,2026-07-24T11:48:11.948394+08:00
662,2023-06-19,50770.0,-106000.0,0.0,-55230.0,108.0,0.0,71.0,0.0,,2026-07-24T11:48:11.948394+08:00
662,2023-06-20,115852.0,21777.0,0.0,137629.0,108.0,0.0,0.0,0.0,,2026-07-24T11:48:11.948394+08:00
662,2023-06-21,479000.0,-45800.0,0.0,433200.0,108.0,0.0,0.0,0.0,,2026-07-24T11:48:11.948394+08:00
662,2023-06-26,203428.0,35000.0,0.0,238428.0,109.0,0.0,1.0,0.0,,2026-07-24T11:48:11.948394+08:00
662,2023-06-27,-246283.0,-15000.0,0.0,-261283.0,107.0,0.0,-2.0,0.0,,2026-07-24T11:48:11.948394+08:00
662,2023-06-28,-3276.0,-35000.0,0.0,-38276.0,107.0,0.0,0.0,0.0,,2026-07-24T11:48:11.948394+08:00
662,2023-06-29,-224513.0,-52933.0,0.0,-277446.0,107.0,0.0,0.0,0.0,,2026-07-24T11:48:11.948394+08:00
662,2023-06-30,-434000.0,-91000.0,0.0,-525000.0,107.0,0.0,0.0,0.0,,2026-07-24T11:48:11.948394+08:00
662,2023-07-03,-307000.0,-193136.0,0.0,-500136.0,109.0,0.0,2.0,0.0,,2026-07-24T11:48:11.948394+08:00
662,2023-07-04,-272343.0,-24000.0,0.0,-296343.0,112.0,0.0,3.0,0.0,,2026-07-24T11:48:11.948394+08:00
662,2023-07-05,-96900.0,-4950.0,0.0,-101850.0,127.0,0.0,15.0,0.0,,2026-07-24T11:48:11.948394+08:00
662,2023-07-06,-116066.0,155000.0,0.0,38934.0,119.0,0.0,-8.0,0.0,,2026-07-24T11:48:11.948394+08:00
662,2023-07-07,-771663.0,123100.0,0.0,-648563.0,105.0,0.0,-14.0,0.0,,2026-07-24T11:48:11.948394+08:00
662,2023-07-10,-369345.0,-40901.0,0.0,-410246.0,107.0,0.0,2.0,0.0,,2026-07-24T11:48:11.948394+08:00
662,2023-07-11,-663000.0,-12000.0,0.0,-675000.0,108.0,0.0,1.0,0.0,,2026-07-24T11:48:11.948394+08:00
662,2023-07-12,-969087.0,-20000.0,0.0,-989087.0,107.0,0.0,-1.0,0.0,,2026-07-24T11:48:11.948394+08:00
662,2023-07-13,-929825.0,-203000.0,0.0,-1132825.0,109.0,0.0,2.0,0.0,,2026-07-24T11:48:11.948394+08:00
662,2023-07-14,-252074.0,2000.0,0.0,-250074.0,100.0,0.0,-9.0,0.0,,2026-07-24T11:48:11.948394+08:00
662,2023-07-17,-347708.0,6900.0,0.0,-340808.0,102.0,0.0,2.0,0.0,,2026-07-24T11:48:11.948394+08:00
662,2023-07-18,-1034288.0,-142000.0,0.0,-1176288.0,184.0,0.0,82.0,0.0,,2026-07-24T11:48:11.948394+08:00
662,2023-07-19,-2686779.0,-28000.0,0.0,-2714779.0,126.0,0.0,-58.0,0.0,,2026-07-24T11:48:11.948394+08:00
662,2023-07-20,-151051.0,-259100.0,0.0,-410151.0,189.0,0.0,63.0,0.0,,2026-07-24T11:48:11.948394+08:00
662,2023-07-21,-775467.0,193900.0,0.0,-581567.0,186.0,0.0,-3.0,0.0,,2026-07-24T11:48:11.948394+08:00
662,2023-07-24,-1330957.0,-16000.0,0.0,-1346957.0,120.0,0.0,-66.0,0.0,,2026-07-24T11:48:11.948394+08:00
662,2023-07-25,-721388.0,-345980.0,0.0,-1067368.0,171.0,0.0,51.0,0.0,,2026-07-24T11:48:11.948394+08:00
662,2023-07-26,-3599726.0,-117932.0,0.0,-3717658.0,138.0,0.0,-33.0,0.0,,2026-07-24T11:48:11.948394+08:00
662,2023-07-27,63686.0,-65000.0,0.0,-1314.0,148.0,0.0,10.0,0.0,,2026-07-24T11:48:11.948394+08:00
662,2023-07-28,2152577.0,1011000.0,0.0,3163577.0,150.0,0.0,2.0,0.0,,2026-07-24T11:48:11.948394+08:00
662,2023-07-31,-1171509.0,62000.0,0.0,-1109509.0,36.0,0.0,-114.0,0.0,,2026-07-24T11:48:11.948394+08:00
662,2023-08-01,-1010723.0,54074.0,0.0,-956649.0,36.0,0.0,0.0,0.0,,2026-07-24T11:48:11.948394+08:00
662,2023-08-02,-411451.0,-2000.0,0.0,-413451.0,36.0,0.0,0.0,0.0,,2026-07-24T11:48:11.948394+08:00
662,2023-08-04,-176372.0,108195.0,0.0,-68177.0,35.0,0.0,-1.0,0.0,,2026-07-24T11:48:11.948394+08:00
662,2023-08-07,-1102558.0,-33950.0,0.0,-1136508.0,35.0,0.0,0.0,0.0,,2026-07-24T11:48:11.948394+08:00
662,2023-08-08,131517.0,-146000.0,0.0,-14483.0,35.0,0.0,0.0,0.0,,2026-07-24T11:48:11.948394+08:00
662,2023-08-09,-802352.0,-65000.0,0.0,-867352.0,35.0,0.0,0.0,0.0,,2026-07-24T11:48:11.948394+08:00
662,2023-08-10,-783481.0,-6000.0,0.0,-789481.0,35.0,0.0,0.0,0.0,,2026-07-24T11:48:11.948394+08:00
662,2023-08-11,-154498.0,-14950.0,0.0,-169448.0,41.0,0.0,6.0,0.0,,2026-07-24T11:48:11.948394+08:00
662,2023-08-14,-196309.0,-21000.0,0.0,-217309.0,40.0,0.0,-1.0,0.0,,2026-07-24T11:48:11.948394+08:00
662,2023-08-15,-1199045.0,-154000.0,0.0,-1353045.0,35.0,0.0,-5.0,0.0,,2026-07-24T11:48:11.948394+08:00
662,2023-08-16,-663745.0,-197000.0,0.0,-860745.0,49.0,0.0,14.0,0.0,,2026-07-24T11:48:11.948394+08:00
662,2023-08-17,-466982.0,9000.0,0.0,-457982.0,88.0,0.0,39.0,0.0,,2026-07-24T11:48:11.948394+08:00
662,2023-08-18,-1265553.0,-24900.0,0.0,-1290453.0,90.0,0.0,2.0,0.0,,2026-07-24T11:48:11.948394+08:00
662,2023-08-21,-3204683.0,-154100.0,0.0,-3358783.0,90.0,0.0,0.0,0.0,,2026-07-24T11:48:11.948394+08:00
662,2023-08-22,-168879.0,39000.0,0.0,-129879.0,87.0,0.0,-3.0,0.0,,2026-07-24T11:48:11.948394+08:00
662,2023-08-23,-58745.0,-1000.0,0.0,-59745.0,95.0,0.0,8.0,0.0,,2026-07-24T11:48:11.948394+08:00
662,2023-08-24,-44000.0,-905.0,0.0,-44905.0,48.0,0.0,-47.0,0.0,,2026-07-24T11:48:11.948394+08:00
662,2023-08-25,6399684.0,2112000.0,0.0,8511684.0,48.0,0.0,0.0,0.0,,2026-07-24T11:48:11.948394+08:00
662,2023-08-28,-702429.0,15000.0,0.0,-687429.0,45.0,0.0,-3.0,0.0,,2026-07-24T11:48:11.948394+08:00
662,2023-08-29,38000.0,-23020.0,0.0,14980.0,46.0,0.0,1.0,0.0,,2026-07-24T11:48:11.948394+08:00
662,2023-08-30,-973814.0,6075.0,0.0,-967739.0,43.0,0.0,-3.0,0.0,,2026-07-24T11:48:11.948394+08:00
662,2023-08-31,-118437.0,-1100.0,0.0,-119537.0,65.0,0.0,22.0,0.0,,2026-07-24T11:48:11.948394+08:00
662,2023-09-01,812559.0,6974.0,0.0,819533.0,63.0,0.0,-2.0,0.0,,2026-07-24T11:48:11.948394+08:00
662,2023-09-04,1168000.0,179078.0,0.0,1347078.0,63.0,0.0,0.0,0.0,,2026-07-24T11:48:11.948394+08:00
662,2023-09-05,1304499.0,16000.0,0.0,1320499.0,64.0,0.0,1.0,0.0,,2026-07-24T11:48:11.948394+08:00
662,2023-09-06,-229223.0,-241000.0,0.0,-470223.0,64.0,0.0,0.0,0.0,,2026-07-24T11:48:11.948394+08:00
662,2023-09-07,852736.0,23100.0,0.0,875836.0,112.0,0.0,48.0,0.0,,2026-07-24T11:48:11.948394+08:00
662,2023-09-08,-17021.0,56000.0,0.0,38979.0,116.0,0.0,4.0,0.0,,2026-07-24T11:48:11.948394+08:00
662,2023-09-11,-57512.0,-36100.0,0.0,-93612.0,116.0,0.0,0.0,0.0,,2026-07-24T11:48:11.948394+08:00
662,2023-09-12,374280.0,14900.0,0.0,389180.0,114.0,0.0,-2.0,0.0,,2026-07-24T11:48:11.948394+08:00
662,2023-09-13,-839178.0,-43000.0,0.0,-882178.0,116.0,0.0,2.0,0.0,,2026-07-24T11:48:11.948394+08:00
662,2023-09-14,-686376.0,-154000.0,0.0,-840376.0,118.0,0.0,2.0,0.0,,2026-07-24T11:48:11.948394+08:00
662,2023-09-15,-1167991.0,-17000.0,0.0,-1184991.0,118.0,0.0,0.0,0.0,,2026-07-24T11:48:11.948394+08:00
662,2023-09-18,-165181.0,-165900.0,0.0,-331081.0,120.0,0.0,2.0,0.0,,2026-07-24T11:48:11.948394+08:00
662,2023-09-19,-1124729.0,-18987.0,0.0,-1143716.0,97.0,0.0,-23.0,0.0,,2026-07-24T11:48:11.948394+08:00
662,2023-09-20,-961271.0,20095.0,0.0,-941176.0,60.0,0.0,-37.0,0.0,,2026-07-24T11:48:11.948394+08:00
662,2023-09-21,1118539.0,315010.0,0.0,1433549.0,55.0,0.0,-5.0,0.0,,2026-07-24T11:48:11.948394+08:00
662,2023-09-22,1650103.0,166100.0,0.0,1816203.0,65.0,0.0,10.0,0.0,,2026-07-24T11:48:11.948394+08:00
662,2023-09-25,-1331139.0,-8000.0,0.0,-1339139.0,57.0,0.0,-8.0,0.0,,2026-07-24T11:48:11.948394+08:00
662,2023-09-26,-1369161.0,-9000.0,0.0,-1378161.0,56.0,0.0,-1.0,0.0,,2026-07-24T11:48:11.948394+08:00
662,2023-09-27,-1173903.0,19075.0,0.0,-1154828.0,60.0,0.0,4.0,0.0,,2026-07-24T11:48:11.948394+08:00
662,2023-09-28,-1385845.0,3000.0,0.0,-1382845.0,68.0,0.0,8.0,0.0,,2026-07-24T11:48:11.948394+08:00
662,2023-10-02,-1087173.0,-41672.0,0.0,-1128845.0,149.0,0.0,81.0,0.0,,2026-07-24T11:48:11.948394+08:00
662,2023-10-03,-1600704.0,-41920.0,0.0,-1642624.0,122.0,0.0,-27.0,0.0,,2026-07-24T11:48:11.948394+08:00
662,2023-10-04,-1002425.0,-18000.0,0.0,-1020425.0,85.0,0.0,-37.0,0.0,,2026-07-24T11:48:11.948394+08:00
662,2023-10-05,-1691626.0,18000.0,0.0,-1673626.0,133.0,0.0,48.0,0.0,,2026-07-24T11:48:11.948394+08:00
662,2023-10-06,-1077304.0,-237900.0,0.0,-1315204.0,61.0,0.0,-72.0,0.0,,2026-07-24T11:48:11.948394+08:00
662,2023-10-11,-1072439.0,175000.0,0.0,-897439.0,131.0,0.0,70.0,0.0,,2026-07-24T11:48:11.948394+08:00
662,2023-10-12,-855463.0,157800.0,0.0,-697663.0,60.0,0.0,-71.0,0.0,,2026-07-24T11:48:11.948394+08:00
662,2023-10-13,-942057.0,12050.0,0.0,-930007.0,57.0,0.0,-3.0,0.0,,2026-07-24T11:48:11.948394+08:00
662,2023-10-16,-175354.0,-107100.0,0.0,-282454.0,58.0,0.0,1.0,0.0,,2026-07-24T11:48:11.948394+08:00
662,2023-10-17,607791.0,39000.0,0.0,646791.0,58.0,0.0,0.0,0.0,,2026-07-24T11:48:11.948394+08:00
662,2023-10-18,37974.0,11000.0,0.0,48974.0,58.0,0.0,0.0,0.0,,2026-07-24T11:48:11.948394+08:00
662,2023-10-19,-435100.0,-1000.0,0.0,-436100.0,69.0,0.0,11.0,0.0,,2026-07-24T11:48:11.948394+08:00
662,2023-10-20,4059974.0,198100.0,0.0,4258074.0,111.0,0.0,42.0,0.0,,2026-07-24T11:48:11.948394+08:00
662,2023-10-23,-1165406.0,0.0,0.0,-1165406.0,111.0,0.0,0.0,0.0,,2026-07-24T11:48:11.948394+08:00
662,2023-10-24,-929186.0,0.0,0.0,-929186.0,115.0,0.0,4.0,0.0,,2026-07-24T11:48:11.948394+08:00
662,2023-10-25,-944598.0,2098.0,0.0,-942500.0,118.0,0.0,3.0,0.0,,2026-07-24T11:48:11.948394+08:00
662,2023-10-26,-1873636.0,-1620.0,0.0,-1875256.0,121.0,0.0,3.0,0.0,,2026-07-24T11:48:11.948394+08:00
662,2023-10-27,-495853.0,-70900.0,0.0,-566753.0,142.0,0.0,21.0,0.0,,2026-07-24T11:48:11.948394+08:00
662,2023-10-30,-1248224.0,83.0,0.0,-1248141.0,142.0,0.0,0.0,0.0,,2026-07-24T11:48:11.948394+08:00
662,2023-10-31,-614080.0,-67000.0,0.0,-681080.0,122.0,0.0,-20.0,0.0,,2026-07-24T11:48:11.948394+08:00
662,2023-11-01,-334809.0,119127.0,0.0,-215682.0,122.0,0.0,0.0,0.0,,2026-07-24T11:48:11.948394+08:00
662,2023-11-02,-569223.0,-68100.0,0.0,-637323.0,123.0,0.0,1.0,0.0,,2026-07-24T11:48:11.948394+08:00
662,2023-11-03,-160788.0,-29920.0,0.0,-190708.0,98.0,0.0,-25.0,0.0,,2026-07-24T11:48:11.948394+08:00
662,2023-11-06,2724729.0,94000.0,0.0,2818729.0,58.0,0.0,-40.0,0.0,,2026-07-24T11:48:11.948394+08:00
662,2023-11-07,625416.0,122000.0,0.0,747416.0,57.0,0.0,-1.0,0.0,,2026-07-24T11:48:11.948394+08:00
662,2023-11-08,49833.0,20000.0,0.0,69833.0,57.0,0.0,0.0,0.0,,2026-07-24T11:48:11.948394+08:00
662,2023-11-09,3432.0,24000.0,0.0,27432.0,50.0,0.0,-7.0,0.0,,2026-07-24T11:48:11.948394+08:00
662,2023-11-10,71962.0,18000.0,0.0,89962.0,51.0,0.0,1.0,0.0,,2026-07-24T11:48:11.948394+08:00
662,2023-11-13,406727.0,-1000.0,0.0,405727.0,46.0,0.0,-5.0,0.0,,2026-07-24T11:48:11.948394+08:00
662,2023-11-14,-1329188.0,-100.0,0.0,-1329288.0,46.0,0.0,0.0,0.0,,2026-07-24T11:48:11.948394+08:00
662,2023-11-15,3847000.0,1170000.0,0.0,5017000.0,143.0,0.0,97.0,0.0,,2026-07-24T11:48:11.948394+08:00
662,2023-11-16,-691672.0,73000.0,0.0,-618672.0,144.0,0.0,1.0,0.0,,2026-07-24T11:48:11.948394+08:00
662,2023-11-17,-533793.0,-697100.0,0.0,-1230893.0,179.0,0.0,35.0,0.0,,2026-07-24T11:48:11.948394+08:00
662,2023-11-20,-282309.0,-371000.0,0.0,-653309.0,192.0,0.0,13.0,0.0,,2026-07-24T11:48:11.948394+08:00
662,2023-11-21,6701.0,-1014100.0,0.0,-1007399.0,179.0,0.0,-13.0,0.0,,2026-07-24T11:48:11.948394+08:00
662,2023-11-22,845820.0,-72877.0,0.0,772943.0,180.0,0.0,1.0,0.0,,2026-07-24T11:48:11.948394+08:00
662,2023-11-23,556457.0,389000.0,0.0,945457.0,234.0,0.0,54.0,0.0,,2026-07-24T11:48:11.948394+08:00
662,2023-11-24,-149198.0,2900.0,0.0,-146298.0,233.0,0.0,-1.0,0.0,,2026-07-24T11:48:11.948394+08:00
662,2023-11-27,-383159.0,-29000.0,0.0,-412159.0,233.0,0.0,0.0,0.0,,2026-07-24T11:48:11.948394+08:00
662,2023-11-28,379805.0,7250.0,0.0,387055.0,235.0,0.0,2.0,0.0,,2026-07-24T11:48:11.948394+08:00
662,2023-11-29,1465625.0,-150823.0,0.0,1314802.0,239.0,0.0,4.0,0.0,,2026-07-24T11:48:11.948394+08:00
662,2023-11-30,3959446.0,334250.0,0.0,4293696.0,145.0,0.0,-94.0,0.0,,2026-07-24T11:48:11.948394+08:00
662,2023-12-01,-317348.0,63044.0,0.0,-254304.0,165.0,0.0,20.0,0.0,,2026-07-24T11:48:11.948394+08:00
662,2023-12-04,1493100.0,13077.0,0.0,1506177.0,165.0,0.0,0.0,0.0,,2026-07-24T11:48:11.948394+08:00
662,2023-12-05,2320958.0,368000.0,0.0,2688958.0,165.0,0.0,0.0,0.0,,2026-07-24T11:48:11.948394+08:00
662,2023-12-06,1215143.0,75106.0,0.0,1290249.0,166.0,0.0,1.0,0.0,,2026-07-24T11:48:11.948394+08:00
662,2023-12-07,1455935.0,4000.0,0.0,1459935.0,166.0,0.0,0.0,0.0,,2026-07-24T11:48:11.948394+08:00
662,2023-12-08,844511.0,-463000.0,0.0,381511.0,166.0,0.0,0.0,0.0,,2026-07-24T11:48:11.948394+08:00
662,2023-12-11,2256977.0,513000.0,0.0,2769977.0,165.0,0.0,-1.0,0.0,,2026-07-24T11:48:11.948394+08:00
662,2023-12-12,-80580.0,42300.0,0.0,-38280.0,142.0,0.0,-23.0,0.0,,2026-07-24T11:48:11.948394+08:00
662,2023-12-13,284422.0,100840.0,0.0,385262.0,156.0,0.0,14.0,0.0,,2026-07-24T11:48:11.948394+08:00
662,2023-12-14,-2766168.0,-1673100.0,0.0,-4439268.0,154.0,0.0,-2.0,0.0,,2026-07-24T11:48:11.948394+08:00
662,2023-12-15,-200432.0,-277900.0,0.0,-478332.0,151.0,0.0,-3.0,0.0,,2026-07-24T11:48:11.948394+08:00
662,2023-12-18,-1192827.0,-248929.0,0.0,-1441756.0,153.0,0.0,2.0,0.0,,2026-07-24T11:48:11.948394+08:00
662,2023-12-19,-2435418.0,-122000.0,0.0,-2557418.0,147.0,0.0,-6.0,0.0,,2026-07-24T11:48:11.948394+08:00
662,2023-12-20,-1477884.0,10000.0,0.0,-1467884.0,147.0,0.0,0.0,0.0,,2026-07-24T11:48:11.948394+08:00
662,2023-12-21,-2157548.0,19144.0,0.0,-2138404.0,154.0,0.0,7.0,0.0,,2026-07-24T11:48:11.948394+08:00
662,2023-12-22,-302426.0,76025.0,0.0,-226401.0,151.0,0.0,-3.0,0.0,,2026-07-24T11:48:11.948394+08:00
662,2023-12-25,-1084000.0,-897780.0,0.0,-1981780.0,150.0,0.0,-1.0,0.0,,2026-07-24T11:48:11.948394+08:00
662,2023-12-26,-350163.0,54210.0,0.0,-295953.0,159.0,0.0,9.0,0.0,,2026-07-24T11:48:11.948394+08:00
662,2023-12-27,383000.0,-235000.0,0.0,148000.0,141.0,0.0,-18.0,0.0,,2026-07-24T11:48:11.948394+08:00
662,2023-12-28,-65000.0,98200.0,0.0,33200.0,140.0,0.0,-1.0,0.0,,2026-07-24T11:48:11.948394+08:00
662,2023-12-29,-157401.0,-58000.0,0.0,-215401.0,140.0,0.0,0.0,0.0,,2026-07-24T11:48:11.948394+08:00
662,2024-01-02,-3317.0,224042.0,0.0,220725.0,139.0,0.0,-1.0,0.0,,2026-07-24T11:48:11.948394+08:00
662,2024-01-03,-1233924.0,127325.0,0.0,-1106599.0,151.0,0.0,12.0,0.0,,2026-07-24T11:48:11.948394+08:00
662,2024-01-04,819435.0,176091.0,0.0,995526.0,165.0,0.0,14.0,0.0,,2026-07-24T11:48:11.948394+08:00
662,2024-01-05,-1391615.0,-139320.0,0.0,-1530935.0,168.0,0.0,3.0,0.0,,2026-07-24T11:48:11.948394+08:00
662,2024-01-08,-1215273.0,-278375.0,0.0,-1493648.0,173.0,0.0,5.0,0.0,,2026-07-24T11:48:11.948394+08:00
662,2024-01-09,-1936919.0,5600.0,0.0,-1931319.0,170.0,0.0,-3.0,0.0,,2026-07-24T11:48:11.948394+08:00
662,2024-01-10,-1362000.0,-45460.0,0.0,-1407460.0,167.0,0.0,-3.0,0.0,,2026-07-24T11:48:11.948394+08:00
662,2024-01-11,1378138.0,423900.0,0.0,1802038.0,154.0,0.0,-13.0,0.0,,2026-07-24T11:48:11.948394+08:00
662,2024-01-12,-2932000.0,-6000.0,0.0,-2938000.0,152.0,0.0,-2.0,0.0,,2026-07-24T11:48:11.948394+08:00
662,2024-01-15,1416222.0,255000.0,0.0,1671222.0,154.0,0.0,2.0,0.0,,2026-07-24T11:48:11.948394+08:00
662,2024-01-16,-714897.0,-11000.0,0.0,-725897.0,149.0,0.0,-5.0,0.0,,2026-07-24T11:48:11.948394+08:00
662,2024-01-17,-1005394.0,41910.0,0.0,-963484.0,150.0,0.0,1.0,0.0,,2026-07-24T11:48:11.948394+08:00
662,2024-01-18,-481152.0,314963.0,0.0,-166189.0,154.0,0.0,4.0,0.0,,2026-07-24T11:48:11.948394+08:00
662,2024-01-19,-1403108.0,-111044.0,0.0,-1514152.0,152.0,0.0,-2.0,0.0,,2026-07-24T11:48:11.948394+08:00
662,2024-01-22,-625038.0,-137000.0,0.0,-762038.0,154.0,0.0,2.0,0.0,,2026-07-24T11:48:11.948394+08:00
662,2024-01-23,-887000.0,2000.0,0.0,-885000.0,152.0,0.0,-2.0,0.0,,2026-07-24T11:48:11.948394+08:00
662,2024-01-24,-1025398.0,-15020.0,0.0,-1040418.0,154.0,1.0,2.0,1.0,,2026-07-24T11:48:11.948394+08:00
662,2024-01-25,-1340000.0,-28900.0,0.0,-1368900.0,152.0,1.0,-2.0,0.0,,2026-07-24T11:48:11.948394+08:00
662,2024-01-26,-1221000.0,-173800.0,0.0,-1394800.0,153.0,1.0,1.0,0.0,,2026-07-24T11:48:11.948394+08:00
662,2024-01-29,-2116000.0,-411679.0,0.0,-2527679.0,163.0,1.0,10.0,0.0,,2026-07-24T11:48:11.948394+08:00
662,2024-01-30,1236000.0,-3000.0,0.0,1233000.0,156.0,1.0,-7.0,0.0,,2026-07-24T11:48:11.948394+08:00
662,2024-01-31,-551246.0,3830.0,0.0,-547416.0,155.0,1.0,-1.0,0.0,,2026-07-24T11:48:11.948394+08:00
662,2024-02-01,-2429000.0,-17110.0,0.0,-2446110.0,55.0,1.0,-100.0,0.0,,2026-07-24T11:48:11.948394+08:00
662,2024-02-02,-1437921.0,-55350.0,0.0,-1493271.0,62.0,1.0,7.0,0.0,,2026-07-24T11:48:11.948394+08:00
662,2024-02-05,-2240000.0,-367867.0,0.0,-2607867.0,68.0,1.0,6.0,0.0,,2026-07-24T11:48:11.948394+08:00
662,2024-02-15,541000.0,-287800.0,0.0,253200.0,94.0,1.0,26.0,0.0,,2026-07-24T11:48:11.948394+08:00
662,2024-02-16,430000.0,32000.0,0.0,462000.0,95.0,1.0,1.0,0.0,,2026-07-24T11:48:11.948394+08:00
662,2024-02-19,572000.0,-40000.0,0.0,532000.0,96.0,1.0,1.0,0.0,,2026-07-24T11:48:11.948394+08:00
662,2024-02-20,-1271000.0,22276.0,0.0,-1248724.0,97.0,1.0,1.0,0.0,,2026-07-24T11:48:11.948394+08:00
662,2024-02-21,-2008000.0,-60700.0,0.0,-2068700.0,108.0,1.0,11.0,0.0,,2026-07-24T11:48:11.948394+08:00
662,2024-02-22,49000.0,-17918.0,0.0,31082.0,98.0,1.0,-10.0,0.0,,2026-07-24T11:48:11.948394+08:00
662,2024-02-23,4837000.0,1302000.0,0.0,6139000.0,97.0,1.0,-1.0,0.0,,2026-07-24T11:48:11.948394+08:00
662,2024-02-26,-2160000.0,-367571.0,0.0,-2527571.0,94.0,1.0,-3.0,0.0,,2026-07-24T11:48:11.948394+08:00
662,2024-02-27,-20000.0,-96000.0,0.0,-116000.0,84.0,1.0,-10.0,0.0,,2026-07-24T11:48:11.948394+08:00
662,2024-02-29,2185000.0,556789.0,0.0,2741789.0,80.0,1.0,-4.0,0.0,,2026-07-24T11:48:11.948394+08:00
662,2024-03-01,-3509000.0,-146694.0,0.0,-3655694.0,90.0,1.0,10.0,0.0,,2026-07-24T11:48:11.948394+08:00
662,2024-03-04,-4585000.0,-1266079.0,0.0,-5851079.0,113.0,1.0,23.0,0.0,,2026-07-24T11:48:11.948394+08:00
662,2024-03-05,6943000.0,1876567.0,0.0,8819567.0,104.0,1.0,-9.0,0.0,,2026-07-24T11:48:11.948394+08:00
662,2024-03-06,-2046000.0,-252000.0,0.0,-2298000.0,128.0,1.0,24.0,0.0,,2026-07-24T11:48:11.948394+08:00
662,2024-03-07,-1123000.0,-328000.0,0.0,-1451000.0,118.0,1.0,-10.0,0.0,,2026-07-24T11:48:11.948394+08:00
662,2024-03-08,-337000.0,143982.0,0.0,-193018.0,105.0,1.0,-13.0,0.0,,2026-07-24T11:48:11.948394+08:00
662,2024-03-11,-736000.0,-82000.0,0.0,-818000.0,110.0,1.0,5.0,0.0,,2026-07-24T11:48:11.948394+08:00
662,2024-03-12,2256000.0,443000.0,0.0,2699000.0,109.0,1.0,-1.0,0.0,,2026-07-24T11:48:11.948394+08:00
662,2024-03-13,-718000.0,-5000.0,0.0,-723000.0,108.0,1.0,-1.0,0.0,,2026-07-24T11:48:11.948394+08:00
662,2024-03-14,-714000.0,1168.0,0.0,-712832.0,106.0,1.0,-2.0,0.0,,2026-07-24T11:48:11.948394+08:00
662,2024-03-15,-493000.0,-6920.0,0.0,-499920.0,107.0,1.0,1.0,0.0,,2026-07-24T11:48:11.948394+08:00
662,2024-03-18,-1877000.0,-280900.0,0.0,-2157900.0,105.0,1.0,-2.0,0.0,,2026-07-24T11:48:11.948394+08:00
662,2024-03-19,208000.0,-900.0,0.0,207100.0,108.0,1.0,3.0,0.0,,2026-07-24T11:48:11.948394+08:00
662,2024-03-20,-1141000.0,-32830.0,0.0,-1173830.0,108.0,1.0,0.0,0.0,,2026-07-24T11:48:11.948394+08:00
662,2024-03-21,-666000.0,5066.0,0.0,-660934.0,145.0,1.0,37.0,0.0,,2026-07-24T11:48:11.948394+08:00
662,2024-03-22,205000.0,-17100.0,0.0,187900.0,144.0,2.0,-1.0,1.0,,2026-07-24T11:48:11.948394+08:00
662,2024-03-25,-734253.0,-24913.0,0.0,-759166.0,142.0,2.0,-2.0,0.0,,2026-07-24T11:48:11.948394+08:00
662,2024-03-26,-1420279.0,76000.0,0.0,-1344279.0,111.0,1.0,-31.0,-1.0,,2026-07-24T11:48:11.948394+08:00
662,2024-03-27,-872437.0,128900.0,0.0,-743537.0,111.0,1.0,0.0,0.0,,2026-07-24T11:48:11.948394+08:00
662,2024-03-28,-1428023.0,-1081982.0,0.0,-2510005.0,111.0,1.0,0.0,0.0,,2026-07-24T11:48:11.948394+08:00
662,2024-03-29,1533000.0,544140.0,0.0,2077140.0,87.0,1.0,-24.0,0.0,,2026-07-24T11:48:11.948394+08:00
662,2024-04-01,1157666.0,3973104.0,0.0,5130770.0,84.0,1.0,-3.0,0.0,,2026-07-24T11:48:11.948394+08:00
662,2024-04-02,-22244.0,240100.0,0.0,217856.0,84.0,1.0,0.0,0.0,,2026-07-24T11:48:11.948394+08:00
662,2024-04-03,-758244.0,6248.0,0.0,-751996.0,82.0,1.0,-2.0,0.0,,2026-07-24T11:48:11.948394+08:00
662,2024-04-08,1445417.0,87067.0,0.0,1532484.0,92.0,1.0,10.0,0.0,,2026-07-24T11:48:11.948394+08:00
662,2024-04-09,3050993.0,1346288.0,0.0,4397281.0,79.0,1.0,-13.0,0.0,,2026-07-24T11:48:11.948394+08:00
662,2024-04-10,-2000157.0,-35000.0,0.0,-2035157.0,80.0,1.0,1.0,0.0,,2026-07-24T11:48:11.948394+08:00
662,2024-04-11,6036694.0,932100.0,0.0,6968794.0,70.0,1.0,-10.0,0.0,,2026-07-24T11:48:11.948394+08:00
662,2024-04-12,-1454000.0,152900.0,0.0,-1301100.0,73.0,1.0,3.0,0.0,,2026-07-24T11:48:11.948394+08:00
662,2024-04-15,1935372.0,1449100.0,0.0,3384472.0,54.0,1.0,-19.0,0.0,,2026-07-24T11:48:11.948394+08:00
662,2024-04-16,-1003376.0,78000.0,0.0,-925376.0,53.0,1.0,-1.0,0.0,,2026-07-24T11:48:11.948394+08:00
662,2024-04-17,636364.0,28318.0,0.0,664682.0,56.0,1.0,3.0,0.0,,2026-07-24T11:48:11.948394+08:00
662,2024-04-18,-729655.0,-66000.0,0.0,-795655.0,64.0,1.0,8.0,0.0,,2026-07-24T11:48:11.948394+08:00
662,2024-04-19,-155358.0,-118770.0,0.0,-274128.0,65.0,1.0,1.0,0.0,,2026-07-24T11:48:11.948394+08:00
662,2024-04-22,350560.0,153241.0,0.0,503801.0,76.0,1.0,11.0,0.0,,2026-07-24T11:48:11.948394+08:00
662,2024-04-23,13037.0,-68708.0,0.0,-55671.0,294.0,1.0,218.0,0.0,,2026-07-24T11:48:11.948394+08:00
662,2024-04-24,758962.0,-144000.0,0.0,614962.0,318.0,1.0,24.0,0.0,,2026-07-24T11:48:11.948394+08:00
662,2024-04-25,115107.0,-112800.0,0.0,2307.0,217.0,1.0,-101.0,0.0,,2026-07-24T11:48:11.948394+08:00
662,2024-04-26,-37474.0,-589000.0,0.0,-626474.0,216.0,2.0,-1.0,1.0,,2026-07-24T11:48:11.948394+08:00
662,2024-04-29,87891.0,-10000.0,0.0,77891.0,216.0,2.0,0.0,0.0,,2026-07-24T11:48:11.948394+08:00
662,2024-04-30,87759.0,-620990.0,0.0,-533231.0,211.0,2.0,-5.0,0.0,,2026-07-24T11:48:11.948394+08:00
662,2024-05-02,-359913.0,-826821.0,0.0,-1186734.0,294.0,2.0,83.0,0.0,,2026-07-24T11:48:11.948394+08:00
662,2024-05-03,-475671.0,-561954.0,0.0,-1037625.0,230.0,2.0,-64.0,0.0,,2026-07-24T11:48:11.948394+08:00
662,2024-05-06,222791.0,-696000.0,0.0,-473209.0,231.0,2.0,1.0,0.0,,2026-07-24T11:48:11.948394+08:00
662,2024-05-07,1422114.0,138870.0,0.0,1560984.0,222.0,2.0,-9.0,0.0,,2026-07-24T11:48:11.948394+08:00
662,2024-05-08,-204423.0,-1735.0,0.0,-206158.0,222.0,2.0,0.0,0.0,,2026-07-24T11:48:11.948394+08:00
662,2024-05-09,-2086335.0,-382890.0,0.0,-2469225.0,223.0,3.0,1.0,1.0,,2026-07-24T11:48:11.948394+08:00
662,2024-05-10,1941392.0,5970.0,0.0,1947362.0,221.0,3.0,-2.0,0.0,,2026-07-24T11:48:11.948394+08:00
662,2024-05-13,-1317000.0,-59965.0,0.0,-1376965.0,254.0,3.0,33.0,0.0,,2026-07-24T11:48:11.948394+08:00
662,2024-05-14,4313478.0,1088000.0,0.0,5401478.0,253.0,3.0,-1.0,0.0,,2026-07-24T11:48:11.948394+08:00
662,2024-05-15,-1543456.0,-59000.0,0.0,-1602456.0,262.0,3.0,9.0,0.0,,2026-07-24T11:48:11.948394+08:00
662,2024-05-16,-1019000.0,-416000.0,0.0,-1435000.0,263.0,4.0,1.0,1.0,,2026-07-24T11:48:11.948394+08:00
662,2024-05-17,-554000.0,-585100.0,0.0,-1139100.0,264.0,4.0,1.0,0.0,,2026-07-24T11:48:11.948394+08:00
662,2024-05-20,-155992.0,-27840.0,0.0,-183832.0,263.0,4.0,-1.0,0.0,,2026-07-24T11:48:11.948394+08:00
662,2024-05-21,-21872.0,-130936.0,0.0,-152808.0,262.0,4.0,-1.0,0.0,,2026-07-24T11:48:11.948394+08:00
662,2024-05-22,-1589000.0,-771000.0,0.0,-2360000.0,264.0,4.0,2.0,0.0,,2026-07-24T11:48:11.948394+08:00
662,2024-05-23,-904098.0,-252968.0,0.0,-1157066.0,250.0,6.0,-14.0,2.0,,2026-07-24T11:48:11.948394+08:00
662,2024-05-24,326242.0,-906800.0,0.0,-580558.0,258.0,5.0,8.0,-1.0,,2026-07-24T11:48:11.948394+08:00
662,2024-05-27,-281982.0,-241665.0,0.0,-523647.0,265.0,5.0,7.0,0.0,,2026-07-24T11:48:11.948394+08:00
662,2024-05-28,-2231512.0,-596100.0,0.0,-2827612.0,267.0,5.0,2.0,0.0,,2026-07-24T11:48:11.948394+08:00
662,2024-05-29,-330104.0,-143000.0,0.0,-473104.0,267.0,5.0,0.0,0.0,,2026-07-24T11:48:11.948394+08:00
662,2024-05-30,-857210.0,-432800.0,0.0,-1290010.0,220.0,5.0,-47.0,0.0,,2026-07-24T11:48:11.948394+08:00
662,2024-05-31,-137896.0,182025.0,0.0,44129.0,218.0,5.0,-2.0,0.0,,2026-07-24T11:48:11.948394+08:00
662,2024-06-03,-1075618.0,-879535.0,0.0,-1955153.0,226.0,5.0,8.0,0.0,,2026-07-24T11:48:11.948394+08:00
662,2024-06-04,-705645.0,-15000.0,0.0,-720645.0,226.0,5.0,0.0,0.0,,2026-07-24T11:48:11.948394+08:00
662,2024-06-05,1597642.0,199321.0,0.0,1796963.0,208.0,5.0,-18.0,0.0,,2026-07-24T11:48:11.948394+08:00
662,2024-06-06,1089158.0,12030.0,0.0,1101188.0,216.0,5.0,8.0,0.0,,2026-07-24T11:48:11.948394+08:00
662,2024-06-07,1313565.0,56140.0,0.0,1369705.0,217.0,5.0,1.0,0.0,,2026-07-24T11:48:11.948394+08:00
662,2024-06-11,827845.0,-42000.0,0.0,785845.0,221.0,5.0,4.0,0.0,,2026-07-24T11:48:11.948394+08:00
662,2024-06-12,-2141575.0,-96000.0,0.0,-2237575.0,218.0,5.0,-3.0,0.0,,2026-07-24T11:48:11.948394+08:00
662,2024-06-13,4916896.0,-41090.0,0.0,4875806.0,222.0,5.0,4.0,0.0,,2026-07-24T11:48:11.948394+08:00
662,2024-06-14,-1087313.0,-12995.0,0.0,-1100308.0,220.0,5.0,-2.0,0.0,,2026-07-24T11:48:11.948394+08:00
662,2024-06-17,-3962150.0,-676020.0,0.0,-4638170.0,220.0,5.0,0.0,0.0,,2026-07-24T11:48:11.948394+08:00
662,2024-06-18,-3996357.0,-585000.0,0.0,-4581357.0,240.0,5.0,20.0,0.0,,2026-07-24T11:48:11.948394+08:00
662,2024-06-19,-1947614.0,-198936.0,0.0,-2146550.0,239.0,5.0,-1.0,0.0,,2026-07-24T11:48:11.948394+08:00
662,2024-06-20,-1239999.0,-11191.0,0.0,-1251190.0,235.0,5.0,-4.0,0.0,,2026-07-24T11:48:11.948394+08:00
662,2024-06-21,9937426.0,2101160.0,0.0,12038586.0,244.0,5.0,9.0,0.0,,2026-07-24T11:48:11.948394+08:00
662,2024-06-24,7697035.0,1731200.0,0.0,9428235.0,243.0,5.0,-1.0,0.0,,2026-07-24T11:48:11.948394+08:00
662,2024-06-25,2563810.0,342148.0,0.0,2905958.0,307.0,5.0,64.0,0.0,,2026-07-24T11:48:11.948394+08:00
662,2024-06-26,404581.0,156000.0,0.0,560581.0,336.0,5.0,29.0,0.0,,2026-07-24T11:48:11.948394+08:00
662,2024-06-27,1389575.0,106030.0,0.0,1495605.0,338.0,5.0,2.0,0.0,,2026-07-24T11:48:11.948394+08:00
662,2024-06-28,-2525908.0,27886.0,0.0,-2498022.0,330.0,5.0,-8.0,0.0,,2026-07-24T11:48:11.948394+08:00
662,2024-07-01,-3262040.0,36178.0,0.0,-3225862.0,323.0,5.0,-7.0,0.0,,2026-07-24T11:48:11.948394+08:00
662,2024-07-02,-2174052.0,-813000.0,0.0,-2987052.0,301.0,5.0,-22.0,0.0,,2026-07-24T11:48:11.948394+08:00
662,2024-07-03,-2964042.0,-134893.0,0.0,-3098935.0,222.0,5.0,-79.0,0.0,,2026-07-24T11:48:11.948394+08:00
662,2024-07-04,-2016557.0,-189000.0,0.0,-2205557.0,219.0,5.0,-3.0,0.0,,2026-07-24T11:48:11.948394+08:00
662,2024-07-05,-1641734.0,8070.0,0.0,-1633664.0,219.0,5.0,0.0,0.0,,2026-07-24T11:48:11.948394+08:00
662,2024-07-08,-3414691.0,-389800.0,0.0,-3804491.0,221.0,5.0,2.0,0.0,,2026-07-24T11:48:11.948394+08:00
662,2024-07-09,-2751801.0,16721.0,0.0,-2735080.0,226.0,5.0,5.0,0.0,,2026-07-24T11:48:11.948394+08:00
662,2024-07-10,-2266306.0,-47000.0,0.0,-2313306.0,231.0,5.0,5.0,0.0,,2026-07-24T11:48:11.948394+08:00
662,2024-07-11,-3939940.0,183250.0,0.0,-3756690.0,231.0,5.0,0.0,0.0,,2026-07-24T11:48:11.948394+08:00
662,2024-07-12,-567813.0,-108180.0,0.0,-675993.0,215.0,5.0,-16.0,0.0,,2026-07-24T11:48:11.948394+08:00
662,2024-07-15,-3062533.0,-246980.0,0.0,-3309513.0,228.0,5.0,13.0,0.0,,2026-07-24T11:48:11.948394+08:00
662,2024-07-16,-516699.0,-41715.0,0.0,-558414.0,230.0,5.0,2.0,0.0,,2026-07-24T11:48:11.948394+08:00
662,2024-07-17,1256916.0,29250.0,0.0,1286166.0,226.0,5.0,-4.0,0.0,,2026-07-24T11:48:11.948394+08:00
662,2024-07-18,3567257.0,620000.0,0.0,4187257.0,228.0,5.0,2.0,0.0,,2026-07-24T11:48:11.948394+08:00
662,2024-07-19,48056.0,480075.0,0.0,528131.0,224.0,5.0,-4.0,0.0,,2026-07-24T11:48:11.948394+08:00
662,2024-07-22,-362162.0,816547.0,0.0,454385.0,223.0,5.0,-1.0,0.0,,2026-07-24T11:48:11.948394+08:00
662,2024-07-23,-506160.0,-188608.0,0.0,-694768.0,228.0,5.0,5.0,0.0,,2026-07-24T11:48:11.948394+08:00
662,2024-07-26,-1135350.0,-941930.0,0.0,-2077280.0,251.0,5.0,23.0,0.0,,2026-07-24T11:48:11.948394+08:00
662,2024-07-29,-1175463.0,-240800.0,0.0,-1416263.0,250.0,5.0,-1.0,0.0,,2026-07-24T11:48:11.948394+08:00
662,2024-07-30,-187000.0,-101950.0,0.0,-288950.0,253.0,5.0,3.0,0.0,,2026-07-24T11:48:11.948394+08:00
662,2024-07-31,-705255.0,-244900.0,0.0,-950155.0,255.0,5.0,2.0,0.0,,2026-07-24T11:48:11.948394+08:00
662,2024-08-01,-669000.0,-756991.0,0.0,-1425991.0,253.0,5.0,-2.0,0.0,,2026-07-24T11:48:11.948394+08:00
662,2024-08-02,-3402989.0,303400.0,0.0,-3099589.0,241.0,5.0,-12.0,0.0,,2026-07-24T11:48:11.948394+08:00
662,2024-08-05,108434.0,-609147.0,0.0,-500713.0,261.0,4.0,20.0,-1.0,,2026-07-24T11:48:11.948394+08:00
662,2024-08-06,-1313699.0,437480.0,0.0,-876219.0,259.0,4.0,-2.0,0.0,,2026-07-24T11:48:11.948394+08:00
662,2024-08-07,-1023523.0,-40756.0,0.0,-1064279.0,304.0,4.0,45.0,0.0,,2026-07-24T11:48:11.948394+08:00
662,2024-08-08,-1050032.0,-115350.0,0.0,-1165382.0,261.0,4.0,-43.0,0.0,,2026-07-24T11:48:11.948394+08:00
662,2024-08-09,-375711.0,-172000.0,0.0,-547711.0,259.0,4.0,-2.0,0.0,,2026-07-24T11:48:11.948394+08:00
662,2024-08-12,-1086248.0,11918.0,0.0,-1074330.0,291.0,4.0,32.0,0.0,,2026-07-24T11:48:11.948394+08:00
662,2024-08-13,-697794.0,-20890.0,0.0,-718684.0,265.0,4.0,-26.0,0.0,,2026-07-24T11:48:11.948394+08:00
662,2024-08-14,-517174.0,-273100.0,0.0,-790274.0,252.0,4.0,-13.0,0.0,,2026-07-24T11:48:11.948394+08:00
662,2024-08-15,-753671.0,-5705.0,0.0,-759376.0,260.0,4.0,8.0,0.0,,2026-07-24T11:48:11.948394+08:00
662,2024-08-16,274612.0,52050.0,0.0,326662.0,269.0,4.0,9.0,0.0,,2026-07-24T11:48:11.948394+08:00
662,2024-08-19,-943306.0,-19870.0,0.0,-963176.0,269.0,4.0,0.0,0.0,,2026-07-24T11:48:11.948394+08:00
662,2024-08-20,969171.0,-253850.0,0.0,715321.0,269.0,4.0,0.0,0.0,,2026-07-24T11:48:11.948394+08:00
662,2024-08-21,-401236.0,82000.0,0.0,-319236.0,269.0,4.0,0.0,0.0,,2026-07-24T11:48:11.948394+08:00
662,2024-08-22,50935.0,35000.0,0.0,85935.0,271.0,4.0,2.0,0.0,,2026-07-24T11:48:11.948394+08:00
662,2024-08-23,-439502.0,-51909.0,0.0,-491411.0,274.0,4.0,3.0,0.0,,2026-07-24T11:48:11.948394+08:00
662,2024-08-26,-821801.0,-350777.0,0.0,-1172578.0,274.0,4.0,0.0,0.0,,2026-07-24T11:48:11.948394+08:00
662,2024-08-27,391917.0,26000.0,0.0,417917.0,273.0,4.0,-1.0,0.0,,2026-07-24T11:48:11.948394+08:00
662,2024-08-28,-249752.0,-2750.0,0.0,-252502.0,273.0,4.0,0.0,0.0,,2026-07-24T11:48:11.948394+08:00
662,2024-08-29,-1175670.0,150550.0,0.0,-1025120.0,268.0,4.0,-5.0,0.0,,2026-07-24T11:48:11.948394+08:00
662,2024-08-30,225025.0,26000.0,0.0,251025.0,273.0,4.0,5.0,0.0,,2026-07-24T11:48:11.948394+08:00
662,2024-09-02,-876234.0,215.0,0.0,-876019.0,291.0,4.0,18.0,0.0,,2026-07-24T11:48:11.948394+08:00
662,2024-09-03,46657.0,9515.0,0.0,56172.0,289.0,4.0,-2.0,0.0,,2026-07-24T11:48:11.948394+08:00
662,2024-09-04,-1691281.0,10321.0,0.0,-1680960.0,292.0,4.0,3.0,0.0,,2026-07-24T11:48:11.948394+08:00
662,2024-09-05,-895986.0,2200.0,0.0,-893786.0,281.0,4.0,-11.0,0.0,,2026-07-24T11:48:11.948394+08:00
662,2024-09-06,-1745939.0,-188632.0,0.0,-1934571.0,282.0,4.0,1.0,0.0,,2026-07-24T11:48:11.948394+08:00
662,2024-09-09,-631844.0,-12942.0,0.0,-644786.0,285.0,4.0,3.0,0.0,,2026-07-24T11:48:11.948394+08:00
662,2024-09-10,-284750.0,123250.0,0.0,-161500.0,287.0,4.0,2.0,0.0,,2026-07-24T11:48:11.948394+08:00
662,2024-09-11,-350270.0,67370.0,0.0,-282900.0,294.0,4.0,7.0,0.0,,2026-07-24T11:48:11.948394+08:00
662,2024-09-12,252587.0,107150.0,0.0,359737.0,298.0,4.0,4.0,0.0,,2026-07-24T11:48:11.948394+08:00
662,2024-09-13,1179091.0,122000.0,0.0,1301091.0,293.0,4.0,-5.0,0.0,,2026-07-24T11:48:11.948394+08:00
662,2024-09-16,-312926.0,-15980.0,0.0,-328906.0,295.0,4.0,2.0,0.0,,2026-07-24T11:48:11.948394+08:00
662,2024-09-18,258921.0,20000.0,0.0,278921.0,294.0,4.0,-1.0,0.0,,2026-07-24T11:48:11.948394+08:00
662,2024-09-19,-37701.0,-217000.0,0.0,-254701.0,294.0,4.0,0.0,0.0,,2026-07-24T11:48:11.948394+08:00
662,2024-09-20,-1474665.0,374000.0,0.0,-1100665.0,299.0,4.0,5.0,0.0,,2026-07-24T11:48:11.948394+08:00
662,2024-09-23,-297000.0,27135.0,0.0,-269865.0,291.0,4.0,-8.0,0.0,,2026-07-24T11:48:11.948394+08:00
662,2024-09-24,-722364.0,-109000.0,0.0,-831364.0,291.0,4.0,0.0,0.0,,2026-07-24T11:48:11.948394+08:00
662,2024-09-25,-866790.0,-41739.0,0.0,-908529.0,290.0,4.0,-1.0,0.0,,2026-07-24T11:48:11.948394+08:00
662,2024-09-26,-758000.0,-19000.0,0.0,-777000.0,285.0,4.0,-5.0,0.0,,2026-07-24T11:48:11.948394+08:00
662,2024-09-27,-931051.0,-21628.0,0.0,-952679.0,288.0,4.0,3.0,0.0,,2026-07-24T11:48:11.948394+08:00
662,2024-09-30,-869762.0,-194900.0,0.0,-1064662.0,288.0,4.0,0.0,0.0,,2026-07-24T11:48:11.948394+08:00
662,2024-10-01,-763154.0,-31838.0,0.0,-794992.0,266.0,4.0,-22.0,0.0,,2026-07-24T11:48:11.948394+08:00
662,2024-10-04,-729186.0,119527.0,0.0,-609659.0,267.0,4.0,1.0,0.0,,2026-07-24T11:48:11.948394+08:00
662,2024-10-07,-1603478.0,137059.0,0.0,-1466419.0,266.0,4.0,-1.0,0.0,,2026-07-24T11:48:11.948394+08:00
662,2024-10-08,-1598283.0,-16583.0,0.0,-1614866.0,265.0,4.0,-1.0,0.0,,2026-07-24T11:48:11.948394+08:00
662,2024-10-09,-629579.0,-6000.0,0.0,-635579.0,266.0,4.0,1.0,0.0,,2026-07-24T11:48:11.948394+08:00
662,2024-10-11,-597021.0,-62000.0,0.0,-659021.0,255.0,4.0,-11.0,0.0,,2026-07-24T11:48:11.948394+08:00
662,2024-10-14,-1644048.0,-26941.0,0.0,-1670989.0,253.0,4.0,-2.0,0.0,,2026-07-24T11:48:11.948394+08:00
662,2024-10-15,-986336.0,11090.0,0.0,-975246.0,269.0,4.0,16.0,0.0,,2026-07-24T11:48:11.948394+08:00
662,2024-10-16,-1854979.0,-13930.0,0.0,-1868909.0,261.0,4.0,-8.0,0.0,,2026-07-24T11:48:11.948394+08:00
662,2024-10-17,-1152446.0,-34989.0,0.0,-1187435.0,260.0,4.0,-1.0,0.0,,2026-07-24T11:48:11.948394+08:00
662,2024-10-18,-1055484.0,36000.0,0.0,-1019484.0,267.0,4.0,7.0,0.0,,2026-07-24T11:48:11.948394+08:00
662,2024-10-21,-1346528.0,-115691.0,0.0,-1462219.0,267.0,4.0,0.0,0.0,,2026-07-24T11:48:11.948394+08:00
662,2024-10-22,-188133.0,-8000.0,0.0,-196133.0,266.0,4.0,-1.0,0.0,,2026-07-24T11:48:11.948394+08:00
662,2024-10-23,-73239.0,1030.0,0.0,-72209.0,252.0,4.0,-14.0,0.0,,2026-07-24T11:48:11.948394+08:00
662,2024-10-24,-1217767.0,2250.0,0.0,-1215517.0,248.0,4.0,-4.0,0.0,,2026-07-24T11:48:11.948394+08:00
662,2024-10-25,-286391.0,-21593.0,0.0,-307984.0,246.0,4.0,-2.0,0.0,,2026-07-24T11:48:11.948394+08:00
662,2024-10-28,551884.0,-37900.0,0.0,513984.0,237.0,4.0,-9.0,0.0,,2026-07-24T11:48:11.948394+08:00
662,2024-10-29,-449098.0,-19964.0,0.0,-469062.0,231.0,4.0,-6.0,0.0,,2026-07-24T11:48:11.948394+08:00
662,2024-10-30,-648461.0,85960.0,0.0,-562501.0,254.0,4.0,23.0,0.0,,2026-07-24T11:48:11.948394+08:00
662,2024-11-01,-2997132.0,-207770.0,0.0,-3204902.0,252.0,4.0,-2.0,0.0,,2026-07-24T11:48:11.948394+08:00
662,2024-11-04,-591765.0,-163202.0,0.0,-754967.0,252.0,10.0,0.0,6.0,,2026-07-24T11:48:11.948394+08:00
662,2024-11-05,-1108149.0,80290.0,0.0,-1027859.0,254.0,10.0,2.0,0.0,,2026-07-24T11:48:11.948394+08:00
662,2024-11-06,-2331386.0,212000.0,0.0,-2119386.0,266.0,4.0,12.0,-6.0,,2026-07-24T11:48:11.948394+08:00
662,2024-11-07,-954000.0,18055.0,0.0,-935945.0,250.0,4.0,-16.0,0.0,,2026-07-24T11:48:11.948394+08:00
662,2024-11-08,-1833951.0,-82135.0,0.0,-1916086.0,265.0,4.0,15.0,0.0,,2026-07-24T11:48:11.948394+08:00
662,2024-11-11,-2268000.0,345072.0,0.0,-1922928.0,265.0,4.0,0.0,0.0,,2026-07-24T11:48:11.948394+08:00
662,2024-11-12,-248286.0,63985.0,0.0,-184301.0,270.0,4.0,5.0,0.0,,2026-07-24T11:48:11.948394+08:00
662,2024-11-13,-3437563.0,-134000.0,0.0,-3571563.0,290.0,4.0,20.0,0.0,,2026-07-24T11:48:11.948394+08:00
662,2024-11-14,1933448.0,252990.0,0.0,2186438.0,288.0,4.0,-2.0,0.0,,2026-07-24T11:48:11.948394+08:00
662,2024-11-15,1240878.0,-116896.0,0.0,1123982.0,270.0,4.0,-18.0,0.0,,2026-07-24T11:48:11.948394+08:00
662,2024-11-18,-937221.0,-104944.0,0.0,-1042165.0,253.0,3.0,-17.0,-1.0,,2026-07-24T11:48:11.948394+08:00
662,2024-11-19,-2706555.0,-318000.0,0.0,-3024555.0,250.0,3.0,-3.0,0.0,,2026-07-24T11:48:11.948394+08:00
662,2024-11-20,-5286517.0,-378000.0,0.0,-5664517.0,313.0,3.0,63.0,0.0,,2026-07-24T11:48:11.948394+08:00
662,2024-11-21,-1141245.0,4000.0,0.0,-1137245.0,315.0,3.0,2.0,0.0,,2026-07-24T11:48:11.948394+08:00
662,2024-11-22,-6033901.0,-93980.0,0.0,-6127881.0,315.0,3.0,0.0,0.0,,2026-07-24T11:48:11.948394+08:00
662,2024-11-25,-3516950.0,325.0,0.0,-3516625.0,312.0,3.0,-3.0,0.0,,2026-07-24T11:48:11.948394+08:00
662,2024-11-26,-972092.0,-38960.0,0.0,-1011052.0,315.0,3.0,3.0,0.0,,2026-07-24T11:48:11.948394+08:00
662,2024-11-27,-240271.0,-17000.0,0.0,-257271.0,311.0,3.0,-4.0,0.0,,2026-07-24T11:48:11.948394+08:00
662,2024-11-28,154989.0,-216920.0,0.0,-61931.0,317.0,5.0,6.0,2.0,,2026-07-24T11:48:11.948394+08:00
662,2024-11-29,-1961912.0,-295000.0,0.0,-2256912.0,302.0,5.0,-15.0,0.0,,2026-07-24T11:48:11.948394+08:00
662,2024-12-02,-7084803.0,-338881.0,0.0,-7423684.0,306.0,5.0,4.0,0.0,,2026-07-24T11:48:11.948394+08:00
662,2024-12-03,-2822235.0,27418.0,0.0,-2794817.0,361.0,5.0,55.0,0.0,,2026-07-24T11:48:11.948394+08:00
662,2024-12-04,-6092673.0,-75228.0,0.0,-6167901.0,310.0,5.0,-51.0,0.0,,2026-07-24T11:48:11.948394+08:00
662,2024-12-05,-8572446.0,146075.0,0.0,-8426371.0,288.0,5.0,-22.0,0.0,,2026-07-24T11:48:11.948394+08:00
662,2024-12-06,-9427416.0,144172.0,0.0,-9283244.0,285.0,5.0,-3.0,0.0,,2026-07-24T11:48:11.948394+08:00
662,2024-12-09,-6634839.0,-28830.0,0.0,-6663669.0,399.0,5.0,114.0,0.0,,2026-07-24T11:48:11.948394+08:00
662,2024-12-10,-3225718.0,-35888.0,0.0,-3261606.0,403.0,5.0,4.0,0.0,,2026-07-24T11:48:11.948394+08:00
662,2024-12-11,-1739467.0,-30000.0,0.0,-1769467.0,400.0,5.0,-3.0,0.0,,2026-07-24T11:48:11.948394+08:00
662,2024-12-12,-3594034.0,195000.0,0.0,-3399034.0,408.0,6.0,8.0,1.0,,2026-07-24T11:48:11.948394+08:00
662,2024-12-13,-2605676.0,-23946.0,0.0,-2629622.0,410.0,6.0,2.0,0.0,,2026-07-24T11:48:11.948394+08:00
662,2024-12-16,-7245803.0,213054.0,0.0,-7032749.0,402.0,7.0,-8.0,1.0,,2026-07-24T11:48:11.948394+08:00
662,2024-12-17,-6057650.0,-62115.0,0.0,-6119765.0,406.0,7.0,4.0,0.0,,2026-07-24T11:48:11.948394+08:00
662,2024-12-18,-1571637.0,-15930.0,0.0,-1587567.0,469.0,7.0,63.0,0.0,,2026-07-24T11:48:11.948394+08:00
662,2024-12-19,-5156679.0,-47700.0,0.0,-5204379.0,469.0,7.0,0.0,0.0,,2026-07-24T11:48:11.948394+08:00
662,2024-12-20,-2257865.0,-33792.0,0.0,-2291657.0,483.0,7.0,14.0,0.0,,2026-07-24T11:48:11.948394+08:00
662,2024-12-23,-2446967.0,198000.0,0.0,-2248967.0,468.0,8.0,-15.0,1.0,,2026-07-24T11:48:11.948394+08:00
662,2024-12-24,-1279036.0,-17835.0,0.0,-1296871.0,461.0,8.0,-7.0,0.0,,2026-07-24T11:48:11.948394+08:00
662,2024-12-25,-2590223.0,-1756100.0,0.0,-4346323.0,455.0,8.0,-6.0,0.0,,2026-07-24T11:48:11.948394+08:00
662,2024-12-26,-3858601.0,358970.0,0.0,-3499631.0,426.0,8.0,-29.0,0.0,,2026-07-24T11:48:11.948394+08:00
662,2024-12-27,-1903690.0,-119000.0,0.0,-2022690.0,432.0,8.0,6.0,0.0,,2026-07-24T11:48:11.948394+08:00
662,2024-12-30,-1362376.0,-28836.0,0.0,-1391212.0,390.0,8.0,-42.0,0.0,,2026-07-24T11:48:11.948394+08:00
662,2024-12-31,-2206562.0,22111.0,0.0,-2184451.0,402.0,8.0,12.0,0.0,,2026-07-24T11:48:11.948394+08:00
662,2025-01-02,12317754.0,3198221.0,0.0,15515975.0,417.0,8.0,15.0,0.0,,2026-07-24T11:48:11.948394+08:00
662,2025-01-03,-5386309.0,75209.0,0.0,-5311100.0,439.0,7.0,22.0,-1.0,,2026-07-24T11:48:11.948394+08:00
662,2025-01-06,-3152247.0,-861398.0,0.0,-4013645.0,481.0,7.0,42.0,0.0,,2026-07-24T11:48:11.948394+08:00
662,2025-01-07,-6841178.0,-2350516.0,0.0,-9191694.0,486.0,8.0,5.0,1.0,,2026-07-24T11:48:11.948394+08:00
662,2025-01-08,-4457420.0,199238.0,0.0,-4258182.0,470.0,8.0,-16.0,0.0,,2026-07-24T11:48:11.948394+08:00
662,2025-01-09,-408652.0,6420.0,0.0,-402232.0,461.0,8.0,-9.0,0.0,,2026-07-24T11:48:11.948394+08:00
662,2025-01-10,398839.0,171042.0,0.0,569881.0,466.0,12.0,5.0,4.0,,2026-07-24T11:48:11.948394+08:00
662,2025-01-13,-105113.0,11309.0,0.0,-93804.0,444.0,11.0,-22.0,-1.0,,2026-07-24T11:48:11.948394+08:00
662,2025-01-14,349893.0,111022.0,0.0,460915.0,446.0,12.0,2.0,1.0,,2026-07-24T11:48:11.948394+08:00
662,2025-01-15,-1054017.0,-22930.0,0.0,-1076947.0,442.0,14.0,-4.0,2.0,,2026-07-24T11:48:11.948394+08:00
662,2025-01-16,-269277.0,-59780.0,0.0,-329057.0,443.0,18.0,1.0,4.0,,2026-07-24T11:48:11.948394+08:00
662,2025-01-17,2688632.0,410300.0,0.0,3098932.0,446.0,18.0,3.0,0.0,,2026-07-24T11:48:11.948394+08:00
662,2025-01-20,-1421267.0,39155.0,0.0,-1382112.0,485.0,18.0,39.0,0.0,,2026-07-24T11:48:11.948394+08:00
662,2025-01-21,-2650745.0,-265897.0,0.0,-2916642.0,487.0,18.0,2.0,0.0,,2026-07-24T11:48:11.948394+08:00
662,2025-01-22,-1658007.0,-95635.0,0.0,-1753642.0,483.0,15.0,-4.0,-3.0,,2026-07-24T11:48:11.948394+08:00
662,2025-02-03,-3222612.0,-364650.0,0.0,-3587262.0,491.0,16.0,8.0,1.0,,2026-07-24T11:48:11.948394+08:00
662,2025-02-04,-1021281.0,-14000.0,0.0,-1035281.0,519.0,17.0,28.0,1.0,,2026-07-24T11:48:11.948394+08:00
662,2025-02-05,-1409267.0,-9337.0,0.0,-1418604.0,490.0,17.0,-29.0,0.0,,2026-07-24T11:48:11.948394+08:00
662,2025-02-06,-1212338.0,305911.0,0.0,-906427.0,486.0,17.0,-4.0,0.0,,2026-07-24T11:48:11.948394+08:00
662,2025-02-07,3980256.0,422889.0,0.0,4403145.0,491.0,17.0,5.0,0.0,,2026-07-24T11:48:11.948394+08:00
662,2025-02-10,160053.0,596530.0,0.0,756583.0,493.0,17.0,2.0,0.0,,2026-07-24T11:48:11.948394+08:00
662,2025-02-11,11042906.0,1240400.0,0.0,12283306.0,495.0,16.0,2.0,-1.0,,2026-07-24T11:48:11.948394+08:00
662,2025-02-12,5001625.0,655900.0,0.0,5657525.0,465.0,16.0,-30.0,0.0,,2026-07-24T11:48:11.948394+08:00
662,2025-02-13,-3143039.0,-749000.0,0.0,-3892039.0,463.0,16.0,-2.0,0.0,,2026-07-24T11:48:11.948394+08:00
662,2025-02-14,-1856000.0,-735000.0,0.0,-2591000.0,495.0,9.0,32.0,-7.0,,2026-07-24T11:48:11.948394+08:00
662,2025-02-17,-2403067.0,-97971.0,0.0,-2501038.0,547.0,10.0,52.0,1.0,,2026-07-24T11:48:11.948394+08:00
662,2025-02-18,-6285450.0,-307950.0,0.0,-6593400.0,549.0,10.0,2.0,0.0,,2026-07-24T11:48:11.948394+08:00
662,2025-02-19,-2389403.0,-53893.0,0.0,-2443296.0,548.0,10.0,-1.0,0.0,,2026-07-24T11:48:11.948394+08:00
662,2025-02-20,865630.0,312.0,0.0,865942.0,530.0,10.0,-18.0,0.0,,2026-07-24T11:48:11.948394+08:00
662,2025-02-21,-2427004.0,170.0,0.0,-2426834.0,525.0,10.0,-5.0,0.0,,2026-07-24T11:48:11.948394+08:00
662,2025-02-24,-4929398.0,44154.0,0.0,-4885244.0,543.0,10.0,18.0,0.0,,2026-07-24T11:48:11.948394+08:00
662,2025-02-25,-4926297.0,5736.0,0.0,-4920561.0,593.0,9.0,50.0,-1.0,,2026-07-24T11:48:11.948394+08:00
662,2025-02-26,-5103801.0,66120.0,0.0,-5037681.0,626.0,9.0,33.0,0.0,,2026-07-24T11:48:11.948394+08:00
662,2025-02-27,-4099191.0,-45890.0,0.0,-4145081.0,649.0,9.0,23.0,0.0,,2026-07-24T11:48:11.948394+08:00
662,2025-03-03,-4101381.0,-231879.0,0.0,-4333260.0,715.0,9.0,66.0,0.0,,2026-07-24T11:48:11.948394+08:00
662,2025-03-04,-5148688.0,413362.0,0.0,-4735326.0,757.0,3.0,42.0,-6.0,,2026-07-24T11:48:11.948394+08:00
662,2025-03-05,-5822609.0,-385940.0,0.0,-6208549.0,798.0,4.0,41.0,1.0,,2026-07-24T11:48:11.948394+08:00
662,2025-03-06,-3783924.0,172014.0,0.0,-3611910.0,817.0,3.0,19.0,-1.0,,2026-07-24T11:48:11.948394+08:00
662,2025-03-07,-3262796.0,2337.0,0.0,-3260459.0,765.0,5.0,-52.0,2.0,,2026-07-24T11:48:11.948394+08:00
662,2025-03-10,-1061105.0,92763.0,0.0,-968342.0,771.0,6.0,6.0,1.0,,2026-07-24T11:48:11.948394+08:00
662,2025-03-11,-3014470.0,68855.0,0.0,-2945615.0,787.0,4.0,16.0,-2.0,,2026-07-24T11:48:11.948394+08:00
662,2025-03-12,-1856961.0,-14566.0,0.0,-1871527.0,816.0,4.0,29.0,0.0,,2026-07-24T11:48:11.948394+08:00
662,2025-03-13,-1529582.0,3320.0,0.0,-1526262.0,801.0,4.0,-15.0,0.0,,2026-07-24T11:48:11.948394+08:00
662,2025-03-14,-1867317.0,902078.0,0.0,-965239.0,807.0,3.0,6.0,-1.0,,2026-07-24T11:48:11.948394+08:00
662,2025-03-17,-865665.0,-255953.0,0.0,-1121618.0,807.0,3.0,0.0,0.0,,2026-07-24T11:48:11.948394+08:00
662,2025-03-18,-1321611.0,-12987.0,0.0,-1334598.0,804.0,3.0,-3.0,0.0,,2026-07-24T11:48:11.948394+08:00
662,2025-03-19,-1013478.0,-19967.0,0.0,-1033445.0,798.0,3.0,-6.0,0.0,,2026-07-24T11:48:11.948394+08:00
662,2025-03-20,-339726.0,97117.0,0.0,-242609.0,812.0,3.0,14.0,0.0,,2026-07-24T11:48:11.948394+08:00
662,2025-03-21,-1119681.0,-2990.0,0.0,-1122671.0,799.0,3.0,-13.0,0.0,,2026-07-24T11:48:11.948394+08:00
662,2025-03-24,-217958.0,125850.0,0.0,-92108.0,789.0,9.0,-10.0,6.0,,2026-07-24T11:48:11.948394+08:00
662,2025-03-25,-276240.0,-15890.0,0.0,-292130.0,789.0,9.0,0.0,0.0,,2026-07-24T11:48:11.948394+08:00
662,2025-03-26,-289937.0,-19819.0,0.0,-309756.0,773.0,9.0,-16.0,0.0,,2026-07-24T11:48:11.948394+08:00
662,2025-03-27,-969490.0,-16640.0,0.0,-986130.0,780.0,9.0,7.0,0.0,,2026-07-24T11:48:11.948394+08:00
662,2025-03-28,-240070.0,-11058.0,0.0,-251128.0,770.0,14.0,-10.0,5.0,,2026-07-24T11:48:11.948394+08:00
662,2025-03-31,-1376086.0,-582226.0,0.0,-1958312.0,793.0,20.0,23.0,6.0,,2026-07-24T11:48:11.948394+08:00
662,2025-04-01,-1838248.0,-230471.0,0.0,-2068719.0,811.0,22.0,18.0,2.0,,2026-07-24T11:48:11.948394+08:00
662,2025-04-02,-336844.0,229100.0,0.0,-107744.0,781.0,23.0,-30.0,1.0,,2026-07-24T11:48:11.948394+08:00
662,2025-04-07,426772.0,364759.0,0.0,791531.0,478.0,21.0,-303.0,-2.0,,2026-07-24T11:48:11.948394+08:00
662,2025-04-08,28442.0,-65760.0,0.0,-37318.0,534.0,21.0,56.0,0.0,,2026-07-24T11:48:11.948394+08:00
662,2025-04-09,-4218265.0,879718.0,0.0,-3338547.0,532.0,9.0,-2.0,-12.0,,2026-07-24T11:48:11.948394+08:00
662,2025-04-10,-628948.0,-1626996.0,0.0,-2255944.0,577.0,7.0,45.0,-2.0,,2026-07-24T11:48:11.948394+08:00
662,2025-04-11,-1917026.0,81020.0,0.0,-1836006.0,630.0,8.0,53.0,1.0,,2026-07-24T11:48:11.948394+08:00
662,2025-04-14,373295.0,-1206798.0,0.0,-833503.0,583.0,8.0,-47.0,0.0,,2026-07-24T11:48:11.948394+08:00
662,2025-04-15,-2440689.0,-289901.0,0.0,-2730590.0,572.0,8.0,-11.0,0.0,,2026-07-24T11:48:11.948394+08:00
662,2025-04-16,-943255.0,-92013.0,0.0,-1035268.0,548.0,8.0,-24.0,0.0,,2026-07-24T11:48:11.948394+08:00
662,2025-04-17,-243687.0,11130.0,0.0,-232557.0,555.0,7.0,7.0,-1.0,,2026-07-24T11:48:11.948394+08:00
662,2025-04-18,66883.0,-149785.0,0.0,-82902.0,555.0,7.0,0.0,0.0,,2026-07-24T11:48:11.948394+08:00
662,2025-04-21,-401748.0,-454991.0,0.0,-856739.0,524.0,7.0,-31.0,0.0,,2026-07-24T11:48:11.948394+08:00
662,2025-04-22,285782.0,516470.0,0.0,802252.0,523.0,7.0,-1.0,0.0,,2026-07-24T11:48:11.948394+08:00
662,2025-04-23,659541.0,-472742.0,0.0,186799.0,514.0,7.0,-9.0,0.0,,2026-07-24T11:48:11.948394+08:00
662,2025-04-24,-930565.0,-63000.0,0.0,-993565.0,515.0,7.0,1.0,0.0,,2026-07-24T11:48:11.948394+08:00
662,2025-04-25,697333.0,594021.0,0.0,1291354.0,519.0,7.0,4.0,0.0,,2026-07-24T11:48:11.948394+08:00
662,2025-04-28,-111423.0,-7926.0,0.0,-119349.0,530.0,7.0,11.0,0.0,,2026-07-24T11:48:11.948394+08:00
662,2025-04-29,-219042.0,444000.0,0.0,224958.0,551.0,7.0,21.0,0.0,,2026-07-24T11:48:11.948394+08:00
662,2025-04-30,-241809.0,-23844.0,0.0,-265653.0,538.0,8.0,-13.0,1.0,,2026-07-24T11:48:11.948394+08:00
662,2025-05-02,113298.0,-656109.0,0.0,-542811.0,569.0,7.0,31.0,-1.0,,2026-07-24T11:48:11.948394+08:00
662,2025-05-05,-1473664.0,-486114.0,0.0,-1959778.0,533.0,7.0,-36.0,0.0,,2026-07-24T11:48:11.948394+08:00
662,2025-05-06,-1562077.0,106615.0,0.0,-1455462.0,548.0,10.0,15.0,3.0,,2026-07-24T11:48:11.948394+08:00
662,2025-05-07,-1892904.0,201387.0,0.0,-1691517.0,538.0,11.0,-10.0,1.0,,2026-07-24T11:48:11.948394+08:00
662,2025-05-08,-187167.0,13108.0,0.0,-174059.0,507.0,11.0,-31.0,0.0,,2026-07-24T11:48:11.948394+08:00
662,2025-05-09,2364797.0,-1708000.0,0.0,656797.0,509.0,8.0,2.0,-3.0,,2026-07-24T11:48:11.948394+08:00
662,2025-05-12,-337754.0,5072.0,0.0,-332682.0,491.0,12.0,-18.0,4.0,,2026-07-24T11:48:11.948394+08:00
662,2025-05-13,-1766772.0,411817.0,0.0,-1354955.0,448.0,10.0,-43.0,-2.0,,2026-07-24T11:48:11.948394+08:00
662,2025-05-14,-1807510.0,301230.0,0.0,-1506280.0,423.0,10.0,-25.0,0.0,,2026-07-24T11:48:11.948394+08:00
662,2025-05-15,-553154.0,-30912.0,0.0,-584066.0,452.0,10.0,29.0,0.0,,2026-07-24T11:48:11.948394+08:00
662,2025-05-16,-310584.0,-38868.0,0.0,-349452.0,455.0,10.0,3.0,0.0,,2026-07-24T11:48:11.948394+08:00
662,2025-05-19,543511.0,-20929.0,0.0,522582.0,440.0,10.0,-15.0,0.0,,2026-07-24T11:48:11.948394+08:00
662,2025-05-20,443616.0,-26035.0,0.0,417581.0,423.0,10.0,-17.0,0.0,,2026-07-24T11:48:11.948394+08:00
662,2025-05-21,-901964.0,35050.0,0.0,-866914.0,423.0,10.0,0.0,0.0,,2026-07-24T11:48:11.948394+08:00
662,2025-05-22,-257597.0,144455.0,0.0,-113142.0,385.0,10.0,-38.0,0.0,,2026-07-24T11:48:11.948394+08:00
662,2025-05-23,281241.0,-14990.0,0.0,266251.0,385.0,10.0,0.0,0.0,,2026-07-24T11:48:11.948394+08:00
662,2025-05-26,260879.0,-270950.0,0.0,-10071.0,381.0,10.0,-4.0,0.0,,2026-07-24T11:48:11.948394+08:00
662,2025-05-27,840448.0,350319.0,0.0,1190767.0,381.0,10.0,0.0,0.0,,2026-07-24T11:48:11.948394+08:00
662,2025-05-28,-394843.0,100328.0,0.0,-294515.0,381.0,10.0,0.0,0.0,,2026-07-24T11:48:11.948394+08:00
662,2025-05-29,1348002.0,606610.0,0.0,1954612.0,396.0,10.0,15.0,0.0,,2026-07-24T11:48:11.948394+08:00
662,2025-06-02,-434650.0,-178605.0,0.0,-613255.0,398.0,10.0,2.0,0.0,,2026-07-24T11:48:11.948394+08:00
662,2025-06-03,82218.0,-39769.0,0.0,42449.0,399.0,10.0,1.0,0.0,,2026-07-24T11:48:11.948394+08:00
662,2025-06-04,-46000.0,-79000.0,0.0,-125000.0,400.0,10.0,1.0,0.0,,2026-07-24T11:48:11.948394+08:00
662,2025-06-05,138501.0,-7262.0,0.0,131239.0,405.0,10.0,5.0,0.0,,2026-07-24T11:48:11.948394+08:00
662,2025-06-06,1030718.0,-4950.0,0.0,1025768.0,409.0,10.0,4.0,0.0,,2026-07-24T11:48:11.948394+08:00
662,2025-06-09,-433806.0,-81235.0,0.0,-515041.0,417.0,10.0,8.0,0.0,,2026-07-24T11:48:11.948394+08:00
662,2025-06-10,-1289761.0,-44937.0,0.0,-1334698.0,411.0,10.0,-6.0,0.0,,2026-07-24T11:48:11.948394+08:00
662,2025-06-11,77662.0,-16995.0,0.0,60667.0,413.0,10.0,2.0,0.0,,2026-07-24T11:48:11.948394+08:00
662,2025-06-12,715783.0,-559850.0,0.0,155933.0,415.0,10.0,2.0,0.0,,2026-07-24T11:48:11.948394+08:00
662,2025-06-13,-1220937.0,-85725.0,0.0,-1306662.0,426.0,13.0,11.0,3.0,,2026-07-24T11:48:11.948394+08:00
662,2025-06-16,629129.0,-474683.0,0.0,154446.0,421.0,13.0,-5.0,0.0,,2026-07-24T11:48:11.948394+08:00
662,2025-06-17,-195991.0,-179833.0,0.0,-375824.0,426.0,13.0,5.0,0.0,,2026-07-24T11:48:11.948394+08:00
662,2025-06-18,415691.0,-56950.0,0.0,358741.0,421.0,13.0,-5.0,0.0,,2026-07-24T11:48:11.948394+08:00
662,2025-06-19,7774778.0,3276050.0,0.0,11050828.0,418.0,13.0,-3.0,0.0,,2026-07-24T11:48:11.948394+08:00
662,2025-06-20,3511804.0,1805323.0,0.0,5317127.0,419.0,13.0,1.0,0.0,,2026-07-24T11:48:11.948394+08:00
662,2025-06-23,-238823.0,174050.0,0.0,-64773.0,419.0,13.0,0.0,0.0,,2026-07-24T11:48:11.948394+08:00
662,2025-06-24,778000.0,217000.0,0.0,995000.0,412.0,8.0,-7.0,-5.0,,2026-07-24T11:48:11.948394+08:00
662,2025-06-25,-220569.0,31062.0,0.0,-189507.0,413.0,8.0,1.0,0.0,,2026-07-24T11:48:11.948394+08:00
662,2025-06-26,-583619.0,-157100.0,0.0,-740719.0,403.0,8.0,-10.0,0.0,,2026-07-24T11:48:11.948394+08:00
662,2025-06-27,-68689.0,1326121.0,0.0,1257432.0,404.0,8.0,1.0,0.0,,2026-07-24T11:48:11.948394+08:00
662,2025-06-30,213148.0,534054.0,0.0,747202.0,397.0,8.0,-7.0,0.0,,2026-07-24T11:48:11.948394+08:00
662,2025-07-01,4834725.0,888757.0,0.0,5723482.0,388.0,8.0,-9.0,0.0,,2026-07-24T11:48:11.948394+08:00
662,2025-07-02,3674601.0,3227000.0,0.0,6901601.0,377.0,8.0,-11.0,0.0,,2026-07-24T11:48:11.948394+08:00
662,2025-07-03,-730065.0,-94740.0,0.0,-824805.0,379.0,8.0,2.0,0.0,,2026-07-24T11:48:11.948394+08:00
662,2025-07-04,1234000.0,-56000.0,0.0,1178000.0,377.0,8.0,-2.0,0.0,,2026-07-24T11:48:11.948394+08:00
662,2025-07-07,26375.0,654292.0,0.0,680667.0,377.0,8.0,0.0,0.0,,2026-07-24T11:48:11.948394+08:00
662,2025-07-08,272000.0,-47000.0,0.0,225000.0,373.0,8.0,-4.0,0.0,,2026-07-24T11:48:11.948394+08:00
662,2025-07-09,302620.0,-598000.0,0.0,-295380.0,370.0,8.0,-3.0,0.0,,2026-07-24T11:48:11.948394+08:00
662,2025-07-10,276607.0,-325998.0,0.0,-49391.0,357.0,8.0,-13.0,0.0,,2026-07-24T11:48:11.948394+08:00
662,2025-07-11,-488744.0,-58000.0,0.0,-546744.0,359.0,8.0,2.0,0.0,,2026-07-24T11:48:11.948394+08:00
662,2025-07-14,-497496.0,-38166.0,0.0,-535662.0,358.0,8.0,-1.0,0.0,,2026-07-24T11:48:11.948394+08:00
662,2025-07-15,424785.0,-42936.0,0.0,381849.0,347.0,8.0,-11.0,0.0,,2026-07-24T11:48:11.948394+08:00
662,2025-07-16,-442802.0,-30811.0,0.0,-473613.0,347.0,8.0,0.0,0.0,,2026-07-24T11:48:11.948394+08:00
662,2025-07-17,-762335.0,-14965.0,0.0,-777300.0,346.0,8.0,-1.0,0.0,,2026-07-24T11:48:11.948394+08:00
662,2025-07-18,-746259.0,-43143.0,0.0,-789402.0,342.0,8.0,-4.0,0.0,,2026-07-24T11:48:11.948394+08:00
662,2025-07-21,-200085.0,-70000.0,0.0,-270085.0,342.0,8.0,0.0,0.0,,2026-07-24T11:48:11.948394+08:00
662,2025-07-22,316842.0,-666988.0,0.0,-350146.0,341.0,8.0,-1.0,0.0,,2026-07-24T11:48:11.948394+08:00
662,2025-07-23,-428893.0,-106000.0,0.0,-534893.0,348.0,7.0,7.0,-1.0,,2026-07-24T11:48:11.948394+08:00
662,2025-07-24,-97278.0,-22000.0,0.0,-119278.0,337.0,7.0,-11.0,0.0,,2026-07-24T11:48:11.948394+08:00
662,2025-07-25,420388.0,-10944.0,0.0,409444.0,330.0,7.0,-7.0,0.0,,2026-07-24T11:48:11.948394+08:00
662,2025-07-28,-611798.0,-20900.0,0.0,-632698.0,427.0,7.0,97.0,0.0,,2026-07-24T11:48:11.948394+08:00
662,2025-07-29,4854921.0,19233.0,0.0,4874154.0,429.0,10.0,2.0,3.0,,2026-07-24T11:48:11.948394+08:00
662,2025-07-30,2672831.0,-39899.0,0.0,2632932.0,429.0,10.0,0.0,0.0,,2026-07-24T11:48:11.948394+08:00
662,2025-07-31,-1740030.0,453089.0,0.0,-1286941.0,539.0,10.0,110.0,0.0,,2026-07-24T11:48:11.948394+08:00
662,2025-08-01,10126.0,1032407.0,0.0,1042533.0,540.0,10.0,1.0,0.0,,2026-07-24T11:48:11.948394+08:00
662,2025-08-04,-647315.0,-64680.0,0.0,-711995.0,537.0,11.0,-3.0,1.0,,2026-07-24T11:48:11.948394+08:00
662,2025-08-05,2012274.0,132420.0,0.0,2144694.0,532.0,10.0,-5.0,-1.0,,2026-07-24T11:48:11.948394+08:00
662,2025-08-06,-1028842.0,-4211.0,0.0,-1033053.0,643.0,10.0,111.0,0.0,,2026-07-24T11:48:11.948394+08:00
662,2025-08-07,1575518.0,44110.0,0.0,1619628.0,642.0,10.0,-1.0,0.0,,2026-07-24T11:48:11.948394+08:00
662,2025-08-08,-458594.0,295001.0,0.0,-163593.0,633.0,11.0,-9.0,1.0,,2026-07-24T11:48:11.948394+08:00
662,2025-08-11,-1372913.0,-26958.0,0.0,-1399871.0,639.0,10.0,6.0,-1.0,,2026-07-24T11:48:11.948394+08:00
662,2025-08-12,1276203.0,34416.0,0.0,1310619.0,570.0,10.0,-69.0,0.0,,2026-07-24T11:48:11.948394+08:00
662,2025-08-13,7676000.0,944978.0,0.0,8620978.0,569.0,10.0,-1.0,0.0,,2026-07-24T11:48:11.948394+08:00
662,2025-08-14,1010066.0,219900.0,0.0,1229966.0,569.0,11.0,0.0,1.0,,2026-07-24T11:48:11.948394+08:00
662,2025-08-15,1433000.0,474029.0,0.0,1907029.0,579.0,12.0,10.0,1.0,,2026-07-24T11:48:11.948394+08:00
662,2025-08-18,-492719.0,-65691.0,0.0,-558410.0,568.0,12.0,-11.0,0.0,,2026-07-24T11:48:11.948394+08:00
662,2025-08-19,1069911.0,-531275.0,0.0,538636.0,568.0,14.0,0.0,2.0,,2026-07-24T11:48:11.948394+08:00
662,2025-08-20,-1321329.0,-135.0,0.0,-1321464.0,468.0,13.0,-100.0,-1.0,,2026-07-24T11:48:11.948394+08:00
662,2025-08-21,-379206.0,-21484.0,0.0,-400690.0,471.0,11.0,3.0,-2.0,,2026-07-24T11:48:11.948394+08:00
662,2025-08-22,-910309.0,-514299.0,0.0,-1424608.0,477.0,11.0,6.0,0.0,,2026-07-24T11:48:11.948394+08:00
662,2025-08-25,-48928.0,147037.0,0.0,98109.0,491.0,11.0,14.0,0.0,,2026-07-24T11:48:11.948394+08:00
662,2025-08-26,-953378.0,-52741.0,0.0,-1006119.0,492.0,11.0,1.0,0.0,,2026-07-24T11:48:11.948394+08:00
662,2025-08-27,773000.0,13118.0,0.0,786118.0,488.0,12.0,-4.0,1.0,,2026-07-24T11:48:11.948394+08:00
662,2025-08-28,-936184.0,-11000.0,0.0,-947184.0,487.0,12.0,-1.0,0.0,,2026-07-24T11:48:11.948394+08:00
662,2025-08-29,282000.0,199064.0,0.0,481064.0,442.0,12.0,-45.0,0.0,,2026-07-24T11:48:11.948394+08:00
662,2025-09-01,4800965.0,573786.0,0.0,5374751.0,445.0,12.0,3.0,0.0,,2026-07-24T11:48:11.948394+08:00
662,2025-09-02,2906000.0,1256993.0,0.0,4162993.0,445.0,12.0,0.0,0.0,,2026-07-24T11:48:11.948394+08:00
662,2025-09-03,179227.0,-4628.0,0.0,174599.0,446.0,12.0,1.0,0.0,,2026-07-24T11:48:11.948394+08:00
662,2025-09-04,4100568.0,397134.0,0.0,4497702.0,449.0,12.0,3.0,0.0,,2026-07-24T11:48:11.948394+08:00
662,2025-09-05,76815.0,2111.0,0.0,78926.0,476.0,12.0,27.0,0.0,,2026-07-24T11:48:11.948394+08:00
662,2025-09-08,1168580.0,-269781.0,0.0,898799.0,475.0,13.0,-1.0,1.0,,2026-07-24T11:48:11.948394+08:00
662,2025-09-09,3633054.0,-206012.0,0.0,3427042.0,474.0,13.0,-1.0,0.0,,2026-07-24T11:48:11.948394+08:00
662,2025-09-10,1858994.0,971128.0,0.0,2830122.0,475.0,13.0,1.0,0.0,,2026-07-24T11:48:11.948394+08:00
662,2025-09-11,1203338.0,194030.0,0.0,1397368.0,476.0,13.0,1.0,0.0,,2026-07-24T11:48:11.948394+08:00
662,2025-09-12,2219156.0,4778.0,0.0,2223934.0,475.0,13.0,-1.0,0.0,,2026-07-24T11:48:11.948394+08:00
662,2025-09-15,-1434842.0,-24006.0,0.0,-1458848.0,459.0,13.0,-16.0,0.0,,2026-07-24T11:48:11.948394+08:00
662,2025-09-16,-4578000.0,-1957937.0,0.0,-6535937.0,447.0,15.0,-12.0,2.0,,2026-07-24T11:48:11.948394+08:00
662,2025-09-17,3863560.0,1448134.0,0.0,5311694.0,448.0,15.0,1.0,0.0,,2026-07-24T11:48:11.948394+08:00
662,2025-09-18,-5223632.0,-216478.0,0.0,-5440110.0,439.0,12.0,-9.0,-3.0,,2026-07-24T11:48:11.948394+08:00
662,2025-09-19,-5728000.0,-905000.0,0.0,-6633000.0,432.0,12.0,-7.0,0.0,,2026-07-24T11:48:11.948394+08:00
662,2025-09-22,-4005702.0,-2120429.0,0.0,-6126131.0,430.0,12.0,-2.0,0.0,,2026-07-24T11:48:11.948394+08:00
662,2025-09-23,-5204778.0,-1262100.0,0.0,-6466878.0,434.0,12.0,4.0,0.0,,2026-07-24T11:48:11.948394+08:00
662,2025-09-24,-2527868.0,838.0,0.0,-2527030.0,418.0,12.0,-16.0,0.0,,2026-07-24T11:48:11.948394+08:00
662,2025-09-25,2051883.0,201002.0,0.0,2252885.0,419.0,12.0,1.0,0.0,,2026-07-24T11:48:11.948394+08:00
662,2025-09-26,298289.0,142910.0,0.0,441199.0,412.0,12.0,-7.0,0.0,,2026-07-24T11:48:11.948394+08:00
662,2025-09-30,-1165505.0,-527841.0,0.0,-1693346.0,415.0,12.0,3.0,0.0,,2026-07-24T11:48:11.948394+08:00
662,2025-10-01,-1132733.0,-800456.0,0.0,-1933189.0,518.0,12.0,103.0,0.0,,2026-07-24T11:48:11.948394+08:00
662,2025-10-02,820609.0,553200.0,0.0,1373809.0,516.0,12.0,-2.0,0.0,,2026-07-24T11:48:11.948394+08:00
662,2025-10-03,3304899.0,1476002.0,0.0,4780901.0,521.0,13.0,5.0,1.0,,2026-07-24T11:48:11.948394+08:00
662,2025-10-07,-454052.0,-218914.0,0.0,-672966.0,551.0,12.0,30.0,-1.0,,2026-07-24T11:48:11.948394+08:00
662,2025-10-08,-3486883.0,-1713682.0,0.0,-5200565.0,542.0,12.0,-9.0,0.0,,2026-07-24T11:48:11.948394+08:00
662,2025-10-09,-2634108.0,-2139998.0,0.0,-4774106.0,276.0,12.0,-266.0,0.0,,2026-07-24T11:48:11.948394+08:00
662,2025-10-13,-3230503.0,-599890.0,0.0,-3830393.0,357.0,7.0,81.0,-5.0,,2026-07-24T11:48:11.948394+08:00
662,2025-10-14,-859105.0,-197887.0,0.0,-1056992.0,359.0,7.0,2.0,0.0,,2026-07-24T11:48:11.948394+08:00
662,2025-10-15,-2305059.0,-165819.0,0.0,-2470878.0,472.0,6.0,113.0,-1.0,,2026-07-24T11:48:11.948394+08:00
662,2025-10-16,1427273.0,1168053.0,0.0,2595326.0,473.0,6.0,1.0,0.0,,2026-07-24T11:48:11.948394+08:00
662,2025-10-17,-1389447.0,-5959.0,0.0,-1395406.0,463.0,6.0,-10.0,0.0,,2026-07-24T11:48:11.948394+08:00
662,2025-10-20,-380912.0,26897.0,0.0,-354015.0,485.0,6.0,22.0,0.0,,2026-07-24T11:48:11.948394+08:00
662,2025-10-21,-2095781.0,13050.0,0.0,-2082731.0,479.0,6.0,-6.0,0.0,,2026-07-24T11:48:11.948394+08:00
662,2025-10-22,-1087027.0,-298950.0,0.0,-1385977.0,478.0,6.0,-1.0,0.0,,2026-07-24T11:48:11.948394+08:00
662,2025-10-23,243210.0,566024.0,0.0,809234.0,416.0,6.0,-62.0,0.0,,2026-07-24T11:48:11.948394+08:00
662,2025-10-27,-441718.0,82000.0,0.0,-359718.0,416.0,6.0,0.0,0.0,,2026-07-24T11:48:11.948394+08:00
662,2025-10-28,2132386.0,-51800.0,0.0,2080586.0,418.0,6.0,2.0,0.0,,2026-07-24T11:48:11.948394+08:00
662,2025-10-29,-1425729.0,-1129568.0,0.0,-2555297.0,412.0,6.0,-6.0,0.0,,2026-07-24T11:48:11.948394+08:00
662,2025-10-30,3290607.0,-343706.0,0.0,2946901.0,484.0,6.0,72.0,0.0,,2026-07-24T11:48:11.948394+08:00
662,2025-10-31,-918924.0,363207.0,0.0,-555717.0,497.0,6.0,13.0,0.0,,2026-07-24T11:48:11.948394+08:00
662,2025-11-03,1385766.0,-282111.0,0.0,1103655.0,507.0,6.0,10.0,0.0,,2026-07-24T11:48:11.948394+08:00
662,2025-11-04,-2887784.0,-724858.0,0.0,-3612642.0,503.0,6.0,-4.0,0.0,,2026-07-24T11:48:11.948394+08:00
662,2025-11-05,813408.0,428860.0,0.0,1242268.0,512.0,6.0,9.0,0.0,,2026-07-24T11:48:11.948394+08:00
662,2025-11-06,-1031413.0,-1160221.0,0.0,-2191634.0,528.0,6.0,16.0,0.0,,2026-07-24T11:48:11.948394+08:00
662,2025-11-07,-1973659.0,-330142.0,0.0,-2303801.0,526.0,6.0,-2.0,0.0,,2026-07-24T11:48:11.948394+08:00
662,2025-11-10,-396676.0,-1002811.0,0.0,-1399487.0,527.0,6.0,1.0,0.0,,2026-07-24T11:48:11.948394+08:00
662,2025-11-11,-50989.0,-1329065.0,0.0,-1380054.0,534.0,6.0,7.0,0.0,,2026-07-24T11:48:11.948394+08:00
662,2025-11-12,2222195.0,214133.0,0.0,2436328.0,603.0,6.0,69.0,0.0,,2026-07-24T11:48:11.948394+08:00
662,2025-11-13,2587882.0,54433.0,0.0,2642315.0,603.0,6.0,0.0,0.0,,2026-07-24T11:48:11.948394+08:00
662,2025-11-14,-4842614.0,-129795.0,0.0,-4972409.0,607.0,7.0,4.0,1.0,,2026-07-24T11:48:11.948394+08:00
662,2025-11-17,-957152.0,194174.0,0.0,-762978.0,603.0,6.0,-4.0,-1.0,,2026-07-24T11:48:11.948394+08:00
662,2025-11-18,-1125608.0,-587815.0,0.0,-1713423.0,594.0,6.0,-9.0,0.0,,2026-07-24T11:48:11.948394+08:00
662,2025-11-19,-994591.0,-679012.0,0.0,-1673603.0,614.0,6.0,20.0,0.0,,2026-07-24T11:48:11.948394+08:00
662,2025-11-20,3952704.0,56050.0,0.0,4008754.0,580.0,6.0,-34.0,0.0,,2026-07-24T11:48:11.948394+08:00
662,2025-11-21,-4428226.0,-510566.0,0.0,-4938792.0,602.0,6.0,22.0,0.0,,2026-07-24T11:48:11.948394+08:00
662,2025-11-24,-607622.0,-29000.0,0.0,-636622.0,614.0,6.0,12.0,0.0,,2026-07-24T11:48:11.948394+08:00
662,2025-11-25,-539000.0,-32000.0,0.0,-571000.0,622.0,10.0,8.0,4.0,,2026-07-24T11:48:11.948394+08:00
662,2025-11-26,-1581252.0,0.0,0.0,-1581252.0,627.0,6.0,5.0,-4.0,,2026-07-24T11:48:11.948394+08:00
662,2025-11-27,-576251.0,46987.0,0.0,-529264.0,627.0,6.0,0.0,0.0,,2026-07-24T11:48:11.948394+08:00
662,2025-11-28,-714999.0,33940.0,0.0,-681059.0,689.0,7.0,62.0,1.0,,2026-07-24T11:48:11.948394+08:00
662,2025-12-01,-1488750.0,47560.0,0.0,-1441190.0,789.0,7.0,100.0,0.0,,2026-07-24T11:48:11.948394+08:00
662,2025-12-02,-300769.0,26049.0,0.0,-274720.0,788.0,7.0,-1.0,0.0,,2026-07-24T11:48:11.948394+08:00
662,2025-12-03,1936000.0,-3859.0,0.0,1932141.0,790.0,7.0,2.0,0.0,,2026-07-24T11:48:11.948394+08:00
662,2025-12-04,310794.0,-45864.0,0.0,264930.0,815.0,7.0,25.0,0.0,,2026-07-24T11:48:11.948394+08:00
662,2025-12-05,-645215.0,-232904.0,580000.0,-298119.0,797.0,7.0,-18.0,0.0,,2026-07-24T11:48:11.948394+08:00
662,2025-12-08,-2748990.0,-202670.0,0.0,-2951660.0,810.0,7.0,13.0,0.0,,2026-07-24T11:48:11.948394+08:00
662,2025-12-09,381500.0,-7150.0,0.0,374350.0,809.0,7.0,-1.0,0.0,,2026-07-24T11:48:11.948394+08:00
662,2025-12-10,-875829.0,4000.0,0.0,-871829.0,784.0,7.0,-25.0,0.0,,2026-07-24T11:48:11.948394+08:00
662,2025-12-11,-2023958.0,-64872.0,0.0,-2088830.0,774.0,7.0,-10.0,0.0,,2026-07-24T11:48:11.948394+08:00
662,2025-12-12,-712734.0,-12047.0,0.0,-724781.0,770.0,7.0,-4.0,0.0,,2026-07-24T11:48:11.948394+08:00
662,2025-12-15,-2392015.0,-31752.0,0.0,-2423767.0,773.0,7.0,3.0,0.0,,2026-07-24T11:48:11.948394+08:00
662,2025-12-16,-1878522.0,-105848.0,0.0,-1984370.0,773.0,6.0,0.0,-1.0,,2026-07-24T11:48:11.948394+08:00
662,2025-12-17,-1106295.0,12066.0,0.0,-1094229.0,774.0,6.0,1.0,0.0,,2026-07-24T11:48:11.948394+08:00
662,2025-12-18,-3400866.0,534499.0,0.0,-2866367.0,789.0,6.0,15.0,0.0,,2026-07-24T11:48:11.948394+08:00
662,2025-12-19,-421513.0,81070.0,0.0,-340443.0,782.0,6.0,-7.0,0.0,,2026-07-24T11:48:11.948394+08:00
662,2025-12-22,-357000.0,-27100.0,0.0,-384100.0,785.0,7.0,3.0,1.0,,2026-07-24T11:48:11.948394+08:00
662,2025-12-23,-2589472.0,-135050.0,0.0,-2724522.0,785.0,11.0,0.0,4.0,,2026-07-24T11:48:11.948394+08:00
662,2025-12-24,3526052.0,-48000.0,0.0,3478052.0,747.0,11.0,-38.0,0.0,,2026-07-24T11:48:11.948394+08:00
662,2025-12-26,-229183.0,229006.0,0.0,-177.0,755.0,11.0,8.0,0.0,,2026-07-24T11:48:11.948394+08:00
662,2025-12-29,-2575365.0,2890.0,0.0,-2572475.0,736.0,11.0,-19.0,0.0,,2026-07-24T11:48:11.948394+08:00
662,2025-12-30,-1354084.0,-174.0,0.0,-1354258.0,704.0,11.0,-32.0,0.0,,2026-07-24T11:48:11.948394+08:00
662,2025-12-31,-1138778.0,-272162.0,0.0,-1410940.0,707.0,11.0,3.0,0.0,,2026-07-24T11:48:11.948394+08:00
662,2026-01-02,-4844128.0,123325.0,0.0,-4720803.0,720.0,7.0,13.0,-4.0,,2026-07-24T11:48:11.948394+08:00
662,2026-01-05,-6049997.0,-357687.0,0.0,-6407684.0,724.0,7.0,4.0,0.0,,2026-07-24T11:48:11.948394+08:00
662,2026-01-06,-5889503.0,791010.0,0.0,-5098493.0,733.0,7.0,9.0,0.0,,2026-07-24T11:48:11.948394+08:00
662,2026-01-07,-694532.0,-8750.0,0.0,-703282.0,725.0,7.0,-8.0,0.0,,2026-07-24T11:48:11.948394+08:00
662,2026-01-08,-413578.0,-132700.0,0.0,-546278.0,699.0,7.0,-26.0,0.0,,2026-07-24T11:48:11.948394+08:00
662,2026-01-09,-2691357.0,-94985.0,0.0,-2786342.0,700.0,7.0,1.0,0.0,,2026-07-24T11:48:11.948394+08:00
662,2026-01-12,-49400.0,-757482.0,0.0,-806882.0,696.0,7.0,-4.0,0.0,,2026-07-24T11:48:11.948394+08:00
662,2026-01-13,-102528.0,-711005.0,0.0,-813533.0,699.0,7.0,3.0,0.0,,2026-07-24T11:48:11.948394+08:00
662,2026-01-14,-126481.0,-941000.0,0.0,-1067481.0,716.0,7.0,17.0,0.0,,2026-07-24T11:48:11.948394+08:00
662,2026-01-15,1618222.0,-354841.0,0.0,1263381.0,720.0,7.0,4.0,0.0,,2026-07-24T11:48:11.948394+08:00
662,2026-01-16,3329000.0,-37739.0,0.0,3291261.0,710.0,7.0,-10.0,0.0,,2026-07-24T11:48:11.948394+08:00
662,2026-01-19,-3444508.0,-139565.0,0.0,-3584073.0,707.0,7.0,-3.0,0.0,,2026-07-24T11:48:11.948394+08:00
662,2026-01-20,385844.0,-492720.0,0.0,-106876.0,708.0,7.0,1.0,0.0,,2026-07-24T11:48:11.948394+08:00
662,2026-01-21,1648000.0,-136660.0,0.0,1511340.0,720.0,7.0,12.0,0.0,,2026-07-24T11:48:11.948394+08:00
662,2026-01-22,-618526.0,-1254.0,0.0,-619780.0,720.0,7.0,0.0,0.0,,2026-07-24T11:48:11.948394+08:00
662,2026-01-23,-663828.0,-6500.0,0.0,-670328.0,713.0,7.0,-7.0,0.0,,2026-07-24T11:48:11.948394+08:00
662,2026-01-26,-399754.0,-1839809.0,0.0,-2239563.0,716.0,7.0,3.0,0.0,,2026-07-24T11:48:11.948394+08:00
662,2026-01-27,-726155.0,69339.0,0.0,-656816.0,727.0,7.0,11.0,0.0,,2026-07-24T11:48:11.948394+08:00
662,2026-01-28,-32972.0,-878900.0,0.0,-911872.0,733.0,7.0,6.0,0.0,,2026-07-24T11:48:11.948394+08:00
662,2026-01-29,895337.0,-706894.0,0.0,188443.0,635.0,7.0,-98.0,0.0,,2026-07-24T11:48:11.948394+08:00
662,2026-01-30,2216496.0,-610631.0,0.0,1605865.0,634.0,7.0,-1.0,0.0,,2026-07-24T11:48:11.948394+08:00
662,2026-02-02,1667590.0,852514.0,0.0,2520104.0,633.0,11.0,-1.0,4.0,,2026-07-24T11:48:11.948394+08:00
662,2026-02-03,486102.0,425324.0,0.0,911426.0,638.0,11.0,5.0,0.0,,2026-07-24T11:48:11.948394+08:00
662,2026-02-04,-3208160.0,972289.0,0.0,-2235871.0,644.0,11.0,6.0,0.0,,2026-07-24T11:48:11.948394+08:00
662,2026-02-05,-3040846.0,-337834.0,0.0,-3378680.0,651.0,10.0,7.0,-1.0,,2026-07-24T11:48:11.948394+08:00
662,2026-02-06,-7507399.0,-14753.0,0.0,-7522152.0,682.0,12.0,31.0,2.0,,2026-07-24T11:48:11.948394+08:00
662,2026-02-09,-3291384.0,80500.0,0.0,-3210884.0,647.0,12.0,-35.0,0.0,,2026-07-24T11:48:11.948394+08:00
662,2026-02-10,-1233455.0,-2011.0,0.0,-1235466.0,639.0,12.0,-8.0,0.0,,2026-07-24T11:48:11.948394+08:00
662,2026-02-11,-2688043.0,-171799.0,0.0,-2859842.0,648.0,12.0,9.0,0.0,,2026-07-24T11:48:11.948394+08:00
662,2026-02-23,-4968412.0,-903611.0,0.0,-5872023.0,841.0,12.0,193.0,0.0,,2026-07-24T11:48:11.948394+08:00
662,2026-02-24,-1447790.0,-298696.0,0.0,-1746486.0,842.0,12.0,1.0,0.0,,2026-07-24T11:48:11.948394+08:00
662,2026-02-25,-1309424.0,100651.0,0.0,-1208773.0,847.0,16.0,5.0,4.0,,2026-07-24T11:48:11.948394+08:00
662,2026-02-26,248998.0,-1133850.0,0.0,-884852.0,865.0,17.0,18.0,1.0,,2026-07-24T11:48:11.948394+08:00
662,2026-03-02,-3399077.0,-1187171.0,0.0,-4586248.0,832.0,21.0,-33.0,4.0,,2026-07-24T11:48:11.948394+08:00
662,2026-03-03,-832493.0,-1135377.0,0.0,-1967870.0,862.0,12.0,30.0,-9.0,,2026-07-24T11:48:11.948394+08:00
662,2026-03-04,147298.0,-391503.0,0.0,-244205.0,867.0,10.0,5.0,-2.0,,2026-07-24T11:48:11.948394+08:00
662,2026-03-05,-281707.0,-158000.0,0.0,-439707.0,810.0,10.0,-57.0,0.0,,2026-07-24T11:48:11.948394+08:00
662,2026-03-06,-292019.0,-5889.0,0.0,-297908.0,810.0,10.0,0.0,0.0,,2026-07-24T11:48:11.948394+08:00
662,2026-03-09,936869.0,-1190286.0,0.0,-253417.0,798.0,10.0,-12.0,0.0,,2026-07-24T11:48:11.948394+08:00
662,2026-03-10,632677.0,118070.0,0.0,750747.0,804.0,10.0,6.0,0.0,,2026-07-24T11:48:11.948394+08:00
662,2026-03-11,302726.0,-139700.0,0.0,163026.0,811.0,10.0,7.0,0.0,,2026-07-24T11:48:11.948394+08:00
662,2026-03-12,-2969320.0,2672000.0,0.0,-297320.0,815.0,10.0,4.0,0.0,,2026-07-24T11:48:11.948394+08:00
662,2026-03-13,-1020405.0,321388.0,0.0,-699017.0,804.0,10.0,-11.0,0.0,,2026-07-24T11:48:11.948394+08:00
662,2026-03-16,-1846406.0,389080.0,0.0,-1457326.0,801.0,10.0,-3.0,0.0,,2026-07-24T11:48:11.948394+08:00
662,2026-03-17,-1401566.0,79235.0,0.0,-1322331.0,803.0,10.0,2.0,0.0,,2026-07-24T11:48:11.948394+08:00
662,2026-03-18,-413091.0,-33837.0,0.0,-446928.0,805.0,10.0,2.0,0.0,,2026-07-24T11:48:11.948394+08:00
662,2026-03-19,-978931.0,-923840.0,0.0,-1902771.0,799.0,16.0,-6.0,6.0,,2026-07-24T11:48:11.948394+08:00
662,2026-03-20,137195.0,-812192.0,0.0,-674997.0,797.0,16.0,-2.0,0.0,,2026-07-24T11:48:11.948394+08:00
662,2026-03-23,5600346.0,-141300.0,0.0,5459046.0,792.0,20.0,-5.0,4.0,,2026-07-24T11:48:11.948394+08:00
662,2026-03-24,457908.0,-3750.0,0.0,454158.0,791.0,10.0,-1.0,-10.0,,2026-07-24T11:48:11.948394+08:00
662,2026-03-25,-615629.0,-31000.0,0.0,-646629.0,799.0,0.0,8.0,-10.0,,2026-07-24T11:48:11.948394+08:00
662,2026-03-26,-947322.0,-868935.0,0.0,-1816257.0,798.0,0.0,-1.0,0.0,,2026-07-24T11:48:11.948394+08:00
662,2026-03-27,-1831706.0,-300172.0,0.0,-2131878.0,805.0,0.0,7.0,0.0,,2026-07-24T11:48:11.948394+08:00
662,2026-03-30,-2188559.0,-405616.0,0.0,-2594175.0,887.0,0.0,82.0,0.0,,2026-07-24T11:48:11.948394+08:00
662,2026-03-31,-1047337.0,65135.0,0.0,-982202.0,952.0,0.0,65.0,0.0,,2026-07-24T11:48:11.948394+08:00
662,2026-04-01,4001.0,19605.0,0.0,23606.0,970.0,0.0,18.0,0.0,,2026-07-24T11:48:11.948394+08:00
662,2026-04-02,-1112682.0,-7880.0,0.0,-1120562.0,962.0,0.0,-8.0,0.0,,2026-07-24T11:48:11.948394+08:00
662,2026-04-07,-900602.0,110616.0,0.0,-789986.0,964.0,0.0,2.0,0.0,,2026-07-24T11:48:11.948394+08:00
662,2026-04-08,957658.0,-24600.0,0.0,933058.0,976.0,1.0,12.0,1.0,,2026-07-24T11:48:11.948394+08:00
662,2026-04-09,-622533.0,65060.0,0.0,-557473.0,974.0,1.0,-2.0,0.0,,2026-07-24T11:48:11.948394+08:00
662,2026-04-10,-3196845.0,-1796.0,0.0,-3198641.0,977.0,1.0,3.0,0.0,,2026-07-24T11:48:11.948394+08:00
662,2026-04-13,-1243497.0,106513.0,0.0,-1136984.0,988.0,1.0,11.0,0.0,,2026-07-24T11:48:11.948394+08:00
662,2026-04-14,-2190482.0,-172257.0,0.0,-2362739.0,984.0,1.0,-4.0,0.0,,2026-07-24T11:48:11.948394+08:00
662,2026-04-15,-3419065.0,-432764.0,0.0,-3851829.0,983.0,1.0,-1.0,0.0,,2026-07-24T11:48:11.948394+08:00
662,2026-04-16,-3988652.0,-39529.0,0.0,-4028181.0,974.0,1.0,-9.0,0.0,,2026-07-24T11:48:11.948394+08:00
662,2026-04-17,-1791491.0,-35783.0,0.0,-1827274.0,964.0,2.0,-10.0,1.0,,2026-07-24T11:48:11.948394+08:00
662,2026-04-20,-2685425.0,-49822.0,0.0,-2735247.0,971.0,2.0,7.0,0.0,,2026-07-24T11:48:11.948394+08:00
662,2026-04-21,-179520.0,-936990.0,0.0,-1116510.0,989.0,2.0,18.0,0.0,,2026-07-24T11:48:11.948394+08:00
662,2026-04-22,-908842.0,-437948.0,0.0,-1346790.0,992.0,2.0,3.0,0.0,,2026-07-24T11:48:11.948394+08:00
662,2026-04-23,-364241.0,-27774.0,-250000.0,-642015.0,956.0,2.0,-36.0,0.0,,2026-07-24T11:48:11.948394+08:00
662,2026-04-24,-815118.0,-5143.0,0.0,-820261.0,890.0,2.0,-66.0,0.0,,2026-07-24T11:48:11.948394+08:00
662,2026-04-27,-3616944.0,-120514.0,0.0,-3737458.0,899.0,2.0,9.0,0.0,,2026-07-24T11:48:11.948394+08:00
662,2026-04-28,3075675.0,1779246.0,0.0,4854921.0,902.0,2.0,3.0,0.0,,2026-07-24T11:48:11.948394+08:00
662,2026-04-29,1406528.0,264339.0,-75000.0,1595867.0,897.0,2.0,-5.0,0.0,,2026-07-24T11:48:11.948394+08:00
662,2026-04-30,-3101789.0,-62715.0,0.0,-3164504.0,893.0,2.0,-4.0,0.0,,2026-07-24T11:48:11.948394+08:00
662,2026-05-04,-2816444.0,-82404.0,-40000.0,-2938848.0,920.0,2.0,27.0,0.0,,2026-07-24T11:48:11.948394+08:00
662,2026-05-05,-2500727.0,128465.0,0.0,-2372262.0,924.0,2.0,4.0,0.0,,2026-07-24T11:48:11.948394+08:00
662,2026-05-06,-1641084.0,-188339.0,0.0,-1829423.0,917.0,2.0,-7.0,0.0,,2026-07-24T11:48:11.948394+08:00
662,2026-05-07,-3177613.0,-380756.0,0.0,-3558369.0,899.0,2.0,-18.0,0.0,,2026-07-24T11:48:11.948394+08:00
662,2026-05-08,-1593435.0,5230.0,0.0,-1588205.0,897.0,2.0,-2.0,0.0,,2026-07-24T11:48:11.948394+08:00
662,2026-05-11,-2798740.0,-1080842.0,0.0,-3879582.0,901.0,2.0,4.0,0.0,,2026-07-24T11:48:11.948394+08:00
662,2026-05-12,-3144065.0,-101774.0,0.0,-3245839.0,907.0,2.0,6.0,0.0,,2026-07-24T11:48:11.948394+08:00
662,2026-05-13,-90821.0,387155.0,0.0,296334.0,905.0,2.0,-2.0,0.0,,2026-07-24T11:48:11.948394+08:00
662,2026-05-14,-3175458.0,-130810.0,0.0,-3306268.0,957.0,2.0,52.0,0.0,,2026-07-24T11:48:11.948394+08:00
662,2026-05-15,-2886512.0,-77444.0,-70000.0,-3033956.0,934.0,2.0,-23.0,0.0,,2026-07-24T11:48:11.948394+08:00
662,2026-05-18,2635741.0,3075544.0,0.0,5711285.0,936.0,2.0,2.0,0.0,,2026-07-24T11:48:11.948394+08:00
662,2026-05-19,1933717.0,313414.0,0.0,2247131.0,924.0,2.0,-12.0,0.0,,2026-07-24T11:48:11.948394+08:00
662,2026-05-20,-1397985.0,-16992.0,0.0,-1414977.0,922.0,2.0,-2.0,0.0,,2026-07-24T11:48:11.948394+08:00
662,2026-05-21,-5147336.0,-378974.0,0.0,-5526310.0,931.0,4.0,9.0,2.0,,2026-07-24T11:48:11.948394+08:00
662,2026-05-22,-1708857.0,249175.0,0.0,-1459682.0,923.0,4.0,-8.0,0.0,,2026-07-24T11:48:11.948394+08:00
662,2026-05-25,-2788436.0,-2938902.0,0.0,-5727338.0,934.0,2.0,11.0,-2.0,,2026-07-24T11:48:11.948394+08:00
662,2026-05-26,-1158891.0,-1303560.0,0.0,-2462451.0,959.0,2.0,25.0,0.0,,2026-07-24T11:48:11.948394+08:00
662,2026-05-27,-767210.0,-1392623.0,0.0,-2159833.0,952.0,2.0,-7.0,0.0,,2026-07-24T11:48:11.948394+08:00
662,2026-05-28,-453806.0,1216566.0,-40000.0,722760.0,942.0,2.0,-10.0,0.0,,2026-07-24T11:48:11.948394+08:00
662,2026-05-29,-63560.0,-554665.0,0.0,-618225.0,941.0,6.0,-1.0,4.0,,2026-07-24T11:48:11.948394+08:00
662,2026-06-01,-299684.0,-2093539.0,0.0,-2393223.0,952.0,6.0,11.0,0.0,,2026-07-24T11:48:11.948394+08:00
662,2026-06-02,-1606617.0,77716.0,0.0,-1528901.0,939.0,6.0,-13.0,0.0,,2026-07-24T11:48:11.948394+08:00
662,2026-06-03,-3400206.0,-281263.0,0.0,-3681469.0,927.0,6.0,-12.0,0.0,,2026-07-24T11:48:11.948394+08:00
662,2026-06-04,-2252545.0,492210.0,0.0,-1760335.0,928.0,6.0,1.0,0.0,,2026-07-24T11:48:11.948394+08:00
662,2026-06-05,-605256.0,291359.0,0.0,-313897.0,918.0,2.0,-10.0,-4.0,,2026-07-24T11:48:11.948394+08:00
662,2026-06-08,-3731577.0,43958.0,0.0,-3687619.0,980.0,2.0,62.0,0.0,,2026-07-24T11:48:11.948394+08:00
662,2026-06-09,28075.0,-1698214.0,0.0,-1670139.0,976.0,2.0,-4.0,0.0,,2026-07-24T11:48:11.948394+08:00
662,2026-06-10,-3880132.0,208347.0,0.0,-3671785.0,993.0,1.0,17.0,-1.0,,2026-07-24T11:48:11.948394+08:00
662,2026-06-11,,,,,995.0,1.0,2.0,0.0,,2026-07-24T11:48:11.948394+08:00
662,2026-06-12,-2035403.0,-2431752.0,0.0,-4467155.0,958.0,1.0,-37.0,0.0,,2026-07-24T11:48:11.948394+08:00
662,2026-06-15,-3054646.0,-66430.0,0.0,-3121076.0,954.0,1.0,-4.0,0.0,,2026-07-24T11:48:11.948394+08:00
662,2026-06-16,-1851059.0,1287398.0,0.0,-563661.0,950.0,2.0,-4.0,1.0,,2026-07-24T11:48:11.948394+08:00
662,2026-06-17,-2922062.0,250494.0,0.0,-2671568.0,954.0,2.0,4.0,0.0,,2026-07-24T11:48:11.948394+08:00
662,2026-06-18,-1825438.0,-147582.0,0.0,-1973020.0,981.0,2.0,27.0,0.0,,2026-07-24T11:48:11.948394+08:00
662,2026-06-19,-24000.0,0.0,0.0,-24000.0,,,,,,2026-07-24T11:48:11.948394+08:00
662,2026-06-22,-1429798.0,-736803.0,0.0,-2166601.0,980.0,2.0,,,,2026-07-24T11:48:11.948394+08:00
662,2026-06-23,-2872030.0,1356568.0,0.0,-1515462.0,982.0,2.0,2.0,0.0,,2026-07-24T11:48:11.948394+08:00
662,2026-06-24,-5738653.0,4393965.0,0.0,-1344688.0,991.0,1.0,9.0,-1.0,,2026-07-24T11:48:11.948394+08:00
662,2026-06-25,-4884557.0,4627647.0,0.0,-256910.0,996.0,1.0,5.0,0.0,,2026-07-24T11:48:11.948394+08:00
662,2026-06-26,-3569555.0,-41506.0,0.0,-3611061.0,1129.0,6.0,133.0,5.0,,2026-07-24T11:48:11.948394+08:00
662,2026-06-29,-9052492.0,8661263.0,0.0,-391229.0,1150.0,6.0,21.0,0.0,,2026-07-24T11:48:11.948394+08:00
662,2026-06-30,-332225.0,75124.0,0.0,-257101.0,1154.0,6.0,4.0,0.0,,2026-07-24T11:48:11.948394+08:00
662,2026-07-01,-127013.0,215296.0,0.0,88283.0,1184.0,7.0,,,,2026-07-30T01:52:39.640052+08:00
662,2026-07-02,-3024874.0,1014648.0,0.0,-2010226.0,1189.0,7.0,5.0,0.0,,2026-07-30T01:52:39.640052+08:00
662,2026-07-03,-1353127.0,39030.0,0.0,-1314097.0,1191.0,7.0,2.0,0.0,,2026-07-30T01:52:39.640052+08:00
662,2026-07-06,-2160954.0,174085.0,0.0,-1986869.0,1183.0,7.0,-8.0,0.0,,2026-07-30T01:52:39.640052+08:00
662,2026-07-07,-1726078.0,228184.0,0.0,-1497894.0,1132.0,7.0,-51.0,0.0,,2026-07-30T01:52:39.640052+08:00
662,2026-07-08,366544.0,88727.0,0.0,455271.0,1130.0,6.0,-2.0,-1.0,,2026-07-30T01:52:39.640052+08:00
662,2026-07-09,-432678.0,9220.0,0.0,-423458.0,1126.0,6.0,-4.0,0.0,,2026-07-30T01:52:39.640052+08:00
662,2026-07-13,488480.0,-100874.0,0.0,387606.0,1115.0,6.0,-11.0,0.0,,2026-07-30T01:52:39.640052+08:00
662,2026-07-14,1223704.0,28752.0,0.0,1252456.0,1116.0,6.0,1.0,0.0,,2026-07-30T01:52:39.640052+08:00
662,2026-07-15,253281.0,1179.0,0.0,254460.0,1109.0,7.0,-7.0,1.0,,2026-07-30T01:52:39.640052+08:00
662,2026-07-16,-309184.0,-146216.0,0.0,-455400.0,1111.0,7.0,2.0,0.0,,2026-07-30T01:52:39.640052+08:00
662,2026-07-17,-3559875.0,50727.0,135000.0,-3374148.0,1291.0,10.0,180.0,3.0,,2026-07-30T01:52:39.640052+08:00
662,2026-07-20,-844497.0,89226.0,0.0,-755271.0,1289.0,10.0,-2.0,0.0,,2026-07-30T01:52:39.640052+08:00
662,2026-07-21,-1752354.0,-50978.0,65000.0,-1738332.0,1296.0,10.0,7.0,0.0,,2026-07-30T01:52:39.640052+08:00
662,2026-07-22,-1089989.0,1283.0,80000.0,-1008706.0,1249.0,10.0,-47.0,0.0,,2026-07-30T01:52:39.640052+08:00
662,2026-07-23,-1320441.0,-92874.0,0.0,-1413315.0,1247.0,10.0,-2.0,0.0,,2026-07-30T01:52:39.640052+08:00
662,2026-07-24,-3601911.0,11723.0,90000.0,-3500188.0,1253.0,8.0,6.0,-2.0,,2026-07-30T01:52:39.640052+08:00
662,2026-07-27,-1752897.0,32591.0,0.0,-1720306.0,1257.0,9.0,4.0,1.0,,2026-07-30T01:52:39.640052+08:00
662,2026-07-28,-500551.0,34508.0,0.0,-466043.0,1274.0,9.0,17.0,0.0,,2026-07-30T01:52:39.640052+08:00
662,2026-07-29,1542137.0,156781.0,80000.0,1778918.0,1259.0,7.0,-15.0,-2.0,,2026-07-30T01:52:39.640052+08:00
662,2026-08-03,-3890336.0,-384462.0,0.0,-4274798.0,1246.0,6.0,,,,2026-08-17T07:13:32.138446+08:00
662,2026-08-04,-482638.0,-1503885.0,0.0,-1986523.0,1256.0,6.0,10.0,0.0,,2026-08-17T07:13:32.138446+08:00
662,2026-08-05,-2248611.0,-1910028.0,0.0,-4158639.0,1170.0,7.0,-86.0,1.0,,2026-08-17T07:13:32.138446+08:00
662,2026-08-06,-1734819.0,-749887.0,0.0,-2484706.0,1171.0,7.0,1.0,0.0,,2026-08-17T07:13:32.138446+08:00
662,2026-08-07,-701227.0,16253.0,82000.0,-602974.0,1170.0,7.0,-1.0,0.0,,2026-08-17T07:13:32.138446+08:00
662,2026-08-10,-341098.0,-78584.0,0.0,-419682.0,1113.0,7.0,-57.0,0.0,,2026-08-17T07:13:32.138446+08:00
662,2026-08-11,-122375.0,35431.0,0.0,-86944.0,1106.0,7.0,-7.0,0.0,,2026-08-17T07:13:32.138446+08:00
662,2026-08-12,-1229772.0,-19903.0,90000.0,-1159675.0,1470.0,7.0,364.0,0.0,,2026-08-17T07:13:32.138446+08:00
662,2026-08-13,421370.0,-9775.0,0.0,411595.0,1468.0,7.0,-2.0,0.0,,2026-08-17T07:13:32.138446+08:00
662,2026-08-14,-2790040.0,-830974.0,0.0,-3621014.0,1469.0,7.0,1.0,0.0,,2026-08-17T07:13:32.138446+08:00
00662,2026-08-03,-3890336.0,-384462.0,0.0,-4274798.0,1246.0,6.0,,,,2026-08-17T15:09:32.389764+08:00
00662,2026-08-04,-482638.0,-1503885.0,0.0,-1986523.0,1256.0,6.0,10.0,0.0,,2026-08-17T15:09:32.389764+08:00
00662,2026-08-05,-2248611.0,-1910028.0,0.0,-4158639.0,1170.0,7.0,-86.0,1.0,,2026-08-17T15:09:32.389764+08:00
00662,2026-08-06,-1734819.0,-749887.0,0.0,-2484706.0,1171.0,7.0,1.0,0.0,,2026-08-17T15:09:32.389764+08:00
00662,2026-08-07,-701227.0,16253.0,82000.0,-602974.0,1170.0,7.0,-1.0,0.0,,2026-08-17T15:09:32.389764+08:00
00662,2026-08-10,-341098.0,-78584.0,0.0,-419682.0,1113.0,7.0,-57.0,0.0,,2026-08-17T15:09:32.389764+08:00
00662,2026-08-11,-122375.0,35431.0,0.0,-86944.0,1106.0,7.0,-7.0,0.0,,2026-08-17T15:09:32.389764+08:00
00662,2026-08-12,-1229772.0,-19903.0,90000.0,-1159675.0,1470.0,7.0,364.0,0.0,,2026-08-17T15:09:32.389764+08:00
00662,2026-08-13,421370.0,-9775.0,0.0,411595.0,1468.0,7.0,-2.0,0.0,,2026-08-17T15:09:32.389764+08:00
00662,2026-08-14,-2790040.0,-830974.0,0.0,-3621014.0,1469.0,7.0,1.0,0.0,,2026-08-17T15:09:32.389764+08:00
