stock_id,trade_date,dealer_net,foreign_net,investment_trust_net,institutional_net,margin_balance,short_balance,margin_change,short_change,securities_lending,updated_at
712,2016-02-05,-33000.0,31000.0,0.0,-2000.0,,,,,,2026-07-24T11:48:14.853730+08:00
712,2017-08-18,,,,,0.0,0.0,,,,2026-07-24T11:48:14.853730+08:00
712,2017-08-21,,,,,0.0,0.0,0.0,0.0,,2026-07-24T11:48:14.853730+08:00
712,2017-08-22,-88000.0,0.0,75000.0,-13000.0,0.0,0.0,0.0,0.0,,2026-07-24T11:48:14.853730+08:00
712,2017-08-23,-17000.0,0.0,11000.0,-6000.0,0.0,0.0,0.0,0.0,,2026-07-24T11:48:14.853730+08:00
712,2017-08-24,-19000.0,0.0,19000.0,0.0,0.0,0.0,0.0,0.0,,2026-07-24T11:48:14.853730+08:00
712,2017-08-25,-15000.0,0.0,15000.0,0.0,0.0,0.0,0.0,0.0,,2026-07-24T11:48:14.853730+08:00
712,2017-08-28,-16000.0,0.0,15000.0,-1000.0,0.0,0.0,0.0,0.0,,2026-07-24T11:48:14.853730+08:00
712,2017-08-29,130000.0,-149000.0,15000.0,-4000.0,0.0,0.0,0.0,0.0,,2026-07-24T11:48:14.853730+08:00
712,2017-08-30,1000.0,-1000.0,0.0,0.0,0.0,0.0,0.0,0.0,,2026-07-24T11:48:14.853730+08:00
712,2017-08-31,-3000.0,-2000.0,5000.0,0.0,0.0,0.0,0.0,0.0,,2026-07-24T11:48:14.853730+08:00
712,2017-09-01,80000.0,-87000.0,5000.0,-2000.0,0.0,0.0,0.0,0.0,,2026-07-24T11:48:14.853730+08:00
712,2017-09-04,80000.0,-82000.0,0.0,-2000.0,1.0,0.0,1.0,0.0,,2026-07-24T11:48:14.853730+08:00
712,2017-09-05,1000.0,-2000.0,1000.0,0.0,1.0,0.0,0.0,0.0,,2026-07-24T11:48:14.853730+08:00
712,2017-09-06,-92000.0,92000.0,0.0,0.0,1.0,0.0,0.0,0.0,,2026-07-24T11:48:14.853730+08:00
712,2017-09-07,19000.0,-23000.0,0.0,-4000.0,1.0,0.0,0.0,0.0,,2026-07-24T11:48:14.853730+08:00
712,2017-09-08,60000.0,-67000.0,5000.0,-2000.0,2.0,0.0,1.0,0.0,,2026-07-24T11:48:14.853730+08:00
712,2017-09-11,-119000.0,115000.0,0.0,-4000.0,2.0,0.0,0.0,0.0,,2026-07-24T11:48:14.853730+08:00
712,2017-09-12,-18000.0,-511000.0,0.0,-529000.0,2.0,0.0,0.0,0.0,,2026-07-24T11:48:14.853730+08:00
712,2017-09-13,22000.0,-283000.0,0.0,-261000.0,2.0,0.0,0.0,0.0,,2026-07-24T11:48:14.853730+08:00
712,2017-09-14,-4000.0,-552000.0,5000.0,-551000.0,2.0,0.0,0.0,0.0,,2026-07-24T11:48:14.853730+08:00
712,2017-09-15,40000.0,-448000.0,0.0,-408000.0,2.0,0.0,0.0,0.0,,2026-07-24T11:48:14.853730+08:00
712,2017-09-18,-21000.0,20000.0,0.0,-1000.0,2.0,0.0,0.0,0.0,,2026-07-24T11:48:14.853730+08:00
712,2017-09-19,-3000.0,-323000.0,0.0,-326000.0,2.0,0.0,0.0,0.0,,2026-07-24T11:48:14.853730+08:00
712,2017-09-20,-58000.0,-610000.0,0.0,-668000.0,0.0,0.0,-2.0,0.0,,2026-07-24T11:48:14.853730+08:00
712,2017-09-21,-20000.0,19000.0,0.0,-1000.0,0.0,0.0,0.0,0.0,,2026-07-24T11:48:14.853730+08:00
712,2017-09-22,20000.0,-606000.0,0.0,-586000.0,0.0,0.0,0.0,0.0,,2026-07-24T11:48:14.853730+08:00
712,2017-09-25,-21000.0,-600000.0,0.0,-621000.0,0.0,0.0,0.0,0.0,,2026-07-24T11:48:14.853730+08:00
712,2017-09-26,-46000.0,46000.0,0.0,0.0,0.0,0.0,0.0,0.0,,2026-07-24T11:48:14.853730+08:00
712,2017-09-27,-97000.0,96000.0,0.0,-1000.0,0.0,0.0,0.0,0.0,,2026-07-24T11:48:14.853730+08:00
712,2017-09-28,-100000.0,61000.0,0.0,-39000.0,20.0,0.0,20.0,0.0,,2026-07-24T11:48:14.853730+08:00
712,2017-09-29,-21000.0,23000.0,0.0,2000.0,21.0,0.0,1.0,0.0,,2026-07-24T11:48:14.853730+08:00
712,2017-09-30,-1000.0,23000.0,0.0,22000.0,0.0,0.0,-21.0,0.0,,2026-07-24T11:48:14.853730+08:00
712,2017-10-02,-1000.0,0.0,0.0,-1000.0,0.0,0.0,0.0,0.0,,2026-07-24T11:48:14.853730+08:00
712,2017-10-03,,,,,0.0,0.0,0.0,0.0,,2026-07-24T11:48:14.853730+08:00
712,2017-10-05,1000.0,-1000.0,0.0,0.0,0.0,0.0,0.0,0.0,,2026-07-24T11:48:14.853730+08:00
712,2017-10-06,55000.0,-55000.0,0.0,0.0,0.0,0.0,0.0,0.0,,2026-07-24T11:48:14.853730+08:00
712,2017-10-11,-12000.0,0.0,0.0,-12000.0,0.0,0.0,0.0,0.0,,2026-07-24T11:48:14.853730+08:00
712,2017-10-12,-1000.0,0.0,0.0,-1000.0,0.0,0.0,0.0,0.0,,2026-07-24T11:48:14.853730+08:00
712,2017-10-13,-1000.0,0.0,0.0,-1000.0,0.0,0.0,0.0,0.0,,2026-07-24T11:48:14.853730+08:00
712,2017-10-16,-61000.0,70000.0,0.0,9000.0,0.0,0.0,0.0,0.0,,2026-07-24T11:48:14.853730+08:00
712,2017-10-17,0.0,-9556000.0,0.0,-9556000.0,8.0,0.0,8.0,0.0,,2026-07-24T11:48:14.853730+08:00
712,2017-10-18,21000.0,-20000.0,0.0,1000.0,8.0,0.0,0.0,0.0,,2026-07-24T11:48:14.853730+08:00
712,2017-10-19,-38000.0,37000.0,0.0,-1000.0,8.0,0.0,0.0,0.0,,2026-07-24T11:48:14.853730+08:00
712,2017-10-20,-40000.0,58000.0,0.0,18000.0,0.0,0.0,-8.0,0.0,,2026-07-24T11:48:14.853730+08:00
712,2017-10-23,,,,,0.0,0.0,0.0,0.0,,2026-07-24T11:48:14.853730+08:00
712,2017-10-24,40000.0,-50000.0,0.0,-10000.0,0.0,0.0,0.0,0.0,,2026-07-24T11:48:14.853730+08:00
712,2017-10-25,-7000.0,-18000.0,0.0,-25000.0,8.0,0.0,8.0,0.0,,2026-07-24T11:48:14.853730+08:00
712,2017-10-26,192000.0,-550000.0,0.0,-358000.0,9.0,0.0,1.0,0.0,,2026-07-24T11:48:14.853730+08:00
712,2017-10-27,-3000.0,-7000.0,0.0,-10000.0,10.0,0.0,1.0,0.0,,2026-07-24T11:48:14.853730+08:00
712,2017-10-30,131000.0,-4911000.0,0.0,-4780000.0,10.0,0.0,0.0,0.0,,2026-07-24T11:48:14.853730+08:00
712,2017-10-31,35000.0,-154000.0,0.0,-119000.0,11.0,0.0,1.0,0.0,,2026-07-24T11:48:14.853730+08:00
712,2017-11-01,1000.0,0.0,0.0,1000.0,11.0,0.0,0.0,0.0,,2026-07-24T11:48:14.853730+08:00
712,2017-11-02,42000.0,-386000.0,0.0,-344000.0,19.0,0.0,8.0,0.0,,2026-07-24T11:48:14.853730+08:00
712,2017-11-03,5000.0,-16000.0,0.0,-11000.0,20.0,0.0,1.0,0.0,,2026-07-24T11:48:14.853730+08:00
712,2017-11-06,20000.0,-2331000.0,0.0,-2311000.0,21.0,0.0,1.0,0.0,,2026-07-24T11:48:14.853730+08:00
712,2017-11-07,-2000.0,-19000.0,0.0,-21000.0,22.0,0.0,1.0,0.0,,2026-07-24T11:48:14.853730+08:00
712,2017-11-08,20000.0,-127000.0,0.0,-107000.0,26.0,0.0,4.0,0.0,,2026-07-24T11:48:14.853730+08:00
712,2017-11-09,30000.0,-2349000.0,0.0,-2319000.0,26.0,0.0,0.0,0.0,,2026-07-24T11:48:14.853730+08:00
712,2017-11-10,2000.0,0.0,0.0,2000.0,26.0,0.0,0.0,0.0,,2026-07-24T11:48:14.853730+08:00
712,2017-11-13,9000.0,-9000.0,0.0,0.0,26.0,0.0,0.0,0.0,,2026-07-24T11:48:14.853730+08:00
712,2017-11-14,23000.0,-32000.0,0.0,-9000.0,26.0,0.0,0.0,0.0,,2026-07-24T11:48:14.853730+08:00
712,2017-11-15,0.0,-11000.0,0.0,-11000.0,37.0,0.0,11.0,0.0,,2026-07-24T11:48:14.853730+08:00
712,2017-11-16,,,,,37.0,0.0,0.0,0.0,,2026-07-24T11:48:14.853730+08:00
712,2017-11-17,,,,,37.0,0.0,0.0,0.0,,2026-07-24T11:48:14.853730+08:00
712,2017-11-20,,,,,37.0,0.0,0.0,0.0,,2026-07-24T11:48:14.853730+08:00
712,2017-11-21,14000.0,0.0,0.0,14000.0,37.0,0.0,0.0,0.0,,2026-07-24T11:48:14.853730+08:00
712,2017-11-22,30000.0,-22000.0,0.0,8000.0,37.0,0.0,0.0,0.0,,2026-07-24T11:48:14.853730+08:00
712,2017-11-23,-23000.0,22000.0,0.0,-1000.0,37.0,0.0,0.0,0.0,,2026-07-24T11:48:14.853730+08:00
712,2017-11-24,1000.0,0.0,0.0,1000.0,37.0,0.0,0.0,0.0,,2026-07-24T11:48:14.853730+08:00
712,2017-11-27,6000.0,0.0,0.0,6000.0,37.0,0.0,0.0,0.0,,2026-07-24T11:48:14.853730+08:00
712,2017-11-28,0.0,3000.0,0.0,3000.0,37.0,0.0,0.0,0.0,,2026-07-24T11:48:14.853730+08:00
712,2017-11-29,-1000.0,0.0,0.0,-1000.0,37.0,0.0,0.0,0.0,,2026-07-24T11:48:14.853730+08:00
712,2017-11-30,-2000.0,2000.0,0.0,0.0,37.0,0.0,0.0,0.0,,2026-07-24T11:48:14.853730+08:00
712,2017-12-01,2000.0,0.0,0.0,2000.0,37.0,0.0,0.0,0.0,,2026-07-24T11:48:14.853730+08:00
712,2017-12-04,,,,,37.0,0.0,0.0,0.0,,2026-07-24T11:48:14.853730+08:00
712,2017-12-05,20000.0,-23000.0,0.0,-3000.0,37.0,0.0,0.0,0.0,,2026-07-24T11:48:14.853730+08:00
712,2017-12-06,20000.0,-28000.0,0.0,-8000.0,37.0,0.0,0.0,0.0,,2026-07-24T11:48:14.853730+08:00
712,2017-12-07,10000.0,-10000.0,0.0,0.0,37.0,0.0,0.0,0.0,,2026-07-24T11:48:14.853730+08:00
712,2017-12-08,-10000.0,12000.0,0.0,2000.0,36.0,0.0,-1.0,0.0,,2026-07-24T11:48:14.853730+08:00
712,2017-12-11,-10000.0,11000.0,0.0,1000.0,36.0,0.0,0.0,0.0,,2026-07-24T11:48:14.853730+08:00
712,2017-12-12,-14000.0,9000.0,0.0,-5000.0,36.0,0.0,0.0,0.0,,2026-07-24T11:48:14.853730+08:00
712,2017-12-13,10000.0,-10000.0,0.0,0.0,36.0,0.0,0.0,0.0,,2026-07-24T11:48:14.853730+08:00
712,2017-12-14,-10000.0,7000.0,0.0,-3000.0,36.0,0.0,0.0,0.0,,2026-07-24T11:48:14.853730+08:00
712,2017-12-15,0.0,4000.0,0.0,4000.0,36.0,0.0,0.0,0.0,,2026-07-24T11:48:14.853730+08:00
712,2017-12-18,-33000.0,31000.0,0.0,-2000.0,35.0,0.0,-1.0,0.0,,2026-07-24T11:48:14.853730+08:00
712,2017-12-19,17000.0,-19000.0,0.0,-2000.0,35.0,0.0,0.0,0.0,,2026-07-24T11:48:14.853730+08:00
712,2017-12-20,55000.0,-70000.0,0.0,-15000.0,41.0,0.0,6.0,0.0,,2026-07-24T11:48:14.853730+08:00
712,2017-12-21,2000.0,-2000.0,0.0,0.0,41.0,0.0,0.0,0.0,,2026-07-24T11:48:14.853730+08:00
712,2017-12-22,14000.0,-13000.0,0.0,1000.0,40.0,0.0,-1.0,0.0,,2026-07-24T11:48:14.853730+08:00
712,2017-12-25,20000.0,-20000.0,0.0,0.0,40.0,0.0,0.0,0.0,,2026-07-24T11:48:14.853730+08:00
712,2017-12-26,60000.0,-62000.0,0.0,-2000.0,41.0,0.0,1.0,0.0,,2026-07-24T11:48:14.853730+08:00
712,2017-12-27,82000.0,-80000.0,0.0,2000.0,41.0,0.0,0.0,0.0,,2026-07-24T11:48:14.853730+08:00
712,2017-12-28,35000.0,-36000.0,0.0,-1000.0,41.0,0.0,0.0,0.0,,2026-07-24T11:48:14.853730+08:00
712,2017-12-29,-129000.0,136000.0,0.0,7000.0,40.0,0.0,-1.0,0.0,,2026-07-24T11:48:14.853730+08:00
712,2018-01-02,,,,,40.0,0.0,0.0,0.0,,2026-07-24T11:48:14.853730+08:00
712,2018-01-03,-20000.0,0.0,0.0,-20000.0,40.0,0.0,0.0,0.0,,2026-07-24T11:48:14.853730+08:00
712,2018-01-04,88000.0,-212000.0,0.0,-124000.0,40.0,0.0,0.0,0.0,,2026-07-24T11:48:14.853730+08:00
712,2018-01-05,88000.0,-25093000.0,0.0,-25005000.0,40.0,0.0,0.0,0.0,,2026-07-24T11:48:14.853730+08:00
712,2018-01-08,-9000.0,0.0,0.0,-9000.0,40.0,0.0,0.0,0.0,,2026-07-24T11:48:14.853730+08:00
712,2018-01-09,-25002000.0,0.0,0.0,-25002000.0,40.0,0.0,0.0,0.0,,2026-07-24T11:48:14.853730+08:00
712,2018-01-10,-16000.0,0.0,0.0,-16000.0,40.0,0.0,0.0,0.0,,2026-07-24T11:48:14.853730+08:00
712,2018-01-11,-8000.0,-24992000.0,0.0,-25000000.0,40.0,0.0,0.0,0.0,,2026-07-24T11:48:14.853730+08:00
712,2018-01-12,-19000.0,24000.0,0.0,5000.0,40.0,0.0,0.0,0.0,,2026-07-24T11:48:14.853730+08:00
712,2018-01-15,-3000.0,-10000.0,0.0,-13000.0,40.0,0.0,0.0,0.0,,2026-07-24T11:48:14.853730+08:00
712,2018-01-16,2000.0,8000.0,0.0,10000.0,30.0,0.0,-10.0,0.0,,2026-07-24T11:48:14.853730+08:00
712,2018-01-17,-6000.0,0.0,-10000.0,-16000.0,30.0,0.0,0.0,0.0,,2026-07-24T11:48:14.853730+08:00
712,2018-01-18,-24941000.0,-70000.0,0.0,-25011000.0,34.0,0.0,4.0,0.0,,2026-07-24T11:48:14.853730+08:00
712,2018-01-19,108000.0,-129000.0,-20000.0,-41000.0,37.0,0.0,3.0,0.0,,2026-07-24T11:48:14.853730+08:00
712,2018-01-22,21000.0,-22000.0,0.0,-1000.0,37.0,0.0,0.0,0.0,,2026-07-24T11:48:14.853730+08:00
712,2018-01-23,-10000.0,19000.0,-13000.0,-4000.0,37.0,0.0,0.0,0.0,,2026-07-24T11:48:14.853730+08:00
712,2018-01-24,-19000.0,0.0,-20000.0,-39000.0,39.0,0.0,2.0,0.0,,2026-07-24T11:48:14.853730+08:00
712,2018-01-25,-20000.0,30000.0,-4000.0,6000.0,39.0,0.0,0.0,0.0,,2026-07-24T11:48:14.853730+08:00
712,2018-01-26,-2000.0,0.0,-9000.0,-11000.0,39.0,0.0,0.0,0.0,,2026-07-24T11:48:14.853730+08:00
712,2018-01-29,,,,,39.0,0.0,0.0,0.0,,2026-07-24T11:48:14.853730+08:00
712,2018-01-30,28000.0,-57000.0,0.0,-29000.0,39.0,0.0,0.0,0.0,,2026-07-24T11:48:14.853730+08:00
712,2018-01-31,-30000.0,80000.0,-53000.0,-3000.0,39.0,0.0,0.0,0.0,,2026-07-24T11:48:14.853730+08:00
712,2018-02-01,-1000.0,-13000.0,0.0,-14000.0,42.0,0.0,3.0,0.0,,2026-07-24T11:48:14.853730+08:00
712,2018-02-02,10000.0,-13000.0,0.0,-3000.0,42.0,0.0,0.0,0.0,,2026-07-24T11:48:14.853730+08:00
712,2018-02-05,28000.0,-37000.0,0.0,-9000.0,42.0,0.0,0.0,0.0,,2026-07-24T11:48:14.853730+08:00
712,2018-02-06,56000.0,-67000.0,0.0,-11000.0,42.0,0.0,0.0,0.0,,2026-07-24T11:48:14.853730+08:00
712,2018-02-07,1000.0,0.0,0.0,1000.0,42.0,0.0,0.0,0.0,,2026-07-24T11:48:14.853730+08:00
712,2018-02-08,-10000.0,10000.0,0.0,0.0,42.0,0.0,0.0,0.0,,2026-07-24T11:48:14.853730+08:00
712,2018-02-09,-54000.0,-10000.0,0.0,-64000.0,42.0,0.0,0.0,0.0,,2026-07-24T11:48:14.853730+08:00
712,2018-02-12,1000.0,0.0,0.0,1000.0,42.0,0.0,0.0,0.0,,2026-07-24T11:48:14.853730+08:00
712,2018-02-21,-6000.0,0.0,0.0,-6000.0,42.0,0.0,0.0,0.0,,2026-07-24T11:48:14.853730+08:00
712,2018-02-22,-49988000.0,0.0,0.0,-49988000.0,42.0,0.0,0.0,0.0,,2026-07-24T11:48:14.853730+08:00
712,2018-02-23,-1000.0,0.0,0.0,-1000.0,42.0,0.0,0.0,0.0,,2026-07-24T11:48:14.853730+08:00
712,2018-02-26,-1000.0,0.0,0.0,-1000.0,42.0,0.0,0.0,0.0,,2026-07-24T11:48:14.853730+08:00
712,2018-02-27,-24992000.0,0.0,0.0,-24992000.0,42.0,0.0,0.0,0.0,,2026-07-24T11:48:14.853730+08:00
712,2018-03-01,-13000.0,0.0,0.0,-13000.0,42.0,0.0,0.0,0.0,,2026-07-24T11:48:14.853730+08:00
712,2018-03-02,-122000.0,24000.0,0.0,-98000.0,44.0,0.0,2.0,0.0,,2026-07-24T11:48:14.853730+08:00
712,2018-03-05,15000.0,-18000.0,0.0,-3000.0,44.0,0.0,0.0,0.0,,2026-07-24T11:48:14.853730+08:00
712,2018-03-06,12000.0,-6000.0,0.0,6000.0,44.0,0.0,0.0,0.0,,2026-07-24T11:48:14.853730+08:00
712,2018-03-07,-24998000.0,0.0,0.0,-24998000.0,44.0,0.0,0.0,0.0,,2026-07-24T11:48:14.853730+08:00
712,2018-03-08,-2000.0,7000.0,0.0,5000.0,44.0,0.0,0.0,0.0,,2026-07-24T11:48:14.853730+08:00
712,2018-03-09,-10000.0,22000.0,0.0,12000.0,44.0,0.0,0.0,0.0,,2026-07-24T11:48:14.853730+08:00
712,2018-03-12,1000.0,0.0,0.0,1000.0,47.0,0.0,3.0,0.0,,2026-07-24T11:48:14.853730+08:00
712,2018-03-13,-75002000.0,2000.0,0.0,-75000000.0,47.0,0.0,0.0,0.0,,2026-07-24T11:48:14.853730+08:00
712,2018-03-14,16000.0,40000.0,0.0,56000.0,5.0,0.0,-42.0,0.0,,2026-07-24T11:48:14.853730+08:00
712,2018-03-15,-75020000.0,27000.0,0.0,-74993000.0,5.0,0.0,0.0,0.0,,2026-07-24T11:48:14.853730+08:00
712,2018-03-16,-2000.0,-2000.0,0.0,-4000.0,5.0,0.0,0.0,0.0,,2026-07-24T11:48:14.853730+08:00
712,2018-03-19,2000.0,0.0,0.0,2000.0,5.0,0.0,0.0,0.0,,2026-07-24T11:48:14.853730+08:00
712,2018-03-20,2000.0,-2000.0,0.0,0.0,5.0,0.0,0.0,0.0,,2026-07-24T11:48:14.853730+08:00
712,2018-03-21,-5000.0,5000.0,0.0,0.0,5.0,0.0,0.0,0.0,,2026-07-24T11:48:14.853730+08:00
712,2018-03-22,,,,,5.0,0.0,0.0,0.0,,2026-07-24T11:48:14.853730+08:00
712,2018-03-23,-24998000.0,-2000.0,0.0,-25000000.0,5.0,0.0,0.0,0.0,,2026-07-24T11:48:14.853730+08:00
712,2018-03-26,-3000.0,0.0,0.0,-3000.0,5.0,0.0,0.0,0.0,,2026-07-24T11:48:14.853730+08:00
712,2018-03-27,-2000.0,0.0,0.0,-2000.0,5.0,0.0,0.0,0.0,,2026-07-24T11:48:14.853730+08:00
712,2018-03-28,-49995000.0,0.0,0.0,-49995000.0,5.0,0.0,0.0,0.0,,2026-07-24T11:48:14.853730+08:00
712,2018-03-29,-40000.0,50000.0,0.0,10000.0,5.0,0.0,0.0,0.0,,2026-07-24T11:48:14.853730+08:00
712,2018-03-30,-3000.0,0.0,0.0,-3000.0,5.0,0.0,0.0,0.0,,2026-07-24T11:48:14.853730+08:00
712,2018-03-31,3000.0,0.0,0.0,3000.0,5.0,0.0,0.0,0.0,,2026-07-24T11:48:14.853730+08:00
712,2018-04-02,1000.0,0.0,0.0,1000.0,5.0,0.0,0.0,0.0,,2026-07-24T11:48:14.853730+08:00
712,2018-04-03,1000.0,-1000.0,0.0,0.0,5.0,0.0,0.0,0.0,,2026-07-24T11:48:14.853730+08:00
712,2018-04-09,1000.0,2000.0,0.0,3000.0,3.0,0.0,-2.0,0.0,,2026-07-24T11:48:14.853730+08:00
712,2018-04-10,10000.0,-10000.0,0.0,0.0,3.0,0.0,0.0,0.0,,2026-07-24T11:48:14.853730+08:00
712,2018-04-11,50000.0,-53000.0,0.0,-3000.0,3.0,0.0,0.0,0.0,,2026-07-24T11:48:14.853730+08:00
712,2018-04-12,-30000.0,30000.0,0.0,0.0,3.0,0.0,0.0,0.0,,2026-07-24T11:48:14.853730+08:00
712,2018-04-13,-3000.0,3000.0,0.0,0.0,3.0,0.0,0.0,0.0,,2026-07-24T11:48:14.853730+08:00
712,2018-04-16,-10000.0,10000.0,0.0,0.0,3.0,0.0,0.0,0.0,,2026-07-24T11:48:14.853730+08:00
712,2018-04-17,3000.0,5000.0,0.0,8000.0,3.0,0.0,0.0,0.0,,2026-07-24T11:48:14.853730+08:00
712,2018-04-18,8000.0,1000.0,0.0,9000.0,3.0,0.0,0.0,0.0,,2026-07-24T11:48:14.853730+08:00
712,2018-04-19,-1000.0,2000.0,0.0,1000.0,3.0,0.0,0.0,0.0,,2026-07-24T11:48:14.853730+08:00
712,2018-04-20,0.0,0.0,0.0,0.0,3.0,0.0,0.0,0.0,,2026-07-24T11:48:14.853730+08:00
712,2018-04-23,1000.0,4000.0,0.0,5000.0,2.0,0.0,-1.0,0.0,,2026-07-24T11:48:14.853730+08:00
712,2018-04-24,-9000.0,11000.0,0.0,2000.0,2.0,0.0,0.0,0.0,,2026-07-24T11:48:14.853730+08:00
712,2018-04-25,40000.0,-40000.0,0.0,0.0,2.0,0.0,0.0,0.0,,2026-07-24T11:48:14.853730+08:00
712,2018-04-26,52000.0,-50000.0,0.0,2000.0,2.0,0.0,0.0,0.0,,2026-07-24T11:48:14.853730+08:00
712,2018-04-27,53000.0,-30000.0,0.0,23000.0,2.0,0.0,0.0,0.0,,2026-07-24T11:48:14.853730+08:00
712,2018-04-30,10000.0,-10000.0,0.0,0.0,2.0,0.0,0.0,0.0,,2026-07-24T11:48:14.853730+08:00
712,2018-05-02,-42000.0,42000.0,0.0,0.0,2.0,0.0,0.0,0.0,,2026-07-24T11:48:14.853730+08:00
712,2018-05-03,-10000.0,10000.0,0.0,0.0,2.0,0.0,0.0,0.0,,2026-07-24T11:48:14.853730+08:00
712,2018-05-04,17000.0,-11000.0,0.0,6000.0,2.0,0.0,0.0,0.0,,2026-07-24T11:48:14.853730+08:00
712,2018-05-07,6000.0,15000.0,0.0,21000.0,2.0,0.0,0.0,0.0,,2026-07-24T11:48:14.853730+08:00
712,2018-05-08,-3000.0,4000.0,0.0,1000.0,2.0,0.0,0.0,0.0,,2026-07-24T11:48:14.853730+08:00
712,2018-05-09,-60000.0,60000.0,0.0,0.0,2.0,0.0,0.0,0.0,,2026-07-24T11:48:14.853730+08:00
712,2018-05-10,40000.0,-8000.0,0.0,32000.0,0.0,0.0,-2.0,0.0,,2026-07-24T11:48:14.853730+08:00
712,2018-05-11,21000.0,-14000.0,0.0,7000.0,0.0,0.0,0.0,0.0,,2026-07-24T11:48:14.853730+08:00
712,2018-05-14,-10000.0,10000.0,0.0,0.0,0.0,0.0,0.0,0.0,,2026-07-24T11:48:14.853730+08:00
712,2018-05-15,46000.0,39000.0,0.0,85000.0,0.0,0.0,0.0,0.0,,2026-07-24T11:48:14.853730+08:00
712,2018-05-16,0.0,-1000.0,0.0,-1000.0,0.0,0.0,0.0,0.0,,2026-07-24T11:48:14.853730+08:00
712,2018-05-17,13000.0,16000.0,0.0,29000.0,0.0,0.0,0.0,0.0,,2026-07-24T11:48:14.853730+08:00
712,2018-05-18,0.0,1000.0,0.0,1000.0,0.0,0.0,0.0,0.0,,2026-07-24T11:48:14.853730+08:00
712,2018-05-21,-19000.0,66000.0,0.0,47000.0,0.0,0.0,0.0,0.0,,2026-07-24T11:48:14.853730+08:00
712,2018-05-22,42000.0,-42000.0,0.0,0.0,0.0,0.0,0.0,0.0,,2026-07-24T11:48:14.853730+08:00
712,2018-05-23,-10000.0,14000.0,0.0,4000.0,0.0,0.0,0.0,0.0,,2026-07-24T11:48:14.853730+08:00
712,2018-05-24,67000.0,-60000.0,0.0,7000.0,0.0,0.0,0.0,0.0,,2026-07-24T11:48:14.853730+08:00
712,2018-05-25,-20000.0,21000.0,0.0,1000.0,0.0,0.0,0.0,0.0,,2026-07-24T11:48:14.853730+08:00
712,2018-05-28,-3000.0,-2000.0,0.0,-5000.0,0.0,0.0,0.0,0.0,,2026-07-24T11:48:14.853730+08:00
712,2018-05-29,-50000.0,50000.0,0.0,0.0,0.0,0.0,0.0,0.0,,2026-07-24T11:48:14.853730+08:00
712,2018-05-30,30000.0,-30000.0,0.0,0.0,0.0,0.0,0.0,0.0,,2026-07-24T11:48:14.853730+08:00
712,2018-05-31,87000.0,-82000.0,0.0,5000.0,0.0,0.0,0.0,0.0,,2026-07-24T11:48:14.853730+08:00
712,2018-06-01,-10000.0,9000.0,0.0,-1000.0,0.0,0.0,0.0,0.0,,2026-07-24T11:48:14.853730+08:00
712,2018-06-04,10000.0,-10000.0,0.0,0.0,0.0,0.0,0.0,0.0,,2026-07-24T11:48:14.853730+08:00
712,2018-06-05,3000.0,-3000.0,0.0,0.0,0.0,0.0,0.0,0.0,,2026-07-24T11:48:14.853730+08:00
712,2018-06-06,0.0,0.0,0.0,0.0,0.0,0.0,0.0,0.0,,2026-07-24T11:48:14.853730+08:00
712,2018-06-07,29000.0,-29000.0,0.0,0.0,0.0,0.0,0.0,0.0,,2026-07-24T11:48:14.853730+08:00
712,2018-06-08,0.0,0.0,0.0,0.0,0.0,0.0,0.0,0.0,,2026-07-24T11:48:14.853730+08:00
712,2018-06-11,1000.0,0.0,0.0,1000.0,0.0,0.0,0.0,0.0,,2026-07-24T11:48:14.853730+08:00
712,2018-06-12,0.0,0.0,0.0,0.0,0.0,0.0,0.0,0.0,,2026-07-24T11:48:14.853730+08:00
712,2018-06-13,-2000.0,1000.0,0.0,-1000.0,0.0,0.0,0.0,0.0,,2026-07-24T11:48:14.853730+08:00
712,2018-06-14,-9000.0,9000.0,0.0,0.0,0.0,0.0,0.0,0.0,,2026-07-24T11:48:14.853730+08:00
712,2018-06-15,-100000.0,101000.0,0.0,1000.0,0.0,0.0,0.0,0.0,,2026-07-24T11:48:14.853730+08:00
712,2018-06-19,-181000.0,181000.0,0.0,0.0,0.0,0.0,0.0,0.0,,2026-07-24T11:48:14.853730+08:00
712,2018-06-20,111000.0,-122000.0,0.0,-11000.0,0.0,0.0,0.0,0.0,,2026-07-24T11:48:14.853730+08:00
712,2018-06-21,-30000.0,20000.0,0.0,-10000.0,0.0,0.0,0.0,0.0,,2026-07-24T11:48:14.853730+08:00
712,2018-06-22,-22000.0,22000.0,0.0,0.0,0.0,0.0,0.0,0.0,,2026-07-24T11:48:14.853730+08:00
712,2018-06-25,0.0,0.0,0.0,0.0,0.0,0.0,0.0,0.0,,2026-07-24T11:48:14.853730+08:00
712,2018-06-26,1000.0,-1000.0,0.0,0.0,0.0,0.0,0.0,0.0,,2026-07-24T11:48:14.853730+08:00
712,2018-06-27,1000.0,-1000.0,0.0,0.0,0.0,0.0,0.0,0.0,,2026-07-24T11:48:14.853730+08:00
712,2018-06-28,-3000.0,0.0,0.0,-3000.0,0.0,0.0,0.0,0.0,,2026-07-24T11:48:14.853730+08:00
712,2018-06-29,0.0,0.0,0.0,0.0,0.0,0.0,0.0,0.0,,2026-07-24T11:48:14.853730+08:00
712,2018-07-02,21000.0,-22000.0,0.0,-1000.0,0.0,0.0,0.0,0.0,,2026-07-24T11:48:14.853730+08:00
712,2018-07-03,-9000.0,9000.0,0.0,0.0,0.0,0.0,0.0,0.0,,2026-07-24T11:48:14.853730+08:00
712,2018-07-04,-32000.0,31000.0,0.0,-1000.0,0.0,0.0,0.0,0.0,,2026-07-24T11:48:14.853730+08:00
712,2018-07-05,-41000.0,40000.0,0.0,-1000.0,0.0,0.0,0.0,0.0,,2026-07-24T11:48:14.853730+08:00
712,2018-07-06,2000.0,-1000.0,0.0,1000.0,0.0,0.0,0.0,0.0,,2026-07-24T11:48:14.853730+08:00
712,2018-07-09,18000.0,-19000.0,0.0,-1000.0,0.0,0.0,0.0,0.0,,2026-07-24T11:48:14.853730+08:00
712,2018-07-10,-4000.0,0.0,0.0,-4000.0,0.0,0.0,0.0,0.0,,2026-07-24T11:48:14.853730+08:00
712,2018-07-11,-1000.0,0.0,0.0,-1000.0,0.0,0.0,0.0,0.0,,2026-07-24T11:48:14.853730+08:00
712,2018-07-12,-40000.0,53000.0,0.0,13000.0,0.0,0.0,0.0,0.0,,2026-07-24T11:48:14.853730+08:00
712,2018-07-13,-2000.0,-6000.0,0.0,-8000.0,0.0,0.0,0.0,0.0,,2026-07-24T11:48:14.853730+08:00
712,2018-07-16,2000.0,-3000.0,0.0,-1000.0,0.0,0.0,0.0,0.0,,2026-07-24T11:48:14.853730+08:00
712,2018-07-17,-1000.0,0.0,0.0,-1000.0,0.0,0.0,0.0,0.0,,2026-07-24T11:48:14.853730+08:00
712,2018-07-18,-1000.0,0.0,0.0,-1000.0,0.0,0.0,0.0,0.0,,2026-07-24T11:48:14.853730+08:00
712,2018-07-19,0.0,0.0,0.0,0.0,0.0,0.0,0.0,0.0,,2026-07-24T11:48:14.853730+08:00
712,2018-07-20,-29000.0,30000.0,0.0,1000.0,1.0,0.0,1.0,0.0,,2026-07-24T11:48:14.853730+08:00
712,2018-07-23,39000.0,-40000.0,0.0,-1000.0,1.0,0.0,0.0,0.0,,2026-07-24T11:48:14.853730+08:00
712,2018-07-24,-10000.0,10000.0,0.0,0.0,1.0,0.0,0.0,0.0,,2026-07-24T11:48:14.853730+08:00
712,2018-07-25,2000.0,-3000.0,0.0,-1000.0,1.0,0.0,0.0,0.0,,2026-07-24T11:48:14.853730+08:00
712,2018-07-26,1000.0,-2000.0,0.0,-1000.0,0.0,0.0,-1.0,0.0,,2026-07-24T11:48:14.853730+08:00
712,2018-07-27,0.0,0.0,0.0,0.0,0.0,0.0,0.0,0.0,,2026-07-24T11:48:14.853730+08:00
712,2018-07-30,1000.0,-1000.0,0.0,0.0,0.0,0.0,0.0,0.0,,2026-07-24T11:48:14.853730+08:00
712,2018-07-31,1000.0,1000.0,0.0,2000.0,0.0,0.0,0.0,0.0,,2026-07-24T11:48:14.853730+08:00
712,2018-08-01,70000.0,-71000.0,0.0,-1000.0,0.0,0.0,0.0,0.0,,2026-07-24T11:48:14.853730+08:00
712,2018-08-02,-21000.0,10000.0,0.0,-11000.0,0.0,0.0,0.0,0.0,,2026-07-24T11:48:14.853730+08:00
712,2018-08-03,-3000.0,0.0,0.0,-3000.0,0.0,0.0,0.0,0.0,,2026-07-24T11:48:14.853730+08:00
712,2018-08-06,1000.0,-13000.0,0.0,-12000.0,0.0,0.0,0.0,0.0,,2026-07-24T11:48:14.853730+08:00
712,2018-08-07,-4000.0,0.0,0.0,-4000.0,0.0,0.0,0.0,0.0,,2026-07-24T11:48:14.853730+08:00
712,2018-08-08,-14000.0,10000.0,0.0,-4000.0,0.0,0.0,0.0,0.0,,2026-07-24T11:48:14.853730+08:00
712,2018-08-09,-1000.0,2000.0,0.0,1000.0,0.0,0.0,0.0,0.0,,2026-07-24T11:48:14.853730+08:00
712,2018-08-10,-2000.0,0.0,0.0,-2000.0,0.0,0.0,0.0,0.0,,2026-07-24T11:48:14.853730+08:00
712,2018-08-13,-40000.0,41000.0,0.0,1000.0,0.0,0.0,0.0,0.0,,2026-07-24T11:48:14.853730+08:00
712,2018-08-14,3000.0,-1000.0,0.0,2000.0,0.0,0.0,0.0,0.0,,2026-07-24T11:48:14.853730+08:00
712,2018-08-15,-2000.0,0.0,0.0,-2000.0,0.0,0.0,0.0,0.0,,2026-07-24T11:48:14.853730+08:00
712,2018-08-16,2000.0,-7000.0,0.0,-5000.0,0.0,0.0,0.0,0.0,,2026-07-24T11:48:14.853730+08:00
712,2018-08-17,24000.0,0.0,0.0,24000.0,0.0,0.0,0.0,0.0,,2026-07-24T11:48:14.853730+08:00
712,2018-08-20,6000.0,0.0,0.0,6000.0,0.0,0.0,0.0,0.0,,2026-07-24T11:48:14.853730+08:00
712,2018-08-21,2000.0,0.0,0.0,2000.0,0.0,0.0,0.0,0.0,,2026-07-24T11:48:14.853730+08:00
712,2018-08-22,0.0,6000.0,0.0,6000.0,0.0,0.0,0.0,0.0,,2026-07-24T11:48:14.853730+08:00
712,2018-08-23,-10000.0,10000.0,0.0,0.0,0.0,0.0,0.0,0.0,,2026-07-24T11:48:14.853730+08:00
712,2018-08-24,0.0,0.0,0.0,0.0,0.0,0.0,0.0,0.0,,2026-07-24T11:48:14.853730+08:00
712,2018-08-27,-2000.0,-2000.0,0.0,-4000.0,0.0,0.0,0.0,0.0,,2026-07-24T11:48:14.853730+08:00
712,2018-08-28,2000.0,-2000.0,0.0,0.0,0.0,0.0,0.0,0.0,,2026-07-24T11:48:14.853730+08:00
712,2018-08-29,-1000.0,0.0,0.0,-1000.0,0.0,0.0,0.0,0.0,,2026-07-24T11:48:14.853730+08:00
712,2018-08-30,1000.0,-1000.0,0.0,0.0,0.0,0.0,0.0,0.0,,2026-07-24T11:48:14.853730+08:00
712,2018-08-31,0.0,0.0,0.0,0.0,0.0,0.0,0.0,0.0,,2026-07-24T11:48:14.853730+08:00
712,2018-09-03,0.0,-1000.0,0.0,-1000.0,0.0,0.0,0.0,0.0,,2026-07-24T11:48:14.853730+08:00
712,2018-09-04,0.0,0.0,0.0,0.0,0.0,0.0,0.0,0.0,,2026-07-24T11:48:14.853730+08:00
712,2018-09-05,2000.0,-2000.0,0.0,0.0,0.0,0.0,0.0,0.0,,2026-07-24T11:48:14.853730+08:00
712,2018-09-06,3000.0,-1000.0,0.0,2000.0,0.0,0.0,0.0,0.0,,2026-07-24T11:48:14.853730+08:00
712,2018-09-07,-1000.0,5000.0,0.0,4000.0,0.0,0.0,0.0,0.0,,2026-07-24T11:48:14.853730+08:00
712,2018-09-10,0.0,0.0,0.0,0.0,0.0,0.0,0.0,0.0,,2026-07-24T11:48:14.853730+08:00
712,2018-09-11,1000.0,-1000.0,0.0,0.0,0.0,0.0,0.0,0.0,,2026-07-24T11:48:14.853730+08:00
712,2018-09-12,35000.0,-39000.0,0.0,-4000.0,0.0,0.0,0.0,0.0,,2026-07-24T11:48:14.853730+08:00
712,2018-09-13,-5000.0,0.0,0.0,-5000.0,0.0,0.0,0.0,0.0,,2026-07-24T11:48:14.853730+08:00
712,2018-09-14,-8000.0,0.0,0.0,-8000.0,0.0,0.0,0.0,0.0,,2026-07-24T11:48:14.853730+08:00
712,2018-09-17,-4000.0,0.0,0.0,-4000.0,0.0,0.0,0.0,0.0,,2026-07-24T11:48:14.853730+08:00
712,2018-09-18,-3000.0,0.0,0.0,-3000.0,0.0,0.0,0.0,0.0,,2026-07-24T11:48:14.853730+08:00
712,2018-09-19,-5000.0,0.0,0.0,-5000.0,0.0,0.0,0.0,0.0,,2026-07-24T11:48:14.853730+08:00
712,2018-09-20,-4000.0,-1000.0,0.0,-5000.0,0.0,0.0,0.0,0.0,,2026-07-24T11:48:14.853730+08:00
712,2018-09-21,-6000.0,0.0,0.0,-6000.0,0.0,0.0,0.0,0.0,,2026-07-24T11:48:14.853730+08:00
712,2018-09-25,-44000.0,0.0,0.0,-44000.0,20.0,0.0,20.0,0.0,,2026-07-24T11:48:14.853730+08:00
712,2018-09-26,-15000.0,0.0,0.0,-15000.0,21.0,0.0,1.0,0.0,,2026-07-24T11:48:14.853730+08:00
712,2018-09-27,-38000.0,0.0,0.0,-38000.0,21.0,0.0,0.0,0.0,,2026-07-24T11:48:14.853730+08:00
712,2018-09-28,-4000.0,0.0,0.0,-4000.0,20.0,0.0,-1.0,0.0,,2026-07-24T11:48:14.853730+08:00
712,2018-10-01,-10000.0,0.0,0.0,-10000.0,20.0,0.0,0.0,0.0,,2026-07-24T11:48:14.853730+08:00
712,2018-10-02,-6000.0,0.0,0.0,-6000.0,20.0,0.0,0.0,0.0,,2026-07-24T11:48:14.853730+08:00
712,2018-10-03,,,,,20.0,0.0,0.0,0.0,,2026-07-24T11:48:14.853730+08:00
712,2018-10-04,15000.0,-26000.0,0.0,-11000.0,20.0,0.0,0.0,0.0,,2026-07-24T11:48:14.853730+08:00
712,2018-10-05,0.0,-31000.0,0.0,-31000.0,20.0,0.0,0.0,0.0,,2026-07-24T11:48:14.853730+08:00
712,2018-10-08,38000.0,-50000.0,0.0,-12000.0,20.0,0.0,0.0,0.0,,2026-07-24T11:48:14.853730+08:00
712,2018-10-09,21000.0,-24000.0,0.0,-3000.0,20.0,0.0,0.0,0.0,,2026-07-24T11:48:14.853730+08:00
712,2018-10-11,140000.0,-150000.0,0.0,-10000.0,20.0,0.0,0.0,0.0,,2026-07-24T11:48:14.853730+08:00
712,2018-10-12,-47000.0,18000.0,0.0,-29000.0,20.0,0.0,0.0,0.0,,2026-07-24T11:48:14.853730+08:00
712,2018-10-15,-84000.0,68000.0,0.0,-16000.0,20.0,0.0,0.0,0.0,,2026-07-24T11:48:14.853730+08:00
712,2018-10-16,1000.0,-1000.0,0.0,0.0,20.0,0.0,0.0,0.0,,2026-07-24T11:48:14.853730+08:00
712,2018-10-17,1000.0,-1000.0,0.0,0.0,20.0,0.0,0.0,0.0,,2026-07-24T11:48:14.853730+08:00
712,2018-10-18,0.0,2000.0,0.0,2000.0,20.0,0.0,0.0,0.0,,2026-07-24T11:48:14.853730+08:00
712,2018-10-19,,,,,20.0,0.0,0.0,0.0,,2026-07-24T11:48:14.853730+08:00
712,2018-10-22,10000.0,-16000.0,0.0,-6000.0,20.0,0.0,0.0,0.0,,2026-07-24T11:48:14.853730+08:00
712,2018-10-23,,,,,20.0,0.0,0.0,0.0,,2026-07-24T11:48:14.853730+08:00
712,2018-10-24,-24000.0,-31000.0,0.0,-55000.0,20.0,0.0,0.0,0.0,,2026-07-24T11:48:14.853730+08:00
712,2018-10-25,-80000.0,80000.0,0.0,0.0,20.0,0.0,0.0,0.0,,2026-07-24T11:48:14.853730+08:00
712,2018-10-26,138000.0,-120000.0,0.0,18000.0,20.0,0.0,0.0,0.0,,2026-07-24T11:48:14.853730+08:00
712,2018-10-29,-21000.0,20000.0,0.0,-1000.0,20.0,0.0,0.0,0.0,,2026-07-24T11:48:14.853730+08:00
712,2018-10-30,-21000.0,20000.0,0.0,-1000.0,20.0,0.0,0.0,0.0,,2026-07-24T11:48:14.853730+08:00
712,2018-10-31,20000.0,-6000.0,0.0,14000.0,1.0,0.0,-19.0,0.0,,2026-07-24T11:48:14.853730+08:00
712,2018-11-01,20000.0,-21000.0,0.0,-1000.0,1.0,0.0,0.0,0.0,,2026-07-24T11:48:14.853730+08:00
712,2018-11-02,0.0,-13000.0,0.0,-13000.0,1.0,0.0,0.0,0.0,,2026-07-24T11:48:14.853730+08:00
712,2018-11-05,-91000.0,100000.0,0.0,9000.0,1.0,0.0,0.0,0.0,,2026-07-24T11:48:14.853730+08:00
712,2018-11-06,13000.0,-10000.0,0.0,3000.0,1.0,0.0,0.0,0.0,,2026-07-24T11:48:14.853730+08:00
712,2018-11-07,1000.0,9000.0,0.0,10000.0,1.0,0.0,0.0,0.0,,2026-07-24T11:48:14.853730+08:00
712,2018-11-08,50000.0,-50000.0,0.0,0.0,1.0,0.0,0.0,0.0,,2026-07-24T11:48:14.853730+08:00
712,2018-11-09,-70000.0,70000.0,0.0,0.0,1.0,0.0,0.0,0.0,,2026-07-24T11:48:14.853730+08:00
712,2018-11-12,1000.0,4000.0,0.0,5000.0,1.0,0.0,0.0,0.0,,2026-07-24T11:48:14.853730+08:00
712,2018-11-13,8000.0,-15000.0,0.0,-7000.0,1.0,0.0,0.0,0.0,,2026-07-24T11:48:14.853730+08:00
712,2018-11-14,-2000.0,0.0,0.0,-2000.0,0.0,0.0,-1.0,0.0,,2026-07-24T11:48:14.853730+08:00
712,2018-11-15,-6000.0,0.0,0.0,-6000.0,0.0,0.0,0.0,0.0,,2026-07-24T11:48:14.853730+08:00
712,2018-11-16,-2000.0,-9000.0,0.0,-11000.0,0.0,0.0,0.0,0.0,,2026-07-24T11:48:14.853730+08:00
712,2018-11-19,-17000.0,-22000.0,0.0,-39000.0,0.0,0.0,0.0,0.0,,2026-07-24T11:48:14.853730+08:00
712,2018-11-20,30000.0,-68000.0,0.0,-38000.0,0.0,0.0,0.0,0.0,,2026-07-24T11:48:14.853730+08:00
712,2018-11-21,5000.0,-23000.0,0.0,-18000.0,0.0,0.0,0.0,0.0,,2026-07-24T11:48:14.853730+08:00
712,2018-11-22,-6000.0,0.0,0.0,-6000.0,0.0,0.0,0.0,0.0,,2026-07-24T11:48:14.853730+08:00
712,2018-11-23,19000.0,-19000.0,0.0,0.0,0.0,0.0,0.0,0.0,,2026-07-24T11:48:14.853730+08:00
712,2018-11-26,-6000.0,0.0,0.0,-6000.0,0.0,0.0,0.0,0.0,,2026-07-24T11:48:14.853730+08:00
712,2018-11-27,-17000.0,0.0,0.0,-17000.0,0.0,0.0,0.0,0.0,,2026-07-24T11:48:14.853730+08:00
712,2018-11-28,-1000.0,0.0,0.0,-1000.0,1.0,0.0,1.0,0.0,,2026-07-24T11:48:14.853730+08:00
712,2018-11-29,-14000.0,0.0,0.0,-14000.0,1.0,0.0,0.0,0.0,,2026-07-24T11:48:14.853730+08:00
712,2018-11-30,-25000.0,11000.0,0.0,-14000.0,1.0,0.0,0.0,0.0,,2026-07-24T11:48:14.853730+08:00
712,2018-12-03,-63000.0,38000.0,0.0,-25000.0,1.0,0.0,0.0,0.0,,2026-07-24T11:48:14.853730+08:00
712,2018-12-04,19000.0,-47000.0,0.0,-28000.0,1.0,0.0,0.0,0.0,,2026-07-24T11:48:14.853730+08:00
712,2018-12-05,-59000.0,10000.0,0.0,-49000.0,1.0,0.0,0.0,0.0,,2026-07-24T11:48:14.853730+08:00
712,2018-12-06,14000.0,-12000.0,0.0,2000.0,1.0,0.0,0.0,0.0,,2026-07-24T11:48:14.853730+08:00
712,2018-12-07,2000.0,0.0,0.0,2000.0,1.0,0.0,0.0,0.0,,2026-07-24T11:48:14.853730+08:00
712,2018-12-10,6000.0,0.0,0.0,6000.0,1.0,0.0,0.0,0.0,,2026-07-24T11:48:14.853730+08:00
712,2018-12-11,-4000.0,0.0,0.0,-4000.0,1.0,0.0,0.0,0.0,,2026-07-24T11:48:14.853730+08:00
712,2018-12-12,-1000.0,0.0,0.0,-1000.0,1.0,0.0,0.0,0.0,,2026-07-24T11:48:14.853730+08:00
712,2018-12-13,-54000.0,0.0,0.0,-54000.0,1.0,0.0,0.0,0.0,,2026-07-24T11:48:14.853730+08:00
712,2018-12-14,-50000.0,0.0,0.0,-50000.0,1.0,0.0,0.0,0.0,,2026-07-24T11:48:14.853730+08:00
712,2018-12-17,-14000.0,0.0,0.0,-14000.0,1.0,0.0,0.0,0.0,,2026-07-24T11:48:14.853730+08:00
712,2018-12-18,-114000.0,0.0,0.0,-114000.0,2.0,0.0,1.0,0.0,,2026-07-24T11:48:14.853730+08:00
712,2018-12-19,17000.0,0.0,0.0,17000.0,1.0,0.0,-1.0,0.0,,2026-07-24T11:48:14.853730+08:00
712,2018-12-20,-75000.0,0.0,0.0,-75000.0,7.0,0.0,6.0,0.0,,2026-07-24T11:48:14.853730+08:00
712,2018-12-21,-89000.0,0.0,0.0,-89000.0,33.0,0.0,26.0,0.0,,2026-07-24T11:48:14.853730+08:00
712,2018-12-22,-37000.0,0.0,0.0,-37000.0,33.0,0.0,0.0,0.0,,2026-07-24T11:48:14.853730+08:00
712,2018-12-24,-23000.0,0.0,0.0,-23000.0,34.0,0.0,1.0,0.0,,2026-07-24T11:48:14.853730+08:00
712,2018-12-25,-61000.0,0.0,0.0,-61000.0,51.0,0.0,17.0,0.0,,2026-07-24T11:48:14.853730+08:00
712,2018-12-26,-31000.0,0.0,0.0,-31000.0,51.0,0.0,0.0,0.0,,2026-07-24T11:48:14.853730+08:00
712,2018-12-27,46000.0,0.0,0.0,46000.0,13.0,0.0,-38.0,0.0,,2026-07-24T11:48:14.853730+08:00
712,2018-12-28,-182000.0,194000.0,0.0,12000.0,1.0,0.0,-12.0,0.0,,2026-07-24T11:48:14.853730+08:00
712,2019-01-02,-42000.0,0.0,0.0,-42000.0,1.0,0.0,0.0,0.0,,2026-07-24T11:48:14.853730+08:00
712,2019-01-03,-58000.0,0.0,0.0,-58000.0,13.0,0.0,12.0,0.0,,2026-07-24T11:48:14.853730+08:00
712,2019-01-04,-6000.0,0.0,0.0,-6000.0,13.0,0.0,0.0,0.0,,2026-07-24T11:48:14.853730+08:00
712,2019-01-07,15000.0,-47000.0,0.0,-32000.0,13.0,0.0,0.0,0.0,,2026-07-24T11:48:14.853730+08:00
712,2019-01-08,98000.0,-101000.0,0.0,-3000.0,1.0,0.0,-12.0,0.0,,2026-07-24T11:48:14.853730+08:00
712,2019-01-09,-87000.0,0.0,0.0,-87000.0,1.0,0.0,0.0,0.0,,2026-07-24T11:48:14.853730+08:00
712,2019-01-10,-8000.0,-46000.0,0.0,-54000.0,1.0,0.0,0.0,0.0,,2026-07-24T11:48:14.853730+08:00
712,2019-01-11,-63000.0,0.0,0.0,-63000.0,1.0,0.0,0.0,0.0,,2026-07-24T11:48:14.853730+08:00
712,2019-01-14,-68000.0,0.0,0.0,-68000.0,1.0,0.0,0.0,0.0,,2026-07-24T11:48:14.853730+08:00
712,2019-01-15,-33000.0,0.0,0.0,-33000.0,1.0,0.0,0.0,0.0,,2026-07-24T11:48:14.853730+08:00
712,2019-01-16,-2000.0,0.0,0.0,-2000.0,1.0,0.0,0.0,0.0,,2026-07-24T11:48:14.853730+08:00
712,2019-01-17,3000.0,0.0,0.0,3000.0,1.0,0.0,0.0,0.0,,2026-07-24T11:48:14.853730+08:00
712,2019-01-18,0.0,0.0,0.0,0.0,1.0,0.0,0.0,0.0,,2026-07-24T11:48:14.853730+08:00
712,2019-01-21,8000.0,0.0,0.0,8000.0,2.0,0.0,1.0,0.0,,2026-07-24T11:48:14.853730+08:00
712,2019-01-22,6000.0,0.0,0.0,6000.0,2.0,0.0,0.0,0.0,,2026-07-24T11:48:14.853730+08:00
712,2019-01-23,-7000.0,0.0,0.0,-7000.0,2.0,0.0,0.0,0.0,,2026-07-24T11:48:14.853730+08:00
712,2019-01-24,-3000.0,0.0,0.0,-3000.0,2.0,0.0,0.0,0.0,,2026-07-24T11:48:14.853730+08:00
712,2019-01-25,-35000.0,0.0,0.0,-35000.0,3.0,0.0,1.0,0.0,,2026-07-24T11:48:14.853730+08:00
712,2019-01-28,-19000.0,0.0,0.0,-19000.0,3.0,0.0,0.0,0.0,,2026-07-24T11:48:14.853730+08:00
712,2019-01-29,-1000.0,0.0,0.0,-1000.0,3.0,0.0,0.0,0.0,,2026-07-24T11:48:14.853730+08:00
712,2019-01-30,-6000.0,0.0,0.0,-6000.0,3.0,0.0,0.0,0.0,,2026-07-24T11:48:14.853730+08:00
712,2019-02-11,-67000.0,0.0,0.0,-67000.0,1.0,0.0,-2.0,0.0,,2026-07-24T11:48:14.853730+08:00
712,2019-02-12,1000.0,0.0,0.0,1000.0,3.0,0.0,2.0,0.0,,2026-07-24T11:48:14.853730+08:00
712,2019-02-13,2000.0,0.0,0.0,2000.0,3.0,0.0,0.0,0.0,,2026-07-24T11:48:14.853730+08:00
712,2019-02-14,-14000.0,0.0,0.0,-14000.0,2.0,0.0,-1.0,0.0,,2026-07-24T11:48:14.853730+08:00
712,2019-02-15,-11000.0,0.0,0.0,-11000.0,2.0,0.0,0.0,0.0,,2026-07-24T11:48:14.853730+08:00
712,2019-02-18,-3000.0,0.0,0.0,-3000.0,2.0,0.0,0.0,0.0,,2026-07-24T11:48:14.853730+08:00
712,2019-02-19,3000.0,0.0,0.0,3000.0,2.0,0.0,0.0,0.0,,2026-07-24T11:48:14.853730+08:00
712,2019-02-20,-4000.0,0.0,0.0,-4000.0,2.0,0.0,0.0,0.0,,2026-07-24T11:48:14.853730+08:00
712,2019-02-21,-8000.0,0.0,0.0,-8000.0,2.0,0.0,0.0,0.0,,2026-07-24T11:48:14.853730+08:00
712,2019-02-22,-105000.0,0.0,0.0,-105000.0,2.0,0.0,0.0,0.0,,2026-07-24T11:48:14.853730+08:00
712,2019-02-25,-169000.0,0.0,0.0,-169000.0,2.0,0.0,0.0,0.0,,2026-07-24T11:48:14.853730+08:00
712,2019-02-26,-32000.0,0.0,0.0,-32000.0,2.0,0.0,0.0,0.0,,2026-07-24T11:48:14.853730+08:00
712,2019-02-27,-15000.0,0.0,0.0,-15000.0,2.0,0.0,0.0,0.0,,2026-07-24T11:48:14.853730+08:00
712,2019-03-04,-69000.0,0.0,0.0,-69000.0,2.0,0.0,0.0,0.0,,2026-07-24T11:48:14.853730+08:00
712,2019-03-05,-31000.0,0.0,0.0,-31000.0,2.0,0.0,0.0,0.0,,2026-07-24T11:48:14.853730+08:00
712,2019-03-06,-14000.0,0.0,0.0,-14000.0,2.0,0.0,0.0,0.0,,2026-07-24T11:48:14.853730+08:00
712,2019-03-07,-15000.0,0.0,0.0,-15000.0,2.0,0.0,0.0,0.0,,2026-07-24T11:48:14.853730+08:00
712,2019-03-08,-20000.0,0.0,0.0,-20000.0,2.0,0.0,0.0,0.0,,2026-07-24T11:48:14.853730+08:00
712,2019-03-11,-75000.0,0.0,0.0,-75000.0,2.0,0.0,0.0,0.0,,2026-07-24T11:48:14.853730+08:00
712,2019-03-12,2000.0,0.0,0.0,2000.0,2.0,0.0,0.0,0.0,,2026-07-24T11:48:14.853730+08:00
712,2019-03-13,-15000.0,0.0,0.0,-15000.0,2.0,0.0,0.0,0.0,,2026-07-24T11:48:14.853730+08:00
712,2019-03-14,11000.0,0.0,0.0,11000.0,2.0,0.0,0.0,0.0,,2026-07-24T11:48:14.853730+08:00
712,2019-03-15,-9000.0,0.0,0.0,-9000.0,2.0,0.0,0.0,0.0,,2026-07-24T11:48:14.853730+08:00
712,2019-03-18,-29000.0,0.0,0.0,-29000.0,2.0,0.0,0.0,0.0,,2026-07-24T11:48:14.853730+08:00
712,2019-03-19,0.0,0.0,0.0,0.0,2.0,0.0,0.0,0.0,,2026-07-24T11:48:14.853730+08:00
712,2019-03-20,-38000.0,0.0,0.0,-38000.0,2.0,0.0,0.0,0.0,,2026-07-24T11:48:14.853730+08:00
712,2019-03-21,-29000.0,0.0,0.0,-29000.0,2.0,0.0,0.0,0.0,,2026-07-24T11:48:14.853730+08:00
712,2019-03-22,-225000.0,110000.0,0.0,-115000.0,2.0,0.0,0.0,0.0,,2026-07-24T11:48:14.853730+08:00
712,2019-03-25,-60000.0,0.0,0.0,-60000.0,2.0,0.0,0.0,0.0,,2026-07-24T11:48:14.853730+08:00
712,2019-03-26,-166000.0,0.0,0.0,-166000.0,3.0,0.0,1.0,0.0,,2026-07-24T11:48:14.853730+08:00
712,2019-03-27,115000.0,-110000.0,0.0,5000.0,3.0,0.0,0.0,0.0,,2026-07-24T11:48:14.853730+08:00
712,2019-03-28,5000.0,0.0,0.0,5000.0,3.0,0.0,0.0,0.0,,2026-07-24T11:48:14.853730+08:00
712,2019-03-29,-126000.0,0.0,0.0,-126000.0,3.0,0.0,0.0,0.0,,2026-07-24T11:48:14.853730+08:00
712,2019-04-01,-47000.0,0.0,0.0,-47000.0,3.0,0.0,0.0,0.0,,2026-07-24T11:48:14.853730+08:00
712,2019-04-02,-56000.0,0.0,0.0,-56000.0,3.0,0.0,0.0,0.0,,2026-07-24T11:48:14.853730+08:00
712,2019-04-03,-36000.0,2000.0,0.0,-34000.0,3.0,0.0,0.0,0.0,,2026-07-24T11:48:14.853730+08:00
712,2019-04-08,-68000.0,0.0,0.0,-68000.0,3.0,0.0,0.0,0.0,,2026-07-24T11:48:14.853730+08:00
712,2019-04-09,-75000.0,0.0,0.0,-75000.0,3.0,0.0,0.0,0.0,,2026-07-24T11:48:14.853730+08:00
712,2019-04-10,-45000.0,33000.0,0.0,-12000.0,3.0,0.0,0.0,0.0,,2026-07-24T11:48:14.853730+08:00
712,2019-04-11,-134000.0,13000.0,0.0,-121000.0,3.0,0.0,0.0,0.0,,2026-07-24T11:48:14.853730+08:00
712,2019-04-12,-34000.0,2000.0,0.0,-32000.0,3.0,0.0,0.0,0.0,,2026-07-24T11:48:14.853730+08:00
712,2019-04-15,-19000.0,0.0,0.0,-19000.0,3.0,0.0,0.0,0.0,,2026-07-24T11:48:14.853730+08:00
712,2019-04-16,-18000.0,0.0,0.0,-18000.0,3.0,0.0,0.0,0.0,,2026-07-24T11:48:14.853730+08:00
712,2019-04-17,3000.0,-50000.0,0.0,-47000.0,9.0,0.0,6.0,0.0,,2026-07-24T11:48:14.853730+08:00
712,2019-04-18,-63000.0,0.0,0.0,-63000.0,6.0,0.0,-3.0,0.0,,2026-07-24T11:48:14.853730+08:00
712,2019-04-19,-34000.0,0.0,0.0,-34000.0,3.0,0.0,-3.0,0.0,,2026-07-24T11:48:14.853730+08:00
712,2019-04-22,-12000.0,0.0,0.0,-12000.0,3.0,0.0,0.0,0.0,,2026-07-24T11:48:14.853730+08:00
712,2019-04-23,-31000.0,0.0,0.0,-31000.0,3.0,0.0,0.0,0.0,,2026-07-24T11:48:14.853730+08:00
712,2019-04-24,-32000.0,0.0,0.0,-32000.0,4.0,0.0,1.0,0.0,,2026-07-24T11:48:14.853730+08:00
712,2019-04-25,-91000.0,0.0,0.0,-91000.0,4.0,0.0,0.0,0.0,,2026-07-24T11:48:14.853730+08:00
712,2019-04-26,-52000.0,0.0,0.0,-52000.0,2.0,0.0,-2.0,0.0,,2026-07-24T11:48:14.853730+08:00
712,2019-04-29,-2000.0,0.0,0.0,-2000.0,2.0,0.0,0.0,0.0,,2026-07-24T11:48:14.853730+08:00
712,2019-04-30,-51000.0,0.0,0.0,-51000.0,2.0,0.0,0.0,0.0,,2026-07-24T11:48:14.853730+08:00
712,2019-05-02,-3000.0,0.0,0.0,-3000.0,2.0,0.0,0.0,0.0,,2026-07-24T11:48:14.853730+08:00
712,2019-05-03,-107000.0,0.0,0.0,-107000.0,4.0,0.0,2.0,0.0,,2026-07-24T11:48:14.853730+08:00
712,2019-05-06,-7000.0,0.0,0.0,-7000.0,6.0,0.0,2.0,0.0,,2026-07-24T11:48:14.853730+08:00
712,2019-05-07,-42000.0,0.0,0.0,-42000.0,6.0,0.0,0.0,0.0,,2026-07-24T11:48:14.853730+08:00
712,2019-05-08,-18000.0,0.0,0.0,-18000.0,6.0,0.0,0.0,0.0,,2026-07-24T11:48:14.853730+08:00
712,2019-05-09,-58000.0,0.0,0.0,-58000.0,6.0,0.0,0.0,0.0,,2026-07-24T11:48:14.853730+08:00
712,2019-05-10,-80000.0,0.0,0.0,-80000.0,6.0,0.0,0.0,0.0,,2026-07-24T11:48:14.853730+08:00
712,2019-05-13,-9000.0,0.0,0.0,-9000.0,4.0,0.0,-2.0,0.0,,2026-07-24T11:48:14.853730+08:00
712,2019-05-14,-29000.0,0.0,0.0,-29000.0,5.0,0.0,1.0,0.0,,2026-07-24T11:48:14.853730+08:00
712,2019-05-15,-10000.0,0.0,0.0,-10000.0,5.0,0.0,0.0,0.0,,2026-07-24T11:48:14.853730+08:00
712,2019-05-16,-20000.0,0.0,0.0,-20000.0,5.0,0.0,0.0,0.0,,2026-07-24T11:48:14.853730+08:00
712,2019-05-17,-26000.0,0.0,0.0,-26000.0,5.0,0.0,0.0,0.0,,2026-07-24T11:48:14.853730+08:00
712,2019-05-20,-53000.0,0.0,0.0,-53000.0,5.0,0.0,0.0,0.0,,2026-07-24T11:48:14.853730+08:00
712,2019-05-21,-131000.0,0.0,0.0,-131000.0,15.0,0.0,10.0,0.0,,2026-07-24T11:48:14.853730+08:00
712,2019-05-22,-42000.0,0.0,0.0,-42000.0,15.0,0.0,0.0,0.0,,2026-07-24T11:48:14.853730+08:00
712,2019-05-23,-47000.0,0.0,0.0,-47000.0,15.0,0.0,0.0,0.0,,2026-07-24T11:48:14.853730+08:00
712,2019-05-24,-135000.0,0.0,0.0,-135000.0,15.0,0.0,0.0,0.0,,2026-07-24T11:48:14.853730+08:00
712,2019-05-27,-18000.0,0.0,0.0,-18000.0,15.0,0.0,0.0,0.0,,2026-07-24T11:48:14.853730+08:00
712,2019-05-28,-15000.0,0.0,0.0,-15000.0,15.0,0.0,0.0,0.0,,2026-07-24T11:48:14.853730+08:00
712,2019-05-29,-58000.0,0.0,0.0,-58000.0,15.0,0.0,0.0,0.0,,2026-07-24T11:48:14.853730+08:00
712,2019-05-30,-38000.0,0.0,0.0,-38000.0,15.0,0.0,0.0,0.0,,2026-07-24T11:48:14.853730+08:00
712,2019-05-31,194000.0,0.0,-42000.0,152000.0,15.0,0.0,0.0,0.0,,2026-07-24T11:48:14.853730+08:00
712,2019-06-03,62000.0,0.0,0.0,62000.0,18.0,0.0,3.0,0.0,,2026-07-24T11:48:14.853730+08:00
712,2019-06-04,-67000.0,56000.0,0.0,-11000.0,20.0,0.0,2.0,0.0,,2026-07-24T11:48:14.853730+08:00
712,2019-06-05,-25000.0,0.0,0.0,-25000.0,18.0,0.0,-2.0,0.0,,2026-07-24T11:48:14.853730+08:00
712,2019-06-06,-21000.0,-5000.0,0.0,-26000.0,17.0,0.0,-1.0,0.0,,2026-07-24T11:48:14.853730+08:00
712,2019-06-10,-38000.0,0.0,0.0,-38000.0,14.0,0.0,-3.0,0.0,,2026-07-24T11:48:14.853730+08:00
712,2019-06-11,47000.0,-7000.0,0.0,40000.0,14.0,0.0,0.0,0.0,,2026-07-24T11:48:14.853730+08:00
712,2019-06-12,-82000.0,-44000.0,0.0,-126000.0,8.0,0.0,-6.0,0.0,,2026-07-24T11:48:14.853730+08:00
712,2019-06-13,-116000.0,0.0,0.0,-116000.0,10.0,0.0,2.0,0.0,,2026-07-24T11:48:14.853730+08:00
712,2019-06-14,-45000.0,0.0,0.0,-45000.0,10.0,0.0,0.0,0.0,,2026-07-24T11:48:14.853730+08:00
712,2019-06-17,-109000.0,0.0,0.0,-109000.0,9.0,0.0,-1.0,0.0,,2026-07-24T11:48:14.853730+08:00
712,2019-06-18,-135000.0,0.0,0.0,-135000.0,8.0,0.0,-1.0,0.0,,2026-07-24T11:48:14.853730+08:00
712,2019-06-19,-202000.0,0.0,0.0,-202000.0,10.0,0.0,2.0,0.0,,2026-07-24T11:48:14.853730+08:00
712,2019-06-20,-309000.0,0.0,0.0,-309000.0,10.0,0.0,0.0,0.0,,2026-07-24T11:48:14.853730+08:00
712,2019-06-21,-253000.0,0.0,0.0,-253000.0,10.0,0.0,0.0,0.0,,2026-07-24T11:48:14.853730+08:00
712,2019-06-24,-122000.0,0.0,0.0,-122000.0,10.0,0.0,0.0,0.0,,2026-07-24T11:48:14.853730+08:00
712,2019-06-25,-2000.0,0.0,0.0,-2000.0,9.0,0.0,-1.0,0.0,,2026-07-24T11:48:14.853730+08:00
712,2019-06-26,-1141000.0,508000.0,0.0,-633000.0,9.0,0.0,0.0,0.0,,2026-07-24T11:48:14.853730+08:00
712,2019-06-27,-1106000.0,0.0,0.0,-1106000.0,12.0,0.0,3.0,0.0,,2026-07-24T11:48:14.853730+08:00
712,2019-06-28,-623000.0,0.0,0.0,-623000.0,12.0,0.0,0.0,0.0,,2026-07-24T11:48:14.853730+08:00
712,2019-07-01,-471000.0,0.0,0.0,-471000.0,13.0,0.0,1.0,0.0,,2026-07-24T11:48:14.853730+08:00
712,2019-07-02,-628000.0,0.0,0.0,-628000.0,13.0,0.0,0.0,0.0,,2026-07-24T11:48:14.853730+08:00
712,2019-07-03,-364000.0,-282000.0,0.0,-646000.0,13.0,0.0,0.0,0.0,,2026-07-24T11:48:14.853730+08:00
712,2019-07-04,-406000.0,-20000.0,0.0,-426000.0,13.0,0.0,0.0,0.0,,2026-07-24T11:48:14.853730+08:00
712,2019-07-05,-359000.0,-30000.0,0.0,-389000.0,13.0,0.0,0.0,0.0,,2026-07-24T11:48:14.853730+08:00
712,2019-07-08,-290000.0,-174000.0,0.0,-464000.0,15.0,0.0,2.0,0.0,,2026-07-24T11:48:14.853730+08:00
712,2019-07-09,-350000.0,0.0,0.0,-350000.0,13.0,0.0,-2.0,0.0,,2026-07-24T11:48:14.853730+08:00
712,2019-07-10,-217000.0,0.0,0.0,-217000.0,13.0,0.0,0.0,0.0,,2026-07-24T11:48:14.853730+08:00
712,2019-07-11,-280000.0,0.0,0.0,-280000.0,13.0,0.0,0.0,0.0,,2026-07-24T11:48:14.853730+08:00
712,2019-07-12,-33000.0,0.0,0.0,-33000.0,13.0,0.0,0.0,0.0,,2026-07-24T11:48:14.853730+08:00
712,2019-07-15,-40000.0,0.0,0.0,-40000.0,13.0,0.0,0.0,0.0,,2026-07-24T11:48:14.853730+08:00
712,2019-07-16,-153000.0,0.0,0.0,-153000.0,13.0,0.0,0.0,0.0,,2026-07-24T11:48:14.853730+08:00
712,2019-07-17,26000.0,0.0,0.0,26000.0,13.0,0.0,0.0,0.0,,2026-07-24T11:48:14.853730+08:00
712,2019-07-18,-29000.0,0.0,0.0,-29000.0,13.0,0.0,0.0,0.0,,2026-07-24T11:48:14.853730+08:00
712,2019-07-19,-345000.0,0.0,0.0,-345000.0,16.0,0.0,3.0,0.0,,2026-07-24T11:48:14.853730+08:00
712,2019-07-22,-10000.0,0.0,0.0,-10000.0,16.0,0.0,0.0,0.0,,2026-07-24T11:48:14.853730+08:00
712,2019-07-23,-293000.0,25000.0,0.0,-268000.0,16.0,0.0,0.0,0.0,,2026-07-24T11:48:14.853730+08:00
712,2019-07-24,-256000.0,178000.0,0.0,-78000.0,16.0,0.0,0.0,0.0,,2026-07-24T11:48:14.853730+08:00
712,2019-07-25,-148000.0,-36000.0,0.0,-184000.0,16.0,0.0,0.0,0.0,,2026-07-24T11:48:14.853730+08:00
712,2019-07-26,-6000.0,-138000.0,0.0,-144000.0,16.0,0.0,0.0,0.0,,2026-07-24T11:48:14.853730+08:00
712,2019-07-29,-18000.0,0.0,0.0,-18000.0,17.0,0.0,1.0,0.0,,2026-07-24T11:48:14.853730+08:00
712,2019-07-30,-115000.0,20000.0,0.0,-95000.0,17.0,0.0,0.0,0.0,,2026-07-24T11:48:14.853730+08:00
712,2019-07-31,-210000.0,159000.0,0.0,-51000.0,17.0,0.0,0.0,0.0,,2026-07-24T11:48:14.853730+08:00
712,2019-08-01,73000.0,-85000.0,0.0,-12000.0,17.0,0.0,0.0,0.0,,2026-07-24T11:48:14.853730+08:00
712,2019-08-02,59000.0,-7000.0,0.0,52000.0,19.0,0.0,2.0,0.0,,2026-07-24T11:48:14.853730+08:00
712,2019-08-05,12000.0,15000.0,0.0,27000.0,19.0,0.0,0.0,0.0,,2026-07-24T11:48:14.853730+08:00
712,2019-08-06,-266000.0,-131000.0,0.0,-397000.0,19.0,0.0,0.0,0.0,,2026-07-24T11:48:14.853730+08:00
712,2019-08-07,-44000.0,0.0,0.0,-44000.0,19.0,0.0,0.0,0.0,,2026-07-24T11:48:14.853730+08:00
712,2019-08-08,-54000.0,0.0,0.0,-54000.0,19.0,0.0,0.0,0.0,,2026-07-24T11:48:14.853730+08:00
712,2019-08-12,-119000.0,178000.0,0.0,59000.0,19.0,0.0,0.0,0.0,,2026-07-24T11:48:14.853730+08:00
712,2019-08-13,-47000.0,-23000.0,0.0,-70000.0,19.0,0.0,0.0,0.0,,2026-07-24T11:48:14.853730+08:00
712,2019-08-14,-147000.0,0.0,0.0,-147000.0,19.0,0.0,0.0,0.0,,2026-07-24T11:48:14.853730+08:00
712,2019-08-15,-375000.0,-155000.0,0.0,-530000.0,19.0,0.0,0.0,0.0,,2026-07-24T11:48:14.853730+08:00
712,2019-08-16,-359000.0,0.0,0.0,-359000.0,19.0,0.0,0.0,0.0,,2026-07-24T11:48:14.853730+08:00
712,2019-08-19,-42000.0,-1000.0,0.0,-43000.0,19.0,0.0,0.0,0.0,,2026-07-24T11:48:14.853730+08:00
712,2019-08-20,-32000.0,2000.0,0.0,-30000.0,20.0,0.0,1.0,0.0,,2026-07-24T11:48:14.853730+08:00
712,2019-08-21,-27000.0,-61000.0,0.0,-88000.0,20.0,0.0,0.0,0.0,,2026-07-24T11:48:14.853730+08:00
712,2019-08-22,-13000.0,-35000.0,0.0,-48000.0,20.0,0.0,0.0,0.0,,2026-07-24T11:48:14.853730+08:00
712,2019-08-23,8000.0,-26000.0,0.0,-18000.0,20.0,0.0,0.0,0.0,,2026-07-24T11:48:14.853730+08:00
712,2019-08-24,-33000.0,31000.0,0.0,-2000.0,,,,,,2026-07-24T11:48:14.853730+08:00
712,2019-08-26,-9000.0,-379000.0,0.0,-388000.0,23.0,0.0,,,,2026-07-24T11:48:14.853730+08:00
712,2019-08-27,-127000.0,0.0,0.0,-127000.0,23.0,0.0,0.0,0.0,,2026-07-24T11:48:14.853730+08:00
712,2019-08-28,-995000.0,0.0,0.0,-995000.0,25.0,0.0,2.0,0.0,,2026-07-24T11:48:14.853730+08:00
712,2019-08-29,-527000.0,-313000.0,0.0,-840000.0,30.0,0.0,5.0,0.0,,2026-07-24T11:48:14.853730+08:00
712,2019-08-30,-223000.0,-153000.0,0.0,-376000.0,30.0,0.0,0.0,0.0,,2026-07-24T11:48:14.853730+08:00
712,2019-09-02,-401000.0,-34000.0,0.0,-435000.0,31.0,0.0,1.0,0.0,,2026-07-24T11:48:14.853730+08:00
712,2019-09-03,-204000.0,0.0,0.0,-204000.0,42.0,0.0,11.0,0.0,,2026-07-24T11:48:14.853730+08:00
712,2019-09-04,-486000.0,-97000.0,0.0,-583000.0,42.0,0.0,0.0,0.0,,2026-07-24T11:48:14.853730+08:00
712,2019-09-05,-328000.0,10000.0,0.0,-318000.0,32.0,0.0,-10.0,0.0,,2026-07-24T11:48:14.853730+08:00
712,2019-09-06,-117000.0,-9000.0,0.0,-126000.0,32.0,0.0,0.0,0.0,,2026-07-24T11:48:14.853730+08:00
712,2019-09-09,-151000.0,-200000.0,0.0,-351000.0,32.0,0.0,0.0,0.0,,2026-07-24T11:48:14.853730+08:00
712,2019-09-10,-211000.0,-38000.0,0.0,-249000.0,33.0,0.0,1.0,0.0,,2026-07-24T11:48:14.853730+08:00
712,2019-09-11,-94000.0,0.0,0.0,-94000.0,34.0,0.0,1.0,0.0,,2026-07-24T11:48:14.853730+08:00
712,2019-09-12,-117000.0,-16000.0,0.0,-133000.0,30.0,0.0,-4.0,0.0,,2026-07-24T11:48:14.853730+08:00
712,2019-09-16,7000.0,26000.0,0.0,33000.0,35.0,0.0,5.0,0.0,,2026-07-24T11:48:14.853730+08:00
712,2019-09-17,56000.0,0.0,0.0,56000.0,35.0,0.0,0.0,0.0,,2026-07-24T11:48:14.853730+08:00
712,2019-09-18,-98000.0,0.0,0.0,-98000.0,36.0,0.0,1.0,0.0,,2026-07-24T11:48:14.853730+08:00
712,2019-09-19,-60000.0,0.0,0.0,-60000.0,36.0,0.0,0.0,0.0,,2026-07-24T11:48:14.853730+08:00
712,2019-09-20,-224000.0,203000.0,0.0,-21000.0,36.0,0.0,0.0,0.0,,2026-07-24T11:48:14.853730+08:00
712,2019-09-23,-76000.0,175000.0,0.0,99000.0,31.0,0.0,-5.0,0.0,,2026-07-24T11:48:14.853730+08:00
712,2019-09-24,-8000.0,366000.0,0.0,358000.0,31.0,0.0,0.0,0.0,,2026-07-24T11:48:14.853730+08:00
712,2019-09-25,-33000.0,0.0,0.0,-33000.0,30.0,0.0,-1.0,0.0,,2026-07-24T11:48:14.853730+08:00
712,2019-09-26,62000.0,88000.0,0.0,150000.0,30.0,0.0,0.0,0.0,,2026-07-24T11:48:14.853730+08:00
712,2019-09-27,11000.0,0.0,0.0,11000.0,30.0,0.0,0.0,0.0,,2026-07-24T11:48:14.853730+08:00
712,2019-10-01,-5000.0,0.0,0.0,-5000.0,31.0,0.0,1.0,0.0,,2026-07-24T11:48:14.853730+08:00
712,2019-10-02,1000.0,0.0,0.0,1000.0,30.0,0.0,-1.0,0.0,,2026-07-24T11:48:14.853730+08:00
712,2019-10-03,-17000.0,0.0,0.0,-17000.0,22.0,0.0,-8.0,0.0,,2026-07-24T11:48:14.853730+08:00
712,2019-10-04,73000.0,-274000.0,0.0,-201000.0,22.0,0.0,0.0,0.0,,2026-07-24T11:48:14.853730+08:00
712,2019-10-07,46000.0,-86000.0,0.0,-40000.0,32.0,0.0,10.0,0.0,,2026-07-24T11:48:14.853730+08:00
712,2019-10-08,34000.0,-18000.0,0.0,16000.0,32.0,0.0,0.0,0.0,,2026-07-24T11:48:14.853730+08:00
712,2019-10-09,7000.0,-72000.0,0.0,-65000.0,32.0,0.0,0.0,0.0,,2026-07-24T11:48:14.853730+08:00
712,2019-10-14,-183000.0,143000.0,0.0,-40000.0,32.0,0.0,0.0,0.0,,2026-07-24T11:48:14.853730+08:00
712,2019-10-15,8000.0,-26000.0,0.0,-18000.0,32.0,0.0,0.0,0.0,,2026-07-24T11:48:14.853730+08:00
712,2019-10-16,-2000.0,-3000.0,0.0,-5000.0,27.0,0.0,-5.0,0.0,,2026-07-24T11:48:14.853730+08:00
712,2019-10-17,-11000.0,-25000.0,0.0,-36000.0,22.0,0.0,-5.0,0.0,,2026-07-24T11:48:14.853730+08:00
712,2019-10-18,31000.0,0.0,0.0,31000.0,22.0,0.0,0.0,0.0,,2026-07-24T11:48:14.853730+08:00
712,2019-10-21,10000.0,26000.0,0.0,36000.0,22.0,0.0,0.0,0.0,,2026-07-24T11:48:14.853730+08:00
712,2019-10-22,70000.0,119000.0,0.0,189000.0,22.0,0.0,0.0,0.0,,2026-07-24T11:48:14.853730+08:00
712,2019-10-23,9000.0,132000.0,0.0,141000.0,22.0,0.0,0.0,0.0,,2026-07-24T11:48:14.853730+08:00
712,2019-10-24,40000.0,20000.0,0.0,60000.0,20.0,0.0,-2.0,0.0,,2026-07-24T11:48:14.853730+08:00
712,2019-10-25,-56000.0,20000.0,0.0,-36000.0,20.0,0.0,0.0,0.0,,2026-07-24T11:48:14.853730+08:00
712,2019-10-26,-33000.0,31000.0,0.0,-2000.0,,,,,,2026-07-24T11:48:14.853730+08:00
712,2019-10-28,47000.0,-234000.0,0.0,-187000.0,20.0,0.0,,,,2026-07-24T11:48:14.853730+08:00
712,2019-10-29,13000.0,0.0,0.0,13000.0,18.0,0.0,-2.0,0.0,,2026-07-24T11:48:14.853730+08:00
712,2019-10-30,17000.0,-68000.0,0.0,-51000.0,22.0,0.0,4.0,0.0,,2026-07-24T11:48:14.853730+08:00
712,2019-10-31,37000.0,-82000.0,0.0,-45000.0,23.0,0.0,1.0,0.0,,2026-07-24T11:48:14.853730+08:00
712,2019-11-01,-58000.0,214000.0,0.0,156000.0,18.0,0.0,-5.0,0.0,,2026-07-24T11:48:14.853730+08:00
712,2019-11-04,-24000.0,0.0,0.0,-24000.0,23.0,0.0,5.0,0.0,,2026-07-24T11:48:14.853730+08:00
712,2019-11-05,-35000.0,4000.0,0.0,-31000.0,25.0,0.0,2.0,0.0,,2026-07-24T11:48:14.853730+08:00
712,2019-11-06,-42000.0,0.0,0.0,-42000.0,25.0,0.0,0.0,0.0,,2026-07-24T11:48:14.853730+08:00
712,2019-11-07,-5000.0,0.0,0.0,-5000.0,26.0,0.0,1.0,0.0,,2026-07-24T11:48:14.853730+08:00
712,2019-11-08,14000.0,-31000.0,0.0,-17000.0,26.0,0.0,0.0,0.0,,2026-07-24T11:48:14.853730+08:00
712,2019-11-11,20000.0,0.0,0.0,20000.0,27.0,0.0,1.0,0.0,,2026-07-24T11:48:14.853730+08:00
712,2019-11-12,34000.0,6000.0,0.0,40000.0,27.0,0.0,0.0,0.0,,2026-07-24T11:48:14.853730+08:00
712,2019-11-13,-14000.0,0.0,0.0,-14000.0,27.0,0.0,0.0,0.0,,2026-07-24T11:48:14.853730+08:00
712,2019-11-14,0.0,237000.0,0.0,237000.0,27.0,0.0,0.0,0.0,,2026-07-24T11:48:14.853730+08:00
712,2019-11-15,-50000.0,0.0,0.0,-50000.0,27.0,0.0,0.0,0.0,,2026-07-24T11:48:14.853730+08:00
712,2019-11-18,40000.0,-25000.0,0.0,15000.0,28.0,0.0,1.0,0.0,,2026-07-24T11:48:14.853730+08:00
712,2019-11-19,113000.0,30000.0,0.0,143000.0,28.0,0.0,0.0,0.0,,2026-07-24T11:48:14.853730+08:00
712,2019-11-20,-19000.0,122000.0,0.0,103000.0,28.0,0.0,0.0,0.0,,2026-07-24T11:48:14.853730+08:00
712,2019-11-21,1000.0,92000.0,0.0,93000.0,28.0,0.0,0.0,0.0,,2026-07-24T11:48:14.853730+08:00
712,2019-11-22,-34000.0,0.0,0.0,-34000.0,28.0,0.0,0.0,0.0,,2026-07-24T11:48:14.853730+08:00
712,2019-11-25,-1000.0,37000.0,0.0,36000.0,28.0,0.0,0.0,0.0,,2026-07-24T11:48:14.853730+08:00
712,2019-11-26,-44000.0,135000.0,0.0,91000.0,28.0,0.0,0.0,0.0,,2026-07-24T11:48:14.853730+08:00
712,2019-11-27,38000.0,17000.0,0.0,55000.0,29.0,0.0,1.0,0.0,,2026-07-24T11:48:14.853730+08:00
712,2019-11-28,13000.0,0.0,0.0,13000.0,30.0,0.0,1.0,0.0,,2026-07-24T11:48:14.853730+08:00
712,2019-11-29,-29000.0,0.0,0.0,-29000.0,55.0,0.0,25.0,0.0,,2026-07-24T11:48:14.853730+08:00
712,2019-12-02,13000.0,51000.0,0.0,64000.0,31.0,0.0,-24.0,0.0,,2026-07-24T11:48:14.853730+08:00
712,2019-12-03,-82000.0,244000.0,0.0,162000.0,30.0,0.0,-1.0,0.0,,2026-07-24T11:48:14.853730+08:00
712,2019-12-04,38000.0,0.0,0.0,38000.0,30.0,0.0,0.0,0.0,,2026-07-24T11:48:14.853730+08:00
712,2019-12-05,-33000.0,1000.0,0.0,-32000.0,29.0,0.0,-1.0,0.0,,2026-07-24T11:48:14.853730+08:00
712,2019-12-06,60000.0,10000.0,0.0,70000.0,29.0,0.0,0.0,0.0,,2026-07-24T11:48:14.853730+08:00
712,2019-12-09,29000.0,0.0,0.0,29000.0,29.0,0.0,0.0,0.0,,2026-07-24T11:48:14.853730+08:00
712,2019-12-10,40000.0,80000.0,0.0,120000.0,29.0,0.0,0.0,0.0,,2026-07-24T11:48:14.853730+08:00
712,2019-12-11,22000.0,-10000.0,0.0,12000.0,29.0,0.0,0.0,0.0,,2026-07-24T11:48:14.853730+08:00
712,2019-12-12,72000.0,-75000.0,0.0,-3000.0,26.0,0.0,-3.0,0.0,,2026-07-24T11:48:14.853730+08:00
712,2019-12-13,81000.0,-11000.0,0.0,70000.0,23.0,0.0,-3.0,0.0,,2026-07-24T11:48:14.853730+08:00
712,2019-12-16,-13000.0,-70000.0,0.0,-83000.0,23.0,0.0,0.0,0.0,,2026-07-24T11:48:14.853730+08:00
712,2019-12-17,7000.0,-57000.0,0.0,-50000.0,23.0,0.0,0.0,0.0,,2026-07-24T11:48:14.853730+08:00
712,2019-12-18,37000.0,85000.0,0.0,122000.0,23.0,0.0,0.0,0.0,,2026-07-24T11:48:14.853730+08:00
712,2019-12-19,-61000.0,176000.0,0.0,115000.0,23.0,0.0,0.0,0.0,,2026-07-24T11:48:14.853730+08:00
712,2019-12-20,-23000.0,24000.0,0.0,1000.0,28.0,0.0,5.0,0.0,,2026-07-24T11:48:14.853730+08:00
712,2019-12-23,-58000.0,128000.0,0.0,70000.0,28.0,0.0,0.0,0.0,,2026-07-24T11:48:14.853730+08:00
712,2019-12-24,-416000.0,594000.0,0.0,178000.0,29.0,0.0,1.0,0.0,,2026-07-24T11:48:14.853730+08:00
712,2019-12-25,-39000.0,329000.0,0.0,290000.0,28.0,0.0,-1.0,0.0,,2026-07-24T11:48:14.853730+08:00
712,2019-12-26,78000.0,0.0,0.0,78000.0,28.0,0.0,0.0,0.0,,2026-07-24T11:48:14.853730+08:00
712,2019-12-27,86000.0,0.0,0.0,86000.0,28.0,0.0,0.0,0.0,,2026-07-24T11:48:14.853730+08:00
712,2019-12-30,25000.0,-130000.0,0.0,-105000.0,28.0,0.0,0.0,0.0,,2026-07-24T11:48:14.853730+08:00
712,2019-12-31,-61000.0,-77000.0,0.0,-138000.0,30.0,0.0,2.0,0.0,,2026-07-24T11:48:14.853730+08:00
712,2020-01-02,92000.0,0.0,0.0,92000.0,24.0,0.0,-6.0,0.0,,2026-07-24T11:48:14.853730+08:00
712,2020-01-03,16000.0,0.0,0.0,16000.0,23.0,0.0,-1.0,0.0,,2026-07-24T11:48:14.853730+08:00
712,2020-01-06,20000.0,-60000.0,0.0,-40000.0,23.0,0.0,0.0,0.0,,2026-07-24T11:48:14.853730+08:00
712,2020-01-07,-1000.0,0.0,0.0,-1000.0,23.0,0.0,0.0,0.0,,2026-07-24T11:48:14.853730+08:00
712,2020-01-08,-15000.0,0.0,0.0,-15000.0,23.0,0.0,0.0,0.0,,2026-07-24T11:48:14.853730+08:00
712,2020-01-09,-41000.0,0.0,0.0,-41000.0,23.0,0.0,0.0,0.0,,2026-07-24T11:48:14.853730+08:00
712,2020-01-10,-14000.0,9000.0,0.0,-5000.0,23.0,0.0,0.0,0.0,,2026-07-24T11:48:14.853730+08:00
712,2020-01-13,-98000.0,138000.0,0.0,40000.0,23.0,0.0,0.0,0.0,,2026-07-24T11:48:14.853730+08:00
712,2020-01-14,-95000.0,159000.0,0.0,64000.0,23.0,0.0,0.0,0.0,,2026-07-24T11:48:14.853730+08:00
712,2020-01-15,-82000.0,98000.0,0.0,16000.0,23.0,0.0,0.0,0.0,,2026-07-24T11:48:14.853730+08:00
712,2020-01-16,36000.0,0.0,0.0,36000.0,23.0,0.0,0.0,0.0,,2026-07-24T11:48:14.853730+08:00
712,2020-01-17,69000.0,0.0,0.0,69000.0,16.0,0.0,-7.0,0.0,,2026-07-24T11:48:14.853730+08:00
712,2020-01-20,2000.0,0.0,0.0,2000.0,16.0,0.0,0.0,0.0,,2026-07-24T11:48:14.853730+08:00
712,2020-01-30,372000.0,0.0,0.0,372000.0,16.0,0.0,0.0,0.0,,2026-07-24T11:48:14.853730+08:00
712,2020-01-31,161000.0,183000.0,0.0,344000.0,19.0,0.0,3.0,0.0,,2026-07-24T11:48:14.853730+08:00
712,2020-02-03,-73000.0,508000.0,0.0,435000.0,24.0,0.0,5.0,0.0,,2026-07-24T11:48:14.853730+08:00
712,2020-02-04,77000.0,89000.0,0.0,166000.0,19.0,0.0,-5.0,0.0,,2026-07-24T11:48:14.853730+08:00
712,2020-02-05,159000.0,81000.0,0.0,240000.0,6.0,0.0,-13.0,0.0,,2026-07-24T11:48:14.853730+08:00
712,2020-02-06,-89000.0,393000.0,0.0,304000.0,6.0,0.0,0.0,0.0,,2026-07-24T11:48:14.853730+08:00
712,2020-02-07,272000.0,228000.0,0.0,500000.0,7.0,0.0,1.0,0.0,,2026-07-24T11:48:14.853730+08:00
712,2020-02-10,-68000.0,150000.0,0.0,82000.0,10.0,0.0,3.0,0.0,,2026-07-24T11:48:14.853730+08:00
712,2020-02-11,-199000.0,74000.0,0.0,-125000.0,10.0,0.0,0.0,0.0,,2026-07-24T11:48:14.853730+08:00
712,2020-02-12,120000.0,1000.0,0.0,121000.0,1.0,0.0,-9.0,0.0,,2026-07-24T11:48:14.853730+08:00
712,2020-02-13,84000.0,87000.0,0.0,171000.0,1.0,0.0,0.0,0.0,,2026-07-24T11:48:14.853730+08:00
712,2020-02-14,8000.0,130000.0,0.0,138000.0,18.0,0.0,17.0,0.0,,2026-07-24T11:48:14.853730+08:00
712,2020-02-17,-129000.0,124000.0,0.0,-5000.0,32.0,0.0,14.0,0.0,,2026-07-24T11:48:14.853730+08:00
712,2020-02-18,35000.0,0.0,0.0,35000.0,32.0,0.0,0.0,0.0,,2026-07-24T11:48:14.853730+08:00
712,2020-02-19,-110000.0,62000.0,0.0,-48000.0,37.0,0.0,5.0,0.0,,2026-07-24T11:48:14.853730+08:00
712,2020-02-20,63000.0,-12000.0,0.0,51000.0,29.0,0.0,-8.0,0.0,,2026-07-24T11:48:14.853730+08:00
712,2020-02-21,23000.0,-33000.0,0.0,-10000.0,42.0,0.0,13.0,0.0,,2026-07-24T11:48:14.853730+08:00
712,2020-02-24,383000.0,-167000.0,0.0,216000.0,1.0,0.0,-41.0,0.0,,2026-07-24T11:48:14.853730+08:00
712,2020-02-25,-44000.0,89000.0,0.0,45000.0,1.0,0.0,0.0,0.0,,2026-07-24T11:48:14.853730+08:00
712,2020-02-26,-200000.0,-7000.0,0.0,-207000.0,1.0,0.0,0.0,0.0,,2026-07-24T11:48:14.853730+08:00
712,2020-02-27,347000.0,-310800.0,0.0,36200.0,1.0,0.0,0.0,0.0,,2026-07-24T11:48:14.853730+08:00
712,2020-03-02,-9000.0,-1223000.0,0.0,-1232000.0,23.0,0.0,22.0,0.0,,2026-07-24T11:48:14.853730+08:00
712,2020-03-03,-151000.0,42000.0,0.0,-109000.0,24.0,0.0,1.0,0.0,,2026-07-24T11:48:14.853730+08:00
712,2020-03-04,-169000.0,38000.0,0.0,-131000.0,25.0,0.0,1.0,0.0,,2026-07-24T11:48:14.853730+08:00
712,2020-03-05,360000.0,-421738.0,0.0,-61738.0,26.0,0.0,1.0,0.0,,2026-07-24T11:48:14.853730+08:00
712,2020-03-06,-329000.0,-158000.0,0.0,-487000.0,26.0,0.0,0.0,0.0,,2026-07-24T11:48:14.853730+08:00
712,2020-03-09,31000.0,-500000.0,0.0,-469000.0,27.0,0.0,1.0,0.0,,2026-07-24T11:48:14.853730+08:00
712,2020-03-10,-994000.0,0.0,0.0,-994000.0,32.0,0.0,5.0,0.0,,2026-07-24T11:48:14.853730+08:00
712,2020-03-11,-808000.0,-1000000.0,0.0,-1808000.0,26.0,0.0,-6.0,0.0,,2026-07-24T11:48:14.853730+08:00
712,2020-03-12,109000.0,-803000.0,0.0,-694000.0,38.0,0.0,12.0,0.0,,2026-07-24T11:48:14.853730+08:00
712,2020-03-13,-489000.0,-321000.0,0.0,-810000.0,61.0,0.0,23.0,0.0,,2026-07-24T11:48:14.853730+08:00
712,2020-03-16,382000.0,-876000.0,0.0,-494000.0,63.0,0.0,2.0,0.0,,2026-07-24T11:48:14.853730+08:00
712,2020-03-17,-9000.0,2000.0,0.0,-7000.0,64.0,0.0,1.0,0.0,,2026-07-24T11:48:14.853730+08:00
712,2020-03-18,-548000.0,-2000.0,0.0,-550000.0,65.0,0.0,1.0,0.0,,2026-07-24T11:48:14.853730+08:00
712,2020-03-19,-601000.0,27000.0,0.0,-574000.0,66.0,0.0,1.0,0.0,,2026-07-24T11:48:14.853730+08:00
712,2020-03-20,-1002000.0,0.0,0.0,-1002000.0,80.0,0.0,14.0,0.0,,2026-07-24T11:48:14.853730+08:00
712,2020-03-23,9000.0,0.0,0.0,9000.0,79.0,0.0,-1.0,0.0,,2026-07-24T11:48:14.853730+08:00
712,2020-03-24,-407000.0,1000.0,0.0,-406000.0,79.0,0.0,0.0,0.0,,2026-07-24T11:48:14.853730+08:00
712,2020-03-25,-620000.0,-1652800.0,0.0,-2272800.0,259.0,0.0,180.0,0.0,,2026-07-24T11:48:14.853730+08:00
712,2020-03-26,-650000.0,-349000.0,0.0,-999000.0,406.0,0.0,147.0,0.0,,2026-07-24T11:48:14.853730+08:00
712,2020-03-27,-373000.0,0.0,0.0,-373000.0,503.0,1.0,97.0,1.0,,2026-07-24T11:48:14.853730+08:00
712,2020-03-30,-802000.0,167000.0,0.0,-635000.0,854.0,4.0,351.0,3.0,,2026-07-24T11:48:14.853730+08:00
712,2020-03-31,-251000.0,-192000.0,0.0,-443000.0,556.0,77.0,-298.0,73.0,,2026-07-24T11:48:14.853730+08:00
712,2020-04-01,-945000.0,1000.0,0.0,-944000.0,578.0,4.0,22.0,-73.0,,2026-07-24T11:48:14.853730+08:00
712,2020-04-06,-528000.0,-98000.0,0.0,-626000.0,428.0,18.0,-150.0,14.0,,2026-07-24T11:48:14.853730+08:00
712,2020-04-07,-1000000.0,0.0,0.0,-1000000.0,525.0,29.0,97.0,11.0,,2026-07-24T11:48:14.853730+08:00
712,2020-04-08,-1497000.0,-738000.0,0.0,-2235000.0,712.0,36.0,187.0,7.0,,2026-07-24T11:48:14.853730+08:00
712,2020-04-09,-99000.0,0.0,0.0,-99000.0,1113.0,23.0,401.0,-13.0,,2026-07-24T11:48:14.853730+08:00
712,2020-04-10,-957000.0,2000.0,0.0,-955000.0,1791.0,40.0,678.0,17.0,,2026-07-24T11:48:14.853730+08:00
712,2020-04-13,-284000.0,-3000.0,0.0,-287000.0,1812.0,346.0,21.0,306.0,,2026-07-24T11:48:14.853730+08:00
712,2020-04-14,-1078000.0,-1159000.0,0.0,-2237000.0,2488.0,366.0,676.0,20.0,,2026-07-24T11:48:14.853730+08:00
712,2020-04-15,-997000.0,-58000.0,0.0,-1055000.0,2512.0,380.0,24.0,14.0,,2026-07-24T11:48:14.853730+08:00
712,2020-04-16,-727000.0,-1736000.0,0.0,-2463000.0,1791.0,182.0,-721.0,-198.0,,2026-07-24T11:48:14.853730+08:00
712,2020-04-17,-770000.0,-1181000.0,0.0,-1951000.0,3411.0,240.0,1620.0,58.0,,2026-07-24T11:48:14.853730+08:00
712,2020-04-20,-140000.0,-193000.0,0.0,-333000.0,3745.0,216.0,334.0,-24.0,,2026-07-24T11:48:14.853730+08:00
712,2020-04-21,-103000.0,-310000.0,0.0,-413000.0,2826.0,35.0,-919.0,-181.0,,2026-07-24T11:48:14.853730+08:00
712,2020-04-22,-98000.0,827000.0,0.0,729000.0,2937.0,58.0,111.0,23.0,,2026-07-24T11:48:14.853730+08:00
712,2020-04-23,-222000.0,-825000.0,0.0,-1047000.0,3109.0,183.0,172.0,125.0,,2026-07-24T11:48:14.853730+08:00
712,2020-04-24,-112000.0,-514000.0,0.0,-626000.0,3170.0,661.0,61.0,478.0,,2026-07-24T11:48:14.853730+08:00
712,2020-04-27,-403000.0,-319000.0,0.0,-722000.0,3115.0,578.0,-55.0,-83.0,,2026-07-24T11:48:14.853730+08:00
712,2020-04-28,2000.0,-457000.0,0.0,-455000.0,3159.0,876.0,44.0,298.0,,2026-07-24T11:48:14.853730+08:00
712,2020-04-29,-198000.0,1347000.0,0.0,1149000.0,3186.0,910.0,27.0,34.0,,2026-07-24T11:48:14.853730+08:00
712,2020-04-30,-402000.0,-508000.0,0.0,-910000.0,3395.0,867.0,209.0,-43.0,,2026-07-24T11:48:14.853730+08:00
712,2020-05-04,51000.0,-1485000.0,0.0,-1434000.0,3148.0,435.0,-247.0,-432.0,,2026-07-24T11:48:14.853730+08:00
712,2020-05-05,-714000.0,-574000.0,0.0,-1288000.0,3231.0,521.0,83.0,86.0,,2026-07-24T11:48:14.853730+08:00
712,2020-05-06,-69000.0,271000.0,0.0,202000.0,3431.0,521.0,200.0,0.0,,2026-07-24T11:48:14.853730+08:00
712,2020-05-07,-93000.0,-376000.0,0.0,-469000.0,3345.0,521.0,-86.0,0.0,,2026-07-24T11:48:14.853730+08:00
712,2020-05-08,152000.0,827000.0,0.0,979000.0,2702.0,521.0,-643.0,0.0,,2026-07-24T11:48:14.853730+08:00
712,2020-05-11,-424000.0,169000.0,0.0,-255000.0,2431.0,421.0,-271.0,-100.0,,2026-07-24T11:48:14.853730+08:00
712,2020-05-12,-145000.0,-670000.0,0.0,-815000.0,2273.0,421.0,-158.0,0.0,,2026-07-24T11:48:14.853730+08:00
712,2020-05-13,-731000.0,0.0,0.0,-731000.0,2549.0,603.0,276.0,182.0,,2026-07-24T11:48:14.853730+08:00
712,2020-05-14,-1028000.0,-729000.0,0.0,-1757000.0,2794.0,867.0,245.0,264.0,,2026-07-24T11:48:14.853730+08:00
712,2020-05-15,-2000.0,1060000.0,0.0,1058000.0,2357.0,757.0,-437.0,-110.0,,2026-07-24T11:48:14.853730+08:00
712,2020-05-18,-303000.0,99000.0,0.0,-204000.0,2405.0,433.0,48.0,-324.0,,2026-07-24T11:48:14.853730+08:00
712,2020-05-19,94000.0,1100000.0,0.0,1194000.0,2434.0,708.0,29.0,275.0,,2026-07-24T11:48:14.853730+08:00
712,2020-05-20,-121000.0,809000.0,0.0,688000.0,2517.0,900.0,83.0,192.0,,2026-07-24T11:48:14.853730+08:00
712,2020-05-21,435000.0,551000.0,0.0,986000.0,2693.0,1095.0,176.0,195.0,,2026-07-24T11:48:14.853730+08:00
712,2020-05-22,480000.0,0.0,0.0,480000.0,2677.0,1317.0,-16.0,222.0,,2026-07-24T11:48:14.853730+08:00
712,2020-05-25,231000.0,1852500.0,0.0,2083500.0,2611.0,1445.0,-66.0,128.0,,2026-07-24T11:48:14.853730+08:00
712,2020-05-26,-633000.0,554500.0,0.0,-78500.0,2564.0,1447.0,-47.0,2.0,,2026-07-24T11:48:14.853730+08:00
712,2020-05-27,10000.0,-9000.0,0.0,1000.0,2675.0,1539.0,111.0,92.0,,2026-07-24T11:48:14.853730+08:00
712,2020-05-28,-451000.0,336721.0,0.0,-114279.0,2372.0,1431.0,-303.0,-108.0,,2026-07-24T11:48:14.853730+08:00
712,2020-05-29,-57000.0,-33000.0,0.0,-90000.0,2451.0,1460.0,79.0,29.0,,2026-07-24T11:48:14.853730+08:00
712,2020-06-01,-266000.0,-1493000.0,0.0,-1759000.0,1489.0,249.0,-962.0,-1211.0,,2026-07-24T11:48:14.853730+08:00
712,2020-06-02,-44000.0,-144000.0,0.0,-188000.0,1524.0,249.0,35.0,0.0,,2026-07-24T11:48:14.853730+08:00
712,2020-06-03,-121000.0,-36000.0,0.0,-157000.0,1518.0,249.0,-6.0,0.0,,2026-07-24T11:48:14.853730+08:00
712,2020-06-04,-44000.0,124000.0,0.0,80000.0,1492.0,250.0,-26.0,1.0,,2026-07-24T11:48:14.853730+08:00
712,2020-06-05,-387000.0,-762383.0,0.0,-1149383.0,1671.0,248.0,179.0,-2.0,,2026-07-24T11:48:14.853730+08:00
712,2020-06-08,-2535000.0,-486000.0,0.0,-3021000.0,1549.0,214.0,-122.0,-34.0,,2026-07-24T11:48:14.853730+08:00
712,2020-06-09,-4120000.0,-640000.0,0.0,-4760000.0,2378.0,110.0,829.0,-104.0,,2026-07-24T11:48:14.853730+08:00
712,2020-06-10,-4495000.0,0.0,0.0,-4495000.0,2822.0,3.0,444.0,-107.0,,2026-07-24T11:48:14.853730+08:00
712,2020-06-11,-1159000.0,513000.0,0.0,-646000.0,2928.0,0.0,106.0,-3.0,,2026-07-24T11:48:14.853730+08:00
712,2020-06-12,-2576000.0,-578000.0,0.0,-3154000.0,3213.0,0.0,285.0,0.0,,2026-07-24T11:48:14.853730+08:00
712,2020-06-15,496000.0,-1060000.0,0.0,-564000.0,2902.0,0.0,-311.0,0.0,,2026-07-24T11:48:14.853730+08:00
712,2020-06-16,-1957000.0,554000.0,0.0,-1403000.0,3421.0,0.0,519.0,0.0,,2026-07-24T11:48:14.853730+08:00
712,2020-06-17,-1408000.0,11000.0,0.0,-1397000.0,3340.0,0.0,-81.0,0.0,,2026-07-24T11:48:14.853730+08:00
712,2020-06-18,-2095000.0,610000.0,0.0,-1485000.0,3276.0,193.0,-64.0,193.0,,2026-07-24T11:48:14.853730+08:00
712,2020-06-19,-2065000.0,18000.0,0.0,-2047000.0,3288.0,288.0,12.0,95.0,,2026-07-24T11:48:14.853730+08:00
712,2020-06-22,-3021000.0,-18000.0,0.0,-3039000.0,3788.0,287.0,500.0,-1.0,,2026-07-24T11:48:14.853730+08:00
712,2020-06-23,-3598000.0,-108000.0,0.0,-3706000.0,4351.0,288.0,563.0,1.0,,2026-07-24T11:48:14.853730+08:00
712,2020-06-24,-681000.0,347000.0,0.0,-334000.0,4285.0,140.0,-66.0,-148.0,,2026-07-24T11:48:14.853730+08:00
712,2020-06-29,-1364000.0,-718000.0,0.0,-2082000.0,4195.0,141.0,-90.0,1.0,,2026-07-24T11:48:14.853730+08:00
712,2020-06-30,-769000.0,306000.0,0.0,-463000.0,4289.0,142.0,94.0,1.0,,2026-07-24T11:48:14.853730+08:00
712,2020-07-01,-391000.0,0.0,0.0,-391000.0,4142.0,142.0,-147.0,0.0,,2026-07-24T11:48:14.853730+08:00
712,2020-07-02,-230000.0,-710000.0,0.0,-940000.0,4201.0,142.0,59.0,0.0,,2026-07-24T11:48:14.853730+08:00
712,2020-07-03,-177000.0,-812000.0,0.0,-989000.0,4316.0,190.0,115.0,48.0,,2026-07-24T11:48:14.853730+08:00
712,2020-07-06,-820000.0,-119000.0,0.0,-939000.0,4366.0,271.0,50.0,81.0,,2026-07-24T11:48:14.853730+08:00
712,2020-07-07,-523000.0,4000.0,0.0,-519000.0,4476.0,197.0,110.0,-74.0,,2026-07-24T11:48:14.853730+08:00
712,2020-07-08,-594000.0,-500000.0,0.0,-1094000.0,4583.0,197.0,107.0,0.0,,2026-07-24T11:48:14.853730+08:00
712,2020-07-09,-551000.0,-113000.0,0.0,-664000.0,4587.0,193.0,4.0,-4.0,,2026-07-24T11:48:14.853730+08:00
712,2020-07-10,-1241000.0,-882000.0,0.0,-2123000.0,3844.0,44.0,-743.0,-149.0,,2026-07-24T11:48:14.853730+08:00
712,2020-07-13,-1095000.0,71000.0,0.0,-1024000.0,4608.0,38.0,764.0,-6.0,,2026-07-24T11:48:14.853730+08:00
712,2020-07-14,-463000.0,128000.0,0.0,-335000.0,4639.0,38.0,31.0,0.0,,2026-07-24T11:48:14.853730+08:00
712,2020-07-15,-392000.0,494000.0,0.0,102000.0,4660.0,39.0,21.0,1.0,,2026-07-24T11:48:14.853730+08:00
712,2020-07-16,15000.0,325000.0,0.0,340000.0,4785.0,42.0,125.0,3.0,,2026-07-24T11:48:14.853730+08:00
712,2020-07-17,-98000.0,613000.0,0.0,515000.0,4755.0,42.0,-30.0,0.0,,2026-07-24T11:48:14.853730+08:00
712,2020-07-20,-63000.0,35000.0,0.0,-28000.0,4904.0,43.0,149.0,1.0,,2026-07-24T11:48:14.853730+08:00
712,2020-07-21,-123000.0,114000.0,0.0,-9000.0,5043.0,42.0,139.0,-1.0,,2026-07-24T11:48:14.853730+08:00
712,2020-07-22,-191000.0,514000.0,0.0,323000.0,5071.0,42.0,28.0,0.0,,2026-07-24T11:48:14.853730+08:00
712,2020-07-23,242000.0,655000.0,0.0,897000.0,5120.0,6.0,49.0,-36.0,,2026-07-24T11:48:14.853730+08:00
712,2020-07-24,310000.0,687000.0,0.0,997000.0,4707.0,6.0,-413.0,0.0,,2026-07-24T11:48:14.853730+08:00
712,2020-07-27,197000.0,-10000.0,0.0,187000.0,3773.0,11.0,-934.0,5.0,,2026-07-24T11:48:14.853730+08:00
712,2020-07-28,144000.0,1106000.0,0.0,1250000.0,3059.0,11.0,-714.0,0.0,,2026-07-24T11:48:14.853730+08:00
712,2020-07-29,-51000.0,263000.0,0.0,212000.0,3051.0,11.0,-8.0,0.0,,2026-07-24T11:48:14.853730+08:00
712,2020-07-30,-3000.0,258000.0,0.0,255000.0,3059.0,13.0,8.0,2.0,,2026-07-24T11:48:14.853730+08:00
712,2020-07-31,62000.0,-126000.0,0.0,-64000.0,2853.0,13.0,-206.0,0.0,,2026-07-24T11:48:14.853730+08:00
712,2020-08-03,211000.0,30000.0,0.0,241000.0,2730.0,36.0,-123.0,23.0,,2026-07-24T11:48:14.853730+08:00
712,2020-08-04,-44000.0,191000.0,0.0,147000.0,2681.0,37.0,-49.0,1.0,,2026-07-24T11:48:14.853730+08:00
712,2020-08-05,-143000.0,-153000.0,0.0,-296000.0,2651.0,37.0,-30.0,0.0,,2026-07-24T11:48:14.853730+08:00
712,2020-08-06,-354000.0,306000.0,0.0,-48000.0,2627.0,7.0,-24.0,-30.0,,2026-07-24T11:48:14.853730+08:00
712,2020-08-07,-149000.0,-110000.0,0.0,-259000.0,2611.0,7.0,-16.0,0.0,,2026-07-24T11:48:14.853730+08:00
712,2020-08-10,-169000.0,504000.0,0.0,335000.0,2790.0,6.0,179.0,-1.0,,2026-07-24T11:48:14.853730+08:00
712,2020-08-11,-55000.0,613000.0,0.0,558000.0,3249.0,6.0,459.0,0.0,,2026-07-24T11:48:14.853730+08:00
712,2020-08-12,5000.0,851000.0,0.0,856000.0,3160.0,8.0,-89.0,2.0,,2026-07-24T11:48:14.853730+08:00
712,2020-08-13,26000.0,-318000.0,0.0,-292000.0,3025.0,6.0,-135.0,-2.0,,2026-07-24T11:48:14.853730+08:00
712,2020-08-14,4000.0,124000.0,0.0,128000.0,3120.0,6.0,95.0,0.0,,2026-07-24T11:48:14.853730+08:00
712,2020-08-17,-54000.0,11000.0,0.0,-43000.0,3763.0,7.0,643.0,1.0,,2026-07-24T11:48:14.853730+08:00
712,2020-08-18,-145000.0,-4000.0,0.0,-149000.0,3729.0,6.0,-34.0,-1.0,,2026-07-24T11:48:14.853730+08:00
712,2020-08-19,-97000.0,-463000.0,0.0,-560000.0,3684.0,7.0,-45.0,1.0,,2026-07-24T11:48:14.853730+08:00
712,2020-08-20,34000.0,631000.0,0.0,665000.0,2619.0,7.0,-1065.0,0.0,,2026-07-24T11:48:14.853730+08:00
712,2020-08-21,-264000.0,282000.0,0.0,18000.0,2535.0,7.0,-84.0,0.0,,2026-07-24T11:48:14.853730+08:00
712,2020-08-24,-92000.0,-246000.0,0.0,-338000.0,2554.0,7.0,19.0,0.0,,2026-07-24T11:48:14.853730+08:00
712,2020-08-25,60000.0,583000.0,0.0,643000.0,2795.0,12.0,241.0,5.0,,2026-07-24T11:48:14.853730+08:00
712,2020-08-26,231000.0,-298000.0,0.0,-67000.0,2802.0,12.0,7.0,0.0,,2026-07-24T11:48:14.853730+08:00
712,2020-08-27,149000.0,-471000.0,0.0,-322000.0,2800.0,7.0,-2.0,-5.0,,2026-07-24T11:48:14.853730+08:00
712,2020-08-28,-439000.0,-30000.0,0.0,-469000.0,2820.0,7.0,20.0,0.0,,2026-07-24T11:48:14.853730+08:00
712,2020-08-31,21000.0,726000.0,0.0,747000.0,2808.0,7.0,-12.0,0.0,,2026-07-24T11:48:14.853730+08:00
712,2020-09-01,180000.0,-579000.0,0.0,-399000.0,2790.0,8.0,-18.0,1.0,,2026-07-24T11:48:14.853730+08:00
712,2020-09-02,-126000.0,26000.0,0.0,-100000.0,2780.0,8.0,-10.0,0.0,,2026-07-24T11:48:14.853730+08:00
712,2020-09-03,157000.0,-173000.0,0.0,-16000.0,2924.0,8.0,144.0,0.0,,2026-07-24T11:48:14.853730+08:00
712,2020-09-04,-407000.0,-130000.0,0.0,-537000.0,2834.0,8.0,-90.0,0.0,,2026-07-24T11:48:14.853730+08:00
712,2020-09-07,-293000.0,-960000.0,0.0,-1253000.0,2803.0,8.0,-31.0,0.0,,2026-07-24T11:48:14.853730+08:00
712,2020-09-08,-119000.0,-224000.0,0.0,-343000.0,2887.0,8.0,84.0,0.0,,2026-07-24T11:48:14.853730+08:00
712,2020-09-09,-422000.0,-989000.0,0.0,-1411000.0,3137.0,5.0,250.0,-3.0,,2026-07-24T11:48:14.853730+08:00
712,2020-09-10,-835000.0,-826000.0,0.0,-1661000.0,3219.0,5.0,82.0,0.0,,2026-07-24T11:48:14.853730+08:00
712,2020-09-11,-922000.0,-1174000.0,0.0,-2096000.0,3122.0,0.0,-97.0,-5.0,,2026-07-24T11:48:14.853730+08:00
712,2020-09-14,-1815000.0,-1176000.0,0.0,-2991000.0,3060.0,0.0,-62.0,0.0,,2026-07-24T11:48:14.853730+08:00
712,2020-09-15,-143000.0,267000.0,0.0,124000.0,3110.0,0.0,50.0,0.0,,2026-07-24T11:48:14.853730+08:00
712,2020-09-16,-909000.0,7000.0,0.0,-902000.0,2836.0,0.0,-274.0,0.0,,2026-07-24T11:48:14.853730+08:00
712,2020-09-17,-575000.0,0.0,0.0,-575000.0,2834.0,0.0,-2.0,0.0,,2026-07-24T11:48:14.853730+08:00
712,2020-09-18,-312000.0,1000.0,0.0,-311000.0,2667.0,0.0,-167.0,0.0,,2026-07-24T11:48:14.853730+08:00
712,2020-09-21,-693000.0,0.0,0.0,-693000.0,2608.0,80.0,-59.0,80.0,,2026-07-24T11:48:14.853730+08:00
712,2020-09-22,-2316000.0,0.0,0.0,-2316000.0,2641.0,121.0,33.0,41.0,,2026-07-24T11:48:14.853730+08:00
712,2020-09-23,-1280000.0,-244000.0,0.0,-1524000.0,2651.0,0.0,10.0,-121.0,,2026-07-24T11:48:14.853730+08:00
712,2020-09-24,-783000.0,-128000.0,0.0,-911000.0,1832.0,0.0,-819.0,0.0,,2026-07-24T11:48:14.853730+08:00
712,2020-09-25,-918000.0,201000.0,0.0,-717000.0,1844.0,0.0,12.0,0.0,,2026-07-24T11:48:14.853730+08:00
712,2020-09-28,-282000.0,261000.0,0.0,-21000.0,1792.0,0.0,-52.0,0.0,,2026-07-24T11:48:14.853730+08:00
712,2020-09-29,-126000.0,264000.0,0.0,138000.0,1750.0,0.0,-42.0,0.0,,2026-07-24T11:48:14.853730+08:00
712,2020-09-30,-474000.0,0.0,0.0,-474000.0,1756.0,0.0,6.0,0.0,,2026-07-24T11:48:14.853730+08:00
712,2020-10-05,-346000.0,0.0,0.0,-346000.0,1749.0,0.0,-7.0,0.0,,2026-07-24T11:48:14.853730+08:00
712,2020-10-06,-91000.0,0.0,0.0,-91000.0,1693.0,0.0,-56.0,0.0,,2026-07-24T11:48:14.853730+08:00
712,2020-10-07,-206000.0,-130000.0,0.0,-336000.0,1693.0,0.0,0.0,0.0,,2026-07-24T11:48:14.853730+08:00
712,2020-10-08,57000.0,-144000.0,0.0,-87000.0,1637.0,0.0,-56.0,0.0,,2026-07-24T11:48:14.853730+08:00
712,2020-10-12,300000.0,-109000.0,0.0,191000.0,1602.0,0.0,-35.0,0.0,,2026-07-24T11:48:14.853730+08:00
712,2020-10-13,-118000.0,92000.0,0.0,-26000.0,1526.0,0.0,-76.0,0.0,,2026-07-24T11:48:14.853730+08:00
712,2020-10-14,17000.0,78000.0,0.0,95000.0,1516.0,0.0,-10.0,0.0,,2026-07-24T11:48:14.853730+08:00
712,2020-10-15,-36000.0,-66000.0,0.0,-102000.0,1516.0,0.0,0.0,0.0,,2026-07-24T11:48:14.853730+08:00
712,2020-10-16,-39000.0,172000.0,0.0,133000.0,1496.0,0.0,-20.0,0.0,,2026-07-24T11:48:14.853730+08:00
712,2020-10-19,-105000.0,-251000.0,0.0,-356000.0,1477.0,0.0,-19.0,0.0,,2026-07-24T11:48:14.853730+08:00
712,2020-10-20,-1033000.0,-520000.0,0.0,-1553000.0,1475.0,0.0,-2.0,0.0,,2026-07-24T11:48:14.853730+08:00
712,2020-10-21,-485000.0,90000.0,0.0,-395000.0,1470.0,0.0,-5.0,0.0,,2026-07-24T11:48:14.853730+08:00
712,2020-10-22,-749000.0,-369000.0,0.0,-1118000.0,1479.0,0.0,9.0,0.0,,2026-07-24T11:48:14.853730+08:00
712,2020-10-23,-389000.0,141000.0,0.0,-248000.0,1475.0,0.0,-4.0,0.0,,2026-07-24T11:48:14.853730+08:00
712,2020-10-26,-1000.0,-42000.0,0.0,-43000.0,1459.0,0.0,-16.0,0.0,,2026-07-24T11:48:14.853730+08:00
712,2020-10-27,-591000.0,-334000.0,0.0,-925000.0,1464.0,0.0,5.0,0.0,,2026-07-24T11:48:14.853730+08:00
712,2020-10-28,-933000.0,-650000.0,0.0,-1583000.0,1468.0,0.0,4.0,0.0,,2026-07-24T11:48:14.853730+08:00
712,2020-10-29,-1388000.0,-527000.0,0.0,-1915000.0,1547.0,0.0,79.0,0.0,,2026-07-24T11:48:14.853730+08:00
712,2020-10-30,-665000.0,-238000.0,0.0,-903000.0,1488.0,23.0,-59.0,23.0,,2026-07-24T11:48:14.853730+08:00
712,2020-11-02,-460000.0,17000.0,0.0,-443000.0,1467.0,26.0,-21.0,3.0,,2026-07-24T11:48:14.853730+08:00
712,2020-11-03,-406000.0,629000.0,0.0,223000.0,1455.0,0.0,-12.0,-26.0,,2026-07-24T11:48:14.853730+08:00
712,2020-11-04,-669000.0,1213000.0,0.0,544000.0,1429.0,0.0,-26.0,0.0,,2026-07-24T11:48:14.853730+08:00
712,2020-11-05,-73000.0,-131000.0,0.0,-204000.0,1382.0,0.0,-47.0,0.0,,2026-07-24T11:48:14.853730+08:00
712,2020-11-06,37000.0,328000.0,0.0,365000.0,1367.0,0.0,-15.0,0.0,,2026-07-24T11:48:14.853730+08:00
712,2020-11-09,-29000.0,-83000.0,0.0,-112000.0,1364.0,0.0,-3.0,0.0,,2026-07-24T11:48:14.853730+08:00
712,2020-11-10,-352000.0,1191000.0,0.0,839000.0,1348.0,0.0,-16.0,0.0,,2026-07-24T11:48:14.853730+08:00
712,2020-11-11,1424000.0,1241000.0,0.0,2665000.0,1456.0,0.0,108.0,0.0,,2026-07-24T11:48:14.853730+08:00
712,2020-11-12,57000.0,871000.0,0.0,928000.0,1448.0,0.0,-8.0,0.0,,2026-07-24T11:48:14.853730+08:00
712,2020-11-13,101000.0,841000.0,0.0,942000.0,1386.0,0.0,-62.0,0.0,,2026-07-24T11:48:14.853730+08:00
712,2020-11-16,-464000.0,3156000.0,0.0,2692000.0,1373.0,0.0,-13.0,0.0,,2026-07-24T11:48:14.853730+08:00
712,2020-11-17,76000.0,1917000.0,0.0,1993000.0,1433.0,6.0,60.0,6.0,,2026-07-24T11:48:14.853730+08:00
712,2020-11-18,111000.0,815000.0,0.0,926000.0,1392.0,13.0,-41.0,7.0,,2026-07-24T11:48:14.853730+08:00
712,2020-11-19,31000.0,223100.0,0.0,254100.0,1377.0,12.0,-15.0,-1.0,,2026-07-24T11:48:14.853730+08:00
712,2020-11-20,39000.0,-36000.0,0.0,3000.0,1388.0,7.0,11.0,-5.0,,2026-07-24T11:48:14.853730+08:00
712,2020-11-23,-258000.0,193000.0,0.0,-65000.0,1445.0,2.0,57.0,-5.0,,2026-07-24T11:48:14.853730+08:00
712,2020-11-24,-489000.0,-50000.0,0.0,-539000.0,1290.0,2.0,-155.0,0.0,,2026-07-24T11:48:14.853730+08:00
712,2020-11-25,-973000.0,-502000.0,0.0,-1475000.0,1407.0,3.0,117.0,1.0,,2026-07-24T11:48:14.853730+08:00
712,2020-11-26,-595000.0,-301000.0,0.0,-896000.0,1282.0,2.0,-125.0,-1.0,,2026-07-24T11:48:14.853730+08:00
712,2020-11-27,-51000.0,47000.0,0.0,-4000.0,1215.0,12.0,-67.0,10.0,,2026-07-24T11:48:14.853730+08:00
712,2020-11-30,95000.0,-142000.0,0.0,-47000.0,1121.0,12.0,-94.0,0.0,,2026-07-24T11:48:14.853730+08:00
712,2020-12-01,27000.0,588000.0,0.0,615000.0,1195.0,18.0,74.0,6.0,,2026-07-24T11:48:14.853730+08:00
712,2020-12-02,-317000.0,-20000.0,0.0,-337000.0,1106.0,18.0,-89.0,0.0,,2026-07-24T11:48:14.853730+08:00
712,2020-12-03,-341000.0,-456000.0,0.0,-797000.0,1202.0,15.0,96.0,-3.0,,2026-07-24T11:48:14.853730+08:00
712,2020-12-04,-67000.0,-351000.0,0.0,-418000.0,1205.0,17.0,3.0,2.0,,2026-07-24T11:48:14.853730+08:00
712,2020-12-07,-279000.0,295000.0,0.0,16000.0,1149.0,8.0,-56.0,-9.0,,2026-07-24T11:48:14.853730+08:00
712,2020-12-08,-233000.0,-450000.0,0.0,-683000.0,1163.0,8.0,14.0,0.0,,2026-07-24T11:48:14.853730+08:00
712,2020-12-09,-128000.0,295000.0,0.0,167000.0,1148.0,0.0,-15.0,-8.0,,2026-07-24T11:48:14.853730+08:00
712,2020-12-10,27000.0,-104000.0,0.0,-77000.0,1100.0,2.0,-48.0,2.0,,2026-07-24T11:48:14.853730+08:00
712,2020-12-11,-144000.0,-548000.0,0.0,-692000.0,1084.0,0.0,-16.0,-2.0,,2026-07-24T11:48:14.853730+08:00
712,2020-12-14,-636000.0,-110000.0,0.0,-746000.0,1114.0,0.0,30.0,0.0,,2026-07-24T11:48:14.853730+08:00
712,2020-12-15,-325000.0,568000.0,0.0,243000.0,1098.0,0.0,-16.0,0.0,,2026-07-24T11:48:14.853730+08:00
712,2020-12-16,-325000.0,431000.0,0.0,106000.0,1162.0,0.0,64.0,0.0,,2026-07-24T11:48:14.853730+08:00
712,2020-12-17,-682000.0,1000.0,0.0,-681000.0,1481.0,0.0,319.0,0.0,,2026-07-24T11:48:14.853730+08:00
712,2020-12-18,-12000.0,5000.0,0.0,-7000.0,1458.0,0.0,-23.0,0.0,,2026-07-24T11:48:14.853730+08:00
712,2020-12-21,-78000.0,6000.0,0.0,-72000.0,1121.0,0.0,-337.0,0.0,,2026-07-24T11:48:14.853730+08:00
712,2020-12-22,118000.0,-105000.0,0.0,13000.0,1093.0,0.0,-28.0,0.0,,2026-07-24T11:48:14.853730+08:00
712,2020-12-23,283000.0,1000.0,0.0,284000.0,1049.0,1.0,-44.0,1.0,,2026-07-24T11:48:14.853730+08:00
712,2020-12-24,-158000.0,1224000.0,0.0,1066000.0,1084.0,1.0,35.0,0.0,,2026-07-24T11:48:14.853730+08:00
712,2020-12-25,-28000.0,-7100.0,0.0,-35100.0,1129.0,1.0,45.0,0.0,,2026-07-24T11:48:14.853730+08:00
712,2020-12-28,-304000.0,360000.0,0.0,56000.0,1559.0,0.0,430.0,-1.0,,2026-07-24T11:48:14.853730+08:00
712,2020-12-29,34000.0,811000.0,0.0,845000.0,1623.0,0.0,64.0,0.0,,2026-07-24T11:48:14.853730+08:00
712,2020-12-30,-53000.0,-725000.0,0.0,-778000.0,1630.0,0.0,7.0,0.0,,2026-07-24T11:48:14.853730+08:00
712,2020-12-31,-160000.0,0.0,0.0,-160000.0,1627.0,0.0,-3.0,0.0,,2026-07-24T11:48:14.853730+08:00
712,2021-01-04,47000.0,-1000.0,0.0,46000.0,1420.0,0.0,-207.0,0.0,,2026-07-24T11:48:14.853730+08:00
712,2021-01-05,-320000.0,-2140000.0,0.0,-2460000.0,999.0,0.0,-421.0,0.0,,2026-07-24T11:48:14.853730+08:00
712,2021-01-06,-971000.0,-399900.0,0.0,-1370900.0,948.0,2.0,-51.0,2.0,,2026-07-24T11:48:14.853730+08:00
712,2021-01-07,-164000.0,738000.0,0.0,574000.0,943.0,2.0,-5.0,0.0,,2026-07-24T11:48:14.853730+08:00
712,2021-01-08,-433000.0,486000.0,0.0,53000.0,944.0,2.0,1.0,0.0,,2026-07-24T11:48:14.853730+08:00
712,2021-01-11,-14000.0,-519000.0,0.0,-533000.0,961.0,2.0,17.0,0.0,,2026-07-24T11:48:14.853730+08:00
712,2021-01-12,-107000.0,237000.0,0.0,130000.0,962.0,2.0,1.0,0.0,,2026-07-24T11:48:14.853730+08:00
712,2021-01-13,-145000.0,346000.0,0.0,201000.0,932.0,2.0,-30.0,0.0,,2026-07-24T11:48:14.853730+08:00
712,2021-01-14,-43000.0,-64000.0,0.0,-107000.0,935.0,2.0,3.0,0.0,,2026-07-24T11:48:14.853730+08:00
712,2021-01-15,76000.0,43000.0,0.0,119000.0,902.0,2.0,-33.0,0.0,,2026-07-24T11:48:14.853730+08:00
712,2021-01-18,6000.0,-105000.0,0.0,-99000.0,865.0,2.0,-37.0,0.0,,2026-07-24T11:48:14.853730+08:00
712,2021-01-19,-53000.0,280000.0,0.0,227000.0,865.0,2.0,0.0,0.0,,2026-07-24T11:48:14.853730+08:00
712,2021-01-20,50000.0,210000.0,0.0,260000.0,814.0,2.0,-51.0,0.0,,2026-07-24T11:48:14.853730+08:00
712,2021-01-21,-451000.0,923000.0,0.0,472000.0,831.0,2.0,17.0,0.0,,2026-07-24T11:48:14.853730+08:00
712,2021-01-22,-68000.0,549000.0,0.0,481000.0,812.0,2.0,-19.0,0.0,,2026-07-24T11:48:14.853730+08:00
712,2021-01-25,-61000.0,-420000.0,0.0,-481000.0,967.0,2.0,155.0,0.0,,2026-07-24T11:48:14.853730+08:00
712,2021-01-26,5000.0,492000.0,0.0,497000.0,876.0,2.0,-91.0,0.0,,2026-07-24T11:48:14.853730+08:00
712,2021-01-27,-94000.0,-162000.0,0.0,-256000.0,833.0,2.0,-43.0,0.0,,2026-07-24T11:48:14.853730+08:00
712,2021-01-28,-169000.0,-300000.0,0.0,-469000.0,783.0,2.0,-50.0,0.0,,2026-07-24T11:48:14.853730+08:00
712,2021-01-29,-81000.0,187000.0,0.0,106000.0,774.0,2.0,-9.0,0.0,,2026-07-24T11:48:14.853730+08:00
712,2021-02-01,-404000.0,-881000.0,0.0,-1285000.0,776.0,2.0,2.0,0.0,,2026-07-24T11:48:14.853730+08:00
712,2021-02-02,-227000.0,152000.0,0.0,-75000.0,779.0,2.0,3.0,0.0,,2026-07-24T11:48:14.853730+08:00
712,2021-02-03,-119000.0,650000.0,0.0,531000.0,1781.0,2.0,1002.0,0.0,,2026-07-24T11:48:14.853730+08:00
712,2021-02-04,-84000.0,-693000.0,0.0,-777000.0,2868.0,2.0,1087.0,0.0,,2026-07-24T11:48:14.853730+08:00
712,2021-02-05,53000.0,1303000.0,0.0,1356000.0,3128.0,2.0,260.0,0.0,,2026-07-24T11:48:14.853730+08:00
712,2021-02-17,-283000.0,149000.0,0.0,-134000.0,4010.0,0.0,882.0,-2.0,,2026-07-24T11:48:14.853730+08:00
712,2021-02-18,-304000.0,-818000.0,0.0,-1122000.0,3977.0,0.0,-33.0,0.0,,2026-07-24T11:48:14.853730+08:00
712,2021-02-19,-67000.0,-1584000.0,0.0,-1651000.0,3894.0,0.0,-83.0,0.0,,2026-07-24T11:48:14.853730+08:00
712,2021-02-22,256000.0,737000.0,0.0,993000.0,2742.0,0.0,-1152.0,0.0,,2026-07-24T11:48:14.853730+08:00
712,2021-02-23,-298000.0,-60000.0,0.0,-358000.0,2687.0,0.0,-55.0,0.0,,2026-07-24T11:48:14.853730+08:00
712,2021-02-24,106000.0,-1162000.0,0.0,-1056000.0,2660.0,0.0,-27.0,0.0,,2026-07-24T11:48:14.853730+08:00
712,2021-02-25,-229000.0,661000.0,0.0,432000.0,2726.0,0.0,66.0,0.0,,2026-07-24T11:48:14.853730+08:00
712,2021-02-26,-158000.0,-307000.0,0.0,-465000.0,1169.0,49.0,-1557.0,49.0,,2026-07-24T11:48:14.853730+08:00
712,2021-03-02,-491000.0,218000.0,0.0,-273000.0,698.0,49.0,-471.0,0.0,,2026-07-24T11:48:14.853730+08:00
712,2021-03-03,-437000.0,224000.0,0.0,-213000.0,690.0,49.0,-8.0,0.0,,2026-07-24T11:48:14.853730+08:00
712,2021-03-04,-39000.0,-604000.0,0.0,-643000.0,681.0,49.0,-9.0,0.0,,2026-07-24T11:48:14.853730+08:00
712,2021-03-05,-178000.0,-1352000.0,0.0,-1530000.0,676.0,49.0,-5.0,0.0,,2026-07-24T11:48:14.853730+08:00
712,2021-03-08,-526000.0,-766000.0,0.0,-1292000.0,673.0,49.0,-3.0,0.0,,2026-07-24T11:48:14.853730+08:00
712,2021-03-09,-438000.0,1246000.0,0.0,808000.0,690.0,49.0,17.0,0.0,,2026-07-24T11:48:14.853730+08:00
712,2021-03-10,-630000.0,-965000.0,0.0,-1595000.0,673.0,49.0,-17.0,0.0,,2026-07-24T11:48:14.853730+08:00
712,2021-03-11,-632000.0,-27000.0,0.0,-659000.0,638.0,0.0,-35.0,-49.0,,2026-07-24T11:48:14.853730+08:00
712,2021-03-12,-355000.0,-134000.0,0.0,-489000.0,650.0,0.0,12.0,0.0,,2026-07-24T11:48:14.853730+08:00
712,2021-03-15,-1157000.0,-2150000.0,0.0,-3307000.0,700.0,0.0,50.0,0.0,,2026-07-24T11:48:14.853730+08:00
712,2021-03-16,-713000.0,-1222000.0,0.0,-1935000.0,717.0,0.0,17.0,0.0,,2026-07-24T11:48:14.853730+08:00
712,2021-03-17,-619483.0,-1409000.0,0.0,-2028483.0,753.0,0.0,36.0,0.0,,2026-07-24T11:48:14.853730+08:00
712,2021-03-18,-927458.0,1465000.0,0.0,537542.0,789.0,0.0,36.0,0.0,,2026-07-24T11:48:14.853730+08:00
712,2021-03-19,-702000.0,0.0,0.0,-702000.0,777.0,0.0,-12.0,0.0,,2026-07-24T11:48:14.853730+08:00
712,2021-03-22,-399392.0,-1436000.0,0.0,-1835392.0,783.0,0.0,6.0,0.0,,2026-07-24T11:48:14.853730+08:00
712,2021-03-23,-284014.0,0.0,0.0,-284014.0,786.0,0.0,3.0,0.0,,2026-07-24T11:48:14.853730+08:00
712,2021-03-24,-705409.0,-692000.0,0.0,-1397409.0,794.0,0.0,8.0,0.0,,2026-07-24T11:48:14.853730+08:00
712,2021-03-25,-998735.0,213000.0,0.0,-785735.0,786.0,0.0,-8.0,0.0,,2026-07-24T11:48:14.853730+08:00
712,2021-03-26,-932500.0,575000.0,0.0,-357500.0,843.0,0.0,57.0,0.0,,2026-07-24T11:48:14.853730+08:00
712,2021-03-29,-218526.0,-552000.0,0.0,-770526.0,706.0,0.0,-137.0,0.0,,2026-07-24T11:48:14.853730+08:00
712,2021-03-30,-617888.0,-999000.0,0.0,-1616888.0,737.0,0.0,31.0,0.0,,2026-07-24T11:48:14.853730+08:00
712,2021-03-31,-733000.0,1299000.0,0.0,566000.0,716.0,0.0,-21.0,0.0,,2026-07-24T11:48:14.853730+08:00
712,2021-04-01,-483000.0,0.0,0.0,-483000.0,720.0,0.0,4.0,0.0,,2026-07-24T11:48:14.853730+08:00
712,2021-04-06,-103509.0,-594000.0,0.0,-697509.0,765.0,0.0,45.0,0.0,,2026-07-24T11:48:14.853730+08:00
712,2021-04-07,-34321.0,0.0,0.0,-34321.0,688.0,0.0,-77.0,0.0,,2026-07-24T11:48:14.853730+08:00
712,2021-04-08,-573131.0,0.0,0.0,-573131.0,666.0,0.0,-22.0,0.0,,2026-07-24T11:48:14.853730+08:00
712,2021-04-09,-335674.0,514000.0,0.0,178326.0,627.0,0.0,-39.0,0.0,,2026-07-24T11:48:14.853730+08:00
712,2021-04-12,-14067.0,1000.0,0.0,-13067.0,580.0,0.0,-47.0,0.0,,2026-07-24T11:48:14.853730+08:00
712,2021-04-13,-285714.0,503000.0,0.0,217286.0,588.0,0.0,8.0,0.0,,2026-07-24T11:48:14.853730+08:00
712,2021-04-14,-302377.0,5000.0,0.0,-297377.0,612.0,0.0,24.0,0.0,,2026-07-24T11:48:14.853730+08:00
712,2021-04-15,-760326.0,-660000.0,0.0,-1420326.0,612.0,0.0,0.0,0.0,,2026-07-24T11:48:14.853730+08:00
712,2021-04-16,-1037038.0,-719000.0,0.0,-1756038.0,573.0,0.0,-39.0,0.0,,2026-07-24T11:48:14.853730+08:00
712,2021-04-19,-242319.0,-1287000.0,0.0,-1529319.0,578.0,0.0,5.0,0.0,,2026-07-24T11:48:14.853730+08:00
712,2021-04-20,-602540.0,-1506000.0,0.0,-2108540.0,611.0,0.0,33.0,0.0,,2026-07-24T11:48:14.853730+08:00
712,2021-04-21,-1311015.0,-1585000.0,0.0,-2896015.0,561.0,0.0,-50.0,0.0,,2026-07-24T11:48:14.853730+08:00
712,2021-04-22,-164928.0,-133900.0,0.0,-298828.0,601.0,0.0,40.0,0.0,,2026-07-24T11:48:14.853730+08:00
712,2021-04-23,-373709.0,1047000.0,0.0,673291.0,598.0,0.0,-3.0,0.0,,2026-07-24T11:48:14.853730+08:00
712,2021-04-26,-397291.0,880000.0,0.0,482709.0,602.0,0.0,4.0,0.0,,2026-07-24T11:48:14.853730+08:00
712,2021-04-27,-619000.0,-1222000.0,0.0,-1841000.0,573.0,0.0,-29.0,0.0,,2026-07-24T11:48:14.853730+08:00
712,2021-04-28,-377586.0,466000.0,0.0,88414.0,567.0,0.0,-6.0,0.0,,2026-07-24T11:48:14.853730+08:00
712,2021-04-29,-374061.0,1044000.0,0.0,669939.0,593.0,0.0,26.0,0.0,,2026-07-24T11:48:14.853730+08:00
712,2021-05-03,-105142.0,963000.0,0.0,857858.0,458.0,0.0,-135.0,0.0,,2026-07-24T11:48:14.853730+08:00
712,2021-05-04,42621.0,1467000.0,0.0,1509621.0,513.0,0.0,55.0,0.0,,2026-07-24T11:48:14.853730+08:00
712,2021-05-05,-395843.0,-21000.0,0.0,-416843.0,503.0,0.0,-10.0,0.0,,2026-07-24T11:48:14.853730+08:00
712,2021-05-06,-329977.0,-331000.0,0.0,-660977.0,503.0,0.0,0.0,0.0,,2026-07-24T11:48:14.853730+08:00
712,2021-05-07,-153396.0,-783000.0,0.0,-936396.0,497.0,0.0,-6.0,0.0,,2026-07-24T11:48:14.853730+08:00
712,2021-05-10,-222033.0,211000.0,0.0,-11033.0,480.0,0.0,-17.0,0.0,,2026-07-24T11:48:14.853730+08:00
712,2021-05-11,-16835.0,-1149000.0,0.0,-1165835.0,505.0,0.0,25.0,0.0,,2026-07-24T11:48:14.853730+08:00
712,2021-05-12,-96459.0,2752000.0,0.0,2655541.0,497.0,0.0,-8.0,0.0,,2026-07-24T11:48:14.853730+08:00
712,2021-05-13,-222498.0,-203500.0,0.0,-425998.0,406.0,0.0,-91.0,0.0,,2026-07-24T11:48:14.853730+08:00
712,2021-05-14,-634053.0,1581000.0,0.0,946947.0,390.0,0.0,-16.0,0.0,,2026-07-24T11:48:14.853730+08:00
712,2021-05-17,196737.0,2341020.0,0.0,2537757.0,395.0,0.0,5.0,0.0,,2026-07-24T11:48:14.853730+08:00
712,2021-05-18,-39432.0,728000.0,0.0,688568.0,381.0,0.0,-14.0,0.0,,2026-07-24T11:48:14.853730+08:00
712,2021-05-19,-24376.0,-370000.0,0.0,-394376.0,385.0,0.0,4.0,0.0,,2026-07-24T11:48:14.853730+08:00
712,2021-05-20,-90973.0,348000.0,0.0,257027.0,354.0,0.0,-31.0,0.0,,2026-07-24T11:48:14.853730+08:00
712,2021-05-21,-99236.0,589000.0,0.0,489764.0,362.0,0.0,8.0,0.0,,2026-07-24T11:48:14.853730+08:00
712,2021-05-24,-38028.0,101000.0,0.0,62972.0,402.0,0.0,40.0,0.0,,2026-07-24T11:48:14.853730+08:00
712,2021-05-25,-406009.0,-470000.0,0.0,-876009.0,428.0,0.0,26.0,0.0,,2026-07-24T11:48:14.853730+08:00
712,2021-05-26,-152098.0,-1180000.0,0.0,-1332098.0,445.0,0.0,17.0,0.0,,2026-07-24T11:48:14.853730+08:00
712,2021-05-27,-280148.0,-250000.0,0.0,-530148.0,468.0,0.0,23.0,0.0,,2026-07-24T11:48:14.853730+08:00
712,2021-05-28,-354755.0,326000.0,0.0,-28755.0,468.0,0.0,0.0,0.0,,2026-07-24T11:48:14.853730+08:00
712,2021-05-31,-676194.0,-1641000.0,0.0,-2317194.0,488.0,0.0,20.0,0.0,,2026-07-24T11:48:14.853730+08:00
712,2021-06-01,-304913.0,-769900.0,0.0,-1074813.0,467.0,0.0,-21.0,0.0,,2026-07-24T11:48:14.853730+08:00
712,2021-06-02,-86860.0,671000.0,0.0,584140.0,402.0,0.0,-65.0,0.0,,2026-07-24T11:48:14.853730+08:00
712,2021-06-03,-511934.0,-1022000.0,0.0,-1533934.0,587.0,0.0,185.0,0.0,,2026-07-24T11:48:14.853730+08:00
712,2021-06-04,-454379.0,-124000.0,0.0,-578379.0,585.0,0.0,-2.0,0.0,,2026-07-24T11:48:14.853730+08:00
712,2021-06-07,-411938.0,56000.0,0.0,-355938.0,569.0,0.0,-16.0,0.0,,2026-07-24T11:48:14.853730+08:00
712,2021-06-08,-261000.0,-728000.0,0.0,-989000.0,578.0,2.0,9.0,2.0,,2026-07-24T11:48:14.853730+08:00
712,2021-06-09,-1429678.0,-303000.0,0.0,-1732678.0,572.0,0.0,-6.0,-2.0,,2026-07-24T11:48:14.853730+08:00
712,2021-06-10,-5721541.0,-552000.0,0.0,-6273541.0,754.0,0.0,182.0,0.0,,2026-07-24T11:48:14.853730+08:00
712,2021-06-11,-1864139.0,-2833000.0,0.0,-4697139.0,675.0,0.0,-79.0,0.0,,2026-07-24T11:48:14.853730+08:00
712,2021-06-15,-2512243.0,-2176000.0,0.0,-4688243.0,747.0,0.0,72.0,0.0,,2026-07-24T11:48:14.853730+08:00
712,2021-06-16,-2530229.0,-1060000.0,0.0,-3590229.0,810.0,0.0,63.0,0.0,,2026-07-24T11:48:14.853730+08:00
712,2021-06-17,-2820248.0,73000.0,0.0,-2747248.0,881.0,0.0,71.0,0.0,,2026-07-24T11:48:14.853730+08:00
712,2021-06-18,-3262728.0,-1800990.0,0.0,-5063718.0,949.0,0.0,68.0,0.0,,2026-07-24T11:48:14.853730+08:00
712,2021-06-21,-3587995.0,-2020000.0,0.0,-5607995.0,1035.0,0.0,86.0,0.0,,2026-07-24T11:48:14.853730+08:00
712,2021-06-22,-1220110.0,901000.0,0.0,-319110.0,1022.0,0.0,-13.0,0.0,,2026-07-24T11:48:14.853730+08:00
712,2021-06-23,-1634168.0,-134000.0,0.0,-1768168.0,1028.0,0.0,6.0,0.0,,2026-07-24T11:48:14.853730+08:00
712,2021-06-24,-1625501.0,273000.0,0.0,-1352501.0,1028.0,0.0,0.0,0.0,,2026-07-24T11:48:14.853730+08:00
712,2021-06-25,-1261998.0,574000.0,0.0,-687998.0,984.0,0.0,-44.0,0.0,,2026-07-24T11:48:14.853730+08:00
712,2021-06-28,-803562.0,62000.0,0.0,-741562.0,933.0,0.0,-51.0,0.0,,2026-07-24T11:48:14.853730+08:00
712,2021-06-29,-649925.0,-997000.0,0.0,-1646925.0,946.0,0.0,13.0,0.0,,2026-07-24T11:48:14.853730+08:00
712,2021-06-30,-2250990.0,-3106000.0,0.0,-5356990.0,980.0,0.0,34.0,0.0,,2026-07-24T11:48:14.853730+08:00
712,2021-07-01,-1536865.0,-133800.0,0.0,-1670665.0,972.0,0.0,-8.0,0.0,,2026-07-24T11:48:14.853730+08:00
712,2021-07-02,-1208429.0,24000.0,0.0,-1184429.0,974.0,0.0,2.0,0.0,,2026-07-24T11:48:14.853730+08:00
712,2021-07-05,-1335279.0,0.0,0.0,-1335279.0,991.0,0.0,17.0,0.0,,2026-07-24T11:48:14.853730+08:00
712,2021-07-06,-579163.0,-1508000.0,0.0,-2087163.0,940.0,0.0,-51.0,0.0,,2026-07-24T11:48:14.853730+08:00
712,2021-07-07,-1021283.0,-876000.0,0.0,-1897283.0,927.0,0.0,-13.0,0.0,,2026-07-24T11:48:14.853730+08:00
712,2021-07-08,-2731183.0,-1910990.0,0.0,-4642173.0,902.0,0.0,-25.0,0.0,,2026-07-24T11:48:14.853730+08:00
712,2021-07-09,-3303990.0,-1907900.0,0.0,-5211890.0,936.0,0.0,34.0,0.0,,2026-07-24T11:48:14.853730+08:00
712,2021-07-12,-1112594.0,1798691.0,0.0,686097.0,917.0,0.0,-19.0,0.0,,2026-07-24T11:48:14.853730+08:00
712,2021-07-13,-645858.0,316600.0,0.0,-329258.0,899.0,0.0,-18.0,0.0,,2026-07-24T11:48:14.853730+08:00
712,2021-07-14,-2319980.0,-3789000.0,0.0,-6108980.0,899.0,0.0,0.0,0.0,,2026-07-24T11:48:14.853730+08:00
712,2021-07-15,-3067990.0,-2990000.0,0.0,-6057990.0,934.0,0.0,35.0,0.0,,2026-07-24T11:48:14.853730+08:00
712,2021-07-16,-2258990.0,-2259000.0,0.0,-4517990.0,961.0,0.0,27.0,0.0,,2026-07-24T11:48:14.853730+08:00
712,2021-07-19,-2949980.0,-1798200.0,0.0,-4748180.0,958.0,0.0,-3.0,0.0,,2026-07-24T11:48:14.853730+08:00
712,2021-07-20,-2577149.0,-1438000.0,0.0,-4015149.0,996.0,0.0,38.0,0.0,,2026-07-24T11:48:14.853730+08:00
712,2021-07-21,-1012933.0,1376250.0,0.0,363317.0,968.0,0.0,-28.0,0.0,,2026-07-24T11:48:14.853730+08:00
712,2021-07-22,-1312963.0,1935000.0,0.0,622037.0,959.0,0.0,-9.0,0.0,,2026-07-24T11:48:14.853730+08:00
712,2021-07-23,-2190990.0,-376000.0,0.0,-2566990.0,972.0,0.0,13.0,0.0,,2026-07-24T11:48:14.853730+08:00
712,2021-07-26,-544888.0,-941000.0,0.0,-1485888.0,964.0,0.0,-8.0,0.0,,2026-07-24T11:48:14.853730+08:00
712,2021-07-27,-125488.0,164000.0,0.0,38512.0,994.0,0.0,30.0,0.0,,2026-07-24T11:48:14.853730+08:00
712,2021-07-28,-224974.0,1288000.0,0.0,1063026.0,985.0,0.0,-9.0,0.0,,2026-07-24T11:48:14.853730+08:00
712,2021-07-29,-384138.0,391000.0,0.0,6862.0,1000.0,0.0,15.0,0.0,,2026-07-24T11:48:14.853730+08:00
712,2021-07-30,-268436.0,810150.0,0.0,541714.0,971.0,0.0,-29.0,0.0,,2026-07-24T11:48:14.853730+08:00
712,2021-08-02,-303330.0,0.0,0.0,-303330.0,974.0,0.0,3.0,0.0,,2026-07-24T11:48:14.853730+08:00
712,2021-08-03,-469790.0,-1145000.0,0.0,-1614790.0,959.0,0.0,-15.0,0.0,,2026-07-24T11:48:14.853730+08:00
712,2021-08-04,-289057.0,-2296900.0,0.0,-2585957.0,966.0,0.0,7.0,0.0,,2026-07-24T11:48:14.853730+08:00
712,2021-08-05,-1806605.0,-3476000.0,0.0,-5282605.0,983.0,0.0,17.0,0.0,,2026-07-24T11:48:14.853730+08:00
712,2021-08-06,-937515.0,974000.0,0.0,36485.0,983.0,0.0,0.0,0.0,,2026-07-24T11:48:14.853730+08:00
712,2021-08-09,-357416.0,659000.0,0.0,301584.0,971.0,0.0,-12.0,0.0,,2026-07-24T11:48:14.853730+08:00
712,2021-08-10,-606664.0,-575900.0,0.0,-1182564.0,973.0,0.0,2.0,0.0,,2026-07-24T11:48:14.853730+08:00
712,2021-08-11,-573489.0,1518000.0,0.0,944511.0,964.0,0.0,-9.0,0.0,,2026-07-24T11:48:14.853730+08:00
712,2021-08-12,-424956.0,574707.0,0.0,149751.0,949.0,0.0,-15.0,0.0,,2026-07-24T11:48:14.853730+08:00
712,2021-08-13,-228172.0,841000.0,0.0,612828.0,882.0,0.0,-67.0,0.0,,2026-07-24T11:48:14.853730+08:00
712,2021-08-16,-29832.0,107000.0,0.0,77168.0,867.0,0.0,-15.0,0.0,,2026-07-24T11:48:14.853730+08:00
712,2021-08-17,12280.0,463000.0,0.0,475280.0,857.0,0.0,-10.0,0.0,,2026-07-24T11:48:14.853730+08:00
712,2021-08-18,-148496.0,415000.0,0.0,266504.0,872.0,0.0,15.0,0.0,,2026-07-24T11:48:14.853730+08:00
712,2021-08-19,-134915.0,-725000.0,0.0,-859915.0,852.0,0.0,-20.0,0.0,,2026-07-24T11:48:14.853730+08:00
712,2021-08-20,-849000.0,-1426000.0,0.0,-2275000.0,878.0,1.0,26.0,1.0,,2026-07-24T11:48:14.853730+08:00
712,2021-08-23,-478636.0,1320000.0,0.0,841364.0,868.0,0.0,-10.0,-1.0,,2026-07-24T11:48:14.853730+08:00
712,2021-08-24,-1219143.0,2443980.0,0.0,1224837.0,841.0,0.0,-27.0,0.0,,2026-07-24T11:48:14.853730+08:00
712,2021-08-25,-387999.0,1000000.0,0.0,612001.0,843.0,0.0,2.0,0.0,,2026-07-24T11:48:14.853730+08:00
712,2021-08-26,-122067.0,1138000.0,0.0,1015933.0,818.0,0.0,-25.0,0.0,,2026-07-24T11:48:14.853730+08:00
712,2021-08-27,-136251.0,-148000.0,0.0,-284251.0,830.0,0.0,12.0,0.0,,2026-07-24T11:48:14.853730+08:00
712,2021-08-30,-332862.0,959000.0,0.0,626138.0,821.0,0.0,-9.0,0.0,,2026-07-24T11:48:14.853730+08:00
712,2021-08-31,-35390.0,-186000.0,0.0,-221390.0,819.0,0.0,-2.0,0.0,,2026-07-24T11:48:14.853730+08:00
712,2021-09-01,-310000.0,843000.0,0.0,533000.0,828.0,0.0,9.0,0.0,,2026-07-24T11:48:14.853730+08:00
712,2021-09-02,11865.0,479000.0,0.0,490865.0,828.0,0.0,0.0,0.0,,2026-07-24T11:48:14.853730+08:00
712,2021-09-03,-174878.0,-156000.0,0.0,-330878.0,832.0,0.0,4.0,0.0,,2026-07-24T11:48:14.853730+08:00
712,2021-09-06,-174296.0,-972000.0,0.0,-1146296.0,820.0,0.0,-12.0,0.0,,2026-07-24T11:48:14.853730+08:00
712,2021-09-07,-147026.0,118000.0,0.0,-29026.0,819.0,0.0,-1.0,0.0,,2026-07-24T11:48:14.853730+08:00
712,2021-09-08,-236923.0,-1112000.0,0.0,-1348923.0,811.0,0.0,-8.0,0.0,,2026-07-24T11:48:14.853730+08:00
712,2021-09-09,-741387.0,-2117000.0,0.0,-2858387.0,807.0,0.0,-4.0,0.0,,2026-07-24T11:48:14.853730+08:00
712,2021-09-10,-970035.0,-618000.0,0.0,-1588035.0,753.0,0.0,-54.0,0.0,,2026-07-24T11:48:14.853730+08:00
712,2021-09-13,-2039112.0,-1169000.0,0.0,-3208112.0,771.0,0.0,18.0,0.0,,2026-07-24T11:48:14.853730+08:00
712,2021-09-14,-1114372.0,48000.0,0.0,-1066372.0,774.0,0.0,3.0,0.0,,2026-07-24T11:48:14.853730+08:00
712,2021-09-15,-1079997.0,-1273000.0,0.0,-2352997.0,784.0,0.0,10.0,0.0,,2026-07-24T11:48:14.853730+08:00
712,2021-09-16,-1512643.0,-245000.0,0.0,-1757643.0,793.0,0.0,9.0,0.0,,2026-07-24T11:48:14.853730+08:00
712,2021-09-17,-2749365.0,-2152800.0,0.0,-4902165.0,805.0,0.0,12.0,0.0,,2026-07-24T11:48:14.853730+08:00
712,2021-09-22,-584500.0,301000.0,0.0,-283500.0,774.0,0.0,-31.0,0.0,,2026-07-24T11:48:14.853730+08:00
712,2021-09-23,-1260348.0,2873900.0,0.0,1613552.0,771.0,0.0,-3.0,0.0,,2026-07-24T11:48:14.853730+08:00
712,2021-09-24,-1038838.0,1212000.0,0.0,173162.0,767.0,0.0,-4.0,0.0,,2026-07-24T11:48:14.853730+08:00
712,2021-09-27,-392665.0,-35000.0,0.0,-427665.0,720.0,0.0,-47.0,0.0,,2026-07-24T11:48:14.853730+08:00
712,2021-09-28,-246704.0,1834900.0,0.0,1588196.0,706.0,0.0,-14.0,0.0,,2026-07-24T11:48:14.853730+08:00
712,2021-09-29,-700957.0,60000.0,0.0,-640957.0,709.0,0.0,3.0,0.0,,2026-07-24T11:48:14.853730+08:00
712,2021-09-30,-592100.0,568000.0,0.0,-24100.0,710.0,0.0,1.0,0.0,,2026-07-24T11:48:14.853730+08:00
712,2021-10-01,-1291605.0,-5197900.0,0.0,-6489505.0,714.0,0.0,4.0,0.0,,2026-07-24T11:48:14.853730+08:00
712,2021-10-04,-1293350.0,1654000.0,0.0,360650.0,687.0,0.0,-27.0,0.0,,2026-07-24T11:48:14.853730+08:00
712,2021-10-05,-739620.0,1687000.0,0.0,947380.0,678.0,0.0,-9.0,0.0,,2026-07-24T11:48:14.853730+08:00
712,2021-10-06,-1390260.0,2386000.0,0.0,995740.0,676.0,0.0,-2.0,0.0,,2026-07-24T11:48:14.853730+08:00
712,2021-10-07,-524319.0,1397000.0,0.0,872681.0,681.0,0.0,5.0,0.0,,2026-07-24T11:48:14.853730+08:00
712,2021-10-08,-905172.0,2136000.0,0.0,1230828.0,672.0,0.0,-9.0,0.0,,2026-07-24T11:48:14.853730+08:00
712,2021-10-12,73750.0,350000.0,0.0,423750.0,654.0,0.0,-18.0,0.0,,2026-07-24T11:48:14.853730+08:00
712,2021-10-13,137917.0,4999000.0,0.0,5136917.0,673.0,4.0,19.0,4.0,,2026-07-24T11:48:14.853730+08:00
712,2021-10-14,16000.0,1824000.0,0.0,1840000.0,669.0,5.0,-4.0,1.0,,2026-07-24T11:48:14.853730+08:00
712,2021-10-15,-100806.0,2750000.0,0.0,2649194.0,683.0,5.0,14.0,0.0,,2026-07-24T11:48:14.853730+08:00
712,2021-10-18,-313687.0,846000.0,0.0,532313.0,681.0,5.0,-2.0,0.0,,2026-07-24T11:48:14.853730+08:00
712,2021-10-19,111421.0,855000.0,0.0,966421.0,682.0,8.0,1.0,3.0,,2026-07-24T11:48:14.853730+08:00
712,2021-10-20,-82478.0,904000.0,0.0,821522.0,682.0,9.0,0.0,1.0,,2026-07-24T11:48:14.853730+08:00
712,2021-10-21,402736.0,1136000.0,0.0,1538736.0,680.0,9.0,-2.0,0.0,,2026-07-24T11:48:14.853730+08:00
712,2021-10-22,-144778.0,2296000.0,0.0,2151222.0,568.0,9.0,-112.0,0.0,,2026-07-24T11:48:14.853730+08:00
712,2021-10-25,-158191.0,9000.0,0.0,-149191.0,566.0,9.0,-2.0,0.0,,2026-07-24T11:48:14.853730+08:00
712,2021-10-26,103324.0,504000.0,0.0,607324.0,566.0,9.0,0.0,0.0,,2026-07-24T11:48:14.853730+08:00
712,2021-10-27,-141082.0,-76000.0,0.0,-217082.0,566.0,10.0,0.0,1.0,,2026-07-24T11:48:14.853730+08:00
712,2021-10-28,-153165.0,-36000.0,0.0,-189165.0,564.0,10.0,-2.0,0.0,,2026-07-24T11:48:14.853730+08:00
712,2021-10-29,-57512.0,5000.0,0.0,-52512.0,586.0,10.0,22.0,0.0,,2026-07-24T11:48:14.853730+08:00
712,2021-11-01,-123605.0,91000.0,0.0,-32605.0,585.0,10.0,-1.0,0.0,,2026-07-24T11:48:14.853730+08:00
712,2021-11-02,290612.0,425000.0,0.0,715612.0,590.0,9.0,5.0,-1.0,,2026-07-24T11:48:14.853730+08:00
712,2021-11-03,-74489.0,-633000.0,0.0,-707489.0,601.0,8.0,11.0,-1.0,,2026-07-24T11:48:14.853730+08:00
712,2021-11-04,-103651.0,436000.0,0.0,332349.0,601.0,7.0,0.0,-1.0,,2026-07-24T11:48:14.853730+08:00
712,2021-11-05,-122787.0,262000.0,0.0,139213.0,570.0,7.0,-31.0,0.0,,2026-07-24T11:48:14.853730+08:00
712,2021-11-08,326957.0,-45000.0,0.0,281957.0,574.0,5.0,4.0,-2.0,,2026-07-24T11:48:14.853730+08:00
712,2021-11-09,-105281.0,5000.0,0.0,-100281.0,569.0,5.0,-5.0,0.0,,2026-07-24T11:48:14.853730+08:00
712,2021-11-10,-117838.0,20000.0,0.0,-97838.0,568.0,5.0,-1.0,0.0,,2026-07-24T11:48:14.853730+08:00
712,2021-11-11,5139.0,148000.0,0.0,153139.0,568.0,5.0,0.0,0.0,,2026-07-24T11:48:14.853730+08:00
712,2021-11-12,-59119.0,-32000.0,0.0,-91119.0,561.0,5.0,-7.0,0.0,,2026-07-24T11:48:14.853730+08:00
712,2021-11-15,-9013.0,-1038000.0,0.0,-1047013.0,558.0,5.0,-3.0,0.0,,2026-07-24T11:48:14.853730+08:00
712,2021-11-16,-38773.0,-1545965.0,0.0,-1584738.0,560.0,2.0,2.0,-3.0,,2026-07-24T11:48:14.853730+08:00
712,2021-11-17,-143896.0,-530000.0,0.0,-673896.0,560.0,2.0,0.0,0.0,,2026-07-24T11:48:14.853730+08:00
712,2021-11-18,-1050838.0,-1470470.0,0.0,-2521308.0,567.0,0.0,7.0,-2.0,,2026-07-24T11:48:14.853730+08:00
712,2021-11-19,-1595564.0,36000.0,0.0,-1559564.0,574.0,0.0,7.0,0.0,,2026-07-24T11:48:14.853730+08:00
712,2021-11-22,-3131086.0,1064000.0,0.0,-2067086.0,582.0,0.0,8.0,0.0,,2026-07-24T11:48:14.853730+08:00
712,2021-11-23,-2054206.0,-54000.0,0.0,-2108206.0,594.0,2.0,12.0,2.0,,2026-07-24T11:48:14.853730+08:00
712,2021-11-24,-976636.0,-1834000.0,0.0,-2810636.0,636.0,2.0,42.0,0.0,,2026-07-24T11:48:14.853730+08:00
712,2021-11-25,-773411.0,313000.0,0.0,-460411.0,636.0,2.0,0.0,0.0,,2026-07-24T11:48:14.853730+08:00
712,2021-11-26,21032.0,-2926000.0,0.0,-2904968.0,640.0,0.0,4.0,-2.0,,2026-07-24T11:48:14.853730+08:00
712,2021-11-29,-2336048.0,-344000.0,0.0,-2680048.0,643.0,0.0,3.0,0.0,,2026-07-24T11:48:14.853730+08:00
712,2021-11-30,-4054000.0,-2697000.0,0.0,-6751000.0,775.0,0.0,132.0,0.0,,2026-07-24T11:48:14.853730+08:00
712,2021-12-01,-8448170.0,-2605000.0,0.0,-11053170.0,821.0,5.0,46.0,5.0,,2026-07-24T11:48:14.853730+08:00
712,2021-12-02,-10964412.0,-4928000.0,0.0,-15892412.0,1048.0,38.0,227.0,33.0,,2026-07-24T11:48:14.853730+08:00
712,2021-12-03,-4427175.0,2173000.0,0.0,-2254175.0,1174.0,38.0,126.0,0.0,,2026-07-24T11:48:14.853730+08:00
712,2021-12-06,-2914186.0,1710000.0,0.0,-1204186.0,1079.0,38.0,-95.0,0.0,,2026-07-24T11:48:14.853730+08:00
712,2021-12-07,-2969075.0,2619000.0,0.0,-350075.0,1271.0,38.0,192.0,0.0,,2026-07-24T11:48:14.853730+08:00
712,2021-12-08,-952645.0,427000.0,0.0,-525645.0,1279.0,38.0,8.0,0.0,,2026-07-24T11:48:14.853730+08:00
712,2021-12-09,-861394.0,262000.0,0.0,-599394.0,1277.0,38.0,-2.0,0.0,,2026-07-24T11:48:14.853730+08:00
712,2021-12-10,-767686.0,267000.0,0.0,-500686.0,1022.0,0.0,-255.0,-38.0,,2026-07-24T11:48:14.853730+08:00
712,2021-12-13,-1927452.0,-2913000.0,0.0,-4840452.0,1050.0,0.0,28.0,0.0,,2026-07-24T11:48:14.853730+08:00
712,2021-12-14,-4339693.0,-3225930.0,0.0,-7565623.0,1026.0,0.0,-24.0,0.0,,2026-07-24T11:48:14.853730+08:00
712,2021-12-15,-6977528.0,-5848850.0,0.0,-12826378.0,1071.0,0.0,45.0,0.0,,2026-07-24T11:48:14.853730+08:00
712,2021-12-16,-6954132.0,-248000.0,0.0,-7202132.0,1098.0,0.0,27.0,0.0,,2026-07-24T11:48:14.853730+08:00
712,2021-12-17,-7022977.0,-6082700.0,0.0,-13105677.0,1139.0,0.0,41.0,0.0,,2026-07-24T11:48:14.853730+08:00
712,2021-12-20,-13789137.0,-7063000.0,0.0,-20852137.0,1195.0,0.0,56.0,0.0,,2026-07-24T11:48:14.853730+08:00
712,2021-12-21,-16318354.0,-6364870.0,0.0,-22683224.0,1512.0,10.0,317.0,10.0,,2026-07-24T11:48:14.853730+08:00
712,2021-12-22,-1961032.0,2129000.0,0.0,167968.0,1154.0,10.0,-358.0,0.0,,2026-07-24T11:48:14.853730+08:00
712,2021-12-23,-1193201.0,1742000.0,0.0,548799.0,1141.0,10.0,-13.0,0.0,,2026-07-24T11:48:14.853730+08:00
712,2021-12-24,-266990.0,1824000.0,0.0,1557010.0,1107.0,10.0,-34.0,0.0,,2026-07-24T11:48:14.853730+08:00
712,2021-12-27,-216043.0,1661000.0,0.0,1444957.0,1059.0,0.0,-48.0,-10.0,,2026-07-24T11:48:14.853730+08:00
712,2021-12-28,-739797.0,1153000.0,0.0,413203.0,1045.0,0.0,-14.0,0.0,,2026-07-24T11:48:14.853730+08:00
712,2021-12-29,-20069.0,310000.0,0.0,289931.0,1044.0,0.0,-1.0,0.0,,2026-07-24T11:48:14.853730+08:00
712,2021-12-30,-589746.0,282000.0,0.0,-307746.0,1073.0,0.0,29.0,0.0,,2026-07-24T11:48:14.853730+08:00
712,2022-01-03,-873887.0,-49000.0,0.0,-922887.0,1049.0,0.0,-24.0,0.0,,2026-07-24T11:48:14.853730+08:00
712,2022-01-04,452498.0,-47700.0,0.0,404798.0,1068.0,0.0,19.0,0.0,,2026-07-24T11:48:14.853730+08:00
712,2022-01-05,138469.0,-9000.0,0.0,129469.0,1063.0,0.0,-5.0,0.0,,2026-07-24T11:48:14.853730+08:00
712,2022-01-06,-836354.0,-257000.0,0.0,-1093354.0,1050.0,2.0,-13.0,2.0,,2026-07-24T11:48:14.853730+08:00
712,2022-01-07,-522000.0,1376000.0,0.0,854000.0,1059.0,1.0,9.0,-1.0,,2026-07-24T11:48:14.853730+08:00
712,2022-01-10,-694636.0,2757000.0,0.0,2062364.0,1045.0,1.0,-14.0,0.0,,2026-07-24T11:48:14.853730+08:00
712,2022-01-11,-143531.0,-356000.0,0.0,-499531.0,1050.0,1.0,5.0,0.0,,2026-07-24T11:48:14.853730+08:00
712,2022-01-12,-137229.0,2036000.0,0.0,1898771.0,984.0,0.0,-66.0,-1.0,,2026-07-24T11:48:14.853730+08:00
712,2022-01-13,-377474.0,370736.0,0.0,-6738.0,961.0,0.0,-23.0,0.0,,2026-07-24T11:48:14.853730+08:00
712,2022-01-14,-945645.0,1292000.0,0.0,346355.0,902.0,0.0,-59.0,0.0,,2026-07-24T11:48:14.853730+08:00
712,2022-01-17,-336297.0,232300.0,0.0,-103997.0,909.0,0.0,7.0,0.0,,2026-07-24T11:48:14.853730+08:00
712,2022-01-18,-683333.0,677000.0,0.0,-6333.0,909.0,2.0,0.0,2.0,,2026-07-24T11:48:14.853730+08:00
712,2022-01-19,-1892595.0,-1136000.0,0.0,-3028595.0,947.0,1.0,38.0,-1.0,,2026-07-24T11:48:14.853730+08:00
712,2022-01-20,-1161103.0,-2308000.0,0.0,-3469103.0,960.0,1.0,13.0,0.0,,2026-07-24T11:48:14.853730+08:00
712,2022-01-21,-3178651.0,-8807950.0,0.0,-11986601.0,1032.0,1.0,72.0,0.0,,2026-07-24T11:48:14.853730+08:00
712,2022-01-24,-4131000.0,1043010.0,0.0,-3087990.0,967.0,67.0,-65.0,66.0,,2026-07-24T11:48:14.853730+08:00
712,2022-01-25,-3443734.0,-3475000.0,0.0,-6918734.0,978.0,63.0,11.0,-4.0,,2026-07-24T11:48:14.853730+08:00
712,2022-01-26,-2460256.0,1421300.0,0.0,-1038956.0,925.0,59.0,-53.0,-4.0,,2026-07-24T11:48:14.853730+08:00
712,2022-02-07,-1209010.0,-1420000.0,0.0,-2629010.0,918.0,59.0,-7.0,0.0,,2026-07-24T11:48:14.853730+08:00
712,2022-02-08,-1845000.0,-657000.0,0.0,-2502000.0,926.0,59.0,8.0,0.0,,2026-07-24T11:48:14.853730+08:00
712,2022-02-09,-1210975.0,111000.0,0.0,-1099975.0,930.0,59.0,4.0,0.0,,2026-07-24T11:48:14.853730+08:00
712,2022-02-10,-1413025.0,169000.0,0.0,-1244025.0,835.0,59.0,-95.0,0.0,,2026-07-24T11:48:14.853730+08:00
712,2022-02-11,-4093000.0,-4928900.0,0.0,-9021900.0,890.0,79.0,55.0,20.0,,2026-07-24T11:48:14.853730+08:00
712,2022-02-14,-3906987.0,52000.0,0.0,-3854987.0,960.0,79.0,70.0,0.0,,2026-07-24T11:48:14.853730+08:00
712,2022-02-15,-3285560.0,-3392000.0,0.0,-6677560.0,1076.0,160.0,116.0,81.0,,2026-07-24T11:48:14.853730+08:00
712,2022-02-16,-1753070.0,-134000.0,0.0,-1887070.0,1072.0,160.0,-4.0,0.0,,2026-07-24T11:48:14.853730+08:00
712,2022-02-17,-1090723.0,382000.0,0.0,-708723.0,1113.0,2.0,41.0,-158.0,,2026-07-24T11:48:14.853730+08:00
712,2022-02-18,-5231555.0,-299000.0,0.0,-5530555.0,1194.0,2.0,81.0,0.0,,2026-07-24T11:48:14.853730+08:00
712,2022-02-21,-1948641.0,1017000.0,0.0,-931641.0,1178.0,2.0,-16.0,0.0,,2026-07-24T11:48:14.853730+08:00
712,2022-02-22,-2640341.0,-3236000.0,0.0,-5876341.0,1256.0,164.0,78.0,162.0,,2026-07-24T11:48:14.853730+08:00
712,2022-02-23,-4273123.0,-3065000.0,0.0,-7338123.0,1470.0,164.0,214.0,0.0,,2026-07-24T11:48:14.853730+08:00
712,2022-02-24,-6290000.0,-5303000.0,0.0,-11593000.0,1492.0,327.0,22.0,163.0,,2026-07-24T11:48:14.853730+08:00
712,2022-02-25,-1512039.0,1107000.0,0.0,-405039.0,1401.0,326.0,-91.0,-1.0,,2026-07-24T11:48:14.853730+08:00
712,2022-03-01,-1318737.0,509000.0,0.0,-809737.0,1468.0,424.0,67.0,98.0,,2026-07-24T11:48:14.853730+08:00
712,2022-03-02,-1637224.0,24000.0,0.0,-1613224.0,1450.0,483.0,-18.0,59.0,,2026-07-24T11:48:14.853730+08:00
712,2022-03-03,-1083447.0,1750000.0,0.0,666553.0,1395.0,481.0,-55.0,-2.0,,2026-07-24T11:48:14.853730+08:00
712,2022-03-04,-1510783.0,56250.0,0.0,-1454533.0,1234.0,482.0,-161.0,1.0,,2026-07-24T11:48:14.853730+08:00
712,2022-03-07,-906102.0,1127000.0,0.0,220898.0,1182.0,496.0,-52.0,14.0,,2026-07-24T11:48:14.853730+08:00
712,2022-03-08,-22509.0,58000.0,0.0,35491.0,1189.0,495.0,7.0,-1.0,,2026-07-24T11:48:14.853730+08:00
712,2022-03-09,-1078016.0,1784000.0,0.0,705984.0,1098.0,495.0,-91.0,0.0,,2026-07-24T11:48:14.853730+08:00
712,2022-03-10,528.0,-802000.0,0.0,-801472.0,1088.0,494.0,-10.0,-1.0,,2026-07-24T11:48:14.853730+08:00
712,2022-03-11,-288071.0,38000.0,0.0,-250071.0,1077.0,0.0,-11.0,-494.0,,2026-07-24T11:48:14.853730+08:00
712,2022-03-14,-527045.0,722000.0,0.0,194955.0,1045.0,0.0,-32.0,0.0,,2026-07-24T11:48:14.853730+08:00
712,2022-03-15,-942839.0,-465000.0,0.0,-1407839.0,1024.0,0.0,-21.0,0.0,,2026-07-24T11:48:14.853730+08:00
712,2022-03-16,-870951.0,370000.0,0.0,-500951.0,1026.0,0.0,2.0,0.0,,2026-07-24T11:48:14.853730+08:00
712,2022-03-17,-339951.0,-519000.0,0.0,-858951.0,990.0,1.0,-36.0,1.0,,2026-07-24T11:48:14.853730+08:00
712,2022-03-18,-78000.0,-432000.0,0.0,-510000.0,1005.0,1.0,15.0,0.0,,2026-07-24T11:48:14.853730+08:00
712,2022-03-21,-419214.0,654000.0,0.0,234786.0,1011.0,1.0,6.0,0.0,,2026-07-24T11:48:14.853730+08:00
712,2022-03-22,61741.0,140000.0,0.0,201741.0,1001.0,1.0,-10.0,0.0,,2026-07-24T11:48:14.853730+08:00
712,2022-03-23,-1044413.0,1805000.0,0.0,760587.0,975.0,1.0,-26.0,0.0,,2026-07-24T11:48:14.853730+08:00
712,2022-03-24,-252702.0,-25000.0,0.0,-277702.0,974.0,1.0,-1.0,0.0,,2026-07-24T11:48:14.853730+08:00
712,2022-03-25,125477.0,-14000.0,0.0,111477.0,983.0,1.0,9.0,0.0,,2026-07-24T11:48:14.853730+08:00
712,2022-03-28,1308100.0,873000.0,0.0,2181100.0,947.0,1.0,-36.0,0.0,,2026-07-24T11:48:14.853730+08:00
712,2022-03-29,-415565.0,1024000.0,0.0,608435.0,913.0,5.0,-34.0,4.0,,2026-07-24T11:48:14.853730+08:00
712,2022-03-30,518173.0,930000.0,0.0,1448173.0,875.0,5.0,-38.0,0.0,,2026-07-24T11:48:14.853730+08:00
712,2022-03-31,81581.0,-2660.0,0.0,78921.0,890.0,5.0,15.0,0.0,,2026-07-24T11:48:14.853730+08:00
712,2022-04-01,-125331.0,-50000.0,0.0,-175331.0,900.0,5.0,10.0,0.0,,2026-07-24T11:48:14.853730+08:00
712,2022-04-06,-54762.0,-1249000.0,0.0,-1303762.0,917.0,4.0,17.0,-1.0,,2026-07-24T11:48:14.853730+08:00
712,2022-04-07,-452047.0,-13000.0,0.0,-465047.0,903.0,1.0,-14.0,-3.0,,2026-07-24T11:48:14.853730+08:00
712,2022-04-08,-1314040.0,-1459000.0,0.0,-2773040.0,1157.0,101.0,254.0,100.0,,2026-07-24T11:48:14.853730+08:00
712,2022-04-11,3336.0,32000.0,0.0,35336.0,1171.0,100.0,14.0,-1.0,,2026-07-24T11:48:14.853730+08:00
712,2022-04-12,-16480.0,125000.0,0.0,108520.0,994.0,100.0,-177.0,0.0,,2026-07-24T11:48:14.853730+08:00
712,2022-04-13,-319858.0,180000.0,0.0,-139858.0,982.0,100.0,-12.0,0.0,,2026-07-24T11:48:14.853730+08:00
712,2022-04-14,-112809.0,174000.0,0.0,61191.0,993.0,100.0,11.0,0.0,,2026-07-24T11:48:14.853730+08:00
712,2022-04-15,-285000.0,676000.0,0.0,391000.0,937.0,100.0,-56.0,0.0,,2026-07-24T11:48:14.853730+08:00
712,2022-04-18,-218275.0,419000.0,0.0,200725.0,907.0,101.0,-30.0,1.0,,2026-07-24T11:48:14.853730+08:00
712,2022-04-19,-745115.0,9000.0,0.0,-736115.0,917.0,101.0,10.0,0.0,,2026-07-24T11:48:14.853730+08:00
712,2022-04-20,-865857.0,-1357000.0,0.0,-2222857.0,979.0,109.0,62.0,8.0,,2026-07-24T11:48:14.853730+08:00
712,2022-04-21,-273000.0,282000.0,0.0,9000.0,998.0,101.0,19.0,-8.0,,2026-07-24T11:48:14.853730+08:00
712,2022-04-22,-9409.0,-609000.0,0.0,-618409.0,1014.0,102.0,16.0,1.0,,2026-07-24T11:48:14.853730+08:00
712,2022-04-25,-176112.0,-1501000.0,0.0,-1677112.0,1000.0,102.0,-14.0,0.0,,2026-07-24T11:48:14.853730+08:00
712,2022-04-26,-429324.0,0.0,0.0,-429324.0,994.0,102.0,-6.0,0.0,,2026-07-24T11:48:14.853730+08:00
712,2022-04-27,-702909.0,-2655750.0,0.0,-3358659.0,1036.0,102.0,42.0,0.0,,2026-07-24T11:48:14.853730+08:00
712,2022-04-28,-397197.0,-278000.0,0.0,-675197.0,1157.0,102.0,121.0,0.0,,2026-07-24T11:48:14.853730+08:00
712,2022-04-29,-1575103.0,1396000.0,0.0,-179103.0,1116.0,101.0,-41.0,-1.0,,2026-07-24T11:48:14.853730+08:00
712,2022-05-03,-681754.0,-584000.0,0.0,-1265754.0,1112.0,101.0,-4.0,0.0,,2026-07-24T11:48:14.853730+08:00
712,2022-05-04,-434000.0,2257000.0,0.0,1823000.0,1020.0,101.0,-92.0,0.0,,2026-07-24T11:48:14.853730+08:00
712,2022-05-05,982898.0,1548000.0,0.0,2530898.0,941.0,101.0,-79.0,0.0,,2026-07-24T11:48:14.853730+08:00
712,2022-05-06,-148429.0,719000.0,0.0,570571.0,919.0,101.0,-22.0,0.0,,2026-07-24T11:48:14.853730+08:00
712,2022-05-09,474552.0,119000.0,0.0,593552.0,926.0,102.0,7.0,1.0,,2026-07-24T11:48:14.853730+08:00
712,2022-05-10,385468.0,-369000.0,0.0,16468.0,932.0,100.0,6.0,-2.0,,2026-07-24T11:48:14.853730+08:00
712,2022-05-11,-173841.0,-77000.0,0.0,-250841.0,936.0,2.0,4.0,-98.0,,2026-07-24T11:48:14.853730+08:00
712,2022-05-12,-721677.0,386000.0,0.0,-335677.0,958.0,12.0,22.0,10.0,,2026-07-24T11:48:14.853730+08:00
712,2022-05-13,-108582.0,-53000.0,0.0,-161582.0,1012.0,17.0,54.0,5.0,,2026-07-24T11:48:14.853730+08:00
712,2022-05-16,246939.0,518000.0,0.0,764939.0,963.0,18.0,-49.0,1.0,,2026-07-24T11:48:14.853730+08:00
712,2022-05-17,153736.0,268000.0,0.0,421736.0,1004.0,18.0,41.0,0.0,,2026-07-24T11:48:14.853730+08:00
712,2022-05-18,143484.0,266000.0,0.0,409484.0,981.0,18.0,-23.0,0.0,,2026-07-24T11:48:14.853730+08:00
712,2022-05-19,-193066.0,-321940.0,0.0,-515006.0,991.0,17.0,10.0,-1.0,,2026-07-24T11:48:14.853730+08:00
712,2022-05-20,-1065420.0,-1122000.0,0.0,-2187420.0,1222.0,17.0,231.0,0.0,,2026-07-24T11:48:14.853730+08:00
712,2022-05-23,-821941.0,-468000.0,0.0,-1289941.0,1244.0,27.0,22.0,10.0,,2026-07-24T11:48:14.853730+08:00
712,2022-05-24,15133.0,-27590.0,0.0,-12457.0,1241.0,30.0,-3.0,3.0,,2026-07-24T11:48:14.853730+08:00
712,2022-05-25,-580997.0,976000.0,0.0,395003.0,1248.0,30.0,7.0,0.0,,2026-07-24T11:48:14.853730+08:00
712,2022-05-26,-223594.0,34000.0,0.0,-189594.0,1196.0,30.0,-52.0,0.0,,2026-07-24T11:48:14.853730+08:00
712,2022-05-27,39002.0,178000.0,0.0,217002.0,1058.0,30.0,-138.0,0.0,,2026-07-24T11:48:14.853730+08:00
712,2022-05-30,-219467.0,483000.0,0.0,263533.0,1040.0,31.0,-18.0,1.0,,2026-07-24T11:48:14.853730+08:00
712,2022-05-31,44132.0,-291000.0,0.0,-246868.0,1041.0,31.0,1.0,0.0,,2026-07-24T11:48:14.853730+08:00
712,2022-06-01,44732.0,38000.0,0.0,82732.0,996.0,31.0,-45.0,0.0,,2026-07-24T11:48:14.853730+08:00
712,2022-06-02,-87417.0,354500.0,0.0,267083.0,991.0,31.0,-5.0,0.0,,2026-07-24T11:48:14.853730+08:00
712,2022-06-06,-72411.0,5000.0,0.0,-67411.0,990.0,31.0,-1.0,0.0,,2026-07-24T11:48:14.853730+08:00
712,2022-06-07,-62172.0,-250000.0,0.0,-312172.0,990.0,31.0,0.0,0.0,,2026-07-24T11:48:14.853730+08:00
712,2022-06-08,83000.0,66000.0,0.0,149000.0,1001.0,31.0,11.0,0.0,,2026-07-24T11:48:14.853730+08:00
712,2022-06-09,-336000.0,-813000.0,0.0,-1149000.0,981.0,33.0,-20.0,2.0,,2026-07-24T11:48:14.853730+08:00
712,2022-06-10,-853984.0,-556300.0,0.0,-1410284.0,975.0,30.0,-6.0,-3.0,,2026-07-24T11:48:14.853730+08:00
712,2022-06-13,-573016.0,-2310000.0,0.0,-2883016.0,1010.0,3.0,35.0,-27.0,,2026-07-24T11:48:14.853730+08:00
712,2022-06-14,-8667000.0,-11021180.0,0.0,-19688180.0,1803.0,240.0,793.0,237.0,,2026-07-24T11:48:14.853730+08:00
712,2022-06-15,-7965000.0,-5135900.0,0.0,-13100900.0,2479.0,0.0,676.0,-240.0,,2026-07-24T11:48:14.853730+08:00
712,2022-06-16,-3764662.0,-263000.0,0.0,-4027662.0,2608.0,0.0,129.0,0.0,,2026-07-24T11:48:14.853730+08:00
712,2022-06-17,-5181999.0,180090.0,0.0,-5001909.0,2694.0,0.0,86.0,0.0,,2026-07-24T11:48:14.853730+08:00
712,2022-06-20,-436428.0,3053060.0,0.0,2616632.0,2077.0,0.0,-617.0,0.0,,2026-07-24T11:48:14.853730+08:00
712,2022-06-21,-3452770.0,2308000.0,0.0,-1144770.0,1998.0,0.0,-79.0,0.0,,2026-07-24T11:48:14.853730+08:00
712,2022-06-22,1261634.0,348000.0,0.0,1609634.0,1625.0,2.0,-373.0,2.0,,2026-07-24T11:48:14.853730+08:00
712,2022-06-23,1131981.0,1288000.0,0.0,2419981.0,1486.0,82.0,-139.0,80.0,,2026-07-24T11:48:14.853730+08:00
712,2022-06-24,376497.0,494714.0,0.0,871211.0,1493.0,81.0,7.0,-1.0,,2026-07-24T11:48:14.853730+08:00
712,2022-06-27,938362.0,-11000.0,0.0,927362.0,1388.0,82.0,-105.0,1.0,,2026-07-24T11:48:14.853730+08:00
712,2022-06-28,714615.0,1171000.0,0.0,1885615.0,1290.0,82.0,-98.0,0.0,,2026-07-24T11:48:14.853730+08:00
712,2022-06-29,99000.0,695000.0,0.0,794000.0,1232.0,85.0,-58.0,3.0,,2026-07-24T11:48:14.853730+08:00
712,2022-06-30,-431148.0,1129000.0,0.0,697852.0,1216.0,85.0,-16.0,0.0,,2026-07-24T11:48:14.853730+08:00
712,2022-07-01,644913.0,-91684.0,0.0,553229.0,1218.0,85.0,2.0,0.0,,2026-07-24T11:48:14.853730+08:00
712,2022-07-04,571070.0,436000.0,0.0,1007070.0,1239.0,86.0,21.0,1.0,,2026-07-24T11:48:14.853730+08:00
712,2022-07-05,187010.0,1238950.0,0.0,1425960.0,1211.0,86.0,-28.0,0.0,,2026-07-24T11:48:14.853730+08:00
712,2022-07-06,696654.0,-96000.0,0.0,600654.0,1159.0,86.0,-52.0,0.0,,2026-07-24T11:48:14.853730+08:00
712,2022-07-07,-27529.0,76000.0,0.0,48471.0,1140.0,86.0,-19.0,0.0,,2026-07-24T11:48:14.853730+08:00
712,2022-07-08,125504.0,-43000.0,0.0,82504.0,1136.0,84.0,-4.0,-2.0,,2026-07-24T11:48:14.853730+08:00
712,2022-07-11,221865.0,440001.0,0.0,661866.0,1128.0,84.0,-8.0,0.0,,2026-07-24T11:48:14.853730+08:00
712,2022-07-12,473880.0,397001.0,0.0,870881.0,1122.0,84.0,-6.0,0.0,,2026-07-24T11:48:14.853730+08:00
712,2022-07-13,-42593.0,189003.0,0.0,146410.0,1121.0,84.0,-1.0,0.0,,2026-07-24T11:48:14.853730+08:00
712,2022-07-14,353179.0,16000.0,0.0,369179.0,1127.0,84.0,6.0,0.0,,2026-07-24T11:48:14.853730+08:00
712,2022-07-15,-200219.0,-124991.0,0.0,-325210.0,1121.0,84.0,-6.0,0.0,,2026-07-24T11:48:14.853730+08:00
712,2022-07-18,-64382.0,97000.0,0.0,32618.0,1156.0,84.0,35.0,0.0,,2026-07-24T11:48:14.853730+08:00
712,2022-07-19,-65333.0,49000.0,0.0,-16333.0,1106.0,84.0,-50.0,0.0,,2026-07-24T11:48:14.853730+08:00
712,2022-07-20,371000.0,1201258.0,0.0,1572258.0,1065.0,85.0,-41.0,1.0,,2026-07-24T11:48:14.853730+08:00
712,2022-07-21,98000.0,341000.0,0.0,439000.0,1024.0,86.0,-41.0,1.0,,2026-07-24T11:48:14.853730+08:00
712,2022-07-22,35109.0,537000.0,0.0,572109.0,905.0,86.0,-119.0,0.0,,2026-07-24T11:48:14.853730+08:00
712,2022-07-25,-71936.0,99000.0,0.0,27064.0,932.0,86.0,27.0,0.0,,2026-07-24T11:48:14.853730+08:00
712,2022-07-26,261000.0,166000.0,0.0,427000.0,942.0,83.0,10.0,-3.0,,2026-07-24T11:48:14.853730+08:00
712,2022-07-27,301000.0,495000.0,0.0,796000.0,991.0,83.0,49.0,0.0,,2026-07-24T11:48:14.853730+08:00
712,2022-07-28,560000.0,1297010.0,0.0,1857010.0,873.0,83.0,-118.0,0.0,,2026-07-24T11:48:14.853730+08:00
712,2022-07-29,997150.0,3188005.0,0.0,4185155.0,851.0,83.0,-22.0,0.0,,2026-07-24T11:48:14.853730+08:00
712,2022-08-01,657000.0,1272000.0,0.0,1929000.0,872.0,83.0,21.0,0.0,,2026-07-24T11:48:14.853730+08:00
712,2022-08-02,2142000.0,0.0,0.0,2142000.0,910.0,83.0,38.0,0.0,,2026-07-24T11:48:14.853730+08:00
712,2022-08-03,-10951.0,80.0,0.0,-10871.0,955.0,83.0,45.0,0.0,,2026-07-24T11:48:14.853730+08:00
712,2022-08-04,188599.0,-17000.0,0.0,171599.0,955.0,83.0,0.0,0.0,,2026-07-24T11:48:14.853730+08:00
712,2022-08-05,-221267.0,-4000.0,0.0,-225267.0,950.0,83.0,-5.0,0.0,,2026-07-24T11:48:14.853730+08:00
712,2022-08-08,-146805.0,-59000.0,0.0,-205805.0,955.0,83.0,5.0,0.0,,2026-07-24T11:48:14.853730+08:00
712,2022-08-09,-172205.0,699000.0,0.0,526795.0,958.0,80.0,3.0,-3.0,,2026-07-24T11:48:14.853730+08:00
712,2022-08-10,56656.0,113000.0,0.0,169656.0,933.0,80.0,-25.0,0.0,,2026-07-24T11:48:14.853730+08:00
712,2022-08-11,-35399.0,193000.0,0.0,157601.0,951.0,80.0,18.0,0.0,,2026-07-24T11:48:14.853730+08:00
712,2022-08-12,120445.0,1000.0,0.0,121445.0,988.0,80.0,37.0,0.0,,2026-07-24T11:48:14.853730+08:00
712,2022-08-15,407920.0,-75999.0,0.0,331921.0,1023.0,80.0,35.0,0.0,,2026-07-24T11:48:14.853730+08:00
712,2022-08-16,209000.0,-32000.0,0.0,177000.0,1023.0,80.0,0.0,0.0,,2026-07-24T11:48:14.853730+08:00
712,2022-08-17,312283.0,47100.0,0.0,359383.0,1030.0,80.0,7.0,0.0,,2026-07-24T11:48:14.853730+08:00
712,2022-08-18,16405.0,43000.0,0.0,59405.0,1031.0,80.0,1.0,0.0,,2026-07-24T11:48:14.853730+08:00
712,2022-08-19,-12894.0,-117000.0,0.0,-129894.0,1052.0,100.0,21.0,20.0,,2026-07-24T11:48:14.853730+08:00
712,2022-08-22,113870.0,-694000.0,0.0,-580130.0,1059.0,101.0,7.0,1.0,,2026-07-24T11:48:14.853730+08:00
712,2022-08-23,-236966.0,-858000.0,0.0,-1094966.0,1100.0,98.0,41.0,-3.0,,2026-07-24T11:48:14.853730+08:00
712,2022-08-24,167881.0,-98000.0,0.0,69881.0,1163.0,98.0,63.0,0.0,,2026-07-24T11:48:14.853730+08:00
712,2022-08-25,-505967.0,309000.0,0.0,-196967.0,1193.0,98.0,30.0,0.0,,2026-07-24T11:48:14.853730+08:00
712,2022-08-26,-96002.0,-59845.0,0.0,-155847.0,1193.0,98.0,0.0,0.0,,2026-07-24T11:48:14.853730+08:00
712,2022-08-29,33925.0,-280000.0,0.0,-246075.0,1221.0,98.0,28.0,0.0,,2026-07-24T11:48:14.853730+08:00
712,2022-08-30,-86725.0,19000.0,0.0,-67725.0,1268.0,98.0,47.0,0.0,,2026-07-24T11:48:14.853730+08:00
712,2022-08-31,-1670451.0,-1305800.0,0.0,-2976251.0,1376.0,98.0,108.0,0.0,,2026-07-24T11:48:14.853730+08:00
712,2022-09-01,-1893263.0,-1943.0,0.0,-1895206.0,1312.0,98.0,-64.0,0.0,,2026-07-24T11:48:14.853730+08:00
712,2022-09-02,-1873119.0,-1932000.0,0.0,-3805119.0,1384.0,98.0,72.0,0.0,,2026-07-24T11:48:14.853730+08:00
712,2022-09-05,-1098686.0,294000.0,0.0,-804686.0,1381.0,98.0,-3.0,0.0,,2026-07-24T11:48:14.853730+08:00
712,2022-09-06,-1913284.0,-787000.0,0.0,-2700284.0,1380.0,98.0,-1.0,0.0,,2026-07-24T11:48:14.853730+08:00
712,2022-09-07,-1056455.0,-645000.0,0.0,-1701455.0,1382.0,23.0,2.0,-75.0,,2026-07-24T11:48:14.853730+08:00
712,2022-09-08,-576831.0,158000.0,0.0,-418831.0,1319.0,13.0,-63.0,-10.0,,2026-07-24T11:48:14.853730+08:00
712,2022-09-12,-1001728.0,1269400.0,0.0,267672.0,1308.0,3.0,-11.0,-10.0,,2026-07-24T11:48:14.853730+08:00
712,2022-09-13,-652000.0,1086000.0,0.0,434000.0,1310.0,2.0,2.0,-1.0,,2026-07-24T11:48:14.853730+08:00
712,2022-09-14,-1049148.0,-621000.0,0.0,-1670148.0,1326.0,0.0,16.0,-2.0,,2026-07-24T11:48:14.853730+08:00
712,2022-09-15,-932920.0,-20000.0,0.0,-952920.0,1405.0,0.0,79.0,0.0,,2026-07-24T11:48:14.853730+08:00
712,2022-09-16,-4168281.0,-3795000.0,0.0,-7963281.0,1419.0,0.0,14.0,0.0,,2026-07-24T11:48:14.853730+08:00
712,2022-09-19,-4590571.0,-70000.0,0.0,-4660571.0,1456.0,0.0,37.0,0.0,,2026-07-24T11:48:14.853730+08:00
712,2022-09-20,-328792.0,79000.0,0.0,-249792.0,1452.0,0.0,-4.0,0.0,,2026-07-24T11:48:14.853730+08:00
712,2022-09-21,-980506.0,-293000.0,0.0,-1273506.0,1474.0,10.0,22.0,10.0,,2026-07-24T11:48:14.853730+08:00
712,2022-09-22,-1197540.0,-232000.0,0.0,-1429540.0,1503.0,22.0,29.0,12.0,,2026-07-24T11:48:14.853730+08:00
712,2022-09-23,-2516796.0,-1200000.0,0.0,-3716796.0,1561.0,7.0,58.0,-15.0,,2026-07-24T11:48:14.853730+08:00
712,2022-09-26,-3222818.0,-1346000.0,0.0,-4568818.0,1651.0,6.0,90.0,-1.0,,2026-07-24T11:48:14.853730+08:00
712,2022-09-27,-10226469.0,-3395000.0,0.0,-13621469.0,1860.0,24.0,209.0,18.0,,2026-07-24T11:48:14.853730+08:00
712,2022-09-28,-12878100.0,-2135000.0,0.0,-15013100.0,2097.0,50.0,237.0,26.0,,2026-07-24T11:48:14.853730+08:00
712,2022-09-29,-2611290.0,-86950.0,0.0,-2698240.0,2096.0,75.0,-1.0,25.0,,2026-07-24T11:48:14.853730+08:00
712,2022-09-30,-10654176.0,-873000.0,0.0,-11527176.0,2318.0,82.0,222.0,7.0,,2026-07-24T11:48:14.853730+08:00
712,2022-10-03,-2124737.0,-159500.0,0.0,-2284237.0,2417.0,46.0,99.0,-36.0,,2026-07-24T11:48:14.853730+08:00
712,2022-10-04,-1865254.0,256000.0,0.0,-1609254.0,2374.0,45.0,-43.0,-1.0,,2026-07-24T11:48:14.853730+08:00
712,2022-10-05,198941.0,-7000.0,0.0,191941.0,2162.0,70.0,-212.0,25.0,,2026-07-24T11:48:14.853730+08:00
712,2022-10-06,-3288383.0,-1474000.0,0.0,-4762383.0,2299.0,54.0,137.0,-16.0,,2026-07-24T11:48:14.853730+08:00
712,2022-10-07,-5319872.0,-4323030.0,0.0,-9642902.0,2741.0,105.0,442.0,51.0,,2026-07-24T11:48:14.853730+08:00
712,2022-10-11,-8174622.0,-3189850.0,0.0,-11364472.0,2963.0,148.0,222.0,43.0,,2026-07-24T11:48:14.853730+08:00
712,2022-10-12,-912620.0,3812000.0,0.0,2899380.0,2498.0,185.0,-465.0,37.0,,2026-07-24T11:48:14.853730+08:00
712,2022-10-13,-461709.0,999000.0,0.0,537291.0,2432.0,190.0,-66.0,5.0,,2026-07-24T11:48:14.853730+08:00
712,2022-10-14,-1413984.0,1521000.0,0.0,107016.0,2467.0,179.0,35.0,-11.0,,2026-07-24T11:48:14.853730+08:00
712,2022-10-17,-2055004.0,-122000.0,0.0,-2177004.0,2475.0,123.0,8.0,-56.0,,2026-07-24T11:48:14.853730+08:00
712,2022-10-18,-1323482.0,1574000.0,0.0,250518.0,2568.0,176.0,93.0,53.0,,2026-07-24T11:48:14.853730+08:00
712,2022-10-19,361328.0,625000.0,0.0,986328.0,2540.0,134.0,-28.0,-42.0,,2026-07-24T11:48:14.853730+08:00
712,2022-10-20,-428557.0,-64472.0,0.0,-493029.0,2535.0,135.0,-5.0,1.0,,2026-07-24T11:48:14.853730+08:00
712,2022-10-21,-262307.0,-661000.0,0.0,-923307.0,2491.0,140.0,-44.0,5.0,,2026-07-24T11:48:14.853730+08:00
712,2022-10-24,227464.0,379000.0,0.0,606464.0,2460.0,141.0,-31.0,1.0,,2026-07-24T11:48:14.853730+08:00
712,2022-10-25,-337337.0,296000.0,0.0,-41337.0,2456.0,140.0,-4.0,-1.0,,2026-07-24T11:48:14.853730+08:00
712,2022-10-26,860844.0,2437002.0,0.0,3297846.0,2421.0,137.0,-35.0,-3.0,,2026-07-24T11:48:14.853730+08:00
712,2022-10-27,-55898.0,2083000.0,0.0,2027102.0,2170.0,145.0,-251.0,8.0,,2026-07-24T11:48:14.853730+08:00
712,2022-10-28,165759.0,958000.0,0.0,1123759.0,2143.0,153.0,-27.0,8.0,,2026-07-24T11:48:14.853730+08:00
712,2022-10-31,894000.0,1596000.0,0.0,2490000.0,2120.0,128.0,-23.0,-25.0,,2026-07-24T11:48:14.853730+08:00
712,2022-11-01,152308.0,1046000.0,0.0,1198308.0,2062.0,149.0,-58.0,21.0,,2026-07-24T11:48:14.853730+08:00
712,2022-11-02,185781.0,1072000.0,0.0,1257781.0,2053.0,133.0,-9.0,-16.0,,2026-07-24T11:48:14.853730+08:00
712,2022-11-03,4766.0,-440000.0,0.0,-435234.0,2065.0,125.0,12.0,-8.0,,2026-07-24T11:48:14.853730+08:00
712,2022-11-04,-1461356.0,-44000.0,0.0,-1505356.0,2149.0,135.0,84.0,10.0,,2026-07-24T11:48:14.853730+08:00
712,2022-11-07,355365.0,18000.0,0.0,373365.0,2102.0,135.0,-47.0,0.0,,2026-07-24T11:48:14.853730+08:00
712,2022-11-08,12178.0,456000.0,0.0,468178.0,2079.0,130.0,-23.0,-5.0,,2026-07-24T11:48:14.853730+08:00
712,2022-11-09,47874.0,225000.0,0.0,272874.0,2124.0,131.0,45.0,1.0,,2026-07-24T11:48:14.853730+08:00
712,2022-11-10,-434740.0,690000.0,0.0,255260.0,2126.0,131.0,2.0,0.0,,2026-07-24T11:48:14.853730+08:00
712,2022-11-11,1319464.0,1435000.0,0.0,2754464.0,2049.0,127.0,-77.0,-4.0,,2026-07-24T11:48:14.853730+08:00
712,2022-11-14,494591.0,497000.0,0.0,991591.0,2070.0,129.0,21.0,2.0,,2026-07-24T11:48:14.853730+08:00
712,2022-11-15,-176553.0,-589800.0,0.0,-766353.0,2002.0,125.0,-68.0,-4.0,,2026-07-24T11:48:14.853730+08:00
712,2022-11-16,-3604.0,92200.0,0.0,88596.0,1991.0,125.0,-11.0,0.0,,2026-07-24T11:48:14.853730+08:00
712,2022-11-17,-137387.0,-1157000.0,0.0,-1294387.0,1989.0,118.0,-2.0,-7.0,,2026-07-24T11:48:14.853730+08:00
712,2022-11-18,-776894.0,-1292885.0,0.0,-2069779.0,1919.0,118.0,-70.0,0.0,,2026-07-24T11:48:14.853730+08:00
712,2022-11-21,152359.0,-79000.0,0.0,73359.0,1896.0,118.0,-23.0,0.0,,2026-07-24T11:48:14.853730+08:00
712,2022-11-22,-93017.0,307000.0,0.0,213983.0,1922.0,116.0,26.0,-2.0,,2026-07-24T11:48:14.853730+08:00
712,2022-11-23,21175.0,21000.0,0.0,42175.0,1801.0,116.0,-121.0,0.0,,2026-07-24T11:48:14.853730+08:00
712,2022-11-24,-319802.0,-200000.0,0.0,-519802.0,1801.0,116.0,0.0,0.0,,2026-07-24T11:48:14.853730+08:00
712,2022-11-25,281533.0,-397700.0,0.0,-116167.0,1802.0,116.0,1.0,0.0,,2026-07-24T11:48:14.853730+08:00
712,2022-11-28,270414.0,40000.0,0.0,310414.0,1769.0,116.0,-33.0,0.0,,2026-07-24T11:48:14.853730+08:00
712,2022-11-29,-596467.0,-438000.0,0.0,-1034467.0,1808.0,119.0,39.0,3.0,,2026-07-24T11:48:14.853730+08:00
712,2022-11-30,-594975.0,-4000.0,0.0,-598975.0,1944.0,117.0,136.0,-2.0,,2026-07-24T11:48:14.853730+08:00
712,2022-12-01,-456304.0,104000.0,0.0,-352304.0,2013.0,116.0,69.0,-1.0,,2026-07-24T11:48:14.853730+08:00
712,2022-12-02,66316.0,-2140000.0,0.0,-2073684.0,1976.0,117.0,-37.0,1.0,,2026-07-24T11:48:14.853730+08:00
712,2022-12-05,-1713538.0,-4107000.0,0.0,-5820538.0,2088.0,120.0,112.0,3.0,,2026-07-24T11:48:14.853730+08:00
712,2022-12-06,-2986135.0,-3214900.0,0.0,-6201035.0,2293.0,116.0,205.0,-4.0,,2026-07-24T11:48:14.853730+08:00
712,2022-12-07,-3440199.0,-2380000.0,0.0,-5820199.0,2434.0,116.0,141.0,0.0,,2026-07-24T11:48:14.853730+08:00
712,2022-12-08,-1072251.0,-242000.0,0.0,-1314251.0,2482.0,117.0,48.0,1.0,,2026-07-24T11:48:14.853730+08:00
712,2022-12-09,-1291839.0,-630000.0,0.0,-1921839.0,2464.0,111.0,-18.0,-6.0,,2026-07-24T11:48:14.853730+08:00
712,2022-12-12,-450957.0,-930000.0,0.0,-1380957.0,2433.0,112.0,-31.0,1.0,,2026-07-24T11:48:14.853730+08:00
712,2022-12-13,-448493.0,-345900.0,0.0,-794393.0,2440.0,112.0,7.0,0.0,,2026-07-24T11:48:14.853730+08:00
712,2022-12-14,-942862.0,-622000.0,0.0,-1564862.0,2254.0,104.0,-186.0,-8.0,,2026-07-24T11:48:14.853730+08:00
712,2022-12-15,-2235249.0,-1758620.0,0.0,-3993869.0,2250.0,0.0,-4.0,-104.0,,2026-07-24T11:48:14.853730+08:00
712,2022-12-16,-3955094.0,-1440000.0,0.0,-5395094.0,2270.0,0.0,20.0,0.0,,2026-07-24T11:48:14.853730+08:00
712,2022-12-19,-7129334.0,-3473000.0,0.0,-10602334.0,2344.0,0.0,74.0,0.0,,2026-07-24T11:48:14.853730+08:00
712,2022-12-20,-6508055.0,-489931.0,0.0,-6997986.0,2381.0,0.0,37.0,0.0,,2026-07-24T11:48:14.853730+08:00
712,2022-12-21,-12154090.0,-84000.0,0.0,-12238090.0,2470.0,0.0,89.0,0.0,,2026-07-24T11:48:14.853730+08:00
712,2022-12-22,-1829937.0,-184000.0,0.0,-2013937.0,2462.0,0.0,-8.0,0.0,,2026-07-24T11:48:14.853730+08:00
712,2022-12-23,-1384398.0,7000.0,0.0,-1377398.0,2490.0,0.0,28.0,0.0,,2026-07-24T11:48:14.853730+08:00
712,2022-12-26,-580869.0,-24000.0,0.0,-604869.0,2489.0,0.0,-1.0,0.0,,2026-07-24T11:48:14.853730+08:00
712,2022-12-27,-1376762.0,701000.0,0.0,-675762.0,2472.0,0.0,-17.0,0.0,,2026-07-24T11:48:14.853730+08:00
712,2022-12-28,-572344.0,-62000.0,0.0,-634344.0,2481.0,0.0,9.0,0.0,,2026-07-24T11:48:14.853730+08:00
712,2022-12-29,-8984459.0,-2096932.0,0.0,-11081391.0,2571.0,0.0,90.0,0.0,,2026-07-24T11:48:14.853730+08:00
712,2022-12-30,-4369919.0,1676250.0,0.0,-2693669.0,2583.0,5.0,12.0,5.0,,2026-07-24T11:48:14.853730+08:00
712,2023-01-03,-5224565.0,-48800.0,0.0,-5273365.0,2664.0,5.0,81.0,0.0,,2026-07-24T11:48:14.853730+08:00
712,2023-01-04,-726373.0,-60000.0,0.0,-786373.0,2636.0,5.0,-28.0,0.0,,2026-07-24T11:48:14.853730+08:00
712,2023-01-05,22524.0,57000.0,0.0,79524.0,2611.0,0.0,-25.0,-5.0,,2026-07-24T11:48:14.853730+08:00
712,2023-01-06,-1142597.0,17100.0,0.0,-1125497.0,2612.0,0.0,1.0,0.0,,2026-07-24T11:48:14.853730+08:00
712,2023-01-09,-381296.0,1658100.0,0.0,1276804.0,2587.0,0.0,-25.0,0.0,,2026-07-24T11:48:14.853730+08:00
712,2023-01-10,218315.0,-724000.0,0.0,-505685.0,2472.0,0.0,-115.0,0.0,,2026-07-24T11:48:14.853730+08:00
712,2023-01-11,376999.0,1332000.0,0.0,1708999.0,2438.0,0.0,-34.0,0.0,,2026-07-24T11:48:14.853730+08:00
712,2023-01-12,1361208.0,2099500.0,0.0,3460708.0,2401.0,1.0,-37.0,1.0,,2026-07-24T11:48:14.853730+08:00
712,2023-01-13,1693024.0,809032.0,0.0,2502056.0,2203.0,3.0,-198.0,2.0,,2026-07-24T11:48:14.853730+08:00
712,2023-01-16,232000.0,1089000.0,0.0,1321000.0,2028.0,4.0,-175.0,1.0,,2026-07-24T11:48:14.853730+08:00
712,2023-01-17,1290368.0,90000.0,0.0,1380368.0,1963.0,8.0,-65.0,4.0,,2026-07-24T11:48:14.853730+08:00
712,2023-01-30,293196.0,1555000.0,0.0,1848196.0,1875.0,7.0,-88.0,-1.0,,2026-07-24T11:48:14.853730+08:00
712,2023-01-31,102933.0,-9000.0,0.0,93933.0,1835.0,7.0,-40.0,0.0,,2026-07-24T11:48:14.853730+08:00
712,2023-02-01,-169163.0,1366000.0,0.0,1196837.0,1834.0,7.0,-1.0,0.0,,2026-07-24T11:48:14.853730+08:00
712,2023-02-02,-354641.0,584300.0,0.0,229659.0,1810.0,17.0,-24.0,10.0,,2026-07-24T11:48:14.853730+08:00
712,2023-02-03,-822974.0,1556200.0,0.0,733226.0,1773.0,17.0,-37.0,0.0,,2026-07-24T11:48:14.853730+08:00
712,2023-02-06,790343.0,266000.0,0.0,1056343.0,1697.0,17.0,-76.0,0.0,,2026-07-24T11:48:14.853730+08:00
712,2023-02-07,-1726000.0,-2023792.0,0.0,-3749792.0,1700.0,17.0,3.0,0.0,,2026-07-24T11:48:14.853730+08:00
712,2023-02-08,-287018.0,-596900.0,0.0,-883918.0,1713.0,17.0,13.0,0.0,,2026-07-24T11:48:14.853730+08:00
712,2023-02-09,-1296949.0,-1309996.0,0.0,-2606945.0,1753.0,17.0,40.0,0.0,,2026-07-24T11:48:14.853730+08:00
712,2023-02-10,-6200533.0,-6191700.0,0.0,-12392233.0,1834.0,7.0,81.0,-10.0,,2026-07-24T11:48:14.853730+08:00
712,2023-02-13,-2210990.0,105000.0,0.0,-2105990.0,1843.0,9.0,9.0,2.0,,2026-07-24T11:48:14.853730+08:00
712,2023-02-14,-1100594.0,819000.0,0.0,-281594.0,1853.0,11.0,10.0,2.0,,2026-07-24T11:48:14.853730+08:00
712,2023-02-15,-329031.0,-808387.0,0.0,-1137418.0,1869.0,15.0,16.0,4.0,,2026-07-24T11:48:14.853730+08:00
712,2023-02-16,-891870.0,195000.0,0.0,-696870.0,1904.0,11.0,35.0,-4.0,,2026-07-24T11:48:14.853730+08:00
712,2023-02-17,-923990.0,-219000.0,0.0,-1142990.0,1900.0,11.0,-4.0,0.0,,2026-07-24T11:48:14.853730+08:00
712,2023-02-20,-2104990.0,-1356000.0,0.0,-3460990.0,1914.0,8.0,14.0,-3.0,,2026-07-24T11:48:14.853730+08:00
712,2023-02-21,-449000.0,-2393000.0,0.0,-2842000.0,1905.0,8.0,-9.0,0.0,,2026-07-24T11:48:14.853730+08:00
712,2023-02-22,-11254563.0,-2812000.0,0.0,-14066563.0,2004.0,4.0,99.0,-4.0,,2026-07-24T11:48:14.853730+08:00
712,2023-02-23,-6396438.0,-4977000.0,0.0,-11373438.0,2023.0,2.0,19.0,-2.0,,2026-07-24T11:48:14.853730+08:00
712,2023-02-24,-5235990.0,49000.0,0.0,-5186990.0,2009.0,4.0,-14.0,2.0,,2026-07-24T11:48:14.853730+08:00
712,2023-03-01,-8568332.0,-7357000.0,0.0,-15925332.0,2153.0,3.0,144.0,-1.0,,2026-07-24T11:48:14.853730+08:00
712,2023-03-02,-15992087.0,-13185700.0,0.0,-29177787.0,2448.0,4.0,295.0,1.0,,2026-07-24T11:48:14.853730+08:00
712,2023-03-03,-13885990.0,-5067000.0,0.0,-18952990.0,2632.0,8.0,184.0,4.0,,2026-07-24T11:48:14.853730+08:00
712,2023-03-06,-6931000.0,186000.0,0.0,-6745000.0,2580.0,9.0,-52.0,1.0,,2026-07-24T11:48:14.853730+08:00
712,2023-03-07,-4834990.0,-4235000.0,0.0,-9069990.0,2712.0,10.0,132.0,1.0,,2026-07-24T11:48:14.853730+08:00
712,2023-03-08,-5130980.0,-3035651.0,0.0,-8166631.0,2788.0,51.0,76.0,41.0,,2026-07-24T11:48:14.853730+08:00
712,2023-03-09,-4776990.0,-2009000.0,0.0,-6785990.0,2809.0,34.0,21.0,-17.0,,2026-07-24T11:48:14.853730+08:00
712,2023-03-10,-12494559.0,-6476000.0,0.0,-18970559.0,3065.0,133.0,256.0,99.0,,2026-07-24T11:48:14.853730+08:00
712,2023-03-13,-20235881.0,-4545900.0,0.0,-24781781.0,3210.0,226.0,145.0,93.0,,2026-07-24T11:48:14.853730+08:00
712,2023-03-14,-10412749.0,-2675530.0,0.0,-13088279.0,3385.0,211.0,175.0,-15.0,,2026-07-24T11:48:14.853730+08:00
712,2023-03-15,-10275774.0,-2460360.0,0.0,-12736134.0,3444.0,3.0,59.0,-208.0,,2026-07-24T11:48:14.853730+08:00
712,2023-03-16,-10809357.0,-2475370.0,0.0,-13284727.0,3581.0,0.0,137.0,-3.0,,2026-07-24T11:48:14.853730+08:00
712,2023-03-17,-11081000.0,-1608700.0,0.0,-12689700.0,3657.0,0.0,76.0,0.0,,2026-07-24T11:48:14.853730+08:00
712,2023-03-20,-4363804.0,222000.0,0.0,-4141804.0,3747.0,0.0,90.0,0.0,,2026-07-24T11:48:14.853730+08:00
712,2023-03-21,-4023332.0,-79890.0,0.0,-4103222.0,6382.0,4049.0,2635.0,4049.0,,2026-07-24T11:48:14.853730+08:00
712,2023-03-22,-1469990.0,-188900.0,0.0,-1658890.0,6540.0,4404.0,158.0,355.0,,2026-07-24T11:48:14.853730+08:00
712,2023-03-23,-2707990.0,83100.0,0.0,-2624890.0,6384.0,5208.0,-156.0,804.0,,2026-07-24T11:48:14.853730+08:00
712,2023-03-24,-280990.0,-155600.0,0.0,-436590.0,9411.0,9401.0,3027.0,4193.0,,2026-07-24T11:48:14.853730+08:00
712,2023-03-27,-1072850.0,1128000.0,0.0,55150.0,7361.0,6571.0,-2050.0,-2830.0,,2026-07-24T11:48:14.853730+08:00
712,2023-03-28,-791993.0,1792000.0,0.0,1000007.0,6088.0,5724.0,-1273.0,-847.0,,2026-07-24T11:48:14.853730+08:00
712,2023-03-29,-718235.0,-882750.0,0.0,-1600985.0,6319.0,5655.0,231.0,-69.0,,2026-07-24T11:48:14.853730+08:00
712,2023-03-30,-1080984.0,1742350.0,0.0,661366.0,7324.0,8683.0,1005.0,3028.0,,2026-07-24T11:48:14.853730+08:00
712,2023-03-31,-4256395.0,-2592700.0,0.0,-6849095.0,9476.0,11224.0,2152.0,2541.0,,2026-07-24T11:48:14.853730+08:00
712,2023-04-06,-815222.0,-87980.0,0.0,-903202.0,9720.0,16102.0,244.0,4878.0,,2026-07-24T11:48:14.853730+08:00
712,2023-04-07,-4785304.0,-6009694.0,0.0,-10794998.0,8453.0,14675.0,-1267.0,-1427.0,,2026-07-24T11:48:14.853730+08:00
712,2023-04-10,-4316719.0,-1861797.0,0.0,-6178516.0,5543.0,9896.0,-2910.0,-4779.0,,2026-07-24T11:48:14.853730+08:00
712,2023-04-11,-6617353.0,-399992.0,0.0,-7017345.0,5711.0,6822.0,168.0,-3074.0,,2026-07-24T11:48:14.853730+08:00
712,2023-04-12,-9852627.0,-84892.0,0.0,-9937519.0,6020.0,7493.0,309.0,671.0,,2026-07-24T11:48:14.853730+08:00
712,2023-04-13,-25625230.0,-551391.0,0.0,-26176621.0,6495.0,5302.0,475.0,-2191.0,,2026-07-24T11:48:14.853730+08:00
712,2023-04-14,-24004997.0,943200.0,0.0,-23061797.0,6945.0,3172.0,450.0,-2130.0,,2026-07-24T11:48:14.853730+08:00
712,2023-04-17,-22678990.0,-735167.0,0.0,-23414157.0,7414.0,3284.0,469.0,112.0,,2026-07-24T11:48:14.853730+08:00
712,2023-04-18,-13865914.0,2599150.0,0.0,-11266764.0,7383.0,1153.0,-31.0,-2131.0,,2026-07-24T11:48:14.853730+08:00
712,2023-04-19,-10888217.0,-8203650.0,0.0,-19091867.0,7595.0,416.0,212.0,-737.0,,2026-07-24T11:48:14.853730+08:00
712,2023-04-20,-1919990.0,861500.0,0.0,-1058490.0,7524.0,383.0,-71.0,-33.0,,2026-07-24T11:48:14.853730+08:00
712,2023-04-21,-5231313.0,-409000.0,0.0,-5640313.0,7383.0,333.0,-141.0,-50.0,,2026-07-24T11:48:14.853730+08:00
712,2023-04-24,-5858162.0,-9327500.0,0.0,-15185662.0,7485.0,628.0,102.0,295.0,,2026-07-24T11:48:14.853730+08:00
712,2023-04-25,-3888990.0,-483000.0,0.0,-4371990.0,7389.0,572.0,-96.0,-56.0,,2026-07-24T11:48:14.853730+08:00
712,2023-04-26,-10913990.0,-16820800.0,0.0,-27734790.0,7471.0,4126.0,82.0,3554.0,,2026-07-24T11:48:14.853730+08:00
712,2023-04-27,-16356000.0,-377665.0,0.0,-16733665.0,7846.0,3837.0,375.0,-289.0,,2026-07-24T11:48:14.853730+08:00
712,2023-04-28,-3395808.0,10125000.0,0.0,6729192.0,7852.0,870.0,6.0,-2967.0,,2026-07-24T11:48:14.853730+08:00
712,2023-05-02,-7498990.0,-3033000.0,0.0,-10531990.0,7970.0,868.0,118.0,-2.0,,2026-07-24T11:48:14.853730+08:00
712,2023-05-03,-23254568.0,-28585000.0,0.0,-51839568.0,8450.0,11301.0,480.0,10433.0,,2026-07-24T11:48:14.853730+08:00
712,2023-05-04,-18894095.0,-5185700.0,0.0,-24079795.0,8879.0,11285.0,429.0,-16.0,,2026-07-24T11:48:14.853730+08:00
712,2023-05-05,-17689045.0,-1525600.0,0.0,-19214645.0,9609.0,837.0,730.0,-10448.0,,2026-07-24T11:48:14.853730+08:00
712,2023-05-08,-5519735.0,178000.0,0.0,-5341735.0,9154.0,857.0,-455.0,20.0,,2026-07-24T11:48:14.853730+08:00
712,2023-05-09,-8886990.0,4193000.0,0.0,-4693990.0,9122.0,857.0,-32.0,0.0,,2026-07-24T11:48:14.853730+08:00
712,2023-05-10,-8872064.0,-201000.0,0.0,-9073064.0,9153.0,522.0,31.0,-335.0,,2026-07-24T11:48:14.853730+08:00
712,2023-05-11,-6365990.0,2811250.0,0.0,-3554740.0,9188.0,522.0,35.0,0.0,,2026-07-24T11:48:14.853730+08:00
712,2023-05-12,-7478990.0,257000.0,0.0,-7221990.0,9674.0,513.0,486.0,-9.0,,2026-07-24T11:48:14.853730+08:00
712,2023-05-15,-3622643.0,-854000.0,0.0,-4476643.0,9636.0,503.0,-38.0,-10.0,,2026-07-24T11:48:14.853730+08:00
712,2023-05-16,-4598000.0,-18660.0,0.0,-4616660.0,9546.0,503.0,-90.0,0.0,,2026-07-24T11:48:14.853730+08:00
712,2023-05-17,-11161436.0,-1546000.0,0.0,-12707436.0,9656.0,503.0,110.0,0.0,,2026-07-24T11:48:14.853730+08:00
712,2023-05-18,-2475884.0,2456000.0,0.0,-19884.0,9388.0,484.0,-268.0,-19.0,,2026-07-24T11:48:14.853730+08:00
712,2023-05-19,-2943990.0,672000.0,0.0,-2271990.0,9011.0,484.0,-377.0,0.0,,2026-07-24T11:48:14.853730+08:00
712,2023-05-22,-2402990.0,-3319000.0,0.0,-5721990.0,8982.0,484.0,-29.0,0.0,,2026-07-24T11:48:14.853730+08:00
712,2023-05-23,-6391532.0,3585000.0,0.0,-2806532.0,9098.0,484.0,116.0,0.0,,2026-07-24T11:48:14.853730+08:00
712,2023-05-24,-2210966.0,-997000.0,0.0,-3207966.0,9105.0,487.0,7.0,3.0,,2026-07-24T11:48:14.853730+08:00
712,2023-05-25,-10151012.0,-21359000.0,0.0,-31510012.0,9688.0,107.0,583.0,-380.0,,2026-07-24T11:48:14.853730+08:00
712,2023-05-26,-18732096.0,-37861760.0,0.0,-56593856.0,10031.0,2078.0,343.0,1971.0,,2026-07-24T11:48:14.853730+08:00
712,2023-05-29,-3938341.0,3715000.0,0.0,-223341.0,9856.0,2069.0,-175.0,-9.0,,2026-07-24T11:48:14.853730+08:00
712,2023-05-30,-4775990.0,584040.0,0.0,-4191950.0,9781.0,95.0,-75.0,-1974.0,,2026-07-24T11:48:14.853730+08:00
712,2023-05-31,-6955990.0,11391000.0,0.0,4435010.0,9388.0,54.0,-393.0,-41.0,,2026-07-24T11:48:14.853730+08:00
712,2023-06-01,-6383990.0,2089000.0,0.0,-4294990.0,9412.0,54.0,24.0,0.0,,2026-07-24T11:48:14.853730+08:00
712,2023-06-02,-9545000.0,-1568000.0,0.0,-11113000.0,9394.0,64.0,-18.0,10.0,,2026-07-24T11:48:14.853730+08:00
712,2023-06-05,-8976990.0,-5879000.0,0.0,-14855990.0,9986.0,141.0,592.0,77.0,,2026-07-24T11:48:14.853730+08:00
712,2023-06-06,-11556551.0,-4263000.0,0.0,-15819551.0,10045.0,134.0,59.0,-7.0,,2026-07-24T11:48:14.853730+08:00
712,2023-06-07,-17995990.0,17086350.0,0.0,-909640.0,9187.0,100.0,-858.0,-34.0,,2026-07-24T11:48:14.853730+08:00
712,2023-06-08,-5742567.0,5060000.0,0.0,-682567.0,9125.0,104.0,-62.0,4.0,,2026-07-24T11:48:14.853730+08:00
712,2023-06-09,-13367980.0,-14729000.0,0.0,-28096980.0,10723.0,124.0,1598.0,20.0,,2026-07-24T11:48:14.853730+08:00
712,2023-06-12,-20478974.0,-16900000.0,0.0,-37378974.0,10772.0,1602.0,49.0,1478.0,,2026-07-24T11:48:14.853730+08:00
712,2023-06-13,-15288990.0,1012000.0,0.0,-14276990.0,10349.0,1550.0,-423.0,-52.0,,2026-07-24T11:48:14.853730+08:00
712,2023-06-14,-22533990.0,-11029000.0,0.0,-33562990.0,10780.0,0.0,431.0,-1550.0,,2026-07-24T11:48:14.853730+08:00
712,2023-06-15,-34297102.0,-5922000.0,0.0,-40219102.0,11265.0,0.0,485.0,0.0,,2026-07-24T11:48:14.853730+08:00
712,2023-06-16,-21299990.0,-1328000.0,0.0,-22627990.0,11521.0,0.0,256.0,0.0,,2026-07-24T11:48:14.853730+08:00
712,2023-06-19,-15102990.0,-23123805.0,0.0,-38226795.0,10124.0,0.0,-1397.0,0.0,,2026-07-24T11:48:14.853730+08:00
712,2023-06-20,-16254990.0,-205692.0,0.0,-16460682.0,9736.0,0.0,-388.0,0.0,,2026-07-24T11:48:14.853730+08:00
712,2023-06-21,-7702529.0,16691000.0,0.0,8988471.0,8546.0,1.0,-1190.0,1.0,,2026-07-24T11:48:14.853730+08:00
712,2023-06-26,-7886974.0,-4137000.0,0.0,-12023974.0,8568.0,14.0,22.0,13.0,,2026-07-24T11:48:14.853730+08:00
712,2023-06-27,-2161399.0,3834700.0,0.0,1673301.0,8464.0,14.0,-104.0,0.0,,2026-07-24T11:48:14.853730+08:00
712,2023-06-28,1817111.0,3062300.0,0.0,4879411.0,8373.0,26.0,-91.0,12.0,,2026-07-24T11:48:14.853730+08:00
712,2023-06-29,3027298.0,5244543.0,0.0,8271841.0,8199.0,18.0,-174.0,-8.0,,2026-07-24T11:48:14.853730+08:00
712,2023-06-30,-6150945.0,15524000.0,0.0,9373055.0,8052.0,509.0,-147.0,491.0,,2026-07-24T11:48:14.853730+08:00
712,2023-07-03,-347520.0,-4377000.0,0.0,-4724520.0,8275.0,513.0,223.0,4.0,,2026-07-24T11:48:14.853730+08:00
712,2023-07-04,-2568990.0,-38000.0,0.0,-2606990.0,8214.0,21.0,-61.0,-492.0,,2026-07-24T11:48:14.853730+08:00
712,2023-07-05,2436010.0,-592696.0,0.0,1843314.0,8159.0,35.0,-55.0,14.0,,2026-07-24T11:48:14.853730+08:00
712,2023-07-06,-165990.0,-987500.0,0.0,-1153490.0,8114.0,49.0,-45.0,14.0,,2026-07-24T11:48:14.853730+08:00
712,2023-07-07,-5439990.0,-525500.0,0.0,-5965490.0,8052.0,54.0,-62.0,5.0,,2026-07-24T11:48:14.853730+08:00
712,2023-07-10,264839.0,2567000.0,0.0,2831839.0,8014.0,56.0,-38.0,2.0,,2026-07-24T11:48:14.853730+08:00
712,2023-07-11,-2903022.0,22974000.0,0.0,20070978.0,7610.0,81.0,-404.0,25.0,,2026-07-24T11:48:14.853730+08:00
712,2023-07-12,4488009.0,3211000.0,0.0,7699009.0,7470.0,64.0,-140.0,-17.0,,2026-07-24T11:48:14.853730+08:00
712,2023-07-13,-606990.0,3266000.0,0.0,2659010.0,7125.0,29.0,-345.0,-35.0,,2026-07-24T11:48:14.853730+08:00
712,2023-07-14,1235010.0,-3039000.0,0.0,-1803990.0,7232.0,32.0,107.0,3.0,,2026-07-24T11:48:14.853730+08:00
712,2023-07-17,967010.0,577000.0,0.0,1544010.0,7149.0,33.0,-83.0,1.0,,2026-07-24T11:48:14.853730+08:00
712,2023-07-18,-2429971.0,-2402000.0,0.0,-4831971.0,7117.0,115.0,-32.0,82.0,,2026-07-24T11:48:14.853730+08:00
712,2023-07-19,-2777568.0,-71000.0,0.0,-2848568.0,7006.0,172.0,-111.0,57.0,,2026-07-24T11:48:14.853730+08:00
712,2023-07-20,328819.0,-13494715.0,0.0,-13165896.0,7262.0,205.0,256.0,33.0,,2026-07-24T11:48:14.853730+08:00
712,2023-07-21,-4844058.0,3038000.0,0.0,-1806058.0,6576.0,170.0,-686.0,-35.0,,2026-07-24T11:48:14.853730+08:00
712,2023-07-24,-1002834.0,-2094990.0,0.0,-3097824.0,6601.0,164.0,25.0,-6.0,,2026-07-24T11:48:14.853730+08:00
712,2023-07-25,-5930990.0,-4840000.0,0.0,-10770990.0,6416.0,52.0,-185.0,-112.0,,2026-07-24T11:48:14.853730+08:00
712,2023-07-26,-3992843.0,-555995.0,0.0,-4548838.0,6368.0,46.0,-48.0,-6.0,,2026-07-24T11:48:14.853730+08:00
712,2023-07-27,-6564000.0,2085000.0,0.0,-4479000.0,6524.0,48.0,156.0,2.0,,2026-07-24T11:48:14.853730+08:00
712,2023-07-28,-7609990.0,-11300190.0,0.0,-18910180.0,6383.0,46.0,-141.0,-2.0,,2026-07-24T11:48:14.853730+08:00
712,2023-07-31,-1874990.0,-716000.0,0.0,-2590990.0,5994.0,47.0,-389.0,1.0,,2026-07-24T11:48:14.853730+08:00
712,2023-08-01,-5159990.0,870260.0,0.0,-4289730.0,5998.0,547.0,4.0,500.0,,2026-07-24T11:48:14.853730+08:00
712,2023-08-02,-12445954.0,-6479340.0,0.0,-18925294.0,5605.0,2042.0,-393.0,1495.0,,2026-07-24T11:48:14.853730+08:00
712,2023-08-04,-6872990.0,-6975235.0,0.0,-13848225.0,5830.0,2035.0,225.0,-7.0,,2026-07-24T11:48:14.853730+08:00
712,2023-08-07,-11837401.0,5552300.0,0.0,-6285101.0,5810.0,35.0,-20.0,-2000.0,,2026-07-24T11:48:14.853730+08:00
712,2023-08-08,-3608990.0,2170010.0,0.0,-1438980.0,5850.0,35.0,40.0,0.0,,2026-07-24T11:48:14.853730+08:00
712,2023-08-09,-1500990.0,485670.0,0.0,-1015320.0,5869.0,35.0,19.0,0.0,,2026-07-24T11:48:14.853730+08:00
712,2023-08-10,-5283103.0,5695010.0,0.0,411907.0,5790.0,44.0,-79.0,9.0,,2026-07-24T11:48:14.853730+08:00
712,2023-08-11,-1971523.0,-434990.0,0.0,-2406513.0,5781.0,47.0,-9.0,3.0,,2026-07-24T11:48:14.853730+08:00
712,2023-08-14,3890010.0,1760110.0,0.0,5650120.0,5714.0,47.0,-67.0,0.0,,2026-07-24T11:48:14.853730+08:00
712,2023-08-15,-2771990.0,-2955490.0,0.0,-5727480.0,5719.0,25.0,5.0,-22.0,,2026-07-24T11:48:14.853730+08:00
712,2023-08-16,-10138990.0,39512.0,0.0,-10099478.0,5777.0,39.0,58.0,14.0,,2026-07-24T11:48:14.853730+08:00
712,2023-08-17,-6940000.0,-669774.0,0.0,-7609774.0,6035.0,38.0,258.0,-1.0,,2026-07-24T11:48:14.853730+08:00
712,2023-08-18,-13287904.0,-931886.0,0.0,-14219790.0,5637.0,28.0,-398.0,-10.0,,2026-07-24T11:48:14.853730+08:00
712,2023-08-21,-9882990.0,681447.0,0.0,-9201543.0,5401.0,8.0,-236.0,-20.0,,2026-07-24T11:48:14.853730+08:00
712,2023-08-22,-7386989.0,-1685942.0,0.0,-9072931.0,5399.0,8.0,-2.0,0.0,,2026-07-24T11:48:14.853730+08:00
712,2023-08-23,-9449990.0,684567.0,0.0,-8765423.0,5489.0,14.0,90.0,6.0,,2026-07-24T11:48:14.853730+08:00
712,2023-08-24,-5419990.0,-1638491.0,0.0,-7058481.0,5632.0,12.0,143.0,-2.0,,2026-07-24T11:48:14.853730+08:00
712,2023-08-25,-5729000.0,2165116.0,0.0,-3563884.0,5553.0,4.0,-79.0,-8.0,,2026-07-24T11:48:14.853730+08:00
712,2023-08-28,-9237467.0,145019.0,0.0,-9092448.0,5677.0,4.0,124.0,0.0,,2026-07-24T11:48:14.853730+08:00
712,2023-08-29,-2888998.0,7564018.0,0.0,4675020.0,5423.0,4.0,-254.0,0.0,,2026-07-24T11:48:14.853730+08:00
712,2023-08-30,-490150.0,6014018.0,0.0,5523868.0,5233.0,4.0,-190.0,0.0,,2026-07-24T11:48:14.853730+08:00
712,2023-08-31,1022010.0,5133018.0,0.0,6155028.0,5094.0,4.0,-139.0,0.0,,2026-07-24T11:48:14.853730+08:00
712,2023-09-01,727005.0,2239018.0,0.0,2966023.0,5157.0,4.0,63.0,0.0,,2026-07-24T11:48:14.853730+08:00
712,2023-09-04,411010.0,9967018.0,0.0,10378028.0,5015.0,4.0,-142.0,0.0,,2026-07-24T11:48:14.853730+08:00
712,2023-09-05,2996647.0,2994305.0,0.0,5990952.0,4795.0,4.0,-220.0,0.0,,2026-07-24T11:48:14.853730+08:00
712,2023-09-06,2562010.0,4438017.0,0.0,7000027.0,4739.0,4.0,-56.0,0.0,,2026-07-24T11:48:14.853730+08:00
712,2023-09-07,738010.0,3357318.0,0.0,4095328.0,4779.0,5.0,40.0,1.0,,2026-07-24T11:48:14.853730+08:00
712,2023-09-08,-3150990.0,2533018.0,0.0,-617972.0,4760.0,7.0,-19.0,2.0,,2026-07-24T11:48:14.853730+08:00
712,2023-09-11,1479010.0,1148118.0,0.0,2627128.0,5167.0,3.0,407.0,-4.0,,2026-07-24T11:48:14.853730+08:00
712,2023-09-12,-504366.0,6185118.0,0.0,5680752.0,4886.0,2.0,-281.0,-1.0,,2026-07-24T11:48:14.853730+08:00
712,2023-09-13,630897.0,-2115982.0,0.0,-1485085.0,4918.0,0.0,32.0,-2.0,,2026-07-24T11:48:14.853730+08:00
712,2023-09-14,-675990.0,-4242982.0,0.0,-4918972.0,4961.0,0.0,43.0,0.0,,2026-07-24T11:48:14.853730+08:00
712,2023-09-15,-973680.0,9741918.0,0.0,8768238.0,5195.0,0.0,234.0,0.0,,2026-07-24T11:48:14.853730+08:00
712,2023-09-18,2142000.0,7080478.0,0.0,9222478.0,5101.0,0.0,-94.0,0.0,,2026-07-24T11:48:14.853730+08:00
712,2023-09-19,30011.0,-79982.0,0.0,-49971.0,4840.0,0.0,-261.0,0.0,,2026-07-24T11:48:14.853730+08:00
712,2023-09-20,-981990.0,4795771.0,0.0,3813781.0,4821.0,0.0,-19.0,0.0,,2026-07-24T11:48:14.853730+08:00
712,2023-09-21,2061010.0,3255617.0,0.0,5316627.0,4712.0,0.0,-109.0,0.0,,2026-07-24T11:48:14.853730+08:00
712,2023-09-22,-16877458.0,-21996581.0,0.0,-38874039.0,5185.0,16.0,473.0,16.0,,2026-07-24T11:48:14.853730+08:00
712,2023-09-25,-8963156.0,-585681.0,0.0,-9548837.0,5245.0,17.0,60.0,1.0,,2026-07-24T11:48:14.853730+08:00
712,2023-09-26,-5285404.0,-6986981.0,0.0,-12272385.0,5354.0,20.0,109.0,3.0,,2026-07-24T11:48:14.853730+08:00
712,2023-09-27,-18207893.0,-3709681.0,0.0,-21917574.0,5664.0,21.0,310.0,1.0,,2026-07-24T11:48:14.853730+08:00
712,2023-09-28,-16283940.0,-17364669.0,0.0,-33648609.0,6013.0,34.0,349.0,13.0,,2026-07-24T11:48:14.853730+08:00
712,2023-10-02,-13461851.0,3723119.0,0.0,-9738732.0,6128.0,31.0,115.0,-3.0,,2026-07-24T11:48:14.853730+08:00
712,2023-10-03,-28487671.0,584819.0,0.0,-27902852.0,6609.0,6974.0,481.0,6943.0,,2026-07-24T11:48:14.853730+08:00
712,2023-10-04,-29795995.0,-12950860.0,0.0,-42746855.0,7067.0,7399.0,458.0,425.0,,2026-07-24T11:48:14.853730+08:00
712,2023-10-05,-44601018.0,-20817652.0,0.0,-65418670.0,8003.0,3988.0,936.0,-3411.0,,2026-07-24T11:48:14.853730+08:00
712,2023-10-06,-27217398.0,7149860.0,0.0,-20067538.0,7893.0,3989.0,-110.0,1.0,,2026-07-24T11:48:14.853730+08:00
712,2023-10-11,-6233990.0,954020.0,0.0,-5279970.0,7485.0,1228.0,-408.0,-2761.0,,2026-07-24T11:48:14.853730+08:00
712,2023-10-12,-6169990.0,1052020.0,0.0,-5117970.0,7965.0,1009.0,480.0,-219.0,,2026-07-24T11:48:14.853730+08:00
712,2023-10-13,-7866990.0,-2895980.0,0.0,-10762970.0,7770.0,1009.0,-195.0,0.0,,2026-07-24T11:48:14.853730+08:00
712,2023-10-16,-18610382.0,-928830.0,0.0,-19539212.0,7839.0,2206.0,69.0,1197.0,,2026-07-24T11:48:14.853730+08:00
712,2023-10-17,-4095677.0,4774020.0,0.0,678343.0,7641.0,2208.0,-198.0,2.0,,2026-07-24T11:48:14.853730+08:00
712,2023-10-18,-8136990.0,7290020.0,0.0,-846970.0,7544.0,2208.0,-97.0,0.0,,2026-07-24T11:48:14.853730+08:00
712,2023-10-19,-14072213.0,-13589880.0,0.0,-27662093.0,7886.0,2160.0,342.0,-48.0,,2026-07-24T11:48:14.853730+08:00
712,2023-10-20,-39510359.0,-26397246.0,0.0,-65907605.0,8310.0,7965.0,424.0,5805.0,,2026-07-24T11:48:14.853730+08:00
712,2023-10-23,-34644676.0,-19317853.0,0.0,-53962529.0,9030.0,8059.0,720.0,94.0,,2026-07-24T11:48:14.853730+08:00
712,2023-10-24,-29390990.0,-6250200.0,0.0,-35641190.0,9823.0,4534.0,793.0,-3525.0,,2026-07-24T11:48:14.853730+08:00
712,2023-10-25,-17526984.0,-6126000.0,0.0,-23652984.0,10041.0,2722.0,218.0,-1812.0,,2026-07-24T11:48:14.853730+08:00
712,2023-10-26,-22703970.0,-7540600.0,0.0,-30244570.0,10537.0,3676.0,496.0,954.0,,2026-07-24T11:48:14.853730+08:00
712,2023-10-27,-12042204.0,-7609000.0,0.0,-19651204.0,12368.0,4120.0,1831.0,444.0,,2026-07-24T11:48:14.853730+08:00
712,2023-10-30,-13556973.0,-7870000.0,0.0,-21426973.0,12884.0,1981.0,516.0,-2139.0,,2026-07-24T11:48:14.853730+08:00
712,2023-10-31,-10657206.0,2616000.0,0.0,-8041206.0,12670.0,1291.0,-214.0,-690.0,,2026-07-24T11:48:14.853730+08:00
712,2023-11-01,-15907990.0,5554000.0,0.0,-10353990.0,12236.0,1186.0,-434.0,-105.0,,2026-07-24T11:48:14.853730+08:00
712,2023-11-02,-9822990.0,-2910000.0,0.0,-12732990.0,11644.0,1187.0,-592.0,1.0,,2026-07-24T11:48:14.853730+08:00
712,2023-11-03,5643010.0,8038550.0,0.0,13681560.0,11508.0,1148.0,-136.0,-39.0,,2026-07-24T11:48:14.853730+08:00
712,2023-11-06,-356427.0,6959320.0,0.0,6602893.0,10450.0,16.0,-1058.0,-1132.0,,2026-07-24T11:48:14.853730+08:00
712,2023-11-07,-7406891.0,5475000.0,0.0,-1931891.0,10422.0,22.0,-28.0,6.0,,2026-07-24T11:48:14.853730+08:00
712,2023-11-08,-3184000.0,5069000.0,0.0,1885000.0,10414.0,27.0,-8.0,5.0,,2026-07-24T11:48:14.853730+08:00
712,2023-11-09,1048300.0,4238000.0,0.0,5286300.0,10093.0,27.0,-321.0,0.0,,2026-07-24T11:48:14.853730+08:00
712,2023-11-10,-3216990.0,-2132000.0,0.0,-5348990.0,10056.0,50.0,-37.0,23.0,,2026-07-24T11:48:14.853730+08:00
712,2023-11-13,1156010.0,-725000.0,0.0,431010.0,10200.0,49.0,144.0,-1.0,,2026-07-24T11:48:14.853730+08:00
712,2023-11-14,-785029.0,54000.0,0.0,-731029.0,10263.0,49.0,63.0,0.0,,2026-07-24T11:48:14.853730+08:00
712,2023-11-15,6080000.0,20742150.0,0.0,26822150.0,9531.0,57.0,-732.0,8.0,,2026-07-24T11:48:14.853730+08:00
712,2023-11-16,2835800.0,8262000.0,0.0,11097800.0,8896.0,60.0,-635.0,3.0,,2026-07-24T11:48:14.853730+08:00
712,2023-11-17,-3150429.0,-11625950.0,0.0,-14776379.0,9290.0,42.0,394.0,-18.0,,2026-07-24T11:48:14.853730+08:00
712,2023-11-20,1672941.0,-3841720.0,0.0,-2168779.0,9232.0,34.0,-58.0,-8.0,,2026-07-24T11:48:14.853730+08:00
712,2023-11-21,268766.0,-9866000.0,0.0,-9597234.0,9213.0,1025.0,-19.0,991.0,,2026-07-24T11:48:14.853730+08:00
712,2023-11-22,-1237718.0,-381000.0,0.0,-1618718.0,9267.0,1025.0,54.0,0.0,,2026-07-24T11:48:14.853730+08:00
712,2023-11-23,-356031.0,115000.0,0.0,-241031.0,9297.0,27.0,30.0,-998.0,,2026-07-24T11:48:14.853730+08:00
712,2023-11-24,-890565.0,43000.0,0.0,-847565.0,9284.0,26.0,-13.0,-1.0,,2026-07-24T11:48:14.853730+08:00
712,2023-11-27,-297990.0,-3049000.0,0.0,-3346990.0,9197.0,26.0,-87.0,0.0,,2026-07-24T11:48:14.853730+08:00
712,2023-11-28,-5401990.0,-6467000.0,0.0,-11868990.0,9394.0,552.0,197.0,526.0,,2026-07-24T11:48:14.853730+08:00
712,2023-11-29,-3215000.0,-6930800.0,0.0,-10145800.0,9775.0,537.0,381.0,-15.0,,2026-07-24T11:48:14.853730+08:00
712,2023-11-30,-3434990.0,3443000.0,0.0,8010.0,9689.0,17.0,-86.0,-520.0,,2026-07-24T11:48:14.853730+08:00
712,2023-12-01,-1537711.0,4894000.0,0.0,3356289.0,8988.0,15.0,-701.0,-2.0,,2026-07-24T11:48:14.853730+08:00
712,2023-12-04,1230010.0,3295000.0,0.0,4525010.0,8760.0,25.0,-228.0,10.0,,2026-07-24T11:48:14.853730+08:00
712,2023-12-05,-292990.0,11462406.0,0.0,11169416.0,8685.0,40.0,-75.0,15.0,,2026-07-24T11:48:14.853730+08:00
712,2023-12-06,502690.0,-4047000.0,0.0,-3544310.0,8644.0,21.0,-41.0,-19.0,,2026-07-24T11:48:14.853730+08:00
712,2023-12-07,-5859006.0,-19407600.0,0.0,-25266606.0,8616.0,1338.0,-28.0,1317.0,,2026-07-24T11:48:14.853730+08:00
712,2023-12-08,-1005623.0,-5219890.0,0.0,-6225513.0,8848.0,1318.0,232.0,-20.0,,2026-07-24T11:48:14.853730+08:00
712,2023-12-11,-1643990.0,1798000.0,0.0,154010.0,9101.0,1.0,253.0,-1317.0,,2026-07-24T11:48:14.853730+08:00
712,2023-12-12,-3199084.0,-205000.0,0.0,-3404084.0,9061.0,1.0,-40.0,0.0,,2026-07-24T11:48:14.853730+08:00
712,2023-12-13,-1621334.0,1246000.0,0.0,-375334.0,9085.0,2.0,24.0,1.0,,2026-07-24T11:48:14.853730+08:00
712,2023-12-14,956737.0,14064000.0,0.0,15020737.0,9331.0,0.0,246.0,-2.0,,2026-07-24T11:48:14.853730+08:00
712,2023-12-15,4465204.0,26706000.0,0.0,31171204.0,9645.0,0.0,314.0,0.0,,2026-07-24T11:48:14.853730+08:00
712,2023-12-18,-1906570.0,3907000.0,0.0,2000430.0,11351.0,0.0,1706.0,0.0,,2026-07-24T11:48:14.853730+08:00
712,2023-12-19,6469010.0,-1409000.0,0.0,5060010.0,11762.0,0.0,411.0,0.0,,2026-07-24T11:48:14.853730+08:00
712,2023-12-20,2602914.0,18738293.0,0.0,21341207.0,11622.0,38.0,-140.0,38.0,,2026-07-24T11:48:14.853730+08:00
712,2023-12-21,5060010.0,12002000.0,0.0,17062010.0,9295.0,28.0,-2327.0,-10.0,,2026-07-24T11:48:14.853730+08:00
712,2023-12-22,3882739.0,16404000.0,0.0,20286739.0,9297.0,59.0,2.0,31.0,,2026-07-24T11:48:14.853730+08:00
712,2023-12-25,2367010.0,2011000.0,0.0,4378010.0,8943.0,72.0,-354.0,13.0,,2026-07-24T11:48:14.853730+08:00
712,2023-12-26,-840990.0,2257000.0,0.0,1416010.0,8997.0,74.0,54.0,2.0,,2026-07-24T11:48:14.853730+08:00
712,2023-12-27,4151002.0,4081000.0,0.0,8232002.0,8775.0,76.0,-222.0,2.0,,2026-07-24T11:48:14.853730+08:00
712,2023-12-28,1763010.0,-2538000.0,0.0,-774990.0,8876.0,76.0,101.0,0.0,,2026-07-24T11:48:14.853730+08:00
712,2023-12-29,-770080.0,8164000.0,0.0,7393920.0,9132.0,76.0,256.0,0.0,,2026-07-24T11:48:14.853730+08:00
712,2024-01-02,-3258939.0,-5113300.0,0.0,-8372239.0,9493.0,105.0,361.0,29.0,,2026-07-24T11:48:14.853730+08:00
712,2024-01-03,-4523000.0,6886000.0,0.0,2363000.0,9160.0,105.0,-333.0,0.0,,2026-07-24T11:48:14.853730+08:00
712,2024-01-04,-7193873.0,-13470350.0,0.0,-20664223.0,9416.0,130.0,256.0,25.0,,2026-07-24T11:48:14.853730+08:00
712,2024-01-05,-7461733.0,-2830591.0,0.0,-10292324.0,9619.0,144.0,203.0,14.0,,2026-07-24T11:48:14.853730+08:00
712,2024-01-08,-1287990.0,-2363000.0,0.0,-3650990.0,9856.0,156.0,237.0,12.0,,2026-07-24T11:48:14.853730+08:00
712,2024-01-09,-5037623.0,10369000.0,0.0,5331377.0,9729.0,105.0,-127.0,-51.0,,2026-07-24T11:48:14.853730+08:00
712,2024-01-10,1084614.0,107900.0,0.0,1192514.0,9860.0,105.0,131.0,0.0,,2026-07-24T11:48:14.853730+08:00
712,2024-01-11,-949194.0,2245000.0,0.0,1295806.0,9904.0,147.0,44.0,42.0,,2026-07-24T11:48:14.853730+08:00
712,2024-01-12,634826.0,-344000.0,0.0,290826.0,9901.0,152.0,-3.0,5.0,,2026-07-24T11:48:14.853730+08:00
712,2024-01-15,-1096999.0,2496000.0,0.0,1399001.0,10061.0,125.0,160.0,-27.0,,2026-07-24T11:48:14.853730+08:00
712,2024-01-16,-29814.0,9567000.0,0.0,9537186.0,9843.0,135.0,-218.0,10.0,,2026-07-24T11:48:14.853730+08:00
712,2024-01-17,1558010.0,-784590.0,0.0,773420.0,9663.0,135.0,-180.0,0.0,,2026-07-24T11:48:14.853730+08:00
712,2024-01-18,-2830951.0,-3943000.0,0.0,-6773951.0,9769.0,161.0,106.0,26.0,,2026-07-24T11:48:14.853730+08:00
712,2024-01-19,-1241854.0,-6070000.0,0.0,-7311854.0,9432.0,34.0,-337.0,-127.0,,2026-07-24T11:48:14.853730+08:00
712,2024-01-22,-840784.0,-324947.0,0.0,-1165731.0,9158.0,37.0,-274.0,3.0,,2026-07-24T11:48:14.853730+08:00
712,2024-01-23,-803549.0,-1370000.0,0.0,-2173549.0,9239.0,40.0,81.0,3.0,,2026-07-24T11:48:14.853730+08:00
712,2024-01-24,-1252994.0,291000.0,0.0,-961994.0,9146.0,54.0,-93.0,14.0,,2026-07-24T11:48:14.853730+08:00
712,2024-01-25,-742218.0,-10231000.0,0.0,-10973218.0,9116.0,1054.0,-30.0,1000.0,,2026-07-24T11:48:14.853730+08:00
712,2024-01-26,-2724646.0,2854000.0,0.0,129354.0,9166.0,1053.0,50.0,-1.0,,2026-07-24T11:48:14.853730+08:00
712,2024-01-29,-262557.0,-173000.0,0.0,-435557.0,9174.0,52.0,8.0,-1001.0,,2026-07-24T11:48:14.853730+08:00
712,2024-01-30,-48203.0,987000.0,0.0,938797.0,9258.0,39.0,84.0,-13.0,,2026-07-24T11:48:14.853730+08:00
712,2024-01-31,-4368990.0,258500.0,0.0,-4110490.0,9194.0,41.0,-64.0,2.0,,2026-07-24T11:48:14.853730+08:00
712,2024-02-01,-24261987.0,-17072700.0,0.0,-41334687.0,9299.0,3899.0,105.0,3858.0,,2026-07-24T11:48:14.853730+08:00
712,2024-02-02,-9749000.0,-8407450.0,0.0,-18156450.0,9882.0,3897.0,583.0,-2.0,,2026-07-24T11:48:14.853730+08:00
712,2024-02-05,-6832366.0,-16539698.0,0.0,-23372064.0,9936.0,2673.0,54.0,-1224.0,,2026-07-24T11:48:14.853730+08:00
712,2024-02-15,-22220999.0,-19487300.0,0.0,-41708299.0,10431.0,20208.0,495.0,17535.0,,2026-07-24T11:48:14.853730+08:00
712,2024-02-16,-9988990.0,-8698925.0,0.0,-18687915.0,10524.0,19575.0,93.0,-633.0,,2026-07-24T11:48:14.853730+08:00
712,2024-02-19,-4109990.0,-11284700.0,0.0,-15394690.0,10777.0,770.0,253.0,-18805.0,,2026-07-24T11:48:14.853730+08:00
712,2024-02-20,-4165000.0,-7996000.0,0.0,-12161000.0,10966.0,772.0,189.0,2.0,,2026-07-24T11:48:14.853730+08:00
712,2024-02-21,-16154970.0,-24677340.0,0.0,-40832310.0,11195.0,752.0,229.0,-20.0,,2026-07-24T11:48:14.853730+08:00
712,2024-02-22,-9501978.0,-6964000.0,0.0,-16465978.0,11254.0,742.0,59.0,-10.0,,2026-07-24T11:48:14.853730+08:00
712,2024-02-23,-5373990.0,-4631000.0,0.0,-10004990.0,11391.0,742.0,137.0,0.0,,2026-07-24T11:48:14.853730+08:00
712,2024-02-26,-11942990.0,-1944000.0,0.0,-13886990.0,11406.0,35.0,15.0,-707.0,,2026-07-24T11:48:14.853730+08:00
712,2024-02-27,-9890185.0,-10263000.0,0.0,-20153185.0,11471.0,35.0,65.0,0.0,,2026-07-24T11:48:14.853730+08:00
712,2024-02-29,-9715990.0,-4337500.0,0.0,-14053490.0,11574.0,35.0,103.0,0.0,,2026-07-24T11:48:14.853730+08:00
712,2024-03-01,-8956990.0,10030100.0,0.0,1073110.0,11145.0,35.0,-429.0,0.0,,2026-07-24T11:48:14.853730+08:00
712,2024-03-04,-5229990.0,-527500.0,0.0,-5757490.0,11143.0,35.0,-2.0,0.0,,2026-07-24T11:48:14.853730+08:00
712,2024-03-05,-16116990.0,-22726347.0,0.0,-38843337.0,11721.0,37.0,578.0,2.0,,2026-07-24T11:48:14.853730+08:00
712,2024-03-06,-13337990.0,16000.0,0.0,-13321990.0,11812.0,27.0,91.0,-10.0,,2026-07-24T11:48:14.853730+08:00
712,2024-03-07,-4763990.0,-258000.0,0.0,-5021990.0,11675.0,27.0,-137.0,0.0,,2026-07-24T11:48:14.853730+08:00
712,2024-03-08,-5503990.0,3737320.0,0.0,-1766670.0,11755.0,25.0,80.0,-2.0,,2026-07-24T11:48:14.853730+08:00
712,2024-03-11,-6668990.0,3393050.0,0.0,-3275940.0,11852.0,26.0,97.0,1.0,,2026-07-24T11:48:14.853730+08:00
712,2024-03-12,-5947990.0,-1115000.0,0.0,-7062990.0,11705.0,10.0,-147.0,-16.0,,2026-07-24T11:48:14.853730+08:00
712,2024-03-13,-1096990.0,124000.0,0.0,-972990.0,11656.0,0.0,-49.0,-10.0,,2026-07-24T11:48:14.853730+08:00
712,2024-03-14,2472010.0,6909000.0,0.0,9381010.0,11528.0,0.0,-128.0,0.0,,2026-07-24T11:48:14.853730+08:00
712,2024-03-15,-4175990.0,-13589740.0,0.0,-17765730.0,12432.0,0.0,904.0,0.0,,2026-07-24T11:48:14.853730+08:00
712,2024-03-18,-3273991.0,2611700.0,0.0,-662291.0,11979.0,0.0,-453.0,0.0,,2026-07-24T11:48:14.853730+08:00
712,2024-03-19,-7460990.0,-570900.0,0.0,-8031890.0,11920.0,0.0,-59.0,0.0,,2026-07-24T11:48:14.853730+08:00
712,2024-03-20,771010.0,2839000.0,0.0,3610010.0,11530.0,0.0,-390.0,0.0,,2026-07-24T11:48:14.853730+08:00
712,2024-03-21,1472010.0,13825000.0,0.0,15297010.0,11153.0,0.0,-377.0,0.0,,2026-07-24T11:48:14.853730+08:00
712,2024-03-22,3204156.0,21764000.0,0.0,24968156.0,11068.0,7.0,-85.0,7.0,,2026-07-24T11:48:14.853730+08:00
712,2024-03-25,1175754.0,-3716450.0,0.0,-2540696.0,11700.0,0.0,632.0,-7.0,,2026-07-24T11:48:14.853730+08:00
712,2024-03-26,5257040.0,10611000.0,0.0,15868040.0,11353.0,17.0,-347.0,17.0,,2026-07-24T11:48:14.853730+08:00
712,2024-03-27,-1060968.0,-157650.0,0.0,-1218618.0,11386.0,16.0,33.0,-1.0,,2026-07-24T11:48:14.853730+08:00
712,2024-03-28,1991139.0,805000.0,0.0,2796139.0,11254.0,16.0,-132.0,0.0,,2026-07-24T11:48:14.853730+08:00
712,2024-03-29,5888005.0,-176500.0,0.0,5711505.0,11172.0,18.0,-82.0,2.0,,2026-07-24T11:48:14.853730+08:00
712,2024-04-01,1732480.0,2828000.0,0.0,4560480.0,10969.0,18.0,-203.0,0.0,,2026-07-24T11:48:14.853730+08:00
712,2024-04-02,-1574854.0,4588060.0,0.0,3013206.0,10981.0,23.0,12.0,5.0,,2026-07-24T11:48:14.853730+08:00
712,2024-04-03,-121131.0,-6316970.0,0.0,-6438101.0,10869.0,18.0,-112.0,-5.0,,2026-07-24T11:48:14.853730+08:00
712,2024-04-08,-165060.0,478552.0,0.0,313492.0,10806.0,20.0,-63.0,2.0,,2026-07-24T11:48:14.853730+08:00
712,2024-04-09,1221199.0,17600.0,0.0,1238799.0,10601.0,19.0,-205.0,-1.0,,2026-07-24T11:48:14.853730+08:00
712,2024-04-10,-1774544.0,4894000.0,0.0,3119456.0,10613.0,15.0,12.0,-4.0,,2026-07-24T11:48:14.853730+08:00
712,2024-04-11,-21180042.0,-38611950.0,0.0,-59791992.0,10980.0,4311.0,367.0,4296.0,,2026-07-24T11:48:14.853730+08:00
712,2024-04-12,-3813976.0,-164900.0,0.0,-3978876.0,11058.0,4311.0,78.0,0.0,,2026-07-24T11:48:14.853730+08:00
712,2024-04-15,-10108986.0,-391450.0,0.0,-10500436.0,10944.0,1.0,-114.0,-4310.0,,2026-07-24T11:48:14.853730+08:00
712,2024-04-16,-8945484.0,-10330250.0,0.0,-19275734.0,11046.0,1.0,102.0,0.0,,2026-07-24T11:48:14.853730+08:00
712,2024-04-17,-26138914.0,-19857770.0,0.0,-45996684.0,11184.0,1857.0,138.0,1856.0,,2026-07-24T11:48:14.853730+08:00
712,2024-04-18,-9792229.0,-4101500.0,0.0,-13893729.0,11187.0,1859.0,3.0,2.0,,2026-07-24T11:48:14.853730+08:00
712,2024-04-19,-9002706.0,11920000.0,0.0,2917294.0,10941.0,3.0,-246.0,-1856.0,,2026-07-24T11:48:14.853730+08:00
712,2024-04-22,449820.0,13290000.0,0.0,13739820.0,10861.0,3.0,-80.0,0.0,,2026-07-24T11:48:14.853730+08:00
712,2024-04-23,-374668.0,8452000.0,0.0,8077332.0,10811.0,3.0,-50.0,0.0,,2026-07-24T11:48:14.853730+08:00
712,2024-04-24,592832.0,14159000.0,0.0,14751832.0,10650.0,24.0,-161.0,21.0,,2026-07-24T11:48:14.853730+08:00
712,2024-04-25,-2836858.0,8485050.0,0.0,5648192.0,10559.0,24.0,-91.0,0.0,,2026-07-24T11:48:14.853730+08:00
712,2024-04-26,1134195.0,-5531940.0,0.0,-4397745.0,10601.0,21.0,42.0,-3.0,,2026-07-24T11:48:14.853730+08:00
712,2024-04-29,72508.0,9271000.0,0.0,9343508.0,10475.0,28.0,-126.0,7.0,,2026-07-24T11:48:14.853730+08:00
712,2024-04-30,3102651.0,3014050.0,0.0,6116701.0,10434.0,28.0,-41.0,0.0,,2026-07-24T11:48:14.853730+08:00
712,2024-05-02,2502338.0,408000.0,0.0,2910338.0,10424.0,28.0,-10.0,0.0,,2026-07-24T11:48:14.853730+08:00
712,2024-05-03,703355.0,-299000.0,0.0,404355.0,10414.0,28.0,-10.0,0.0,,2026-07-24T11:48:14.853730+08:00
712,2024-05-06,1116893.0,6575903.0,0.0,7692796.0,10352.0,33.0,-62.0,5.0,,2026-07-24T11:48:14.853730+08:00
712,2024-05-07,-785448.0,19489900.0,0.0,18704452.0,10338.0,39.0,-14.0,6.0,,2026-07-24T11:48:14.853730+08:00
712,2024-05-08,2558774.0,-476275.0,0.0,2082499.0,9655.0,39.0,-683.0,0.0,,2026-07-24T11:48:14.853730+08:00
712,2024-05-09,1137381.0,4838000.0,0.0,5975381.0,9608.0,39.0,-47.0,0.0,,2026-07-24T11:48:14.853730+08:00
712,2024-05-10,689589.0,13284000.0,0.0,13973589.0,9505.0,48.0,-103.0,9.0,,2026-07-24T11:48:14.853730+08:00
712,2024-05-13,1255537.0,5517500.0,0.0,6773037.0,9433.0,48.0,-72.0,0.0,,2026-07-24T11:48:14.853730+08:00
712,2024-05-14,-479088.0,6864000.0,0.0,6384912.0,9438.0,46.0,5.0,-2.0,,2026-07-24T11:48:14.853730+08:00
712,2024-05-15,5694157.0,11841500.0,0.0,17535657.0,9186.0,53.0,-252.0,7.0,,2026-07-24T11:48:14.853730+08:00
712,2024-05-16,4369199.0,4433500.0,0.0,8802699.0,9048.0,53.0,-138.0,0.0,,2026-07-24T11:48:14.853730+08:00
712,2024-05-17,4409209.0,9836000.0,0.0,14245209.0,8957.0,58.0,-91.0,5.0,,2026-07-24T11:48:14.853730+08:00
712,2024-05-20,3757633.0,3451000.0,0.0,7208633.0,8922.0,61.0,-35.0,3.0,,2026-07-24T11:48:14.853730+08:00
712,2024-05-21,3367790.0,68000.0,0.0,3435790.0,8631.0,59.0,-291.0,-2.0,,2026-07-24T11:48:14.853730+08:00
712,2024-05-22,-2498043.0,45500.0,0.0,-2452543.0,8510.0,51.0,-121.0,-8.0,,2026-07-24T11:48:14.853730+08:00
712,2024-05-23,372285.0,-7003300.0,0.0,-6631015.0,8485.0,49.0,-25.0,-2.0,,2026-07-24T11:48:14.853730+08:00
712,2024-05-24,-12700791.0,-49503350.0,0.0,-62204141.0,9512.0,2503.0,1027.0,2454.0,,2026-07-24T11:48:14.853730+08:00
712,2024-05-27,-3582401.0,-22482900.0,0.0,-26065301.0,9716.0,2504.0,204.0,1.0,,2026-07-24T11:48:14.853730+08:00
712,2024-05-28,-4834827.0,-19061450.0,0.0,-23896277.0,9966.0,3.0,250.0,-2501.0,,2026-07-24T11:48:14.853730+08:00
712,2024-05-29,-10350310.0,-5736450.0,0.0,-16086760.0,9942.0,0.0,-24.0,-3.0,,2026-07-24T11:48:14.853730+08:00
712,2024-05-30,-13546437.0,-14865200.0,0.0,-28411637.0,10214.0,5.0,272.0,5.0,,2026-07-24T11:48:14.853730+08:00
712,2024-05-31,-4904796.0,3633350.0,0.0,-1271446.0,10142.0,0.0,-72.0,-5.0,,2026-07-24T11:48:14.853730+08:00
712,2024-06-03,-2749791.0,4763350.0,0.0,2013559.0,10109.0,0.0,-33.0,0.0,,2026-07-24T11:48:14.853730+08:00
712,2024-06-04,-152282.0,11895300.0,0.0,11743018.0,9627.0,2.0,-482.0,2.0,,2026-07-24T11:48:14.853730+08:00
712,2024-06-05,-4519730.0,-8407549.0,0.0,-12927279.0,9882.0,5.0,255.0,3.0,,2026-07-24T11:48:14.853730+08:00
712,2024-06-06,450210.0,-1380850.0,0.0,-930640.0,9819.0,2.0,-63.0,-3.0,,2026-07-24T11:48:14.853730+08:00
712,2024-06-07,-5114283.0,-5859050.0,0.0,-10973333.0,9611.0,1.0,-208.0,-1.0,,2026-07-24T11:48:14.853730+08:00
712,2024-06-11,-14101551.0,-5490950.0,0.0,-19592501.0,10209.0,0.0,598.0,-1.0,,2026-07-24T11:48:14.853730+08:00
712,2024-06-12,-32116983.0,-6991000.0,0.0,-39107983.0,11181.0,3930.0,972.0,3930.0,,2026-07-24T11:48:14.853730+08:00
712,2024-06-13,-4322308.0,1190000.0,0.0,-3132308.0,11355.0,3930.0,174.0,0.0,,2026-07-24T11:48:14.853730+08:00
712,2024-06-14,-2199301.0,6458900.0,0.0,4259599.0,10953.0,0.0,-402.0,-3930.0,,2026-07-24T11:48:14.853730+08:00
712,2024-06-17,-2549695.0,-9120700.0,0.0,-11670395.0,11109.0,0.0,156.0,0.0,,2026-07-24T11:48:14.853730+08:00
712,2024-06-18,-2185990.0,10278000.0,0.0,8092010.0,10994.0,0.0,-115.0,0.0,,2026-07-24T11:48:14.853730+08:00
712,2024-06-19,-3860134.0,-21681000.0,0.0,-25541134.0,11443.0,0.0,449.0,0.0,,2026-07-24T11:48:14.853730+08:00
712,2024-06-20,-11906649.0,-801000.0,0.0,-12707649.0,11543.0,0.0,100.0,0.0,,2026-07-24T11:48:14.853730+08:00
712,2024-06-21,-5529235.0,-1762600.0,0.0,-7291835.0,11463.0,0.0,-80.0,0.0,,2026-07-24T11:48:14.853730+08:00
712,2024-06-24,-488348.0,140000.0,0.0,-348348.0,11066.0,0.0,-397.0,0.0,,2026-07-24T11:48:14.853730+08:00
712,2024-06-25,679755.0,5044000.0,0.0,5723755.0,11047.0,0.0,-19.0,0.0,,2026-07-24T11:48:14.853730+08:00
712,2024-06-26,-1206506.0,6000.0,0.0,-1200506.0,11030.0,0.0,-17.0,0.0,,2026-07-24T11:48:14.853730+08:00
712,2024-06-27,-557968.0,0.0,0.0,-557968.0,10962.0,0.0,-68.0,0.0,,2026-07-24T11:48:14.853730+08:00
712,2024-06-28,-5724693.0,-13079170.0,0.0,-18803863.0,11260.0,0.0,298.0,0.0,,2026-07-24T11:48:14.853730+08:00
712,2024-07-01,-6085896.0,7691000.0,0.0,1605104.0,11173.0,11.0,-87.0,11.0,,2026-07-24T11:48:14.853730+08:00
712,2024-07-02,-16873935.0,-1704700.0,0.0,-18578635.0,11215.0,11.0,42.0,0.0,,2026-07-24T11:48:14.853730+08:00
712,2024-07-03,-2251554.0,37300.0,0.0,-2214254.0,11210.0,11.0,-5.0,0.0,,2026-07-24T11:48:14.853730+08:00
712,2024-07-04,-3221791.0,469000.0,0.0,-2752791.0,11406.0,11.0,196.0,0.0,,2026-07-24T11:48:14.853730+08:00
712,2024-07-05,-4002694.0,-95897.0,0.0,-4098591.0,11526.0,11.0,120.0,0.0,,2026-07-24T11:48:14.853730+08:00
712,2024-07-08,-4665067.0,-12087000.0,0.0,-16752067.0,11665.0,11.0,139.0,0.0,,2026-07-24T11:48:14.853730+08:00
712,2024-07-09,-2446751.0,7859400.0,0.0,5412649.0,11597.0,11.0,-68.0,0.0,,2026-07-24T11:48:14.853730+08:00
712,2024-07-10,302056.0,124000.0,0.0,426056.0,11164.0,11.0,-433.0,0.0,,2026-07-24T11:48:14.853730+08:00
712,2024-07-11,1897197.0,20034000.0,0.0,21931197.0,10821.0,16.0,-343.0,5.0,,2026-07-24T11:48:14.853730+08:00
712,2024-07-12,6195911.0,92443000.0,0.0,98638911.0,9745.0,27.0,-1076.0,11.0,,2026-07-24T11:48:14.853730+08:00
712,2024-07-15,3663002.0,31114900.0,0.0,34777902.0,9487.0,39.0,-258.0,12.0,,2026-07-24T11:48:14.853730+08:00
712,2024-07-16,-83756.0,5216000.0,0.0,5132244.0,9547.0,40.0,60.0,1.0,,2026-07-24T11:48:14.853730+08:00
712,2024-07-17,-396233.0,85750.0,0.0,-310483.0,11013.0,59.0,1466.0,19.0,,2026-07-24T11:48:14.853730+08:00
712,2024-07-18,3778160.0,31769960.0,0.0,35548120.0,10607.0,67.0,-406.0,8.0,,2026-07-24T11:48:14.853730+08:00
712,2024-07-19,-1939466.0,49163000.0,0.0,47223534.0,8671.0,71.0,-1936.0,4.0,,2026-07-24T11:48:14.853730+08:00
712,2024-07-22,318536.0,26567001.0,0.0,26885537.0,9333.0,100.0,662.0,29.0,,2026-07-24T11:48:14.853730+08:00
712,2024-07-23,4588568.0,-2357000.0,0.0,2231568.0,9788.0,66.0,455.0,-34.0,,2026-07-24T11:48:14.853730+08:00
712,2024-07-26,-3537790.0,-2835000.0,0.0,-6372790.0,9762.0,46.0,-26.0,-20.0,,2026-07-24T11:48:14.853730+08:00
712,2024-07-29,1498445.0,1479000.0,0.0,2977445.0,9959.0,76.0,197.0,30.0,,2026-07-24T11:48:14.853730+08:00
712,2024-07-30,748509.0,1353560.0,0.0,2102069.0,9655.0,76.0,-304.0,0.0,,2026-07-24T11:48:14.853730+08:00
712,2024-07-31,116010.0,87000.0,0.0,203010.0,9804.0,71.0,149.0,-5.0,,2026-07-24T11:48:14.853730+08:00
712,2024-08-01,1262210.0,-12034000.0,0.0,-10771790.0,10064.0,72.0,260.0,1.0,,2026-07-24T11:48:14.853730+08:00
712,2024-08-02,-1525179.0,1861000.0,0.0,335821.0,9169.0,54.0,-895.0,-18.0,,2026-07-24T11:48:14.853730+08:00
712,2024-08-05,668612.0,23165099.0,0.0,23833711.0,9519.0,32.0,350.0,-22.0,,2026-07-24T11:48:14.853730+08:00
712,2024-08-06,-4468690.0,9898180.0,0.0,5429490.0,9860.0,50.0,341.0,18.0,,2026-07-24T11:48:14.853730+08:00
712,2024-08-07,-2020785.0,-104000.0,0.0,-2124785.0,9975.0,31.0,115.0,-19.0,,2026-07-24T11:48:14.853730+08:00
712,2024-08-08,-81935.0,-2074000.0,0.0,-2155935.0,9899.0,25.0,-76.0,-6.0,,2026-07-24T11:48:14.853730+08:00
712,2024-08-09,1640209.0,-6497000.0,0.0,-4856791.0,9496.0,11.0,-403.0,-14.0,,2026-07-24T11:48:14.853730+08:00
712,2024-08-12,-531492.0,647000.0,0.0,115508.0,9431.0,11.0,-65.0,0.0,,2026-07-24T11:48:14.853730+08:00
712,2024-08-13,-1079032.0,-15524820.0,0.0,-16603852.0,9620.0,11.0,189.0,0.0,,2026-07-24T11:48:14.853730+08:00
712,2024-08-14,-2369237.0,-4852000.0,0.0,-7221237.0,9709.0,11.0,89.0,0.0,,2026-07-24T11:48:14.853730+08:00
712,2024-08-15,-1926980.0,345000.0,0.0,-1581980.0,9677.0,10.0,-32.0,-1.0,,2026-07-24T11:48:14.853730+08:00
712,2024-08-16,-902650.0,2558000.0,0.0,1655350.0,9255.0,9.0,-422.0,-1.0,,2026-07-24T11:48:14.853730+08:00
712,2024-08-19,421823.0,-6404000.0,0.0,-5982177.0,9230.0,8.0,-25.0,-1.0,,2026-07-24T11:48:14.853730+08:00
712,2024-08-20,-80110.0,-2135000.0,0.0,-2215110.0,9400.0,8.0,170.0,0.0,,2026-07-24T11:48:14.853730+08:00
712,2024-08-21,-1476824.0,-707000.0,0.0,-2183824.0,9247.0,8.0,-153.0,0.0,,2026-07-24T11:48:14.853730+08:00
712,2024-08-22,-186794.0,-434860.0,0.0,-621654.0,9217.0,24.0,-30.0,16.0,,2026-07-24T11:48:14.853730+08:00
712,2024-08-23,-1911033.0,541000.0,0.0,-1370033.0,9211.0,18.0,-6.0,-6.0,,2026-07-24T11:48:14.853730+08:00
712,2024-08-26,-3995456.0,-127900.0,0.0,-4123356.0,9240.0,18.0,29.0,0.0,,2026-07-24T11:48:14.853730+08:00
712,2024-08-27,-68949.0,4155200.0,0.0,4086251.0,9126.0,20.0,-114.0,2.0,,2026-07-24T11:48:14.853730+08:00
712,2024-08-28,-442793.0,-1075000.0,0.0,-1517793.0,9103.0,15.0,-23.0,-5.0,,2026-07-24T11:48:14.853730+08:00
712,2024-08-29,-2446801.0,4065100.0,0.0,1618299.0,8476.0,6.0,-627.0,-9.0,,2026-07-24T11:48:14.853730+08:00
712,2024-08-30,303649.0,3460000.0,0.0,3763649.0,8725.0,6.0,249.0,0.0,,2026-07-24T11:48:14.853730+08:00
712,2024-09-02,2642171.0,2195100.0,0.0,4837271.0,8844.0,26.0,119.0,20.0,,2026-07-24T11:48:14.853730+08:00
712,2024-09-03,-918916.0,2392000.0,0.0,1473084.0,8820.0,26.0,-24.0,0.0,,2026-07-24T11:48:14.853730+08:00
712,2024-09-04,1446374.0,679100.0,0.0,2125474.0,8913.0,4.0,93.0,-22.0,,2026-07-24T11:48:14.853730+08:00
712,2024-09-05,-1092840.0,-10527801.0,0.0,-11620641.0,9021.0,4.0,108.0,0.0,,2026-07-24T11:48:14.853730+08:00
712,2024-09-06,-2080761.0,-5487000.0,0.0,-7567761.0,9513.0,4.0,492.0,0.0,,2026-07-24T11:48:14.853730+08:00
712,2024-09-09,-2133780.0,320200.0,0.0,-1813580.0,9568.0,3.0,55.0,-1.0,,2026-07-24T11:48:14.853730+08:00
712,2024-09-10,547193.0,-3476000.0,0.0,-2928807.0,9803.0,3.0,235.0,0.0,,2026-07-24T11:48:14.853730+08:00
712,2024-09-11,-754947.0,-7761000.0,0.0,-8515947.0,10722.0,2.0,919.0,-1.0,,2026-07-24T11:48:14.853730+08:00
712,2024-09-12,-2617410.0,-5559000.0,0.0,-8176410.0,11125.0,0.0,403.0,-2.0,,2026-07-24T11:48:14.853730+08:00
712,2024-09-13,-2368345.0,1073210.0,0.0,-1295135.0,11536.0,0.0,411.0,0.0,,2026-07-24T11:48:14.853730+08:00
712,2024-09-16,-2371791.0,5489000.0,0.0,3117209.0,11562.0,0.0,26.0,0.0,,2026-07-24T11:48:14.853730+08:00
712,2024-09-18,2395206.0,7016500.0,0.0,9411706.0,12623.0,0.0,1061.0,0.0,,2026-07-24T11:48:14.853730+08:00
712,2024-09-19,141701.0,5407000.0,0.0,5548701.0,12373.0,2.0,-250.0,2.0,,2026-07-24T11:48:14.853730+08:00
712,2024-09-20,6164206.0,7711050.0,0.0,13875256.0,11779.0,42.0,-594.0,40.0,,2026-07-24T11:48:14.853730+08:00
712,2024-09-23,-1071782.0,8370000.0,0.0,7298218.0,11671.0,4.0,-108.0,-38.0,,2026-07-24T11:48:14.853730+08:00
712,2024-09-24,1536213.0,-8175750.0,0.0,-6639537.0,11837.0,4.0,166.0,0.0,,2026-07-24T11:48:14.853730+08:00
712,2024-09-25,1692084.0,-6740800.0,0.0,-5048716.0,11953.0,2.0,116.0,-2.0,,2026-07-24T11:48:14.853730+08:00
712,2024-09-26,-3619905.0,-18859700.0,0.0,-22479605.0,12534.0,3.0,581.0,1.0,,2026-07-24T11:48:14.853730+08:00
712,2024-09-27,-2705582.0,-14812800.0,0.0,-17518382.0,12682.0,3.0,148.0,0.0,,2026-07-24T11:48:14.853730+08:00
712,2024-09-30,-1240341.0,-62300.0,0.0,-1302641.0,12658.0,3.0,-24.0,0.0,,2026-07-24T11:48:14.853730+08:00
712,2024-10-01,262177.0,953000.0,0.0,1215177.0,12610.0,3.0,-48.0,0.0,,2026-07-24T11:48:14.853730+08:00
712,2024-10-04,-8864791.0,-701800.0,0.0,-9566591.0,12894.0,4638.0,284.0,4635.0,,2026-07-24T11:48:14.853730+08:00
712,2024-10-07,-4908801.0,-3330749.0,0.0,-8239550.0,12917.0,4628.0,23.0,-10.0,,2026-07-24T11:48:14.853730+08:00
712,2024-10-08,-18053019.0,189000.0,0.0,-17864019.0,13126.0,163.0,209.0,-4465.0,,2026-07-24T11:48:14.853730+08:00
712,2024-10-09,-2046204.0,-7587800.0,0.0,-9634004.0,13215.0,163.0,89.0,0.0,,2026-07-24T11:48:14.853730+08:00
712,2024-10-11,-4235862.0,174100.0,0.0,-4061762.0,13683.0,164.0,468.0,1.0,,2026-07-24T11:48:14.853730+08:00
712,2024-10-14,-3358698.0,-6574000.0,0.0,-9932698.0,13760.0,164.0,77.0,0.0,,2026-07-24T11:48:14.853730+08:00
712,2024-10-15,-4803517.0,157900.0,0.0,-4645617.0,13827.0,49.0,67.0,-115.0,,2026-07-24T11:48:14.853730+08:00
712,2024-10-16,-3553202.0,174000.0,0.0,-3379202.0,13879.0,7.0,52.0,-42.0,,2026-07-24T11:48:14.853730+08:00
712,2024-10-17,-709791.0,4991000.0,0.0,4281209.0,13586.0,7.0,-293.0,0.0,,2026-07-24T11:48:14.853730+08:00
712,2024-10-18,-868243.0,257000.0,0.0,-611243.0,13300.0,8.0,-286.0,1.0,,2026-07-24T11:48:14.853730+08:00
712,2024-10-21,-2807542.0,2325000.0,0.0,-482542.0,13497.0,8.0,197.0,0.0,,2026-07-24T11:48:14.853730+08:00
712,2024-10-22,-9542893.0,-14276800.0,0.0,-23819693.0,13856.0,11.0,359.0,3.0,,2026-07-24T11:48:14.853730+08:00
712,2024-10-23,-19442923.0,-5560580.0,0.0,-25003503.0,14490.0,6011.0,634.0,6000.0,,2026-07-24T11:48:14.853730+08:00
712,2024-10-24,-13462313.0,-160000.0,0.0,-13622313.0,15308.0,6037.0,818.0,26.0,,2026-07-24T11:48:14.853730+08:00
712,2024-10-25,-4244556.0,-2443000.0,0.0,-6687556.0,15718.0,11.0,410.0,-6026.0,,2026-07-24T11:48:14.853730+08:00
712,2024-10-28,-12881791.0,-6034000.0,0.0,-18915791.0,15976.0,1012.0,258.0,1001.0,,2026-07-24T11:48:14.853730+08:00
712,2024-10-29,-17684533.0,-4957830.0,0.0,-22642363.0,16130.0,1012.0,154.0,0.0,,2026-07-24T11:48:14.853730+08:00
712,2024-10-30,-13269791.0,-14083500.0,0.0,-27353291.0,16265.0,6.0,135.0,-1006.0,,2026-07-24T11:48:14.853730+08:00
712,2024-11-01,-19761057.0,-5913000.0,0.0,-25674057.0,16688.0,1506.0,423.0,1500.0,,2026-07-24T11:48:14.853730+08:00
712,2024-11-04,-29639693.0,-19222950.0,0.0,-48862643.0,17467.0,3057.0,779.0,1551.0,,2026-07-24T11:48:14.853730+08:00
712,2024-11-05,-13000398.0,-1001895.0,0.0,-14002293.0,18381.0,3057.0,914.0,0.0,,2026-07-24T11:48:14.853730+08:00
712,2024-11-06,-15557853.0,16087000.0,0.0,529147.0,18261.0,5512.0,-120.0,2455.0,,2026-07-24T11:48:14.853730+08:00
712,2024-11-07,-9133642.0,3470100.0,0.0,-5663542.0,18150.0,5508.0,-111.0,-4.0,,2026-07-24T11:48:14.853730+08:00
712,2024-11-08,-4234171.0,-1467000.0,0.0,-5701171.0,17527.0,9.0,-623.0,-5499.0,,2026-07-24T11:48:14.853730+08:00
712,2024-11-11,-4137916.0,16510000.0,0.0,12372084.0,16979.0,11.0,-548.0,2.0,,2026-07-24T11:48:14.853730+08:00
712,2024-11-12,2008720.0,8908200.0,0.0,10916920.0,16962.0,11.0,-17.0,0.0,,2026-07-24T11:48:14.853730+08:00
712,2024-11-13,-2075594.0,-2597000.0,0.0,-4672594.0,17024.0,11.0,62.0,0.0,,2026-07-24T11:48:14.853730+08:00
712,2024-11-14,270453.0,1214000.0,0.0,1484453.0,17049.0,10.0,25.0,-1.0,,2026-07-24T11:48:14.853730+08:00
712,2024-11-15,-1962642.0,-34000.0,0.0,-1996642.0,16923.0,10.0,-126.0,0.0,,2026-07-24T11:48:14.853730+08:00
712,2024-11-18,-51395.0,745000.0,0.0,693605.0,16782.0,13.0,-141.0,3.0,,2026-07-24T11:48:14.853730+08:00
712,2024-11-19,-1846468.0,967000.0,0.0,-879468.0,16827.0,12.0,45.0,-1.0,,2026-07-24T11:48:14.853730+08:00
712,2024-11-20,-139664.0,2619880.0,0.0,2480216.0,16646.0,12.0,-181.0,0.0,,2026-07-24T11:48:14.853730+08:00
712,2024-11-21,-345722.0,-1018000.0,0.0,-1363722.0,16661.0,12.0,15.0,0.0,,2026-07-24T11:48:14.853730+08:00
712,2024-11-22,-799791.0,4849000.0,0.0,4049209.0,16501.0,12.0,-160.0,0.0,,2026-07-24T11:48:14.853730+08:00
712,2024-11-25,-4405307.0,14945000.0,0.0,10539693.0,16347.0,22.0,-154.0,10.0,,2026-07-24T11:48:14.853730+08:00
712,2024-11-26,1896210.0,648000.0,0.0,2544210.0,16400.0,22.0,53.0,0.0,,2026-07-24T11:48:14.853730+08:00
712,2024-11-27,1324209.0,5266100.0,0.0,6590309.0,16413.0,19.0,13.0,-3.0,,2026-07-24T11:48:14.853730+08:00
712,2024-11-28,-1640510.0,14835000.0,0.0,13194490.0,16561.0,15.0,148.0,-4.0,,2026-07-24T11:48:14.853730+08:00
712,2024-11-29,-2066921.0,13096500.0,0.0,11029579.0,16470.0,15.0,-91.0,0.0,,2026-07-24T11:48:14.853730+08:00
712,2024-12-02,2362836.0,0.0,0.0,2362836.0,16174.0,15.0,-296.0,0.0,,2026-07-24T11:48:14.853730+08:00
712,2024-12-03,2803239.0,-664000.0,0.0,2139239.0,16203.0,15.0,29.0,0.0,,2026-07-24T11:48:14.853730+08:00
712,2024-12-04,227207.0,-19130000.0,0.0,-18902793.0,16507.0,14.0,304.0,-1.0,,2026-07-24T11:48:14.853730+08:00
712,2024-12-05,-182087.0,-11054000.0,0.0,-11236087.0,16590.0,22.0,83.0,8.0,,2026-07-24T11:48:14.853730+08:00
712,2024-12-06,-1700791.0,-15963000.0,0.0,-17663791.0,16723.0,10.0,133.0,-12.0,,2026-07-24T11:48:14.853730+08:00
712,2024-12-09,-2906809.0,3919000.0,0.0,1012191.0,16709.0,0.0,-14.0,-10.0,,2026-07-24T11:48:14.853730+08:00
712,2024-12-10,-3485775.0,3521300.0,0.0,35525.0,16758.0,0.0,49.0,0.0,,2026-07-24T11:48:14.853730+08:00
712,2024-12-11,-3509739.0,9323000.0,0.0,5813261.0,16783.0,0.0,25.0,0.0,,2026-07-24T11:48:14.853730+08:00
712,2024-12-12,-815087.0,-4583000.0,0.0,-5398087.0,16626.0,0.0,-157.0,0.0,,2026-07-24T11:48:14.853730+08:00
712,2024-12-13,-1859716.0,-116000.0,0.0,-1975716.0,16730.0,0.0,104.0,0.0,,2026-07-24T11:48:14.853730+08:00
712,2024-12-16,-947791.0,5009000.0,0.0,4061209.0,17378.0,0.0,648.0,0.0,,2026-07-24T11:48:14.853730+08:00
712,2024-12-17,-21144.0,623000.0,0.0,601856.0,17535.0,0.0,157.0,0.0,,2026-07-24T11:48:14.853730+08:00
712,2024-12-18,-10293604.0,-14043000.0,0.0,-24336604.0,17698.0,0.0,163.0,0.0,,2026-07-24T11:48:14.853730+08:00
712,2024-12-19,-34929080.0,-6230000.0,0.0,-41159080.0,18043.0,9390.0,345.0,9390.0,,2026-07-24T11:48:14.853730+08:00
712,2024-12-20,-29480790.0,-9820300.0,0.0,-39301090.0,19023.0,9342.0,980.0,-48.0,,2026-07-24T11:48:14.853730+08:00
712,2024-12-23,-22663222.0,13557000.0,0.0,-9106222.0,18934.0,6007.0,-89.0,-3335.0,,2026-07-24T11:48:14.853730+08:00
712,2024-12-24,-10596790.0,-3784000.0,0.0,-14380790.0,18698.0,7.0,-236.0,-6000.0,,2026-07-24T11:48:14.853730+08:00
712,2024-12-25,961209.0,-8309000.0,0.0,-7347791.0,18667.0,20.0,-31.0,13.0,,2026-07-24T11:48:14.853730+08:00
712,2024-12-26,-5183791.0,468000.0,0.0,-4715791.0,18590.0,20.0,-77.0,0.0,,2026-07-24T11:48:14.853730+08:00
712,2024-12-27,-3484790.0,-521000.0,0.0,-4005790.0,18619.0,20.0,29.0,0.0,,2026-07-24T11:48:14.853730+08:00
712,2024-12-30,-8018790.0,-2447680.0,0.0,-10466470.0,18580.0,12.0,-39.0,-8.0,,2026-07-24T11:48:14.853730+08:00
712,2024-12-31,-10442790.0,-3172000.0,0.0,-13614790.0,18813.0,3520.0,233.0,3508.0,,2026-07-24T11:48:14.853730+08:00
712,2025-01-02,-5914.0,197000.0,0.0,191086.0,18764.0,3520.0,-49.0,0.0,,2026-07-24T11:48:14.853730+08:00
712,2025-01-03,-1808791.0,-135000.0,0.0,-1943791.0,18812.0,20.0,48.0,-3500.0,,2026-07-24T11:48:14.853730+08:00
712,2025-01-06,3181187.0,11113000.0,0.0,14294187.0,18450.0,19.0,-362.0,-1.0,,2026-07-24T11:48:14.853730+08:00
712,2025-01-07,-2170097.0,-2263000.0,0.0,-4433097.0,18550.0,19.0,100.0,0.0,,2026-07-24T11:48:14.853730+08:00
712,2025-01-08,-1208982.0,-25000.0,0.0,-1233982.0,18599.0,19.0,49.0,0.0,,2026-07-24T11:48:14.853730+08:00
712,2025-01-09,-2970990.0,-6585800.0,0.0,-9556790.0,18632.0,19.0,33.0,0.0,,2026-07-24T11:48:14.853730+08:00
712,2025-01-10,-1047500.0,-948900.0,0.0,-1996400.0,18743.0,19.0,111.0,0.0,,2026-07-24T11:48:14.853730+08:00
712,2025-01-13,-11823990.0,-10896000.0,0.0,-22719990.0,19053.0,6.0,310.0,-13.0,,2026-07-24T11:48:14.853730+08:00
712,2025-01-14,-10581059.0,174100.0,0.0,-10406959.0,19101.0,1.0,48.0,-5.0,,2026-07-24T11:48:14.853730+08:00
712,2025-01-15,3034010.0,-1162000.0,0.0,1872010.0,19031.0,41.0,-70.0,40.0,,2026-07-24T11:48:14.853730+08:00
712,2025-01-16,-1010000.0,6398000.0,0.0,5388000.0,18777.0,45.0,-254.0,4.0,,2026-07-24T11:48:14.853730+08:00
712,2025-01-17,-1949863.0,14810000.0,0.0,12860137.0,18762.0,8.0,-15.0,-37.0,,2026-07-24T11:48:14.853730+08:00
712,2025-01-20,-436425.0,7530000.0,0.0,7093575.0,18513.0,8.0,-249.0,0.0,,2026-07-24T11:48:14.853730+08:00
712,2025-01-21,-1474994.0,4854440.0,0.0,3379446.0,18553.0,10.0,40.0,2.0,,2026-07-24T11:48:14.853730+08:00
712,2025-01-22,2030010.0,2899000.0,0.0,4929010.0,18321.0,16.0,-232.0,6.0,,2026-07-24T11:48:14.853730+08:00
712,2025-02-03,9743793.0,16942000.0,0.0,26685793.0,18028.0,24.0,-293.0,8.0,,2026-07-24T11:48:14.853730+08:00
712,2025-02-04,1486199.0,10789000.0,0.0,12275199.0,17840.0,24.0,-188.0,0.0,,2026-07-24T11:48:14.853730+08:00
712,2025-02-05,5936455.0,30480050.0,0.0,36416505.0,17680.0,203.0,-160.0,179.0,,2026-07-24T11:48:14.853730+08:00
712,2025-02-06,8378209.0,21435000.0,0.0,29813209.0,16501.0,217.0,-1179.0,14.0,,2026-07-24T11:48:14.853730+08:00
712,2025-02-07,15247001.0,40479000.0,0.0,55726001.0,16258.0,360.0,-243.0,143.0,,2026-07-24T11:48:14.853730+08:00
712,2025-02-10,3702593.0,19299000.0,0.0,23001593.0,16054.0,380.0,-204.0,20.0,,2026-07-24T11:48:14.853730+08:00
712,2025-02-11,7318000.0,4222000.0,0.0,11540000.0,15835.0,441.0,-219.0,61.0,,2026-07-24T11:48:14.853730+08:00
712,2025-02-12,13782315.0,10680050.0,0.0,24462365.0,15627.0,562.0,-208.0,121.0,,2026-07-24T11:48:14.853730+08:00
712,2025-02-13,1072049.0,10496500.0,0.0,11568549.0,15620.0,691.0,-7.0,129.0,,2026-07-24T11:48:14.853730+08:00
712,2025-02-14,8646047.0,30502000.0,0.0,39148047.0,15649.0,585.0,29.0,-106.0,,2026-07-24T11:48:14.853730+08:00
712,2025-02-17,10245921.0,8406000.0,0.0,18651921.0,15784.0,545.0,135.0,-40.0,,2026-07-24T11:48:14.853730+08:00
712,2025-02-18,11853191.0,7018580.0,0.0,18871771.0,15580.0,548.0,-204.0,3.0,,2026-07-24T11:48:14.853730+08:00
712,2025-02-19,6809633.0,14940000.0,0.0,21749633.0,15515.0,536.0,-65.0,-12.0,,2026-07-24T11:48:14.853730+08:00
712,2025-02-20,12836380.0,2166000.0,0.0,15002380.0,15280.0,539.0,-235.0,3.0,,2026-07-24T11:48:14.853730+08:00
712,2025-02-21,10774560.0,12658000.0,0.0,23432560.0,15105.0,528.0,-175.0,-11.0,,2026-07-24T11:48:14.853730+08:00
712,2025-02-24,668863.0,22462000.0,0.0,23130863.0,15065.0,542.0,-40.0,14.0,,2026-07-24T11:48:14.853730+08:00
712,2025-02-25,1520714.0,9735000.0,0.0,11255714.0,15059.0,532.0,-6.0,-10.0,,2026-07-24T11:48:14.853730+08:00
712,2025-02-26,4013327.0,6751000.0,0.0,10764327.0,14913.0,533.0,-146.0,1.0,,2026-07-24T11:48:14.853730+08:00
712,2025-02-27,4411082.0,17770000.0,0.0,22181082.0,14712.0,541.0,-201.0,8.0,,2026-07-24T11:48:14.853730+08:00
712,2025-03-03,8968202.0,16628000.0,0.0,25596202.0,14982.0,300.0,270.0,-241.0,,2026-07-24T11:48:14.853730+08:00
712,2025-03-04,4457210.0,6238000.0,0.0,10695210.0,12664.0,282.0,-2318.0,-18.0,,2026-07-24T11:48:14.853730+08:00
712,2025-03-05,-4462651.0,2610000.0,0.0,-1852651.0,12670.0,248.0,6.0,-34.0,,2026-07-24T11:48:14.853730+08:00
712,2025-03-06,864692.0,-1466000.0,0.0,-601308.0,12830.0,239.0,160.0,-9.0,,2026-07-24T11:48:14.853730+08:00
712,2025-03-07,3851845.0,-965000.0,0.0,2886845.0,13053.0,221.0,223.0,-18.0,,2026-07-24T11:48:14.853730+08:00
712,2025-03-10,8728822.0,2958000.0,0.0,11686822.0,12805.0,196.0,-248.0,-25.0,,2026-07-24T11:48:14.853730+08:00
712,2025-03-11,703714.0,12081000.0,0.0,12784714.0,13261.0,191.0,456.0,-5.0,,2026-07-24T11:48:14.853730+08:00
712,2025-03-12,-1955023.0,-16652000.0,0.0,-18607023.0,13588.0,14.0,327.0,-177.0,,2026-07-24T11:48:14.853730+08:00
712,2025-03-13,620534.0,-971000.0,0.0,-350466.0,13816.0,0.0,228.0,-14.0,,2026-07-24T11:48:14.853730+08:00
712,2025-03-14,-1867996.0,-214000.0,0.0,-2081996.0,13844.0,0.0,28.0,0.0,,2026-07-24T11:48:14.853730+08:00
712,2025-03-17,8061683.0,-127000.0,0.0,7934683.0,13277.0,0.0,-567.0,0.0,,2026-07-24T11:48:14.853730+08:00
712,2025-03-18,8639958.0,2713000.0,0.0,11352958.0,12864.0,0.0,-413.0,0.0,,2026-07-24T11:48:14.853730+08:00
712,2025-03-19,1172086.0,13302000.0,0.0,14474086.0,12779.0,0.0,-85.0,0.0,,2026-07-24T11:48:14.853730+08:00
712,2025-03-20,-1814065.0,5205000.0,0.0,3390935.0,12929.0,2.0,150.0,2.0,,2026-07-24T11:48:14.853730+08:00
712,2025-03-21,1726010.0,-54000.0,0.0,1672010.0,12950.0,2.0,21.0,0.0,,2026-07-24T11:48:14.853730+08:00
712,2025-03-24,625063.0,-1745000.0,0.0,-1119937.0,12875.0,2.0,-75.0,0.0,,2026-07-24T11:48:14.853730+08:00
712,2025-03-25,382329.0,-2057000.0,0.0,-1674671.0,12863.0,5.0,-12.0,3.0,,2026-07-24T11:48:14.853730+08:00
712,2025-03-26,-682049.0,-3411800.0,0.0,-4093849.0,13106.0,10.0,243.0,5.0,,2026-07-24T11:48:14.853730+08:00
712,2025-03-27,827010.0,-2677900.0,0.0,-1850890.0,12779.0,24.0,-327.0,14.0,,2026-07-24T11:48:14.853730+08:00
712,2025-03-28,75847.0,3440000.0,0.0,3515847.0,12559.0,24.0,-220.0,0.0,,2026-07-24T11:48:14.853730+08:00
712,2025-03-31,8117030.0,-3436000.0,0.0,4681030.0,11122.0,42.0,-1437.0,18.0,,2026-07-24T11:48:14.853730+08:00
712,2025-04-01,-7974041.0,13930830.0,0.0,5956789.0,10482.0,53.0,-640.0,11.0,,2026-07-24T11:48:14.853730+08:00
712,2025-04-02,-1737590.0,-4913000.0,3000000.0,-3650590.0,10491.0,45.0,9.0,-8.0,,2026-07-24T11:48:14.853730+08:00
712,2025-04-07,1138010.0,5014300.0,1667000.0,7819310.0,11220.0,178.0,729.0,133.0,,2026-07-24T11:48:14.853730+08:00
712,2025-04-08,-20703302.0,-19115465.0,0.0,-39818767.0,11757.0,63.0,537.0,-115.0,,2026-07-24T11:48:14.853730+08:00
712,2025-04-09,-18600638.0,-10401538.0,0.0,-29002176.0,12108.0,65.0,351.0,2.0,,2026-07-24T11:48:14.853730+08:00
712,2025-04-10,-43588307.0,-9394131.0,0.0,-52982438.0,12450.0,22.0,342.0,-43.0,,2026-07-24T11:48:14.853730+08:00
712,2025-04-11,-68747575.0,-25010350.0,0.0,-93757925.0,14176.0,177.0,1726.0,155.0,,2026-07-24T11:48:14.853730+08:00
712,2025-04-14,-41620065.0,-24959600.0,0.0,-66579665.0,15398.0,185.0,1222.0,8.0,,2026-07-24T11:48:14.853730+08:00
712,2025-04-15,-33764248.0,18000.0,0.0,-33746248.0,15812.0,29.0,414.0,-156.0,,2026-07-24T11:48:14.853730+08:00
712,2025-04-16,-19741349.0,6574000.0,0.0,-13167349.0,15653.0,29.0,-159.0,0.0,,2026-07-24T11:48:14.853730+08:00
712,2025-04-17,-27595990.0,4619000.0,0.0,-22976990.0,15923.0,28.0,270.0,-1.0,,2026-07-24T11:48:14.853730+08:00
712,2025-04-18,-16606990.0,3637100.0,0.0,-12969890.0,15771.0,18.0,-152.0,-10.0,,2026-07-24T11:48:14.853730+08:00
712,2025-04-21,-8668393.0,-5831000.0,0.0,-14499393.0,15765.0,18.0,-6.0,0.0,,2026-07-24T11:48:14.853730+08:00
712,2025-04-22,-22054791.0,11959000.0,0.0,-10095791.0,15648.0,18.0,-117.0,0.0,,2026-07-24T11:48:14.853730+08:00
712,2025-04-23,-26211869.0,40964000.0,0.0,14752131.0,15098.0,18.0,-550.0,0.0,,2026-07-24T11:48:14.853730+08:00
712,2025-04-24,1534010.0,-4015000.0,0.0,-2480990.0,14686.0,18.0,-412.0,0.0,,2026-07-24T11:48:14.853730+08:00
712,2025-04-25,-1517884.0,-2336000.0,0.0,-3853884.0,14422.0,17.0,-264.0,-1.0,,2026-07-24T11:48:14.853730+08:00
712,2025-04-28,7126209.0,-8078000.0,0.0,-951791.0,14302.0,17.0,-120.0,0.0,,2026-07-24T11:48:14.853730+08:00
712,2025-04-29,-560794.0,2933000.0,0.0,2372206.0,14830.0,23.0,528.0,6.0,,2026-07-24T11:48:14.853730+08:00
712,2025-04-30,5015048.0,2528000.0,0.0,7543048.0,14460.0,19.0,-370.0,-4.0,,2026-07-24T11:48:14.853730+08:00
712,2025-05-02,-25757200.0,27462000.0,0.0,1704800.0,14453.0,17.0,-7.0,-2.0,,2026-07-24T11:48:14.853730+08:00
712,2025-05-05,-11085625.0,-73031140.0,0.0,-84116765.0,16466.0,111.0,2013.0,94.0,,2026-07-24T11:48:14.853730+08:00
712,2025-05-06,-3774563.0,-20942000.0,0.0,-24716563.0,16298.0,245.0,-168.0,134.0,,2026-07-24T11:48:14.853730+08:00
712,2025-05-07,-15094791.0,-5341000.0,0.0,-20435791.0,16542.0,216.0,244.0,-29.0,,2026-07-24T11:48:14.853730+08:00
712,2025-05-08,-9778990.0,326000.0,0.0,-9452990.0,16650.0,30.0,108.0,-186.0,,2026-07-24T11:48:14.853730+08:00
712,2025-05-09,-887708.0,-5744730.0,0.0,-6632438.0,16878.0,30.0,228.0,0.0,,2026-07-24T11:48:14.853730+08:00
712,2025-05-12,-16417789.0,9456000.0,0.0,-6961789.0,17002.0,10.0,124.0,-20.0,,2026-07-24T11:48:14.853730+08:00
712,2025-05-13,-6178801.0,-1926000.0,0.0,-8104801.0,17091.0,8.0,89.0,-2.0,,2026-07-24T11:48:14.853730+08:00
712,2025-05-14,-5032790.0,-1189700.0,0.0,-6222490.0,16925.0,10.0,-166.0,2.0,,2026-07-24T11:48:14.853730+08:00
712,2025-05-15,-10407148.0,436213.0,0.0,-9970935.0,17389.0,10.0,464.0,0.0,,2026-07-24T11:48:14.853730+08:00
712,2025-05-16,-7123297.0,8422000.0,0.0,1298703.0,17245.0,12.0,-144.0,2.0,,2026-07-24T11:48:14.853730+08:00
712,2025-05-19,-366990.0,-174000.0,0.0,-540990.0,16950.0,12.0,-295.0,0.0,,2026-07-24T11:48:14.853730+08:00
712,2025-05-20,-1390208.0,-254300.0,0.0,-1644508.0,16646.0,12.0,-304.0,0.0,,2026-07-24T11:48:14.853730+08:00
712,2025-05-21,-1806790.0,-8979300.0,0.0,-10786090.0,16799.0,10.0,153.0,-2.0,,2026-07-24T11:48:14.853730+08:00
712,2025-05-22,-46444394.0,-25078750.0,0.0,-71523144.0,17494.0,3860.0,695.0,3850.0,,2026-07-24T11:48:14.853730+08:00
712,2025-05-23,-39579790.0,-19563650.0,0.0,-59143440.0,18378.0,3939.0,884.0,79.0,,2026-07-24T11:48:14.853730+08:00
712,2025-05-26,-17902791.0,8105150.0,0.0,-9797641.0,18576.0,1439.0,198.0,-2500.0,,2026-07-24T11:48:14.853730+08:00
712,2025-05-27,-35663791.0,25577000.0,0.0,-10086791.0,18589.0,989.0,13.0,-450.0,,2026-07-24T11:48:14.853730+08:00
712,2025-05-28,-1867268.0,-1781000.0,0.0,-3648268.0,19014.0,709.0,425.0,-280.0,,2026-07-24T11:48:14.853730+08:00
712,2025-05-29,-20136791.0,27371000.0,0.0,7234209.0,18843.0,680.0,-171.0,-29.0,,2026-07-24T11:48:14.853730+08:00
712,2025-06-02,-1430783.0,-13534950.0,0.0,-14965733.0,18951.0,680.0,108.0,0.0,,2026-07-24T11:48:14.853730+08:00
712,2025-06-03,-25060919.0,-40284880.0,0.0,-65345799.0,19660.0,680.0,709.0,0.0,,2026-07-24T11:48:14.853730+08:00
712,2025-06-04,-8020791.0,1390000.0,0.0,-6630791.0,19900.0,681.0,240.0,1.0,,2026-07-24T11:48:14.853730+08:00
712,2025-06-05,-12634791.0,-8728000.0,0.0,-21362791.0,20361.0,6.0,461.0,-675.0,,2026-07-24T11:48:14.853730+08:00
712,2025-06-06,-23823899.0,13421050.0,0.0,-10402849.0,21016.0,6.0,655.0,0.0,,2026-07-24T11:48:14.853730+08:00
712,2025-06-09,-7648798.0,1005100.0,0.0,-6643698.0,20989.0,6.0,-27.0,0.0,,2026-07-24T11:48:14.853730+08:00
712,2025-06-10,-12199991.0,3896000.0,0.0,-8303991.0,20968.0,5.0,-21.0,-1.0,,2026-07-24T11:48:14.853730+08:00
712,2025-06-11,-4706791.0,976000.0,0.0,-3730791.0,19627.0,0.0,-1341.0,-5.0,,2026-07-24T11:48:14.853730+08:00
712,2025-06-12,-6222325.0,-10860000.0,0.0,-17082325.0,19795.0,0.0,168.0,0.0,,2026-07-24T11:48:14.853730+08:00
712,2025-06-13,654268.0,-43342000.0,0.0,-42687732.0,20481.0,0.0,686.0,0.0,,2026-07-24T11:48:14.853730+08:00
712,2025-06-16,-9995967.0,-4015700.0,0.0,-14011667.0,20543.0,0.0,62.0,0.0,,2026-07-24T11:48:14.853730+08:00
712,2025-06-17,-15381837.0,-31662000.0,0.0,-47043837.0,20244.0,0.0,-299.0,0.0,,2026-07-24T11:48:14.853730+08:00
712,2025-06-18,-44650665.0,-11917500.0,0.0,-56568165.0,21081.0,11186.0,837.0,11186.0,,2026-07-24T11:48:14.853730+08:00
712,2025-06-19,-14448663.0,8505000.0,0.0,-5943663.0,20883.0,10204.0,-198.0,-982.0,,2026-07-24T11:48:14.853730+08:00
712,2025-06-20,-3856271.0,-11643800.0,0.0,-15500071.0,20684.0,2005.0,-199.0,-8199.0,,2026-07-24T11:48:14.853730+08:00
712,2025-06-23,-777791.0,424100.0,0.0,-353691.0,20660.0,1842.0,-24.0,-163.0,,2026-07-24T11:48:14.853730+08:00
712,2025-06-24,-4361791.0,429300.0,0.0,-3932491.0,21038.0,1845.0,378.0,3.0,,2026-07-24T11:48:14.853730+08:00
712,2025-06-25,-2980113.0,-613000.0,0.0,-3593113.0,21368.0,1846.0,330.0,1.0,,2026-07-24T11:48:14.853730+08:00
712,2025-06-26,-28497784.0,-16580000.0,0.0,-45077784.0,22405.0,1842.0,1037.0,-4.0,,2026-07-24T11:48:14.853730+08:00
712,2025-06-27,-8569791.0,3757123.0,0.0,-4812668.0,22687.0,1842.0,282.0,0.0,,2026-07-24T11:48:14.853730+08:00
712,2025-06-30,-4447581.0,8822200.0,0.0,4374619.0,22346.0,1842.0,-341.0,0.0,,2026-07-24T11:48:14.853730+08:00
712,2025-07-01,-3645552.0,103000.0,0.0,-3542552.0,22304.0,1842.0,-42.0,0.0,,2026-07-24T11:48:14.853730+08:00
712,2025-07-02,5654010.0,625000.0,-4667000.0,1612010.0,21940.0,1844.0,-364.0,2.0,,2026-07-24T11:48:14.853730+08:00
712,2025-07-03,-6699266.0,19760000.0,0.0,13060734.0,20691.0,1844.0,-1249.0,0.0,,2026-07-24T11:48:14.853730+08:00
712,2025-07-04,3409209.0,376000.0,0.0,3785209.0,20506.0,1844.0,-185.0,0.0,,2026-07-24T11:48:14.853730+08:00
712,2025-07-07,-661171.0,3966000.0,0.0,3304829.0,20313.0,1844.0,-193.0,0.0,,2026-07-24T11:48:14.853730+08:00
712,2025-07-08,351206.0,960000.0,0.0,1311206.0,20248.0,22.0,-65.0,-1822.0,,2026-07-24T11:48:14.853730+08:00
712,2025-07-09,2974208.0,1579000.0,0.0,4553208.0,20298.0,22.0,50.0,0.0,,2026-07-24T11:48:14.853730+08:00
712,2025-07-10,3181074.0,7065100.0,0.0,10246174.0,19861.0,22.0,-437.0,0.0,,2026-07-24T11:48:14.853730+08:00
712,2025-07-11,2871782.0,654000.0,0.0,3525782.0,19606.0,26.0,-255.0,4.0,,2026-07-24T11:48:14.853730+08:00
712,2025-07-14,1041209.0,-2399700.0,0.0,-1358491.0,19378.0,44.0,-228.0,18.0,,2026-07-24T11:48:14.853730+08:00
712,2025-07-15,1262209.0,547118.0,0.0,1809327.0,19020.0,44.0,-358.0,0.0,,2026-07-24T11:48:14.853730+08:00
712,2025-07-16,-1767133.0,-6506000.0,0.0,-8273133.0,18595.0,44.0,-425.0,0.0,,2026-07-24T11:48:14.853730+08:00
712,2025-07-17,2323199.0,261250.0,0.0,2584449.0,19071.0,44.0,476.0,0.0,,2026-07-24T11:48:14.853730+08:00
712,2025-07-18,-3877312.0,2149200.0,0.0,-1728112.0,18866.0,44.0,-205.0,0.0,,2026-07-24T11:48:14.853730+08:00
712,2025-07-21,-3846432.0,-677000.0,0.0,-4523432.0,18924.0,44.0,58.0,0.0,,2026-07-24T11:48:14.853730+08:00
712,2025-07-22,-2435791.0,-1957000.0,0.0,-4392791.0,18925.0,42.0,1.0,-2.0,,2026-07-24T11:48:14.853730+08:00
712,2025-07-23,-6496883.0,17207000.0,0.0,10710117.0,18617.0,2.0,-308.0,-40.0,,2026-07-24T11:48:14.853730+08:00
712,2025-07-24,2785821.0,-490000.0,0.0,2295821.0,18452.0,9.0,-165.0,7.0,,2026-07-24T11:48:14.853730+08:00
712,2025-07-25,-2436796.0,9935000.0,0.0,7498204.0,17302.0,14.0,-1150.0,5.0,,2026-07-24T11:48:14.853730+08:00
712,2025-07-28,2081261.0,1251000.0,0.0,3332261.0,17100.0,77.0,-202.0,63.0,,2026-07-24T11:48:14.853730+08:00
712,2025-07-29,1727344.0,3017000.0,0.0,4744344.0,16594.0,26.0,-506.0,-51.0,,2026-07-24T11:48:14.853730+08:00
712,2025-07-30,1142929.0,2629000.0,0.0,3771929.0,16520.0,21.0,-74.0,-5.0,,2026-07-24T11:48:14.853730+08:00
712,2025-07-31,1287696.0,-7652000.0,0.0,-6364304.0,17154.0,7.0,634.0,-14.0,,2026-07-24T11:48:14.853730+08:00
712,2025-08-01,-671656.0,-9645800.0,0.0,-10317456.0,17137.0,7.0,-17.0,0.0,,2026-07-24T11:48:14.853730+08:00
712,2025-08-04,-5238740.0,-121000.0,0.0,-5359740.0,16926.0,17.0,-211.0,10.0,,2026-07-24T11:48:14.853730+08:00
712,2025-08-05,-814241.0,2010000.0,0.0,1195759.0,16690.0,40.0,-236.0,23.0,,2026-07-24T11:48:14.853730+08:00
712,2025-08-06,-2133994.0,2736000.0,0.0,602006.0,15702.0,61.0,-988.0,21.0,,2026-07-24T11:48:14.853730+08:00
712,2025-08-07,-11494196.0,-14571000.0,0.0,-26065196.0,15834.0,1577.0,132.0,1516.0,,2026-07-24T11:48:14.853730+08:00
712,2025-08-08,-6892791.0,4481000.0,0.0,-2411791.0,15828.0,1577.0,-6.0,0.0,,2026-07-24T11:48:14.853730+08:00
712,2025-08-11,-3206247.0,2171200.0,0.0,-1035047.0,15611.0,89.0,-217.0,-1488.0,,2026-07-24T11:48:14.853730+08:00
712,2025-08-12,-7255134.0,-3964886.0,0.0,-11220020.0,15733.0,107.0,122.0,18.0,,2026-07-24T11:48:14.853730+08:00
712,2025-08-13,1346066.0,5683000.0,0.0,7029066.0,16512.0,108.0,779.0,1.0,,2026-07-24T11:48:14.853730+08:00
712,2025-08-14,1586907.0,1720200.0,0.0,3307107.0,16316.0,110.0,-196.0,2.0,,2026-07-24T11:48:14.853730+08:00
712,2025-08-15,-7531136.0,11525112.0,0.0,3993976.0,16144.0,114.0,-172.0,4.0,,2026-07-24T11:48:14.853730+08:00
712,2025-08-18,-2953990.0,-1333888.0,0.0,-4287878.0,16440.0,117.0,296.0,3.0,,2026-07-24T11:48:14.853730+08:00
712,2025-08-19,509209.0,-3991980.0,0.0,-3482771.0,16446.0,113.0,6.0,-4.0,,2026-07-24T11:48:14.853730+08:00
712,2025-08-20,3046134.0,3053113.0,0.0,6099247.0,16348.0,118.0,-98.0,5.0,,2026-07-24T11:48:14.853730+08:00
712,2025-08-21,380209.0,601000.0,0.0,981209.0,16415.0,118.0,67.0,0.0,,2026-07-24T11:48:14.853730+08:00
712,2025-08-22,-5563444.0,-161000.0,0.0,-5724444.0,16533.0,126.0,118.0,8.0,,2026-07-24T11:48:14.853730+08:00
712,2025-08-25,6708.0,5953000.0,0.0,5959708.0,17135.0,133.0,602.0,7.0,,2026-07-24T11:48:14.853730+08:00
712,2025-08-26,-205766.0,-2108000.0,0.0,-2313766.0,17553.0,129.0,418.0,-4.0,,2026-07-24T11:48:14.853730+08:00
712,2025-08-27,-213942.0,0.0,0.0,-213942.0,17614.0,133.0,61.0,4.0,,2026-07-24T11:48:14.853730+08:00
712,2025-08-28,-3400348.0,2195109.0,0.0,-1205239.0,17585.0,133.0,-29.0,0.0,,2026-07-24T11:48:14.853730+08:00
712,2025-08-29,521010.0,-200000.0,0.0,321010.0,17440.0,129.0,-145.0,-4.0,,2026-07-24T11:48:14.853730+08:00
712,2025-09-01,2326793.0,7945000.0,0.0,10271793.0,17479.0,104.0,39.0,-25.0,,2026-07-24T11:48:14.853730+08:00
712,2025-09-02,-2031795.0,-1635892.0,0.0,-3667687.0,17828.0,109.0,349.0,5.0,,2026-07-24T11:48:14.853730+08:00
712,2025-09-03,4905509.0,-20042998.0,0.0,-15137489.0,18172.0,104.0,344.0,-5.0,,2026-07-24T11:48:14.853730+08:00
712,2025-09-04,-625625.0,9634000.0,0.0,9008375.0,18220.0,22.0,48.0,-82.0,,2026-07-24T11:48:14.853730+08:00
712,2025-09-05,-888295.0,-114000.0,0.0,-1002295.0,18326.0,21.0,106.0,-1.0,,2026-07-24T11:48:14.853730+08:00
712,2025-09-08,2343868.0,-2685895.0,0.0,-342027.0,18372.0,21.0,46.0,0.0,,2026-07-24T11:48:14.853730+08:00
712,2025-09-09,-2073237.0,-3791000.0,0.0,-5864237.0,17719.0,21.0,-653.0,0.0,,2026-07-24T11:48:14.853730+08:00
712,2025-09-10,1625464.0,-14261750.0,0.0,-12636286.0,18042.0,2.0,323.0,-19.0,,2026-07-24T11:48:14.853730+08:00
712,2025-09-11,-4222532.0,781000.0,0.0,-3441532.0,18504.0,0.0,462.0,-2.0,,2026-07-24T11:48:14.853730+08:00
712,2025-09-12,-9200909.0,-3973264.0,0.0,-13174173.0,18679.0,0.0,175.0,0.0,,2026-07-24T11:48:14.853730+08:00
712,2025-09-15,-11590116.0,-5145894.0,0.0,-16736010.0,18811.0,0.0,132.0,0.0,,2026-07-24T11:48:14.853730+08:00
712,2025-09-16,-34819256.0,-9984893.0,0.0,-44804149.0,20027.0,0.0,1216.0,0.0,,2026-07-24T11:48:14.853730+08:00
712,2025-09-17,-55444534.0,-9958000.0,0.0,-65402534.0,20672.0,8208.0,645.0,8208.0,,2026-07-24T11:48:14.853730+08:00
712,2025-09-18,-18475791.0,4929534.0,0.0,-13546257.0,20899.0,8208.0,227.0,0.0,,2026-07-24T11:48:14.853730+08:00
712,2025-09-19,-23246791.0,222300.0,0.0,-23024491.0,20889.0,8203.0,-10.0,-5.0,,2026-07-24T11:48:14.853730+08:00
712,2025-09-22,-20460074.0,5756111.0,0.0,-14703963.0,20964.0,507.0,75.0,-7696.0,,2026-07-24T11:48:14.853730+08:00
712,2025-09-23,-33524166.0,-13570500.0,0.0,-47094666.0,21418.0,6959.0,454.0,6452.0,,2026-07-24T11:48:14.853730+08:00
712,2025-09-24,-22165778.0,254214.0,0.0,-21911564.0,21388.0,6959.0,-30.0,0.0,,2026-07-24T11:48:14.853730+08:00
712,2025-09-25,-14529791.0,-77000.0,0.0,-14606791.0,21590.0,6962.0,202.0,3.0,,2026-07-24T11:48:14.853730+08:00
712,2025-09-26,-13242791.0,42000.0,0.0,-13200791.0,21545.0,10.0,-45.0,-6952.0,,2026-07-24T11:48:14.853730+08:00
712,2025-09-30,-11977791.0,61113.0,0.0,-11916678.0,21613.0,10.0,68.0,0.0,,2026-07-24T11:48:14.853730+08:00
712,2025-10-01,-19749632.0,-1354775.0,0.0,-21104407.0,21730.0,10.0,117.0,0.0,,2026-07-24T11:48:14.853730+08:00
712,2025-10-02,-12804791.0,-1374886.0,0.0,-14179677.0,21881.0,2.0,151.0,-8.0,,2026-07-24T11:48:14.853730+08:00
712,2025-10-03,-12145078.0,-87000.0,0.0,-12232078.0,21737.0,0.0,-144.0,-2.0,,2026-07-24T11:48:14.853730+08:00
712,2025-10-07,-28154990.0,-12627888.0,0.0,-40782878.0,22403.0,6544.0,666.0,6544.0,,2026-07-24T11:48:14.853730+08:00
712,2025-10-08,-6923791.0,1568000.0,0.0,-5355791.0,22390.0,6544.0,-13.0,0.0,,2026-07-24T11:48:14.853730+08:00
712,2025-10-09,-3102791.0,1751000.0,0.0,-1351791.0,22337.0,0.0,-53.0,-6544.0,,2026-07-24T11:48:14.853730+08:00
712,2025-10-13,-9419825.0,-2602682.0,0.0,-12022507.0,22791.0,0.0,454.0,0.0,,2026-07-24T11:48:14.853730+08:00
712,2025-10-14,-1421577.0,-493000.0,0.0,-1914577.0,22469.0,0.0,-322.0,0.0,,2026-07-24T11:48:14.853730+08:00
712,2025-10-15,-6812588.0,5426113.0,0.0,-1386475.0,22287.0,0.0,-182.0,0.0,,2026-07-24T11:48:14.853730+08:00
712,2025-10-16,-5088075.0,11000.0,0.0,-5077075.0,22235.0,0.0,-52.0,0.0,,2026-07-24T11:48:14.853730+08:00
712,2025-10-17,-23946402.0,-19507471.0,0.0,-43453873.0,22230.0,5006.0,-5.0,5006.0,,2026-07-24T11:48:14.853730+08:00
712,2025-10-20,-5353790.0,1031109.0,0.0,-4322681.0,22275.0,5016.0,45.0,10.0,,2026-07-24T11:48:14.853730+08:00
712,2025-10-21,-1004271.0,6678965.0,0.0,5674694.0,21974.0,13.0,-301.0,-5003.0,,2026-07-24T11:48:14.853730+08:00
712,2025-10-22,-7759786.0,10004000.0,0.0,2244214.0,21881.0,13.0,-93.0,0.0,,2026-07-24T11:48:14.853730+08:00
712,2025-10-23,2573132.0,7263000.0,0.0,9836132.0,21542.0,0.0,-339.0,-13.0,,2026-07-24T11:48:14.853730+08:00
712,2025-10-27,-2375791.0,-1092338.0,0.0,-3468129.0,21558.0,0.0,16.0,0.0,,2026-07-24T11:48:14.853730+08:00
712,2025-10-28,704209.0,-4010000.0,0.0,-3305791.0,21818.0,0.0,260.0,0.0,,2026-07-24T11:48:14.853730+08:00
712,2025-10-29,-2896622.0,-9478000.0,0.0,-12374622.0,22111.0,30.0,293.0,30.0,,2026-07-24T11:48:14.853730+08:00
712,2025-10-30,-8889791.0,3937000.0,0.0,-4952791.0,22137.0,30.0,26.0,0.0,,2026-07-24T11:48:14.853730+08:00
712,2025-10-31,-5813791.0,-17879000.0,0.0,-23692791.0,22423.0,30.0,286.0,0.0,,2026-07-24T11:48:14.853730+08:00
712,2025-11-03,359022.0,2030000.0,0.0,2389022.0,22610.0,30.0,187.0,0.0,,2026-07-24T11:48:14.853730+08:00
712,2025-11-04,562206.0,3973000.0,0.0,4535206.0,22573.0,30.0,-37.0,0.0,,2026-07-24T11:48:14.853730+08:00
712,2025-11-05,-5843791.0,22244000.0,0.0,16400209.0,22294.0,30.0,-279.0,0.0,,2026-07-24T11:48:14.853730+08:00
712,2025-11-06,122871.0,14418200.0,0.0,14541071.0,21932.0,0.0,-362.0,-30.0,,2026-07-24T11:48:14.853730+08:00
712,2025-11-07,401328.0,1355000.0,0.0,1756328.0,21311.0,0.0,-621.0,0.0,,2026-07-24T11:48:14.853730+08:00
712,2025-11-10,2772209.0,5614000.0,0.0,8386209.0,21273.0,10.0,-38.0,10.0,,2026-07-24T11:48:14.853730+08:00
712,2025-11-11,-567794.0,-298000.0,0.0,-865794.0,21427.0,10.0,154.0,0.0,,2026-07-24T11:48:14.853730+08:00
712,2025-11-12,5779202.0,9713000.0,0.0,15492202.0,21706.0,0.0,279.0,-10.0,,2026-07-24T11:48:14.853730+08:00
712,2025-11-13,-740791.0,5460000.0,0.0,4719209.0,21853.0,1.0,147.0,1.0,,2026-07-24T11:48:14.853730+08:00
712,2025-11-14,1396210.0,10406000.0,0.0,11802210.0,21701.0,1.0,-152.0,0.0,,2026-07-24T11:48:14.853730+08:00
712,2025-11-17,-688516.0,12278000.0,0.0,11589484.0,21753.0,1.0,52.0,0.0,,2026-07-24T11:48:14.853730+08:00
712,2025-11-18,4164316.0,-333693.0,0.0,3830623.0,21217.0,1.0,-536.0,0.0,,2026-07-24T11:48:14.853730+08:00
712,2025-11-19,4622153.0,3154000.0,0.0,7776153.0,20717.0,1.0,-500.0,0.0,,2026-07-24T11:48:14.853730+08:00
712,2025-11-20,-1840385.0,2000.0,0.0,-1838385.0,20745.0,1.0,28.0,0.0,,2026-07-24T11:48:14.853730+08:00
712,2025-11-21,-3923359.0,15662000.0,0.0,11738641.0,20695.0,1.0,-50.0,0.0,,2026-07-24T11:48:14.853730+08:00
712,2025-11-24,3822835.0,20922800.0,0.0,24745635.0,20750.0,7.0,55.0,6.0,,2026-07-24T11:48:14.853730+08:00
712,2025-11-25,1029209.0,-48000.0,0.0,981209.0,20674.0,7.0,-76.0,0.0,,2026-07-24T11:48:14.853730+08:00
712,2025-11-26,2825503.0,21141000.0,0.0,23966503.0,19644.0,7.0,-1030.0,0.0,,2026-07-24T11:48:14.853730+08:00
712,2025-11-27,5309618.0,23753000.0,0.0,29062618.0,19440.0,7.0,-204.0,0.0,,2026-07-24T11:48:14.853730+08:00
712,2025-11-28,-1298592.0,15996000.0,0.0,14697408.0,19140.0,8.0,-300.0,1.0,,2026-07-24T11:48:14.853730+08:00
712,2025-12-01,3241657.0,8557000.0,0.0,11798657.0,18747.0,9.0,-393.0,1.0,,2026-07-24T11:48:14.853730+08:00
712,2025-12-02,2787199.0,17726000.0,0.0,20513199.0,18338.0,6.0,-409.0,-3.0,,2026-07-24T11:48:14.853730+08:00
712,2025-12-03,-759981.0,8982000.0,0.0,8222019.0,18520.0,6.0,182.0,0.0,,2026-07-24T11:48:14.853730+08:00
712,2025-12-04,4966005.0,14044000.0,0.0,19010005.0,18466.0,6.0,-54.0,0.0,,2026-07-24T11:48:14.853730+08:00
712,2025-12-05,6803140.0,31000.0,0.0,6834140.0,18306.0,2.0,-160.0,-4.0,,2026-07-24T11:48:14.853730+08:00
712,2025-12-08,6361075.0,19777000.0,0.0,26138075.0,17487.0,2.0,-819.0,0.0,,2026-07-24T11:48:14.853730+08:00
712,2025-12-09,180202.0,14075200.0,0.0,14255402.0,16440.0,3.0,-1047.0,1.0,,2026-07-24T11:48:14.853730+08:00
712,2025-12-10,-2358319.0,2649000.0,0.0,290681.0,16555.0,3.0,115.0,0.0,,2026-07-24T11:48:14.853730+08:00
712,2025-12-11,-505990.0,6709892.0,0.0,6203902.0,16398.0,1.0,-157.0,-2.0,,2026-07-24T11:48:14.853730+08:00
712,2025-12-12,-325021.0,-397000.0,0.0,-722021.0,16546.0,0.0,148.0,-1.0,,2026-07-24T11:48:14.853730+08:00
712,2025-12-15,-2874399.0,6741107.0,0.0,3866708.0,16485.0,0.0,-61.0,0.0,,2026-07-24T11:48:14.853730+08:00
712,2025-12-16,2178020.0,18162000.0,0.0,20340020.0,16617.0,0.0,132.0,0.0,,2026-07-24T11:48:14.853730+08:00
712,2025-12-17,443817.0,-13097000.0,0.0,-12653183.0,16780.0,3.0,163.0,3.0,,2026-07-24T11:48:14.853730+08:00
712,2025-12-18,2635203.0,4552526.0,0.0,7187729.0,16750.0,4.0,-30.0,1.0,,2026-07-24T11:48:14.853730+08:00
712,2025-12-19,2470807.0,3114000.0,0.0,5584807.0,16700.0,4.0,-50.0,0.0,,2026-07-24T11:48:14.853730+08:00
712,2025-12-22,3269044.0,4452000.0,0.0,7721044.0,16112.0,4.0,-588.0,0.0,,2026-07-24T11:48:14.853730+08:00
712,2025-12-23,5189204.0,4876500.0,0.0,10065704.0,15598.0,0.0,-514.0,-4.0,,2026-07-24T11:48:14.853730+08:00
712,2025-12-24,87002.0,-1539000.0,0.0,-1451998.0,15815.0,1.0,217.0,1.0,,2026-07-24T11:48:14.853730+08:00
712,2025-12-26,1202698.0,6417000.0,0.0,7619698.0,15553.0,0.0,-262.0,-1.0,,2026-07-24T11:48:14.853730+08:00
712,2025-12-29,677813.0,3745000.0,0.0,4422813.0,15301.0,0.0,-252.0,0.0,,2026-07-24T11:48:14.853730+08:00
712,2025-12-30,-2694051.0,230100.0,0.0,-2463951.0,15351.0,6.0,50.0,6.0,,2026-07-24T11:48:14.853730+08:00
712,2025-12-31,1867209.0,599800.0,0.0,2467009.0,15308.0,7.0,-43.0,1.0,,2026-07-24T11:48:14.853730+08:00
712,2026-01-02,-1961000.0,4943000.0,0.0,2982000.0,15244.0,9.0,-64.0,2.0,,2026-07-24T11:48:14.853730+08:00
712,2026-01-05,15441206.0,9005000.0,0.0,24446206.0,15528.0,4.0,284.0,-5.0,,2026-07-24T11:48:14.853730+08:00
712,2026-01-06,3075986.0,14674000.0,0.0,17749986.0,15145.0,5.0,-383.0,1.0,,2026-07-24T11:48:14.853730+08:00
712,2026-01-07,4085059.0,25998000.0,0.0,30083059.0,14640.0,0.0,-505.0,-5.0,,2026-07-24T11:48:14.853730+08:00
712,2026-01-08,1744100.0,4332177.0,0.0,6076277.0,14564.0,0.0,-76.0,0.0,,2026-07-24T11:48:14.853730+08:00
712,2026-01-09,4944026.0,45773000.0,0.0,50717026.0,14279.0,1.0,-285.0,1.0,,2026-07-24T11:48:14.853730+08:00
712,2026-01-12,10662778.0,-3678576.0,0.0,6984202.0,14028.0,5.0,-251.0,4.0,,2026-07-24T11:48:14.853730+08:00
712,2026-01-13,-1742211.0,12470500.0,0.0,10728289.0,13686.0,5.0,-342.0,0.0,,2026-07-24T11:48:14.853730+08:00
712,2026-01-14,3117929.0,-250000.0,0.0,2867929.0,13821.0,7.0,135.0,2.0,,2026-07-24T11:48:14.853730+08:00
712,2026-01-15,734523.0,21558105.0,0.0,22292628.0,13299.0,9.0,-522.0,2.0,,2026-07-24T11:48:14.853730+08:00
712,2026-01-16,4653833.0,20621000.0,0.0,25274833.0,13369.0,10.0,70.0,1.0,,2026-07-24T11:48:14.853730+08:00
712,2026-01-19,5127537.0,713098.0,0.0,5840635.0,13123.0,2.0,-246.0,-8.0,,2026-07-24T11:48:14.853730+08:00
712,2026-01-20,3187199.0,5715550.0,0.0,8902749.0,13251.0,2.0,128.0,0.0,,2026-07-24T11:48:14.853730+08:00
712,2026-01-21,3281761.0,12855100.0,0.0,16136861.0,12250.0,4.0,-1001.0,2.0,,2026-07-24T11:48:14.853730+08:00
712,2026-01-22,458218.0,1908000.0,0.0,2366218.0,12681.0,4.0,431.0,0.0,,2026-07-24T11:48:14.853730+08:00
712,2026-01-23,3173088.0,1016000.0,0.0,4189088.0,12631.0,4.0,-50.0,0.0,,2026-07-24T11:48:14.853730+08:00
712,2026-01-26,411065.0,1787000.0,0.0,2198065.0,12550.0,5.0,-81.0,1.0,,2026-07-24T11:48:14.853730+08:00
712,2026-01-27,3215888.0,545000.0,0.0,3760888.0,12541.0,5.0,-9.0,0.0,,2026-07-24T11:48:14.853730+08:00
712,2026-01-28,5167204.0,3812960.0,0.0,8980164.0,12577.0,5.0,36.0,0.0,,2026-07-24T11:48:14.853730+08:00
712,2026-01-29,1984435.0,7887000.0,0.0,9871435.0,12500.0,5.0,-77.0,0.0,,2026-07-24T11:48:14.853730+08:00
712,2026-01-30,4751533.0,6307300.0,0.0,11058833.0,12337.0,5.0,-163.0,0.0,,2026-07-24T11:48:14.853730+08:00
712,2026-02-02,-2569860.0,-11538621.0,0.0,-14108481.0,12144.0,5.0,-193.0,0.0,,2026-07-24T11:48:14.853730+08:00
712,2026-02-03,-2058162.0,-13016722.0,0.0,-15074884.0,12053.0,6.0,-91.0,1.0,,2026-07-24T11:48:14.853730+08:00
712,2026-02-04,-4352516.0,6088000.0,0.0,1735484.0,12241.0,4.0,188.0,-2.0,,2026-07-24T11:48:14.853730+08:00
712,2026-02-05,-4047941.0,7421000.0,0.0,3373059.0,12128.0,4.0,-113.0,0.0,,2026-07-24T11:48:14.853730+08:00
712,2026-02-06,-2424324.0,4045000.0,0.0,1620676.0,11987.0,7.0,-141.0,3.0,,2026-07-24T11:48:14.853730+08:00
712,2026-02-09,340626.0,-4594000.0,0.0,-4253374.0,11989.0,7.0,2.0,0.0,,2026-07-24T11:48:14.853730+08:00
712,2026-02-10,-4500210.0,-16869750.0,0.0,-21369960.0,12233.0,6.0,244.0,-1.0,,2026-07-24T11:48:14.853730+08:00
712,2026-02-11,-9361800.0,-1183700.0,0.0,-10545500.0,12897.0,5.0,664.0,-1.0,,2026-07-24T11:48:14.853730+08:00
712,2026-02-23,-3247798.0,-479000.0,0.0,-3726798.0,13349.0,5.0,452.0,0.0,,2026-07-24T11:48:14.853730+08:00
712,2026-02-24,-16231647.0,-7555000.0,0.0,-23786647.0,13628.0,10007.0,279.0,10002.0,,2026-07-24T11:48:14.853730+08:00
712,2026-02-25,-22429790.0,-1064232.0,0.0,-23494022.0,14006.0,10007.0,378.0,0.0,,2026-07-24T11:48:14.853730+08:00
712,2026-02-26,-23177972.0,-659930.0,0.0,-23837902.0,14442.0,7.0,436.0,-10000.0,,2026-07-24T11:48:14.853730+08:00
712,2026-03-02,-5122546.0,-1202000.0,0.0,-6324546.0,14560.0,8.0,118.0,1.0,,2026-07-24T11:48:14.853730+08:00
712,2026-03-03,331217.0,-65000.0,0.0,266217.0,14664.0,5.0,104.0,-3.0,,2026-07-24T11:48:14.853730+08:00
712,2026-03-04,-286523.0,11627000.0,0.0,11340477.0,15134.0,7.0,470.0,2.0,,2026-07-24T11:48:14.853730+08:00
712,2026-03-05,-5094790.0,-1185000.0,0.0,-6279790.0,15148.0,6.0,14.0,-1.0,,2026-07-24T11:48:14.853730+08:00
712,2026-03-06,-4410296.0,-1920800.0,0.0,-6331096.0,15395.0,4.0,247.0,-2.0,,2026-07-24T11:48:14.853730+08:00
712,2026-03-09,-14831669.0,-5257000.0,0.0,-20088669.0,15984.0,24.0,589.0,20.0,,2026-07-24T11:48:14.853730+08:00
712,2026-03-10,-12371224.0,-1022000.0,0.0,-13393224.0,16326.0,5.0,342.0,-19.0,,2026-07-24T11:48:14.853730+08:00
712,2026-03-11,-11574601.0,2191000.0,0.0,-9383601.0,16360.0,6.0,34.0,1.0,,2026-07-24T11:48:14.853730+08:00
712,2026-03-12,-6184119.0,-16148000.0,0.0,-22332119.0,16311.0,0.0,-49.0,-6.0,,2026-07-24T11:48:14.853730+08:00
712,2026-03-13,-26078622.0,-3821724.0,0.0,-29900346.0,16581.0,0.0,270.0,0.0,,2026-07-24T11:48:14.853730+08:00
712,2026-03-16,-54763793.0,-9032010.0,0.0,-63795803.0,17408.0,0.0,827.0,0.0,,2026-07-24T11:48:14.853730+08:00
712,2026-03-17,-60494407.0,-9464597.0,0.0,-69959004.0,18409.0,0.0,1001.0,0.0,,2026-07-24T11:48:14.853730+08:00
712,2026-03-18,-35275791.0,-7473304.0,0.0,-42749095.0,18531.0,6180.0,122.0,6180.0,,2026-07-24T11:48:14.853730+08:00
712,2026-03-19,-51064711.0,-10485540.0,0.0,-61550251.0,18586.0,6180.0,55.0,0.0,,2026-07-24T11:48:14.853730+08:00
712,2026-03-20,-28119002.0,11577114.0,0.0,-16541888.0,18142.0,583.0,-444.0,-5597.0,,2026-07-24T11:48:14.853730+08:00
712,2026-03-23,-68689042.0,-24233635.0,0.0,-92922677.0,18708.0,3390.0,566.0,2807.0,,2026-07-24T11:48:14.853730+08:00
712,2026-03-24,-13770712.0,3244100.0,0.0,-10526612.0,18601.0,3390.0,-107.0,0.0,,2026-07-24T11:48:14.853730+08:00
712,2026-03-25,-24252819.0,5957050.0,0.0,-18295769.0,18382.0,1777.0,-219.0,-1613.0,,2026-07-24T11:48:14.853730+08:00
712,2026-03-26,-14828608.0,-10197950.0,0.0,-25026558.0,17837.0,186.0,-545.0,-1591.0,,2026-07-24T11:48:14.853730+08:00
712,2026-03-27,-11929069.0,2126270.0,0.0,-9802799.0,17842.0,180.0,5.0,-6.0,,2026-07-24T11:48:14.853730+08:00
712,2026-03-30,-13860239.0,-16939830.0,0.0,-30800069.0,18422.0,185.0,580.0,5.0,,2026-07-24T11:48:14.853730+08:00
712,2026-03-31,-10041086.0,25898020.0,0.0,15856934.0,18070.0,185.0,-352.0,0.0,,2026-07-24T11:48:14.853730+08:00
712,2026-04-01,-11606042.0,16273040.0,0.0,4666998.0,17785.0,197.0,-285.0,12.0,,2026-07-24T11:48:14.853730+08:00
712,2026-04-02,-2514556.0,-2584000.0,0.0,-5098556.0,17839.0,189.0,54.0,-8.0,,2026-07-24T11:48:14.853730+08:00
712,2026-04-07,1656311.0,49120.0,0.0,1705431.0,17591.0,186.0,-248.0,-3.0,,2026-07-24T11:48:14.853730+08:00
712,2026-04-08,2612157.0,3815900.0,0.0,6428057.0,17480.0,181.0,-111.0,-5.0,,2026-07-24T11:48:14.853730+08:00
712,2026-04-09,-1650800.0,10852000.0,0.0,9201200.0,16962.0,184.0,-518.0,3.0,,2026-07-24T11:48:14.853730+08:00
712,2026-04-10,2409184.0,6897000.0,0.0,9306184.0,17026.0,184.0,64.0,0.0,,2026-07-24T11:48:14.853730+08:00
712,2026-04-13,1312454.0,2813000.0,0.0,4125454.0,16838.0,184.0,-188.0,0.0,,2026-07-24T11:48:14.853730+08:00
712,2026-04-14,3175290.0,8616050.0,0.0,11791340.0,16638.0,184.0,-200.0,0.0,,2026-07-24T11:48:14.853730+08:00
712,2026-04-15,4806261.0,18638360.0,0.0,23444621.0,16471.0,4.0,-167.0,-180.0,,2026-07-24T11:48:14.853730+08:00
712,2026-04-16,1603861.0,15602900.0,0.0,17206761.0,15898.0,4.0,-573.0,0.0,,2026-07-24T11:48:14.853730+08:00
712,2026-04-17,1146514.0,400415.0,0.0,1546929.0,15492.0,14.0,-406.0,10.0,,2026-07-24T11:48:14.853730+08:00
712,2026-04-20,6170449.0,16282213.0,0.0,22452662.0,15366.0,4.0,-126.0,-10.0,,2026-07-24T11:48:14.853730+08:00
712,2026-04-21,5115009.0,13709000.0,0.0,18824009.0,15286.0,4.0,-80.0,0.0,,2026-07-24T11:48:14.853730+08:00
712,2026-04-22,935053.0,18647550.0,0.0,19582603.0,15020.0,4.0,-266.0,0.0,,2026-07-24T11:48:14.853730+08:00
712,2026-04-23,9734155.0,9577020.0,0.0,19311175.0,15124.0,4.0,104.0,0.0,,2026-07-24T11:48:14.853730+08:00
712,2026-04-24,2918216.0,-54000.0,0.0,2864216.0,14780.0,4.0,-344.0,0.0,,2026-07-24T11:48:14.853730+08:00
712,2026-04-27,14884421.0,16829025.0,0.0,31713446.0,14741.0,4.0,-39.0,0.0,,2026-07-24T11:48:14.853730+08:00
712,2026-04-28,15033305.0,15539525.0,0.0,30572830.0,14679.0,4.0,-62.0,0.0,,2026-07-24T11:48:14.853730+08:00
712,2026-04-29,4575199.0,14474000.0,0.0,19049199.0,14261.0,4.0,-418.0,0.0,,2026-07-24T11:48:14.853730+08:00
712,2026-04-30,4921678.0,-4685865.0,0.0,235813.0,14318.0,4.0,57.0,0.0,,2026-07-24T11:48:14.853730+08:00
712,2026-05-04,10370166.0,16815025.0,0.0,27185191.0,14105.0,4.0,-213.0,0.0,,2026-07-24T11:48:14.853730+08:00
712,2026-05-05,-3670086.0,-438880.0,0.0,-4108966.0,14202.0,4.0,97.0,0.0,,2026-07-24T11:48:14.853730+08:00
712,2026-05-06,598199.0,578100.0,0.0,1176299.0,14251.0,11.0,49.0,7.0,,2026-07-24T11:48:14.853730+08:00
712,2026-05-07,1817199.0,2058200.0,0.0,3875399.0,14297.0,17.0,46.0,6.0,,2026-07-24T11:48:14.853730+08:00
712,2026-05-08,851197.0,-528.0,0.0,850669.0,14305.0,17.0,8.0,0.0,,2026-07-24T11:48:14.853730+08:00
712,2026-05-11,4550200.0,1519025.0,0.0,6069225.0,14300.0,17.0,-5.0,0.0,,2026-07-24T11:48:14.853730+08:00
712,2026-05-12,-826184.0,-949664.0,0.0,-1775848.0,14386.0,13.0,86.0,-4.0,,2026-07-24T11:48:14.853730+08:00
712,2026-05-13,1993199.0,129000.0,0.0,2122199.0,14643.0,13.0,257.0,0.0,,2026-07-24T11:48:14.853730+08:00
712,2026-05-14,-3417193.0,-9143900.0,0.0,-12561093.0,14440.0,4.0,-203.0,-9.0,,2026-07-24T11:48:14.853730+08:00
712,2026-05-15,-7761549.0,-4545663.0,0.0,-12307212.0,14623.0,69.0,183.0,65.0,,2026-07-24T11:48:14.853730+08:00
712,2026-05-18,-7446498.0,-514793.0,0.0,-7961291.0,14732.0,89.0,109.0,20.0,,2026-07-24T11:48:14.853730+08:00
712,2026-05-19,-15236971.0,-3825000.0,0.0,-19061971.0,14878.0,69.0,146.0,-20.0,,2026-07-24T11:48:14.853730+08:00
712,2026-05-20,-18515935.0,-3543000.0,0.0,-22058935.0,14970.0,64.0,92.0,-5.0,,2026-07-24T11:48:14.853730+08:00
712,2026-05-21,-8541955.0,268100.0,0.0,-8273855.0,15152.0,64.0,182.0,0.0,,2026-07-24T11:48:14.853730+08:00
712,2026-05-22,-16872958.0,-448000.0,0.0,-17320958.0,15418.0,71.0,266.0,7.0,,2026-07-24T11:48:14.853730+08:00
712,2026-05-25,-8518145.0,605000.0,0.0,-7913145.0,16407.0,71.0,989.0,0.0,,2026-07-24T11:48:14.853730+08:00
712,2026-05-26,-8519283.0,55000.0,0.0,-8464283.0,16416.0,71.0,9.0,0.0,,2026-07-24T11:48:14.853730+08:00
712,2026-05-27,-2673801.0,237000.0,0.0,-2436801.0,16532.0,71.0,116.0,0.0,,2026-07-24T11:48:14.853730+08:00
712,2026-05-28,-8470423.0,410500.0,0.0,-8059923.0,16391.0,75.0,-141.0,4.0,,2026-07-24T11:48:14.853730+08:00
712,2026-05-29,-2664714.0,-146965.0,0.0,-2811679.0,16424.0,75.0,33.0,0.0,,2026-07-24T11:48:14.853730+08:00
712,2026-06-01,-2432801.0,-59000.0,0.0,-2491801.0,16936.0,75.0,512.0,0.0,,2026-07-24T11:48:14.853730+08:00
712,2026-06-02,-32611926.0,-2456000.0,0.0,-35067926.0,17025.0,75.0,89.0,0.0,,2026-07-24T11:48:14.853730+08:00
712,2026-06-03,-39766565.0,-534100.0,0.0,-40300665.0,17501.0,75.0,476.0,0.0,,2026-07-24T11:48:14.853730+08:00
712,2026-06-04,-57231291.0,-7571317.0,0.0,-64802608.0,18075.0,9069.0,574.0,8994.0,,2026-07-24T11:48:14.853730+08:00
712,2026-06-05,-40804263.0,15053000.0,0.0,-25751263.0,18095.0,9080.0,20.0,11.0,,2026-07-24T11:48:14.853730+08:00
712,2026-06-08,-6627222.0,53100.0,0.0,-6574122.0,17530.0,318.0,-565.0,-8762.0,,2026-07-24T11:48:14.853730+08:00
712,2026-06-09,-30358654.0,-15726000.0,0.0,-46084654.0,17826.0,99.0,296.0,-219.0,,2026-07-24T11:48:14.853730+08:00
712,2026-06-10,-1718111.0,4194000.0,0.0,2475889.0,17216.0,0.0,-610.0,-99.0,,2026-07-24T11:48:14.853730+08:00
712,2026-06-11,-13931602.0,14868000.0,0.0,936398.0,17217.0,0.0,1.0,0.0,,2026-07-24T11:48:14.853730+08:00
712,2026-06-12,-4711801.0,-12904000.0,0.0,-17615801.0,18026.0,0.0,809.0,0.0,,2026-07-24T11:48:14.853730+08:00
712,2026-06-15,-15696000.0,650112.0,0.0,-15045888.0,18322.0,0.0,296.0,0.0,,2026-07-24T11:48:14.853730+08:00
712,2026-06-16,-28829439.0,-2808500.0,0.0,-31637939.0,17827.0,0.0,-495.0,0.0,,2026-07-24T11:48:14.853730+08:00
712,2026-06-17,-9467801.0,1953100.0,0.0,-7514701.0,17724.0,0.0,-103.0,0.0,,2026-07-24T11:48:14.853730+08:00
712,2026-06-18,-49333518.0,-399637.0,0.0,-49733155.0,17898.0,0.0,174.0,0.0,,2026-07-24T11:48:14.853730+08:00
712,2026-06-19,-33000.0,31000.0,0.0,-2000.0,,,,,,2026-07-24T11:48:14.853730+08:00
712,2026-06-22,-12538356.0,9216.0,0.0,-12529140.0,17994.0,0.0,,,,2026-07-24T11:48:14.853730+08:00
712,2026-06-23,-15826005.0,-5411600.0,0.0,-21237605.0,17923.0,0.0,-71.0,0.0,,2026-07-24T11:48:14.853730+08:00
712,2026-06-24,-8801.0,10131100.0,0.0,10122299.0,17775.0,0.0,-148.0,0.0,,2026-07-24T11:48:14.853730+08:00
712,2026-06-25,1455199.0,-44000.0,0.0,1411199.0,17839.0,0.0,64.0,0.0,,2026-07-24T11:48:14.853730+08:00
712,2026-06-26,4254197.0,21948000.0,0.0,26202197.0,17193.0,6.0,-646.0,6.0,,2026-07-24T11:48:14.853730+08:00
712,2026-06-29,25900114.0,3236000.0,0.0,29136114.0,16531.0,6.0,-662.0,0.0,,2026-07-24T11:48:14.853730+08:00
712,2026-06-30,14070199.0,4345000.0,0.0,18415199.0,15976.0,6.0,-555.0,0.0,,2026-07-24T11:48:14.853730+08:00
712,2026-07-01,10819999.0,12554030.0,0.0,23374029.0,15695.0,7.0,,,,2026-07-30T01:52:41.766125+08:00
712,2026-07-02,3192518.0,30.0,0.0,3192548.0,15736.0,7.0,41.0,0.0,,2026-07-30T01:52:41.766125+08:00
712,2026-07-03,3534199.0,9728000.0,0.0,13262199.0,15676.0,7.0,-60.0,0.0,,2026-07-30T01:52:41.766125+08:00
712,2026-07-06,13262199.0,-3000.0,0.0,13259199.0,16264.0,7.0,588.0,0.0,,2026-07-30T01:52:41.766125+08:00
712,2026-07-07,12517394.0,41335000.0,0.0,53852394.0,15858.0,8.0,-406.0,1.0,,2026-07-30T01:52:41.766125+08:00
712,2026-07-08,11347199.0,6425000.0,0.0,17772199.0,15839.0,7.0,-19.0,-1.0,,2026-07-30T01:52:41.766125+08:00
712,2026-07-09,3153199.0,1707520.0,0.0,4860719.0,15048.0,7.0,-791.0,0.0,,2026-07-30T01:52:41.766125+08:00
712,2026-07-13,1798137.0,13005000.0,0.0,14803137.0,14983.0,7.0,-65.0,0.0,,2026-07-30T01:52:41.766125+08:00
712,2026-07-14,12109415.0,1416290.0,0.0,13525705.0,14871.0,7.0,-112.0,0.0,,2026-07-30T01:52:41.766125+08:00
712,2026-07-15,26600199.0,94000.0,0.0,26694199.0,14670.0,7.0,-201.0,0.0,,2026-07-30T01:52:41.766125+08:00
712,2026-07-16,8694407.0,14975080.0,0.0,23669487.0,14577.0,13.0,-93.0,6.0,,2026-07-30T01:52:41.766125+08:00
712,2026-07-17,59241199.0,37670000.0,0.0,96911199.0,13683.0,28.0,-894.0,15.0,,2026-07-30T01:52:41.766125+08:00
712,2026-07-20,17436160.0,1105.0,0.0,17437265.0,13582.0,13.0,-101.0,-15.0,,2026-07-30T01:52:41.766125+08:00
712,2026-07-21,1548421.0,-110000.0,0.0,1438421.0,14851.0,11.0,1269.0,-2.0,,2026-07-30T01:52:41.766125+08:00
712,2026-07-22,1192914.0,384000.0,0.0,1576914.0,15501.0,11.0,650.0,0.0,,2026-07-30T01:52:41.766125+08:00
712,2026-07-23,-2725925.0,-3424750.0,0.0,-6150675.0,15397.0,12.0,-104.0,1.0,,2026-07-30T01:52:41.766125+08:00
712,2026-07-24,-8080241.0,-260960.0,0.0,-8341201.0,16036.0,4.0,639.0,-8.0,,2026-07-30T01:52:41.766125+08:00
712,2026-07-27,-1738801.0,3819000.0,0.0,2080199.0,15950.0,1.0,-86.0,-3.0,,2026-07-30T01:52:41.766125+08:00
712,2026-07-28,9368111.0,2798000.0,0.0,12166111.0,13567.0,11.0,-2383.0,10.0,,2026-07-30T01:52:41.766125+08:00
712,2026-07-29,41431199.0,21272960.0,0.0,62704159.0,13309.0,33.0,-258.0,22.0,,2026-07-30T01:52:41.766125+08:00
712,2026-08-03,-1599801.0,-3863900.0,0.0,-5463701.0,13737.0,16.0,,,,2026-08-28T01:34:34.061915+08:00
712,2026-08-04,-812801.0,-1435000.0,0.0,-2247801.0,15097.0,16.0,1360.0,0.0,,2026-08-28T01:34:34.061915+08:00
712,2026-08-05,-3006801.0,12400.0,0.0,-2994401.0,15284.0,16.0,187.0,0.0,,2026-08-28T01:34:34.061915+08:00
712,2026-08-06,-2790313.0,-9173000.0,0.0,-11963313.0,15324.0,20.0,40.0,4.0,,2026-08-28T01:34:34.061915+08:00
712,2026-08-07,-11572340.0,-10014900.0,0.0,-21587240.0,15989.0,65.0,665.0,45.0,,2026-08-28T01:34:34.061915+08:00
712,2026-08-10,4761199.0,1716000.0,0.0,6477199.0,15647.0,48.0,-342.0,-17.0,,2026-08-28T01:34:34.061915+08:00
712,2026-08-11,-424366.0,-360000.0,0.0,-784366.0,15567.0,48.0,-80.0,0.0,,2026-08-28T01:34:34.061915+08:00
712,2026-08-12,6233199.0,3889000.0,0.0,10122199.0,15398.0,48.0,-169.0,0.0,,2026-08-28T01:34:34.061915+08:00
712,2026-08-13,238214.0,-178853.0,0.0,59361.0,15189.0,4.0,-209.0,-44.0,,2026-08-28T01:34:34.061915+08:00
712,2026-08-14,1299199.0,-9637.0,0.0,1289562.0,15606.0,2.0,417.0,-2.0,,2026-08-28T01:34:34.061915+08:00
712,2026-08-17,342155.0,-66235.0,0.0,275920.0,15714.0,2.0,108.0,0.0,,2026-08-28T01:34:34.061915+08:00
712,2026-08-18,661305.0,-1494893.0,0.0,-833588.0,15708.0,2.0,-6.0,0.0,,2026-08-28T01:34:34.061915+08:00
712,2026-08-19,-1219205.0,62000.0,0.0,-1157205.0,15483.0,2.0,-225.0,0.0,,2026-08-28T01:34:34.061915+08:00
712,2026-08-20,6016199.0,6028198.0,0.0,12044397.0,15281.0,5.0,-202.0,3.0,,2026-08-28T01:34:34.061915+08:00
712,2026-08-21,-3047209.0,-966000.0,0.0,-4013209.0,15320.0,2.0,39.0,-3.0,,2026-08-28T01:34:34.061915+08:00
712,2026-08-24,-3278810.0,-4060000.0,0.0,-7338810.0,15243.0,2.0,-77.0,0.0,,2026-08-28T01:34:34.061915+08:00
712,2026-08-25,-245801.0,-306000.0,0.0,-551801.0,15388.0,3.0,145.0,1.0,,2026-08-28T01:34:34.061915+08:00
712,2026-08-26,-6818529.0,-9024001.0,0.0,-15842530.0,15542.0,3.0,154.0,0.0,,2026-08-28T01:34:34.061915+08:00
712,2026-08-27,-44109868.0,-15312818.0,0.0,-59422686.0,16248.0,3.0,706.0,0.0,,2026-08-28T01:34:34.061915+08:00
00712,2026-08-03,-1599801.0,-3863900.0,0.0,-5463701.0,13737.0,16.0,,,,2026-08-28T06:51:05.421540+08:00
00712,2026-08-04,-812801.0,-1435000.0,0.0,-2247801.0,15097.0,16.0,1360.0,0.0,,2026-08-28T06:51:05.421540+08:00
00712,2026-08-05,-3006801.0,12400.0,0.0,-2994401.0,15284.0,16.0,187.0,0.0,,2026-08-28T06:51:05.421540+08:00
00712,2026-08-06,-2790313.0,-9173000.0,0.0,-11963313.0,15324.0,20.0,40.0,4.0,,2026-08-28T06:51:05.421540+08:00
00712,2026-08-07,-11572340.0,-10014900.0,0.0,-21587240.0,15989.0,65.0,665.0,45.0,,2026-08-28T06:51:05.421540+08:00
00712,2026-08-10,4761199.0,1716000.0,0.0,6477199.0,15647.0,48.0,-342.0,-17.0,,2026-08-28T06:51:05.421540+08:00
00712,2026-08-11,-424366.0,-360000.0,0.0,-784366.0,15567.0,48.0,-80.0,0.0,,2026-08-28T06:51:05.421540+08:00
00712,2026-08-12,6233199.0,3889000.0,0.0,10122199.0,15398.0,48.0,-169.0,0.0,,2026-08-28T06:51:05.421540+08:00
00712,2026-08-13,238214.0,-178853.0,0.0,59361.0,15189.0,4.0,-209.0,-44.0,,2026-08-28T06:51:05.421540+08:00
00712,2026-08-14,1299199.0,-9637.0,0.0,1289562.0,15606.0,2.0,417.0,-2.0,,2026-08-28T06:51:05.421540+08:00
00712,2026-08-17,342155.0,-66235.0,0.0,275920.0,15714.0,2.0,108.0,0.0,,2026-08-28T06:51:05.421540+08:00
00712,2026-08-18,661305.0,-1494893.0,0.0,-833588.0,15708.0,2.0,-6.0,0.0,,2026-08-28T06:51:05.421540+08:00
00712,2026-08-19,-1219205.0,62000.0,0.0,-1157205.0,15483.0,2.0,-225.0,0.0,,2026-08-28T06:51:05.421540+08:00
00712,2026-08-20,6016199.0,6028198.0,0.0,12044397.0,15281.0,5.0,-202.0,3.0,,2026-08-28T06:51:05.421540+08:00
00712,2026-08-21,-3047209.0,-966000.0,0.0,-4013209.0,15320.0,2.0,39.0,-3.0,,2026-08-28T06:51:05.421540+08:00
00712,2026-08-24,-3278810.0,-4060000.0,0.0,-7338810.0,15243.0,2.0,-77.0,0.0,,2026-08-28T06:51:05.421540+08:00
00712,2026-08-25,-245801.0,-306000.0,0.0,-551801.0,15388.0,3.0,145.0,1.0,,2026-08-28T06:51:05.421540+08:00
00712,2026-08-26,-6818529.0,-9024001.0,0.0,-15842530.0,15542.0,3.0,154.0,0.0,,2026-08-28T06:51:05.421540+08:00
00712,2026-08-27,-44109868.0,-15312818.0,0.0,-59422686.0,16248.0,3.0,706.0,0.0,,2026-08-28T06:51:05.421540+08:00
