stock_id,trade_date,dealer_net,foreign_net,investment_trust_net,institutional_net,margin_balance,short_balance,margin_change,short_change,securities_lending,updated_at
919,2022-10-19,,,,,0.0,0.0,,,,2026-07-24T11:48:33.059504+08:00
919,2022-10-20,46335563.0,31000.0,0.0,46366563.0,374.0,0.0,374.0,0.0,,2026-07-24T11:48:33.059504+08:00
919,2022-10-21,11604772.0,7000.0,0.0,11611772.0,391.0,0.0,17.0,0.0,,2026-07-24T11:48:33.059504+08:00
919,2022-10-24,25125864.0,1010.0,0.0,25126874.0,478.0,0.0,87.0,0.0,,2026-07-24T11:48:33.059504+08:00
919,2022-10-25,-567124.0,-23000.0,0.0,-590124.0,412.0,0.0,-66.0,0.0,,2026-07-24T11:48:33.059504+08:00
919,2022-10-26,-77874.0,0.0,0.0,-77874.0,403.0,0.0,-9.0,0.0,,2026-07-24T11:48:33.059504+08:00
919,2022-10-27,1318284.0,0.0,0.0,1318284.0,412.0,0.0,9.0,0.0,,2026-07-24T11:48:33.059504+08:00
919,2022-10-28,-2380727.0,2000.0,0.0,-2378727.0,439.0,0.0,27.0,0.0,,2026-07-24T11:48:33.059504+08:00
919,2022-10-31,695488.0,176000.0,0.0,871488.0,423.0,0.0,-16.0,0.0,,2026-07-24T11:48:33.059504+08:00
919,2022-11-01,-293146.0,145000.0,0.0,-148146.0,424.0,0.0,1.0,0.0,,2026-07-24T11:48:33.059504+08:00
919,2022-11-02,2571536.0,-40000.0,0.0,2531536.0,434.0,0.0,10.0,0.0,,2026-07-24T11:48:33.059504+08:00
919,2022-11-03,55762.0,-32000.0,0.0,23762.0,435.0,0.0,1.0,0.0,,2026-07-24T11:48:33.059504+08:00
919,2022-11-04,-146879.0,146000.0,0.0,-879.0,424.0,0.0,-11.0,0.0,,2026-07-24T11:48:33.059504+08:00
919,2022-11-07,17228754.0,454000.0,0.0,17682754.0,411.0,0.0,-13.0,0.0,,2026-07-24T11:48:33.059504+08:00
919,2022-11-08,4458884.0,33000.0,0.0,4491884.0,480.0,0.0,69.0,0.0,,2026-07-24T11:48:33.059504+08:00
919,2022-11-09,6171980.0,53000.0,0.0,6224980.0,529.0,0.0,49.0,0.0,,2026-07-24T11:48:33.059504+08:00
919,2022-11-10,3429925.0,-4000.0,0.0,3425925.0,836.0,0.0,307.0,0.0,,2026-07-24T11:48:33.059504+08:00
919,2022-11-11,6230987.0,162000.0,0.0,6392987.0,772.0,0.0,-64.0,0.0,,2026-07-24T11:48:33.059504+08:00
919,2022-11-14,2343470.0,76100.0,0.0,2419570.0,786.0,0.0,14.0,0.0,,2026-07-24T11:48:33.059504+08:00
919,2022-11-15,2293700.0,-130000.0,0.0,2163700.0,503.0,0.0,-283.0,0.0,,2026-07-24T11:48:33.059504+08:00
919,2022-11-16,2528064.0,80000.0,0.0,2608064.0,494.0,0.0,-9.0,0.0,,2026-07-24T11:48:33.059504+08:00
919,2022-11-17,931599.0,68300.0,0.0,999899.0,474.0,0.0,-20.0,0.0,,2026-07-24T11:48:33.059504+08:00
919,2022-11-18,1899244.0,-488000.0,0.0,1411244.0,530.0,0.0,56.0,0.0,,2026-07-24T11:48:33.059504+08:00
919,2022-11-21,656407.0,28000.0,0.0,684407.0,506.0,0.0,-24.0,0.0,,2026-07-24T11:48:33.059504+08:00
919,2022-11-22,408951.0,216000.0,0.0,624951.0,504.0,0.0,-2.0,0.0,,2026-07-24T11:48:33.059504+08:00
919,2022-11-23,-322999.0,270000.0,0.0,-52999.0,503.0,0.0,-1.0,0.0,,2026-07-24T11:48:33.059504+08:00
919,2022-11-24,969980.0,636000.0,0.0,1605980.0,400.0,0.0,-103.0,0.0,,2026-07-24T11:48:33.059504+08:00
919,2022-11-25,-831746.0,433000.0,0.0,-398746.0,400.0,0.0,0.0,0.0,,2026-07-24T11:48:33.059504+08:00
919,2022-11-28,-2215600.0,-9000.0,0.0,-2224600.0,418.0,0.0,18.0,0.0,,2026-07-24T11:48:33.059504+08:00
919,2022-11-29,71395.0,38000.0,0.0,109395.0,427.0,0.0,9.0,0.0,,2026-07-24T11:48:33.059504+08:00
919,2022-11-30,89047.0,106000.0,0.0,195047.0,423.0,0.0,-4.0,0.0,,2026-07-24T11:48:33.059504+08:00
919,2022-12-01,-1091267.0,-28000.0,0.0,-1119267.0,453.0,0.0,30.0,0.0,,2026-07-24T11:48:33.059504+08:00
919,2022-12-02,-154061.0,-320400.0,0.0,-474461.0,455.0,0.0,2.0,0.0,,2026-07-24T11:48:33.059504+08:00
919,2022-12-05,-823635.0,146.0,0.0,-823489.0,428.0,0.0,-27.0,0.0,,2026-07-24T11:48:33.059504+08:00
919,2022-12-06,-1638001.0,-1272000.0,0.0,-2910001.0,445.0,0.0,17.0,0.0,,2026-07-24T11:48:33.059504+08:00
919,2022-12-07,-779869.0,39059.0,0.0,-740810.0,359.0,0.0,-86.0,0.0,,2026-07-24T11:48:33.059504+08:00
919,2022-12-08,-909022.0,-40330.0,0.0,-949352.0,366.0,0.0,7.0,0.0,,2026-07-24T11:48:33.059504+08:00
919,2022-12-09,-51166.0,19030.0,0.0,-32136.0,372.0,0.0,6.0,0.0,,2026-07-24T11:48:33.059504+08:00
919,2022-12-12,-538170.0,-106870.0,0.0,-645040.0,373.0,0.0,1.0,0.0,,2026-07-24T11:48:33.059504+08:00
919,2022-12-13,-606014.0,46090.0,0.0,-559924.0,374.0,0.0,1.0,0.0,,2026-07-24T11:48:33.059504+08:00
919,2022-12-14,-59364.0,-10000.0,0.0,-69364.0,375.0,0.0,1.0,0.0,,2026-07-24T11:48:33.059504+08:00
919,2022-12-15,-452952.0,-7000.0,0.0,-459952.0,367.0,0.0,-8.0,0.0,,2026-07-24T11:48:33.059504+08:00
919,2022-12-16,-901816.0,-910.0,0.0,-902726.0,170.0,0.0,-197.0,0.0,,2026-07-24T11:48:33.059504+08:00
919,2022-12-19,-729035.0,29150.0,0.0,-699885.0,178.0,0.0,8.0,0.0,,2026-07-24T11:48:33.059504+08:00
919,2022-12-20,-1606496.0,-207970.0,0.0,-1814466.0,176.0,0.0,-2.0,0.0,,2026-07-24T11:48:33.059504+08:00
919,2022-12-21,135922.0,73000.0,0.0,208922.0,189.0,0.0,13.0,0.0,,2026-07-24T11:48:33.059504+08:00
919,2022-12-22,691580.0,396000.0,0.0,1087580.0,387.0,0.0,198.0,0.0,,2026-07-24T11:48:33.059504+08:00
919,2022-12-23,-550848.0,31000.0,0.0,-519848.0,388.0,0.0,1.0,0.0,,2026-07-24T11:48:33.059504+08:00
919,2022-12-26,-630396.0,97151.0,0.0,-533245.0,379.0,0.0,-9.0,0.0,,2026-07-24T11:48:33.059504+08:00
919,2022-12-27,73422.0,-28000.0,0.0,45422.0,310.0,0.0,-69.0,0.0,,2026-07-24T11:48:33.059504+08:00
919,2022-12-28,-1032648.0,-191878.0,0.0,-1224526.0,178.0,0.0,-132.0,0.0,,2026-07-24T11:48:33.059504+08:00
919,2022-12-29,-283952.0,-25000.0,0.0,-308952.0,267.0,0.0,89.0,0.0,,2026-07-24T11:48:33.059504+08:00
919,2022-12-30,-97443.0,4000.0,0.0,-93443.0,185.0,0.0,-82.0,0.0,,2026-07-24T11:48:33.059504+08:00
919,2023-01-03,323093.0,39092.0,0.0,362185.0,199.0,0.0,14.0,0.0,,2026-07-24T11:48:33.059504+08:00
919,2023-01-04,15718.0,-32000.0,0.0,-16282.0,172.0,0.0,-27.0,0.0,,2026-07-24T11:48:33.059504+08:00
919,2023-01-05,-123256.0,17000.0,0.0,-106256.0,177.0,0.0,5.0,0.0,,2026-07-24T11:48:33.059504+08:00
919,2023-01-06,204802.0,555000.0,0.0,759802.0,213.0,0.0,36.0,0.0,,2026-07-24T11:48:33.059504+08:00
919,2023-01-09,249696.0,507000.0,0.0,756696.0,228.0,0.0,15.0,0.0,,2026-07-24T11:48:33.059504+08:00
919,2023-01-10,288535.0,435206.0,0.0,723741.0,208.0,0.0,-20.0,0.0,,2026-07-24T11:48:33.059504+08:00
919,2023-01-11,502796.0,150058.0,0.0,652854.0,208.0,0.0,0.0,0.0,,2026-07-24T11:48:33.059504+08:00
919,2023-01-12,-415022.0,-8842.0,0.0,-423864.0,208.0,0.0,0.0,0.0,,2026-07-24T11:48:33.059504+08:00
919,2023-01-13,-115029.0,-44941.0,0.0,-159970.0,181.0,0.0,-27.0,0.0,,2026-07-24T11:48:33.059504+08:00
919,2023-01-16,-166579.0,9149.0,0.0,-157430.0,131.0,0.0,-50.0,0.0,,2026-07-24T11:48:33.059504+08:00
919,2023-01-17,104212.0,75000.0,0.0,179212.0,140.0,0.0,9.0,0.0,,2026-07-24T11:48:33.059504+08:00
919,2023-01-30,1459520.0,881352.0,0.0,2340872.0,124.0,0.0,-16.0,0.0,,2026-07-24T11:48:33.059504+08:00
919,2023-01-31,219624.0,381000.0,0.0,600624.0,139.0,0.0,15.0,0.0,,2026-07-24T11:48:33.059504+08:00
919,2023-02-01,359501.0,18057.0,0.0,377558.0,146.0,0.0,7.0,0.0,,2026-07-24T11:48:33.059504+08:00
919,2023-02-02,541991.0,-1044.0,0.0,540947.0,112.0,0.0,-34.0,0.0,,2026-07-24T11:48:33.059504+08:00
919,2023-02-03,286285.0,90028.0,0.0,376313.0,73.0,0.0,-39.0,0.0,,2026-07-24T11:48:33.059504+08:00
919,2023-02-06,-1493085.0,-12858.0,0.0,-1505943.0,76.0,0.0,3.0,0.0,,2026-07-24T11:48:33.059504+08:00
919,2023-02-07,30397.0,21000.0,0.0,51397.0,83.0,0.0,7.0,0.0,,2026-07-24T11:48:33.059504+08:00
919,2023-02-08,215815.0,-972.0,0.0,214843.0,142.0,0.0,59.0,0.0,,2026-07-24T11:48:33.059504+08:00
919,2023-02-09,-514138.0,-83945.0,0.0,-598083.0,169.0,0.0,27.0,0.0,,2026-07-24T11:48:33.059504+08:00
919,2023-02-10,222838.0,-507000.0,0.0,-284162.0,197.0,0.0,28.0,0.0,,2026-07-24T11:48:33.059504+08:00
919,2023-02-13,-684145.0,-227700.0,0.0,-911845.0,178.0,0.0,-19.0,0.0,,2026-07-24T11:48:33.059504+08:00
919,2023-02-14,150682.0,-5915.0,0.0,144767.0,182.0,0.0,4.0,0.0,,2026-07-24T11:48:33.059504+08:00
919,2023-02-15,-364028.0,-1911.0,0.0,-365939.0,143.0,0.0,-39.0,0.0,,2026-07-24T11:48:33.059504+08:00
919,2023-02-16,225583.0,-33999.0,0.0,191584.0,113.0,0.0,-30.0,0.0,,2026-07-24T11:48:33.059504+08:00
919,2023-02-17,24229.0,-122999.0,0.0,-98770.0,112.0,0.0,-1.0,0.0,,2026-07-24T11:48:33.059504+08:00
919,2023-02-20,345974.0,41221.0,0.0,387195.0,101.0,0.0,-11.0,0.0,,2026-07-24T11:48:33.059504+08:00
919,2023-02-21,678364.0,102001.0,0.0,780365.0,89.0,0.0,-12.0,0.0,,2026-07-24T11:48:33.059504+08:00
919,2023-02-22,-1080290.0,11106.0,0.0,-1069184.0,103.0,0.0,14.0,0.0,,2026-07-24T11:48:33.059504+08:00
919,2023-02-23,198173.0,-106646.0,0.0,91527.0,197.0,0.0,94.0,0.0,,2026-07-24T11:48:33.059504+08:00
919,2023-02-24,-327610.0,-19000.0,0.0,-346610.0,193.0,0.0,-4.0,0.0,,2026-07-24T11:48:33.059504+08:00
919,2023-03-01,-943465.0,140000.0,0.0,-803465.0,186.0,0.0,-7.0,0.0,,2026-07-24T11:48:33.059504+08:00
919,2023-03-02,151076.0,-460730.0,0.0,-309654.0,200.0,0.0,14.0,0.0,,2026-07-24T11:48:33.059504+08:00
919,2023-03-03,731263.0,-148850.0,0.0,582413.0,198.0,0.0,-2.0,0.0,,2026-07-24T11:48:33.059504+08:00
919,2023-03-06,-1090581.0,-260869.0,0.0,-1351450.0,236.0,0.0,38.0,0.0,,2026-07-24T11:48:33.059504+08:00
919,2023-03-07,150239.0,-615000.0,0.0,-464761.0,235.0,0.0,-1.0,0.0,,2026-07-24T11:48:33.059504+08:00
919,2023-03-08,-927153.0,-392074.0,0.0,-1319227.0,244.0,0.0,9.0,0.0,,2026-07-24T11:48:33.059504+08:00
919,2023-03-09,89534.0,-355948.0,0.0,-266414.0,245.0,0.0,1.0,0.0,,2026-07-24T11:48:33.059504+08:00
919,2023-03-10,-1358574.0,-97000.0,0.0,-1455574.0,225.0,0.0,-20.0,0.0,,2026-07-24T11:48:33.059504+08:00
919,2023-03-13,425843.0,-70820.0,0.0,355023.0,223.0,0.0,-2.0,0.0,,2026-07-24T11:48:33.059504+08:00
919,2023-03-14,-584647.0,34490.0,0.0,-550157.0,246.0,0.0,23.0,0.0,,2026-07-24T11:48:33.059504+08:00
919,2023-03-15,-199958.0,192678.0,0.0,-7280.0,253.0,0.0,7.0,0.0,,2026-07-24T11:48:33.059504+08:00
919,2023-03-16,-206662.0,-64973.0,0.0,-271635.0,192.0,0.0,-61.0,0.0,,2026-07-24T11:48:33.059504+08:00
919,2023-03-17,292623.0,-25000.0,0.0,267623.0,201.0,0.0,9.0,0.0,,2026-07-24T11:48:33.059504+08:00
919,2023-03-20,-28917.0,-77520.0,0.0,-106437.0,160.0,0.0,-41.0,0.0,,2026-07-24T11:48:33.059504+08:00
919,2023-03-21,-370641.0,18000.0,0.0,-352641.0,165.0,0.0,5.0,0.0,,2026-07-24T11:48:33.059504+08:00
919,2023-03-22,721895.0,62000.0,0.0,783895.0,160.0,0.0,-5.0,0.0,,2026-07-24T11:48:33.059504+08:00
919,2023-03-23,-989842.0,-63000.0,0.0,-1052842.0,199.0,0.0,39.0,0.0,,2026-07-24T11:48:33.059504+08:00
919,2023-03-24,200887.0,18001.0,0.0,218888.0,219.0,0.0,20.0,0.0,,2026-07-24T11:48:33.059504+08:00
919,2023-03-27,-42566.0,11005.0,0.0,-31561.0,210.0,0.0,-9.0,0.0,,2026-07-24T11:48:33.059504+08:00
919,2023-03-28,-1156264.0,62000.0,0.0,-1094264.0,217.0,0.0,7.0,0.0,,2026-07-24T11:48:33.059504+08:00
919,2023-03-29,-310932.0,-164000.0,0.0,-474932.0,221.0,0.0,4.0,0.0,,2026-07-24T11:48:33.059504+08:00
919,2023-03-30,20481.0,13000.0,0.0,33481.0,221.0,0.0,0.0,0.0,,2026-07-24T11:48:33.059504+08:00
919,2023-03-31,-213727.0,28000.0,0.0,-185727.0,252.0,0.0,31.0,0.0,,2026-07-24T11:48:33.059504+08:00
919,2023-04-06,-1054472.0,-380000.0,0.0,-1434472.0,271.0,4.0,19.0,4.0,,2026-07-24T11:48:33.059504+08:00
919,2023-04-07,228479.0,92900.0,0.0,321379.0,266.0,4.0,-5.0,0.0,,2026-07-24T11:48:33.059504+08:00
919,2023-04-10,-938104.0,-5000.0,0.0,-943104.0,437.0,4.0,171.0,0.0,,2026-07-24T11:48:33.059504+08:00
919,2023-04-11,602817.0,161000.0,0.0,763817.0,416.0,4.0,-21.0,0.0,,2026-07-24T11:48:33.059504+08:00
919,2023-04-12,-558342.0,-108900.0,0.0,-667242.0,420.0,4.0,4.0,0.0,,2026-07-24T11:48:33.059504+08:00
919,2023-04-13,-1957942.0,-180000.0,0.0,-2137942.0,432.0,4.0,12.0,0.0,,2026-07-24T11:48:33.059504+08:00
919,2023-04-14,126113.0,-20000.0,0.0,106113.0,434.0,4.0,2.0,0.0,,2026-07-24T11:48:33.059504+08:00
919,2023-04-17,-536949.0,-17000.0,0.0,-553949.0,434.0,4.0,0.0,0.0,,2026-07-24T11:48:33.059504+08:00
919,2023-04-18,-1918706.0,-159929.0,0.0,-2078635.0,314.0,8.0,-120.0,4.0,,2026-07-24T11:48:33.059504+08:00
919,2023-04-19,-1139579.0,-7000.0,0.0,-1146579.0,326.0,8.0,12.0,0.0,,2026-07-24T11:48:33.059504+08:00
919,2023-04-20,-1822172.0,195000.0,0.0,-1627172.0,358.0,8.0,32.0,0.0,,2026-07-24T11:48:33.059504+08:00
919,2023-04-21,-4155089.0,-246000.0,0.0,-4401089.0,284.0,8.0,-74.0,0.0,,2026-07-24T11:48:33.059504+08:00
919,2023-04-24,-1257401.0,45000.0,0.0,-1212401.0,377.0,8.0,93.0,0.0,,2026-07-24T11:48:33.059504+08:00
919,2023-04-25,-3397959.0,-24000.0,0.0,-3421959.0,402.0,8.0,25.0,0.0,,2026-07-24T11:48:33.059504+08:00
919,2023-04-26,-1021178.0,-64000.0,0.0,-1085178.0,433.0,8.0,31.0,0.0,,2026-07-24T11:48:33.059504+08:00
919,2023-04-27,432035.0,82000.0,0.0,514035.0,456.0,6.0,23.0,-2.0,,2026-07-24T11:48:33.059504+08:00
919,2023-04-28,-636611.0,90000.0,0.0,-546611.0,440.0,6.0,-16.0,0.0,,2026-07-24T11:48:33.059504+08:00
919,2023-05-02,-709890.0,38000.0,0.0,-671890.0,433.0,6.0,-7.0,0.0,,2026-07-24T11:48:33.059504+08:00
919,2023-05-03,-1572357.0,-63340.0,0.0,-1635697.0,431.0,6.0,-2.0,0.0,,2026-07-24T11:48:33.059504+08:00
919,2023-05-04,-568507.0,59000.0,0.0,-509507.0,471.0,6.0,40.0,0.0,,2026-07-24T11:48:33.059504+08:00
919,2023-05-05,-672820.0,12000.0,0.0,-660820.0,455.0,10.0,-16.0,4.0,,2026-07-24T11:48:33.059504+08:00
919,2023-05-08,-614639.0,100000.0,0.0,-514639.0,456.0,10.0,1.0,0.0,,2026-07-24T11:48:33.059504+08:00
919,2023-05-09,-509029.0,16000.0,0.0,-493029.0,456.0,14.0,0.0,4.0,,2026-07-24T11:48:33.059504+08:00
919,2023-05-10,-1071044.0,-25500.0,0.0,-1096544.0,456.0,14.0,0.0,0.0,,2026-07-24T11:48:33.059504+08:00
919,2023-05-11,-1017123.0,-68000.0,0.0,-1085123.0,465.0,8.0,9.0,-6.0,,2026-07-24T11:48:33.059504+08:00
919,2023-05-12,-578568.0,32100.0,0.0,-546468.0,468.0,8.0,3.0,0.0,,2026-07-24T11:48:33.059504+08:00
919,2023-05-15,-890843.0,55000.0,0.0,-835843.0,441.0,8.0,-27.0,0.0,,2026-07-24T11:48:33.059504+08:00
919,2023-05-16,-424610.0,9000.0,0.0,-415610.0,444.0,8.0,3.0,0.0,,2026-07-24T11:48:33.059504+08:00
919,2023-05-17,-9583.0,-800.0,0.0,-10383.0,476.0,8.0,32.0,0.0,,2026-07-24T11:48:33.059504+08:00
919,2023-05-18,-906198.0,75053.0,0.0,-831145.0,514.0,8.0,38.0,0.0,,2026-07-24T11:48:33.059504+08:00
919,2023-05-19,-901842.0,0.0,0.0,-901842.0,482.0,8.0,-32.0,0.0,,2026-07-24T11:48:33.059504+08:00
919,2023-05-22,-946182.0,186723.0,0.0,-759459.0,489.0,8.0,7.0,0.0,,2026-07-24T11:48:33.059504+08:00
919,2023-05-23,-1333990.0,-19878.0,0.0,-1353868.0,467.0,8.0,-22.0,0.0,,2026-07-24T11:48:33.059504+08:00
919,2023-05-24,-898822.0,62500.0,0.0,-836322.0,472.0,8.0,5.0,0.0,,2026-07-24T11:48:33.059504+08:00
919,2023-05-25,-452487.0,-59934.0,0.0,-512421.0,457.0,8.0,-15.0,0.0,,2026-07-24T11:48:33.059504+08:00
919,2023-05-26,-97503.0,-21880.0,0.0,-119383.0,466.0,8.0,9.0,0.0,,2026-07-24T11:48:33.059504+08:00
919,2023-05-29,-91134.0,73000.0,0.0,-18134.0,462.0,8.0,-4.0,0.0,,2026-07-24T11:48:33.059504+08:00
919,2023-05-30,-1787325.0,-265800.0,0.0,-2053125.0,412.0,8.0,-50.0,0.0,,2026-07-24T11:48:33.059504+08:00
919,2023-05-31,-2674353.0,68120.0,0.0,-2606233.0,470.0,8.0,58.0,0.0,,2026-07-24T11:48:33.059504+08:00
919,2023-06-01,-16817280.0,260000.0,0.0,-16557280.0,548.0,8.0,78.0,0.0,,2026-07-24T11:48:33.059504+08:00
919,2023-06-02,-37456572.0,-615000.0,0.0,-38071572.0,783.0,8.0,235.0,0.0,,2026-07-24T11:48:33.059504+08:00
919,2023-06-05,-27442724.0,-460980.0,0.0,-27903704.0,1003.0,8.0,220.0,0.0,,2026-07-24T11:48:33.059504+08:00
919,2023-06-06,-20293543.0,-1914844.0,0.0,-22208387.0,1176.0,8.0,173.0,0.0,,2026-07-24T11:48:33.059504+08:00
919,2023-06-07,-21333297.0,1237300.0,0.0,-20095997.0,1453.0,8.0,277.0,0.0,,2026-07-24T11:48:33.059504+08:00
919,2023-06-08,-56509690.0,-2615700.0,0.0,-59125390.0,1679.0,1.0,226.0,-7.0,,2026-07-24T11:48:33.059504+08:00
919,2023-06-09,-42105661.0,-314000.0,0.0,-42419661.0,5778.0,1.0,4099.0,0.0,,2026-07-24T11:48:33.059504+08:00
919,2023-06-12,-57610850.0,-1727850.0,0.0,-59338700.0,6244.0,0.0,466.0,-1.0,,2026-07-24T11:48:33.059504+08:00
919,2023-06-13,-51156376.0,-228001.0,0.0,-51384377.0,7317.0,0.0,1073.0,0.0,,2026-07-24T11:48:33.059504+08:00
919,2023-06-14,-49378291.0,-4249861.0,0.0,-53628152.0,8613.0,0.0,1296.0,0.0,,2026-07-24T11:48:33.059504+08:00
919,2023-06-15,-56696034.0,-16536314.0,0.0,-73232348.0,9280.0,0.0,667.0,0.0,,2026-07-24T11:48:33.059504+08:00
919,2023-06-16,-51912586.0,-3495527.0,0.0,-55408113.0,5201.0,2.0,-4079.0,2.0,,2026-07-24T11:48:33.059504+08:00
919,2023-06-19,-4377613.0,649850.0,0.0,-3727763.0,4267.0,2.0,-934.0,0.0,,2026-07-24T11:48:33.059504+08:00
919,2023-06-20,-1057202.0,2168025.0,0.0,1110823.0,4235.0,15.0,-32.0,13.0,,2026-07-24T11:48:33.059504+08:00
919,2023-06-21,-5493319.0,-50000.0,0.0,-5543319.0,4319.0,15.0,84.0,0.0,,2026-07-24T11:48:33.059504+08:00
919,2023-06-26,-2892867.0,-20920.0,0.0,-2913787.0,4265.0,15.0,-54.0,0.0,,2026-07-24T11:48:33.059504+08:00
919,2023-06-27,-8310753.0,-2327000.0,0.0,-10637753.0,4224.0,15.0,-41.0,0.0,,2026-07-24T11:48:33.059504+08:00
919,2023-06-28,-6681622.0,-10100.0,0.0,-6691722.0,4073.0,10.0,-151.0,-5.0,,2026-07-24T11:48:33.059504+08:00
919,2023-06-29,-9564097.0,-419800.0,0.0,-9983897.0,3818.0,11.0,-255.0,1.0,,2026-07-24T11:48:33.059504+08:00
919,2023-06-30,-765640.0,-1283000.0,0.0,-2048640.0,3915.0,10.0,97.0,-1.0,,2026-07-24T11:48:33.059504+08:00
919,2023-07-03,10616964.0,159601.0,0.0,10776565.0,3313.0,12.0,-602.0,2.0,,2026-07-24T11:48:33.059504+08:00
919,2023-07-04,17388850.0,138250.0,0.0,17527100.0,2806.0,19.0,-507.0,7.0,,2026-07-24T11:48:33.059504+08:00
919,2023-07-05,3091368.0,274045.0,0.0,3365413.0,2622.0,18.0,-184.0,-1.0,,2026-07-24T11:48:33.059504+08:00
919,2023-07-06,-1382491.0,261160.0,0.0,-1121331.0,2588.0,24.0,-34.0,6.0,,2026-07-24T11:48:33.059504+08:00
919,2023-07-07,475557.0,13151.0,0.0,488708.0,2591.0,24.0,3.0,0.0,,2026-07-24T11:48:33.059504+08:00
919,2023-07-10,-3188459.0,-185003.0,0.0,-3373462.0,2731.0,34.0,140.0,10.0,,2026-07-24T11:48:33.059504+08:00
919,2023-07-11,2749064.0,-20000.0,0.0,2729064.0,2628.0,19.0,-103.0,-15.0,,2026-07-24T11:48:33.059504+08:00
919,2023-07-12,2243932.0,-32900.0,0.0,2211032.0,2579.0,14.0,-49.0,-5.0,,2026-07-24T11:48:33.059504+08:00
919,2023-07-13,12874259.0,4359000.0,0.0,17233259.0,2549.0,14.0,-30.0,0.0,,2026-07-24T11:48:33.059504+08:00
919,2023-07-14,19482729.0,-122900.0,0.0,19359829.0,2056.0,16.0,-493.0,2.0,,2026-07-24T11:48:33.059504+08:00
919,2023-07-17,6118453.0,160235.0,0.0,6278688.0,2086.0,16.0,30.0,0.0,,2026-07-24T11:48:33.059504+08:00
919,2023-07-18,7771709.0,523978.0,0.0,8295687.0,1963.0,17.0,-123.0,1.0,,2026-07-24T11:48:33.059504+08:00
919,2023-07-19,3513290.0,1159060.0,0.0,4672350.0,2164.0,17.0,201.0,0.0,,2026-07-24T11:48:33.059504+08:00
919,2023-07-20,-259776.0,-12985.0,0.0,-272761.0,2056.0,19.0,-108.0,2.0,,2026-07-24T11:48:33.059504+08:00
919,2023-07-21,-3416142.0,-880000.0,0.0,-4296142.0,2084.0,22.0,28.0,3.0,,2026-07-24T11:48:33.059504+08:00
919,2023-07-24,1578938.0,614000.0,0.0,2192938.0,1984.0,24.0,-100.0,2.0,,2026-07-24T11:48:33.059504+08:00
919,2023-07-25,19057.0,583097.0,0.0,602154.0,2110.0,18.0,126.0,-6.0,,2026-07-24T11:48:33.059504+08:00
919,2023-07-26,-3238632.0,35000.0,0.0,-3203632.0,2193.0,17.0,83.0,-1.0,,2026-07-24T11:48:33.059504+08:00
919,2023-07-27,-2207183.0,373000.0,0.0,-1834183.0,2194.0,20.0,1.0,3.0,,2026-07-24T11:48:33.059504+08:00
919,2023-07-28,-2984054.0,-1814000.0,0.0,-4798054.0,2261.0,48.0,67.0,28.0,,2026-07-24T11:48:33.059504+08:00
919,2023-07-31,-3424116.0,-1509945.0,0.0,-4934061.0,1885.0,38.0,-376.0,-10.0,,2026-07-24T11:48:33.059504+08:00
919,2023-08-01,501284.0,-2437889.0,0.0,-1936605.0,1792.0,38.0,-93.0,0.0,,2026-07-24T11:48:33.059504+08:00
919,2023-08-02,-3556193.0,-3848849.0,0.0,-7405042.0,1656.0,38.0,-136.0,0.0,,2026-07-24T11:48:33.059504+08:00
919,2023-08-04,-1839328.0,-951990.0,0.0,-2791318.0,1687.0,38.0,31.0,0.0,,2026-07-24T11:48:33.059504+08:00
919,2023-08-07,-568937.0,223000.0,0.0,-345937.0,1642.0,38.0,-45.0,0.0,,2026-07-24T11:48:33.059504+08:00
919,2023-08-08,-2731786.0,-2371995.0,0.0,-5103781.0,1587.0,40.0,-55.0,2.0,,2026-07-24T11:48:33.059504+08:00
919,2023-08-09,-6313429.0,-1028995.0,0.0,-7342424.0,1634.0,45.0,47.0,5.0,,2026-07-24T11:48:33.059504+08:00
919,2023-08-10,-17261006.0,-511800.0,0.0,-17772806.0,1715.0,57.0,81.0,12.0,,2026-07-24T11:48:33.059504+08:00
919,2023-08-11,-825209.0,280010.0,0.0,-545199.0,1693.0,60.0,-22.0,3.0,,2026-07-24T11:48:33.059504+08:00
919,2023-08-14,-8620804.0,-19975.0,0.0,-8640779.0,1693.0,48.0,0.0,-12.0,,2026-07-24T11:48:33.059504+08:00
919,2023-08-15,119522.0,181983.0,0.0,301505.0,1696.0,48.0,3.0,0.0,,2026-07-24T11:48:33.059504+08:00
919,2023-08-16,-781710.0,-302994.0,0.0,-1084704.0,1752.0,42.0,56.0,-6.0,,2026-07-24T11:48:33.059504+08:00
919,2023-08-17,-1332953.0,-592694.0,0.0,-1925647.0,1666.0,42.0,-86.0,0.0,,2026-07-24T11:48:33.059504+08:00
919,2023-08-18,-8163272.0,190154.0,0.0,-7973118.0,2049.0,42.0,383.0,0.0,,2026-07-24T11:48:33.059504+08:00
919,2023-08-21,-6820727.0,-447857.0,0.0,-7268584.0,2125.0,42.0,76.0,0.0,,2026-07-24T11:48:33.059504+08:00
919,2023-08-22,-1335887.0,91839.0,0.0,-1244048.0,2099.0,42.0,-26.0,0.0,,2026-07-24T11:48:33.059504+08:00
919,2023-08-23,-3917639.0,331043.0,0.0,-3586596.0,2119.0,42.0,20.0,0.0,,2026-07-24T11:48:33.059504+08:00
919,2023-08-24,-32536531.0,-1874648.0,0.0,-34411179.0,2419.0,42.0,300.0,0.0,,2026-07-24T11:48:33.059504+08:00
919,2023-08-25,-36670120.0,-5460795.0,0.0,-42130915.0,2678.0,47.0,259.0,5.0,,2026-07-24T11:48:33.059504+08:00
919,2023-08-28,-21770433.0,342763.0,0.0,-21427670.0,2580.0,47.0,-98.0,0.0,,2026-07-24T11:48:33.059504+08:00
919,2023-08-29,-21743061.0,510795.0,0.0,-21232266.0,2709.0,47.0,129.0,0.0,,2026-07-24T11:48:33.059504+08:00
919,2023-08-30,-14540512.0,-452958.0,0.0,-14993470.0,3283.0,47.0,574.0,0.0,,2026-07-24T11:48:33.059504+08:00
919,2023-08-31,-16895794.0,-80458.0,0.0,-16976252.0,3233.0,47.0,-50.0,0.0,,2026-07-24T11:48:33.059504+08:00
919,2023-09-01,-62977227.0,-13135378.0,0.0,-76112605.0,3685.0,49.0,452.0,2.0,,2026-07-24T11:48:33.059504+08:00
919,2023-09-04,-36002232.0,-260885.0,0.0,-36263117.0,3796.0,60.0,111.0,11.0,,2026-07-24T11:48:33.059504+08:00
919,2023-09-05,-51744156.0,-1528526.0,0.0,-53272682.0,5174.0,49.0,1378.0,-11.0,,2026-07-24T11:48:33.059504+08:00
919,2023-09-06,-36247891.0,-7179309.0,0.0,-43427200.0,4663.0,47.0,-511.0,-2.0,,2026-07-24T11:48:33.059504+08:00
919,2023-09-07,-65125402.0,-11410309.0,0.0,-76535711.0,5111.0,48.0,448.0,1.0,,2026-07-24T11:48:33.059504+08:00
919,2023-09-08,-73961499.0,-8069399.0,0.0,-82030898.0,5892.0,40.0,781.0,-8.0,,2026-07-24T11:48:33.059504+08:00
919,2023-09-11,-111544452.0,-13305332.0,0.0,-124849784.0,6410.0,50.0,518.0,10.0,,2026-07-24T11:48:33.059504+08:00
919,2023-09-12,-50484566.0,2808388.0,0.0,-47676178.0,6614.0,8.0,204.0,-42.0,,2026-07-24T11:48:33.059504+08:00
919,2023-09-13,-78394490.0,-2665759.0,0.0,-81060249.0,6960.0,0.0,346.0,-8.0,,2026-07-24T11:48:33.059504+08:00
919,2023-09-14,-57226422.0,-4859117.0,0.0,-62085539.0,7159.0,0.0,199.0,0.0,,2026-07-24T11:48:33.059504+08:00
919,2023-09-15,-36604522.0,-20343460.0,0.0,-56947982.0,8564.0,0.0,1405.0,0.0,,2026-07-24T11:48:33.059504+08:00
919,2023-09-18,-127844872.0,-4546386.0,0.0,-132391258.0,8355.0,14.0,-209.0,14.0,,2026-07-24T11:48:33.059504+08:00
919,2023-09-19,-44998878.0,-269489.0,0.0,-45268367.0,8276.0,26.0,-79.0,12.0,,2026-07-24T11:48:33.059504+08:00
919,2023-09-20,-61138575.0,-8276877.0,0.0,-69415452.0,7814.0,18.0,-462.0,-8.0,,2026-07-24T11:48:33.059504+08:00
919,2023-09-21,-37436892.0,-10636258.0,0.0,-48073150.0,8394.0,35.0,580.0,17.0,,2026-07-24T11:48:33.059504+08:00
919,2023-09-22,-31583027.0,-1302418.0,0.0,-32885445.0,8644.0,30.0,250.0,-5.0,,2026-07-24T11:48:33.059504+08:00
919,2023-09-25,-27372525.0,-1704913.0,0.0,-29077438.0,8875.0,157.0,231.0,127.0,,2026-07-24T11:48:33.059504+08:00
919,2023-09-26,-37538510.0,-2584418.0,0.0,-40122928.0,8672.0,154.0,-203.0,-3.0,,2026-07-24T11:48:33.059504+08:00
919,2023-09-27,-24239019.0,108923.0,0.0,-24130096.0,8717.0,180.0,45.0,26.0,,2026-07-24T11:48:33.059504+08:00
919,2023-09-28,-13458405.0,1212542.0,0.0,-12245863.0,8756.0,155.0,39.0,-25.0,,2026-07-24T11:48:33.059504+08:00
919,2023-10-02,-7291028.0,-29474.0,0.0,-7320502.0,8851.0,146.0,95.0,-9.0,,2026-07-24T11:48:33.059504+08:00
919,2023-10-03,-19495971.0,393392.0,0.0,-19102579.0,8817.0,180.0,-34.0,34.0,,2026-07-24T11:48:33.059504+08:00
919,2023-10-04,-19479779.0,-1917458.0,0.0,-21397237.0,8943.0,171.0,126.0,-9.0,,2026-07-24T11:48:33.059504+08:00
919,2023-10-05,-1954847.0,3167382.0,0.0,1212535.0,8282.0,173.0,-661.0,2.0,,2026-07-24T11:48:33.059504+08:00
919,2023-10-06,-12335157.0,352976.0,0.0,-11982181.0,7888.0,171.0,-394.0,-2.0,,2026-07-24T11:48:33.059504+08:00
919,2023-10-11,-28303278.0,815694.0,0.0,-27487584.0,7345.0,137.0,-543.0,-34.0,,2026-07-24T11:48:33.059504+08:00
919,2023-10-12,-9094117.0,-250543.0,0.0,-9344660.0,7317.0,134.0,-28.0,-3.0,,2026-07-24T11:48:33.059504+08:00
919,2023-10-13,-19582220.0,-283843.0,0.0,-19866063.0,7191.0,139.0,-126.0,5.0,,2026-07-24T11:48:33.059504+08:00
919,2023-10-16,-22712519.0,-1884942.0,0.0,-24597461.0,6915.0,140.0,-276.0,1.0,,2026-07-24T11:48:33.059504+08:00
919,2023-10-17,-7254563.0,1014372.0,0.0,-6240191.0,6977.0,139.0,62.0,-1.0,,2026-07-24T11:48:33.059504+08:00
919,2023-10-18,-36660953.0,-2379144.0,0.0,-39040097.0,7039.0,139.0,62.0,0.0,,2026-07-24T11:48:33.059504+08:00
919,2023-10-19,-14716434.0,-1281535.0,0.0,-15997969.0,7121.0,139.0,82.0,0.0,,2026-07-24T11:48:33.059504+08:00
919,2023-10-20,-19657941.0,-2645211.0,0.0,-22303152.0,7104.0,145.0,-17.0,6.0,,2026-07-24T11:48:33.059504+08:00
919,2023-10-23,-30865078.0,-2819942.0,0.0,-33685020.0,7248.0,163.0,144.0,18.0,,2026-07-24T11:48:33.059504+08:00
919,2023-10-24,-14326047.0,-453458.0,0.0,-14779505.0,7160.0,163.0,-88.0,0.0,,2026-07-24T11:48:33.059504+08:00
919,2023-10-25,-10024480.0,1171100.0,0.0,-8853380.0,7067.0,163.0,-93.0,0.0,,2026-07-24T11:48:33.059504+08:00
919,2023-10-26,-38536062.0,-7576088.0,0.0,-46112150.0,7315.0,278.0,248.0,115.0,,2026-07-24T11:48:33.059504+08:00
919,2023-10-27,-13128401.0,-7145.0,0.0,-13135546.0,7252.0,279.0,-63.0,1.0,,2026-07-24T11:48:33.059504+08:00
919,2023-10-30,-5662913.0,3294561.0,0.0,-2368352.0,7334.0,293.0,82.0,14.0,,2026-07-24T11:48:33.059504+08:00
919,2023-10-31,-23196506.0,-2114250.0,0.0,-25310756.0,7424.0,272.0,90.0,-21.0,,2026-07-24T11:48:33.059504+08:00
919,2023-11-01,-3937239.0,285000.0,0.0,-3652239.0,7521.0,273.0,97.0,1.0,,2026-07-24T11:48:33.059504+08:00
919,2023-11-02,5927906.0,6684999.0,0.0,12612905.0,7279.0,133.0,-242.0,-140.0,,2026-07-24T11:48:33.059504+08:00
919,2023-11-03,-4855241.0,409297.0,0.0,-4445944.0,7336.0,129.0,57.0,-4.0,,2026-07-24T11:48:33.059504+08:00
919,2023-11-06,-775605.0,1750360.0,0.0,974755.0,6724.0,273.0,-612.0,144.0,,2026-07-24T11:48:33.059504+08:00
919,2023-11-07,-3471323.0,-498890.0,0.0,-3970213.0,6481.0,284.0,-243.0,11.0,,2026-07-24T11:48:33.059504+08:00
919,2023-11-08,-1836245.0,1588735.0,0.0,-247510.0,6518.0,283.0,37.0,-1.0,,2026-07-24T11:48:33.059504+08:00
919,2023-11-09,-917904.0,415928.0,0.0,-501976.0,6451.0,192.0,-67.0,-91.0,,2026-07-24T11:48:33.059504+08:00
919,2023-11-10,-12236239.0,-2009995.0,0.0,-14246234.0,6562.0,190.0,111.0,-2.0,,2026-07-24T11:48:33.059504+08:00
919,2023-11-13,1795004.0,-377648.0,0.0,1417356.0,6540.0,208.0,-22.0,18.0,,2026-07-24T11:48:33.059504+08:00
919,2023-11-14,4986243.0,2530500.0,0.0,7516743.0,6561.0,264.0,21.0,56.0,,2026-07-24T11:48:33.059504+08:00
919,2023-11-15,1129838.0,4066325.0,0.0,5196163.0,6686.0,259.0,125.0,-5.0,,2026-07-24T11:48:33.059504+08:00
919,2023-11-16,-8778425.0,381946.0,0.0,-8396479.0,6685.0,279.0,-1.0,20.0,,2026-07-24T11:48:33.059504+08:00
919,2023-11-17,1990829.0,-636900.0,0.0,1353929.0,6233.0,283.0,-452.0,4.0,,2026-07-24T11:48:33.059504+08:00
919,2023-11-20,-8516910.0,-2490394.0,0.0,-11007304.0,6219.0,276.0,-14.0,-7.0,,2026-07-24T11:48:33.059504+08:00
919,2023-11-21,-7697556.0,-2101.0,0.0,-7699657.0,6102.0,281.0,-117.0,5.0,,2026-07-24T11:48:33.059504+08:00
919,2023-11-22,-28669070.0,-6156200.0,0.0,-34825270.0,6341.0,279.0,239.0,-2.0,,2026-07-24T11:48:33.059504+08:00
919,2023-11-23,-38381153.0,-4354350.0,0.0,-42735503.0,7394.0,278.0,1053.0,-1.0,,2026-07-24T11:48:33.059504+08:00
919,2023-11-24,-13786995.0,-699490.0,0.0,-14486485.0,7447.0,278.0,53.0,0.0,,2026-07-24T11:48:33.059504+08:00
919,2023-11-27,-35052878.0,-9073760.0,0.0,-44126638.0,7404.0,551.0,-43.0,273.0,,2026-07-24T11:48:33.059504+08:00
919,2023-11-28,-12628046.0,-1667000.0,0.0,-14295046.0,7728.0,553.0,324.0,2.0,,2026-07-24T11:48:33.059504+08:00
919,2023-11-29,-15051554.0,3101000.0,0.0,-11950554.0,7993.0,191.0,265.0,-362.0,,2026-07-24T11:48:33.059504+08:00
919,2023-11-30,-25837406.0,-2403160.0,0.0,-28240566.0,8257.0,319.0,264.0,128.0,,2026-07-24T11:48:33.059504+08:00
919,2023-12-01,-62541191.0,-14508300.0,0.0,-77049491.0,11259.0,275.0,3002.0,-44.0,,2026-07-24T11:48:33.059504+08:00
919,2023-12-04,-55198711.0,-8421143.0,0.0,-63619854.0,11581.0,283.0,322.0,8.0,,2026-07-24T11:48:33.059504+08:00
919,2023-12-05,-90827512.0,-13909478.0,0.0,-104736990.0,10540.0,754.0,-1041.0,471.0,,2026-07-24T11:48:33.059504+08:00
919,2023-12-06,-45448223.0,-3932240.0,0.0,-49380463.0,10812.0,587.0,272.0,-167.0,,2026-07-24T11:48:33.059504+08:00
919,2023-12-07,-111333779.0,-19854120.0,0.0,-131187899.0,11023.0,177.0,211.0,-410.0,,2026-07-24T11:48:33.059504+08:00
919,2023-12-08,-58468195.0,-4075389.0,0.0,-62543584.0,11335.0,83.0,312.0,-94.0,,2026-07-24T11:48:33.059504+08:00
919,2023-12-11,-102930544.0,-17136274.0,0.0,-120066818.0,12365.0,36.0,1030.0,-47.0,,2026-07-24T11:48:33.059504+08:00
919,2023-12-12,-100255495.0,-16030206.0,0.0,-116285701.0,13370.0,0.0,1005.0,-36.0,,2026-07-24T11:48:33.059504+08:00
919,2023-12-13,-120608573.0,-20145055.0,0.0,-140753628.0,14922.0,0.0,1552.0,0.0,,2026-07-24T11:48:33.059504+08:00
919,2023-12-14,-103320353.0,-10920955.0,0.0,-114241308.0,18477.0,0.0,3555.0,0.0,,2026-07-24T11:48:33.059504+08:00
919,2023-12-15,-63037354.0,-11201450.0,0.0,-74238804.0,14409.0,0.0,-4068.0,0.0,,2026-07-24T11:48:33.059504+08:00
919,2023-12-18,-89990965.0,-10013646.0,0.0,-100004611.0,12061.0,273.0,-2348.0,273.0,,2026-07-24T11:48:33.059504+08:00
919,2023-12-19,-48946620.0,-9466173.0,0.0,-58412793.0,11953.0,288.0,-108.0,15.0,,2026-07-24T11:48:33.059504+08:00
919,2023-12-20,-58809946.0,-3702443.0,0.0,-62512389.0,12328.0,271.0,375.0,-17.0,,2026-07-24T11:48:33.059504+08:00
919,2023-12-21,-96384911.0,-9934854.0,0.0,-106319765.0,12529.0,213.0,201.0,-58.0,,2026-07-24T11:48:33.059504+08:00
919,2023-12-22,-31798129.0,-4021536.0,0.0,-35819665.0,12466.0,255.0,-63.0,42.0,,2026-07-24T11:48:33.059504+08:00
919,2023-12-25,-95981509.0,-8594838.0,0.0,-104576347.0,12590.0,201.0,124.0,-54.0,,2026-07-24T11:48:33.059504+08:00
919,2023-12-26,-25849883.0,-940448.0,0.0,-26790331.0,12967.0,202.0,377.0,1.0,,2026-07-24T11:48:33.059504+08:00
919,2023-12-27,-35038966.0,-2001551.0,0.0,-37040517.0,12627.0,206.0,-340.0,4.0,,2026-07-24T11:48:33.059504+08:00
919,2023-12-28,-58538555.0,-3879459.0,0.0,-62418014.0,12802.0,204.0,175.0,-2.0,,2026-07-24T11:48:33.059504+08:00
919,2023-12-29,-25247136.0,-1254073.0,0.0,-26501209.0,13059.0,212.0,257.0,8.0,,2026-07-24T11:48:33.059504+08:00
919,2024-01-02,-42519104.0,-286898.0,0.0,-42806002.0,13148.0,262.0,89.0,50.0,,2026-07-24T11:48:33.059504+08:00
919,2024-01-03,-76621369.0,-1304670.0,0.0,-77926039.0,13220.0,1940.0,72.0,1678.0,,2026-07-24T11:48:33.059504+08:00
919,2024-01-04,-14209270.0,1443456.0,0.0,-12765814.0,13043.0,1146.0,-177.0,-794.0,,2026-07-24T11:48:33.059504+08:00
919,2024-01-05,-48695175.0,-205268.0,0.0,-48900443.0,13171.0,1150.0,128.0,4.0,,2026-07-24T11:48:33.059504+08:00
919,2024-01-08,-37566813.0,-6739295.0,0.0,-44306108.0,12684.0,209.0,-487.0,-941.0,,2026-07-24T11:48:33.059504+08:00
919,2024-01-09,-126910880.0,-3288921.0,0.0,-130199801.0,12870.0,496.0,186.0,287.0,,2026-07-24T11:48:33.059504+08:00
919,2024-01-10,-39348975.0,-3220340.0,0.0,-42569315.0,12018.0,511.0,-852.0,15.0,,2026-07-24T11:48:33.059504+08:00
919,2024-01-11,-47608739.0,64310.0,0.0,-47544429.0,12166.0,508.0,148.0,-3.0,,2026-07-24T11:48:33.059504+08:00
919,2024-01-12,-21345562.0,815002.0,0.0,-20530560.0,12161.0,567.0,-5.0,59.0,,2026-07-24T11:48:33.059504+08:00
919,2024-01-15,-4773284.0,1438458.0,0.0,-3334826.0,11854.0,649.0,-307.0,82.0,,2026-07-24T11:48:33.059504+08:00
919,2024-01-16,-41720522.0,-3532847.0,0.0,-45253369.0,12112.0,608.0,258.0,-41.0,,2026-07-24T11:48:33.059504+08:00
919,2024-01-17,-112464665.0,-19339843.0,0.0,-131804508.0,11959.0,614.0,-153.0,6.0,,2026-07-24T11:48:33.059504+08:00
919,2024-01-18,-35988524.0,-5189005.0,0.0,-41177529.0,12349.0,519.0,390.0,-95.0,,2026-07-24T11:48:33.059504+08:00
919,2024-01-19,-20768909.0,-516750.0,0.0,-21285659.0,12254.0,197.0,-95.0,-322.0,,2026-07-24T11:48:33.059504+08:00
919,2024-01-22,-16321563.0,-506875.0,0.0,-16828438.0,11921.0,208.0,-333.0,11.0,,2026-07-24T11:48:33.059504+08:00
919,2024-01-23,-4619972.0,6394225.0,0.0,1774253.0,11652.0,208.0,-269.0,0.0,,2026-07-24T11:48:33.059504+08:00
919,2024-01-24,-3933354.0,3768033.0,0.0,-165321.0,11394.0,184.0,-258.0,-24.0,,2026-07-24T11:48:33.059504+08:00
919,2024-01-25,-3239544.0,10974125.0,0.0,7734581.0,10892.0,179.0,-502.0,-5.0,,2026-07-24T11:48:33.059504+08:00
919,2024-01-26,-36523623.0,-3174902.0,0.0,-39698525.0,12383.0,182.0,1491.0,3.0,,2026-07-24T11:48:33.059504+08:00
919,2024-01-29,-2144421.0,1885073.0,0.0,-259348.0,12296.0,174.0,-87.0,-8.0,,2026-07-24T11:48:33.059504+08:00
919,2024-01-30,-3993012.0,2715126.0,0.0,-1277886.0,12380.0,175.0,84.0,1.0,,2026-07-24T11:48:33.059504+08:00
919,2024-01-31,-7213792.0,-162623.0,0.0,-7376415.0,12158.0,163.0,-222.0,-12.0,,2026-07-24T11:48:33.059504+08:00
919,2024-02-01,-6065240.0,-2262519.0,0.0,-8327759.0,12365.0,168.0,207.0,5.0,,2026-07-24T11:48:33.059504+08:00
919,2024-02-02,-20815739.0,-172697.0,0.0,-20988436.0,12145.0,168.0,-220.0,0.0,,2026-07-24T11:48:33.059504+08:00
919,2024-02-05,-27804055.0,-9248443.0,0.0,-37052498.0,12191.0,163.0,46.0,-5.0,,2026-07-24T11:48:33.059504+08:00
919,2024-02-15,-10568372.0,2681061.0,0.0,-7887311.0,11902.0,146.0,-289.0,-17.0,,2026-07-24T11:48:33.059504+08:00
919,2024-02-16,-15666754.0,7915968.0,0.0,-7750786.0,11153.0,147.0,-749.0,1.0,,2026-07-24T11:48:33.059504+08:00
919,2024-02-19,-35643380.0,-344017.0,0.0,-35987397.0,11392.0,164.0,239.0,17.0,,2026-07-24T11:48:33.059504+08:00
919,2024-02-20,12078306.0,17951203.0,0.0,30029509.0,10547.0,194.0,-845.0,30.0,,2026-07-24T11:48:33.059504+08:00
919,2024-02-21,-4902751.0,-3085860.0,0.0,-7988611.0,10903.0,191.0,356.0,-3.0,,2026-07-24T11:48:33.059504+08:00
919,2024-02-22,7537298.0,735147.0,0.0,8272445.0,11505.0,224.0,602.0,33.0,,2026-07-24T11:48:33.059504+08:00
919,2024-02-23,-12928691.0,-14405029.0,0.0,-27333720.0,11161.0,262.0,-344.0,38.0,,2026-07-24T11:48:33.059504+08:00
919,2024-02-26,-31607455.0,-7521824.0,0.0,-39129279.0,11508.0,269.0,347.0,7.0,,2026-07-24T11:48:33.059504+08:00
919,2024-02-27,-32546733.0,-15999177.0,0.0,-48545910.0,11862.0,272.0,354.0,3.0,,2026-07-24T11:48:33.059504+08:00
919,2024-02-29,-48803387.0,-8976731.0,0.0,-57780118.0,12895.0,281.0,1033.0,9.0,,2026-07-24T11:48:33.059504+08:00
919,2024-03-01,-206340637.0,-30009161.0,0.0,-236349798.0,14800.0,328.0,1905.0,47.0,,2026-07-24T11:48:33.059504+08:00
919,2024-03-04,-59485967.0,-17495025.0,0.0,-76980992.0,15682.0,356.0,882.0,28.0,,2026-07-24T11:48:33.059504+08:00
919,2024-03-05,-77477725.0,-11960677.0,0.0,-89438402.0,15849.0,322.0,167.0,-34.0,,2026-07-24T11:48:33.059504+08:00
919,2024-03-06,-104109887.0,-23097832.0,0.0,-127207719.0,17721.0,291.0,1872.0,-31.0,,2026-07-24T11:48:33.059504+08:00
919,2024-03-07,-76256384.0,-18680987.0,0.0,-94937371.0,20302.0,281.0,2581.0,-10.0,,2026-07-24T11:48:33.059504+08:00
919,2024-03-08,-82869447.0,-8268831.0,0.0,-91138278.0,22315.0,335.0,2013.0,54.0,,2026-07-24T11:48:33.059504+08:00
919,2024-03-11,-66476637.0,-9637831.0,0.0,-76114468.0,23008.0,200.0,693.0,-135.0,,2026-07-24T11:48:33.059504+08:00
919,2024-03-12,-54270911.0,-1543144.0,0.0,-55814055.0,25135.0,1.0,2127.0,-199.0,,2026-07-24T11:48:33.059504+08:00
919,2024-03-13,-147770883.0,-46544246.0,0.0,-194315129.0,40041.0,0.0,14906.0,-1.0,,2026-07-24T11:48:33.059504+08:00
919,2024-03-14,-163883435.0,-74928090.0,0.0,-238811525.0,34517.0,0.0,-5524.0,0.0,,2026-07-24T11:48:33.059504+08:00
919,2024-03-15,-192246791.0,-37500291.0,0.0,-229747082.0,34209.0,0.0,-308.0,0.0,,2026-07-24T11:48:33.059504+08:00
919,2024-03-18,-126179937.0,-607654.0,0.0,-126787591.0,33856.0,136.0,-353.0,136.0,,2026-07-24T11:48:33.059504+08:00
919,2024-03-19,-60287531.0,10896254.0,0.0,-49391277.0,41002.0,341.0,7146.0,205.0,,2026-07-24T11:48:33.059504+08:00
919,2024-03-20,-133692408.0,-46597383.0,0.0,-180289791.0,49919.0,758.0,8917.0,417.0,,2026-07-24T11:48:33.059504+08:00
919,2024-03-21,-53122601.0,-523495.0,0.0,-53646096.0,50584.0,1877.0,665.0,1119.0,,2026-07-24T11:48:33.059504+08:00
919,2024-03-22,-35018388.0,10902892.0,0.0,-24115496.0,47734.0,1860.0,-2850.0,-17.0,,2026-07-24T11:48:33.059504+08:00
919,2024-03-25,-21131698.0,-20330224.0,0.0,-41461922.0,49009.0,1808.0,1275.0,-52.0,,2026-07-24T11:48:33.059504+08:00
919,2024-03-26,-22354271.0,-18345559.0,0.0,-40699830.0,46195.0,2176.0,-2814.0,368.0,,2026-07-24T11:48:33.059504+08:00
919,2024-03-27,4525371.0,-9853424.0,0.0,-5328053.0,47852.0,1441.0,1657.0,-735.0,,2026-07-24T11:48:33.059504+08:00
919,2024-03-28,-55396330.0,15293772.0,0.0,-40102558.0,51081.0,1633.0,3229.0,192.0,,2026-07-24T11:48:33.059504+08:00
919,2024-03-29,-25276952.0,34018508.0,0.0,8741556.0,44931.0,2343.0,-6150.0,710.0,,2026-07-24T11:48:33.059504+08:00
919,2024-04-01,-46771138.0,6816871.0,0.0,-39954267.0,43226.0,2283.0,-1705.0,-60.0,,2026-07-24T11:48:33.059504+08:00
919,2024-04-02,7719499.0,13391219.0,0.0,21110718.0,36785.0,2375.0,-6441.0,92.0,,2026-07-24T11:48:33.059504+08:00
919,2024-04-03,1777974.0,-6712261.0,0.0,-4934287.0,36254.0,2258.0,-531.0,-117.0,,2026-07-24T11:48:33.059504+08:00
919,2024-04-08,-19216462.0,-24858387.0,0.0,-44074849.0,35922.0,1736.0,-332.0,-522.0,,2026-07-24T11:48:33.059504+08:00
919,2024-04-09,-6771506.0,-513580.0,0.0,-7285086.0,35438.0,1739.0,-484.0,3.0,,2026-07-24T11:48:33.059504+08:00
919,2024-04-10,511187.0,4414064.0,0.0,4925251.0,34744.0,1772.0,-694.0,33.0,,2026-07-24T11:48:33.059504+08:00
919,2024-04-11,-102854.0,-8376588.0,0.0,-8479442.0,34560.0,1804.0,-184.0,32.0,,2026-07-24T11:48:33.059504+08:00
919,2024-04-12,3120040.0,1253390.0,0.0,4373430.0,33486.0,1807.0,-1074.0,3.0,,2026-07-24T11:48:33.059504+08:00
919,2024-04-15,-15549090.0,-2951648.0,0.0,-18500738.0,32462.0,1934.0,-1024.0,127.0,,2026-07-24T11:48:33.059504+08:00
919,2024-04-16,-106438381.0,-48361865.0,0.0,-154800246.0,32277.0,1687.0,-185.0,-247.0,,2026-07-24T11:48:33.059504+08:00
919,2024-04-17,-14599522.0,-6240205.0,0.0,-20839727.0,31832.0,1585.0,-445.0,-102.0,,2026-07-24T11:48:33.059504+08:00
919,2024-04-18,-19252174.0,340099.0,0.0,-18912075.0,31351.0,1650.0,-481.0,65.0,,2026-07-24T11:48:33.059504+08:00
919,2024-04-19,-58745693.0,-25696584.0,0.0,-84442277.0,31126.0,1560.0,-225.0,-90.0,,2026-07-24T11:48:33.059504+08:00
919,2024-04-22,-39089675.0,-9263087.0,0.0,-48352762.0,30429.0,1576.0,-697.0,16.0,,2026-07-24T11:48:33.059504+08:00
919,2024-04-23,-21663638.0,-1926188.0,0.0,-23589826.0,30010.0,1596.0,-419.0,20.0,,2026-07-24T11:48:33.059504+08:00
919,2024-04-24,-13333598.0,3541816.0,0.0,-9791782.0,29796.0,1613.0,-214.0,17.0,,2026-07-24T11:48:33.059504+08:00
919,2024-04-25,-20981204.0,-4574173.0,0.0,-25555377.0,29708.0,1477.0,-88.0,-136.0,,2026-07-24T11:48:33.059504+08:00
919,2024-04-26,-9242543.0,2980204.0,0.0,-6262339.0,29302.0,1491.0,-406.0,14.0,,2026-07-24T11:48:33.059504+08:00
919,2024-04-29,-15045946.0,5125994.0,0.0,-9919952.0,29342.0,1526.0,40.0,35.0,,2026-07-24T11:48:33.059504+08:00
919,2024-04-30,-21378338.0,-2993827.0,0.0,-24372165.0,30008.0,1531.0,666.0,5.0,,2026-07-24T11:48:33.059504+08:00
919,2024-05-02,-26109274.0,2482421.0,0.0,-23626853.0,30148.0,1417.0,140.0,-114.0,,2026-07-24T11:48:33.059504+08:00
919,2024-05-03,-14957283.0,3087555.0,0.0,-11869728.0,30201.0,1647.0,53.0,230.0,,2026-07-24T11:48:33.059504+08:00
919,2024-05-06,-6354263.0,3290832.0,0.0,-3063431.0,30041.0,1666.0,-160.0,19.0,,2026-07-24T11:48:33.059504+08:00
919,2024-05-07,-9241557.0,2905267.0,0.0,-6336290.0,30426.0,1640.0,385.0,-26.0,,2026-07-24T11:48:33.059504+08:00
919,2024-05-08,-17449922.0,995245.0,0.0,-16454677.0,29922.0,1650.0,-504.0,10.0,,2026-07-24T11:48:33.059504+08:00
919,2024-05-09,-7281538.0,3190388.0,0.0,-4091150.0,29971.0,1639.0,49.0,-11.0,,2026-07-24T11:48:33.059504+08:00
919,2024-05-10,-6454707.0,965166.0,0.0,-5489541.0,29455.0,1688.0,-516.0,49.0,,2026-07-24T11:48:33.059504+08:00
919,2024-05-13,-12441016.0,-5495398.0,0.0,-17936414.0,29178.0,1726.0,-277.0,38.0,,2026-07-24T11:48:33.059504+08:00
919,2024-05-14,18461572.0,-15923764.0,0.0,2537808.0,29153.0,1713.0,-25.0,-13.0,,2026-07-24T11:48:33.059504+08:00
919,2024-05-15,-16761698.0,-30934025.0,0.0,-47695723.0,29335.0,750.0,182.0,-963.0,,2026-07-24T11:48:33.059504+08:00
919,2024-05-16,33288440.0,-3567598.0,0.0,29720842.0,29077.0,733.0,-258.0,-17.0,,2026-07-24T11:48:33.059504+08:00
919,2024-05-17,-396344.0,-17900858.0,0.0,-18297202.0,29394.0,740.0,317.0,7.0,,2026-07-24T11:48:33.059504+08:00
919,2024-05-20,8512629.0,-16166073.0,0.0,-7653444.0,29248.0,738.0,-146.0,-2.0,,2026-07-24T11:48:33.059504+08:00
919,2024-05-21,2245276.0,-20312208.0,0.0,-18066932.0,29452.0,734.0,204.0,-4.0,,2026-07-24T11:48:33.059504+08:00
919,2024-05-22,11350359.0,-11136086.0,0.0,214273.0,29278.0,727.0,-174.0,-7.0,,2026-07-24T11:48:33.059504+08:00
919,2024-05-23,6502955.0,-13738716.0,0.0,-7235761.0,29249.0,737.0,-29.0,10.0,,2026-07-24T11:48:33.059504+08:00
919,2024-05-24,9652701.0,-14656575.0,0.0,-5003874.0,28871.0,725.0,-378.0,-12.0,,2026-07-24T11:48:33.059504+08:00
919,2024-05-27,20343532.0,-4557768.0,0.0,15785764.0,28971.0,741.0,100.0,16.0,,2026-07-24T11:48:33.059504+08:00
919,2024-05-28,-7231204.0,-8839087.0,0.0,-16070291.0,29483.0,736.0,512.0,-5.0,,2026-07-24T11:48:33.059504+08:00
919,2024-05-29,8813799.0,-11646107.0,0.0,-2832308.0,29519.0,835.0,36.0,99.0,,2026-07-24T11:48:33.059504+08:00
919,2024-05-30,-6494422.0,-8822474.0,0.0,-15316896.0,29242.0,856.0,-277.0,21.0,,2026-07-24T11:48:33.059504+08:00
919,2024-05-31,-53723552.0,280335.0,0.0,-53443217.0,29247.0,852.0,5.0,-4.0,,2026-07-24T11:48:33.059504+08:00
919,2024-06-03,-74044446.0,-1905249.0,0.0,-75949695.0,29794.0,863.0,547.0,11.0,,2026-07-24T11:48:33.059504+08:00
919,2024-06-04,-70386664.0,-9840058.0,0.0,-80226722.0,30194.0,871.0,400.0,8.0,,2026-07-24T11:48:33.059504+08:00
919,2024-06-05,-11684754.0,-8772615.0,0.0,-20457369.0,30187.0,835.0,-7.0,-36.0,,2026-07-24T11:48:33.059504+08:00
919,2024-06-06,-2836089.0,6772055.0,0.0,3935966.0,30448.0,802.0,261.0,-33.0,,2026-07-24T11:48:33.059504+08:00
919,2024-06-07,-7331090.0,2262081.0,0.0,-5069009.0,29631.0,704.0,-817.0,-98.0,,2026-07-24T11:48:33.059504+08:00
919,2024-06-11,-53249473.0,-9945409.0,0.0,-63194882.0,29488.0,601.0,-143.0,-103.0,,2026-07-24T11:48:33.059504+08:00
919,2024-06-12,-21748808.0,-10098160.0,0.0,-31846968.0,29877.0,520.0,389.0,-81.0,,2026-07-24T11:48:33.059504+08:00
919,2024-06-13,-4179967.0,24952703.0,0.0,20772736.0,29693.0,464.0,-184.0,-56.0,,2026-07-24T11:48:33.059504+08:00
919,2024-06-14,-14274400.0,-13479228.0,0.0,-27753628.0,30359.0,344.0,666.0,-120.0,,2026-07-24T11:48:33.059504+08:00
919,2024-06-17,-22087684.0,301599.0,0.0,-21786085.0,29919.0,149.0,-440.0,-195.0,,2026-07-24T11:48:33.059504+08:00
919,2024-06-18,8044951.0,8423476.0,0.0,16468427.0,28958.0,6.0,-961.0,-143.0,,2026-07-24T11:48:33.059504+08:00
919,2024-06-19,12668000.0,30054346.0,0.0,42722346.0,26842.0,0.0,-2116.0,-6.0,,2026-07-24T11:48:33.059504+08:00
919,2024-06-20,-5183319.0,-19681485.0,0.0,-24864804.0,26909.0,0.0,67.0,0.0,,2026-07-24T11:48:33.059504+08:00
919,2024-06-21,-16427230.0,-20572291.0,0.0,-36999521.0,28311.0,0.0,1402.0,0.0,,2026-07-24T11:48:33.059504+08:00
919,2024-06-24,-100703675.0,-11668734.0,0.0,-112372409.0,27568.0,47.0,-743.0,47.0,,2026-07-24T11:48:33.059504+08:00
919,2024-06-25,-4893779.0,12572249.0,0.0,7678470.0,27022.0,157.0,-546.0,110.0,,2026-07-24T11:48:33.059504+08:00
919,2024-06-26,-11555375.0,5402229.0,0.0,-6153146.0,27286.0,131.0,264.0,-26.0,,2026-07-24T11:48:33.059504+08:00
919,2024-06-27,-3939256.0,-9001370.0,0.0,-12940626.0,27231.0,133.0,-55.0,2.0,,2026-07-24T11:48:33.059504+08:00
919,2024-06-28,-1122505.0,829631.0,0.0,-292874.0,27303.0,154.0,72.0,21.0,,2026-07-24T11:48:33.059504+08:00
919,2024-07-01,-1636009.0,48560195.0,0.0,46924186.0,26690.0,234.0,-613.0,80.0,,2026-07-24T11:48:33.059504+08:00
919,2024-07-02,-6458198.0,2940150.0,0.0,-3518048.0,26468.0,240.0,-222.0,6.0,,2026-07-24T11:48:33.059504+08:00
919,2024-07-03,3881995.0,-155846.0,0.0,3726149.0,26276.0,205.0,-192.0,-35.0,,2026-07-24T11:48:33.059504+08:00
919,2024-07-04,-1305278.0,14504651.0,0.0,13199373.0,24598.0,184.0,-1678.0,-21.0,,2026-07-24T11:48:33.059504+08:00
919,2024-07-05,-7534496.0,15176216.0,0.0,7641720.0,24216.0,184.0,-382.0,0.0,,2026-07-24T11:48:33.059504+08:00
919,2024-07-08,-1109156.0,7492983.0,0.0,6383827.0,23107.0,192.0,-1109.0,8.0,,2026-07-24T11:48:33.059504+08:00
919,2024-07-09,-901652.0,26049889.0,0.0,25148237.0,22122.0,282.0,-985.0,90.0,,2026-07-24T11:48:33.059504+08:00
919,2024-07-10,-2034156.0,10158371.0,0.0,8124215.0,22004.0,282.0,-118.0,0.0,,2026-07-24T11:48:33.059504+08:00
919,2024-07-11,-26875.0,23942377.0,0.0,23915502.0,21369.0,278.0,-635.0,-4.0,,2026-07-24T11:48:33.059504+08:00
919,2024-07-12,-53933733.0,-41484343.0,0.0,-95418076.0,21543.0,255.0,174.0,-23.0,,2026-07-24T11:48:33.059504+08:00
919,2024-07-15,-17017571.0,-587289.0,0.0,-17604860.0,21517.0,268.0,-26.0,13.0,,2026-07-24T11:48:33.059504+08:00
919,2024-07-16,-44756640.0,-9825059.0,0.0,-54581699.0,21276.0,277.0,-241.0,9.0,,2026-07-24T11:48:33.059504+08:00
919,2024-07-17,-61025145.0,654098.0,0.0,-60371047.0,21115.0,579.0,-161.0,302.0,,2026-07-24T11:48:33.059504+08:00
919,2024-07-18,-55957832.0,-21409640.0,0.0,-77367472.0,21299.0,574.0,184.0,-5.0,,2026-07-24T11:48:33.059504+08:00
919,2024-07-19,-71534043.0,-28529484.0,0.0,-100063527.0,19230.0,571.0,-2069.0,-3.0,,2026-07-24T11:48:33.059504+08:00
919,2024-07-22,-66103280.0,-43826295.0,0.0,-109929575.0,19180.0,433.0,-50.0,-138.0,,2026-07-24T11:48:33.059504+08:00
919,2024-07-23,-46453115.0,4457552.0,0.0,-41995563.0,19042.0,290.0,-138.0,-143.0,,2026-07-24T11:48:33.059504+08:00
919,2024-07-26,-63123323.0,-17114352.0,0.0,-80237675.0,19308.0,290.0,266.0,0.0,,2026-07-24T11:48:33.059504+08:00
919,2024-07-29,-48557779.0,2851894.0,0.0,-45705885.0,19502.0,275.0,194.0,-15.0,,2026-07-24T11:48:33.059504+08:00
919,2024-07-30,-27053391.0,3397184.0,0.0,-23656207.0,19876.0,278.0,374.0,3.0,,2026-07-24T11:48:33.059504+08:00
919,2024-07-31,-24923633.0,2960001.0,0.0,-21963632.0,20099.0,236.0,223.0,-42.0,,2026-07-24T11:48:33.059504+08:00
919,2024-08-01,-23932077.0,5689498.0,0.0,-18242579.0,19954.0,310.0,-145.0,74.0,,2026-07-24T11:48:33.059504+08:00
919,2024-08-02,-92790074.0,-27855090.0,0.0,-120645164.0,21057.0,256.0,1103.0,-54.0,,2026-07-24T11:48:33.059504+08:00
919,2024-08-05,-102447729.0,-4940503.0,0.0,-107388232.0,20842.0,434.0,-215.0,178.0,,2026-07-24T11:48:33.059504+08:00
919,2024-08-06,-30632683.0,20724201.0,0.0,-9908482.0,21184.0,272.0,342.0,-162.0,,2026-07-24T11:48:33.059504+08:00
919,2024-08-07,-19905830.0,-1175662.0,0.0,-21081492.0,21021.0,306.0,-163.0,34.0,,2026-07-24T11:48:33.059504+08:00
919,2024-08-08,-27431687.0,-445422.0,0.0,-27877109.0,21313.0,250.0,292.0,-56.0,,2026-07-24T11:48:33.059504+08:00
919,2024-08-09,-10303725.0,3668916.0,0.0,-6634809.0,21371.0,244.0,58.0,-6.0,,2026-07-24T11:48:33.059504+08:00
919,2024-08-12,-5601464.0,2325144.0,0.0,-3276320.0,21232.0,372.0,-139.0,128.0,,2026-07-24T11:48:33.059504+08:00
919,2024-08-13,-9031400.0,-3139814.0,0.0,-12171214.0,21226.0,407.0,-6.0,35.0,,2026-07-24T11:48:33.059504+08:00
919,2024-08-14,2142129.0,5273411.0,0.0,7415540.0,20325.0,481.0,-901.0,74.0,,2026-07-24T11:48:33.059504+08:00
919,2024-08-15,-4099000.0,3328530.0,0.0,-770470.0,20262.0,451.0,-63.0,-30.0,,2026-07-24T11:48:33.059504+08:00
919,2024-08-16,5200853.0,1077745.0,0.0,6278598.0,20323.0,477.0,61.0,26.0,,2026-07-24T11:48:33.059504+08:00
919,2024-08-19,-5045989.0,858738.0,0.0,-4187251.0,20394.0,569.0,71.0,92.0,,2026-07-24T11:48:33.059504+08:00
919,2024-08-20,-22485590.0,47430.0,0.0,-22438160.0,21123.0,588.0,729.0,19.0,,2026-07-24T11:48:33.059504+08:00
919,2024-08-21,-29734354.0,-18874173.0,0.0,-48608527.0,21776.0,528.0,653.0,-60.0,,2026-07-24T11:48:33.059504+08:00
919,2024-08-22,-9693266.0,-8246836.0,0.0,-17940102.0,22140.0,486.0,364.0,-42.0,,2026-07-24T11:48:33.059504+08:00
919,2024-08-23,-13138574.0,-13369640.0,0.0,-26508214.0,22168.0,372.0,28.0,-114.0,,2026-07-24T11:48:33.059504+08:00
919,2024-08-26,-18933901.0,-7872143.0,0.0,-26806044.0,22294.0,357.0,126.0,-15.0,,2026-07-24T11:48:33.059504+08:00
919,2024-08-27,-25902618.0,-13686926.0,0.0,-39589544.0,22793.0,361.0,499.0,4.0,,2026-07-24T11:48:33.059504+08:00
919,2024-08-28,-10020373.0,-5473595.0,0.0,-15493968.0,22333.0,361.0,-460.0,0.0,,2026-07-24T11:48:33.059504+08:00
919,2024-08-29,-16415405.0,-3499290.0,0.0,-19914695.0,22889.0,298.0,556.0,-63.0,,2026-07-24T11:48:33.059504+08:00
919,2024-08-30,-17373837.0,-1542586.0,0.0,-18916423.0,23093.0,296.0,204.0,-2.0,,2026-07-24T11:48:33.059504+08:00
919,2024-09-02,-26528875.0,-15122770.0,0.0,-41651645.0,23293.0,283.0,200.0,-13.0,,2026-07-24T11:48:33.059504+08:00
919,2024-09-03,-89514777.0,-28846049.0,0.0,-118360826.0,26717.0,279.0,3424.0,-4.0,,2026-07-24T11:48:33.059504+08:00
919,2024-09-04,-135277077.0,-49950402.0,0.0,-185227479.0,26065.0,271.0,-652.0,-8.0,,2026-07-24T11:48:33.059504+08:00
919,2024-09-05,-82818662.0,-22822232.0,0.0,-105640894.0,26227.0,224.0,162.0,-47.0,,2026-07-24T11:48:33.059504+08:00
919,2024-09-06,-38449877.0,-6687979.0,0.0,-45137856.0,26875.0,229.0,648.0,5.0,,2026-07-24T11:48:33.059504+08:00
919,2024-09-09,-98812012.0,-35065715.0,0.0,-133877727.0,27220.0,209.0,345.0,-20.0,,2026-07-24T11:48:33.059504+08:00
919,2024-09-10,-65600869.0,-21891546.0,0.0,-87492415.0,28220.0,186.0,1000.0,-23.0,,2026-07-24T11:48:33.059504+08:00
919,2024-09-11,-22846440.0,-5055651.0,0.0,-27902091.0,28286.0,70.0,66.0,-116.0,,2026-07-24T11:48:33.059504+08:00
919,2024-09-12,-19939476.0,-5023008.0,0.0,-24962484.0,28717.0,63.0,431.0,-7.0,,2026-07-24T11:48:33.059504+08:00
919,2024-09-13,-32149218.0,-11487983.0,0.0,-43637201.0,29032.0,36.0,315.0,-27.0,,2026-07-24T11:48:33.059504+08:00
919,2024-09-16,-39121018.0,-17418131.0,0.0,-56539149.0,29583.0,0.0,551.0,-36.0,,2026-07-24T11:48:33.059504+08:00
919,2024-09-18,-47875359.0,-47105401.0,0.0,-94980760.0,30433.0,0.0,850.0,0.0,,2026-07-24T11:48:33.059504+08:00
919,2024-09-19,-55749283.0,-8693212.0,0.0,-64442495.0,32737.0,0.0,2304.0,0.0,,2026-07-24T11:48:33.059504+08:00
919,2024-09-20,-104471691.0,-14739657.0,0.0,-119211348.0,33862.0,0.0,1125.0,0.0,,2026-07-24T11:48:33.059504+08:00
919,2024-09-23,-63682442.0,-2561036.0,0.0,-66243478.0,33550.0,19.0,-312.0,19.0,,2026-07-24T11:48:33.059504+08:00
919,2024-09-24,-19351780.0,2970847.0,0.0,-16380933.0,33804.0,40.0,254.0,21.0,,2026-07-24T11:48:33.059504+08:00
919,2024-09-25,-7069209.0,8555883.0,0.0,1486674.0,32265.0,62.0,-1539.0,22.0,,2026-07-24T11:48:33.059504+08:00
919,2024-09-26,-6874977.0,17849037.0,0.0,10974060.0,30244.0,261.0,-2021.0,199.0,,2026-07-24T11:48:33.059504+08:00
919,2024-09-27,-548041.0,7499592.0,0.0,6951551.0,29677.0,265.0,-567.0,4.0,,2026-07-24T11:48:33.059504+08:00
919,2024-09-30,-59085485.0,-44796256.0,0.0,-103881741.0,31220.0,63.0,1543.0,-202.0,,2026-07-24T11:48:33.059504+08:00
919,2024-10-01,-20438338.0,-6533581.0,0.0,-26971919.0,31189.0,68.0,-31.0,5.0,,2026-07-24T11:48:33.059504+08:00
919,2024-10-04,-99624177.0,-30037116.0,0.0,-129661293.0,31311.0,41.0,122.0,-27.0,,2026-07-24T11:48:33.059504+08:00
919,2024-10-07,-44388774.0,-5812749.0,0.0,-50201523.0,31753.0,42.0,442.0,1.0,,2026-07-24T11:48:33.059504+08:00
919,2024-10-08,-45017034.0,-14054243.0,0.0,-59071277.0,31629.0,36.0,-124.0,-6.0,,2026-07-24T11:48:33.059504+08:00
919,2024-10-09,-22152556.0,1543087.0,0.0,-20609469.0,30938.0,60.0,-691.0,24.0,,2026-07-24T11:48:33.059504+08:00
919,2024-10-11,-8966479.0,2235494.0,0.0,-6730985.0,30493.0,179.0,-445.0,119.0,,2026-07-24T11:48:33.059504+08:00
919,2024-10-14,-5135424.0,531037.0,0.0,-4604387.0,30305.0,226.0,-188.0,47.0,,2026-07-24T11:48:33.059504+08:00
919,2024-10-15,-10786149.0,-1280740.0,0.0,-12066889.0,29465.0,308.0,-840.0,82.0,,2026-07-24T11:48:33.059504+08:00
919,2024-10-16,-17069902.0,-66330.0,0.0,-17136232.0,29348.0,279.0,-117.0,-29.0,,2026-07-24T11:48:33.059504+08:00
919,2024-10-17,-3377544.0,-1158160.0,0.0,-4535704.0,30051.0,284.0,703.0,5.0,,2026-07-24T11:48:33.059504+08:00
919,2024-10-18,-4117825.0,553595.0,0.0,-3564230.0,29581.0,311.0,-470.0,27.0,,2026-07-24T11:48:33.059504+08:00
919,2024-10-21,1633624.0,8701007.0,0.0,10334631.0,29323.0,382.0,-258.0,71.0,,2026-07-24T11:48:33.059504+08:00
919,2024-10-22,-2546478.0,552663.0,0.0,-1993815.0,28316.0,359.0,-1007.0,-23.0,,2026-07-24T11:48:33.059504+08:00
919,2024-10-23,-9616374.0,-3435490.0,0.0,-13051864.0,28209.0,340.0,-107.0,-19.0,,2026-07-24T11:48:33.059504+08:00
919,2024-10-24,-14275496.0,-12881652.0,0.0,-27157148.0,27960.0,306.0,-249.0,-34.0,,2026-07-24T11:48:33.059504+08:00
919,2024-10-25,1799426.0,-4389834.0,0.0,-2590408.0,26621.0,318.0,-1339.0,12.0,,2026-07-24T11:48:33.059504+08:00
919,2024-10-28,-8432962.0,-8276369.0,0.0,-16709331.0,26510.0,278.0,-111.0,-40.0,,2026-07-24T11:48:33.059504+08:00
919,2024-10-29,-69007144.0,-48646063.0,0.0,-117653207.0,27738.0,73.0,1228.0,-205.0,,2026-07-24T11:48:33.059504+08:00
919,2024-10-30,-30724376.0,-14031728.0,0.0,-44756104.0,26276.0,83.0,-1462.0,10.0,,2026-07-24T11:48:33.059504+08:00
919,2024-11-01,-35712620.0,-16288005.0,0.0,-52000625.0,26697.0,59.0,421.0,-24.0,,2026-07-24T11:48:33.059504+08:00
919,2024-11-04,-35347274.0,-14169574.0,0.0,-49516848.0,27041.0,61.0,344.0,2.0,,2026-07-24T11:48:33.059504+08:00
919,2024-11-05,-20767733.0,-20506906.0,0.0,-41274639.0,28057.0,59.0,1016.0,-2.0,,2026-07-24T11:48:33.059504+08:00
919,2024-11-06,-11859743.0,-8498330.0,0.0,-20358073.0,28011.0,49.0,-46.0,-10.0,,2026-07-24T11:48:33.059504+08:00
919,2024-11-07,-14054325.0,-1536457.0,0.0,-15590782.0,28039.0,48.0,28.0,-1.0,,2026-07-24T11:48:33.059504+08:00
919,2024-11-08,-15477159.0,-1284319.0,0.0,-16761478.0,27234.0,48.0,-805.0,0.0,,2026-07-24T11:48:33.059504+08:00
919,2024-11-11,-20448560.0,-4662061.0,0.0,-25110621.0,26782.0,67.0,-452.0,19.0,,2026-07-24T11:48:33.059504+08:00
919,2024-11-12,-29732304.0,-6040894.0,0.0,-35773198.0,26768.0,69.0,-14.0,2.0,,2026-07-24T11:48:33.059504+08:00
919,2024-11-13,-22331714.0,-2556190.0,0.0,-24887904.0,26691.0,59.0,-77.0,-10.0,,2026-07-24T11:48:33.059504+08:00
919,2024-11-14,-42505414.0,-3571367.0,0.0,-46076781.0,26727.0,62.0,36.0,3.0,,2026-07-24T11:48:33.059504+08:00
919,2024-11-15,4562305.0,3248397.0,0.0,7810702.0,25983.0,300.0,-744.0,238.0,,2026-07-24T11:48:33.059504+08:00
919,2024-11-18,-13029873.0,-2322045.0,0.0,-15351918.0,25713.0,485.0,-270.0,185.0,,2026-07-24T11:48:33.059504+08:00
919,2024-11-19,-1036739.0,584004.0,0.0,-452735.0,26071.0,492.0,358.0,7.0,,2026-07-24T11:48:33.059504+08:00
919,2024-11-20,-4846218.0,102275.0,0.0,-4743943.0,26714.0,493.0,643.0,1.0,,2026-07-24T11:48:33.059504+08:00
919,2024-11-21,-10808359.0,-8258192.0,0.0,-19066551.0,27322.0,491.0,608.0,-2.0,,2026-07-24T11:48:33.059504+08:00
919,2024-11-22,1217086.0,144330.0,0.0,1361416.0,27402.0,376.0,80.0,-115.0,,2026-07-24T11:48:33.059504+08:00
919,2024-11-25,-24409308.0,-9087974.0,0.0,-33497282.0,27939.0,359.0,537.0,-17.0,,2026-07-24T11:48:33.059504+08:00
919,2024-11-26,-9286249.0,-10250198.0,0.0,-19536447.0,28207.0,360.0,268.0,1.0,,2026-07-24T11:48:33.059504+08:00
919,2024-11-27,-79045723.0,-33665204.0,0.0,-112710927.0,28920.0,305.0,713.0,-55.0,,2026-07-24T11:48:33.059504+08:00
919,2024-11-28,-70318164.0,-9270822.0,0.0,-79588986.0,30911.0,302.0,1991.0,-3.0,,2026-07-24T11:48:33.059504+08:00
919,2024-11-29,-29937205.0,-8874141.0,0.0,-38811346.0,31419.0,300.0,508.0,-2.0,,2026-07-24T11:48:33.059504+08:00
919,2024-12-02,-1061857.0,2460447.0,0.0,1398590.0,30880.0,301.0,-539.0,1.0,,2026-07-24T11:48:33.059504+08:00
919,2024-12-03,-100022232.0,-32782074.0,0.0,-132804306.0,31929.0,63.0,1049.0,-238.0,,2026-07-24T11:48:33.059504+08:00
919,2024-12-04,-30578595.0,-2899421.0,0.0,-33478016.0,31977.0,76.0,48.0,13.0,,2026-07-24T11:48:33.059504+08:00
919,2024-12-05,-25310638.0,-1598177.0,0.0,-26908815.0,31207.0,111.0,-770.0,35.0,,2026-07-24T11:48:33.059504+08:00
919,2024-12-06,-23377316.0,-11862442.0,0.0,-35239758.0,30463.0,110.0,-744.0,-1.0,,2026-07-24T11:48:33.059504+08:00
919,2024-12-09,-15218496.0,1481412.0,0.0,-13737084.0,30005.0,110.0,-458.0,0.0,,2026-07-24T11:48:33.059504+08:00
919,2024-12-10,-31451479.0,4029791.0,0.0,-27421688.0,29765.0,115.0,-240.0,5.0,,2026-07-24T11:48:33.059504+08:00
919,2024-12-11,-48474504.0,-15902688.0,0.0,-64377192.0,29563.0,89.0,-202.0,-26.0,,2026-07-24T11:48:33.059504+08:00
919,2024-12-12,-19455474.0,-827449.0,0.0,-20282923.0,28725.0,79.0,-838.0,-10.0,,2026-07-24T11:48:33.059504+08:00
919,2024-12-13,-47772053.0,-16044985.0,0.0,-63817038.0,29935.0,5.0,1210.0,-74.0,,2026-07-24T11:48:33.059504+08:00
919,2024-12-16,-54818782.0,-14674003.0,0.0,-69492785.0,29922.0,0.0,-13.0,-5.0,,2026-07-24T11:48:33.059504+08:00
919,2024-12-17,19732954.0,10053335.0,0.0,29786289.0,28024.0,0.0,-1898.0,0.0,,2026-07-24T11:48:33.059504+08:00
919,2024-12-18,4426385.0,3885854.0,0.0,8312239.0,27900.0,0.0,-124.0,0.0,,2026-07-24T11:48:33.059504+08:00
919,2024-12-19,-19113204.0,73133.0,0.0,-19040071.0,27731.0,0.0,-169.0,0.0,,2026-07-24T11:48:33.059504+08:00
919,2024-12-20,-50846931.0,-14370163.0,0.0,-65217094.0,27723.0,33.0,-8.0,33.0,,2026-07-24T11:48:33.059504+08:00
919,2024-12-23,3752307.0,5122024.0,0.0,8874331.0,27228.0,37.0,-495.0,4.0,,2026-07-24T11:48:33.059504+08:00
919,2024-12-24,6241382.0,17928253.0,0.0,24169635.0,26155.0,49.0,-1073.0,12.0,,2026-07-24T11:48:33.059504+08:00
919,2024-12-25,-4224710.0,8342679.0,0.0,4117969.0,25366.0,41.0,-789.0,-8.0,,2026-07-24T11:48:33.059504+08:00
919,2024-12-26,7751213.0,7909034.0,0.0,15660247.0,24382.0,51.0,-984.0,10.0,,2026-07-24T11:48:33.059504+08:00
919,2024-12-27,-4318799.0,418205.0,0.0,-3900594.0,23984.0,52.0,-398.0,1.0,,2026-07-24T11:48:33.059504+08:00
919,2024-12-30,2581096.0,-910546.0,0.0,1670550.0,23517.0,49.0,-467.0,-3.0,,2026-07-24T11:48:33.059504+08:00
919,2024-12-31,-4253579.0,-7434986.0,0.0,-11688565.0,23559.0,48.0,42.0,-1.0,,2026-07-24T11:48:33.059504+08:00
919,2025-01-02,6305767.0,-2425115.0,0.0,3880652.0,23335.0,48.0,-224.0,0.0,,2026-07-24T11:48:33.059504+08:00
919,2025-01-03,-377650.0,743012.0,0.0,365362.0,23066.0,58.0,-269.0,10.0,,2026-07-24T11:48:33.059504+08:00
919,2025-01-06,6779597.0,16986998.0,0.0,23766595.0,22909.0,68.0,-157.0,10.0,,2026-07-24T11:48:33.059504+08:00
919,2025-01-07,3559138.0,14189378.0,0.0,17748516.0,23013.0,63.0,104.0,-5.0,,2026-07-24T11:48:33.059504+08:00
919,2025-01-08,5547533.0,5336283.0,0.0,10883816.0,22917.0,64.0,-96.0,1.0,,2026-07-24T11:48:33.059504+08:00
919,2025-01-09,-43776008.0,-35250667.0,0.0,-79026675.0,23023.0,15.0,106.0,-49.0,,2026-07-24T11:48:33.059504+08:00
919,2025-01-10,-27519319.0,-7741804.0,0.0,-35261123.0,23344.0,13.0,321.0,-2.0,,2026-07-24T11:48:33.059504+08:00
919,2025-01-13,-105395414.0,-29398799.0,0.0,-134794213.0,23336.0,43.0,-8.0,30.0,,2026-07-24T11:48:33.059504+08:00
919,2025-01-14,-18984092.0,-3346445.0,0.0,-22330537.0,23988.0,79.0,652.0,36.0,,2026-07-24T11:48:33.059504+08:00
919,2025-01-15,-25079775.0,-3804937.0,0.0,-28884712.0,23967.0,82.0,-21.0,3.0,,2026-07-24T11:48:33.059504+08:00
919,2025-01-16,-10959315.0,984215.0,0.0,-9975100.0,23899.0,84.0,-68.0,2.0,,2026-07-24T11:48:33.059504+08:00
919,2025-01-17,-7080522.0,887949.0,0.0,-6192573.0,23879.0,86.0,-20.0,2.0,,2026-07-24T11:48:33.059504+08:00
919,2025-01-20,-3917864.0,-196366.0,0.0,-4114230.0,23763.0,77.0,-116.0,-9.0,,2026-07-24T11:48:33.059504+08:00
919,2025-01-21,-2275569.0,4692050.0,0.0,2416481.0,22809.0,76.0,-954.0,-1.0,,2026-07-24T11:48:33.059504+08:00
919,2025-01-22,-13224565.0,652569.0,0.0,-12571996.0,22617.0,76.0,-192.0,0.0,,2026-07-24T11:48:33.059504+08:00
919,2025-02-03,-53077281.0,-5324649.0,0.0,-58401930.0,22511.0,69.0,-106.0,-7.0,,2026-07-24T11:48:33.059504+08:00
919,2025-02-04,-61256616.0,-16807823.0,0.0,-78064439.0,22480.0,79.0,-31.0,10.0,,2026-07-24T11:48:33.059504+08:00
919,2025-02-05,662121.0,4826182.0,0.0,5488303.0,22325.0,101.0,-155.0,22.0,,2026-07-24T11:48:33.059504+08:00
919,2025-02-06,-2255772.0,6137857.0,0.0,3882085.0,22395.0,108.0,70.0,7.0,,2026-07-24T11:48:33.059504+08:00
919,2025-02-07,-19538494.0,1990183.0,0.0,-17548311.0,22528.0,100.0,133.0,-8.0,,2026-07-24T11:48:33.059504+08:00
919,2025-02-10,-18370095.0,988292.0,0.0,-17381803.0,22646.0,91.0,118.0,-9.0,,2026-07-24T11:48:33.059504+08:00
919,2025-02-11,-6363052.0,3390233.0,0.0,-2972819.0,22609.0,96.0,-37.0,5.0,,2026-07-24T11:48:33.059504+08:00
919,2025-02-12,-9646612.0,13471910.0,0.0,3825298.0,22448.0,131.0,-161.0,35.0,,2026-07-24T11:48:33.059504+08:00
919,2025-02-13,7147782.0,20991970.0,0.0,28139752.0,22409.0,135.0,-39.0,4.0,,2026-07-24T11:48:33.059504+08:00
919,2025-02-14,-7513681.0,334954.0,0.0,-7178727.0,22396.0,135.0,-13.0,0.0,,2026-07-24T11:48:33.059504+08:00
919,2025-02-17,12611709.0,8468274.0,0.0,21079983.0,22270.0,162.0,-126.0,27.0,,2026-07-24T11:48:33.059504+08:00
919,2025-02-18,-1737729.0,2066169.0,0.0,328440.0,21988.0,135.0,-282.0,-27.0,,2026-07-24T11:48:33.059504+08:00
919,2025-02-19,6445320.0,719460.0,0.0,7164780.0,21904.0,145.0,-84.0,10.0,,2026-07-24T11:48:33.059504+08:00
919,2025-02-20,-13266041.0,-7693833.0,0.0,-20959874.0,22589.0,145.0,685.0,0.0,,2026-07-24T11:48:33.059504+08:00
919,2025-02-21,5450097.0,1278765.0,0.0,6728862.0,22363.0,148.0,-226.0,3.0,,2026-07-24T11:48:33.059504+08:00
919,2025-02-24,9501070.0,1864877.0,0.0,11365947.0,23269.0,148.0,906.0,0.0,,2026-07-24T11:48:33.059504+08:00
919,2025-02-25,-414596.0,-3788327.0,0.0,-4202923.0,23252.0,151.0,-17.0,3.0,,2026-07-24T11:48:33.059504+08:00
919,2025-02-26,-2029150.0,-2027028.0,0.0,-4056178.0,23330.0,157.0,78.0,6.0,,2026-07-24T11:48:33.059504+08:00
919,2025-02-27,-7540061.0,-12971143.0,0.0,-20511204.0,23094.0,160.0,-236.0,3.0,,2026-07-24T11:48:33.059504+08:00
919,2025-03-03,-52037318.0,-23059687.0,0.0,-75097005.0,23597.0,99.0,503.0,-61.0,,2026-07-24T11:48:33.059504+08:00
919,2025-03-04,-68939403.0,-12653636.0,0.0,-81593039.0,24435.0,86.0,838.0,-13.0,,2026-07-24T11:48:33.059504+08:00
919,2025-03-05,-45940794.0,-17079227.0,0.0,-63020021.0,25376.0,89.0,941.0,3.0,,2026-07-24T11:48:33.059504+08:00
919,2025-03-06,-46547511.0,-7105604.0,0.0,-53653115.0,25441.0,88.0,65.0,-1.0,,2026-07-24T11:48:33.059504+08:00
919,2025-03-07,-44784363.0,-23996958.0,0.0,-68781321.0,25672.0,80.0,231.0,-8.0,,2026-07-24T11:48:33.059504+08:00
919,2025-03-10,-65694195.0,-7362055.0,0.0,-73056250.0,26327.0,70.0,655.0,-10.0,,2026-07-24T11:48:33.059504+08:00
919,2025-03-11,-169877869.0,-25014172.0,0.0,-194892041.0,29558.0,51.0,3231.0,-19.0,,2026-07-24T11:48:33.059504+08:00
919,2025-03-12,-52759622.0,-13548599.0,0.0,-66308221.0,29870.0,0.0,312.0,-51.0,,2026-07-24T11:48:33.059504+08:00
919,2025-03-13,-105856565.0,-27272393.0,0.0,-133128958.0,30640.0,0.0,770.0,0.0,,2026-07-24T11:48:33.059504+08:00
919,2025-03-14,-136266712.0,-13548403.0,0.0,-149815115.0,31389.0,0.0,749.0,0.0,,2026-07-24T11:48:33.059504+08:00
919,2025-03-17,-125661321.0,-29420198.0,0.0,-155081519.0,33942.0,0.0,2553.0,0.0,,2026-07-24T11:48:33.059504+08:00
919,2025-03-18,-142181166.0,-10335500.0,0.0,-152516666.0,31700.0,40.0,-2242.0,40.0,,2026-07-24T11:48:33.059504+08:00
919,2025-03-19,-54368287.0,-9243979.0,0.0,-63612266.0,30684.0,80.0,-1016.0,40.0,,2026-07-24T11:48:33.059504+08:00
919,2025-03-20,-8072962.0,2762576.0,0.0,-5310386.0,29473.0,122.0,-1211.0,42.0,,2026-07-24T11:48:33.059504+08:00
919,2025-03-21,-40825956.0,-1371793.0,0.0,-42197749.0,29605.0,121.0,132.0,-1.0,,2026-07-24T11:48:33.059504+08:00
919,2025-03-24,-18237988.0,-2042317.0,0.0,-20280305.0,29070.0,141.0,-535.0,20.0,,2026-07-24T11:48:33.059504+08:00
919,2025-03-25,-14506531.0,2095904.0,0.0,-12410627.0,27687.0,146.0,-1383.0,5.0,,2026-07-24T11:48:33.059504+08:00
919,2025-03-26,-29096844.0,1685944.0,0.0,-27410900.0,27643.0,152.0,-44.0,6.0,,2026-07-24T11:48:33.059504+08:00
919,2025-03-27,-80720409.0,-11351972.0,0.0,-92072381.0,27929.0,78.0,286.0,-74.0,,2026-07-24T11:48:33.059504+08:00
919,2025-03-28,-140170756.0,-44428115.0,0.0,-184598871.0,26735.0,76.0,-1194.0,-2.0,,2026-07-24T11:48:33.059504+08:00
919,2025-03-31,-162381622.0,-51912366.0,0.0,-214293988.0,28672.0,47.0,1937.0,-29.0,,2026-07-24T11:48:33.059504+08:00
919,2025-04-01,-24076299.0,6489442.0,0.0,-17586857.0,28426.0,203.0,-246.0,156.0,,2026-07-24T11:48:33.059504+08:00
919,2025-04-02,-47856901.0,10572184.0,0.0,-37284717.0,28334.0,203.0,-92.0,0.0,,2026-07-24T11:48:33.059504+08:00
919,2025-04-07,-4470686.0,-764716.0,0.0,-5235402.0,27173.0,771.0,-1161.0,568.0,,2026-07-24T11:48:33.059504+08:00
919,2025-04-08,-108332151.0,1656182.0,0.0,-106675969.0,28031.0,834.0,858.0,63.0,,2026-07-24T11:48:33.059504+08:00
919,2025-04-09,-122206697.0,-17177188.0,0.0,-139383885.0,24188.0,347.0,-3843.0,-487.0,,2026-07-24T11:48:33.059504+08:00
919,2025-04-10,-9818000.0,6442300.0,0.0,-3375700.0,24130.0,402.0,-58.0,55.0,,2026-07-24T11:48:33.059504+08:00
919,2025-04-11,-61488487.0,27539420.0,0.0,-33949067.0,22658.0,195.0,-1472.0,-207.0,,2026-07-24T11:48:33.059504+08:00
919,2025-04-14,-37082911.0,-18727843.0,0.0,-55810754.0,22834.0,303.0,176.0,108.0,,2026-07-24T11:48:33.059504+08:00
919,2025-04-15,-32215305.0,1950361.0,0.0,-30264944.0,22262.0,265.0,-572.0,-38.0,,2026-07-24T11:48:33.059504+08:00
919,2025-04-16,-44275114.0,-4304154.0,0.0,-48579268.0,21838.0,83.0,-424.0,-182.0,,2026-07-24T11:48:33.059504+08:00
919,2025-04-17,-34889739.0,-13527015.0,0.0,-48416754.0,22809.0,96.0,971.0,13.0,,2026-07-24T11:48:33.059504+08:00
919,2025-04-18,-10451938.0,-2741390.0,0.0,-13193328.0,22609.0,98.0,-200.0,2.0,,2026-07-24T11:48:33.059504+08:00
919,2025-04-21,-15122921.0,-7953395.0,0.0,-23076316.0,22024.0,103.0,-585.0,5.0,,2026-07-24T11:48:33.059504+08:00
919,2025-04-22,-13416809.0,7747461.0,0.0,-5669348.0,22023.0,168.0,-1.0,65.0,,2026-07-24T11:48:33.059504+08:00
919,2025-04-23,-4792856.0,-1420740.0,0.0,-6213596.0,22206.0,116.0,183.0,-52.0,,2026-07-24T11:48:33.059504+08:00
919,2025-04-24,-21335748.0,-3806474.0,0.0,-25142222.0,22550.0,115.0,344.0,-1.0,,2026-07-24T11:48:33.059504+08:00
919,2025-04-25,-6995200.0,2210050.0,0.0,-4785150.0,22563.0,115.0,13.0,0.0,,2026-07-24T11:48:33.059504+08:00
919,2025-04-28,-5002161.0,-6458293.0,0.0,-11460454.0,22018.0,128.0,-545.0,13.0,,2026-07-24T11:48:33.059504+08:00
919,2025-04-29,-1331217.0,-4098380.0,0.0,-5429597.0,21488.0,133.0,-530.0,5.0,,2026-07-24T11:48:33.059504+08:00
919,2025-04-30,-13140881.0,-8608856.0,0.0,-21749737.0,21047.0,137.0,-441.0,4.0,,2026-07-24T11:48:33.059504+08:00
919,2025-05-02,-3057601.0,3746620.0,0.0,689019.0,20649.0,125.0,-398.0,-12.0,,2026-07-24T11:48:33.059504+08:00
919,2025-05-05,-3200213.0,-6992180.0,0.0,-10192393.0,20106.0,137.0,-543.0,12.0,,2026-07-24T11:48:33.059504+08:00
919,2025-05-06,4919047.0,-8324611.0,0.0,-3405564.0,20103.0,104.0,-3.0,-33.0,,2026-07-24T11:48:33.059504+08:00
919,2025-05-07,-8824400.0,-5529769.0,0.0,-14354169.0,20269.0,103.0,166.0,-1.0,,2026-07-24T11:48:33.059504+08:00
919,2025-05-08,4498676.0,-4224757.0,0.0,273919.0,20190.0,163.0,-79.0,60.0,,2026-07-24T11:48:33.059504+08:00
919,2025-05-09,-1885311.0,-3459455.0,0.0,-5344766.0,20031.0,223.0,-159.0,60.0,,2026-07-24T11:48:33.059504+08:00
919,2025-05-12,-5381762.0,-8318805.0,0.0,-13700567.0,19750.0,234.0,-281.0,11.0,,2026-07-24T11:48:33.059504+08:00
919,2025-05-13,-2112837.0,378390.0,0.0,-1734447.0,19663.0,128.0,-87.0,-106.0,,2026-07-24T11:48:33.059504+08:00
919,2025-05-14,945117.0,-4680034.0,0.0,-3734917.0,19677.0,136.0,14.0,8.0,,2026-07-24T11:48:33.059504+08:00
919,2025-05-15,528257.0,2963770.0,0.0,3492027.0,19446.0,129.0,-231.0,-7.0,,2026-07-24T11:48:33.059504+08:00
919,2025-05-16,-4103278.0,-2519980.0,0.0,-6623258.0,19546.0,143.0,100.0,14.0,,2026-07-24T11:48:33.059504+08:00
919,2025-05-19,-26421806.0,-9797303.0,0.0,-36219109.0,20530.0,141.0,984.0,-2.0,,2026-07-24T11:48:33.059504+08:00
919,2025-05-20,-13258845.0,-1887887.0,0.0,-15146732.0,20579.0,148.0,49.0,7.0,,2026-07-24T11:48:33.059504+08:00
919,2025-05-21,-8915734.0,10040264.0,0.0,1124530.0,20370.0,172.0,-209.0,24.0,,2026-07-24T11:48:33.059504+08:00
919,2025-05-22,-18607846.0,5504880.0,0.0,-13102966.0,20241.0,172.0,-129.0,0.0,,2026-07-24T11:48:33.059504+08:00
919,2025-05-23,-18266250.0,-18474632.0,0.0,-36740882.0,20707.0,186.0,466.0,14.0,,2026-07-24T11:48:33.059504+08:00
919,2025-05-26,-18309693.0,-37367987.0,0.0,-55677680.0,21196.0,148.0,489.0,-38.0,,2026-07-24T11:48:33.059504+08:00
919,2025-05-27,-41056802.0,-17929022.0,0.0,-58985824.0,21231.0,133.0,35.0,-15.0,,2026-07-24T11:48:33.059504+08:00
919,2025-05-28,-22507561.0,-13939510.0,0.0,-36447071.0,21470.0,109.0,239.0,-24.0,,2026-07-24T11:48:33.059504+08:00
919,2025-05-29,-19788299.0,-10531370.0,0.0,-30319669.0,21542.0,106.0,72.0,-3.0,,2026-07-24T11:48:33.059504+08:00
919,2025-06-02,-114294877.0,-18942157.0,0.0,-133237034.0,22264.0,124.0,722.0,18.0,,2026-07-24T11:48:33.059504+08:00
919,2025-06-03,-100280536.0,-6688845.0,0.0,-106969381.0,23367.0,207.0,1103.0,83.0,,2026-07-24T11:48:33.059504+08:00
919,2025-06-04,-122111723.0,-16676163.0,0.0,-138787886.0,25792.0,266.0,2425.0,59.0,,2026-07-24T11:48:33.059504+08:00
919,2025-06-05,-245498090.0,-25388989.0,0.0,-270887079.0,28523.0,133.0,2731.0,-133.0,,2026-07-24T11:48:33.059504+08:00
919,2025-06-06,-85828087.0,5451995.0,0.0,-80376092.0,28724.0,356.0,201.0,223.0,,2026-07-24T11:48:33.059504+08:00
919,2025-06-09,-103828014.0,2106593.0,0.0,-101721421.0,29524.0,72.0,800.0,-284.0,,2026-07-24T11:48:33.059504+08:00
919,2025-06-10,-69506977.0,-8289664.0,0.0,-77796641.0,28497.0,50.0,-1027.0,-22.0,,2026-07-24T11:48:33.059504+08:00
919,2025-06-11,-74456467.0,1285379.0,0.0,-73171088.0,27571.0,0.0,-926.0,-50.0,,2026-07-24T11:48:33.059504+08:00
919,2025-06-12,-93158936.0,-32469690.0,0.0,-125628626.0,27785.0,0.0,214.0,0.0,,2026-07-24T11:48:33.059504+08:00
919,2025-06-13,-116846393.0,-23525792.0,0.0,-140372185.0,28965.0,0.0,1180.0,0.0,,2026-07-24T11:48:33.059504+08:00
919,2025-06-16,-202299261.0,-40258569.0,0.0,-242557830.0,33795.0,0.0,4830.0,0.0,,2026-07-24T11:48:33.059504+08:00
919,2025-06-17,-289176067.0,-5050988.0,0.0,-294227055.0,33273.0,27.0,-522.0,27.0,,2026-07-24T11:48:33.059504+08:00
919,2025-06-18,-34393773.0,5470069.0,0.0,-28923704.0,31794.0,493.0,-1479.0,466.0,,2026-07-24T11:48:33.059504+08:00
919,2025-06-19,-48238015.0,-24212741.0,0.0,-72450756.0,31344.0,600.0,-450.0,107.0,,2026-07-24T11:48:33.059504+08:00
919,2025-06-20,-76502739.0,-1485041.0,0.0,-77987780.0,31480.0,775.0,136.0,175.0,,2026-07-24T11:48:33.059504+08:00
919,2025-06-23,-68649958.0,11111988.0,0.0,-57537970.0,32540.0,998.0,1060.0,223.0,,2026-07-24T11:48:33.059504+08:00
919,2025-06-24,-5830169.0,2905832.0,0.0,-2924337.0,31740.0,1294.0,-800.0,296.0,,2026-07-24T11:48:33.059504+08:00
919,2025-06-25,-28095080.0,15925955.0,0.0,-12169125.0,31252.0,1251.0,-488.0,-43.0,,2026-07-24T11:48:33.059504+08:00
919,2025-06-26,-33811430.0,23234612.0,0.0,-10576818.0,30917.0,1266.0,-335.0,15.0,,2026-07-24T11:48:33.059504+08:00
919,2025-06-27,-19308284.0,25722363.0,0.0,6414079.0,30786.0,1266.0,-131.0,0.0,,2026-07-24T11:48:33.059504+08:00
919,2025-06-30,-15087321.0,-12558983.0,0.0,-27646304.0,30154.0,1229.0,-632.0,-37.0,,2026-07-24T11:48:33.059504+08:00
919,2025-07-01,7852938.0,2287882.0,0.0,10140820.0,29511.0,1414.0,-643.0,185.0,,2026-07-24T11:48:33.059504+08:00
919,2025-07-02,316195.0,1660362.0,0.0,1976557.0,29317.0,1230.0,-194.0,-184.0,,2026-07-24T11:48:33.059504+08:00
919,2025-07-03,6462426.0,27349881.0,0.0,33812307.0,28543.0,1275.0,-774.0,45.0,,2026-07-24T11:48:33.059504+08:00
919,2025-07-04,-11052115.0,-12158941.0,0.0,-23211056.0,28388.0,1101.0,-155.0,-174.0,,2026-07-24T11:48:33.059504+08:00
919,2025-07-07,-23561902.0,-3450931.0,0.0,-27012833.0,28384.0,1081.0,-4.0,-20.0,,2026-07-24T11:48:33.059504+08:00
919,2025-07-08,-24592978.0,-4801165.0,0.0,-29394143.0,27801.0,1036.0,-583.0,-45.0,,2026-07-24T11:48:33.059504+08:00
919,2025-07-09,-7142553.0,-18185050.0,0.0,-25327603.0,27487.0,341.0,-314.0,-695.0,,2026-07-24T11:48:33.059504+08:00
919,2025-07-10,-13078637.0,975.0,0.0,-13077662.0,27393.0,329.0,-94.0,-12.0,,2026-07-24T11:48:33.059504+08:00
919,2025-07-11,-16393362.0,-190183.0,0.0,-16583545.0,27026.0,353.0,-367.0,24.0,,2026-07-24T11:48:33.059504+08:00
919,2025-07-14,106616.0,-16392763.0,0.0,-16286147.0,27031.0,316.0,5.0,-37.0,,2026-07-24T11:48:33.059504+08:00
919,2025-07-15,-9293078.0,2983785.0,0.0,-6309293.0,26781.0,225.0,-250.0,-91.0,,2026-07-24T11:48:33.059504+08:00
919,2025-07-16,9573485.0,562797.0,0.0,10136282.0,26174.0,232.0,-607.0,7.0,,2026-07-24T11:48:33.059504+08:00
919,2025-07-17,1750139.0,2338095.0,0.0,4088234.0,25508.0,352.0,-666.0,120.0,,2026-07-24T11:48:33.059504+08:00
919,2025-07-18,-11588000.0,5347827.0,0.0,-6240173.0,25510.0,353.0,2.0,1.0,,2026-07-24T11:48:33.059504+08:00
919,2025-07-21,-10157129.0,-3329866.0,0.0,-13486995.0,24739.0,373.0,-771.0,20.0,,2026-07-24T11:48:33.059504+08:00
919,2025-07-22,-3599259.0,-11749462.0,0.0,-15348721.0,24580.0,619.0,-159.0,246.0,,2026-07-24T11:48:33.059504+08:00
919,2025-07-23,9093253.0,5834494.0,0.0,14927747.0,23236.0,314.0,-1344.0,-305.0,,2026-07-24T11:48:33.059504+08:00
919,2025-07-24,1515591.0,13051343.0,0.0,14566934.0,22969.0,311.0,-267.0,-3.0,,2026-07-24T11:48:33.059504+08:00
919,2025-07-25,-3324435.0,2532692.0,0.0,-791743.0,22448.0,273.0,-521.0,-38.0,,2026-07-24T11:48:33.059504+08:00
919,2025-07-28,-8621028.0,-6538683.0,0.0,-15159711.0,22505.0,271.0,57.0,-2.0,,2026-07-24T11:48:33.059504+08:00
919,2025-07-29,-6477718.0,-32661816.0,0.0,-39139534.0,22413.0,346.0,-92.0,75.0,,2026-07-24T11:48:33.059504+08:00
919,2025-07-30,-5096037.0,8189868.0,0.0,3093831.0,22651.0,347.0,238.0,1.0,,2026-07-24T11:48:33.059504+08:00
919,2025-07-31,-25051548.0,-33468689.0,0.0,-58520237.0,23003.0,285.0,352.0,-62.0,,2026-07-24T11:48:33.059504+08:00
919,2025-08-01,-18128037.0,-4912867.0,0.0,-23040904.0,22893.0,268.0,-110.0,-17.0,,2026-07-24T11:48:33.059504+08:00
919,2025-08-04,5131625.0,7167243.0,0.0,12298868.0,23663.0,381.0,770.0,113.0,,2026-07-24T11:48:33.059504+08:00
919,2025-08-05,-2073064.0,7914313.0,0.0,5841249.0,23381.0,279.0,-282.0,-102.0,,2026-07-24T11:48:33.059504+08:00
919,2025-08-06,-437322.0,-1534306.0,0.0,-1971628.0,23167.0,281.0,-214.0,2.0,,2026-07-24T11:48:33.059504+08:00
919,2025-08-07,383702.0,10568675.0,0.0,10952377.0,21873.0,313.0,-1294.0,32.0,,2026-07-24T11:48:33.059504+08:00
919,2025-08-08,3467347.0,5213911.0,0.0,8681258.0,20941.0,323.0,-932.0,10.0,,2026-07-24T11:48:33.059504+08:00
919,2025-08-11,12281888.0,1215232.0,0.0,13497120.0,20955.0,229.0,14.0,-94.0,,2026-07-24T11:48:33.059504+08:00
919,2025-08-12,4602611.0,24484542.0,0.0,29087153.0,20737.0,243.0,-218.0,14.0,,2026-07-24T11:48:33.059504+08:00
919,2025-08-13,3301792.0,20428484.0,0.0,23730276.0,20308.0,204.0,-429.0,-39.0,,2026-07-24T11:48:33.059504+08:00
919,2025-08-14,25044128.0,14021206.0,0.0,39065334.0,19826.0,253.0,-482.0,49.0,,2026-07-24T11:48:33.059504+08:00
919,2025-08-15,-3009700.0,4421683.0,0.0,1411983.0,19634.0,204.0,-192.0,-49.0,,2026-07-24T11:48:33.059504+08:00
919,2025-08-18,-4968236.0,735969.0,0.0,-4232267.0,19940.0,226.0,306.0,22.0,,2026-07-24T11:48:33.059504+08:00
919,2025-08-19,-934315.0,3438448.0,1060000.0,3564133.0,20009.0,204.0,69.0,-22.0,,2026-07-24T11:48:33.059504+08:00
919,2025-08-20,-4779730.0,-43964055.0,0.0,-48743785.0,20332.0,196.0,323.0,-8.0,,2026-07-24T11:48:33.059504+08:00
919,2025-08-21,872935.0,6377562.0,1070000.0,8320497.0,20031.0,237.0,-301.0,41.0,,2026-07-24T11:48:33.059504+08:00
919,2025-08-22,-24869995.0,257967.0,1060000.0,-23552028.0,20469.0,196.0,438.0,-41.0,,2026-07-24T11:48:33.059504+08:00
919,2025-08-25,-2016471.0,3188299.0,1020000.0,2191828.0,20195.0,197.0,-274.0,1.0,,2026-07-24T11:48:33.059504+08:00
919,2025-08-26,-24563286.0,-24519221.0,0.0,-49082507.0,20914.0,197.0,719.0,0.0,,2026-07-24T11:48:33.059504+08:00
919,2025-08-27,-26471640.0,-2657947.0,1090000.0,-28039587.0,21060.0,197.0,146.0,0.0,,2026-07-24T11:48:33.059504+08:00
919,2025-08-28,-26382220.0,260133.0,0.0,-26122087.0,21121.0,295.0,61.0,98.0,,2026-07-24T11:48:33.059504+08:00
919,2025-08-29,-116516310.0,-8332099.0,0.0,-124848409.0,21487.0,164.0,366.0,-131.0,,2026-07-24T11:48:33.059504+08:00
919,2025-09-01,-111609179.0,-5574329.0,0.0,-117183508.0,22107.0,130.0,620.0,-34.0,,2026-07-24T11:48:33.059504+08:00
919,2025-09-02,-70817068.0,-14272.0,0.0,-70831340.0,22568.0,136.0,461.0,6.0,,2026-07-24T11:48:33.059504+08:00
919,2025-09-03,-50715910.0,1401286.0,0.0,-49314624.0,22664.0,108.0,96.0,-28.0,,2026-07-24T11:48:33.059504+08:00
919,2025-09-04,-6371847.0,11589726.0,1200000.0,6417879.0,22908.0,119.0,244.0,11.0,,2026-07-24T11:48:33.059504+08:00
919,2025-09-05,-28894033.0,4361353.0,0.0,-24532680.0,22859.0,111.0,-49.0,-8.0,,2026-07-24T11:48:33.059504+08:00
919,2025-09-08,-25655834.0,1240634.0,0.0,-24415200.0,22530.0,102.0,-329.0,-9.0,,2026-07-24T11:48:33.059504+08:00
919,2025-09-09,-17135627.0,-198031.0,0.0,-17333658.0,21801.0,100.0,-729.0,-2.0,,2026-07-24T11:48:33.059504+08:00
919,2025-09-10,-8769449.0,9617650.0,0.0,848201.0,22449.0,0.0,648.0,-100.0,,2026-07-24T11:48:33.059504+08:00
919,2025-09-11,-30917818.0,-15313700.0,0.0,-46231518.0,22526.0,0.0,77.0,0.0,,2026-07-24T11:48:33.059504+08:00
919,2025-09-12,13769831.0,4127050.0,0.0,17896881.0,22755.0,0.0,229.0,0.0,,2026-07-24T11:48:33.059504+08:00
919,2025-09-15,-8072857.0,-3553829.0,0.0,-11626686.0,22649.0,0.0,-106.0,0.0,,2026-07-24T11:48:33.059504+08:00
919,2025-09-16,-29979935.0,-2059356.0,0.0,-32039291.0,20099.0,3.0,-2550.0,3.0,,2026-07-24T11:48:33.059504+08:00
919,2025-09-17,-24130407.0,-3543838.0,0.0,-27674245.0,19615.0,354.0,-484.0,351.0,,2026-07-24T11:48:33.059504+08:00
919,2025-09-18,8271111.0,11626530.0,0.0,19897641.0,18757.0,364.0,-858.0,10.0,,2026-07-24T11:48:33.059504+08:00
919,2025-09-19,20379597.0,17256631.0,0.0,37636228.0,18312.0,340.0,-445.0,-24.0,,2026-07-24T11:48:33.059504+08:00
919,2025-09-22,-4198331.0,20361177.0,0.0,16162846.0,17998.0,338.0,-314.0,-2.0,,2026-07-24T11:48:33.059504+08:00
919,2025-09-23,8517328.0,12047712.0,0.0,20565040.0,17416.0,337.0,-582.0,-1.0,,2026-07-24T11:48:33.059504+08:00
919,2025-09-24,30420120.0,1676126.0,0.0,32096246.0,16965.0,337.0,-451.0,0.0,,2026-07-24T11:48:33.059504+08:00
919,2025-09-25,-18298999.0,-21449958.0,0.0,-39748957.0,17230.0,336.0,265.0,-1.0,,2026-07-24T11:48:33.059504+08:00
919,2025-09-26,-61776585.0,-51283382.0,0.0,-113059967.0,17492.0,92.0,262.0,-244.0,,2026-07-24T11:48:33.059504+08:00
919,2025-09-30,4783985.0,11411305.0,0.0,16195290.0,17248.0,102.0,-244.0,10.0,,2026-07-24T11:48:33.059504+08:00
919,2025-10-01,-10814834.0,10210807.0,0.0,-604027.0,17102.0,108.0,-146.0,6.0,,2026-07-24T11:48:33.059504+08:00
919,2025-10-02,-4027395.0,10016026.0,0.0,5988631.0,16875.0,90.0,-227.0,-18.0,,2026-07-24T11:48:33.059504+08:00
919,2025-10-03,-1178779.0,-4644104.0,0.0,-5822883.0,17010.0,92.0,135.0,2.0,,2026-07-24T11:48:33.059504+08:00
919,2025-10-07,54805463.0,43175622.0,0.0,97981085.0,17124.0,90.0,114.0,-2.0,,2026-07-24T11:48:33.059504+08:00
919,2025-10-08,24254601.0,20103578.0,0.0,44358179.0,17111.0,90.0,-13.0,0.0,,2026-07-24T11:48:33.059504+08:00
919,2025-10-09,42391751.0,32029041.0,0.0,74420792.0,16910.0,91.0,-201.0,1.0,,2026-07-24T11:48:33.059504+08:00
919,2025-10-13,-1777143.0,-67305684.0,0.0,-69082827.0,17091.0,92.0,181.0,1.0,,2026-07-24T11:48:33.059504+08:00
919,2025-10-14,57270247.0,34046594.0,0.0,91316841.0,15728.0,95.0,-1363.0,3.0,,2026-07-24T11:48:33.059504+08:00
919,2025-10-15,-5201929.0,-30063180.0,0.0,-35265109.0,15675.0,94.0,-53.0,-1.0,,2026-07-24T11:48:33.059504+08:00
919,2025-10-16,18083145.0,27090377.0,0.0,45173522.0,15355.0,112.0,-320.0,18.0,,2026-07-24T11:48:33.059504+08:00
919,2025-10-17,20359267.0,10290414.0,0.0,30649681.0,14497.0,13.0,-858.0,-99.0,,2026-07-24T11:48:33.059504+08:00
919,2025-10-20,9069710.0,7751764.0,0.0,16821474.0,15257.0,12.0,760.0,-1.0,,2026-07-24T11:48:33.059504+08:00
919,2025-10-21,65942658.0,16817903.0,0.0,82760561.0,14550.0,39.0,-707.0,27.0,,2026-07-24T11:48:33.059504+08:00
919,2025-10-22,34755048.0,4181250.0,0.0,38936298.0,14376.0,24.0,-174.0,-15.0,,2026-07-24T11:48:33.059504+08:00
919,2025-10-23,2994761.0,-6983418.0,0.0,-3988657.0,14339.0,14.0,-37.0,-10.0,,2026-07-24T11:48:33.059504+08:00
919,2025-10-27,47775280.0,43094052.0,0.0,90869332.0,13588.0,15.0,-751.0,1.0,,2026-07-24T11:48:33.059504+08:00
919,2025-10-28,7426611.0,-2509470.0,0.0,4917141.0,13640.0,13.0,52.0,-2.0,,2026-07-24T11:48:33.059504+08:00
919,2025-10-29,36593142.0,25537850.0,0.0,62130992.0,13383.0,11.0,-257.0,-2.0,,2026-07-24T11:48:33.059504+08:00
919,2025-10-30,40940718.0,30321191.0,0.0,71261909.0,13308.0,18.0,-75.0,7.0,,2026-07-24T11:48:33.059504+08:00
919,2025-10-31,-3680440.0,3864360.0,0.0,183920.0,13016.0,17.0,-292.0,-1.0,,2026-07-24T11:48:33.059504+08:00
919,2025-11-03,17123235.0,12110597.0,0.0,29233832.0,12857.0,16.0,-159.0,-1.0,,2026-07-24T11:48:33.059504+08:00
919,2025-11-04,13733322.0,1910313.0,0.0,15643635.0,12697.0,35.0,-160.0,19.0,,2026-07-24T11:48:33.059504+08:00
919,2025-11-05,1394555.0,-44569638.0,0.0,-43175083.0,12758.0,13.0,61.0,-22.0,,2026-07-24T11:48:33.059504+08:00
919,2025-11-06,23499427.0,12141573.0,0.0,35641000.0,12636.0,31.0,-122.0,18.0,,2026-07-24T11:48:33.059504+08:00
919,2025-11-07,-8564407.0,-5398801.0,0.0,-13963208.0,12787.0,11.0,151.0,-20.0,,2026-07-24T11:48:33.059504+08:00
919,2025-11-10,8887897.0,7857058.0,0.0,16744955.0,12964.0,12.0,177.0,1.0,,2026-07-24T11:48:33.059504+08:00
919,2025-11-11,24386818.0,20357260.0,0.0,44744078.0,12611.0,31.0,-353.0,19.0,,2026-07-24T11:48:33.059504+08:00
919,2025-11-12,48530957.0,36346210.0,0.0,84877167.0,12280.0,48.0,-331.0,17.0,,2026-07-24T11:48:33.059504+08:00
919,2025-11-13,34148274.0,30213316.0,0.0,64361590.0,12347.0,60.0,67.0,12.0,,2026-07-24T11:48:33.059504+08:00
919,2025-11-14,4576920.0,-104707.0,0.0,4472213.0,12036.0,32.0,-311.0,-28.0,,2026-07-24T11:48:33.059504+08:00
919,2025-11-17,-3665877.0,-4076505.0,0.0,-7742382.0,12088.0,0.0,52.0,-32.0,,2026-07-24T11:48:33.059504+08:00
919,2025-11-18,-9614088.0,-53781253.0,0.0,-63395341.0,12669.0,5.0,581.0,5.0,,2026-07-24T11:48:33.059504+08:00
919,2025-11-19,-9715379.0,-31992403.0,0.0,-41707782.0,12854.0,108.0,185.0,103.0,,2026-07-24T11:48:33.059504+08:00
919,2025-11-20,3760331.0,-4766719.0,0.0,-1006388.0,13002.0,168.0,148.0,60.0,,2026-07-24T11:48:33.059504+08:00
919,2025-11-21,-49697505.0,-35286499.0,0.0,-84984004.0,13165.0,197.0,163.0,29.0,,2026-07-24T11:48:33.059504+08:00
919,2025-11-24,9882480.0,-9512931.0,0.0,369549.0,13164.0,228.0,-1.0,31.0,,2026-07-24T11:48:33.059504+08:00
919,2025-11-25,-6058256.0,15942784.0,0.0,9884528.0,13051.0,228.0,-113.0,0.0,,2026-07-24T11:48:33.059504+08:00
919,2025-11-26,-5240432.0,12589308.0,0.0,7348876.0,12795.0,223.0,-256.0,-5.0,,2026-07-24T11:48:33.059504+08:00
919,2025-11-27,7633153.0,14748815.0,0.0,22381968.0,12692.0,223.0,-103.0,0.0,,2026-07-24T11:48:33.059504+08:00
919,2025-11-28,-5389167.0,-3467239.0,0.0,-8856406.0,13079.0,223.0,387.0,0.0,,2026-07-24T11:48:33.059504+08:00
919,2025-12-01,265474.0,-1716157.0,0.0,-1450683.0,13067.0,223.0,-12.0,0.0,,2026-07-24T11:48:33.059504+08:00
919,2025-12-02,-292543.0,-5968055.0,0.0,-6260598.0,13125.0,223.0,58.0,0.0,,2026-07-24T11:48:33.059504+08:00
919,2025-12-03,-2484593.0,-9013761.0,0.0,-11498354.0,13285.0,228.0,160.0,5.0,,2026-07-24T11:48:33.059504+08:00
919,2025-12-04,22826404.0,8868003.0,0.0,31694407.0,13273.0,242.0,-12.0,14.0,,2026-07-24T11:48:33.059504+08:00
919,2025-12-05,-7474102.0,-4927920.0,0.0,-12402022.0,13364.0,245.0,91.0,3.0,,2026-07-24T11:48:33.059504+08:00
919,2025-12-08,-2396769.0,5337293.0,0.0,2940524.0,13669.0,244.0,305.0,-1.0,,2026-07-24T11:48:33.059504+08:00
919,2025-12-09,893995.0,-2440811.0,0.0,-1546816.0,13708.0,227.0,39.0,-17.0,,2026-07-24T11:48:33.059504+08:00
919,2025-12-10,-14279532.0,-15746230.0,0.0,-30025762.0,13906.0,0.0,198.0,-227.0,,2026-07-24T11:48:33.059504+08:00
919,2025-12-11,3230924.0,408826.0,0.0,3639750.0,13923.0,0.0,17.0,0.0,,2026-07-24T11:48:33.059504+08:00
919,2025-12-12,36493214.0,25085721.0,0.0,61578935.0,13738.0,0.0,-185.0,0.0,,2026-07-24T11:48:33.059504+08:00
919,2025-12-15,-3022583.0,-20460350.0,0.0,-23482933.0,16207.0,0.0,2469.0,0.0,,2026-07-24T11:48:33.059504+08:00
919,2025-12-16,-47682795.0,-23689523.0,0.0,-71372318.0,15607.0,42.0,-600.0,42.0,,2026-07-24T11:48:33.059504+08:00
919,2025-12-17,62987031.0,106658347.0,0.0,169645378.0,12037.0,93.0,-3570.0,51.0,,2026-07-24T11:48:33.059504+08:00
919,2025-12-18,30690556.0,15386715.0,0.0,46077271.0,11312.0,97.0,-725.0,4.0,,2026-07-24T11:48:33.059504+08:00
919,2025-12-19,34686059.0,52551434.0,0.0,87237493.0,10075.0,114.0,-1237.0,17.0,,2026-07-24T11:48:33.059504+08:00
919,2025-12-22,43525622.0,28505089.0,0.0,72030711.0,9976.0,134.0,-99.0,20.0,,2026-07-24T11:48:33.059504+08:00
919,2025-12-23,25627777.0,162594.0,0.0,25790371.0,9480.0,140.0,-496.0,6.0,,2026-07-24T11:48:33.059504+08:00
919,2025-12-24,33501163.0,5241972.0,0.0,38743135.0,9376.0,145.0,-104.0,5.0,,2026-07-24T11:48:33.059504+08:00
919,2025-12-26,5394832.0,9036825.0,0.0,14431657.0,9307.0,147.0,-69.0,2.0,,2026-07-24T11:48:33.059504+08:00
919,2025-12-29,21650039.0,26779035.0,0.0,48429074.0,8930.0,141.0,-377.0,-6.0,,2026-07-24T11:48:33.059504+08:00
919,2025-12-30,4238606.0,13787912.0,0.0,18026518.0,8802.0,131.0,-128.0,-10.0,,2026-07-24T11:48:33.059504+08:00
919,2025-12-31,-2211318.0,18852505.0,0.0,16641187.0,8817.0,119.0,15.0,-12.0,,2026-07-24T11:48:33.059504+08:00
919,2026-01-02,6686398.0,22600285.0,0.0,29286683.0,8516.0,106.0,-301.0,-13.0,,2026-07-24T11:48:33.059504+08:00
919,2026-01-05,25296339.0,70172827.0,0.0,95469166.0,8508.0,102.0,-8.0,-4.0,,2026-07-24T11:48:33.059504+08:00
919,2026-01-06,27395477.0,48611606.0,0.0,76007083.0,8405.0,104.0,-103.0,2.0,,2026-07-24T11:48:33.059504+08:00
919,2026-01-07,46262367.0,94985392.0,0.0,141247759.0,7712.0,165.0,-693.0,61.0,,2026-07-24T11:48:33.059504+08:00
919,2026-01-08,44882910.0,31828889.0,0.0,76711799.0,7566.0,149.0,-146.0,-16.0,,2026-07-24T11:48:33.059504+08:00
919,2026-01-09,28024302.0,2647756.0,0.0,30672058.0,7479.0,149.0,-87.0,0.0,,2026-07-24T11:48:33.059504+08:00
919,2026-01-12,42206393.0,17369505.0,0.0,59575898.0,7471.0,148.0,-8.0,-1.0,,2026-07-24T11:48:33.059504+08:00
919,2026-01-13,22388600.0,27532165.0,0.0,49920765.0,7264.0,147.0,-207.0,-1.0,,2026-07-24T11:48:33.059504+08:00
919,2026-01-14,18338034.0,18341942.0,0.0,36679976.0,7268.0,145.0,4.0,-2.0,,2026-07-24T11:48:33.059504+08:00
919,2026-01-15,31601375.0,10670209.0,0.0,42271584.0,7290.0,153.0,22.0,8.0,,2026-07-24T11:48:33.059504+08:00
919,2026-01-16,27698784.0,45045715.0,0.0,72744499.0,7234.0,157.0,-56.0,4.0,,2026-07-24T11:48:33.059504+08:00
919,2026-01-19,46275047.0,24461337.0,0.0,70736384.0,7349.0,209.0,115.0,52.0,,2026-07-24T11:48:33.059504+08:00
919,2026-01-20,41001627.0,13594515.0,0.0,54596142.0,7587.0,203.0,238.0,-6.0,,2026-07-24T11:48:33.059504+08:00
919,2026-01-21,35470899.0,16834381.0,0.0,52305280.0,7759.0,208.0,172.0,5.0,,2026-07-24T11:48:33.059504+08:00
919,2026-01-22,26464368.0,4955084.0,0.0,31419452.0,7735.0,208.0,-24.0,0.0,,2026-07-24T11:48:33.059504+08:00
919,2026-01-23,941702.0,278671.0,0.0,1220373.0,8316.0,206.0,581.0,-2.0,,2026-07-24T11:48:33.059504+08:00
919,2026-01-26,23723565.0,27527855.0,0.0,51251420.0,7429.0,219.0,-887.0,13.0,,2026-07-24T11:48:33.059504+08:00
919,2026-01-27,63077929.0,71402933.0,0.0,134480862.0,6461.0,220.0,-968.0,1.0,,2026-07-24T11:48:33.059504+08:00
919,2026-01-28,22496898.0,7935393.0,0.0,30432291.0,6491.0,176.0,30.0,-44.0,,2026-07-24T11:48:33.059504+08:00
919,2026-01-29,35443652.0,-20072142.0,0.0,15371510.0,6134.0,189.0,-357.0,13.0,,2026-07-24T11:48:33.059504+08:00
919,2026-01-30,-10575708.0,4281483.0,0.0,-6294225.0,6764.0,151.0,630.0,-38.0,,2026-07-24T11:48:33.059504+08:00
919,2026-02-02,1543065.0,-4480963.0,0.0,-2937898.0,6909.0,239.0,145.0,88.0,,2026-07-24T11:48:33.059504+08:00
919,2026-02-03,5418701.0,3486519.0,0.0,8905220.0,6949.0,234.0,40.0,-5.0,,2026-07-24T11:48:33.059504+08:00
919,2026-02-04,11322386.0,-5210358.0,0.0,6112028.0,7028.0,229.0,79.0,-5.0,,2026-07-24T11:48:33.059504+08:00
919,2026-02-05,5340498.0,735210.0,0.0,6075708.0,6868.0,229.0,-160.0,0.0,,2026-07-24T11:48:33.059504+08:00
919,2026-02-06,-3336869.0,-3717616.0,0.0,-7054485.0,6832.0,217.0,-36.0,-12.0,,2026-07-24T11:48:33.059504+08:00
919,2026-02-09,11884825.0,21870771.0,0.0,33755596.0,6637.0,321.0,-195.0,104.0,,2026-07-24T11:48:33.059504+08:00
919,2026-02-10,9511690.0,26894366.0,0.0,36406056.0,6719.0,147.0,82.0,-174.0,,2026-07-24T11:48:33.059504+08:00
919,2026-02-11,31100136.0,35315513.0,0.0,66415649.0,6325.0,146.0,-394.0,-1.0,,2026-07-24T11:48:33.059504+08:00
919,2026-02-23,74111000.0,40487876.0,0.0,114598876.0,5916.0,143.0,-409.0,-3.0,,2026-07-24T11:48:33.059504+08:00
919,2026-02-24,92904782.0,1762486.0,0.0,94667268.0,5547.0,144.0,-369.0,1.0,,2026-07-24T11:48:33.059504+08:00
919,2026-02-25,28440372.0,33725681.0,0.0,62166053.0,5070.0,108.0,-477.0,-36.0,,2026-07-24T11:48:33.059504+08:00
919,2026-02-26,58526800.0,48939630.0,0.0,107466430.0,4853.0,158.0,-217.0,50.0,,2026-07-24T11:48:33.059504+08:00
919,2026-03-02,8924513.0,-23662332.0,0.0,-14737819.0,5239.0,106.0,386.0,-52.0,,2026-07-24T11:48:33.059504+08:00
919,2026-03-03,-120307354.0,-107558948.0,0.0,-227866302.0,6692.0,95.0,1453.0,-11.0,,2026-07-24T11:48:33.059504+08:00
919,2026-03-04,-273127160.0,-16865902.0,0.0,-289993062.0,9089.0,100.0,2397.0,5.0,,2026-07-24T11:48:33.059504+08:00
919,2026-03-05,-108196589.0,-35997166.0,0.0,-144193755.0,9665.0,188.0,576.0,88.0,,2026-07-24T11:48:33.059504+08:00
919,2026-03-06,-74158124.0,-12432721.0,0.0,-86590845.0,9927.0,49.0,262.0,-139.0,,2026-07-24T11:48:33.059504+08:00
919,2026-03-09,-278778898.0,-7561865.0,0.0,-286340763.0,11298.0,7.0,1371.0,-42.0,,2026-07-24T11:48:33.059504+08:00
919,2026-03-10,-98750168.0,-11707207.0,0.0,-110457375.0,11596.0,17.0,298.0,10.0,,2026-07-24T11:48:33.059504+08:00
919,2026-03-11,-36797689.0,6558246.0,0.0,-30239443.0,11450.0,0.0,-146.0,-17.0,,2026-07-24T11:48:33.059504+08:00
919,2026-03-12,-113327409.0,-15589335.0,0.0,-128916744.0,12713.0,0.0,1263.0,0.0,,2026-07-24T11:48:33.059504+08:00
919,2026-03-13,-182121523.0,-4294384.0,0.0,-186415907.0,13560.0,0.0,847.0,0.0,,2026-07-24T11:48:33.059504+08:00
919,2026-03-16,-153657179.0,-23445167.0,0.0,-177102346.0,15525.0,0.0,1965.0,0.0,,2026-07-24T11:48:33.059504+08:00
919,2026-03-17,-60774392.0,-13953571.0,0.0,-74727963.0,15264.0,15.0,-261.0,15.0,,2026-07-24T11:48:33.059504+08:00
919,2026-03-18,-5605885.0,20761937.0,0.0,15156052.0,14633.0,14.0,-631.0,-1.0,,2026-07-24T11:48:33.059504+08:00
919,2026-03-19,-122058525.0,-10250654.0,0.0,-132309179.0,14812.0,2512.0,179.0,2498.0,,2026-07-24T11:48:33.059504+08:00
919,2026-03-20,-53290623.0,-1788597.0,0.0,-55079220.0,14776.0,2662.0,-36.0,150.0,,2026-07-24T11:48:33.059504+08:00
919,2026-03-23,-175206541.0,-23354290.0,0.0,-198560831.0,14827.0,2667.0,51.0,5.0,,2026-07-24T11:48:33.059504+08:00
919,2026-03-24,-59136006.0,-9173832.0,0.0,-68309838.0,14817.0,2669.0,-10.0,2.0,,2026-07-24T11:48:33.059504+08:00
919,2026-03-25,-24619946.0,23930310.0,0.0,-689636.0,14442.0,171.0,-375.0,-2498.0,,2026-07-24T11:48:33.059504+08:00
919,2026-03-26,-59463014.0,-3635368.0,0.0,-63098382.0,14554.0,172.0,112.0,1.0,,2026-07-24T11:48:33.059504+08:00
919,2026-03-27,-58613745.0,-1916926.0,0.0,-60530671.0,14505.0,172.0,-49.0,0.0,,2026-07-24T11:48:33.059504+08:00
919,2026-03-30,-65148322.0,-1639493.0,0.0,-66787815.0,14522.0,173.0,17.0,1.0,,2026-07-24T11:48:33.059504+08:00
919,2026-03-31,-91250344.0,-34114492.0,0.0,-125364836.0,14677.0,270.0,155.0,97.0,,2026-07-24T11:48:33.059504+08:00
919,2026-04-01,5192572.0,1004075.0,0.0,6196647.0,14380.0,320.0,-297.0,50.0,,2026-07-24T11:48:33.059504+08:00
919,2026-04-02,-35115160.0,-3110476.0,0.0,-38225636.0,14077.0,461.0,-303.0,141.0,,2026-07-24T11:48:33.059504+08:00
919,2026-04-07,2024629.0,4635569.0,0.0,6660198.0,13831.0,468.0,-246.0,7.0,,2026-07-24T11:48:33.059504+08:00
919,2026-04-08,11648669.0,32838073.0,0.0,44486742.0,13606.0,364.0,-225.0,-104.0,,2026-07-24T11:48:33.059504+08:00
919,2026-04-09,-25416666.0,4711483.0,0.0,-20705183.0,13523.0,364.0,-83.0,0.0,,2026-07-24T11:48:33.059504+08:00
919,2026-04-10,292632.0,3281600.0,0.0,3574232.0,13211.0,382.0,-312.0,18.0,,2026-07-24T11:48:33.059504+08:00
919,2026-04-13,-18386159.0,-28952434.0,0.0,-47338593.0,13750.0,375.0,539.0,-7.0,,2026-07-24T11:48:33.059504+08:00
919,2026-04-14,-6859412.0,1321610.0,0.0,-5537802.0,13488.0,186.0,-262.0,-189.0,,2026-07-24T11:48:33.059504+08:00
919,2026-04-15,3602870.0,24203662.0,0.0,27806532.0,12766.0,187.0,-722.0,1.0,,2026-07-24T11:48:33.059504+08:00
919,2026-04-16,22453678.0,41246705.0,0.0,63700383.0,12345.0,183.0,-421.0,-4.0,,2026-07-24T11:48:33.059504+08:00
919,2026-04-17,46903078.0,25066988.0,0.0,71970066.0,11833.0,183.0,-512.0,0.0,,2026-07-24T11:48:33.059504+08:00
919,2026-04-20,37196854.0,47405619.0,0.0,84602473.0,10761.0,184.0,-1072.0,1.0,,2026-07-24T11:48:33.059504+08:00
919,2026-04-21,15132050.0,6270128.0,0.0,21402178.0,10722.0,184.0,-39.0,0.0,,2026-07-24T11:48:33.059504+08:00
919,2026-04-22,89704189.0,48815840.0,0.0,138520029.0,9615.0,219.0,-1107.0,35.0,,2026-07-24T11:48:33.059504+08:00
919,2026-04-23,5827842.0,-1307966.0,0.0,4519876.0,9617.0,240.0,2.0,21.0,,2026-07-24T11:48:33.059504+08:00
919,2026-04-24,24378741.0,-5138739.0,0.0,19240002.0,9530.0,38.0,-87.0,-202.0,,2026-07-24T11:48:33.059504+08:00
919,2026-04-27,37427332.0,-1984356.0,0.0,35442976.0,9074.0,31.0,-456.0,-7.0,,2026-07-24T11:48:33.059504+08:00
919,2026-04-28,79908617.0,-7122603.0,0.0,72786014.0,8813.0,36.0,-261.0,5.0,,2026-07-24T11:48:33.059504+08:00
919,2026-04-29,57846091.0,8582743.0,0.0,66428834.0,8459.0,41.0,-354.0,5.0,,2026-07-24T11:48:33.059504+08:00
919,2026-04-30,44433410.0,-1334529.0,0.0,43098881.0,8360.0,36.0,-99.0,-5.0,,2026-07-24T11:48:33.059504+08:00
919,2026-05-04,90272262.0,34058589.0,0.0,124330851.0,8093.0,38.0,-267.0,2.0,,2026-07-24T11:48:33.059504+08:00
919,2026-05-05,97789278.0,36935727.0,0.0,134725005.0,7303.0,35.0,-790.0,-3.0,,2026-07-24T11:48:33.059504+08:00
919,2026-05-06,120645912.0,102089942.0,0.0,222735854.0,6770.0,52.0,-533.0,17.0,,2026-07-24T11:48:33.059504+08:00
919,2026-05-07,91076598.0,56794117.0,0.0,147870715.0,6781.0,54.0,11.0,2.0,,2026-07-24T11:48:33.059504+08:00
919,2026-05-08,102020608.0,29064082.0,0.0,131084690.0,6530.0,56.0,-251.0,2.0,,2026-07-24T11:48:33.059504+08:00
919,2026-05-11,61383526.0,8096397.0,0.0,69479923.0,6374.0,56.0,-156.0,0.0,,2026-07-24T11:48:33.059504+08:00
919,2026-05-12,73832679.0,33245441.0,0.0,107078120.0,6357.0,65.0,-17.0,9.0,,2026-07-24T11:48:33.059504+08:00
919,2026-05-13,62822244.0,-176246.0,0.0,62645998.0,6159.0,56.0,-198.0,-9.0,,2026-07-24T11:48:33.059504+08:00
919,2026-05-14,80120557.0,16331755.0,0.0,96452312.0,5982.0,86.0,-177.0,30.0,,2026-07-24T11:48:33.059504+08:00
919,2026-05-15,55101258.0,169401.0,0.0,55270659.0,7164.0,88.0,1182.0,2.0,,2026-07-24T11:48:33.059504+08:00
919,2026-05-18,20363091.0,-343761.0,0.0,20019330.0,7395.0,78.0,231.0,-10.0,,2026-07-24T11:48:33.059504+08:00
919,2026-05-19,38738744.0,-978082.0,0.0,37760662.0,8215.0,103.0,820.0,25.0,,2026-07-24T11:48:33.059504+08:00
919,2026-05-20,23800946.0,3864996.0,0.0,27665942.0,7564.0,111.0,-651.0,8.0,,2026-07-24T11:48:33.059504+08:00
919,2026-05-21,67061737.0,7056941.0,0.0,74118678.0,8038.0,133.0,474.0,22.0,,2026-07-24T11:48:33.059504+08:00
919,2026-05-22,7386319.0,11735228.0,0.0,19121547.0,8426.0,138.0,388.0,5.0,,2026-07-24T11:48:33.059504+08:00
919,2026-05-25,14476465.0,31796888.0,0.0,46273353.0,8439.0,143.0,13.0,5.0,,2026-07-24T11:48:33.059504+08:00
919,2026-05-26,23389021.0,3065629.0,0.0,26454650.0,8692.0,156.0,253.0,13.0,,2026-07-24T11:48:33.059504+08:00
919,2026-05-27,-1559688.0,53577221.0,0.0,52017533.0,9099.0,170.0,407.0,14.0,,2026-07-24T11:48:33.059504+08:00
919,2026-05-28,17090731.0,-29228240.0,0.0,-12137509.0,9490.0,162.0,391.0,-8.0,,2026-07-24T11:48:33.059504+08:00
919,2026-05-29,4852871.0,4215395.0,0.0,9068266.0,10080.0,157.0,590.0,-5.0,,2026-07-24T11:48:33.059504+08:00
919,2026-06-01,-7499009.0,-14840064.0,0.0,-22339073.0,11451.0,165.0,1371.0,8.0,,2026-07-24T11:48:33.059504+08:00
919,2026-06-02,-75195521.0,-35458831.0,0.0,-110654352.0,14086.0,170.0,2635.0,5.0,,2026-07-24T11:48:33.059504+08:00
919,2026-06-03,-25947980.0,-27670142.0,0.0,-53618122.0,14437.0,190.0,351.0,20.0,,2026-07-24T11:48:33.059504+08:00
919,2026-06-04,-57056631.0,-34722294.0,0.0,-91778925.0,15223.0,236.0,786.0,46.0,,2026-07-24T11:48:33.059504+08:00
919,2026-06-05,-4882219.0,2108824.0,0.0,-2773395.0,15924.0,167.0,701.0,-69.0,,2026-07-24T11:48:33.059504+08:00
919,2026-06-08,-83423311.0,-7153166.0,0.0,-90576477.0,16780.0,86.0,856.0,-81.0,,2026-07-24T11:48:33.059504+08:00
919,2026-06-09,9411505.0,-16233023.0,0.0,-6821518.0,17845.0,95.0,1065.0,9.0,,2026-07-24T11:48:33.059504+08:00
919,2026-06-10,-62948596.0,-5810266.0,0.0,-68758862.0,17454.0,0.0,-391.0,-95.0,,2026-07-24T11:48:33.059504+08:00
919,2026-06-11,-27131272.0,3111888.0,0.0,-24019384.0,18029.0,0.0,575.0,0.0,,2026-07-24T11:48:33.059504+08:00
919,2026-06-12,-98216065.0,4177266.0,0.0,-94038799.0,19005.0,0.0,976.0,0.0,,2026-07-24T11:48:33.059504+08:00
919,2026-06-15,-127816686.0,-29542294.0,0.0,-157358980.0,22738.0,0.0,3733.0,0.0,,2026-07-24T11:48:33.059504+08:00
919,2026-06-16,-33049626.0,9370072.0,0.0,-23679554.0,21051.0,48.0,-1687.0,48.0,,2026-07-24T11:48:33.059504+08:00
919,2026-06-17,9408211.0,59279355.0,0.0,68687566.0,19635.0,62.0,-1416.0,14.0,,2026-07-24T11:48:33.059504+08:00
919,2026-06-18,36209018.0,66330042.0,0.0,102539060.0,15277.0,70.0,-4358.0,8.0,,2026-07-24T11:48:33.059504+08:00
919,2026-06-19,36209018.0,66330042.0,0.0,102539060.0,,,,,,2026-07-24T11:48:33.059504+08:00
919,2026-06-22,7172128.0,24601351.0,0.0,31773479.0,12442.0,59.0,,,,2026-07-24T11:48:33.059504+08:00
919,2026-06-23,13686212.0,15388212.0,0.0,29074424.0,10046.0,43.0,-2396.0,-16.0,,2026-07-24T11:48:33.059504+08:00
919,2026-06-24,-14278444.0,-11737779.0,0.0,-26016223.0,10364.0,40.0,318.0,-3.0,,2026-07-24T11:48:33.059504+08:00
919,2026-06-25,14500926.0,1130839.0,0.0,15631765.0,9132.0,42.0,-1232.0,2.0,,2026-07-24T11:48:33.059504+08:00
919,2026-06-26,-24998899.0,-63377960.0,0.0,-88376859.0,9080.0,16.0,-52.0,-26.0,,2026-07-24T11:48:33.059504+08:00
919,2026-06-29,-2589533.0,-10239434.0,0.0,-12828967.0,9033.0,229.0,-47.0,213.0,,2026-07-24T11:48:33.059504+08:00
919,2026-06-30,-10713395.0,-708342.0,0.0,-11421737.0,9203.0,106.0,170.0,-123.0,,2026-07-24T11:48:33.059504+08:00
919,2026-07-01,-13505041.0,-831693.0,0.0,-14336734.0,9121.0,113.0,,,,2026-07-30T01:53:15.481744+08:00
919,2026-07-02,-11113569.0,-17253564.0,0.0,-28367133.0,9198.0,18.0,77.0,-95.0,,2026-07-30T01:53:15.481744+08:00
919,2026-07-03,5859634.0,10207257.0,0.0,16066891.0,8723.0,103.0,-475.0,85.0,,2026-07-30T01:53:15.481744+08:00
919,2026-07-06,-1099288.0,8132730.0,0.0,7033442.0,8513.0,104.0,-210.0,1.0,,2026-07-30T01:53:15.481744+08:00
919,2026-07-07,9913083.0,5127921.0,0.0,15041004.0,8336.0,111.0,-177.0,7.0,,2026-07-30T01:53:15.481744+08:00
919,2026-07-08,4185147.0,30994711.0,0.0,35179858.0,8146.0,111.0,-190.0,0.0,,2026-07-30T01:53:15.481744+08:00
919,2026-07-09,-14529910.0,16275598.0,0.0,1745688.0,7899.0,110.0,-247.0,-1.0,,2026-07-30T01:53:15.481744+08:00
919,2026-07-13,621642.0,-20459946.0,0.0,-19838304.0,7768.0,114.0,-131.0,4.0,,2026-07-30T01:53:15.481744+08:00
919,2026-07-14,-41104795.0,-8037055.0,0.0,-49141850.0,7680.0,111.0,-88.0,-3.0,,2026-07-30T01:53:15.481744+08:00
919,2026-07-15,-525138.0,7563935.0,0.0,7038797.0,7539.0,110.0,-141.0,-1.0,,2026-07-30T01:53:15.481744+08:00
919,2026-07-16,-13593740.0,-16791631.0,0.0,-30385371.0,7550.0,111.0,11.0,1.0,,2026-07-30T01:53:15.481744+08:00
919,2026-07-17,-27189826.0,-29798141.0,0.0,-56987967.0,8145.0,132.0,595.0,21.0,,2026-07-30T01:53:15.481744+08:00
919,2026-07-20,-14206241.0,-1792093.0,0.0,-15998334.0,8074.0,115.0,-71.0,-17.0,,2026-07-30T01:53:15.481744+08:00
919,2026-07-21,-4020856.0,1362226.0,0.0,-2658630.0,8012.0,115.0,-62.0,0.0,,2026-07-30T01:53:15.481744+08:00
919,2026-07-22,4165805.0,16385407.0,0.0,20551212.0,7731.0,26.0,-281.0,-89.0,,2026-07-30T01:53:15.481744+08:00
919,2026-07-23,-1597238.0,4135826.0,0.0,2538588.0,7624.0,27.0,-107.0,1.0,,2026-07-30T01:53:15.481744+08:00
919,2026-07-24,3336052.0,1844846.0,0.0,5180898.0,7689.0,77.0,65.0,50.0,,2026-07-30T01:53:15.481744+08:00
919,2026-07-27,3133854.0,-1729692.0,0.0,1404162.0,7803.0,74.0,114.0,-3.0,,2026-07-30T01:53:15.481744+08:00
919,2026-07-28,-36200025.0,-14725887.0,0.0,-50925912.0,8421.0,309.0,618.0,235.0,,2026-07-30T01:53:15.481744+08:00
919,2026-07-29,1387904.0,11077554.0,0.0,12465458.0,9073.0,311.0,652.0,2.0,,2026-07-30T01:53:15.481744+08:00
919,2026-08-03,-6665720.0,-7992984.0,0.0,-14658704.0,9778.0,263.0,,,,2026-08-29T06:55:12.799975+08:00
919,2026-08-04,-10963330.0,13986841.0,0.0,3023511.0,9539.0,268.0,-239.0,5.0,,2026-08-29T06:55:12.799975+08:00
919,2026-08-05,12536439.0,13700204.0,0.0,26236643.0,8110.0,120.0,-1429.0,-148.0,,2026-08-29T06:55:12.799975+08:00
919,2026-08-06,-19297477.0,-17565645.0,0.0,-36863122.0,8257.0,124.0,147.0,4.0,,2026-08-29T06:55:12.799975+08:00
919,2026-08-07,8875267.0,-6548206.0,0.0,2327061.0,9666.0,50.0,1409.0,-74.0,,2026-08-29T06:55:12.799975+08:00
919,2026-08-10,9298268.0,8876457.0,0.0,18174725.0,9536.0,52.0,-130.0,2.0,,2026-08-29T06:55:12.799975+08:00
919,2026-08-11,8140193.0,10246948.0,0.0,18387141.0,9326.0,55.0,-210.0,3.0,,2026-08-29T06:55:12.799975+08:00
919,2026-08-12,-1493144.0,2225240.0,0.0,732096.0,9280.0,55.0,-46.0,0.0,,2026-08-29T06:55:12.799975+08:00
919,2026-08-13,6405209.0,14228089.0,0.0,20633298.0,9120.0,55.0,-160.0,0.0,,2026-08-29T06:55:12.799975+08:00
919,2026-08-14,13509545.0,15736040.0,0.0,29245585.0,9586.0,58.0,466.0,3.0,,2026-08-29T06:55:12.799975+08:00
919,2026-08-17,-6147326.0,-13820116.0,0.0,-19967442.0,7891.0,54.0,-1695.0,-4.0,,2026-08-29T06:55:12.799975+08:00
919,2026-08-18,968554.0,-601494.0,0.0,367060.0,8473.0,100.0,582.0,46.0,,2026-08-29T06:55:12.799975+08:00
919,2026-08-19,3807609.0,-4257645.0,0.0,-450036.0,8516.0,97.0,43.0,-3.0,,2026-08-29T06:55:12.799975+08:00
919,2026-08-20,-17106028.0,-9967394.0,0.0,-27073422.0,9695.0,96.0,1179.0,-1.0,,2026-08-29T06:55:12.799975+08:00
919,2026-08-21,33457885.0,7525068.0,0.0,40982953.0,10102.0,98.0,407.0,2.0,,2026-08-29T06:55:12.799975+08:00
919,2026-08-24,-14017559.0,-9642657.0,3726000.0,-19934216.0,9919.0,97.0,-183.0,-1.0,,2026-08-29T06:55:12.799975+08:00
919,2026-08-25,39521811.0,7241736.0,0.0,46763547.0,10145.0,150.0,226.0,53.0,,2026-08-29T06:55:12.799975+08:00
919,2026-08-26,-17267088.0,1739250.0,0.0,-15527838.0,9537.0,151.0,-608.0,1.0,,2026-08-29T06:55:12.799975+08:00
919,2026-08-27,-2887883.0,-3201857.0,0.0,-6089740.0,9277.0,153.0,-260.0,2.0,,2026-08-29T06:55:12.799975+08:00
919,2026-08-28,-9899920.0,-7355376.0,0.0,-17255296.0,9642.0,150.0,365.0,-3.0,,2026-08-29T06:55:12.799975+08:00
00919,2026-08-03,-6665720.0,-7992984.0,0.0,-14658704.0,9778.0,263.0,,,,2026-08-29T11:59:53.871290+08:00
00919,2026-08-04,-10963330.0,13986841.0,0.0,3023511.0,9539.0,268.0,-239.0,5.0,,2026-08-29T11:59:53.871290+08:00
00919,2026-08-05,12536439.0,13700204.0,0.0,26236643.0,8110.0,120.0,-1429.0,-148.0,,2026-08-29T11:59:53.871290+08:00
00919,2026-08-06,-19297477.0,-17565645.0,0.0,-36863122.0,8257.0,124.0,147.0,4.0,,2026-08-29T11:59:53.871290+08:00
00919,2026-08-07,8875267.0,-6548206.0,0.0,2327061.0,9666.0,50.0,1409.0,-74.0,,2026-08-29T11:59:53.871290+08:00
00919,2026-08-10,9298268.0,8876457.0,0.0,18174725.0,9536.0,52.0,-130.0,2.0,,2026-08-29T11:59:53.871290+08:00
00919,2026-08-11,8140193.0,10246948.0,0.0,18387141.0,9326.0,55.0,-210.0,3.0,,2026-08-29T11:59:53.871290+08:00
00919,2026-08-12,-1493144.0,2225240.0,0.0,732096.0,9280.0,55.0,-46.0,0.0,,2026-08-29T11:59:53.871290+08:00
00919,2026-08-13,6405209.0,14228089.0,0.0,20633298.0,9120.0,55.0,-160.0,0.0,,2026-08-29T11:59:53.871290+08:00
00919,2026-08-14,13509545.0,15736040.0,0.0,29245585.0,9586.0,58.0,466.0,3.0,,2026-08-29T11:59:53.871290+08:00
00919,2026-08-17,-6147326.0,-13820116.0,0.0,-19967442.0,7891.0,54.0,-1695.0,-4.0,,2026-08-29T11:59:53.871290+08:00
00919,2026-08-18,968554.0,-601494.0,0.0,367060.0,8473.0,100.0,582.0,46.0,,2026-08-29T11:59:53.871290+08:00
00919,2026-08-19,3807609.0,-4257645.0,0.0,-450036.0,8516.0,97.0,43.0,-3.0,,2026-08-29T11:59:53.871290+08:00
00919,2026-08-20,-17106028.0,-9967394.0,0.0,-27073422.0,9695.0,96.0,1179.0,-1.0,,2026-08-29T11:59:53.871290+08:00
00919,2026-08-21,33457885.0,7525068.0,0.0,40982953.0,10102.0,98.0,407.0,2.0,,2026-08-29T11:59:53.871290+08:00
00919,2026-08-24,-14017559.0,-9642657.0,3726000.0,-19934216.0,9919.0,97.0,-183.0,-1.0,,2026-08-29T11:59:53.871290+08:00
00919,2026-08-25,39521811.0,7241736.0,0.0,46763547.0,10145.0,150.0,226.0,53.0,,2026-08-29T11:59:53.871290+08:00
00919,2026-08-26,-17267088.0,1739250.0,0.0,-15527838.0,9537.0,151.0,-608.0,1.0,,2026-08-29T11:59:53.871290+08:00
00919,2026-08-27,-2887883.0,-3201857.0,0.0,-6089740.0,9277.0,153.0,-260.0,2.0,,2026-08-29T11:59:53.871290+08:00
00919,2026-08-28,-9899920.0,-7355376.0,0.0,-17255296.0,9642.0,150.0,365.0,-3.0,,2026-08-29T11:59:53.871290+08:00
