stock_id,trade_date,dealer_net,foreign_net,investment_trust_net,institutional_net,margin_balance,short_balance,margin_change,short_change,securities_lending,updated_at
1303,2016-01-04,-47000,-7051920,0,-7098920,5163.0,243.0,,,,2026-07-24T11:48:39.859194+08:00
1303,2016-01-05,-26000,184244,-2472000,-2313756,5320.0,300.0,157.0,57.0,,2026-07-24T11:48:39.859194+08:00
1303,2016-01-06,-65000,-1523287,-127000,-1715287,5232.0,353.0,-88.0,53.0,,2026-07-24T11:48:39.859194+08:00
1303,2016-01-07,231000,-3256606,10000,-3015606,5178.0,282.0,-54.0,-71.0,,2026-07-24T11:48:39.859194+08:00
1303,2016-01-08,-11000,-3484232,15000,-3480232,5441.0,249.0,263.0,-33.0,,2026-07-24T11:48:39.859194+08:00
1303,2016-01-11,-11000,-4411150,279000,-4143150,5400.0,348.0,-41.0,99.0,,2026-07-24T11:48:39.859194+08:00
1303,2016-01-12,-23000,-3628375,-55000,-3706375,5457.0,319.0,57.0,-29.0,,2026-07-24T11:48:39.859194+08:00
1303,2016-01-13,3000,-5223154,-1000,-5221154,5769.0,374.0,312.0,55.0,,2026-07-24T11:48:39.859194+08:00
1303,2016-01-14,-24000,-7595766,-62000,-7681766,5799.0,394.0,30.0,20.0,,2026-07-24T11:48:39.859194+08:00
1303,2016-01-15,-118000,-7696927,-110000,-7924927,5786.0,517.0,-13.0,123.0,,2026-07-24T11:48:39.859194+08:00
1303,2016-01-18,15000,-1605485,-1333000,-2923485,5608.0,281.0,-178.0,-236.0,,2026-07-24T11:48:39.859194+08:00
1303,2016-01-19,65000,-1314127,-166000,-1415127,5686.0,271.0,78.0,-10.0,,2026-07-24T11:48:39.859194+08:00
1303,2016-01-20,-99000,-1562450,-45000,-1706450,5447.0,256.0,-239.0,-15.0,,2026-07-24T11:48:39.859194+08:00
1303,2016-01-21,105000,-1910225,0,-1805225,5529.0,251.0,82.0,-5.0,,2026-07-24T11:48:39.859194+08:00
1303,2016-01-22,-17000,2276,0,-14724,5565.0,255.0,36.0,4.0,,2026-07-24T11:48:39.859194+08:00
1303,2016-01-25,15000,21000,-176000,-140000,5600.0,202.0,35.0,-53.0,,2026-07-24T11:48:39.859194+08:00
1303,2016-01-26,-28000,-1469000,-15000,-1512000,5666.0,204.0,66.0,2.0,,2026-07-24T11:48:39.859194+08:00
1303,2016-01-27,12000,-535730,-246000,-769730,5617.0,205.0,-49.0,1.0,,2026-07-24T11:48:39.859194+08:00
1303,2016-01-28,0,1415656,9000,1424656,5447.0,199.0,-170.0,-6.0,,2026-07-24T11:48:39.859194+08:00
1303,2016-01-29,-127000,3997509,-68000,3802509,5052.0,174.0,-395.0,-25.0,,2026-07-24T11:48:39.859194+08:00
1303,2016-01-30,23000,813000,3000,839000,4929.0,172.0,-123.0,-2.0,,2026-07-24T11:48:39.859194+08:00
1303,2016-02-01,2000,939000,-40000,901000,4679.0,183.0,-250.0,11.0,,2026-07-24T11:48:39.859194+08:00
1303,2016-02-02,11000,1326924,-48000,1289924,4650.0,191.0,-29.0,8.0,,2026-07-24T11:48:39.859194+08:00
1303,2016-02-03,-20000,-1495519,0,-1515519,4362.0,179.0,-288.0,-12.0,,2026-07-24T11:48:39.859194+08:00
1303,2016-02-05,66000,-308435,681000,438565,,,,,,2026-07-24T11:48:39.859194+08:00
1303,2016-02-15,5000,276130,49,281179,4253.0,186.0,,,,2026-07-24T11:48:39.859194+08:00
1303,2016-02-16,243000,1705059,0,1948059,4042.0,190.0,-211.0,4.0,,2026-07-24T11:48:39.859194+08:00
1303,2016-02-17,150000,1365982,2000,1517982,3842.0,217.0,-200.0,27.0,,2026-07-24T11:48:39.859194+08:00
1303,2016-02-18,69000,3095196,0,3164196,3607.0,245.0,-235.0,28.0,,2026-07-24T11:48:39.859194+08:00
1303,2016-02-19,33000,1602344,63000,1698344,3468.0,281.0,-139.0,36.0,,2026-07-24T11:48:39.859194+08:00
1303,2016-02-22,10000,346915,0,356915,3424.0,282.0,-44.0,1.0,,2026-07-24T11:48:39.859194+08:00
1303,2016-02-23,-47000,-85002,0,-132002,3362.0,263.0,-62.0,-19.0,,2026-07-24T11:48:39.859194+08:00
1303,2016-02-24,-13000,1813426,0,1800426,3209.0,311.0,-153.0,48.0,,2026-07-24T11:48:39.859194+08:00
1303,2016-02-25,22000,-2049670,0,-2027670,3129.0,325.0,-80.0,14.0,,2026-07-24T11:48:39.859194+08:00
1303,2016-02-26,-16000,1446693,0,1430693,2959.0,393.0,-170.0,68.0,,2026-07-24T11:48:39.859194+08:00
1303,2016-03-01,65000,1732336,0,1797336,2620.0,391.0,-339.0,-2.0,,2026-07-24T11:48:39.859194+08:00
1303,2016-03-02,-12000,758691,-38018,708673,2644.0,399.0,24.0,8.0,,2026-07-24T11:48:39.859194+08:00
1303,2016-03-03,93000,6124070,0,6217070,2333.0,426.0,-311.0,27.0,,2026-07-24T11:48:39.859194+08:00
1303,2016-03-04,-112000,3100165,0,2988165,2260.0,437.0,-73.0,11.0,,2026-07-24T11:48:39.859194+08:00
1303,2016-03-07,-94000,3521963,0,3427963,2229.0,478.0,-31.0,41.0,,2026-07-24T11:48:39.859194+08:00
1303,2016-03-08,-71000,2241368,-22000,2148368,2183.0,492.0,-46.0,14.0,,2026-07-24T11:48:39.859194+08:00
1303,2016-03-09,-7000,1742568,-25000,1710568,2284.0,463.0,101.0,-29.0,,2026-07-24T11:48:39.859194+08:00
1303,2016-03-10,-33000,2197000,-4000,2160000,2329.0,410.0,45.0,-53.0,,2026-07-24T11:48:39.859194+08:00
1303,2016-03-11,-11353,3908000,196000,4092647,2323.0,405.0,-6.0,-5.0,,2026-07-24T11:48:39.859194+08:00
1303,2016-03-14,-1000,3520400,0,3519400,2401.0,390.0,78.0,-15.0,,2026-07-24T11:48:39.859194+08:00
1303,2016-03-15,29000,2477000,1000,2507000,2330.0,350.0,-71.0,-40.0,,2026-07-24T11:48:39.859194+08:00
1303,2016-03-16,32000,4116093,-1000,4147093,2318.0,354.0,-12.0,4.0,,2026-07-24T11:48:39.859194+08:00
1303,2016-03-17,39000,2679090,0,2718090,2363.0,351.0,45.0,-3.0,,2026-07-24T11:48:39.859194+08:00
1303,2016-03-18,48000,6623772,51000,6722772,2099.0,392.0,-264.0,41.0,,2026-07-24T11:48:39.859194+08:00
1303,2016-03-21,-67000,2262000,0,2195000,2041.0,394.0,-58.0,2.0,,2026-07-24T11:48:39.859194+08:00
1303,2016-03-22,-100000,1814851,0,1714851,2013.0,391.0,-28.0,-3.0,,2026-07-24T11:48:39.859194+08:00
1303,2016-03-23,-41000,2109600,0,2068600,1951.0,394.0,-62.0,3.0,,2026-07-24T11:48:39.859194+08:00
1303,2016-03-24,55000,3287000,75000,3417000,1914.0,393.0,-37.0,-1.0,,2026-07-24T11:48:39.859194+08:00
1303,2016-03-25,-65000,48000,-260000,-277000,1907.0,378.0,-7.0,-15.0,,2026-07-24T11:48:39.859194+08:00
1303,2016-03-28,133000,1722000,0,1855000,1837.0,405.0,-70.0,27.0,,2026-07-24T11:48:39.859194+08:00
1303,2016-03-29,-78000,1948680,-1000,1869680,1820.0,370.0,-17.0,-35.0,,2026-07-24T11:48:39.859194+08:00
1303,2016-03-30,44000,6301935,-73000,6272935,1764.0,408.0,-56.0,38.0,,2026-07-24T11:48:39.859194+08:00
1303,2016-03-31,-32905,3801000,0,3768095,1720.0,407.0,-44.0,-1.0,,2026-07-24T11:48:39.859194+08:00
1303,2016-04-01,68000,399332,0,467332,1762.0,366.0,42.0,-41.0,,2026-07-24T11:48:39.859194+08:00
1303,2016-04-06,-36000,293874,0,257874,1892.0,249.0,130.0,-117.0,,2026-07-24T11:48:39.859194+08:00
1303,2016-04-07,-66000,-1072465,-54000,-1192465,2124.0,221.0,232.0,-28.0,,2026-07-24T11:48:39.859194+08:00
1303,2016-04-08,-1000,1699000,40000,1738000,1982.0,232.0,-142.0,11.0,,2026-07-24T11:48:39.859194+08:00
1303,2016-04-11,1000,343500,-99000,245500,2029.0,203.0,47.0,-29.0,,2026-07-24T11:48:39.859194+08:00
1303,2016-04-12,-9000,1003000,-150000,844000,2020.0,204.0,-9.0,1.0,,2026-07-24T11:48:39.859194+08:00
1303,2016-04-13,40000,2736000,-46000,2730000,2088.0,174.0,68.0,-30.0,,2026-07-24T11:48:39.859194+08:00
1303,2016-04-14,-23000,2436785,-145000,2268785,2301.0,136.0,213.0,-38.0,,2026-07-24T11:48:39.859194+08:00
1303,2016-04-15,52000,5870195,-61000,5861195,2206.0,0.0,-95.0,-136.0,,2026-07-24T11:48:39.859194+08:00
1303,2016-04-18,-51490,2602030,80000,2630540,1990.0,0.0,-216.0,0.0,,2026-07-24T11:48:39.859194+08:00
1303,2016-04-19,-23000,1538000,0,1515000,2047.0,0.0,57.0,0.0,,2026-07-24T11:48:39.859194+08:00
1303,2016-04-20,236000,1199054,0,1435054,2207.0,0.0,160.0,0.0,,2026-07-24T11:48:39.859194+08:00
1303,2016-04-21,-57000,1505922,0,1448922,2170.0,30.0,-37.0,30.0,,2026-07-24T11:48:39.859194+08:00
1303,2016-04-22,-54000,3945605,-32000,3859605,2186.0,74.0,16.0,44.0,,2026-07-24T11:48:39.859194+08:00
1303,2016-04-25,18000,1527203,-839000,706203,2162.0,77.0,-24.0,3.0,,2026-07-24T11:48:39.859194+08:00
1303,2016-04-26,20000,1981960,-213000,1788960,2205.0,81.0,43.0,4.0,,2026-07-24T11:48:39.859194+08:00
1303,2016-04-27,13000,3442000,-770000,2685000,2119.0,80.0,-86.0,-1.0,,2026-07-24T11:48:39.859194+08:00
1303,2016-04-28,-31000,-1694922,0,-1725922,2287.0,71.0,168.0,-9.0,,2026-07-24T11:48:39.859194+08:00
1303,2016-04-29,-56000,-1350800,500000,-906800,2319.0,106.0,32.0,35.0,,2026-07-24T11:48:39.859194+08:00
1303,2016-05-03,7000,-1984000,500000,-1477000,2406.0,107.0,87.0,1.0,,2026-07-24T11:48:39.859194+08:00
1303,2016-05-04,27000,-3891750,203000,-3661750,2387.0,80.0,-19.0,-27.0,,2026-07-24T11:48:39.859194+08:00
1303,2016-05-05,-8000,-3391830,-1304000,-4703830,2412.0,93.0,25.0,13.0,,2026-07-24T11:48:39.859194+08:00
1303,2016-05-06,-21000,-4142910,2000,-4161910,2584.0,98.0,172.0,5.0,,2026-07-24T11:48:39.859194+08:00
1303,2016-05-09,16000,52000,350000,418000,2419.0,128.0,-165.0,30.0,,2026-07-24T11:48:39.859194+08:00
1303,2016-05-10,76000,-1680455,94,-1604361,2450.0,159.0,31.0,31.0,,2026-07-24T11:48:39.859194+08:00
1303,2016-05-11,-107000,-1170357,251000,-1026357,2502.0,162.0,52.0,3.0,,2026-07-24T11:48:39.859194+08:00
1303,2016-05-12,4000,-1748000,0,-1744000,2444.0,200.0,-58.0,38.0,,2026-07-24T11:48:39.859194+08:00
1303,2016-05-13,52000,-7371903,0,-7319903,2741.0,314.0,297.0,114.0,,2026-07-24T11:48:39.859194+08:00
1303,2016-05-16,-6000,-2021500,0,-2027500,2774.0,315.0,33.0,1.0,,2026-07-24T11:48:39.859194+08:00
1303,2016-05-17,-7000,-4316971,0,-4323971,2932.0,276.0,158.0,-39.0,,2026-07-24T11:48:39.859194+08:00
1303,2016-05-18,3000,-2290053,0,-2287053,2910.0,240.0,-22.0,-36.0,,2026-07-24T11:48:39.859194+08:00
1303,2016-05-19,-13000,-4357402,-7000,-4377402,2887.0,232.0,-23.0,-8.0,,2026-07-24T11:48:39.859194+08:00
1303,2016-05-20,-4000,-3784479,-4000,-3792479,2926.0,234.0,39.0,2.0,,2026-07-24T11:48:39.859194+08:00
1303,2016-05-23,17000,1031385,0,1048385,2715.0,200.0,-211.0,-34.0,,2026-07-24T11:48:39.859194+08:00
1303,2016-05-24,21000,-1594242,0,-1573242,2899.0,194.0,184.0,-6.0,,2026-07-24T11:48:39.859194+08:00
1303,2016-05-25,-6000,-1009455,0,-1015455,2844.0,197.0,-55.0,3.0,,2026-07-24T11:48:39.859194+08:00
1303,2016-05-26,-2000,-1499000,1000,-1500000,2884.0,197.0,40.0,0.0,,2026-07-24T11:48:39.859194+08:00
1303,2016-05-27,588000,-811272,-45000,-268272,3064.0,198.0,180.0,1.0,,2026-07-24T11:48:39.859194+08:00
1303,2016-05-30,-52000,2466346,-25000,2389346,2944.0,195.0,-120.0,-3.0,,2026-07-24T11:48:39.859194+08:00
1303,2016-05-31,9000,-951475,-3000,-945475,2893.0,199.0,-51.0,4.0,,2026-07-24T11:48:39.859194+08:00
1303,2016-06-01,1000,-627150,149000,-477150,2978.0,186.0,85.0,-13.0,,2026-07-24T11:48:39.859194+08:00
1303,2016-06-02,563000,-905798,300000,-42798,3088.0,174.0,110.0,-12.0,,2026-07-24T11:48:39.859194+08:00
1303,2016-06-03,-30000,632000,0,602000,3034.0,177.0,-54.0,3.0,,2026-07-24T11:48:39.859194+08:00
1303,2016-06-04,0,111000,0,111000,2951.0,176.0,-83.0,-1.0,,2026-07-24T11:48:39.859194+08:00
1303,2016-06-06,-54000,-1254620,-60000,-1368620,3149.0,176.0,198.0,0.0,,2026-07-24T11:48:39.859194+08:00
1303,2016-06-07,-25000,3349424,-65000,3259424,2954.0,182.0,-195.0,6.0,,2026-07-24T11:48:39.859194+08:00
1303,2016-06-08,-10000,356900,0,346900,3179.0,183.0,225.0,1.0,,2026-07-24T11:48:39.859194+08:00
1303,2016-06-13,-6000,-2564074,-8000,-2578074,3506.0,38.0,327.0,-145.0,,2026-07-24T11:48:39.859194+08:00
1303,2016-06-14,344000,599764,-225000,718764,3655.0,43.0,149.0,5.0,,2026-07-24T11:48:39.859194+08:00
1303,2016-06-15,486000,-21047,-88000,376953,3741.0,46.0,86.0,3.0,,2026-07-24T11:48:39.859194+08:00
1303,2016-06-16,348000,-4776938,-342700,-4771638,3999.0,29.0,258.0,-17.0,,2026-07-24T11:48:39.859194+08:00
1303,2016-06-17,757000,559650,-260000,1056650,3943.0,35.0,-56.0,6.0,,2026-07-24T11:48:39.859194+08:00
1303,2016-06-20,190000,1535411,-12000,1713411,3908.0,38.0,-35.0,3.0,,2026-07-24T11:48:39.859194+08:00
1303,2016-06-21,-3000,1370000,0,1367000,3891.0,40.0,-17.0,2.0,,2026-07-24T11:48:39.859194+08:00
1303,2016-06-22,1129000,580274,0,1709274,3863.0,40.0,-28.0,0.0,,2026-07-24T11:48:39.859194+08:00
1303,2016-06-23,0,-594,-150000,-150594,3833.0,47.0,-30.0,7.0,,2026-07-24T11:48:39.859194+08:00
1303,2016-06-24,539000,-2453079,-31000,-1945079,3882.0,74.0,49.0,27.0,,2026-07-24T11:48:39.859194+08:00
1303,2016-06-27,-82000,-818000,-146000,-1046000,3906.0,69.0,24.0,-5.0,,2026-07-24T11:48:39.859194+08:00
1303,2016-06-28,1000,-1055000,4000,-1050000,3902.0,68.0,-4.0,-1.0,,2026-07-24T11:48:39.859194+08:00
1303,2016-06-29,13000,1158000,0,1171000,3867.0,68.0,-35.0,0.0,,2026-07-24T11:48:39.859194+08:00
1303,2016-06-30,26000,434763,0,460763,3822.0,69.0,-45.0,1.0,,2026-07-24T11:48:39.859194+08:00
1303,2016-07-01,40000,3930680,0,3970680,4065.0,61.0,243.0,-8.0,,2026-07-24T11:48:39.859194+08:00
1303,2016-07-04,-38000,1173000,0,1135000,4100.0,55.0,35.0,-6.0,,2026-07-24T11:48:39.859194+08:00
1303,2016-07-05,259000,-644000,-48000,-433000,3912.0,51.0,-188.0,-4.0,,2026-07-24T11:48:39.859194+08:00
1303,2016-07-06,-27000,-4852000,-51000,-4930000,4223.0,51.0,311.0,0.0,,2026-07-24T11:48:39.859194+08:00
1303,2016-07-07,153000,1433714,23000,1609714,4125.0,49.0,-98.0,-2.0,,2026-07-24T11:48:39.859194+08:00
1303,2016-07-11,197000,3040720,-190000,3047720,3991.0,35.0,-134.0,-14.0,,2026-07-24T11:48:39.859194+08:00
1303,2016-07-12,55000,4972391,0,5027391,3773.0,35.0,-218.0,0.0,,2026-07-24T11:48:39.859194+08:00
1303,2016-07-13,-32000,2205276,0,2173276,3874.0,0.0,101.0,-35.0,,2026-07-24T11:48:39.859194+08:00
1303,2016-07-14,172000,2983000,-3000,3152000,3938.0,0.0,64.0,0.0,,2026-07-24T11:48:39.859194+08:00
1303,2016-07-15,475000,4686500,-8000,5153500,4042.0,0.0,104.0,0.0,,2026-07-24T11:48:39.859194+08:00
1303,2016-07-18,4639000,1041940,0,5680940,4663.0,0.0,621.0,0.0,,2026-07-24T11:48:39.859194+08:00
1303,2016-07-19,-3827000,4154800,7000,334800,4061.0,20.0,-602.0,20.0,,2026-07-24T11:48:39.859194+08:00
1303,2016-07-20,-702000,367000,33000,-302000,4051.0,12.0,-10.0,-8.0,,2026-07-24T11:48:39.859194+08:00
1303,2016-07-21,95000,3325075,-28000,3392075,3884.0,26.0,-167.0,14.0,,2026-07-24T11:48:39.859194+08:00
1303,2016-07-22,3000,374332,60000,437332,3854.0,28.0,-30.0,2.0,,2026-07-24T11:48:39.859194+08:00
1303,2016-07-25,-127000,2571052,236000,2680052,3730.0,27.0,-124.0,-1.0,,2026-07-24T11:48:39.859194+08:00
1303,2016-07-26,-63000,1106000,-2000,1041000,3847.0,41.0,117.0,14.0,,2026-07-24T11:48:39.859194+08:00
1303,2016-07-27,-94000,-417000,-125000,-636000,3938.0,35.0,91.0,-6.0,,2026-07-24T11:48:39.859194+08:00
1303,2016-07-28,-30000,1037000,-134000,873000,4018.0,22.0,80.0,-13.0,,2026-07-24T11:48:39.859194+08:00
1303,2016-07-29,-28000,-1750000,-52981,-1830981,4141.0,14.0,123.0,-8.0,,2026-07-24T11:48:39.859194+08:00
1303,2016-08-01,-175000,1347872,0,1172872,4072.0,46.0,-69.0,32.0,,2026-07-24T11:48:39.859194+08:00
1303,2016-08-02,-261000,-169680,-5000,-435680,4076.0,49.0,4.0,3.0,,2026-07-24T11:48:39.859194+08:00
1303,2016-08-03,-101000,-2674200,17000,-2758200,4278.0,54.0,202.0,5.0,,2026-07-24T11:48:39.859194+08:00
1303,2016-08-04,-249000,-1221336,30000,-1440336,4317.0,54.0,39.0,0.0,,2026-07-24T11:48:39.859194+08:00
1303,2016-08-05,-42000,2188840,-6000,2140840,4053.0,56.0,-264.0,2.0,,2026-07-24T11:48:39.859194+08:00
1303,2016-08-08,-38000,479230,-37000,404230,3974.0,56.0,-79.0,0.0,,2026-07-24T11:48:39.859194+08:00
1303,2016-08-09,41000,564538,-1000,604538,3897.0,58.0,-77.0,2.0,,2026-07-24T11:48:39.859194+08:00
1303,2016-08-10,33000,2275361,0,2308361,3735.0,64.0,-162.0,6.0,,2026-07-24T11:48:39.859194+08:00
1303,2016-08-11,-120000,1298000,0,1178000,3661.0,69.0,-74.0,5.0,,2026-07-24T11:48:39.859194+08:00
1303,2016-08-12,0,1977000,-8000,1969000,3636.0,70.0,-25.0,1.0,,2026-07-24T11:48:39.859194+08:00
1303,2016-08-15,-9000,1986000,-13000,1964000,3562.0,71.0,-74.0,1.0,,2026-07-24T11:48:39.859194+08:00
1303,2016-08-16,-58000,-344442,3000,-399442,3691.0,71.0,129.0,0.0,,2026-07-24T11:48:39.859194+08:00
1303,2016-08-17,-228000,905088,3000,680088,3680.0,104.0,-11.0,33.0,,2026-07-24T11:48:39.859194+08:00
1303,2016-08-18,-63000,370019,-4000,303019,3842.0,105.0,162.0,1.0,,2026-07-24T11:48:39.859194+08:00
1303,2016-08-19,3000,-470599,-159000,-626599,3911.0,143.0,69.0,38.0,,2026-07-24T11:48:39.859194+08:00
1303,2016-08-22,-77000,-745147,9000,-813147,4042.0,104.0,131.0,-39.0,,2026-07-24T11:48:39.859194+08:00
1303,2016-08-23,12000,590000,-9000,593000,4055.0,74.0,13.0,-30.0,,2026-07-24T11:48:39.859194+08:00
1303,2016-08-24,5000,1784,-9000,-2216,4063.0,74.0,8.0,0.0,,2026-07-24T11:48:39.859194+08:00
1303,2016-08-25,42000,1375000,10000,1427000,3958.0,79.0,-105.0,5.0,,2026-07-24T11:48:39.859194+08:00
1303,2016-08-26,35000,1008492,1000,1044492,3935.0,104.0,-23.0,25.0,,2026-07-24T11:48:39.859194+08:00
1303,2016-08-29,-27000,-544000,-4000,-575000,3975.0,86.0,40.0,-18.0,,2026-07-24T11:48:39.859194+08:00
1303,2016-08-30,-5000,213901,37000,245901,3971.0,124.0,-4.0,38.0,,2026-07-24T11:48:39.859194+08:00
1303,2016-08-31,-61000,-1928522,42000,-1947522,4023.0,106.0,52.0,-18.0,,2026-07-24T11:48:39.859194+08:00
1303,2016-09-01,-71000,-4174807,119000,-4126807,4519.0,114.0,496.0,8.0,,2026-07-24T11:48:39.859194+08:00
1303,2016-09-02,-8000,9604,6000,7604,4534.0,137.0,15.0,23.0,,2026-07-24T11:48:39.859194+08:00
1303,2016-09-05,-52000,1304000,-12000,1240000,4470.0,127.0,-64.0,-10.0,,2026-07-24T11:48:39.859194+08:00
1303,2016-09-06,10000,3036307,85000,3131307,4091.0,165.0,-379.0,38.0,,2026-07-24T11:48:39.859194+08:00
1303,2016-09-07,-5000,765000,12000,772000,3751.0,105.0,-340.0,-60.0,,2026-07-24T11:48:39.859194+08:00
1303,2016-09-08,0,-1223000,6000,-1217000,3803.0,99.0,52.0,-6.0,,2026-07-24T11:48:39.859194+08:00
1303,2016-09-09,-35000,-2972000,4000,-3003000,4110.0,129.0,307.0,30.0,,2026-07-24T11:48:39.859194+08:00
1303,2016-09-10,-185000,-849000,0,-1034000,4094.0,117.0,-16.0,-12.0,,2026-07-24T11:48:39.859194+08:00
1303,2016-09-12,-8000,-6128208,0,-6136208,4338.0,118.0,244.0,1.0,,2026-07-24T11:48:39.859194+08:00
1303,2016-09-13,-19000,-4899000,-3000,-4921000,4466.0,115.0,128.0,-3.0,,2026-07-24T11:48:39.859194+08:00
1303,2016-09-14,-23000,-5900937,75000,-5848937,4408.0,120.0,-58.0,5.0,,2026-07-24T11:48:39.859194+08:00
1303,2016-09-19,97000,-4782000,0,-4685000,4402.0,119.0,-6.0,-1.0,,2026-07-24T11:48:39.859194+08:00
1303,2016-09-20,21000,-2864442,0,-2843442,4395.0,120.0,-7.0,1.0,,2026-07-24T11:48:39.859194+08:00
1303,2016-09-21,-120000,-686580,0,-806580,4387.0,116.0,-8.0,-4.0,,2026-07-24T11:48:39.859194+08:00
1303,2016-09-22,-24000,702505,-2000,676505,4197.0,121.0,-190.0,5.0,,2026-07-24T11:48:39.859194+08:00
1303,2016-09-23,104000,637649,-19000,722649,3841.0,158.0,-356.0,37.0,,2026-07-24T11:48:39.859194+08:00
1303,2016-09-26,60000,-339000,15000,-264000,3744.0,175.0,-97.0,17.0,,2026-07-24T11:48:39.859194+08:00
1303,2016-09-29,25000,2802605,0,2827605,3466.0,199.0,-278.0,24.0,,2026-07-24T11:48:39.859194+08:00
1303,2016-09-30,-25000,-4014191,74078,-3965113,3457.0,191.0,-9.0,-8.0,,2026-07-24T11:48:39.859194+08:00
1303,2016-10-03,-22000,-1175055,51000,-1146055,3437.0,194.0,-20.0,3.0,,2026-07-24T11:48:39.859194+08:00
1303,2016-10-04,-5000,1670738,0,1665738,3209.0,219.0,-228.0,25.0,,2026-07-24T11:48:39.859194+08:00
1303,2016-10-05,-14000,-372000,0,-386000,3002.0,216.0,-207.0,-3.0,,2026-07-24T11:48:39.859194+08:00
1303,2016-10-06,-31000,250541,0,219541,2843.0,218.0,-159.0,2.0,,2026-07-24T11:48:39.859194+08:00
1303,2016-10-07,8000,75771,1000,84771,2729.0,216.0,-114.0,-2.0,,2026-07-24T11:48:39.859194+08:00
1303,2016-10-11,13000,-1724000,-138470,-1849470,2303.0,220.0,-426.0,4.0,,2026-07-24T11:48:39.859194+08:00
1303,2016-10-12,48000,-253212,-80000,-285212,2276.0,221.0,-27.0,1.0,,2026-07-24T11:48:39.859194+08:00
1303,2016-10-13,-7000,-3648882,0,-3655882,2301.0,224.0,25.0,3.0,,2026-07-24T11:48:39.859194+08:00
1303,2016-10-14,16000,-260329,61000,-183329,2219.0,234.0,-82.0,10.0,,2026-07-24T11:48:39.859194+08:00
1303,2016-10-17,-27000,-735540,0,-762540,2146.0,238.0,-73.0,4.0,,2026-07-24T11:48:39.859194+08:00
1303,2016-10-18,-11000,2247982,0,2236982,1973.0,243.0,-173.0,5.0,,2026-07-24T11:48:39.859194+08:00
1303,2016-10-19,-741000,-398509,1056000,-83509,1931.0,304.0,-42.0,61.0,,2026-07-24T11:48:39.859194+08:00
1303,2016-10-20,-943000,630178,192000,-120822,2150.0,306.0,219.0,2.0,,2026-07-24T11:48:39.859194+08:00
1303,2016-10-21,-625000,1821000,47000,1243000,2079.0,314.0,-71.0,8.0,,2026-07-24T11:48:39.859194+08:00
1303,2016-10-24,-21000,-1340000,0,-1361000,2118.0,309.0,39.0,-5.0,,2026-07-24T11:48:39.859194+08:00
1303,2016-10-25,-36000,744654,-17000,691654,2112.0,312.0,-6.0,3.0,,2026-07-24T11:48:39.859194+08:00
1303,2016-10-26,50000,1062696,-132000,980696,2081.0,328.0,-31.0,16.0,,2026-07-24T11:48:39.859194+08:00
1303,2016-10-27,-266000,64336,0,-201664,2007.0,315.0,-74.0,-13.0,,2026-07-24T11:48:39.859194+08:00
1303,2016-10-28,-14000,1427569,0,1413569,1972.0,336.0,-35.0,21.0,,2026-07-24T11:48:39.859194+08:00
1303,2016-10-31,3000,-593483,-5400,-595883,1916.0,341.0,-56.0,5.0,,2026-07-24T11:48:39.859194+08:00
1303,2016-11-01,18000,-923230,-2000,-907230,2134.0,339.0,218.0,-2.0,,2026-07-24T11:48:39.859194+08:00
1303,2016-11-02,16000,-559511,-237,-543748,2043.0,333.0,-91.0,-6.0,,2026-07-24T11:48:39.859194+08:00
1303,2016-11-03,61000,-838928,0,-777928,1973.0,329.0,-70.0,-4.0,,2026-07-24T11:48:39.859194+08:00
1303,2016-11-04,-13000,156000,-115000,28000,1907.0,329.0,-66.0,0.0,,2026-07-24T11:48:39.859194+08:00
1303,2016-11-07,116000,-789992,-2000,-675992,1889.0,332.0,-18.0,3.0,,2026-07-24T11:48:39.859194+08:00
1303,2016-11-08,42000,1414670,-254000,1202670,1803.0,336.0,-86.0,4.0,,2026-07-24T11:48:39.859194+08:00
1303,2016-11-09,-318000,-1706000,-300000,-2324000,1809.0,313.0,6.0,-23.0,,2026-07-24T11:48:39.859194+08:00
1303,2016-11-10,118000,1443000,373000,1934000,1631.0,324.0,-178.0,11.0,,2026-07-24T11:48:39.859194+08:00
1303,2016-11-11,164000,-6447397,0,-6283397,1930.0,312.0,299.0,-12.0,,2026-07-24T11:48:39.859194+08:00
1303,2016-11-14,-30000,-4430645,-79000,-4539645,1989.0,308.0,59.0,-4.0,,2026-07-24T11:48:39.859194+08:00
1303,2016-11-15,11000,-1908364,86000,-1811364,1934.0,316.0,-55.0,8.0,,2026-07-24T11:48:39.859194+08:00
1303,2016-11-16,-209000,-1660562,-60000,-1929562,1890.0,315.0,-44.0,-1.0,,2026-07-24T11:48:39.859194+08:00
1303,2016-11-17,-153000,-881000,160000,-874000,1871.0,329.0,-19.0,14.0,,2026-07-24T11:48:39.859194+08:00
1303,2016-11-18,111000,-3271198,101000,-3059198,1958.0,314.0,87.0,-15.0,,2026-07-24T11:48:39.859194+08:00
1303,2016-11-21,-36000,-1033951,100000,-969951,1976.0,312.0,18.0,-2.0,,2026-07-24T11:48:39.859194+08:00
1303,2016-11-22,376000,1968496,124000,2468496,1933.0,337.0,-43.0,25.0,,2026-07-24T11:48:39.859194+08:00
1303,2016-11-23,4000,1384174,22000,1410174,1849.0,338.0,-84.0,1.0,,2026-07-24T11:48:39.859194+08:00
1303,2016-11-24,9000,813000,81000,903000,1918.0,345.0,69.0,7.0,,2026-07-24T11:48:39.859194+08:00
1303,2016-11-25,12000,557196,216000,785196,1853.0,341.0,-65.0,-4.0,,2026-07-24T11:48:39.859194+08:00
1303,2016-11-28,77098,2000000,8000,2085098,1790.0,346.0,-63.0,5.0,,2026-07-24T11:48:39.859194+08:00
1303,2016-11-29,95000,653000,-21000,727000,1855.0,350.0,65.0,4.0,,2026-07-24T11:48:39.859194+08:00
1303,2016-11-30,-21000,2039375,376000,2394375,1786.0,348.0,-69.0,-2.0,,2026-07-24T11:48:39.859194+08:00
1303,2016-12-01,1319000,2252164,1292000,4863164,1704.0,365.0,-82.0,17.0,,2026-07-24T11:48:39.859194+08:00
1303,2016-12-02,-72000,-677130,1013000,263870,1854.0,371.0,150.0,6.0,,2026-07-24T11:48:39.859194+08:00
1303,2016-12-05,-26000,-21359,1512000,1464641,1811.0,362.0,-43.0,-9.0,,2026-07-24T11:48:39.859194+08:00
1303,2016-12-06,135000,1826896,1500000,3461896,1587.0,382.0,-224.0,20.0,,2026-07-24T11:48:39.859194+08:00
1303,2016-12-07,292000,-475000,339000,156000,1656.0,385.0,69.0,3.0,,2026-07-24T11:48:39.859194+08:00
1303,2016-12-08,1079000,5311000,2099000,8489000,1934.0,416.0,278.0,31.0,,2026-07-24T11:48:39.859194+08:00
1303,2016-12-09,319000,1759276,28000,2106276,2003.0,444.0,69.0,28.0,,2026-07-24T11:48:39.859194+08:00
1303,2016-12-12,935000,-302516,839000,1471484,2317.0,472.0,314.0,28.0,,2026-07-24T11:48:39.859194+08:00
1303,2016-12-13,-236000,1120032,89000,973032,2705.0,516.0,388.0,44.0,,2026-07-24T11:48:39.859194+08:00
1303,2016-12-14,-156000,1154500,274000,1272500,2604.0,539.0,-101.0,23.0,,2026-07-24T11:48:39.859194+08:00
1303,2016-12-15,-458000,-1463000,20000,-1901000,2972.0,459.0,368.0,-80.0,,2026-07-24T11:48:39.859194+08:00
1303,2016-12-16,-299000,1935578,201000,1837578,3193.0,505.0,221.0,46.0,,2026-07-24T11:48:39.859194+08:00
1303,2016-12-19,242000,3372378,60000,3674378,2973.0,548.0,-220.0,43.0,,2026-07-24T11:48:39.859194+08:00
1303,2016-12-20,-1000,991308,-95000,895308,2886.0,554.0,-87.0,6.0,,2026-07-24T11:48:39.859194+08:00
1303,2016-12-21,130000,2087410,104000,2321410,2909.0,577.0,23.0,23.0,,2026-07-24T11:48:39.859194+08:00
1303,2016-12-22,-196000,-216820,608000,195180,2957.0,539.0,48.0,-38.0,,2026-07-24T11:48:39.859194+08:00
1303,2016-12-23,-429000,3398000,0,2969000,2860.0,485.0,-97.0,-54.0,,2026-07-24T11:48:39.859194+08:00
1303,2016-12-26,-217000,867000,0,650000,2956.0,472.0,96.0,-13.0,,2026-07-24T11:48:39.859194+08:00
1303,2016-12-27,-299000,514000,0,215000,3035.0,453.0,79.0,-19.0,,2026-07-24T11:48:39.859194+08:00
1303,2016-12-28,-512000,2023031,141000,1652031,2756.0,451.0,-279.0,-2.0,,2026-07-24T11:48:39.859194+08:00
1303,2016-12-29,489000,1305489,468000,2262489,2716.0,447.0,-40.0,-4.0,,2026-07-24T11:48:39.859194+08:00
1303,2016-12-30,-31000,2040000,0,2009000,2810.0,451.0,94.0,4.0,,2026-07-24T11:48:39.859194+08:00
1303,2017-01-03,170000,487000,0,657000,3044.0,452.0,234.0,1.0,,2026-07-24T11:48:39.859194+08:00
1303,2017-01-04,-416000,2503613,0,2087613,3193.0,481.0,149.0,29.0,,2026-07-24T11:48:39.859194+08:00
1303,2017-01-05,1002000,4518130,289000,5809130,2725.0,553.0,-468.0,72.0,,2026-07-24T11:48:39.859194+08:00
1303,2017-01-06,984000,582000,1424000,2990000,2643.0,564.0,-82.0,11.0,,2026-07-24T11:48:39.859194+08:00
1303,2017-01-09,232000,946998,703000,1881998,2643.0,565.0,0.0,1.0,,2026-07-24T11:48:39.859194+08:00
1303,2017-01-10,-41000,794000,1792000,2545000,2727.0,574.0,84.0,9.0,,2026-07-24T11:48:39.859194+08:00
1303,2017-01-11,-175000,846980,-37000,634980,2876.0,540.0,149.0,-34.0,,2026-07-24T11:48:39.859194+08:00
1303,2017-01-12,-388000,6158701,415000,6185701,2971.0,554.0,95.0,14.0,,2026-07-24T11:48:39.859194+08:00
1303,2017-01-13,-1152000,2158310,750000,1756310,3046.0,545.0,75.0,-9.0,,2026-07-24T11:48:39.859194+08:00
1303,2017-01-16,-207000,-194000,256000,-145000,3037.0,527.0,-9.0,-18.0,,2026-07-24T11:48:39.859194+08:00
1303,2017-01-17,-286000,1706221,12000,1432221,2914.0,521.0,-123.0,-6.0,,2026-07-24T11:48:39.859194+08:00
1303,2017-01-18,-847000,1952630,1727000,2832630,2755.0,562.0,-159.0,41.0,,2026-07-24T11:48:39.859194+08:00
1303,2017-01-19,-249000,-491867,1043000,302133,2349.0,555.0,-406.0,-7.0,,2026-07-24T11:48:39.859194+08:00
1303,2017-01-20,-2000,-1031466,2022000,988534,2322.0,551.0,-27.0,-4.0,,2026-07-24T11:48:39.859194+08:00
1303,2017-01-23,-115000,3274575,1273320,4432895,2373.0,538.0,51.0,-13.0,,2026-07-24T11:48:39.859194+08:00
1303,2017-01-24,-13000,1757551,239000,1983551,2281.0,529.0,-92.0,-9.0,,2026-07-24T11:48:39.859194+08:00
1303,2017-02-02,73000,2220655,167000,2460655,1674.0,550.0,-607.0,21.0,,2026-07-24T11:48:39.859194+08:00
1303,2017-02-03,-77000,681430,376000,980430,1651.0,543.0,-23.0,-7.0,,2026-07-24T11:48:39.859194+08:00
1303,2017-02-06,78000,409656,1024000,1511656,1541.0,539.0,-110.0,-4.0,,2026-07-24T11:48:39.859194+08:00
1303,2017-02-07,593000,1592961,309000,2494961,1732.0,540.0,191.0,1.0,,2026-07-24T11:48:39.859194+08:00
1303,2017-02-08,143000,-813375,2373000,1702625,1723.0,541.0,-9.0,1.0,,2026-07-24T11:48:39.859194+08:00
1303,2017-02-09,-6000,2301205,102000,2397205,1704.0,544.0,-19.0,3.0,,2026-07-24T11:48:39.859194+08:00
1303,2017-02-10,1540000,3953920,1213000,6706920,1616.0,552.0,-88.0,8.0,,2026-07-24T11:48:39.859194+08:00
1303,2017-02-13,529000,1596947,700000,2825947,1683.0,559.0,67.0,7.0,,2026-07-24T11:48:39.859194+08:00
1303,2017-02-14,146000,-345562,621000,421438,1612.0,558.0,-71.0,-1.0,,2026-07-24T11:48:39.859194+08:00
1303,2017-02-15,785000,1540978,13000,2338978,1476.0,569.0,-136.0,11.0,,2026-07-24T11:48:39.859194+08:00
1303,2017-02-16,89000,1460000,0,1549000,1437.0,546.0,-39.0,-23.0,,2026-07-24T11:48:39.859194+08:00
1303,2017-02-17,22000,-250041,-381000,-609041,1473.0,544.0,36.0,-2.0,,2026-07-24T11:48:39.859194+08:00
1303,2017-02-18,41000,-146000,-53000,-158000,1494.0,491.0,21.0,-53.0,,2026-07-24T11:48:39.859194+08:00
1303,2017-02-20,-1413000,-337000,-341000,-2091000,1596.0,452.0,102.0,-39.0,,2026-07-24T11:48:39.859194+08:00
1303,2017-02-21,-1693000,4532000,-1026000,1813000,1687.0,392.0,91.0,-60.0,,2026-07-24T11:48:39.859194+08:00
1303,2017-02-22,73000,690689,226000,989689,1685.0,378.0,-2.0,-14.0,,2026-07-24T11:48:39.859194+08:00
1303,2017-02-23,165000,245572,2000,412572,1751.0,386.0,66.0,8.0,,2026-07-24T11:48:39.859194+08:00
1303,2017-02-24,739000,-1071748,0,-332748,1791.0,374.0,40.0,-12.0,,2026-07-24T11:48:39.859194+08:00
1303,2017-03-01,-485000,-3055975,-247000,-3787975,1968.0,303.0,177.0,-71.0,,2026-07-24T11:48:39.859194+08:00
1303,2017-03-02,-43000,1065940,-1054000,-31060,2189.0,281.0,221.0,-22.0,,2026-07-24T11:48:39.859194+08:00
1303,2017-03-03,111000,-979881,-253000,-1121881,3210.0,293.0,1021.0,12.0,,2026-07-24T11:48:39.859194+08:00
1303,2017-03-06,47000,1162846,110000,1319846,3334.0,288.0,124.0,-5.0,,2026-07-24T11:48:39.859194+08:00
1303,2017-03-07,134000,946288,46000,1126288,3341.0,272.0,7.0,-16.0,,2026-07-24T11:48:39.859194+08:00
1303,2017-03-08,-159000,-1702232,-723000,-2584232,3522.0,263.0,181.0,-9.0,,2026-07-24T11:48:39.859194+08:00
1303,2017-03-09,-1238000,-4875565,-73000,-6186565,3706.0,250.0,184.0,-13.0,,2026-07-24T11:48:39.859194+08:00
1303,2017-03-10,-9000,423930,-364000,50930,3991.0,246.0,285.0,-4.0,,2026-07-24T11:48:39.859194+08:00
1303,2017-03-13,-18000,-854330,163000,-709330,4032.0,242.0,41.0,-4.0,,2026-07-24T11:48:39.859194+08:00
1303,2017-03-14,92000,-13952,63000,141048,4234.0,238.0,202.0,-4.0,,2026-07-24T11:48:39.859194+08:00
1303,2017-03-15,112000,-405724,-2000,-295724,4229.0,234.0,-5.0,-4.0,,2026-07-24T11:48:39.859194+08:00
1303,2017-03-16,269000,3298911,1359000,4926911,3859.0,184.0,-370.0,-50.0,,2026-07-24T11:48:39.859194+08:00
1303,2017-03-17,-34000,-2093147,220000,-1907147,4008.0,172.0,149.0,-12.0,,2026-07-24T11:48:39.859194+08:00
1303,2017-03-20,-9000,162378,3000,156378,3995.0,174.0,-13.0,2.0,,2026-07-24T11:48:39.859194+08:00
1303,2017-03-21,5000,3120450,-2161000,964450,3891.0,159.0,-104.0,-15.0,,2026-07-24T11:48:39.859194+08:00
1303,2017-03-22,-24000,17391,-315000,-321609,3881.0,162.0,-10.0,3.0,,2026-07-24T11:48:39.859194+08:00
1303,2017-03-23,-28000,637815,-45000,564815,3851.0,161.0,-30.0,-1.0,,2026-07-24T11:48:39.859194+08:00
1303,2017-03-24,0,450417,-182000,268417,3788.0,163.0,-63.0,2.0,,2026-07-24T11:48:39.859194+08:00
1303,2017-03-27,-48000,523663,80000,555663,3739.0,155.0,-49.0,-8.0,,2026-07-24T11:48:39.859194+08:00
1303,2017-03-28,-3000,2320201,-51000,2266201,3671.0,153.0,-68.0,-2.0,,2026-07-24T11:48:39.859194+08:00
1303,2017-03-29,224000,-1089590,340865,-524725,3689.0,153.0,18.0,0.0,,2026-07-24T11:48:39.859194+08:00
1303,2017-03-30,-10000,-708226,-209722,-927948,3601.0,151.0,-88.0,-2.0,,2026-07-24T11:48:39.859194+08:00
1303,2017-03-31,0,-1520300,-224870,-1745170,3588.0,143.0,-13.0,-8.0,,2026-07-24T11:48:39.859194+08:00
1303,2017-04-05,35000,-1968187,-470958,-2404145,3670.0,144.0,82.0,1.0,,2026-07-24T11:48:39.859194+08:00
1303,2017-04-06,-2000,-1071000,-66000,-1139000,3702.0,141.0,32.0,-3.0,,2026-07-24T11:48:39.859194+08:00
1303,2017-04-07,-560000,-1527044,-365000,-2452044,3742.0,105.0,40.0,-36.0,,2026-07-24T11:48:39.859194+08:00
1303,2017-04-10,-434000,-391000,52000,-773000,3772.0,98.0,30.0,-7.0,,2026-07-24T11:48:39.859194+08:00
1303,2017-04-11,32000,490548,91000,613548,3775.0,94.0,3.0,-4.0,,2026-07-24T11:48:39.859194+08:00
1303,2017-04-12,-19000,350278,-113000,218278,3794.0,77.0,19.0,-17.0,,2026-07-24T11:48:39.859194+08:00
1303,2017-04-13,66000,860036,183000,1109036,3662.0,72.0,-132.0,-5.0,,2026-07-24T11:48:39.859194+08:00
1303,2017-04-14,-96000,-844000,80000,-860000,3630.0,2.0,-32.0,-70.0,,2026-07-24T11:48:39.859194+08:00
1303,2017-04-17,-1000,-1087000,0,-1088000,3647.0,0.0,17.0,-2.0,,2026-07-24T11:48:39.859194+08:00
1303,2017-04-18,-34000,-1496850,2000,-1528850,3681.0,0.0,34.0,0.0,,2026-07-24T11:48:39.859194+08:00
1303,2017-04-19,-79000,-3712413,-604960,-4396373,3952.0,0.0,271.0,0.0,,2026-07-24T11:48:39.859194+08:00
1303,2017-04-20,-49000,-1909387,-1895000,-3853387,3819.0,20.0,-133.0,20.0,,2026-07-24T11:48:39.859194+08:00
1303,2017-04-21,60000,-626500,0,-566500,3816.0,27.0,-3.0,7.0,,2026-07-24T11:48:39.859194+08:00
1303,2017-04-24,-18000,-90249,-561000,-669249,3823.0,31.0,7.0,4.0,,2026-07-24T11:48:39.859194+08:00
1303,2017-04-25,49000,2694734,-2812193,-68459,3772.0,36.0,-51.0,5.0,,2026-07-24T11:48:39.859194+08:00
1303,2017-04-26,404000,5691770,-532000,5563770,3630.0,32.0,-142.0,-4.0,,2026-07-24T11:48:39.859194+08:00
1303,2017-04-27,-72000,-1736136,100000,-1708136,3675.0,24.0,45.0,-8.0,,2026-07-24T11:48:39.859194+08:00
1303,2017-04-28,43000,-1857070,-55000,-1869070,3579.0,29.0,-96.0,5.0,,2026-07-24T11:48:39.859194+08:00
1303,2017-05-02,238000,787104,348000,1373104,3525.0,26.0,-54.0,-3.0,,2026-07-24T11:48:39.859194+08:00
1303,2017-05-03,-2000,-141383,0,-143383,3630.0,26.0,105.0,0.0,,2026-07-24T11:48:39.859194+08:00
1303,2017-05-04,-13000,-1002000,17419,-997581,3681.0,21.0,51.0,-5.0,,2026-07-24T11:48:39.859194+08:00
1303,2017-05-05,-354000,-1936220,-3027785,-5318005,3878.0,69.0,197.0,48.0,,2026-07-24T11:48:39.859194+08:00
1303,2017-05-08,-10000,-714177,0,-724177,3866.0,80.0,-12.0,11.0,,2026-07-24T11:48:39.859194+08:00
1303,2017-05-09,-44872,-314852,-152000,-511724,3910.0,142.0,44.0,62.0,,2026-07-24T11:48:39.859194+08:00
1303,2017-05-10,-6000,-483420,-716000,-1205420,3920.0,136.0,10.0,-6.0,,2026-07-24T11:48:39.859194+08:00
1303,2017-05-11,19000,-1456500,-1780000,-3217500,4040.0,108.0,120.0,-28.0,,2026-07-24T11:48:39.859194+08:00
1303,2017-05-12,-27000,-255074,-1108000,-1390074,4088.0,100.0,48.0,-8.0,,2026-07-24T11:48:39.859194+08:00
1303,2017-05-15,-8000,283930,231000,506930,4150.0,88.0,62.0,-12.0,,2026-07-24T11:48:39.859194+08:00
1303,2017-05-16,2045000,-1458488,791000,1377512,4101.0,92.0,-49.0,4.0,,2026-07-24T11:48:39.859194+08:00
1303,2017-05-17,1473000,34041,-220000,1287041,4109.0,92.0,8.0,0.0,,2026-07-24T11:48:39.859194+08:00
1303,2017-05-18,2476000,240980,-339000,2377980,4045.0,97.0,-64.0,5.0,,2026-07-24T11:48:39.859194+08:00
1303,2017-05-19,1974000,-2069272,-691000,-786272,4174.0,112.0,129.0,15.0,,2026-07-24T11:48:39.859194+08:00
1303,2017-05-22,1803622,-109676,-229009,1464937,4235.0,106.0,61.0,-6.0,,2026-07-24T11:48:39.859194+08:00
1303,2017-05-23,986000,-552751,-119000,314249,4306.0,103.0,71.0,-3.0,,2026-07-24T11:48:39.859194+08:00
1303,2017-05-24,1016000,960290,-236000,1740290,4303.0,105.0,-3.0,2.0,,2026-07-24T11:48:39.859194+08:00
1303,2017-05-25,1802000,656242,-156000,2302242,4292.0,95.0,-11.0,-10.0,,2026-07-24T11:48:39.859194+08:00
1303,2017-05-26,973000,952435,-266000,1659435,4213.0,89.0,-79.0,-6.0,,2026-07-24T11:48:39.859194+08:00
1303,2017-05-31,3237000,357954,-40000,3554954,4213.0,90.0,0.0,1.0,,2026-07-24T11:48:39.859194+08:00
1303,2017-06-01,2271000,-772195,-190000,1308805,4194.0,87.0,-19.0,-3.0,,2026-07-24T11:48:39.859194+08:00
1303,2017-06-02,1399000,-851119,-56000,491881,4134.0,83.0,-60.0,-4.0,,2026-07-24T11:48:39.859194+08:00
1303,2017-06-03,88000,-20000,-431000,-363000,4221.0,81.0,87.0,-2.0,,2026-07-24T11:48:39.859194+08:00
1303,2017-06-05,2195000,1276118,-333000,3138118,4189.0,76.0,-32.0,-5.0,,2026-07-24T11:48:39.859194+08:00
1303,2017-06-06,2231770,-730554,8000,1509216,4119.0,77.0,-70.0,1.0,,2026-07-24T11:48:39.859194+08:00
1303,2017-06-07,1513000,183805,-31000,1665805,4037.0,85.0,-82.0,8.0,,2026-07-24T11:48:39.859194+08:00
1303,2017-06-08,1670000,-688575,209000,1190425,3974.0,80.0,-63.0,-5.0,,2026-07-24T11:48:39.859194+08:00
1303,2017-06-09,1634000,-1547422,-111000,-24422,3975.0,73.0,1.0,-7.0,,2026-07-24T11:48:39.859194+08:00
1303,2017-06-12,1211000,-3670328,-127000,-2586328,4017.0,74.0,42.0,1.0,,2026-07-24T11:48:39.859194+08:00
1303,2017-06-13,-56000,-10507,-160000,-226507,3946.0,81.0,-71.0,7.0,,2026-07-24T11:48:39.859194+08:00
1303,2017-06-14,257000,724470,-148000,833470,3860.0,79.0,-86.0,-2.0,,2026-07-24T11:48:39.859194+08:00
1303,2017-06-15,-240000,-724422,0,-964422,3824.0,79.0,-36.0,0.0,,2026-07-24T11:48:39.859194+08:00
1303,2017-06-16,25000,-2763065,-591000,-3329065,3759.0,60.0,-65.0,-19.0,,2026-07-24T11:48:39.859194+08:00
1303,2017-06-19,17000,-275469,-164000,-422469,3846.0,46.0,87.0,-14.0,,2026-07-24T11:48:39.859194+08:00
1303,2017-06-20,33000,-396252,-31007,-394259,3861.0,47.0,15.0,1.0,,2026-07-24T11:48:39.859194+08:00
1303,2017-06-21,632000,236529,-100000,768529,3947.0,53.0,86.0,6.0,,2026-07-24T11:48:39.859194+08:00
1303,2017-06-22,1496000,1731394,0,3227394,4006.0,51.0,59.0,-2.0,,2026-07-24T11:48:39.859194+08:00
1303,2017-06-23,1630000,2065263,-9000,3686263,4270.0,51.0,264.0,0.0,,2026-07-24T11:48:39.859194+08:00
1303,2017-06-26,2067000,7316958,163000,9546958,4243.0,65.0,-27.0,14.0,,2026-07-24T11:48:39.859194+08:00
1303,2017-06-27,1847000,164816,201000,2212816,4440.0,64.0,197.0,-1.0,,2026-07-24T11:48:39.859194+08:00
1303,2017-06-28,2274000,56734,-8938,2321796,4467.0,46.0,27.0,-18.0,,2026-07-24T11:48:39.859194+08:00
1303,2017-06-29,9000,502112,71000,582112,4507.0,42.0,40.0,-4.0,,2026-07-24T11:48:39.859194+08:00
1303,2017-06-30,29000,1078141,725000,1832141,4352.0,38.0,-155.0,-4.0,,2026-07-24T11:48:39.859194+08:00
1303,2017-07-03,1643000,200460,-21000,1822460,4196.0,37.0,-156.0,-1.0,,2026-07-24T11:48:39.859194+08:00
1303,2017-07-04,1808000,-1398876,-87000,322124,4224.0,35.0,28.0,-2.0,,2026-07-24T11:48:39.859194+08:00
1303,2017-07-05,1934000,2478000,-55000,4357000,3934.0,33.0,-290.0,-2.0,,2026-07-24T11:48:39.859194+08:00
1303,2017-07-06,378000,180309,-141000,417309,3894.0,32.0,-40.0,-1.0,,2026-07-24T11:48:39.859194+08:00
1303,2017-07-07,215000,-758648,-49000,-592648,3856.0,26.0,-38.0,-6.0,,2026-07-24T11:48:39.859194+08:00
1303,2017-07-10,29000,-863414,88000,-746414,4392.0,21.0,536.0,-5.0,,2026-07-24T11:48:39.859194+08:00
1303,2017-07-11,1319000,1777777,-318000,2778777,3989.0,14.0,-403.0,-7.0,,2026-07-24T11:48:39.859194+08:00
1303,2017-07-12,174000,1690369,199876,2064245,4245.0,5.0,256.0,-9.0,,2026-07-24T11:48:39.859194+08:00
1303,2017-07-13,2323000,-466805,-134000,1722195,4280.0,0.0,35.0,-5.0,,2026-07-24T11:48:39.859194+08:00
1303,2017-07-14,3257000,-787878,-115000,2354122,4171.0,0.0,-109.0,0.0,,2026-07-24T11:48:39.859194+08:00
1303,2017-07-17,8447000,-139000,-1698,8306302,5423.0,0.0,1252.0,0.0,,2026-07-24T11:48:39.859194+08:00
1303,2017-07-18,-4577000,5340494,-14000,749494,4662.0,170.0,-761.0,170.0,,2026-07-24T11:48:39.859194+08:00
1303,2017-07-19,-1808000,-333000,-115000,-2256000,4480.0,172.0,-182.0,2.0,,2026-07-24T11:48:39.859194+08:00
1303,2017-07-20,-121000,479786,55000,413786,4340.0,176.0,-140.0,4.0,,2026-07-24T11:48:39.859194+08:00
1303,2017-07-21,-120000,773013,-1000,652013,4385.0,178.0,45.0,2.0,,2026-07-24T11:48:39.859194+08:00
1303,2017-07-24,-631000,2242153,-125000,1486153,3806.0,181.0,-579.0,3.0,,2026-07-24T11:48:39.859194+08:00
1303,2017-07-25,-53000,470893,-147000,270893,3796.0,180.0,-10.0,-1.0,,2026-07-24T11:48:39.859194+08:00
1303,2017-07-26,-364000,955481,-428000,163481,3591.0,180.0,-205.0,0.0,,2026-07-24T11:48:39.859194+08:00
1303,2017-07-27,69000,5113000,0,5182000,3484.0,191.0,-107.0,11.0,,2026-07-24T11:48:39.859194+08:00
1303,2017-07-28,-98000,-383526,430000,-51526,3471.0,192.0,-13.0,1.0,,2026-07-24T11:48:39.859194+08:00
1303,2017-07-31,-59000,1236888,397000,1574888,3377.0,194.0,-94.0,2.0,,2026-07-24T11:48:39.859194+08:00
1303,2017-08-01,-56000,1693000,-20000,1617000,3395.0,205.0,18.0,11.0,,2026-07-24T11:48:39.859194+08:00
1303,2017-08-02,-107000,42913,-768000,-832087,3433.0,193.0,38.0,-12.0,,2026-07-24T11:48:39.859194+08:00
1303,2017-08-03,-324000,1534721,-446000,764721,3044.0,204.0,-389.0,11.0,,2026-07-24T11:48:39.859194+08:00
1303,2017-08-04,-1091000,460392,-161000,-791608,2973.0,195.0,-71.0,-9.0,,2026-07-24T11:48:39.859194+08:00
1303,2017-08-07,-1619000,412730,11000,-1195270,2964.0,201.0,-9.0,6.0,,2026-07-24T11:48:39.859194+08:00
1303,2017-08-08,-1623000,2193488,-36000,534488,2779.0,228.0,-185.0,27.0,,2026-07-24T11:48:39.859194+08:00
1303,2017-08-09,-1782000,1038272,175000,-568728,2805.0,235.0,26.0,7.0,,2026-07-24T11:48:39.859194+08:00
1303,2017-08-10,-1726000,895267,61000,-769733,2713.0,30.0,-92.0,-205.0,,2026-07-24T11:48:39.859194+08:00
1303,2017-08-11,-43000,34764,-349000,-357236,2702.0,21.0,-11.0,-9.0,,2026-07-24T11:48:39.859194+08:00
1303,2017-08-14,-22000,1364227,-252000,1090227,2718.0,19.0,16.0,-2.0,,2026-07-24T11:48:39.859194+08:00
1303,2017-08-15,-1529000,2835864,174000,1480864,2722.0,20.0,4.0,1.0,,2026-07-24T11:48:39.859194+08:00
1303,2017-08-16,-1733000,-399990,825000,-1307990,2786.0,18.0,64.0,-2.0,,2026-07-24T11:48:39.859194+08:00
1303,2017-08-17,-2209000,5426520,-259000,2958520,2726.0,23.0,-60.0,5.0,,2026-07-24T11:48:39.859194+08:00
1303,2017-08-18,-2122000,1529166,-1000,-593834,2696.0,33.0,-30.0,10.0,,2026-07-24T11:48:39.859194+08:00
1303,2017-08-21,-2072000,1304617,45000,-722383,2574.0,36.0,-122.0,3.0,,2026-07-24T11:48:39.859194+08:00
1303,2017-08-22,-2142000,1946809,0,-195191,2538.0,39.0,-36.0,3.0,,2026-07-24T11:48:39.859194+08:00
1303,2017-08-23,-2001000,1015001,67000,-918999,2433.0,108.0,-105.0,69.0,,2026-07-24T11:48:39.859194+08:00
1303,2017-08-24,-2757000,1726813,-20000,-1050187,2368.0,141.0,-65.0,33.0,,2026-07-24T11:48:39.859194+08:00
1303,2017-08-25,-2042000,735890,-61000,-1367110,2407.0,138.0,39.0,-3.0,,2026-07-24T11:48:39.859194+08:00
1303,2017-08-28,-1523000,1630824,-6000,101824,2127.0,139.0,-280.0,1.0,,2026-07-24T11:48:39.859194+08:00
1303,2017-08-29,-1654000,1605383,93000,44383,2061.0,140.0,-66.0,1.0,,2026-07-24T11:48:39.859194+08:00
1303,2017-08-30,-2148000,-437000,0,-2585000,2129.0,137.0,68.0,-3.0,,2026-07-24T11:48:39.859194+08:00
1303,2017-08-31,-85000,555074,0,470074,2131.0,139.0,2.0,2.0,,2026-07-24T11:48:39.859194+08:00
1303,2017-09-01,-162000,-960000,28000,-1094000,2155.0,41.0,24.0,-98.0,,2026-07-24T11:48:39.859194+08:00
1303,2017-09-04,-172000,-547768,-600000,-1319768,2165.0,35.0,10.0,-6.0,,2026-07-24T11:48:39.859194+08:00
1303,2017-09-05,-147000,-192593,-598000,-937593,2158.0,34.0,-7.0,-1.0,,2026-07-24T11:48:39.859194+08:00
1303,2017-09-06,-1325133,558539,-4000,-770594,2133.0,34.0,-25.0,0.0,,2026-07-24T11:48:39.859194+08:00
1303,2017-09-07,-1025000,-164000,57000,-1132000,2274.0,34.0,141.0,0.0,,2026-07-24T11:48:39.859194+08:00
1303,2017-09-08,-1180000,9333,1000,-1169667,2279.0,32.0,5.0,-2.0,,2026-07-24T11:48:39.859194+08:00
1303,2017-09-11,-1224000,-2906449,30000,-4100449,2129.0,32.0,-150.0,0.0,,2026-07-24T11:48:39.859194+08:00
1303,2017-09-12,-1159000,-3238898,116000,-4281898,2116.0,34.0,-13.0,2.0,,2026-07-24T11:48:39.859194+08:00
1303,2017-09-13,-1058000,-4713485,13000,-5758485,2163.0,35.0,47.0,1.0,,2026-07-24T11:48:39.859194+08:00
1303,2017-09-14,-83000,-4725806,162000,-4646806,2248.0,37.0,85.0,2.0,,2026-07-24T11:48:39.859194+08:00
1303,2017-09-15,238000,-1062620,311000,-513620,2291.0,37.0,43.0,0.0,,2026-07-24T11:48:39.859194+08:00
1303,2017-09-18,116000,880630,1409000,2405630,2381.0,42.0,90.0,5.0,,2026-07-24T11:48:39.859194+08:00
1303,2017-09-19,-49000,1503232,116000,1570232,2344.0,45.0,-37.0,3.0,,2026-07-24T11:48:39.859194+08:00
1303,2017-09-20,21000,863655,102000,986655,2384.0,50.0,40.0,5.0,,2026-07-24T11:48:39.859194+08:00
1303,2017-09-21,208000,-1135675,67000,-860675,2526.0,50.0,142.0,0.0,,2026-07-24T11:48:39.859194+08:00
1303,2017-09-22,-1266000,-358630,90000,-1534630,2426.0,46.0,-100.0,-4.0,,2026-07-24T11:48:39.859194+08:00
1303,2017-09-25,-1500000,-399670,67000,-1832670,2404.0,36.0,-22.0,-10.0,,2026-07-24T11:48:39.859194+08:00
1303,2017-09-26,-1019000,223000,702000,-94000,2377.0,41.0,-27.0,5.0,,2026-07-24T11:48:39.859194+08:00
1303,2017-09-27,-1020000,-1504092,94000,-2430092,2413.0,37.0,36.0,-4.0,,2026-07-24T11:48:39.859194+08:00
1303,2017-09-28,-1181000,-3230918,8000,-4403918,2452.0,37.0,39.0,0.0,,2026-07-24T11:48:39.859194+08:00
1303,2017-09-29,36000,60651,-2000,94651,2431.0,47.0,-21.0,10.0,,2026-07-24T11:48:39.859194+08:00
1303,2017-09-30,-11000,0,0,-11000,2593.0,41.0,162.0,-6.0,,2026-07-24T11:48:39.859194+08:00
1303,2017-10-02,-1639000,-1223000,117000,-2745000,2793.0,51.0,200.0,10.0,,2026-07-24T11:48:39.859194+08:00
1303,2017-10-03,-2170000,181000,-29973,-2018973,2723.0,38.0,-70.0,-13.0,,2026-07-24T11:48:39.859194+08:00
1303,2017-10-05,-19000,1915268,84000,1980268,2859.0,32.0,136.0,-6.0,,2026-07-24T11:48:39.859194+08:00
1303,2017-10-06,-9000,194621,34000,219621,2949.0,37.0,90.0,5.0,,2026-07-24T11:48:39.859194+08:00
1303,2017-10-11,-179000,1638474,193000,1652474,3413.0,36.0,464.0,-1.0,,2026-07-24T11:48:39.859194+08:00
1303,2017-10-12,-168000,940784,211000,983784,3292.0,42.0,-121.0,6.0,,2026-07-24T11:48:39.859194+08:00
1303,2017-10-13,20000,-2089250,62000,-2007250,3407.0,36.0,115.0,-6.0,,2026-07-24T11:48:39.859194+08:00
1303,2017-10-16,-22000,2508000,-59000,2427000,3294.0,33.0,-113.0,-3.0,,2026-07-24T11:48:39.859194+08:00
1303,2017-10-17,9000,1814000,-45000,1778000,2736.0,33.0,-558.0,0.0,,2026-07-24T11:48:39.859194+08:00
1303,2017-10-18,-25000,-846000,338000,-533000,2696.0,21.0,-40.0,-12.0,,2026-07-24T11:48:39.859194+08:00
1303,2017-10-19,19000,275797,-110000,184797,2641.0,22.0,-55.0,1.0,,2026-07-24T11:48:39.859194+08:00
1303,2017-10-20,-25000,164483,137000,276483,2599.0,22.0,-42.0,0.0,,2026-07-24T11:48:39.859194+08:00
1303,2017-10-23,-3000,-909410,182000,-730410,2609.0,25.0,10.0,3.0,,2026-07-24T11:48:39.859194+08:00
1303,2017-10-24,28000,753464,-6000,775464,2586.0,26.0,-23.0,1.0,,2026-07-24T11:48:39.859194+08:00
1303,2017-10-25,-35000,-731729,-838000,-1604729,2624.0,24.0,38.0,-2.0,,2026-07-24T11:48:39.859194+08:00
1303,2017-10-26,1000,-303302,-154000,-456302,2656.0,25.0,32.0,1.0,,2026-07-24T11:48:39.859194+08:00
1303,2017-10-27,5000,-1288303,389000,-894303,2645.0,23.0,-11.0,-2.0,,2026-07-24T11:48:39.859194+08:00
1303,2017-10-30,38000,-1449249,-340000,-1751249,2684.0,25.0,39.0,2.0,,2026-07-24T11:48:39.859194+08:00
1303,2017-10-31,-19000,414879,1000,396879,2661.0,23.0,-23.0,-2.0,,2026-07-24T11:48:39.859194+08:00
1303,2017-11-01,4000,614612,-14000,604612,2628.0,24.0,-33.0,1.0,,2026-07-24T11:48:39.859194+08:00
1303,2017-11-02,-82000,479135,-9273,387862,2598.0,24.0,-30.0,0.0,,2026-07-24T11:48:39.859194+08:00
1303,2017-11-03,-5000,-439954,4000,-440954,2639.0,24.0,41.0,0.0,,2026-07-24T11:48:39.859194+08:00
1303,2017-11-06,-2000,-1300887,-80000,-1382887,2731.0,24.0,92.0,0.0,,2026-07-24T11:48:39.859194+08:00
1303,2017-11-07,15000,640377,0,655377,2717.0,26.0,-14.0,2.0,,2026-07-24T11:48:39.859194+08:00
1303,2017-11-08,5000,568983,134000,707983,2682.0,25.0,-35.0,-1.0,,2026-07-24T11:48:39.859194+08:00
1303,2017-11-09,9000,605550,2000,616550,2635.0,26.0,-47.0,1.0,,2026-07-24T11:48:39.859194+08:00
1303,2017-11-10,9000,401420,17000,427420,2608.0,27.0,-27.0,1.0,,2026-07-24T11:48:39.859194+08:00
1303,2017-11-13,40000,391000,11000,442000,2633.0,28.0,25.0,1.0,,2026-07-24T11:48:39.859194+08:00
1303,2017-11-14,-14000,814593,-11000,789593,2595.0,38.0,-38.0,10.0,,2026-07-24T11:48:39.859194+08:00
1303,2017-11-15,-46000,-1238000,145000,-1139000,2580.0,39.0,-15.0,1.0,,2026-07-24T11:48:39.859194+08:00
1303,2017-11-16,5000,98271,85000,188271,2595.0,39.0,15.0,0.0,,2026-07-24T11:48:39.859194+08:00
1303,2017-11-17,-11000,1248697,-1000,1236697,2548.0,39.0,-47.0,0.0,,2026-07-24T11:48:39.859194+08:00
1303,2017-11-20,10000,-51837,0,-41837,2555.0,39.0,7.0,0.0,,2026-07-24T11:48:39.859194+08:00
1303,2017-11-21,100000,1122276,-210000,1012276,2644.0,38.0,89.0,-1.0,,2026-07-24T11:48:39.859194+08:00
1303,2017-11-22,-13000,2592912,91000,2670912,2621.0,39.0,-23.0,1.0,,2026-07-24T11:48:39.859194+08:00
1303,2017-11-23,-27000,623950,3000,599950,2675.0,39.0,54.0,0.0,,2026-07-24T11:48:39.859194+08:00
1303,2017-11-24,-29000,-303000,0,-332000,2682.0,37.0,7.0,-2.0,,2026-07-24T11:48:39.859194+08:00
1303,2017-11-27,55000,1371304,0,1426304,2668.0,36.0,-14.0,-1.0,,2026-07-24T11:48:39.859194+08:00
1303,2017-11-28,-49000,-457861,90000,-416861,2690.0,36.0,22.0,0.0,,2026-07-24T11:48:39.859194+08:00
1303,2017-11-29,56000,-772380,-60000,-776380,2690.0,35.0,0.0,-1.0,,2026-07-24T11:48:39.859194+08:00
1303,2017-11-30,32000,-1260664,-110000,-1338664,2783.0,38.0,93.0,3.0,,2026-07-24T11:48:39.859194+08:00
1303,2017-12-01,38000,-2504198,5000,-2461198,2798.0,32.0,15.0,-6.0,,2026-07-24T11:48:39.859194+08:00
1303,2017-12-04,-33000,-16045,48000,-1045,2836.0,32.0,38.0,0.0,,2026-07-24T11:48:39.859194+08:00
1303,2017-12-05,-24000,1940001,-101000,1815001,2804.0,32.0,-32.0,0.0,,2026-07-24T11:48:39.859194+08:00
1303,2017-12-06,24000,-195280,15000,-156280,2833.0,34.0,29.0,2.0,,2026-07-24T11:48:39.859194+08:00
1303,2017-12-07,32000,6139,-2000,36139,2719.0,33.0,-114.0,-1.0,,2026-07-24T11:48:39.859194+08:00
1303,2017-12-08,-14000,-598330,0,-612330,2768.0,23.0,49.0,-10.0,,2026-07-24T11:48:39.859194+08:00
1303,2017-12-11,-43000,-1680808,70000,-1653808,2731.0,36.0,-37.0,13.0,,2026-07-24T11:48:39.859194+08:00
1303,2017-12-12,-25000,-829178,151000,-703178,2724.0,35.0,-7.0,-1.0,,2026-07-24T11:48:39.859194+08:00
1303,2017-12-13,70000,-399861,281000,-48861,2762.0,16.0,38.0,-19.0,,2026-07-24T11:48:39.859194+08:00
1303,2017-12-14,53000,363198,560000,976198,2752.0,17.0,-10.0,1.0,,2026-07-24T11:48:39.859194+08:00
1303,2017-12-15,110170,-1695668,635000,-950498,2719.0,16.0,-33.0,-1.0,,2026-07-24T11:48:39.859194+08:00
1303,2017-12-18,66000,-308435,681000,438565,2906.0,16.0,187.0,0.0,,2026-07-24T11:48:39.859194+08:00
1303,2017-12-19,98000,257440,-1000,354440,2923.0,16.0,17.0,0.0,,2026-07-24T11:48:39.859194+08:00
1303,2017-12-20,-89000,1266690,0,1177690,2902.0,18.0,-21.0,2.0,,2026-07-24T11:48:39.859194+08:00
1303,2017-12-21,60000,778670,38000,876670,2888.0,19.0,-14.0,1.0,,2026-07-24T11:48:39.859194+08:00
1303,2017-12-22,15000,1087076,0,1102076,2821.0,28.0,-67.0,9.0,,2026-07-24T11:48:39.859194+08:00
1303,2017-12-25,-54000,1186000,100000,1232000,2815.0,32.0,-6.0,4.0,,2026-07-24T11:48:39.859194+08:00
1303,2017-12-26,239000,271000,-30069,479931,2651.0,33.0,-164.0,1.0,,2026-07-24T11:48:39.859194+08:00
1303,2017-12-27,135000,2823884,102000,3060884,2783.0,32.0,132.0,-1.0,,2026-07-24T11:48:39.859194+08:00
1303,2017-12-28,563000,2042000,3000,2608000,2731.0,31.0,-52.0,-1.0,,2026-07-24T11:48:39.859194+08:00
1303,2017-12-29,428690,1699865,100000,2228555,2676.0,45.0,-55.0,14.0,,2026-07-24T11:48:39.859194+08:00
1303,2018-01-02,212000,-1399492,90000,-1097492,2770.0,40.0,94.0,-5.0,,2026-07-24T11:48:39.859194+08:00
1303,2018-01-03,188000,100448,-76000,212448,2636.0,44.0,-134.0,4.0,,2026-07-24T11:48:39.859194+08:00
1303,2018-01-04,30000,-573936,748000,204064,2673.0,41.0,37.0,-3.0,,2026-07-24T11:48:39.859194+08:00
1303,2018-01-05,42000,1267606,-51000,1258606,2670.0,41.0,-3.0,0.0,,2026-07-24T11:48:39.859194+08:00
1303,2018-01-08,207000,936366,-24000,1119366,2347.0,56.0,-323.0,15.0,,2026-07-24T11:48:39.859194+08:00
1303,2018-01-09,1010000,2269536,474000,3753536,2182.0,80.0,-165.0,24.0,,2026-07-24T11:48:39.859194+08:00
1303,2018-01-10,148000,1419192,1551000,3118192,2196.0,106.0,14.0,26.0,,2026-07-24T11:48:39.859194+08:00
1303,2018-01-11,443000,1122654,0,1565654,2115.0,80.0,-81.0,-26.0,,2026-07-24T11:48:39.859194+08:00
1303,2018-01-12,85000,-1525815,-442000,-1882815,2254.0,73.0,139.0,-7.0,,2026-07-24T11:48:39.859194+08:00
1303,2018-01-15,-9000,1250102,78000,1319102,2211.0,75.0,-43.0,2.0,,2026-07-24T11:48:39.859194+08:00
1303,2018-01-16,17000,2048431,-38000,2027431,2198.0,72.0,-13.0,-3.0,,2026-07-24T11:48:39.859194+08:00
1303,2018-01-17,-2702000,1949005,0,-752995,2067.0,65.0,-131.0,-7.0,,2026-07-24T11:48:39.859194+08:00
1303,2018-01-18,-46000,2412068,-1141000,1225068,2063.0,66.0,-4.0,1.0,,2026-07-24T11:48:39.859194+08:00
1303,2018-01-19,-229000,416360,0,187360,1982.0,66.0,-81.0,0.0,,2026-07-24T11:48:39.859194+08:00
1303,2018-01-22,39000,-148296,-899000,-1008296,1928.0,64.0,-54.0,-2.0,,2026-07-24T11:48:39.859194+08:00
1303,2018-01-23,-172000,558255,0,386255,1939.0,74.0,11.0,10.0,,2026-07-24T11:48:39.859194+08:00
1303,2018-01-24,-2172000,71780,-39775,-2139995,1993.0,73.0,54.0,-1.0,,2026-07-24T11:48:39.859194+08:00
1303,2018-01-25,350000,4734323,11000,5095323,1989.0,78.0,-4.0,5.0,,2026-07-24T11:48:39.859194+08:00
1303,2018-01-26,56000,-9698,-366000,-319698,2033.0,77.0,44.0,-1.0,,2026-07-24T11:48:39.859194+08:00
1303,2018-01-29,-11000,88247,0,77247,2039.0,82.0,6.0,5.0,,2026-07-24T11:48:39.859194+08:00
1303,2018-01-30,10000,-1278713,244400,-1024313,1994.0,80.0,-45.0,-2.0,,2026-07-24T11:48:39.859194+08:00
1303,2018-01-31,-1693000,-2157592,-14000,-3864592,2010.0,90.0,16.0,10.0,,2026-07-24T11:48:39.859194+08:00
1303,2018-02-01,2000,-1670264,3000,-1665264,2021.0,90.0,11.0,0.0,,2026-07-24T11:48:39.859194+08:00
1303,2018-02-02,-342000,-603100,-58000,-1003100,1934.0,89.0,-87.0,-1.0,,2026-07-24T11:48:39.859194+08:00
1303,2018-02-05,-163000,-1602735,0,-1765735,1911.0,75.0,-23.0,-14.0,,2026-07-24T11:48:39.859194+08:00
1303,2018-02-06,-669000,-8801045,20000,-9450045,1879.0,39.0,-32.0,-36.0,,2026-07-24T11:48:39.859194+08:00
1303,2018-02-07,-82000,-4982469,34000,-5030469,1887.0,33.0,8.0,-6.0,,2026-07-24T11:48:39.859194+08:00
1303,2018-02-08,12000,-2172629,3000,-2157629,1863.0,25.0,-24.0,-8.0,,2026-07-24T11:48:39.859194+08:00
1303,2018-02-09,362000,-7248763,0,-6886763,1916.0,24.0,53.0,-1.0,,2026-07-24T11:48:39.859194+08:00
1303,2018-02-12,-26000,-3383317,0,-3409317,1960.0,29.0,44.0,5.0,,2026-07-24T11:48:39.859194+08:00
1303,2018-02-21,-267000,2081647,20000,1834647,1840.0,30.0,-120.0,1.0,,2026-07-24T11:48:39.859194+08:00
1303,2018-02-22,58000,-1379487,-20000,-1341487,1841.0,25.0,1.0,-5.0,,2026-07-24T11:48:39.859194+08:00
1303,2018-02-23,-23000,378040,-20000,335040,1857.0,25.0,16.0,0.0,,2026-07-24T11:48:39.859194+08:00
1303,2018-02-26,76000,744759,-36000,784759,1783.0,26.0,-74.0,1.0,,2026-07-24T11:48:39.859194+08:00
1303,2018-02-27,-133000,695919,-61000,501919,1799.0,35.0,16.0,9.0,,2026-07-24T11:48:39.859194+08:00
1303,2018-03-01,155000,-4482255,33000,-4294255,1792.0,29.0,-7.0,-6.0,,2026-07-24T11:48:39.859194+08:00
1303,2018-03-02,71000,-3015397,-192000,-3136397,1869.0,27.0,77.0,-2.0,,2026-07-24T11:48:39.859194+08:00
1303,2018-03-05,-41000,-4625764,-40000,-4706764,1927.0,28.0,58.0,1.0,,2026-07-24T11:48:39.859194+08:00
1303,2018-03-06,80000,-604536,0,-524536,1967.0,31.0,40.0,3.0,,2026-07-24T11:48:39.859194+08:00
1303,2018-03-07,3000,506915,-10000,499915,2010.0,32.0,43.0,1.0,,2026-07-24T11:48:39.859194+08:00
1303,2018-03-08,-99000,-1041920,-189000,-1329920,2073.0,29.0,63.0,-3.0,,2026-07-24T11:48:39.859194+08:00
1303,2018-03-09,-26000,-1153195,63000,-1116195,2083.0,29.0,10.0,0.0,,2026-07-24T11:48:39.859194+08:00
1303,2018-03-12,98000,1192657,-68000,1222657,2327.0,33.0,244.0,4.0,,2026-07-24T11:48:39.859194+08:00
1303,2018-03-13,-68000,2790352,-127000,2595352,2253.0,44.0,-74.0,11.0,,2026-07-24T11:48:39.859194+08:00
1303,2018-03-14,194000,998580,-139000,1053580,2236.0,39.0,-17.0,-5.0,,2026-07-24T11:48:39.859194+08:00
1303,2018-03-15,17000,304597,-259000,62597,2180.0,40.0,-56.0,1.0,,2026-07-24T11:48:39.859194+08:00
1303,2018-03-16,-11000,3004845,2637000,5630845,1956.0,56.0,-224.0,16.0,,2026-07-24T11:48:39.859194+08:00
1303,2018-03-19,-34000,1530742,-64000,1432742,1938.0,58.0,-18.0,2.0,,2026-07-24T11:48:39.859194+08:00
1303,2018-03-20,76000,2862648,-103000,2835648,1891.0,58.0,-47.0,0.0,,2026-07-24T11:48:39.859194+08:00
1303,2018-03-21,-7000,3735691,-162000,3566691,1894.0,56.0,3.0,-2.0,,2026-07-24T11:48:39.859194+08:00
1303,2018-03-22,290000,6798821,-60000,7028821,1924.0,54.0,30.0,-2.0,,2026-07-24T11:48:39.859194+08:00
1303,2018-03-23,-208000,1868261,-327000,1333261,2037.0,48.0,113.0,-6.0,,2026-07-24T11:48:39.859194+08:00
1303,2018-03-26,-18000,979825,-313627,648198,2083.0,50.0,46.0,2.0,,2026-07-24T11:48:39.859194+08:00
1303,2018-03-27,25000,2528532,-289805,2263727,2045.0,50.0,-38.0,0.0,,2026-07-24T11:48:39.859194+08:00
1303,2018-03-28,-189000,-13597,-1000,-203597,2136.0,49.0,91.0,-1.0,,2026-07-24T11:48:39.859194+08:00
1303,2018-03-29,-126000,-3199289,85000,-3240289,2151.0,46.0,15.0,-3.0,,2026-07-24T11:48:39.859194+08:00
1303,2018-03-30,-15000,2492825,4000,2481825,2132.0,44.0,-19.0,-2.0,,2026-07-24T11:48:39.859194+08:00
1303,2018-03-31,36000,-5000,21000,52000,2120.0,44.0,-12.0,0.0,,2026-07-24T11:48:39.859194+08:00
1303,2018-04-02,-88000,1364713,-194000,1082713,2139.0,41.0,19.0,-3.0,,2026-07-24T11:48:39.859194+08:00
1303,2018-04-03,-122000,2858510,72000,2808510,2020.0,28.0,-119.0,-13.0,,2026-07-24T11:48:39.859194+08:00
1303,2018-04-09,91000,5804327,34000,5929327,1980.0,28.0,-40.0,0.0,,2026-07-24T11:48:39.859194+08:00
1303,2018-04-10,2000,3950978,-15000,3937978,1920.0,28.0,-60.0,0.0,,2026-07-24T11:48:39.859194+08:00
1303,2018-04-11,376000,419622,-188000,607622,1899.0,28.0,-21.0,0.0,,2026-07-24T11:48:39.859194+08:00
1303,2018-04-12,206000,2837880,193000,3236880,1816.0,28.0,-83.0,0.0,,2026-07-24T11:48:39.859194+08:00
1303,2018-04-13,53000,-267884,803000,588116,1890.0,0.0,74.0,-28.0,,2026-07-24T11:48:39.859194+08:00
1303,2018-04-16,102000,-23519,829000,907481,1953.0,0.0,63.0,0.0,,2026-07-24T11:48:39.859194+08:00
1303,2018-04-17,125000,580167,212000,917167,2114.0,0.0,161.0,0.0,,2026-07-24T11:48:39.859194+08:00
1303,2018-04-18,154000,2597857,449000,3200857,2244.0,0.0,130.0,0.0,,2026-07-24T11:48:39.859194+08:00
1303,2018-04-19,23000,6046748,269000,6338748,2097.0,2.0,-147.0,2.0,,2026-07-24T11:48:39.859194+08:00
1303,2018-04-20,98000,906947,91258,1096205,2191.0,1.0,94.0,-1.0,,2026-07-24T11:48:39.859194+08:00
1303,2018-04-23,-73000,247000,-15000,159000,2276.0,1.0,85.0,0.0,,2026-07-24T11:48:39.859194+08:00
1303,2018-04-24,239000,1334063,12000,1585063,2320.0,2.0,44.0,1.0,,2026-07-24T11:48:39.859194+08:00
1303,2018-04-25,58000,1357254,56000,1471254,2351.0,3.0,31.0,1.0,,2026-07-24T11:48:39.859194+08:00
1303,2018-04-26,148000,1578253,-1813000,-86747,2405.0,2.0,54.0,-1.0,,2026-07-24T11:48:39.859194+08:00
1303,2018-04-27,-25000,1008664,-81000,902664,2397.0,2.0,-8.0,0.0,,2026-07-24T11:48:39.859194+08:00
1303,2018-04-30,121000,1663553,0,1784553,2447.0,2.0,50.0,0.0,,2026-07-24T11:48:39.859194+08:00
1303,2018-05-02,76000,731409,-135000,672409,2390.0,13.0,-57.0,11.0,,2026-07-24T11:48:39.859194+08:00
1303,2018-05-03,65000,-1056900,370000,-621900,2404.0,12.0,14.0,-1.0,,2026-07-24T11:48:39.859194+08:00
1303,2018-05-04,57000,-631092,350000,-224092,2383.0,2.0,-21.0,-10.0,,2026-07-24T11:48:39.859194+08:00
1303,2018-05-07,-94000,-353400,-338071,-785471,2369.0,2.0,-14.0,0.0,,2026-07-24T11:48:39.859194+08:00
1303,2018-05-08,-44000,250950,139230,346180,2401.0,2.0,32.0,0.0,,2026-07-24T11:48:39.859194+08:00
1303,2018-05-09,-31000,604730,-263000,310730,2377.0,1.0,-24.0,-1.0,,2026-07-24T11:48:39.859194+08:00
1303,2018-05-10,-151000,3622000,-169000,3302000,2699.0,13.0,322.0,12.0,,2026-07-24T11:48:39.859194+08:00
1303,2018-05-11,-437000,4837000,203000,4603000,2597.0,42.0,-102.0,29.0,,2026-07-24T11:48:39.859194+08:00
1303,2018-05-14,61000,1481000,169000,1711000,2450.0,43.0,-147.0,1.0,,2026-07-24T11:48:39.859194+08:00
1303,2018-05-15,-94000,4130470,0,4036470,2338.0,46.0,-112.0,3.0,,2026-07-24T11:48:39.859194+08:00
1303,2018-05-16,-60000,3270180,-54000,3156180,1936.0,52.0,-402.0,6.0,,2026-07-24T11:48:39.859194+08:00
1303,2018-05-17,320000,3721458,4000,4045458,1925.0,34.0,-11.0,-18.0,,2026-07-24T11:48:39.859194+08:00
1303,2018-05-18,6000,-259230,10000,-243230,2017.0,34.0,92.0,0.0,,2026-07-24T11:48:39.859194+08:00
1303,2018-05-21,-223000,1141600,-10000,908600,1878.0,35.0,-139.0,1.0,,2026-07-24T11:48:39.859194+08:00
1303,2018-05-22,-218000,2151000,0,1933000,1856.0,33.0,-22.0,-2.0,,2026-07-24T11:48:39.859194+08:00
1303,2018-05-23,59000,2046783,-30177,2075606,1539.0,33.0,-317.0,0.0,,2026-07-24T11:48:39.859194+08:00
1303,2018-05-24,-41000,1367128,-23000,1303128,1416.0,33.0,-123.0,0.0,,2026-07-24T11:48:39.859194+08:00
1303,2018-05-25,122000,-760879,-32000,-670879,1444.0,20.0,28.0,-13.0,,2026-07-24T11:48:39.859194+08:00
1303,2018-05-28,63000,770122,-492000,341122,1683.0,16.0,239.0,-4.0,,2026-07-24T11:48:39.859194+08:00
1303,2018-05-29,71000,-256455,0,-185455,1691.0,10.0,8.0,-6.0,,2026-07-24T11:48:39.859194+08:00
1303,2018-05-30,376000,-590816,-43000,-257816,1617.0,13.0,-74.0,3.0,,2026-07-24T11:48:39.859194+08:00
1303,2018-05-31,298000,-1910097,8000,-1604097,1862.0,8.0,245.0,-5.0,,2026-07-24T11:48:39.859194+08:00
1303,2018-06-01,1108000,2956450,0,4064450,1611.0,5.0,-251.0,-3.0,,2026-07-24T11:48:39.859194+08:00
1303,2018-06-04,3110000,1578538,-118000,4570538,1561.0,5.0,-50.0,0.0,,2026-07-24T11:48:39.859194+08:00
1303,2018-06-05,2481000,932000,-11000,3402000,1546.0,5.0,-15.0,0.0,,2026-07-24T11:48:39.859194+08:00
1303,2018-06-06,2711000,857645,-82000,3486645,1418.0,5.0,-128.0,0.0,,2026-07-24T11:48:39.859194+08:00
1303,2018-06-07,2977000,3418288,1000,6396288,1389.0,5.0,-29.0,0.0,,2026-07-24T11:48:39.859194+08:00
1303,2018-06-08,3334000,-2407000,-84000,843000,2158.0,5.0,769.0,0.0,,2026-07-24T11:48:39.859194+08:00
1303,2018-06-11,3057000,-1045000,41000,2053000,2193.0,5.0,35.0,0.0,,2026-07-24T11:48:39.859194+08:00
1303,2018-06-12,2678000,2626903,-24000,5280903,2172.0,4.0,-21.0,-1.0,,2026-07-24T11:48:39.859194+08:00
1303,2018-06-13,2416000,441494,-43000,2814494,2144.0,4.0,-28.0,0.0,,2026-07-24T11:48:39.859194+08:00
1303,2018-06-14,3229000,-6747960,0,-3518960,2241.0,2.0,97.0,-2.0,,2026-07-24T11:48:39.859194+08:00
1303,2018-06-15,1986000,-2115337,-949000,-1078337,2243.0,2.0,2.0,0.0,,2026-07-24T11:48:39.859194+08:00
1303,2018-06-19,2605000,-6000379,-455000,-3850379,2223.0,3.0,-20.0,1.0,,2026-07-24T11:48:39.859194+08:00
1303,2018-06-20,2617000,-700057,-283351,1633592,2239.0,33.0,16.0,30.0,,2026-07-24T11:48:39.859194+08:00
1303,2018-06-21,1124000,-699155,-94000,330845,2245.0,33.0,6.0,0.0,,2026-07-24T11:48:39.859194+08:00
1303,2018-06-22,192000,-629115,-7000,-444115,2239.0,34.0,-6.0,1.0,,2026-07-24T11:48:39.859194+08:00
1303,2018-06-25,318000,-1713640,0,-1395640,2219.0,38.0,-20.0,4.0,,2026-07-24T11:48:39.859194+08:00
1303,2018-06-26,251000,-979953,3000,-725953,2163.0,3.0,-56.0,-35.0,,2026-07-24T11:48:39.859194+08:00
1303,2018-06-27,-1000,-2421220,-63000,-2485220,2163.0,3.0,0.0,0.0,,2026-07-24T11:48:39.859194+08:00
1303,2018-06-28,27000,-2189541,0,-2162541,2180.0,3.0,17.0,0.0,,2026-07-24T11:48:39.859194+08:00
1303,2018-06-29,211000,3613113,-5000,3819113,1975.0,2.0,-205.0,-1.0,,2026-07-24T11:48:39.859194+08:00
1303,2018-07-02,71000,-2445000,-9000,-2383000,2087.0,2.0,112.0,0.0,,2026-07-24T11:48:39.859194+08:00
1303,2018-07-03,296000,-4325313,-384000,-4413313,2142.0,1.0,55.0,-1.0,,2026-07-24T11:48:39.859194+08:00
1303,2018-07-04,252000,-2291010,-14000,-2053010,2175.0,0.0,33.0,-1.0,,2026-07-24T11:48:39.859194+08:00
1303,2018-07-05,54000,1426043,7000,1487043,2140.0,0.0,-35.0,0.0,,2026-07-24T11:48:39.859194+08:00
1303,2018-07-06,142000,-3014999,-1000,-2873999,2256.0,0.0,116.0,0.0,,2026-07-24T11:48:39.859194+08:00
1303,2018-07-09,3167000,605603,0,3772603,2668.0,0.0,412.0,0.0,,2026-07-24T11:48:39.859194+08:00
1303,2018-07-10,-869000,1258360,-162000,227360,2683.0,3.0,15.0,3.0,,2026-07-24T11:48:39.859194+08:00
1303,2018-07-11,-361000,3926165,0,3565165,2670.0,11.0,-13.0,8.0,,2026-07-24T11:48:39.859194+08:00
1303,2018-07-12,-98000,3639054,-8000,3533054,2620.0,12.0,-50.0,1.0,,2026-07-24T11:48:39.859194+08:00
1303,2018-07-13,-86000,1919630,-10000,1823630,2533.0,14.0,-87.0,2.0,,2026-07-24T11:48:39.859194+08:00
1303,2018-07-16,-110000,1080000,0,970000,2510.0,13.0,-23.0,-1.0,,2026-07-24T11:48:39.859194+08:00
1303,2018-07-17,-186000,924528,-53000,685528,2528.0,15.0,18.0,2.0,,2026-07-24T11:48:39.859194+08:00
1303,2018-07-18,-455000,2250548,-9000,1786548,2326.0,32.0,-202.0,17.0,,2026-07-24T11:48:39.859194+08:00
1303,2018-07-19,-227000,-374240,0,-601240,2453.0,51.0,127.0,19.0,,2026-07-24T11:48:39.859194+08:00
1303,2018-07-20,-139000,68328,-237000,-307672,2392.0,12.0,-61.0,-39.0,,2026-07-24T11:48:39.859194+08:00
1303,2018-07-23,-45000,-564000,-51000,-660000,2408.0,11.0,16.0,-1.0,,2026-07-24T11:48:39.859194+08:00
1303,2018-07-24,-125000,1103944,51000,1029944,2473.0,11.0,65.0,0.0,,2026-07-24T11:48:39.859194+08:00
1303,2018-07-25,-33000,-555697,42000,-546697,2464.0,10.0,-9.0,-1.0,,2026-07-24T11:48:39.859194+08:00
1303,2018-07-26,8000,1786000,-51000,1743000,2523.0,11.0,59.0,1.0,,2026-07-24T11:48:39.859194+08:00
1303,2018-07-27,-9000,747715,-20000,718715,2483.0,11.0,-40.0,0.0,,2026-07-24T11:48:39.859194+08:00
1303,2018-07-30,-33000,2619000,-29000,2557000,2416.0,11.0,-67.0,0.0,,2026-07-24T11:48:39.859194+08:00
1303,2018-07-31,-12000,3795780,-22000,3761780,2404.0,10.0,-12.0,-1.0,,2026-07-24T11:48:39.859194+08:00
1303,2018-08-01,-724000,1744000,26000,1046000,2414.0,10.0,10.0,0.0,,2026-07-24T11:48:39.859194+08:00
1303,2018-08-02,-721000,504426,-39000,-255574,2367.0,13.0,-47.0,3.0,,2026-07-24T11:48:39.859194+08:00
1303,2018-08-03,26000,1945102,-40000,1931102,2406.0,14.0,39.0,1.0,,2026-07-24T11:48:39.859194+08:00
1303,2018-08-06,31000,1446000,-25000,1452000,2404.0,16.0,-2.0,2.0,,2026-07-24T11:48:39.859194+08:00
1303,2018-08-07,-441000,896046,-24000,431046,2391.0,15.0,-13.0,-1.0,,2026-07-24T11:48:39.859194+08:00
1303,2018-08-08,-172000,4372000,-5000,4195000,2266.0,16.0,-125.0,1.0,,2026-07-24T11:48:39.859194+08:00
1303,2018-08-09,-51000,-455575,21000,-485575,2270.0,23.0,4.0,7.0,,2026-07-24T11:48:39.859194+08:00
1303,2018-08-10,-2000,-7742,-21000,-30742,2272.0,19.0,2.0,-4.0,,2026-07-24T11:48:39.859194+08:00
1303,2018-08-13,29000,-566528,0,-537528,2319.0,24.0,47.0,5.0,,2026-07-24T11:48:39.859194+08:00
1303,2018-08-14,-1768000,2181557,-2000,411557,2373.0,29.0,54.0,5.0,,2026-07-24T11:48:39.859194+08:00
1303,2018-08-15,-3402000,156924,-6000,-3251076,2383.0,36.0,10.0,7.0,,2026-07-24T11:48:39.859194+08:00
1303,2018-08-16,-3280000,-1048000,0,-4328000,2427.0,40.0,44.0,4.0,,2026-07-24T11:48:39.859194+08:00
1303,2018-08-17,-3179000,2769002,0,-409998,2389.0,44.0,-38.0,4.0,,2026-07-24T11:48:39.859194+08:00
1303,2018-08-20,-3117000,1468444,0,-1648556,2384.0,44.0,-5.0,0.0,,2026-07-24T11:48:39.859194+08:00
1303,2018-08-21,-3674000,1620580,-12000,-2065420,2397.0,38.0,13.0,-6.0,,2026-07-24T11:48:39.859194+08:00
1303,2018-08-22,-3968000,2256461,-115000,-1826539,2385.0,39.0,-12.0,1.0,,2026-07-24T11:48:39.859194+08:00
1303,2018-08-23,-3231000,2026673,-443000,-1647327,2389.0,20.0,4.0,-19.0,,2026-07-24T11:48:39.859194+08:00
1303,2018-08-24,-3277000,-477000,0,-3754000,2372.0,22.0,-17.0,2.0,,2026-07-24T11:48:39.859194+08:00
1303,2018-08-27,-3146000,853847,0,-2292153,2288.0,23.0,-84.0,1.0,,2026-07-24T11:48:39.859194+08:00
1303,2018-08-28,-3099000,3005000,-9000,-103000,2152.0,25.0,-136.0,2.0,,2026-07-24T11:48:39.859194+08:00
1303,2018-08-29,-1466000,1738917,60000,332917,2119.0,19.0,-33.0,-6.0,,2026-07-24T11:48:39.859194+08:00
1303,2018-08-30,-79000,-2546000,0,-2625000,2193.0,18.0,74.0,-1.0,,2026-07-24T11:48:39.859194+08:00
1303,2018-08-31,-13000,2394447,3000,2384447,2168.0,25.0,-25.0,7.0,,2026-07-24T11:48:39.859194+08:00
1303,2018-09-03,-51000,-1423000,0,-1474000,2163.0,23.0,-5.0,-2.0,,2026-07-24T11:48:39.859194+08:00
1303,2018-09-04,0,-151195,-5000,-156195,2181.0,21.0,18.0,-2.0,,2026-07-24T11:48:39.859194+08:00
1303,2018-09-05,-433000,-2517545,-31000,-2981545,2198.0,21.0,17.0,0.0,,2026-07-24T11:48:39.859194+08:00
1303,2018-09-06,32000,107457,3000,142457,2230.0,23.0,32.0,2.0,,2026-07-24T11:48:39.859194+08:00
1303,2018-09-07,33000,-1044650,23272,-988378,2229.0,23.0,-1.0,0.0,,2026-07-24T11:48:39.859194+08:00
1303,2018-09-10,4000,1857794,0,1861794,2205.0,26.0,-24.0,3.0,,2026-07-24T11:48:39.859194+08:00
1303,2018-09-11,161000,3876874,293000,4330874,2212.0,28.0,7.0,2.0,,2026-07-24T11:48:39.859194+08:00
1303,2018-09-12,412000,1978328,24000,2414328,2242.0,30.0,30.0,2.0,,2026-07-24T11:48:39.859194+08:00
1303,2018-09-13,705000,2281767,11000,2997767,2073.0,29.0,-169.0,-1.0,,2026-07-24T11:48:39.859194+08:00
1303,2018-09-14,-48000,2268000,136000,2356000,2141.0,31.0,68.0,2.0,,2026-07-24T11:48:39.859194+08:00
1303,2018-09-17,-22000,1500845,11000,1489845,2142.0,37.0,1.0,6.0,,2026-07-24T11:48:39.859194+08:00
1303,2018-09-18,-8000,2267342,-60000,2199342,2131.0,47.0,-11.0,10.0,,2026-07-24T11:48:39.859194+08:00
1303,2018-09-19,16000,3513449,0,3529449,2111.0,34.0,-20.0,-13.0,,2026-07-24T11:48:39.859194+08:00
1303,2018-09-20,-4000,-954719,-5000,-963719,2228.0,34.0,117.0,0.0,,2026-07-24T11:48:39.859194+08:00
1303,2018-09-21,-365000,4542507,182000,4359507,2500.0,33.0,272.0,-1.0,,2026-07-24T11:48:39.859194+08:00
1303,2018-09-25,-151000,658954,31000,538954,2817.0,34.0,317.0,1.0,,2026-07-24T11:48:39.859194+08:00
1303,2018-09-26,-60000,1217669,40000,1197669,2927.0,34.0,110.0,0.0,,2026-07-24T11:48:39.859194+08:00
1303,2018-09-27,147000,2237561,40000,2424561,2760.0,33.0,-167.0,-1.0,,2026-07-24T11:48:39.859194+08:00
1303,2018-09-28,-272000,1073640,-14000,787640,2545.0,34.0,-215.0,1.0,,2026-07-24T11:48:39.859194+08:00
1303,2018-10-01,-46000,1384495,78000,1416495,2364.0,41.0,-181.0,7.0,,2026-07-24T11:48:39.859194+08:00
1303,2018-10-02,-112000,-2548000,-8000,-2668000,2589.0,30.0,225.0,-11.0,,2026-07-24T11:48:39.859194+08:00
1303,2018-10-03,-124000,685000,4000,565000,2676.0,41.0,87.0,11.0,,2026-07-24T11:48:39.859194+08:00
1303,2018-10-04,-20000,-4447994,4000,-4463994,2795.0,40.0,119.0,-1.0,,2026-07-24T11:48:39.859194+08:00
1303,2018-10-05,151000,-2312000,10431,-2150569,2692.0,70.0,-103.0,30.0,,2026-07-24T11:48:39.859194+08:00
1303,2018-10-08,139000,-992000,18000,-835000,2737.0,95.0,45.0,25.0,,2026-07-24T11:48:39.859194+08:00
1303,2018-10-09,24000,-3181703,-22000,-3179703,2799.0,100.0,62.0,5.0,,2026-07-24T11:48:39.859194+08:00
1303,2018-10-11,-582000,-10581320,33918,-11129402,2804.0,109.0,5.0,9.0,,2026-07-24T11:48:39.859194+08:00
1303,2018-10-12,16000,-4745099,-135000,-4864099,2920.0,116.0,116.0,7.0,,2026-07-24T11:48:39.859194+08:00
1303,2018-10-15,132000,-6077020,0,-5945020,2922.0,142.0,2.0,26.0,,2026-07-24T11:48:39.859194+08:00
1303,2018-10-16,15000,-3271505,38000,-3218505,2899.0,208.0,-23.0,66.0,,2026-07-24T11:48:39.859194+08:00
1303,2018-10-17,-137000,-3294570,70000,-3361570,2883.0,209.0,-16.0,1.0,,2026-07-24T11:48:39.859194+08:00
1303,2018-10-18,-27000,-1420060,-33000,-1480060,2855.0,248.0,-28.0,39.0,,2026-07-24T11:48:39.859194+08:00
1303,2018-10-19,-57000,-1119653,5000,-1171653,2781.0,175.0,-74.0,-73.0,,2026-07-24T11:48:39.859194+08:00
1303,2018-10-22,-9000,-184528,5000,-188528,2814.0,151.0,33.0,-24.0,,2026-07-24T11:48:39.859194+08:00
1303,2018-10-23,-6000,-3202106,16482,-3191624,2815.0,145.0,1.0,-6.0,,2026-07-24T11:48:39.859194+08:00
1303,2018-10-24,-66000,-1747050,-97000,-1910050,2845.0,200.0,30.0,55.0,,2026-07-24T11:48:39.859194+08:00
1303,2018-10-25,-33000,-524902,-30518,-588420,2099.0,186.0,-746.0,-14.0,,2026-07-24T11:48:39.859194+08:00
1303,2018-10-26,-40000,286585,64000,310585,2071.0,158.0,-28.0,-28.0,,2026-07-24T11:48:39.859194+08:00
1303,2018-10-29,57000,-328219,-189000,-460219,2063.0,163.0,-8.0,5.0,,2026-07-24T11:48:39.859194+08:00
1303,2018-10-30,66000,-204165,10000,-128165,2074.0,166.0,11.0,3.0,,2026-07-24T11:48:39.859194+08:00
1303,2018-10-31,134000,-389587,7000,-248587,2056.0,168.0,-18.0,2.0,,2026-07-24T11:48:39.859194+08:00
1303,2018-11-01,-6000,-456995,0,-462995,2067.0,154.0,11.0,-14.0,,2026-07-24T11:48:39.859194+08:00
1303,2018-11-02,-20000,-39500,-76331,-135831,2055.0,168.0,-12.0,14.0,,2026-07-24T11:48:39.859194+08:00
1303,2018-11-05,-681000,-91824,-10000,-782824,2056.0,153.0,1.0,-15.0,,2026-07-24T11:48:39.859194+08:00
1303,2018-11-06,-567000,1000100,-11000,422100,2067.0,152.0,11.0,-1.0,,2026-07-24T11:48:39.859194+08:00
1303,2018-11-07,-265000,-1165660,43000,-1387660,2089.0,156.0,22.0,4.0,,2026-07-24T11:48:39.859194+08:00
1303,2018-11-08,-1000,416822,4000,419822,2072.0,152.0,-17.0,-4.0,,2026-07-24T11:48:39.859194+08:00
1303,2018-11-09,124000,-972750,16000,-832750,2072.0,150.0,0.0,-2.0,,2026-07-24T11:48:39.859194+08:00
1303,2018-11-12,57000,882203,12000,951203,2031.0,227.0,-41.0,77.0,,2026-07-24T11:48:39.859194+08:00
1303,2018-11-13,107000,-1013832,-8000,-914832,2048.0,215.0,17.0,-12.0,,2026-07-24T11:48:39.859194+08:00
1303,2018-11-14,-5000,366928,4000,365928,1765.0,215.0,-283.0,0.0,,2026-07-24T11:48:39.859194+08:00
1303,2018-11-15,61000,1221000,4000,1286000,1746.0,213.0,-19.0,-2.0,,2026-07-24T11:48:39.859194+08:00
1303,2018-11-16,35000,771364,27482,833846,1695.0,214.0,-51.0,1.0,,2026-07-24T11:48:39.859194+08:00
1303,2018-11-19,66000,2129109,7000,2202109,1654.0,214.0,-41.0,0.0,,2026-07-24T11:48:39.859194+08:00
1303,2018-11-20,52000,1005548,-30518,1027030,1670.0,202.0,16.0,-12.0,,2026-07-24T11:48:39.859194+08:00
1303,2018-11-21,121000,466643,-119000,468643,1711.0,194.0,41.0,-8.0,,2026-07-24T11:48:39.859194+08:00
1303,2018-11-22,-1000,1347930,-39000,1307930,1760.0,188.0,49.0,-6.0,,2026-07-24T11:48:39.859194+08:00
1303,2018-11-23,4000,641000,9000,654000,1765.0,186.0,5.0,-2.0,,2026-07-24T11:48:39.859194+08:00
1303,2018-11-26,48000,677260,0,725260,1817.0,190.0,52.0,4.0,,2026-07-24T11:48:39.859194+08:00
1303,2018-11-27,-132000,-2516937,-25000,-2673937,1890.0,154.0,73.0,-36.0,,2026-07-24T11:48:39.859194+08:00
1303,2018-11-28,388000,-3734034,-731734,-4077768,2085.0,128.0,195.0,-26.0,,2026-07-24T11:48:39.859194+08:00
1303,2018-11-29,-9000,-1925237,-15000,-1949237,2038.0,116.0,-47.0,-12.0,,2026-07-24T11:48:39.859194+08:00
1303,2018-11-30,36000,-1143460,1000,-1106460,2058.0,119.0,20.0,3.0,,2026-07-24T11:48:39.859194+08:00
1303,2018-12-03,151000,-5339300,16000,-5172300,2398.0,110.0,340.0,-9.0,,2026-07-24T11:48:39.859194+08:00
1303,2018-12-04,20000,-1590728,3000,-1567728,2354.0,197.0,-44.0,87.0,,2026-07-24T11:48:39.859194+08:00
1303,2018-12-05,-291000,-4028184,0,-4319184,2486.0,306.0,132.0,109.0,,2026-07-24T11:48:39.859194+08:00
1303,2018-12-06,-219000,-4699883,-68000,-4986883,2790.0,109.0,304.0,-197.0,,2026-07-24T11:48:39.859194+08:00
1303,2018-12-07,168000,-545506,28000,-349506,2766.0,127.0,-24.0,18.0,,2026-07-24T11:48:39.859194+08:00
1303,2018-12-10,16000,-1101100,19237,-1065863,2745.0,113.0,-21.0,-14.0,,2026-07-24T11:48:39.859194+08:00
1303,2018-12-11,-12000,-2117005,149000,-1980005,2779.0,193.0,34.0,80.0,,2026-07-24T11:48:39.859194+08:00
1303,2018-12-12,264000,-3987338,3000,-3720338,2820.0,246.0,41.0,53.0,,2026-07-24T11:48:39.859194+08:00
1303,2018-12-13,64000,-892975,0,-828975,2805.0,273.0,-15.0,27.0,,2026-07-24T11:48:39.859194+08:00
1303,2018-12-14,-323000,-801260,7000,-1117260,2770.0,253.0,-35.0,-20.0,,2026-07-24T11:48:39.859194+08:00
1303,2018-12-17,4000,-5208,0,-1208,2716.0,254.0,-54.0,1.0,,2026-07-24T11:48:39.859194+08:00
1303,2018-12-18,104000,-434325,722000,391675,2697.0,255.0,-19.0,1.0,,2026-07-24T11:48:39.859194+08:00
1303,2018-12-19,23000,1951425,100000,2074425,2644.0,248.0,-53.0,-7.0,,2026-07-24T11:48:39.859194+08:00
1303,2018-12-20,16000,866043,6000,888043,2812.0,247.0,168.0,-1.0,,2026-07-24T11:48:39.859194+08:00
1303,2018-12-21,6000,514606,108000,628606,2905.0,248.0,93.0,1.0,,2026-07-24T11:48:39.859194+08:00
1303,2018-12-22,-45000,-159000,4000,-200000,2979.0,247.0,74.0,-1.0,,2026-07-24T11:48:39.859194+08:00
1303,2018-12-24,8000,419160,0,427160,2946.0,241.0,-33.0,-6.0,,2026-07-24T11:48:39.859194+08:00
1303,2018-12-25,-289000,-947000,4094,-1231906,3160.0,251.0,214.0,10.0,,2026-07-24T11:48:39.859194+08:00
1303,2018-12-26,-281000,-143000,-109000,-533000,3130.0,250.0,-30.0,-1.0,,2026-07-24T11:48:39.859194+08:00
1303,2018-12-27,32000,2181570,21000,2234570,2585.0,259.0,-545.0,9.0,,2026-07-24T11:48:39.859194+08:00
1303,2018-12-28,-61000,1000048,0,939048,2251.0,262.0,-334.0,3.0,,2026-07-24T11:48:39.859194+08:00
1303,2019-01-02,-412000,-868700,16000,-1264700,2264.0,274.0,13.0,12.0,,2026-07-24T11:48:39.859194+08:00
1303,2019-01-03,91000,221917,0,312917,2364.0,264.0,100.0,-10.0,,2026-07-24T11:48:39.859194+08:00
1303,2019-01-04,292000,-291000,8000,9000,2330.0,275.0,-34.0,11.0,,2026-07-24T11:48:39.859194+08:00
1303,2019-01-07,214000,2319308,10000,2543308,2270.0,288.0,-60.0,13.0,,2026-07-24T11:48:39.859194+08:00
1303,2019-01-08,4000,-481521,12000,-465521,2300.0,298.0,30.0,10.0,,2026-07-24T11:48:39.859194+08:00
1303,2019-01-09,705000,-2388027,0,-1683027,2312.0,305.0,12.0,7.0,,2026-07-24T11:48:39.859194+08:00
1303,2019-01-10,-14000,1087821,9000,1082821,2328.0,310.0,16.0,5.0,,2026-07-24T11:48:39.859194+08:00
1303,2019-01-11,88000,960122,90000,1138122,2367.0,295.0,39.0,-15.0,,2026-07-24T11:48:39.859194+08:00
1303,2019-01-14,-6000,318342,0,312342,2303.0,295.0,-64.0,0.0,,2026-07-24T11:48:39.859194+08:00
1303,2019-01-15,84000,2722466,-23767,2782699,2131.0,299.0,-172.0,4.0,,2026-07-24T11:48:39.859194+08:00
1303,2019-01-16,-46000,876000,0,830000,2246.0,273.0,115.0,-26.0,,2026-07-24T11:48:39.859194+08:00
1303,2019-01-17,-42000,399995,0,357995,2262.0,259.0,16.0,-14.0,,2026-07-24T11:48:39.859194+08:00
1303,2019-01-18,49000,1622097,-11000,1660097,2265.0,238.0,3.0,-21.0,,2026-07-24T11:48:39.859194+08:00
1303,2019-01-21,227000,1755250,-382000,1600250,2268.0,234.0,3.0,-4.0,,2026-07-24T11:48:39.859194+08:00
1303,2019-01-22,-112000,415000,-16000,287000,2264.0,228.0,-4.0,-6.0,,2026-07-24T11:48:39.859194+08:00
1303,2019-01-23,-96000,-4231812,-23000,-4350812,2398.0,265.0,134.0,37.0,,2026-07-24T11:48:39.859194+08:00
1303,2019-01-24,0,-1018860,-413000,-1431860,2417.0,233.0,19.0,-32.0,,2026-07-24T11:48:39.859194+08:00
1303,2019-01-25,28000,1832000,-13000,1847000,2325.0,221.0,-92.0,-12.0,,2026-07-24T11:48:39.859194+08:00
1303,2019-01-28,-103000,1412639,-473000,836639,2299.0,220.0,-26.0,-1.0,,2026-07-24T11:48:39.859194+08:00
1303,2019-01-29,-2000,578025,0,576025,2257.0,218.0,-42.0,-2.0,,2026-07-24T11:48:39.859194+08:00
1303,2019-01-30,-76000,444014,-41000,327014,2210.0,216.0,-47.0,-2.0,,2026-07-24T11:48:39.859194+08:00
1303,2019-02-11,43000,-2365593,6000,-2316593,2247.0,229.0,37.0,13.0,,2026-07-24T11:48:39.859194+08:00
1303,2019-02-12,-41000,-429594,0,-470594,2329.0,224.0,82.0,-5.0,,2026-07-24T11:48:39.859194+08:00
1303,2019-02-13,-10000,-1422575,4000,-1428575,2362.0,217.0,33.0,-7.0,,2026-07-24T11:48:39.859194+08:00
1303,2019-02-14,-1000,-1735192,0,-1736192,2456.0,212.0,94.0,-5.0,,2026-07-24T11:48:39.859194+08:00
1303,2019-02-15,17000,-1390156,6000,-1367156,2447.0,212.0,-9.0,0.0,,2026-07-24T11:48:39.859194+08:00
1303,2019-02-18,-7000,-121000,-40000,-168000,2461.0,216.0,14.0,4.0,,2026-07-24T11:48:39.859194+08:00
1303,2019-02-19,-2000,303994,-24000,277994,2459.0,209.0,-2.0,-7.0,,2026-07-24T11:48:39.859194+08:00
1303,2019-02-20,-10000,561764,-66000,485764,2512.0,209.0,53.0,0.0,,2026-07-24T11:48:39.859194+08:00
1303,2019-02-21,-36000,337869,-69000,232869,2518.0,199.0,6.0,-10.0,,2026-07-24T11:48:39.859194+08:00
1303,2019-02-22,-30000,-1844874,-36000,-1910874,2457.0,210.0,-61.0,11.0,,2026-07-24T11:48:39.859194+08:00
1303,2019-02-25,-9000,1822000,-38229,1774771,2371.0,199.0,-86.0,-11.0,,2026-07-24T11:48:39.859194+08:00
1303,2019-02-26,-2000,2519631,-25000,2492631,2284.0,200.0,-87.0,1.0,,2026-07-24T11:48:39.859194+08:00
1303,2019-02-27,0,1516778,-11000,1505778,2259.0,197.0,-25.0,-3.0,,2026-07-24T11:48:39.859194+08:00
1303,2019-03-04,-42000,-2505991,-7229,-2555220,2352.0,195.0,93.0,-2.0,,2026-07-24T11:48:39.859194+08:00
1303,2019-03-05,-112000,-790656,5000,-897656,2364.0,195.0,12.0,0.0,,2026-07-24T11:48:39.859194+08:00
1303,2019-03-06,-260000,-74000,0,-334000,2394.0,42.0,30.0,-153.0,,2026-07-24T11:48:39.859194+08:00
1303,2019-03-07,-69820,-666000,63000,-672820,2304.0,41.0,-90.0,-1.0,,2026-07-24T11:48:39.859194+08:00
1303,2019-03-08,23000,-1346123,92000,-1231123,2277.0,37.0,-27.0,-4.0,,2026-07-24T11:48:39.859194+08:00
1303,2019-03-11,59000,-1294091,0,-1235091,2267.0,39.0,-10.0,2.0,,2026-07-24T11:48:39.859194+08:00
1303,2019-03-12,29000,1775096,-12000,1792096,2241.0,41.0,-26.0,2.0,,2026-07-24T11:48:39.859194+08:00
1303,2019-03-13,25000,-142501,-12000,-129501,2233.0,41.0,-8.0,0.0,,2026-07-24T11:48:39.859194+08:00
1303,2019-03-14,9000,-735376,-23000,-749376,2241.0,35.0,8.0,-6.0,,2026-07-24T11:48:39.859194+08:00
1303,2019-03-15,11000,861213,-243000,629213,2248.0,35.0,7.0,0.0,,2026-07-24T11:48:39.859194+08:00
1303,2019-03-18,96000,990562,-16000,1070562,2244.0,33.0,-4.0,-2.0,,2026-07-24T11:48:39.859194+08:00
1303,2019-03-19,18000,-1112576,0,-1094576,2251.0,33.0,7.0,0.0,,2026-07-24T11:48:39.859194+08:00
1303,2019-03-20,59000,-1536328,0,-1477328,2258.0,32.0,7.0,-1.0,,2026-07-24T11:48:39.859194+08:00
1303,2019-03-21,-12000,-331056,0,-343056,2257.0,32.0,-1.0,0.0,,2026-07-24T11:48:39.859194+08:00
1303,2019-03-22,8000,344898,-63228,289670,2251.0,33.0,-6.0,1.0,,2026-07-24T11:48:39.859194+08:00
1303,2019-03-25,-27000,-474608,-16000,-517608,2285.0,32.0,34.0,-1.0,,2026-07-24T11:48:39.859194+08:00
1303,2019-03-26,10000,-147948,0,-137948,2300.0,32.0,15.0,0.0,,2026-07-24T11:48:39.859194+08:00
1303,2019-03-27,104000,-444024,-44000,-384024,2248.0,31.0,-52.0,-1.0,,2026-07-24T11:48:39.859194+08:00
1303,2019-03-28,20000,491345,-12000,499345,2178.0,29.0,-70.0,-2.0,,2026-07-24T11:48:39.859194+08:00
1303,2019-03-29,-101000,899994,12000,810994,2096.0,20.0,-82.0,-9.0,,2026-07-24T11:48:39.859194+08:00
1303,2019-04-01,-15000,32301,-351,16950,2135.0,12.0,39.0,-8.0,,2026-07-24T11:48:39.859194+08:00
1303,2019-04-02,-150000,-524935,-1000,-675935,2134.0,5.0,-1.0,-7.0,,2026-07-24T11:48:39.859194+08:00
1303,2019-04-03,35000,-164000,18000,-111000,2093.0,0.0,-41.0,-5.0,,2026-07-24T11:48:39.859194+08:00
1303,2019-04-08,-105000,-3667000,0,-3772000,2112.0,0.0,19.0,0.0,,2026-07-24T11:48:39.859194+08:00
1303,2019-04-09,0,-320007,-128000,-448007,2148.0,0.0,36.0,0.0,,2026-07-24T11:48:39.859194+08:00
1303,2019-04-10,664000,-2238997,25000,-1549997,2250.0,0.0,102.0,0.0,,2026-07-24T11:48:39.859194+08:00
1303,2019-04-11,-34000,-5247000,-12000,-5293000,2379.0,7.0,129.0,7.0,,2026-07-24T11:48:39.859194+08:00
1303,2019-04-12,17000,-2193000,-3000,-2179000,2421.0,7.0,42.0,0.0,,2026-07-24T11:48:39.859194+08:00
1303,2019-04-15,23000,-504000,0,-481000,2380.0,10.0,-41.0,3.0,,2026-07-24T11:48:39.859194+08:00
1303,2019-04-16,-37000,-1373892,477000,-933892,2598.0,10.0,218.0,0.0,,2026-07-24T11:48:39.859194+08:00
1303,2019-04-17,8000,-133721,-71000,-196721,2673.0,22.0,75.0,12.0,,2026-07-24T11:48:39.859194+08:00
1303,2019-04-18,-113000,-1432685,-90000,-1635685,2641.0,20.0,-32.0,-2.0,,2026-07-24T11:48:39.859194+08:00
1303,2019-04-19,-2568,-117093,-54000,-173661,2624.0,21.0,-17.0,1.0,,2026-07-24T11:48:39.859194+08:00
1303,2019-04-22,7000,295000,792,302792,2678.0,20.0,54.0,-1.0,,2026-07-24T11:48:39.859194+08:00
1303,2019-04-23,-1000,91380,328000,418380,2652.0,20.0,-26.0,0.0,,2026-07-24T11:48:39.859194+08:00
1303,2019-04-24,-228000,-1806246,0,-2034246,2643.0,21.0,-9.0,1.0,,2026-07-24T11:48:39.859194+08:00
1303,2019-04-25,30000,-337176,136000,-171176,2646.0,21.0,3.0,0.0,,2026-07-24T11:48:39.859194+08:00
1303,2019-04-26,-34000,873212,229000,1068212,2604.0,20.0,-42.0,-1.0,,2026-07-24T11:48:39.859194+08:00
1303,2019-04-29,0,-1686757,214000,-1472757,2331.0,20.0,-273.0,0.0,,2026-07-24T11:48:39.859194+08:00
1303,2019-04-30,-19000,1024717,-4000,1001717,2287.0,16.0,-44.0,-4.0,,2026-07-24T11:48:39.859194+08:00
1303,2019-05-02,-243000,2796449,-227000,2326449,2234.0,15.0,-53.0,-1.0,,2026-07-24T11:48:39.859194+08:00
1303,2019-05-03,-43000,-248000,31350,-259650,2253.0,16.0,19.0,1.0,,2026-07-24T11:48:39.859194+08:00
1303,2019-05-06,-95000,-1631615,16000,-1710615,2252.0,15.0,-1.0,-1.0,,2026-07-24T11:48:39.859194+08:00
1303,2019-05-07,-27000,-494228,-9763,-530991,2162.0,15.0,-90.0,0.0,,2026-07-24T11:48:39.859194+08:00
1303,2019-05-08,267000,-3561848,-5693,-3300541,2284.0,19.0,122.0,4.0,,2026-07-24T11:48:39.859194+08:00
1303,2019-05-09,-59000,-5865419,0,-5924419,2311.0,18.0,27.0,-1.0,,2026-07-24T11:48:39.859194+08:00
1303,2019-05-10,-5000,-888000,0,-893000,2275.0,30.0,-36.0,12.0,,2026-07-24T11:48:39.859194+08:00
1303,2019-05-13,191000,-2918654,19000,-2708654,2301.0,17.0,26.0,-13.0,,2026-07-24T11:48:39.859194+08:00
1303,2019-05-14,804000,-3351728,0,-2547728,2288.0,24.0,-13.0,7.0,,2026-07-24T11:48:39.859194+08:00
1303,2019-05-15,-114000,-1669383,0,-1783383,2297.0,14.0,9.0,-10.0,,2026-07-24T11:48:39.859194+08:00
1303,2019-05-16,-28000,-1738498,19000,-1747498,2292.0,15.0,-5.0,1.0,,2026-07-24T11:48:39.859194+08:00
1303,2019-05-17,7000,-1035380,-10000,-1038380,2281.0,17.0,-11.0,2.0,,2026-07-24T11:48:39.859194+08:00
1303,2019-05-20,843000,460888,19000,1322888,2122.0,19.0,-159.0,2.0,,2026-07-24T11:48:39.859194+08:00
1303,2019-05-21,196000,1912000,0,2108000,1906.0,22.0,-216.0,3.0,,2026-07-24T11:48:39.859194+08:00
1303,2019-05-22,77000,-2387905,16000,-2294905,1946.0,21.0,40.0,-1.0,,2026-07-24T11:48:39.859194+08:00
1303,2019-05-23,1986000,-324576,23000,1684424,1911.0,21.0,-35.0,0.0,,2026-07-24T11:48:39.859194+08:00
1303,2019-05-24,2024000,-348968,15000,1690032,1906.0,31.0,-5.0,10.0,,2026-07-24T11:48:39.859194+08:00
1303,2019-05-27,1989000,1274000,0,3263000,1884.0,32.0,-22.0,1.0,,2026-07-24T11:48:39.859194+08:00
1303,2019-05-28,2000000,-139137,15000,1875863,1879.0,31.0,-5.0,-1.0,,2026-07-24T11:48:39.859194+08:00
1303,2019-05-29,1573000,-1814661,15000,-226661,1906.0,30.0,27.0,-1.0,,2026-07-24T11:48:39.859194+08:00
1303,2019-05-30,27000,-23644,0,3356,1907.0,30.0,1.0,0.0,,2026-07-24T11:48:39.859194+08:00
1303,2019-05-31,-75000,937413,-162000,700413,1880.0,28.0,-27.0,-2.0,,2026-07-24T11:48:39.859194+08:00
1303,2019-06-03,89000,817000,0,906000,1871.0,30.0,-9.0,2.0,,2026-07-24T11:48:39.859194+08:00
1303,2019-06-04,635000,559000,-49000,1145000,1875.0,30.0,4.0,0.0,,2026-07-24T11:48:39.859194+08:00
1303,2019-06-05,47000,2577948,0,2624948,1865.0,29.0,-10.0,-1.0,,2026-07-24T11:48:39.859194+08:00
1303,2019-06-06,2489000,1371000,0,3860000,1866.0,29.0,1.0,0.0,,2026-07-24T11:48:39.859194+08:00
1303,2019-06-10,3155000,-1266942,0,1888058,1936.0,18.0,70.0,-11.0,,2026-07-24T11:48:39.859194+08:00
1303,2019-06-11,3412000,-1243495,0,2168505,1961.0,18.0,25.0,0.0,,2026-07-24T11:48:39.859194+08:00
1303,2019-06-12,3333000,-434009,-20412,2878579,1976.0,18.0,15.0,0.0,,2026-07-24T11:48:39.859194+08:00
1303,2019-06-13,3351000,-542347,19624,2828277,1989.0,18.0,13.0,0.0,,2026-07-24T11:48:39.859194+08:00
1303,2019-06-14,2152000,187521,0,2339521,1965.0,15.0,-24.0,-3.0,,2026-07-24T11:48:39.859194+08:00
1303,2019-06-17,941000,467136,-25581,1382555,1923.0,16.0,-42.0,1.0,,2026-07-24T11:48:39.859194+08:00
1303,2019-06-18,325000,1215976,-1072000,468976,1904.0,15.0,-19.0,-1.0,,2026-07-24T11:48:39.859194+08:00
1303,2019-06-19,1286000,4185421,-1176000,4295421,1923.0,15.0,19.0,0.0,,2026-07-24T11:48:39.859194+08:00
1303,2019-06-20,489000,1489800,-1372000,606800,1959.0,15.0,36.0,0.0,,2026-07-24T11:48:39.859194+08:00
1303,2019-06-21,452000,2575845,-92000,2935845,1753.0,15.0,-206.0,0.0,,2026-07-24T11:48:39.859194+08:00
1303,2019-06-24,755000,3316000,7563,4078563,1762.0,2.0,9.0,-13.0,,2026-07-24T11:48:39.859194+08:00
1303,2019-06-25,2384000,1853001,0,4237001,1832.0,1.0,70.0,-1.0,,2026-07-24T11:48:39.859194+08:00
1303,2019-06-26,4134000,-572237,38000,3599763,1885.0,1.0,53.0,0.0,,2026-07-24T11:48:39.859194+08:00
1303,2019-06-27,2769000,764000,30000,3563000,1912.0,0.0,27.0,-1.0,,2026-07-24T11:48:39.859194+08:00
1303,2019-06-28,49000,-2931578,-1000,-2883578,1963.0,0.0,51.0,0.0,,2026-07-24T11:48:39.859194+08:00
1303,2019-07-01,5890000,-3928802,2000,1963198,2163.0,0.0,200.0,0.0,,2026-07-24T11:48:39.859194+08:00
1303,2019-07-02,4407000,-6029000,1000,-1621000,3579.0,0.0,1416.0,0.0,,2026-07-24T11:48:39.859194+08:00
1303,2019-07-03,-3805000,2656000,0,-1149000,2569.0,20.0,-1010.0,20.0,,2026-07-24T11:48:39.859194+08:00
1303,2019-07-04,0,-1055000,-7118,-1062118,2489.0,26.0,-80.0,6.0,,2026-07-24T11:48:39.859194+08:00
1303,2019-07-05,-5000,581000,-87000,489000,2434.0,336.0,-55.0,310.0,,2026-07-24T11:48:39.859194+08:00
1303,2019-07-08,-95000,-1934390,-659000,-2688390,2422.0,451.0,-12.0,115.0,,2026-07-24T11:48:39.859194+08:00
1303,2019-07-09,-98000,-1222000,14000,-1306000,2424.0,517.0,2.0,66.0,,2026-07-24T11:48:39.859194+08:00
1303,2019-07-10,471000,-2244890,32000,-1741890,2715.0,551.0,291.0,34.0,,2026-07-24T11:48:39.859194+08:00
1303,2019-07-11,-100000,167000,3000,70000,2641.0,557.0,-74.0,6.0,,2026-07-24T11:48:39.859194+08:00
1303,2019-07-12,0,-2697000,-4000,-2701000,2729.0,542.0,88.0,-15.0,,2026-07-24T11:48:39.859194+08:00
1303,2019-07-15,-17000,-1227007,-46000,-1290007,2737.0,544.0,8.0,2.0,,2026-07-24T11:48:39.859194+08:00
1303,2019-07-16,-33000,-2955161,23000,-2965161,2816.0,548.0,79.0,4.0,,2026-07-24T11:48:39.859194+08:00
1303,2019-07-17,-8497000,-1556929,-126000,-10179929,2758.0,877.0,-58.0,329.0,,2026-07-24T11:48:39.859194+08:00
1303,2019-07-18,-470000,-1271865,24131,-1717734,2859.0,584.0,101.0,-293.0,,2026-07-24T11:48:39.859194+08:00
1303,2019-07-19,-200000,30429,1000,-168571,2832.0,536.0,-27.0,-48.0,,2026-07-24T11:48:39.859194+08:00
1303,2019-07-22,-3239000,-440870,23000,-3656870,2827.0,541.0,-5.0,5.0,,2026-07-24T11:48:39.859194+08:00
1303,2019-07-23,-3275000,858130,33000,-2383870,2809.0,541.0,-18.0,0.0,,2026-07-24T11:48:39.859194+08:00
1303,2019-07-24,-3605000,-784926,-19000,-4408926,2629.0,546.0,-180.0,5.0,,2026-07-24T11:48:39.859194+08:00
1303,2019-07-25,-3450000,1358809,89000,-2002191,2614.0,548.0,-15.0,2.0,,2026-07-24T11:48:39.859194+08:00
1303,2019-07-26,-2139000,-1328000,2000,-3465000,2629.0,547.0,15.0,-1.0,,2026-07-24T11:48:39.859194+08:00
1303,2019-07-29,-2879000,52750,41000,-2785250,2644.0,553.0,15.0,6.0,,2026-07-24T11:48:39.859194+08:00
1303,2019-07-30,-2643000,-20259,40000,-2623259,2625.0,553.0,-19.0,0.0,,2026-07-24T11:48:39.859194+08:00
1303,2019-07-31,-4212000,500204,40000,-3671796,2645.0,550.0,20.0,-3.0,,2026-07-24T11:48:39.859194+08:00
1303,2019-08-01,-1053000,-3545454,34000,-4564454,2725.0,552.0,80.0,2.0,,2026-07-24T11:48:39.859194+08:00
1303,2019-08-02,-503000,-5630000,0,-6133000,2730.0,553.0,5.0,1.0,,2026-07-24T11:48:39.859194+08:00
1303,2019-08-05,-770000,-2503000,59000,-3214000,2763.0,547.0,33.0,-6.0,,2026-07-24T11:48:39.859194+08:00
1303,2019-08-06,-1342000,-2150734,76000,-3416734,2817.0,554.0,54.0,7.0,,2026-07-24T11:48:39.859194+08:00
1303,2019-08-07,-448000,-4293721,36000,-4705721,2836.0,598.0,19.0,44.0,,2026-07-24T11:48:39.859194+08:00
1303,2019-08-08,-1590000,-830307,16479,-2403828,2863.0,490.0,27.0,-108.0,,2026-07-24T11:48:39.859194+08:00
1303,2019-08-12,-350000,-1663800,11000,-2002800,2878.0,491.0,15.0,1.0,,2026-07-24T11:48:39.859194+08:00
1303,2019-08-13,-103000,-2622003,8683,-2716320,2976.0,515.0,98.0,24.0,,2026-07-24T11:48:39.859194+08:00
1303,2019-08-14,-695000,-2748850,3000,-3440850,3006.0,240.0,30.0,-275.0,,2026-07-24T11:48:39.859194+08:00
1303,2019-08-15,-165000,-4239868,39000,-4365868,3328.0,162.0,322.0,-78.0,,2026-07-24T11:48:39.859194+08:00
1303,2019-08-16,-1569000,-3791341,30000,-5330341,3456.0,148.0,128.0,-14.0,,2026-07-24T11:48:39.859194+08:00
1303,2019-08-19,-1603000,-3485005,-2000,-5090005,3482.0,138.0,26.0,-10.0,,2026-07-24T11:48:39.859194+08:00
1303,2019-08-20,-3964,-1337713,8000,-1333677,3445.0,114.0,-37.0,-24.0,,2026-07-24T11:48:39.859194+08:00
1303,2019-08-21,-2191000,-699508,-95000,-2985508,3439.0,113.0,-6.0,-1.0,,2026-07-24T11:48:39.859194+08:00
1303,2019-08-22,0,-1400982,504000,-896982,3461.0,113.0,22.0,0.0,,2026-07-24T11:48:39.859194+08:00
1303,2019-08-23,0,-664829,41000,-623829,3471.0,132.0,10.0,19.0,,2026-07-24T11:48:39.859194+08:00
1303,2019-08-24,66000,-308435,681000,438565,,,,,,2026-07-24T11:48:39.859194+08:00
1303,2019-08-26,-7000,-1969000,51000,-1925000,3442.0,125.0,,,,2026-07-24T11:48:39.859194+08:00
1303,2019-08-27,1000,-2574580,181000,-2392580,3491.0,125.0,49.0,0.0,,2026-07-24T11:48:39.859194+08:00
1303,2019-08-28,-163000,-886812,88000,-961812,3550.0,118.0,59.0,-7.0,,2026-07-24T11:48:39.859194+08:00
1303,2019-08-29,-2000,-54019,46000,-10019,3558.0,99.0,8.0,-19.0,,2026-07-24T11:48:39.859194+08:00
1303,2019-08-30,4000,1410592,-62000,1352592,3368.0,81.0,-190.0,-18.0,,2026-07-24T11:48:39.859194+08:00
1303,2019-09-02,-3000,92000,75000,164000,3226.0,50.0,-142.0,-31.0,,2026-07-24T11:48:39.859194+08:00
1303,2019-09-03,0,-1916967,28000,-1888967,3251.0,60.0,25.0,10.0,,2026-07-24T11:48:39.859194+08:00
1303,2019-09-04,493000,1181389,86000,1760389,3163.0,58.0,-88.0,-2.0,,2026-07-24T11:48:39.859194+08:00
1303,2019-09-05,-1000,1721819,278000,1998819,2720.0,34.0,-443.0,-24.0,,2026-07-24T11:48:39.859194+08:00
1303,2019-09-06,-5000,-134414,64000,-75414,2705.0,32.0,-15.0,-2.0,,2026-07-24T11:48:39.859194+08:00
1303,2019-09-09,-7000,418000,45000,456000,2672.0,31.0,-33.0,-1.0,,2026-07-24T11:48:39.859194+08:00
1303,2019-09-10,-200000,1016000,7000,823000,2665.0,31.0,-7.0,0.0,,2026-07-24T11:48:39.859194+08:00
1303,2019-09-11,-691000,1356500,24000,689500,2637.0,31.0,-28.0,0.0,,2026-07-24T11:48:39.859194+08:00
1303,2019-09-12,-122000,3358473,142000,3378473,2525.0,28.0,-112.0,-3.0,,2026-07-24T11:48:39.859194+08:00
1303,2019-09-16,-12000,386467,3437,377904,2553.0,101.0,28.0,73.0,,2026-07-24T11:48:39.859194+08:00
1303,2019-09-17,40000,2290357,14000,2344357,2512.0,117.0,-41.0,16.0,,2026-07-24T11:48:39.859194+08:00
1303,2019-09-18,-436000,1021472,26731,612203,2451.0,72.0,-61.0,-45.0,,2026-07-24T11:48:39.859194+08:00
1303,2019-09-19,23000,1460093,127000,1610093,2441.0,48.0,-10.0,-24.0,,2026-07-24T11:48:39.859194+08:00
1303,2019-09-20,-35000,1222702,575000,1762702,2427.0,50.0,-14.0,2.0,,2026-07-24T11:48:39.859194+08:00
1303,2019-09-23,-35000,926000,1000,892000,2385.0,56.0,-42.0,6.0,,2026-07-24T11:48:39.859194+08:00
1303,2019-09-24,-10000,1683665,-30289,1643376,2355.0,59.0,-30.0,3.0,,2026-07-24T11:48:39.859194+08:00
1303,2019-09-25,-209000,967211,294000,1052211,2362.0,53.0,7.0,-6.0,,2026-07-24T11:48:39.859194+08:00
1303,2019-09-26,-1000,1656276,266000,1921276,2361.0,60.0,-1.0,7.0,,2026-07-24T11:48:39.859194+08:00
1303,2019-09-27,-121000,736197,-4000,611197,2376.0,67.0,15.0,7.0,,2026-07-24T11:48:39.859194+08:00
1303,2019-10-01,-28000,1708614,91000,1771614,2423.0,62.0,47.0,-5.0,,2026-07-24T11:48:39.859194+08:00
1303,2019-10-02,-1000,176039,25000,200039,2417.0,63.0,-6.0,1.0,,2026-07-24T11:48:39.859194+08:00
1303,2019-10-03,20000,-882923,23400,-839523,2452.0,59.0,35.0,-4.0,,2026-07-24T11:48:39.859194+08:00
1303,2019-10-04,-60000,1182459,0,1122459,2439.0,60.0,-13.0,1.0,,2026-07-24T11:48:39.859194+08:00
1303,2019-10-07,-40000,257000,0,217000,2468.0,44.0,29.0,-16.0,,2026-07-24T11:48:39.859194+08:00
1303,2019-10-08,-3000,1651209,-8000,1640209,2436.0,43.0,-32.0,-1.0,,2026-07-24T11:48:39.859194+08:00
1303,2019-10-09,-787000,424994,-23479,-385485,2421.0,48.0,-15.0,5.0,,2026-07-24T11:48:39.859194+08:00
1303,2019-10-14,-48000,2987472,0,2939472,2399.0,50.0,-22.0,2.0,,2026-07-24T11:48:39.859194+08:00
1303,2019-10-15,-24000,1901353,0,1877353,2399.0,61.0,0.0,11.0,,2026-07-24T11:48:39.859194+08:00
1303,2019-10-16,-439000,4088000,-50075,3598925,2416.0,59.0,17.0,-2.0,,2026-07-24T11:48:39.859194+08:00
1303,2019-10-17,-7000,3259000,11733,3263733,2394.0,65.0,-22.0,6.0,,2026-07-24T11:48:39.859194+08:00
1303,2019-10-18,4000,1595204,5391,1604595,2363.0,63.0,-31.0,-2.0,,2026-07-24T11:48:39.859194+08:00
1303,2019-10-21,-7000,2503720,-147761,2348959,2358.0,64.0,-5.0,1.0,,2026-07-24T11:48:39.859194+08:00
1303,2019-10-22,-6000,3160374,27049,3181423,2295.0,63.0,-63.0,-1.0,,2026-07-24T11:48:39.859194+08:00
1303,2019-10-23,-772000,1234000,-32588,429412,2208.0,65.0,-87.0,2.0,,2026-07-24T11:48:39.859194+08:00
1303,2019-10-24,-204000,3616000,217000,3629000,2159.0,65.0,-49.0,0.0,,2026-07-24T11:48:39.859194+08:00
1303,2019-10-25,-20000,99678,-10413,69265,2184.0,62.0,25.0,-3.0,,2026-07-24T11:48:39.859194+08:00
1303,2019-10-26,66000,-308435,681000,438565,,,,,,2026-07-24T11:48:39.859194+08:00
1303,2019-10-28,8000,1727000,170000,1905000,2180.0,61.0,,,,2026-07-24T11:48:39.859194+08:00
1303,2019-10-29,-14000,1931251,-9000,1908251,2170.0,64.0,-10.0,3.0,,2026-07-24T11:48:39.859194+08:00
1303,2019-10-30,36000,3803189,13000,3852189,2151.0,70.0,-19.0,6.0,,2026-07-24T11:48:39.859194+08:00
1303,2019-10-31,-144000,2362540,-12000,2206540,2165.0,72.0,14.0,2.0,,2026-07-24T11:48:39.859194+08:00
1303,2019-11-01,15000,447000,13000,475000,2151.0,70.0,-14.0,-2.0,,2026-07-24T11:48:39.859194+08:00
1303,2019-11-04,-20000,1943690,284000,2207690,2107.0,69.0,-44.0,-1.0,,2026-07-24T11:48:39.859194+08:00
1303,2019-11-05,18000,2104813,-12000,2110813,2124.0,81.0,17.0,12.0,,2026-07-24T11:48:39.859194+08:00
1303,2019-11-06,112000,687000,70000,869000,2127.0,80.0,3.0,-1.0,,2026-07-24T11:48:39.859194+08:00
1303,2019-11-07,-19000,2098788,226000,2305788,2150.0,83.0,23.0,3.0,,2026-07-24T11:48:39.859194+08:00
1303,2019-11-08,10000,-97952,205000,117048,2178.0,84.0,28.0,1.0,,2026-07-24T11:48:39.859194+08:00
1303,2019-11-11,7000,1077622,-2000,1082622,2155.0,86.0,-23.0,2.0,,2026-07-24T11:48:39.859194+08:00
1303,2019-11-12,0,1153487,-298000,855487,2154.0,87.0,-1.0,1.0,,2026-07-24T11:48:39.859194+08:00
1303,2019-11-13,112000,-458203,-307000,-653203,2145.0,86.0,-9.0,-1.0,,2026-07-24T11:48:39.859194+08:00
1303,2019-11-14,-16000,-82608,30000,-68608,2119.0,81.0,-26.0,-5.0,,2026-07-24T11:48:39.859194+08:00
1303,2019-11-15,-42000,792200,0,750200,2089.0,79.0,-30.0,-2.0,,2026-07-24T11:48:39.859194+08:00
1303,2019-11-18,8000,128200,148000,284200,2085.0,70.0,-4.0,-9.0,,2026-07-24T11:48:39.859194+08:00
1303,2019-11-19,4000,-785111,-43000,-824111,2084.0,71.0,-1.0,1.0,,2026-07-24T11:48:39.859194+08:00
1303,2019-11-20,-35000,-409800,54000,-390800,2080.0,72.0,-4.0,1.0,,2026-07-24T11:48:39.859194+08:00
1303,2019-11-21,-59000,-876327,145284,-790043,2088.0,64.0,8.0,-8.0,,2026-07-24T11:48:39.859194+08:00
1303,2019-11-22,-80000,503523,24000,447523,2041.0,52.0,-47.0,-12.0,,2026-07-24T11:48:39.859194+08:00
1303,2019-11-25,-86000,327508,7000,248508,2030.0,51.0,-11.0,-1.0,,2026-07-24T11:48:39.859194+08:00
1303,2019-11-26,-193000,2197549,33000,2037549,2004.0,53.0,-26.0,2.0,,2026-07-24T11:48:39.859194+08:00
1303,2019-11-27,148000,1124222,35000,1307222,1991.0,54.0,-13.0,1.0,,2026-07-24T11:48:39.859194+08:00
1303,2019-11-28,1000,1389359,6951,1397310,2004.0,54.0,13.0,0.0,,2026-07-24T11:48:39.859194+08:00
1303,2019-11-29,-2000,-693969,19000,-676969,2049.0,53.0,45.0,-1.0,,2026-07-24T11:48:39.859194+08:00
1303,2019-12-02,-12000,438000,38000,464000,1998.0,60.0,-51.0,7.0,,2026-07-24T11:48:39.859194+08:00
1303,2019-12-03,0,-441765,16000,-425765,1998.0,61.0,0.0,1.0,,2026-07-24T11:48:39.859194+08:00
1303,2019-12-04,-40000,167332,11000,138332,1988.0,55.0,-10.0,-6.0,,2026-07-24T11:48:39.859194+08:00
1303,2019-12-05,0,-1436967,24000,-1412967,2034.0,44.0,46.0,-11.0,,2026-07-24T11:48:39.859194+08:00
1303,2019-12-06,2000,-655100,-37000,-690100,2077.0,57.0,43.0,13.0,,2026-07-24T11:48:39.859194+08:00
1303,2019-12-09,14000,-11000,9000,12000,2090.0,69.0,13.0,12.0,,2026-07-24T11:48:39.859194+08:00
1303,2019-12-10,-8000,652624,4000,648624,2073.0,67.0,-17.0,-2.0,,2026-07-24T11:48:39.859194+08:00
1303,2019-12-11,1000,454760,11000,466760,2069.0,67.0,-4.0,0.0,,2026-07-24T11:48:39.859194+08:00
1303,2019-12-12,26000,3649862,0,3675862,2003.0,66.0,-66.0,-1.0,,2026-07-24T11:48:39.859194+08:00
1303,2019-12-13,20000,2642304,-11000,2651304,1907.0,67.0,-96.0,1.0,,2026-07-24T11:48:39.859194+08:00
1303,2019-12-16,6000,-784765,0,-778765,1919.0,66.0,12.0,-1.0,,2026-07-24T11:48:39.859194+08:00
1303,2019-12-17,0,1910952,124360,2035312,1898.0,68.0,-21.0,2.0,,2026-07-24T11:48:39.859194+08:00
1303,2019-12-18,-35000,270193,345000,580193,2001.0,67.0,103.0,-1.0,,2026-07-24T11:48:39.859194+08:00
1303,2019-12-19,16000,641971,138000,795971,2004.0,68.0,3.0,1.0,,2026-07-24T11:48:39.859194+08:00
1303,2019-12-20,58000,1708407,122000,1888407,1994.0,78.0,-10.0,10.0,,2026-07-24T11:48:39.859194+08:00
1303,2019-12-23,7000,631880,-4000,634880,2006.0,80.0,12.0,2.0,,2026-07-24T11:48:39.859194+08:00
1303,2019-12-24,20000,516006,-25000,511006,1993.0,80.0,-13.0,0.0,,2026-07-24T11:48:39.859194+08:00
1303,2019-12-25,496000,78000,0,574000,1981.0,80.0,-12.0,0.0,,2026-07-24T11:48:39.859194+08:00
1303,2019-12-26,40000,287626,4000,331626,1964.0,80.0,-17.0,0.0,,2026-07-24T11:48:39.859194+08:00
1303,2019-12-27,89000,2267420,-25000,2331420,1996.0,82.0,32.0,2.0,,2026-07-24T11:48:39.859194+08:00
1303,2019-12-30,79000,804000,48000,931000,1675.0,82.0,-321.0,0.0,,2026-07-24T11:48:39.859194+08:00
1303,2019-12-31,-163000,-859000,42000,-980000,1718.0,92.0,43.0,10.0,,2026-07-24T11:48:39.859194+08:00
1303,2020-01-02,4000,-214230,130000,-80230,1781.0,90.0,63.0,-2.0,,2026-07-24T11:48:39.859194+08:00
1303,2020-01-03,-111000,852000,64000,805000,1771.0,90.0,-10.0,0.0,,2026-07-24T11:48:39.859194+08:00
1303,2020-01-06,-20000,309759,261000,550759,1743.0,91.0,-28.0,1.0,,2026-07-24T11:48:39.859194+08:00
1303,2020-01-07,-44000,-684688,114000,-614688,1761.0,88.0,18.0,-3.0,,2026-07-24T11:48:39.859194+08:00
1303,2020-01-08,-50000,-1327177,107000,-1270177,1751.0,84.0,-10.0,-4.0,,2026-07-24T11:48:39.859194+08:00
1303,2020-01-09,1000,-708061,644000,-63061,1742.0,87.0,-9.0,3.0,,2026-07-24T11:48:39.859194+08:00
1303,2020-01-10,18000,-741980,642000,-81980,1735.0,87.0,-7.0,0.0,,2026-07-24T11:48:39.859194+08:00
1303,2020-01-13,-32000,1767551,455000,2190551,1680.0,86.0,-55.0,-1.0,,2026-07-24T11:48:39.859194+08:00
1303,2020-01-14,-26000,360056,487000,821056,1677.0,95.0,-3.0,9.0,,2026-07-24T11:48:39.859194+08:00
1303,2020-01-15,-379000,-85623,-6959,-471582,1688.0,98.0,11.0,3.0,,2026-07-24T11:48:39.859194+08:00
1303,2020-01-16,-72000,759232,20000,707232,1660.0,105.0,-28.0,7.0,,2026-07-24T11:48:39.859194+08:00
1303,2020-01-17,14000,491712,11000,516712,1663.0,95.0,3.0,-10.0,,2026-07-24T11:48:39.859194+08:00
1303,2020-01-20,100000,965589,-150000,915589,1661.0,103.0,-2.0,8.0,,2026-07-24T11:48:39.859194+08:00
1303,2020-01-30,-33000,-3757732,152000,-3638732,1640.0,40.0,-21.0,-63.0,,2026-07-24T11:48:39.859194+08:00
1303,2020-01-31,37000,-1594741,-157000,-1714741,1622.0,48.0,-18.0,8.0,,2026-07-24T11:48:39.859194+08:00
1303,2020-02-03,195000,-1395454,119000,-1081454,1633.0,47.0,11.0,-1.0,,2026-07-24T11:48:39.859194+08:00
1303,2020-02-04,-36000,311926,-4000,271926,1552.0,49.0,-81.0,2.0,,2026-07-24T11:48:39.859194+08:00
1303,2020-02-05,-198000,-598693,-363000,-1159693,1590.0,51.0,38.0,2.0,,2026-07-24T11:48:39.859194+08:00
1303,2020-02-06,50000,2247562,306893,2604455,1540.0,52.0,-50.0,1.0,,2026-07-24T11:48:39.859194+08:00
1303,2020-02-07,-34000,-1068500,8000,-1094500,1553.0,53.0,13.0,1.0,,2026-07-24T11:48:39.859194+08:00
1303,2020-02-10,-14000,97000,0,83000,1540.0,55.0,-13.0,2.0,,2026-07-24T11:48:39.859194+08:00
1303,2020-02-11,2000,-957000,63000,-892000,1538.0,56.0,-2.0,1.0,,2026-07-24T11:48:39.859194+08:00
1303,2020-02-12,219000,-1232754,39000,-974754,1536.0,56.0,-2.0,0.0,,2026-07-24T11:48:39.859194+08:00
1303,2020-02-13,9000,-341067,59000,-273067,1539.0,55.0,3.0,-1.0,,2026-07-24T11:48:39.859194+08:00
1303,2020-02-14,-1000,-253599,40000,-214599,1535.0,60.0,-4.0,5.0,,2026-07-24T11:48:39.859194+08:00
1303,2020-02-17,-1000,-177000,1000,-177000,1537.0,59.0,2.0,-1.0,,2026-07-24T11:48:39.859194+08:00
1303,2020-02-18,-42000,-1269000,90000,-1221000,1528.0,57.0,-9.0,-2.0,,2026-07-24T11:48:39.859194+08:00
1303,2020-02-19,66000,1669000,41000,1776000,1501.0,59.0,-27.0,2.0,,2026-07-24T11:48:39.859194+08:00
1303,2020-02-20,34000,-1786357,8000,-1744357,1524.0,55.0,23.0,-4.0,,2026-07-24T11:48:39.859194+08:00
1303,2020-02-21,46000,-1133000,56000,-1031000,1523.0,54.0,-1.0,-1.0,,2026-07-24T11:48:39.859194+08:00
1303,2020-02-24,-21000,-2802880,281000,-2542880,1552.0,53.0,29.0,-1.0,,2026-07-24T11:48:39.859194+08:00
1303,2020-02-25,0,-1995857,44000,-1951857,1582.0,54.0,30.0,1.0,,2026-07-24T11:48:39.859194+08:00
1303,2020-02-26,3000,-5273129,204000,-5066129,1605.0,52.0,23.0,-2.0,,2026-07-24T11:48:39.859194+08:00
1303,2020-02-27,-31000,-1204601,237000,-998601,1590.0,59.0,-15.0,7.0,,2026-07-24T11:48:39.859194+08:00
1303,2020-03-02,166000,-1323474,139000,-1018474,1598.0,55.0,8.0,-4.0,,2026-07-24T11:48:39.859194+08:00
1303,2020-03-03,342000,-1656011,-27000,-1341011,1617.0,53.0,19.0,-2.0,,2026-07-24T11:48:39.859194+08:00
1303,2020-03-04,107000,1898000,112000,2117000,1554.0,69.0,-63.0,16.0,,2026-07-24T11:48:39.859194+08:00
1303,2020-03-05,471000,1721686,0,2192686,1522.0,70.0,-32.0,1.0,,2026-07-24T11:48:39.859194+08:00
1303,2020-03-06,-342000,-3227467,7000,-3562467,1665.0,61.0,143.0,-9.0,,2026-07-24T11:48:39.859194+08:00
1303,2020-03-09,-109000,-7295602,544000,-6860602,1685.0,142.0,20.0,81.0,,2026-07-24T11:48:39.859194+08:00
1303,2020-03-10,5000,-137000,36000,-96000,1681.0,126.0,-4.0,-16.0,,2026-07-24T11:48:39.859194+08:00
1303,2020-03-11,-550000,-1241391,6951,-1784440,1653.0,129.0,-28.0,3.0,,2026-07-24T11:48:39.859194+08:00
1303,2020-03-12,-139000,-3445194,61000,-3523194,1403.0,136.0,-250.0,7.0,,2026-07-24T11:48:39.859194+08:00
1303,2020-03-13,25000,-5563517,78000,-5460517,1374.0,120.0,-29.0,-16.0,,2026-07-24T11:48:39.859194+08:00
1303,2020-03-16,-590000,-4330631,11000,-4909631,1428.0,114.0,54.0,-6.0,,2026-07-24T11:48:39.859194+08:00
1303,2020-03-17,21000,-39550,170000,151450,1434.0,116.0,6.0,2.0,,2026-07-24T11:48:39.859194+08:00
1303,2020-03-18,-1995000,-134484,231000,-1898484,1501.0,50.0,67.0,-66.0,,2026-07-24T11:48:39.859194+08:00
1303,2020-03-19,-68000,-1932077,75248,-1924829,1761.0,99.0,260.0,49.0,,2026-07-24T11:48:39.859194+08:00
1303,2020-03-20,-135000,-8388611,285879,-8237732,1744.0,58.0,-17.0,-41.0,,2026-07-24T11:48:39.859194+08:00
1303,2020-03-23,148000,1439366,-9000,1578366,1640.0,87.0,-104.0,29.0,,2026-07-24T11:48:39.859194+08:00
1303,2020-03-24,19000,1901694,0,1920694,1610.0,60.0,-30.0,-27.0,,2026-07-24T11:48:39.859194+08:00
1303,2020-03-25,-129000,1363368,0,1234368,1478.0,112.0,-132.0,52.0,,2026-07-24T11:48:39.859194+08:00
1303,2020-03-26,-17000,310312,19544,312856,1467.0,102.0,-11.0,-10.0,,2026-07-24T11:48:39.859194+08:00
1303,2020-03-27,183000,-388760,7000,-198760,1435.0,101.0,-32.0,-1.0,,2026-07-24T11:48:39.859194+08:00
1303,2020-03-30,-109000,1389807,0,1280807,1421.0,90.0,-14.0,-11.0,,2026-07-24T11:48:39.859194+08:00
1303,2020-03-31,-132000,-2081195,97000,-2116195,1463.0,68.0,42.0,-22.0,,2026-07-24T11:48:39.859194+08:00
1303,2020-04-01,-25000,-147426,9000,-163426,1495.0,53.0,32.0,-15.0,,2026-07-24T11:48:39.859194+08:00
1303,2020-04-06,-7000,363704,28000,384704,1528.0,0.0,33.0,-53.0,,2026-07-24T11:48:39.859194+08:00
1303,2020-04-07,-9000,371487,44000,406487,1500.0,0.0,-28.0,0.0,,2026-07-24T11:48:39.859194+08:00
1303,2020-04-08,-263000,1372691,10000,1119691,1462.0,0.0,-38.0,0.0,,2026-07-24T11:48:39.859194+08:00
1303,2020-04-09,-61000,-1688380,5000,-1744380,1448.0,0.0,-14.0,0.0,,2026-07-24T11:48:39.859194+08:00
1303,2020-04-10,-22000,-12000,-64000,-98000,1435.0,8.0,-13.0,8.0,,2026-07-24T11:48:39.859194+08:00
1303,2020-04-13,-235000,-618397,44441,-808956,1452.0,17.0,17.0,9.0,,2026-07-24T11:48:39.859194+08:00
1303,2020-04-14,36000,4194226,120000,4350226,1383.0,19.0,-69.0,2.0,,2026-07-24T11:48:39.859194+08:00
1303,2020-04-15,-71000,223360,0,152360,1400.0,20.0,17.0,1.0,,2026-07-24T11:48:39.859194+08:00
1303,2020-04-16,-98000,-2000860,-3000,-2101860,1470.0,23.0,70.0,3.0,,2026-07-24T11:48:39.859194+08:00
1303,2020-04-17,15530,28625,110000,154155,1529.0,20.0,59.0,-3.0,,2026-07-24T11:48:39.859194+08:00
1303,2020-04-20,-38000,-543591,10000,-571591,1541.0,23.0,12.0,3.0,,2026-07-24T11:48:39.859194+08:00
1303,2020-04-21,-357000,-4290523,-6000,-4653523,1715.0,54.0,174.0,31.0,,2026-07-24T11:48:39.859194+08:00
1303,2020-04-22,-3000,446000,72000,515000,1641.0,36.0,-74.0,-18.0,,2026-07-24T11:48:39.859194+08:00
1303,2020-04-23,-59000,183590,103000,227590,1667.0,47.0,26.0,11.0,,2026-07-24T11:48:39.859194+08:00
1303,2020-04-24,-12000,-600000,44000,-568000,1732.0,43.0,65.0,-4.0,,2026-07-24T11:48:39.859194+08:00
1303,2020-04-27,52000,5403107,209000,5664107,1619.0,82.0,-113.0,39.0,,2026-07-24T11:48:39.859194+08:00
1303,2020-04-28,-30000,-725605,1008000,252395,1495.0,94.0,-124.0,12.0,,2026-07-24T11:48:39.859194+08:00
1303,2020-04-29,-216000,3048565,798000,3630565,1546.0,104.0,51.0,10.0,,2026-07-24T11:48:39.859194+08:00
1303,2020-04-30,-6000,1769000,1595000,3358000,1382.0,120.0,-164.0,16.0,,2026-07-24T11:48:39.859194+08:00
1303,2020-05-04,-16000,-7878150,345000,-7549150,1702.0,156.0,320.0,36.0,,2026-07-24T11:48:39.859194+08:00
1303,2020-05-05,-8000,-1121754,-32513,-1162267,1652.0,176.0,-50.0,20.0,,2026-07-24T11:48:39.859194+08:00
1303,2020-05-06,-256000,-1260180,37000,-1479180,1681.0,163.0,29.0,-13.0,,2026-07-24T11:48:39.859194+08:00
1303,2020-05-07,48000,221250,-6000,263250,1714.0,170.0,33.0,7.0,,2026-07-24T11:48:39.859194+08:00
1303,2020-05-08,44000,330400,45000,419400,1731.0,145.0,17.0,-25.0,,2026-07-24T11:48:39.859194+08:00
1303,2020-05-11,-13000,762828,16000,765828,1642.0,150.0,-89.0,5.0,,2026-07-24T11:48:39.859194+08:00
1303,2020-05-12,-22000,-3499031,0,-3521031,1651.0,142.0,9.0,-8.0,,2026-07-24T11:48:39.859194+08:00
1303,2020-05-13,-16000,99311,41000,124311,1618.0,143.0,-33.0,1.0,,2026-07-24T11:48:39.859194+08:00
1303,2020-05-14,-8000,-1826900,57000,-1777900,1598.0,127.0,-20.0,-16.0,,2026-07-24T11:48:39.859194+08:00
1303,2020-05-15,31000,-792992,280000,-481992,1595.0,162.0,-3.0,35.0,,2026-07-24T11:48:39.859194+08:00
1303,2020-05-18,108000,-371000,4000,-259000,1647.0,182.0,52.0,20.0,,2026-07-24T11:48:39.859194+08:00
1303,2020-05-19,59000,1077303,62000,1198303,1604.0,180.0,-43.0,-2.0,,2026-07-24T11:48:39.859194+08:00
1303,2020-05-20,255000,985482,15000,1255482,1589.0,186.0,-15.0,6.0,,2026-07-24T11:48:39.859194+08:00
1303,2020-05-21,2000,329922,0,331922,1594.0,180.0,5.0,-6.0,,2026-07-24T11:48:39.859194+08:00
1303,2020-05-22,7000,-4029834,4000,-4018834,1686.0,177.0,92.0,-3.0,,2026-07-24T11:48:39.859194+08:00
1303,2020-05-25,47000,-387000,23881,-316119,1649.0,172.0,-37.0,-5.0,,2026-07-24T11:48:39.859194+08:00
1303,2020-05-26,-39000,3301000,182000,3444000,1633.0,178.0,-16.0,6.0,,2026-07-24T11:48:39.859194+08:00
1303,2020-05-27,-7000,-473374,13000,-467374,1588.0,175.0,-45.0,-3.0,,2026-07-24T11:48:39.859194+08:00
1303,2020-05-28,-80000,-901921,0,-981921,1614.0,175.0,26.0,0.0,,2026-07-24T11:48:39.859194+08:00
1303,2020-05-29,-4000,1532611,0,1528611,1623.0,174.0,9.0,-1.0,,2026-07-24T11:48:39.859194+08:00
1303,2020-06-01,88000,3038520,-16000,3110520,1622.0,176.0,-1.0,2.0,,2026-07-24T11:48:39.859194+08:00
1303,2020-06-02,24000,1950025,0,1974025,1620.0,176.0,-2.0,0.0,,2026-07-24T11:48:39.859194+08:00
1303,2020-06-03,967000,4954640,-33000,5888640,1503.0,178.0,-117.0,2.0,,2026-07-24T11:48:39.859194+08:00
1303,2020-06-04,9000,1673893,-527000,1155893,1509.0,177.0,6.0,-1.0,,2026-07-24T11:48:39.859194+08:00
1303,2020-06-05,-29000,1725749,-779000,917749,1526.0,171.0,17.0,-6.0,,2026-07-24T11:48:39.859194+08:00
1303,2020-06-08,4000,4738000,-564000,4178000,1417.0,101.0,-109.0,-70.0,,2026-07-24T11:48:39.859194+08:00
1303,2020-06-09,-4000,1293290,-15000,1274290,1338.0,103.0,-79.0,2.0,,2026-07-24T11:48:39.859194+08:00
1303,2020-06-10,3000,2420289,-26000,2397289,1258.0,92.0,-80.0,-11.0,,2026-07-24T11:48:39.859194+08:00
1303,2020-06-11,-75000,117218,-151000,-108782,1186.0,87.0,-72.0,-5.0,,2026-07-24T11:48:39.859194+08:00
1303,2020-06-12,2000,334522,-31000,305522,1304.0,78.0,118.0,-9.0,,2026-07-24T11:48:39.859194+08:00
1303,2020-06-15,-198000,-2431643,-4000,-2633643,1337.0,70.0,33.0,-8.0,,2026-07-24T11:48:39.859194+08:00
1303,2020-06-16,4000,511461,-132879,382582,1333.0,70.0,-4.0,0.0,,2026-07-24T11:48:39.859194+08:00
1303,2020-06-17,-483000,532232,-230000,-180768,1344.0,70.0,11.0,0.0,,2026-07-24T11:48:39.859194+08:00
1303,2020-06-18,13000,52867,-391000,-325133,1362.0,62.0,18.0,-8.0,,2026-07-24T11:48:39.859194+08:00
1303,2020-06-19,40000,333451,-4483000,-4109549,1557.0,62.0,195.0,0.0,,2026-07-24T11:48:39.859194+08:00
1303,2020-06-22,2000,1022000,-27000,997000,1502.0,48.0,-55.0,-14.0,,2026-07-24T11:48:39.859194+08:00
1303,2020-06-23,-10000,2089383,147000,2226383,1438.0,47.0,-64.0,-1.0,,2026-07-24T11:48:39.859194+08:00
1303,2020-06-24,-31000,109940,143000,221940,1428.0,45.0,-10.0,-2.0,,2026-07-24T11:48:39.859194+08:00
1303,2020-06-29,43000,-1262465,8000,-1211465,1460.0,43.0,32.0,-2.0,,2026-07-24T11:48:39.859194+08:00
1303,2020-06-30,-37000,2754800,0,2717800,1447.0,43.0,-13.0,0.0,,2026-07-24T11:48:39.859194+08:00
1303,2020-07-01,-65000,360387,-24000,271387,1404.0,33.0,-43.0,-10.0,,2026-07-24T11:48:39.859194+08:00
1303,2020-07-02,39000,-219525,-16000,-196525,1418.0,0.0,14.0,-33.0,,2026-07-24T11:48:39.859194+08:00
1303,2020-07-03,-12000,478330,-46000,420330,1367.0,0.0,-51.0,0.0,,2026-07-24T11:48:39.859194+08:00
1303,2020-07-06,557000,5071090,-62000,5566090,1331.0,0.0,-36.0,0.0,,2026-07-24T11:48:39.859194+08:00
1303,2020-07-07,-409000,649232,-40000,200232,1317.0,1.0,-14.0,1.0,,2026-07-24T11:48:39.859194+08:00
1303,2020-07-08,179000,230392,-32000,377392,1288.0,2.0,-29.0,1.0,,2026-07-24T11:48:39.859194+08:00
1303,2020-07-09,-2000,-524000,-32000,-558000,1304.0,4.0,16.0,2.0,,2026-07-24T11:48:39.859194+08:00
1303,2020-07-10,-56000,-1930910,-50004,-2036914,1301.0,13.0,-3.0,9.0,,2026-07-24T11:48:39.859194+08:00
1303,2020-07-13,-952000,1679780,211000,938780,1288.0,15.0,-13.0,2.0,,2026-07-24T11:48:39.859194+08:00
1303,2020-07-14,-286000,149278,4000,-132722,1284.0,22.0,-4.0,7.0,,2026-07-24T11:48:39.859194+08:00
1303,2020-07-15,-336000,1147756,356966,1168722,1362.0,21.0,78.0,-1.0,,2026-07-24T11:48:39.859194+08:00
1303,2020-07-16,-529000,544984,1168000,1183984,1327.0,22.0,-35.0,1.0,,2026-07-24T11:48:39.859194+08:00
1303,2020-07-17,23000,-689741,1314000,647259,1317.0,20.0,-10.0,-2.0,,2026-07-24T11:48:39.859194+08:00
1303,2020-07-20,36000,-1667863,561000,-1070863,1366.0,19.0,49.0,-1.0,,2026-07-24T11:48:39.859194+08:00
1303,2020-07-21,0,2941000,514000,3455000,1345.0,25.0,-21.0,6.0,,2026-07-24T11:48:39.859194+08:00
1303,2020-07-22,-47000,360000,820000,1133000,1342.0,19.0,-3.0,-6.0,,2026-07-24T11:48:39.859194+08:00
1303,2020-07-23,-143000,-564096,291000,-416096,1399.0,26.0,57.0,7.0,,2026-07-24T11:48:39.859194+08:00
1303,2020-07-24,-256000,-1495132,413000,-1338132,1394.0,26.0,-5.0,0.0,,2026-07-24T11:48:39.859194+08:00
1303,2020-07-27,-69000,-1534127,386954,-1216173,1391.0,30.0,-3.0,4.0,,2026-07-24T11:48:39.859194+08:00
1303,2020-07-28,-51000,-2097397,390000,-1758397,1425.0,39.0,34.0,9.0,,2026-07-24T11:48:39.859194+08:00
1303,2020-07-29,-814000,-247854,147000,-914854,1438.0,36.0,13.0,-3.0,,2026-07-24T11:48:39.859194+08:00
1303,2020-07-30,2000,-453125,414000,-37125,1485.0,38.0,47.0,2.0,,2026-07-24T11:48:39.859194+08:00
1303,2020-07-31,4000,-791870,90000,-697870,1485.0,36.0,0.0,-2.0,,2026-07-24T11:48:39.859194+08:00
1303,2020-08-03,2000,-3531365,24000,-3505365,1528.0,46.0,43.0,10.0,,2026-07-24T11:48:39.859194+08:00
1303,2020-08-04,2000,-448765,681000,234235,1546.0,39.0,18.0,-7.0,,2026-07-24T11:48:39.859194+08:00
1303,2020-08-05,-34000,-447206,782950,301744,1558.0,28.0,12.0,-11.0,,2026-07-24T11:48:39.859194+08:00
1303,2020-08-06,89000,1077492,182000,1348492,1555.0,29.0,-3.0,1.0,,2026-07-24T11:48:39.859194+08:00
1303,2020-08-07,8000,-619160,-1030000,-1641160,1674.0,27.0,119.0,-2.0,,2026-07-24T11:48:39.859194+08:00
1303,2020-08-10,23000,2071000,-147000,1947000,1555.0,39.0,-119.0,12.0,,2026-07-24T11:48:39.859194+08:00
1303,2020-08-11,-35000,-1561566,393000,-1203566,1515.0,36.0,-40.0,-3.0,,2026-07-24T11:48:39.859194+08:00
1303,2020-08-12,-267000,-694249,114000,-847249,1443.0,38.0,-72.0,2.0,,2026-07-24T11:48:39.859194+08:00
1303,2020-08-13,-42000,351688,176000,485688,1406.0,35.0,-37.0,-3.0,,2026-07-24T11:48:39.859194+08:00
1303,2020-08-14,17000,328000,0,345000,1448.0,38.0,42.0,3.0,,2026-07-24T11:48:39.859194+08:00
1303,2020-08-17,112000,623745,-20000,715745,1424.0,34.0,-24.0,-4.0,,2026-07-24T11:48:39.859194+08:00
1303,2020-08-18,-19000,529000,5000,515000,1415.0,34.0,-9.0,0.0,,2026-07-24T11:48:39.859194+08:00
1303,2020-08-19,89000,-913000,-260907,-1084907,1478.0,36.0,63.0,2.0,,2026-07-24T11:48:39.859194+08:00
1303,2020-08-20,-99000,-3420133,27000,-3492133,1525.0,28.0,47.0,-8.0,,2026-07-24T11:48:39.859194+08:00
1303,2020-08-21,-19000,213000,663000,857000,1463.0,31.0,-62.0,3.0,,2026-07-24T11:48:39.859194+08:00
1303,2020-08-24,-41000,-189177,309058,78881,1454.0,26.0,-9.0,-5.0,,2026-07-24T11:48:39.859194+08:00
1303,2020-08-25,70000,613000,0,683000,1456.0,27.0,2.0,1.0,,2026-07-24T11:48:39.859194+08:00
1303,2020-08-26,-57000,-370858,-252906,-680764,1464.0,25.0,8.0,-2.0,,2026-07-24T11:48:39.859194+08:00
1303,2020-08-27,-10000,-175315,0,-185315,1528.0,26.0,64.0,1.0,,2026-07-24T11:48:39.859194+08:00
1303,2020-08-28,-20000,343831,5000,328831,1522.0,37.0,-6.0,11.0,,2026-07-24T11:48:39.859194+08:00
1303,2020-08-31,3000,-988899,10144,-975755,1539.0,36.0,17.0,-1.0,,2026-07-24T11:48:39.859194+08:00
1303,2020-09-01,30000,-2457920,363808,-2064112,1614.0,23.0,75.0,-13.0,,2026-07-24T11:48:39.859194+08:00
1303,2020-09-02,-63000,-2541668,155000,-2449668,1662.0,23.0,48.0,0.0,,2026-07-24T11:48:39.859194+08:00
1303,2020-09-03,73000,665427,-2095,736332,1665.0,22.0,3.0,-1.0,,2026-07-24T11:48:39.859194+08:00
1303,2020-09-04,-51000,-358163,215000,-194163,1675.0,21.0,10.0,-1.0,,2026-07-24T11:48:39.859194+08:00
1303,2020-09-07,14000,953611,2000,969611,1686.0,21.0,11.0,0.0,,2026-07-24T11:48:39.859194+08:00
1303,2020-09-08,-2000,-121925,50099,-73826,1654.0,21.0,-32.0,0.0,,2026-07-24T11:48:39.859194+08:00
1303,2020-09-09,-100000,-1647826,236000,-1511826,1655.0,22.0,1.0,1.0,,2026-07-24T11:48:39.859194+08:00
1303,2020-09-10,-37000,-63870,1000,-99870,1659.0,25.0,4.0,3.0,,2026-07-24T11:48:39.859194+08:00
1303,2020-09-11,28000,-968000,9000,-931000,1686.0,27.0,27.0,2.0,,2026-07-24T11:48:39.859194+08:00
1303,2020-09-14,14000,82580,0,96580,1680.0,27.0,-6.0,0.0,,2026-07-24T11:48:39.859194+08:00
1303,2020-09-15,6000,1811793,-16227,1801566,1663.0,25.0,-17.0,-2.0,,2026-07-24T11:48:39.859194+08:00
1303,2020-09-16,-100000,606000,125000,631000,1694.0,24.0,31.0,-1.0,,2026-07-24T11:48:39.859194+08:00
1303,2020-09-17,-54000,-1009249,-27936,-1091185,1720.0,32.0,26.0,8.0,,2026-07-24T11:48:39.859194+08:00
1303,2020-09-18,23000,609429,124000,756429,1823.0,31.0,103.0,-1.0,,2026-07-24T11:48:39.859194+08:00
1303,2020-09-21,-156000,283926,-3000,124926,1816.0,32.0,-7.0,1.0,,2026-07-24T11:48:39.859194+08:00
1303,2020-09-22,-160000,-2123651,-27109,-2310760,1817.0,32.0,1.0,0.0,,2026-07-24T11:48:39.859194+08:00
1303,2020-09-23,-709000,-2260827,44875,-2924952,1823.0,35.0,6.0,3.0,,2026-07-24T11:48:39.859194+08:00
1303,2020-09-24,-15000,-9398262,222000,-9191262,2006.0,67.0,183.0,32.0,,2026-07-24T11:48:39.859194+08:00
1303,2020-09-25,1000,-919000,283000,-635000,1995.0,101.0,-11.0,34.0,,2026-07-24T11:48:39.859194+08:00
1303,2020-09-28,52000,801313,0,853313,1887.0,96.0,-108.0,-5.0,,2026-07-24T11:48:39.859194+08:00
1303,2020-09-29,15000,698821,80000,793821,1827.0,93.0,-60.0,-3.0,,2026-07-24T11:48:39.859194+08:00
1303,2020-09-30,7000,359822,0,366822,1798.0,95.0,-29.0,2.0,,2026-07-24T11:48:39.859194+08:00
1303,2020-10-05,-6000,1319986,0,1313986,1814.0,100.0,16.0,5.0,,2026-07-24T11:48:39.859194+08:00
1303,2020-10-06,-14000,2833476,11000,2830476,1720.0,101.0,-94.0,1.0,,2026-07-24T11:48:39.859194+08:00
1303,2020-10-07,29000,121836,-5000,145836,1734.0,76.0,14.0,-25.0,,2026-07-24T11:48:39.859194+08:00
1303,2020-10-08,-6000,339094,-8000,325094,1667.0,75.0,-67.0,-1.0,,2026-07-24T11:48:39.859194+08:00
1303,2020-10-12,-1000,1538209,-346000,1191209,1660.0,75.0,-7.0,0.0,,2026-07-24T11:48:39.859194+08:00
1303,2020-10-13,-34000,-285864,-4000,-323864,1658.0,79.0,-2.0,4.0,,2026-07-24T11:48:39.859194+08:00
1303,2020-10-14,-205000,294834,0,89834,1658.0,75.0,0.0,-4.0,,2026-07-24T11:48:39.859194+08:00
1303,2020-10-15,-74000,-2364200,0,-2438200,1713.0,75.0,55.0,0.0,,2026-07-24T11:48:39.859194+08:00
1303,2020-10-16,-21000,-582920,7000,-596920,1713.0,76.0,0.0,1.0,,2026-07-24T11:48:39.859194+08:00
1303,2020-10-19,16000,-947330,0,-931330,1658.0,74.0,-55.0,-2.0,,2026-07-24T11:48:39.859194+08:00
1303,2020-10-20,-18000,-211393,0,-229393,1669.0,76.0,11.0,2.0,,2026-07-24T11:48:39.859194+08:00
1303,2020-10-21,-719000,-206000,-2818000,-3743000,1659.0,64.0,-10.0,-12.0,,2026-07-24T11:48:39.859194+08:00
1303,2020-10-22,-1000,-1151646,-1539000,-2691646,1616.0,186.0,-43.0,122.0,,2026-07-24T11:48:39.859194+08:00
1303,2020-10-23,12000,-1062000,0,-1050000,1673.0,64.0,57.0,-122.0,,2026-07-24T11:48:39.859194+08:00
1303,2020-10-26,-842000,1786300,-24000,920300,1606.0,64.0,-67.0,0.0,,2026-07-24T11:48:39.859194+08:00
1303,2020-10-27,75000,1787816,0,1862816,1541.0,64.0,-65.0,0.0,,2026-07-24T11:48:39.859194+08:00
1303,2020-10-28,-569937,-118000,-17000,-704937,1566.0,63.0,25.0,-1.0,,2026-07-24T11:48:39.859194+08:00
1303,2020-10-29,31000,-2592209,0,-2561209,1615.0,57.0,49.0,-6.0,,2026-07-24T11:48:39.859194+08:00
1303,2020-10-30,-196000,-1296600,0,-1492600,1660.0,57.0,45.0,0.0,,2026-07-24T11:48:39.859194+08:00
1303,2020-11-02,36700,1330000,0,1366700,1627.0,58.0,-33.0,1.0,,2026-07-24T11:48:39.859194+08:00
1303,2020-11-03,26274,4519674,1000,4546948,1569.0,61.0,-58.0,3.0,,2026-07-24T11:48:39.859194+08:00
1303,2020-11-04,-6000,979540,1000,974540,1564.0,63.0,-5.0,2.0,,2026-07-24T11:48:39.859194+08:00
1303,2020-11-05,-1000,2684382,8000,2691382,1607.0,67.0,43.0,4.0,,2026-07-24T11:48:39.859194+08:00
1303,2020-11-06,8000,2523800,-4000,2527800,1597.0,67.0,-10.0,0.0,,2026-07-24T11:48:39.859194+08:00
1303,2020-11-09,37277,2427700,-136000,2328977,1547.0,66.0,-50.0,-1.0,,2026-07-24T11:48:39.859194+08:00
1303,2020-11-10,96686,3675316,0,3772002,1479.0,63.0,-68.0,-3.0,,2026-07-24T11:48:39.859194+08:00
1303,2020-11-11,604716,7407100,-49000,7962816,1656.0,70.0,177.0,7.0,,2026-07-24T11:48:39.859194+08:00
1303,2020-11-12,-37003,-905000,-390000,-1332003,1647.0,68.0,-9.0,-2.0,,2026-07-24T11:48:39.859194+08:00
1303,2020-11-13,11491,1136000,-156000,991491,1401.0,71.0,-246.0,3.0,,2026-07-24T11:48:39.859194+08:00
1303,2020-11-16,-999,3064148,12000,3075149,1321.0,72.0,-80.0,1.0,,2026-07-24T11:48:39.859194+08:00
1303,2020-11-17,24495,1549952,-517214,1057233,1304.0,81.0,-17.0,9.0,,2026-07-24T11:48:39.859194+08:00
1303,2020-11-18,16000,1752249,-382000,1386249,1330.0,70.0,26.0,-11.0,,2026-07-24T11:48:39.859194+08:00
1303,2020-11-19,17000,242770,-249000,10770,1312.0,60.0,-18.0,-10.0,,2026-07-24T11:48:39.859194+08:00
1303,2020-11-20,1000,2546840,-302000,2245840,1286.0,61.0,-26.0,1.0,,2026-07-24T11:48:39.859194+08:00
1303,2020-11-23,72840,2058613,-102000,2029453,1556.0,58.0,270.0,-3.0,,2026-07-24T11:48:39.859194+08:00
1303,2020-11-24,-10000,-390392,-148000,-548392,1608.0,58.0,52.0,0.0,,2026-07-24T11:48:39.859194+08:00
1303,2020-11-25,20025,-428440,3000,-405415,1497.0,58.0,-111.0,0.0,,2026-07-24T11:48:39.859194+08:00
1303,2020-11-26,52000,136620,-120000,68620,1496.0,58.0,-1.0,0.0,,2026-07-24T11:48:39.859194+08:00
1303,2020-11-27,-1983000,1472592,4000,-506408,1491.0,59.0,-5.0,1.0,,2026-07-24T11:48:39.859194+08:00
1303,2020-11-30,18952,-3420046,-271000,-3672094,1619.0,52.0,128.0,-7.0,,2026-07-24T11:48:39.859194+08:00
1303,2020-12-01,-61000,238255,-541000,-363745,1559.0,52.0,-60.0,0.0,,2026-07-24T11:48:39.859194+08:00
1303,2020-12-02,-932824,238000,-9000,-703824,1594.0,52.0,35.0,0.0,,2026-07-24T11:48:39.859194+08:00
1303,2020-12-03,-892400,-1705289,-303000,-2900689,2180.0,51.0,586.0,-1.0,,2026-07-24T11:48:39.859194+08:00
1303,2020-12-04,-138000,2787700,156000,2805700,1894.0,59.0,-286.0,8.0,,2026-07-24T11:48:39.859194+08:00
1303,2020-12-07,-26085,-1498085,0,-1524170,1983.0,60.0,89.0,1.0,,2026-07-24T11:48:39.859194+08:00
1303,2020-12-08,-61000,-1121800,-271000,-1453800,2044.0,65.0,61.0,5.0,,2026-07-24T11:48:39.859194+08:00
1303,2020-12-09,22000,765504,-553000,234504,1779.0,60.0,-265.0,-5.0,,2026-07-24T11:48:39.859194+08:00
1303,2020-12-10,-106791,231106,-202000,-77685,1663.0,61.0,-116.0,1.0,,2026-07-24T11:48:39.859194+08:00
1303,2020-12-11,-42000,516981,-59950,415031,1501.0,60.0,-162.0,-1.0,,2026-07-24T11:48:39.859194+08:00
1303,2020-12-14,-408491,-423207,-230200,-1061898,1842.0,60.0,341.0,0.0,,2026-07-24T11:48:39.859194+08:00
1303,2020-12-15,-33000,-2021304,23370,-2030934,1918.0,54.0,76.0,-6.0,,2026-07-24T11:48:39.859194+08:00
1303,2020-12-16,-18283,4309085,0,4290802,1913.0,75.0,-5.0,21.0,,2026-07-24T11:48:39.859194+08:00
1303,2020-12-17,-213000,-232706,148105,-297601,1906.0,70.0,-7.0,-5.0,,2026-07-24T11:48:39.859194+08:00
1303,2020-12-18,-43091,-2267110,-73870,-2384071,2186.0,70.0,280.0,0.0,,2026-07-24T11:48:39.859194+08:00
1303,2020-12-21,87877,3566011,-7000,3646888,2206.0,79.0,20.0,9.0,,2026-07-24T11:48:39.859194+08:00
1303,2020-12-22,-126167,-578721,74500,-630388,1782.0,77.0,-424.0,-2.0,,2026-07-24T11:48:39.859194+08:00
1303,2020-12-23,-197000,-657889,0,-854889,1722.0,76.0,-60.0,-1.0,,2026-07-24T11:48:39.859194+08:00
1303,2020-12-24,-55800,283000,-94480,132720,1707.0,78.0,-15.0,2.0,,2026-07-24T11:48:39.859194+08:00
1303,2020-12-25,-126686,303000,62000,238314,1658.0,78.0,-49.0,0.0,,2026-07-24T11:48:39.859194+08:00
1303,2020-12-28,-148000,2186000,-1000,2037000,1983.0,79.0,325.0,1.0,,2026-07-24T11:48:39.859194+08:00
1303,2020-12-29,-185000,191211,55720,61931,1852.0,80.0,-131.0,1.0,,2026-07-24T11:48:39.859194+08:00
1303,2020-12-30,638206,7888149,21000,8547355,1982.0,86.0,130.0,6.0,,2026-07-24T11:48:39.859194+08:00
1303,2020-12-31,-269000,291750,-335000,-312250,1804.0,85.0,-178.0,-1.0,,2026-07-24T11:48:39.859194+08:00
1303,2021-01-04,185128,1367808,-763450,789486,1739.0,84.0,-65.0,-1.0,,2026-07-24T11:48:39.859194+08:00
1303,2021-01-05,74981,-402337,-193100,-520456,1693.0,82.0,-46.0,-2.0,,2026-07-24T11:48:39.859194+08:00
1303,2021-01-06,-734000,-61200,-184000,-979200,1641.0,82.0,-52.0,0.0,,2026-07-24T11:48:39.859194+08:00
1303,2021-01-07,150412,2044252,22280,2216944,1689.0,83.0,48.0,1.0,,2026-07-24T11:48:39.859194+08:00
1303,2021-01-08,481393,4902517,-877050,4506860,2161.0,83.0,472.0,0.0,,2026-07-24T11:48:39.859194+08:00
1303,2021-01-11,402522,5344400,-58730,5688192,2223.0,83.0,62.0,0.0,,2026-07-24T11:48:39.859194+08:00
1303,2021-01-12,-671063,1916106,22000,1267043,2034.0,84.0,-189.0,1.0,,2026-07-24T11:48:39.859194+08:00
1303,2021-01-13,373357,3056544,232000,3661901,1464.0,84.0,-570.0,0.0,,2026-07-24T11:48:39.859194+08:00
1303,2021-01-14,-179185,3168609,-47000,2942424,1398.0,78.0,-66.0,-6.0,,2026-07-24T11:48:39.859194+08:00
1303,2021-01-15,-17806,-1319740,61000,-1276546,1487.0,98.0,89.0,20.0,,2026-07-24T11:48:39.859194+08:00
1303,2021-01-18,-74558,-439289,39600,-474247,1467.0,80.0,-20.0,-18.0,,2026-07-24T11:48:39.859194+08:00
1303,2021-01-19,-1895,-40967,-145000,-187862,1483.0,80.0,16.0,0.0,,2026-07-24T11:48:39.859194+08:00
1303,2021-01-20,-166102,-3631853,3097,-3794858,1489.0,64.0,6.0,-16.0,,2026-07-24T11:48:39.859194+08:00
1303,2021-01-21,-5865,-262400,-167000,-435265,1490.0,78.0,1.0,14.0,,2026-07-24T11:48:39.859194+08:00
1303,2021-01-22,166108,-406380,25000,-215272,1485.0,64.0,-5.0,-14.0,,2026-07-24T11:48:39.859194+08:00
1303,2021-01-25,22798,1451261,-15090,1458969,1466.0,60.0,-19.0,-4.0,,2026-07-24T11:48:39.859194+08:00
1303,2021-01-26,-114077,-965378,34000,-1045455,1442.0,59.0,-24.0,-1.0,,2026-07-24T11:48:39.859194+08:00
1303,2021-01-27,-17217,-1136255,10000,-1143472,1453.0,58.0,11.0,-1.0,,2026-07-24T11:48:39.859194+08:00
1303,2021-01-28,-112376,-2621740,12000,-2722116,1432.0,58.0,-21.0,0.0,,2026-07-24T11:48:39.859194+08:00
1303,2021-01-29,-36000,-5248648,4000,-5280648,1476.0,49.0,44.0,-9.0,,2026-07-24T11:48:39.859194+08:00
1303,2021-02-01,101595,-216114,7000,-107519,1529.0,66.0,53.0,17.0,,2026-07-24T11:48:39.859194+08:00
1303,2021-02-02,280391,-735678,8000,-447287,1416.0,78.0,-113.0,12.0,,2026-07-24T11:48:39.859194+08:00
1303,2021-02-03,548187,-2572889,0,-2024702,1390.0,76.0,-26.0,-2.0,,2026-07-24T11:48:39.859194+08:00
1303,2021-02-04,-163887,-1101384,-93000,-1358271,1371.0,75.0,-19.0,-1.0,,2026-07-24T11:48:39.859194+08:00
1303,2021-02-05,100703,-1412360,4099,-1307558,1345.0,75.0,-26.0,0.0,,2026-07-24T11:48:39.859194+08:00
1303,2021-02-17,-114000,-3112895,20000,-3206895,1390.0,64.0,45.0,-11.0,,2026-07-24T11:48:39.859194+08:00
1303,2021-02-18,-114059,185752,19000,90693,1422.0,62.0,32.0,-2.0,,2026-07-24T11:48:39.859194+08:00
1303,2021-02-19,-264085,-5237000,75000,-5426085,1506.0,61.0,84.0,-1.0,,2026-07-24T11:48:39.859194+08:00
1303,2021-02-22,41920,-477726,15000,-420806,1855.0,59.0,349.0,-2.0,,2026-07-24T11:48:39.859194+08:00
1303,2021-02-23,123279,3220508,57000,3400787,1978.0,47.0,123.0,-12.0,,2026-07-24T11:48:39.859194+08:00
1303,2021-02-24,-110653,-219983,27000,-303636,2408.0,46.0,430.0,-1.0,,2026-07-24T11:48:39.859194+08:00
1303,2021-02-25,22372,3578580,1129000,4729952,2660.0,49.0,252.0,3.0,,2026-07-24T11:48:39.859194+08:00
1303,2021-02-26,-68741,-9631802,394000,-9306543,3343.0,47.0,683.0,-2.0,,2026-07-24T11:48:39.859194+08:00
1303,2021-03-02,38758,731347,253000,1023105,3172.0,54.0,-171.0,7.0,,2026-07-24T11:48:39.859194+08:00
1303,2021-03-03,710754,3533886,374000,4618640,2962.0,91.0,-210.0,37.0,,2026-07-24T11:48:39.859194+08:00
1303,2021-03-04,-110346,-5141171,71000,-5180517,3024.0,52.0,62.0,-39.0,,2026-07-24T11:48:39.859194+08:00
1303,2021-03-05,52246,-1642229,242000,-1347983,2931.0,55.0,-93.0,3.0,,2026-07-24T11:48:39.859194+08:00
1303,2021-03-08,108633,-1353424,-108000,-1352791,3034.0,55.0,103.0,0.0,,2026-07-24T11:48:39.859194+08:00
1303,2021-03-09,-42387,491753,213000,662366,2831.0,54.0,-203.0,-1.0,,2026-07-24T11:48:39.859194+08:00
1303,2021-03-10,20000,144113,2141000,2305113,2756.0,55.0,-75.0,1.0,,2026-07-24T11:48:39.859194+08:00
1303,2021-03-11,3968743,6136638,1503000,11608381,3000.0,62.0,244.0,7.0,,2026-07-24T11:48:39.859194+08:00
1303,2021-03-12,1016000,155200,580000,1751200,2948.0,63.0,-52.0,1.0,,2026-07-24T11:48:39.859194+08:00
1303,2021-03-15,1288000,2505000,105000,3898000,3075.0,63.0,127.0,0.0,,2026-07-24T11:48:39.859194+08:00
1303,2021-03-16,1643109,2230512,30000,3903621,2885.0,62.0,-190.0,-1.0,,2026-07-24T11:48:39.859194+08:00
1303,2021-03-17,626322,-2565028,-212000,-2150706,2846.0,60.0,-39.0,-2.0,,2026-07-24T11:48:39.859194+08:00
1303,2021-03-18,-739000,1810500,-478000,593500,2808.0,63.0,-38.0,3.0,,2026-07-24T11:48:39.859194+08:00
1303,2021-03-19,882429,-6779722,-123741,-6021034,2781.0,55.0,-27.0,-8.0,,2026-07-24T11:48:39.859194+08:00
1303,2021-03-22,-396924,2514606,21000,2138682,2466.0,57.0,-315.0,2.0,,2026-07-24T11:48:39.859194+08:00
1303,2021-03-23,147000,-1105400,11000,-947400,2373.0,57.0,-93.0,0.0,,2026-07-24T11:48:39.859194+08:00
1303,2021-03-24,-114029,281723,-196000,-28306,2200.0,57.0,-173.0,0.0,,2026-07-24T11:48:39.859194+08:00
1303,2021-03-25,2315,530522,51000,583837,2216.0,57.0,16.0,0.0,,2026-07-24T11:48:39.859194+08:00
1303,2021-03-26,1567007,2451152,3000,4021159,2180.0,57.0,-36.0,0.0,,2026-07-24T11:48:39.859194+08:00
1303,2021-03-29,1722249,3204700,0,4926949,2125.0,56.0,-55.0,-1.0,,2026-07-24T11:48:39.859194+08:00
1303,2021-03-30,103000,2898922,174049,3175971,2194.0,61.0,69.0,5.0,,2026-07-24T11:48:39.859194+08:00
1303,2021-03-31,646436,1531241,648,2178325,2050.0,66.0,-144.0,5.0,,2026-07-24T11:48:39.859194+08:00
1303,2021-04-01,295000,-270000,167226,192226,2256.0,67.0,206.0,1.0,,2026-07-24T11:48:39.859194+08:00
1303,2021-04-06,-120000,3145075,-75939,2949136,2482.0,65.0,226.0,-2.0,,2026-07-24T11:48:39.859194+08:00
1303,2021-04-07,79000,139000,-9000,209000,2319.0,63.0,-163.0,-2.0,,2026-07-24T11:48:39.859194+08:00
1303,2021-04-08,-66000,-158800,47000,-177800,2524.0,64.0,205.0,1.0,,2026-07-24T11:48:39.859194+08:00
1303,2021-04-09,1812577,3820336,283000,5915913,4510.0,48.0,1986.0,-16.0,,2026-07-24T11:48:39.859194+08:00
1303,2021-04-12,-316414,5455100,2417938,7556624,3878.0,63.0,-632.0,15.0,,2026-07-24T11:48:39.859194+08:00
1303,2021-04-13,-621500,1289680,543187,1211367,3855.0,77.0,-23.0,14.0,,2026-07-24T11:48:39.859194+08:00
1303,2021-04-14,-1292485,3911400,5556,2624471,4242.0,50.0,387.0,-27.0,,2026-07-24T11:48:39.859194+08:00
1303,2021-04-15,684283,4997322,1657000,7338605,4893.0,33.0,651.0,-17.0,,2026-07-24T11:48:39.859194+08:00
1303,2021-04-16,274882,1173620,1151000,2599502,4917.0,0.0,24.0,-33.0,,2026-07-24T11:48:39.859194+08:00
1303,2021-04-19,300437,3670971,720205,4691613,4840.0,0.0,-77.0,0.0,,2026-07-24T11:48:39.859194+08:00
1303,2021-04-20,-793423,3774340,1847191,4828108,4734.0,0.0,-106.0,0.0,,2026-07-24T11:48:39.859194+08:00
1303,2021-04-21,-1130043,7081397,49765,6001119,4365.0,0.0,-369.0,0.0,,2026-07-24T11:48:39.859194+08:00
1303,2021-04-22,-1205778,10124900,810024,9729146,4477.0,9.0,112.0,9.0,,2026-07-24T11:48:39.859194+08:00
1303,2021-04-23,-402188,5793045,-6938,5383919,4345.0,11.0,-132.0,2.0,,2026-07-24T11:48:39.859194+08:00
1303,2021-04-26,-650000,5346796,-1878000,2818796,4254.0,13.0,-91.0,2.0,,2026-07-24T11:48:39.859194+08:00
1303,2021-04-27,-255613,12224916,-49000,11920303,4462.0,18.0,208.0,5.0,,2026-07-24T11:48:39.859194+08:00
1303,2021-04-28,-1733156,438792,-63000,-1357364,5220.0,35.0,758.0,17.0,,2026-07-24T11:48:39.859194+08:00
1303,2021-04-29,-3641676,6298754,-1985567,671511,5018.0,9.0,-202.0,-26.0,,2026-07-24T11:48:39.859194+08:00
1303,2021-05-03,-512717,4509380,-175978,3820685,4538.0,9.0,-480.0,0.0,,2026-07-24T11:48:39.859194+08:00
1303,2021-05-04,109341,1833201,24783,1967325,4143.0,27.0,-395.0,18.0,,2026-07-24T11:48:39.859194+08:00
1303,2021-05-05,-371238,2513185,-422534,1719413,4179.0,43.0,36.0,16.0,,2026-07-24T11:48:39.859194+08:00
1303,2021-05-06,-107852,1845344,-47038,1690454,4639.0,27.0,460.0,-16.0,,2026-07-24T11:48:39.859194+08:00
1303,2021-05-07,-415058,-1139808,-27000,-1581866,4353.0,36.0,-286.0,9.0,,2026-07-24T11:48:39.859194+08:00
1303,2021-05-10,-74076,4224839,18218,4168981,3992.0,42.0,-361.0,6.0,,2026-07-24T11:48:39.859194+08:00
1303,2021-05-11,-726842,-1150455,477077,-1400220,3826.0,50.0,-166.0,8.0,,2026-07-24T11:48:39.859194+08:00
1303,2021-05-12,-132853,5450714,423000,5740861,3350.0,85.0,-476.0,35.0,,2026-07-24T11:48:39.859194+08:00
1303,2021-05-13,-41481,-1669809,48000,-1663290,3477.0,96.0,127.0,11.0,,2026-07-24T11:48:39.859194+08:00
1303,2021-05-14,-778023,1528606,543000,1293583,3312.0,74.0,-165.0,-22.0,,2026-07-24T11:48:39.859194+08:00
1303,2021-05-17,199403,-18028,24000,205375,3230.0,96.0,-82.0,22.0,,2026-07-24T11:48:39.859194+08:00
1303,2021-05-18,353313,1145584,25000,1523897,3469.0,90.0,239.0,-6.0,,2026-07-24T11:48:39.859194+08:00
1303,2021-05-19,-156149,-80400,0,-236549,2923.0,37.0,-546.0,-53.0,,2026-07-24T11:48:39.859194+08:00
1303,2021-05-20,-307275,76520,0,-230755,2832.0,37.0,-91.0,0.0,,2026-07-24T11:48:39.859194+08:00
1303,2021-05-21,126477,-135700,-27000,-36223,2886.0,32.0,54.0,-5.0,,2026-07-24T11:48:39.859194+08:00
1303,2021-05-24,145006,-1438907,0,-1293901,2966.0,30.0,80.0,-2.0,,2026-07-24T11:48:39.859194+08:00
1303,2021-05-25,-4813,21332,910000,926519,3032.0,33.0,66.0,3.0,,2026-07-24T11:48:39.859194+08:00
1303,2021-05-26,91458,-1429500,-773000,-2111042,3121.0,56.0,89.0,23.0,,2026-07-24T11:48:39.859194+08:00
1303,2021-05-27,-103316,-294892,-1148000,-1546208,3246.0,35.0,125.0,-21.0,,2026-07-24T11:48:39.859194+08:00
1303,2021-05-28,69339,2001000,-330000,1740339,3054.0,34.0,-192.0,-1.0,,2026-07-24T11:48:39.859194+08:00
1303,2021-05-31,72512,1059000,-594644,536868,3020.0,36.0,-34.0,2.0,,2026-07-24T11:48:39.859194+08:00
1303,2021-06-01,150000,-151400,-208000,-209400,3013.0,40.0,-7.0,4.0,,2026-07-24T11:48:39.859194+08:00
1303,2021-06-02,829001,1475614,-395,2304220,2965.0,26.0,-48.0,-14.0,,2026-07-24T11:48:39.859194+08:00
1303,2021-06-03,111364,-338744,-941,-228321,2941.0,29.0,-24.0,3.0,,2026-07-24T11:48:39.859194+08:00
1303,2021-06-04,-166100,-550900,-459,-717459,2805.0,24.0,-136.0,-5.0,,2026-07-24T11:48:39.859194+08:00
1303,2021-06-07,-11379,-222584,5483,-228480,2758.0,27.0,-47.0,3.0,,2026-07-24T11:48:39.859194+08:00
1303,2021-06-08,-274320,575351,-400000,-98969,2749.0,29.0,-9.0,2.0,,2026-07-24T11:48:39.859194+08:00
1303,2021-06-09,-502785,2122100,-1119000,500315,2742.0,32.0,-7.0,3.0,,2026-07-24T11:48:39.859194+08:00
1303,2021-06-10,72000,1855500,114000,2041500,2643.0,36.0,-99.0,4.0,,2026-07-24T11:48:39.859194+08:00
1303,2021-06-11,-10684,382200,-195000,176516,2649.0,34.0,6.0,-2.0,,2026-07-24T11:48:39.859194+08:00
1303,2021-06-15,74000,-1269208,-2000,-1197208,2681.0,26.0,32.0,-8.0,,2026-07-24T11:48:39.859194+08:00
1303,2021-06-16,1078155,1111700,-836580,1353275,2655.0,19.0,-26.0,-7.0,,2026-07-24T11:48:39.859194+08:00
1303,2021-06-17,-28252,-266500,136000,-158752,2485.0,19.0,-170.0,0.0,,2026-07-24T11:48:39.859194+08:00
1303,2021-06-18,-595766,-4739624,-3643000,-8978390,2776.0,29.0,291.0,10.0,,2026-07-24T11:48:39.859194+08:00
1303,2021-06-21,-357719,1570157,172458,1384896,2513.0,43.0,-263.0,14.0,,2026-07-24T11:48:39.859194+08:00
1303,2021-06-22,109000,1004608,-38000,1075608,2496.0,37.0,-17.0,-6.0,,2026-07-24T11:48:39.859194+08:00
1303,2021-06-23,2211861,4126000,30000,6367861,2562.0,37.0,66.0,0.0,,2026-07-24T11:48:39.859194+08:00
1303,2021-06-24,358000,172606,27000,557606,2490.0,30.0,-72.0,-7.0,,2026-07-24T11:48:39.859194+08:00
1303,2021-06-25,464000,1820240,-316000,1968240,2468.0,32.0,-22.0,2.0,,2026-07-24T11:48:39.859194+08:00
1303,2021-06-28,82000,827200,2000,911200,2401.0,32.0,-67.0,0.0,,2026-07-24T11:48:39.859194+08:00
1303,2021-06-29,9000,-695339,507000,-179339,2372.0,32.0,-29.0,0.0,,2026-07-24T11:48:39.859194+08:00
1303,2021-06-30,29841,674000,406000,1109841,2455.0,31.0,83.0,-1.0,,2026-07-24T11:48:39.859194+08:00
1303,2021-07-01,-118003,104700,563000,549697,2685.0,27.0,230.0,-4.0,,2026-07-24T11:48:39.859194+08:00
1303,2021-07-02,-86675,498510,684000,1095835,2724.0,27.0,39.0,0.0,,2026-07-24T11:48:39.859194+08:00
1303,2021-07-05,1110330,2116100,86607,3313037,3610.0,25.0,886.0,-2.0,,2026-07-24T11:48:39.859194+08:00
1303,2021-07-06,322378,-682178,0,-359800,3518.0,25.0,-92.0,0.0,,2026-07-24T11:48:39.859194+08:00
1303,2021-07-07,318,1713690,-5000,1709008,3721.0,27.0,203.0,2.0,,2026-07-24T11:48:39.859194+08:00
1303,2021-07-08,154000,-1257116,-3909,-1107025,4059.0,28.0,338.0,1.0,,2026-07-24T11:48:39.859194+08:00
1303,2021-07-09,496450,-461200,25000,60250,4472.0,30.0,413.0,2.0,,2026-07-24T11:48:39.859194+08:00
1303,2021-07-12,-565981,-767500,641000,-692481,4373.0,28.0,-99.0,-2.0,,2026-07-24T11:48:39.859194+08:00
1303,2021-07-13,-160789,4819030,-10707,4647534,3862.0,30.0,-511.0,2.0,,2026-07-24T11:48:39.859194+08:00
1303,2021-07-14,-3952,2197251,100000,2293299,3886.0,28.0,24.0,-2.0,,2026-07-24T11:48:39.859194+08:00
1303,2021-07-15,32050,1562230,257798,1852078,4134.0,19.0,248.0,-9.0,,2026-07-24T11:48:39.859194+08:00
1303,2021-07-16,426740,3227988,-81000,3573728,3914.0,19.0,-220.0,0.0,,2026-07-24T11:48:39.859194+08:00
1303,2021-07-19,41000,-3297899,251000,-3005899,4244.0,16.0,330.0,-3.0,,2026-07-24T11:48:39.859194+08:00
1303,2021-07-20,-407023,1259000,-76000,775977,3798.0,13.0,-446.0,-3.0,,2026-07-24T11:48:39.859194+08:00
1303,2021-07-21,303515,179019,34000,516534,3818.0,1.0,20.0,-12.0,,2026-07-24T11:48:39.859194+08:00
1303,2021-07-22,147599,6565486,889423,7602508,3474.0,0.0,-344.0,-1.0,,2026-07-24T11:48:39.859194+08:00
1303,2021-07-23,14692,1867822,346000,2228514,3565.0,0.0,91.0,0.0,,2026-07-24T11:48:39.859194+08:00
1303,2021-07-26,142737,-1978300,337000,-1498563,3904.0,0.0,339.0,0.0,,2026-07-24T11:48:39.859194+08:00
1303,2021-07-27,67551,2391536,697000,3156087,3703.0,0.0,-201.0,0.0,,2026-07-24T11:48:39.859194+08:00
1303,2021-07-28,1043896,431777,166708,1642381,4166.0,10.0,463.0,10.0,,2026-07-24T11:48:39.859194+08:00
1303,2021-07-29,-92246,1698908,9343,1616005,4248.0,20.0,82.0,10.0,,2026-07-24T11:48:39.859194+08:00
1303,2021-07-30,377272,1976277,-582,2352967,4032.0,25.0,-216.0,5.0,,2026-07-24T11:48:39.859194+08:00
1303,2021-08-02,618771,4290932,116,4909819,3648.0,26.0,-384.0,1.0,,2026-07-24T11:48:39.859194+08:00
1303,2021-08-03,263000,-103597,99020,258423,3572.0,35.0,-76.0,9.0,,2026-07-24T11:48:39.859194+08:00
1303,2021-08-04,202000,582017,15626,799643,3590.0,38.0,18.0,3.0,,2026-07-24T11:48:39.859194+08:00
1303,2021-08-05,-118662,565970,-473224,-25916,3472.0,43.0,-118.0,5.0,,2026-07-24T11:48:39.859194+08:00
1303,2021-08-06,-2210,974000,32000,1003790,3425.0,47.0,-47.0,4.0,,2026-07-24T11:48:39.859194+08:00
1303,2021-08-09,32802,857592,1000,891394,3287.0,33.0,-138.0,-14.0,,2026-07-24T11:48:39.859194+08:00
1303,2021-08-10,-145894,1275000,186000,1315106,3105.0,31.0,-182.0,-2.0,,2026-07-24T11:48:39.859194+08:00
1303,2021-08-11,156611,3029000,116000,3301611,2931.0,33.0,-174.0,2.0,,2026-07-24T11:48:39.859194+08:00
1303,2021-08-12,41000,641700,138000,820700,2980.0,31.0,49.0,-2.0,,2026-07-24T11:48:39.859194+08:00
1303,2021-08-13,-723327,52919,250000,-420408,2869.0,30.0,-111.0,-1.0,,2026-07-24T11:48:39.859194+08:00
1303,2021-08-16,-96270,1830000,-112000,1621730,2802.0,35.0,-67.0,5.0,,2026-07-24T11:48:39.859194+08:00
1303,2021-08-17,-43807,1661396,269000,1886589,2741.0,37.0,-61.0,2.0,,2026-07-24T11:48:39.859194+08:00
1303,2021-08-18,176561,2179640,81000,2437201,2672.0,45.0,-69.0,8.0,,2026-07-24T11:48:39.859194+08:00
1303,2021-08-19,-367410,-3253746,326000,-3295156,2790.0,43.0,118.0,-2.0,,2026-07-24T11:48:39.859194+08:00
1303,2021-08-20,-121921,57628,168547,104254,2839.0,79.0,49.0,36.0,,2026-07-24T11:48:39.859194+08:00
1303,2021-08-23,-107373,1525628,51000,1469255,2828.0,90.0,-11.0,11.0,,2026-07-24T11:48:39.859194+08:00
1303,2021-08-24,17000,1489320,27000,1533320,2740.0,86.0,-88.0,-4.0,,2026-07-24T11:48:39.859194+08:00
1303,2021-08-25,40019,258024,16919,314962,2771.0,82.0,31.0,-4.0,,2026-07-24T11:48:39.859194+08:00
1303,2021-08-26,-43211,-3612685,224000,-3431896,2780.0,75.0,9.0,-7.0,,2026-07-24T11:48:39.859194+08:00
1303,2021-08-27,511550,3718382,0,4229932,2745.0,70.0,-35.0,-5.0,,2026-07-24T11:48:39.859194+08:00
1303,2021-08-30,57101,2340000,20000,2417101,2719.0,53.0,-26.0,-17.0,,2026-07-24T11:48:39.859194+08:00
1303,2021-08-31,241488,4550505,66000,4857993,2616.0,287.0,-103.0,234.0,,2026-07-24T11:48:39.859194+08:00
1303,2021-09-01,131495,-492368,-6000,-366873,2519.0,54.0,-97.0,-233.0,,2026-07-24T11:48:39.859194+08:00
1303,2021-09-02,-59597,800360,-9237,731526,2125.0,66.0,-394.0,12.0,,2026-07-24T11:48:39.859194+08:00
1303,2021-09-03,391363,2405594,3823,2800780,2080.0,51.0,-45.0,-15.0,,2026-07-24T11:48:39.859194+08:00
1303,2021-09-06,-127295,734000,-17289,589416,2047.0,50.0,-33.0,-1.0,,2026-07-24T11:48:39.859194+08:00
1303,2021-09-07,-89817,552000,-2715,459468,2129.0,51.0,82.0,1.0,,2026-07-24T11:48:39.859194+08:00
1303,2021-09-08,-619852,1612844,140000,1132992,2070.0,65.0,-59.0,14.0,,2026-07-24T11:48:39.859194+08:00
1303,2021-09-09,-43457,746787,-9000,694330,2117.0,44.0,47.0,-21.0,,2026-07-24T11:48:39.859194+08:00
1303,2021-09-10,-149512,1674600,-9000,1516088,2141.0,43.0,24.0,-1.0,,2026-07-24T11:48:39.859194+08:00
1303,2021-09-13,-49259,2324216,0,2274957,2158.0,43.0,17.0,0.0,,2026-07-24T11:48:39.859194+08:00
1303,2021-09-14,148971,1847070,313000,2309041,2242.0,43.0,84.0,0.0,,2026-07-24T11:48:39.859194+08:00
1303,2021-09-15,-381629,2014000,1326000,2958371,2315.0,64.0,73.0,21.0,,2026-07-24T11:48:39.859194+08:00
1303,2021-09-16,900268,5448069,1451000,7799337,2650.0,84.0,335.0,20.0,,2026-07-24T11:48:39.859194+08:00
1303,2021-09-17,163811,475488,-88360,550939,2580.0,83.0,-70.0,-1.0,,2026-07-24T11:48:39.859194+08:00
1303,2021-09-22,-1124733,-4496545,496000,-5125278,2644.0,43.0,64.0,-40.0,,2026-07-24T11:48:39.859194+08:00
1303,2021-09-23,33897,3373343,8000,3415240,2730.0,64.0,86.0,21.0,,2026-07-24T11:48:39.859194+08:00
1303,2021-09-24,609846,3146000,0,3755846,3049.0,96.0,319.0,32.0,,2026-07-24T11:48:39.859194+08:00
1303,2021-09-27,337900,3947400,605000,4890300,5605.0,112.0,2556.0,16.0,,2026-07-24T11:48:39.859194+08:00
1303,2021-09-28,42274,2647354,39000,2728628,4836.0,129.0,-769.0,17.0,,2026-07-24T11:48:39.859194+08:00
1303,2021-09-29,-1082475,1249000,917000,1083525,4346.0,114.0,-490.0,-15.0,,2026-07-24T11:48:39.859194+08:00
1303,2021-09-30,3249,896162,181000,1080411,4286.0,124.0,-60.0,10.0,,2026-07-24T11:48:39.859194+08:00
1303,2021-10-01,-153078,-6992925,377000,-6769003,4417.0,108.0,131.0,-16.0,,2026-07-24T11:48:39.859194+08:00
1303,2021-10-04,49635,2644155,437000,3130790,3254.0,103.0,-1163.0,-5.0,,2026-07-24T11:48:39.859194+08:00
1303,2021-10-05,143025,2582885,283000,3008910,3535.0,116.0,281.0,13.0,,2026-07-24T11:48:39.859194+08:00
1303,2021-10-06,-295157,4349521,382000,4436364,3572.0,114.0,37.0,-2.0,,2026-07-24T11:48:39.859194+08:00
1303,2021-10-07,352774,5217290,40000,5610064,3383.0,133.0,-189.0,19.0,,2026-07-24T11:48:39.859194+08:00
1303,2021-10-08,-127236,2369900,72000,2314664,3054.0,136.0,-329.0,3.0,,2026-07-24T11:48:39.859194+08:00
1303,2021-10-12,-86761,-5805806,95000,-5797567,3333.0,105.0,279.0,-31.0,,2026-07-24T11:48:39.859194+08:00
1303,2021-10-13,90321,631000,191000,912321,3767.0,112.0,434.0,7.0,,2026-07-24T11:48:39.859194+08:00
1303,2021-10-14,19391,251700,31000,302091,3691.0,104.0,-76.0,-8.0,,2026-07-24T11:48:39.859194+08:00
1303,2021-10-15,-554718,2668000,0,2113282,3594.0,109.0,-97.0,5.0,,2026-07-24T11:48:39.859194+08:00
1303,2021-10-18,75866,469500,97020,642386,3556.0,108.0,-38.0,-1.0,,2026-07-24T11:48:39.859194+08:00
1303,2021-10-19,108000,771000,0,879000,3534.0,267.0,-22.0,159.0,,2026-07-24T11:48:39.859194+08:00
1303,2021-10-20,295529,1535811,0,1831340,3286.0,107.0,-248.0,-160.0,,2026-07-24T11:48:39.859194+08:00
1303,2021-10-21,7357,1111063,-7000,1111420,2992.0,108.0,-294.0,1.0,,2026-07-24T11:48:39.859194+08:00
1303,2021-10-22,15812,-1402320,155000,-1231508,2816.0,104.0,-176.0,-4.0,,2026-07-24T11:48:39.859194+08:00
1303,2021-10-25,-185976,-1012678,36000,-1162654,2977.0,102.0,161.0,-2.0,,2026-07-24T11:48:39.859194+08:00
1303,2021-10-26,-24233,1446433,-566000,856200,2665.0,102.0,-312.0,0.0,,2026-07-24T11:48:39.859194+08:00
1303,2021-10-27,-232486,-1663336,-1440000,-3335822,2661.0,102.0,-4.0,0.0,,2026-07-24T11:48:39.859194+08:00
1303,2021-10-28,-425865,-6144426,-1086000,-7656291,2677.0,108.0,16.0,6.0,,2026-07-24T11:48:39.859194+08:00
1303,2021-10-29,-429501,-1755311,-109000,-2293812,2606.0,116.0,-71.0,8.0,,2026-07-24T11:48:39.859194+08:00
1303,2021-11-01,-300444,-1265900,12000,-1554344,2624.0,96.0,18.0,-20.0,,2026-07-24T11:48:39.859194+08:00
1303,2021-11-02,-128975,-1261872,210000,-1180847,2526.0,107.0,-98.0,11.0,,2026-07-24T11:48:39.859194+08:00
1303,2021-11-03,-41622,-2974705,-23000,-3039327,2630.0,86.0,104.0,-21.0,,2026-07-24T11:48:39.859194+08:00
1303,2021-11-04,16818,-467350,15000,-435532,2571.0,82.0,-59.0,-4.0,,2026-07-24T11:48:39.859194+08:00
1303,2021-11-05,-51259,-1639631,287000,-1403890,2609.0,83.0,38.0,1.0,,2026-07-24T11:48:39.859194+08:00
1303,2021-11-08,89858,361000,41000,491858,2845.0,79.0,236.0,-4.0,,2026-07-24T11:48:39.859194+08:00
1303,2021-11-09,142417,-533308,43418,-347473,2936.0,80.0,91.0,1.0,,2026-07-24T11:48:39.859194+08:00
1303,2021-11-10,369948,-1897179,168000,-1359231,3446.0,80.0,510.0,0.0,,2026-07-24T11:48:39.859194+08:00
1303,2021-11-11,9000,4311000,60000,4380000,3429.0,99.0,-17.0,19.0,,2026-07-24T11:48:39.859194+08:00
1303,2021-11-12,230948,1194000,55000,1479948,3240.0,98.0,-189.0,-1.0,,2026-07-24T11:48:39.859194+08:00
1303,2021-11-15,34166,43751,-45000,32917,3507.0,98.0,267.0,0.0,,2026-07-24T11:48:39.859194+08:00
1303,2021-11-16,-10836,2350612,499000,2838776,3437.0,96.0,-70.0,-2.0,,2026-07-24T11:48:39.859194+08:00
1303,2021-11-17,2858521,-5952162,-810000,-3903641,3962.0,96.0,525.0,0.0,,2026-07-24T11:48:39.859194+08:00
1303,2021-11-18,171228,2106429,-214000,2063657,4021.0,96.0,59.0,0.0,,2026-07-24T11:48:39.859194+08:00
1303,2021-11-19,50814,-1181438,31000,-1099624,3410.0,95.0,-611.0,-1.0,,2026-07-24T11:48:39.859194+08:00
1303,2021-11-22,29226,2544427,0,2573653,3319.0,93.0,-91.0,-2.0,,2026-07-24T11:48:39.859194+08:00
1303,2021-11-23,109477,1518679,0,1628156,3224.0,91.0,-95.0,-2.0,,2026-07-24T11:48:39.859194+08:00
1303,2021-11-24,94452,2533661,57000,2685113,3119.0,89.0,-105.0,-2.0,,2026-07-24T11:48:39.859194+08:00
1303,2021-11-25,19906,1197900,11000,1228806,3086.0,89.0,-33.0,0.0,,2026-07-24T11:48:39.859194+08:00
1303,2021-11-26,152530,-10986000,98000,-10735470,3327.0,122.0,241.0,33.0,,2026-07-24T11:48:39.859194+08:00
1303,2021-11-29,-318000,-3502553,142000,-3678553,3394.0,127.0,67.0,5.0,,2026-07-24T11:48:39.859194+08:00
1303,2021-11-30,47615,-5189521,58000,-5083906,3536.0,72.0,142.0,-55.0,,2026-07-24T11:48:39.859194+08:00
1303,2021-12-01,307023,535921,28000,870944,3489.0,81.0,-47.0,9.0,,2026-07-24T11:48:39.859194+08:00
1303,2021-12-02,-148197,-205717,0,-353914,3587.0,78.0,98.0,-3.0,,2026-07-24T11:48:39.859194+08:00
1303,2021-12-03,163226,-950450,0,-787224,3627.0,74.0,40.0,-4.0,,2026-07-24T11:48:39.859194+08:00
1303,2021-12-06,-202992,431832,9000,237840,3598.0,74.0,-29.0,0.0,,2026-07-24T11:48:39.859194+08:00
1303,2021-12-07,-171340,1183584,-1000,1011244,3576.0,80.0,-22.0,6.0,,2026-07-24T11:48:39.859194+08:00
1303,2021-12-08,41000,1101321,-230000,912321,3455.0,79.0,-121.0,-1.0,,2026-07-24T11:48:39.859194+08:00
1303,2021-12-09,5801,1005000,-6578,1004223,3441.0,78.0,-14.0,-1.0,,2026-07-24T11:48:39.859194+08:00
1303,2021-12-10,-84000,640789,-4000,552789,3395.0,95.0,-46.0,17.0,,2026-07-24T11:48:39.859194+08:00
1303,2021-12-13,-47111,-1455434,-513000,-2015545,3474.0,86.0,79.0,-9.0,,2026-07-24T11:48:39.859194+08:00
1303,2021-12-14,-78073,649000,14000,584927,3475.0,98.0,1.0,12.0,,2026-07-24T11:48:39.859194+08:00
1303,2021-12-15,-213027,-741658,1866000,911315,3471.0,98.0,-4.0,0.0,,2026-07-24T11:48:39.859194+08:00
1303,2021-12-16,275366,-4345784,728000,-3342418,3653.0,94.0,182.0,-4.0,,2026-07-24T11:48:39.859194+08:00
1303,2021-12-17,-1000,3245481,1220000,4464481,3521.0,100.0,-132.0,6.0,,2026-07-24T11:48:39.859194+08:00
1303,2021-12-20,-345642,-1965488,1688000,-623130,3345.0,99.0,-176.0,-1.0,,2026-07-24T11:48:39.859194+08:00
1303,2021-12-21,59000,-539992,959000,478008,3264.0,98.0,-81.0,-1.0,,2026-07-24T11:48:39.859194+08:00
1303,2021-12-22,891,-692634,483000,-208743,3248.0,100.0,-16.0,2.0,,2026-07-24T11:48:39.859194+08:00
1303,2021-12-23,-3000,1046175,312000,1355175,3201.0,99.0,-47.0,-1.0,,2026-07-24T11:48:39.859194+08:00
1303,2021-12-24,-89000,1180575,475000,1566575,3458.0,97.0,257.0,-2.0,,2026-07-24T11:48:39.859194+08:00
1303,2021-12-27,59000,-651470,-19000,-611470,3517.0,97.0,59.0,0.0,,2026-07-24T11:48:39.859194+08:00
1303,2021-12-28,-53000,826000,132000,905000,3522.0,94.0,5.0,-3.0,,2026-07-24T11:48:39.859194+08:00
1303,2021-12-29,77000,1490764,143000,1710764,3407.0,94.0,-115.0,0.0,,2026-07-24T11:48:39.859194+08:00
1303,2021-12-30,-12000,-275800,35000,-252800,3404.0,94.0,-3.0,0.0,,2026-07-24T11:48:39.859194+08:00
1303,2022-01-03,-287000,2103825,454553,2271378,3279.0,97.0,-125.0,3.0,,2026-07-24T11:48:39.859194+08:00
1303,2022-01-04,-53000,-1045300,34000,-1064300,3099.0,61.0,-180.0,-36.0,,2026-07-24T11:48:39.859194+08:00
1303,2022-01-05,-84521,779879,-30000,665358,3091.0,63.0,-8.0,2.0,,2026-07-24T11:48:39.859194+08:00
1303,2022-01-06,-152000,2845710,471000,3164710,3062.0,62.0,-29.0,-1.0,,2026-07-24T11:48:39.859194+08:00
1303,2022-01-07,21000,4215565,551000,4787565,2927.0,76.0,-135.0,14.0,,2026-07-24T11:48:39.859194+08:00
1303,2022-01-10,32000,-655872,340000,-283872,2906.0,75.0,-21.0,-1.0,,2026-07-24T11:48:39.859194+08:00
1303,2022-01-11,-2000,-751026,190000,-563026,2783.0,69.0,-123.0,-6.0,,2026-07-24T11:48:39.859194+08:00
1303,2022-01-12,762000,1843054,261000,2866054,2785.0,68.0,2.0,-1.0,,2026-07-24T11:48:39.859194+08:00
1303,2022-01-13,12000,-268366,218000,-38366,2740.0,71.0,-45.0,3.0,,2026-07-24T11:48:39.859194+08:00
1303,2022-01-14,-88823,-2385900,363461,-2111262,2512.0,72.0,-228.0,1.0,,2026-07-24T11:48:39.859194+08:00
1303,2022-01-17,-77000,-1198100,205000,-1070100,2497.0,72.0,-15.0,0.0,,2026-07-24T11:48:39.859194+08:00
1303,2022-01-18,-150927,-959570,-23000,-1133497,2298.0,72.0,-199.0,0.0,,2026-07-24T11:48:39.859194+08:00
1303,2022-01-19,-248000,-409256,61000,-596256,2228.0,89.0,-70.0,17.0,,2026-07-24T11:48:39.859194+08:00
1303,2022-01-20,38000,-587168,4000,-545168,2170.0,90.0,-58.0,1.0,,2026-07-24T11:48:39.859194+08:00
1303,2022-01-21,-43525,-4299809,919000,-3424334,2133.0,99.0,-37.0,9.0,,2026-07-24T11:48:39.859194+08:00
1303,2022-01-24,-7090,695598,745000,1433508,2115.0,99.0,-18.0,0.0,,2026-07-24T11:48:39.859194+08:00
1303,2022-01-25,-490219,-8922686,854000,-8558905,2264.0,98.0,149.0,-1.0,,2026-07-24T11:48:39.859194+08:00
1303,2022-01-26,41981,2311714,310000,2663695,2080.0,101.0,-184.0,3.0,,2026-07-24T11:48:39.859194+08:00
1303,2022-02-07,529104,5971486,249000,6749590,2086.0,114.0,6.0,13.0,,2026-07-24T11:48:39.859194+08:00
1303,2022-02-08,56000,-1727591,282000,-1389591,2320.0,111.0,234.0,-3.0,,2026-07-24T11:48:39.859194+08:00
1303,2022-02-09,243000,649000,238000,1130000,2187.0,113.0,-133.0,2.0,,2026-07-24T11:48:39.859194+08:00
1303,2022-02-10,52994,-754113,197000,-504119,2217.0,109.0,30.0,-4.0,,2026-07-24T11:48:39.859194+08:00
1303,2022-02-11,-74000,106352,176000,208352,2147.0,112.0,-70.0,3.0,,2026-07-24T11:48:39.859194+08:00
1303,2022-02-14,42095,-2143892,461000,-1640797,2212.0,112.0,65.0,0.0,,2026-07-24T11:48:39.859194+08:00
1303,2022-02-15,-84000,-2853672,293000,-2644672,2179.0,94.0,-33.0,-18.0,,2026-07-24T11:48:39.859194+08:00
1303,2022-02-16,156612,1333600,345000,1835212,2063.0,84.0,-116.0,-10.0,,2026-07-24T11:48:39.859194+08:00
1303,2022-02-17,126433,1761263,177000,2064696,2133.0,81.0,70.0,-3.0,,2026-07-24T11:48:39.859194+08:00
1303,2022-02-18,159000,1940380,11000,2110380,2314.0,81.0,181.0,0.0,,2026-07-24T11:48:39.859194+08:00
1303,2022-02-21,-47075,-743919,377540,-413454,2123.0,74.0,-191.0,-7.0,,2026-07-24T11:48:39.859194+08:00
1303,2022-02-22,-354190,-5179000,599000,-4934190,2131.0,67.0,8.0,-7.0,,2026-07-24T11:48:39.859194+08:00
1303,2022-02-23,120915,-92389,542000,570526,2167.0,68.0,36.0,1.0,,2026-07-24T11:48:39.859194+08:00
1303,2022-02-24,-52200,-2320420,776000,-1596620,2095.0,66.0,-72.0,-2.0,,2026-07-24T11:48:39.859194+08:00
1303,2022-02-25,418747,-3775574,1123421,-2233406,2064.0,59.0,-31.0,-7.0,,2026-07-24T11:48:39.859194+08:00
1303,2022-03-01,847879,5553710,454000,6855589,2311.0,66.0,247.0,7.0,,2026-07-24T11:48:39.859194+08:00
1303,2022-03-02,102746,1378552,270000,1751298,2493.0,70.0,182.0,4.0,,2026-07-24T11:48:39.859194+08:00
1303,2022-03-03,102704,1710309,15000,1828013,2622.0,71.0,129.0,1.0,,2026-07-24T11:48:39.859194+08:00
1303,2022-03-04,-156552,-2018718,11000,-2164270,2518.0,60.0,-104.0,-11.0,,2026-07-24T11:48:39.859194+08:00
1303,2022-03-07,-268279,-5655000,1368000,-4555279,2638.0,57.0,120.0,-3.0,,2026-07-24T11:48:39.859194+08:00
1303,2022-03-08,509740,-4208645,1044000,-2654905,2591.0,57.0,-47.0,0.0,,2026-07-24T11:48:39.859194+08:00
1303,2022-03-09,33597,-1700891,337000,-1330294,2404.0,55.0,-187.0,-2.0,,2026-07-24T11:48:39.859194+08:00
1303,2022-03-10,585226,1979734,36000,2600960,2157.0,55.0,-247.0,0.0,,2026-07-24T11:48:39.859194+08:00
1303,2022-03-11,845055,-1689100,26000,-818045,2362.0,55.0,205.0,0.0,,2026-07-24T11:48:39.859194+08:00
1303,2022-03-14,-1028021,628720,174000,-225301,2461.0,58.0,99.0,3.0,,2026-07-24T11:48:39.859194+08:00
1303,2022-03-15,-48000,450988,280000,682988,2022.0,53.0,-439.0,-5.0,,2026-07-24T11:48:39.859194+08:00
1303,2022-03-16,58000,2674844,123000,2855844,1889.0,58.0,-133.0,5.0,,2026-07-24T11:48:39.859194+08:00
1303,2022-03-17,-182604,1682422,4000,1503818,1879.0,59.0,-10.0,1.0,,2026-07-24T11:48:39.859194+08:00
1303,2022-03-18,69044,80564,-17805,131803,1820.0,60.0,-59.0,1.0,,2026-07-24T11:48:39.859194+08:00
1303,2022-03-21,-3841,1625967,21000,1643126,1701.0,63.0,-119.0,3.0,,2026-07-24T11:48:39.859194+08:00
1303,2022-03-22,-41450,1144396,272000,1374946,1711.0,63.0,10.0,0.0,,2026-07-24T11:48:39.859194+08:00
1303,2022-03-23,256790,2105229,22000,2384019,1758.0,64.0,47.0,1.0,,2026-07-24T11:48:39.859194+08:00
1303,2022-03-24,-3293,27818,55000,79525,1650.0,47.0,-108.0,-17.0,,2026-07-24T11:48:39.859194+08:00
1303,2022-03-25,-23500,197780,16000,190280,1645.0,41.0,-5.0,-6.0,,2026-07-24T11:48:39.859194+08:00
1303,2022-03-28,36878,-695649,256000,-402771,1559.0,34.0,-86.0,-7.0,,2026-07-24T11:48:39.859194+08:00
1303,2022-03-29,26000,325878,32000,383878,1566.0,29.0,7.0,-5.0,,2026-07-24T11:48:39.859194+08:00
1303,2022-03-30,405000,3914490,8000,4327490,1549.0,10.0,-17.0,-19.0,,2026-07-24T11:48:39.859194+08:00
1303,2022-03-31,-75446,36500,-4000,-42946,1498.0,0.0,-51.0,-10.0,,2026-07-24T11:48:39.859194+08:00
1303,2022-04-01,-6597,-87275,79000,-14872,1511.0,0.0,13.0,0.0,,2026-07-24T11:48:39.859194+08:00
1303,2022-04-06,3082,-291544,299000,10538,1490.0,0.0,-21.0,0.0,,2026-07-24T11:48:39.859194+08:00
1303,2022-04-07,-170479,1926417,169000,1924938,1382.0,0.0,-108.0,0.0,,2026-07-24T11:48:39.859194+08:00
1303,2022-04-08,-50188,248652,559000,757464,1377.0,4.0,-5.0,4.0,,2026-07-24T11:48:39.859194+08:00
1303,2022-04-11,-236380,-1519301,414000,-1341681,1381.0,10.0,4.0,6.0,,2026-07-24T11:48:39.859194+08:00
1303,2022-04-12,-69504,951542,265000,1147038,1247.0,14.0,-134.0,4.0,,2026-07-24T11:48:39.859194+08:00
1303,2022-04-13,605943,-1677892,-35000,-1106949,1426.0,48.0,179.0,34.0,,2026-07-24T11:48:39.859194+08:00
1303,2022-04-14,335150,-1456563,48000,-1073413,1535.0,47.0,109.0,-1.0,,2026-07-24T11:48:39.859194+08:00
1303,2022-04-15,308748,-2700000,475000,-1916252,1559.0,46.0,24.0,-1.0,,2026-07-24T11:48:39.859194+08:00
1303,2022-04-18,293913,-2793084,778000,-1721171,1602.0,44.0,43.0,-2.0,,2026-07-24T11:48:39.859194+08:00
1303,2022-04-19,78350,1541000,133000,1752350,1815.0,6.0,213.0,-38.0,,2026-07-24T11:48:39.859194+08:00
1303,2022-04-20,57332,663625,1000,721957,1753.0,6.0,-62.0,0.0,,2026-07-24T11:48:39.859194+08:00
1303,2022-04-21,42916,-1093047,-223000,-1273131,1857.0,5.0,104.0,-1.0,,2026-07-24T11:48:39.859194+08:00
1303,2022-04-22,85469,-2286000,-217000,-2417531,1859.0,47.0,2.0,42.0,,2026-07-24T11:48:39.859194+08:00
1303,2022-04-25,-140947,-6610311,341000,-6410258,1794.0,30.0,-65.0,-17.0,,2026-07-24T11:48:39.859194+08:00
1303,2022-04-26,13444,-2460339,171000,-2275895,1784.0,38.0,-10.0,8.0,,2026-07-24T11:48:39.859194+08:00
1303,2022-04-27,-230658,-3844834,786000,-3289492,1663.0,14.0,-121.0,-24.0,,2026-07-24T11:48:39.859194+08:00
1303,2022-04-28,102509,-1758557,63000,-1593048,1715.0,12.0,52.0,-2.0,,2026-07-24T11:48:39.859194+08:00
1303,2022-04-29,21255,-697191,226000,-449936,1622.0,14.0,-93.0,2.0,,2026-07-24T11:48:39.859194+08:00
1303,2022-05-03,-24296,-1959000,364000,-1619296,1569.0,14.0,-53.0,0.0,,2026-07-24T11:48:39.859194+08:00
1303,2022-05-04,5204,-1866336,391000,-1470132,1572.0,14.0,3.0,0.0,,2026-07-24T11:48:39.859194+08:00
1303,2022-05-05,15452,352142,405184,772778,1579.0,15.0,7.0,1.0,,2026-07-24T11:48:39.859194+08:00
1303,2022-05-06,-29872,-2452433,135000,-2347305,1596.0,13.0,17.0,-2.0,,2026-07-24T11:48:39.859194+08:00
1303,2022-05-09,-90295,-3350000,601000,-2839295,1701.0,16.0,105.0,3.0,,2026-07-24T11:48:39.859194+08:00
1303,2022-05-10,65194,-1113859,230000,-818665,1583.0,16.0,-118.0,0.0,,2026-07-24T11:48:39.859194+08:00
1303,2022-05-11,-31219,-592907,221000,-403126,1560.0,21.0,-23.0,5.0,,2026-07-24T11:48:39.859194+08:00
1303,2022-05-12,-1024864,-4415157,238000,-5202021,1585.0,25.0,25.0,4.0,,2026-07-24T11:48:39.859194+08:00
1303,2022-05-13,509188,-4321516,375000,-3437328,1866.0,32.0,281.0,7.0,,2026-07-24T11:48:39.859194+08:00
1303,2022-05-16,338502,-5529147,621000,-4569645,1808.0,71.0,-58.0,39.0,,2026-07-24T11:48:39.859194+08:00
1303,2022-05-17,287394,-1893952,30000,-1576558,2031.0,43.0,223.0,-28.0,,2026-07-24T11:48:39.859194+08:00
1303,2022-05-18,52785,-911691,125000,-733906,2091.0,20.0,60.0,-23.0,,2026-07-24T11:48:39.859194+08:00
1303,2022-05-19,-97746,-2197538,-26000,-2321284,2150.0,19.0,59.0,-1.0,,2026-07-24T11:48:39.859194+08:00
1303,2022-05-20,12169,-2707938,55000,-2640769,2129.0,20.0,-21.0,1.0,,2026-07-24T11:48:39.859194+08:00
1303,2022-05-23,223839,-3494233,444000,-2826394,2211.0,20.0,82.0,0.0,,2026-07-24T11:48:39.859194+08:00
1303,2022-05-24,-20143,-4272000,1000,-4291143,2192.0,22.0,-19.0,2.0,,2026-07-24T11:48:39.859194+08:00
1303,2022-05-25,508628,-1886749,-723000,-2101121,2321.0,23.0,129.0,1.0,,2026-07-24T11:48:39.859194+08:00
1303,2022-05-26,85057,-795628,-917000,-1627571,2155.0,29.0,-166.0,6.0,,2026-07-24T11:48:39.859194+08:00
1303,2022-05-27,254970,573000,-962000,-134030,2173.0,30.0,18.0,1.0,,2026-07-24T11:48:39.859194+08:00
1303,2022-05-30,341945,1778734,-1019000,1101679,2279.0,21.0,106.0,-9.0,,2026-07-24T11:48:39.859194+08:00
1303,2022-05-31,161718,1177358,-1317506,21570,2241.0,155.0,-38.0,134.0,,2026-07-24T11:48:39.859194+08:00
1303,2022-06-01,167830,-1653127,-99000,-1584297,2157.0,21.0,-84.0,-134.0,,2026-07-24T11:48:39.859194+08:00
1303,2022-06-02,52394,-65000,1000,-11606,2052.0,16.0,-105.0,-5.0,,2026-07-24T11:48:39.859194+08:00
1303,2022-06-06,408902,-1166096,-1000,-758194,2064.0,16.0,12.0,0.0,,2026-07-24T11:48:39.859194+08:00
1303,2022-06-07,364122,-1626077,0,-1261955,2044.0,16.0,-20.0,0.0,,2026-07-24T11:48:39.859194+08:00
1303,2022-06-08,259016,-601548,-66000,-408532,1998.0,16.0,-46.0,0.0,,2026-07-24T11:48:39.859194+08:00
1303,2022-06-09,210414,-2075721,8000,-1857307,2001.0,18.0,3.0,2.0,,2026-07-24T11:48:39.859194+08:00
1303,2022-06-10,147716,-1891450,-10000,-1753734,1998.0,18.0,-3.0,0.0,,2026-07-24T11:48:39.859194+08:00
1303,2022-06-13,47580,-6007422,508000,-5451842,1904.0,24.0,-94.0,6.0,,2026-07-24T11:48:39.859194+08:00
1303,2022-06-14,325317,-2568776,92000,-2151459,1909.0,25.0,5.0,1.0,,2026-07-24T11:48:39.859194+08:00
1303,2022-06-15,704083,-3830534,1488671,-1637780,1845.0,27.0,-64.0,2.0,,2026-07-24T11:48:39.859194+08:00
1303,2022-06-16,154531,-3102486,1621000,-1326955,1921.0,29.0,76.0,2.0,,2026-07-24T11:48:39.859194+08:00
1303,2022-06-17,218993,-2473582,1939000,-315589,1894.0,25.0,-27.0,-4.0,,2026-07-24T11:48:39.859194+08:00
1303,2022-06-20,576328,-2318300,1806000,64028,2056.0,31.0,162.0,6.0,,2026-07-24T11:48:39.859194+08:00
1303,2022-06-21,869000,-2432063,1832000,268937,1967.0,29.0,-89.0,-2.0,,2026-07-24T11:48:39.859194+08:00
1303,2022-06-22,1024532,-3866010,1918000,-923478,1956.0,25.0,-11.0,-4.0,,2026-07-24T11:48:39.859194+08:00
1303,2022-06-23,1783379,-3514770,1720000,-11391,1978.0,23.0,22.0,-2.0,,2026-07-24T11:48:39.859194+08:00
1303,2022-06-24,2231000,-24926,1895000,4101074,1605.0,27.0,-373.0,4.0,,2026-07-24T11:48:39.859194+08:00
1303,2022-06-27,671575,-3325375,844000,-1809800,1648.0,26.0,43.0,-1.0,,2026-07-24T11:48:39.859194+08:00
1303,2022-06-28,453924,-466830,231000,218094,1657.0,25.0,9.0,-1.0,,2026-07-24T11:48:39.859194+08:00
1303,2022-06-29,281444,-655314,159000,-214870,1583.0,16.0,-74.0,-9.0,,2026-07-24T11:48:39.859194+08:00
1303,2022-06-30,855215,-3855883,750000,-2250668,1565.0,0.0,-18.0,-16.0,,2026-07-24T11:48:39.859194+08:00
1303,2022-07-01,1757977,-8767694,495000,-6514717,1500.0,0.0,-65.0,0.0,,2026-07-24T11:48:39.859194+08:00
1303,2022-07-04,4306421,-8174656,1004000,-2864235,1693.0,0.0,193.0,0.0,,2026-07-24T11:48:39.859194+08:00
1303,2022-07-05,2167418,-10214492,1940000,-6107074,1941.0,0.0,248.0,0.0,,2026-07-24T11:48:39.859194+08:00
1303,2022-07-06,-6318120,-4831470,-2117000,-13266590,2522.0,338.0,581.0,338.0,,2026-07-24T11:48:39.859194+08:00
1303,2022-07-07,-222522,-9258931,-2542000,-12023453,2854.0,223.0,332.0,-115.0,,2026-07-24T11:48:39.859194+08:00
1303,2022-07-08,292460,-6798600,-2515000,-9021140,3114.0,196.0,260.0,-27.0,,2026-07-24T11:48:39.859194+08:00
1303,2022-07-11,95921,-3914669,-4169000,-7987748,3340.0,342.0,226.0,146.0,,2026-07-24T11:48:39.859194+08:00
1303,2022-07-12,167570,-4990184,-3693000,-8515614,3545.0,534.0,205.0,192.0,,2026-07-24T11:48:39.859194+08:00
1303,2022-07-13,705125,-1743797,-2844000,-3882672,3590.0,252.0,45.0,-282.0,,2026-07-24T11:48:39.859194+08:00
1303,2022-07-14,101716,618576,-2917000,-2196708,3626.0,199.0,36.0,-53.0,,2026-07-24T11:48:39.859194+08:00
1303,2022-07-15,-143980,-1797469,-143000,-2084449,3593.0,176.0,-33.0,-23.0,,2026-07-24T11:48:39.859194+08:00
1303,2022-07-18,135347,1137187,-3470000,-2197466,3685.0,170.0,92.0,-6.0,,2026-07-24T11:48:39.859194+08:00
1303,2022-07-19,103747,416550,-3118000,-2597703,3682.0,162.0,-3.0,-8.0,,2026-07-24T11:48:39.859194+08:00
1303,2022-07-20,-210760,-1668075,-3155943,-5034778,3650.0,152.0,-32.0,-10.0,,2026-07-24T11:48:39.859194+08:00
1303,2022-07-21,135000,4057819,-3052000,1140819,3566.0,151.0,-84.0,-1.0,,2026-07-24T11:48:39.859194+08:00
1303,2022-07-22,-144462,-79790,-3033000,-3257252,3535.0,145.0,-31.0,-6.0,,2026-07-24T11:48:39.859194+08:00
1303,2022-07-25,-78119,-94600,187000,14281,3324.0,153.0,-211.0,8.0,,2026-07-24T11:48:39.859194+08:00
1303,2022-07-26,-43931,-1335600,901000,-478531,2965.0,147.0,-359.0,-6.0,,2026-07-24T11:48:39.859194+08:00
1303,2022-07-27,40809,-1437024,160000,-1236215,3018.0,147.0,53.0,0.0,,2026-07-24T11:48:39.859194+08:00
1303,2022-07-28,-46607,-988032,333000,-701639,3003.0,151.0,-15.0,4.0,,2026-07-24T11:48:39.859194+08:00
1303,2022-07-29,44391,-1732647,211000,-1477256,2786.0,146.0,-217.0,-5.0,,2026-07-24T11:48:39.859194+08:00
1303,2022-08-01,48876,-476132,452000,24744,2654.0,154.0,-132.0,8.0,,2026-07-24T11:48:39.859194+08:00
1303,2022-08-02,-57426,-4417000,535000,-3939426,2975.0,134.0,321.0,-20.0,,2026-07-24T11:48:39.859194+08:00
1303,2022-08-03,-129537,-2579768,191000,-2518305,3026.0,197.0,51.0,63.0,,2026-07-24T11:48:39.859194+08:00
1303,2022-08-04,-398114,-3361653,221000,-3538767,3037.0,271.0,11.0,74.0,,2026-07-24T11:48:39.859194+08:00
1303,2022-08-05,-16794,424000,314000,721206,2881.0,266.0,-156.0,-5.0,,2026-07-24T11:48:39.859194+08:00
1303,2022-08-08,415,142000,258000,400415,2838.0,263.0,-43.0,-3.0,,2026-07-24T11:48:39.859194+08:00
1303,2022-08-09,-31091,731879,212738,913526,2830.0,151.0,-8.0,-112.0,,2026-07-24T11:48:39.859194+08:00
1303,2022-08-10,-140074,75000,522000,456926,2781.0,143.0,-49.0,-8.0,,2026-07-24T11:48:39.859194+08:00
1303,2022-08-11,48399,2604185,174000,2826584,2549.0,137.0,-232.0,-6.0,,2026-07-24T11:48:39.859194+08:00
1303,2022-08-12,3410,-905054,222000,-679644,2497.0,135.0,-52.0,-2.0,,2026-07-24T11:48:39.859194+08:00
1303,2022-08-15,-67000,-411731,414000,-64731,2335.0,112.0,-162.0,-23.0,,2026-07-24T11:48:39.859194+08:00
1303,2022-08-16,-10349,-989216,589000,-410565,2354.0,112.0,19.0,0.0,,2026-07-24T11:48:39.859194+08:00
1303,2022-08-17,-52650,-48662,158000,56688,2334.0,114.0,-20.0,2.0,,2026-07-24T11:48:39.859194+08:00
1303,2022-08-18,-7017,-852700,81000,-778717,2369.0,112.0,35.0,-2.0,,2026-07-24T11:48:39.859194+08:00
1303,2022-08-19,-21975,-48013,223000,153012,2379.0,112.0,10.0,0.0,,2026-07-24T11:48:39.859194+08:00
1303,2022-08-22,-43255,-565938,451000,-158193,2350.0,100.0,-29.0,-12.0,,2026-07-24T11:48:39.859194+08:00
1303,2022-08-23,-19702,-864300,277000,-607002,2390.0,105.0,40.0,5.0,,2026-07-24T11:48:39.859194+08:00
1303,2022-08-24,27821,-384285,295134,-61330,2142.0,106.0,-248.0,1.0,,2026-07-24T11:48:39.859194+08:00
1303,2022-08-25,82777,-92528,333000,323249,2109.0,107.0,-33.0,1.0,,2026-07-24T11:48:39.859194+08:00
1303,2022-08-26,-23586,-2067293,217000,-1873879,2132.0,147.0,23.0,40.0,,2026-07-24T11:48:39.859194+08:00
1303,2022-08-29,-438311,-3564740,566000,-3437051,2142.0,118.0,10.0,-29.0,,2026-07-24T11:48:39.859194+08:00
1303,2022-08-30,-20584,-2597500,445000,-2173084,2118.0,106.0,-24.0,-12.0,,2026-07-24T11:48:39.859194+08:00
1303,2022-08-31,132589,-516861,177000,-207272,2009.0,109.0,-109.0,3.0,,2026-07-24T11:48:39.859194+08:00
1303,2022-09-01,-1284631,-3035985,450000,-3870616,1954.0,107.0,-55.0,-2.0,,2026-07-24T11:48:39.859194+08:00
1303,2022-09-02,-247398,-2729204,465000,-2511602,1977.0,106.0,23.0,-1.0,,2026-07-24T11:48:39.859194+08:00
1303,2022-09-05,-230583,117489,229000,115906,1994.0,112.0,17.0,6.0,,2026-07-24T11:48:39.859194+08:00
1303,2022-09-06,27328,-170650,251000,107678,1902.0,112.0,-92.0,0.0,,2026-07-24T11:48:39.859194+08:00
1303,2022-09-07,-720674,-2230487,480000,-2471161,1860.0,114.0,-42.0,2.0,,2026-07-24T11:48:39.859194+08:00
1303,2022-09-08,-248006,-394331,208000,-434337,1848.0,124.0,-12.0,10.0,,2026-07-24T11:48:39.859194+08:00
1303,2022-09-12,39604,1432036,11000,1482640,1789.0,109.0,-59.0,-15.0,,2026-07-24T11:48:39.859194+08:00
1303,2022-09-13,117132,-773212,52000,-604080,1789.0,99.0,0.0,-10.0,,2026-07-24T11:48:39.859194+08:00
1303,2022-09-14,-195605,-1936532,109130,-2023007,2047.0,99.0,258.0,0.0,,2026-07-24T11:48:39.859194+08:00
1303,2022-09-15,-168118,-360835,36000,-492953,1926.0,103.0,-121.0,4.0,,2026-07-24T11:48:39.859194+08:00
1303,2022-09-16,-187233,-1689942,654826,-1222349,1845.0,104.0,-81.0,1.0,,2026-07-24T11:48:39.859194+08:00
1303,2022-09-19,28221,-1077216,367000,-681995,1856.0,100.0,11.0,-4.0,,2026-07-24T11:48:39.859194+08:00
1303,2022-09-20,116437,-745678,-263000,-892241,1976.0,96.0,120.0,-4.0,,2026-07-24T11:48:39.859194+08:00
1303,2022-09-21,-214683,-620244,90000,-744927,1968.0,107.0,-8.0,11.0,,2026-07-24T11:48:39.859194+08:00
1303,2022-09-22,-149607,-2899483,650000,-2399090,2006.0,132.0,38.0,25.0,,2026-07-24T11:48:39.859194+08:00
1303,2022-09-23,81427,804000,196000,1081427,1957.0,136.0,-49.0,4.0,,2026-07-24T11:48:39.859194+08:00
1303,2022-09-26,-78832,-2700049,927000,-1851881,1961.0,134.0,4.0,-2.0,,2026-07-24T11:48:39.859194+08:00
1303,2022-09-27,5929,-350082,515000,170847,1925.0,128.0,-36.0,-6.0,,2026-07-24T11:48:39.859194+08:00
1303,2022-09-28,3166,-1614143,515000,-1095977,1940.0,157.0,15.0,29.0,,2026-07-24T11:48:39.859194+08:00
1303,2022-09-29,-21020,-78644,372000,272336,1756.0,132.0,-184.0,-25.0,,2026-07-24T11:48:39.859194+08:00
1303,2022-09-30,109017,535220,353000,997237,1671.0,136.0,-85.0,4.0,,2026-07-24T11:48:39.859194+08:00
1303,2022-10-03,-91000,202311,544000,655311,1587.0,126.0,-84.0,-10.0,,2026-07-24T11:48:39.859194+08:00
1303,2022-10-04,111000,-942893,242000,-589893,1669.0,121.0,82.0,-5.0,,2026-07-24T11:48:39.859194+08:00
1303,2022-10-05,-12000,819500,54000,861500,1648.0,98.0,-21.0,-23.0,,2026-07-24T11:48:39.859194+08:00
1303,2022-10-06,618,-1177293,210873,-965802,1677.0,112.0,29.0,14.0,,2026-07-24T11:48:39.859194+08:00
1303,2022-10-07,-20134,-673835,203873,-490096,1653.0,109.0,-24.0,-3.0,,2026-07-24T11:48:39.859194+08:00
1303,2022-10-11,97178,-1189292,812508,-279606,1663.0,127.0,10.0,18.0,,2026-07-24T11:48:39.859194+08:00
1303,2022-10-12,75379,-2764000,278000,-2410621,1680.0,120.0,17.0,-7.0,,2026-07-24T11:48:39.859194+08:00
1303,2022-10-13,-7741,-3515319,600000,-2923060,1647.0,127.0,-33.0,7.0,,2026-07-24T11:48:39.859194+08:00
1303,2022-10-14,260285,2447475,214000,2921760,1660.0,103.0,13.0,-24.0,,2026-07-24T11:48:39.859194+08:00
1303,2022-10-17,274704,1138287,1639872,3052863,1615.0,98.0,-45.0,-5.0,,2026-07-24T11:48:39.859194+08:00
1303,2022-10-18,361541,2347815,1280000,3989356,1491.0,112.0,-124.0,14.0,,2026-07-24T11:48:39.859194+08:00
1303,2022-10-19,254529,-1271141,1034000,17388,1530.0,102.0,39.0,-10.0,,2026-07-24T11:48:39.859194+08:00
1303,2022-10-20,101117,2345602,235000,2681719,1500.0,131.0,-30.0,29.0,,2026-07-24T11:48:39.859194+08:00
1303,2022-10-21,108467,1195746,11000,1315213,1488.0,135.0,-12.0,4.0,,2026-07-24T11:48:39.859194+08:00
1303,2022-10-24,712193,2363000,21868,3097061,1483.0,136.0,-5.0,1.0,,2026-07-24T11:48:39.859194+08:00
1303,2022-10-25,1326171,284762,229000,1839933,1459.0,144.0,-24.0,8.0,,2026-07-24T11:48:39.859194+08:00
1303,2022-10-26,1034887,-136662,171000,1069225,1474.0,141.0,15.0,-3.0,,2026-07-24T11:48:39.859194+08:00
1303,2022-10-27,178736,1606281,-114000,1671017,1312.0,141.0,-162.0,0.0,,2026-07-24T11:48:39.859194+08:00
1303,2022-10-28,29694,-425723,82000,-314029,1266.0,139.0,-46.0,-2.0,,2026-07-24T11:48:39.859194+08:00
1303,2022-10-31,25030,727333,-69050,683313,1229.0,139.0,-37.0,0.0,,2026-07-24T11:48:39.859194+08:00
1303,2022-11-01,241250,221000,50000,512250,1222.0,137.0,-7.0,-2.0,,2026-07-24T11:48:39.859194+08:00
1303,2022-11-02,-107318,-9631,135903,18954,1178.0,137.0,-44.0,0.0,,2026-07-24T11:48:39.859194+08:00
1303,2022-11-03,1348,3821549,262669,4085566,1173.0,137.0,-5.0,0.0,,2026-07-24T11:48:39.859194+08:00
1303,2022-11-04,-56605,2178735,258940,2381070,1264.0,130.0,91.0,-7.0,,2026-07-24T11:48:39.859194+08:00
1303,2022-11-07,-129000,5764980,-23000,5612980,1428.0,134.0,164.0,4.0,,2026-07-24T11:48:39.859194+08:00
1303,2022-11-08,34123,2234016,89000,2357139,1327.0,123.0,-101.0,-11.0,,2026-07-24T11:48:39.859194+08:00
1303,2022-11-09,-68000,1724900,-45000,1611900,1123.0,122.0,-204.0,-1.0,,2026-07-24T11:48:39.859194+08:00
1303,2022-11-10,-76010,1439000,104000,1466990,1067.0,121.0,-56.0,-1.0,,2026-07-24T11:48:39.859194+08:00
1303,2022-11-11,-1012993,8704492,-42000,7649499,1114.0,119.0,47.0,-2.0,,2026-07-24T11:48:39.859194+08:00
1303,2022-11-14,-1197236,7120788,0,5923552,1150.0,119.0,36.0,0.0,,2026-07-24T11:48:39.859194+08:00
1303,2022-11-15,-505232,4218856,-168000,3545624,1044.0,108.0,-106.0,-11.0,,2026-07-24T11:48:39.859194+08:00
1303,2022-11-16,-1333868,1592858,-81000,177990,1034.0,95.0,-10.0,-13.0,,2026-07-24T11:48:39.859194+08:00
1303,2022-11-17,-111217,1233633,57000,1179416,1009.0,100.0,-25.0,5.0,,2026-07-24T11:48:39.859194+08:00
1303,2022-11-18,-60000,957133,86000,983133,1007.0,101.0,-2.0,1.0,,2026-07-24T11:48:39.859194+08:00
1303,2022-11-21,-63000,3501000,139000,3577000,1079.0,101.0,72.0,0.0,,2026-07-24T11:48:39.859194+08:00
1303,2022-11-22,-41320,5229425,1889000,7077105,1090.0,105.0,11.0,4.0,,2026-07-24T11:48:39.859194+08:00
1303,2022-11-23,-41276,-453689,2828000,2333035,1106.0,106.0,16.0,1.0,,2026-07-24T11:48:39.859194+08:00
1303,2022-11-24,84726,3208823,2597000,5890549,1068.0,107.0,-38.0,1.0,,2026-07-24T11:48:39.859194+08:00
1303,2022-11-25,-195819,856000,2682000,3342181,1046.0,96.0,-22.0,-11.0,,2026-07-24T11:48:39.859194+08:00
1303,2022-11-28,-368904,-2395213,2017094,-747023,1022.0,100.0,-24.0,4.0,,2026-07-24T11:48:39.859194+08:00
1303,2022-11-29,-389000,-759347,2451801,1303454,933.0,102.0,-89.0,2.0,,2026-07-24T11:48:39.859194+08:00
1303,2022-11-30,-77600,-1455858,2854477,1321019,969.0,102.0,36.0,0.0,,2026-07-24T11:48:39.859194+08:00
1303,2022-12-01,-494101,1063675,2051000,2620574,902.0,98.0,-67.0,-4.0,,2026-07-24T11:48:39.859194+08:00
1303,2022-12-02,-388000,-1142405,1960608,430203,916.0,98.0,14.0,0.0,,2026-07-24T11:48:39.859194+08:00
1303,2022-12-05,-117999,1294745,107000,1283746,903.0,99.0,-13.0,1.0,,2026-07-24T11:48:39.859194+08:00
1303,2022-12-06,-206418,-1028411,570803,-664026,915.0,98.0,12.0,-1.0,,2026-07-24T11:48:39.859194+08:00
1303,2022-12-07,11968,-77728,250000,184240,914.0,103.0,-1.0,5.0,,2026-07-24T11:48:39.859194+08:00
1303,2022-12-08,-141032,-428337,450000,-119369,973.0,98.0,59.0,-5.0,,2026-07-24T11:48:39.859194+08:00
1303,2022-12-09,-88244,1812791,13000,1737547,966.0,97.0,-7.0,-1.0,,2026-07-24T11:48:39.859194+08:00
1303,2022-12-12,463,-605795,291802,-313530,985.0,96.0,19.0,-1.0,,2026-07-24T11:48:39.859194+08:00
1303,2022-12-13,-4284,-1224986,239000,-990270,1008.0,94.0,23.0,-2.0,,2026-07-24T11:48:39.859194+08:00
1303,2022-12-14,249000,1558985,35937,1843922,966.0,96.0,-42.0,2.0,,2026-07-24T11:48:39.859194+08:00
1303,2022-12-15,-69488,-169377,-43395,-282260,957.0,96.0,-9.0,0.0,,2026-07-24T11:48:39.859194+08:00
1303,2022-12-16,-456612,-9931692,6786791,-3601513,1001.0,96.0,44.0,0.0,,2026-07-24T11:48:39.859194+08:00
1303,2022-12-19,-304329,-10413432,8564000,-2153761,1012.0,106.0,11.0,10.0,,2026-07-24T11:48:39.859194+08:00
1303,2022-12-20,-293185,-10930979,8805000,-2419164,1021.0,107.0,9.0,1.0,,2026-07-24T11:48:39.859194+08:00
1303,2022-12-21,-330363,-9652607,9676000,-306970,1063.0,107.0,42.0,0.0,,2026-07-24T11:48:39.859194+08:00
1303,2022-12-22,-123322,-8537987,9148000,486691,1027.0,102.0,-36.0,-5.0,,2026-07-24T11:48:39.859194+08:00
1303,2022-12-23,-308051,-2075090,137000,-2246141,1123.0,92.0,96.0,-10.0,,2026-07-24T11:48:39.859194+08:00
1303,2022-12-26,-161489,1015000,281000,1134511,1071.0,90.0,-52.0,-2.0,,2026-07-24T11:48:39.859194+08:00
1303,2022-12-27,-105521,445000,107032,446511,1053.0,88.0,-18.0,-2.0,,2026-07-24T11:48:39.859194+08:00
1303,2022-12-28,-397617,-4724,467000,64659,1011.0,98.0,-42.0,10.0,,2026-07-24T11:48:39.859194+08:00
1303,2022-12-29,-71482,-2350244,517000,-1904726,1042.0,88.0,31.0,-10.0,,2026-07-24T11:48:39.859194+08:00
1303,2022-12-30,-96000,630000,84000,618000,1012.0,88.0,-30.0,0.0,,2026-07-24T11:48:39.859194+08:00
1303,2023-01-03,-49803,-196928,330000,83269,975.0,95.0,-37.0,7.0,,2026-07-24T11:48:39.859194+08:00
1303,2023-01-04,77389,-701615,141000,-483226,988.0,101.0,13.0,6.0,,2026-07-24T11:48:39.859194+08:00
1303,2023-01-05,-99000,583851,68000,552851,980.0,96.0,-8.0,-5.0,,2026-07-24T11:48:39.859194+08:00
1303,2023-01-06,265000,585542,102000,952542,1033.0,95.0,53.0,-1.0,,2026-07-24T11:48:39.859194+08:00
1303,2023-01-09,88848,4167649,508946,4765443,961.0,95.0,-72.0,0.0,,2026-07-24T11:48:39.859194+08:00
1303,2023-01-10,-85767,605200,38000,557433,905.0,95.0,-56.0,0.0,,2026-07-24T11:48:39.859194+08:00
1303,2023-01-11,104000,788659,68000,960659,869.0,95.0,-36.0,0.0,,2026-07-24T11:48:39.859194+08:00
1303,2023-01-12,-19000,839353,345230,1165583,853.0,95.0,-16.0,0.0,,2026-07-24T11:48:39.859194+08:00
1303,2023-01-13,2000,1101395,-80000,1023395,823.0,95.0,-30.0,0.0,,2026-07-24T11:48:39.859194+08:00
1303,2023-01-16,49281,1512923,-99570,1462634,787.0,98.0,-36.0,3.0,,2026-07-24T11:48:39.859194+08:00
1303,2023-01-17,-4240,1500043,-1014696,481107,776.0,98.0,-11.0,0.0,,2026-07-24T11:48:39.859194+08:00
1303,2023-01-30,-44000,2959576,6578,2922154,739.0,97.0,-37.0,-1.0,,2026-07-24T11:48:39.859194+08:00
1303,2023-01-31,-37660,-333995,-272938,-644593,777.0,102.0,38.0,5.0,,2026-07-24T11:48:39.859194+08:00
1303,2023-02-01,20605,-227906,410226,202925,795.0,101.0,18.0,-1.0,,2026-07-24T11:48:39.859194+08:00
1303,2023-02-02,-77831,-979904,500527,-557208,817.0,99.0,22.0,-2.0,,2026-07-24T11:48:39.859194+08:00
1303,2023-02-03,-29548,-601152,267941,-362759,823.0,96.0,6.0,-3.0,,2026-07-24T11:48:39.859194+08:00
1303,2023-02-06,19426,-630273,804370,193523,796.0,96.0,-27.0,0.0,,2026-07-24T11:48:39.859194+08:00
1303,2023-02-07,49000,681717,539617,1270334,722.0,98.0,-74.0,2.0,,2026-07-24T11:48:39.859194+08:00
1303,2023-02-08,-52158,-767181,99000,-720339,777.0,88.0,55.0,-10.0,,2026-07-24T11:48:39.859194+08:00
1303,2023-02-09,-15000,-463820,448620,-30200,788.0,76.0,11.0,-12.0,,2026-07-24T11:48:39.859194+08:00
1303,2023-02-10,-99167,-590917,597199,-92885,789.0,76.0,1.0,0.0,,2026-07-24T11:48:39.859194+08:00
1303,2023-02-13,-135088,-185910,1012793,691795,762.0,77.0,-27.0,1.0,,2026-07-24T11:48:39.859194+08:00
1303,2023-02-14,38795,847017,-46380,839432,763.0,77.0,1.0,0.0,,2026-07-24T11:48:39.859194+08:00
1303,2023-02-15,54005,-574560,-3000,-523555,815.0,72.0,52.0,-5.0,,2026-07-24T11:48:39.859194+08:00
1303,2023-02-16,127000,43466,795000,965466,758.0,72.0,-57.0,0.0,,2026-07-24T11:48:39.859194+08:00
1303,2023-02-17,-6783,201702,581621,776540,742.0,73.0,-16.0,1.0,,2026-07-24T11:48:39.859194+08:00
1303,2023-02-20,-91230,365944,157000,431714,718.0,73.0,-24.0,0.0,,2026-07-24T11:48:39.859194+08:00
1303,2023-02-21,-31000,530474,15000,514474,706.0,73.0,-12.0,0.0,,2026-07-24T11:48:39.859194+08:00
1303,2023-02-22,-213687,-175013,850622,461922,675.0,73.0,-31.0,0.0,,2026-07-24T11:48:39.859194+08:00
1303,2023-02-23,128229,1554874,11000,1694103,657.0,73.0,-18.0,0.0,,2026-07-24T11:48:39.859194+08:00
1303,2023-02-24,175000,-263111,3622,-84489,656.0,73.0,-1.0,0.0,,2026-07-24T11:48:39.859194+08:00
1303,2023-03-01,-312207,-2021369,624000,-1709576,720.0,73.0,64.0,0.0,,2026-07-24T11:48:39.859194+08:00
1303,2023-03-02,-123735,-1350028,915000,-558763,694.0,73.0,-26.0,0.0,,2026-07-24T11:48:39.859194+08:00
1303,2023-03-03,-12066,-11838,4000,-19904,706.0,73.0,12.0,0.0,,2026-07-24T11:48:39.859194+08:00
1303,2023-03-06,569597,1438652,-206,2008043,704.0,71.0,-2.0,-2.0,,2026-07-24T11:48:39.859194+08:00
1303,2023-03-07,172996,546332,59794,779122,687.0,71.0,-17.0,0.0,,2026-07-24T11:48:39.859194+08:00
1303,2023-03-08,314080,-1111393,5000,-792313,689.0,69.0,2.0,-2.0,,2026-07-24T11:48:39.859194+08:00
1303,2023-03-09,72147,-4653110,102795,-4478168,753.0,69.0,64.0,0.0,,2026-07-24T11:48:39.859194+08:00
1303,2023-03-10,-3255,-3616504,762000,-2857759,795.0,69.0,42.0,0.0,,2026-07-24T11:48:39.859194+08:00
1303,2023-03-13,-85966,597529,1094000,1605563,697.0,71.0,-98.0,2.0,,2026-07-24T11:48:39.859194+08:00
1303,2023-03-14,108875,-1623355,1355000,-159480,687.0,62.0,-10.0,-9.0,,2026-07-24T11:48:39.859194+08:00
1303,2023-03-15,-493001,39512,699000,245511,673.0,62.0,-14.0,0.0,,2026-07-24T11:48:39.859194+08:00
1303,2023-03-16,-44365,-151807,813000,616828,691.0,62.0,18.0,0.0,,2026-07-24T11:48:39.859194+08:00
1303,2023-03-17,-32978,2746082,1174116,3887220,632.0,64.0,-59.0,2.0,,2026-07-24T11:48:39.859194+08:00
1303,2023-03-20,103870,-1137000,651000,-382130,662.0,50.0,30.0,-14.0,,2026-07-24T11:48:39.859194+08:00
1303,2023-03-21,43000,-283644,62000,-178644,661.0,47.0,-1.0,-3.0,,2026-07-24T11:48:39.859194+08:00
1303,2023-03-22,16015,1131910,-99834,1048091,660.0,43.0,-1.0,-4.0,,2026-07-24T11:48:39.859194+08:00
1303,2023-03-23,83302,2416729,209113,2709144,633.0,42.0,-27.0,-1.0,,2026-07-24T11:48:39.859194+08:00
1303,2023-03-24,-81000,612467,814653,1346120,630.0,0.0,-3.0,-42.0,,2026-07-24T11:48:39.859194+08:00
1303,2023-03-27,-16004,2025168,-30000,1979164,559.0,0.0,-71.0,0.0,,2026-07-24T11:48:39.859194+08:00
1303,2023-03-28,-9000,1345262,-5262,1331000,586.0,0.0,27.0,0.0,,2026-07-24T11:48:39.859194+08:00
1303,2023-03-29,-7999,3224388,735,3217124,515.0,0.0,-71.0,0.0,,2026-07-24T11:48:39.859194+08:00
1303,2023-03-30,-128000,-132280,-22218,-282498,511.0,11.0,-4.0,11.0,,2026-07-24T11:48:39.859194+08:00
1303,2023-03-31,-82561,383487,7618,308544,510.0,10.0,-1.0,-1.0,,2026-07-24T11:48:39.859194+08:00
1303,2023-04-06,-3204,441360,0,438156,538.0,9.0,28.0,-1.0,,2026-07-24T11:48:39.859194+08:00
1303,2023-04-07,18047,658000,27000,703047,555.0,10.0,17.0,1.0,,2026-07-24T11:48:39.859194+08:00
1303,2023-04-10,30980,1029000,-14287,1045693,605.0,11.0,50.0,1.0,,2026-07-24T11:48:39.859194+08:00
1303,2023-04-11,22408,3359260,-6000,3375668,646.0,12.0,41.0,1.0,,2026-07-24T11:48:39.859194+08:00
1303,2023-04-12,125000,1997091,47000,2169091,695.0,20.0,49.0,8.0,,2026-07-24T11:48:39.859194+08:00
1303,2023-04-13,16999,695966,65000,777965,678.0,18.0,-17.0,-2.0,,2026-07-24T11:48:39.859194+08:00
1303,2023-04-14,100406,1394114,4000,1498520,688.0,14.0,10.0,-4.0,,2026-07-24T11:48:39.859194+08:00
1303,2023-04-17,62998,-39998,-11000,12000,685.0,15.0,-3.0,1.0,,2026-07-24T11:48:39.859194+08:00
1303,2023-04-18,-56000,831600,-2000,773600,662.0,15.0,-23.0,0.0,,2026-07-24T11:48:39.859194+08:00
1303,2023-04-19,288758,-485900,119114,-78028,679.0,15.0,17.0,0.0,,2026-07-24T11:48:39.859194+08:00
1303,2023-04-20,97047,509846,14737,621630,683.0,15.0,4.0,0.0,,2026-07-24T11:48:39.859194+08:00
1303,2023-04-21,93477,-440589,4009318,3662206,648.0,21.0,-35.0,6.0,,2026-07-24T11:48:39.859194+08:00
1303,2023-04-24,63000,33549,3841623,3938172,581.0,21.0,-67.0,0.0,,2026-07-24T11:48:39.859194+08:00
1303,2023-04-25,415418,-2721951,3821000,1514467,458.0,19.0,-123.0,-2.0,,2026-07-24T11:48:39.859194+08:00
1303,2023-04-26,890912,-2605052,3918000,2203860,445.0,23.0,-13.0,4.0,,2026-07-24T11:48:39.859194+08:00
1303,2023-04-27,-72000,-3297436,3689000,319564,442.0,23.0,-3.0,0.0,,2026-07-24T11:48:39.859194+08:00
1303,2023-04-28,38387,-497027,474000,15360,744.0,24.0,302.0,1.0,,2026-07-24T11:48:39.859194+08:00
1303,2023-05-02,75797,12517,294000,382314,750.0,23.0,6.0,-1.0,,2026-07-24T11:48:39.859194+08:00
1303,2023-05-03,134785,-906124,526800,-244539,741.0,20.0,-9.0,-3.0,,2026-07-24T11:48:39.859194+08:00
1303,2023-05-04,-28182,972162,581771,1525751,715.0,20.0,-26.0,0.0,,2026-07-24T11:48:39.859194+08:00
1303,2023-05-05,-5115,932687,334537,1262109,716.0,20.0,1.0,0.0,,2026-07-24T11:48:39.859194+08:00
1303,2023-05-08,45443,1207667,706997,1960107,717.0,23.0,1.0,3.0,,2026-07-24T11:48:39.859194+08:00
1303,2023-05-09,28431,2452655,62914,2544000,752.0,25.0,35.0,2.0,,2026-07-24T11:48:39.859194+08:00
1303,2023-05-10,22397,-1921500,431498,-1467605,775.0,21.0,23.0,-4.0,,2026-07-24T11:48:39.859194+08:00
1303,2023-05-11,-18000,43200,442616,467816,752.0,21.0,-23.0,0.0,,2026-07-24T11:48:39.859194+08:00
1303,2023-05-12,47913,-479369,417395,-14061,749.0,20.0,-3.0,-1.0,,2026-07-24T11:48:39.859194+08:00
1303,2023-05-15,278074,-111543,705238,871769,749.0,20.0,0.0,0.0,,2026-07-24T11:48:39.859194+08:00
1303,2023-05-16,1515593,2957859,-45849,4427603,748.0,21.0,-1.0,1.0,,2026-07-24T11:48:39.859194+08:00
1303,2023-05-17,3198922,3508260,89467,6796649,756.0,18.0,8.0,-3.0,,2026-07-24T11:48:39.859194+08:00
1303,2023-05-18,842287,3997000,79799,4919086,832.0,21.0,76.0,3.0,,2026-07-24T11:48:39.859194+08:00
1303,2023-05-19,122684,3446463,50454,3619601,868.0,19.0,36.0,-2.0,,2026-07-24T11:48:39.859194+08:00
1303,2023-05-22,-11999,1594898,913988,2496887,866.0,20.0,-2.0,1.0,,2026-07-24T11:48:39.859194+08:00
1303,2023-05-23,67000,1336671,792206,2195877,865.0,22.0,-1.0,2.0,,2026-07-24T11:48:39.859194+08:00
1303,2023-05-24,483079,56923,868993,1408995,754.0,24.0,-111.0,2.0,,2026-07-24T11:48:39.859194+08:00
1303,2023-05-25,-163000,-803100,795000,-171100,748.0,22.0,-6.0,-2.0,,2026-07-24T11:48:39.859194+08:00
1303,2023-05-26,-184006,-705600,721000,-168606,762.0,21.0,14.0,-1.0,,2026-07-24T11:48:39.859194+08:00
1303,2023-05-29,185,-965000,689636,-275179,671.0,20.0,-91.0,-1.0,,2026-07-24T11:48:39.859194+08:00
1303,2023-05-30,-57268,151150,412004,505886,478.0,22.0,-193.0,2.0,,2026-07-24T11:48:39.859194+08:00
1303,2023-05-31,846980,-2236912,-143328,-1533260,494.0,18.0,16.0,-4.0,,2026-07-24T11:48:39.859194+08:00
1303,2023-06-01,-21466,-1231477,-71528,-1324471,480.0,18.0,-14.0,0.0,,2026-07-24T11:48:39.859194+08:00
1303,2023-06-02,10389,433473,-505365,-61503,478.0,17.0,-2.0,-1.0,,2026-07-24T11:48:39.859194+08:00
1303,2023-06-05,-54797,-100568,-78552,-233917,471.0,17.0,-7.0,0.0,,2026-07-24T11:48:39.859194+08:00
1303,2023-06-06,-52000,32280,9771,-9949,454.0,19.0,-17.0,2.0,,2026-07-24T11:48:39.859194+08:00
1303,2023-06-07,8000,-586495,-47253,-625748,460.0,19.0,6.0,0.0,,2026-07-24T11:48:39.859194+08:00
1303,2023-06-08,-83000,-505100,-91013,-679113,457.0,17.0,-3.0,-2.0,,2026-07-24T11:48:39.859194+08:00
1303,2023-06-09,-100993,123120,-50428,-28301,382.0,17.0,-75.0,0.0,,2026-07-24T11:48:39.859194+08:00
1303,2023-06-12,-111000,-747274,-58000,-916274,384.0,17.0,2.0,0.0,,2026-07-24T11:48:39.859194+08:00
1303,2023-06-13,137590,-100510,-196705,-159625,382.0,17.0,-2.0,0.0,,2026-07-24T11:48:39.859194+08:00
1303,2023-06-14,-16811,-338295,-502903,-858009,383.0,11.0,1.0,-6.0,,2026-07-24T11:48:39.859194+08:00
1303,2023-06-15,-201426,-227410,-1269690,-1698526,379.0,7.0,-4.0,-4.0,,2026-07-24T11:48:39.859194+08:00
1303,2023-06-16,490958,-203645,654981,942294,379.0,2.0,0.0,-5.0,,2026-07-24T11:48:39.859194+08:00
1303,2023-06-19,-61711,-1343694,247345,-1158060,402.0,1.0,23.0,-1.0,,2026-07-24T11:48:39.859194+08:00
1303,2023-06-20,891,-1510555,-172807,-1682471,429.0,0.0,27.0,-1.0,,2026-07-24T11:48:39.859194+08:00
1303,2023-06-21,-28206,-436731,470945,6008,493.0,0.0,64.0,0.0,,2026-07-24T11:48:39.859194+08:00
1303,2023-06-26,75107,-1924216,592000,-1257109,518.0,0.0,25.0,0.0,,2026-07-24T11:48:39.859194+08:00
1303,2023-06-27,193542,-1246700,-7832,-1060990,515.0,0.0,-3.0,0.0,,2026-07-24T11:48:39.859194+08:00
1303,2023-06-28,498976,-4103986,757944,-2847066,630.0,0.0,115.0,0.0,,2026-07-24T11:48:39.859194+08:00
1303,2023-06-29,-420036,-4038583,-524035,-4982654,653.0,1.0,23.0,1.0,,2026-07-24T11:48:39.859194+08:00
1303,2023-06-30,-1721,-1509051,-340738,-1851510,657.0,4.0,4.0,3.0,,2026-07-24T11:48:39.859194+08:00
1303,2023-07-03,123063,-1393470,-984534,-2254941,705.0,5.0,48.0,1.0,,2026-07-24T11:48:39.859194+08:00
1303,2023-07-04,82224,-3060720,-1208247,-4186743,794.0,5.0,89.0,0.0,,2026-07-24T11:48:39.859194+08:00
1303,2023-07-05,-296897,-149202,-37098,-483197,809.0,2.0,15.0,-3.0,,2026-07-24T11:48:39.859194+08:00
1303,2023-07-06,-47343,-8452280,-31000,-8530623,1023.0,12.0,214.0,10.0,,2026-07-24T11:48:39.859194+08:00
1303,2023-07-07,98927,-2663850,-66270,-2631193,1065.0,59.0,42.0,47.0,,2026-07-24T11:48:39.859194+08:00
1303,2023-07-10,-185094,-1534502,-39000,-1758596,1056.0,69.0,-9.0,10.0,,2026-07-24T11:48:39.859194+08:00
1303,2023-07-11,-96970,297952,-623000,-422018,1079.0,25.0,23.0,-44.0,,2026-07-24T11:48:39.859194+08:00
1303,2023-07-12,-257761,459436,-470000,-268325,1101.0,45.0,22.0,20.0,,2026-07-24T11:48:39.859194+08:00
1303,2023-07-13,-188302,1796996,-1244000,364694,1038.0,38.0,-63.0,-7.0,,2026-07-24T11:48:39.859194+08:00
1303,2023-07-14,-260000,2126100,-377139,1488961,933.0,36.0,-105.0,-2.0,,2026-07-24T11:48:39.859194+08:00
1303,2023-07-17,-272316,-91969,-220892,-585177,952.0,26.0,19.0,-10.0,,2026-07-24T11:48:39.859194+08:00
1303,2023-07-18,-135266,3310050,-3759320,-584536,988.0,25.0,36.0,-1.0,,2026-07-24T11:48:39.859194+08:00
1303,2023-07-19,-459971,4746062,-4097572,188519,986.0,25.0,-2.0,0.0,,2026-07-24T11:48:39.859194+08:00
1303,2023-07-20,-123235,3214959,-3476000,-384276,991.0,25.0,5.0,0.0,,2026-07-24T11:48:39.859194+08:00
1303,2023-07-21,-383466,4232406,-3428000,420940,943.0,26.0,-48.0,1.0,,2026-07-24T11:48:39.859194+08:00
1303,2023-07-24,-835437,3373567,-3734000,-1195870,937.0,26.0,-6.0,0.0,,2026-07-24T11:48:39.859194+08:00
1303,2023-07-25,-432769,298965,-3000,-136804,1009.0,26.0,72.0,0.0,,2026-07-24T11:48:39.859194+08:00
1303,2023-07-26,-264132,1842185,-98000,1480053,1053.0,27.0,44.0,1.0,,2026-07-24T11:48:39.859194+08:00
1303,2023-07-27,-89032,176830,-70128,17670,1085.0,27.0,32.0,0.0,,2026-07-24T11:48:39.859194+08:00
1303,2023-07-28,-463303,-490647,-81720,-1035670,1091.0,27.0,6.0,0.0,,2026-07-24T11:48:39.859194+08:00
1303,2023-07-31,-168849,28346,-58592,-199095,1058.0,26.0,-33.0,-1.0,,2026-07-24T11:48:39.859194+08:00
1303,2023-08-01,-130369,500488,4000,374119,1022.0,26.0,-36.0,0.0,,2026-07-24T11:48:39.859194+08:00
1303,2023-08-02,-291310,-3439260,66000,-3664570,1025.0,26.0,3.0,0.0,,2026-07-24T11:48:39.859194+08:00
1303,2023-08-04,-57377,-397176,-131635,-586188,988.0,28.0,-37.0,2.0,,2026-07-24T11:48:39.859194+08:00
1303,2023-08-07,-237577,-400879,96000,-542456,994.0,34.0,6.0,6.0,,2026-07-24T11:48:39.859194+08:00
1303,2023-08-08,-621619,-1407708,102000,-1927327,1014.0,32.0,20.0,-2.0,,2026-07-24T11:48:39.859194+08:00
1303,2023-08-09,-26000,497000,54404,525404,992.0,33.0,-22.0,1.0,,2026-07-24T11:48:39.859194+08:00
1303,2023-08-10,125405,-1036460,67000,-844055,998.0,33.0,6.0,0.0,,2026-07-24T11:48:39.859194+08:00
1303,2023-08-11,63171,-549538,190000,-296367,996.0,32.0,-2.0,-1.0,,2026-07-24T11:48:39.859194+08:00
1303,2023-08-14,43270,-1572000,339124,-1189606,971.0,20.0,-25.0,-12.0,,2026-07-24T11:48:39.859194+08:00
1303,2023-08-15,-2860,-1625000,38000,-1589860,986.0,15.0,15.0,-5.0,,2026-07-24T11:48:39.859194+08:00
1303,2023-08-16,40951,-2604184,150252,-2412981,1006.0,126.0,20.0,111.0,,2026-07-24T11:48:39.859194+08:00
1303,2023-08-17,-135408,-2096797,197131,-2035074,1057.0,16.0,51.0,-110.0,,2026-07-24T11:48:39.859194+08:00
1303,2023-08-18,147083,-462322,53777,-261462,1015.0,22.0,-42.0,6.0,,2026-07-24T11:48:39.859194+08:00
1303,2023-08-21,20157,-227526,50169,-157200,1014.0,27.0,-1.0,5.0,,2026-07-24T11:48:39.859194+08:00
1303,2023-08-22,-60601,-815943,31135,-845409,1043.0,26.0,29.0,-1.0,,2026-07-24T11:48:39.859194+08:00
1303,2023-08-23,-63517,-431684,26569,-468632,1061.0,28.0,18.0,2.0,,2026-07-24T11:48:39.859194+08:00
1303,2023-08-24,-265301,-25976,30149,-261128,1062.0,28.0,1.0,0.0,,2026-07-24T11:48:39.859194+08:00
1303,2023-08-25,-107611,-1607038,37200,-1677449,1118.0,27.0,56.0,-1.0,,2026-07-24T11:48:39.859194+08:00
1303,2023-08-28,-29672,924180,72810,967318,1060.0,27.0,-58.0,0.0,,2026-07-24T11:48:39.859194+08:00
1303,2023-08-29,49258,117168,65000,231426,1050.0,27.0,-10.0,0.0,,2026-07-24T11:48:39.859194+08:00
1303,2023-08-30,-182691,640050,143474,600833,1048.0,25.0,-2.0,-2.0,,2026-07-24T11:48:39.859194+08:00
1303,2023-08-31,89286,-2316075,314454,-1912335,1134.0,25.0,86.0,0.0,,2026-07-24T11:48:39.859194+08:00
1303,2023-09-01,-48000,830206,147262,929468,1108.0,26.0,-26.0,1.0,,2026-07-24T11:48:39.859194+08:00
1303,2023-09-04,12500,569323,48358,630181,1132.0,25.0,24.0,-1.0,,2026-07-24T11:48:39.859194+08:00
1303,2023-09-05,3727,-11106,6501,-878,1123.0,24.0,-9.0,-1.0,,2026-07-24T11:48:39.859194+08:00
1303,2023-09-06,-378210,-1558568,119159,-1817619,1136.0,24.0,13.0,0.0,,2026-07-24T11:48:39.859194+08:00
1303,2023-09-07,-234308,-450968,203901,-481375,1170.0,24.0,34.0,0.0,,2026-07-24T11:48:39.859194+08:00
1303,2023-09-08,-76709,-457305,148987,-385027,1201.0,25.0,31.0,1.0,,2026-07-24T11:48:39.859194+08:00
1303,2023-09-11,50177,-96380,113220,67017,1198.0,25.0,-3.0,0.0,,2026-07-24T11:48:39.859194+08:00
1303,2023-09-12,54000,982615,43000,1079615,1182.0,25.0,-16.0,0.0,,2026-07-24T11:48:39.859194+08:00
1303,2023-09-13,20426,-587583,36073,-531084,1205.0,25.0,23.0,0.0,,2026-07-24T11:48:39.859194+08:00
1303,2023-09-14,106409,1529482,0,1635891,1188.0,25.0,-17.0,0.0,,2026-07-24T11:48:39.859194+08:00
1303,2023-09-15,10999,1162126,-1624782,-451657,1189.0,25.0,1.0,0.0,,2026-07-24T11:48:39.859194+08:00
1303,2023-09-18,-18603,-223374,-11151,-253128,1351.0,27.0,162.0,2.0,,2026-07-24T11:48:39.859194+08:00
1303,2023-09-19,-217184,-158914,191065,-185033,1340.0,27.0,-11.0,0.0,,2026-07-24T11:48:39.859194+08:00
1303,2023-09-20,-53093,-601781,98040,-556834,1353.0,27.0,13.0,0.0,,2026-07-24T11:48:39.859194+08:00
1303,2023-09-21,-23633,-2943667,57410,-2909890,1455.0,25.0,102.0,-2.0,,2026-07-24T11:48:39.859194+08:00
1303,2023-09-22,25871,-739200,79977,-633352,1461.0,27.0,6.0,2.0,,2026-07-24T11:48:39.859194+08:00
1303,2023-09-25,55384,58348,14390,128122,1451.0,28.0,-10.0,1.0,,2026-07-24T11:48:39.859194+08:00
1303,2023-09-26,-243829,-1245710,43000,-1446539,1515.0,30.0,64.0,2.0,,2026-07-24T11:48:39.859194+08:00
1303,2023-09-27,-327418,251374,121558,45514,1498.0,29.0,-17.0,-1.0,,2026-07-24T11:48:39.859194+08:00
1303,2023-09-28,-37483,-302473,183000,-156956,1542.0,29.0,44.0,0.0,,2026-07-24T11:48:39.859194+08:00
1303,2023-10-02,-63253,-575570,219920,-418903,1583.0,28.0,41.0,-1.0,,2026-07-24T11:48:39.859194+08:00
1303,2023-10-03,335238,-2062175,7312,-1719625,1589.0,26.0,6.0,-2.0,,2026-07-24T11:48:39.859194+08:00
1303,2023-10-04,-18602,-5543710,60821,-5501491,1718.0,219.0,129.0,193.0,,2026-07-24T11:48:39.859194+08:00
1303,2023-10-05,175921,82769,43793,302483,1704.0,219.0,-14.0,0.0,,2026-07-24T11:48:39.859194+08:00
1303,2023-10-06,152000,-90725,373312,434587,1699.0,28.0,-5.0,-191.0,,2026-07-24T11:48:39.859194+08:00
1303,2023-10-11,534612,998987,113188,1646787,1687.0,28.0,-12.0,0.0,,2026-07-24T11:48:39.859194+08:00
1303,2023-10-12,103000,596421,9691,709112,1616.0,29.0,-71.0,1.0,,2026-07-24T11:48:39.859194+08:00
1303,2023-10-13,402730,-3457900,204717,-2850453,1722.0,31.0,106.0,2.0,,2026-07-24T11:48:39.859194+08:00
1303,2023-10-16,493007,-1824900,320590,-1011303,1737.0,69.0,15.0,38.0,,2026-07-24T11:48:39.859194+08:00
1303,2023-10-17,481848,-1348262,128394,-738020,1741.0,69.0,4.0,0.0,,2026-07-24T11:48:39.859194+08:00
1303,2023-10-18,1446371,-3317134,238661,-1632102,1752.0,335.0,11.0,266.0,,2026-07-24T11:48:39.859194+08:00
1303,2023-10-19,682004,-3853766,282408,-2889354,1854.0,48.0,102.0,-287.0,,2026-07-24T11:48:39.859194+08:00
1303,2023-10-20,129157,-3923117,539522,-3254438,1858.0,21.0,4.0,-27.0,,2026-07-24T11:48:39.859194+08:00
1303,2023-10-23,85505,-4785464,138690,-4561269,1920.0,26.0,62.0,5.0,,2026-07-24T11:48:39.859194+08:00
1303,2023-10-24,30325,-2494601,381259,-2083017,1952.0,23.0,32.0,-3.0,,2026-07-24T11:48:39.859194+08:00
1303,2023-10-25,95241,-3429992,430380,-2904371,2012.0,23.0,60.0,0.0,,2026-07-24T11:48:39.859194+08:00
1303,2023-10-26,-42096,-3289201,158605,-3172692,1972.0,21.0,-40.0,-2.0,,2026-07-24T11:48:39.859194+08:00
1303,2023-10-27,55996,-2274666,-166925,-2385595,1989.0,22.0,17.0,1.0,,2026-07-24T11:48:39.859194+08:00
1303,2023-10-30,150554,-2200609,691548,-1358507,2106.0,23.0,117.0,1.0,,2026-07-24T11:48:39.859194+08:00
1303,2023-10-31,180902,727442,540808,1449152,2065.0,27.0,-41.0,4.0,,2026-07-24T11:48:39.859194+08:00
1303,2023-11-01,80219,-365646,701259,415832,2029.0,32.0,-36.0,5.0,,2026-07-24T11:48:39.859194+08:00
1303,2023-11-02,5127,239400,524169,768696,2038.0,41.0,9.0,9.0,,2026-07-24T11:48:39.859194+08:00
1303,2023-11-03,2681,384447,315000,702128,2014.0,43.0,-24.0,2.0,,2026-07-24T11:48:39.859194+08:00
1303,2023-11-06,20968,1881400,-23185,1879183,1994.0,44.0,-20.0,1.0,,2026-07-24T11:48:39.859194+08:00
1303,2023-11-07,28081,366000,214156,608237,2002.0,42.0,8.0,-2.0,,2026-07-24T11:48:39.859194+08:00
1303,2023-11-08,7025,1130586,-9431,1128180,1995.0,44.0,-7.0,2.0,,2026-07-24T11:48:39.859194+08:00
1303,2023-11-09,65277,1955390,259061,2279728,1945.0,47.0,-50.0,3.0,,2026-07-24T11:48:39.859194+08:00
1303,2023-11-10,-72000,555368,304742,788110,1903.0,95.0,-42.0,48.0,,2026-07-24T11:48:39.859194+08:00
1303,2023-11-13,340799,63824,437785,842408,1900.0,96.0,-3.0,1.0,,2026-07-24T11:48:39.859194+08:00
1303,2023-11-14,231661,2347444,288353,2867458,1845.0,115.0,-55.0,19.0,,2026-07-24T11:48:39.859194+08:00
1303,2023-11-15,356260,8769980,-758916,8367324,1704.0,139.0,-141.0,24.0,,2026-07-24T11:48:39.859194+08:00
1303,2023-11-16,26968,3484784,307275,3819027,1688.0,148.0,-16.0,9.0,,2026-07-24T11:48:39.859194+08:00
1303,2023-11-17,-56536,2322254,-31843,2233875,1657.0,199.0,-31.0,51.0,,2026-07-24T11:48:39.859194+08:00
1303,2023-11-20,78971,-539187,23572,-436644,1726.0,187.0,69.0,-12.0,,2026-07-24T11:48:39.859194+08:00
1303,2023-11-21,-305487,8303820,901912,8900245,1632.0,103.0,-94.0,-84.0,,2026-07-24T11:48:39.859194+08:00
1303,2023-11-22,92000,-412600,759712,439112,1689.0,87.0,57.0,-16.0,,2026-07-24T11:48:39.859194+08:00
1303,2023-11-23,-52709,-1940124,2481772,488939,1666.0,92.0,-23.0,5.0,,2026-07-24T11:48:39.859194+08:00
1303,2023-11-24,-19945,-1125100,1942478,797433,1661.0,93.0,-5.0,1.0,,2026-07-24T11:48:39.859194+08:00
1303,2023-11-27,33993,-1494575,1899126,438544,1678.0,97.0,17.0,4.0,,2026-07-24T11:48:39.859194+08:00
1303,2023-11-28,330539,-405077,2759000,2684462,1620.0,103.0,-58.0,6.0,,2026-07-24T11:48:39.859194+08:00
1303,2023-11-29,-28000,-1224067,2200787,948720,1599.0,118.0,-21.0,15.0,,2026-07-24T11:48:39.859194+08:00
1303,2023-11-30,-5146,-2813095,3898173,1079932,1591.0,126.0,-8.0,8.0,,2026-07-24T11:48:39.859194+08:00
1303,2023-12-01,-57000,-2400627,2344787,-112840,1534.0,101.0,-57.0,-25.0,,2026-07-24T11:48:39.859194+08:00
1303,2023-12-04,-10278,-345955,2026103,1669870,1539.0,110.0,5.0,9.0,,2026-07-24T11:48:39.859194+08:00
1303,2023-12-05,-80946,-10761,842000,750293,1528.0,115.0,-11.0,5.0,,2026-07-24T11:48:39.859194+08:00
1303,2023-12-06,-31000,-563491,1438368,843877,1535.0,115.0,7.0,0.0,,2026-07-24T11:48:39.859194+08:00
1303,2023-12-07,-42000,-71321,2788,-110533,1539.0,97.0,4.0,-18.0,,2026-07-24T11:48:39.859194+08:00
1303,2023-12-08,-35765,781796,-7212,738819,1519.0,92.0,-20.0,-5.0,,2026-07-24T11:48:39.859194+08:00
1303,2023-12-11,-92138,469851,-11212,366501,1503.0,75.0,-16.0,-17.0,,2026-07-24T11:48:39.859194+08:00
1303,2023-12-12,-80556,1072185,-6636,984993,1467.0,74.0,-36.0,-1.0,,2026-07-24T11:48:39.859194+08:00
1303,2023-12-13,-278542,-911760,10808,-1179494,1528.0,55.0,61.0,-19.0,,2026-07-24T11:48:39.859194+08:00
1303,2023-12-14,-282000,3067772,387659,3173431,1459.0,73.0,-69.0,18.0,,2026-07-24T11:48:39.859194+08:00
1303,2023-12-15,-49000,-926941,1319163,343222,1475.0,64.0,16.0,-9.0,,2026-07-24T11:48:39.859194+08:00
1303,2023-12-18,-148137,437890,1344160,1633913,1523.0,59.0,48.0,-5.0,,2026-07-24T11:48:39.859194+08:00
1303,2023-12-19,-159651,-2324702,1355789,-1128564,1541.0,58.0,18.0,-1.0,,2026-07-24T11:48:39.859194+08:00
1303,2023-12-20,-173633,-1496051,1360000,-309684,1550.0,59.0,9.0,1.0,,2026-07-24T11:48:39.859194+08:00
1303,2023-12-21,-15497,-3954155,1219333,-2750319,1544.0,69.0,-6.0,10.0,,2026-07-24T11:48:39.859194+08:00
1303,2023-12-22,-226078,-1120883,-26289,-1373250,1601.0,65.0,57.0,-4.0,,2026-07-24T11:48:39.859194+08:00
1303,2023-12-25,-41920,667000,0,625080,1504.0,69.0,-97.0,4.0,,2026-07-24T11:48:39.859194+08:00
1303,2023-12-26,-96000,996380,-16634,883746,1453.0,61.0,-51.0,-8.0,,2026-07-24T11:48:39.859194+08:00
1303,2023-12-27,-468864,2341977,-61469,1811644,1508.0,61.0,55.0,0.0,,2026-07-24T11:48:39.859194+08:00
1303,2023-12-28,-100001,4616145,-33699,4482445,1444.0,62.0,-64.0,1.0,,2026-07-24T11:48:39.859194+08:00
1303,2023-12-29,-201360,-23686,-27211,-252257,1460.0,61.0,16.0,-1.0,,2026-07-24T11:48:39.859194+08:00
1303,2024-01-02,-59362,628107,77901,646646,1464.0,63.0,4.0,2.0,,2026-07-24T11:48:39.859194+08:00
1303,2024-01-03,79352,-2121334,91626,-1950356,1480.0,59.0,16.0,-4.0,,2026-07-24T11:48:39.859194+08:00
1303,2024-01-04,19342,124338,-18211,125469,1463.0,61.0,-17.0,2.0,,2026-07-24T11:48:39.859194+08:00
1303,2024-01-05,148822,34621,0,183443,1455.0,63.0,-8.0,2.0,,2026-07-24T11:48:39.859194+08:00
1303,2024-01-08,204574,647080,-14425,837229,1443.0,62.0,-12.0,-1.0,,2026-07-24T11:48:39.859194+08:00
1303,2024-01-09,174581,-524911,56141,-294189,1468.0,61.0,25.0,-1.0,,2026-07-24T11:48:39.859194+08:00
1303,2024-01-10,154727,-498972,-239213,-583458,1486.0,62.0,18.0,1.0,,2026-07-24T11:48:39.859194+08:00
1303,2024-01-11,504902,-659810,-180052,-334960,1489.0,73.0,3.0,11.0,,2026-07-24T11:48:39.859194+08:00
1303,2024-01-12,177588,100864,-162137,116315,1478.0,81.0,-11.0,8.0,,2026-07-24T11:48:39.859194+08:00
1303,2024-01-15,298744,-635683,-7916,-344855,1485.0,82.0,7.0,1.0,,2026-07-24T11:48:39.859194+08:00
1303,2024-01-16,891289,-4810285,-579212,-4498208,1535.0,254.0,50.0,172.0,,2026-07-24T11:48:39.859194+08:00
1303,2024-01-17,1881579,-5831344,-150941,-4100706,1763.0,110.0,228.0,-144.0,,2026-07-24T11:48:39.859194+08:00
1303,2024-01-18,245205,-3876792,20896,-3610691,1855.0,108.0,92.0,-2.0,,2026-07-24T11:48:39.859194+08:00
1303,2024-01-19,-13907,-2522549,-40104,-2576560,1891.0,107.0,36.0,-1.0,,2026-07-24T11:48:39.859194+08:00
1303,2024-01-22,-100854,-1266268,-457061,-1824183,1939.0,101.0,48.0,-6.0,,2026-07-24T11:48:39.859194+08:00
1303,2024-01-23,-19025,0,0,-19025,1947.0,84.0,8.0,-17.0,,2026-07-24T11:48:39.859194+08:00
1303,2024-01-24,-257043,-692846,-26278,-976167,1974.0,74.0,27.0,-10.0,,2026-07-24T11:48:39.859194+08:00
1303,2024-01-25,-134419,-409160,13969,-529610,1968.0,78.0,-6.0,4.0,,2026-07-24T11:48:39.859194+08:00
1303,2024-01-26,-5896,530368,-7214,517258,2031.0,91.0,63.0,13.0,,2026-07-24T11:48:39.859194+08:00
1303,2024-01-29,-18000,668530,-214,650316,1993.0,94.0,-38.0,3.0,,2026-07-24T11:48:39.859194+08:00
1303,2024-01-30,-48756,-864321,-219803,-1132880,2002.0,51.0,9.0,-43.0,,2026-07-24T11:48:39.859194+08:00
1303,2024-01-31,28254,-492130,-115414,-579290,2034.0,51.0,32.0,0.0,,2026-07-24T11:48:39.859194+08:00
1303,2024-02-01,167744,665770,609608,1443122,1968.0,65.0,-66.0,14.0,,2026-07-24T11:48:39.859194+08:00
1303,2024-02-02,-19227,637403,14203,632379,1963.0,65.0,-5.0,0.0,,2026-07-24T11:48:39.859194+08:00
1303,2024-02-05,-76192,-1109192,-113804,-1299188,1965.0,54.0,2.0,-11.0,,2026-07-24T11:48:39.859194+08:00
1303,2024-02-15,-155640,365371,43219,252950,1968.0,56.0,3.0,2.0,,2026-07-24T11:48:39.859194+08:00
1303,2024-02-16,22670,344960,-33558,334072,1984.0,56.0,16.0,0.0,,2026-07-24T11:48:39.859194+08:00
1303,2024-02-19,267682,-528188,950294,689788,2060.0,52.0,76.0,-4.0,,2026-07-24T11:48:39.859194+08:00
1303,2024-02-20,-170879,61172,-32753,-142460,2060.0,52.0,0.0,0.0,,2026-07-24T11:48:39.859194+08:00
1303,2024-02-21,273812,-648783,453531,78560,2059.0,47.0,-1.0,-5.0,,2026-07-24T11:48:39.859194+08:00
1303,2024-02-22,-110267,-1844427,370865,-1583829,2101.0,44.0,42.0,-3.0,,2026-07-24T11:48:39.859194+08:00
1303,2024-02-23,-42989,-4453365,-207700,-4704054,1898.0,43.0,-203.0,-1.0,,2026-07-24T11:48:39.859194+08:00
1303,2024-02-26,170827,-701488,-42745,-573406,1902.0,43.0,4.0,0.0,,2026-07-24T11:48:39.859194+08:00
1303,2024-02-27,-35436,-4083088,-12297,-4130821,1881.0,78.0,-21.0,35.0,,2026-07-24T11:48:39.859194+08:00
1303,2024-02-29,153102,1895401,315202,2363705,1906.0,83.0,25.0,5.0,,2026-07-24T11:48:39.859194+08:00
1303,2024-03-01,-143465,-3037544,-7555,-3188564,2227.0,89.0,321.0,6.0,,2026-07-24T11:48:39.859194+08:00
1303,2024-03-04,-143274,-2875192,-17549,-3036015,2329.0,88.0,102.0,-1.0,,2026-07-24T11:48:39.859194+08:00
1303,2024-03-05,-401474,-4655815,-271817,-5329106,2419.0,48.0,90.0,-40.0,,2026-07-24T11:48:39.859194+08:00
1303,2024-03-06,-136392,-913962,-80576,-1130930,2520.0,47.0,101.0,-1.0,,2026-07-24T11:48:39.859194+08:00
1303,2024-03-07,-218843,299270,-87459,-7032,2496.0,44.0,-24.0,-3.0,,2026-07-24T11:48:39.859194+08:00
1303,2024-03-08,-29226,-2217912,-118832,-2365970,2574.0,51.0,78.0,7.0,,2026-07-24T11:48:39.859194+08:00
1303,2024-03-11,-23970,834818,-1100,809748,2666.0,60.0,92.0,9.0,,2026-07-24T11:48:39.859194+08:00
1303,2024-03-12,-136286,-301929,-26052,-464267,2687.0,59.0,21.0,-1.0,,2026-07-24T11:48:39.859194+08:00
1303,2024-03-13,-110964,-2022814,-32409,-2166187,2800.0,58.0,113.0,-1.0,,2026-07-24T11:48:39.859194+08:00
1303,2024-03-14,-131482,3102079,-126827,2843770,2877.0,59.0,77.0,1.0,,2026-07-24T11:48:39.859194+08:00
1303,2024-03-15,-72394,-5956990,-5221155,-11250539,2885.0,107.0,8.0,48.0,,2026-07-24T11:48:39.859194+08:00
1303,2024-03-18,-107673,2502647,-70761,2324213,2924.0,100.0,39.0,-7.0,,2026-07-24T11:48:39.859194+08:00
1303,2024-03-19,-158080,685107,-420817,106210,2921.0,97.0,-3.0,-3.0,,2026-07-24T11:48:39.859194+08:00
1303,2024-03-20,-168057,-3240980,-577910,-3986947,3034.0,138.0,113.0,41.0,,2026-07-24T11:48:39.859194+08:00
1303,2024-03-21,124000,5105049,-15037,5214012,2908.0,127.0,-126.0,-11.0,,2026-07-24T11:48:39.859194+08:00
1303,2024-03-22,-119899,-28560,-634210,-782669,2849.0,117.0,-59.0,-10.0,,2026-07-24T11:48:39.859194+08:00
1303,2024-03-25,-15961,591431,-73308,502162,2964.0,112.0,115.0,-5.0,,2026-07-24T11:48:39.859194+08:00
1303,2024-03-26,250000,1339453,-50351,1539102,2955.0,103.0,-9.0,-9.0,,2026-07-24T11:48:39.859194+08:00
1303,2024-03-27,44744,-1457149,-15428,-1427833,2958.0,114.0,3.0,11.0,,2026-07-24T11:48:39.859194+08:00
1303,2024-03-28,-48092,-3111969,-63541,-3223602,3058.0,121.0,100.0,7.0,,2026-07-24T11:48:39.859194+08:00
1303,2024-03-29,-267441,2966133,-448160,2250532,3008.0,121.0,-50.0,0.0,,2026-07-24T11:48:39.859194+08:00
1303,2024-04-01,733144,1189335,9299,1931778,2873.0,120.0,-135.0,-1.0,,2026-07-24T11:48:39.859194+08:00
1303,2024-04-02,140146,-1381227,-3891,-1244972,2921.0,123.0,48.0,3.0,,2026-07-24T11:48:39.859194+08:00
1303,2024-04-03,55489,-960298,-107726,-1012535,2873.0,121.0,-48.0,-2.0,,2026-07-24T11:48:39.859194+08:00
1303,2024-04-08,-407102,5169507,-16791,4745614,2853.0,159.0,-20.0,38.0,,2026-07-24T11:48:39.859194+08:00
1303,2024-04-09,78906,4256438,-53801,4281543,2717.0,124.0,-136.0,-35.0,,2026-07-24T11:48:39.859194+08:00
1303,2024-04-10,-48271,554807,-142298,364238,2666.0,101.0,-51.0,-23.0,,2026-07-24T11:48:39.859194+08:00
1303,2024-04-11,39078,-1595235,9000,-1547157,2750.0,54.0,84.0,-47.0,,2026-07-24T11:48:39.859194+08:00
1303,2024-04-12,-315079,-76566,-37083,-428728,2771.0,2.0,21.0,-52.0,,2026-07-24T11:48:39.859194+08:00
1303,2024-04-15,277494,-745986,-56791,-525283,2731.0,0.0,-40.0,-2.0,,2026-07-24T11:48:39.859194+08:00
1303,2024-04-16,522327,-4531732,-103330,-4112735,2786.0,0.0,55.0,0.0,,2026-07-24T11:48:39.859194+08:00
1303,2024-04-17,388791,-2319240,-224767,-2155216,2806.0,0.0,20.0,0.0,,2026-07-24T11:48:39.859194+08:00
1303,2024-04-18,271077,905513,-53218,1123372,2758.0,24.0,-48.0,24.0,,2026-07-24T11:48:39.859194+08:00
1303,2024-04-19,91625,-2691192,165000,-2434567,2851.0,139.0,93.0,115.0,,2026-07-24T11:48:39.859194+08:00
1303,2024-04-22,796712,5406115,432000,6634827,2464.0,209.0,-387.0,70.0,,2026-07-24T11:48:39.859194+08:00
1303,2024-04-23,285210,-882853,123702,-473941,2975.0,211.0,511.0,2.0,,2026-07-24T11:48:39.859194+08:00
1303,2024-04-24,331667,-969666,-105000,-742999,3102.0,207.0,127.0,-4.0,,2026-07-24T11:48:39.859194+08:00
1303,2024-04-25,-89704,-2349791,417108,-2022387,3154.0,211.0,52.0,4.0,,2026-07-24T11:48:39.859194+08:00
1303,2024-04-26,-3220,-16633,-53000,-72853,2847.0,214.0,-307.0,3.0,,2026-07-24T11:48:39.859194+08:00
1303,2024-04-29,373571,6079495,-40000,6413066,2660.0,271.0,-187.0,57.0,,2026-07-24T11:48:39.859194+08:00
1303,2024-04-30,-68000,-538374,3318,-603056,2627.0,268.0,-33.0,-3.0,,2026-07-24T11:48:39.859194+08:00
1303,2024-05-02,91913,-76210,785098,800801,2649.0,265.0,22.0,-3.0,,2026-07-24T11:48:39.859194+08:00
1303,2024-05-03,108070,1072799,-942439,238430,2687.0,258.0,38.0,-7.0,,2026-07-24T11:48:39.859194+08:00
1303,2024-05-06,198,3525666,-1234587,2291277,2881.0,279.0,194.0,21.0,,2026-07-24T11:48:39.859194+08:00
1303,2024-05-07,-13530,-3077701,98628,-2992603,2904.0,290.0,23.0,11.0,,2026-07-24T11:48:39.859194+08:00
1303,2024-05-08,-11648,-1515329,38000,-1488977,2861.0,288.0,-43.0,-2.0,,2026-07-24T11:48:39.859194+08:00
1303,2024-05-09,-77914,-1079342,18777,-1138479,2783.0,538.0,-78.0,250.0,,2026-07-24T11:48:39.859194+08:00
1303,2024-05-10,77502,-128214,29867,-20845,2897.0,514.0,114.0,-24.0,,2026-07-24T11:48:39.859194+08:00
1303,2024-05-13,-15482,-2307212,26529,-2296165,3073.0,213.0,176.0,-301.0,,2026-07-24T11:48:39.859194+08:00
1303,2024-05-14,172746,1072890,65529,1311165,3213.0,219.0,140.0,6.0,,2026-07-24T11:48:39.859194+08:00
1303,2024-05-15,359445,-11996,-16471,330978,3260.0,219.0,47.0,0.0,,2026-07-24T11:48:39.859194+08:00
1303,2024-05-16,223234,-179400,44000,87834,3216.0,252.0,-44.0,33.0,,2026-07-24T11:48:39.859194+08:00
1303,2024-05-17,363916,-3400853,385529,-2651408,3460.0,217.0,244.0,-35.0,,2026-07-24T11:48:39.859194+08:00
1303,2024-05-20,231538,203853,200000,635391,3393.0,216.0,-67.0,-1.0,,2026-07-24T11:48:39.859194+08:00
1303,2024-05-21,-33379,-6950094,-72471,-7055944,3693.0,229.0,300.0,13.0,,2026-07-24T11:48:39.859194+08:00
1303,2024-05-22,-47227,-16469477,-3538000,-20054704,4234.0,359.0,541.0,130.0,,2026-07-24T11:48:39.859194+08:00
1303,2024-05-23,-396794,-2623700,-5558943,-8579437,4431.0,374.0,197.0,15.0,,2026-07-24T11:48:39.859194+08:00
1303,2024-05-24,-129797,-471812,-7714943,-8316552,4436.0,84.0,5.0,-290.0,,2026-07-24T11:48:39.859194+08:00
1303,2024-05-27,-135627,9039160,-9248471,-344938,4405.0,1202.0,-31.0,1118.0,,2026-07-24T11:48:39.859194+08:00
1303,2024-05-28,200392,8267092,-13093000,-4625516,5127.0,84.0,722.0,-1118.0,,2026-07-24T11:48:39.859194+08:00
1303,2024-05-29,-56057,695600,-13099943,-12460400,6002.0,97.0,875.0,13.0,,2026-07-24T11:48:39.859194+08:00
1303,2024-05-30,-214971,-4117868,-14489000,-18821839,6845.0,554.0,843.0,457.0,,2026-07-24T11:48:39.859194+08:00
1303,2024-05-31,110296,14078061,-14506571,-318214,6845.0,241.0,0.0,-313.0,,2026-07-24T11:48:39.859194+08:00
1303,2024-06-03,164791,6740753,-14479428,-7573884,7278.0,219.0,433.0,-22.0,,2026-07-24T11:48:39.859194+08:00
1303,2024-06-04,-334455,5717843,-14471072,-9087684,7585.0,134.0,307.0,-85.0,,2026-07-24T11:48:39.859194+08:00
1303,2024-06-05,-196235,4121350,-7164415,-3239300,8174.0,146.0,589.0,12.0,,2026-07-24T11:48:39.859194+08:00
1303,2024-06-06,-232775,-4166535,50229,-4349081,8790.0,162.0,616.0,16.0,,2026-07-24T11:48:39.859194+08:00
1303,2024-06-07,165773,-167528,5057,3302,9140.0,169.0,350.0,7.0,,2026-07-24T11:48:39.859194+08:00
1303,2024-06-11,-141000,3622969,107628,3589597,8416.0,125.0,-724.0,-44.0,,2026-07-24T11:48:39.859194+08:00
1303,2024-06-12,-41536,-3318284,46299,-3313521,8409.0,137.0,-7.0,12.0,,2026-07-24T11:48:39.859194+08:00
1303,2024-06-13,-44510,1017544,54943,1027977,8305.0,136.0,-104.0,-1.0,,2026-07-24T11:48:39.859194+08:00
1303,2024-06-14,-112875,2417076,-269000,2035201,8420.0,135.0,115.0,-1.0,,2026-07-24T11:48:39.859194+08:00
1303,2024-06-17,-85060,-180400,-19000,-284460,8606.0,132.0,186.0,-3.0,,2026-07-24T11:48:39.859194+08:00
1303,2024-06-18,134297,925292,81346,1140935,8720.0,128.0,114.0,-4.0,,2026-07-24T11:48:39.859194+08:00
1303,2024-06-19,287681,-2044650,-468464,-2225433,8825.0,122.0,105.0,-6.0,,2026-07-24T11:48:39.859194+08:00
1303,2024-06-20,446881,1038161,198359,1683401,8828.0,130.0,3.0,8.0,,2026-07-24T11:48:39.859194+08:00
1303,2024-06-21,91730,-11676544,10791000,-793814,8644.0,129.0,-184.0,-1.0,,2026-07-24T11:48:39.859194+08:00
1303,2024-06-24,-57213,-12775417,8439237,-4393393,9033.0,132.0,389.0,3.0,,2026-07-24T11:48:39.859194+08:00
1303,2024-06-25,186257,-10492039,7745931,-2559851,8989.0,120.0,-44.0,-12.0,,2026-07-24T11:48:39.859194+08:00
1303,2024-06-26,19023,-18620718,7689931,-10911764,9176.0,135.0,187.0,15.0,,2026-07-24T11:48:39.859194+08:00
1303,2024-06-27,-22511,-12164922,7264966,-4922467,9048.0,147.0,-128.0,12.0,,2026-07-24T11:48:39.859194+08:00
1303,2024-06-28,677826,-160421,42897,560302,9084.0,144.0,36.0,-3.0,,2026-07-24T11:48:39.859194+08:00
1303,2024-07-01,859833,-3400194,-1451298,-3991659,9110.0,134.0,26.0,-10.0,,2026-07-24T11:48:39.859194+08:00
1303,2024-07-02,727808,-7743890,34842,-6981240,9266.0,137.0,156.0,3.0,,2026-07-24T11:48:39.859194+08:00
1303,2024-07-03,562464,-1811800,534648,-714688,9361.0,134.0,95.0,-3.0,,2026-07-24T11:48:39.859194+08:00
1303,2024-07-04,508232,4074910,27000,4610142,9266.0,142.0,-95.0,8.0,,2026-07-24T11:48:39.859194+08:00
1303,2024-07-05,341814,-4584062,46000,-4196248,9563.0,135.0,297.0,-7.0,,2026-07-24T11:48:39.859194+08:00
1303,2024-07-08,466000,1694000,38317,2198317,9240.0,38.0,-323.0,-97.0,,2026-07-24T11:48:39.859194+08:00
1303,2024-07-09,281127,-3479487,110000,-3088360,9270.0,35.0,30.0,-3.0,,2026-07-24T11:48:39.859194+08:00
1303,2024-07-10,217384,-4860331,76000,-4566947,9281.0,5.0,11.0,-30.0,,2026-07-24T11:48:39.859194+08:00
1303,2024-07-11,163875,1366000,88721,1618596,9570.0,0.0,289.0,-5.0,,2026-07-24T11:48:39.859194+08:00
1303,2024-07-12,683290,9207241,63000,9953531,9703.0,0.0,133.0,0.0,,2026-07-24T11:48:39.859194+08:00
1303,2024-07-15,493528,-4011065,-36500,-3554037,9971.0,0.0,268.0,0.0,,2026-07-24T11:48:39.859194+08:00
1303,2024-07-16,549949,-3616546,-3907000,-6973597,10676.0,0.0,705.0,0.0,,2026-07-24T11:48:39.859194+08:00
1303,2024-07-17,894020,4317527,135800,5347347,10097.0,87.0,-579.0,87.0,,2026-07-24T11:48:39.859194+08:00
1303,2024-07-18,419606,-3631957,2092000,-1120351,10358.0,92.0,261.0,5.0,,2026-07-24T11:48:39.859194+08:00
1303,2024-07-19,262024,-4312251,807000,-3243227,10624.0,29.0,266.0,-63.0,,2026-07-24T11:48:39.859194+08:00
1303,2024-07-22,840114,269200,1412826,2522140,10311.0,24.0,-313.0,-5.0,,2026-07-24T11:48:39.859194+08:00
1303,2024-07-23,398178,-760462,981000,618716,10483.0,24.0,172.0,0.0,,2026-07-24T11:48:39.859194+08:00
1303,2024-07-26,118797,-4056201,115764,-3821640,10806.0,13.0,323.0,-11.0,,2026-07-24T11:48:39.859194+08:00
1303,2024-07-29,345236,2498314,257000,3100550,10636.0,20.0,-170.0,7.0,,2026-07-24T11:48:39.859194+08:00
1303,2024-07-30,181927,-1460300,244286,-1034087,10457.0,20.0,-179.0,0.0,,2026-07-24T11:48:39.859194+08:00
1303,2024-07-31,54391,2451742,1194000,3700133,10207.0,23.0,-250.0,3.0,,2026-07-24T11:48:39.859194+08:00
1303,2024-08-01,-125060,-1027582,59000,-1093642,10386.0,19.0,179.0,-4.0,,2026-07-24T11:48:39.859194+08:00
1303,2024-08-02,-386351,-6597931,180775,-6803507,10474.0,11.0,88.0,-8.0,,2026-07-24T11:48:39.859194+08:00
1303,2024-08-05,-738624,-4674627,277000,-5136251,9992.0,30.0,-482.0,19.0,,2026-07-24T11:48:39.859194+08:00
1303,2024-08-06,553733,1147814,681749,2383296,9864.0,69.0,-128.0,39.0,,2026-07-24T11:48:39.859194+08:00
1303,2024-08-07,119392,377362,1258817,1755571,9759.0,61.0,-105.0,-8.0,,2026-07-24T11:48:39.859194+08:00
1303,2024-08-08,-66297,-600921,86908,-580310,9739.0,66.0,-20.0,5.0,,2026-07-24T11:48:39.859194+08:00
1303,2024-08-09,-434049,2785897,-821558,1530290,9776.0,68.0,37.0,2.0,,2026-07-24T11:48:39.859194+08:00
1303,2024-08-12,33678,879238,1293359,2206275,9645.0,72.0,-131.0,4.0,,2026-07-24T11:48:39.859194+08:00
1303,2024-08-13,91811,-3302851,175500,-3035540,9783.0,89.0,138.0,17.0,,2026-07-24T11:48:39.859194+08:00
1303,2024-08-14,-75621,9548889,84230,9557498,9568.0,94.0,-215.0,5.0,,2026-07-24T11:48:39.859194+08:00
1303,2024-08-15,46491,-5506304,233908,-5225905,11128.0,118.0,1560.0,24.0,,2026-07-24T11:48:39.859194+08:00
1303,2024-08-16,385388,3350638,999084,4735110,11075.0,87.0,-53.0,-31.0,,2026-07-24T11:48:39.859194+08:00
1303,2024-08-19,-154133,-8694,158417,-4410,11134.0,88.0,59.0,1.0,,2026-07-24T11:48:39.859194+08:00
1303,2024-08-20,-56300,-6445963,231380,-6270883,11461.0,110.0,327.0,22.0,,2026-07-24T11:48:39.859194+08:00
1303,2024-08-21,119179,3382831,-72713,3429297,11209.0,96.0,-252.0,-14.0,,2026-07-24T11:48:39.859194+08:00
1303,2024-08-22,-116927,3028836,140186,3052095,11016.0,89.0,-193.0,-7.0,,2026-07-24T11:48:39.859194+08:00
1303,2024-08-23,41140,-1549000,26000,-1481860,11073.0,71.0,57.0,-18.0,,2026-07-24T11:48:39.859194+08:00
1303,2024-08-26,27077,4792471,81000,4900548,10888.0,98.0,-185.0,27.0,,2026-07-24T11:48:39.859194+08:00
1303,2024-08-27,-39471,-2258555,36000,-2262026,10967.0,76.0,79.0,-22.0,,2026-07-24T11:48:39.859194+08:00
1303,2024-08-28,12536,-2765889,45520,-2707833,10971.0,81.0,4.0,5.0,,2026-07-24T11:48:39.859194+08:00
1303,2024-08-29,-1401,-246271,-1000,-248672,10997.0,83.0,26.0,2.0,,2026-07-24T11:48:39.859194+08:00
1303,2024-08-30,122243,-1758489,69800,-1566446,11010.0,78.0,13.0,-5.0,,2026-07-24T11:48:39.859194+08:00
1303,2024-09-02,-70714,-7838878,29000,-7880592,11203.0,85.0,193.0,7.0,,2026-07-24T11:48:39.859194+08:00
1303,2024-09-03,83244,-4161751,93523,-3984984,11498.0,750.0,295.0,665.0,,2026-07-24T11:48:39.859194+08:00
1303,2024-09-04,144011,-4934922,-182033,-4972944,11489.0,966.0,-9.0,216.0,,2026-07-24T11:48:39.859194+08:00
1303,2024-09-05,-192349,-3804246,-942534,-4939129,11183.0,859.0,-306.0,-107.0,,2026-07-24T11:48:39.859194+08:00
1303,2024-09-06,85015,3428070,123758,3636843,11357.0,1077.0,174.0,218.0,,2026-07-24T11:48:39.859194+08:00
1303,2024-09-09,89701,-1753717,137777,-1526239,11496.0,782.0,139.0,-295.0,,2026-07-24T11:48:39.859194+08:00
1303,2024-09-10,330111,696600,68066,1094777,11748.0,961.0,252.0,179.0,,2026-07-24T11:48:39.859194+08:00
1303,2024-09-11,341429,2580469,192686,3114584,11671.0,459.0,-77.0,-502.0,,2026-07-24T11:48:39.859194+08:00
1303,2024-09-12,251474,3699241,11529,3962244,11618.0,421.0,-53.0,-38.0,,2026-07-24T11:48:39.859194+08:00
1303,2024-09-13,114486,4162010,69529,4346025,11959.0,231.0,341.0,-190.0,,2026-07-24T11:48:39.859194+08:00
1303,2024-09-16,122632,2177300,40775,2340707,12145.0,250.0,186.0,19.0,,2026-07-24T11:48:39.859194+08:00
1303,2024-09-18,-103012,3389212,91550,3377750,11917.0,201.0,-228.0,-49.0,,2026-07-24T11:48:39.859194+08:00
1303,2024-09-19,199099,4445000,75410,4719509,11704.0,220.0,-213.0,19.0,,2026-07-24T11:48:39.859194+08:00
1303,2024-09-20,270911,1211253,2541000,4023164,11661.0,148.0,-43.0,-72.0,,2026-07-24T11:48:39.859194+08:00
1303,2024-09-23,256202,-729178,2468000,1995024,11410.0,149.0,-251.0,1.0,,2026-07-24T11:48:39.859194+08:00
1303,2024-09-24,94575,2946575,222000,3263150,11356.0,152.0,-54.0,3.0,,2026-07-24T11:48:39.859194+08:00
1303,2024-09-25,569680,3640855,130409,4340944,11344.0,158.0,-12.0,6.0,,2026-07-24T11:48:39.859194+08:00
1303,2024-09-26,464485,992869,106036,1563390,11176.0,160.0,-168.0,2.0,,2026-07-24T11:48:39.859194+08:00
1303,2024-09-27,380827,9094148,875615,10350590,12141.0,589.0,965.0,429.0,,2026-07-24T11:48:39.859194+08:00
1303,2024-09-30,-18000,923692,155778,1061470,12199.0,565.0,58.0,-24.0,,2026-07-24T11:48:39.859194+08:00
1303,2024-10-01,439001,561315,247406,1247722,11986.0,525.0,-213.0,-40.0,,2026-07-24T11:48:39.859194+08:00
1303,2024-10-04,895500,-1256620,143406,-217714,11374.0,527.0,-612.0,2.0,,2026-07-24T11:48:39.859194+08:00
1303,2024-10-07,753356,-1927540,141397,-1032787,11497.0,236.0,123.0,-291.0,,2026-07-24T11:48:39.859194+08:00
1303,2024-10-08,222416,-412197,22149,-167632,11530.0,202.0,33.0,-34.0,,2026-07-24T11:48:39.859194+08:00
1303,2024-10-09,12707,-1476791,89397,-1374687,11530.0,173.0,0.0,-29.0,,2026-07-24T11:48:39.859194+08:00
1303,2024-10-11,399081,-484502,32072,-53349,11494.0,170.0,-36.0,-3.0,,2026-07-24T11:48:39.859194+08:00
1303,2024-10-14,608429,-960774,100556,-251789,11417.0,216.0,-77.0,46.0,,2026-07-24T11:48:39.859194+08:00
1303,2024-10-15,367507,284711,61238,713456,11444.0,215.0,27.0,-1.0,,2026-07-24T11:48:39.859194+08:00
1303,2024-10-16,1828254,-3475056,-88021,-1734823,11755.0,196.0,311.0,-19.0,,2026-07-24T11:48:39.859194+08:00
1303,2024-10-17,1070048,619842,164159,1854049,11841.0,210.0,86.0,14.0,,2026-07-24T11:48:39.859194+08:00
1303,2024-10-18,648512,1238671,0,1887183,11791.0,238.0,-50.0,28.0,,2026-07-24T11:48:39.859194+08:00
1303,2024-10-21,144419,-3686463,71351,-3470693,12072.0,180.0,281.0,-58.0,,2026-07-24T11:48:39.859194+08:00
1303,2024-10-22,-66776,-1013899,141226,-939449,11924.0,179.0,-148.0,-1.0,,2026-07-24T11:48:39.859194+08:00
1303,2024-10-23,-60680,-586138,-104328,-751146,11996.0,174.0,72.0,-5.0,,2026-07-24T11:48:39.859194+08:00
1303,2024-10-24,510313,1483794,113570,2107677,11955.0,180.0,-41.0,6.0,,2026-07-24T11:48:39.859194+08:00
1303,2024-10-25,124674,126087,-125000,125761,11819.0,159.0,-136.0,-21.0,,2026-07-24T11:48:39.859194+08:00
1303,2024-10-28,462508,1504636,-125000,1842144,11808.0,164.0,-11.0,5.0,,2026-07-24T11:48:39.859194+08:00
1303,2024-10-29,526396,-979280,360595,-92289,11722.0,166.0,-86.0,2.0,,2026-07-24T11:48:39.859194+08:00
1303,2024-10-30,526161,-648526,153000,30635,11716.0,171.0,-6.0,5.0,,2026-07-24T11:48:39.859194+08:00
1303,2024-11-01,571997,687375,-60739,1198633,11661.0,172.0,-55.0,1.0,,2026-07-24T11:48:39.859194+08:00
1303,2024-11-04,84886,1317976,110762,1513624,11545.0,168.0,-116.0,-4.0,,2026-07-24T11:48:39.859194+08:00
1303,2024-11-05,150710,762613,820118,1733441,11500.0,162.0,-45.0,-6.0,,2026-07-24T11:48:39.859194+08:00
1303,2024-11-06,71263,302000,1027000,1400263,11540.0,164.0,40.0,2.0,,2026-07-24T11:48:39.859194+08:00
1303,2024-11-07,76856,2774823,507688,3359367,11363.0,175.0,-177.0,11.0,,2026-07-24T11:48:39.859194+08:00
1303,2024-11-08,71229,-1204485,148363,-984893,11660.0,181.0,297.0,6.0,,2026-07-24T11:48:39.859194+08:00
1303,2024-11-11,149019,-2048471,790509,-1108943,11808.0,169.0,148.0,-12.0,,2026-07-24T11:48:39.859194+08:00
1303,2024-11-12,527358,-4133527,258236,-3347933,11474.0,157.0,-334.0,-12.0,,2026-07-24T11:48:39.859194+08:00
1303,2024-11-13,-2632,-2391692,274296,-2120028,11651.0,147.0,177.0,-10.0,,2026-07-24T11:48:39.859194+08:00
1303,2024-11-14,266477,-5300950,463989,-4570484,11543.0,191.0,-108.0,44.0,,2026-07-24T11:48:39.859194+08:00
1303,2024-11-15,217839,1150000,-15129,1352710,11468.0,184.0,-75.0,-7.0,,2026-07-24T11:48:39.859194+08:00
1303,2024-11-18,1119414,4589783,541414,6250611,11106.0,193.0,-362.0,9.0,,2026-07-24T11:48:39.859194+08:00
1303,2024-11-19,743699,-2212790,81929,-1387162,11237.0,188.0,131.0,-5.0,,2026-07-24T11:48:39.859194+08:00
1303,2024-11-20,735555,-1829538,147884,-946099,11352.0,158.0,115.0,-30.0,,2026-07-24T11:48:39.859194+08:00
1303,2024-11-21,75544,-2338160,149000,-2113616,11459.0,149.0,107.0,-9.0,,2026-07-24T11:48:39.859194+08:00
1303,2024-11-22,249781,-167167,-1434244,-1351630,11776.0,144.0,317.0,-5.0,,2026-07-24T11:48:39.859194+08:00
1303,2024-11-25,397970,1610312,-1748585,259697,11833.0,121.0,57.0,-23.0,,2026-07-24T11:48:39.859194+08:00
1303,2024-11-26,5467,351510,86000,442977,11662.0,117.0,-171.0,-4.0,,2026-07-24T11:48:39.859194+08:00
1303,2024-11-27,1123008,-3809595,48434,-2638153,11669.0,123.0,7.0,6.0,,2026-07-24T11:48:39.859194+08:00
1303,2024-11-28,775625,-2532256,106628,-1650003,11730.0,112.0,61.0,-11.0,,2026-07-24T11:48:39.859194+08:00
1303,2024-11-29,333259,-3838822,70756,-3434807,11848.0,123.0,118.0,11.0,,2026-07-24T11:48:39.859194+08:00
1303,2024-12-02,254417,3248517,32591,3535525,11912.0,140.0,64.0,17.0,,2026-07-24T11:48:39.859194+08:00
1303,2024-12-03,334468,2600606,81000,3016074,11789.0,148.0,-123.0,8.0,,2026-07-24T11:48:39.859194+08:00
1303,2024-12-04,166827,-2755921,-639180,-3228274,12444.0,152.0,655.0,4.0,,2026-07-24T11:48:39.859194+08:00
1303,2024-12-05,3005,-4298728,-19221,-4314944,12848.0,175.0,404.0,23.0,,2026-07-24T11:48:39.859194+08:00
1303,2024-12-06,135722,1631613,-1017144,750191,13042.0,178.0,194.0,3.0,,2026-07-24T11:48:39.859194+08:00
1303,2024-12-09,386645,-171620,-1000,214025,13480.0,190.0,438.0,12.0,,2026-07-24T11:48:39.859194+08:00
1303,2024-12-10,288595,-1285077,-21376,-1017858,13753.0,189.0,273.0,-1.0,,2026-07-24T11:48:39.859194+08:00
1303,2024-12-11,146373,-803980,64370,-593237,13764.0,509.0,11.0,320.0,,2026-07-24T11:48:39.859194+08:00
1303,2024-12-12,-313418,-3217432,-1000,-3531850,13194.0,1158.0,-570.0,649.0,,2026-07-24T11:48:39.859194+08:00
1303,2024-12-13,438792,590921,11270,1040983,13538.0,1292.0,344.0,134.0,,2026-07-24T11:48:39.859194+08:00
1303,2024-12-16,828845,5067296,-11193,5884948,13751.0,1069.0,213.0,-223.0,,2026-07-24T11:48:39.859194+08:00
1303,2024-12-17,383860,1693609,-692000,1385469,14007.0,936.0,256.0,-133.0,,2026-07-24T11:48:39.859194+08:00
1303,2024-12-18,551773,4716892,-375301,4893364,14829.0,280.0,822.0,-656.0,,2026-07-24T11:48:39.859194+08:00
1303,2024-12-19,408561,1396259,85745,1890565,15149.0,564.0,320.0,284.0,,2026-07-24T11:48:39.859194+08:00
1303,2024-12-20,607399,-1819632,-1638324,-2850557,16139.0,505.0,990.0,-59.0,,2026-07-24T11:48:39.859194+08:00
1303,2024-12-23,338224,8280188,-810731,7807681,16567.0,491.0,428.0,-14.0,,2026-07-24T11:48:39.859194+08:00
1303,2024-12-24,595563,2781950,6000,3383513,16529.0,418.0,-38.0,-73.0,,2026-07-24T11:48:39.859194+08:00
1303,2024-12-25,422897,-3358444,14000,-2921547,17393.0,397.0,864.0,-21.0,,2026-07-24T11:48:39.859194+08:00
1303,2024-12-26,97249,439100,-6297,530052,17609.0,421.0,216.0,24.0,,2026-07-24T11:48:39.859194+08:00
1303,2024-12-27,68595,1082000,13000,1163595,17419.0,410.0,-190.0,-11.0,,2026-07-24T11:48:39.859194+08:00
1303,2024-12-30,251757,424763,23007,699527,17472.0,978.0,53.0,568.0,,2026-07-24T11:48:39.859194+08:00
1303,2024-12-31,-28008,-869758,838941,-58825,17474.0,855.0,2.0,-123.0,,2026-07-24T11:48:39.859194+08:00
1303,2025-01-02,389860,2349284,225000,2964144,17550.0,854.0,76.0,-1.0,,2026-07-24T11:48:39.859194+08:00
1303,2025-01-03,561012,-2320336,86000,-1673324,17642.0,862.0,92.0,8.0,,2026-07-24T11:48:39.859194+08:00
1303,2025-01-06,962104,6611640,127000,7700744,16643.0,715.0,-999.0,-147.0,,2026-07-24T11:48:39.859194+08:00
1303,2025-01-07,106176,-4730133,-4000,-4627957,17161.0,653.0,518.0,-62.0,,2026-07-24T11:48:39.859194+08:00
1303,2025-01-08,55425,-3980135,0,-3924710,17257.0,737.0,96.0,84.0,,2026-07-24T11:48:39.859194+08:00
1303,2025-01-09,1068162,-1303150,13000,-221988,16528.0,789.0,-729.0,52.0,,2026-07-24T11:48:39.859194+08:00
1303,2025-01-10,1114590,-2564995,9273,-1441132,16709.0,799.0,181.0,10.0,,2026-07-24T11:48:39.859194+08:00
1303,2025-01-13,2325795,-1660517,-534241,131037,16604.0,884.0,-105.0,85.0,,2026-07-24T11:48:39.859194+08:00
1303,2025-01-14,980845,2684232,154000,3819077,15969.0,1238.0,-635.0,354.0,,2026-07-24T11:48:39.859194+08:00
1303,2025-01-15,2620894,-2505878,99000,214016,16104.0,1250.0,135.0,12.0,,2026-07-24T11:48:39.859194+08:00
1303,2025-01-16,-517265,3067315,-808356,1741694,15490.0,1462.0,-614.0,212.0,,2026-07-24T11:48:39.859194+08:00
1303,2025-01-17,1702072,3505114,-3930,5203256,14568.0,1763.0,-922.0,301.0,,2026-07-24T11:48:39.859194+08:00
1303,2025-01-20,398475,-3712546,-2500,-3316571,15369.0,1710.0,801.0,-53.0,,2026-07-24T11:48:39.859194+08:00
1303,2025-01-21,141954,-637589,33769,-461866,15526.0,1723.0,157.0,13.0,,2026-07-24T11:48:39.859194+08:00
1303,2025-01-22,267956,28733,27000,323689,15091.0,1622.0,-435.0,-101.0,,2026-07-24T11:48:39.859194+08:00
1303,2025-02-03,1439252,-4414478,685547,-2289679,15595.0,1368.0,504.0,-254.0,,2026-07-24T11:48:39.859194+08:00
1303,2025-02-04,1002579,-3452800,132000,-2318221,16022.0,1159.0,427.0,-209.0,,2026-07-24T11:48:39.859194+08:00
1303,2025-02-05,-181148,-1336895,15244,-1502799,17054.0,1112.0,1032.0,-47.0,,2026-07-24T11:48:39.859194+08:00
1303,2025-02-06,11681,-265237,-20639,-274195,17262.0,1155.0,208.0,43.0,,2026-07-24T11:48:39.859194+08:00
1303,2025-02-07,-90909,-4336004,-65878,-4492791,17862.0,1012.0,600.0,-143.0,,2026-07-24T11:48:39.859194+08:00
1303,2025-02-10,-62038,-347109,-30891,-440038,17843.0,1150.0,-19.0,138.0,,2026-07-24T11:48:39.859194+08:00
1303,2025-02-11,22192,-482800,5253,-455355,17740.0,1211.0,-103.0,61.0,,2026-07-24T11:48:39.859194+08:00
1303,2025-02-12,355940,1926418,9954,2292312,17420.0,1225.0,-320.0,14.0,,2026-07-24T11:48:39.859194+08:00
1303,2025-02-13,793760,2699499,153196,3646455,16509.0,1620.0,-911.0,395.0,,2026-07-24T11:48:39.859194+08:00
1303,2025-02-14,-95950,-2501970,-13100,-2611020,16572.0,1358.0,63.0,-262.0,,2026-07-24T11:48:39.859194+08:00
1303,2025-02-17,-440363,2284200,38290,1882127,16265.0,1271.0,-307.0,-87.0,,2026-07-24T11:48:39.859194+08:00
1303,2025-02-18,-671248,-3043059,-93729,-3808036,16767.0,1294.0,502.0,23.0,,2026-07-24T11:48:39.859194+08:00
1303,2025-02-19,173695,515160,-25580,663275,16801.0,1361.0,34.0,67.0,,2026-07-24T11:48:39.859194+08:00
1303,2025-02-20,124584,-3866081,-40397,-3781894,16991.0,1364.0,190.0,3.0,,2026-07-24T11:48:39.859194+08:00
1303,2025-02-21,105831,2801824,33539,2941194,16266.0,1322.0,-725.0,-42.0,,2026-07-24T11:48:39.859194+08:00
1303,2025-02-24,73338,-3015831,39309,-2903184,17811.0,1360.0,1545.0,38.0,,2026-07-24T11:48:39.859194+08:00
1303,2025-02-25,358199,-929571,114888,-456484,17754.0,1304.0,-57.0,-56.0,,2026-07-24T11:48:39.859194+08:00
1303,2025-02-26,-311407,-4081128,129413,-4263122,18075.0,1182.0,321.0,-122.0,,2026-07-24T11:48:39.859194+08:00
1303,2025-02-27,124596,436708,-32131,529173,17974.0,1181.0,-101.0,-1.0,,2026-07-24T11:48:39.859194+08:00
1303,2025-03-03,1009456,-2119815,555549,-554810,16350.0,1081.0,-1624.0,-100.0,,2026-07-24T11:48:39.859194+08:00
1303,2025-03-04,503592,-6540968,197272,-5840104,16618.0,633.0,268.0,-448.0,,2026-07-24T11:48:39.859194+08:00
1303,2025-03-05,799418,4489568,47454,5336440,15452.0,1094.0,-1166.0,461.0,,2026-07-24T11:48:39.859194+08:00
1303,2025-03-06,-157352,-4216419,147989,-4225782,16608.0,802.0,1156.0,-292.0,,2026-07-24T11:48:39.859194+08:00
1303,2025-03-07,3115,-2815997,220263,-2592619,16397.0,731.0,-211.0,-71.0,,2026-07-24T11:48:39.859194+08:00
1303,2025-03-10,441518,-1725764,344137,-940109,16272.0,763.0,-125.0,32.0,,2026-07-24T11:48:39.859194+08:00
1303,2025-03-11,926658,-4179928,402635,-2850635,16166.0,737.0,-106.0,-26.0,,2026-07-24T11:48:39.859194+08:00
1303,2025-03-12,59804,1674050,1188,1735042,15574.0,755.0,-592.0,18.0,,2026-07-24T11:48:39.859194+08:00
1303,2025-03-13,178840,-12628373,35434,-12414099,16370.0,642.0,796.0,-113.0,,2026-07-24T11:48:39.859194+08:00
1303,2025-03-14,1073039,2800766,46072,3919877,15708.0,719.0,-662.0,77.0,,2026-07-24T11:48:39.859194+08:00
1303,2025-03-17,735161,-1319461,4861619,4277319,15285.0,876.0,-423.0,157.0,,2026-07-24T11:48:39.859194+08:00
1303,2025-03-18,-108169,-5811172,7483907,1564566,15271.0,909.0,-14.0,33.0,,2026-07-24T11:48:39.859194+08:00
1303,2025-03-19,794548,-4500842,674729,-3031565,15897.0,745.0,626.0,-164.0,,2026-07-24T11:48:39.859194+08:00
1303,2025-03-20,540771,-2012619,-18075,-1489923,16034.0,734.0,137.0,-11.0,,2026-07-24T11:48:39.859194+08:00
1303,2025-03-21,136044,-10042053,-2757601,-12663610,16869.0,572.0,835.0,-162.0,,2026-07-24T11:48:39.859194+08:00
1303,2025-03-24,615746,-2367246,14440,-1737060,16960.0,521.0,91.0,-51.0,,2026-07-24T11:48:39.859194+08:00
1303,2025-03-25,388162,-4421100,-1902,-4034840,17273.0,481.0,313.0,-40.0,,2026-07-24T11:48:39.859194+08:00
1303,2025-03-26,376537,-862825,106262,-380026,17392.0,477.0,119.0,-4.0,,2026-07-24T11:48:39.859194+08:00
1303,2025-03-27,1047214,-2370390,73523,-1249653,17691.0,494.0,299.0,17.0,,2026-07-24T11:48:39.859194+08:00
1303,2025-03-28,2130263,-5889944,236000,-3523681,17301.0,251.0,-390.0,-243.0,,2026-07-24T11:48:39.859194+08:00
1303,2025-03-31,3832516,-6574496,199260,-2542720,17315.0,159.0,14.0,-92.0,,2026-07-24T11:48:39.859194+08:00
1303,2025-04-01,1206248,258608,138000,1602856,16318.0,163.0,-997.0,4.0,,2026-07-24T11:48:39.859194+08:00
1303,2025-04-02,1073339,-2403573,67000,-1263234,16264.0,0.0,-54.0,-163.0,,2026-07-24T11:48:39.859194+08:00
1303,2025-04-07,-237477,4112000,0,3874523,14354.0,0.0,-1910.0,0.0,,2026-07-24T11:48:39.859194+08:00
1303,2025-04-08,4197690,-4614734,381278,-35766,13281.0,0.0,-1073.0,0.0,,2026-07-24T11:48:39.859194+08:00
1303,2025-04-09,6507441,-9019735,185043,-2327251,12785.0,0.0,-496.0,0.0,,2026-07-24T11:48:39.859194+08:00
1303,2025-04-10,62000,3182411,21000,3265411,11957.0,5.0,-828.0,5.0,,2026-07-24T11:48:39.859194+08:00
1303,2025-04-11,1432236,1309980,394543,3136759,11658.0,44.0,-299.0,39.0,,2026-07-24T11:48:39.859194+08:00
1303,2025-04-14,237398,610442,-2399,845441,11527.0,49.0,-131.0,5.0,,2026-07-24T11:48:39.859194+08:00
1303,2025-04-15,725500,873898,189099,1788497,11238.0,86.0,-289.0,37.0,,2026-07-24T11:48:39.859194+08:00
1303,2025-04-16,471281,-2242511,40348,-1730882,11544.0,72.0,306.0,-14.0,,2026-07-24T11:48:39.859194+08:00
1303,2025-04-17,881396,-992330,73000,-37934,11627.0,105.0,83.0,33.0,,2026-07-24T11:48:39.859194+08:00
1303,2025-04-18,676072,-1376416,83452,-616892,11625.0,102.0,-2.0,-3.0,,2026-07-24T11:48:39.859194+08:00
1303,2025-04-21,1756240,-1078498,93000,770742,11361.0,103.0,-264.0,1.0,,2026-07-24T11:48:39.859194+08:00
1303,2025-04-22,2395744,-1051218,126000,1470526,11287.0,106.0,-74.0,3.0,,2026-07-24T11:48:39.859194+08:00
1303,2025-04-23,311904,575383,59358,946645,11715.0,119.0,428.0,13.0,,2026-07-24T11:48:39.859194+08:00
1303,2025-04-24,285754,-1224969,-1107955,-2047170,11374.0,110.0,-341.0,-9.0,,2026-07-24T11:48:39.859194+08:00
1303,2025-04-25,317439,1229659,28741,1575839,11511.0,114.0,137.0,4.0,,2026-07-24T11:48:39.859194+08:00
1303,2025-04-28,-50133,-877921,328709,-599345,11578.0,123.0,67.0,9.0,,2026-07-24T11:48:39.859194+08:00
1303,2025-04-29,152680,577827,196591,927098,11526.0,142.0,-52.0,19.0,,2026-07-24T11:48:39.859194+08:00
1303,2025-04-30,-438650,-337066,-47653,-823369,11671.0,142.0,145.0,0.0,,2026-07-24T11:48:39.859194+08:00
1303,2025-05-02,12420,269016,-41530,239906,11672.0,152.0,1.0,10.0,,2026-07-24T11:48:39.859194+08:00
1303,2025-05-05,-131276,4756805,-145121,4480408,11422.0,195.0,-250.0,43.0,,2026-07-24T11:48:39.859194+08:00
1303,2025-05-06,-813675,3301960,-922545,1565740,11384.0,200.0,-38.0,5.0,,2026-07-24T11:48:39.859194+08:00
1303,2025-05-07,-269930,1514884,-867352,377602,11137.0,180.0,-247.0,-20.0,,2026-07-24T11:48:39.859194+08:00
1303,2025-05-08,-86559,-4701834,-805793,-5594186,11881.0,127.0,744.0,-53.0,,2026-07-24T11:48:39.859194+08:00
1303,2025-05-09,-39281,677140,-25107,612752,11651.0,134.0,-230.0,7.0,,2026-07-24T11:48:39.859194+08:00
1303,2025-05-12,69738,422869,-20409,472198,11641.0,129.0,-10.0,-5.0,,2026-07-24T11:48:39.859194+08:00
1303,2025-05-13,33256,-2671677,-47943,-2686364,12336.0,138.0,695.0,9.0,,2026-07-24T11:48:39.859194+08:00
1303,2025-05-14,438754,2221549,-30962,2629341,12156.0,142.0,-180.0,4.0,,2026-07-24T11:48:39.859194+08:00
1303,2025-05-15,-107836,-2947156,-35962,-3090954,12901.0,125.0,745.0,-17.0,,2026-07-24T11:48:39.859194+08:00
1303,2025-05-16,81743,536278,-30216,587805,12818.0,126.0,-83.0,1.0,,2026-07-24T11:48:39.859194+08:00
1303,2025-05-19,36428,560512,42912,639852,12763.0,130.0,-55.0,4.0,,2026-07-24T11:48:39.859194+08:00
1303,2025-05-20,67182,-918488,239788,-611518,12903.0,124.0,140.0,-6.0,,2026-07-24T11:48:39.859194+08:00
1303,2025-05-21,430671,1168456,-14981,1584146,12800.0,124.0,-103.0,0.0,,2026-07-24T11:48:39.859194+08:00
1303,2025-05-22,-626233,-3372463,-61643,-4060339,13021.0,563.0,221.0,439.0,,2026-07-24T11:48:39.859194+08:00
1303,2025-05-23,-45816,-1395465,-60962,-1502243,13103.0,789.0,82.0,226.0,,2026-07-24T11:48:39.859194+08:00
1303,2025-05-26,-73815,-3017989,-17050,-3108854,13388.0,709.0,285.0,-80.0,,2026-07-24T11:48:39.859194+08:00
1303,2025-05-27,-555382,-2657873,0,-3213255,13387.0,690.0,-1.0,-19.0,,2026-07-24T11:48:39.859194+08:00
1303,2025-05-28,7020,-1193425,-245000,-1431405,13635.0,849.0,248.0,159.0,,2026-07-24T11:48:39.859194+08:00
1303,2025-05-29,479363,-8579508,-956567,-9056712,14424.0,762.0,789.0,-87.0,,2026-07-24T11:48:39.859194+08:00
1303,2025-06-02,67270,-7791765,-106000,-7830495,15434.0,798.0,1010.0,36.0,,2026-07-24T11:48:39.859194+08:00
1303,2025-06-03,-90936,-364549,-18540,-474025,15441.0,1012.0,7.0,214.0,,2026-07-24T11:48:39.859194+08:00
1303,2025-06-04,107894,269253,-1209793,-832646,15456.0,1002.0,15.0,-10.0,,2026-07-24T11:48:39.859194+08:00
1303,2025-06-05,31831,1671308,-869785,833354,15381.0,1179.0,-75.0,177.0,,2026-07-24T11:48:39.859194+08:00
1303,2025-06-06,160484,433651,-12815,581320,15366.0,1337.0,-15.0,158.0,,2026-07-24T11:48:39.859194+08:00
1303,2025-06-09,469,1650043,-1066940,583572,15036.0,1341.0,-330.0,4.0,,2026-07-24T11:48:39.859194+08:00
1303,2025-06-10,681173,5193559,-1667156,4207576,15056.0,1351.0,20.0,10.0,,2026-07-24T11:48:39.859194+08:00
1303,2025-06-11,130907,2814519,-1788941,1156485,14885.0,1284.0,-171.0,-67.0,,2026-07-24T11:48:39.859194+08:00
1303,2025-06-12,-31413,29507,-1962871,-1964777,15035.0,1285.0,150.0,1.0,,2026-07-24T11:48:39.859194+08:00
1303,2025-06-13,-570499,677116,-1870961,-1764344,14973.0,1286.0,-62.0,1.0,,2026-07-24T11:48:39.859194+08:00
1303,2025-06-16,-151883,4308850,-16169,4140798,14763.0,1421.0,-210.0,135.0,,2026-07-24T11:48:39.859194+08:00
1303,2025-06-17,-766300,-7246327,-3142474,-11155101,15589.0,1218.0,826.0,-203.0,,2026-07-24T11:48:39.859194+08:00
1303,2025-06-18,-121914,-2119343,-1535883,-3777140,15796.0,1225.0,207.0,7.0,,2026-07-24T11:48:39.859194+08:00
1303,2025-06-19,173071,-3278736,-1213883,-4319548,16106.0,1261.0,310.0,36.0,,2026-07-24T11:48:39.859194+08:00
1303,2025-06-20,101427,16503979,-41378108,-24772702,17745.0,1281.0,1639.0,20.0,,2026-07-24T11:48:39.859194+08:00
1303,2025-06-23,235446,18827847,-31874086,-12810793,18033.0,160.0,288.0,-1121.0,,2026-07-24T11:48:39.859194+08:00
1303,2025-06-24,376620,32657038,-32137000,896658,17931.0,75.0,-102.0,-85.0,,2026-07-24T11:48:39.859194+08:00
1303,2025-06-25,-272453,31982828,-33585000,-1874625,17665.0,59.0,-266.0,-16.0,,2026-07-24T11:48:39.859194+08:00
1303,2025-06-26,-926973,37422433,-33752000,2743460,17563.0,53.0,-102.0,-6.0,,2026-07-24T11:48:39.859194+08:00
1303,2025-06-27,-987067,2854608,-12121000,-10253459,18166.0,54.0,603.0,1.0,,2026-07-24T11:48:39.859194+08:00
1303,2025-06-30,-392210,8102690,-12896637,-5186157,18694.0,55.0,528.0,1.0,,2026-07-24T11:48:39.859194+08:00
1303,2025-07-01,311392,2183728,-4985292,-2490172,18756.0,47.0,62.0,-8.0,,2026-07-24T11:48:39.859194+08:00
1303,2025-07-02,-80206,6454250,-4000,6370044,18452.0,63.0,-304.0,16.0,,2026-07-24T11:48:39.859194+08:00
1303,2025-07-03,-150906,12099421,1000,11949515,17571.0,265.0,-881.0,202.0,,2026-07-24T11:48:39.859194+08:00
1303,2025-07-04,-170119,4652370,-200009,4282242,17017.0,288.0,-554.0,23.0,,2026-07-24T11:48:39.859194+08:00
1303,2025-07-07,-43984,-1436927,17964,-1462947,17275.0,99.0,258.0,-189.0,,2026-07-24T11:48:39.859194+08:00
1303,2025-07-08,1464,-1962800,-29992,-1991328,17414.0,87.0,139.0,-12.0,,2026-07-24T11:48:39.859194+08:00
1303,2025-07-09,-105141,-6712246,-19000,-6836387,17891.0,77.0,477.0,-10.0,,2026-07-24T11:48:39.859194+08:00
1303,2025-07-10,-59969,-1614960,-106000,-1780929,18008.0,77.0,117.0,0.0,,2026-07-24T11:48:39.859194+08:00
1303,2025-07-11,-103552,-7855427,-275211,-8234190,18530.0,99.0,522.0,22.0,,2026-07-24T11:48:39.859194+08:00
1303,2025-07-14,198379,185473,-152000,231852,18358.0,77.0,-172.0,-22.0,,2026-07-24T11:48:39.859194+08:00
1303,2025-07-15,328450,-1506664,-59863,-1238077,18410.0,16.0,52.0,-61.0,,2026-07-24T11:48:39.859194+08:00
1303,2025-07-16,2231397,53851,-115615,2169633,18179.0,0.0,-231.0,-16.0,,2026-07-24T11:48:39.859194+08:00
1303,2025-07-17,1072838,12779599,-188754,13663683,16993.0,0.0,-1186.0,0.0,,2026-07-24T11:48:39.859194+08:00
1303,2025-07-18,837603,-1296300,-185000,-643697,17652.0,0.0,659.0,0.0,,2026-07-24T11:48:39.859194+08:00
1303,2025-07-21,717604,-707978,-378546,-368920,18133.0,0.0,481.0,0.0,,2026-07-24T11:48:39.859194+08:00
1303,2025-07-22,217067,3298000,-445939,3069128,17827.0,14.0,-306.0,14.0,,2026-07-24T11:48:39.859194+08:00
1303,2025-07-23,3579078,9938142,-132000,13385220,24421.0,333.0,6594.0,319.0,,2026-07-24T11:48:39.859194+08:00
1303,2025-07-24,4745117,987209,1809000,7541326,27279.0,445.0,2858.0,112.0,,2026-07-24T11:48:39.859194+08:00
1303,2025-07-25,4509739,-7598328,3787000,698411,32605.0,887.0,5326.0,442.0,,2026-07-24T11:48:39.859194+08:00
1303,2025-07-28,15448,-2825744,6827483,4017187,32824.0,3409.0,219.0,2522.0,,2026-07-24T11:48:39.859194+08:00
1303,2025-07-29,-1453700,-17539097,4498210,-14494587,31839.0,2548.0,-985.0,-861.0,,2026-07-24T11:48:39.859194+08:00
1303,2025-07-30,5887480,-21656847,5400000,-10369367,31667.0,3842.0,-172.0,1294.0,,2026-07-24T11:48:39.859194+08:00
1303,2025-07-31,8469009,147377,3963000,12579386,31105.0,4767.0,-562.0,925.0,,2026-07-24T11:48:39.859194+08:00
1303,2025-08-01,-3298616,-16882400,1219339,-18961677,32186.0,4483.0,1081.0,-284.0,,2026-07-24T11:48:39.859194+08:00
1303,2025-08-04,-8144301,6707785,-849000,-2285516,29465.0,3064.0,-2721.0,-1419.0,,2026-07-24T11:48:39.859194+08:00
1303,2025-08-05,-1970805,-11636968,-458929,-14066702,32617.0,2326.0,3152.0,-738.0,,2026-07-24T11:48:39.859194+08:00
1303,2025-08-06,940338,-3008440,-21299,-2089401,33542.0,2454.0,925.0,128.0,,2026-07-24T11:48:39.859194+08:00
1303,2025-08-07,-1872521,496828,-72656,-1448349,32990.0,2370.0,-552.0,-84.0,,2026-07-24T11:48:39.859194+08:00
1303,2025-08-08,378561,2033916,-169065,2243412,27959.0,2127.0,-5031.0,-243.0,,2026-07-24T11:48:39.859194+08:00
1303,2025-08-11,4784232,5822971,2185792,12792995,28252.0,2912.0,293.0,785.0,,2026-07-24T11:48:39.859194+08:00
1303,2025-08-12,-739198,-15157384,4499273,-11397309,28511.0,3066.0,259.0,154.0,,2026-07-24T11:48:39.859194+08:00
1303,2025-08-13,-1216380,1617157,6719000,7119777,27064.0,3559.0,-1447.0,493.0,,2026-07-24T11:48:39.859194+08:00
1303,2025-08-14,424522,-8374666,-2304261,-10254405,29647.0,3236.0,2583.0,-323.0,,2026-07-24T11:48:39.859194+08:00
1303,2025-08-15,2795853,2291265,-5412832,-325714,35429.0,3155.0,5782.0,-81.0,,2026-07-24T11:48:39.859194+08:00
1303,2025-08-18,4984478,9470221,388367,14843066,40974.0,3844.0,5545.0,689.0,,2026-07-24T11:48:39.859194+08:00
1303,2025-08-19,-5991984,-29225034,-6137866,-41354884,36025.0,2946.0,-4949.0,-898.0,,2026-07-24T11:48:39.859194+08:00
1303,2025-08-20,-2428390,6466445,1252297,5290352,35723.0,2864.0,-302.0,-82.0,,2026-07-24T11:48:39.859194+08:00
1303,2025-08-21,659802,-14739595,1213233,-12866560,37067.0,2745.0,1344.0,-119.0,,2026-07-24T11:48:39.859194+08:00
1303,2025-08-22,-2589155,2694619,-10000,95464,37686.0,2386.0,619.0,-359.0,,2026-07-24T11:48:39.859194+08:00
1303,2025-08-25,1471010,13961716,-502733,14929993,35915.0,2551.0,-1771.0,165.0,,2026-07-24T11:48:39.859194+08:00
1303,2025-08-26,6534459,5240472,1768221,13543152,36690.0,2912.0,775.0,361.0,,2026-07-24T11:48:39.859194+08:00
1303,2025-08-27,849379,-5441159,1230000,-3361780,36632.0,2879.0,-58.0,-33.0,,2026-07-24T11:48:39.859194+08:00
1303,2025-08-28,-4279251,-11403222,349000,-15333473,37028.0,2537.0,396.0,-342.0,,2026-07-24T11:48:39.859194+08:00
1303,2025-08-29,2124433,-11873779,-1404000,-11153346,40682.0,2575.0,3654.0,38.0,,2026-07-24T11:48:39.859194+08:00
1303,2025-09-01,-4924864,-2912197,-2614138,-10451199,38740.0,2692.0,-1942.0,117.0,,2026-07-24T11:48:39.859194+08:00
1303,2025-09-02,-923307,5000828,-7790000,-3712479,33730.0,2628.0,-5010.0,-64.0,,2026-07-24T11:48:39.859194+08:00
1303,2025-09-03,-1652860,-2991502,-3638000,-8282362,34018.0,2392.0,288.0,-236.0,,2026-07-24T11:48:39.859194+08:00
1303,2025-09-04,-522939,2111201,-1752000,-163738,32702.0,2261.0,-1316.0,-131.0,,2026-07-24T11:48:39.859194+08:00
1303,2025-09-05,803045,-4027918,-76000,-3300873,32975.0,1724.0,273.0,-537.0,,2026-07-24T11:48:39.859194+08:00
1303,2025-09-08,-146864,-6619388,-72000,-6838252,33460.0,1395.0,485.0,-329.0,,2026-07-24T11:48:39.859194+08:00
1303,2025-09-09,63539,-15939559,-921300,-16797320,36989.0,1314.0,3529.0,-81.0,,2026-07-24T11:48:39.859194+08:00
1303,2025-09-10,-860339,1964438,-2346847,-1242748,36459.0,1136.0,-530.0,-178.0,,2026-07-24T11:48:39.859194+08:00
1303,2025-09-11,-595317,682051,247851,334585,35868.0,1037.0,-591.0,-99.0,,2026-07-24T11:48:39.859194+08:00
1303,2025-09-12,-386965,3872124,-740300,2744859,35041.0,1045.0,-827.0,8.0,,2026-07-24T11:48:39.859194+08:00
1303,2025-09-15,7379,-3548376,-573000,-4113997,35502.0,916.0,461.0,-129.0,,2026-07-24T11:48:39.859194+08:00
1303,2025-09-16,172294,1273447,-5850906,-4405165,36545.0,847.0,1043.0,-69.0,,2026-07-24T11:48:39.859194+08:00
1303,2025-09-17,566610,-2468822,-369500,-2271712,37208.0,947.0,663.0,100.0,,2026-07-24T11:48:39.859194+08:00
1303,2025-09-18,927259,-12008361,-778000,-11859102,38132.0,847.0,924.0,-100.0,,2026-07-24T11:48:39.859194+08:00
1303,2025-09-19,5450436,-3413346,-323181,1713909,37717.0,1171.0,-415.0,324.0,,2026-07-24T11:48:39.859194+08:00
1303,2025-09-22,-261909,-5906898,6506989,338182,37623.0,1319.0,-94.0,148.0,,2026-07-24T11:48:39.859194+08:00
1303,2025-09-23,663080,-26347039,3182740,-22501219,40917.0,1324.0,3294.0,5.0,,2026-07-24T11:48:39.859194+08:00
1303,2025-09-24,-1571750,-3674160,1633292,-3612618,38923.0,1274.0,-1994.0,-50.0,,2026-07-24T11:48:39.859194+08:00
1303,2025-09-25,2148664,8162110,7155488,17466262,40193.0,1881.0,1270.0,607.0,,2026-07-24T11:48:39.859194+08:00
1303,2025-09-26,-1763189,-4022816,2123000,-3663005,38836.0,1660.0,-1357.0,-221.0,,2026-07-24T11:48:39.859194+08:00
1303,2025-09-30,-410264,-4555089,1245114,-3720239,36902.0,1509.0,-1934.0,-151.0,,2026-07-24T11:48:39.859194+08:00
1303,2025-10-01,506521,-385528,1175478,1296471,36325.0,1523.0,-577.0,14.0,,2026-07-24T11:48:39.859194+08:00
1303,2025-10-02,-1273827,-8477240,-34900,-9785967,36026.0,1293.0,-299.0,-230.0,,2026-07-24T11:48:39.859194+08:00
1303,2025-10-03,294835,39638,-628000,-293527,35859.0,1365.0,-167.0,72.0,,2026-07-24T11:48:39.859194+08:00
1303,2025-10-07,693024,29141013,5078000,34912037,34864.0,1661.0,-995.0,296.0,,2026-07-24T11:48:39.859194+08:00
1303,2025-10-08,349321,-605195,477500,221626,35188.0,1729.0,324.0,68.0,,2026-07-24T11:48:39.859194+08:00
1303,2025-10-09,4373334,-7198199,5113733,2288868,38216.0,1816.0,3028.0,87.0,,2026-07-24T11:48:39.859194+08:00
1303,2025-10-13,-3628303,-533119,2172000,-1989422,36941.0,1646.0,-1275.0,-170.0,,2026-07-24T11:48:39.859194+08:00
1303,2025-10-14,-2371340,-11533109,201590,-13702859,36399.0,1434.0,-542.0,-212.0,,2026-07-24T11:48:39.859194+08:00
1303,2025-10-15,-672766,5648337,-1513000,3462571,36531.0,1444.0,132.0,10.0,,2026-07-24T11:48:39.859194+08:00
1303,2025-10-16,1029404,4661109,-10000,5680513,36499.0,1529.0,-32.0,85.0,,2026-07-24T11:48:39.859194+08:00
1303,2025-10-17,-654564,5180157,1378000,5903593,37030.0,1632.0,531.0,103.0,,2026-07-24T11:48:39.859194+08:00
1303,2025-10-20,-437258,342205,2231,-92822,36950.0,1604.0,-80.0,-28.0,,2026-07-24T11:48:39.859194+08:00
1303,2025-10-21,1057670,7088567,-756543,7389694,36652.0,1591.0,-298.0,-13.0,,2026-07-24T11:48:39.859194+08:00
1303,2025-10-22,2601143,7420972,-4590000,5432115,37798.0,1564.0,1146.0,-27.0,,2026-07-24T11:48:39.859194+08:00
1303,2025-10-23,759072,12949799,3655000,17363871,35383.0,1661.0,-2415.0,97.0,,2026-07-24T11:48:39.859194+08:00
1303,2025-10-27,463694,-1890784,-4411517,-5838607,33655.0,1580.0,-1728.0,-81.0,,2026-07-24T11:48:39.859194+08:00
1303,2025-10-28,234683,-2189593,-6100000,-8054910,31056.0,1540.0,-2599.0,-40.0,,2026-07-24T11:48:39.859194+08:00
1303,2025-10-29,727477,7063120,-5326000,2464597,30874.0,1474.0,-182.0,-66.0,,2026-07-24T11:48:39.859194+08:00
1303,2025-10-30,-463181,1210029,-166000,580848,30925.0,1473.0,51.0,-1.0,,2026-07-24T11:48:39.859194+08:00
1303,2025-10-31,2594394,-2775322,-17546,-198474,31185.0,1323.0,260.0,-150.0,,2026-07-24T11:48:39.859194+08:00
1303,2025-11-03,-790452,258700,-1277000,-1808752,30800.0,1320.0,-385.0,-3.0,,2026-07-24T11:48:39.859194+08:00
1303,2025-11-04,-237222,-5378141,179459,-5435904,31545.0,1342.0,745.0,22.0,,2026-07-24T11:48:39.859194+08:00
1303,2025-11-05,-569083,-439389,41000,-967472,31464.0,1296.0,-81.0,-46.0,,2026-07-24T11:48:39.859194+08:00
1303,2025-11-06,472962,-421000,82000,133962,31934.0,1131.0,470.0,-165.0,,2026-07-24T11:48:39.859194+08:00
1303,2025-11-07,2300186,10491105,5209231,18000522,30586.0,1265.0,-1348.0,134.0,,2026-07-24T11:48:39.859194+08:00
1303,2025-11-10,1636715,1733905,7078,3377698,30759.0,1281.0,173.0,16.0,,2026-07-24T11:48:39.859194+08:00
1303,2025-11-11,4450146,23213137,-857770,26805513,31044.0,1513.0,285.0,232.0,,2026-07-24T11:48:39.859194+08:00
1303,2025-11-12,5697498,5423158,1283231,12403887,38383.0,2898.0,7339.0,1385.0,,2026-07-24T11:48:39.859194+08:00
1303,2025-11-13,-1068085,34803015,15491982,49226912,34289.0,2825.0,-4094.0,-73.0,,2026-07-24T11:48:39.859194+08:00
1303,2025-11-14,539870,2205529,3338234,6083633,35267.0,2759.0,978.0,-66.0,,2026-07-24T11:48:39.859194+08:00
1303,2025-11-17,-7022946,19109981,3208156,15295191,32660.0,3928.0,-2607.0,1169.0,,2026-07-24T11:48:39.859194+08:00
1303,2025-11-18,-2858233,19204685,1729000,18075452,34198.0,4396.0,1538.0,468.0,,2026-07-24T11:48:39.859194+08:00
1303,2025-11-19,-4575834,9902017,-7332685,-2006502,33585.0,3928.0,-613.0,-468.0,,2026-07-24T11:48:39.859194+08:00
1303,2025-11-20,-15572,5423774,1361392,6769594,37355.0,4474.0,3770.0,546.0,,2026-07-24T11:48:39.859194+08:00
1303,2025-11-21,-680425,8707142,36000,8062717,32430.0,4119.0,-4925.0,-355.0,,2026-07-24T11:48:39.859194+08:00
1303,2025-11-24,1452403,-1744620,75690,-216527,33454.0,4896.0,1024.0,777.0,,2026-07-24T11:48:39.859194+08:00
1303,2025-11-25,-1547085,-27633519,21000,-29159604,36271.0,4586.0,2817.0,-310.0,,2026-07-24T11:48:39.859194+08:00
1303,2025-11-26,-532865,6812406,-127923,6151618,33527.0,4412.0,-2744.0,-174.0,,2026-07-24T11:48:39.859194+08:00
1303,2025-11-27,2687501,41172914,90238,43950653,37572.0,6475.0,4045.0,2063.0,,2026-07-24T11:48:39.859194+08:00
1303,2025-11-28,223432,-14711063,6939000,-7548631,44613.0,7277.0,7041.0,802.0,,2026-07-24T11:48:39.859194+08:00
1303,2025-12-01,1039590,-11367815,4516000,-5812225,44849.0,8567.0,236.0,1290.0,,2026-07-24T11:48:39.859194+08:00
1303,2025-12-02,810610,19943706,2543000,23297316,40512.0,9688.0,-4337.0,1121.0,,2026-07-24T11:48:39.859194+08:00
1303,2025-12-03,2189627,29617974,3023241,34830842,43272.0,11181.0,2760.0,1493.0,,2026-07-24T11:48:39.859194+08:00
1303,2025-12-04,-3375705,-29721521,1343000,-31754226,41131.0,9869.0,-2141.0,-1312.0,,2026-07-24T11:48:39.859194+08:00
1303,2025-12-05,1407886,1872235,380000,3660121,39970.0,9542.0,-1161.0,-327.0,,2026-07-24T11:48:39.859194+08:00
1303,2025-12-08,548227,-14844148,-11277000,-25572921,42841.0,9644.0,2871.0,102.0,,2026-07-24T11:48:39.859194+08:00
1303,2025-12-09,1165889,7682314,-29000,8819203,41607.0,9092.0,-1234.0,-552.0,,2026-07-24T11:48:39.859194+08:00
1303,2025-12-10,142611,-8369055,138911,-8087533,43069.0,8641.0,1462.0,-451.0,,2026-07-24T11:48:39.859194+08:00
1303,2025-12-11,-733675,241005,-4917078,-5409748,43767.0,8259.0,698.0,-382.0,,2026-07-24T11:48:39.859194+08:00
1303,2025-12-12,314213,1813653,60474,2188340,43979.0,7648.0,212.0,-611.0,,2026-07-24T11:48:39.859194+08:00
1303,2025-12-15,809704,-1792053,124000,-858349,43790.0,7460.0,-189.0,-188.0,,2026-07-24T11:48:39.859194+08:00
1303,2025-12-16,-1965421,4162613,-304465,1892727,40803.0,6802.0,-2987.0,-658.0,,2026-07-24T11:48:39.859194+08:00
1303,2025-12-17,-686709,4338846,926335,4578472,40011.0,6655.0,-792.0,-147.0,,2026-07-24T11:48:39.859194+08:00
1303,2025-12-18,804424,-5872805,118000,-4950381,40607.0,6440.0,596.0,-215.0,,2026-07-24T11:48:39.859194+08:00
1303,2025-12-19,2000967,-16725874,3031478,-11693429,45366.0,6516.0,4759.0,76.0,,2026-07-24T11:48:39.859194+08:00
1303,2025-12-22,1141366,-13690597,-44664,-12593895,44166.0,6367.0,-1200.0,-149.0,,2026-07-24T11:48:39.859194+08:00
1303,2025-12-23,-46106,1324983,-6696000,-5417123,42925.0,6051.0,-1241.0,-316.0,,2026-07-24T11:48:39.859194+08:00
1303,2025-12-24,-871932,-6580499,-4774000,-12226431,43738.0,5930.0,813.0,-121.0,,2026-07-24T11:48:39.859194+08:00
1303,2025-12-26,-124446,3782488,-82000,3576042,43838.0,5827.0,100.0,-103.0,,2026-07-24T11:48:39.859194+08:00
1303,2025-12-29,2495588,3959878,1526000,7981466,43753.0,6027.0,-85.0,200.0,,2026-07-24T11:48:39.859194+08:00
1303,2025-12-30,-611894,-1936641,-661000,-3209535,43666.0,5791.0,-87.0,-236.0,,2026-07-24T11:48:39.859194+08:00
1303,2025-12-31,3489544,-2729643,-2667872,-1907971,54130.0,5835.0,10464.0,44.0,,2026-07-24T11:48:39.859194+08:00
1303,2026-01-02,-681775,-43262025,-1543908,-45487708,51883.0,2948.0,-2247.0,-2887.0,,2026-07-24T11:48:39.859194+08:00
1303,2026-01-05,3131038,16418485,-10302055,9247468,48194.0,2532.0,-3689.0,-416.0,,2026-07-24T11:48:39.859194+08:00
1303,2026-01-06,2231967,20758033,-3557000,19433000,47782.0,2842.0,-412.0,310.0,,2026-07-24T11:48:39.859194+08:00
1303,2026-01-07,3285471,56944867,884798,61115136,54187.0,3796.0,6405.0,954.0,,2026-07-24T11:48:39.859194+08:00
1303,2026-01-08,-3658417,49342672,43326,45727581,44029.0,3833.0,-10158.0,37.0,,2026-07-24T11:48:39.859194+08:00
1303,2026-01-09,-5017298,-18844756,1555062,-22306992,43316.0,3222.0,-713.0,-611.0,,2026-07-24T11:48:39.859194+08:00
1303,2026-01-12,2136155,14420438,-1557524,14999069,45237.0,3555.0,1921.0,333.0,,2026-07-24T11:48:39.859194+08:00
1303,2026-01-13,-1549874,-5113331,-592430,-7255635,45656.0,3264.0,419.0,-291.0,,2026-07-24T11:48:39.859194+08:00
1303,2026-01-14,1525781,7348074,71663,8945518,44898.0,3476.0,-758.0,212.0,,2026-07-24T11:48:39.859194+08:00
1303,2026-01-15,1562479,69561127,-2004673,69118933,47879.0,5559.0,2981.0,2083.0,,2026-07-24T11:48:39.859194+08:00
1303,2026-01-16,1636055,37750206,3141906,42528167,51062.0,5672.0,3183.0,113.0,,2026-07-24T11:48:39.859194+08:00
1303,2026-01-19,1451888,-24714777,5401670,-17861219,55943.0,5577.0,4881.0,-95.0,,2026-07-24T11:48:39.859194+08:00
1303,2026-01-20,-4081798,-5376427,-3819576,-13277801,55076.0,5087.0,-867.0,-490.0,,2026-07-24T11:48:39.859194+08:00
1303,2026-01-21,-3298730,8112599,-803338,4010531,51825.0,4593.0,-3251.0,-494.0,,2026-07-24T11:48:39.859194+08:00
1303,2026-01-22,2625153,29734671,795662,33155486,52113.0,5281.0,288.0,688.0,,2026-07-24T11:48:39.859194+08:00
1303,2026-01-23,-1771674,15883909,-219338,13892897,48286.0,5124.0,-3827.0,-157.0,,2026-07-24T11:48:39.859194+08:00
1303,2026-01-26,1892499,16563242,1414230,19869971,50712.0,5308.0,2426.0,184.0,,2026-07-24T11:48:39.859194+08:00
1303,2026-01-27,-1592543,-7362170,811000,-8143713,49275.0,4933.0,-1437.0,-375.0,,2026-07-24T11:48:39.859194+08:00
1303,2026-01-28,-3864674,23469008,607662,20211996,45667.0,4828.0,-3608.0,-105.0,,2026-07-24T11:48:39.859194+08:00
1303,2026-01-29,-4028423,994738,-459339,-3493024,43448.0,4719.0,-2219.0,-109.0,,2026-07-24T11:48:39.859194+08:00
1303,2026-01-30,-836458,6806739,648322,6618603,43798.0,4628.0,350.0,-91.0,,2026-07-24T11:48:39.859194+08:00
1303,2026-02-02,-1086256,-671684,-435000,-2192940,41202.0,3958.0,-2596.0,-670.0,,2026-07-24T11:48:39.859194+08:00
1303,2026-02-03,169782,3906314,3249662,7325758,39958.0,4273.0,-1244.0,315.0,,2026-07-24T11:48:39.859194+08:00
1303,2026-02-04,1646353,1039943,2535000,5221296,43580.0,4628.0,3622.0,355.0,,2026-07-24T11:48:39.859194+08:00
1303,2026-02-05,-979633,-10839927,1238662,-10580898,44599.0,4378.0,1019.0,-250.0,,2026-07-24T11:48:39.859194+08:00
1303,2026-02-06,27142,2385579,1066000,3478721,45810.0,4661.0,1211.0,283.0,,2026-07-24T11:48:39.859194+08:00
1303,2026-02-09,2436004,24776196,-862000,26350200,47260.0,4799.0,1450.0,138.0,,2026-07-24T11:48:39.859194+08:00
1303,2026-02-10,-756328,-37680784,-108677,-38545789,45458.0,3913.0,-1802.0,-886.0,,2026-07-24T11:48:39.859194+08:00
1303,2026-02-11,1766072,60938575,652000,63356647,40047.0,4606.0,-5411.0,693.0,,2026-07-24T11:48:39.859194+08:00
1303,2026-02-23,2853057,18670727,4769320,26293104,43040.0,5012.0,2993.0,406.0,,2026-07-24T11:48:39.859194+08:00
1303,2026-02-24,4444114,30291870,-220677,34515307,44138.0,5664.0,1098.0,652.0,,2026-07-24T11:48:39.859194+08:00
1303,2026-02-25,319040,34962348,2740980,38022368,41498.0,6507.0,-2640.0,843.0,,2026-07-24T11:48:39.859194+08:00
1303,2026-02-26,-2774167,-6852450,-5210385,-14837002,39778.0,5848.0,-1720.0,-659.0,,2026-07-24T11:48:39.859194+08:00
1303,2026-03-02,-115860,1799677,-1418020,265797,39950.0,5456.0,172.0,-392.0,,2026-07-24T11:48:39.859194+08:00
1303,2026-03-03,-4561656,-20631926,255661,-24937921,42933.0,4791.0,2983.0,-665.0,,2026-07-24T11:48:39.859194+08:00
1303,2026-03-04,-721159,13531157,331649,13141647,37760.0,4104.0,-5173.0,-687.0,,2026-07-24T11:48:39.859194+08:00
1303,2026-03-05,-437341,-26977489,7277663,-20137167,40805.0,4007.0,3045.0,-97.0,,2026-07-24T11:48:39.859194+08:00
1303,2026-03-06,55410,-9680651,4022000,-5603241,42291.0,3951.0,1486.0,-56.0,,2026-07-24T11:48:39.859194+08:00
1303,2026-03-09,-1431901,-8723420,109757,-10045564,40495.0,3509.0,-1796.0,-442.0,,2026-07-24T11:48:39.859194+08:00
1303,2026-03-10,229407,10464989,200093,10894489,38650.0,3497.0,-1845.0,-12.0,,2026-07-24T11:48:39.859194+08:00
1303,2026-03-11,1025249,-20220985,1959000,-17236736,51059.0,3872.0,12409.0,375.0,,2026-07-24T11:48:39.859194+08:00
1303,2026-03-12,-2449252,-31856974,-330336,-34636562,52635.0,3190.0,1576.0,-682.0,,2026-07-24T11:48:39.859194+08:00
1303,2026-03-13,4504548,27421195,5681331,37607074,50470.0,3418.0,-2165.0,228.0,,2026-07-24T11:48:39.859194+08:00
1303,2026-03-16,-1813065,-7555002,19132037,9763970,56895.0,3526.0,6425.0,108.0,,2026-07-24T11:48:39.859194+08:00
1303,2026-03-17,-3970,-25416163,339417,-25080716,54630.0,2800.0,-2265.0,-726.0,,2026-07-24T11:48:39.859194+08:00
1303,2026-03-18,836120,-3082558,661820,-1584618,53812.0,2797.0,-818.0,-3.0,,2026-07-24T11:48:39.859194+08:00
1303,2026-03-19,-308065,-6748695,67000,-6989760,52936.0,2067.0,-876.0,-730.0,,2026-07-24T11:48:39.859194+08:00
1303,2026-03-20,-2618465,-23254412,-665637,-26538514,53662.0,1587.0,726.0,-480.0,,2026-07-24T11:48:39.859194+08:00
1303,2026-03-23,1045253,-1823694,-9590289,-10368730,54343.0,20.0,681.0,-1567.0,,2026-07-24T11:48:39.859194+08:00
1303,2026-03-24,324835,10307385,-318000,10314220,53421.0,0.0,-922.0,-20.0,,2026-07-24T11:48:39.859194+08:00
1303,2026-03-25,872430,8393561,779000,10044991,52568.0,0.0,-853.0,0.0,,2026-07-24T11:48:39.859194+08:00
1303,2026-03-26,200981,-6050889,-3169000,-9018908,54053.0,0.0,1485.0,0.0,,2026-07-24T11:48:39.859194+08:00
1303,2026-03-27,2513562,2798042,-8985000,-3673396,54298.0,195.0,245.0,195.0,,2026-07-24T11:48:39.859194+08:00
1303,2026-03-30,2825895,27414814,5377108,35617817,48405.0,1326.0,-5893.0,1131.0,,2026-07-24T11:48:39.859194+08:00
1303,2026-03-31,-2706421,-30842848,1427000,-32122269,49440.0,328.0,1035.0,-998.0,,2026-07-24T11:48:39.859194+08:00
1303,2026-04-01,4114463,16451417,3021108,23586988,51489.0,565.0,2049.0,237.0,,2026-07-24T11:48:39.859194+08:00
1303,2026-04-02,-610028,-6438337,2535000,-4513365,50801.0,367.0,-688.0,-198.0,,2026-07-24T11:48:39.859194+08:00
1303,2026-04-07,-99434,5038069,3093843,8032478,51331.0,427.0,530.0,60.0,,2026-07-24T11:48:39.859194+08:00
1303,2026-04-08,3740164,10653710,4199216,18593090,52291.0,653.0,960.0,226.0,,2026-07-24T11:48:39.859194+08:00
1303,2026-04-09,4620291,14458964,-710000,18369255,56562.0,1805.0,4271.0,1152.0,,2026-07-24T11:48:39.859194+08:00
1303,2026-04-10,-163798,-24956746,-3290000,-28410544,57703.0,1462.0,1141.0,-343.0,,2026-07-24T11:48:39.859194+08:00
1303,2026-04-13,1603114,28493230,1983919,32080263,55383.0,2399.0,-2320.0,937.0,,2026-07-24T11:48:39.859194+08:00
1303,2026-04-14,-372548,35893992,1006430,36527874,51996.0,3321.0,-3387.0,922.0,,2026-07-24T11:48:39.859194+08:00
1303,2026-04-15,-2168369,37368949,-5550559,29650021,44783.0,3360.0,-7213.0,39.0,,2026-07-24T11:48:39.859194+08:00
1303,2026-04-16,1482394,20287888,-8725076,13045206,45684.0,3549.0,901.0,189.0,,2026-07-24T11:48:39.859194+08:00
1303,2026-04-17,-457541,-9772403,-10879800,-21109744,46693.0,3160.0,1009.0,-389.0,,2026-07-24T11:48:39.859194+08:00
1303,2026-04-20,-122715,-2406520,-2412230,-4941465,45334.0,2729.0,-1359.0,-431.0,,2026-07-24T11:48:39.859194+08:00
1303,2026-04-21,121218,21401462,144300,21666980,43587.0,2936.0,-1747.0,207.0,,2026-07-24T11:48:39.859194+08:00
1303,2026-04-22,272323,14199991,-106333,14365981,43873.0,2968.0,286.0,32.0,,2026-07-24T11:48:39.859194+08:00
1303,2026-04-23,-787800,-5250242,-6876035,-12914077,42170.0,3012.0,-1703.0,44.0,,2026-07-24T11:48:39.859194+08:00
1303,2026-04-24,585039,2297128,-2602571,279596,43465.0,2991.0,1295.0,-21.0,,2026-07-24T11:48:39.859194+08:00
1303,2026-04-27,692231,11761695,-2387397,10066529,41612.0,3068.0,-1853.0,77.0,,2026-07-24T11:48:39.859194+08:00
1303,2026-04-28,1485003,16906867,412489,18804359,38425.0,3232.0,-3187.0,164.0,,2026-07-24T11:48:39.859194+08:00
1303,2026-04-29,1326850,19377054,278000,20981904,37873.0,3436.0,-552.0,204.0,,2026-07-24T11:48:39.859194+08:00
1303,2026-04-30,-562464,-17805375,-1408404,-19776243,39893.0,3136.0,2020.0,-300.0,,2026-07-24T11:48:39.859194+08:00
1303,2026-05-04,-156978,-8586537,-780000,-9523515,38667.0,3050.0,-1226.0,-86.0,,2026-07-24T11:48:39.859194+08:00
1303,2026-05-05,1605067,55406851,-2313440,54698478,43755.0,3585.0,5088.0,535.0,,2026-07-24T11:48:39.859194+08:00
1303,2026-05-06,-970294,-3398886,91000,-4278180,49155.0,3499.0,5400.0,-86.0,,2026-07-24T11:48:39.859194+08:00
1303,2026-05-07,-739475,-20261998,-148302,-21149775,50134.0,3117.0,979.0,-382.0,,2026-07-24T11:48:39.859194+08:00
1303,2026-05-08,-2958817,-11042123,70696,-13930244,50331.0,3007.0,197.0,-110.0,,2026-07-24T11:48:39.859194+08:00
1303,2026-05-11,122879,14415948,-28302,14510525,50205.0,3125.0,-126.0,118.0,,2026-07-24T11:48:39.859194+08:00
1303,2026-05-12,-1772143,-9120294,-456000,-11348437,44345.0,3038.0,-5860.0,-87.0,,2026-07-24T11:48:39.859194+08:00
1303,2026-05-13,-244444,-13332822,-618000,-14195266,45722.0,2964.0,1377.0,-74.0,,2026-07-24T11:48:39.859194+08:00
1303,2026-05-14,-102324,-5958652,-427299,-6488275,46455.0,2917.0,733.0,-47.0,,2026-07-24T11:48:39.859194+08:00
1303,2026-05-15,-657918,-12873683,-26000,-13557601,46509.0,2887.0,54.0,-30.0,,2026-07-24T11:48:39.859194+08:00
1303,2026-05-18,-1632531,-11381072,0,-13013603,42823.0,2686.0,-3686.0,-201.0,,2026-07-24T11:48:39.859194+08:00
1303,2026-05-19,75032,-12980450,78000,-12827418,41726.0,3040.0,-1097.0,354.0,,2026-07-24T11:48:39.859194+08:00
1303,2026-05-20,-3367311,-6478050,-374601,-10219962,41691.0,2663.0,-35.0,-377.0,,2026-07-24T11:48:39.859194+08:00
1303,2026-05-21,192049,32941181,304000,33437230,38218.0,2964.0,-3473.0,301.0,,2026-07-24T11:48:39.859194+08:00
1303,2026-05-22,-98061,-13197203,-18299,-13313563,39545.0,3027.0,1327.0,63.0,,2026-07-24T11:48:39.859194+08:00
1303,2026-05-25,175812,1376307,180000,1732119,39045.0,2908.0,-500.0,-119.0,,2026-07-24T11:48:39.859194+08:00
1303,2026-05-26,2395396,34097662,-1157000,35336058,39935.0,2852.0,890.0,-56.0,,2026-07-24T11:48:39.859194+08:00
1303,2026-05-27,2102,45684302,1300732,46987136,35864.0,2974.0,-4071.0,122.0,,2026-07-24T11:48:39.859194+08:00
1303,2026-05-28,-1195192,-25023704,363000,-25855896,36922.0,2796.0,1058.0,-178.0,,2026-07-24T11:48:39.859194+08:00
1303,2026-05-29,2193152,59319659,2301457,63814268,38780.0,3427.0,1858.0,631.0,,2026-07-24T11:48:39.859194+08:00
1303,2026-06-01,603969,13945743,696000,15245712,53690.0,4039.0,14910.0,612.0,,2026-07-24T11:48:39.859194+08:00
1303,2026-06-02,-1292101,16575842,2133396,17417137,49141.0,3834.0,-4549.0,-205.0,,2026-07-24T11:48:39.859194+08:00
1303,2026-06-03,-532607,-1466154,3087362,1088601,47103.0,3804.0,-2038.0,-30.0,,2026-07-24T11:48:39.859194+08:00
1303,2026-06-04,934,-763250,3862966,3100650,47894.0,3704.0,791.0,-100.0,,2026-07-24T11:48:39.859194+08:00
1303,2026-06-05,-998716,3182388,985699,3169371,42140.0,3309.0,-5754.0,-395.0,,2026-07-24T11:48:39.859194+08:00
1303,2026-06-08,-1474421,4638179,1851000,5014758,33491.0,3067.0,-8649.0,-242.0,,2026-07-24T11:48:39.859194+08:00
1303,2026-06-09,-722940,-6548607,721000,-6550547,29271.0,3090.0,-4220.0,23.0,,2026-07-24T11:48:39.859194+08:00
1303,2026-06-10,-1744800,-4146338,123032,-5768106,28142.0,3010.0,-1129.0,-80.0,,2026-07-24T11:48:39.859194+08:00
1303,2026-06-11,-339806,-2997430,2305904,-1031332,27679.0,2883.0,-463.0,-127.0,,2026-07-24T11:48:39.859194+08:00
1303,2026-06-12,1042256,20882058,401667,22325981,31163.0,3252.0,3484.0,369.0,,2026-07-24T11:48:39.859194+08:00
1303,2026-06-15,917061,12310454,880000,14107515,27020.0,3716.0,-4143.0,464.0,,2026-07-24T11:48:39.859194+08:00
1303,2026-06-16,-755091,11392303,-385854,10251358,26191.0,4117.0,-829.0,401.0,,2026-07-24T11:48:39.859194+08:00
1303,2026-06-17,1124865,19476048,-56319,20544594,27324.0,4797.0,1133.0,680.0,,2026-07-24T11:48:39.859194+08:00
1303,2026-06-18,-56683,4408573,331086,4682976,31784.0,4849.0,4460.0,52.0,,2026-07-24T11:48:39.859194+08:00
1303,2026-06-19,66000,-308435,681000,438565,,,,,,2026-07-24T11:48:39.859194+08:00
1303,2026-06-22,310946,-5341770,3716000,-1314824,36881.0,4774.0,,,,2026-07-24T11:48:39.859194+08:00
1303,2026-06-23,-1268137,-16414621,40655919,22973161,29227.0,5314.0,-7654.0,540.0,,2026-07-24T11:48:39.859194+08:00
1303,2026-06-24,6445,-19380665,18072000,-1302220,35034.0,4372.0,5807.0,-942.0,,2026-07-24T11:48:39.859194+08:00
1303,2026-06-25,892044,-6802796,11009450,5098698,33184.0,4250.0,-1850.0,-122.0,,2026-07-24T11:48:39.859194+08:00
1303,2026-06-26,-3914654,-1013815,3627959,-1300510,30184.0,4093.0,-3000.0,-157.0,,2026-07-24T11:48:39.859194+08:00
1303,2026-06-29,-1269880,-625937,7505877,5610060,30959.0,3573.0,775.0,-520.0,,2026-07-24T11:48:39.859194+08:00
1303,2026-06-30,488607,4065227,3288000,7841834,35078.0,3107.0,4119.0,-466.0,,2026-07-24T11:48:39.859194+08:00
1303,2026-07-01,-1401990,10396725,4024179,13018914,35356.0,2280.0,,,,2026-07-30T01:53:44.263354+08:00
1303,2026-07-02,-775784,5872656,6831822,11928694,32457.0,122.0,-2899.0,-2158.0,,2026-07-30T01:53:44.263354+08:00
1303,2026-07-03,218910,-2696533,3442703,965080,32749.0,0.0,292.0,-122.0,,2026-07-30T01:53:44.263354+08:00
1303,2026-07-06,278881,-5634818,2778775,-2577162,31339.0,0.0,-1410.0,0.0,,2026-07-30T01:53:44.263354+08:00
1303,2026-07-07,-1113601,-4011287,1073756,-4051132,31051.0,0.0,-288.0,0.0,,2026-07-30T01:53:44.263354+08:00
1303,2026-07-08,1116587,-9366147,2314000,-5935560,31437.0,457.0,386.0,457.0,,2026-07-30T01:53:44.263354+08:00
1303,2026-07-09,1393353,-11685377,8116730,-2175294,36994.0,360.0,5557.0,-97.0,,2026-07-30T01:53:44.263354+08:00
1303,2026-07-13,1508953,-6699972,9372000,4180981,39744.0,848.0,2750.0,488.0,,2026-07-30T01:53:44.263354+08:00
1303,2026-07-14,5500540,-22778115,11984480,-5293095,48806.0,897.0,9062.0,49.0,,2026-07-30T01:53:44.263354+08:00
1303,2026-07-15,-92397,-24013718,18605187,-5500928,51854.0,1403.0,3048.0,506.0,,2026-07-30T01:53:44.263354+08:00
1303,2026-07-16,-391828,-52646470,51812752,-1225546,49012.0,1485.0,-2842.0,82.0,,2026-07-30T01:53:44.263354+08:00
1303,2026-07-17,-3419882,-50130158,48781656,-4768384,43059.0,5370.0,-5953.0,3885.0,,2026-07-30T01:53:44.263354+08:00
1303,2026-07-20,3704293,-5769928,8675803,6610168,39443.0,1291.0,-3616.0,-4079.0,,2026-07-30T01:53:44.263354+08:00
1303,2026-07-21,-144803,-23551563,8190039,-15506327,45395.0,922.0,5952.0,-369.0,,2026-07-30T01:53:44.263354+08:00
1303,2026-07-22,-130899,-1724049,3266388,1411440,48248.0,1231.0,2853.0,309.0,,2026-07-30T01:53:44.263354+08:00
1303,2026-07-23,-731620,-19336325,2177097,-17890848,48225.0,1031.0,-23.0,-200.0,,2026-07-30T01:53:44.263354+08:00
1303,2026-07-24,-115626,3280167,583697,3748238,39992.0,3185.0,-8233.0,2154.0,,2026-07-30T01:53:44.263354+08:00
1303,2026-07-27,594292,18913064,-3403000,16104356,35624.0,1534.0,-4368.0,-1651.0,,2026-07-30T01:53:44.263354+08:00
1303,2026-07-28,2567892,1198653,111903,3878448,30084.0,3737.0,-5540.0,2203.0,,2026-07-30T01:53:44.263354+08:00
1303,2026-07-29,2118693,25498257,-19728097,7888853,24336.0,1177.0,-5748.0,-2560.0,,2026-07-30T01:53:44.263354+08:00
1303,2026-08-03,467641,-49229560,13225714,-35536205,46557.0,775.0,,,,2026-08-20T14:58:12.091708+08:00
1303,2026-08-04,-630157,-10078121,400000,-10308278,53695.0,1495.0,7138.0,720.0,,2026-08-20T14:58:12.091708+08:00
1303,2026-08-05,-76126,-6340656,-4181000,-10597782,55817.0,1579.0,2122.0,84.0,,2026-08-20T14:58:12.091708+08:00
1303,2026-08-06,867735,2719153,-1205000,2381888,55405.0,1630.0,-412.0,51.0,,2026-08-20T14:58:12.091708+08:00
1303,2026-08-07,376546,-7333983,1758000,-5199437,62602.0,2026.0,7197.0,396.0,,2026-08-20T14:58:12.091708+08:00
1303,2026-08-10,-356930,-22708891,352037,-22713784,63327.0,1993.0,725.0,-33.0,,2026-08-20T14:58:12.091708+08:00
1303,2026-08-11,1067213,7475133,4500031,13042377,54594.0,2253.0,-8733.0,260.0,,2026-08-20T14:58:12.091708+08:00
1303,2026-08-12,-1124460,-12290027,4300000,-9114487,55622.0,2224.0,1028.0,-29.0,,2026-08-20T14:58:12.091708+08:00
1303,2026-08-13,2344395,1748446,-4446195,-353354,52946.0,2282.0,-2676.0,58.0,,2026-08-20T14:58:12.091708+08:00
1303,2026-08-14,3232063,10619328,-1592904,12258487,54861.0,3147.0,1915.0,865.0,,2026-08-20T14:58:12.091708+08:00
1303,2026-08-17,482575,-7473404,2573000,-4417829,47900.0,1941.0,-6961.0,-1206.0,,2026-08-20T14:58:12.091708+08:00
1303,2026-08-18,569138,-1787676,1260962,42424,45963.0,1913.0,-1937.0,-28.0,,2026-08-20T14:58:12.091708+08:00
1303,2026-08-19,-2176772,-2351542,-288000,-4816314,43865.0,1644.0,-2098.0,-269.0,,2026-08-20T14:58:12.091708+08:00
1303,2026-08-03,467641,-49229560,13225714,-35536205,46557.0,775.0,,,,2026-08-20T21:46:55.094174+08:00
1303,2026-08-04,-630157,-10078121,400000,-10308278,53695.0,1495.0,7138.0,720.0,,2026-08-20T21:46:55.094174+08:00
1303,2026-08-05,-76126,-6340656,-4181000,-10597782,55817.0,1579.0,2122.0,84.0,,2026-08-20T21:46:55.094174+08:00
1303,2026-08-06,867735,2719153,-1205000,2381888,55405.0,1630.0,-412.0,51.0,,2026-08-20T21:46:55.094174+08:00
1303,2026-08-07,376546,-7333983,1758000,-5199437,62602.0,2026.0,7197.0,396.0,,2026-08-20T21:46:55.094174+08:00
1303,2026-08-10,-356930,-22708891,352037,-22713784,63327.0,1993.0,725.0,-33.0,,2026-08-20T21:46:55.094174+08:00
1303,2026-08-11,1067213,7475133,4500031,13042377,54594.0,2253.0,-8733.0,260.0,,2026-08-20T21:46:55.094174+08:00
1303,2026-08-12,-1124460,-12290027,4300000,-9114487,55622.0,2224.0,1028.0,-29.0,,2026-08-20T21:46:55.094174+08:00
1303,2026-08-13,2344395,1748446,-4446195,-353354,52946.0,2282.0,-2676.0,58.0,,2026-08-20T21:46:55.094174+08:00
1303,2026-08-14,3232063,10619328,-1592904,12258487,54861.0,3147.0,1915.0,865.0,,2026-08-20T21:46:55.094174+08:00
1303,2026-08-17,482575,-7473404,2573000,-4417829,47900.0,1941.0,-6961.0,-1206.0,,2026-08-20T21:46:55.094174+08:00
1303,2026-08-18,569138,-1787676,1260962,42424,45963.0,1913.0,-1937.0,-28.0,,2026-08-20T21:46:55.094174+08:00
1303,2026-08-19,-2176772,-2351542,-288000,-4816314,43865.0,1644.0,-2098.0,-269.0,,2026-08-20T21:46:55.094174+08:00
1303,2026-08-20,-3017145,-8559385,3674000,-7902530,42885.0,2344.0,-980.0,700.0,,2026-08-20T21:46:55.094174+08:00
