stock_id,trade_date,dealer_net,foreign_net,investment_trust_net,institutional_net,margin_balance,short_balance,margin_change,short_change,securities_lending,updated_at
2059,2016-01-04,6000.0,6000.0,-9000.0,3000.0,1076.0,57.0,,,,2026-07-24T11:48:40.327850+08:00
2059,2016-01-05,1000.0,-49000.0,0.0,-48000.0,1079.0,53.0,3.0,-4.0,,2026-07-24T11:48:40.327850+08:00
2059,2016-01-06,-23000.0,-21000.0,-29000.0,-73000.0,1098.0,48.0,19.0,-5.0,,2026-07-24T11:48:40.327850+08:00
2059,2016-01-07,-22000.0,-21000.0,0.0,-43000.0,1082.0,53.0,-16.0,5.0,,2026-07-24T11:48:40.327850+08:00
2059,2016-01-08,-6000.0,-74000.0,0.0,-80000.0,1085.0,57.0,3.0,4.0,,2026-07-24T11:48:40.327850+08:00
2059,2016-01-11,-12000.0,-45000.0,38000.0,-19000.0,1076.0,54.0,-9.0,-3.0,,2026-07-24T11:48:40.327850+08:00
2059,2016-01-12,-11000.0,-26200.0,-41000.0,-78200.0,1078.0,58.0,2.0,4.0,,2026-07-24T11:48:40.327850+08:00
2059,2016-01-13,-5000.0,-47000.0,-60000.0,-112000.0,1093.0,52.0,15.0,-6.0,,2026-07-24T11:48:40.327850+08:00
2059,2016-01-14,-4000.0,13000.0,-8000.0,1000.0,1078.0,59.0,-15.0,7.0,,2026-07-24T11:48:40.327850+08:00
2059,2016-01-15,-6000.0,65520.0,-76000.0,-16480.0,1076.0,58.0,-2.0,-1.0,,2026-07-24T11:48:40.327850+08:00
2059,2016-01-18,7000.0,32000.0,0.0,39000.0,1074.0,57.0,-2.0,-1.0,,2026-07-24T11:48:40.327850+08:00
2059,2016-01-19,-1000.0,41000.0,0.0,40000.0,1072.0,52.0,-2.0,-5.0,,2026-07-24T11:48:40.327850+08:00
2059,2016-01-20,-4000.0,18000.0,-2000.0,12000.0,1062.0,52.0,-10.0,0.0,,2026-07-24T11:48:40.327850+08:00
2059,2016-01-21,-1000.0,139480.0,0.0,138480.0,1059.0,48.0,-3.0,-4.0,,2026-07-24T11:48:40.327850+08:00
2059,2016-01-22,-6000.0,160000.0,0.0,154000.0,1054.0,50.0,-5.0,2.0,,2026-07-24T11:48:40.327850+08:00
2059,2016-01-25,13000.0,103000.0,39000.0,155000.0,1046.0,55.0,-8.0,5.0,,2026-07-24T11:48:40.327850+08:00
2059,2016-01-26,5000.0,-37000.0,5000.0,-27000.0,1051.0,52.0,5.0,-3.0,,2026-07-24T11:48:40.327850+08:00
2059,2016-01-27,5000.0,-24840.0,-2000.0,-21840.0,1053.0,51.0,2.0,-1.0,,2026-07-24T11:48:40.327850+08:00
2059,2016-01-28,11000.0,-28000.0,-1000.0,-18000.0,1063.0,53.0,10.0,2.0,,2026-07-24T11:48:40.327850+08:00
2059,2016-01-29,-2000.0,54000.0,-3000.0,49000.0,1056.0,53.0,-7.0,0.0,,2026-07-24T11:48:40.327850+08:00
2059,2016-01-30,10000.0,0.0,-13000.0,-3000.0,1051.0,55.0,-5.0,2.0,,2026-07-24T11:48:40.327850+08:00
2059,2016-02-01,2000.0,85000.0,-23000.0,64000.0,1038.0,55.0,-13.0,0.0,,2026-07-24T11:48:40.327850+08:00
2059,2016-02-02,2000.0,26000.0,-3000.0,25000.0,1035.0,55.0,-3.0,0.0,,2026-07-24T11:48:40.327850+08:00
2059,2016-02-03,5000.0,-4360.0,0.0,640.0,1033.0,57.0,-2.0,2.0,,2026-07-24T11:48:40.327850+08:00
2059,2016-02-05,0.0,-44000.0,0.0,-44000.0,,,,,,2026-07-24T11:48:40.327850+08:00
2059,2016-02-15,-15000.0,71000.0,-223054.0,-167054.0,1045.0,35.0,,,,2026-07-24T11:48:40.327850+08:00
2059,2016-02-16,-3000.0,17000.0,-81000.0,-67000.0,1043.0,33.0,-2.0,-2.0,,2026-07-24T11:48:40.327850+08:00
2059,2016-02-17,16000.0,-12000.0,-2000.0,2000.0,1050.0,34.0,7.0,1.0,,2026-07-24T11:48:40.327850+08:00
2059,2016-02-18,1000.0,31968.0,0.0,32968.0,1044.0,36.0,-6.0,2.0,,2026-07-24T11:48:40.327850+08:00
2059,2016-02-19,0.0,111882.0,0.0,111882.0,1041.0,37.0,-3.0,1.0,,2026-07-24T11:48:40.327850+08:00
2059,2016-02-22,1000.0,-36118.0,0.0,-35118.0,1052.0,37.0,11.0,0.0,,2026-07-24T11:48:40.327850+08:00
2059,2016-02-23,0.0,16160.0,-35000.0,-18840.0,1050.0,37.0,-2.0,0.0,,2026-07-24T11:48:40.327850+08:00
2059,2016-02-24,2000.0,-47974.0,-5000.0,-50974.0,1041.0,38.0,-9.0,1.0,,2026-07-24T11:48:40.327850+08:00
2059,2016-02-25,-1000.0,-52000.0,0.0,-53000.0,1038.0,38.0,-3.0,0.0,,2026-07-24T11:48:40.327850+08:00
2059,2016-02-26,1000.0,3480.0,0.0,4480.0,1039.0,40.0,1.0,2.0,,2026-07-24T11:48:40.327850+08:00
2059,2016-03-01,3000.0,-51000.0,0.0,-48000.0,1065.0,37.0,26.0,-3.0,,2026-07-24T11:48:40.327850+08:00
2059,2016-03-02,-2000.0,-27000.0,0.0,-29000.0,1092.0,33.0,27.0,-4.0,,2026-07-24T11:48:40.327850+08:00
2059,2016-03-03,-3000.0,-45000.0,-6000.0,-54000.0,1123.0,36.0,31.0,3.0,,2026-07-24T11:48:40.327850+08:00
2059,2016-03-04,0.0,-89000.0,-6000.0,-95000.0,1128.0,37.0,5.0,1.0,,2026-07-24T11:48:40.327850+08:00
2059,2016-03-07,-4000.0,-163000.0,-14000.0,-181000.0,1147.0,39.0,19.0,2.0,,2026-07-24T11:48:40.327850+08:00
2059,2016-03-08,-3000.0,-281000.0,-20000.0,-304000.0,1174.0,34.0,27.0,-5.0,,2026-07-24T11:48:40.327850+08:00
2059,2016-03-09,2000.0,-126000.0,-9000.0,-133000.0,1189.0,35.0,15.0,1.0,,2026-07-24T11:48:40.327850+08:00
2059,2016-03-10,2000.0,-5294.0,9000.0,5706.0,1193.0,34.0,4.0,-1.0,,2026-07-24T11:48:40.327850+08:00
2059,2016-03-11,0.0,-66000.0,3000.0,-63000.0,1195.0,32.0,2.0,-2.0,,2026-07-24T11:48:40.327850+08:00
2059,2016-03-14,2000.0,-9000.0,2000.0,-5000.0,1192.0,30.0,-3.0,-2.0,,2026-07-24T11:48:40.327850+08:00
2059,2016-03-15,-3000.0,-51000.0,-55000.0,-109000.0,1184.0,30.0,-8.0,0.0,,2026-07-24T11:48:40.327850+08:00
2059,2016-03-16,15000.0,-5000.0,0.0,10000.0,1171.0,30.0,-13.0,0.0,,2026-07-24T11:48:40.327850+08:00
2059,2016-03-17,5000.0,-104000.0,-27000.0,-126000.0,1184.0,27.0,13.0,-3.0,,2026-07-24T11:48:40.327850+08:00
2059,2016-03-18,2000.0,-3000.0,-64000.0,-65000.0,1192.0,22.0,8.0,-5.0,,2026-07-24T11:48:40.327850+08:00
2059,2016-03-21,1000.0,-29000.0,-79000.0,-107000.0,1216.0,24.0,24.0,2.0,,2026-07-24T11:48:40.327850+08:00
2059,2016-03-22,-3000.0,-61840.0,-38000.0,-102840.0,1227.0,26.0,11.0,2.0,,2026-07-24T11:48:40.327850+08:00
2059,2016-03-23,10000.0,13000.0,-4000.0,19000.0,1215.0,25.0,-12.0,-1.0,,2026-07-24T11:48:40.327850+08:00
2059,2016-03-24,-1000.0,-7000.0,16000.0,8000.0,1200.0,24.0,-15.0,-1.0,,2026-07-24T11:48:40.327850+08:00
2059,2016-03-25,1000.0,-41000.0,-7000.0,-47000.0,1207.0,36.0,7.0,12.0,,2026-07-24T11:48:40.327850+08:00
2059,2016-03-28,0.0,-14000.0,0.0,-14000.0,1209.0,36.0,2.0,0.0,,2026-07-24T11:48:40.327850+08:00
2059,2016-03-29,-2000.0,0.0,0.0,-2000.0,1214.0,36.0,5.0,0.0,,2026-07-24T11:48:40.327850+08:00
2059,2016-03-30,19000.0,-41000.0,0.0,-22000.0,1218.0,31.0,4.0,-5.0,,2026-07-24T11:48:40.327850+08:00
2059,2016-03-31,-1000.0,-65000.0,0.0,-66000.0,1232.0,31.0,14.0,0.0,,2026-07-24T11:48:40.327850+08:00
2059,2016-04-01,-1000.0,21000.0,0.0,20000.0,1238.0,31.0,6.0,0.0,,2026-07-24T11:48:40.327850+08:00
2059,2016-04-06,-4000.0,-23000.0,15000.0,-12000.0,1255.0,32.0,17.0,1.0,,2026-07-24T11:48:40.327850+08:00
2059,2016-04-07,-5000.0,-40600.0,25000.0,-20600.0,1261.0,36.0,6.0,4.0,,2026-07-24T11:48:40.327850+08:00
2059,2016-04-08,-3000.0,-235000.0,30000.0,-208000.0,1315.0,20.0,54.0,-16.0,,2026-07-24T11:48:40.327850+08:00
2059,2016-04-11,1000.0,-181500.0,87000.0,-93500.0,1332.0,7.0,17.0,-13.0,,2026-07-24T11:48:40.327850+08:00
2059,2016-04-12,2000.0,-91484.0,18000.0,-71484.0,1319.0,5.0,-13.0,-2.0,,2026-07-24T11:48:40.327850+08:00
2059,2016-04-13,16000.0,103000.0,144000.0,263000.0,1219.0,5.0,-100.0,0.0,,2026-07-24T11:48:40.327850+08:00
2059,2016-04-14,3000.0,63000.0,-12000.0,54000.0,1233.0,1.0,14.0,-4.0,,2026-07-24T11:48:40.327850+08:00
2059,2016-04-15,5000.0,195000.0,-8000.0,192000.0,1192.0,0.0,-41.0,-1.0,,2026-07-24T11:48:40.327850+08:00
2059,2016-04-18,0.0,-27000.0,60000.0,33000.0,1197.0,0.0,5.0,0.0,,2026-07-24T11:48:40.327850+08:00
2059,2016-04-19,-2000.0,-18000.0,0.0,-20000.0,1190.0,0.0,-7.0,0.0,,2026-07-24T11:48:40.327850+08:00
2059,2016-04-20,-14000.0,72000.0,-10000.0,48000.0,1197.0,0.0,7.0,0.0,,2026-07-24T11:48:40.327850+08:00
2059,2016-04-21,8000.0,250000.0,0.0,258000.0,1173.0,32.0,-24.0,32.0,,2026-07-24T11:48:40.327850+08:00
2059,2016-04-22,1000.0,-29000.0,-14000.0,-42000.0,1170.0,32.0,-3.0,0.0,,2026-07-24T11:48:40.327850+08:00
2059,2016-04-25,0.0,32000.0,0.0,32000.0,1162.0,34.0,-8.0,2.0,,2026-07-24T11:48:40.327850+08:00
2059,2016-04-26,1000.0,-2000.0,0.0,-1000.0,1159.0,35.0,-3.0,1.0,,2026-07-24T11:48:40.327850+08:00
2059,2016-04-27,2000.0,44000.0,0.0,46000.0,1164.0,42.0,5.0,7.0,,2026-07-24T11:48:40.327850+08:00
2059,2016-04-28,-1000.0,11000.0,0.0,10000.0,1163.0,42.0,-1.0,0.0,,2026-07-24T11:48:40.327850+08:00
2059,2016-04-29,-1000.0,111000.0,0.0,110000.0,1149.0,43.0,-14.0,1.0,,2026-07-24T11:48:40.327850+08:00
2059,2016-05-03,0.0,94400.0,0.0,94400.0,1132.0,44.0,-17.0,1.0,,2026-07-24T11:48:40.327850+08:00
2059,2016-05-04,1000.0,98000.0,0.0,99000.0,1123.0,48.0,-9.0,4.0,,2026-07-24T11:48:40.327850+08:00
2059,2016-05-05,3000.0,46000.0,0.0,49000.0,1125.0,49.0,2.0,1.0,,2026-07-24T11:48:40.327850+08:00
2059,2016-05-06,-3000.0,-8000.0,0.0,-11000.0,1124.0,53.0,-1.0,4.0,,2026-07-24T11:48:40.327850+08:00
2059,2016-05-09,1000.0,9000.0,2000.0,12000.0,1131.0,61.0,7.0,8.0,,2026-07-24T11:48:40.327850+08:00
2059,2016-05-10,1000.0,53000.0,-15017.0,38983.0,1126.0,66.0,-5.0,5.0,,2026-07-24T11:48:40.327850+08:00
2059,2016-05-11,-1000.0,4000.0,0.0,3000.0,1138.0,73.0,12.0,7.0,,2026-07-24T11:48:40.327850+08:00
2059,2016-05-12,-6000.0,77000.0,-30000.0,41000.0,1134.0,68.0,-4.0,-5.0,,2026-07-24T11:48:40.327850+08:00
2059,2016-05-13,0.0,-59000.0,-1000.0,-60000.0,1139.0,74.0,5.0,6.0,,2026-07-24T11:48:40.327850+08:00
2059,2016-05-16,0.0,119000.0,0.0,119000.0,1124.0,64.0,-15.0,-10.0,,2026-07-24T11:48:40.327850+08:00
2059,2016-05-17,9000.0,22541.0,-8000.0,23541.0,1123.0,62.0,-1.0,-2.0,,2026-07-24T11:48:40.327850+08:00
2059,2016-05-18,1000.0,-61000.0,10000.0,-50000.0,1125.0,53.0,2.0,-9.0,,2026-07-24T11:48:40.327850+08:00
2059,2016-05-19,-10000.0,-37000.0,0.0,-47000.0,1123.0,53.0,-2.0,0.0,,2026-07-24T11:48:40.327850+08:00
2059,2016-05-20,-3000.0,-60000.0,5000.0,-58000.0,1124.0,54.0,1.0,1.0,,2026-07-24T11:48:40.327850+08:00
2059,2016-05-23,10000.0,-31000.0,2000.0,-19000.0,1132.0,51.0,8.0,-3.0,,2026-07-24T11:48:40.327850+08:00
2059,2016-05-24,0.0,-28000.0,-16000.0,-44000.0,1143.0,54.0,11.0,3.0,,2026-07-24T11:48:40.327850+08:00
2059,2016-05-25,-2000.0,-19000.0,0.0,-21000.0,1153.0,52.0,10.0,-2.0,,2026-07-24T11:48:40.327850+08:00
2059,2016-05-26,4000.0,-54000.0,0.0,-50000.0,1161.0,52.0,8.0,0.0,,2026-07-24T11:48:40.327850+08:00
2059,2016-05-27,1000.0,3800.0,0.0,4800.0,1162.0,53.0,1.0,1.0,,2026-07-24T11:48:40.327850+08:00
2059,2016-05-30,1000.0,-35000.0,0.0,-34000.0,1176.0,55.0,14.0,2.0,,2026-07-24T11:48:40.327850+08:00
2059,2016-05-31,1000.0,-19000.0,0.0,-18000.0,1188.0,64.0,12.0,9.0,,2026-07-24T11:48:40.327850+08:00
2059,2016-06-01,25000.0,-41000.0,1000.0,-15000.0,1225.0,62.0,37.0,-2.0,,2026-07-24T11:48:40.327850+08:00
2059,2016-06-02,-8000.0,59000.0,0.0,51000.0,1213.0,61.0,-12.0,-1.0,,2026-07-24T11:48:40.327850+08:00
2059,2016-06-03,8000.0,-21000.0,0.0,-13000.0,1215.0,61.0,2.0,0.0,,2026-07-24T11:48:40.327850+08:00
2059,2016-06-04,-2000.0,0.0,0.0,-2000.0,1212.0,58.0,-3.0,-3.0,,2026-07-24T11:48:40.327850+08:00
2059,2016-06-06,-9000.0,-2000.0,0.0,-11000.0,1206.0,61.0,-6.0,3.0,,2026-07-24T11:48:40.327850+08:00
2059,2016-06-07,50000.0,-250000.0,37000.0,-163000.0,1274.0,55.0,68.0,-6.0,,2026-07-24T11:48:40.327850+08:00
2059,2016-06-08,-5000.0,61000.0,0.0,56000.0,1250.0,59.0,-24.0,4.0,,2026-07-24T11:48:40.327850+08:00
2059,2016-06-13,-4000.0,-25000.0,0.0,-29000.0,1241.0,59.0,-9.0,0.0,,2026-07-24T11:48:40.327850+08:00
2059,2016-06-14,6000.0,-26000.0,0.0,-20000.0,1232.0,58.0,-9.0,-1.0,,2026-07-24T11:48:40.327850+08:00
2059,2016-06-15,22000.0,-41000.0,0.0,-19000.0,1219.0,55.0,-13.0,-3.0,,2026-07-24T11:48:40.327850+08:00
2059,2016-06-16,-1000.0,-18000.0,0.0,-19000.0,1209.0,56.0,-10.0,1.0,,2026-07-24T11:48:40.327850+08:00
2059,2016-06-17,-1000.0,45000.0,5000.0,49000.0,1184.0,48.0,-25.0,-8.0,,2026-07-24T11:48:40.327850+08:00
2059,2016-06-20,10000.0,-10000.0,0.0,0.0,1181.0,42.0,-3.0,-6.0,,2026-07-24T11:48:40.327850+08:00
2059,2016-06-21,10000.0,30000.0,40000.0,80000.0,1172.0,41.0,-9.0,-1.0,,2026-07-24T11:48:40.327850+08:00
2059,2016-06-22,7000.0,-2000.0,0.0,5000.0,1154.0,41.0,-18.0,0.0,,2026-07-24T11:48:40.327850+08:00
2059,2016-06-23,-13000.0,54000.0,0.0,41000.0,1142.0,42.0,-12.0,1.0,,2026-07-24T11:48:40.327850+08:00
2059,2016-06-24,-8000.0,43000.0,-2000.0,33000.0,1131.0,43.0,-11.0,1.0,,2026-07-24T11:48:40.327850+08:00
2059,2016-06-27,12000.0,-19000.0,-5000.0,-12000.0,1140.0,42.0,9.0,-1.0,,2026-07-24T11:48:40.327850+08:00
2059,2016-06-28,-18000.0,96000.0,-49000.0,29000.0,1129.0,41.0,-11.0,-1.0,,2026-07-24T11:48:40.327850+08:00
2059,2016-06-29,-7000.0,22000.0,10000.0,25000.0,1120.0,45.0,-9.0,4.0,,2026-07-24T11:48:40.327850+08:00
2059,2016-06-30,-3000.0,-18000.0,0.0,-21000.0,1116.0,43.0,-4.0,-2.0,,2026-07-24T11:48:40.327850+08:00
2059,2016-07-01,-4000.0,44000.0,0.0,40000.0,1112.0,42.0,-4.0,-1.0,,2026-07-24T11:48:40.327850+08:00
2059,2016-07-04,-3000.0,28000.0,0.0,25000.0,1105.0,41.0,-7.0,-1.0,,2026-07-24T11:48:40.327850+08:00
2059,2016-07-05,-3000.0,-1000.0,0.0,-4000.0,1107.0,41.0,2.0,0.0,,2026-07-24T11:48:40.327850+08:00
2059,2016-07-06,-3000.0,16000.0,0.0,13000.0,1104.0,35.0,-3.0,-6.0,,2026-07-24T11:48:40.327850+08:00
2059,2016-07-07,-8000.0,36000.0,0.0,28000.0,1104.0,35.0,0.0,0.0,,2026-07-24T11:48:40.327850+08:00
2059,2016-07-11,0.0,30000.0,0.0,30000.0,1096.0,35.0,-8.0,0.0,,2026-07-24T11:48:40.327850+08:00
2059,2016-07-12,0.0,10000.0,15000.0,25000.0,1095.0,35.0,-1.0,0.0,,2026-07-24T11:48:40.327850+08:00
2059,2016-07-13,0.0,-4000.0,0.0,-4000.0,1094.0,35.0,-1.0,0.0,,2026-07-24T11:48:40.327850+08:00
2059,2016-07-14,-2000.0,-11000.0,0.0,-13000.0,1096.0,35.0,2.0,0.0,,2026-07-24T11:48:40.327850+08:00
2059,2016-07-15,3000.0,-53000.0,0.0,-50000.0,1103.0,32.0,7.0,-3.0,,2026-07-24T11:48:40.327850+08:00
2059,2016-07-18,1000.0,63000.0,0.0,64000.0,1100.0,32.0,-3.0,0.0,,2026-07-24T11:48:40.327850+08:00
2059,2016-07-19,22000.0,262000.0,-54000.0,230000.0,1102.0,39.0,2.0,7.0,,2026-07-24T11:48:40.327850+08:00
2059,2016-07-20,-2000.0,195000.0,-20000.0,173000.0,1073.0,42.0,-29.0,3.0,,2026-07-24T11:48:40.327850+08:00
2059,2016-07-21,0.0,45000.0,-21000.0,24000.0,1071.0,43.0,-2.0,1.0,,2026-07-24T11:48:40.327850+08:00
2059,2016-07-22,4000.0,83000.0,-26000.0,61000.0,1073.0,40.0,2.0,-3.0,,2026-07-24T11:48:40.327850+08:00
2059,2016-07-25,2000.0,125000.0,-35000.0,92000.0,1067.0,41.0,-6.0,1.0,,2026-07-24T11:48:40.327850+08:00
2059,2016-07-26,10000.0,-1000.0,-30000.0,-21000.0,1074.0,38.0,7.0,-3.0,,2026-07-24T11:48:40.327850+08:00
2059,2016-07-27,4000.0,40000.0,0.0,44000.0,1073.0,39.0,-1.0,1.0,,2026-07-24T11:48:40.327850+08:00
2059,2016-07-28,-6000.0,48000.0,0.0,42000.0,1069.0,40.0,-4.0,1.0,,2026-07-24T11:48:40.327850+08:00
2059,2016-07-29,8000.0,7000.0,-63005.0,-48005.0,1073.0,39.0,4.0,-1.0,,2026-07-24T11:48:40.327850+08:00
2059,2016-08-01,-2000.0,-23000.0,0.0,-25000.0,1103.0,38.0,30.0,-1.0,,2026-07-24T11:48:40.327850+08:00
2059,2016-08-02,8000.0,74000.0,-59000.0,23000.0,1119.0,37.0,16.0,-1.0,,2026-07-24T11:48:40.327850+08:00
2059,2016-08-03,13000.0,75000.0,0.0,88000.0,1154.0,39.0,35.0,2.0,,2026-07-24T11:48:40.327850+08:00
2059,2016-08-04,-2000.0,-57000.0,0.0,-59000.0,1162.0,41.0,8.0,2.0,,2026-07-24T11:48:40.327850+08:00
2059,2016-08-05,-2000.0,-12000.0,-3000.0,-17000.0,1181.0,42.0,19.0,1.0,,2026-07-24T11:48:40.327850+08:00
2059,2016-08-08,-8000.0,32000.0,0.0,24000.0,1174.0,46.0,-7.0,4.0,,2026-07-24T11:48:40.327850+08:00
2059,2016-08-09,1000.0,-10000.0,0.0,-9000.0,1145.0,48.0,-29.0,2.0,,2026-07-24T11:48:40.327850+08:00
2059,2016-08-10,2000.0,-10510.0,0.0,-8510.0,1152.0,33.0,7.0,-15.0,,2026-07-24T11:48:40.327850+08:00
2059,2016-08-11,-2000.0,-12000.0,0.0,-14000.0,1134.0,28.0,-18.0,-5.0,,2026-07-24T11:48:40.327850+08:00
2059,2016-08-12,-12000.0,30000.0,-1000.0,17000.0,1136.0,24.0,2.0,-4.0,,2026-07-24T11:48:40.327850+08:00
2059,2016-08-15,2000.0,32000.0,0.0,34000.0,1143.0,24.0,7.0,0.0,,2026-07-24T11:48:40.327850+08:00
2059,2016-08-16,14000.0,11000.0,-1000.0,24000.0,1152.0,22.0,9.0,-2.0,,2026-07-24T11:48:40.327850+08:00
2059,2016-08-17,0.0,57752.0,0.0,57752.0,1157.0,21.0,5.0,-1.0,,2026-07-24T11:48:40.327850+08:00
2059,2016-08-18,3000.0,111000.0,0.0,114000.0,1146.0,19.0,-11.0,-2.0,,2026-07-24T11:48:40.327850+08:00
2059,2016-08-19,7000.0,47248.0,-23000.0,31248.0,1118.0,9.0,-28.0,-10.0,,2026-07-24T11:48:40.327850+08:00
2059,2016-08-22,-9000.0,147000.0,0.0,138000.0,1084.0,11.0,-34.0,2.0,,2026-07-24T11:48:40.327850+08:00
2059,2016-08-23,2000.0,73000.0,-20000.0,55000.0,1088.0,0.0,4.0,-11.0,,2026-07-24T11:48:40.327850+08:00
2059,2016-08-24,10000.0,-26000.0,0.0,-16000.0,1092.0,0.0,4.0,0.0,,2026-07-24T11:48:40.327850+08:00
2059,2016-08-25,31000.0,-20209.0,0.0,10791.0,1110.0,0.0,18.0,0.0,,2026-07-24T11:48:40.327850+08:00
2059,2016-08-26,24000.0,-79000.0,0.0,-55000.0,1098.0,0.0,-12.0,0.0,,2026-07-24T11:48:40.327850+08:00
2059,2016-08-29,-13000.0,-3000.0,0.0,-16000.0,1099.0,7.0,1.0,7.0,,2026-07-24T11:48:40.327850+08:00
2059,2016-08-30,-9000.0,72000.0,0.0,63000.0,1088.0,12.0,-11.0,5.0,,2026-07-24T11:48:40.327850+08:00
2059,2016-08-31,-10000.0,15000.0,6000.0,11000.0,1086.0,16.0,-2.0,4.0,,2026-07-24T11:48:40.327850+08:00
2059,2016-09-01,-12000.0,19581.0,0.0,7581.0,1095.0,12.0,9.0,-4.0,,2026-07-24T11:48:40.327850+08:00
2059,2016-09-02,-3000.0,131000.0,0.0,128000.0,1080.0,14.0,-15.0,2.0,,2026-07-24T11:48:40.327850+08:00
2059,2016-09-05,-6000.0,20000.0,0.0,14000.0,1079.0,17.0,-1.0,3.0,,2026-07-24T11:48:40.327850+08:00
2059,2016-09-06,4000.0,0.0,0.0,4000.0,1068.0,17.0,-11.0,0.0,,2026-07-24T11:48:40.327850+08:00
2059,2016-09-07,0.0,37000.0,2000.0,39000.0,1043.0,22.0,-25.0,5.0,,2026-07-24T11:48:40.327850+08:00
2059,2016-09-08,64000.0,221000.0,0.0,285000.0,1047.0,26.0,4.0,4.0,,2026-07-24T11:48:40.327850+08:00
2059,2016-09-09,4000.0,61000.0,-55000.0,10000.0,1052.0,27.0,5.0,1.0,,2026-07-24T11:48:40.327850+08:00
2059,2016-09-10,-3000.0,0.0,0.0,-3000.0,1050.0,26.0,-2.0,-1.0,,2026-07-24T11:48:40.327850+08:00
2059,2016-09-12,13000.0,-17000.0,-14000.0,-18000.0,1025.0,27.0,-25.0,1.0,,2026-07-24T11:48:40.327850+08:00
2059,2016-09-13,0.0,23209.0,0.0,23209.0,1017.0,27.0,-8.0,0.0,,2026-07-24T11:48:40.327850+08:00
2059,2016-09-14,-9000.0,-5000.0,0.0,-14000.0,1009.0,24.0,-8.0,-3.0,,2026-07-24T11:48:40.327850+08:00
2059,2016-09-19,-3000.0,65000.0,10000.0,72000.0,1000.0,24.0,-9.0,0.0,,2026-07-24T11:48:40.327850+08:00
2059,2016-09-20,-2000.0,-5000.0,0.0,-7000.0,996.0,24.0,-4.0,0.0,,2026-07-24T11:48:40.327850+08:00
2059,2016-09-21,-18000.0,15000.0,0.0,-3000.0,996.0,24.0,0.0,0.0,,2026-07-24T11:48:40.327850+08:00
2059,2016-09-22,-14000.0,22000.0,0.0,8000.0,998.0,24.0,2.0,0.0,,2026-07-24T11:48:40.327850+08:00
2059,2016-09-23,-39000.0,50000.0,0.0,11000.0,995.0,24.0,-3.0,0.0,,2026-07-24T11:48:40.327850+08:00
2059,2016-09-26,-4000.0,94824.0,0.0,90824.0,997.0,24.0,2.0,0.0,,2026-07-24T11:48:40.327850+08:00
2059,2016-09-29,1000.0,68000.0,2000.0,71000.0,997.0,24.0,0.0,0.0,,2026-07-24T11:48:40.327850+08:00
2059,2016-09-30,2000.0,6000.0,131.0,8131.0,1000.0,24.0,3.0,0.0,,2026-07-24T11:48:40.327850+08:00
2059,2016-10-03,26000.0,67000.0,-2000.0,91000.0,1012.0,24.0,12.0,0.0,,2026-07-24T11:48:40.327850+08:00
2059,2016-10-04,2000.0,22000.0,0.0,24000.0,1017.0,21.0,5.0,-3.0,,2026-07-24T11:48:40.327850+08:00
2059,2016-10-05,-4000.0,-1000.0,0.0,-5000.0,1010.0,21.0,-7.0,0.0,,2026-07-24T11:48:40.327850+08:00
2059,2016-10-06,-6000.0,5000.0,-4000.0,-5000.0,1022.0,21.0,12.0,0.0,,2026-07-24T11:48:40.327850+08:00
2059,2016-10-07,-14000.0,-4000.0,0.0,-18000.0,1016.0,21.0,-6.0,0.0,,2026-07-24T11:48:40.327850+08:00
2059,2016-10-11,14000.0,-17000.0,0.0,-3000.0,1018.0,16.0,2.0,-5.0,,2026-07-24T11:48:40.327850+08:00
2059,2016-10-12,3000.0,20000.0,0.0,23000.0,1016.0,16.0,-2.0,0.0,,2026-07-24T11:48:40.327850+08:00
2059,2016-10-13,-19000.0,-28400.0,0.0,-47400.0,1019.0,14.0,3.0,-2.0,,2026-07-24T11:48:40.327850+08:00
2059,2016-10-14,-6000.0,-21000.0,3000.0,-24000.0,1017.0,14.0,-2.0,0.0,,2026-07-24T11:48:40.327850+08:00
2059,2016-10-17,9000.0,28000.0,0.0,37000.0,1006.0,14.0,-11.0,0.0,,2026-07-24T11:48:40.327850+08:00
2059,2016-10-18,-5000.0,30900.0,0.0,25900.0,1011.0,14.0,5.0,0.0,,2026-07-24T11:48:40.327850+08:00
2059,2016-10-19,-3000.0,12000.0,0.0,9000.0,1017.0,15.0,6.0,1.0,,2026-07-24T11:48:40.327850+08:00
2059,2016-10-20,3000.0,-18000.0,-3000.0,-18000.0,1028.0,14.0,11.0,-1.0,,2026-07-24T11:48:40.327850+08:00
2059,2016-10-21,-11000.0,-27000.0,-46000.0,-84000.0,1038.0,11.0,10.0,-3.0,,2026-07-24T11:48:40.327850+08:00
2059,2016-10-24,-6000.0,20000.0,0.0,14000.0,1034.0,11.0,-4.0,0.0,,2026-07-24T11:48:40.327850+08:00
2059,2016-10-25,4000.0,0.0,-7000.0,-3000.0,1029.0,11.0,-5.0,0.0,,2026-07-24T11:48:40.327850+08:00
2059,2016-10-26,0.0,11000.0,0.0,11000.0,1025.0,11.0,-4.0,0.0,,2026-07-24T11:48:40.327850+08:00
2059,2016-10-27,-4000.0,55000.0,-16000.0,35000.0,1025.0,11.0,0.0,0.0,,2026-07-24T11:48:40.327850+08:00
2059,2016-10-28,-2000.0,-26000.0,0.0,-28000.0,1025.0,11.0,0.0,0.0,,2026-07-24T11:48:40.327850+08:00
2059,2016-10-31,-2000.0,35000.0,0.0,33000.0,1013.0,11.0,-12.0,0.0,,2026-07-24T11:48:40.327850+08:00
2059,2016-11-01,-4000.0,61000.0,0.0,57000.0,1014.0,10.0,1.0,-1.0,,2026-07-24T11:48:40.327850+08:00
2059,2016-11-02,7000.0,-26000.0,-20030.0,-39030.0,1014.0,10.0,0.0,0.0,,2026-07-24T11:48:40.327850+08:00
2059,2016-11-03,10000.0,-29000.0,-15000.0,-34000.0,1023.0,12.0,9.0,2.0,,2026-07-24T11:48:40.327850+08:00
2059,2016-11-04,-30000.0,-17000.0,-26000.0,-73000.0,1040.0,12.0,17.0,0.0,,2026-07-24T11:48:40.327850+08:00
2059,2016-11-07,-13000.0,13000.0,-25000.0,-25000.0,1021.0,15.0,-19.0,3.0,,2026-07-24T11:48:40.327850+08:00
2059,2016-11-08,-13000.0,30000.0,0.0,17000.0,1016.0,24.0,-5.0,9.0,,2026-07-24T11:48:40.327850+08:00
2059,2016-11-09,-33000.0,1000.0,3000.0,-29000.0,1019.0,22.0,3.0,-2.0,,2026-07-24T11:48:40.327850+08:00
2059,2016-11-10,9000.0,41000.0,3000.0,53000.0,1015.0,23.0,-4.0,1.0,,2026-07-24T11:48:40.327850+08:00
2059,2016-11-11,2000.0,-27000.0,-4000.0,-29000.0,1017.0,21.0,2.0,-2.0,,2026-07-24T11:48:40.327850+08:00
2059,2016-11-14,5000.0,-93000.0,2000.0,-86000.0,1024.0,14.0,7.0,-7.0,,2026-07-24T11:48:40.327850+08:00
2059,2016-11-15,-3000.0,-45000.0,0.0,-48000.0,1028.0,12.0,4.0,-2.0,,2026-07-24T11:48:40.327850+08:00
2059,2016-11-16,8000.0,-32000.0,0.0,-24000.0,1028.0,12.0,0.0,0.0,,2026-07-24T11:48:40.327850+08:00
2059,2016-11-17,-2000.0,-1000.0,0.0,-3000.0,1028.0,12.0,0.0,0.0,,2026-07-24T11:48:40.327850+08:00
2059,2016-11-18,0.0,-3824.0,0.0,-3824.0,1022.0,13.0,-6.0,1.0,,2026-07-24T11:48:40.327850+08:00
2059,2016-11-21,7000.0,-35000.0,0.0,-28000.0,1016.0,13.0,-6.0,0.0,,2026-07-24T11:48:40.327850+08:00
2059,2016-11-22,6000.0,-39000.0,0.0,-33000.0,1027.0,13.0,11.0,0.0,,2026-07-24T11:48:40.327850+08:00
2059,2016-11-23,1000.0,19000.0,0.0,20000.0,1030.0,13.0,3.0,0.0,,2026-07-24T11:48:40.327850+08:00
2059,2016-11-24,4000.0,-49000.0,0.0,-45000.0,1052.0,11.0,22.0,-2.0,,2026-07-24T11:48:40.327850+08:00
2059,2016-11-25,6000.0,-13000.0,-4000.0,-11000.0,1055.0,10.0,3.0,-1.0,,2026-07-24T11:48:40.327850+08:00
2059,2016-11-28,2000.0,-21000.0,0.0,-19000.0,1059.0,10.0,4.0,0.0,,2026-07-24T11:48:40.327850+08:00
2059,2016-11-29,0.0,-54000.0,0.0,-54000.0,1065.0,11.0,6.0,1.0,,2026-07-24T11:48:40.327850+08:00
2059,2016-11-30,0.0,-3000.0,0.0,-3000.0,1057.0,12.0,-8.0,1.0,,2026-07-24T11:48:40.327850+08:00
2059,2016-12-01,-9000.0,-9000.0,12000.0,-6000.0,1067.0,10.0,10.0,-2.0,,2026-07-24T11:48:40.327850+08:00
2059,2016-12-02,-7000.0,-29000.0,0.0,-36000.0,1073.0,10.0,6.0,0.0,,2026-07-24T11:48:40.327850+08:00
2059,2016-12-05,-5000.0,17000.0,0.0,12000.0,1074.0,10.0,1.0,0.0,,2026-07-24T11:48:40.327850+08:00
2059,2016-12-06,10000.0,-75000.0,0.0,-65000.0,1102.0,11.0,28.0,1.0,,2026-07-24T11:48:40.327850+08:00
2059,2016-12-07,20000.0,153957.0,-25000.0,148957.0,1097.0,8.0,-5.0,-3.0,,2026-07-24T11:48:40.327850+08:00
2059,2016-12-08,17000.0,145000.0,-17000.0,145000.0,1074.0,8.0,-23.0,0.0,,2026-07-24T11:48:40.327850+08:00
2059,2016-12-09,-326.0,-9682.0,-3000.0,-13008.0,1075.0,7.0,1.0,-1.0,,2026-07-24T11:48:40.327850+08:00
2059,2016-12-12,-10000.0,117000.0,0.0,107000.0,1066.0,7.0,-9.0,0.0,,2026-07-24T11:48:40.327850+08:00
2059,2016-12-13,17000.0,-49000.0,30000.0,-2000.0,1066.0,7.0,0.0,0.0,,2026-07-24T11:48:40.327850+08:00
2059,2016-12-14,-6000.0,50000.0,30000.0,74000.0,1065.0,7.0,-1.0,0.0,,2026-07-24T11:48:40.327850+08:00
2059,2016-12-15,-5000.0,96000.0,0.0,91000.0,1059.0,9.0,-6.0,2.0,,2026-07-24T11:48:40.327850+08:00
2059,2016-12-16,31000.0,-42500.0,155000.0,143500.0,1055.0,11.0,-4.0,2.0,,2026-07-24T11:48:40.327850+08:00
2059,2016-12-19,15000.0,-78000.0,144000.0,81000.0,1033.0,14.0,-22.0,3.0,,2026-07-24T11:48:40.327850+08:00
2059,2016-12-20,2000.0,-34000.0,61000.0,29000.0,1036.0,13.0,3.0,-1.0,,2026-07-24T11:48:40.327850+08:00
2059,2016-12-21,18000.0,-92000.0,148000.0,74000.0,1023.0,13.0,-13.0,0.0,,2026-07-24T11:48:40.327850+08:00
2059,2016-12-22,-9000.0,-82000.0,105000.0,14000.0,1025.0,10.0,2.0,-3.0,,2026-07-24T11:48:40.327850+08:00
2059,2016-12-23,14000.0,-53000.0,0.0,-39000.0,1025.0,9.0,0.0,-1.0,,2026-07-24T11:48:40.327850+08:00
2059,2016-12-26,-6000.0,7000.0,0.0,1000.0,1014.0,10.0,-11.0,1.0,,2026-07-24T11:48:40.327850+08:00
2059,2016-12-27,27000.0,117000.0,0.0,144000.0,1016.0,10.0,2.0,0.0,,2026-07-24T11:48:40.327850+08:00
2059,2016-12-28,9000.0,93000.0,51000.0,153000.0,1009.0,13.0,-7.0,3.0,,2026-07-24T11:48:40.327850+08:00
2059,2016-12-29,-5000.0,29855.0,89000.0,113855.0,1023.0,15.0,14.0,2.0,,2026-07-24T11:48:40.327850+08:00
2059,2016-12-30,43000.0,-19000.0,114000.0,138000.0,1017.0,18.0,-6.0,3.0,,2026-07-24T11:48:40.327850+08:00
2059,2017-01-03,22000.0,-36000.0,0.0,-14000.0,1027.0,18.0,10.0,0.0,,2026-07-24T11:48:40.327850+08:00
2059,2017-01-04,14000.0,-4000.0,0.0,10000.0,1028.0,18.0,1.0,0.0,,2026-07-24T11:48:40.327850+08:00
2059,2017-01-05,-29000.0,34000.0,0.0,5000.0,1035.0,17.0,7.0,-1.0,,2026-07-24T11:48:40.327850+08:00
2059,2017-01-06,-23000.0,29000.0,1000.0,7000.0,1031.0,19.0,-4.0,2.0,,2026-07-24T11:48:40.327850+08:00
2059,2017-01-09,-60000.0,39000.0,0.0,-21000.0,1035.0,14.0,4.0,-5.0,,2026-07-24T11:48:40.327850+08:00
2059,2017-01-10,1000.0,19000.0,-13000.0,7000.0,1034.0,14.0,-1.0,0.0,,2026-07-24T11:48:40.327850+08:00
2059,2017-01-11,-30000.0,214000.0,-14000.0,170000.0,1035.0,15.0,1.0,1.0,,2026-07-24T11:48:40.327850+08:00
2059,2017-01-12,13000.0,1000.0,-16000.0,-2000.0,1055.0,16.0,20.0,1.0,,2026-07-24T11:48:40.327850+08:00
2059,2017-01-13,-55000.0,39000.0,0.0,-16000.0,1050.0,18.0,-5.0,2.0,,2026-07-24T11:48:40.327850+08:00
2059,2017-01-16,-8000.0,-30000.0,-17000.0,-55000.0,1050.0,18.0,0.0,0.0,,2026-07-24T11:48:40.327850+08:00
2059,2017-01-17,-12000.0,-34000.0,0.0,-46000.0,1069.0,16.0,19.0,-2.0,,2026-07-24T11:48:40.327850+08:00
2059,2017-01-18,5000.0,79000.0,0.0,84000.0,1077.0,16.0,8.0,0.0,,2026-07-24T11:48:40.327850+08:00
2059,2017-01-19,-12000.0,14775.0,0.0,2775.0,1080.0,18.0,3.0,2.0,,2026-07-24T11:48:40.327850+08:00
2059,2017-01-20,3000.0,-14000.0,0.0,-11000.0,1078.0,17.0,-2.0,-1.0,,2026-07-24T11:48:40.327850+08:00
2059,2017-01-23,0.0,-38000.0,3000.0,-35000.0,1083.0,16.0,5.0,-1.0,,2026-07-24T11:48:40.327850+08:00
2059,2017-01-24,0.0,31000.0,3000.0,34000.0,1077.0,17.0,-6.0,1.0,,2026-07-24T11:48:40.327850+08:00
2059,2017-02-02,-17000.0,40360.0,0.0,23360.0,1086.0,18.0,9.0,1.0,,2026-07-24T11:48:40.327850+08:00
2059,2017-02-03,-5000.0,27000.0,0.0,22000.0,1077.0,16.0,-9.0,-2.0,,2026-07-24T11:48:40.327850+08:00
2059,2017-02-06,4000.0,-58000.0,0.0,-54000.0,1067.0,19.0,-10.0,3.0,,2026-07-24T11:48:40.327850+08:00
2059,2017-02-07,0.0,-79235.0,-36000.0,-115235.0,1067.0,16.0,0.0,-3.0,,2026-07-24T11:48:40.327850+08:00
2059,2017-02-08,4000.0,52000.0,-29000.0,27000.0,1082.0,17.0,15.0,1.0,,2026-07-24T11:48:40.327850+08:00
2059,2017-02-09,-15000.0,12000.0,-72000.0,-75000.0,1063.0,16.0,-19.0,-1.0,,2026-07-24T11:48:40.327850+08:00
2059,2017-02-10,-11000.0,-32000.0,-19000.0,-62000.0,1062.0,14.0,-1.0,-2.0,,2026-07-24T11:48:40.327850+08:00
2059,2017-02-13,-5000.0,-18000.0,-38000.0,-61000.0,1062.0,17.0,0.0,3.0,,2026-07-24T11:48:40.327850+08:00
2059,2017-02-14,-2000.0,133000.0,-31000.0,100000.0,1056.0,22.0,-6.0,5.0,,2026-07-24T11:48:40.327850+08:00
2059,2017-02-15,44000.0,46000.0,-65000.0,25000.0,1064.0,23.0,8.0,1.0,,2026-07-24T11:48:40.327850+08:00
2059,2017-02-16,5000.0,8000.0,1000.0,14000.0,1061.0,22.0,-3.0,-1.0,,2026-07-24T11:48:40.327850+08:00
2059,2017-02-17,2000.0,103000.0,0.0,105000.0,1058.0,23.0,-3.0,1.0,,2026-07-24T11:48:40.327850+08:00
2059,2017-02-18,,,,,1052.0,25.0,-6.0,2.0,,2026-07-24T11:48:40.327850+08:00
2059,2017-02-20,-16000.0,-36000.0,0.0,-52000.0,1030.0,27.0,-22.0,2.0,,2026-07-24T11:48:40.327850+08:00
2059,2017-02-21,0.0,-101000.0,0.0,-101000.0,1027.0,24.0,-3.0,-3.0,,2026-07-24T11:48:40.327850+08:00
2059,2017-02-22,2000.0,-167000.0,-12000.0,-177000.0,1029.0,19.0,2.0,-5.0,,2026-07-24T11:48:40.327850+08:00
2059,2017-02-23,0.0,-27000.0,-7000.0,-34000.0,1028.0,18.0,-1.0,-1.0,,2026-07-24T11:48:40.327850+08:00
2059,2017-02-24,-4000.0,17000.0,1000.0,14000.0,1015.0,27.0,-13.0,9.0,,2026-07-24T11:48:40.327850+08:00
2059,2017-03-01,10000.0,-124000.0,-92000.0,-206000.0,1013.0,19.0,-2.0,-8.0,,2026-07-24T11:48:40.327850+08:00
2059,2017-03-02,4000.0,-26000.0,0.0,-22000.0,1008.0,19.0,-5.0,0.0,,2026-07-24T11:48:40.327850+08:00
2059,2017-03-03,-42000.0,15000.0,-58000.0,-85000.0,1006.0,21.0,-2.0,2.0,,2026-07-24T11:48:40.327850+08:00
2059,2017-03-06,0.0,-40000.0,-35000.0,-75000.0,1008.0,21.0,2.0,0.0,,2026-07-24T11:48:40.327850+08:00
2059,2017-03-07,0.0,15000.0,-12000.0,3000.0,1004.0,24.0,-4.0,3.0,,2026-07-24T11:48:40.327850+08:00
2059,2017-03-08,2000.0,58187.0,-3000.0,57187.0,979.0,29.0,-25.0,5.0,,2026-07-24T11:48:40.327850+08:00
2059,2017-03-09,-6000.0,112000.0,0.0,106000.0,1001.0,32.0,22.0,3.0,,2026-07-24T11:48:40.327850+08:00
2059,2017-03-10,-4000.0,0.0,5000.0,1000.0,997.0,27.0,-4.0,-5.0,,2026-07-24T11:48:40.327850+08:00
2059,2017-03-13,1000.0,101000.0,0.0,102000.0,999.0,25.0,2.0,-2.0,,2026-07-24T11:48:40.327850+08:00
2059,2017-03-14,-1000.0,3000.0,0.0,2000.0,996.0,21.0,-3.0,-4.0,,2026-07-24T11:48:40.327850+08:00
2059,2017-03-15,6000.0,-20968.0,-11000.0,-25968.0,1006.0,18.0,10.0,-3.0,,2026-07-24T11:48:40.327850+08:00
2059,2017-03-16,-5000.0,59000.0,-3000.0,51000.0,1011.0,18.0,5.0,0.0,,2026-07-24T11:48:40.327850+08:00
2059,2017-03-17,10000.0,145000.0,-51000.0,104000.0,989.0,20.0,-22.0,2.0,,2026-07-24T11:48:40.327850+08:00
2059,2017-03-20,-6000.0,-25000.0,-5000.0,-36000.0,983.0,20.0,-6.0,0.0,,2026-07-24T11:48:40.327850+08:00
2059,2017-03-21,-1000.0,36000.0,-64000.0,-29000.0,981.0,20.0,-2.0,0.0,,2026-07-24T11:48:40.327850+08:00
2059,2017-03-22,-2000.0,5000.0,0.0,3000.0,971.0,22.0,-10.0,2.0,,2026-07-24T11:48:40.327850+08:00
2059,2017-03-23,0.0,78000.0,-26000.0,52000.0,971.0,25.0,0.0,3.0,,2026-07-24T11:48:40.327850+08:00
2059,2017-03-24,-1000.0,-3000.0,6000.0,2000.0,981.0,27.0,10.0,2.0,,2026-07-24T11:48:40.327850+08:00
2059,2017-03-27,-1000.0,56000.0,-5000.0,50000.0,978.0,26.0,-3.0,-1.0,,2026-07-24T11:48:40.327850+08:00
2059,2017-03-28,2000.0,37000.0,-25000.0,14000.0,982.0,25.0,4.0,-1.0,,2026-07-24T11:48:40.327850+08:00
2059,2017-03-29,-5000.0,48000.0,0.0,43000.0,981.0,24.0,-1.0,-1.0,,2026-07-24T11:48:40.327850+08:00
2059,2017-03-30,-2000.0,29000.0,0.0,27000.0,965.0,21.0,-16.0,-3.0,,2026-07-24T11:48:40.327850+08:00
2059,2017-03-31,0.0,77000.0,0.0,77000.0,945.0,21.0,-20.0,0.0,,2026-07-24T11:48:40.327850+08:00
2059,2017-04-05,-11000.0,-82000.0,0.0,-93000.0,974.0,18.0,29.0,-3.0,,2026-07-24T11:48:40.327850+08:00
2059,2017-04-06,-5000.0,-98000.0,0.0,-103000.0,983.0,14.0,9.0,-4.0,,2026-07-24T11:48:40.327850+08:00
2059,2017-04-07,-15000.0,30000.0,0.0,15000.0,980.0,14.0,-3.0,0.0,,2026-07-24T11:48:40.327850+08:00
2059,2017-04-10,-6000.0,15000.0,1000.0,10000.0,972.0,14.0,-8.0,0.0,,2026-07-24T11:48:40.327850+08:00
2059,2017-04-11,-3000.0,91000.0,-12000.0,76000.0,985.0,14.0,13.0,0.0,,2026-07-24T11:48:40.327850+08:00
2059,2017-04-12,0.0,73000.0,0.0,73000.0,983.0,14.0,-2.0,0.0,,2026-07-24T11:48:40.327850+08:00
2059,2017-04-13,0.0,40000.0,0.0,40000.0,983.0,14.0,0.0,0.0,,2026-07-24T11:48:40.327850+08:00
2059,2017-04-14,0.0,71000.0,-40000.0,31000.0,992.0,13.0,9.0,-1.0,,2026-07-24T11:48:40.327850+08:00
2059,2017-04-17,-4000.0,96000.0,0.0,92000.0,992.0,0.0,0.0,-13.0,,2026-07-24T11:48:40.327850+08:00
2059,2017-04-18,0.0,16000.0,0.0,16000.0,989.0,0.0,-3.0,0.0,,2026-07-24T11:48:40.327850+08:00
2059,2017-04-19,-5000.0,58000.0,-25000.0,28000.0,976.0,0.0,-13.0,0.0,,2026-07-24T11:48:40.327850+08:00
2059,2017-04-20,1000.0,108000.0,-10000.0,99000.0,970.0,0.0,-6.0,0.0,,2026-07-24T11:48:40.327850+08:00
2059,2017-04-21,2000.0,-33000.0,0.0,-31000.0,979.0,8.0,9.0,8.0,,2026-07-24T11:48:40.327850+08:00
2059,2017-04-24,1000.0,-19000.0,0.0,-18000.0,970.0,13.0,-9.0,5.0,,2026-07-24T11:48:40.327850+08:00
2059,2017-04-25,22000.0,173000.0,9.0,195009.0,956.0,26.0,-14.0,13.0,,2026-07-24T11:48:40.327850+08:00
2059,2017-04-26,14000.0,24000.0,0.0,38000.0,973.0,26.0,17.0,0.0,,2026-07-24T11:48:40.327850+08:00
2059,2017-04-27,0.0,61000.0,-46000.0,15000.0,975.0,26.0,2.0,0.0,,2026-07-24T11:48:40.327850+08:00
2059,2017-04-28,0.0,45000.0,0.0,45000.0,986.0,25.0,11.0,-1.0,,2026-07-24T11:48:40.327850+08:00
2059,2017-05-02,4000.0,-23380.0,-5000.0,-24380.0,990.0,22.0,4.0,-3.0,,2026-07-24T11:48:40.327850+08:00
2059,2017-05-03,-2000.0,12000.0,-8000.0,2000.0,996.0,22.0,6.0,0.0,,2026-07-24T11:48:40.327850+08:00
2059,2017-05-04,1000.0,30000.0,-4000.0,27000.0,988.0,23.0,-8.0,1.0,,2026-07-24T11:48:40.327850+08:00
2059,2017-05-05,2000.0,-10000.0,-9000.0,-17000.0,987.0,22.0,-1.0,-1.0,,2026-07-24T11:48:40.327850+08:00
2059,2017-05-08,-27000.0,58000.0,-17000.0,14000.0,970.0,23.0,-17.0,1.0,,2026-07-24T11:48:40.327850+08:00
2059,2017-05-09,2000.0,32000.0,-9000.0,25000.0,995.0,23.0,25.0,0.0,,2026-07-24T11:48:40.327850+08:00
2059,2017-05-10,3000.0,-65000.0,-9000.0,-71000.0,1019.0,14.0,24.0,-9.0,,2026-07-24T11:48:40.327850+08:00
2059,2017-05-11,-1000.0,-21000.0,-5000.0,-27000.0,1016.0,13.0,-3.0,-1.0,,2026-07-24T11:48:40.327850+08:00
2059,2017-05-12,-4000.0,65000.0,6000.0,67000.0,1022.0,13.0,6.0,0.0,,2026-07-24T11:48:40.327850+08:00
2059,2017-05-15,-3000.0,42000.0,0.0,39000.0,1034.0,14.0,12.0,1.0,,2026-07-24T11:48:40.327850+08:00
2059,2017-05-16,2000.0,4000.0,0.0,6000.0,1034.0,13.0,0.0,-1.0,,2026-07-24T11:48:40.327850+08:00
2059,2017-05-17,-10000.0,28000.0,0.0,18000.0,1040.0,13.0,6.0,0.0,,2026-07-24T11:48:40.327850+08:00
2059,2017-05-18,-6000.0,44000.0,0.0,38000.0,1040.0,14.0,0.0,1.0,,2026-07-24T11:48:40.327850+08:00
2059,2017-05-19,0.0,-43000.0,0.0,-43000.0,1040.0,15.0,0.0,1.0,,2026-07-24T11:48:40.327850+08:00
2059,2017-05-22,0.0,76000.0,0.0,76000.0,1040.0,13.0,0.0,-2.0,,2026-07-24T11:48:40.327850+08:00
2059,2017-05-23,-13000.0,70000.0,0.0,57000.0,1039.0,15.0,-1.0,2.0,,2026-07-24T11:48:40.327850+08:00
2059,2017-05-24,-1000.0,116000.0,0.0,115000.0,1028.0,20.0,-11.0,5.0,,2026-07-24T11:48:40.327850+08:00
2059,2017-05-25,6000.0,-69000.0,0.0,-63000.0,1036.0,20.0,8.0,0.0,,2026-07-24T11:48:40.327850+08:00
2059,2017-05-26,12000.0,-7000.0,-1000.0,4000.0,1019.0,23.0,-17.0,3.0,,2026-07-24T11:48:40.327850+08:00
2059,2017-05-31,3000.0,80000.0,0.0,83000.0,1012.0,24.0,-7.0,1.0,,2026-07-24T11:48:40.327850+08:00
2059,2017-06-01,2000.0,-27000.0,0.0,-25000.0,1005.0,24.0,-7.0,0.0,,2026-07-24T11:48:40.327850+08:00
2059,2017-06-02,-1000.0,-29000.0,0.0,-30000.0,1004.0,24.0,-1.0,0.0,,2026-07-24T11:48:40.327850+08:00
2059,2017-06-03,2000.0,0.0,-45000.0,-43000.0,1008.0,22.0,4.0,-2.0,,2026-07-24T11:48:40.327850+08:00
2059,2017-06-05,0.0,2000.0,0.0,2000.0,1010.0,21.0,2.0,-1.0,,2026-07-24T11:48:40.327850+08:00
2059,2017-06-06,-4000.0,52000.0,0.0,48000.0,1010.0,22.0,0.0,1.0,,2026-07-24T11:48:40.327850+08:00
2059,2017-06-07,-4000.0,-12000.0,0.0,-16000.0,1009.0,22.0,-1.0,0.0,,2026-07-24T11:48:40.327850+08:00
2059,2017-06-08,-21000.0,-36000.0,-4000.0,-61000.0,1012.0,18.0,3.0,-4.0,,2026-07-24T11:48:40.327850+08:00
2059,2017-06-09,0.0,18000.0,-1000.0,17000.0,1009.0,19.0,-3.0,1.0,,2026-07-24T11:48:40.327850+08:00
2059,2017-06-12,-11000.0,-16000.0,-2000.0,-29000.0,1012.0,18.0,3.0,-1.0,,2026-07-24T11:48:40.327850+08:00
2059,2017-06-13,-10000.0,-23000.0,0.0,-33000.0,1011.0,18.0,-1.0,0.0,,2026-07-24T11:48:40.327850+08:00
2059,2017-06-14,-3000.0,0.0,0.0,-3000.0,1012.0,19.0,1.0,1.0,,2026-07-24T11:48:40.327850+08:00
2059,2017-06-15,0.0,-15000.0,0.0,-15000.0,1018.0,11.0,6.0,-8.0,,2026-07-24T11:48:40.327850+08:00
2059,2017-06-16,0.0,0.0,0.0,0.0,1019.0,10.0,1.0,-1.0,,2026-07-24T11:48:40.327850+08:00
2059,2017-06-19,10000.0,-15848.0,-8000.0,-13848.0,1017.0,10.0,-2.0,0.0,,2026-07-24T11:48:40.327850+08:00
2059,2017-06-20,12000.0,14000.0,0.0,26000.0,1019.0,12.0,2.0,2.0,,2026-07-24T11:48:40.327850+08:00
2059,2017-06-21,16000.0,-16000.0,0.0,0.0,1017.0,8.0,-2.0,-4.0,,2026-07-24T11:48:40.327850+08:00
2059,2017-06-22,-1000.0,-8000.0,0.0,-9000.0,1017.0,8.0,0.0,0.0,,2026-07-24T11:48:40.327850+08:00
2059,2017-06-23,-2000.0,-21000.0,-6000.0,-29000.0,1018.0,8.0,1.0,0.0,,2026-07-24T11:48:40.327850+08:00
2059,2017-06-26,-4000.0,-22000.0,0.0,-26000.0,1022.0,4.0,4.0,-4.0,,2026-07-24T11:48:40.327850+08:00
2059,2017-06-27,3000.0,-10000.0,0.0,-7000.0,1024.0,6.0,2.0,2.0,,2026-07-24T11:48:40.327850+08:00
2059,2017-06-28,4000.0,-39000.0,0.0,-35000.0,1036.0,3.0,12.0,-3.0,,2026-07-24T11:48:40.327850+08:00
2059,2017-06-29,0.0,12000.0,0.0,12000.0,1023.0,4.0,-13.0,1.0,,2026-07-24T11:48:40.327850+08:00
2059,2017-06-30,0.0,-3000.0,1000.0,-2000.0,1019.0,6.0,-4.0,2.0,,2026-07-24T11:48:40.327850+08:00
2059,2017-07-03,0.0,41000.0,0.0,41000.0,1016.0,9.0,-3.0,3.0,,2026-07-24T11:48:40.327850+08:00
2059,2017-07-04,-10000.0,45000.0,-20000.0,15000.0,1014.0,14.0,-2.0,5.0,,2026-07-24T11:48:40.327850+08:00
2059,2017-07-05,8000.0,14000.0,-17000.0,5000.0,1009.0,14.0,-5.0,0.0,,2026-07-24T11:48:40.327850+08:00
2059,2017-07-06,2000.0,-41000.0,37000.0,-2000.0,1009.0,13.0,0.0,-1.0,,2026-07-24T11:48:40.327850+08:00
2059,2017-07-07,4000.0,8916.0,-16000.0,-3084.0,1012.0,13.0,3.0,0.0,,2026-07-24T11:48:40.327850+08:00
2059,2017-07-10,-3000.0,-8492.0,0.0,-11492.0,1011.0,13.0,-1.0,0.0,,2026-07-24T11:48:40.327850+08:00
2059,2017-07-11,3000.0,37226.0,-8000.0,32226.0,1011.0,13.0,0.0,0.0,,2026-07-24T11:48:40.327850+08:00
2059,2017-07-12,6000.0,-68000.0,-4000.0,-66000.0,1022.0,13.0,11.0,0.0,,2026-07-24T11:48:40.327850+08:00
2059,2017-07-13,-25000.0,-41000.0,-10000.0,-76000.0,1024.0,10.0,2.0,-3.0,,2026-07-24T11:48:40.327850+08:00
2059,2017-07-14,2000.0,21000.0,-3000.0,20000.0,1022.0,5.0,-2.0,-5.0,,2026-07-24T11:48:40.327850+08:00
2059,2017-07-17,0.0,78000.0,-16982.0,61018.0,1038.0,4.0,16.0,-1.0,,2026-07-24T11:48:40.327850+08:00
2059,2017-07-18,1000.0,-1000.0,-14000.0,-14000.0,1043.0,1.0,5.0,-3.0,,2026-07-24T11:48:40.327850+08:00
2059,2017-07-19,30000.0,-33000.0,-33000.0,-36000.0,1046.0,2.0,3.0,1.0,,2026-07-24T11:48:40.327850+08:00
2059,2017-07-20,-2000.0,-17923.0,0.0,-19923.0,1065.0,1.0,19.0,-1.0,,2026-07-24T11:48:40.327850+08:00
2059,2017-07-21,-3000.0,-65000.0,0.0,-68000.0,1076.0,0.0,11.0,-1.0,,2026-07-24T11:48:40.327850+08:00
2059,2017-07-24,0.0,74000.0,0.0,74000.0,1084.0,1.0,8.0,1.0,,2026-07-24T11:48:40.327850+08:00
2059,2017-07-25,10000.0,113000.0,0.0,123000.0,1081.0,1.0,-3.0,0.0,,2026-07-24T11:48:40.327850+08:00
2059,2017-07-26,-2000.0,68000.0,0.0,66000.0,1083.0,2.0,2.0,1.0,,2026-07-24T11:48:40.327850+08:00
2059,2017-07-27,-2000.0,23000.0,0.0,21000.0,1083.0,0.0,0.0,-2.0,,2026-07-24T11:48:40.327850+08:00
2059,2017-07-28,0.0,19000.0,0.0,19000.0,1075.0,1.0,-8.0,1.0,,2026-07-24T11:48:40.327850+08:00
2059,2017-07-31,0.0,31000.0,0.0,31000.0,1071.0,1.0,-4.0,0.0,,2026-07-24T11:48:40.327850+08:00
2059,2017-08-01,0.0,21000.0,0.0,21000.0,1063.0,2.0,-8.0,1.0,,2026-07-24T11:48:40.327850+08:00
2059,2017-08-02,-4000.0,-7000.0,0.0,-11000.0,1054.0,9.0,-9.0,7.0,,2026-07-24T11:48:40.327850+08:00
2059,2017-08-03,0.0,-20000.0,0.0,-20000.0,1052.0,9.0,-2.0,0.0,,2026-07-24T11:48:40.327850+08:00
2059,2017-08-04,0.0,-21000.0,0.0,-21000.0,1053.0,8.0,1.0,-1.0,,2026-07-24T11:48:40.327850+08:00
2059,2017-08-07,0.0,32000.0,0.0,32000.0,1045.0,8.0,-8.0,0.0,,2026-07-24T11:48:40.327850+08:00
2059,2017-08-08,-6000.0,-232000.0,-16000.0,-254000.0,1077.0,1.0,32.0,-7.0,,2026-07-24T11:48:40.327850+08:00
2059,2017-08-09,-21000.0,-157000.0,-30000.0,-208000.0,1094.0,8.0,17.0,7.0,,2026-07-24T11:48:40.327850+08:00
2059,2017-08-10,-12000.0,-103000.0,0.0,-115000.0,1082.0,4.0,-12.0,-4.0,,2026-07-24T11:48:40.327850+08:00
2059,2017-08-11,0.0,-81327.0,-2000.0,-83327.0,1073.0,4.0,-9.0,0.0,,2026-07-24T11:48:40.327850+08:00
2059,2017-08-14,-4000.0,-30000.0,0.0,-34000.0,1069.0,6.0,-4.0,2.0,,2026-07-24T11:48:40.327850+08:00
2059,2017-08-15,-5000.0,-46000.0,-8000.0,-59000.0,1061.0,16.0,-8.0,10.0,,2026-07-24T11:48:40.327850+08:00
2059,2017-08-16,14000.0,-52000.0,0.0,-38000.0,1063.0,14.0,2.0,-2.0,,2026-07-24T11:48:40.327850+08:00
2059,2017-08-17,-3000.0,-35000.0,-10000.0,-48000.0,1067.0,8.0,4.0,-6.0,,2026-07-24T11:48:40.327850+08:00
2059,2017-08-18,0.0,-1000.0,0.0,-1000.0,1068.0,8.0,1.0,0.0,,2026-07-24T11:48:40.327850+08:00
2059,2017-08-21,-3000.0,4000.0,0.0,1000.0,1069.0,8.0,1.0,0.0,,2026-07-24T11:48:40.327850+08:00
2059,2017-08-22,1000.0,-25000.0,-14000.0,-38000.0,1066.0,8.0,-3.0,0.0,,2026-07-24T11:48:40.327850+08:00
2059,2017-08-23,-6000.0,-26000.0,-5000.0,-37000.0,1071.0,0.0,5.0,-8.0,,2026-07-24T11:48:40.327850+08:00
2059,2017-08-24,0.0,-37000.0,-5000.0,-42000.0,1080.0,0.0,9.0,0.0,,2026-07-24T11:48:40.327850+08:00
2059,2017-08-25,1000.0,-22000.0,0.0,-21000.0,1075.0,0.0,-5.0,0.0,,2026-07-24T11:48:40.327850+08:00
2059,2017-08-28,5000.0,27000.0,0.0,32000.0,1059.0,0.0,-16.0,0.0,,2026-07-24T11:48:40.327850+08:00
2059,2017-08-29,-3000.0,-1000.0,0.0,-4000.0,1068.0,6.0,9.0,6.0,,2026-07-24T11:48:40.327850+08:00
2059,2017-08-30,3000.0,37000.0,0.0,40000.0,1063.0,13.0,-5.0,7.0,,2026-07-24T11:48:40.327850+08:00
2059,2017-08-31,4000.0,85000.0,0.0,89000.0,1044.0,22.0,-19.0,9.0,,2026-07-24T11:48:40.327850+08:00
2059,2017-09-01,1000.0,-28000.0,0.0,-27000.0,1050.0,12.0,6.0,-10.0,,2026-07-24T11:48:40.327850+08:00
2059,2017-09-04,0.0,-47000.0,0.0,-47000.0,1057.0,13.0,7.0,1.0,,2026-07-24T11:48:40.327850+08:00
2059,2017-09-05,-2180.0,-24000.0,0.0,-26180.0,1052.0,13.0,-5.0,0.0,,2026-07-24T11:48:40.327850+08:00
2059,2017-09-06,0.0,-17000.0,0.0,-17000.0,1050.0,13.0,-2.0,0.0,,2026-07-24T11:48:40.327850+08:00
2059,2017-09-07,-2000.0,13000.0,0.0,11000.0,1050.0,13.0,0.0,0.0,,2026-07-24T11:48:40.327850+08:00
2059,2017-09-08,3000.0,-94150.0,0.0,-91150.0,1061.0,13.0,11.0,0.0,,2026-07-24T11:48:40.327850+08:00
2059,2017-09-11,0.0,-55000.0,0.0,-55000.0,1069.0,12.0,8.0,-1.0,,2026-07-24T11:48:40.327850+08:00
2059,2017-09-12,-3000.0,14000.0,-29000.0,-18000.0,1055.0,12.0,-14.0,0.0,,2026-07-24T11:48:40.327850+08:00
2059,2017-09-13,-4000.0,-8000.0,0.0,-12000.0,1054.0,12.0,-1.0,0.0,,2026-07-24T11:48:40.327850+08:00
2059,2017-09-14,-2000.0,8000.0,0.0,6000.0,1047.0,12.0,-7.0,0.0,,2026-07-24T11:48:40.327850+08:00
2059,2017-09-15,-4000.0,-5000.0,0.0,-9000.0,1044.0,12.0,-3.0,0.0,,2026-07-24T11:48:40.327850+08:00
2059,2017-09-18,0.0,1000.0,-27000.0,-26000.0,1047.0,12.0,3.0,0.0,,2026-07-24T11:48:40.327850+08:00
2059,2017-09-19,0.0,-12000.0,-23000.0,-35000.0,1050.0,12.0,3.0,0.0,,2026-07-24T11:48:40.327850+08:00
2059,2017-09-20,10000.0,-35000.0,0.0,-25000.0,1053.0,13.0,3.0,1.0,,2026-07-24T11:48:40.327850+08:00
2059,2017-09-21,2000.0,-27000.0,0.0,-25000.0,1052.0,13.0,-1.0,0.0,,2026-07-24T11:48:40.327850+08:00
2059,2017-09-22,2000.0,-9500.0,0.0,-7500.0,1040.0,13.0,-12.0,0.0,,2026-07-24T11:48:40.327850+08:00
2059,2017-09-25,1000.0,33000.0,0.0,34000.0,1032.0,14.0,-8.0,1.0,,2026-07-24T11:48:40.327850+08:00
2059,2017-09-26,0.0,3000.0,0.0,3000.0,1031.0,15.0,-1.0,1.0,,2026-07-24T11:48:40.327850+08:00
2059,2017-09-27,0.0,-18000.0,0.0,-18000.0,1031.0,15.0,0.0,0.0,,2026-07-24T11:48:40.327850+08:00
2059,2017-09-28,-1000.0,4406.0,0.0,3406.0,1030.0,16.0,-1.0,1.0,,2026-07-24T11:48:40.327850+08:00
2059,2017-09-29,0.0,-7000.0,0.0,-7000.0,1040.0,17.0,10.0,1.0,,2026-07-24T11:48:40.327850+08:00
2059,2017-09-30,0.0,31000.0,0.0,31000.0,1039.0,17.0,-1.0,0.0,,2026-07-24T11:48:40.327850+08:00
2059,2017-10-02,0.0,64000.0,0.0,64000.0,1031.0,18.0,-8.0,1.0,,2026-07-24T11:48:40.327850+08:00
2059,2017-10-03,-10000.0,56000.0,131.0,46131.0,1018.0,11.0,-13.0,-7.0,,2026-07-24T11:48:40.327850+08:00
2059,2017-10-05,-2000.0,-1000.0,0.0,-3000.0,1017.0,11.0,-1.0,0.0,,2026-07-24T11:48:40.327850+08:00
2059,2017-10-06,0.0,-21000.0,0.0,-21000.0,1013.0,11.0,-4.0,0.0,,2026-07-24T11:48:40.327850+08:00
2059,2017-10-11,-6000.0,-9000.0,0.0,-15000.0,1024.0,8.0,11.0,-3.0,,2026-07-24T11:48:40.327850+08:00
2059,2017-10-12,-1000.0,37000.0,0.0,36000.0,1016.0,7.0,-8.0,-1.0,,2026-07-24T11:48:40.327850+08:00
2059,2017-10-13,2000.0,-6000.0,0.0,-4000.0,1016.0,6.0,0.0,-1.0,,2026-07-24T11:48:40.327850+08:00
2059,2017-10-16,0.0,11000.0,0.0,11000.0,1023.0,6.0,7.0,0.0,,2026-07-24T11:48:40.327850+08:00
2059,2017-10-17,0.0,141744.0,0.0,141744.0,1002.0,6.0,-21.0,0.0,,2026-07-24T11:48:40.327850+08:00
2059,2017-10-18,24000.0,59000.0,0.0,83000.0,1002.0,6.0,0.0,0.0,,2026-07-24T11:48:40.327850+08:00
2059,2017-10-19,4000.0,28000.0,0.0,32000.0,1000.0,7.0,-2.0,1.0,,2026-07-24T11:48:40.327850+08:00
2059,2017-10-20,0.0,-11365.0,0.0,-11365.0,999.0,7.0,-1.0,0.0,,2026-07-24T11:48:40.327850+08:00
2059,2017-10-23,2000.0,-47000.0,0.0,-45000.0,1002.0,7.0,3.0,0.0,,2026-07-24T11:48:40.327850+08:00
2059,2017-10-24,-4000.0,-43000.0,0.0,-47000.0,1016.0,9.0,14.0,2.0,,2026-07-24T11:48:40.327850+08:00
2059,2017-10-25,3000.0,-30000.0,0.0,-27000.0,1015.0,8.0,-1.0,-1.0,,2026-07-24T11:48:40.327850+08:00
2059,2017-10-26,-2000.0,5000.0,0.0,3000.0,1013.0,7.0,-2.0,-1.0,,2026-07-24T11:48:40.327850+08:00
2059,2017-10-27,-5000.0,4830.0,0.0,-170.0,1006.0,11.0,-7.0,4.0,,2026-07-24T11:48:40.327850+08:00
2059,2017-10-30,-1000.0,13000.0,-7000.0,5000.0,999.0,15.0,-7.0,4.0,,2026-07-24T11:48:40.327850+08:00
2059,2017-10-31,-1000.0,-25000.0,0.0,-26000.0,999.0,15.0,0.0,0.0,,2026-07-24T11:48:40.327850+08:00
2059,2017-11-01,0.0,38170.0,0.0,38170.0,999.0,15.0,0.0,0.0,,2026-07-24T11:48:40.327850+08:00
2059,2017-11-02,0.0,-10000.0,0.0,-10000.0,998.0,15.0,-1.0,0.0,,2026-07-24T11:48:40.327850+08:00
2059,2017-11-03,-1000.0,-31750.0,-15000.0,-47750.0,1006.0,14.0,8.0,-1.0,,2026-07-24T11:48:40.327850+08:00
2059,2017-11-06,-2000.0,-27980.0,0.0,-29980.0,1008.0,14.0,2.0,0.0,,2026-07-24T11:48:40.327850+08:00
2059,2017-11-07,2000.0,-26000.0,0.0,-24000.0,1036.0,12.0,28.0,-2.0,,2026-07-24T11:48:40.327850+08:00
2059,2017-11-08,-4000.0,52000.0,0.0,48000.0,1023.0,12.0,-13.0,0.0,,2026-07-24T11:48:40.327850+08:00
2059,2017-11-09,0.0,-48000.0,0.0,-48000.0,1026.0,12.0,3.0,0.0,,2026-07-24T11:48:40.327850+08:00
2059,2017-11-10,-8000.0,-69000.0,0.0,-77000.0,1021.0,12.0,-5.0,0.0,,2026-07-24T11:48:40.327850+08:00
2059,2017-11-13,-4000.0,-40000.0,0.0,-44000.0,1020.0,14.0,-1.0,2.0,,2026-07-24T11:48:40.327850+08:00
2059,2017-11-14,-6000.0,16193.0,0.0,10193.0,1017.0,14.0,-3.0,0.0,,2026-07-24T11:48:40.327850+08:00
2059,2017-11-15,14000.0,74000.0,0.0,88000.0,1005.0,14.0,-12.0,0.0,,2026-07-24T11:48:40.327850+08:00
2059,2017-11-16,0.0,7000.0,0.0,7000.0,1005.0,14.0,0.0,0.0,,2026-07-24T11:48:40.327850+08:00
2059,2017-11-17,0.0,23923.0,0.0,23923.0,1009.0,10.0,4.0,-4.0,,2026-07-24T11:48:40.327850+08:00
2059,2017-11-20,0.0,24000.0,0.0,24000.0,1002.0,14.0,-7.0,4.0,,2026-07-24T11:48:40.327850+08:00
2059,2017-11-21,2000.0,58000.0,0.0,60000.0,998.0,14.0,-4.0,0.0,,2026-07-24T11:48:40.327850+08:00
2059,2017-11-22,0.0,7891.0,-7000.0,891.0,1000.0,14.0,2.0,0.0,,2026-07-24T11:48:40.327850+08:00
2059,2017-11-23,-2000.0,54000.0,0.0,52000.0,995.0,14.0,-5.0,0.0,,2026-07-24T11:48:40.327850+08:00
2059,2017-11-24,-1000.0,41000.0,0.0,40000.0,989.0,14.0,-6.0,0.0,,2026-07-24T11:48:40.327850+08:00
2059,2017-11-27,-3000.0,-31000.0,0.0,-34000.0,989.0,13.0,0.0,-1.0,,2026-07-24T11:48:40.327850+08:00
2059,2017-11-28,0.0,-5000.0,0.0,-5000.0,989.0,14.0,0.0,1.0,,2026-07-24T11:48:40.327850+08:00
2059,2017-11-29,0.0,62000.0,0.0,62000.0,988.0,14.0,-1.0,0.0,,2026-07-24T11:48:40.327850+08:00
2059,2017-11-30,1000.0,28156.0,0.0,29156.0,980.0,14.0,-8.0,0.0,,2026-07-24T11:48:40.327850+08:00
2059,2017-12-01,0.0,18000.0,0.0,18000.0,978.0,14.0,-2.0,0.0,,2026-07-24T11:48:40.327850+08:00
2059,2017-12-04,2000.0,-9000.0,0.0,-7000.0,973.0,14.0,-5.0,0.0,,2026-07-24T11:48:40.327850+08:00
2059,2017-12-05,0.0,-3000.0,0.0,-3000.0,975.0,14.0,2.0,0.0,,2026-07-24T11:48:40.327850+08:00
2059,2017-12-06,0.0,-26000.0,0.0,-26000.0,975.0,14.0,0.0,0.0,,2026-07-24T11:48:40.327850+08:00
2059,2017-12-07,-3000.0,15000.0,0.0,12000.0,975.0,14.0,0.0,0.0,,2026-07-24T11:48:40.327850+08:00
2059,2017-12-08,-4000.0,-14000.0,0.0,-18000.0,980.0,14.0,5.0,0.0,,2026-07-24T11:48:40.327850+08:00
2059,2017-12-11,0.0,-8000.0,0.0,-8000.0,978.0,14.0,-2.0,0.0,,2026-07-24T11:48:40.327850+08:00
2059,2017-12-12,-2000.0,-27000.0,0.0,-29000.0,981.0,14.0,3.0,0.0,,2026-07-24T11:48:40.327850+08:00
2059,2017-12-13,2000.0,-42000.0,0.0,-40000.0,981.0,13.0,0.0,-1.0,,2026-07-24T11:48:40.327850+08:00
2059,2017-12-14,-6000.0,-30000.0,0.0,-36000.0,981.0,5.0,0.0,-8.0,,2026-07-24T11:48:40.327850+08:00
2059,2017-12-15,0.0,-18556.0,0.0,-18556.0,986.0,5.0,5.0,0.0,,2026-07-24T11:48:40.327850+08:00
2059,2017-12-18,0.0,-44000.0,0.0,-44000.0,978.0,4.0,-8.0,-1.0,,2026-07-24T11:48:40.327850+08:00
2059,2017-12-19,0.0,-6634.0,0.0,-6634.0,967.0,4.0,-11.0,0.0,,2026-07-24T11:48:40.327850+08:00
2059,2017-12-20,22000.0,-35711.0,0.0,-13711.0,977.0,4.0,10.0,0.0,,2026-07-24T11:48:40.327850+08:00
2059,2017-12-21,-4000.0,-4123.0,0.0,-8123.0,978.0,4.0,1.0,0.0,,2026-07-24T11:48:40.327850+08:00
2059,2017-12-22,0.0,20000.0,0.0,20000.0,950.0,5.0,-28.0,1.0,,2026-07-24T11:48:40.327850+08:00
2059,2017-12-25,0.0,24000.0,0.0,24000.0,956.0,8.0,6.0,3.0,,2026-07-24T11:48:40.327850+08:00
2059,2017-12-26,1000.0,-11000.0,55.0,-9945.0,950.0,9.0,-6.0,1.0,,2026-07-24T11:48:40.327850+08:00
2059,2017-12-27,0.0,-8000.0,-1000.0,-9000.0,891.0,9.0,-59.0,0.0,,2026-07-24T11:48:40.327850+08:00
2059,2017-12-28,1000.0,-17000.0,-455.0,-16455.0,901.0,9.0,10.0,0.0,,2026-07-24T11:48:40.327850+08:00
2059,2017-12-29,0.0,44000.0,0.0,44000.0,867.0,9.0,-34.0,0.0,,2026-07-24T11:48:40.327850+08:00
2059,2018-01-02,0.0,29000.0,0.0,29000.0,843.0,9.0,-24.0,0.0,,2026-07-24T11:48:40.327850+08:00
2059,2018-01-03,0.0,-3000.0,0.0,-3000.0,827.0,9.0,-16.0,0.0,,2026-07-24T11:48:40.327850+08:00
2059,2018-01-04,0.0,-35000.0,0.0,-35000.0,840.0,9.0,13.0,0.0,,2026-07-24T11:48:40.327850+08:00
2059,2018-01-05,0.0,-48541.0,0.0,-48541.0,857.0,9.0,17.0,0.0,,2026-07-24T11:48:40.327850+08:00
2059,2018-01-08,0.0,-16736.0,0.0,-16736.0,857.0,9.0,0.0,0.0,,2026-07-24T11:48:40.327850+08:00
2059,2018-01-09,0.0,69000.0,0.0,69000.0,834.0,9.0,-23.0,0.0,,2026-07-24T11:48:40.327850+08:00
2059,2018-01-10,0.0,-36000.0,0.0,-36000.0,836.0,10.0,2.0,1.0,,2026-07-24T11:48:40.327850+08:00
2059,2018-01-11,0.0,32000.0,0.0,32000.0,811.0,11.0,-25.0,1.0,,2026-07-24T11:48:40.327850+08:00
2059,2018-01-12,2000.0,12000.0,0.0,14000.0,808.0,11.0,-3.0,0.0,,2026-07-24T11:48:40.327850+08:00
2059,2018-01-15,0.0,22000.0,0.0,22000.0,808.0,10.0,0.0,-1.0,,2026-07-24T11:48:40.327850+08:00
2059,2018-01-16,0.0,19000.0,0.0,19000.0,806.0,10.0,-2.0,0.0,,2026-07-24T11:48:40.327850+08:00
2059,2018-01-17,14000.0,22000.0,0.0,36000.0,806.0,4.0,0.0,-6.0,,2026-07-24T11:48:40.327850+08:00
2059,2018-01-18,0.0,-19000.0,0.0,-19000.0,810.0,4.0,4.0,0.0,,2026-07-24T11:48:40.327850+08:00
2059,2018-01-19,0.0,-14924.0,0.0,-14924.0,811.0,3.0,1.0,-1.0,,2026-07-24T11:48:40.327850+08:00
2059,2018-01-22,0.0,-17000.0,0.0,-17000.0,812.0,3.0,1.0,0.0,,2026-07-24T11:48:40.327850+08:00
2059,2018-01-23,0.0,36000.0,0.0,36000.0,812.0,3.0,0.0,0.0,,2026-07-24T11:48:40.327850+08:00
2059,2018-01-24,0.0,32000.0,0.0,32000.0,811.0,3.0,-1.0,0.0,,2026-07-24T11:48:40.327850+08:00
2059,2018-01-25,0.0,12000.0,0.0,12000.0,809.0,3.0,-2.0,0.0,,2026-07-24T11:48:40.327850+08:00
2059,2018-01-26,-2000.0,24000.0,0.0,22000.0,811.0,3.0,2.0,0.0,,2026-07-24T11:48:40.327850+08:00
2059,2018-01-29,0.0,14000.0,0.0,14000.0,810.0,3.0,-1.0,0.0,,2026-07-24T11:48:40.327850+08:00
2059,2018-01-30,0.0,20000.0,4000.0,24000.0,811.0,4.0,1.0,1.0,,2026-07-24T11:48:40.327850+08:00
2059,2018-01-31,0.0,30000.0,0.0,30000.0,810.0,3.0,-1.0,-1.0,,2026-07-24T11:48:40.327850+08:00
2059,2018-02-01,0.0,20000.0,0.0,20000.0,733.0,3.0,-77.0,0.0,,2026-07-24T11:48:40.327850+08:00
2059,2018-02-02,0.0,8913.0,0.0,8913.0,733.0,3.0,0.0,0.0,,2026-07-24T11:48:40.327850+08:00
2059,2018-02-05,0.0,42261.0,0.0,42261.0,738.0,3.0,5.0,0.0,,2026-07-24T11:48:40.327850+08:00
2059,2018-02-06,0.0,-15000.0,0.0,-15000.0,734.0,5.0,-4.0,2.0,,2026-07-24T11:48:40.327850+08:00
2059,2018-02-07,-2000.0,-94000.0,0.0,-96000.0,753.0,5.0,19.0,0.0,,2026-07-24T11:48:40.327850+08:00
2059,2018-02-08,-4000.0,440000.0,0.0,436000.0,724.0,7.0,-29.0,2.0,,2026-07-24T11:48:40.327850+08:00
2059,2018-02-09,-3000.0,28000.0,0.0,25000.0,729.0,7.0,5.0,0.0,,2026-07-24T11:48:40.327850+08:00
2059,2018-02-12,19000.0,-116000.0,73000.0,-24000.0,674.0,6.0,-55.0,-1.0,,2026-07-24T11:48:40.327850+08:00
2059,2018-02-21,6000.0,91000.0,0.0,97000.0,702.0,7.0,28.0,1.0,,2026-07-24T11:48:40.327850+08:00
2059,2018-02-22,9000.0,-5000.0,0.0,4000.0,693.0,7.0,-9.0,0.0,,2026-07-24T11:48:40.327850+08:00
2059,2018-02-23,2000.0,-27000.0,-9000.0,-34000.0,693.0,8.0,0.0,1.0,,2026-07-24T11:48:40.327850+08:00
2059,2018-02-26,-2000.0,-8000.0,0.0,-10000.0,684.0,8.0,-9.0,0.0,,2026-07-24T11:48:40.327850+08:00
2059,2018-02-27,-3000.0,11000.0,0.0,8000.0,602.0,9.0,-82.0,1.0,,2026-07-24T11:48:40.327850+08:00
2059,2018-03-01,-10000.0,-4000.0,0.0,-14000.0,599.0,8.0,-3.0,-1.0,,2026-07-24T11:48:40.327850+08:00
2059,2018-03-02,0.0,-48000.0,0.0,-48000.0,599.0,3.0,0.0,-5.0,,2026-07-24T11:48:40.327850+08:00
2059,2018-03-05,0.0,-23000.0,0.0,-23000.0,599.0,5.0,0.0,2.0,,2026-07-24T11:48:40.327850+08:00
2059,2018-03-06,5000.0,-83000.0,0.0,-78000.0,599.0,9.0,0.0,4.0,,2026-07-24T11:48:40.327850+08:00
2059,2018-03-07,0.0,-7268.0,0.0,-7268.0,596.0,9.0,-3.0,0.0,,2026-07-24T11:48:40.327850+08:00
2059,2018-03-08,-1000.0,24983.0,0.0,23983.0,601.0,9.0,5.0,0.0,,2026-07-24T11:48:40.327850+08:00
2059,2018-03-09,0.0,-25001.0,0.0,-25001.0,598.0,9.0,-3.0,0.0,,2026-07-24T11:48:40.327850+08:00
2059,2018-03-12,1000.0,-11000.0,0.0,-10000.0,597.0,9.0,-1.0,0.0,,2026-07-24T11:48:40.327850+08:00
2059,2018-03-13,-2000.0,-9000.0,0.0,-11000.0,572.0,9.0,-25.0,0.0,,2026-07-24T11:48:40.327850+08:00
2059,2018-03-14,-3000.0,-22000.0,0.0,-25000.0,541.0,9.0,-31.0,0.0,,2026-07-24T11:48:40.327850+08:00
2059,2018-03-15,1000.0,19000.0,0.0,20000.0,535.0,9.0,-6.0,0.0,,2026-07-24T11:48:40.327850+08:00
2059,2018-03-16,0.0,-28957.0,-20000.0,-48957.0,539.0,9.0,4.0,0.0,,2026-07-24T11:48:40.327850+08:00
2059,2018-03-19,0.0,-17000.0,0.0,-17000.0,539.0,12.0,0.0,3.0,,2026-07-24T11:48:40.327850+08:00
2059,2018-03-20,4000.0,-34000.0,-2000.0,-32000.0,541.0,3.0,2.0,-9.0,,2026-07-24T11:48:40.327850+08:00
2059,2018-03-21,6000.0,-17000.0,0.0,-11000.0,544.0,3.0,3.0,0.0,,2026-07-24T11:48:40.327850+08:00
2059,2018-03-22,-1000.0,-12900.0,-5000.0,-18900.0,543.0,3.0,-1.0,0.0,,2026-07-24T11:48:40.327850+08:00
2059,2018-03-23,-3000.0,-6000.0,0.0,-9000.0,542.0,12.0,-1.0,9.0,,2026-07-24T11:48:40.327850+08:00
2059,2018-03-26,0.0,-5000.0,0.0,-5000.0,546.0,12.0,4.0,0.0,,2026-07-24T11:48:40.327850+08:00
2059,2018-03-27,0.0,10000.0,-110.0,9890.0,545.0,13.0,-1.0,1.0,,2026-07-24T11:48:40.327850+08:00
2059,2018-03-28,0.0,26000.0,0.0,26000.0,493.0,15.0,-52.0,2.0,,2026-07-24T11:48:40.327850+08:00
2059,2018-03-29,0.0,-29000.0,0.0,-29000.0,466.0,15.0,-27.0,0.0,,2026-07-24T11:48:40.327850+08:00
2059,2018-03-30,-9000.0,-18000.0,-58000.0,-85000.0,471.0,6.0,5.0,-9.0,,2026-07-24T11:48:40.327850+08:00
2059,2018-03-31,1000.0,0.0,-2000.0,-1000.0,463.0,6.0,-8.0,0.0,,2026-07-24T11:48:40.327850+08:00
2059,2018-04-02,-1000.0,-9000.0,0.0,-10000.0,455.0,12.0,-8.0,6.0,,2026-07-24T11:48:40.327850+08:00
2059,2018-04-03,1000.0,1000.0,0.0,2000.0,453.0,12.0,-2.0,0.0,,2026-07-24T11:48:40.327850+08:00
2059,2018-04-09,-5000.0,-33666.0,0.0,-38666.0,452.0,10.0,-1.0,-2.0,,2026-07-24T11:48:40.327850+08:00
2059,2018-04-10,1000.0,-19000.0,0.0,-18000.0,453.0,10.0,1.0,0.0,,2026-07-24T11:48:40.327850+08:00
2059,2018-04-11,6000.0,12000.0,0.0,18000.0,453.0,10.0,0.0,0.0,,2026-07-24T11:48:40.327850+08:00
2059,2018-04-12,0.0,-8000.0,0.0,-8000.0,454.0,9.0,1.0,-1.0,,2026-07-24T11:48:40.327850+08:00
2059,2018-04-13,-1000.0,-17000.0,0.0,-18000.0,452.0,9.0,-2.0,0.0,,2026-07-24T11:48:40.327850+08:00
2059,2018-04-16,0.0,0.0,0.0,0.0,451.0,9.0,-1.0,0.0,,2026-07-24T11:48:40.327850+08:00
2059,2018-04-17,0.0,-19000.0,0.0,-19000.0,444.0,6.0,-7.0,-3.0,,2026-07-24T11:48:40.327850+08:00
2059,2018-04-18,4000.0,6000.0,0.0,10000.0,441.0,1.0,-3.0,-5.0,,2026-07-24T11:48:40.327850+08:00
2059,2018-04-19,-1000.0,20000.0,0.0,19000.0,436.0,1.0,-5.0,0.0,,2026-07-24T11:48:40.327850+08:00
2059,2018-04-20,0.0,-4000.0,4000.0,0.0,407.0,0.0,-29.0,-1.0,,2026-07-24T11:48:40.327850+08:00
2059,2018-04-23,1000.0,-30000.0,1000.0,-28000.0,406.0,0.0,-1.0,0.0,,2026-07-24T11:48:40.327850+08:00
2059,2018-04-24,3000.0,-37000.0,0.0,-34000.0,407.0,0.0,1.0,0.0,,2026-07-24T11:48:40.327850+08:00
2059,2018-04-25,-2000.0,-25000.0,0.0,-27000.0,413.0,0.0,6.0,0.0,,2026-07-24T11:48:40.327850+08:00
2059,2018-04-26,-12000.0,12000.0,0.0,0.0,412.0,0.0,-1.0,0.0,,2026-07-24T11:48:40.327850+08:00
2059,2018-04-27,-2000.0,-27000.0,-7000.0,-36000.0,411.0,0.0,-1.0,0.0,,2026-07-24T11:48:40.327850+08:00
2059,2018-04-30,0.0,21000.0,4000.0,25000.0,405.0,0.0,-6.0,0.0,,2026-07-24T11:48:40.327850+08:00
2059,2018-05-02,0.0,-31000.0,0.0,-31000.0,409.0,0.0,4.0,0.0,,2026-07-24T11:48:40.327850+08:00
2059,2018-05-03,2000.0,-19000.0,0.0,-17000.0,413.0,0.0,4.0,0.0,,2026-07-24T11:48:40.327850+08:00
2059,2018-05-04,0.0,-20000.0,0.0,-20000.0,409.0,0.0,-4.0,0.0,,2026-07-24T11:48:40.327850+08:00
2059,2018-05-07,-2000.0,-39000.0,0.0,-41000.0,411.0,0.0,2.0,0.0,,2026-07-24T11:48:40.327850+08:00
2059,2018-05-08,2000.0,-95000.0,57000.0,-36000.0,425.0,0.0,14.0,0.0,,2026-07-24T11:48:40.327850+08:00
2059,2018-05-09,9000.0,43000.0,2000.0,54000.0,428.0,0.0,3.0,0.0,,2026-07-24T11:48:40.327850+08:00
2059,2018-05-10,-5000.0,126000.0,17000.0,138000.0,401.0,4.0,-27.0,4.0,,2026-07-24T11:48:40.327850+08:00
2059,2018-05-11,0.0,65000.0,21000.0,86000.0,400.0,4.0,-1.0,0.0,,2026-07-24T11:48:40.327850+08:00
2059,2018-05-14,1000.0,4000.0,0.0,5000.0,402.0,4.0,2.0,0.0,,2026-07-24T11:48:40.327850+08:00
2059,2018-05-15,3000.0,31000.0,0.0,34000.0,403.0,4.0,1.0,0.0,,2026-07-24T11:48:40.327850+08:00
2059,2018-05-16,-12000.0,19000.0,0.0,7000.0,394.0,4.0,-9.0,0.0,,2026-07-24T11:48:40.327850+08:00
2059,2018-05-17,2000.0,17000.0,0.0,19000.0,384.0,4.0,-10.0,0.0,,2026-07-24T11:48:40.327850+08:00
2059,2018-05-18,1000.0,-6000.0,0.0,-5000.0,387.0,2.0,3.0,-2.0,,2026-07-24T11:48:40.327850+08:00
2059,2018-05-21,5000.0,41000.0,0.0,46000.0,387.0,2.0,0.0,0.0,,2026-07-24T11:48:40.327850+08:00
2059,2018-05-22,-4000.0,-6000.0,0.0,-10000.0,390.0,2.0,3.0,0.0,,2026-07-24T11:48:40.327850+08:00
2059,2018-05-23,0.0,0.0,-102.0,-102.0,387.0,2.0,-3.0,0.0,,2026-07-24T11:48:40.327850+08:00
2059,2018-05-24,-2000.0,-21000.0,1000.0,-22000.0,389.0,2.0,2.0,0.0,,2026-07-24T11:48:40.327850+08:00
2059,2018-05-25,0.0,-5000.0,0.0,-5000.0,383.0,3.0,-6.0,1.0,,2026-07-24T11:48:40.327850+08:00
2059,2018-05-28,1000.0,-5814.0,0.0,-4814.0,378.0,3.0,-5.0,0.0,,2026-07-24T11:48:40.327850+08:00
2059,2018-05-29,-1000.0,-4000.0,0.0,-5000.0,341.0,3.0,-37.0,0.0,,2026-07-24T11:48:40.327850+08:00
2059,2018-05-30,12000.0,-29000.0,0.0,-17000.0,314.0,2.0,-27.0,-1.0,,2026-07-24T11:48:40.327850+08:00
2059,2018-05-31,-16000.0,4000.0,0.0,-12000.0,318.0,1.0,4.0,-1.0,,2026-07-24T11:48:40.327850+08:00
2059,2018-06-01,0.0,9000.0,0.0,9000.0,319.0,1.0,1.0,0.0,,2026-07-24T11:48:40.327850+08:00
2059,2018-06-04,2000.0,2000.0,-43000.0,-39000.0,325.0,0.0,6.0,-1.0,,2026-07-24T11:48:40.327850+08:00
2059,2018-06-05,0.0,45000.0,0.0,45000.0,331.0,0.0,6.0,0.0,,2026-07-24T11:48:40.327850+08:00
2059,2018-06-06,0.0,-1000.0,-44000.0,-45000.0,338.0,0.0,7.0,0.0,,2026-07-24T11:48:40.327850+08:00
2059,2018-06-07,-3000.0,49000.0,0.0,46000.0,329.0,0.0,-9.0,0.0,,2026-07-24T11:48:40.327850+08:00
2059,2018-06-08,-1000.0,53000.0,0.0,52000.0,328.0,0.0,-1.0,0.0,,2026-07-24T11:48:40.327850+08:00
2059,2018-06-11,-1000.0,-61000.0,0.0,-62000.0,332.0,0.0,4.0,0.0,,2026-07-24T11:48:40.327850+08:00
2059,2018-06-12,8000.0,-12000.0,0.0,-4000.0,332.0,0.0,0.0,0.0,,2026-07-24T11:48:40.327850+08:00
2059,2018-06-13,0.0,7000.0,0.0,7000.0,331.0,0.0,-1.0,0.0,,2026-07-24T11:48:40.327850+08:00
2059,2018-06-14,-2000.0,24000.0,0.0,22000.0,317.0,0.0,-14.0,0.0,,2026-07-24T11:48:40.327850+08:00
2059,2018-06-15,0.0,-15000.0,-3000.0,-18000.0,317.0,0.0,0.0,0.0,,2026-07-24T11:48:40.327850+08:00
2059,2018-06-19,-1000.0,11000.0,0.0,10000.0,314.0,0.0,-3.0,0.0,,2026-07-24T11:48:40.327850+08:00
2059,2018-06-20,2000.0,34000.0,243.0,36243.0,313.0,0.0,-1.0,0.0,,2026-07-24T11:48:40.327850+08:00
2059,2018-06-21,0.0,18000.0,0.0,18000.0,306.0,0.0,-7.0,0.0,,2026-07-24T11:48:40.327850+08:00
2059,2018-06-22,1000.0,48000.0,0.0,49000.0,300.0,0.0,-6.0,0.0,,2026-07-24T11:48:40.327850+08:00
2059,2018-06-25,-2000.0,-17000.0,0.0,-19000.0,306.0,0.0,6.0,0.0,,2026-07-24T11:48:40.327850+08:00
2059,2018-06-26,0.0,13000.0,4000.0,17000.0,302.0,0.0,-4.0,0.0,,2026-07-24T11:48:40.327850+08:00
2059,2018-06-27,3000.0,-43000.0,0.0,-40000.0,300.0,0.0,-2.0,0.0,,2026-07-24T11:48:40.327850+08:00
2059,2018-06-28,1000.0,-3000.0,0.0,-2000.0,298.0,0.0,-2.0,0.0,,2026-07-24T11:48:40.327850+08:00
2059,2018-06-29,0.0,-39000.0,3000.0,-36000.0,298.0,0.0,0.0,0.0,,2026-07-24T11:48:40.327850+08:00
2059,2018-07-02,2000.0,-30000.0,5000.0,-23000.0,290.0,0.0,-8.0,0.0,,2026-07-24T11:48:40.327850+08:00
2059,2018-07-03,1000.0,19000.0,4000.0,24000.0,295.0,6.0,5.0,6.0,,2026-07-24T11:48:40.327850+08:00
2059,2018-07-04,3000.0,-19000.0,0.0,-16000.0,298.0,6.0,3.0,0.0,,2026-07-24T11:48:40.327850+08:00
2059,2018-07-05,0.0,4000.0,0.0,4000.0,297.0,7.0,-1.0,1.0,,2026-07-24T11:48:40.327850+08:00
2059,2018-07-06,0.0,-20000.0,0.0,-20000.0,292.0,5.0,-5.0,-2.0,,2026-07-24T11:48:40.327850+08:00
2059,2018-07-09,-9000.0,-6000.0,-4000.0,-19000.0,283.0,3.0,-9.0,-2.0,,2026-07-24T11:48:40.327850+08:00
2059,2018-07-10,0.0,-53000.0,0.0,-53000.0,288.0,0.0,5.0,-3.0,,2026-07-24T11:48:40.327850+08:00
2059,2018-07-11,-5000.0,27000.0,0.0,22000.0,285.0,0.0,-3.0,0.0,,2026-07-24T11:48:40.327850+08:00
2059,2018-07-12,0.0,-22000.0,0.0,-22000.0,288.0,0.0,3.0,0.0,,2026-07-24T11:48:40.327850+08:00
2059,2018-07-13,0.0,26000.0,0.0,26000.0,288.0,0.0,0.0,0.0,,2026-07-24T11:48:40.327850+08:00
2059,2018-07-16,0.0,21000.0,0.0,21000.0,288.0,3.0,0.0,3.0,,2026-07-24T11:48:40.327850+08:00
2059,2018-07-17,0.0,-20000.0,-2000.0,-22000.0,290.0,0.0,2.0,-3.0,,2026-07-24T11:48:40.327850+08:00
2059,2018-07-18,9000.0,40000.0,0.0,49000.0,291.0,0.0,1.0,0.0,,2026-07-24T11:48:40.327850+08:00
2059,2018-07-19,-2000.0,-7110.0,0.0,-9110.0,293.0,0.0,2.0,0.0,,2026-07-24T11:48:40.327850+08:00
2059,2018-07-20,-2000.0,-7000.0,0.0,-9000.0,291.0,0.0,-2.0,0.0,,2026-07-24T11:48:40.327850+08:00
2059,2018-07-23,0.0,-1000.0,0.0,-1000.0,291.0,0.0,0.0,0.0,,2026-07-24T11:48:40.327850+08:00
2059,2018-07-24,2000.0,-14000.0,0.0,-12000.0,291.0,0.0,0.0,0.0,,2026-07-24T11:48:40.327850+08:00
2059,2018-07-25,-1000.0,34000.0,0.0,33000.0,291.0,3.0,0.0,3.0,,2026-07-24T11:48:40.327850+08:00
2059,2018-07-26,0.0,31000.0,0.0,31000.0,291.0,4.0,0.0,1.0,,2026-07-24T11:48:40.327850+08:00
2059,2018-07-27,2000.0,130000.0,0.0,132000.0,290.0,4.0,-1.0,0.0,,2026-07-24T11:48:40.327850+08:00
2059,2018-07-30,-1000.0,-59000.0,0.0,-60000.0,294.0,0.0,4.0,-4.0,,2026-07-24T11:48:40.327850+08:00
2059,2018-07-31,0.0,-43000.0,0.0,-43000.0,293.0,0.0,-1.0,0.0,,2026-07-24T11:48:40.327850+08:00
2059,2018-08-01,0.0,43000.0,0.0,43000.0,264.0,0.0,-29.0,0.0,,2026-07-24T11:48:40.327850+08:00
2059,2018-08-02,0.0,-9000.0,0.0,-9000.0,263.0,0.0,-1.0,0.0,,2026-07-24T11:48:40.327850+08:00
2059,2018-08-03,1000.0,-18000.0,0.0,-17000.0,262.0,0.0,-1.0,0.0,,2026-07-24T11:48:40.327850+08:00
2059,2018-08-06,0.0,-2000.0,0.0,-2000.0,272.0,0.0,10.0,0.0,,2026-07-24T11:48:40.327850+08:00
2059,2018-08-07,0.0,6000.0,0.0,6000.0,270.0,0.0,-2.0,0.0,,2026-07-24T11:48:40.327850+08:00
2059,2018-08-08,3000.0,-152000.0,-4000.0,-153000.0,281.0,0.0,11.0,0.0,,2026-07-24T11:48:40.327850+08:00
2059,2018-08-09,1000.0,-63000.0,0.0,-62000.0,283.0,0.0,2.0,0.0,,2026-07-24T11:48:40.327850+08:00
2059,2018-08-10,0.0,-6000.0,0.0,-6000.0,284.0,0.0,1.0,0.0,,2026-07-24T11:48:40.327850+08:00
2059,2018-08-13,2000.0,45000.0,0.0,47000.0,283.0,0.0,-1.0,0.0,,2026-07-24T11:48:40.327850+08:00
2059,2018-08-14,0.0,-19000.0,0.0,-19000.0,283.0,0.0,0.0,0.0,,2026-07-24T11:48:40.327850+08:00
2059,2018-08-15,-2000.0,-18000.0,0.0,-20000.0,282.0,0.0,-1.0,0.0,,2026-07-24T11:48:40.327850+08:00
2059,2018-08-16,0.0,-27000.0,0.0,-27000.0,281.0,0.0,-1.0,0.0,,2026-07-24T11:48:40.327850+08:00
2059,2018-08-17,1000.0,-19000.0,0.0,-18000.0,280.0,0.0,-1.0,0.0,,2026-07-24T11:48:40.327850+08:00
2059,2018-08-20,-1000.0,-5000.0,0.0,-6000.0,276.0,0.0,-4.0,0.0,,2026-07-24T11:48:40.327850+08:00
2059,2018-08-21,0.0,-15000.0,0.0,-15000.0,277.0,0.0,1.0,0.0,,2026-07-24T11:48:40.327850+08:00
2059,2018-08-22,-7000.0,-10213.0,0.0,-17213.0,278.0,0.0,1.0,0.0,,2026-07-24T11:48:40.327850+08:00
2059,2018-08-23,0.0,-10000.0,0.0,-10000.0,278.0,0.0,0.0,0.0,,2026-07-24T11:48:40.327850+08:00
2059,2018-08-24,0.0,21000.0,3000.0,24000.0,276.0,0.0,-2.0,0.0,,2026-07-24T11:48:40.327850+08:00
2059,2018-08-27,0.0,-23000.0,0.0,-23000.0,279.0,0.0,3.0,0.0,,2026-07-24T11:48:40.327850+08:00
2059,2018-08-28,4000.0,-13732.0,0.0,-9732.0,287.0,0.0,8.0,0.0,,2026-07-24T11:48:40.327850+08:00
2059,2018-08-29,-8000.0,-27000.0,0.0,-35000.0,292.0,0.0,5.0,0.0,,2026-07-24T11:48:40.327850+08:00
2059,2018-08-30,1000.0,-14000.0,0.0,-13000.0,297.0,0.0,5.0,0.0,,2026-07-24T11:48:40.327850+08:00
2059,2018-08-31,-1000.0,440.0,-7000.0,-7560.0,262.0,0.0,-35.0,0.0,,2026-07-24T11:48:40.327850+08:00
2059,2018-09-03,0.0,14000.0,0.0,14000.0,256.0,0.0,-6.0,0.0,,2026-07-24T11:48:40.327850+08:00
2059,2018-09-04,0.0,31000.0,-10000.0,21000.0,255.0,0.0,-1.0,0.0,,2026-07-24T11:48:40.327850+08:00
2059,2018-09-05,1000.0,1769.0,0.0,2769.0,256.0,0.0,1.0,0.0,,2026-07-24T11:48:40.327850+08:00
2059,2018-09-06,0.0,22000.0,0.0,22000.0,254.0,5.0,-2.0,5.0,,2026-07-24T11:48:40.327850+08:00
2059,2018-09-07,-1000.0,-1000.0,-145.0,-2145.0,250.0,5.0,-4.0,0.0,,2026-07-24T11:48:40.327850+08:00
2059,2018-09-10,3000.0,-13000.0,0.0,-10000.0,251.0,0.0,1.0,-5.0,,2026-07-24T11:48:40.327850+08:00
2059,2018-09-11,-1000.0,11000.0,0.0,10000.0,240.0,0.0,-11.0,0.0,,2026-07-24T11:48:40.327850+08:00
2059,2018-09-12,0.0,-10000.0,0.0,-10000.0,240.0,0.0,0.0,0.0,,2026-07-24T11:48:40.327850+08:00
2059,2018-09-13,0.0,20000.0,0.0,20000.0,240.0,0.0,0.0,0.0,,2026-07-24T11:48:40.327850+08:00
2059,2018-09-14,2000.0,48000.0,0.0,50000.0,239.0,0.0,-1.0,0.0,,2026-07-24T11:48:40.327850+08:00
2059,2018-09-17,0.0,1000.0,0.0,1000.0,238.0,0.0,-1.0,0.0,,2026-07-24T11:48:40.327850+08:00
2059,2018-09-18,0.0,-2000.0,0.0,-2000.0,238.0,0.0,0.0,0.0,,2026-07-24T11:48:40.327850+08:00
2059,2018-09-19,1000.0,2034.0,0.0,3034.0,202.0,0.0,-36.0,0.0,,2026-07-24T11:48:40.327850+08:00
2059,2018-09-20,-1000.0,-5222.0,0.0,-6222.0,201.0,0.0,-1.0,0.0,,2026-07-24T11:48:40.327850+08:00
2059,2018-09-21,1000.0,-6000.0,-1000.0,-6000.0,198.0,1.0,-3.0,1.0,,2026-07-24T11:48:40.327850+08:00
2059,2018-09-25,-1000.0,-5000.0,0.0,-6000.0,198.0,1.0,0.0,0.0,,2026-07-24T11:48:40.327850+08:00
2059,2018-09-26,0.0,5000.0,0.0,5000.0,198.0,2.0,0.0,1.0,,2026-07-24T11:48:40.327850+08:00
2059,2018-09-27,2000.0,10000.0,0.0,12000.0,186.0,2.0,-12.0,0.0,,2026-07-24T11:48:40.327850+08:00
2059,2018-09-28,-1000.0,78000.0,0.0,77000.0,183.0,6.0,-3.0,4.0,,2026-07-24T11:48:40.327850+08:00
2059,2018-10-01,1000.0,-17000.0,0.0,-16000.0,187.0,6.0,4.0,0.0,,2026-07-24T11:48:40.327850+08:00
2059,2018-10-02,-2000.0,0.0,0.0,-2000.0,188.0,7.0,1.0,1.0,,2026-07-24T11:48:40.327850+08:00
2059,2018-10-03,-1000.0,-7034.0,0.0,-8034.0,187.0,7.0,-1.0,0.0,,2026-07-24T11:48:40.327850+08:00
2059,2018-10-04,-2000.0,-24279.0,0.0,-26279.0,170.0,2.0,-17.0,-5.0,,2026-07-24T11:48:40.327850+08:00
2059,2018-10-05,2000.0,-39000.0,180.0,-36820.0,169.0,4.0,-1.0,2.0,,2026-07-24T11:48:40.327850+08:00
2059,2018-10-08,-8000.0,-15000.0,0.0,-23000.0,169.0,4.0,0.0,0.0,,2026-07-24T11:48:40.327850+08:00
2059,2018-10-09,-1000.0,-36000.0,10000.0,-27000.0,159.0,4.0,-10.0,0.0,,2026-07-24T11:48:40.327850+08:00
2059,2018-10-11,-8000.0,-5000.0,0.0,-13000.0,154.0,2.0,-5.0,-2.0,,2026-07-24T11:48:40.327850+08:00
2059,2018-10-12,1000.0,-32357.0,0.0,-31357.0,149.0,2.0,-5.0,0.0,,2026-07-24T11:48:40.327850+08:00
2059,2018-10-15,-2000.0,-24000.0,0.0,-26000.0,150.0,2.0,1.0,0.0,,2026-07-24T11:48:40.327850+08:00
2059,2018-10-16,-2000.0,-31000.0,0.0,-33000.0,149.0,2.0,-1.0,0.0,,2026-07-24T11:48:40.327850+08:00
2059,2018-10-17,2000.0,-9000.0,0.0,-7000.0,147.0,2.0,-2.0,0.0,,2026-07-24T11:48:40.327850+08:00
2059,2018-10-18,1000.0,-28800.0,0.0,-27800.0,136.0,2.0,-11.0,0.0,,2026-07-24T11:48:40.327850+08:00
2059,2018-10-19,-2000.0,-20000.0,0.0,-22000.0,135.0,10.0,-1.0,8.0,,2026-07-24T11:48:40.327850+08:00
2059,2018-10-22,0.0,-38000.0,0.0,-38000.0,137.0,10.0,2.0,0.0,,2026-07-24T11:48:40.327850+08:00
2059,2018-10-23,2000.0,-40000.0,0.0,-38000.0,137.0,10.0,0.0,0.0,,2026-07-24T11:48:40.327850+08:00
2059,2018-10-24,0.0,-14000.0,0.0,-14000.0,137.0,8.0,0.0,-2.0,,2026-07-24T11:48:40.327850+08:00
2059,2018-10-25,-6000.0,-11000.0,0.0,-17000.0,135.0,7.0,-2.0,-1.0,,2026-07-24T11:48:40.327850+08:00
2059,2018-10-26,-1000.0,-24000.0,0.0,-25000.0,136.0,6.0,1.0,-1.0,,2026-07-24T11:48:40.327850+08:00
2059,2018-10-29,2000.0,-31000.0,0.0,-29000.0,134.0,6.0,-2.0,0.0,,2026-07-24T11:48:40.327850+08:00
2059,2018-10-30,-1000.0,86000.0,-14000.0,71000.0,61.0,7.0,-73.0,1.0,,2026-07-24T11:48:40.327850+08:00
2059,2018-10-31,-7000.0,74000.0,0.0,67000.0,52.0,6.0,-9.0,-1.0,,2026-07-24T11:48:40.327850+08:00
2059,2018-11-01,-5000.0,-11000.0,0.0,-16000.0,50.0,5.0,-2.0,-1.0,,2026-07-24T11:48:40.327850+08:00
2059,2018-11-02,-1000.0,-37000.0,1855.0,-36145.0,56.0,3.0,6.0,-2.0,,2026-07-24T11:48:40.327850+08:00
2059,2018-11-05,0.0,-27000.0,3000.0,-24000.0,57.0,1.0,1.0,-2.0,,2026-07-24T11:48:40.327850+08:00
2059,2018-11-06,-1000.0,-21000.0,0.0,-22000.0,59.0,1.0,2.0,0.0,,2026-07-24T11:48:40.327850+08:00
2059,2018-11-07,1000.0,16000.0,0.0,17000.0,55.0,1.0,-4.0,0.0,,2026-07-24T11:48:40.327850+08:00
2059,2018-11-08,0.0,-21000.0,20000.0,-1000.0,48.0,1.0,-7.0,0.0,,2026-07-24T11:48:40.327850+08:00
2059,2018-11-09,3000.0,-19000.0,0.0,-16000.0,45.0,3.0,-3.0,2.0,,2026-07-24T11:48:40.327850+08:00
2059,2018-11-12,-1000.0,-3000.0,0.0,-4000.0,41.0,3.0,-4.0,0.0,,2026-07-24T11:48:40.327850+08:00
2059,2018-11-13,-3000.0,28000.0,0.0,25000.0,52.0,3.0,11.0,0.0,,2026-07-24T11:48:40.327850+08:00
2059,2018-11-14,0.0,-6000.0,0.0,-6000.0,49.0,3.0,-3.0,0.0,,2026-07-24T11:48:40.327850+08:00
2059,2018-11-15,-1000.0,-39000.0,0.0,-40000.0,54.0,3.0,5.0,0.0,,2026-07-24T11:48:40.327850+08:00
2059,2018-11-16,1000.0,-17000.0,0.0,-16000.0,61.0,4.0,7.0,1.0,,2026-07-24T11:48:40.327850+08:00
2059,2018-11-19,-1000.0,65000.0,0.0,64000.0,49.0,4.0,-12.0,0.0,,2026-07-24T11:48:40.327850+08:00
2059,2018-11-20,2000.0,-10000.0,0.0,-8000.0,47.0,4.0,-2.0,0.0,,2026-07-24T11:48:40.327850+08:00
2059,2018-11-21,17000.0,-24000.0,0.0,-7000.0,48.0,4.0,1.0,0.0,,2026-07-24T11:48:40.327850+08:00
2059,2018-11-22,0.0,-14000.0,0.0,-14000.0,51.0,4.0,3.0,0.0,,2026-07-24T11:48:40.327850+08:00
2059,2018-11-23,-4000.0,-32000.0,0.0,-36000.0,54.0,3.0,3.0,-1.0,,2026-07-24T11:48:40.327850+08:00
2059,2018-11-26,0.0,-22000.0,0.0,-22000.0,46.0,3.0,-8.0,0.0,,2026-07-24T11:48:40.327850+08:00
2059,2018-11-27,0.0,-3000.0,1000.0,-2000.0,50.0,3.0,4.0,0.0,,2026-07-24T11:48:40.327850+08:00
2059,2018-11-28,0.0,17000.0,0.0,17000.0,57.0,3.0,7.0,0.0,,2026-07-24T11:48:40.327850+08:00
2059,2018-11-29,4000.0,-59000.0,0.0,-55000.0,92.0,3.0,35.0,0.0,,2026-07-24T11:48:40.327850+08:00
2059,2018-11-30,12000.0,-147000.0,23000.0,-112000.0,114.0,3.0,22.0,0.0,,2026-07-24T11:48:40.327850+08:00
2059,2018-12-03,-6000.0,-128000.0,79000.0,-55000.0,122.0,3.0,8.0,0.0,,2026-07-24T11:48:40.327850+08:00
2059,2018-12-04,0.0,-141000.0,25000.0,-116000.0,138.0,3.0,16.0,0.0,,2026-07-24T11:48:40.327850+08:00
2059,2018-12-05,0.0,-124000.0,50000.0,-74000.0,144.0,3.0,6.0,0.0,,2026-07-24T11:48:40.327850+08:00
2059,2018-12-06,-4000.0,-53000.0,25000.0,-32000.0,137.0,3.0,-7.0,0.0,,2026-07-24T11:48:40.327850+08:00
2059,2018-12-07,0.0,-29000.0,0.0,-29000.0,148.0,3.0,11.0,0.0,,2026-07-24T11:48:40.327850+08:00
2059,2018-12-10,0.0,0.0,25000.0,25000.0,146.0,3.0,-2.0,0.0,,2026-07-24T11:48:40.327850+08:00
2059,2018-12-11,0.0,-54000.0,0.0,-54000.0,149.0,3.0,3.0,0.0,,2026-07-24T11:48:40.327850+08:00
2059,2018-12-12,0.0,-51000.0,1000.0,-50000.0,161.0,3.0,12.0,0.0,,2026-07-24T11:48:40.327850+08:00
2059,2018-12-13,1000.0,-15000.0,25000.0,11000.0,150.0,3.0,-11.0,0.0,,2026-07-24T11:48:40.327850+08:00
2059,2018-12-14,1000.0,-11000.0,0.0,-10000.0,153.0,3.0,3.0,0.0,,2026-07-24T11:48:40.327850+08:00
2059,2018-12-17,0.0,-37000.0,16000.0,-21000.0,149.0,3.0,-4.0,0.0,,2026-07-24T11:48:40.327850+08:00
2059,2018-12-18,5000.0,-15000.0,0.0,-10000.0,151.0,3.0,2.0,0.0,,2026-07-24T11:48:40.327850+08:00
2059,2018-12-19,3000.0,-84000.0,0.0,-81000.0,163.0,3.0,12.0,0.0,,2026-07-24T11:48:40.327850+08:00
2059,2018-12-20,0.0,1500.0,25000.0,26500.0,152.0,3.0,-11.0,0.0,,2026-07-24T11:48:40.327850+08:00
2059,2018-12-21,4000.0,-6044.0,0.0,-2044.0,158.0,3.0,6.0,0.0,,2026-07-24T11:48:40.327850+08:00
2059,2018-12-22,-4000.0,0.0,0.0,-4000.0,155.0,6.0,-3.0,3.0,,2026-07-24T11:48:40.327850+08:00
2059,2018-12-24,0.0,-24000.0,1000.0,-23000.0,151.0,8.0,-4.0,2.0,,2026-07-24T11:48:40.327850+08:00
2059,2018-12-25,-2000.0,11000.0,0.0,9000.0,143.0,6.0,-8.0,-2.0,,2026-07-24T11:48:40.327850+08:00
2059,2018-12-26,-1000.0,-13000.0,-10.0,-14010.0,135.0,6.0,-8.0,0.0,,2026-07-24T11:48:40.327850+08:00
2059,2018-12-27,0.0,-83000.0,0.0,-83000.0,150.0,6.0,15.0,0.0,,2026-07-24T11:48:40.327850+08:00
2059,2018-12-28,-1000.0,73235.0,13000.0,85235.0,120.0,5.0,-30.0,-1.0,,2026-07-24T11:48:40.327850+08:00
2059,2019-01-02,2000.0,-48000.0,0.0,-46000.0,133.0,5.0,13.0,0.0,,2026-07-24T11:48:40.327850+08:00
2059,2019-01-03,-3000.0,124000.0,6000.0,127000.0,115.0,5.0,-18.0,0.0,,2026-07-24T11:48:40.327850+08:00
2059,2019-01-04,-4000.0,87000.0,6000.0,89000.0,112.0,14.0,-3.0,9.0,,2026-07-24T11:48:40.327850+08:00
2059,2019-01-07,0.0,38000.0,0.0,38000.0,128.0,14.0,16.0,0.0,,2026-07-24T11:48:40.327850+08:00
2059,2019-01-08,0.0,166000.0,0.0,166000.0,97.0,15.0,-31.0,1.0,,2026-07-24T11:48:40.327850+08:00
2059,2019-01-09,5000.0,31000.0,0.0,36000.0,87.0,15.0,-10.0,0.0,,2026-07-24T11:48:40.327850+08:00
2059,2019-01-10,10000.0,67000.0,0.0,77000.0,95.0,15.0,8.0,0.0,,2026-07-24T11:48:40.327850+08:00
2059,2019-01-11,5000.0,-62000.0,-13000.0,-70000.0,84.0,15.0,-11.0,0.0,,2026-07-24T11:48:40.327850+08:00
2059,2019-01-14,0.0,-18000.0,-12000.0,-30000.0,89.0,15.0,5.0,0.0,,2026-07-24T11:48:40.327850+08:00
2059,2019-01-15,1000.0,-19000.0,0.0,-18000.0,89.0,15.0,0.0,0.0,,2026-07-24T11:48:40.327850+08:00
2059,2019-01-16,5000.0,-46000.0,0.0,-41000.0,97.0,13.0,8.0,-2.0,,2026-07-24T11:48:40.327850+08:00
2059,2019-01-17,-12000.0,-18000.0,0.0,-30000.0,90.0,13.0,-7.0,0.0,,2026-07-24T11:48:40.327850+08:00
2059,2019-01-18,2000.0,-34000.0,0.0,-32000.0,89.0,13.0,-1.0,0.0,,2026-07-24T11:48:40.327850+08:00
2059,2019-01-21,5000.0,36000.0,-1000.0,40000.0,89.0,13.0,0.0,0.0,,2026-07-24T11:48:40.327850+08:00
2059,2019-01-22,1000.0,-29000.0,0.0,-28000.0,92.0,13.0,3.0,0.0,,2026-07-24T11:48:40.327850+08:00
2059,2019-01-23,-2000.0,12000.0,0.0,10000.0,86.0,11.0,-6.0,-2.0,,2026-07-24T11:48:40.327850+08:00
2059,2019-01-24,-2000.0,-12640.0,4000.0,-10640.0,81.0,8.0,-5.0,-3.0,,2026-07-24T11:48:40.327850+08:00
2059,2019-01-25,-2000.0,-26000.0,0.0,-28000.0,89.0,8.0,8.0,0.0,,2026-07-24T11:48:40.327850+08:00
2059,2019-01-28,0.0,-25000.0,0.0,-25000.0,110.0,8.0,21.0,0.0,,2026-07-24T11:48:40.327850+08:00
2059,2019-01-29,6000.0,-11000.0,0.0,-5000.0,95.0,5.0,-15.0,-3.0,,2026-07-24T11:48:40.327850+08:00
2059,2019-01-30,0.0,47000.0,5000.0,52000.0,86.0,5.0,-9.0,0.0,,2026-07-24T11:48:40.327850+08:00
2059,2019-02-11,0.0,-17000.0,0.0,-17000.0,90.0,5.0,4.0,0.0,,2026-07-24T11:48:40.327850+08:00
2059,2019-02-12,0.0,-22000.0,-11000.0,-33000.0,106.0,5.0,16.0,0.0,,2026-07-24T11:48:40.327850+08:00
2059,2019-02-13,2000.0,-20000.0,0.0,-18000.0,128.0,5.0,22.0,0.0,,2026-07-24T11:48:40.327850+08:00
2059,2019-02-14,5000.0,37000.0,0.0,42000.0,119.0,5.0,-9.0,0.0,,2026-07-24T11:48:40.327850+08:00
2059,2019-02-15,-2000.0,53000.0,-15000.0,36000.0,125.0,5.0,6.0,0.0,,2026-07-24T11:48:40.327850+08:00
2059,2019-02-18,-2000.0,14000.0,0.0,12000.0,136.0,5.0,11.0,0.0,,2026-07-24T11:48:40.327850+08:00
2059,2019-02-19,-1000.0,-9000.0,0.0,-10000.0,146.0,5.0,10.0,0.0,,2026-07-24T11:48:40.327850+08:00
2059,2019-02-20,-6000.0,-7956.0,-22000.0,-35956.0,156.0,5.0,10.0,0.0,,2026-07-24T11:48:40.327850+08:00
2059,2019-02-21,2000.0,-10000.0,0.0,-8000.0,150.0,5.0,-6.0,0.0,,2026-07-24T11:48:40.327850+08:00
2059,2019-02-22,0.0,-44000.0,0.0,-44000.0,157.0,5.0,7.0,0.0,,2026-07-24T11:48:40.327850+08:00
2059,2019-02-25,4000.0,2000.0,0.0,6000.0,176.0,5.0,19.0,0.0,,2026-07-24T11:48:40.327850+08:00
2059,2019-02-26,-3000.0,-175000.0,10000.0,-168000.0,192.0,5.0,16.0,0.0,,2026-07-24T11:48:40.327850+08:00
2059,2019-02-27,2000.0,-39000.0,0.0,-37000.0,187.0,5.0,-5.0,0.0,,2026-07-24T11:48:40.327850+08:00
2059,2019-03-04,0.0,-59900.0,0.0,-59900.0,180.0,5.0,-7.0,0.0,,2026-07-24T11:48:40.327850+08:00
2059,2019-03-05,-5000.0,51000.0,0.0,46000.0,166.0,5.0,-14.0,0.0,,2026-07-24T11:48:40.327850+08:00
2059,2019-03-06,-4000.0,-96000.0,8000.0,-92000.0,165.0,5.0,-1.0,0.0,,2026-07-24T11:48:40.327850+08:00
2059,2019-03-07,-1000.0,-182100.0,37000.0,-146100.0,154.0,5.0,-11.0,0.0,,2026-07-24T11:48:40.327850+08:00
2059,2019-03-08,0.0,-47000.0,2000.0,-45000.0,139.0,5.0,-15.0,0.0,,2026-07-24T11:48:40.327850+08:00
2059,2019-03-11,0.0,-51000.0,0.0,-51000.0,135.0,5.0,-4.0,0.0,,2026-07-24T11:48:40.327850+08:00
2059,2019-03-12,0.0,-70000.0,0.0,-70000.0,128.0,5.0,-7.0,0.0,,2026-07-24T11:48:40.327850+08:00
2059,2019-03-13,0.0,-116000.0,3000.0,-113000.0,114.0,6.0,-14.0,1.0,,2026-07-24T11:48:40.327850+08:00
2059,2019-03-14,4000.0,17000.0,0.0,21000.0,110.0,6.0,-4.0,0.0,,2026-07-24T11:48:40.327850+08:00
2059,2019-03-15,0.0,18000.0,0.0,18000.0,112.0,6.0,2.0,0.0,,2026-07-24T11:48:40.327850+08:00
2059,2019-03-18,0.0,-49000.0,1000.0,-48000.0,118.0,6.0,6.0,0.0,,2026-07-24T11:48:40.327850+08:00
2059,2019-03-19,-2000.0,-16000.0,0.0,-18000.0,118.0,6.0,0.0,0.0,,2026-07-24T11:48:40.327850+08:00
2059,2019-03-20,4000.0,-48000.0,20000.0,-24000.0,147.0,6.0,29.0,0.0,,2026-07-24T11:48:40.327850+08:00
2059,2019-03-21,0.0,-41000.0,0.0,-41000.0,143.0,6.0,-4.0,0.0,,2026-07-24T11:48:40.327850+08:00
2059,2019-03-22,4000.0,-9000.0,0.0,-5000.0,140.0,6.0,-3.0,0.0,,2026-07-24T11:48:40.327850+08:00
2059,2019-03-25,0.0,24000.0,5000.0,29000.0,126.0,4.0,-14.0,-2.0,,2026-07-24T11:48:40.327850+08:00
2059,2019-03-26,0.0,10000.0,0.0,10000.0,118.0,5.0,-8.0,1.0,,2026-07-24T11:48:40.327850+08:00
2059,2019-03-27,0.0,-35000.0,0.0,-35000.0,117.0,5.0,-1.0,0.0,,2026-07-24T11:48:40.327850+08:00
2059,2019-03-28,0.0,-1000.0,0.0,-1000.0,112.0,4.0,-5.0,-1.0,,2026-07-24T11:48:40.327850+08:00
2059,2019-03-29,0.0,0.0,10000.0,10000.0,118.0,4.0,6.0,0.0,,2026-07-24T11:48:40.327850+08:00
2059,2019-04-01,0.0,-31000.0,11963.0,-19037.0,119.0,3.0,1.0,-1.0,,2026-07-24T11:48:40.327850+08:00
2059,2019-04-02,-2000.0,-47000.0,-55000.0,-104000.0,135.0,3.0,16.0,0.0,,2026-07-24T11:48:40.327850+08:00
2059,2019-04-03,-4000.0,-105000.0,0.0,-109000.0,137.0,2.0,2.0,-1.0,,2026-07-24T11:48:40.327850+08:00
2059,2019-04-08,-2000.0,-103000.0,-6000.0,-111000.0,148.0,2.0,11.0,0.0,,2026-07-24T11:48:40.327850+08:00
2059,2019-04-09,-2000.0,-88000.0,-10000.0,-100000.0,156.0,2.0,8.0,0.0,,2026-07-24T11:48:40.327850+08:00
2059,2019-04-10,-2000.0,-132000.0,11000.0,-123000.0,167.0,2.0,11.0,0.0,,2026-07-24T11:48:40.327850+08:00
2059,2019-04-11,0.0,-60500.0,0.0,-60500.0,154.0,1.0,-13.0,-1.0,,2026-07-24T11:48:40.327850+08:00
2059,2019-04-12,4000.0,-124000.0,-20000.0,-140000.0,168.0,1.0,14.0,0.0,,2026-07-24T11:48:40.327850+08:00
2059,2019-04-15,3000.0,-66000.0,0.0,-63000.0,174.0,1.0,6.0,0.0,,2026-07-24T11:48:40.327850+08:00
2059,2019-04-16,0.0,-10000.0,0.0,-10000.0,168.0,0.0,-6.0,-1.0,,2026-07-24T11:48:40.327850+08:00
2059,2019-04-17,0.0,49000.0,65000.0,114000.0,162.0,0.0,-6.0,0.0,,2026-07-24T11:48:40.327850+08:00
2059,2019-04-18,-7000.0,-87000.0,27000.0,-67000.0,161.0,0.0,-1.0,0.0,,2026-07-24T11:48:40.327850+08:00
2059,2019-04-19,0.0,-38000.0,27000.0,-11000.0,156.0,0.0,-5.0,0.0,,2026-07-24T11:48:40.327850+08:00
2059,2019-04-22,-829.0,-18000.0,27095.0,8266.0,151.0,0.0,-5.0,0.0,,2026-07-24T11:48:40.327850+08:00
2059,2019-04-23,5000.0,8000.0,0.0,13000.0,149.0,0.0,-2.0,0.0,,2026-07-24T11:48:40.327850+08:00
2059,2019-04-24,-3100.0,-10000.0,0.0,-13100.0,150.0,0.0,1.0,0.0,,2026-07-24T11:48:40.327850+08:00
2059,2019-04-25,-2071.0,-30000.0,6000.0,-26071.0,156.0,0.0,6.0,0.0,,2026-07-24T11:48:40.327850+08:00
2059,2019-04-26,-3000.0,-36000.0,0.0,-39000.0,156.0,0.0,0.0,0.0,,2026-07-24T11:48:40.327850+08:00
2059,2019-04-29,0.0,-34000.0,0.0,-34000.0,154.0,0.0,-2.0,0.0,,2026-07-24T11:48:40.327850+08:00
2059,2019-04-30,5000.0,4000.0,0.0,9000.0,143.0,0.0,-11.0,0.0,,2026-07-24T11:48:40.327850+08:00
2059,2019-05-02,-4000.0,31000.0,0.0,27000.0,142.0,0.0,-1.0,0.0,,2026-07-24T11:48:40.327850+08:00
2059,2019-05-03,0.0,-77000.0,0.0,-77000.0,155.0,0.0,13.0,0.0,,2026-07-24T11:48:40.327850+08:00
2059,2019-05-06,0.0,-66000.0,0.0,-66000.0,156.0,0.0,1.0,0.0,,2026-07-24T11:48:40.327850+08:00
2059,2019-05-07,0.0,-42000.0,0.0,-42000.0,158.0,0.0,2.0,0.0,,2026-07-24T11:48:40.327850+08:00
2059,2019-05-08,4000.0,-116000.0,0.0,-112000.0,159.0,0.0,1.0,0.0,,2026-07-24T11:48:40.327850+08:00
2059,2019-05-09,0.0,-92900.0,0.0,-92900.0,165.0,1.0,6.0,1.0,,2026-07-24T11:48:40.327850+08:00
2059,2019-05-10,4000.0,-93000.0,0.0,-89000.0,162.0,1.0,-3.0,0.0,,2026-07-24T11:48:40.327850+08:00
2059,2019-05-13,4000.0,-63000.0,0.0,-59000.0,158.0,1.0,-4.0,0.0,,2026-07-24T11:48:40.327850+08:00
2059,2019-05-14,16000.0,-52510.0,0.0,-36510.0,152.0,1.0,-6.0,0.0,,2026-07-24T11:48:40.327850+08:00
2059,2019-05-15,-3000.0,-67376.0,0.0,-70376.0,164.0,1.0,12.0,0.0,,2026-07-24T11:48:40.327850+08:00
2059,2019-05-16,0.0,-52086.0,0.0,-52086.0,157.0,0.0,-7.0,-1.0,,2026-07-24T11:48:40.327850+08:00
2059,2019-05-17,0.0,-67028.0,0.0,-67028.0,161.0,0.0,4.0,0.0,,2026-07-24T11:48:40.327850+08:00
2059,2019-05-20,3000.0,-27000.0,0.0,-24000.0,167.0,0.0,6.0,0.0,,2026-07-24T11:48:40.327850+08:00
2059,2019-05-21,2000.0,6000.0,0.0,8000.0,158.0,0.0,-9.0,0.0,,2026-07-24T11:48:40.327850+08:00
2059,2019-05-22,0.0,-24000.0,0.0,-24000.0,158.0,0.0,0.0,0.0,,2026-07-24T11:48:40.327850+08:00
2059,2019-05-23,0.0,-7000.0,0.0,-7000.0,150.0,0.0,-8.0,0.0,,2026-07-24T11:48:40.327850+08:00
2059,2019-05-24,-1000.0,-53384.0,49000.0,-5384.0,152.0,0.0,2.0,0.0,,2026-07-24T11:48:40.327850+08:00
2059,2019-05-27,1000.0,-11016.0,5000.0,-5016.0,153.0,0.0,1.0,0.0,,2026-07-24T11:48:40.327850+08:00
2059,2019-05-28,1000.0,-68000.0,66000.0,-1000.0,148.0,0.0,-5.0,0.0,,2026-07-24T11:48:40.327850+08:00
2059,2019-05-29,0.0,-23000.0,-7000.0,-30000.0,155.0,0.0,7.0,0.0,,2026-07-24T11:48:40.327850+08:00
2059,2019-05-30,-1000.0,-17000.0,-32000.0,-50000.0,159.0,0.0,4.0,0.0,,2026-07-24T11:48:40.327850+08:00
2059,2019-05-31,0.0,11000.0,-27000.0,-16000.0,164.0,0.0,5.0,0.0,,2026-07-24T11:48:40.327850+08:00
2059,2019-06-03,0.0,10000.0,-35000.0,-25000.0,168.0,0.0,4.0,0.0,,2026-07-24T11:48:40.327850+08:00
2059,2019-06-04,-2000.0,-13000.0,-20000.0,-35000.0,167.0,0.0,-1.0,0.0,,2026-07-24T11:48:40.327850+08:00
2059,2019-06-05,0.0,-38000.0,-20000.0,-58000.0,173.0,0.0,6.0,0.0,,2026-07-24T11:48:40.327850+08:00
2059,2019-06-06,0.0,8000.0,-61000.0,-53000.0,168.0,1.0,-5.0,1.0,,2026-07-24T11:48:40.327850+08:00
2059,2019-06-10,1000.0,-64000.0,-36000.0,-99000.0,202.0,1.0,34.0,0.0,,2026-07-24T11:48:40.327850+08:00
2059,2019-06-11,-2000.0,24000.0,-39000.0,-17000.0,207.0,1.0,5.0,0.0,,2026-07-24T11:48:40.327850+08:00
2059,2019-06-12,0.0,-8000.0,-38724.0,-46724.0,211.0,1.0,4.0,0.0,,2026-07-24T11:48:40.327850+08:00
2059,2019-06-13,1000.0,76000.0,-40723.0,36277.0,213.0,0.0,2.0,-1.0,,2026-07-24T11:48:40.327850+08:00
2059,2019-06-14,0.0,-43000.0,-46000.0,-89000.0,261.0,5.0,48.0,5.0,,2026-07-24T11:48:40.327850+08:00
2059,2019-06-17,0.0,138334.0,-14721.0,123613.0,239.0,5.0,-22.0,0.0,,2026-07-24T11:48:40.327850+08:00
2059,2019-06-18,1000.0,-1000.0,1000.0,1000.0,223.0,0.0,-16.0,-5.0,,2026-07-24T11:48:40.327850+08:00
2059,2019-06-19,17000.0,-45000.0,11000.0,-17000.0,242.0,0.0,19.0,0.0,,2026-07-24T11:48:40.327850+08:00
2059,2019-06-20,-1000.0,-20000.0,1000.0,-20000.0,232.0,0.0,-10.0,0.0,,2026-07-24T11:48:40.327850+08:00
2059,2019-06-21,0.0,18000.0,0.0,18000.0,203.0,0.0,-29.0,0.0,,2026-07-24T11:48:40.327850+08:00
2059,2019-06-24,1000.0,-4000.0,-551.0,-3551.0,204.0,0.0,1.0,0.0,,2026-07-24T11:48:40.327850+08:00
2059,2019-06-25,-3000.0,-2000.0,-1000.0,-6000.0,199.0,0.0,-5.0,0.0,,2026-07-24T11:48:40.327850+08:00
2059,2019-06-26,1000.0,48000.0,3000.0,52000.0,188.0,0.0,-11.0,0.0,,2026-07-24T11:48:40.327850+08:00
2059,2019-06-27,0.0,-73665.0,0.0,-73665.0,202.0,0.0,14.0,0.0,,2026-07-24T11:48:40.327850+08:00
2059,2019-06-28,2000.0,31000.0,0.0,33000.0,190.0,0.0,-12.0,0.0,,2026-07-24T11:48:40.327850+08:00
2059,2019-07-01,0.0,-4000.0,0.0,-4000.0,187.0,0.0,-3.0,0.0,,2026-07-24T11:48:40.327850+08:00
2059,2019-07-02,0.0,-27000.0,0.0,-27000.0,193.0,0.0,6.0,0.0,,2026-07-24T11:48:40.327850+08:00
2059,2019-07-03,-6000.0,24000.0,0.0,18000.0,203.0,0.0,10.0,0.0,,2026-07-24T11:48:40.327850+08:00
2059,2019-07-04,0.0,-11000.0,0.0,-11000.0,204.0,0.0,1.0,0.0,,2026-07-24T11:48:40.327850+08:00
2059,2019-07-05,0.0,-21000.0,0.0,-21000.0,213.0,0.0,9.0,0.0,,2026-07-24T11:48:40.327850+08:00
2059,2019-07-08,-1000.0,-22000.0,11000.0,-12000.0,212.0,0.0,-1.0,0.0,,2026-07-24T11:48:40.327850+08:00
2059,2019-07-09,-1000.0,-44000.0,0.0,-45000.0,208.0,0.0,-4.0,0.0,,2026-07-24T11:48:40.327850+08:00
2059,2019-07-10,13000.0,-147000.0,0.0,-134000.0,268.0,0.0,60.0,0.0,,2026-07-24T11:48:40.327850+08:00
2059,2019-07-11,0.0,-70000.0,1000.0,-69000.0,283.0,0.0,15.0,0.0,,2026-07-24T11:48:40.327850+08:00
2059,2019-07-12,-2000.0,-130000.0,30000.0,-102000.0,296.0,0.0,13.0,0.0,,2026-07-24T11:48:40.327850+08:00
2059,2019-07-15,0.0,70000.0,20000.0,90000.0,254.0,0.0,-42.0,0.0,,2026-07-24T11:48:40.327850+08:00
2059,2019-07-16,14000.0,106000.0,70000.0,190000.0,344.0,0.0,90.0,0.0,,2026-07-24T11:48:40.327850+08:00
2059,2019-07-17,10000.0,-207000.0,76000.0,-121000.0,313.0,0.0,-31.0,0.0,,2026-07-24T11:48:40.327850+08:00
2059,2019-07-18,3000.0,-25000.0,0.0,-22000.0,268.0,0.0,-45.0,0.0,,2026-07-24T11:48:40.327850+08:00
2059,2019-07-19,9000.0,-214000.0,20000.0,-185000.0,272.0,0.0,4.0,0.0,,2026-07-24T11:48:40.327850+08:00
2059,2019-07-22,-6000.0,-113000.0,37000.0,-82000.0,278.0,0.0,6.0,0.0,,2026-07-24T11:48:40.327850+08:00
2059,2019-07-23,0.0,-60000.0,6000.0,-54000.0,239.0,0.0,-39.0,0.0,,2026-07-24T11:48:40.327850+08:00
2059,2019-07-24,-13000.0,70000.0,2000.0,59000.0,223.0,0.0,-16.0,0.0,,2026-07-24T11:48:40.327850+08:00
2059,2019-07-25,10000.0,-17000.0,0.0,-7000.0,236.0,0.0,13.0,0.0,,2026-07-24T11:48:40.327850+08:00
2059,2019-07-26,0.0,-22000.0,0.0,-22000.0,229.0,0.0,-7.0,0.0,,2026-07-24T11:48:40.327850+08:00
2059,2019-07-29,3000.0,62000.0,0.0,65000.0,219.0,0.0,-10.0,0.0,,2026-07-24T11:48:40.327850+08:00
2059,2019-07-30,5000.0,-21000.0,6000.0,-10000.0,189.0,0.0,-30.0,0.0,,2026-07-24T11:48:40.327850+08:00
2059,2019-07-31,-6000.0,31000.0,0.0,25000.0,181.0,0.0,-8.0,0.0,,2026-07-24T11:48:40.327850+08:00
2059,2019-08-01,0.0,-46000.0,17000.0,-29000.0,179.0,0.0,-2.0,0.0,,2026-07-24T11:48:40.327850+08:00
2059,2019-08-02,0.0,-9819.0,0.0,-9819.0,182.0,0.0,3.0,0.0,,2026-07-24T11:48:40.327850+08:00
2059,2019-08-05,0.0,-11400.0,12000.0,600.0,186.0,0.0,4.0,0.0,,2026-07-24T11:48:40.327850+08:00
2059,2019-08-06,0.0,-21000.0,16000.0,-5000.0,175.0,0.0,-11.0,0.0,,2026-07-24T11:48:40.327850+08:00
2059,2019-08-07,-6000.0,-47000.0,22000.0,-31000.0,184.0,0.0,9.0,0.0,,2026-07-24T11:48:40.327850+08:00
2059,2019-08-08,-2000.0,-46000.0,170000.0,122000.0,209.0,0.0,25.0,0.0,,2026-07-24T11:48:40.327850+08:00
2059,2019-08-12,10000.0,-45000.0,14000.0,-21000.0,211.0,0.0,2.0,0.0,,2026-07-24T11:48:40.327850+08:00
2059,2019-08-13,0.0,-39000.0,4529.0,-34471.0,210.0,0.0,-1.0,0.0,,2026-07-24T11:48:40.327850+08:00
2059,2019-08-14,0.0,-25000.0,26000.0,1000.0,201.0,0.0,-9.0,0.0,,2026-07-24T11:48:40.327850+08:00
2059,2019-08-15,0.0,-2000.0,0.0,-2000.0,196.0,0.0,-5.0,0.0,,2026-07-24T11:48:40.327850+08:00
2059,2019-08-16,1000.0,22000.0,1000.0,24000.0,200.0,0.0,4.0,0.0,,2026-07-24T11:48:40.327850+08:00
2059,2019-08-19,1000.0,11000.0,6000.0,18000.0,194.0,0.0,-6.0,0.0,,2026-07-24T11:48:40.327850+08:00
2059,2019-08-20,0.0,40000.0,42000.0,82000.0,184.0,0.0,-10.0,0.0,,2026-07-24T11:48:40.327850+08:00
2059,2019-08-21,52000.0,-47000.0,85000.0,90000.0,284.0,0.0,100.0,0.0,,2026-07-24T11:48:40.327850+08:00
2059,2019-08-22,2000.0,-122000.0,106000.0,-14000.0,282.0,0.0,-2.0,0.0,,2026-07-24T11:48:40.327850+08:00
2059,2019-08-23,10000.0,-31000.0,0.0,-21000.0,272.0,0.0,-10.0,0.0,,2026-07-24T11:48:40.327850+08:00
2059,2019-08-24,0.0,-44000.0,0.0,-44000.0,,,,,,2026-07-24T11:48:40.327850+08:00
2059,2019-08-26,-37000.0,65000.0,0.0,28000.0,263.0,0.0,,,,2026-07-24T11:48:40.327850+08:00
2059,2019-08-27,1000.0,-90000.0,76000.0,-13000.0,264.0,0.0,1.0,0.0,,2026-07-24T11:48:40.327850+08:00
2059,2019-08-28,9000.0,-6000.0,10000.0,13000.0,254.0,0.0,-10.0,0.0,,2026-07-24T11:48:40.327850+08:00
2059,2019-08-29,1000.0,-9000.0,0.0,-8000.0,243.0,0.0,-11.0,0.0,,2026-07-24T11:48:40.327850+08:00
2059,2019-08-30,4000.0,54490.0,5000.0,63490.0,276.0,0.0,33.0,0.0,,2026-07-24T11:48:40.327850+08:00
2059,2019-09-02,9000.0,99000.0,0.0,108000.0,300.0,0.0,24.0,0.0,,2026-07-24T11:48:40.327850+08:00
2059,2019-09-03,-19000.0,111000.0,51000.0,143000.0,286.0,0.0,-14.0,0.0,,2026-07-24T11:48:40.327850+08:00
2059,2019-09-04,17000.0,29000.0,10000.0,56000.0,294.0,0.0,8.0,0.0,,2026-07-24T11:48:40.327850+08:00
2059,2019-09-05,-13000.0,2000.0,11000.0,0.0,308.0,0.0,14.0,0.0,,2026-07-24T11:48:40.327850+08:00
2059,2019-09-06,3000.0,144470.0,-31000.0,116470.0,325.0,0.0,17.0,0.0,,2026-07-24T11:48:40.327850+08:00
2059,2019-09-09,-16000.0,148000.0,0.0,132000.0,312.0,0.0,-13.0,0.0,,2026-07-24T11:48:40.327850+08:00
2059,2019-09-10,2000.0,46000.0,8000.0,56000.0,318.0,0.0,6.0,0.0,,2026-07-24T11:48:40.327850+08:00
2059,2019-09-11,-2000.0,66000.0,31000.0,95000.0,309.0,1.0,-9.0,1.0,,2026-07-24T11:48:40.327850+08:00
2059,2019-09-12,0.0,-28000.0,0.0,-28000.0,314.0,1.0,5.0,0.0,,2026-07-24T11:48:40.327850+08:00
2059,2019-09-16,0.0,-8000.0,307.0,-7693.0,321.0,0.0,7.0,-1.0,,2026-07-24T11:48:40.327850+08:00
2059,2019-09-17,13000.0,2000.0,2000.0,17000.0,326.0,0.0,5.0,0.0,,2026-07-24T11:48:40.327850+08:00
2059,2019-09-18,0.0,21000.0,63000.0,84000.0,293.0,11.0,-33.0,11.0,,2026-07-24T11:48:40.327850+08:00
2059,2019-09-19,13000.0,-144000.0,58000.0,-73000.0,279.0,6.0,-14.0,-5.0,,2026-07-24T11:48:40.327850+08:00
2059,2019-09-20,9000.0,-66000.0,0.0,-57000.0,267.0,8.0,-12.0,2.0,,2026-07-24T11:48:40.327850+08:00
2059,2019-09-23,9000.0,-52000.0,30000.0,-13000.0,247.0,6.0,-20.0,-2.0,,2026-07-24T11:48:40.327850+08:00
2059,2019-09-24,4000.0,-37000.0,55000.0,22000.0,236.0,6.0,-11.0,0.0,,2026-07-24T11:48:40.327850+08:00
2059,2019-09-25,-7000.0,-19000.0,0.0,-26000.0,225.0,6.0,-11.0,0.0,,2026-07-24T11:48:40.327850+08:00
2059,2019-09-26,-1000.0,-11000.0,-1000.0,-13000.0,217.0,6.0,-8.0,0.0,,2026-07-24T11:48:40.327850+08:00
2059,2019-09-27,-16000.0,-35000.0,0.0,-51000.0,220.0,3.0,3.0,-3.0,,2026-07-24T11:48:40.327850+08:00
2059,2019-10-01,1000.0,-39000.0,380.0,-37620.0,221.0,5.0,1.0,2.0,,2026-07-24T11:48:40.327850+08:00
2059,2019-10-02,0.0,-2000.0,0.0,-2000.0,211.0,11.0,-10.0,6.0,,2026-07-24T11:48:40.327850+08:00
2059,2019-10-03,3000.0,-14000.0,-7000.0,-18000.0,206.0,11.0,-5.0,0.0,,2026-07-24T11:48:40.327850+08:00
2059,2019-10-04,-3000.0,-87000.0,-3000.0,-93000.0,211.0,9.0,5.0,-2.0,,2026-07-24T11:48:40.327850+08:00
2059,2019-10-07,-6000.0,-17000.0,-22000.0,-45000.0,205.0,9.0,-6.0,0.0,,2026-07-24T11:48:40.327850+08:00
2059,2019-10-08,-3000.0,-24000.0,-130.0,-27130.0,192.0,3.0,-13.0,-6.0,,2026-07-24T11:48:40.327850+08:00
2059,2019-10-09,3000.0,14000.0,7.0,17007.0,159.0,3.0,-33.0,0.0,,2026-07-24T11:48:40.327850+08:00
2059,2019-10-14,6000.0,-99000.0,0.0,-93000.0,162.0,1.0,3.0,-2.0,,2026-07-24T11:48:40.327850+08:00
2059,2019-10-15,-4000.0,-28470.0,-4000.0,-36470.0,156.0,2.0,-6.0,1.0,,2026-07-24T11:48:40.327850+08:00
2059,2019-10-16,0.0,-64000.0,-2588.0,-66588.0,158.0,2.0,2.0,0.0,,2026-07-24T11:48:40.327850+08:00
2059,2019-10-17,-30000.0,-38000.0,300.0,-67700.0,165.0,1.0,7.0,-1.0,,2026-07-24T11:48:40.327850+08:00
2059,2019-10-18,-2545.0,25517.0,-18996.0,3976.0,162.0,1.0,-3.0,0.0,,2026-07-24T11:48:40.327850+08:00
2059,2019-10-21,-5000.0,-73000.0,-4997.0,-82997.0,160.0,1.0,-2.0,0.0,,2026-07-24T11:48:40.327850+08:00
2059,2019-10-22,-1000.0,-77000.0,-49999.0,-127999.0,160.0,1.0,0.0,0.0,,2026-07-24T11:48:40.327850+08:00
2059,2019-10-23,4000.0,-5000.0,-89000.0,-90000.0,160.0,1.0,0.0,0.0,,2026-07-24T11:48:40.327850+08:00
2059,2019-10-24,4000.0,-29000.0,-63000.0,-88000.0,155.0,1.0,-5.0,0.0,,2026-07-24T11:48:40.327850+08:00
2059,2019-10-25,-3000.0,-44000.0,-1722.0,-48722.0,142.0,1.0,-13.0,0.0,,2026-07-24T11:48:40.327850+08:00
2059,2019-10-26,0.0,-44000.0,0.0,-44000.0,,,,,,2026-07-24T11:48:40.327850+08:00
2059,2019-10-28,1000.0,3000.0,0.0,4000.0,130.0,1.0,,,,2026-07-24T11:48:40.327850+08:00
2059,2019-10-29,0.0,-31000.0,0.0,-31000.0,130.0,1.0,0.0,0.0,,2026-07-24T11:48:40.327850+08:00
2059,2019-10-30,0.0,-50000.0,-20000.0,-70000.0,132.0,1.0,2.0,0.0,,2026-07-24T11:48:40.327850+08:00
2059,2019-10-31,1000.0,53000.0,-2000.0,52000.0,124.0,1.0,-8.0,0.0,,2026-07-24T11:48:40.327850+08:00
2059,2019-11-01,0.0,-37000.0,-8000.0,-45000.0,126.0,1.0,2.0,0.0,,2026-07-24T11:48:40.327850+08:00
2059,2019-11-04,0.0,-76000.0,-45000.0,-121000.0,134.0,1.0,8.0,0.0,,2026-07-24T11:48:40.327850+08:00
2059,2019-11-05,11000.0,-8000.0,-3000.0,0.0,125.0,1.0,-9.0,0.0,,2026-07-24T11:48:40.327850+08:00
2059,2019-11-06,16000.0,-55000.0,-6000.0,-45000.0,218.0,1.0,93.0,0.0,,2026-07-24T11:48:40.327850+08:00
2059,2019-11-07,-24000.0,43503.0,-14000.0,5503.0,163.0,1.0,-55.0,0.0,,2026-07-24T11:48:40.327850+08:00
2059,2019-11-08,33000.0,-1000.0,2000.0,34000.0,190.0,1.0,27.0,0.0,,2026-07-24T11:48:40.327850+08:00
2059,2019-11-11,-14000.0,-19000.0,-23000.0,-56000.0,189.0,1.0,-1.0,0.0,,2026-07-24T11:48:40.327850+08:00
2059,2019-11-12,3000.0,20000.0,0.0,23000.0,195.0,1.0,6.0,0.0,,2026-07-24T11:48:40.327850+08:00
2059,2019-11-13,-6000.0,101400.0,-4000.0,91400.0,198.0,1.0,3.0,0.0,,2026-07-24T11:48:40.327850+08:00
2059,2019-11-14,2000.0,-38000.0,-27000.0,-63000.0,194.0,1.0,-4.0,0.0,,2026-07-24T11:48:40.327850+08:00
2059,2019-11-15,0.0,-25900.0,0.0,-25900.0,204.0,1.0,10.0,0.0,,2026-07-24T11:48:40.327850+08:00
2059,2019-11-18,-4000.0,-39000.0,0.0,-43000.0,192.0,1.0,-12.0,0.0,,2026-07-24T11:48:40.327850+08:00
2059,2019-11-19,-1000.0,6600.0,0.0,5600.0,192.0,1.0,0.0,0.0,,2026-07-24T11:48:40.327850+08:00
2059,2019-11-20,1000.0,-12000.0,-15000.0,-26000.0,191.0,1.0,-1.0,0.0,,2026-07-24T11:48:40.327850+08:00
2059,2019-11-21,-4000.0,4000.0,-19000.0,-19000.0,190.0,1.0,-1.0,0.0,,2026-07-24T11:48:40.327850+08:00
2059,2019-11-22,-6000.0,-49000.0,-10000.0,-65000.0,181.0,0.0,-9.0,-1.0,,2026-07-24T11:48:40.327850+08:00
2059,2019-11-25,-2000.0,-18000.0,0.0,-20000.0,179.0,0.0,-2.0,0.0,,2026-07-24T11:48:40.327850+08:00
2059,2019-11-26,-1000.0,-70000.0,0.0,-71000.0,187.0,0.0,8.0,0.0,,2026-07-24T11:48:40.327850+08:00
2059,2019-11-27,16000.0,3000.0,0.0,19000.0,189.0,0.0,2.0,0.0,,2026-07-24T11:48:40.327850+08:00
2059,2019-11-28,-1000.0,45000.0,0.0,44000.0,183.0,0.0,-6.0,0.0,,2026-07-24T11:48:40.327850+08:00
2059,2019-11-29,-1000.0,-67000.0,-20000.0,-88000.0,170.0,0.0,-13.0,0.0,,2026-07-24T11:48:40.327850+08:00
2059,2019-12-02,-1000.0,-2000.0,0.0,-3000.0,167.0,0.0,-3.0,0.0,,2026-07-24T11:48:40.327850+08:00
2059,2019-12-03,0.0,-66000.0,-3000.0,-69000.0,175.0,0.0,8.0,0.0,,2026-07-24T11:48:40.327850+08:00
2059,2019-12-04,-8000.0,50000.0,-77000.0,-35000.0,171.0,0.0,-4.0,0.0,,2026-07-24T11:48:40.327850+08:00
2059,2019-12-05,0.0,-46000.0,-4000.0,-50000.0,171.0,0.0,0.0,0.0,,2026-07-24T11:48:40.327850+08:00
2059,2019-12-06,0.0,-157000.0,-45000.0,-202000.0,188.0,0.0,17.0,0.0,,2026-07-24T11:48:40.327850+08:00
2059,2019-12-09,2000.0,-45000.0,-76000.0,-119000.0,205.0,0.0,17.0,0.0,,2026-07-24T11:48:40.327850+08:00
2059,2019-12-10,8000.0,20000.0,-17000.0,11000.0,200.0,0.0,-5.0,0.0,,2026-07-24T11:48:40.327850+08:00
2059,2019-12-11,0.0,7000.0,-7000.0,0.0,197.0,0.0,-3.0,0.0,,2026-07-24T11:48:40.327850+08:00
2059,2019-12-12,-1000.0,-56790.0,0.0,-57790.0,198.0,0.0,1.0,0.0,,2026-07-24T11:48:40.327850+08:00
2059,2019-12-13,-12000.0,-168000.0,0.0,-180000.0,220.0,0.0,22.0,0.0,,2026-07-24T11:48:40.327850+08:00
2059,2019-12-16,-27000.0,54000.0,0.0,27000.0,211.0,0.0,-9.0,0.0,,2026-07-24T11:48:40.327850+08:00
2059,2019-12-17,4000.0,56000.0,-8265.0,51735.0,194.0,0.0,-17.0,0.0,,2026-07-24T11:48:40.327850+08:00
2059,2019-12-18,-4000.0,36000.0,-29000.0,3000.0,185.0,0.0,-9.0,0.0,,2026-07-24T11:48:40.327850+08:00
2059,2019-12-19,1000.0,-1000.0,-22000.0,-22000.0,179.0,0.0,-6.0,0.0,,2026-07-24T11:48:40.327850+08:00
2059,2019-12-20,13000.0,-61546.0,0.0,-48546.0,195.0,0.0,16.0,0.0,,2026-07-24T11:48:40.327850+08:00
2059,2019-12-23,10000.0,41250.0,0.0,51250.0,197.0,0.0,2.0,0.0,,2026-07-24T11:48:40.327850+08:00
2059,2019-12-24,-27000.0,-57000.0,-10000.0,-94000.0,260.0,0.0,63.0,0.0,,2026-07-24T11:48:40.327850+08:00
2059,2019-12-25,-18000.0,70000.0,-92000.0,-40000.0,240.0,0.0,-20.0,0.0,,2026-07-24T11:48:40.327850+08:00
2059,2019-12-26,-3000.0,38000.0,0.0,35000.0,217.0,0.0,-23.0,0.0,,2026-07-24T11:48:40.327850+08:00
2059,2019-12-27,3000.0,15000.0,0.0,18000.0,221.0,0.0,4.0,0.0,,2026-07-24T11:48:40.327850+08:00
2059,2019-12-30,-3000.0,-19000.0,0.0,-22000.0,218.0,0.0,-3.0,0.0,,2026-07-24T11:48:40.327850+08:00
2059,2019-12-31,2000.0,52000.0,3000.0,57000.0,207.0,0.0,-11.0,0.0,,2026-07-24T11:48:40.327850+08:00
2059,2020-01-02,15000.0,-202035.0,0.0,-187035.0,227.0,0.0,20.0,0.0,,2026-07-24T11:48:40.327850+08:00
2059,2020-01-03,-1000.0,-27000.0,0.0,-28000.0,220.0,0.0,-7.0,0.0,,2026-07-24T11:48:40.327850+08:00
2059,2020-01-06,-8000.0,-11107.0,-12000.0,-31107.0,215.0,0.0,-5.0,0.0,,2026-07-24T11:48:40.327850+08:00
2059,2020-01-07,35000.0,-36000.0,-11000.0,-12000.0,223.0,0.0,8.0,0.0,,2026-07-24T11:48:40.327850+08:00
2059,2020-01-08,-1000.0,88000.0,0.0,87000.0,211.0,0.0,-12.0,0.0,,2026-07-24T11:48:40.327850+08:00
2059,2020-01-09,1000.0,13000.0,0.0,14000.0,196.0,0.0,-15.0,0.0,,2026-07-24T11:48:40.327850+08:00
2059,2020-01-10,-1000.0,28000.0,0.0,27000.0,195.0,0.0,-1.0,0.0,,2026-07-24T11:48:40.327850+08:00
2059,2020-01-13,0.0,21000.0,0.0,21000.0,192.0,0.0,-3.0,0.0,,2026-07-24T11:48:40.327850+08:00
2059,2020-01-14,-1000.0,48000.0,0.0,47000.0,193.0,0.0,1.0,0.0,,2026-07-24T11:48:40.327850+08:00
2059,2020-01-15,5000.0,45000.0,0.0,50000.0,203.0,0.0,10.0,0.0,,2026-07-24T11:48:40.327850+08:00
2059,2020-01-16,-2000.0,-31000.0,0.0,-33000.0,221.0,0.0,18.0,0.0,,2026-07-24T11:48:40.327850+08:00
2059,2020-01-17,3000.0,-37000.0,0.0,-34000.0,246.0,0.0,25.0,0.0,,2026-07-24T11:48:40.327850+08:00
2059,2020-01-20,-2000.0,169000.0,0.0,167000.0,204.0,0.0,-42.0,0.0,,2026-07-24T11:48:40.327850+08:00
2059,2020-01-30,-1000.0,14200.0,0.0,13200.0,212.0,0.0,8.0,0.0,,2026-07-24T11:48:40.327850+08:00
2059,2020-01-31,-3000.0,14000.0,0.0,11000.0,213.0,0.0,1.0,0.0,,2026-07-24T11:48:40.327850+08:00
2059,2020-02-03,-11000.0,121000.0,0.0,110000.0,186.0,0.0,-27.0,0.0,,2026-07-24T11:48:40.327850+08:00
2059,2020-02-04,1000.0,116000.0,0.0,117000.0,182.0,0.0,-4.0,0.0,,2026-07-24T11:48:40.327850+08:00
2059,2020-02-05,-16000.0,28000.0,0.0,12000.0,184.0,0.0,2.0,0.0,,2026-07-24T11:48:40.327850+08:00
2059,2020-02-06,12000.0,95000.0,0.0,107000.0,226.0,1.0,42.0,1.0,,2026-07-24T11:48:40.327850+08:00
2059,2020-02-07,10000.0,44000.0,0.0,54000.0,223.0,1.0,-3.0,0.0,,2026-07-24T11:48:40.327850+08:00
2059,2020-02-10,10000.0,-73500.0,0.0,-63500.0,214.0,1.0,-9.0,0.0,,2026-07-24T11:48:40.327850+08:00
2059,2020-02-11,1000.0,-55000.0,0.0,-54000.0,244.0,1.0,30.0,0.0,,2026-07-24T11:48:40.327850+08:00
2059,2020-02-12,2000.0,-23000.0,0.0,-21000.0,248.0,1.0,4.0,0.0,,2026-07-24T11:48:40.327850+08:00
2059,2020-02-13,2000.0,-69000.0,-14000.0,-81000.0,306.0,1.0,58.0,0.0,,2026-07-24T11:48:40.327850+08:00
2059,2020-02-14,1000.0,-21000.0,0.0,-20000.0,316.0,2.0,10.0,1.0,,2026-07-24T11:48:40.327850+08:00
2059,2020-02-17,-1000.0,-17000.0,0.0,-18000.0,300.0,2.0,-16.0,0.0,,2026-07-24T11:48:40.327850+08:00
2059,2020-02-18,0.0,31000.0,0.0,31000.0,291.0,2.0,-9.0,0.0,,2026-07-24T11:48:40.327850+08:00
2059,2020-02-19,-2000.0,-2000.0,0.0,-4000.0,325.0,2.0,34.0,0.0,,2026-07-24T11:48:40.327850+08:00
2059,2020-02-20,-11000.0,-58001.0,-88000.0,-157001.0,341.0,0.0,16.0,-2.0,,2026-07-24T11:48:40.327850+08:00
2059,2020-02-21,0.0,49000.0,0.0,49000.0,339.0,0.0,-2.0,0.0,,2026-07-24T11:48:40.327850+08:00
2059,2020-02-24,3000.0,-48000.0,0.0,-45000.0,311.0,0.0,-28.0,0.0,,2026-07-24T11:48:40.327850+08:00
2059,2020-02-25,7000.0,-95000.0,0.0,-88000.0,316.0,0.0,5.0,0.0,,2026-07-24T11:48:40.327850+08:00
2059,2020-02-26,3000.0,-108000.0,0.0,-105000.0,260.0,0.0,-56.0,0.0,,2026-07-24T11:48:40.327850+08:00
2059,2020-02-27,11000.0,-26000.0,56000.0,41000.0,246.0,2.0,-14.0,2.0,,2026-07-24T11:48:40.327850+08:00
2059,2020-03-02,9000.0,-97000.0,6000.0,-82000.0,245.0,2.0,-1.0,0.0,,2026-07-24T11:48:40.327850+08:00
2059,2020-03-03,-4000.0,-87000.0,4000.0,-87000.0,250.0,2.0,5.0,0.0,,2026-07-24T11:48:40.327850+08:00
2059,2020-03-04,-13000.0,-6000.0,36000.0,17000.0,239.0,3.0,-11.0,1.0,,2026-07-24T11:48:40.327850+08:00
2059,2020-03-05,0.0,-21000.0,22000.0,1000.0,236.0,3.0,-3.0,0.0,,2026-07-24T11:48:40.327850+08:00
2059,2020-03-06,-1000.0,-64000.0,31000.0,-34000.0,217.0,2.0,-19.0,-1.0,,2026-07-24T11:48:40.327850+08:00
2059,2020-03-09,-2000.0,-161000.0,0.0,-163000.0,215.0,3.0,-2.0,1.0,,2026-07-24T11:48:40.327850+08:00
2059,2020-03-10,0.0,105000.0,10000.0,115000.0,207.0,3.0,-8.0,0.0,,2026-07-24T11:48:40.327850+08:00
2059,2020-03-11,-4000.0,-43000.0,8000.0,-39000.0,222.0,3.0,15.0,0.0,,2026-07-24T11:48:40.327850+08:00
2059,2020-03-12,-8000.0,-91000.0,0.0,-99000.0,208.0,2.0,-14.0,-1.0,,2026-07-24T11:48:40.327850+08:00
2059,2020-03-13,12000.0,-100000.0,0.0,-88000.0,191.0,1.0,-17.0,-1.0,,2026-07-24T11:48:40.327850+08:00
2059,2020-03-16,-6000.0,-122000.0,5000.0,-123000.0,187.0,1.0,-4.0,0.0,,2026-07-24T11:48:40.327850+08:00
2059,2020-03-17,-5000.0,-145000.0,0.0,-150000.0,124.0,1.0,-63.0,0.0,,2026-07-24T11:48:40.327850+08:00
2059,2020-03-18,-6000.0,-92000.0,15000.0,-83000.0,116.0,1.0,-8.0,0.0,,2026-07-24T11:48:40.327850+08:00
2059,2020-03-19,-2000.0,-158000.0,3000.0,-157000.0,121.0,1.0,5.0,0.0,,2026-07-24T11:48:40.327850+08:00
2059,2020-03-20,-5000.0,-115000.0,-1427.0,-121427.0,147.0,1.0,26.0,0.0,,2026-07-24T11:48:40.327850+08:00
2059,2020-03-23,-2000.0,-62000.0,0.0,-64000.0,143.0,1.0,-4.0,0.0,,2026-07-24T11:48:40.327850+08:00
2059,2020-03-24,-2000.0,-48000.0,-20000.0,-70000.0,147.0,1.0,4.0,0.0,,2026-07-24T11:48:40.327850+08:00
2059,2020-03-25,0.0,-69000.0,10000.0,-59000.0,168.0,1.0,21.0,0.0,,2026-07-24T11:48:40.327850+08:00
2059,2020-03-26,-1000.0,-134000.0,-34133.0,-169133.0,191.0,1.0,23.0,0.0,,2026-07-24T11:48:40.327850+08:00
2059,2020-03-27,-4000.0,-21000.0,-29000.0,-54000.0,207.0,1.0,16.0,0.0,,2026-07-24T11:48:40.327850+08:00
2059,2020-03-30,-4000.0,-11000.0,-41000.0,-56000.0,193.0,2.0,-14.0,1.0,,2026-07-24T11:48:40.327850+08:00
2059,2020-03-31,-8000.0,-69000.0,0.0,-77000.0,197.0,2.0,4.0,0.0,,2026-07-24T11:48:40.327850+08:00
2059,2020-04-01,1000.0,19000.0,-51000.0,-31000.0,181.0,1.0,-16.0,-1.0,,2026-07-24T11:48:40.327850+08:00
2059,2020-04-06,-2000.0,-4000.0,-4000.0,-10000.0,179.0,1.0,-2.0,0.0,,2026-07-24T11:48:40.327850+08:00
2059,2020-04-07,-2000.0,-79000.0,-10000.0,-91000.0,200.0,0.0,21.0,-1.0,,2026-07-24T11:48:40.327850+08:00
2059,2020-04-08,-5000.0,-94000.0,0.0,-99000.0,249.0,0.0,49.0,0.0,,2026-07-24T11:48:40.327850+08:00
2059,2020-04-09,7000.0,-105000.0,0.0,-98000.0,262.0,0.0,13.0,0.0,,2026-07-24T11:48:40.327850+08:00
2059,2020-04-10,1000.0,-94000.0,0.0,-93000.0,265.0,0.0,3.0,0.0,,2026-07-24T11:48:40.327850+08:00
2059,2020-04-13,5000.0,121000.0,-657.0,125343.0,223.0,0.0,-42.0,0.0,,2026-07-24T11:48:40.327850+08:00
2059,2020-04-14,9000.0,-224000.0,0.0,-215000.0,272.0,0.0,49.0,0.0,,2026-07-24T11:48:40.327850+08:00
2059,2020-04-15,-11000.0,-40000.0,11000.0,-40000.0,280.0,0.0,8.0,0.0,,2026-07-24T11:48:40.327850+08:00
2059,2020-04-16,-5000.0,-72000.0,0.0,-77000.0,293.0,0.0,13.0,0.0,,2026-07-24T11:48:40.327850+08:00
2059,2020-04-17,-7000.0,-206919.0,0.0,-213919.0,308.0,1.0,15.0,1.0,,2026-07-24T11:48:40.327850+08:00
2059,2020-04-20,-4000.0,-82000.0,0.0,-86000.0,326.0,1.0,18.0,0.0,,2026-07-24T11:48:40.327850+08:00
2059,2020-04-21,-1000.0,-36000.0,0.0,-37000.0,356.0,1.0,30.0,0.0,,2026-07-24T11:48:40.327850+08:00
2059,2020-04-22,8000.0,67000.0,0.0,75000.0,324.0,0.0,-32.0,-1.0,,2026-07-24T11:48:40.327850+08:00
2059,2020-04-23,0.0,-21000.0,0.0,-21000.0,308.0,0.0,-16.0,0.0,,2026-07-24T11:48:40.327850+08:00
2059,2020-04-24,6000.0,-177000.0,0.0,-171000.0,322.0,0.0,14.0,0.0,,2026-07-24T11:48:40.327850+08:00
2059,2020-04-27,20000.0,-114000.0,-61000.0,-155000.0,345.0,0.0,23.0,0.0,,2026-07-24T11:48:40.327850+08:00
2059,2020-04-28,7000.0,414000.0,35000.0,456000.0,284.0,0.0,-61.0,0.0,,2026-07-24T11:48:40.327850+08:00
2059,2020-04-29,-7000.0,-114000.0,10000.0,-111000.0,295.0,0.0,11.0,0.0,,2026-07-24T11:48:40.327850+08:00
2059,2020-04-30,-3000.0,-160000.0,2000.0,-161000.0,303.0,0.0,8.0,0.0,,2026-07-24T11:48:40.327850+08:00
2059,2020-05-04,0.0,19375.0,0.0,19375.0,295.0,0.0,-8.0,0.0,,2026-07-24T11:48:40.327850+08:00
2059,2020-05-05,0.0,-3892.0,0.0,-3892.0,289.0,0.0,-6.0,0.0,,2026-07-24T11:48:40.327850+08:00
2059,2020-05-06,-4000.0,10000.0,0.0,6000.0,271.0,0.0,-18.0,0.0,,2026-07-24T11:48:40.327850+08:00
2059,2020-05-07,11000.0,-167000.0,0.0,-156000.0,292.0,0.0,21.0,0.0,,2026-07-24T11:48:40.327850+08:00
2059,2020-05-08,12000.0,-259000.0,0.0,-247000.0,348.0,0.0,56.0,0.0,,2026-07-24T11:48:40.327850+08:00
2059,2020-05-11,0.0,-151000.0,0.0,-151000.0,342.0,0.0,-6.0,0.0,,2026-07-24T11:48:40.327850+08:00
2059,2020-05-12,-12000.0,-88589.0,0.0,-100589.0,360.0,0.0,18.0,0.0,,2026-07-24T11:48:40.327850+08:00
2059,2020-05-13,-7000.0,-36000.0,0.0,-43000.0,365.0,0.0,5.0,0.0,,2026-07-24T11:48:40.327850+08:00
2059,2020-05-14,7000.0,-121000.0,0.0,-114000.0,367.0,0.0,2.0,0.0,,2026-07-24T11:48:40.327850+08:00
2059,2020-05-15,-34000.0,-230000.0,0.0,-264000.0,400.0,0.0,33.0,0.0,,2026-07-24T11:48:40.327850+08:00
2059,2020-05-18,4000.0,194000.0,0.0,198000.0,362.0,1.0,-38.0,1.0,,2026-07-24T11:48:40.327850+08:00
2059,2020-05-19,1000.0,55000.0,0.0,56000.0,321.0,1.0,-41.0,0.0,,2026-07-24T11:48:40.327850+08:00
2059,2020-05-20,-2000.0,-35000.0,0.0,-37000.0,396.0,0.0,75.0,-1.0,,2026-07-24T11:48:40.327850+08:00
2059,2020-05-21,7000.0,-130000.0,0.0,-123000.0,413.0,0.0,17.0,0.0,,2026-07-24T11:48:40.327850+08:00
2059,2020-05-22,3000.0,-79000.0,0.0,-76000.0,413.0,0.0,0.0,0.0,,2026-07-24T11:48:40.327850+08:00
2059,2020-05-25,6000.0,7000.0,20000.0,33000.0,404.0,0.0,-9.0,0.0,,2026-07-24T11:48:40.327850+08:00
2059,2020-05-26,8000.0,52000.0,0.0,60000.0,416.0,0.0,12.0,0.0,,2026-07-24T11:48:40.327850+08:00
2059,2020-05-27,1000.0,29000.0,0.0,30000.0,416.0,0.0,0.0,0.0,,2026-07-24T11:48:40.327850+08:00
2059,2020-05-28,0.0,30000.0,0.0,30000.0,401.0,0.0,-15.0,0.0,,2026-07-24T11:48:40.327850+08:00
2059,2020-05-29,8000.0,-83000.0,0.0,-75000.0,402.0,0.0,1.0,0.0,,2026-07-24T11:48:40.327850+08:00
2059,2020-06-01,2000.0,40000.0,0.0,42000.0,390.0,0.0,-12.0,0.0,,2026-07-24T11:48:40.327850+08:00
2059,2020-06-02,0.0,-28000.0,0.0,-28000.0,377.0,0.0,-13.0,0.0,,2026-07-24T11:48:40.327850+08:00
2059,2020-06-03,10000.0,153000.0,0.0,163000.0,448.0,0.0,71.0,0.0,,2026-07-24T11:48:40.327850+08:00
2059,2020-06-04,3000.0,-56969.0,0.0,-53969.0,517.0,0.0,69.0,0.0,,2026-07-24T11:48:40.327850+08:00
2059,2020-06-05,0.0,12000.0,0.0,12000.0,523.0,0.0,6.0,0.0,,2026-07-24T11:48:40.327850+08:00
2059,2020-06-08,3000.0,-2000.0,0.0,1000.0,525.0,0.0,2.0,0.0,,2026-07-24T11:48:40.327850+08:00
2059,2020-06-09,0.0,-15000.0,0.0,-15000.0,516.0,0.0,-9.0,0.0,,2026-07-24T11:48:40.327850+08:00
2059,2020-06-10,-1000.0,47000.0,-20000.0,26000.0,506.0,0.0,-10.0,0.0,,2026-07-24T11:48:40.327850+08:00
2059,2020-06-11,-13000.0,58000.0,-20000.0,25000.0,470.0,0.0,-36.0,0.0,,2026-07-24T11:48:40.327850+08:00
2059,2020-06-12,-4000.0,-10000.0,-35000.0,-49000.0,470.0,0.0,0.0,0.0,,2026-07-24T11:48:40.327850+08:00
2059,2020-06-15,0.0,-15000.0,6000.0,-9000.0,473.0,0.0,3.0,0.0,,2026-07-24T11:48:40.327850+08:00
2059,2020-06-16,0.0,18000.0,11000.0,29000.0,469.0,0.0,-4.0,0.0,,2026-07-24T11:48:40.327850+08:00
2059,2020-06-17,-6000.0,-22000.0,0.0,-28000.0,459.0,0.0,-10.0,0.0,,2026-07-24T11:48:40.327850+08:00
2059,2020-06-18,2000.0,1000.0,0.0,3000.0,448.0,0.0,-11.0,0.0,,2026-07-24T11:48:40.327850+08:00
2059,2020-06-19,15000.0,-49289.0,-13000.0,-47289.0,416.0,0.0,-32.0,0.0,,2026-07-24T11:48:40.327850+08:00
2059,2020-06-22,0.0,78000.0,0.0,78000.0,408.0,0.0,-8.0,0.0,,2026-07-24T11:48:40.327850+08:00
2059,2020-06-23,-4000.0,-39000.0,0.0,-43000.0,413.0,0.0,5.0,0.0,,2026-07-24T11:48:40.327850+08:00
2059,2020-06-24,-1000.0,-16000.0,0.0,-17000.0,414.0,0.0,1.0,0.0,,2026-07-24T11:48:40.327850+08:00
2059,2020-06-29,-6000.0,-3000.0,-2000.0,-11000.0,419.0,0.0,5.0,0.0,,2026-07-24T11:48:40.327850+08:00
2059,2020-06-30,0.0,-14000.0,0.0,-14000.0,432.0,0.0,13.0,0.0,,2026-07-24T11:48:40.327850+08:00
2059,2020-07-01,-7000.0,17000.0,0.0,10000.0,412.0,0.0,-20.0,0.0,,2026-07-24T11:48:40.327850+08:00
2059,2020-07-02,-1000.0,-131000.0,0.0,-132000.0,438.0,0.0,26.0,0.0,,2026-07-24T11:48:40.327850+08:00
2059,2020-07-03,0.0,66000.0,36000.0,102000.0,401.0,0.0,-37.0,0.0,,2026-07-24T11:48:40.327850+08:00
2059,2020-07-06,4000.0,-8000.0,0.0,-4000.0,408.0,0.0,7.0,0.0,,2026-07-24T11:48:40.327850+08:00
2059,2020-07-07,2000.0,-82000.0,-2000.0,-82000.0,365.0,0.0,-43.0,0.0,,2026-07-24T11:48:40.327850+08:00
2059,2020-07-08,4000.0,-25000.0,-1000.0,-22000.0,381.0,0.0,16.0,0.0,,2026-07-24T11:48:40.327850+08:00
2059,2020-07-09,0.0,-54000.0,0.0,-54000.0,367.0,0.0,-14.0,0.0,,2026-07-24T11:48:40.327850+08:00
2059,2020-07-10,-2000.0,-122000.0,-1000.0,-125000.0,373.0,0.0,6.0,0.0,,2026-07-24T11:48:40.327850+08:00
2059,2020-07-13,-1000.0,-119000.0,-1000.0,-121000.0,359.0,0.0,-14.0,0.0,,2026-07-24T11:48:40.327850+08:00
2059,2020-07-14,0.0,32000.0,-1000.0,31000.0,350.0,1.0,-9.0,1.0,,2026-07-24T11:48:40.327850+08:00
2059,2020-07-15,8000.0,135000.0,-1000.0,142000.0,330.0,1.0,-20.0,0.0,,2026-07-24T11:48:40.327850+08:00
2059,2020-07-16,-8000.0,33000.0,0.0,25000.0,327.0,1.0,-3.0,0.0,,2026-07-24T11:48:40.327850+08:00
2059,2020-07-17,0.0,8000.0,0.0,8000.0,311.0,1.0,-16.0,0.0,,2026-07-24T11:48:40.327850+08:00
2059,2020-07-20,5000.0,203000.0,0.0,208000.0,356.0,0.0,45.0,-1.0,,2026-07-24T11:48:40.327850+08:00
2059,2020-07-21,1000.0,13000.0,-1000.0,13000.0,316.0,0.0,-40.0,0.0,,2026-07-24T11:48:40.327850+08:00
2059,2020-07-22,-3000.0,28000.0,-2000.0,23000.0,310.0,0.0,-6.0,0.0,,2026-07-24T11:48:40.327850+08:00
2059,2020-07-23,0.0,49000.0,0.0,49000.0,298.0,0.0,-12.0,0.0,,2026-07-24T11:48:40.327850+08:00
2059,2020-07-24,-2000.0,-13000.0,-1000.0,-16000.0,297.0,0.0,-1.0,0.0,,2026-07-24T11:48:40.327850+08:00
2059,2020-07-27,1000.0,-52000.0,-1000.0,-52000.0,290.0,0.0,-7.0,0.0,,2026-07-24T11:48:40.327850+08:00
2059,2020-07-28,-3000.0,-12000.0,-2000.0,-17000.0,293.0,0.0,3.0,0.0,,2026-07-24T11:48:40.327850+08:00
2059,2020-07-29,-11000.0,-39000.0,-1000.0,-51000.0,295.0,0.0,2.0,0.0,,2026-07-24T11:48:40.327850+08:00
2059,2020-07-30,-1000.0,-2000.0,0.0,-3000.0,296.0,0.0,1.0,0.0,,2026-07-24T11:48:40.327850+08:00
2059,2020-07-31,0.0,-46000.0,-1000.0,-47000.0,297.0,0.0,1.0,0.0,,2026-07-24T11:48:40.327850+08:00
2059,2020-08-03,3000.0,-2000.0,-1000.0,0.0,296.0,0.0,-1.0,0.0,,2026-07-24T11:48:40.327850+08:00
2059,2020-08-04,-1000.0,-14000.0,0.0,-15000.0,294.0,0.0,-2.0,0.0,,2026-07-24T11:48:40.327850+08:00
2059,2020-08-05,6000.0,1000.0,0.0,7000.0,295.0,0.0,1.0,0.0,,2026-07-24T11:48:40.327850+08:00
2059,2020-08-06,1000.0,16000.0,0.0,17000.0,324.0,0.0,29.0,0.0,,2026-07-24T11:48:40.327850+08:00
2059,2020-08-07,4000.0,-20333.0,-13000.0,-29333.0,321.0,0.0,-3.0,0.0,,2026-07-24T11:48:40.327850+08:00
2059,2020-08-10,-16000.0,-192000.0,-13000.0,-221000.0,329.0,0.0,8.0,0.0,,2026-07-24T11:48:40.327850+08:00
2059,2020-08-11,2000.0,-26000.0,-13000.0,-37000.0,330.0,0.0,1.0,0.0,,2026-07-24T11:48:40.327850+08:00
2059,2020-08-12,0.0,-258000.0,-11000.0,-269000.0,314.0,0.0,-16.0,0.0,,2026-07-24T11:48:40.327850+08:00
2059,2020-08-13,16000.0,-145813.0,-28000.0,-157813.0,314.0,0.0,0.0,0.0,,2026-07-24T11:48:40.327850+08:00
2059,2020-08-14,2000.0,-229000.0,0.0,-227000.0,312.0,0.0,-2.0,0.0,,2026-07-24T11:48:40.327850+08:00
2059,2020-08-17,2000.0,-210000.0,-1000.0,-209000.0,316.0,0.0,4.0,0.0,,2026-07-24T11:48:40.327850+08:00
2059,2020-08-18,0.0,-47000.0,-16000.0,-63000.0,309.0,0.0,-7.0,0.0,,2026-07-24T11:48:40.327850+08:00
2059,2020-08-19,-14000.0,-17000.0,0.0,-31000.0,305.0,0.0,-4.0,0.0,,2026-07-24T11:48:40.327850+08:00
2059,2020-08-20,-2000.0,-181000.0,0.0,-183000.0,304.0,0.0,-1.0,0.0,,2026-07-24T11:48:40.327850+08:00
2059,2020-08-21,1000.0,-159000.0,0.0,-158000.0,314.0,0.0,10.0,0.0,,2026-07-24T11:48:40.327850+08:00
2059,2020-08-24,-6000.0,-162000.0,296.0,-167704.0,324.0,0.0,10.0,0.0,,2026-07-24T11:48:40.327850+08:00
2059,2020-08-25,1000.0,-128000.0,0.0,-127000.0,325.0,0.0,1.0,0.0,,2026-07-24T11:48:40.327850+08:00
2059,2020-08-26,20000.0,-129000.0,0.0,-109000.0,324.0,0.0,-1.0,0.0,,2026-07-24T11:48:40.327850+08:00
2059,2020-08-27,-9000.0,-241000.0,0.0,-250000.0,341.0,0.0,17.0,0.0,,2026-07-24T11:48:40.327850+08:00
2059,2020-08-28,19000.0,-92000.0,-25000.0,-98000.0,337.0,5.0,-4.0,5.0,,2026-07-24T11:48:40.327850+08:00
2059,2020-08-31,0.0,-133961.0,0.0,-133961.0,338.0,5.0,1.0,0.0,,2026-07-24T11:48:40.327850+08:00
2059,2020-09-01,-20000.0,-31000.0,0.0,-51000.0,348.0,5.0,10.0,0.0,,2026-07-24T11:48:40.327850+08:00
2059,2020-09-02,2000.0,-29000.0,0.0,-27000.0,347.0,5.0,-1.0,0.0,,2026-07-24T11:48:40.327850+08:00
2059,2020-09-03,2000.0,-72000.0,-2000.0,-72000.0,349.0,5.0,2.0,0.0,,2026-07-24T11:48:40.327850+08:00
2059,2020-09-04,1000.0,-164000.0,0.0,-163000.0,359.0,6.0,10.0,1.0,,2026-07-24T11:48:40.327850+08:00
2059,2020-09-07,0.0,-55000.0,0.0,-55000.0,373.0,6.0,14.0,0.0,,2026-07-24T11:48:40.327850+08:00
2059,2020-09-08,0.0,-61000.0,0.0,-61000.0,395.0,6.0,22.0,0.0,,2026-07-24T11:48:40.327850+08:00
2059,2020-09-09,-1000.0,-43333.0,0.0,-44333.0,402.0,6.0,7.0,0.0,,2026-07-24T11:48:40.327850+08:00
2059,2020-09-10,1000.0,-51000.0,0.0,-50000.0,400.0,9.0,-2.0,3.0,,2026-07-24T11:48:40.327850+08:00
2059,2020-09-11,-2000.0,-24000.0,0.0,-26000.0,401.0,9.0,1.0,0.0,,2026-07-24T11:48:40.327850+08:00
2059,2020-09-14,2000.0,-15000.0,0.0,-13000.0,411.0,9.0,10.0,0.0,,2026-07-24T11:48:40.327850+08:00
2059,2020-09-15,2000.0,6000.0,-230.0,7770.0,408.0,9.0,-3.0,0.0,,2026-07-24T11:48:40.327850+08:00
2059,2020-09-16,0.0,-58000.0,0.0,-58000.0,414.0,7.0,6.0,-2.0,,2026-07-24T11:48:40.327850+08:00
2059,2020-09-17,-3000.0,-124000.0,-18821.0,-145821.0,416.0,7.0,2.0,0.0,,2026-07-24T11:48:40.327850+08:00
2059,2020-09-18,-5000.0,-85772.0,-19000.0,-109772.0,426.0,4.0,10.0,-3.0,,2026-07-24T11:48:40.327850+08:00
2059,2020-09-21,-2000.0,-55000.0,221.0,-56779.0,432.0,4.0,6.0,0.0,,2026-07-24T11:48:40.327850+08:00
2059,2020-09-22,-1000.0,-43000.0,-1000.0,-45000.0,399.0,4.0,-33.0,0.0,,2026-07-24T11:48:40.327850+08:00
2059,2020-09-23,-10000.0,-66000.0,-226.0,-76226.0,364.0,4.0,-35.0,0.0,,2026-07-24T11:48:40.327850+08:00
2059,2020-09-24,-12000.0,-186000.0,0.0,-198000.0,392.0,4.0,28.0,0.0,,2026-07-24T11:48:40.327850+08:00
2059,2020-09-25,-12000.0,-58000.0,0.0,-70000.0,405.0,4.0,13.0,0.0,,2026-07-24T11:48:40.327850+08:00
2059,2020-09-28,-1000.0,-175000.0,0.0,-176000.0,431.0,4.0,26.0,0.0,,2026-07-24T11:48:40.327850+08:00
2059,2020-09-29,-1000.0,-45334.0,0.0,-46334.0,429.0,4.0,-2.0,0.0,,2026-07-24T11:48:40.327850+08:00
2059,2020-09-30,9000.0,-154000.0,0.0,-145000.0,433.0,4.0,4.0,0.0,,2026-07-24T11:48:40.327850+08:00
2059,2020-10-05,-7000.0,-46000.0,0.0,-53000.0,426.0,4.0,-7.0,0.0,,2026-07-24T11:48:40.327850+08:00
2059,2020-10-06,0.0,-66000.0,0.0,-66000.0,435.0,4.0,9.0,0.0,,2026-07-24T11:48:40.327850+08:00
2059,2020-10-07,1000.0,-74000.0,0.0,-73000.0,442.0,4.0,7.0,0.0,,2026-07-24T11:48:40.327850+08:00
2059,2020-10-08,0.0,-42000.0,0.0,-42000.0,451.0,0.0,9.0,-4.0,,2026-07-24T11:48:40.327850+08:00
2059,2020-10-12,0.0,-66000.0,0.0,-66000.0,447.0,2.0,-4.0,2.0,,2026-07-24T11:48:40.327850+08:00
2059,2020-10-13,-5000.0,-30181.0,0.0,-35181.0,446.0,2.0,-1.0,0.0,,2026-07-24T11:48:40.327850+08:00
2059,2020-10-14,1000.0,63000.0,0.0,64000.0,432.0,10.0,-14.0,8.0,,2026-07-24T11:48:40.327850+08:00
2059,2020-10-15,-4000.0,13000.0,0.0,9000.0,428.0,15.0,-4.0,5.0,,2026-07-24T11:48:40.327850+08:00
2059,2020-10-16,1000.0,30000.0,0.0,31000.0,429.0,15.0,1.0,0.0,,2026-07-24T11:48:40.327850+08:00
2059,2020-10-19,5000.0,-60000.0,0.0,-55000.0,436.0,15.0,7.0,0.0,,2026-07-24T11:48:40.327850+08:00
2059,2020-10-20,15000.0,7000.0,0.0,22000.0,472.0,15.0,36.0,0.0,,2026-07-24T11:48:40.327850+08:00
2059,2020-10-21,-4000.0,0.0,0.0,-4000.0,463.0,15.0,-9.0,0.0,,2026-07-24T11:48:40.327850+08:00
2059,2020-10-22,-3000.0,-144000.0,0.0,-147000.0,480.0,13.0,17.0,-2.0,,2026-07-24T11:48:40.327850+08:00
2059,2020-10-23,-1000.0,-34878.0,0.0,-35878.0,477.0,13.0,-3.0,0.0,,2026-07-24T11:48:40.327850+08:00
2059,2020-10-26,0.0,-20000.0,0.0,-20000.0,520.0,13.0,43.0,0.0,,2026-07-24T11:48:40.327850+08:00
2059,2020-10-27,4000.0,15000.0,0.0,19000.0,519.0,14.0,-1.0,1.0,,2026-07-24T11:48:40.327850+08:00
2059,2020-10-28,-8000.0,-18000.0,0.0,-26000.0,516.0,13.0,-3.0,-1.0,,2026-07-24T11:48:40.327850+08:00
2059,2020-10-29,-8.0,2000.0,0.0,1992.0,522.0,13.0,6.0,0.0,,2026-07-24T11:48:40.327850+08:00
2059,2020-10-30,-7030.0,-16000.0,0.0,-23030.0,521.0,13.0,-1.0,0.0,,2026-07-24T11:48:40.327850+08:00
2059,2020-11-02,-2220.0,-27000.0,0.0,-29220.0,522.0,24.0,1.0,11.0,,2026-07-24T11:48:40.327850+08:00
2059,2020-11-03,-2000.0,11000.0,0.0,9000.0,510.0,25.0,-12.0,1.0,,2026-07-24T11:48:40.327850+08:00
2059,2020-11-04,-8010.0,106644.0,0.0,98634.0,498.0,24.0,-12.0,-1.0,,2026-07-24T11:48:40.327850+08:00
2059,2020-11-05,0.0,20000.0,0.0,20000.0,498.0,24.0,0.0,0.0,,2026-07-24T11:48:40.327850+08:00
2059,2020-11-06,-3921.0,157000.0,0.0,153079.0,496.0,26.0,-2.0,2.0,,2026-07-24T11:48:40.327850+08:00
2059,2020-11-09,3611.0,-62000.0,0.0,-58389.0,502.0,22.0,6.0,-4.0,,2026-07-24T11:48:40.327850+08:00
2059,2020-11-10,-99.0,-43000.0,0.0,-43099.0,504.0,15.0,2.0,-7.0,,2026-07-24T11:48:40.327850+08:00
2059,2020-11-11,7752.0,-62000.0,0.0,-54248.0,507.0,17.0,3.0,2.0,,2026-07-24T11:48:40.327850+08:00
2059,2020-11-12,-2049.0,-153000.0,0.0,-155049.0,507.0,16.0,0.0,-1.0,,2026-07-24T11:48:40.327850+08:00
2059,2020-11-13,-4.0,-63000.0,0.0,-63004.0,504.0,16.0,-3.0,0.0,,2026-07-24T11:48:40.327850+08:00
2059,2020-11-16,0.0,5000.0,0.0,5000.0,567.0,18.0,63.0,2.0,,2026-07-24T11:48:40.327850+08:00
2059,2020-11-17,-1172.0,-51000.0,0.0,-52172.0,579.0,16.0,12.0,-2.0,,2026-07-24T11:48:40.327850+08:00
2059,2020-11-18,15000.0,-94000.0,0.0,-79000.0,582.0,16.0,3.0,0.0,,2026-07-24T11:48:40.327850+08:00
2059,2020-11-19,-198.0,-118000.0,0.0,-118198.0,588.0,16.0,6.0,0.0,,2026-07-24T11:48:40.327850+08:00
2059,2020-11-20,4000.0,-85847.0,0.0,-81847.0,592.0,14.0,4.0,-2.0,,2026-07-24T11:48:40.327850+08:00
2059,2020-11-23,1796.0,46000.0,1000.0,48796.0,605.0,14.0,13.0,0.0,,2026-07-24T11:48:40.327850+08:00
2059,2020-11-24,714.0,-66000.0,0.0,-65286.0,621.0,14.0,16.0,0.0,,2026-07-24T11:48:40.327850+08:00
2059,2020-11-25,8000.0,-16000.0,0.0,-8000.0,623.0,14.0,2.0,0.0,,2026-07-24T11:48:40.327850+08:00
2059,2020-11-26,0.0,15000.0,0.0,15000.0,628.0,22.0,5.0,8.0,,2026-07-24T11:48:40.327850+08:00
2059,2020-11-27,26996.0,41000.0,0.0,67996.0,627.0,24.0,-1.0,2.0,,2026-07-24T11:48:40.327850+08:00
2059,2020-11-30,1998.0,-34000.0,0.0,-32002.0,642.0,24.0,15.0,0.0,,2026-07-24T11:48:40.327850+08:00
2059,2020-12-01,2000.0,-2000.0,0.0,0.0,637.0,24.0,-5.0,0.0,,2026-07-24T11:48:40.327850+08:00
2059,2020-12-02,28000.0,31000.0,0.0,59000.0,626.0,24.0,-11.0,0.0,,2026-07-24T11:48:40.327850+08:00
2059,2020-12-03,18000.0,-44000.0,0.0,-26000.0,629.0,24.0,3.0,0.0,,2026-07-24T11:48:40.327850+08:00
2059,2020-12-04,7000.0,8000.0,0.0,15000.0,621.0,24.0,-8.0,0.0,,2026-07-24T11:48:40.327850+08:00
2059,2020-12-07,3000.0,11000.0,0.0,14000.0,620.0,26.0,-1.0,2.0,,2026-07-24T11:48:40.327850+08:00
2059,2020-12-08,8000.0,-7800.0,0.0,200.0,604.0,26.0,-16.0,0.0,,2026-07-24T11:48:40.327850+08:00
2059,2020-12-09,0.0,-30000.0,0.0,-30000.0,609.0,28.0,5.0,2.0,,2026-07-24T11:48:40.327850+08:00
2059,2020-12-10,-2869.0,57000.0,0.0,54131.0,604.0,28.0,-5.0,0.0,,2026-07-24T11:48:40.327850+08:00
2059,2020-12-11,12000.0,-98000.0,0.0,-86000.0,612.0,24.0,8.0,-4.0,,2026-07-24T11:48:40.327850+08:00
2059,2020-12-14,-5080.0,59000.0,0.0,53920.0,596.0,24.0,-16.0,0.0,,2026-07-24T11:48:40.327850+08:00
2059,2020-12-15,2959.0,-83000.0,0.0,-80041.0,588.0,24.0,-8.0,0.0,,2026-07-24T11:48:40.327850+08:00
2059,2020-12-16,-5000.0,4000.0,0.0,-1000.0,574.0,18.0,-14.0,-6.0,,2026-07-24T11:48:40.327850+08:00
2059,2020-12-17,15989.0,-64000.0,0.0,-48011.0,599.0,5.0,25.0,-13.0,,2026-07-24T11:48:40.327850+08:00
2059,2020-12-18,11000.0,-16000.0,0.0,-5000.0,602.0,9.0,3.0,4.0,,2026-07-24T11:48:40.327850+08:00
2059,2020-12-21,-843.0,40000.0,0.0,39157.0,583.0,15.0,-19.0,6.0,,2026-07-24T11:48:40.327850+08:00
2059,2020-12-22,-956.0,18000.0,0.0,17044.0,582.0,15.0,-1.0,0.0,,2026-07-24T11:48:40.327850+08:00
2059,2020-12-23,-1000.0,9000.0,0.0,8000.0,587.0,15.0,5.0,0.0,,2026-07-24T11:48:40.327850+08:00
2059,2020-12-24,0.0,36000.0,0.0,36000.0,587.0,15.0,0.0,0.0,,2026-07-24T11:48:40.327850+08:00
2059,2020-12-25,-5000.0,20000.0,0.0,15000.0,582.0,17.0,-5.0,2.0,,2026-07-24T11:48:40.327850+08:00
2059,2020-12-28,-3000.0,22000.0,0.0,19000.0,582.0,17.0,0.0,0.0,,2026-07-24T11:48:40.327850+08:00
2059,2020-12-29,-6000.0,1000.0,0.0,-5000.0,588.0,19.0,6.0,2.0,,2026-07-24T11:48:40.327850+08:00
2059,2020-12-30,10000.0,13000.0,0.0,23000.0,558.0,19.0,-30.0,0.0,,2026-07-24T11:48:40.327850+08:00
2059,2020-12-31,-980.0,-4000.0,0.0,-4980.0,541.0,19.0,-17.0,0.0,,2026-07-24T11:48:40.327850+08:00
2059,2021-01-04,-55.0,9000.0,0.0,8945.0,446.0,19.0,-95.0,0.0,,2026-07-24T11:48:40.327850+08:00
2059,2021-01-05,5000.0,-29635.0,0.0,-24635.0,447.0,19.0,1.0,0.0,,2026-07-24T11:48:40.327850+08:00
2059,2021-01-06,-7000.0,-9000.0,0.0,-16000.0,440.0,19.0,-7.0,0.0,,2026-07-24T11:48:40.327850+08:00
2059,2021-01-07,3000.0,-44000.0,0.0,-41000.0,448.0,19.0,8.0,0.0,,2026-07-24T11:48:40.327850+08:00
2059,2021-01-08,1000.0,-62000.0,0.0,-61000.0,483.0,21.0,35.0,2.0,,2026-07-24T11:48:40.327850+08:00
2059,2021-01-11,1000.0,13000.0,0.0,14000.0,468.0,21.0,-15.0,0.0,,2026-07-24T11:48:40.327850+08:00
2059,2021-01-12,0.0,53000.0,0.0,53000.0,433.0,21.0,-35.0,0.0,,2026-07-24T11:48:40.327850+08:00
2059,2021-01-13,8000.0,50000.0,0.0,58000.0,434.0,21.0,1.0,0.0,,2026-07-24T11:48:40.327850+08:00
2059,2021-01-14,0.0,20000.0,0.0,20000.0,425.0,21.0,-9.0,0.0,,2026-07-24T11:48:40.327850+08:00
2059,2021-01-15,1633.0,131000.0,0.0,132633.0,424.0,21.0,-1.0,0.0,,2026-07-24T11:48:40.327850+08:00
2059,2021-01-18,3010.0,21000.0,0.0,24010.0,428.0,21.0,4.0,0.0,,2026-07-24T11:48:40.327850+08:00
2059,2021-01-19,105.0,85000.0,0.0,85105.0,479.0,20.0,51.0,-1.0,,2026-07-24T11:48:40.327850+08:00
2059,2021-01-20,278.0,160000.0,0.0,160278.0,460.0,7.0,-19.0,-13.0,,2026-07-24T11:48:40.327850+08:00
2059,2021-01-21,3480.0,30000.0,13000.0,46480.0,461.0,7.0,1.0,0.0,,2026-07-24T11:48:40.327850+08:00
2059,2021-01-22,1000.0,96000.0,14000.0,111000.0,454.0,5.0,-7.0,-2.0,,2026-07-24T11:48:40.327850+08:00
2059,2021-01-25,5010.0,31000.0,15000.0,51010.0,444.0,5.0,-10.0,0.0,,2026-07-24T11:48:40.327850+08:00
2059,2021-01-26,5000.0,84000.0,16000.0,105000.0,436.0,5.0,-8.0,0.0,,2026-07-24T11:48:40.327850+08:00
2059,2021-01-27,23224.0,-49000.0,0.0,-25776.0,476.0,3.0,40.0,-2.0,,2026-07-24T11:48:40.327850+08:00
2059,2021-01-28,-5000.0,-35000.0,0.0,-40000.0,457.0,4.0,-19.0,1.0,,2026-07-24T11:48:40.327850+08:00
2059,2021-01-29,-4346.0,-59000.0,0.0,-63346.0,462.0,2.0,5.0,-2.0,,2026-07-24T11:48:40.327850+08:00
2059,2021-02-01,890.0,4000.0,0.0,4890.0,454.0,2.0,-8.0,0.0,,2026-07-24T11:48:40.327850+08:00
2059,2021-02-02,3005.0,125000.0,0.0,128005.0,450.0,3.0,-4.0,1.0,,2026-07-24T11:48:40.327850+08:00
2059,2021-02-03,-977.0,37000.0,0.0,36023.0,444.0,3.0,-6.0,0.0,,2026-07-24T11:48:40.327850+08:00
2059,2021-02-04,0.0,40000.0,1000.0,41000.0,442.0,1.0,-2.0,-2.0,,2026-07-24T11:48:40.327850+08:00
2059,2021-02-05,-3970.0,-2000.0,0.0,-5970.0,437.0,1.0,-5.0,0.0,,2026-07-24T11:48:40.327850+08:00
2059,2021-02-17,-4116.0,20000.0,0.0,15884.0,460.0,1.0,23.0,0.0,,2026-07-24T11:48:40.327850+08:00
2059,2021-02-18,-1320.0,78000.0,0.0,76680.0,472.0,1.0,12.0,0.0,,2026-07-24T11:48:40.327850+08:00
2059,2021-02-19,6.0,58000.0,0.0,58006.0,462.0,1.0,-10.0,0.0,,2026-07-24T11:48:40.327850+08:00
2059,2021-02-22,-4.0,-34000.0,0.0,-34004.0,455.0,1.0,-7.0,0.0,,2026-07-24T11:48:40.327850+08:00
2059,2021-02-23,2000.0,30000.0,0.0,32000.0,451.0,3.0,-4.0,2.0,,2026-07-24T11:48:40.327850+08:00
2059,2021-02-24,-9000.0,27000.0,0.0,18000.0,444.0,3.0,-7.0,0.0,,2026-07-24T11:48:40.327850+08:00
2059,2021-02-25,-8000.0,43000.0,0.0,35000.0,452.0,3.0,8.0,0.0,,2026-07-24T11:48:40.327850+08:00
2059,2021-02-26,-2000.0,52000.0,0.0,50000.0,450.0,5.0,-2.0,2.0,,2026-07-24T11:48:40.327850+08:00
2059,2021-03-02,-1990.0,125000.0,0.0,123010.0,414.0,9.0,-36.0,4.0,,2026-07-24T11:48:40.327850+08:00
2059,2021-03-03,17000.0,-14064.0,0.0,2936.0,412.0,9.0,-2.0,0.0,,2026-07-24T11:48:40.327850+08:00
2059,2021-03-04,-6000.0,-29000.0,0.0,-35000.0,413.0,9.0,1.0,0.0,,2026-07-24T11:48:40.327850+08:00
2059,2021-03-05,-2020.0,-21000.0,0.0,-23020.0,412.0,9.0,-1.0,0.0,,2026-07-24T11:48:40.327850+08:00
2059,2021-03-08,-1855.0,-38000.0,0.0,-39855.0,412.0,2.0,0.0,-7.0,,2026-07-24T11:48:40.327850+08:00
2059,2021-03-09,1000.0,83000.0,0.0,84000.0,410.0,1.0,-2.0,-1.0,,2026-07-24T11:48:40.327850+08:00
2059,2021-03-10,-2991.0,-14000.0,0.0,-16991.0,410.0,1.0,0.0,0.0,,2026-07-24T11:48:40.327850+08:00
2059,2021-03-11,3000.0,-75000.0,0.0,-72000.0,443.0,0.0,33.0,-1.0,,2026-07-24T11:48:40.327850+08:00
2059,2021-03-12,-3.0,-99000.0,-3000.0,-102003.0,443.0,0.0,0.0,0.0,,2026-07-24T11:48:40.327850+08:00
2059,2021-03-15,-864.0,-54000.0,0.0,-54864.0,458.0,0.0,15.0,0.0,,2026-07-24T11:48:40.327850+08:00
2059,2021-03-16,20000.0,-16000.0,0.0,4000.0,469.0,0.0,11.0,0.0,,2026-07-24T11:48:40.327850+08:00
2059,2021-03-17,-1166.0,-19000.0,0.0,-20166.0,469.0,0.0,0.0,0.0,,2026-07-24T11:48:40.327850+08:00
2059,2021-03-18,-5000.0,15000.0,-3000.0,7000.0,459.0,0.0,-10.0,0.0,,2026-07-24T11:48:40.327850+08:00
2059,2021-03-19,-3000.0,-18000.0,-1000.0,-22000.0,480.0,0.0,21.0,0.0,,2026-07-24T11:48:40.327850+08:00
2059,2021-03-22,0.0,29000.0,0.0,29000.0,475.0,0.0,-5.0,0.0,,2026-07-24T11:48:40.327850+08:00
2059,2021-03-23,-3000.0,14994.0,0.0,11994.0,476.0,0.0,1.0,0.0,,2026-07-24T11:48:40.327850+08:00
2059,2021-03-24,-4000.0,11000.0,0.0,7000.0,459.0,0.0,-17.0,0.0,,2026-07-24T11:48:40.327850+08:00
2059,2021-03-25,-21110.0,12000.0,0.0,-9110.0,441.0,0.0,-18.0,0.0,,2026-07-24T11:48:40.327850+08:00
2059,2021-03-26,-2993.0,53000.0,0.0,50007.0,432.0,2.0,-9.0,2.0,,2026-07-24T11:48:40.327850+08:00
2059,2021-03-29,52.0,35000.0,0.0,35052.0,428.0,2.0,-4.0,0.0,,2026-07-24T11:48:40.327850+08:00
2059,2021-03-30,0.0,-29000.0,0.0,-29000.0,425.0,2.0,-3.0,0.0,,2026-07-24T11:48:40.327850+08:00
2059,2021-03-31,0.0,4000.0,0.0,4000.0,420.0,2.0,-5.0,0.0,,2026-07-24T11:48:40.327850+08:00
2059,2021-04-01,8.0,-3000.0,0.0,-2992.0,412.0,2.0,-8.0,0.0,,2026-07-24T11:48:40.327850+08:00
2059,2021-04-06,1000.0,2000.0,-218.0,2782.0,411.0,2.0,-1.0,0.0,,2026-07-24T11:48:40.327850+08:00
2059,2021-04-07,2093.0,6695.0,0.0,8788.0,405.0,2.0,-6.0,0.0,,2026-07-24T11:48:40.327850+08:00
2059,2021-04-08,105.0,23000.0,0.0,23105.0,413.0,2.0,8.0,0.0,,2026-07-24T11:48:40.327850+08:00
2059,2021-04-09,403.0,21990.0,0.0,22393.0,403.0,2.0,-10.0,0.0,,2026-07-24T11:48:40.327850+08:00
2059,2021-04-12,0.0,32000.0,0.0,32000.0,400.0,3.0,-3.0,1.0,,2026-07-24T11:48:40.327850+08:00
2059,2021-04-13,30990.0,38000.0,0.0,68990.0,400.0,3.0,0.0,0.0,,2026-07-24T11:48:40.327850+08:00
2059,2021-04-14,11000.0,4000.0,0.0,15000.0,394.0,3.0,-6.0,0.0,,2026-07-24T11:48:40.327850+08:00
2059,2021-04-15,-1000.0,31000.0,0.0,30000.0,390.0,3.0,-4.0,0.0,,2026-07-24T11:48:40.327850+08:00
2059,2021-04-16,-1000.0,48000.0,0.0,47000.0,390.0,3.0,0.0,0.0,,2026-07-24T11:48:40.327850+08:00
2059,2021-04-19,7059.0,11000.0,0.0,18059.0,374.0,3.0,-16.0,0.0,,2026-07-24T11:48:40.327850+08:00
2059,2021-04-20,27154.0,25000.0,45000.0,97154.0,363.0,3.0,-11.0,0.0,,2026-07-24T11:48:40.327850+08:00
2059,2021-04-21,10055.0,60000.0,65000.0,135055.0,344.0,1.0,-19.0,-2.0,,2026-07-24T11:48:40.327850+08:00
2059,2021-04-22,-3183.0,68800.0,28000.0,93617.0,361.0,0.0,17.0,-1.0,,2026-07-24T11:48:40.327850+08:00
2059,2021-04-23,-1795.0,-22000.0,-15000.0,-38795.0,378.0,0.0,17.0,0.0,,2026-07-24T11:48:40.327850+08:00
2059,2021-04-26,-2003.0,-28000.0,-15000.0,-45003.0,364.0,0.0,-14.0,0.0,,2026-07-24T11:48:40.327850+08:00
2059,2021-04-27,0.0,-19000.0,0.0,-19000.0,345.0,0.0,-19.0,0.0,,2026-07-24T11:48:40.327850+08:00
2059,2021-04-28,-10000.0,-11000.0,0.0,-21000.0,333.0,4.0,-12.0,4.0,,2026-07-24T11:48:40.327850+08:00
2059,2021-04-29,2000.0,38000.0,-4000.0,36000.0,329.0,6.0,-4.0,2.0,,2026-07-24T11:48:40.327850+08:00
2059,2021-05-03,-2000.0,27000.0,0.0,25000.0,333.0,6.0,4.0,0.0,,2026-07-24T11:48:40.327850+08:00
2059,2021-05-04,8998.0,-7000.0,0.0,1998.0,338.0,6.0,5.0,0.0,,2026-07-24T11:48:40.327850+08:00
2059,2021-05-05,0.0,5000.0,0.0,5000.0,335.0,6.0,-3.0,0.0,,2026-07-24T11:48:40.327850+08:00
2059,2021-05-06,1000.0,-31000.0,0.0,-30000.0,333.0,6.0,-2.0,0.0,,2026-07-24T11:48:40.327850+08:00
2059,2021-05-07,0.0,26500.0,0.0,26500.0,332.0,6.0,-1.0,0.0,,2026-07-24T11:48:40.327850+08:00
2059,2021-05-10,14629.0,135000.0,18000.0,167629.0,323.0,6.0,-9.0,0.0,,2026-07-24T11:48:40.327850+08:00
2059,2021-05-11,-16000.0,201000.0,63000.0,248000.0,268.0,6.0,-55.0,0.0,,2026-07-24T11:48:40.327850+08:00
2059,2021-05-12,34813.0,39500.0,-8000.0,66313.0,241.0,4.0,-27.0,-2.0,,2026-07-24T11:48:40.327850+08:00
2059,2021-05-13,-24005.0,1000.0,2000.0,-21005.0,239.0,4.0,-2.0,0.0,,2026-07-24T11:48:40.327850+08:00
2059,2021-05-14,-2000.0,38000.0,2000.0,38000.0,236.0,4.0,-3.0,0.0,,2026-07-24T11:48:40.327850+08:00
2059,2021-05-17,-9271.0,53000.0,0.0,43729.0,244.0,5.0,8.0,1.0,,2026-07-24T11:48:40.327850+08:00
2059,2021-05-18,5000.0,22120.0,1000.0,28120.0,254.0,5.0,10.0,0.0,,2026-07-24T11:48:40.327850+08:00
2059,2021-05-19,-118.0,-24000.0,0.0,-24118.0,259.0,7.0,5.0,2.0,,2026-07-24T11:48:40.327850+08:00
2059,2021-05-20,911.0,31000.0,2000.0,33911.0,259.0,7.0,0.0,0.0,,2026-07-24T11:48:40.327850+08:00
2059,2021-05-21,0.0,17000.0,1000.0,18000.0,262.0,5.0,3.0,-2.0,,2026-07-24T11:48:40.327850+08:00
2059,2021-05-24,-3093.0,18000.0,2000.0,16907.0,324.0,5.0,62.0,0.0,,2026-07-24T11:48:40.327850+08:00
2059,2021-05-25,15000.0,-13000.0,3000.0,5000.0,314.0,3.0,-10.0,-2.0,,2026-07-24T11:48:40.327850+08:00
2059,2021-05-26,8000.0,-21000.0,1000.0,-12000.0,318.0,3.0,4.0,0.0,,2026-07-24T11:48:40.327850+08:00
2059,2021-05-27,-1015.0,38000.0,0.0,36985.0,310.0,3.0,-8.0,0.0,,2026-07-24T11:48:40.327850+08:00
2059,2021-05-28,-4402.0,-47000.0,0.0,-51402.0,263.0,3.0,-47.0,0.0,,2026-07-24T11:48:40.327850+08:00
2059,2021-05-31,-1000.0,54000.0,0.0,53000.0,258.0,3.0,-5.0,0.0,,2026-07-24T11:48:40.327850+08:00
2059,2021-06-01,6000.0,26000.0,0.0,32000.0,253.0,3.0,-5.0,0.0,,2026-07-24T11:48:40.327850+08:00
2059,2021-06-02,16000.0,5000.0,-6000.0,15000.0,251.0,3.0,-2.0,0.0,,2026-07-24T11:48:40.327850+08:00
2059,2021-06-03,-13000.0,14000.0,0.0,1000.0,249.0,3.0,-2.0,0.0,,2026-07-24T11:48:40.327850+08:00
2059,2021-06-04,3000.0,9000.0,0.0,12000.0,245.0,3.0,-4.0,0.0,,2026-07-24T11:48:40.327850+08:00
2059,2021-06-07,-1000.0,24000.0,0.0,23000.0,241.0,3.0,-4.0,0.0,,2026-07-24T11:48:40.327850+08:00
2059,2021-06-08,-7000.0,13000.0,0.0,6000.0,242.0,3.0,1.0,0.0,,2026-07-24T11:48:40.327850+08:00
2059,2021-06-09,-6000.0,18000.0,0.0,12000.0,237.0,3.0,-5.0,0.0,,2026-07-24T11:48:40.327850+08:00
2059,2021-06-10,-2980.0,20000.0,0.0,17020.0,232.0,3.0,-5.0,0.0,,2026-07-24T11:48:40.327850+08:00
2059,2021-06-11,3014.0,16000.0,8000.0,27014.0,239.0,3.0,7.0,0.0,,2026-07-24T11:48:40.327850+08:00
2059,2021-06-15,1108.0,32000.0,0.0,33108.0,233.0,3.0,-6.0,0.0,,2026-07-24T11:48:40.327850+08:00
2059,2021-06-16,-460.0,194000.0,0.0,193540.0,287.0,2.0,54.0,-1.0,,2026-07-24T11:48:40.327850+08:00
2059,2021-06-17,25937.0,-174000.0,0.0,-148063.0,307.0,2.0,20.0,0.0,,2026-07-24T11:48:40.327850+08:00
2059,2021-06-18,31122.0,-115000.0,10000.0,-73878.0,280.0,1.0,-27.0,-1.0,,2026-07-24T11:48:40.327850+08:00
2059,2021-06-21,4140.0,0.0,2000.0,6140.0,274.0,1.0,-6.0,0.0,,2026-07-24T11:48:40.327850+08:00
2059,2021-06-22,20999.0,95000.0,0.0,115999.0,265.0,1.0,-9.0,0.0,,2026-07-24T11:48:40.327850+08:00
2059,2021-06-23,28999.0,4000.0,0.0,32999.0,262.0,1.0,-3.0,0.0,,2026-07-24T11:48:40.327850+08:00
2059,2021-06-24,5000.0,-16000.0,0.0,-11000.0,257.0,1.0,-5.0,0.0,,2026-07-24T11:48:40.327850+08:00
2059,2021-06-25,6004.0,4000.0,0.0,10004.0,255.0,1.0,-2.0,0.0,,2026-07-24T11:48:40.327850+08:00
2059,2021-06-28,-4021.0,-6000.0,0.0,-10021.0,267.0,1.0,12.0,0.0,,2026-07-24T11:48:40.327850+08:00
2059,2021-06-29,-10850.0,-21000.0,0.0,-31850.0,302.0,1.0,35.0,0.0,,2026-07-24T11:48:40.327850+08:00
2059,2021-06-30,-11728.0,-19737.0,0.0,-31465.0,316.0,1.0,14.0,0.0,,2026-07-24T11:48:40.327850+08:00
2059,2021-07-01,-6000.0,20431.0,0.0,14431.0,318.0,1.0,2.0,0.0,,2026-07-24T11:48:40.327850+08:00
2059,2021-07-02,-1982.0,26000.0,0.0,24018.0,336.0,1.0,18.0,0.0,,2026-07-24T11:48:40.327850+08:00
2059,2021-07-05,-28008.0,43000.0,9000.0,23992.0,354.0,1.0,18.0,0.0,,2026-07-24T11:48:40.327850+08:00
2059,2021-07-06,0.0,-1000.0,-27000.0,-28000.0,361.0,3.0,7.0,2.0,,2026-07-24T11:48:40.327850+08:00
2059,2021-07-07,9787.0,17000.0,-12000.0,14787.0,351.0,13.0,-10.0,10.0,,2026-07-24T11:48:40.327850+08:00
2059,2021-07-08,-17202.0,6000.0,228.0,-10974.0,350.0,13.0,-1.0,0.0,,2026-07-24T11:48:40.327850+08:00
2059,2021-07-09,628.0,-37000.0,1000.0,-35372.0,348.0,13.0,-2.0,0.0,,2026-07-24T11:48:40.327850+08:00
2059,2021-07-12,1482.0,-43000.0,-9000.0,-50518.0,345.0,13.0,-3.0,0.0,,2026-07-24T11:48:40.327850+08:00
2059,2021-07-13,4000.0,-21975.0,0.0,-17975.0,339.0,13.0,-6.0,0.0,,2026-07-24T11:48:40.327850+08:00
2059,2021-07-14,5898.0,2000.0,0.0,7898.0,332.0,13.0,-7.0,0.0,,2026-07-24T11:48:40.327850+08:00
2059,2021-07-15,2000.0,-14000.0,1000.0,-11000.0,334.0,13.0,2.0,0.0,,2026-07-24T11:48:40.327850+08:00
2059,2021-07-16,4750.0,23000.0,-58000.0,-30250.0,337.0,12.0,3.0,-1.0,,2026-07-24T11:48:40.327850+08:00
2059,2021-07-19,3778.0,-18000.0,0.0,-14222.0,341.0,10.0,4.0,-2.0,,2026-07-24T11:48:40.327850+08:00
2059,2021-07-20,-4294.0,32000.0,0.0,27706.0,338.0,10.0,-3.0,0.0,,2026-07-24T11:48:40.327850+08:00
2059,2021-07-21,8728.0,-16000.0,0.0,-7272.0,342.0,6.0,4.0,-4.0,,2026-07-24T11:48:40.327850+08:00
2059,2021-07-22,24000.0,-38000.0,0.0,-14000.0,354.0,6.0,12.0,0.0,,2026-07-24T11:48:40.327850+08:00
2059,2021-07-23,-220.0,14000.0,0.0,13780.0,347.0,6.0,-7.0,0.0,,2026-07-24T11:48:40.327850+08:00
2059,2021-07-26,-65.0,4000.0,0.0,3935.0,349.0,6.0,2.0,0.0,,2026-07-24T11:48:40.327850+08:00
2059,2021-07-27,-120.0,-35000.0,0.0,-35120.0,343.0,6.0,-6.0,0.0,,2026-07-24T11:48:40.327850+08:00
2059,2021-07-28,12957.0,-6000.0,0.0,6957.0,341.0,6.0,-2.0,0.0,,2026-07-24T11:48:40.327850+08:00
2059,2021-07-29,-6150.0,67000.0,0.0,60850.0,342.0,6.0,1.0,0.0,,2026-07-24T11:48:40.327850+08:00
2059,2021-07-30,-8.0,-34000.0,0.0,-34008.0,350.0,6.0,8.0,0.0,,2026-07-24T11:48:40.327850+08:00
2059,2021-08-02,4000.0,-36000.0,0.0,-32000.0,351.0,6.0,1.0,0.0,,2026-07-24T11:48:40.327850+08:00
2059,2021-08-03,-247.0,-3000.0,-6000.0,-9247.0,350.0,6.0,-1.0,0.0,,2026-07-24T11:48:40.327850+08:00
2059,2021-08-04,1700.0,-7000.0,0.0,-5300.0,351.0,6.0,1.0,0.0,,2026-07-24T11:48:40.327850+08:00
2059,2021-08-05,-167.0,-23000.0,0.0,-23167.0,358.0,6.0,7.0,0.0,,2026-07-24T11:48:40.327850+08:00
2059,2021-08-06,-1037.0,-46000.0,0.0,-47037.0,385.0,6.0,27.0,0.0,,2026-07-24T11:48:40.327850+08:00
2059,2021-08-09,-103.0,-1000.0,20000.0,18897.0,373.0,6.0,-12.0,0.0,,2026-07-24T11:48:40.327850+08:00
2059,2021-08-10,3596.0,-66000.0,0.0,-62404.0,370.0,6.0,-3.0,0.0,,2026-07-24T11:48:40.327850+08:00
2059,2021-08-11,10000.0,-26000.0,0.0,-16000.0,365.0,0.0,-5.0,-6.0,,2026-07-24T11:48:40.327850+08:00
2059,2021-08-12,1612.0,-27000.0,1000.0,-24388.0,380.0,0.0,15.0,0.0,,2026-07-24T11:48:40.327850+08:00
2059,2021-08-13,-1014.0,-12000.0,0.0,-13014.0,378.0,0.0,-2.0,0.0,,2026-07-24T11:48:40.327850+08:00
2059,2021-08-16,-949.0,-27000.0,12000.0,-15949.0,373.0,0.0,-5.0,0.0,,2026-07-24T11:48:40.327850+08:00
2059,2021-08-17,-9850.0,-44000.0,0.0,-53850.0,372.0,0.0,-1.0,0.0,,2026-07-24T11:48:40.327850+08:00
2059,2021-08-18,-16154.0,-6000.0,0.0,-22154.0,382.0,1.0,10.0,1.0,,2026-07-24T11:48:40.327850+08:00
2059,2021-08-19,-43217.0,7000.0,0.0,-36217.0,385.0,0.0,3.0,-1.0,,2026-07-24T11:48:40.327850+08:00
2059,2021-08-20,-2014.0,-34000.0,4000.0,-32014.0,387.0,0.0,2.0,0.0,,2026-07-24T11:48:40.327850+08:00
2059,2021-08-23,-90.0,-42000.0,0.0,-42090.0,389.0,0.0,2.0,0.0,,2026-07-24T11:48:40.327850+08:00
2059,2021-08-24,-192.0,11000.0,0.0,10808.0,388.0,0.0,-1.0,0.0,,2026-07-24T11:48:40.327850+08:00
2059,2021-08-25,845.0,-64000.0,0.0,-63155.0,400.0,0.0,12.0,0.0,,2026-07-24T11:48:40.327850+08:00
2059,2021-08-26,805.0,-60000.0,0.0,-59195.0,390.0,0.0,-10.0,0.0,,2026-07-24T11:48:40.327850+08:00
2059,2021-08-27,-32.0,-59000.0,0.0,-59032.0,392.0,0.0,2.0,0.0,,2026-07-24T11:48:40.327850+08:00
2059,2021-08-30,11000.0,-20000.0,-7000.0,-16000.0,392.0,0.0,0.0,0.0,,2026-07-24T11:48:40.327850+08:00
2059,2021-08-31,-7933.0,-6000.0,0.0,-13933.0,391.0,0.0,-1.0,0.0,,2026-07-24T11:48:40.327850+08:00
2059,2021-09-01,902.0,-62134.0,-25000.0,-86232.0,393.0,0.0,2.0,0.0,,2026-07-24T11:48:40.327850+08:00
2059,2021-09-02,2000.0,-30000.0,-69315.0,-97315.0,394.0,0.0,1.0,0.0,,2026-07-24T11:48:40.327850+08:00
2059,2021-09-03,4000.0,-58000.0,0.0,-54000.0,395.0,0.0,1.0,0.0,,2026-07-24T11:48:40.327850+08:00
2059,2021-09-06,3030.0,-29000.0,0.0,-25970.0,384.0,0.0,-11.0,0.0,,2026-07-24T11:48:40.327850+08:00
2059,2021-09-07,-6842.0,17000.0,10000.0,20158.0,407.0,1.0,23.0,1.0,,2026-07-24T11:48:40.327850+08:00
2059,2021-09-08,-11243.0,-26166.0,6000.0,-31409.0,402.0,2.0,-5.0,1.0,,2026-07-24T11:48:40.327850+08:00
2059,2021-09-09,-3025.0,-68000.0,-26000.0,-97025.0,416.0,2.0,14.0,0.0,,2026-07-24T11:48:40.327850+08:00
2059,2021-09-10,-12020.0,-113000.0,36000.0,-89020.0,437.0,2.0,21.0,0.0,,2026-07-24T11:48:40.327850+08:00
2059,2021-09-13,0.0,-70000.0,77000.0,7000.0,436.0,2.0,-1.0,0.0,,2026-07-24T11:48:40.327850+08:00
2059,2021-09-14,5000.0,86000.0,0.0,91000.0,432.0,2.0,-4.0,0.0,,2026-07-24T11:48:40.327850+08:00
2059,2021-09-15,-6021.0,-38000.0,0.0,-44021.0,428.0,2.0,-4.0,0.0,,2026-07-24T11:48:40.327850+08:00
2059,2021-09-16,-1766.0,-92000.0,0.0,-93766.0,435.0,5.0,7.0,3.0,,2026-07-24T11:48:40.327850+08:00
2059,2021-09-17,2395.0,32000.0,-6187.0,28208.0,406.0,5.0,-29.0,0.0,,2026-07-24T11:48:40.327850+08:00
2059,2021-09-22,-4872.0,-95000.0,0.0,-99872.0,395.0,5.0,-11.0,0.0,,2026-07-24T11:48:40.327850+08:00
2059,2021-09-23,-309.0,-34328.0,0.0,-34637.0,418.0,5.0,23.0,0.0,,2026-07-24T11:48:40.327850+08:00
2059,2021-09-24,1054.0,31200.0,0.0,32254.0,429.0,6.0,11.0,1.0,,2026-07-24T11:48:40.327850+08:00
2059,2021-09-27,-80.0,-60000.0,20000.0,-40080.0,413.0,6.0,-16.0,0.0,,2026-07-24T11:48:40.327850+08:00
2059,2021-09-28,-2000.0,-21800.0,0.0,-23800.0,404.0,5.0,-9.0,-1.0,,2026-07-24T11:48:40.327850+08:00
2059,2021-09-29,-5461.0,-98800.0,12000.0,-92261.0,392.0,2.0,-12.0,-3.0,,2026-07-24T11:48:40.327850+08:00
2059,2021-09-30,3416.0,-61662.0,34000.0,-24246.0,390.0,2.0,-2.0,0.0,,2026-07-24T11:48:40.327850+08:00
2059,2021-10-01,-1000.0,7000.0,0.0,6000.0,371.0,2.0,-19.0,0.0,,2026-07-24T11:48:40.327850+08:00
2059,2021-10-04,0.0,-22738.0,0.0,-22738.0,363.0,2.0,-8.0,0.0,,2026-07-24T11:48:40.327850+08:00
2059,2021-10-05,-24.0,-69000.0,16000.0,-53024.0,363.0,2.0,0.0,0.0,,2026-07-24T11:48:40.327850+08:00
2059,2021-10-06,0.0,-36000.0,0.0,-36000.0,362.0,1.0,-1.0,-1.0,,2026-07-24T11:48:40.327850+08:00
2059,2021-10-07,7831.0,-72000.0,0.0,-64169.0,363.0,1.0,1.0,0.0,,2026-07-24T11:48:40.327850+08:00
2059,2021-10-08,1000.0,-36000.0,0.0,-35000.0,374.0,0.0,11.0,-1.0,,2026-07-24T11:48:40.327850+08:00
2059,2021-10-12,2937.0,-6000.0,0.0,-3063.0,375.0,0.0,1.0,0.0,,2026-07-24T11:48:40.327850+08:00
2059,2021-10-13,9000.0,1000.0,9000.0,19000.0,379.0,1.0,4.0,1.0,,2026-07-24T11:48:40.327850+08:00
2059,2021-10-14,1924.0,-18000.0,10000.0,-6076.0,378.0,1.0,-1.0,0.0,,2026-07-24T11:48:40.327850+08:00
2059,2021-10-15,3005.0,6000.0,0.0,9005.0,377.0,1.0,-1.0,0.0,,2026-07-24T11:48:40.327850+08:00
2059,2021-10-18,23005.0,-14126.0,203.0,9082.0,377.0,1.0,0.0,0.0,,2026-07-24T11:48:40.327850+08:00
2059,2021-10-19,4000.0,-28000.0,0.0,-24000.0,378.0,1.0,1.0,0.0,,2026-07-24T11:48:40.327850+08:00
2059,2021-10-20,4000.0,-57000.0,0.0,-53000.0,379.0,1.0,1.0,0.0,,2026-07-24T11:48:40.327850+08:00
2059,2021-10-21,-814.0,-35000.0,0.0,-35814.0,432.0,0.0,53.0,-1.0,,2026-07-24T11:48:40.327850+08:00
2059,2021-10-22,6300.0,-52871.0,0.0,-46571.0,455.0,0.0,23.0,0.0,,2026-07-24T11:48:40.327850+08:00
2059,2021-10-25,-2000.0,-59000.0,0.0,-61000.0,466.0,0.0,11.0,0.0,,2026-07-24T11:48:40.327850+08:00
2059,2021-10-26,25593.0,10000.0,0.0,35593.0,489.0,1.0,23.0,1.0,,2026-07-24T11:48:40.327850+08:00
2059,2021-10-27,17410.0,63691.0,0.0,81101.0,651.0,1.0,162.0,0.0,,2026-07-24T11:48:40.327850+08:00
2059,2021-10-28,6697.0,-29000.0,0.0,-22303.0,650.0,3.0,-1.0,2.0,,2026-07-24T11:48:40.327850+08:00
2059,2021-10-29,22658.0,25000.0,0.0,47658.0,683.0,3.0,33.0,0.0,,2026-07-24T11:48:40.327850+08:00
2059,2021-11-01,1976.0,-54000.0,0.0,-52024.0,707.0,3.0,24.0,0.0,,2026-07-24T11:48:40.327850+08:00
2059,2021-11-02,6587.0,19486.0,0.0,26073.0,665.0,3.0,-42.0,0.0,,2026-07-24T11:48:40.327850+08:00
2059,2021-11-03,-2000.0,-3000.0,-1000.0,-6000.0,665.0,3.0,0.0,0.0,,2026-07-24T11:48:40.327850+08:00
2059,2021-11-04,-3592.0,-11000.0,-2000.0,-16592.0,680.0,3.0,15.0,0.0,,2026-07-24T11:48:40.327850+08:00
2059,2021-11-05,-67.0,-29000.0,0.0,-29067.0,670.0,3.0,-10.0,0.0,,2026-07-24T11:48:40.327850+08:00
2059,2021-11-08,2513.0,117000.0,7000.0,126513.0,636.0,4.0,-34.0,1.0,,2026-07-24T11:48:40.327850+08:00
2059,2021-11-09,9883.0,-88000.0,149781.0,71664.0,664.0,4.0,28.0,0.0,,2026-07-24T11:48:40.327850+08:00
2059,2021-11-10,82910.0,11000.0,20000.0,113910.0,700.0,5.0,36.0,1.0,,2026-07-24T11:48:40.327850+08:00
2059,2021-11-11,-33659.0,16014.0,5000.0,-12645.0,707.0,5.0,7.0,0.0,,2026-07-24T11:48:40.327850+08:00
2059,2021-11-12,-2135.0,9000.0,20000.0,26865.0,699.0,5.0,-8.0,0.0,,2026-07-24T11:48:40.327850+08:00
2059,2021-11-15,18111.0,19000.0,0.0,37111.0,675.0,5.0,-24.0,0.0,,2026-07-24T11:48:40.327850+08:00
2059,2021-11-16,25658.0,-33658.0,10000.0,2000.0,645.0,5.0,-30.0,0.0,,2026-07-24T11:48:40.327850+08:00
2059,2021-11-17,-21645.0,-70000.0,0.0,-91645.0,641.0,4.0,-4.0,-1.0,,2026-07-24T11:48:40.327850+08:00
2059,2021-11-18,3360.0,11000.0,0.0,14360.0,636.0,4.0,-5.0,0.0,,2026-07-24T11:48:40.327850+08:00
2059,2021-11-19,-3748.0,114000.0,20000.0,130252.0,646.0,7.0,10.0,3.0,,2026-07-24T11:48:40.327850+08:00
2059,2021-11-22,3706.0,86000.0,0.0,89706.0,644.0,6.0,-2.0,-1.0,,2026-07-24T11:48:40.327850+08:00
2059,2021-11-23,9991.0,-16993.0,0.0,-7002.0,636.0,6.0,-8.0,0.0,,2026-07-24T11:48:40.327850+08:00
2059,2021-11-24,-97849.0,145822.0,0.0,47973.0,640.0,5.0,4.0,-1.0,,2026-07-24T11:48:40.327850+08:00
2059,2021-11-25,-3005.0,135000.0,0.0,131995.0,625.0,6.0,-15.0,1.0,,2026-07-24T11:48:40.327850+08:00
2059,2021-11-26,-7857.0,16000.0,0.0,8143.0,618.0,5.0,-7.0,-1.0,,2026-07-24T11:48:40.327850+08:00
2059,2021-11-29,1950.0,107000.0,0.0,108950.0,597.0,6.0,-21.0,1.0,,2026-07-24T11:48:40.327850+08:00
2059,2021-11-30,-6096.0,102637.0,0.0,96541.0,595.0,6.0,-2.0,0.0,,2026-07-24T11:48:40.327850+08:00
2059,2021-12-01,8974.0,65000.0,-5000.0,68974.0,583.0,5.0,-12.0,-1.0,,2026-07-24T11:48:40.327850+08:00
2059,2021-12-02,1983.0,-23000.0,0.0,-21017.0,588.0,5.0,5.0,0.0,,2026-07-24T11:48:40.327850+08:00
2059,2021-12-03,-20379.0,96000.0,0.0,75621.0,586.0,6.0,-2.0,1.0,,2026-07-24T11:48:40.327850+08:00
2059,2021-12-06,-27000.0,-43000.0,0.0,-70000.0,585.0,5.0,-1.0,-1.0,,2026-07-24T11:48:40.327850+08:00
2059,2021-12-07,-5468.0,-44417.0,25000.0,-24885.0,584.0,7.0,-1.0,2.0,,2026-07-24T11:48:40.327850+08:00
2059,2021-12-08,-4642.0,3000.0,0.0,-1642.0,584.0,7.0,0.0,0.0,,2026-07-24T11:48:40.327850+08:00
2059,2021-12-09,2115.0,-59000.0,0.0,-56885.0,575.0,7.0,-9.0,0.0,,2026-07-24T11:48:40.327850+08:00
2059,2021-12-10,-927.0,21000.0,0.0,20073.0,569.0,7.0,-6.0,0.0,,2026-07-24T11:48:40.327850+08:00
2059,2021-12-13,-2708.0,106000.0,0.0,103292.0,575.0,8.0,6.0,1.0,,2026-07-24T11:48:40.327850+08:00
2059,2021-12-14,3004.0,18000.0,-7000.0,14004.0,588.0,7.0,13.0,-1.0,,2026-07-24T11:48:40.327850+08:00
2059,2021-12-15,6911.0,-15000.0,-26000.0,-34089.0,588.0,7.0,0.0,0.0,,2026-07-24T11:48:40.327850+08:00
2059,2021-12-16,-3005.0,13524.0,0.0,10519.0,581.0,7.0,-7.0,0.0,,2026-07-24T11:48:40.327850+08:00
2059,2021-12-17,69.0,27000.0,0.0,27069.0,575.0,7.0,-6.0,0.0,,2026-07-24T11:48:40.327850+08:00
2059,2021-12-20,-5015.0,-17000.0,0.0,-22015.0,575.0,7.0,0.0,0.0,,2026-07-24T11:48:40.327850+08:00
2059,2021-12-21,1936.0,15000.0,0.0,16936.0,567.0,7.0,-8.0,0.0,,2026-07-24T11:48:40.327850+08:00
2059,2021-12-22,11.0,78000.0,0.0,78011.0,563.0,8.0,-4.0,1.0,,2026-07-24T11:48:40.327850+08:00
2059,2021-12-23,1002.0,32000.0,0.0,33002.0,563.0,9.0,0.0,1.0,,2026-07-24T11:48:40.327850+08:00
2059,2021-12-24,27075.0,124000.0,0.0,151075.0,568.0,10.0,5.0,1.0,,2026-07-24T11:48:40.327850+08:00
2059,2021-12-27,19000.0,-18000.0,0.0,1000.0,567.0,10.0,-1.0,0.0,,2026-07-24T11:48:40.327850+08:00
2059,2021-12-28,16000.0,20000.0,-5000.0,31000.0,567.0,11.0,0.0,1.0,,2026-07-24T11:48:40.327850+08:00
2059,2021-12-29,21000.0,-41000.0,0.0,-20000.0,614.0,11.0,47.0,0.0,,2026-07-24T11:48:40.327850+08:00
2059,2021-12-30,14000.0,-28000.0,0.0,-14000.0,598.0,11.0,-16.0,0.0,,2026-07-24T11:48:40.327850+08:00
2059,2022-01-03,10924.0,1050.0,-3000.0,8974.0,605.0,10.0,7.0,-1.0,,2026-07-24T11:48:40.327850+08:00
2059,2022-01-04,8870.0,-33000.0,5000.0,-19130.0,600.0,9.0,-5.0,-1.0,,2026-07-24T11:48:40.327850+08:00
2059,2022-01-05,-5091.0,37950.0,-8000.0,24859.0,583.0,10.0,-17.0,1.0,,2026-07-24T11:48:40.327850+08:00
2059,2022-01-06,-3809.0,-32000.0,0.0,-35809.0,580.0,9.0,-3.0,-1.0,,2026-07-24T11:48:40.327850+08:00
2059,2022-01-07,-98406.0,60000.0,0.0,-38406.0,599.0,7.0,19.0,-2.0,,2026-07-24T11:48:40.327850+08:00
2059,2022-01-10,12181.0,87000.0,2000.0,101181.0,617.0,6.0,18.0,-1.0,,2026-07-24T11:48:40.327850+08:00
2059,2022-01-11,-761.0,167000.0,-40000.0,126239.0,609.0,8.0,-8.0,2.0,,2026-07-24T11:48:40.327850+08:00
2059,2022-01-12,-449.0,-53000.0,19000.0,-34449.0,620.0,5.0,11.0,-3.0,,2026-07-24T11:48:40.327850+08:00
2059,2022-01-13,17887.0,-35000.0,87000.0,69887.0,601.0,5.0,-19.0,0.0,,2026-07-24T11:48:40.327850+08:00
2059,2022-01-14,8981.0,4000.0,28956.0,41937.0,570.0,5.0,-31.0,0.0,,2026-07-24T11:48:40.327850+08:00
2059,2022-01-17,733.0,-60000.0,40000.0,-19267.0,571.0,5.0,1.0,0.0,,2026-07-24T11:48:40.327850+08:00
2059,2022-01-18,-2754.0,-67300.0,18000.0,-52054.0,581.0,5.0,10.0,0.0,,2026-07-24T11:48:40.327850+08:00
2059,2022-01-19,-12601.0,52000.0,0.0,39399.0,502.0,5.0,-79.0,0.0,,2026-07-24T11:48:40.327850+08:00
2059,2022-01-20,-1510.0,-27000.0,0.0,-28510.0,493.0,4.0,-9.0,-1.0,,2026-07-24T11:48:40.327850+08:00
2059,2022-01-21,-7223.0,9000.0,0.0,1777.0,396.0,4.0,-97.0,0.0,,2026-07-24T11:48:40.327850+08:00
2059,2022-01-24,-28190.0,31000.0,0.0,2810.0,400.0,4.0,4.0,0.0,,2026-07-24T11:48:40.327850+08:00
2059,2022-01-25,-7522.0,-38000.0,0.0,-45522.0,413.0,5.0,13.0,1.0,,2026-07-24T11:48:40.327850+08:00
2059,2022-01-26,-3649.0,73000.0,0.0,69351.0,399.0,6.0,-14.0,1.0,,2026-07-24T11:48:40.327850+08:00
2059,2022-02-07,28721.0,-60000.0,0.0,-31279.0,395.0,6.0,-4.0,0.0,,2026-07-24T11:48:40.327850+08:00
2059,2022-02-08,8950.0,119279.0,9000.0,137229.0,401.0,5.0,6.0,-1.0,,2026-07-24T11:48:40.327850+08:00
2059,2022-02-09,7000.0,39000.0,0.0,46000.0,405.0,5.0,4.0,0.0,,2026-07-24T11:48:40.327850+08:00
2059,2022-02-10,4998.0,-27000.0,-20000.0,-42002.0,420.0,5.0,15.0,0.0,,2026-07-24T11:48:40.327850+08:00
2059,2022-02-11,-3000.0,15000.0,-20000.0,-8000.0,419.0,5.0,-1.0,0.0,,2026-07-24T11:48:40.327850+08:00
2059,2022-02-14,-42352.0,-22000.0,0.0,-64352.0,426.0,5.0,7.0,0.0,,2026-07-24T11:48:40.327850+08:00
2059,2022-02-15,-3090.0,-56010.0,1000.0,-58100.0,438.0,5.0,12.0,0.0,,2026-07-24T11:48:40.327850+08:00
2059,2022-02-16,-6298.0,-33000.0,0.0,-39298.0,440.0,5.0,2.0,0.0,,2026-07-24T11:48:40.327850+08:00
2059,2022-02-17,53933.0,-41000.0,1000.0,13933.0,438.0,5.0,-2.0,0.0,,2026-07-24T11:48:40.327850+08:00
2059,2022-02-18,-1392.0,-37000.0,0.0,-38392.0,442.0,5.0,4.0,0.0,,2026-07-24T11:48:40.327850+08:00
2059,2022-02-21,-59270.0,-2000.0,-76.0,-61346.0,440.0,5.0,-2.0,0.0,,2026-07-24T11:48:40.327850+08:00
2059,2022-02-22,-22985.0,-32177.0,-7000.0,-62162.0,437.0,5.0,-3.0,0.0,,2026-07-24T11:48:40.327850+08:00
2059,2022-02-23,916.0,4000.0,0.0,4916.0,435.0,6.0,-2.0,1.0,,2026-07-24T11:48:40.327850+08:00
2059,2022-02-24,-2481.0,-64790.0,-33000.0,-100271.0,504.0,5.0,69.0,-1.0,,2026-07-24T11:48:40.327850+08:00
2059,2022-02-25,-9441.0,58000.0,-41000.0,7559.0,504.0,6.0,0.0,1.0,,2026-07-24T11:48:40.327850+08:00
2059,2022-03-01,1876.0,32000.0,-7000.0,26876.0,499.0,4.0,-5.0,-2.0,,2026-07-24T11:48:40.327850+08:00
2059,2022-03-02,1924.0,11000.0,0.0,12924.0,493.0,4.0,-6.0,0.0,,2026-07-24T11:48:40.327850+08:00
2059,2022-03-03,-3001.0,3000.0,0.0,-1.0,472.0,4.0,-21.0,0.0,,2026-07-24T11:48:40.327850+08:00
2059,2022-03-04,5653.0,-25000.0,0.0,-19347.0,474.0,4.0,2.0,0.0,,2026-07-24T11:48:40.327850+08:00
2059,2022-03-07,13825.0,14000.0,-38000.0,-10175.0,445.0,6.0,-29.0,2.0,,2026-07-24T11:48:40.327850+08:00
2059,2022-03-08,-1064.0,23000.0,-38000.0,-16064.0,456.0,6.0,11.0,0.0,,2026-07-24T11:48:40.327850+08:00
2059,2022-03-09,-1308.0,-1000.0,-35000.0,-37308.0,463.0,6.0,7.0,0.0,,2026-07-24T11:48:40.327850+08:00
2059,2022-03-10,1873.0,21000.0,-35000.0,-12127.0,473.0,3.0,10.0,-3.0,,2026-07-24T11:48:40.327850+08:00
2059,2022-03-11,-361.0,8801.0,-40000.0,-31560.0,497.0,4.0,24.0,1.0,,2026-07-24T11:48:40.327850+08:00
2059,2022-03-14,4000.0,7000.0,14000.0,25000.0,499.0,4.0,2.0,0.0,,2026-07-24T11:48:40.327850+08:00
2059,2022-03-15,-626.0,15000.0,0.0,14374.0,504.0,5.0,5.0,1.0,,2026-07-24T11:48:40.327850+08:00
2059,2022-03-16,-1006.0,23000.0,0.0,21994.0,502.0,5.0,-2.0,0.0,,2026-07-24T11:48:40.327850+08:00
2059,2022-03-17,-2014.0,-66000.0,4000.0,-64014.0,513.0,6.0,11.0,1.0,,2026-07-24T11:48:40.327850+08:00
2059,2022-03-18,7659.0,-62000.0,0.0,-54341.0,524.0,7.0,11.0,1.0,,2026-07-24T11:48:40.327850+08:00
2059,2022-03-21,1762.0,15000.0,0.0,16762.0,519.0,7.0,-5.0,0.0,,2026-07-24T11:48:40.327850+08:00
2059,2022-03-22,1000.0,-10000.0,0.0,-9000.0,519.0,7.0,0.0,0.0,,2026-07-24T11:48:40.327850+08:00
2059,2022-03-23,4767.0,31000.0,0.0,35767.0,513.0,6.0,-6.0,-1.0,,2026-07-24T11:48:40.327850+08:00
2059,2022-03-24,0.0,-22000.0,0.0,-22000.0,512.0,6.0,-1.0,0.0,,2026-07-24T11:48:40.327850+08:00
2059,2022-03-25,0.0,29000.0,0.0,29000.0,510.0,6.0,-2.0,0.0,,2026-07-24T11:48:40.327850+08:00
2059,2022-03-28,6399.0,-24000.0,0.0,-17601.0,522.0,6.0,12.0,0.0,,2026-07-24T11:48:40.327850+08:00
2059,2022-03-29,-1431.0,32200.0,0.0,30769.0,513.0,6.0,-9.0,0.0,,2026-07-24T11:48:40.327850+08:00
2059,2022-03-30,8992.0,53000.0,-1000.0,60992.0,509.0,6.0,-4.0,0.0,,2026-07-24T11:48:40.327850+08:00
2059,2022-03-31,3001.0,-14258.0,15000.0,3743.0,506.0,6.0,-3.0,0.0,,2026-07-24T11:48:40.327850+08:00
2059,2022-04-01,-8830.0,-12000.0,46000.0,25170.0,508.0,6.0,2.0,0.0,,2026-07-24T11:48:40.327850+08:00
2059,2022-04-06,7740.0,-57000.0,0.0,-49260.0,517.0,6.0,9.0,0.0,,2026-07-24T11:48:40.327850+08:00
2059,2022-04-07,-3524.0,-26205.0,0.0,-29729.0,512.0,6.0,-5.0,0.0,,2026-07-24T11:48:40.327850+08:00
2059,2022-04-08,-1006.0,36786.0,79000.0,114780.0,507.0,7.0,-5.0,1.0,,2026-07-24T11:48:40.327850+08:00
2059,2022-04-11,11107.0,-79691.0,10000.0,-58584.0,511.0,6.0,4.0,-1.0,,2026-07-24T11:48:40.327850+08:00
2059,2022-04-12,22999.0,-36000.0,25000.0,11999.0,529.0,6.0,18.0,0.0,,2026-07-24T11:48:40.327850+08:00
2059,2022-04-13,15000.0,21166.0,10000.0,46166.0,530.0,6.0,1.0,0.0,,2026-07-24T11:48:40.327850+08:00
2059,2022-04-14,-3000.0,12000.0,36000.0,45000.0,517.0,6.0,-13.0,0.0,,2026-07-24T11:48:40.327850+08:00
2059,2022-04-15,13330.0,-47000.0,10000.0,-23670.0,513.0,5.0,-4.0,-1.0,,2026-07-24T11:48:40.327850+08:00
2059,2022-04-18,-12171.0,-13000.0,8000.0,-17171.0,512.0,5.0,-1.0,0.0,,2026-07-24T11:48:40.327850+08:00
2059,2022-04-19,-45.0,10000.0,0.0,9955.0,502.0,5.0,-10.0,0.0,,2026-07-24T11:48:40.327850+08:00
2059,2022-04-20,2998.0,14000.0,6000.0,22998.0,471.0,5.0,-31.0,0.0,,2026-07-24T11:48:40.327850+08:00
2059,2022-04-21,11789.0,-13000.0,0.0,-1211.0,461.0,1.0,-10.0,-4.0,,2026-07-24T11:48:40.327850+08:00
2059,2022-04-22,11337.0,-175000.0,0.0,-163663.0,416.0,0.0,-45.0,-1.0,,2026-07-24T11:48:40.327850+08:00
2059,2022-04-25,-5062.0,-34000.0,-47000.0,-86062.0,405.0,0.0,-11.0,0.0,,2026-07-24T11:48:40.327850+08:00
2059,2022-04-26,-11950.0,194000.0,-107000.0,75050.0,403.0,0.0,-2.0,0.0,,2026-07-24T11:48:40.327850+08:00
2059,2022-04-27,-24411.0,126000.0,8000.0,109589.0,409.0,0.0,6.0,0.0,,2026-07-24T11:48:40.327850+08:00
2059,2022-04-28,2938.0,20000.0,0.0,22938.0,399.0,0.0,-10.0,0.0,,2026-07-24T11:48:40.327850+08:00
2059,2022-04-29,438.0,-19000.0,47000.0,28438.0,380.0,1.0,-19.0,1.0,,2026-07-24T11:48:40.327850+08:00
2059,2022-05-03,699.0,15000.0,0.0,15699.0,376.0,1.0,-4.0,0.0,,2026-07-24T11:48:40.327850+08:00
2059,2022-05-04,-379.0,2000.0,0.0,1621.0,367.0,1.0,-9.0,0.0,,2026-07-24T11:48:40.327850+08:00
2059,2022-05-05,-17.0,-5000.0,0.0,-5017.0,364.0,1.0,-3.0,0.0,,2026-07-24T11:48:40.327850+08:00
2059,2022-05-06,-1012.0,-13000.0,0.0,-14012.0,366.0,1.0,2.0,0.0,,2026-07-24T11:48:40.327850+08:00
2059,2022-05-09,-142.0,14000.0,57000.0,70858.0,366.0,1.0,0.0,0.0,,2026-07-24T11:48:40.327850+08:00
2059,2022-05-10,-15124.0,-71855.0,102000.0,15021.0,396.0,0.0,30.0,-1.0,,2026-07-24T11:48:40.327850+08:00
2059,2022-05-11,5649.0,12455.0,50000.0,68104.0,403.0,0.0,7.0,0.0,,2026-07-24T11:48:40.327850+08:00
2059,2022-05-12,10490.0,97000.0,133000.0,240490.0,382.0,0.0,-21.0,0.0,,2026-07-24T11:48:40.327850+08:00
2059,2022-05-13,15002.0,-103000.0,115000.0,27002.0,425.0,1.0,43.0,1.0,,2026-07-24T11:48:40.327850+08:00
2059,2022-05-16,7000.0,-59060.0,0.0,-52060.0,474.0,2.0,49.0,1.0,,2026-07-24T11:48:40.327850+08:00
2059,2022-05-17,15001.0,30000.0,0.0,45001.0,455.0,3.0,-19.0,1.0,,2026-07-24T11:48:40.327850+08:00
2059,2022-05-18,-7998.0,75369.0,0.0,67371.0,428.0,2.0,-27.0,-1.0,,2026-07-24T11:48:40.327850+08:00
2059,2022-05-19,1000.0,73000.0,0.0,74000.0,392.0,5.0,-36.0,3.0,,2026-07-24T11:48:40.327850+08:00
2059,2022-05-20,5000.0,10000.0,37000.0,52000.0,346.0,5.0,-46.0,0.0,,2026-07-24T11:48:40.327850+08:00
2059,2022-05-23,1000.0,-27000.0,39000.0,13000.0,338.0,5.0,-8.0,0.0,,2026-07-24T11:48:40.327850+08:00
2059,2022-05-24,-1.0,-5000.0,-31000.0,-36001.0,334.0,4.0,-4.0,-1.0,,2026-07-24T11:48:40.327850+08:00
2059,2022-05-25,11000.0,40239.0,-22000.0,29239.0,317.0,5.0,-17.0,1.0,,2026-07-24T11:48:40.327850+08:00
2059,2022-05-26,-963.0,-29000.0,0.0,-29963.0,311.0,4.0,-6.0,-1.0,,2026-07-24T11:48:40.327850+08:00
2059,2022-05-27,-3976.0,-6000.0,1000.0,-8976.0,320.0,3.0,9.0,-1.0,,2026-07-24T11:48:40.327850+08:00
2059,2022-05-30,5013.0,-17000.0,50000.0,38013.0,302.0,3.0,-18.0,0.0,,2026-07-24T11:48:40.327850+08:00
2059,2022-05-31,-19737.0,-5000.0,31000.0,6263.0,322.0,6.0,20.0,3.0,,2026-07-24T11:48:40.327850+08:00
2059,2022-06-01,1999.0,-55000.0,0.0,-53001.0,318.0,6.0,-4.0,0.0,,2026-07-24T11:48:40.327850+08:00
2059,2022-06-02,-2001.0,-37288.0,0.0,-39289.0,319.0,6.0,1.0,0.0,,2026-07-24T11:48:40.327850+08:00
2059,2022-06-06,-6360.0,-51000.0,0.0,-57360.0,320.0,6.0,1.0,0.0,,2026-07-24T11:48:40.327850+08:00
2059,2022-06-07,7274.0,28000.0,0.0,35274.0,316.0,6.0,-4.0,0.0,,2026-07-24T11:48:40.327850+08:00
2059,2022-06-08,10841.0,44585.0,5000.0,60426.0,339.0,7.0,23.0,1.0,,2026-07-24T11:48:40.327850+08:00
2059,2022-06-09,2000.0,-23000.0,5000.0,-16000.0,335.0,7.0,-4.0,0.0,,2026-07-24T11:48:40.327850+08:00
2059,2022-06-10,4999.0,-43000.0,29000.0,-9001.0,317.0,6.0,-18.0,-1.0,,2026-07-24T11:48:40.327850+08:00
2059,2022-06-13,-22044.0,-55000.0,0.0,-77044.0,310.0,3.0,-7.0,-3.0,,2026-07-24T11:48:40.327850+08:00
2059,2022-06-14,1700.0,-30000.0,0.0,-28300.0,303.0,2.0,-7.0,-1.0,,2026-07-24T11:48:40.327850+08:00
2059,2022-06-15,-3746.0,-50064.0,4000.0,-49810.0,301.0,3.0,-2.0,1.0,,2026-07-24T11:48:40.327850+08:00
2059,2022-06-16,-9736.0,9000.0,0.0,-736.0,305.0,2.0,4.0,-1.0,,2026-07-24T11:48:40.327850+08:00
2059,2022-06-17,-3889.0,-20000.0,0.0,-23889.0,308.0,3.0,3.0,1.0,,2026-07-24T11:48:40.327850+08:00
2059,2022-06-20,1895.0,-12000.0,5000.0,-5105.0,314.0,4.0,6.0,1.0,,2026-07-24T11:48:40.327850+08:00
2059,2022-06-21,9285.0,7000.0,0.0,16285.0,321.0,3.0,7.0,-1.0,,2026-07-24T11:48:40.327850+08:00
2059,2022-06-22,3616.0,-16328.0,0.0,-12712.0,312.0,1.0,-9.0,-2.0,,2026-07-24T11:48:40.327850+08:00
2059,2022-06-23,6887.0,34000.0,0.0,40887.0,307.0,2.0,-5.0,1.0,,2026-07-24T11:48:40.327850+08:00
2059,2022-06-24,21858.0,-27000.0,17000.0,11858.0,303.0,1.0,-4.0,-1.0,,2026-07-24T11:48:40.327850+08:00
2059,2022-06-27,6707.0,-23000.0,0.0,-16293.0,314.0,1.0,11.0,0.0,,2026-07-24T11:48:40.327850+08:00
2059,2022-06-28,-1668.0,-12000.0,0.0,-13668.0,316.0,1.0,2.0,0.0,,2026-07-24T11:48:40.327850+08:00
2059,2022-06-29,-2130.0,-579.0,0.0,-2709.0,315.0,1.0,-1.0,0.0,,2026-07-24T11:48:40.327850+08:00
2059,2022-06-30,297.0,-30000.0,0.0,-29703.0,317.0,1.0,2.0,0.0,,2026-07-24T11:48:40.327850+08:00
2059,2022-07-01,7498.0,29000.0,-50000.0,-13502.0,311.0,0.0,-6.0,-1.0,,2026-07-24T11:48:40.327850+08:00
2059,2022-07-04,9998.0,-20000.0,0.0,-10002.0,310.0,0.0,-1.0,0.0,,2026-07-24T11:48:40.327850+08:00
2059,2022-07-05,9987.0,-35000.0,29000.0,3987.0,309.0,1.0,-1.0,1.0,,2026-07-24T11:48:40.327850+08:00
2059,2022-07-06,3688.0,-31000.0,23000.0,-4312.0,311.0,1.0,2.0,0.0,,2026-07-24T11:48:40.327850+08:00
2059,2022-07-07,1888.0,28554.0,34000.0,64442.0,311.0,1.0,0.0,0.0,,2026-07-24T11:48:40.327850+08:00
2059,2022-07-08,-3684.0,-26598.0,0.0,-30282.0,308.0,1.0,-3.0,0.0,,2026-07-24T11:48:40.327850+08:00
2059,2022-07-11,2571.0,-30000.0,12000.0,-15429.0,315.0,0.0,7.0,-1.0,,2026-07-24T11:48:40.327850+08:00
2059,2022-07-12,16.0,-24000.0,0.0,-23984.0,318.0,2.0,3.0,2.0,,2026-07-24T11:48:40.327850+08:00
2059,2022-07-13,9490.0,-48680.0,0.0,-39190.0,319.0,2.0,1.0,0.0,,2026-07-24T11:48:40.327850+08:00
2059,2022-07-14,-675.0,39000.0,0.0,38325.0,330.0,2.0,11.0,0.0,,2026-07-24T11:48:40.327850+08:00
2059,2022-07-15,-21.0,-39761.0,29000.0,-10782.0,342.0,1.0,12.0,-1.0,,2026-07-24T11:48:40.327850+08:00
2059,2022-07-18,10023.0,33000.0,1000.0,44023.0,352.0,1.0,10.0,0.0,,2026-07-24T11:48:40.327850+08:00
2059,2022-07-19,1972.0,9000.0,0.0,10972.0,355.0,1.0,3.0,0.0,,2026-07-24T11:48:40.327850+08:00
2059,2022-07-20,1999.0,49510.0,25000.0,76509.0,340.0,1.0,-15.0,0.0,,2026-07-24T11:48:40.327850+08:00
2059,2022-07-21,5738.0,115940.0,7000.0,128678.0,326.0,1.0,-14.0,0.0,,2026-07-24T11:48:40.327850+08:00
2059,2022-07-22,-4533.0,47000.0,0.0,42467.0,315.0,1.0,-11.0,0.0,,2026-07-24T11:48:40.327850+08:00
2059,2022-07-25,0.0,31000.0,28000.0,59000.0,314.0,1.0,-1.0,0.0,,2026-07-24T11:48:40.327850+08:00
2059,2022-07-26,-6011.0,11000.0,118000.0,122989.0,328.0,1.0,14.0,0.0,,2026-07-24T11:48:40.327850+08:00
2059,2022-07-27,19000.0,68730.0,114000.0,201730.0,321.0,1.0,-7.0,0.0,,2026-07-24T11:48:40.327850+08:00
2059,2022-07-28,-1000.0,142000.0,50000.0,191000.0,352.0,0.0,31.0,-1.0,,2026-07-24T11:48:40.327850+08:00
2059,2022-07-29,5537.0,-26000.0,3000.0,-17463.0,362.0,0.0,10.0,0.0,,2026-07-24T11:48:40.327850+08:00
2059,2022-08-01,10940.0,-14000.0,-20000.0,-23060.0,362.0,0.0,0.0,0.0,,2026-07-24T11:48:40.327850+08:00
2059,2022-08-02,-2948.0,-30000.0,106000.0,73052.0,355.0,1.0,-7.0,1.0,,2026-07-24T11:48:40.327850+08:00
2059,2022-08-03,6422.0,-27358.0,0.0,-20936.0,361.0,4.0,6.0,3.0,,2026-07-24T11:48:40.327850+08:00
2059,2022-08-04,-8940.0,-23000.0,0.0,-31940.0,355.0,5.0,-6.0,1.0,,2026-07-24T11:48:40.327850+08:00
2059,2022-08-05,-747.0,-52400.0,0.0,-53147.0,379.0,5.0,24.0,0.0,,2026-07-24T11:48:40.327850+08:00
2059,2022-08-08,1711.0,297240.0,23000.0,321951.0,372.0,5.0,-7.0,0.0,,2026-07-24T11:48:40.327850+08:00
2059,2022-08-09,-4907.0,201000.0,46000.0,242093.0,409.0,8.0,37.0,3.0,,2026-07-24T11:48:40.327850+08:00
2059,2022-08-10,-15791.0,-124032.0,-46000.0,-185823.0,414.0,6.0,5.0,-2.0,,2026-07-24T11:48:40.327850+08:00
2059,2022-08-11,-3102.0,40000.0,-8000.0,28898.0,403.0,6.0,-11.0,0.0,,2026-07-24T11:48:40.327850+08:00
2059,2022-08-12,999.0,-39000.0,-31000.0,-69001.0,408.0,6.0,5.0,0.0,,2026-07-24T11:48:40.327850+08:00
2059,2022-08-15,-24344.0,88000.0,-31000.0,32656.0,437.0,6.0,29.0,0.0,,2026-07-24T11:48:40.327850+08:00
2059,2022-08-16,-7000.0,110000.0,50000.0,153000.0,434.0,6.0,-3.0,0.0,,2026-07-24T11:48:40.327850+08:00
2059,2022-08-17,-17884.0,-26056.0,-67000.0,-110940.0,453.0,6.0,19.0,0.0,,2026-07-24T11:48:40.327850+08:00
2059,2022-08-18,28086.0,82922.0,0.0,111008.0,489.0,9.0,36.0,3.0,,2026-07-24T11:48:40.327850+08:00
2059,2022-08-19,12334.0,-37000.0,-31000.0,-55666.0,481.0,7.0,-8.0,-2.0,,2026-07-24T11:48:40.327850+08:00
2059,2022-08-22,12367.0,-8000.0,-30000.0,-25633.0,488.0,4.0,7.0,-3.0,,2026-07-24T11:48:40.327850+08:00
2059,2022-08-23,-14330.0,-5000.0,20000.0,670.0,464.0,5.0,-24.0,1.0,,2026-07-24T11:48:40.327850+08:00
2059,2022-08-24,-3933.0,85000.0,26000.0,107067.0,428.0,0.0,-36.0,-5.0,,2026-07-24T11:48:40.327850+08:00
2059,2022-08-25,-1108.0,92536.0,-20000.0,71428.0,439.0,0.0,11.0,0.0,,2026-07-24T11:48:40.327850+08:00
2059,2022-08-26,22035.0,-45000.0,19000.0,-3965.0,416.0,0.0,-23.0,0.0,,2026-07-24T11:48:40.327850+08:00
2059,2022-08-29,-1323.0,-23000.0,8000.0,-16323.0,410.0,0.0,-6.0,0.0,,2026-07-24T11:48:40.327850+08:00
2059,2022-08-30,886.0,-128600.0,45000.0,-82714.0,421.0,0.0,11.0,0.0,,2026-07-24T11:48:40.327850+08:00
2059,2022-08-31,3839.0,-51000.0,17000.0,-30161.0,432.0,0.0,11.0,0.0,,2026-07-24T11:48:40.327850+08:00
2059,2022-09-01,-11389.0,22598.0,13000.0,24209.0,410.0,1.0,-22.0,1.0,,2026-07-24T11:48:40.327850+08:00
2059,2022-09-02,4339.0,-6242.0,0.0,-1903.0,440.0,0.0,30.0,-1.0,,2026-07-24T11:48:40.327850+08:00
2059,2022-09-05,-5995.0,11000.0,7000.0,12005.0,435.0,0.0,-5.0,0.0,,2026-07-24T11:48:40.327850+08:00
2059,2022-09-06,2338.0,0.0,5000.0,7338.0,437.0,0.0,2.0,0.0,,2026-07-24T11:48:40.327850+08:00
2059,2022-09-07,-10211.0,25000.0,10000.0,24789.0,407.0,2.0,-30.0,2.0,,2026-07-24T11:48:40.327850+08:00
2059,2022-09-08,1191.0,19000.0,10000.0,30191.0,410.0,2.0,3.0,0.0,,2026-07-24T11:48:40.327850+08:00
2059,2022-09-12,7959.0,-12000.0,0.0,-4041.0,427.0,2.0,17.0,0.0,,2026-07-24T11:48:40.327850+08:00
2059,2022-09-13,-1150.0,5527.0,24000.0,28377.0,434.0,2.0,7.0,0.0,,2026-07-24T11:48:40.327850+08:00
2059,2022-09-14,-2400.0,-5000.0,0.0,-7400.0,434.0,4.0,0.0,2.0,,2026-07-24T11:48:40.327850+08:00
2059,2022-09-15,-4427.0,204979.0,77000.0,277552.0,444.0,2.0,10.0,-2.0,,2026-07-24T11:48:40.327850+08:00
2059,2022-09-16,-6281.0,-61203.0,125000.0,57516.0,471.0,2.0,27.0,0.0,,2026-07-24T11:48:40.327850+08:00
2059,2022-09-19,-4000.0,-55000.0,45000.0,-14000.0,464.0,2.0,-7.0,0.0,,2026-07-24T11:48:40.327850+08:00
2059,2022-09-20,11309.0,-1900.0,0.0,9409.0,454.0,2.0,-10.0,0.0,,2026-07-24T11:48:40.327850+08:00
2059,2022-09-21,-28829.0,117000.0,0.0,88171.0,460.0,2.0,6.0,0.0,,2026-07-24T11:48:40.327850+08:00
2059,2022-09-22,5759.0,66000.0,0.0,71759.0,472.0,2.0,12.0,0.0,,2026-07-24T11:48:40.327850+08:00
2059,2022-09-23,18945.0,25000.0,33000.0,76945.0,473.0,2.0,1.0,0.0,,2026-07-24T11:48:40.327850+08:00
2059,2022-09-26,3964.0,25652.0,154000.0,183616.0,466.0,3.0,-7.0,1.0,,2026-07-24T11:48:40.327850+08:00
2059,2022-09-27,-20981.0,8579.0,136000.0,123598.0,478.0,3.0,12.0,0.0,,2026-07-24T11:48:40.327850+08:00
2059,2022-09-28,-1974.0,-58000.0,96000.0,36026.0,474.0,3.0,-4.0,0.0,,2026-07-24T11:48:40.327850+08:00
2059,2022-09-29,-13893.0,117000.0,35000.0,138107.0,447.0,3.0,-27.0,0.0,,2026-07-24T11:48:40.327850+08:00
2059,2022-09-30,-4007.0,-14100.0,142000.0,123893.0,444.0,4.0,-3.0,1.0,,2026-07-24T11:48:40.327850+08:00
2059,2022-10-03,6001.0,-72000.0,283000.0,217001.0,386.0,5.0,-58.0,1.0,,2026-07-24T11:48:40.327850+08:00
2059,2022-10-04,7539.0,320000.0,208000.0,535539.0,449.0,5.0,63.0,0.0,,2026-07-24T11:48:40.327850+08:00
2059,2022-10-05,-4701.0,-93000.0,109000.0,11299.0,508.0,5.0,59.0,0.0,,2026-07-24T11:48:40.327850+08:00
2059,2022-10-06,300.0,-50000.0,8000.0,-41700.0,541.0,5.0,33.0,0.0,,2026-07-24T11:48:40.327850+08:00
2059,2022-10-07,-12847.0,-25000.0,-1000.0,-38847.0,580.0,6.0,39.0,1.0,,2026-07-24T11:48:40.327850+08:00
2059,2022-10-11,3020.0,-4001.0,69000.0,68019.0,525.0,4.0,-55.0,-2.0,,2026-07-24T11:48:40.327850+08:00
2059,2022-10-12,1019.0,-146000.0,3000.0,-141981.0,516.0,4.0,-9.0,0.0,,2026-07-24T11:48:40.327850+08:00
2059,2022-10-13,-17237.0,29000.0,140000.0,151763.0,449.0,3.0,-67.0,-1.0,,2026-07-24T11:48:40.327850+08:00
2059,2022-10-14,7000.0,1000.0,134000.0,142000.0,470.0,2.0,21.0,-1.0,,2026-07-24T11:48:40.327850+08:00
2059,2022-10-17,1000.0,-8000.0,5000.0,-2000.0,452.0,3.0,-18.0,1.0,,2026-07-24T11:48:40.327850+08:00
2059,2022-10-18,-2000.0,49600.0,9000.0,56600.0,443.0,1.0,-9.0,-2.0,,2026-07-24T11:48:40.327850+08:00
2059,2022-10-19,-7983.0,-15963.0,107000.0,83054.0,426.0,1.0,-17.0,0.0,,2026-07-24T11:48:40.327850+08:00
2059,2022-10-20,-8565.0,-97463.0,76000.0,-30028.0,418.0,2.0,-8.0,1.0,,2026-07-24T11:48:40.327850+08:00
2059,2022-10-21,-1630.0,-129000.0,-49000.0,-179630.0,410.0,2.0,-8.0,0.0,,2026-07-24T11:48:40.327850+08:00
2059,2022-10-24,-1016.0,56000.0,-5000.0,49984.0,388.0,1.0,-22.0,-1.0,,2026-07-24T11:48:40.327850+08:00
2059,2022-10-25,27727.0,-19109.0,0.0,8618.0,379.0,3.0,-9.0,2.0,,2026-07-24T11:48:40.327850+08:00
2059,2022-10-26,10677.0,144000.0,-30000.0,124677.0,356.0,4.0,-23.0,1.0,,2026-07-24T11:48:40.327850+08:00
2059,2022-10-27,18000.0,-44000.0,10000.0,-16000.0,364.0,4.0,8.0,0.0,,2026-07-24T11:48:40.327850+08:00
2059,2022-10-28,12000.0,-12000.0,0.0,0.0,368.0,4.0,4.0,0.0,,2026-07-24T11:48:40.327850+08:00
2059,2022-10-31,26000.0,-57771.0,32145.0,374.0,371.0,4.0,3.0,0.0,,2026-07-24T11:48:40.327850+08:00
2059,2022-11-01,12010.0,-23000.0,0.0,-10990.0,370.0,4.0,-1.0,0.0,,2026-07-24T11:48:40.327850+08:00
2059,2022-11-02,3805.0,92000.0,-49000.0,46805.0,432.0,4.0,62.0,0.0,,2026-07-24T11:48:40.327850+08:00
2059,2022-11-03,-29597.0,92021.0,62000.0,124424.0,494.0,4.0,62.0,0.0,,2026-07-24T11:48:40.327850+08:00
2059,2022-11-04,9974.0,-45000.0,6000.0,-29026.0,462.0,4.0,-32.0,0.0,,2026-07-24T11:48:40.327850+08:00
2059,2022-11-07,-12561.0,-213000.0,-73000.0,-298561.0,488.0,4.0,26.0,0.0,,2026-07-24T11:48:40.327850+08:00
2059,2022-11-08,-10623.0,196000.0,-15000.0,170377.0,456.0,4.0,-32.0,0.0,,2026-07-24T11:48:40.327850+08:00
2059,2022-11-09,2000.0,-46600.0,0.0,-44600.0,463.0,5.0,7.0,1.0,,2026-07-24T11:48:40.327850+08:00
2059,2022-11-10,5000.0,10000.0,-40000.0,-25000.0,472.0,12.0,9.0,7.0,,2026-07-24T11:48:40.327850+08:00
2059,2022-11-11,-17569.0,16328.0,-140000.0,-141241.0,490.0,15.0,18.0,3.0,,2026-07-24T11:48:40.327850+08:00
2059,2022-11-14,-836.0,198000.0,-264000.0,-66836.0,547.0,12.0,57.0,-3.0,,2026-07-24T11:48:40.327850+08:00
2059,2022-11-15,-43739.0,-122000.0,-449000.0,-614739.0,640.0,13.0,93.0,1.0,,2026-07-24T11:48:40.327850+08:00
2059,2022-11-16,-28604.0,-111533.0,-175000.0,-315137.0,675.0,10.0,35.0,-3.0,,2026-07-24T11:48:40.327850+08:00
2059,2022-11-17,5695.0,-224153.0,-73000.0,-291458.0,755.0,10.0,80.0,0.0,,2026-07-24T11:48:40.327850+08:00
2059,2022-11-18,2179.0,-187000.0,-64000.0,-248821.0,763.0,9.0,8.0,-1.0,,2026-07-24T11:48:40.327850+08:00
2059,2022-11-21,793.0,-42000.0,-40000.0,-81207.0,764.0,9.0,1.0,0.0,,2026-07-24T11:48:40.327850+08:00
2059,2022-11-22,-826.0,-35400.0,-20000.0,-56226.0,775.0,11.0,11.0,2.0,,2026-07-24T11:48:40.327850+08:00
2059,2022-11-23,-1736.0,27000.0,-119000.0,-93736.0,786.0,11.0,11.0,0.0,,2026-07-24T11:48:40.327850+08:00
2059,2022-11-24,16995.0,12000.0,38000.0,66995.0,810.0,10.0,24.0,-1.0,,2026-07-24T11:48:40.327850+08:00
2059,2022-11-25,-2433.0,-138468.0,3000.0,-137901.0,797.0,10.0,-13.0,0.0,,2026-07-24T11:48:40.327850+08:00
2059,2022-11-28,-14190.0,-5000.0,0.0,-19190.0,808.0,10.0,11.0,0.0,,2026-07-24T11:48:40.327850+08:00
2059,2022-11-29,-9387.0,-36000.0,0.0,-45387.0,816.0,10.0,8.0,0.0,,2026-07-24T11:48:40.327850+08:00
2059,2022-11-30,-5304.0,37000.0,0.0,31696.0,811.0,10.0,-5.0,0.0,,2026-07-24T11:48:40.327850+08:00
2059,2022-12-01,2385.0,38000.0,0.0,40385.0,829.0,2.0,18.0,-8.0,,2026-07-24T11:48:40.327850+08:00
2059,2022-12-02,-14787.0,-57467.0,-24000.0,-96254.0,820.0,2.0,-9.0,0.0,,2026-07-24T11:48:40.327850+08:00
2059,2022-12-05,-13042.0,-25000.0,-101000.0,-139042.0,805.0,3.0,-15.0,1.0,,2026-07-24T11:48:40.327850+08:00
2059,2022-12-06,-6219.0,-1980.0,-96000.0,-104199.0,801.0,5.0,-4.0,2.0,,2026-07-24T11:48:40.327850+08:00
2059,2022-12-07,8348.0,-30000.0,-179000.0,-200652.0,792.0,5.0,-9.0,0.0,,2026-07-24T11:48:40.327850+08:00
2059,2022-12-08,-1101.0,41750.0,-24000.0,16649.0,765.0,6.0,-27.0,1.0,,2026-07-24T11:48:40.327850+08:00
2059,2022-12-09,-399.0,9000.0,0.0,8601.0,765.0,6.0,0.0,0.0,,2026-07-24T11:48:40.327850+08:00
2059,2022-12-12,-4181.0,-42000.0,50000.0,3819.0,779.0,4.0,14.0,-2.0,,2026-07-24T11:48:40.327850+08:00
2059,2022-12-13,-138.0,-27000.0,0.0,-27138.0,766.0,3.0,-13.0,-1.0,,2026-07-24T11:48:40.327850+08:00
2059,2022-12-14,10872.0,-84314.0,41000.0,-32442.0,770.0,3.0,4.0,0.0,,2026-07-24T11:48:40.327850+08:00
2059,2022-12-15,-13989.0,-18000.0,-11000.0,-42989.0,785.0,3.0,15.0,0.0,,2026-07-24T11:48:40.327850+08:00
2059,2022-12-16,-6575.0,24000.0,-1000.0,16425.0,787.0,3.0,2.0,0.0,,2026-07-24T11:48:40.327850+08:00
2059,2022-12-19,-4622.0,-65000.0,13000.0,-56622.0,800.0,3.0,13.0,0.0,,2026-07-24T11:48:40.327850+08:00
2059,2022-12-20,-1086.0,-114672.0,40000.0,-75758.0,802.0,3.0,2.0,0.0,,2026-07-24T11:48:40.327850+08:00
2059,2022-12-21,-2832.0,21328.0,0.0,18496.0,792.0,4.0,-10.0,1.0,,2026-07-24T11:48:40.327850+08:00
2059,2022-12-22,-2879.0,39000.0,50000.0,86121.0,787.0,4.0,-5.0,0.0,,2026-07-24T11:48:40.327850+08:00
2059,2022-12-23,-3001.0,-38688.0,17000.0,-24689.0,788.0,4.0,1.0,0.0,,2026-07-24T11:48:40.327850+08:00
2059,2022-12-26,-2001.0,-23000.0,0.0,-25001.0,787.0,4.0,-1.0,0.0,,2026-07-24T11:48:40.327850+08:00
2059,2022-12-27,1989.0,-39000.0,0.0,-37011.0,785.0,4.0,-2.0,0.0,,2026-07-24T11:48:40.327850+08:00
2059,2022-12-28,-5850.0,-80150.0,-29000.0,-115000.0,778.0,4.0,-7.0,0.0,,2026-07-24T11:48:40.327850+08:00
2059,2022-12-29,1027.0,-35672.0,-21000.0,-55645.0,759.0,4.0,-19.0,0.0,,2026-07-24T11:48:40.327850+08:00
2059,2022-12-30,5606.0,-33000.0,0.0,-27394.0,751.0,4.0,-8.0,0.0,,2026-07-24T11:48:40.327850+08:00
2059,2023-01-03,-1161.0,-51000.0,0.0,-52161.0,755.0,5.0,4.0,1.0,,2026-07-24T11:48:40.327850+08:00
2059,2023-01-04,3032.0,-14438.0,10000.0,-1406.0,763.0,6.0,8.0,1.0,,2026-07-24T11:48:40.327850+08:00
2059,2023-01-05,-5224.0,-57254.0,-75000.0,-137478.0,780.0,4.0,17.0,-2.0,,2026-07-24T11:48:40.327850+08:00
2059,2023-01-06,5745.0,30000.0,-35000.0,745.0,779.0,6.0,-1.0,2.0,,2026-07-24T11:48:40.327850+08:00
2059,2023-01-09,5684.0,-6672.0,-25000.0,-25988.0,824.0,5.0,45.0,-1.0,,2026-07-24T11:48:40.327850+08:00
2059,2023-01-10,2694.0,30492.0,-15000.0,18186.0,834.0,5.0,10.0,0.0,,2026-07-24T11:48:40.327850+08:00
2059,2023-01-11,-1217.0,-41000.0,-33000.0,-75217.0,843.0,5.0,9.0,0.0,,2026-07-24T11:48:40.327850+08:00
2059,2023-01-12,5000.0,105000.0,0.0,110000.0,827.0,2.0,-16.0,-3.0,,2026-07-24T11:48:40.327850+08:00
2059,2023-01-13,2000.0,-89300.0,6000.0,-81300.0,823.0,2.0,-4.0,0.0,,2026-07-24T11:48:40.327850+08:00
2059,2023-01-16,-308.0,-98000.0,-22000.0,-120308.0,847.0,3.0,24.0,1.0,,2026-07-24T11:48:40.327850+08:00
2059,2023-01-17,-1050.0,86984.0,10000.0,95934.0,830.0,1.0,-17.0,-2.0,,2026-07-24T11:48:40.327850+08:00
2059,2023-01-30,884.0,-70540.0,-44000.0,-113656.0,906.0,1.0,76.0,0.0,,2026-07-24T11:48:40.327850+08:00
2059,2023-01-31,-10964.0,-15325.0,-55000.0,-81289.0,917.0,1.0,11.0,0.0,,2026-07-24T11:48:40.327850+08:00
2059,2023-02-01,14469.0,-346000.0,-26000.0,-357531.0,984.0,1.0,67.0,0.0,,2026-07-24T11:48:40.327850+08:00
2059,2023-02-02,24529.0,242148.0,-79000.0,187677.0,976.0,1.0,-8.0,0.0,,2026-07-24T11:48:40.327850+08:00
2059,2023-02-03,-14003.0,-57000.0,-5000.0,-76003.0,1010.0,1.0,34.0,0.0,,2026-07-24T11:48:40.327850+08:00
2059,2023-02-06,459.0,-76000.0,-5000.0,-80541.0,992.0,1.0,-18.0,0.0,,2026-07-24T11:48:40.327850+08:00
2059,2023-02-07,-5273.0,-100906.0,-15000.0,-121179.0,989.0,1.0,-3.0,0.0,,2026-07-24T11:48:40.327850+08:00
2059,2023-02-08,-6024.0,-23000.0,0.0,-29024.0,985.0,1.0,-4.0,0.0,,2026-07-24T11:48:40.327850+08:00
2059,2023-02-09,-868.0,-92000.0,-5000.0,-97868.0,990.0,1.0,5.0,0.0,,2026-07-24T11:48:40.327850+08:00
2059,2023-02-10,3312.0,-102212.0,0.0,-98900.0,992.0,3.0,2.0,2.0,,2026-07-24T11:48:40.327850+08:00
2059,2023-02-13,-5965.0,-60000.0,-8000.0,-73965.0,999.0,3.0,7.0,0.0,,2026-07-24T11:48:40.327850+08:00
2059,2023-02-14,-772.0,-30000.0,0.0,-30772.0,1015.0,3.0,16.0,0.0,,2026-07-24T11:48:40.327850+08:00
2059,2023-02-15,6764.0,-95000.0,-53000.0,-141236.0,1040.0,3.0,25.0,0.0,,2026-07-24T11:48:40.327850+08:00
2059,2023-02-16,4024.0,159871.0,-43000.0,120895.0,1030.0,3.0,-10.0,0.0,,2026-07-24T11:48:40.327850+08:00
2059,2023-02-17,8520.0,249000.0,8000.0,265520.0,984.0,4.0,-46.0,1.0,,2026-07-24T11:48:40.327850+08:00
2059,2023-02-20,0.0,-37040.0,0.0,-37040.0,998.0,4.0,14.0,0.0,,2026-07-24T11:48:40.327850+08:00
2059,2023-02-21,10000.0,0.0,5000.0,15000.0,996.0,4.0,-2.0,0.0,,2026-07-24T11:48:40.327850+08:00
2059,2023-02-22,-7000.0,-24000.0,4000.0,-27000.0,1009.0,4.0,13.0,0.0,,2026-07-24T11:48:40.327850+08:00
2059,2023-02-23,0.0,-19000.0,0.0,-19000.0,1021.0,3.0,12.0,-1.0,,2026-07-24T11:48:40.327850+08:00
2059,2023-02-24,31269.0,204146.0,1000.0,236415.0,1100.0,3.0,79.0,0.0,,2026-07-24T11:48:40.327850+08:00
2059,2023-03-01,5938.0,-511687.0,8000.0,-497749.0,1149.0,3.0,49.0,0.0,,2026-07-24T11:48:40.327850+08:00
2059,2023-03-02,-9078.0,-117221.0,8000.0,-118299.0,1148.0,3.0,-1.0,0.0,,2026-07-24T11:48:40.327850+08:00
2059,2023-03-03,4569.0,-139999.0,0.0,-135430.0,1147.0,4.0,-1.0,1.0,,2026-07-24T11:48:40.327850+08:00
2059,2023-03-06,7359.0,-89000.0,-1000.0,-82641.0,1155.0,4.0,8.0,0.0,,2026-07-24T11:48:40.327850+08:00
2059,2023-03-07,-2767.0,-114999.0,3000.0,-114766.0,1151.0,3.0,-4.0,-1.0,,2026-07-24T11:48:40.327850+08:00
2059,2023-03-08,-2998.0,20000.0,1000.0,18002.0,1140.0,3.0,-11.0,0.0,,2026-07-24T11:48:40.327850+08:00
2059,2023-03-09,-435.0,-120000.0,0.0,-120435.0,1189.0,3.0,49.0,0.0,,2026-07-24T11:48:40.327850+08:00
2059,2023-03-10,351.0,-179671.0,9000.0,-170320.0,1257.0,1.0,68.0,-2.0,,2026-07-24T11:48:40.327850+08:00
2059,2023-03-13,-7634.0,-239571.0,0.0,-247205.0,1299.0,2.0,42.0,1.0,,2026-07-24T11:48:40.327850+08:00
2059,2023-03-14,-7976.0,-176179.0,-26000.0,-210155.0,1330.0,3.0,31.0,1.0,,2026-07-24T11:48:40.327850+08:00
2059,2023-03-15,-6575.0,-118000.0,-1000.0,-125575.0,1343.0,3.0,13.0,0.0,,2026-07-24T11:48:40.327850+08:00
2059,2023-03-16,-7556.0,-47999.0,-21000.0,-76555.0,1368.0,8.0,25.0,5.0,,2026-07-24T11:48:40.327850+08:00
2059,2023-03-17,-6274.0,-183714.0,-29000.0,-218988.0,1414.0,8.0,46.0,0.0,,2026-07-24T11:48:40.327850+08:00
2059,2023-03-20,994.0,-29900.0,-12000.0,-40906.0,1426.0,11.0,12.0,3.0,,2026-07-24T11:48:40.327850+08:00
2059,2023-03-21,-11512.0,58000.0,0.0,46488.0,1409.0,11.0,-17.0,0.0,,2026-07-24T11:48:40.327850+08:00
2059,2023-03-22,17994.0,129000.0,0.0,146994.0,1378.0,5.0,-31.0,-6.0,,2026-07-24T11:48:40.327850+08:00
2059,2023-03-23,22059.0,-179000.0,0.0,-156941.0,1432.0,5.0,54.0,0.0,,2026-07-24T11:48:40.327850+08:00
2059,2023-03-24,70064.0,-122840.0,-65000.0,-117776.0,1488.0,5.0,56.0,0.0,,2026-07-24T11:48:40.327850+08:00
2059,2023-03-27,26312.0,-38000.0,-4000.0,-15688.0,1486.0,5.0,-2.0,0.0,,2026-07-24T11:48:40.327850+08:00
2059,2023-03-28,-12000.0,135000.0,-10000.0,113000.0,1488.0,5.0,2.0,0.0,,2026-07-24T11:48:40.327850+08:00
2059,2023-03-29,2990.0,27000.0,0.0,29990.0,1483.0,6.0,-5.0,1.0,,2026-07-24T11:48:40.327850+08:00
2059,2023-03-30,-6359.0,91284.0,-17000.0,67925.0,1492.0,5.0,9.0,-1.0,,2026-07-24T11:48:40.327850+08:00
2059,2023-03-31,1000.0,108521.0,0.0,109521.0,1485.0,5.0,-7.0,0.0,,2026-07-24T11:48:40.327850+08:00
2059,2023-04-06,-4204.0,-38672.0,0.0,-42876.0,1480.0,3.0,-5.0,-2.0,,2026-07-24T11:48:40.327850+08:00
2059,2023-04-07,-1820.0,26000.0,0.0,24180.0,1458.0,3.0,-22.0,0.0,,2026-07-24T11:48:40.327850+08:00
2059,2023-04-10,88029.0,472025.0,48000.0,608054.0,1492.0,4.0,34.0,1.0,,2026-07-24T11:48:40.327850+08:00
2059,2023-04-11,-25308.0,139003.0,70000.0,183695.0,1523.0,4.0,31.0,0.0,,2026-07-24T11:48:40.327850+08:00
2059,2023-04-12,33838.0,274382.0,85000.0,393220.0,1467.0,3.0,-56.0,-1.0,,2026-07-24T11:48:40.327850+08:00
2059,2023-04-13,-29232.0,136312.0,90000.0,197080.0,1478.0,4.0,11.0,1.0,,2026-07-24T11:48:40.327850+08:00
2059,2023-04-14,13000.0,-42000.0,12000.0,-17000.0,1512.0,3.0,34.0,-1.0,,2026-07-24T11:48:40.327850+08:00
2059,2023-04-17,19086.0,-178000.0,0.0,-158914.0,1590.0,1.0,78.0,-2.0,,2026-07-24T11:48:40.327850+08:00
2059,2023-04-18,-1382.0,-223961.0,-1000.0,-226343.0,1694.0,3.0,104.0,2.0,,2026-07-24T11:48:40.327850+08:00
2059,2023-04-19,842.0,135980.0,463000.0,599822.0,1703.0,3.0,9.0,0.0,,2026-07-24T11:48:40.327850+08:00
2059,2023-04-20,-93576.0,-437007.0,104000.0,-426583.0,1807.0,0.0,104.0,-3.0,,2026-07-24T11:48:40.327850+08:00
2059,2023-04-21,9436.0,-143030.0,2000.0,-131594.0,1796.0,0.0,-11.0,0.0,,2026-07-24T11:48:40.327850+08:00
2059,2023-04-24,18153.0,-82000.0,4000.0,-59847.0,1816.0,0.0,20.0,0.0,,2026-07-24T11:48:40.327850+08:00
2059,2023-04-25,-7293.0,-85000.0,144000.0,51707.0,1772.0,0.0,-44.0,0.0,,2026-07-24T11:48:40.327850+08:00
2059,2023-04-26,-15300.0,158000.0,0.0,142700.0,1743.0,0.0,-29.0,0.0,,2026-07-24T11:48:40.327850+08:00
2059,2023-04-27,-5000.0,-91000.0,22000.0,-74000.0,1681.0,0.0,-62.0,0.0,,2026-07-24T11:48:40.327850+08:00
2059,2023-04-28,-2000.0,59000.0,8000.0,65000.0,1559.0,0.0,-122.0,0.0,,2026-07-24T11:48:40.327850+08:00
2059,2023-05-02,1000.0,157452.0,-52000.0,106452.0,1496.0,0.0,-63.0,0.0,,2026-07-24T11:48:40.327850+08:00
2059,2023-05-03,1865.0,-48000.0,12000.0,-34135.0,1503.0,0.0,7.0,0.0,,2026-07-24T11:48:40.327850+08:00
2059,2023-05-04,2331.0,-14797.0,0.0,-12466.0,1550.0,0.0,47.0,0.0,,2026-07-24T11:48:40.327850+08:00
2059,2023-05-05,-1214.0,17000.0,0.0,15786.0,1598.0,0.0,48.0,0.0,,2026-07-24T11:48:40.327850+08:00
2059,2023-05-08,173501.0,249086.0,94000.0,516587.0,1541.0,0.0,-57.0,0.0,,2026-07-24T11:48:40.327850+08:00
2059,2023-05-09,1681.0,-211000.0,57000.0,-152319.0,1548.0,0.0,7.0,0.0,,2026-07-24T11:48:40.327850+08:00
2059,2023-05-10,1529.0,-44836.0,0.0,-43307.0,1557.0,0.0,9.0,0.0,,2026-07-24T11:48:40.327850+08:00
2059,2023-05-11,19885.0,-81760.0,-12000.0,-73875.0,1574.0,0.0,17.0,0.0,,2026-07-24T11:48:40.327850+08:00
2059,2023-05-12,-14965.0,-25000.0,2000.0,-37965.0,1587.0,0.0,13.0,0.0,,2026-07-24T11:48:40.327850+08:00
2059,2023-05-15,28000.0,1000.0,37000.0,66000.0,1578.0,0.0,-9.0,0.0,,2026-07-24T11:48:40.327850+08:00
2059,2023-05-16,14863.0,508000.0,159000.0,681863.0,1440.0,2.0,-138.0,2.0,,2026-07-24T11:48:40.327850+08:00
2059,2023-05-17,-3444.0,-109000.0,2000.0,-110444.0,1525.0,1.0,85.0,-1.0,,2026-07-24T11:48:40.327850+08:00
2059,2023-05-18,113048.0,-63000.0,-72000.0,-21952.0,1635.0,0.0,110.0,-1.0,,2026-07-24T11:48:40.327850+08:00
2059,2023-05-19,3044.0,-40160.0,-41000.0,-78116.0,1703.0,0.0,68.0,0.0,,2026-07-24T11:48:40.327850+08:00
2059,2023-05-22,13309.0,51000.0,-32000.0,32309.0,1824.0,0.0,121.0,0.0,,2026-07-24T11:48:40.327850+08:00
2059,2023-05-23,22527.0,27400.0,-51000.0,-1073.0,1869.0,1.0,45.0,1.0,,2026-07-24T11:48:40.327850+08:00
2059,2023-05-24,822.0,-41000.0,0.0,-40178.0,1943.0,1.0,74.0,0.0,,2026-07-24T11:48:40.327850+08:00
2059,2023-05-25,48295.0,83000.0,-66000.0,65295.0,2057.0,0.0,114.0,-1.0,,2026-07-24T11:48:40.327850+08:00
2059,2023-05-26,11160.0,8000.0,20000.0,39160.0,2369.0,0.0,312.0,0.0,,2026-07-24T11:48:40.327850+08:00
2059,2023-05-29,120379.0,286000.0,0.0,406379.0,2589.0,7.0,220.0,7.0,,2026-07-24T11:48:40.327850+08:00
2059,2023-05-30,58988.0,-613750.0,0.0,-554762.0,2614.0,1.0,25.0,-6.0,,2026-07-24T11:48:40.327850+08:00
2059,2023-05-31,76487.0,82462.0,-3000.0,155949.0,2576.0,0.0,-38.0,-1.0,,2026-07-24T11:48:40.327850+08:00
2059,2023-06-01,11260.0,224815.0,-2000.0,234075.0,2508.0,0.0,-68.0,0.0,,2026-07-24T11:48:40.327850+08:00
2059,2023-06-02,-6898.0,-61000.0,-112000.0,-179898.0,2621.0,0.0,113.0,0.0,,2026-07-24T11:48:40.327850+08:00
2059,2023-06-05,-70210.0,90000.0,0.0,19790.0,2576.0,0.0,-45.0,0.0,,2026-07-24T11:48:40.327850+08:00
2059,2023-06-06,-43090.0,-151000.0,0.0,-194090.0,2490.0,1.0,-86.0,1.0,,2026-07-24T11:48:40.327850+08:00
2059,2023-06-07,-5148.0,56960.0,-100000.0,-48188.0,2499.0,11.0,9.0,10.0,,2026-07-24T11:48:40.327850+08:00
2059,2023-06-08,-20659.0,-37000.0,71000.0,13341.0,2469.0,11.0,-30.0,0.0,,2026-07-24T11:48:40.327850+08:00
2059,2023-06-09,99000.0,-21000.0,57000.0,135000.0,2416.0,12.0,-53.0,1.0,,2026-07-24T11:48:40.327850+08:00
2059,2023-06-12,25135.0,-216000.0,-45000.0,-235865.0,2407.0,15.0,-9.0,3.0,,2026-07-24T11:48:40.327850+08:00
2059,2023-06-13,-11287.0,-347000.0,-60000.0,-418287.0,2375.0,13.0,-32.0,-2.0,,2026-07-24T11:48:40.327850+08:00
2059,2023-06-14,10000.0,58946.0,-79000.0,-10054.0,2361.0,13.0,-14.0,0.0,,2026-07-24T11:48:40.327850+08:00
2059,2023-06-15,-1484.0,291914.0,-18000.0,272430.0,2341.0,13.0,-20.0,0.0,,2026-07-24T11:48:40.327850+08:00
2059,2023-06-16,954.0,-22000.0,-95000.0,-116046.0,2241.0,14.0,-100.0,1.0,,2026-07-24T11:48:40.327850+08:00
2059,2023-06-19,-1000.0,89000.0,-51000.0,37000.0,2204.0,14.0,-37.0,0.0,,2026-07-24T11:48:40.327850+08:00
2059,2023-06-20,64569.0,76000.0,183000.0,323569.0,2850.0,28.0,646.0,14.0,,2026-07-24T11:48:40.327850+08:00
2059,2023-06-21,-8000.0,-188100.0,2000.0,-194100.0,2925.0,36.0,75.0,8.0,,2026-07-24T11:48:40.327850+08:00
2059,2023-06-26,226259.0,-4715.0,27000.0,248544.0,2999.0,312.0,74.0,276.0,,2026-07-24T11:48:40.327850+08:00
2059,2023-06-27,-66256.0,420850.0,81000.0,435594.0,2815.0,279.0,-184.0,-33.0,,2026-07-24T11:48:40.327850+08:00
2059,2023-06-28,113144.0,-405000.0,30000.0,-261856.0,3376.0,182.0,561.0,-97.0,,2026-07-24T11:48:40.327850+08:00
2059,2023-06-29,-13000.0,-31000.0,-26000.0,-70000.0,3429.0,165.0,53.0,-17.0,,2026-07-24T11:48:40.327850+08:00
2059,2023-06-30,59000.0,-223000.0,4000.0,-160000.0,3747.0,149.0,318.0,-16.0,,2026-07-24T11:48:40.327850+08:00
2059,2023-07-03,100778.0,-1764.0,0.0,99014.0,3861.0,200.0,114.0,51.0,,2026-07-24T11:48:40.327850+08:00
2059,2023-07-04,18000.0,54000.0,5000.0,77000.0,3730.0,145.0,-131.0,-55.0,,2026-07-24T11:48:40.327850+08:00
2059,2023-07-05,32000.0,-112000.0,-6000.0,-86000.0,3691.0,129.0,-39.0,-16.0,,2026-07-24T11:48:40.327850+08:00
2059,2023-07-06,20397.0,-14000.0,0.0,6397.0,3630.0,125.0,-61.0,-4.0,,2026-07-24T11:48:40.327850+08:00
2059,2023-07-07,53000.0,111000.0,-15000.0,149000.0,3594.0,124.0,-36.0,-1.0,,2026-07-24T11:48:40.327850+08:00
2059,2023-07-10,25003.0,-155210.0,-8000.0,-138207.0,3580.0,124.0,-14.0,0.0,,2026-07-24T11:48:40.327850+08:00
2059,2023-07-11,13971.0,-32700.0,-16000.0,-34729.0,3566.0,123.0,-14.0,-1.0,,2026-07-24T11:48:40.327850+08:00
2059,2023-07-12,103400.0,-174000.0,0.0,-70600.0,3556.0,123.0,-10.0,0.0,,2026-07-24T11:48:40.327850+08:00
2059,2023-07-13,110031.0,41285.0,0.0,151316.0,3508.0,122.0,-48.0,-1.0,,2026-07-24T11:48:40.327850+08:00
2059,2023-07-14,60735.0,-58000.0,-7000.0,-4265.0,3496.0,120.0,-12.0,-2.0,,2026-07-24T11:48:40.327850+08:00
2059,2023-07-17,53000.0,-143000.0,-6000.0,-96000.0,3520.0,118.0,24.0,-2.0,,2026-07-24T11:48:40.327850+08:00
2059,2023-07-18,-81968.0,-654245.0,581000.0,-155213.0,4229.0,117.0,709.0,-1.0,,2026-07-24T11:48:40.327850+08:00
2059,2023-07-19,-147267.0,-194423.0,346000.0,4310.0,4709.0,170.0,480.0,53.0,,2026-07-24T11:48:40.327850+08:00
2059,2023-07-20,41649.0,-241867.0,477000.0,276782.0,4595.0,151.0,-114.0,-19.0,,2026-07-24T11:48:40.327850+08:00
2059,2023-07-21,95732.0,-438093.0,128000.0,-214361.0,4658.0,150.0,63.0,-1.0,,2026-07-24T11:48:40.327850+08:00
2059,2023-07-24,-95774.0,-133000.0,136000.0,-92774.0,4730.0,150.0,72.0,0.0,,2026-07-24T11:48:40.327850+08:00
2059,2023-07-25,-129127.0,277004.0,86000.0,233877.0,4687.0,154.0,-43.0,4.0,,2026-07-24T11:48:40.327850+08:00
2059,2023-07-26,34904.0,62100.0,-5000.0,92004.0,4632.0,148.0,-55.0,-6.0,,2026-07-24T11:48:40.327850+08:00
2059,2023-07-27,1617.0,263423.0,95000.0,360040.0,4435.0,151.0,-197.0,3.0,,2026-07-24T11:48:40.327850+08:00
2059,2023-07-28,44792.0,-594.0,211000.0,255198.0,4448.0,145.0,13.0,-6.0,,2026-07-24T11:48:40.327850+08:00
2059,2023-07-31,-79696.0,88520.0,154000.0,162824.0,4452.0,145.0,4.0,0.0,,2026-07-24T11:48:40.327850+08:00
2059,2023-08-01,50046.0,496185.0,34000.0,580231.0,4145.0,131.0,-307.0,-14.0,,2026-07-24T11:48:40.327850+08:00
2059,2023-08-02,-128533.0,887482.0,-100000.0,658949.0,3938.0,128.0,-207.0,-3.0,,2026-07-24T11:48:40.327850+08:00
2059,2023-08-04,36426.0,-388000.0,174000.0,-177574.0,4077.0,99.0,139.0,-29.0,,2026-07-24T11:48:40.327850+08:00
2059,2023-08-07,57393.0,-560000.0,164000.0,-338607.0,4453.0,107.0,376.0,8.0,,2026-07-24T11:48:40.327850+08:00
2059,2023-08-08,118933.0,-1198000.0,1260000.0,180933.0,4317.0,125.0,-136.0,18.0,,2026-07-24T11:48:40.327850+08:00
2059,2023-08-09,-26813.0,-163000.0,74000.0,-115813.0,4387.0,119.0,70.0,-6.0,,2026-07-24T11:48:40.327850+08:00
2059,2023-08-10,-75546.0,422273.0,75000.0,421727.0,4012.0,94.0,-375.0,-25.0,,2026-07-24T11:48:40.327850+08:00
2059,2023-08-11,42072.0,-224690.0,119000.0,-63618.0,4127.0,97.0,115.0,3.0,,2026-07-24T11:48:40.327850+08:00
2059,2023-08-14,5792.0,24902.0,62000.0,92694.0,4053.0,95.0,-74.0,-2.0,,2026-07-24T11:48:40.327850+08:00
2059,2023-08-15,104674.0,-808050.0,291000.0,-412376.0,3979.0,102.0,-74.0,7.0,,2026-07-24T11:48:40.327850+08:00
2059,2023-08-16,1928.0,-357196.0,392000.0,36732.0,4023.0,97.0,44.0,-5.0,,2026-07-24T11:48:40.327850+08:00
2059,2023-08-17,45523.0,-220700.0,479000.0,303823.0,3810.0,104.0,-213.0,7.0,,2026-07-24T11:48:40.327850+08:00
2059,2023-08-18,104810.0,-239000.0,0.0,-134190.0,3610.0,61.0,-200.0,-43.0,,2026-07-24T11:48:40.327850+08:00
2059,2023-08-21,-82212.0,80842.0,95000.0,93630.0,3531.0,62.0,-79.0,1.0,,2026-07-24T11:48:40.327850+08:00
2059,2023-08-22,-127145.0,-61000.0,33000.0,-155145.0,3499.0,29.0,-32.0,-33.0,,2026-07-24T11:48:40.327850+08:00
2059,2023-08-23,-88334.0,146134.0,130000.0,187800.0,3349.0,4.0,-150.0,-25.0,,2026-07-24T11:48:40.327850+08:00
2059,2023-08-24,-22303.0,-77270.0,153000.0,53427.0,3185.0,0.0,-164.0,-4.0,,2026-07-24T11:48:40.327850+08:00
2059,2023-08-25,-30962.0,-191900.0,70000.0,-152862.0,3197.0,0.0,12.0,0.0,,2026-07-24T11:48:40.327850+08:00
2059,2023-08-28,-29957.0,39000.0,-57000.0,-47957.0,3124.0,0.0,-73.0,0.0,,2026-07-24T11:48:40.327850+08:00
2059,2023-08-29,2811.0,29000.0,-134000.0,-102189.0,3328.0,59.0,204.0,59.0,,2026-07-24T11:48:40.327850+08:00
2059,2023-08-30,-30692.0,231849.0,-58000.0,143157.0,3279.0,44.0,-49.0,-15.0,,2026-07-24T11:48:40.327850+08:00
2059,2023-08-31,-70955.0,-83042.0,159000.0,5003.0,3325.0,45.0,46.0,1.0,,2026-07-24T11:48:40.327850+08:00
2059,2023-09-01,-51758.0,-376000.0,-1151.0,-428909.0,3367.0,41.0,42.0,-4.0,,2026-07-24T11:48:40.327850+08:00
2059,2023-09-04,7775.0,-55000.0,-150000.0,-197225.0,3470.0,37.0,103.0,-4.0,,2026-07-24T11:48:40.327850+08:00
2059,2023-09-05,5462.0,128000.0,-179149.0,-45687.0,3549.0,38.0,79.0,1.0,,2026-07-24T11:48:40.327850+08:00
2059,2023-09-06,-65807.0,181281.0,6000.0,121474.0,3540.0,72.0,-9.0,34.0,,2026-07-24T11:48:40.327850+08:00
2059,2023-09-07,-19811.0,-177000.0,-13000.0,-209811.0,3544.0,61.0,4.0,-11.0,,2026-07-24T11:48:40.327850+08:00
2059,2023-09-08,11292.0,-231000.0,-79000.0,-298708.0,3623.0,58.0,79.0,-3.0,,2026-07-24T11:48:40.327850+08:00
2059,2023-09-11,-25342.0,142167.0,-59000.0,57825.0,3545.0,50.0,-78.0,-8.0,,2026-07-24T11:48:40.327850+08:00
2059,2023-09-12,29251.0,-33000.0,19000.0,15251.0,3584.0,41.0,39.0,-9.0,,2026-07-24T11:48:40.327850+08:00
2059,2023-09-13,-27159.0,-195293.0,63000.0,-159452.0,3672.0,45.0,88.0,4.0,,2026-07-24T11:48:40.327850+08:00
2059,2023-09-14,73914.0,98000.0,205000.0,376914.0,3586.0,74.0,-86.0,29.0,,2026-07-24T11:48:40.327850+08:00
2059,2023-09-15,-10219.0,-26624.0,98000.0,61157.0,3548.0,73.0,-38.0,-1.0,,2026-07-24T11:48:40.327850+08:00
2059,2023-09-18,22832.0,-790000.0,-47000.0,-814168.0,3720.0,57.0,172.0,-16.0,,2026-07-24T11:48:40.327850+08:00
2059,2023-09-19,14059.0,-3250.0,-81000.0,-70191.0,3724.0,64.0,4.0,7.0,,2026-07-24T11:48:40.327850+08:00
2059,2023-09-20,29554.0,158000.0,-5000.0,182554.0,3680.0,76.0,-44.0,12.0,,2026-07-24T11:48:40.327850+08:00
2059,2023-09-21,-29652.0,170000.0,12000.0,152348.0,3565.0,85.0,-115.0,9.0,,2026-07-24T11:48:40.327850+08:00
2059,2023-09-22,12933.0,62000.0,33000.0,107933.0,3557.0,91.0,-8.0,6.0,,2026-07-24T11:48:40.327850+08:00
2059,2023-09-25,-36722.0,10000.0,40000.0,13278.0,3507.0,91.0,-50.0,0.0,,2026-07-24T11:48:40.327850+08:00
2059,2023-09-26,-64657.0,-20050.0,162000.0,77293.0,3477.0,98.0,-30.0,7.0,,2026-07-24T11:48:40.327850+08:00
2059,2023-09-27,17378.0,266000.0,-211000.0,72378.0,3350.0,95.0,-127.0,-3.0,,2026-07-24T11:48:40.327850+08:00
2059,2023-09-28,-28844.0,11459.0,-47000.0,-64385.0,3366.0,111.0,16.0,16.0,,2026-07-24T11:48:40.327850+08:00
2059,2023-10-02,66519.0,153449.0,259000.0,478968.0,3248.0,129.0,-118.0,18.0,,2026-07-24T11:48:40.327850+08:00
2059,2023-10-03,-20161.0,-87000.0,42000.0,-65161.0,3412.0,134.0,164.0,5.0,,2026-07-24T11:48:40.327850+08:00
2059,2023-10-04,-17317.0,-28000.0,126000.0,80683.0,3224.0,153.0,-188.0,19.0,,2026-07-24T11:48:40.327850+08:00
2059,2023-10-05,7409.0,-207000.0,-117000.0,-316591.0,3144.0,153.0,-80.0,0.0,,2026-07-24T11:48:40.327850+08:00
2059,2023-10-06,-1109.0,8000.0,-44000.0,-37109.0,3184.0,151.0,40.0,-2.0,,2026-07-24T11:48:40.327850+08:00
2059,2023-10-11,-5089.0,-128000.0,-117000.0,-250089.0,3129.0,164.0,-55.0,13.0,,2026-07-24T11:48:40.327850+08:00
2059,2023-10-12,-243.0,-177004.0,28000.0,-149247.0,3119.0,181.0,-10.0,17.0,,2026-07-24T11:48:40.327850+08:00
2059,2023-10-13,-18590.0,-173000.0,-51000.0,-242590.0,3161.0,172.0,42.0,-9.0,,2026-07-24T11:48:40.327850+08:00
2059,2023-10-16,7203.0,-22000.0,4000.0,-10797.0,3155.0,186.0,-6.0,14.0,,2026-07-24T11:48:40.327850+08:00
2059,2023-10-17,-16803.0,-110960.0,4000.0,-123763.0,3194.0,176.0,39.0,-10.0,,2026-07-24T11:48:40.327850+08:00
2059,2023-10-18,-129662.0,81288.0,-177000.0,-225374.0,3115.0,94.0,-79.0,-82.0,,2026-07-24T11:48:40.327850+08:00
2059,2023-10-19,-110754.0,-181800.0,33000.0,-259554.0,3162.0,84.0,47.0,-10.0,,2026-07-24T11:48:40.327850+08:00
2059,2023-10-20,-170151.0,0.0,0.0,-170151.0,3212.0,89.0,50.0,5.0,,2026-07-24T11:48:40.327850+08:00
2059,2023-10-23,-74273.0,-1000.0,0.0,-75273.0,3216.0,90.0,4.0,1.0,,2026-07-24T11:48:40.327850+08:00
2059,2023-10-24,-25029.0,-8043.0,-215000.0,-248072.0,3296.0,85.0,80.0,-5.0,,2026-07-24T11:48:40.327850+08:00
2059,2023-10-25,97607.0,29000.0,11000.0,137607.0,3247.0,85.0,-49.0,0.0,,2026-07-24T11:48:40.327850+08:00
2059,2023-10-26,-208561.0,-107000.0,-1000.0,-316561.0,3291.0,84.0,44.0,-1.0,,2026-07-24T11:48:40.327850+08:00
2059,2023-10-27,-36286.0,10000.0,-150000.0,-176286.0,3351.0,87.0,60.0,3.0,,2026-07-24T11:48:40.327850+08:00
2059,2023-10-30,-5505.0,458833.0,-671000.0,-217672.0,3399.0,93.0,48.0,6.0,,2026-07-24T11:48:40.327850+08:00
2059,2023-10-31,-100984.0,771433.0,-601000.0,69449.0,3259.0,145.0,-140.0,52.0,,2026-07-24T11:48:40.327850+08:00
2059,2023-11-01,-143587.0,780231.0,-1127000.0,-490356.0,3493.0,169.0,234.0,24.0,,2026-07-24T11:48:40.327850+08:00
2059,2023-11-02,93606.0,24000.0,-257000.0,-139394.0,3518.0,167.0,25.0,-2.0,,2026-07-24T11:48:40.327850+08:00
2059,2023-11-03,179155.0,-173000.0,-15000.0,-8845.0,3523.0,163.0,5.0,-4.0,,2026-07-24T11:48:40.327850+08:00
2059,2023-11-06,49821.0,-264000.0,-152000.0,-366179.0,3677.0,164.0,154.0,1.0,,2026-07-24T11:48:40.327850+08:00
2059,2023-11-07,74542.0,14990.0,268000.0,357532.0,3816.0,241.0,139.0,77.0,,2026-07-24T11:48:40.327850+08:00
2059,2023-11-08,38198.0,405950.0,165000.0,609148.0,3647.0,437.0,-169.0,196.0,,2026-07-24T11:48:40.327850+08:00
2059,2023-11-09,29380.0,-659048.0,23000.0,-606668.0,3717.0,316.0,70.0,-121.0,,2026-07-24T11:48:40.327850+08:00
2059,2023-11-10,46851.0,-46000.0,20000.0,20851.0,3583.0,313.0,-134.0,-3.0,,2026-07-24T11:48:40.327850+08:00
2059,2023-11-13,31312.0,-279000.0,50000.0,-197688.0,3578.0,231.0,-5.0,-82.0,,2026-07-24T11:48:40.327850+08:00
2059,2023-11-14,7047.0,18000.0,-5000.0,20047.0,3568.0,249.0,-10.0,18.0,,2026-07-24T11:48:40.327850+08:00
2059,2023-11-15,-13788.0,-97566.0,-1000.0,-112354.0,3598.0,236.0,30.0,-13.0,,2026-07-24T11:48:40.327850+08:00
2059,2023-11-16,255.0,-139000.0,-42000.0,-180745.0,3576.0,224.0,-22.0,-12.0,,2026-07-24T11:48:40.327850+08:00
2059,2023-11-17,5925.0,27000.0,-268000.0,-235075.0,3599.0,198.0,23.0,-26.0,,2026-07-24T11:48:40.327850+08:00
2059,2023-11-20,23441.0,93000.0,-139000.0,-22559.0,3652.0,178.0,53.0,-20.0,,2026-07-24T11:48:40.327850+08:00
2059,2023-11-21,69340.0,788000.0,20000.0,877340.0,3685.0,171.0,33.0,-7.0,,2026-07-24T11:48:40.327850+08:00
2059,2023-11-22,-25697.0,61000.0,-86000.0,-50697.0,3550.0,181.0,-135.0,10.0,,2026-07-24T11:48:40.327850+08:00
2059,2023-11-23,-29340.0,-173000.0,-31000.0,-233340.0,3576.0,161.0,26.0,-20.0,,2026-07-24T11:48:40.327850+08:00
2059,2023-11-24,23165.0,260000.0,-5000.0,278165.0,3445.0,167.0,-131.0,6.0,,2026-07-24T11:48:40.327850+08:00
2059,2023-11-27,-86871.0,248000.0,-43000.0,118129.0,3364.0,238.0,-81.0,71.0,,2026-07-24T11:48:40.327850+08:00
2059,2023-11-28,25664.0,7746.0,10000.0,43410.0,3429.0,230.0,65.0,-8.0,,2026-07-24T11:48:40.327850+08:00
2059,2023-11-29,75873.0,409500.0,93000.0,578373.0,3351.0,233.0,-78.0,3.0,,2026-07-24T11:48:40.327850+08:00
2059,2023-11-30,-14152.0,-201793.0,2000.0,-213945.0,3412.0,232.0,61.0,-1.0,,2026-07-24T11:48:40.327850+08:00
2059,2023-12-01,11626.0,132000.0,-34000.0,109626.0,3396.0,230.0,-16.0,-2.0,,2026-07-24T11:48:40.327850+08:00
2059,2023-12-04,-37492.0,-326000.0,-50000.0,-413492.0,3475.0,224.0,79.0,-6.0,,2026-07-24T11:48:40.327850+08:00
2059,2023-12-05,-30078.0,-190000.0,-176000.0,-396078.0,3456.0,205.0,-19.0,-19.0,,2026-07-24T11:48:40.327850+08:00
2059,2023-12-06,43838.0,425781.0,-81000.0,388619.0,3320.0,214.0,-136.0,9.0,,2026-07-24T11:48:40.327850+08:00
2059,2023-12-07,-177163.0,81112.0,10000.0,-86051.0,3359.0,211.0,39.0,-3.0,,2026-07-24T11:48:40.327850+08:00
2059,2023-12-08,-30471.0,194166.0,41000.0,204695.0,3360.0,213.0,1.0,2.0,,2026-07-24T11:48:40.327850+08:00
2059,2023-12-11,10159.0,97500.0,29000.0,136659.0,3345.0,228.0,-15.0,15.0,,2026-07-24T11:48:40.327850+08:00
2059,2023-12-12,64981.0,-569000.0,28000.0,-476019.0,3495.0,230.0,150.0,2.0,,2026-07-24T11:48:40.327850+08:00
2059,2023-12-13,53858.0,525500.0,97000.0,676358.0,3433.0,255.0,-62.0,25.0,,2026-07-24T11:48:40.327850+08:00
2059,2023-12-14,-19347.0,-576060.0,-50000.0,-645407.0,3726.0,243.0,293.0,-12.0,,2026-07-24T11:48:40.327850+08:00
2059,2023-12-15,13302.0,-300479.0,-119000.0,-406177.0,3587.0,236.0,-139.0,-7.0,,2026-07-24T11:48:40.327850+08:00
2059,2023-12-18,-8680.0,-108000.0,-113000.0,-229680.0,3606.0,229.0,19.0,-7.0,,2026-07-24T11:48:40.327850+08:00
2059,2023-12-19,36955.0,-141909.0,-1200.0,-106154.0,3551.0,232.0,-55.0,3.0,,2026-07-24T11:48:40.327850+08:00
2059,2023-12-20,3375.0,114963.0,-50000.0,68338.0,3548.0,227.0,-3.0,-5.0,,2026-07-24T11:48:40.327850+08:00
2059,2023-12-21,-13363.0,209000.0,0.0,195637.0,3514.0,220.0,-34.0,-7.0,,2026-07-24T11:48:40.327850+08:00
2059,2023-12-22,-40120.0,-6000.0,-101000.0,-147120.0,3604.0,214.0,90.0,-6.0,,2026-07-24T11:48:40.327850+08:00
2059,2023-12-25,-8012.0,456000.0,38000.0,485988.0,3429.0,216.0,-175.0,2.0,,2026-07-24T11:48:40.327850+08:00
2059,2023-12-26,28218.0,581000.0,85000.0,694218.0,3480.0,260.0,51.0,44.0,,2026-07-24T11:48:40.327850+08:00
2059,2023-12-27,31127.0,449000.0,90000.0,570127.0,3292.0,296.0,-188.0,36.0,,2026-07-24T11:48:40.327850+08:00
2059,2023-12-28,-126501.0,-849700.0,6000.0,-970201.0,3562.0,268.0,270.0,-28.0,,2026-07-24T11:48:40.327850+08:00
2059,2023-12-29,-68853.0,-58459.0,-33000.0,-160312.0,3607.0,260.0,45.0,-8.0,,2026-07-24T11:48:40.327850+08:00
2059,2024-01-02,-43704.0,-38000.0,-94000.0,-175704.0,3564.0,255.0,-43.0,-5.0,,2026-07-24T11:48:40.327850+08:00
2059,2024-01-03,54009.0,-19000.0,-101000.0,-65991.0,3580.0,242.0,16.0,-13.0,,2026-07-24T11:48:40.327850+08:00
2059,2024-01-04,46442.0,-100237.0,6000.0,-47795.0,3628.0,239.0,48.0,-3.0,,2026-07-24T11:48:40.327850+08:00
2059,2024-01-05,-1035.0,-36170.0,62000.0,24795.0,3657.0,231.0,29.0,-8.0,,2026-07-24T11:48:40.327850+08:00
2059,2024-01-08,-16855.0,719132.0,-1000.0,701277.0,3461.0,241.0,-196.0,10.0,,2026-07-24T11:48:40.327850+08:00
2059,2024-01-09,-62683.0,247000.0,29000.0,213317.0,3400.0,245.0,-61.0,4.0,,2026-07-24T11:48:40.327850+08:00
2059,2024-01-10,4798.0,-269000.0,-12000.0,-276202.0,3533.0,234.0,133.0,-11.0,,2026-07-24T11:48:40.327850+08:00
2059,2024-01-11,28651.0,302000.0,-28000.0,302651.0,3521.0,227.0,-12.0,-7.0,,2026-07-24T11:48:40.327850+08:00
2059,2024-01-12,7821.0,77000.0,-5000.0,79821.0,3478.0,227.0,-43.0,0.0,,2026-07-24T11:48:40.327850+08:00
2059,2024-01-15,-10561.0,29000.0,-5000.0,13439.0,3517.0,221.0,39.0,-6.0,,2026-07-24T11:48:40.327850+08:00
2059,2024-01-16,34969.0,180000.0,-20000.0,194969.0,3498.0,220.0,-19.0,-1.0,,2026-07-24T11:48:40.327850+08:00
2059,2024-01-17,533.0,-27000.0,1000.0,-25467.0,3506.0,221.0,8.0,1.0,,2026-07-24T11:48:40.327850+08:00
2059,2024-01-18,1304.0,192029.0,146000.0,339333.0,3429.0,225.0,-77.0,4.0,,2026-07-24T11:48:40.327850+08:00
2059,2024-01-19,4208.0,203822.0,108000.0,316030.0,3735.0,299.0,306.0,74.0,,2026-07-24T11:48:40.327850+08:00
2059,2024-01-22,-58034.0,92100.0,129734.0,163800.0,3542.0,347.0,-193.0,48.0,,2026-07-24T11:48:40.327850+08:00
2059,2024-01-23,-113186.0,564234.0,-9000.0,442048.0,3469.0,372.0,-73.0,25.0,,2026-07-24T11:48:40.327850+08:00
2059,2024-01-24,-271.0,-128000.0,77756.0,-50515.0,3572.0,390.0,103.0,18.0,,2026-07-24T11:48:40.327850+08:00
2059,2024-01-25,-19817.0,131057.0,-143000.0,-31760.0,3595.0,371.0,23.0,-19.0,,2026-07-24T11:48:40.327850+08:00
2059,2024-01-26,-28613.0,-63000.0,-26000.0,-117613.0,3593.0,367.0,-2.0,-4.0,,2026-07-24T11:48:40.327850+08:00
2059,2024-01-29,13492.0,42900.0,13000.0,69392.0,3595.0,379.0,2.0,12.0,,2026-07-24T11:48:40.327850+08:00
2059,2024-01-30,32966.0,36143.0,-21000.0,48109.0,3529.0,389.0,-66.0,10.0,,2026-07-24T11:48:40.327850+08:00
2059,2024-01-31,-14443.0,-62502.0,-1000.0,-77945.0,3594.0,391.0,65.0,2.0,,2026-07-24T11:48:40.327850+08:00
2059,2024-02-01,3632.0,247949.0,-109000.0,142581.0,3541.0,393.0,-53.0,2.0,,2026-07-24T11:48:40.327850+08:00
2059,2024-02-02,8541.0,25000.0,-124000.0,-90459.0,3680.0,368.0,139.0,-25.0,,2026-07-24T11:48:40.327850+08:00
2059,2024-02-05,47998.0,588551.0,-417263.0,219286.0,3820.0,330.0,140.0,-38.0,,2026-07-24T11:48:40.327850+08:00
2059,2024-02-15,7350.0,938500.0,28744.0,974594.0,3684.0,338.0,-136.0,8.0,,2026-07-24T11:48:40.327850+08:00
2059,2024-02-16,-37009.0,261120.0,333992.0,558103.0,3586.0,318.0,-98.0,-20.0,,2026-07-24T11:48:40.327850+08:00
2059,2024-02-19,440.0,-128476.0,30746.0,-97290.0,3529.0,328.0,-57.0,10.0,,2026-07-24T11:48:40.327850+08:00
2059,2024-02-20,648.0,14000.0,75764.0,90412.0,3625.0,350.0,96.0,22.0,,2026-07-24T11:48:40.327850+08:00
2059,2024-02-21,84035.0,-255176.0,544500.0,373359.0,3812.0,303.0,187.0,-47.0,,2026-07-24T11:48:40.327850+08:00
2059,2024-02-22,89454.0,162940.0,87000.0,339394.0,3836.0,306.0,24.0,3.0,,2026-07-24T11:48:40.327850+08:00
2059,2024-02-23,-127152.0,379000.0,110983.0,362831.0,3756.0,277.0,-80.0,-29.0,,2026-07-24T11:48:40.327850+08:00
2059,2024-02-26,-92518.0,16420.0,-85263.0,-161361.0,3838.0,255.0,82.0,-22.0,,2026-07-24T11:48:40.327850+08:00
2059,2024-02-27,-113385.0,267530.0,-67503.0,86642.0,3663.0,246.0,-175.0,-9.0,,2026-07-24T11:48:40.327850+08:00
2059,2024-02-29,48984.0,-79797.0,76500.0,45687.0,3829.0,252.0,166.0,6.0,,2026-07-24T11:48:40.327850+08:00
2059,2024-03-01,-21396.0,214000.0,-2502.0,190102.0,3769.0,254.0,-60.0,2.0,,2026-07-24T11:48:40.327850+08:00
2059,2024-03-04,-21722.0,-67539.0,-101247.0,-190508.0,3696.0,235.0,-73.0,-19.0,,2026-07-24T11:48:40.327850+08:00
2059,2024-03-05,70177.0,302148.0,-50757.0,321568.0,3617.0,227.0,-79.0,-8.0,,2026-07-24T11:48:40.327850+08:00
2059,2024-03-06,116944.0,-3693.0,-28501.0,84750.0,3702.0,227.0,85.0,0.0,,2026-07-24T11:48:40.327850+08:00
2059,2024-03-07,-91885.0,209130.0,-196253.0,-79008.0,3593.0,208.0,-109.0,-19.0,,2026-07-24T11:48:40.327850+08:00
2059,2024-03-08,9529.0,481020.0,-25501.0,465048.0,3467.0,207.0,-126.0,-1.0,,2026-07-24T11:48:40.327850+08:00
2059,2024-03-11,22698.0,15015.0,16000.0,53713.0,3502.0,204.0,35.0,-3.0,,2026-07-24T11:48:40.327850+08:00
2059,2024-03-12,44814.0,40300.0,-64251.0,20863.0,3520.0,202.0,18.0,-2.0,,2026-07-24T11:48:40.327850+08:00
2059,2024-03-13,-113992.0,717005.0,-105244.0,497769.0,3429.0,187.0,-91.0,-15.0,,2026-07-24T11:48:40.327850+08:00
2059,2024-03-14,23007.0,205436.0,-142319.0,86124.0,3410.0,189.0,-19.0,2.0,,2026-07-24T11:48:40.327850+08:00
2059,2024-03-15,111302.0,334201.0,-217743.0,227760.0,3423.0,186.0,13.0,-3.0,,2026-07-24T11:48:40.327850+08:00
2059,2024-03-18,35320.0,-410000.0,300000.0,-74680.0,3403.0,182.0,-20.0,-4.0,,2026-07-24T11:48:40.327850+08:00
2059,2024-03-19,-9825.0,-380600.0,507751.0,117326.0,3421.0,197.0,18.0,15.0,,2026-07-24T11:48:40.327850+08:00
2059,2024-03-20,82740.0,-97900.0,98000.0,82840.0,3462.0,187.0,41.0,-10.0,,2026-07-24T11:48:40.327850+08:00
2059,2024-03-21,25115.0,4297.0,51000.0,80412.0,3434.0,177.0,-28.0,-10.0,,2026-07-24T11:48:40.327850+08:00
2059,2024-03-22,9423.0,148000.0,-32000.0,125423.0,3411.0,159.0,-23.0,-18.0,,2026-07-24T11:48:40.327850+08:00
2059,2024-03-25,-55030.0,-78000.0,-2493.0,-135523.0,3454.0,164.0,43.0,5.0,,2026-07-24T11:48:40.327850+08:00
2059,2024-03-26,-49423.0,167000.0,-90254.0,27323.0,3394.0,152.0,-60.0,-12.0,,2026-07-24T11:48:40.327850+08:00
2059,2024-03-27,-31924.0,33519.0,-9000.0,-7405.0,3393.0,138.0,-1.0,-14.0,,2026-07-24T11:48:40.327850+08:00
2059,2024-03-28,22106.0,-90741.0,16757.0,-51878.0,3414.0,139.0,21.0,1.0,,2026-07-24T11:48:40.327850+08:00
2059,2024-03-29,26030.0,-34000.0,754.0,-7216.0,3420.0,132.0,6.0,-7.0,,2026-07-24T11:48:40.327850+08:00
2059,2024-04-01,61995.0,-7508.0,-9000.0,45487.0,3402.0,132.0,-18.0,0.0,,2026-07-24T11:48:40.327850+08:00
2059,2024-04-02,-19412.0,-151000.0,68000.0,-102412.0,3374.0,132.0,-28.0,0.0,,2026-07-24T11:48:40.327850+08:00
2059,2024-04-03,63502.0,-201881.0,89000.0,-49379.0,3479.0,133.0,105.0,1.0,,2026-07-24T11:48:40.327850+08:00
2059,2024-04-08,-13260.0,-184302.0,86742.0,-110820.0,3582.0,131.0,103.0,-2.0,,2026-07-24T11:48:40.327850+08:00
2059,2024-04-09,-35875.0,-514500.0,44000.0,-506375.0,3529.0,134.0,-53.0,3.0,,2026-07-24T11:48:40.327850+08:00
2059,2024-04-10,-10622.0,-89029.0,-6246.0,-105897.0,3319.0,145.0,-210.0,11.0,,2026-07-24T11:48:40.327850+08:00
2059,2024-04-11,61658.0,86000.0,5000.0,152658.0,3219.0,131.0,-100.0,-14.0,,2026-07-24T11:48:40.327850+08:00
2059,2024-04-12,16545.0,271000.0,2758.0,290303.0,3112.0,142.0,-107.0,11.0,,2026-07-24T11:48:40.327850+08:00
2059,2024-04-15,-23118.0,-324034.0,-78000.0,-425152.0,3181.0,103.0,69.0,-39.0,,2026-07-24T11:48:40.327850+08:00
2059,2024-04-16,-74107.0,247632.0,-102000.0,71525.0,3178.0,51.0,-3.0,-52.0,,2026-07-24T11:48:40.327850+08:00
2059,2024-04-17,5412.0,-164741.0,-69000.0,-228329.0,3200.0,52.0,22.0,1.0,,2026-07-24T11:48:40.327850+08:00
2059,2024-04-18,45137.0,267958.0,-19000.0,294095.0,3170.0,76.0,-30.0,24.0,,2026-07-24T11:48:40.327850+08:00
2059,2024-04-19,-69949.0,231600.0,121000.0,282651.0,3068.0,53.0,-102.0,-23.0,,2026-07-24T11:48:40.327850+08:00
2059,2024-04-22,-61507.0,328321.0,-178000.0,88814.0,2531.0,1.0,-537.0,-52.0,,2026-07-24T11:48:40.327850+08:00
2059,2024-04-23,-127168.0,127000.0,-13000.0,-13168.0,2389.0,0.0,-142.0,-1.0,,2026-07-24T11:48:40.327850+08:00
2059,2024-04-24,24095.0,281736.0,-266000.0,39831.0,2504.0,0.0,115.0,0.0,,2026-07-24T11:48:40.327850+08:00
2059,2024-04-25,-55267.0,426010.0,-21000.0,349743.0,2318.0,0.0,-186.0,0.0,,2026-07-24T11:48:40.327850+08:00
2059,2024-04-26,25817.0,-205800.0,107000.0,-72983.0,2255.0,48.0,-63.0,48.0,,2026-07-24T11:48:40.327850+08:00
2059,2024-04-29,-22629.0,-303000.0,106000.0,-219629.0,2135.0,72.0,-120.0,24.0,,2026-07-24T11:48:40.327850+08:00
2059,2024-04-30,12588.0,-215030.0,51000.0,-151442.0,2086.0,115.0,-49.0,43.0,,2026-07-24T11:48:40.327850+08:00
2059,2024-05-02,-28045.0,27802.0,-6000.0,-6243.0,2168.0,104.0,82.0,-11.0,,2026-07-24T11:48:40.327850+08:00
2059,2024-05-03,-28515.0,-14000.0,-34000.0,-76515.0,2191.0,106.0,23.0,2.0,,2026-07-24T11:48:40.327850+08:00
2059,2024-05-06,58435.0,-1956.0,3761.0,60240.0,2269.0,92.0,78.0,-14.0,,2026-07-24T11:48:40.327850+08:00
2059,2024-05-07,101446.0,58490.0,0.0,159936.0,2335.0,78.0,66.0,-14.0,,2026-07-24T11:48:40.327850+08:00
2059,2024-05-08,-83239.0,160661.0,-55301.0,22121.0,2291.0,72.0,-44.0,-6.0,,2026-07-24T11:48:40.327850+08:00
2059,2024-05-09,-40980.0,3504.0,73000.0,35524.0,2267.0,102.0,-24.0,30.0,,2026-07-24T11:48:40.327850+08:00
2059,2024-05-10,-27222.0,-291251.0,-4000.0,-322473.0,2384.0,88.0,117.0,-14.0,,2026-07-24T11:48:40.327850+08:00
2059,2024-05-13,-3927.0,121000.0,-19000.0,98073.0,2304.0,91.0,-80.0,3.0,,2026-07-24T11:48:40.327850+08:00
2059,2024-05-14,7707.0,104570.0,-9000.0,103277.0,2239.0,95.0,-65.0,4.0,,2026-07-24T11:48:40.327850+08:00
2059,2024-05-15,-928.0,274600.0,36723.0,310395.0,2161.0,103.0,-78.0,8.0,,2026-07-24T11:48:40.327850+08:00
2059,2024-05-16,-40399.0,-117.0,-10000.0,-50516.0,2206.0,85.0,45.0,-18.0,,2026-07-24T11:48:40.327850+08:00
2059,2024-05-17,20012.0,-9996.0,-14600.0,-4584.0,2200.0,80.0,-6.0,-5.0,,2026-07-24T11:48:40.327850+08:00
2059,2024-05-20,13997.0,-112001.0,10522.0,-87482.0,2210.0,87.0,10.0,7.0,,2026-07-24T11:48:40.327850+08:00
2059,2024-05-21,21214.0,413300.0,-15000.0,419514.0,2166.0,82.0,-44.0,-5.0,,2026-07-24T11:48:40.327850+08:00
2059,2024-05-22,-12736.0,24000.0,-2284.0,8980.0,2167.0,83.0,1.0,1.0,,2026-07-24T11:48:40.327850+08:00
2059,2024-05-23,-25515.0,20758.0,22436.0,17679.0,2173.0,86.0,6.0,3.0,,2026-07-24T11:48:40.327850+08:00
2059,2024-05-24,-9284.0,-116044.0,0.0,-125328.0,2212.0,92.0,39.0,6.0,,2026-07-24T11:48:40.327850+08:00
2059,2024-05-27,15708.0,-8020.0,-20283.0,-12595.0,2246.0,92.0,34.0,0.0,,2026-07-24T11:48:40.327850+08:00
2059,2024-05-28,9042.0,-190283.0,-245000.0,-426241.0,2287.0,58.0,41.0,-34.0,,2026-07-24T11:48:40.327850+08:00
2059,2024-05-29,12672.0,467493.0,-276000.0,204165.0,2289.0,40.0,2.0,-18.0,,2026-07-24T11:48:40.327850+08:00
2059,2024-05-30,-30971.0,-53987.0,-342281.0,-427239.0,2442.0,35.0,153.0,-5.0,,2026-07-24T11:48:40.327850+08:00
2059,2024-05-31,-6557.0,154872.0,-444000.0,-295685.0,2456.0,34.0,14.0,-1.0,,2026-07-24T11:48:40.327850+08:00
2059,2024-06-03,57654.0,149400.0,-175000.0,32054.0,2441.0,36.0,-15.0,2.0,,2026-07-24T11:48:40.327850+08:00
2059,2024-06-04,11399.0,56109.0,-16000.0,51508.0,2442.0,40.0,1.0,4.0,,2026-07-24T11:48:40.327850+08:00
2059,2024-06-05,-18131.0,-204624.0,-71563.0,-294318.0,2512.0,31.0,70.0,-9.0,,2026-07-24T11:48:40.327850+08:00
2059,2024-06-06,51087.0,-109701.0,-38000.0,-96614.0,2563.0,34.0,51.0,3.0,,2026-07-24T11:48:40.327850+08:00
2059,2024-06-07,-22586.0,-410300.0,185000.0,-247886.0,2630.0,55.0,67.0,21.0,,2026-07-24T11:48:40.327850+08:00
2059,2024-06-11,-14920.0,-132.0,33000.0,17948.0,2576.0,60.0,-54.0,5.0,,2026-07-24T11:48:40.327850+08:00
2059,2024-06-12,-20679.0,316900.0,26500.0,322721.0,2504.0,62.0,-72.0,2.0,,2026-07-24T11:48:40.327850+08:00
2059,2024-06-13,-34041.0,-79139.0,30000.0,-83180.0,2543.0,58.0,39.0,-4.0,,2026-07-24T11:48:40.327850+08:00
2059,2024-06-14,8724.0,-117000.0,-57000.0,-165276.0,2584.0,51.0,41.0,-7.0,,2026-07-24T11:48:40.327850+08:00
2059,2024-06-17,-5246.0,188000.0,-15000.0,167754.0,2520.0,54.0,-64.0,3.0,,2026-07-24T11:48:40.327850+08:00
2059,2024-06-18,14534.0,-205210.0,-2297.0,-192973.0,2570.0,54.0,50.0,0.0,,2026-07-24T11:48:40.327850+08:00
2059,2024-06-19,45218.0,-40941.0,-118000.0,-113723.0,2619.0,49.0,49.0,-5.0,,2026-07-24T11:48:40.327850+08:00
2059,2024-06-20,26640.0,364900.0,-2000.0,389540.0,2488.0,52.0,-131.0,3.0,,2026-07-24T11:48:40.327850+08:00
2059,2024-06-21,-28371.0,62774.0,-134000.0,-99597.0,2545.0,51.0,57.0,-1.0,,2026-07-24T11:48:40.327850+08:00
2059,2024-06-24,-5444.0,81114.0,-4000.0,71670.0,2511.0,53.0,-34.0,2.0,,2026-07-24T11:48:40.327850+08:00
2059,2024-06-25,13833.0,90966.0,-5000.0,99799.0,2505.0,49.0,-6.0,-4.0,,2026-07-24T11:48:40.327850+08:00
2059,2024-06-26,2988.0,304890.0,-108000.0,199878.0,2434.0,58.0,-71.0,9.0,,2026-07-24T11:48:40.327850+08:00
2059,2024-06-27,-10111.0,-73250.0,0.0,-83361.0,2455.0,53.0,21.0,-5.0,,2026-07-24T11:48:40.327850+08:00
2059,2024-06-28,26022.0,35640.0,0.0,61662.0,2432.0,57.0,-23.0,4.0,,2026-07-24T11:48:40.327850+08:00
2059,2024-07-01,-10335.0,-69000.0,-500.0,-79835.0,2450.0,54.0,18.0,-3.0,,2026-07-24T11:48:40.327850+08:00
2059,2024-07-02,-8279.0,42970.0,0.0,34691.0,2447.0,53.0,-3.0,-1.0,,2026-07-24T11:48:40.327850+08:00
2059,2024-07-03,51243.0,246240.0,-2000.0,295483.0,2430.0,54.0,-17.0,1.0,,2026-07-24T11:48:40.327850+08:00
2059,2024-07-04,136202.0,171800.0,-33000.0,275002.0,2313.0,62.0,-117.0,8.0,,2026-07-24T11:48:40.327850+08:00
2059,2024-07-05,2762.0,150418.0,2735.0,155915.0,2273.0,64.0,-40.0,2.0,,2026-07-24T11:48:40.327850+08:00
2059,2024-07-08,-56755.0,-64000.0,-223.0,-120978.0,2199.0,71.0,-74.0,7.0,,2026-07-24T11:48:40.327850+08:00
2059,2024-07-09,-42698.0,-156958.0,5000.0,-194656.0,2184.0,57.0,-15.0,-14.0,,2026-07-24T11:48:40.327850+08:00
2059,2024-07-10,-31277.0,-24000.0,5000.0,-50277.0,2162.0,63.0,-22.0,6.0,,2026-07-24T11:48:40.327850+08:00
2059,2024-07-11,-65464.0,5046.0,2000.0,-58418.0,2139.0,55.0,-23.0,-8.0,,2026-07-24T11:48:40.327850+08:00
2059,2024-07-12,-30423.0,-5000.0,8000.0,-27423.0,2152.0,45.0,13.0,-10.0,,2026-07-24T11:48:40.327850+08:00
2059,2024-07-15,3565.0,-19700.0,-15000.0,-31135.0,2203.0,43.0,51.0,-2.0,,2026-07-24T11:48:40.327850+08:00
2059,2024-07-16,43477.0,-75700.0,4000.0,-28223.0,2185.0,35.0,-18.0,-8.0,,2026-07-24T11:48:40.327850+08:00
2059,2024-07-17,-30856.0,-121500.0,-11000.0,-163356.0,2280.0,33.0,95.0,-2.0,,2026-07-24T11:48:40.327850+08:00
2059,2024-07-18,18750.0,-35100.0,1000.0,-15350.0,2344.0,28.0,64.0,-5.0,,2026-07-24T11:48:40.327850+08:00
2059,2024-07-19,14146.0,26120.0,-83000.0,-42734.0,2412.0,19.0,68.0,-9.0,,2026-07-24T11:48:40.327850+08:00
2059,2024-07-22,23864.0,21000.0,2000.0,46864.0,2449.0,12.0,37.0,-7.0,,2026-07-24T11:48:40.327850+08:00
2059,2024-07-23,22357.0,-54500.0,5000.0,-27143.0,2495.0,14.0,46.0,2.0,,2026-07-24T11:48:40.327850+08:00
2059,2024-07-26,3412.0,-88705.0,1000.0,-84293.0,2559.0,8.0,64.0,-6.0,,2026-07-24T11:48:40.327850+08:00
2059,2024-07-29,-18052.0,-55999.0,86746.0,12695.0,2607.0,10.0,48.0,2.0,,2026-07-24T11:48:40.327850+08:00
2059,2024-07-30,-4527.0,-334600.0,53728.0,-285399.0,2719.0,8.0,112.0,-2.0,,2026-07-24T11:48:40.327850+08:00
2059,2024-07-31,22785.0,-59800.0,-15000.0,-52015.0,2789.0,7.0,70.0,-1.0,,2026-07-24T11:48:40.327850+08:00
2059,2024-08-01,42490.0,-76243.0,48000.0,14247.0,2763.0,9.0,-26.0,2.0,,2026-07-24T11:48:40.327850+08:00
2059,2024-08-02,-35507.0,-140000.0,12000.0,-163507.0,2815.0,5.0,52.0,-4.0,,2026-07-24T11:48:40.327850+08:00
2059,2024-08-05,-86541.0,-271790.0,3000.0,-355331.0,2851.0,47.0,36.0,42.0,,2026-07-24T11:48:40.327850+08:00
2059,2024-08-06,-32261.0,-169318.0,14000.0,-187579.0,2846.0,63.0,-5.0,16.0,,2026-07-24T11:48:40.327850+08:00
2059,2024-08-07,26825.0,-55101.0,214000.0,185724.0,2668.0,21.0,-178.0,-42.0,,2026-07-24T11:48:40.327850+08:00
2059,2024-08-08,13225.0,-238981.0,567000.0,341244.0,2511.0,33.0,-157.0,12.0,,2026-07-24T11:48:40.327850+08:00
2059,2024-08-09,-24822.0,-69488.0,163000.0,68690.0,2509.0,31.0,-2.0,-2.0,,2026-07-24T11:48:40.327850+08:00
2059,2024-08-12,-2649.0,58000.0,0.0,55351.0,2444.0,30.0,-65.0,-1.0,,2026-07-24T11:48:40.327850+08:00
2059,2024-08-13,-16776.0,117724.0,2000.0,102948.0,2428.0,30.0,-16.0,0.0,,2026-07-24T11:48:40.327850+08:00
2059,2024-08-14,15655.0,-97990.0,216500.0,134165.0,2420.0,28.0,-8.0,-2.0,,2026-07-24T11:48:40.327850+08:00
2059,2024-08-15,4730.0,-15995.0,199000.0,187735.0,2357.0,30.0,-63.0,2.0,,2026-07-24T11:48:40.327850+08:00
2059,2024-08-16,24927.0,-157500.0,194000.0,61427.0,2309.0,33.0,-48.0,3.0,,2026-07-24T11:48:40.327850+08:00
2059,2024-08-19,16221.0,-247000.0,305000.0,74221.0,2300.0,37.0,-9.0,4.0,,2026-07-24T11:48:40.327850+08:00
2059,2024-08-20,-53540.0,-122510.0,-44414.0,-220464.0,2371.0,31.0,71.0,-6.0,,2026-07-24T11:48:40.327850+08:00
2059,2024-08-21,130877.0,-330225.0,21000.0,-178348.0,2381.0,28.0,10.0,-3.0,,2026-07-24T11:48:40.327850+08:00
2059,2024-08-22,23830.0,81380.0,13000.0,118210.0,2362.0,28.0,-19.0,0.0,,2026-07-24T11:48:40.327850+08:00
2059,2024-08-23,86196.0,260000.0,115000.0,461196.0,2278.0,0.0,-84.0,-28.0,,2026-07-24T11:48:40.327850+08:00
2059,2024-08-26,-37208.0,-168000.0,95000.0,-110208.0,2276.0,0.0,-2.0,0.0,,2026-07-24T11:48:40.327850+08:00
2059,2024-08-27,24990.0,20100.0,-4000.0,41090.0,2309.0,0.0,33.0,0.0,,2026-07-24T11:48:40.327850+08:00
2059,2024-08-28,9658.0,-31995.0,44500.0,22163.0,2337.0,0.0,28.0,0.0,,2026-07-24T11:48:40.327850+08:00
2059,2024-08-29,630.0,218100.0,-126000.0,92730.0,2314.0,3.0,-23.0,3.0,,2026-07-24T11:48:40.327850+08:00
2059,2024-08-30,7068.0,59860.0,0.0,66928.0,2301.0,3.0,-13.0,0.0,,2026-07-24T11:48:40.327850+08:00
2059,2024-09-02,-56482.0,-79000.0,10000.0,-125482.0,2331.0,1.0,30.0,-2.0,,2026-07-24T11:48:40.327850+08:00
2059,2024-09-03,4265.0,53353.0,44000.0,101618.0,2312.0,3.0,-19.0,2.0,,2026-07-24T11:48:40.327850+08:00
2059,2024-09-04,-86049.0,15435.0,31000.0,-39614.0,2287.0,3.0,-25.0,0.0,,2026-07-24T11:48:40.327850+08:00
2059,2024-09-05,-90778.0,-133756.0,1000.0,-223534.0,2310.0,3.0,23.0,0.0,,2026-07-24T11:48:40.327850+08:00
2059,2024-09-06,26364.0,104800.0,3000.0,134164.0,2313.0,8.0,3.0,5.0,,2026-07-24T11:48:40.327850+08:00
2059,2024-09-09,5813.0,-19929.0,1000.0,-13116.0,2303.0,24.0,-10.0,16.0,,2026-07-24T11:48:40.327850+08:00
2059,2024-09-10,-44779.0,-490.0,-11000.0,-56269.0,2300.0,31.0,-3.0,7.0,,2026-07-24T11:48:40.327850+08:00
2059,2024-09-11,-4541.0,17988.0,-3000.0,10447.0,2300.0,34.0,0.0,3.0,,2026-07-24T11:48:40.327850+08:00
2059,2024-09-12,47738.0,7500.0,17000.0,72238.0,2331.0,31.0,31.0,-3.0,,2026-07-24T11:48:40.327850+08:00
2059,2024-09-13,24611.0,99891.0,0.0,124502.0,2296.0,36.0,-35.0,5.0,,2026-07-24T11:48:40.327850+08:00
2059,2024-09-16,-9205.0,-3992.0,7794.0,-5403.0,2311.0,32.0,15.0,-4.0,,2026-07-24T11:48:40.327850+08:00
2059,2024-09-18,-30458.0,53033.0,0.0,22575.0,2303.0,25.0,-8.0,-7.0,,2026-07-24T11:48:40.327850+08:00
2059,2024-09-19,41059.0,146600.0,-20000.0,167659.0,2290.0,25.0,-13.0,0.0,,2026-07-24T11:48:40.327850+08:00
2059,2024-09-20,-10207.0,-191798.0,2000.0,-200005.0,2320.0,25.0,30.0,0.0,,2026-07-24T11:48:40.327850+08:00
2059,2024-09-23,9172.0,-8984.0,0.0,188.0,2321.0,25.0,1.0,0.0,,2026-07-24T11:48:40.327850+08:00
2059,2024-09-24,-2863.0,64998.0,-275.0,61860.0,2294.0,27.0,-27.0,2.0,,2026-07-24T11:48:40.327850+08:00
2059,2024-09-25,28671.0,-258000.0,21000.0,-208329.0,2392.0,24.0,98.0,-3.0,,2026-07-24T11:48:40.327850+08:00
2059,2024-09-26,-15364.0,56450.0,0.0,41086.0,2367.0,24.0,-25.0,0.0,,2026-07-24T11:48:40.327850+08:00
2059,2024-09-27,9176.0,185900.0,3000.0,198076.0,2352.0,24.0,-15.0,0.0,,2026-07-24T11:48:40.327850+08:00
2059,2024-09-30,-49691.0,-601938.0,-363000.0,-1014629.0,2456.0,29.0,104.0,5.0,,2026-07-24T11:48:40.327850+08:00
2059,2024-10-01,-2959.0,304110.0,-392000.0,-90849.0,2487.0,25.0,31.0,-4.0,,2026-07-24T11:48:40.327850+08:00
2059,2024-10-04,-18856.0,176613.0,-205000.0,-47243.0,2521.0,24.0,34.0,-1.0,,2026-07-24T11:48:40.327850+08:00
2059,2024-10-07,29025.0,-55900.0,-48000.0,-74875.0,2494.0,28.0,-27.0,4.0,,2026-07-24T11:48:40.327850+08:00
2059,2024-10-08,29680.0,-64200.0,5000.0,-29520.0,2470.0,30.0,-24.0,2.0,,2026-07-24T11:48:40.327850+08:00
2059,2024-10-09,-62472.0,-75800.0,-144270.0,-282542.0,2517.0,30.0,47.0,0.0,,2026-07-24T11:48:40.327850+08:00
2059,2024-10-11,-9392.0,-255200.0,-32000.0,-296592.0,2464.0,28.0,-53.0,-2.0,,2026-07-24T11:48:40.327850+08:00
2059,2024-10-14,17323.0,-176000.0,-27000.0,-185677.0,2483.0,30.0,19.0,2.0,,2026-07-24T11:48:40.327850+08:00
2059,2024-10-15,-3015.0,-232068.0,60000.0,-175083.0,2482.0,29.0,-1.0,-1.0,,2026-07-24T11:48:40.327850+08:00
2059,2024-10-16,-11715.0,-75121.0,-3000.0,-89836.0,2433.0,30.0,-49.0,1.0,,2026-07-24T11:48:40.327850+08:00
2059,2024-10-17,10009.0,116004.0,-2000.0,124013.0,2361.0,30.0,-72.0,0.0,,2026-07-24T11:48:40.327850+08:00
2059,2024-10-18,-8970.0,-141000.0,-125000.0,-274970.0,2418.0,27.0,57.0,-3.0,,2026-07-24T11:48:40.327850+08:00
2059,2024-10-21,10692.0,-12600.0,-18000.0,-19908.0,2410.0,29.0,-8.0,2.0,,2026-07-24T11:48:40.327850+08:00
2059,2024-10-22,42624.0,292800.0,73000.0,408424.0,2307.0,37.0,-103.0,8.0,,2026-07-24T11:48:40.327850+08:00
2059,2024-10-23,64604.0,-325990.0,229500.0,-31886.0,2353.0,63.0,46.0,26.0,,2026-07-24T11:48:40.327850+08:00
2059,2024-10-24,-30904.0,-187996.0,252000.0,33100.0,2265.0,63.0,-88.0,0.0,,2026-07-24T11:48:40.327850+08:00
2059,2024-10-25,3550.0,-170000.0,315500.0,149050.0,2152.0,62.0,-113.0,-1.0,,2026-07-24T11:48:40.327850+08:00
2059,2024-10-28,3483.0,-215900.0,50000.0,-162417.0,2166.0,50.0,14.0,-12.0,,2026-07-24T11:48:40.327850+08:00
2059,2024-10-29,-16330.0,-72000.0,159000.0,70670.0,2150.0,51.0,-16.0,1.0,,2026-07-24T11:48:40.327850+08:00
2059,2024-10-30,30131.0,-109934.0,231720.0,151917.0,2188.0,54.0,38.0,3.0,,2026-07-24T11:48:40.327850+08:00
2059,2024-11-01,5007.0,3349.0,62000.0,70356.0,2227.0,63.0,39.0,9.0,,2026-07-24T11:48:40.327850+08:00
2059,2024-11-04,-24497.0,-181190.0,31000.0,-174687.0,2380.0,65.0,153.0,2.0,,2026-07-24T11:48:40.327850+08:00
2059,2024-11-05,34276.0,127000.0,27000.0,188276.0,2396.0,70.0,16.0,5.0,,2026-07-24T11:48:40.327850+08:00
2059,2024-11-06,11379.0,-56874.0,10840.0,-34655.0,2480.0,102.0,84.0,32.0,,2026-07-24T11:48:40.327850+08:00
2059,2024-11-07,30558.0,-204005.0,20000.0,-153447.0,2637.0,105.0,157.0,3.0,,2026-07-24T11:48:40.327850+08:00
2059,2024-11-08,48267.0,62721.0,32000.0,142988.0,2677.0,95.0,40.0,-10.0,,2026-07-24T11:48:40.327850+08:00
2059,2024-11-11,-12479.0,96229.0,40000.0,123750.0,2669.0,89.0,-8.0,-6.0,,2026-07-24T11:48:40.327850+08:00
2059,2024-11-12,-49508.0,94496.0,12000.0,56988.0,2693.0,79.0,24.0,-10.0,,2026-07-24T11:48:40.327850+08:00
2059,2024-11-13,-42440.0,158000.0,26000.0,141560.0,2684.0,82.0,-9.0,3.0,,2026-07-24T11:48:40.327850+08:00
2059,2024-11-14,-6089.0,-325000.0,211000.0,-120089.0,2656.0,87.0,-28.0,5.0,,2026-07-24T11:48:40.327850+08:00
2059,2024-11-15,-34934.0,87000.0,-83000.0,-30934.0,2558.0,74.0,-98.0,-13.0,,2026-07-24T11:48:40.327850+08:00
2059,2024-11-18,-50247.0,153494.0,16000.0,119247.0,2486.0,68.0,-72.0,-6.0,,2026-07-24T11:48:40.327850+08:00
2059,2024-11-19,18406.0,7998.0,28300.0,54704.0,2446.0,72.0,-40.0,4.0,,2026-07-24T11:48:40.327850+08:00
2059,2024-11-20,-12973.0,-158583.0,233200.0,61644.0,2443.0,73.0,-3.0,1.0,,2026-07-24T11:48:40.327850+08:00
2059,2024-11-21,45281.0,-68794.0,197000.0,173487.0,2332.0,92.0,-111.0,19.0,,2026-07-24T11:48:40.327850+08:00
2059,2024-11-22,46847.0,-281993.0,81000.0,-154146.0,2237.0,93.0,-95.0,1.0,,2026-07-24T11:48:40.327850+08:00
2059,2024-11-25,35289.0,173914.0,39000.0,248203.0,2246.0,95.0,9.0,2.0,,2026-07-24T11:48:40.327850+08:00
2059,2024-11-26,231.0,210004.0,78000.0,288235.0,2185.0,97.0,-61.0,2.0,,2026-07-24T11:48:40.327850+08:00
2059,2024-11-27,-40434.0,274915.0,31600.0,266081.0,2104.0,92.0,-81.0,-5.0,,2026-07-24T11:48:40.327850+08:00
2059,2024-11-28,3695.0,360000.0,21000.0,384695.0,1877.0,76.0,-227.0,-16.0,,2026-07-24T11:48:40.327850+08:00
2059,2024-11-29,88649.0,15001.0,45000.0,148650.0,1831.0,78.0,-46.0,2.0,,2026-07-24T11:48:40.327850+08:00
2059,2024-12-02,21384.0,-123899.0,39000.0,-63515.0,1845.0,85.0,14.0,7.0,,2026-07-24T11:48:40.327850+08:00
2059,2024-12-03,-3722.0,199126.0,19000.0,214404.0,1808.0,86.0,-37.0,1.0,,2026-07-24T11:48:40.327850+08:00
2059,2024-12-04,34325.0,133001.0,155500.0,322826.0,1789.0,99.0,-19.0,13.0,,2026-07-24T11:48:40.327850+08:00
2059,2024-12-05,-5498.0,106417.0,49700.0,150619.0,1768.0,100.0,-21.0,1.0,,2026-07-24T11:48:40.327850+08:00
2059,2024-12-06,-35954.0,326001.0,27000.0,317047.0,1700.0,101.0,-68.0,1.0,,2026-07-24T11:48:40.327850+08:00
2059,2024-12-09,-8254.0,83300.0,4000.0,79046.0,1716.0,99.0,16.0,-2.0,,2026-07-24T11:48:40.327850+08:00
2059,2024-12-10,-61557.0,154322.0,9000.0,101765.0,1718.0,101.0,2.0,2.0,,2026-07-24T11:48:40.327850+08:00
2059,2024-12-11,55037.0,409678.0,-52000.0,412715.0,1724.0,102.0,6.0,1.0,,2026-07-24T11:48:40.327850+08:00
2059,2024-12-12,-103231.0,386159.0,-113000.0,169928.0,1703.0,105.0,-21.0,3.0,,2026-07-24T11:48:40.327850+08:00
2059,2024-12-13,-7193.0,104245.0,7000.0,104052.0,1655.0,102.0,-48.0,-3.0,,2026-07-24T11:48:40.327850+08:00
2059,2024-12-16,-53745.0,111000.0,-2400.0,54855.0,1637.0,97.0,-18.0,-5.0,,2026-07-24T11:48:40.327850+08:00
2059,2024-12-17,50797.0,89535.0,49200.0,189532.0,1586.0,100.0,-51.0,3.0,,2026-07-24T11:48:40.327850+08:00
2059,2024-12-18,-144523.0,6740.0,52000.0,-85783.0,1643.0,97.0,57.0,-3.0,,2026-07-24T11:48:40.327850+08:00
2059,2024-12-19,-173.0,178010.0,-19000.0,158837.0,1623.0,97.0,-20.0,0.0,,2026-07-24T11:48:40.327850+08:00
2059,2024-12-20,-32702.0,-117600.0,-19000.0,-169302.0,1645.0,95.0,22.0,-2.0,,2026-07-24T11:48:40.327850+08:00
2059,2024-12-23,8287.0,110476.0,3000.0,121763.0,1566.0,95.0,-79.0,0.0,,2026-07-24T11:48:40.327850+08:00
2059,2024-12-24,-5671.0,-119294.0,-4042.0,-129007.0,1598.0,94.0,32.0,-1.0,,2026-07-24T11:48:40.327850+08:00
2059,2024-12-25,6838.0,19000.0,0.0,25838.0,1599.0,94.0,1.0,0.0,,2026-07-24T11:48:40.327850+08:00
2059,2024-12-26,10660.0,-55000.0,60000.0,15660.0,1595.0,93.0,-4.0,-1.0,,2026-07-24T11:48:40.327850+08:00
2059,2024-12-27,-4843.0,-13990.0,-6000.0,-24833.0,1559.0,92.0,-36.0,-1.0,,2026-07-24T11:48:40.327850+08:00
2059,2024-12-30,16794.0,-15062.0,217500.0,219232.0,1500.0,103.0,-59.0,11.0,,2026-07-24T11:48:40.327850+08:00
2059,2024-12-31,-7821.0,-59103.0,108000.0,41076.0,1550.0,101.0,50.0,-2.0,,2026-07-24T11:48:40.327850+08:00
2059,2025-01-02,-16640.0,-13000.0,-32000.0,-61640.0,1705.0,94.0,155.0,-7.0,,2026-07-24T11:48:40.327850+08:00
2059,2025-01-03,824.0,232200.0,-66000.0,167024.0,1709.0,95.0,4.0,1.0,,2026-07-24T11:48:40.327850+08:00
2059,2025-01-06,21734.0,81030.0,-2500.0,100264.0,1704.0,90.0,-5.0,-5.0,,2026-07-24T11:48:40.327850+08:00
2059,2025-01-07,18507.0,213100.0,20000.0,251607.0,1734.0,91.0,30.0,1.0,,2026-07-24T11:48:40.327850+08:00
2059,2025-01-08,-1564.0,73830.0,-5297.0,66969.0,1744.0,91.0,10.0,0.0,,2026-07-24T11:48:40.327850+08:00
2059,2025-01-09,-30729.0,222374.0,-29000.0,162645.0,1739.0,96.0,-5.0,5.0,,2026-07-24T11:48:40.327850+08:00
2059,2025-01-10,-33359.0,-26792.0,23000.0,-37151.0,1786.0,92.0,47.0,-4.0,,2026-07-24T11:48:40.327850+08:00
2059,2025-01-13,-31103.0,46151.0,-34000.0,-18952.0,1630.0,87.0,-156.0,-5.0,,2026-07-24T11:48:40.327850+08:00
2059,2025-01-14,2578.0,-29212.0,19000.0,-7634.0,1613.0,91.0,-17.0,4.0,,2026-07-24T11:48:40.327850+08:00
2059,2025-01-15,-40685.0,-64930.0,8000.0,-97615.0,1606.0,89.0,-7.0,-2.0,,2026-07-24T11:48:40.327850+08:00
2059,2025-01-16,15654.0,106280.0,-101000.0,20934.0,1592.0,85.0,-14.0,-4.0,,2026-07-24T11:48:40.327850+08:00
2059,2025-01-17,-7908.0,-48800.0,41000.0,-15708.0,1578.0,90.0,-14.0,5.0,,2026-07-24T11:48:40.327850+08:00
2059,2025-01-20,33175.0,122818.0,-111000.0,44993.0,1601.0,89.0,23.0,-1.0,,2026-07-24T11:48:40.327850+08:00
2059,2025-01-21,-871.0,-196089.0,107000.0,-89960.0,1592.0,83.0,-9.0,-6.0,,2026-07-24T11:48:40.327850+08:00
2059,2025-01-22,5972.0,73986.0,39000.0,118958.0,1540.0,86.0,-52.0,3.0,,2026-07-24T11:48:40.327850+08:00
2059,2025-02-03,-30829.0,-249451.0,-36000.0,-316280.0,1476.0,73.0,-64.0,-13.0,,2026-07-24T11:48:40.327850+08:00
2059,2025-02-04,-11191.0,-133895.0,-67811.0,-212897.0,1503.0,73.0,27.0,0.0,,2026-07-24T11:48:40.327850+08:00
2059,2025-02-05,35087.0,83668.0,64000.0,182755.0,1448.0,89.0,-55.0,16.0,,2026-07-24T11:48:40.327850+08:00
2059,2025-02-06,-12352.0,5961.0,23000.0,16609.0,1436.0,81.0,-12.0,-8.0,,2026-07-24T11:48:40.327850+08:00
2059,2025-02-07,52567.0,731128.0,25000.0,808695.0,1311.0,101.0,-125.0,20.0,,2026-07-24T11:48:40.327850+08:00
2059,2025-02-10,-45095.0,-16500.0,45646.0,-15949.0,1311.0,111.0,0.0,10.0,,2026-07-24T11:48:40.327850+08:00
2059,2025-02-11,20302.0,17105.0,1000.0,38407.0,1304.0,128.0,-7.0,17.0,,2026-07-24T11:48:40.327850+08:00
2059,2025-02-12,499.0,-302185.0,293500.0,-8186.0,1361.0,151.0,57.0,23.0,,2026-07-24T11:48:40.327850+08:00
2059,2025-02-13,20587.0,-264203.0,147500.0,-96116.0,1365.0,159.0,4.0,8.0,,2026-07-24T11:48:40.327850+08:00
2059,2025-02-14,-9544.0,21877.0,52000.0,64333.0,1400.0,165.0,35.0,6.0,,2026-07-24T11:48:40.327850+08:00
2059,2025-02-17,7381.0,90632.0,3000.0,101013.0,1456.0,165.0,56.0,0.0,,2026-07-24T11:48:40.327850+08:00
2059,2025-02-18,6827.0,-12335.0,261000.0,255492.0,1400.0,190.0,-56.0,25.0,,2026-07-24T11:48:40.327850+08:00
2059,2025-02-19,-64832.0,326964.0,-34500.0,227632.0,1357.0,196.0,-43.0,6.0,,2026-07-24T11:48:40.327850+08:00
2059,2025-02-20,43612.0,433744.0,-3000.0,474356.0,1244.0,200.0,-113.0,4.0,,2026-07-24T11:48:40.327850+08:00
2059,2025-02-21,-10064.0,677650.0,-290000.0,377586.0,1133.0,187.0,-111.0,-13.0,,2026-07-24T11:48:40.327850+08:00
2059,2025-02-24,32358.0,361678.0,-9000.0,385036.0,1047.0,194.0,-86.0,7.0,,2026-07-24T11:48:40.327850+08:00
2059,2025-02-25,-62134.0,72801.0,36000.0,46667.0,1026.0,197.0,-21.0,3.0,,2026-07-24T11:48:40.327850+08:00
2059,2025-02-26,10399.0,-152669.0,171800.0,29530.0,986.0,191.0,-40.0,-6.0,,2026-07-24T11:48:40.327850+08:00
2059,2025-02-27,-51940.0,102001.0,53000.0,103061.0,924.0,185.0,-62.0,-6.0,,2026-07-24T11:48:40.327850+08:00
2059,2025-03-03,11976.0,6046.0,78000.0,96022.0,904.0,173.0,-20.0,-12.0,,2026-07-24T11:48:40.327850+08:00
2059,2025-03-04,-3291.0,100261.0,-19000.0,77970.0,876.0,122.0,-28.0,-51.0,,2026-07-24T11:48:40.327850+08:00
2059,2025-03-05,-13492.0,215441.0,-151000.0,50949.0,943.0,120.0,67.0,-2.0,,2026-07-24T11:48:40.327850+08:00
2059,2025-03-06,6908.0,301774.0,-73000.0,235682.0,896.0,119.0,-47.0,-1.0,,2026-07-24T11:48:40.327850+08:00
2059,2025-03-07,-32405.0,545693.0,-355000.0,158288.0,855.0,110.0,-41.0,-9.0,,2026-07-24T11:48:40.327850+08:00
2059,2025-03-10,-3662.0,73782.0,-75000.0,-4880.0,856.0,103.0,1.0,-7.0,,2026-07-24T11:48:40.327850+08:00
2059,2025-03-11,22334.0,-43926.0,-9000.0,-30592.0,921.0,99.0,65.0,-4.0,,2026-07-24T11:48:40.327850+08:00
2059,2025-03-12,3343.0,323136.0,-189662.0,136817.0,854.0,96.0,-67.0,-3.0,,2026-07-24T11:48:40.327850+08:00
2059,2025-03-13,-10780.0,61645.0,64000.0,114865.0,852.0,97.0,-2.0,1.0,,2026-07-24T11:48:40.327850+08:00
2059,2025-03-14,-13731.0,182498.0,15294.0,184061.0,893.0,96.0,41.0,-1.0,,2026-07-24T11:48:40.327850+08:00
2059,2025-03-17,20751.0,54393.0,-11000.0,64144.0,891.0,90.0,-2.0,-6.0,,2026-07-24T11:48:40.327850+08:00
2059,2025-03-18,-1519.0,-13989.0,8000.0,-7508.0,935.0,93.0,44.0,3.0,,2026-07-24T11:48:40.327850+08:00
2059,2025-03-19,8455.0,-64003.0,-41545.0,-97093.0,935.0,91.0,0.0,-2.0,,2026-07-24T11:48:40.327850+08:00
2059,2025-03-20,34588.0,147247.0,-92000.0,89835.0,910.0,101.0,-25.0,10.0,,2026-07-24T11:48:40.327850+08:00
2059,2025-03-21,-11127.0,12236.0,-23240.0,-22131.0,940.0,93.0,30.0,-8.0,,2026-07-24T11:48:40.327850+08:00
2059,2025-03-24,-35940.0,123931.0,-23000.0,64991.0,932.0,106.0,-8.0,13.0,,2026-07-24T11:48:40.327850+08:00
2059,2025-03-25,-18103.0,88064.0,-17000.0,52961.0,874.0,105.0,-58.0,-1.0,,2026-07-24T11:48:40.327850+08:00
2059,2025-03-26,2307.0,208661.0,-20000.0,190968.0,823.0,111.0,-51.0,6.0,,2026-07-24T11:48:40.327850+08:00
2059,2025-03-27,8392.0,63648.0,0.0,72040.0,829.0,103.0,6.0,-8.0,,2026-07-24T11:48:40.327850+08:00
2059,2025-03-28,-34326.0,-108712.0,7000.0,-136038.0,925.0,99.0,96.0,-4.0,,2026-07-24T11:48:40.327850+08:00
2059,2025-03-31,-14014.0,338595.0,12000.0,336581.0,836.0,67.0,-89.0,-32.0,,2026-07-24T11:48:40.327850+08:00
2059,2025-04-01,34284.0,-200324.0,-1000.0,-167040.0,900.0,64.0,64.0,-3.0,,2026-07-24T11:48:40.327850+08:00
2059,2025-04-02,932.0,9895.0,-55485.0,-44658.0,945.0,50.0,45.0,-14.0,,2026-07-24T11:48:40.327850+08:00
2059,2025-04-07,0.0,40030.0,0.0,40030.0,935.0,48.0,-10.0,-2.0,,2026-07-24T11:48:40.327850+08:00
2059,2025-04-08,9368.0,12233.0,-124826.0,-103225.0,885.0,33.0,-50.0,-15.0,,2026-07-24T11:48:40.327850+08:00
2059,2025-04-09,-52667.0,522281.0,-375000.0,94614.0,732.0,25.0,-153.0,-8.0,,2026-07-24T11:48:40.327850+08:00
2059,2025-04-10,14000.0,-66001.0,0.0,-52001.0,752.0,25.0,20.0,0.0,,2026-07-24T11:48:40.327850+08:00
2059,2025-04-11,316.0,-301178.0,172599.0,-128263.0,743.0,32.0,-9.0,7.0,,2026-07-24T11:48:40.327850+08:00
2059,2025-04-14,9015.0,-407116.0,76360.0,-321741.0,710.0,32.0,-33.0,0.0,,2026-07-24T11:48:40.327850+08:00
2059,2025-04-15,3131.0,-362622.0,167990.0,-191501.0,698.0,33.0,-12.0,1.0,,2026-07-24T11:48:40.327850+08:00
2059,2025-04-16,-483.0,-174987.0,75000.0,-100470.0,712.0,25.0,14.0,-8.0,,2026-07-24T11:48:40.327850+08:00
2059,2025-04-17,-18197.0,-218010.0,214500.0,-21707.0,728.0,12.0,16.0,-13.0,,2026-07-24T11:48:40.327850+08:00
2059,2025-04-18,-13168.0,-199662.0,102000.0,-110830.0,718.0,11.0,-10.0,-1.0,,2026-07-24T11:48:40.327850+08:00
2059,2025-04-21,-13347.0,-256946.0,239000.0,-31293.0,667.0,0.0,-51.0,-11.0,,2026-07-24T11:48:40.327850+08:00
2059,2025-04-22,-11536.0,-143416.0,79000.0,-75952.0,709.0,0.0,42.0,0.0,,2026-07-24T11:48:40.327850+08:00
2059,2025-04-23,22606.0,-331554.0,211200.0,-97748.0,707.0,0.0,-2.0,0.0,,2026-07-24T11:48:40.327850+08:00
2059,2025-04-24,-3236.0,-190570.0,155991.0,-37815.0,757.0,0.0,50.0,0.0,,2026-07-24T11:48:40.327850+08:00
2059,2025-04-25,20335.0,-176484.0,280000.0,123851.0,749.0,9.0,-8.0,9.0,,2026-07-24T11:48:40.327850+08:00
2059,2025-04-28,-4000.0,-76015.0,9000.0,-71015.0,752.0,5.0,3.0,-4.0,,2026-07-24T11:48:40.327850+08:00
2059,2025-04-29,3723.0,-39250.0,-4000.0,-39527.0,786.0,17.0,34.0,12.0,,2026-07-24T11:48:40.327850+08:00
2059,2025-04-30,-18434.0,-181562.0,-17000.0,-216996.0,836.0,10.0,50.0,-7.0,,2026-07-24T11:48:40.327850+08:00
2059,2025-05-02,19866.0,280538.0,52000.0,352404.0,779.0,10.0,-57.0,0.0,,2026-07-24T11:48:40.327850+08:00
2059,2025-05-05,-17377.0,-4851.0,143901.0,121673.0,722.0,13.0,-57.0,3.0,,2026-07-24T11:48:40.327850+08:00
2059,2025-05-06,1366.0,-70834.0,532.0,-68936.0,737.0,16.0,15.0,3.0,,2026-07-24T11:48:40.327850+08:00
2059,2025-05-07,-8340.0,-69584.0,0.0,-77924.0,755.0,19.0,18.0,3.0,,2026-07-24T11:48:40.327850+08:00
2059,2025-05-08,22081.0,183961.0,35819.0,241861.0,676.0,22.0,-79.0,3.0,,2026-07-24T11:48:40.327850+08:00
2059,2025-05-09,11175.0,23662.0,-76000.0,-41163.0,689.0,25.0,13.0,3.0,,2026-07-24T11:48:40.327850+08:00
2059,2025-05-12,-2334.0,23071.0,33410.0,54147.0,697.0,25.0,8.0,0.0,,2026-07-24T11:48:40.327850+08:00
2059,2025-05-13,4081.0,60456.0,13408.0,77945.0,647.0,23.0,-50.0,-2.0,,2026-07-24T11:48:40.327850+08:00
2059,2025-05-14,27778.0,28237.0,49000.0,105015.0,631.0,25.0,-16.0,2.0,,2026-07-24T11:48:40.327850+08:00
2059,2025-05-15,-2140.0,221368.0,6168.0,225396.0,589.0,29.0,-42.0,4.0,,2026-07-24T11:48:40.327850+08:00
2059,2025-05-16,-22144.0,73279.0,28908.0,80043.0,566.0,30.0,-23.0,1.0,,2026-07-24T11:48:40.327850+08:00
2059,2025-05-19,-4499.0,-19113.0,48846.0,25234.0,570.0,31.0,4.0,1.0,,2026-07-24T11:48:40.327850+08:00
2059,2025-05-20,6025.0,-47718.0,41910.0,217.0,572.0,33.0,2.0,2.0,,2026-07-24T11:48:40.327850+08:00
2059,2025-05-21,1992.0,157077.0,27000.0,186069.0,543.0,34.0,-29.0,1.0,,2026-07-24T11:48:40.327850+08:00
2059,2025-05-22,16141.0,13377.0,55634.0,85152.0,613.0,46.0,70.0,12.0,,2026-07-24T11:48:40.327850+08:00
2059,2025-05-23,-12708.0,-144744.0,100500.0,-56952.0,575.0,42.0,-38.0,-4.0,,2026-07-24T11:48:40.327850+08:00
2059,2025-05-26,5377.0,63208.0,-72679.0,-4094.0,561.0,41.0,-14.0,-1.0,,2026-07-24T11:48:40.327850+08:00
2059,2025-05-27,-21354.0,2446.0,-2001.0,-20909.0,554.0,41.0,-7.0,0.0,,2026-07-24T11:48:40.327850+08:00
2059,2025-05-28,-876.0,85368.0,-30000.0,54492.0,568.0,42.0,14.0,1.0,,2026-07-24T11:48:40.327850+08:00
2059,2025-05-29,14828.0,4234.0,3000.0,22062.0,573.0,40.0,5.0,-2.0,,2026-07-24T11:48:40.327850+08:00
2059,2025-06-02,-2988.0,158232.0,-7400.0,147844.0,549.0,34.0,-24.0,-6.0,,2026-07-24T11:48:40.327850+08:00
2059,2025-06-03,37802.0,188559.0,40000.0,266361.0,525.0,45.0,-24.0,11.0,,2026-07-24T11:48:40.327850+08:00
2059,2025-06-04,-17894.0,39873.0,-3090.0,18889.0,533.0,46.0,8.0,1.0,,2026-07-24T11:48:40.327850+08:00
2059,2025-06-05,2228.0,55443.0,-791.0,56880.0,524.0,47.0,-9.0,1.0,,2026-07-24T11:48:40.327850+08:00
2059,2025-06-06,-17942.0,-32838.0,-81745.0,-132525.0,547.0,42.0,23.0,-5.0,,2026-07-24T11:48:40.327850+08:00
2059,2025-06-09,-4788.0,48784.0,-29725.0,14271.0,550.0,42.0,3.0,0.0,,2026-07-24T11:48:40.327850+08:00
2059,2025-06-10,48863.0,18163.0,-46831.0,20195.0,524.0,42.0,-26.0,0.0,,2026-07-24T11:48:40.327850+08:00
2059,2025-06-11,-33297.0,117983.0,-224179.0,-139493.0,565.0,38.0,41.0,-4.0,,2026-07-24T11:48:40.327850+08:00
2059,2025-06-12,6850.0,271279.0,-128495.0,149634.0,574.0,35.0,9.0,-3.0,,2026-07-24T11:48:40.327850+08:00
2059,2025-06-13,3798.0,205879.0,-1704.0,207973.0,576.0,39.0,2.0,4.0,,2026-07-24T11:48:40.327850+08:00
2059,2025-06-16,5927.0,154520.0,-110735.0,49712.0,568.0,38.0,-8.0,-1.0,,2026-07-24T11:48:40.327850+08:00
2059,2025-06-17,-28866.0,-27708.0,-4844.0,-61418.0,583.0,35.0,15.0,-3.0,,2026-07-24T11:48:40.327850+08:00
2059,2025-06-18,-3729.0,232773.0,-83092.0,145952.0,558.0,35.0,-25.0,0.0,,2026-07-24T11:48:40.327850+08:00
2059,2025-06-19,10506.0,81558.0,-24418.0,67646.0,551.0,35.0,-7.0,0.0,,2026-07-24T11:48:40.327850+08:00
2059,2025-06-20,-22509.0,139971.0,-177180.0,-59718.0,502.0,33.0,-49.0,-2.0,,2026-07-24T11:48:40.327850+08:00
2059,2025-06-23,-990.0,64488.0,49210.0,112708.0,485.0,34.0,-17.0,1.0,,2026-07-24T11:48:40.327850+08:00
2059,2025-06-24,19340.0,49442.0,-54002.0,14780.0,511.0,34.0,26.0,0.0,,2026-07-24T11:48:40.327850+08:00
2059,2025-06-25,3265.0,101115.0,-182182.0,-77802.0,529.0,31.0,18.0,-3.0,,2026-07-24T11:48:40.327850+08:00
2059,2025-06-26,-9641.0,84000.0,-156591.0,-82232.0,612.0,30.0,83.0,-1.0,,2026-07-24T11:48:40.327850+08:00
2059,2025-06-27,-14479.0,247752.0,-59681.0,173592.0,552.0,30.0,-60.0,0.0,,2026-07-24T11:48:40.327850+08:00
2059,2025-06-30,3228.0,128317.0,-33072.0,98473.0,539.0,31.0,-13.0,1.0,,2026-07-24T11:48:40.327850+08:00
2059,2025-07-01,-6730.0,116249.0,-90000.0,19519.0,569.0,31.0,30.0,0.0,,2026-07-24T11:48:40.327850+08:00
2059,2025-07-02,-182.0,67115.0,-62000.0,4933.0,583.0,32.0,14.0,1.0,,2026-07-24T11:48:40.327850+08:00
2059,2025-07-03,5537.0,22304.0,-42210.0,-14369.0,578.0,30.0,-5.0,-2.0,,2026-07-24T11:48:40.327850+08:00
2059,2025-07-04,25608.0,234984.0,9873.0,270465.0,489.0,29.0,-89.0,-1.0,,2026-07-24T11:48:40.327850+08:00
2059,2025-07-07,-15975.0,-151980.0,146998.0,-20957.0,492.0,29.0,3.0,0.0,,2026-07-24T11:48:40.327850+08:00
2059,2025-07-08,14650.0,282178.0,94000.0,390828.0,416.0,36.0,-76.0,7.0,,2026-07-24T11:48:40.327850+08:00
2059,2025-07-09,-17784.0,-129355.0,146998.0,-141.0,441.0,37.0,25.0,1.0,,2026-07-24T11:48:40.327850+08:00
2059,2025-07-10,-4638.0,62162.0,20691.0,78215.0,420.0,35.0,-21.0,-2.0,,2026-07-24T11:48:40.327850+08:00
2059,2025-07-11,-7476.0,-35356.0,-58091.0,-100923.0,417.0,33.0,-3.0,-2.0,,2026-07-24T11:48:40.327850+08:00
2059,2025-07-14,-21006.0,-6823.0,9964.0,-17865.0,446.0,30.0,29.0,-3.0,,2026-07-24T11:48:40.327850+08:00
2059,2025-07-15,31434.0,64836.0,31909.0,128179.0,434.0,31.0,-12.0,1.0,,2026-07-24T11:48:40.327850+08:00
2059,2025-07-16,21142.0,223073.0,8907.0,253122.0,426.0,32.0,-8.0,1.0,,2026-07-24T11:48:40.327850+08:00
2059,2025-07-17,31715.0,49882.0,42932.0,124529.0,413.0,30.0,-13.0,-2.0,,2026-07-24T11:48:40.327850+08:00
2059,2025-07-18,9359.0,10183.0,95905.0,115447.0,519.0,25.0,106.0,-5.0,,2026-07-24T11:48:40.327850+08:00
2059,2025-07-21,-20016.0,156033.0,139965.0,275982.0,466.0,31.0,-53.0,6.0,,2026-07-24T11:48:40.327850+08:00
2059,2025-07-22,-23584.0,-20094.0,155997.0,112319.0,448.0,30.0,-18.0,-1.0,,2026-07-24T11:48:40.327850+08:00
2059,2025-07-23,-39654.0,51632.0,4000.0,15978.0,475.0,29.0,27.0,-1.0,,2026-07-24T11:48:40.327850+08:00
2059,2025-07-24,8607.0,93851.0,-1091.0,101367.0,469.0,29.0,-6.0,0.0,,2026-07-24T11:48:40.327850+08:00
2059,2025-07-25,-13700.0,132251.0,-6010.0,112541.0,435.0,30.0,-34.0,1.0,,2026-07-24T11:48:40.327850+08:00
2059,2025-07-28,11485.0,6710.0,81909.0,100104.0,417.0,30.0,-18.0,0.0,,2026-07-24T11:48:40.327850+08:00
2059,2025-07-29,-10427.0,22350.0,76999.0,88922.0,393.0,31.0,-24.0,1.0,,2026-07-24T11:48:40.327850+08:00
2059,2025-07-30,-6403.0,36628.0,-3010.0,27215.0,392.0,29.0,-1.0,-2.0,,2026-07-24T11:48:40.327850+08:00
2059,2025-07-31,35988.0,47940.0,-6195.0,77733.0,395.0,27.0,3.0,-2.0,,2026-07-24T11:48:40.327850+08:00
2059,2025-08-01,-4000.0,48021.0,-26106.0,17915.0,376.0,25.0,-19.0,-2.0,,2026-07-24T11:48:40.327850+08:00
2059,2025-08-04,-13659.0,-4102.0,-71500.0,-89261.0,391.0,22.0,15.0,-3.0,,2026-07-24T11:48:40.327850+08:00
2059,2025-08-05,62590.0,-294780.0,125999.0,-106191.0,480.0,23.0,89.0,1.0,,2026-07-24T11:48:40.327850+08:00
2059,2025-08-06,-19115.0,-20007.0,69000.0,29878.0,501.0,27.0,21.0,4.0,,2026-07-24T11:48:40.327850+08:00
2059,2025-08-07,11313.0,333366.0,-911.0,343768.0,510.0,26.0,9.0,-1.0,,2026-07-24T11:48:40.327850+08:00
2059,2025-08-08,-5431.0,-19119.0,36500.0,11950.0,491.0,28.0,-19.0,2.0,,2026-07-24T11:48:40.327850+08:00
2059,2025-08-11,-6290.0,143407.0,49761.0,186878.0,459.0,27.0,-32.0,-1.0,,2026-07-24T11:48:40.327850+08:00
2059,2025-08-12,-429.0,4379.0,9000.0,12950.0,444.0,25.0,-15.0,-2.0,,2026-07-24T11:48:40.327850+08:00
2059,2025-08-13,6863.0,17922.0,25998.0,50783.0,415.0,23.0,-29.0,-2.0,,2026-07-24T11:48:40.327850+08:00
2059,2025-08-14,-6340.0,19681.0,-3037.0,10304.0,403.0,23.0,-12.0,0.0,,2026-07-24T11:48:40.327850+08:00
2059,2025-08-15,6290.0,-53373.0,51963.0,4880.0,417.0,23.0,14.0,0.0,,2026-07-24T11:48:40.327850+08:00
2059,2025-08-18,-9140.0,92818.0,-93122.0,-9444.0,430.0,22.0,13.0,-1.0,,2026-07-24T11:48:40.327850+08:00
2059,2025-08-19,-5953.0,145926.0,-87000.0,52973.0,438.0,15.0,8.0,-7.0,,2026-07-24T11:48:40.327850+08:00
2059,2025-08-20,-473.0,262873.0,-321000.0,-58600.0,413.0,6.0,-25.0,-9.0,,2026-07-24T11:48:40.327850+08:00
2059,2025-08-21,5705.0,-36171.0,50000.0,19534.0,430.0,6.0,17.0,0.0,,2026-07-24T11:48:40.327850+08:00
2059,2025-08-22,-5514.0,28236.0,-45001.0,-22279.0,441.0,0.0,11.0,-6.0,,2026-07-24T11:48:40.327850+08:00
2059,2025-08-25,-7373.0,41356.0,8998.0,42981.0,441.0,0.0,0.0,0.0,,2026-07-24T11:48:40.327850+08:00
2059,2025-08-26,-15920.0,17680.0,-78197.0,-76437.0,443.0,0.0,2.0,0.0,,2026-07-24T11:48:40.327850+08:00
2059,2025-08-27,10303.0,43918.0,-220400.0,-166179.0,446.0,0.0,3.0,0.0,,2026-07-24T11:48:40.327850+08:00
2059,2025-08-28,-6065.0,55677.0,-68002.0,-18390.0,445.0,2.0,-1.0,2.0,,2026-07-24T11:48:40.327850+08:00
2059,2025-08-29,12739.0,42625.0,6000.0,61364.0,438.0,4.0,-7.0,2.0,,2026-07-24T11:48:40.327850+08:00
2059,2025-09-01,-23115.0,17426.0,36500.0,30811.0,423.0,3.0,-15.0,-1.0,,2026-07-24T11:48:40.327850+08:00
2059,2025-09-02,-6974.0,39056.0,-83000.0,-50918.0,437.0,3.0,14.0,0.0,,2026-07-24T11:48:40.327850+08:00
2059,2025-09-03,14989.0,45915.0,83000.0,143904.0,437.0,9.0,0.0,6.0,,2026-07-24T11:48:40.327850+08:00
2059,2025-09-04,-19120.0,-268798.0,-4501.0,-292419.0,471.0,5.0,34.0,-4.0,,2026-07-24T11:48:40.327850+08:00
2059,2025-09-05,34752.0,-21864.0,78809.0,91697.0,401.0,15.0,-70.0,10.0,,2026-07-24T11:48:40.327850+08:00
2059,2025-09-08,-17021.0,-36236.0,8908.0,-44349.0,442.0,13.0,41.0,-2.0,,2026-07-24T11:48:40.327850+08:00
2059,2025-09-09,-8297.0,-43975.0,41411.0,-10861.0,478.0,19.0,36.0,6.0,,2026-07-24T11:48:40.327850+08:00
2059,2025-09-10,-32628.0,106793.0,59912.0,134077.0,428.0,21.0,-50.0,2.0,,2026-07-24T11:48:40.327850+08:00
2059,2025-09-11,-12078.0,14791.0,38964.0,41677.0,430.0,21.0,2.0,0.0,,2026-07-24T11:48:40.327850+08:00
2059,2025-09-12,2495.0,-57804.0,-44202.0,-99511.0,442.0,21.0,12.0,0.0,,2026-07-24T11:48:40.327850+08:00
2059,2025-09-15,-1901.0,21909.0,-39809.0,-19801.0,439.0,21.0,-3.0,0.0,,2026-07-24T11:48:40.327850+08:00
2059,2025-09-16,1098.0,-4198.0,-8673.0,-11773.0,431.0,21.0,-8.0,0.0,,2026-07-24T11:48:40.327850+08:00
2059,2025-09-17,-8844.0,-26191.0,2320.0,-32715.0,438.0,19.0,7.0,-2.0,,2026-07-24T11:48:40.327850+08:00
2059,2025-09-18,8921.0,54719.0,0.0,63640.0,430.0,20.0,-8.0,1.0,,2026-07-24T11:48:40.327850+08:00
2059,2025-09-19,-4946.0,-1049414.0,1009942.0,-44418.0,429.0,18.0,-1.0,-2.0,,2026-07-24T11:48:40.327850+08:00
2059,2025-09-22,-10729.0,-8376.0,-90600.0,-109705.0,456.0,17.0,27.0,-1.0,,2026-07-24T11:48:40.327850+08:00
2059,2025-09-23,7541.0,105580.0,-33204.0,79917.0,462.0,13.0,6.0,-4.0,,2026-07-24T11:48:40.327850+08:00
2059,2025-09-24,34861.0,99406.0,-128777.0,5490.0,435.0,12.0,-27.0,-1.0,,2026-07-24T11:48:40.327850+08:00
2059,2025-09-25,-18448.0,-29973.0,16000.0,-32421.0,440.0,8.0,5.0,-4.0,,2026-07-24T11:48:40.327850+08:00
2059,2025-09-26,127285.0,-57744.0,-97500.0,-27959.0,419.0,5.0,-21.0,-3.0,,2026-07-24T11:48:40.327850+08:00
2059,2025-09-30,19515.0,-17167.0,85024.0,87372.0,416.0,6.0,-3.0,1.0,,2026-07-24T11:48:40.327850+08:00
2059,2025-10-01,4159.0,-47406.0,12702.0,-30545.0,421.0,8.0,5.0,2.0,,2026-07-24T11:48:40.327850+08:00
2059,2025-10-02,2578.0,-1758.0,-1987.0,-1167.0,429.0,8.0,8.0,0.0,,2026-07-24T11:48:40.327850+08:00
2059,2025-10-03,17014.0,52850.0,51910.0,121774.0,426.0,10.0,-3.0,2.0,,2026-07-24T11:48:40.327850+08:00
2059,2025-10-07,-4785.0,58260.0,5000.0,58475.0,417.0,12.0,-9.0,2.0,,2026-07-24T11:48:40.327850+08:00
2059,2025-10-08,-8058.0,154529.0,11000.0,157471.0,435.0,13.0,18.0,1.0,,2026-07-24T11:48:40.327850+08:00
2059,2025-10-09,-36450.0,107001.0,40934.0,111485.0,445.0,22.0,10.0,9.0,,2026-07-24T11:48:40.327850+08:00
2059,2025-10-13,24010.0,-62781.0,41764.0,2993.0,414.0,19.0,-31.0,-3.0,,2026-07-24T11:48:40.327850+08:00
2059,2025-10-14,-55609.0,-70686.0,262465.0,136170.0,390.0,19.0,-24.0,0.0,,2026-07-24T11:48:40.327850+08:00
2059,2025-10-15,12318.0,-58135.0,54000.0,8183.0,412.0,22.0,22.0,3.0,,2026-07-24T11:48:40.327850+08:00
2059,2025-10-16,-4631.0,33794.0,-90.0,29073.0,410.0,22.0,-2.0,0.0,,2026-07-24T11:48:40.327850+08:00
2059,2025-10-17,8491.0,-14235.0,-23000.0,-28744.0,390.0,24.0,-20.0,2.0,,2026-07-24T11:48:40.327850+08:00
2059,2025-10-20,-5598.0,-33952.0,10965.0,-28585.0,398.0,23.0,8.0,-1.0,,2026-07-24T11:48:40.327850+08:00
2059,2025-10-21,7278.0,28336.0,19900.0,55514.0,395.0,23.0,-3.0,0.0,,2026-07-24T11:48:40.327850+08:00
2059,2025-10-22,-7079.0,-8326.0,10890.0,-4515.0,394.0,23.0,-1.0,0.0,,2026-07-24T11:48:40.327850+08:00
2059,2025-10-23,2440.0,-26438.0,5500.0,-18498.0,388.0,23.0,-6.0,0.0,,2026-07-24T11:48:40.327850+08:00
2059,2025-10-27,5939.0,-39891.0,10996.0,-22956.0,400.0,22.0,12.0,-1.0,,2026-07-24T11:48:40.327850+08:00
2059,2025-10-28,10594.0,47380.0,14000.0,71974.0,400.0,22.0,0.0,0.0,,2026-07-24T11:48:40.327850+08:00
2059,2025-10-29,-775.0,-93991.0,146717.0,51951.0,438.0,22.0,38.0,0.0,,2026-07-24T11:48:40.327850+08:00
2059,2025-10-30,-12752.0,133524.0,106000.0,226772.0,399.0,23.0,-39.0,1.0,,2026-07-24T11:48:40.327850+08:00
2059,2025-10-31,341.0,-47753.0,63971.0,16559.0,363.0,23.0,-36.0,0.0,,2026-07-24T11:48:40.327850+08:00
2059,2025-11-03,26125.0,-31420.0,71402.0,66107.0,374.0,25.0,11.0,2.0,,2026-07-24T11:48:40.327850+08:00
2059,2025-11-04,-6929.0,-17268.0,-34320.0,-58517.0,368.0,24.0,-6.0,-1.0,,2026-07-24T11:48:40.327850+08:00
2059,2025-11-05,29935.0,-37186.0,1869.0,-5382.0,345.0,23.0,-23.0,-1.0,,2026-07-24T11:48:40.327850+08:00
2059,2025-11-06,1093.0,30990.0,46072.0,78155.0,324.0,23.0,-21.0,0.0,,2026-07-24T11:48:40.327850+08:00
2059,2025-11-07,24873.0,-196980.0,-13892.0,-185999.0,338.0,22.0,14.0,-1.0,,2026-07-24T11:48:40.327850+08:00
2059,2025-11-10,1533.0,201513.0,-286984.0,-83938.0,310.0,23.0,-28.0,1.0,,2026-07-24T11:48:40.327850+08:00
2059,2025-11-11,-105623.0,-277124.0,-81810.0,-464557.0,303.0,20.0,-7.0,-3.0,,2026-07-24T11:48:40.327850+08:00
2059,2025-11-12,13759.0,66352.0,-264000.0,-183889.0,329.0,18.0,26.0,-2.0,,2026-07-24T11:48:40.327850+08:00
2059,2025-11-13,115821.0,227936.0,-483000.0,-139243.0,347.0,18.0,18.0,0.0,,2026-07-24T11:48:40.327850+08:00
2059,2025-11-14,-7569.0,375816.0,-236000.0,132247.0,366.0,19.0,19.0,1.0,,2026-07-24T11:48:40.327850+08:00
2059,2025-11-17,-20929.0,-126730.0,-148119.0,-295778.0,378.0,18.0,12.0,-1.0,,2026-07-24T11:48:40.327850+08:00
2059,2025-11-18,-16565.0,29650.0,-223552.0,-210467.0,401.0,36.0,23.0,18.0,,2026-07-24T11:48:40.327850+08:00
2059,2025-11-19,864.0,-133477.0,49612.0,-83001.0,419.0,58.0,18.0,22.0,,2026-07-24T11:48:40.327850+08:00
2059,2025-11-20,16582.0,9330.0,-48403.0,-22491.0,431.0,45.0,12.0,-13.0,,2026-07-24T11:48:40.327850+08:00
2059,2025-11-21,-12247.0,56861.0,-11927.0,32687.0,413.0,53.0,-18.0,8.0,,2026-07-24T11:48:40.327850+08:00
2059,2025-11-24,8245.0,-200364.0,47996.0,-144123.0,453.0,37.0,40.0,-16.0,,2026-07-24T11:48:40.327850+08:00
2059,2025-11-25,-12904.0,70592.0,-240962.0,-183274.0,487.0,26.0,34.0,-11.0,,2026-07-24T11:48:40.327850+08:00
2059,2025-11-26,-9681.0,229095.0,-209588.0,9826.0,517.0,22.0,30.0,-4.0,,2026-07-24T11:48:40.327850+08:00
2059,2025-11-27,32340.0,206593.0,-96571.0,142362.0,517.0,14.0,0.0,-8.0,,2026-07-24T11:48:40.327850+08:00
2059,2025-11-28,46725.0,-138113.0,138000.0,46612.0,582.0,14.0,65.0,0.0,,2026-07-24T11:48:40.327850+08:00
2059,2025-12-01,-6687.0,-227930.0,-137400.0,-372017.0,610.0,12.0,28.0,-2.0,,2026-07-24T11:48:40.327850+08:00
2059,2025-12-02,-25100.0,-7971.0,-175244.0,-208315.0,666.0,11.0,56.0,-1.0,,2026-07-24T11:48:40.327850+08:00
2059,2025-12-03,-14013.0,-75556.0,-3500.0,-93069.0,632.0,9.0,-34.0,-2.0,,2026-07-24T11:48:40.327850+08:00
2059,2025-12-04,-8653.0,-9048.0,35000.0,17299.0,618.0,10.0,-14.0,1.0,,2026-07-24T11:48:40.327850+08:00
2059,2025-12-05,3379.0,-149405.0,-42272.0,-188298.0,614.0,10.0,-4.0,0.0,,2026-07-24T11:48:40.327850+08:00
2059,2025-12-08,14482.0,-26246.0,-16363.0,-28127.0,630.0,10.0,16.0,0.0,,2026-07-24T11:48:40.327850+08:00
2059,2025-12-09,-10071.0,-134400.0,15675.0,-128796.0,675.0,10.0,45.0,0.0,,2026-07-24T11:48:40.327850+08:00
2059,2025-12-10,4089.0,68741.0,6906.0,79736.0,654.0,12.0,-21.0,2.0,,2026-07-24T11:48:40.327850+08:00
2059,2025-12-11,19237.0,-284647.0,198854.0,-66556.0,637.0,16.0,-17.0,4.0,,2026-07-24T11:48:40.327850+08:00
2059,2025-12-12,-23466.0,-221951.0,69942.0,-175475.0,697.0,12.0,60.0,-4.0,,2026-07-24T11:48:40.327850+08:00
2059,2025-12-15,712.0,-43267.0,30166.0,-12389.0,700.0,12.0,3.0,0.0,,2026-07-24T11:48:40.327850+08:00
2059,2025-12-16,-12347.0,-63266.0,37259.0,-38354.0,681.0,12.0,-19.0,0.0,,2026-07-24T11:48:40.327850+08:00
2059,2025-12-17,6689.0,-66273.0,12853.0,-46731.0,677.0,12.0,-4.0,0.0,,2026-07-24T11:48:40.327850+08:00
2059,2025-12-18,-8163.0,-25334.0,25000.0,-8497.0,665.0,11.0,-12.0,-1.0,,2026-07-24T11:48:40.327850+08:00
2059,2025-12-19,14185.0,44385.0,23576.0,82146.0,635.0,10.0,-30.0,-1.0,,2026-07-24T11:48:40.327850+08:00
2059,2025-12-22,-1381.0,-41844.0,76000.0,32775.0,620.0,10.0,-15.0,0.0,,2026-07-24T11:48:40.327850+08:00
2059,2025-12-23,7102.0,-71291.0,65000.0,811.0,600.0,10.0,-20.0,0.0,,2026-07-24T11:48:40.327850+08:00
2059,2025-12-24,-11265.0,-6727.0,24000.0,6008.0,591.0,11.0,-9.0,1.0,,2026-07-24T11:48:40.327850+08:00
2059,2025-12-26,-4857.0,3260.0,13200.0,11603.0,617.0,11.0,26.0,0.0,,2026-07-24T11:48:40.327850+08:00
2059,2025-12-29,9679.0,91497.0,15742.0,116918.0,589.0,11.0,-28.0,0.0,,2026-07-24T11:48:40.327850+08:00
2059,2025-12-30,981.0,-2570.0,2967.0,1378.0,570.0,10.0,-19.0,-1.0,,2026-07-24T11:48:40.327850+08:00
2059,2025-12-31,-14176.0,5651.0,7588.0,-937.0,548.0,10.0,-22.0,0.0,,2026-07-24T11:48:40.327850+08:00
2059,2026-01-02,-6614.0,-282991.0,-230877.0,-520482.0,683.0,7.0,135.0,-3.0,,2026-07-24T11:48:40.327850+08:00
2059,2026-01-05,27787.0,104528.0,-397788.0,-265473.0,760.0,5.0,77.0,-2.0,,2026-07-24T11:48:40.327850+08:00
2059,2026-01-06,41810.0,75712.0,-323125.0,-205603.0,803.0,4.0,43.0,-1.0,,2026-07-24T11:48:40.327850+08:00
2059,2026-01-07,22868.0,-123525.0,3742.0,-96915.0,808.0,4.0,5.0,0.0,,2026-07-24T11:48:40.327850+08:00
2059,2026-01-08,-357.0,171581.0,-294535.0,-123311.0,828.0,6.0,20.0,2.0,,2026-07-24T11:48:40.327850+08:00
2059,2026-01-09,48059.0,206622.0,-44234.0,210447.0,739.0,7.0,-89.0,1.0,,2026-07-24T11:48:40.327850+08:00
2059,2026-01-12,-10025.0,-107602.0,-70153.0,-187780.0,696.0,5.0,-43.0,-2.0,,2026-07-24T11:48:40.327850+08:00
2059,2026-01-13,-42037.0,77637.0,-107582.0,-71982.0,695.0,5.0,-1.0,0.0,,2026-07-24T11:48:40.327850+08:00
2059,2026-01-14,5894.0,101892.0,-191468.0,-83682.0,686.0,5.0,-9.0,0.0,,2026-07-24T11:48:40.327850+08:00
2059,2026-01-15,-8998.0,56357.0,-102034.0,-54675.0,683.0,4.0,-3.0,-1.0,,2026-07-24T11:48:40.327850+08:00
2059,2026-01-16,-22196.0,-975.0,-146481.0,-169652.0,679.0,4.0,-4.0,0.0,,2026-07-24T11:48:40.327850+08:00
2059,2026-01-19,-4463.0,152195.0,-22013.0,125719.0,752.0,4.0,73.0,0.0,,2026-07-24T11:48:40.327850+08:00
2059,2026-01-20,42197.0,877635.0,23671.0,943503.0,625.0,14.0,-127.0,10.0,,2026-07-24T11:48:40.327850+08:00
2059,2026-01-21,-35683.0,3627.0,-3262.0,-35318.0,612.0,9.0,-13.0,-5.0,,2026-07-24T11:48:40.327850+08:00
2059,2026-01-22,5753.0,-114301.0,-6764.0,-115312.0,613.0,4.0,1.0,-5.0,,2026-07-24T11:48:40.327850+08:00
2059,2026-01-23,3065.0,82022.0,-3528.0,81559.0,593.0,4.0,-20.0,0.0,,2026-07-24T11:48:40.327850+08:00
2059,2026-01-26,-3649.0,-42903.0,-125277.0,-171829.0,607.0,4.0,14.0,0.0,,2026-07-24T11:48:40.327850+08:00
2059,2026-01-27,6796.0,19689.0,-91113.0,-64628.0,596.0,3.0,-11.0,-1.0,,2026-07-24T11:48:40.327850+08:00
2059,2026-01-28,-29931.0,-112604.0,-74500.0,-217035.0,624.0,3.0,28.0,0.0,,2026-07-24T11:48:40.327850+08:00
2059,2026-01-29,-18827.0,234186.0,-494000.0,-278641.0,690.0,3.0,66.0,0.0,,2026-07-24T11:48:40.327850+08:00
2059,2026-01-30,-2114.0,158420.0,-224000.0,-67694.0,688.0,2.0,-2.0,-1.0,,2026-07-24T11:48:40.327850+08:00
2059,2026-02-02,-18493.0,-68084.0,18972.0,-67605.0,672.0,1.0,-16.0,-1.0,,2026-07-24T11:48:40.327850+08:00
2059,2026-02-03,-4449.0,197617.0,-158976.0,34192.0,682.0,1.0,10.0,0.0,,2026-07-24T11:48:40.327850+08:00
2059,2026-02-04,10203.0,128714.0,2100.0,141017.0,689.0,3.0,7.0,2.0,,2026-07-24T11:48:40.327850+08:00
2059,2026-02-05,-2641.0,-145626.0,-42910.0,-191177.0,706.0,3.0,17.0,0.0,,2026-07-24T11:48:40.327850+08:00
2059,2026-02-06,-15955.0,53341.0,-46209.0,-8823.0,682.0,2.0,-24.0,-1.0,,2026-07-24T11:48:40.327850+08:00
2059,2026-02-09,-4078.0,167116.0,-37001.0,126037.0,714.0,3.0,32.0,1.0,,2026-07-24T11:48:40.327850+08:00
2059,2026-02-10,-324.0,124014.0,-5000.0,118690.0,716.0,3.0,2.0,0.0,,2026-07-24T11:48:40.327850+08:00
2059,2026-02-11,9776.0,-87091.0,17000.0,-60315.0,708.0,2.0,-8.0,-1.0,,2026-07-24T11:48:40.327850+08:00
2059,2026-02-23,21288.0,8479.0,10000.0,39767.0,702.0,2.0,-6.0,0.0,,2026-07-24T11:48:40.327850+08:00
2059,2026-02-24,30925.0,-40602.0,56072.0,46395.0,705.0,3.0,3.0,1.0,,2026-07-24T11:48:40.327850+08:00
2059,2026-02-25,18164.0,185695.0,137000.0,340859.0,730.0,3.0,25.0,0.0,,2026-07-24T11:48:40.327850+08:00
2059,2026-02-26,4383.0,-314398.0,-56259.0,-366274.0,692.0,2.0,-38.0,-1.0,,2026-07-24T11:48:40.327850+08:00
2059,2026-03-02,2708.0,-19796.0,6000.0,-11088.0,678.0,2.0,-14.0,0.0,,2026-07-24T11:48:40.327850+08:00
2059,2026-03-03,-30958.0,-107615.0,-7800.0,-146373.0,677.0,2.0,-1.0,0.0,,2026-07-24T11:48:40.327850+08:00
2059,2026-03-04,-10707.0,31654.0,2542.0,23489.0,658.0,2.0,-19.0,0.0,,2026-07-24T11:48:40.327850+08:00
2059,2026-03-05,3330.0,82850.0,28143.0,114323.0,641.0,5.0,-17.0,3.0,,2026-07-24T11:48:40.327850+08:00
2059,2026-03-06,-6793.0,2479.0,-121000.0,-125314.0,667.0,2.0,26.0,-3.0,,2026-07-24T11:48:40.327850+08:00
2059,2026-03-09,-17814.0,-21205.0,-3987.0,-43006.0,640.0,1.0,-27.0,-1.0,,2026-07-24T11:48:40.327850+08:00
2059,2026-03-10,7459.0,-3055.0,2013.0,6417.0,636.0,1.0,-4.0,0.0,,2026-07-24T11:48:40.327850+08:00
2059,2026-03-11,9056.0,92334.0,0.0,101390.0,623.0,2.0,-13.0,1.0,,2026-07-24T11:48:40.327850+08:00
2059,2026-03-12,-18753.0,18807.0,16000.0,16054.0,622.0,2.0,-1.0,0.0,,2026-07-24T11:48:40.327850+08:00
2059,2026-03-13,9545.0,40385.0,62000.0,111930.0,623.0,2.0,1.0,0.0,,2026-07-24T11:48:40.327850+08:00
2059,2026-03-16,-6534.0,-40380.0,4951.0,-41963.0,629.0,2.0,6.0,0.0,,2026-07-24T11:48:40.327850+08:00
2059,2026-03-17,8912.0,51809.0,13000.0,73721.0,613.0,3.0,-16.0,1.0,,2026-07-24T11:48:40.327850+08:00
2059,2026-03-18,14120.0,45315.0,107013.0,166448.0,586.0,3.0,-27.0,0.0,,2026-07-24T11:48:40.327850+08:00
2059,2026-03-19,28426.0,167867.0,90878.0,287171.0,542.0,4.0,-44.0,1.0,,2026-07-24T11:48:40.327850+08:00
2059,2026-03-20,-287.0,-188881.0,4062.0,-185106.0,552.0,15.0,10.0,11.0,,2026-07-24T11:48:40.327850+08:00
2059,2026-03-23,-22032.0,-105831.0,62021.0,-65842.0,530.0,5.0,-22.0,-10.0,,2026-07-24T11:48:40.327850+08:00
2059,2026-03-24,6581.0,85236.0,21166.0,112983.0,472.0,5.0,-58.0,0.0,,2026-07-24T11:48:40.327850+08:00
2059,2026-03-25,3112.0,-57501.0,47027.0,-7362.0,510.0,5.0,38.0,0.0,,2026-07-24T11:48:40.327850+08:00
2059,2026-03-26,13975.0,9569.0,94430.0,117974.0,458.0,4.0,-52.0,-1.0,,2026-07-24T11:48:40.327850+08:00
2059,2026-03-27,-4809.0,-19966.0,9826.0,-14949.0,444.0,4.0,-14.0,0.0,,2026-07-24T11:48:40.327850+08:00
2059,2026-03-30,-21328.0,-49289.0,6888.0,-63729.0,447.0,5.0,3.0,1.0,,2026-07-24T11:48:40.327850+08:00
2059,2026-03-31,-25585.0,-157044.0,22650.0,-159979.0,450.0,5.0,3.0,0.0,,2026-07-24T11:48:40.327850+08:00
2059,2026-04-01,12929.0,44048.0,125013.0,181990.0,424.0,14.0,-26.0,9.0,,2026-07-24T11:48:40.327850+08:00
2059,2026-04-02,-6408.0,-79508.0,8129.0,-77787.0,430.0,16.0,6.0,2.0,,2026-07-24T11:48:40.327850+08:00
2059,2026-04-07,-4236.0,-158904.0,-69939.0,-233079.0,472.0,10.0,42.0,-6.0,,2026-07-24T11:48:40.327850+08:00
2059,2026-04-08,22790.0,31774.0,-1245.0,53319.0,472.0,10.0,0.0,0.0,,2026-07-24T11:48:40.327850+08:00
2059,2026-04-09,3085.0,66798.0,-49217.0,20666.0,497.0,8.0,25.0,-2.0,,2026-07-24T11:48:40.327850+08:00
2059,2026-04-10,14999.0,-12942.0,-14964.0,-12907.0,528.0,6.0,31.0,-2.0,,2026-07-24T11:48:40.327850+08:00
2059,2026-04-13,-629.0,-168922.0,-2034.0,-171585.0,541.0,4.0,13.0,-2.0,,2026-07-24T11:48:40.327850+08:00
2059,2026-04-14,22543.0,-157459.0,-53640.0,-188556.0,573.0,4.0,32.0,0.0,,2026-07-24T11:48:40.327850+08:00
2059,2026-04-15,-7535.0,-9067.0,12426.0,-4176.0,572.0,4.0,-1.0,0.0,,2026-07-24T11:48:40.327850+08:00
2059,2026-04-16,7556.0,-23324.0,-3830.0,-19598.0,583.0,4.0,11.0,0.0,,2026-07-24T11:48:40.327850+08:00
2059,2026-04-17,18874.0,-7915.0,176040.0,186999.0,555.0,6.0,-28.0,2.0,,2026-07-24T11:48:40.327850+08:00
2059,2026-04-20,-3487.0,-174401.0,216822.0,38934.0,545.0,5.0,-10.0,-1.0,,2026-07-24T11:48:40.327850+08:00
2059,2026-04-21,-6858.0,-82464.0,64093.0,-25229.0,613.0,4.0,68.0,-1.0,,2026-07-24T11:48:40.327850+08:00
2059,2026-04-22,5281.0,122360.0,-8779.0,118862.0,627.0,4.0,14.0,0.0,,2026-07-24T11:48:40.327850+08:00
2059,2026-04-23,-39373.0,-85563.0,-7110.0,-132046.0,598.0,0.0,-29.0,-4.0,,2026-07-24T11:48:40.327850+08:00
2059,2026-04-24,12621.0,-179023.0,213946.0,47544.0,573.0,0.0,-25.0,0.0,,2026-07-24T11:48:40.327850+08:00
2059,2026-04-27,11875.0,-380252.0,226674.0,-141703.0,599.0,0.0,26.0,0.0,,2026-07-24T11:48:40.327850+08:00
2059,2026-04-28,1947.0,-51312.0,36787.0,-12578.0,545.0,0.0,-54.0,0.0,,2026-07-24T11:48:40.327850+08:00
2059,2026-04-29,10470.0,-60409.0,135617.0,85678.0,559.0,1.0,14.0,1.0,,2026-07-24T11:48:40.327850+08:00
2059,2026-04-30,-10318.0,-568295.0,59500.0,-519113.0,560.0,1.0,1.0,0.0,,2026-07-24T11:48:40.327850+08:00
2059,2026-05-04,8036.0,201.0,10926.0,19163.0,525.0,1.0,-35.0,0.0,,2026-07-24T11:48:40.327850+08:00
2059,2026-05-05,-403.0,45630.0,95888.0,141115.0,492.0,1.0,-33.0,0.0,,2026-07-24T11:48:40.327850+08:00
2059,2026-05-06,6995.0,-56800.0,168581.0,118776.0,498.0,2.0,6.0,1.0,,2026-07-24T11:48:40.327850+08:00
2059,2026-05-07,14084.0,-25258.0,-2.0,-11176.0,475.0,12.0,-23.0,10.0,,2026-07-24T11:48:40.327850+08:00
2059,2026-05-08,-13448.0,402303.0,236665.0,625520.0,430.0,3.0,-45.0,-9.0,,2026-07-24T11:48:40.327850+08:00
2059,2026-05-11,5806.0,94477.0,21954.0,122237.0,396.0,2.0,-34.0,-1.0,,2026-07-24T11:48:40.327850+08:00
2059,2026-05-12,-9147.0,-122286.0,99679.0,-31754.0,368.0,2.0,-28.0,0.0,,2026-07-24T11:48:40.327850+08:00
2059,2026-05-13,-3350.0,-23917.0,-94149.0,-121416.0,428.0,3.0,60.0,1.0,,2026-07-24T11:48:40.327850+08:00
2059,2026-05-14,-2956.0,-12294.0,-18000.0,-33250.0,437.0,2.0,9.0,-1.0,,2026-07-24T11:48:40.327850+08:00
2059,2026-05-15,-3133.0,73732.0,-48968.0,21631.0,439.0,2.0,2.0,0.0,,2026-07-24T11:48:40.327850+08:00
2059,2026-05-18,-11978.0,-7710.0,0.0,-19688.0,473.0,2.0,34.0,0.0,,2026-07-24T11:48:40.327850+08:00
2059,2026-05-19,2034.0,37711.0,-18172.0,21573.0,486.0,2.0,13.0,0.0,,2026-07-24T11:48:40.327850+08:00
2059,2026-05-20,-3325.0,71439.0,-5000.0,63114.0,483.0,2.0,-3.0,0.0,,2026-07-24T11:48:40.327850+08:00
2059,2026-05-21,9908.0,67947.0,1000.0,78855.0,480.0,2.0,-3.0,0.0,,2026-07-24T11:48:40.327850+08:00
2059,2026-05-22,-3613.0,-17716.0,-5002.0,-26331.0,485.0,3.0,5.0,1.0,,2026-07-24T11:48:40.327850+08:00
2059,2026-05-25,4228.0,-98807.0,-7000.0,-101579.0,496.0,2.0,11.0,-1.0,,2026-07-24T11:48:40.327850+08:00
2059,2026-05-26,4292.0,-3612.0,-86102.0,-85422.0,537.0,2.0,41.0,0.0,,2026-07-24T11:48:40.327850+08:00
2059,2026-05-27,-9494.0,65248.0,0.0,55754.0,459.0,2.0,-78.0,0.0,,2026-07-24T11:48:40.327850+08:00
2059,2026-05-28,4508.0,53271.0,-33995.0,23784.0,421.0,2.0,-38.0,0.0,,2026-07-24T11:48:40.327850+08:00
2059,2026-05-29,9409.0,-120744.0,175002.0,63667.0,425.0,2.0,4.0,0.0,,2026-07-24T11:48:40.327850+08:00
2059,2026-06-01,1977.0,-79248.0,83000.0,5729.0,377.0,2.0,-48.0,0.0,,2026-07-24T11:48:40.327850+08:00
2059,2026-06-02,-7713.0,-21303.0,6000.0,-23016.0,371.0,2.0,-6.0,0.0,,2026-07-24T11:48:40.327850+08:00
2059,2026-06-03,18537.0,21890.0,58988.0,99415.0,373.0,2.0,2.0,0.0,,2026-07-24T11:48:40.327850+08:00
2059,2026-06-04,2331.0,-27700.0,52988.0,27619.0,378.0,2.0,5.0,0.0,,2026-07-24T11:48:40.327850+08:00
2059,2026-06-05,14629.0,-191552.0,-6386.0,-183309.0,649.0,2.0,271.0,0.0,,2026-07-24T11:48:40.327850+08:00
2059,2026-06-08,58964.0,-50417.0,34000.0,42547.0,646.0,5.0,-3.0,3.0,,2026-07-24T11:48:40.327850+08:00
2059,2026-06-09,-66422.0,36100.0,176963.0,146641.0,608.0,2.0,-38.0,-3.0,,2026-07-24T11:48:40.327850+08:00
2059,2026-06-10,-22275.0,30677.0,8961.0,17363.0,568.0,0.0,-40.0,-2.0,,2026-07-24T11:48:40.327850+08:00
2059,2026-06-11,-8477.0,280.0,38012.0,29815.0,553.0,0.0,-15.0,0.0,,2026-07-24T11:48:40.327850+08:00
2059,2026-06-12,-16395.0,62162.0,-44742.0,1025.0,547.0,0.0,-6.0,0.0,,2026-07-24T11:48:40.327850+08:00
2059,2026-06-15,-144.0,-58341.0,40.0,-58445.0,536.0,0.0,-11.0,0.0,,2026-07-24T11:48:40.327850+08:00
2059,2026-06-16,11624.0,111021.0,-188310.0,-65665.0,533.0,0.0,-3.0,0.0,,2026-07-24T11:48:40.327850+08:00
2059,2026-06-17,-6463.0,98273.0,-71031.0,20779.0,527.0,0.0,-6.0,0.0,,2026-07-24T11:48:40.327850+08:00
2059,2026-06-18,1381.0,24627.0,-33623.0,-7615.0,543.0,0.0,16.0,0.0,,2026-07-24T11:48:40.327850+08:00
2059,2026-06-19,0.0,-44000.0,0.0,-44000.0,,,,,,2026-07-24T11:48:40.327850+08:00
2059,2026-06-22,-8727.0,123692.0,29420.0,144385.0,531.0,2.0,,,,2026-07-24T11:48:40.327850+08:00
2059,2026-06-23,3001.0,-29287.0,44023.0,17737.0,512.0,1.0,-19.0,-1.0,,2026-07-24T11:48:40.327850+08:00
2059,2026-06-24,10220.0,73338.0,42074.0,125632.0,510.0,1.0,-2.0,0.0,,2026-07-24T11:48:40.327850+08:00
2059,2026-06-25,625.0,126657.0,-50650.0,76632.0,418.0,0.0,-92.0,-1.0,,2026-07-24T11:48:40.327850+08:00
2059,2026-06-26,5818.0,22178.0,-472.0,27524.0,407.0,0.0,-11.0,0.0,,2026-07-24T11:48:40.327850+08:00
2059,2026-06-29,-4949.0,5943.0,8389.0,9383.0,403.0,0.0,-4.0,0.0,,2026-07-24T11:48:40.327850+08:00
2059,2026-06-30,-13306.0,-67749.0,22000.0,-59055.0,421.0,0.0,18.0,0.0,,2026-07-24T11:48:40.327850+08:00
2059,2026-07-01,6621.0,-78705.0,-2600.0,-74684.0,417.0,0.0,,,,2026-07-30T01:53:44.773000+08:00
2059,2026-07-02,2775.0,-58561.0,12077.0,-43709.0,425.0,0.0,8.0,0.0,,2026-07-30T01:53:44.773000+08:00
2059,2026-07-03,-7224.0,-41147.0,25154.0,-23217.0,433.0,0.0,8.0,0.0,,2026-07-30T01:53:44.773000+08:00
2059,2026-07-06,-251.0,-62016.0,-25935.0,-88202.0,476.0,0.0,43.0,0.0,,2026-07-30T01:53:44.773000+08:00
2059,2026-07-07,3769.0,5495.0,106240.0,115504.0,460.0,1.0,-16.0,1.0,,2026-07-30T01:53:44.773000+08:00
2059,2026-07-08,3040.0,11581.0,42540.0,57161.0,463.0,0.0,3.0,-1.0,,2026-07-30T01:53:44.773000+08:00
2059,2026-07-09,-2563.0,-208774.0,131376.0,-79961.0,471.0,0.0,8.0,0.0,,2026-07-30T01:53:44.773000+08:00
2059,2026-07-13,8624.0,33351.0,-27237.0,14738.0,491.0,0.0,20.0,0.0,,2026-07-30T01:53:44.773000+08:00
2059,2026-07-14,15943.0,-17621.0,6234.0,4556.0,493.0,0.0,2.0,0.0,,2026-07-30T01:53:44.773000+08:00
2059,2026-07-15,-18543.0,-108304.0,82224.0,-44623.0,480.0,2.0,-13.0,2.0,,2026-07-30T01:53:44.773000+08:00
2059,2026-07-16,-12629.0,-191357.0,194688.0,-9298.0,492.0,3.0,12.0,1.0,,2026-07-30T01:53:44.773000+08:00
2059,2026-07-17,34041.0,-46022.0,17161.0,5180.0,475.0,4.0,-17.0,1.0,,2026-07-30T01:53:44.773000+08:00
2059,2026-07-20,37725.0,-101722.0,68218.0,4221.0,465.0,3.0,-10.0,-1.0,,2026-07-30T01:53:44.773000+08:00
2059,2026-07-21,-15003.0,65624.0,76094.0,126715.0,467.0,3.0,2.0,0.0,,2026-07-30T01:53:44.773000+08:00
2059,2026-07-22,-17986.0,-20639.0,37607.0,-1018.0,468.0,0.0,1.0,-3.0,,2026-07-30T01:53:44.773000+08:00
2059,2026-07-23,-16818.0,140807.0,-37839.0,86150.0,454.0,2.0,-14.0,2.0,,2026-07-30T01:53:44.773000+08:00
2059,2026-07-24,-4951.0,96997.0,3283.0,95329.0,464.0,0.0,10.0,-2.0,,2026-07-30T01:53:44.773000+08:00
2059,2026-07-27,-13914.0,-62173.0,123034.0,46947.0,456.0,3.0,-8.0,3.0,,2026-07-30T01:53:44.773000+08:00
2059,2026-07-28,14867.0,-118981.0,75010.0,-29104.0,454.0,2.0,-2.0,-1.0,,2026-07-30T01:53:44.773000+08:00
2059,2026-07-29,31183.0,130224.0,41486.0,202893.0,431.0,1.0,-23.0,-1.0,,2026-07-30T01:53:44.773000+08:00
2059,2026-08-03,-8958.0,-91041.0,140085.0,40086.0,365.0,5.0,,,,2026-08-30T01:01:59.906393+08:00
2059,2026-08-04,-36276.0,-106326.0,233500.0,90898.0,410.0,34.0,45.0,29.0,,2026-08-30T01:01:59.906393+08:00
2059,2026-08-05,-1712.0,-75826.0,74495.0,-3043.0,476.0,30.0,66.0,-4.0,,2026-08-30T01:01:59.906393+08:00
2059,2026-08-06,1625.0,-109644.0,3970.0,-104049.0,569.0,38.0,93.0,8.0,,2026-08-30T01:01:59.906393+08:00
2059,2026-08-07,36977.0,-42651.0,-68000.0,-73674.0,608.0,38.0,39.0,0.0,,2026-08-30T01:01:59.906393+08:00
2059,2026-08-10,-23880.0,227675.0,15529.0,219324.0,523.0,47.0,-85.0,9.0,,2026-08-30T01:01:59.906393+08:00
2059,2026-08-11,13354.0,77326.0,-1554.0,89126.0,503.0,29.0,-20.0,-18.0,,2026-08-30T01:01:59.906393+08:00
2059,2026-08-12,5981.0,-102482.0,-10007.0,-106508.0,565.0,22.0,62.0,-7.0,,2026-08-30T01:01:59.906393+08:00
2059,2026-08-13,-3606.0,4144.0,-10817.0,-10279.0,566.0,13.0,1.0,-9.0,,2026-08-30T01:01:59.906393+08:00
2059,2026-08-14,-4485.0,-4953.0,-9119.0,-18557.0,585.0,10.0,19.0,-3.0,,2026-08-30T01:01:59.906393+08:00
2059,2026-08-17,8066.0,-27919.0,-51012.0,-70865.0,595.0,10.0,10.0,0.0,,2026-08-30T01:01:59.906393+08:00
2059,2026-08-18,624.0,-76972.0,386491.0,310143.0,585.0,6.0,-10.0,-4.0,,2026-08-30T01:01:59.906393+08:00
2059,2026-08-19,6370.0,-102444.0,19412.0,-76662.0,619.0,6.0,34.0,0.0,,2026-08-30T01:01:59.906393+08:00
2059,2026-08-20,8783.0,-62423.0,12400.0,-41240.0,643.0,2.0,24.0,-4.0,,2026-08-30T01:01:59.906393+08:00
2059,2026-08-21,7230.0,37405.0,25215.0,69850.0,626.0,0.0,-17.0,-2.0,,2026-08-30T01:01:59.906393+08:00
2059,2026-08-24,-3575.0,36571.0,85640.0,118636.0,609.0,0.0,-17.0,0.0,,2026-08-30T01:01:59.906393+08:00
2059,2026-08-25,12914.0,-82957.0,158791.0,88748.0,624.0,0.0,15.0,0.0,,2026-08-30T01:01:59.906393+08:00
2059,2026-08-26,21563.0,43045.0,-8316.0,56292.0,645.0,0.0,21.0,0.0,,2026-08-30T01:01:59.906393+08:00
2059,2026-08-27,19131.0,27838.0,-48237.0,-1268.0,657.0,0.0,12.0,0.0,,2026-08-30T01:01:59.906393+08:00
2059,2026-08-28,-9869.0,102881.0,-58724.0,34288.0,660.0,0.0,3.0,0.0,,2026-08-30T01:01:59.906393+08:00
2059,2026-08-03,-8958.0,-91041.0,140085.0,40086.0,365.0,5.0,,,,2026-08-30T08:56:55.010083+08:00
2059,2026-08-04,-36276.0,-106326.0,233500.0,90898.0,410.0,34.0,45.0,29.0,,2026-08-30T08:56:55.010083+08:00
2059,2026-08-05,-1712.0,-75826.0,74495.0,-3043.0,476.0,30.0,66.0,-4.0,,2026-08-30T08:56:55.010083+08:00
2059,2026-08-06,1625.0,-109644.0,3970.0,-104049.0,569.0,38.0,93.0,8.0,,2026-08-30T08:56:55.010083+08:00
2059,2026-08-07,36977.0,-42651.0,-68000.0,-73674.0,608.0,38.0,39.0,0.0,,2026-08-30T08:56:55.010083+08:00
2059,2026-08-10,-23880.0,227675.0,15529.0,219324.0,523.0,47.0,-85.0,9.0,,2026-08-30T08:56:55.010083+08:00
2059,2026-08-11,13354.0,77326.0,-1554.0,89126.0,503.0,29.0,-20.0,-18.0,,2026-08-30T08:56:55.010083+08:00
2059,2026-08-12,5981.0,-102482.0,-10007.0,-106508.0,565.0,22.0,62.0,-7.0,,2026-08-30T08:56:55.010083+08:00
2059,2026-08-13,-3606.0,4144.0,-10817.0,-10279.0,566.0,13.0,1.0,-9.0,,2026-08-30T08:56:55.010083+08:00
2059,2026-08-14,-4485.0,-4953.0,-9119.0,-18557.0,585.0,10.0,19.0,-3.0,,2026-08-30T08:56:55.010083+08:00
2059,2026-08-17,8066.0,-27919.0,-51012.0,-70865.0,595.0,10.0,10.0,0.0,,2026-08-30T08:56:55.010083+08:00
2059,2026-08-18,624.0,-76972.0,386491.0,310143.0,585.0,6.0,-10.0,-4.0,,2026-08-30T08:56:55.010083+08:00
2059,2026-08-19,6370.0,-102444.0,19412.0,-76662.0,619.0,6.0,34.0,0.0,,2026-08-30T08:56:55.010083+08:00
2059,2026-08-20,8783.0,-62423.0,12400.0,-41240.0,643.0,2.0,24.0,-4.0,,2026-08-30T08:56:55.010083+08:00
2059,2026-08-21,7230.0,37405.0,25215.0,69850.0,626.0,0.0,-17.0,-2.0,,2026-08-30T08:56:55.010083+08:00
2059,2026-08-24,-3575.0,36571.0,85640.0,118636.0,609.0,0.0,-17.0,0.0,,2026-08-30T08:56:55.010083+08:00
2059,2026-08-25,12914.0,-82957.0,158791.0,88748.0,624.0,0.0,15.0,0.0,,2026-08-30T08:56:55.010083+08:00
2059,2026-08-26,21563.0,43045.0,-8316.0,56292.0,645.0,0.0,21.0,0.0,,2026-08-30T08:56:55.010083+08:00
2059,2026-08-27,19131.0,27838.0,-48237.0,-1268.0,657.0,0.0,12.0,0.0,,2026-08-30T08:56:55.010083+08:00
2059,2026-08-28,-9869.0,102881.0,-58724.0,34288.0,660.0,0.0,3.0,0.0,,2026-08-30T08:56:55.010083+08:00
