stock_id,trade_date,dealer_net,foreign_net,investment_trust_net,institutional_net,margin_balance,short_balance,margin_change,short_change,securities_lending,updated_at
2360,2016-01-04,0.0,-198000.0,17000.0,-181000.0,1401.0,97.0,,,,2026-07-24T11:48:46.332180+08:00
2360,2016-01-05,0.0,-95000.0,0.0,-95000.0,1366.0,97.0,-35.0,0.0,,2026-07-24T11:48:46.332180+08:00
2360,2016-01-06,0.0,238598.0,0.0,238598.0,1624.0,98.0,258.0,1.0,,2026-07-24T11:48:46.332180+08:00
2360,2016-01-07,1000.0,-153000.0,0.0,-152000.0,1521.0,94.0,-103.0,-4.0,,2026-07-24T11:48:46.332180+08:00
2360,2016-01-08,3000.0,-2000.0,0.0,1000.0,1517.0,88.0,-4.0,-6.0,,2026-07-24T11:48:46.332180+08:00
2360,2016-01-11,0.0,109000.0,0.0,109000.0,1454.0,92.0,-63.0,4.0,,2026-07-24T11:48:46.332180+08:00
2360,2016-01-12,-21000.0,94000.0,0.0,73000.0,1369.0,92.0,-85.0,0.0,,2026-07-24T11:48:46.332180+08:00
2360,2016-01-13,-5000.0,-107000.0,0.0,-112000.0,1349.0,89.0,-20.0,-3.0,,2026-07-24T11:48:46.332180+08:00
2360,2016-01-14,-7000.0,15000.0,-8000.0,0.0,1341.0,81.0,-8.0,-8.0,,2026-07-24T11:48:46.332180+08:00
2360,2016-01-15,-11000.0,47257.0,-3000.0,33257.0,1332.0,79.0,-9.0,-2.0,,2026-07-24T11:48:46.332180+08:00
2360,2016-01-18,-1000.0,11000.0,0.0,10000.0,1319.0,80.0,-13.0,1.0,,2026-07-24T11:48:46.332180+08:00
2360,2016-01-19,0.0,-26148.0,-1000.0,-27148.0,1310.0,78.0,-9.0,-2.0,,2026-07-24T11:48:46.332180+08:00
2360,2016-01-20,-2000.0,14000.0,-3000.0,9000.0,1261.0,77.0,-49.0,-1.0,,2026-07-24T11:48:46.332180+08:00
2360,2016-01-21,-20000.0,30000.0,97000.0,107000.0,1227.0,83.0,-34.0,6.0,,2026-07-24T11:48:46.332180+08:00
2360,2016-01-22,0.0,-116000.0,0.0,-116000.0,1269.0,83.0,42.0,0.0,,2026-07-24T11:48:46.332180+08:00
2360,2016-01-25,0.0,-175000.0,0.0,-175000.0,1285.0,92.0,16.0,9.0,,2026-07-24T11:48:46.332180+08:00
2360,2016-01-26,-1000.0,30000.0,0.0,29000.0,1274.0,92.0,-11.0,0.0,,2026-07-24T11:48:46.332180+08:00
2360,2016-01-27,0.0,32000.0,0.0,32000.0,1260.0,94.0,-14.0,2.0,,2026-07-24T11:48:46.332180+08:00
2360,2016-01-28,0.0,-8000.0,30000.0,22000.0,1237.0,91.0,-23.0,-3.0,,2026-07-24T11:48:46.332180+08:00
2360,2016-01-29,-1000.0,306759.0,17000.0,322759.0,1212.0,101.0,-25.0,10.0,,2026-07-24T11:48:46.332180+08:00
2360,2016-01-30,0.0,0.0,6000.0,6000.0,1213.0,98.0,1.0,-3.0,,2026-07-24T11:48:46.332180+08:00
2360,2016-02-01,18000.0,-20000.0,45000.0,43000.0,1174.0,97.0,-39.0,-1.0,,2026-07-24T11:48:46.332180+08:00
2360,2016-02-02,0.0,-122000.0,0.0,-122000.0,1173.0,97.0,-1.0,0.0,,2026-07-24T11:48:46.332180+08:00
2360,2016-02-03,0.0,-164446.0,50000.0,-114446.0,1153.0,97.0,-20.0,0.0,,2026-07-24T11:48:46.332180+08:00
2360,2016-02-05,-20000.0,-58000.0,14000.0,-64000.0,,,,,,2026-07-24T11:48:46.332180+08:00
2360,2016-02-15,10000.0,-362000.0,71.0,-351929.0,1198.0,90.0,,,,2026-07-24T11:48:46.332180+08:00
2360,2016-02-16,9000.0,398000.0,0.0,407000.0,1129.0,101.0,-69.0,11.0,,2026-07-24T11:48:46.332180+08:00
2360,2016-02-17,4000.0,-44000.0,0.0,-40000.0,1119.0,92.0,-10.0,-9.0,,2026-07-24T11:48:46.332180+08:00
2360,2016-02-18,0.0,-110000.0,0.0,-110000.0,1134.0,91.0,15.0,-1.0,,2026-07-24T11:48:46.332180+08:00
2360,2016-02-19,0.0,-85000.0,0.0,-85000.0,1145.0,92.0,11.0,1.0,,2026-07-24T11:48:46.332180+08:00
2360,2016-02-22,0.0,-350000.0,0.0,-350000.0,1188.0,87.0,43.0,-5.0,,2026-07-24T11:48:46.332180+08:00
2360,2016-02-23,10000.0,-427000.0,0.0,-417000.0,1228.0,87.0,40.0,0.0,,2026-07-24T11:48:46.332180+08:00
2360,2016-02-24,-8000.0,-6000.0,150000.0,136000.0,1193.0,82.0,-35.0,-5.0,,2026-07-24T11:48:46.332180+08:00
2360,2016-02-25,-2000.0,460000.0,38000.0,496000.0,1119.0,84.0,-74.0,2.0,,2026-07-24T11:48:46.332180+08:00
2360,2016-02-26,0.0,321000.0,20000.0,341000.0,1119.0,89.0,0.0,5.0,,2026-07-24T11:48:46.332180+08:00
2360,2016-03-01,12000.0,628000.0,50000.0,690000.0,1058.0,97.0,-61.0,8.0,,2026-07-24T11:48:46.332180+08:00
2360,2016-03-02,-2000.0,416000.0,59000.0,473000.0,976.0,108.0,-82.0,11.0,,2026-07-24T11:48:46.332180+08:00
2360,2016-03-03,-1000.0,218000.0,0.0,217000.0,975.0,109.0,-1.0,1.0,,2026-07-24T11:48:46.332180+08:00
2360,2016-03-04,-15000.0,111000.0,-87000.0,9000.0,959.0,108.0,-16.0,-1.0,,2026-07-24T11:48:46.332180+08:00
2360,2016-03-07,0.0,61000.0,0.0,61000.0,936.0,119.0,-23.0,11.0,,2026-07-24T11:48:46.332180+08:00
2360,2016-03-08,0.0,13000.0,10000.0,23000.0,914.0,117.0,-22.0,-2.0,,2026-07-24T11:48:46.332180+08:00
2360,2016-03-09,0.0,-54000.0,0.0,-54000.0,918.0,112.0,4.0,-5.0,,2026-07-24T11:48:46.332180+08:00
2360,2016-03-10,0.0,-29000.0,0.0,-29000.0,939.0,111.0,21.0,-1.0,,2026-07-24T11:48:46.332180+08:00
2360,2016-03-11,9000.0,11000.0,0.0,20000.0,947.0,111.0,8.0,0.0,,2026-07-24T11:48:46.332180+08:00
2360,2016-03-14,-2000.0,4000.0,0.0,2000.0,946.0,111.0,-1.0,0.0,,2026-07-24T11:48:46.332180+08:00
2360,2016-03-15,0.0,-26000.0,0.0,-26000.0,931.0,107.0,-15.0,-4.0,,2026-07-24T11:48:46.332180+08:00
2360,2016-03-16,8000.0,-62000.0,0.0,-54000.0,923.0,101.0,-8.0,-6.0,,2026-07-24T11:48:46.332180+08:00
2360,2016-03-17,1000.0,-150000.0,0.0,-149000.0,917.0,100.0,-6.0,-1.0,,2026-07-24T11:48:46.332180+08:00
2360,2016-03-18,-2000.0,-20000.0,0.0,-22000.0,901.0,100.0,-16.0,0.0,,2026-07-24T11:48:46.332180+08:00
2360,2016-03-21,12000.0,-153000.0,0.0,-141000.0,926.0,98.0,25.0,-2.0,,2026-07-24T11:48:46.332180+08:00
2360,2016-03-22,-3000.0,-39000.0,0.0,-42000.0,942.0,96.0,16.0,-2.0,,2026-07-24T11:48:46.332180+08:00
2360,2016-03-23,-5000.0,-203000.0,0.0,-208000.0,975.0,86.0,33.0,-10.0,,2026-07-24T11:48:46.332180+08:00
2360,2016-03-24,-12000.0,10241.0,-104000.0,-105759.0,988.0,86.0,13.0,0.0,,2026-07-24T11:48:46.332180+08:00
2360,2016-03-25,-99000.0,-178000.0,-140000.0,-417000.0,1044.0,79.0,56.0,-7.0,,2026-07-24T11:48:46.332180+08:00
2360,2016-03-28,-30000.0,156000.0,-100000.0,26000.0,1024.0,59.0,-20.0,-20.0,,2026-07-24T11:48:46.332180+08:00
2360,2016-03-29,-3000.0,7000.0,0.0,4000.0,999.0,8.0,-25.0,-51.0,,2026-07-24T11:48:46.332180+08:00
2360,2016-03-30,0.0,-168000.0,-100000.0,-268000.0,1058.0,0.0,59.0,-8.0,,2026-07-24T11:48:46.332180+08:00
2360,2016-03-31,-10000.0,-62000.0,0.0,-72000.0,1058.0,0.0,0.0,0.0,,2026-07-24T11:48:46.332180+08:00
2360,2016-04-01,-14000.0,-21000.0,-10000.0,-45000.0,1039.0,0.0,-19.0,0.0,,2026-07-24T11:48:46.332180+08:00
2360,2016-04-06,-38000.0,-196000.0,0.0,-234000.0,1067.0,0.0,28.0,0.0,,2026-07-24T11:48:46.332180+08:00
2360,2016-04-07,-62000.0,-76000.0,0.0,-138000.0,1087.0,11.0,20.0,11.0,,2026-07-24T11:48:46.332180+08:00
2360,2016-04-08,-25000.0,-22000.0,-20000.0,-67000.0,1091.0,12.0,4.0,1.0,,2026-07-24T11:48:46.332180+08:00
2360,2016-04-11,-42600.0,-208000.0,0.0,-250600.0,1079.0,35.0,-12.0,23.0,,2026-07-24T11:48:46.332180+08:00
2360,2016-04-12,-1000.0,147000.0,0.0,146000.0,1078.0,76.0,-1.0,41.0,,2026-07-24T11:48:46.332180+08:00
2360,2016-04-13,2000.0,-546000.0,0.0,-544000.0,1136.0,76.0,58.0,0.0,,2026-07-24T11:48:46.332180+08:00
2360,2016-04-14,6000.0,-480000.0,0.0,-474000.0,1190.0,65.0,54.0,-11.0,,2026-07-24T11:48:46.332180+08:00
2360,2016-04-15,0.0,5000.0,-2000.0,3000.0,1150.0,65.0,-40.0,0.0,,2026-07-24T11:48:46.332180+08:00
2360,2016-04-18,0.0,-186000.0,0.0,-186000.0,1190.0,62.0,40.0,-3.0,,2026-07-24T11:48:46.332180+08:00
2360,2016-04-19,4000.0,-112000.0,0.0,-108000.0,1172.0,62.0,-18.0,0.0,,2026-07-24T11:48:46.332180+08:00
2360,2016-04-20,10000.0,-151000.0,0.0,-141000.0,1152.0,63.0,-20.0,1.0,,2026-07-24T11:48:46.332180+08:00
2360,2016-04-21,0.0,-122000.0,-20000.0,-142000.0,1136.0,62.0,-16.0,-1.0,,2026-07-24T11:48:46.332180+08:00
2360,2016-04-22,0.0,-181000.0,0.0,-181000.0,1121.0,61.0,-15.0,-1.0,,2026-07-24T11:48:46.332180+08:00
2360,2016-04-25,-2000.0,-166000.0,0.0,-168000.0,1129.0,55.0,8.0,-6.0,,2026-07-24T11:48:46.332180+08:00
2360,2016-04-26,-1000.0,74000.0,0.0,73000.0,1172.0,59.0,43.0,4.0,,2026-07-24T11:48:46.332180+08:00
2360,2016-04-27,0.0,-116000.0,-83000.0,-199000.0,1193.0,60.0,21.0,1.0,,2026-07-24T11:48:46.332180+08:00
2360,2016-04-28,-1000.0,-59000.0,-57000.0,-117000.0,1189.0,61.0,-4.0,1.0,,2026-07-24T11:48:46.332180+08:00
2360,2016-04-29,-14000.0,588000.0,0.0,574000.0,1289.0,184.0,100.0,123.0,,2026-07-24T11:48:46.332180+08:00
2360,2016-05-03,0.0,376000.0,0.0,376000.0,1293.0,190.0,4.0,6.0,,2026-07-24T11:48:46.332180+08:00
2360,2016-05-04,0.0,-55000.0,0.0,-55000.0,1076.0,165.0,-217.0,-25.0,,2026-07-24T11:48:46.332180+08:00
2360,2016-05-05,0.0,291000.0,0.0,291000.0,1095.0,173.0,19.0,8.0,,2026-07-24T11:48:46.332180+08:00
2360,2016-05-06,0.0,224279.0,142000.0,366279.0,1055.0,181.0,-40.0,8.0,,2026-07-24T11:48:46.332180+08:00
2360,2016-05-09,0.0,-137000.0,100000.0,-37000.0,1028.0,179.0,-27.0,-2.0,,2026-07-24T11:48:46.332180+08:00
2360,2016-05-10,10000.0,440700.0,-170.0,450530.0,959.0,163.0,-69.0,-16.0,,2026-07-24T11:48:46.332180+08:00
2360,2016-05-11,-1000.0,166000.0,0.0,165000.0,941.0,167.0,-18.0,4.0,,2026-07-24T11:48:46.332180+08:00
2360,2016-05-12,10000.0,111000.0,0.0,121000.0,913.0,176.0,-28.0,9.0,,2026-07-24T11:48:46.332180+08:00
2360,2016-05-13,-3000.0,161000.0,0.0,158000.0,859.0,179.0,-54.0,3.0,,2026-07-24T11:48:46.332180+08:00
2360,2016-05-16,1000.0,131321.0,0.0,132321.0,846.0,178.0,-13.0,-1.0,,2026-07-24T11:48:46.332180+08:00
2360,2016-05-17,20000.0,254000.0,0.0,274000.0,816.0,178.0,-30.0,0.0,,2026-07-24T11:48:46.332180+08:00
2360,2016-05-18,2000.0,566485.0,0.0,568485.0,800.0,159.0,-16.0,-19.0,,2026-07-24T11:48:46.332180+08:00
2360,2016-05-19,19000.0,722000.0,0.0,741000.0,823.0,161.0,23.0,2.0,,2026-07-24T11:48:46.332180+08:00
2360,2016-05-20,-1000.0,5372.0,0.0,4372.0,842.0,156.0,19.0,-5.0,,2026-07-24T11:48:46.332180+08:00
2360,2016-05-23,6000.0,272296.0,0.0,278296.0,837.0,159.0,-5.0,3.0,,2026-07-24T11:48:46.332180+08:00
2360,2016-05-24,6000.0,198000.0,0.0,204000.0,816.0,150.0,-21.0,-9.0,,2026-07-24T11:48:46.332180+08:00
2360,2016-05-25,8000.0,140000.0,0.0,148000.0,794.0,151.0,-22.0,1.0,,2026-07-24T11:48:46.332180+08:00
2360,2016-05-26,8000.0,643586.0,0.0,651586.0,757.0,175.0,-37.0,24.0,,2026-07-24T11:48:46.332180+08:00
2360,2016-05-27,7000.0,66000.0,0.0,73000.0,775.0,176.0,18.0,1.0,,2026-07-24T11:48:46.332180+08:00
2360,2016-05-30,0.0,121000.0,0.0,121000.0,775.0,168.0,0.0,-8.0,,2026-07-24T11:48:46.332180+08:00
2360,2016-05-31,10000.0,118000.0,0.0,128000.0,793.0,164.0,18.0,-4.0,,2026-07-24T11:48:46.332180+08:00
2360,2016-06-01,15000.0,-36283.0,0.0,-21283.0,779.0,163.0,-14.0,-1.0,,2026-07-24T11:48:46.332180+08:00
2360,2016-06-02,-1000.0,130000.0,0.0,129000.0,770.0,168.0,-9.0,5.0,,2026-07-24T11:48:46.332180+08:00
2360,2016-06-03,0.0,78000.0,0.0,78000.0,757.0,171.0,-13.0,3.0,,2026-07-24T11:48:46.332180+08:00
2360,2016-06-04,,,,,756.0,172.0,-1.0,1.0,,2026-07-24T11:48:46.332180+08:00
2360,2016-06-06,0.0,927000.0,0.0,927000.0,759.0,202.0,3.0,30.0,,2026-07-24T11:48:46.332180+08:00
2360,2016-06-07,9000.0,192000.0,50000.0,251000.0,750.0,235.0,-9.0,33.0,,2026-07-24T11:48:46.332180+08:00
2360,2016-06-08,-24000.0,14000.0,0.0,-10000.0,723.0,197.0,-27.0,-38.0,,2026-07-24T11:48:46.332180+08:00
2360,2016-06-13,-77000.0,573000.0,-144000.0,352000.0,704.0,173.0,-19.0,-24.0,,2026-07-24T11:48:46.332180+08:00
2360,2016-06-14,-51900.0,226000.0,0.0,174100.0,715.0,160.0,11.0,-13.0,,2026-07-24T11:48:46.332180+08:00
2360,2016-06-15,-42000.0,57000.0,0.0,15000.0,713.0,138.0,-2.0,-22.0,,2026-07-24T11:48:46.332180+08:00
2360,2016-06-16,-40000.0,732000.0,0.0,692000.0,697.0,143.0,-16.0,5.0,,2026-07-24T11:48:46.332180+08:00
2360,2016-06-17,-55000.0,-152000.0,1000.0,-206000.0,729.0,144.0,32.0,1.0,,2026-07-24T11:48:46.332180+08:00
2360,2016-06-20,9000.0,-55800.0,120000.0,73200.0,724.0,142.0,-5.0,-2.0,,2026-07-24T11:48:46.332180+08:00
2360,2016-06-21,-29000.0,69000.0,0.0,40000.0,704.0,143.0,-20.0,1.0,,2026-07-24T11:48:46.332180+08:00
2360,2016-06-22,-16000.0,-71000.0,0.0,-87000.0,746.0,138.0,42.0,-5.0,,2026-07-24T11:48:46.332180+08:00
2360,2016-06-23,-2000.0,29000.0,0.0,27000.0,738.0,142.0,-8.0,4.0,,2026-07-24T11:48:46.332180+08:00
2360,2016-06-24,-23000.0,-42000.0,-2000.0,-67000.0,683.0,144.0,-55.0,2.0,,2026-07-24T11:48:46.332180+08:00
2360,2016-06-27,-6000.0,-15200.0,-3000.0,-24200.0,673.0,141.0,-10.0,-3.0,,2026-07-24T11:48:46.332180+08:00
2360,2016-06-28,-19000.0,-107700.0,1000.0,-125700.0,691.0,140.0,18.0,-1.0,,2026-07-24T11:48:46.332180+08:00
2360,2016-06-29,-10000.0,64000.0,0.0,54000.0,674.0,141.0,-17.0,1.0,,2026-07-24T11:48:46.332180+08:00
2360,2016-06-30,-4000.0,-99556.0,0.0,-103556.0,693.0,136.0,19.0,-5.0,,2026-07-24T11:48:46.332180+08:00
2360,2016-07-01,-15000.0,-37000.0,0.0,-52000.0,694.0,127.0,1.0,-9.0,,2026-07-24T11:48:46.332180+08:00
2360,2016-07-04,-28000.0,-33000.0,0.0,-61000.0,703.0,126.0,9.0,-1.0,,2026-07-24T11:48:46.332180+08:00
2360,2016-07-05,-3000.0,-90000.0,0.0,-93000.0,702.0,121.0,-1.0,-5.0,,2026-07-24T11:48:46.332180+08:00
2360,2016-07-06,-4000.0,-24000.0,0.0,-28000.0,700.0,117.0,-2.0,-4.0,,2026-07-24T11:48:46.332180+08:00
2360,2016-07-07,-20000.0,22000.0,0.0,2000.0,696.0,107.0,-4.0,-10.0,,2026-07-24T11:48:46.332180+08:00
2360,2016-07-11,0.0,262000.0,0.0,262000.0,638.0,107.0,-58.0,0.0,,2026-07-24T11:48:46.332180+08:00
2360,2016-07-12,-10000.0,118000.0,30000.0,138000.0,602.0,100.0,-36.0,-7.0,,2026-07-24T11:48:46.332180+08:00
2360,2016-07-13,0.0,72000.0,0.0,72000.0,594.0,98.0,-8.0,-2.0,,2026-07-24T11:48:46.332180+08:00
2360,2016-07-14,0.0,154000.0,0.0,154000.0,580.0,100.0,-14.0,2.0,,2026-07-24T11:48:46.332180+08:00
2360,2016-07-15,0.0,-72000.0,0.0,-72000.0,583.0,99.0,3.0,-1.0,,2026-07-24T11:48:46.332180+08:00
2360,2016-07-18,0.0,-25000.0,20000.0,-5000.0,596.0,82.0,13.0,-17.0,,2026-07-24T11:48:46.332180+08:00
2360,2016-07-19,-3000.0,238000.0,24000.0,259000.0,591.0,82.0,-5.0,0.0,,2026-07-24T11:48:46.332180+08:00
2360,2016-07-20,10000.0,178000.0,-1000.0,187000.0,572.0,80.0,-19.0,-2.0,,2026-07-24T11:48:46.332180+08:00
2360,2016-07-21,-3000.0,140000.0,22000.0,159000.0,593.0,80.0,21.0,0.0,,2026-07-24T11:48:46.332180+08:00
2360,2016-07-22,-50000.0,136000.0,-89000.0,-3000.0,592.0,77.0,-1.0,-3.0,,2026-07-24T11:48:46.332180+08:00
2360,2016-07-25,-3000.0,44000.0,-55000.0,-14000.0,592.0,77.0,0.0,0.0,,2026-07-24T11:48:46.332180+08:00
2360,2016-07-26,1000.0,11000.0,10000.0,22000.0,600.0,75.0,8.0,-2.0,,2026-07-24T11:48:46.332180+08:00
2360,2016-07-27,0.0,-94000.0,0.0,-94000.0,614.0,75.0,14.0,0.0,,2026-07-24T11:48:46.332180+08:00
2360,2016-07-28,1000.0,18000.0,5000.0,24000.0,640.0,72.0,26.0,-3.0,,2026-07-24T11:48:46.332180+08:00
2360,2016-07-29,-3000.0,204000.0,172679.0,373679.0,670.0,72.0,30.0,0.0,,2026-07-24T11:48:46.332180+08:00
2360,2016-08-01,-11000.0,1296000.0,105000.0,1390000.0,577.0,65.0,-93.0,-7.0,,2026-07-24T11:48:46.332180+08:00
2360,2016-08-02,241000.0,1025000.0,-10000.0,1256000.0,590.0,21.0,13.0,-44.0,,2026-07-24T11:48:46.332180+08:00
2360,2016-08-03,147000.0,1128543.0,29000.0,1304543.0,631.0,3.0,41.0,-18.0,,2026-07-24T11:48:46.332180+08:00
2360,2016-08-04,130000.0,774000.0,39000.0,943000.0,584.0,0.0,-47.0,-3.0,,2026-07-24T11:48:46.332180+08:00
2360,2016-08-05,113000.0,952000.0,218000.0,1283000.0,550.0,0.0,-34.0,0.0,,2026-07-24T11:48:46.332180+08:00
2360,2016-08-08,486000.0,488000.0,-11000.0,963000.0,660.0,0.0,110.0,0.0,,2026-07-24T11:48:46.332180+08:00
2360,2016-08-09,-48000.0,293000.0,-10000.0,235000.0,763.0,180.0,103.0,180.0,,2026-07-24T11:48:46.332180+08:00
2360,2016-08-10,84000.0,656784.0,0.0,740784.0,829.0,270.0,66.0,90.0,,2026-07-24T11:48:46.332180+08:00
2360,2016-08-11,40000.0,216000.0,55000.0,311000.0,913.0,327.0,84.0,57.0,,2026-07-24T11:48:46.332180+08:00
2360,2016-08-12,18000.0,206000.0,-10000.0,214000.0,912.0,368.0,-1.0,41.0,,2026-07-24T11:48:46.332180+08:00
2360,2016-08-15,2000.0,273000.0,-10000.0,265000.0,896.0,404.0,-16.0,36.0,,2026-07-24T11:48:46.332180+08:00
2360,2016-08-16,12000.0,57557.0,-1000.0,68557.0,989.0,410.0,93.0,6.0,,2026-07-24T11:48:46.332180+08:00
2360,2016-08-17,-118000.0,75982.0,-20000.0,-62018.0,999.0,396.0,10.0,-14.0,,2026-07-24T11:48:46.332180+08:00
2360,2016-08-18,-71000.0,276000.0,-10000.0,195000.0,998.0,328.0,-1.0,-68.0,,2026-07-24T11:48:46.332180+08:00
2360,2016-08-19,45400.0,54018.0,0.0,99418.0,1027.0,336.0,29.0,8.0,,2026-07-24T11:48:46.332180+08:00
2360,2016-08-22,113981.0,91000.0,-10000.0,194981.0,1077.0,337.0,50.0,1.0,,2026-07-24T11:48:46.332180+08:00
2360,2016-08-23,55000.0,444000.0,0.0,499000.0,1117.0,341.0,40.0,4.0,,2026-07-24T11:48:46.332180+08:00
2360,2016-08-24,-105000.0,169000.0,-1000.0,63000.0,1176.0,340.0,59.0,-1.0,,2026-07-24T11:48:46.332180+08:00
2360,2016-08-25,-35000.0,180000.0,2000.0,147000.0,1209.0,342.0,33.0,2.0,,2026-07-24T11:48:46.332180+08:00
2360,2016-08-26,1000.0,-63000.0,-10000.0,-72000.0,1276.0,338.0,67.0,-4.0,,2026-07-24T11:48:46.332180+08:00
2360,2016-08-29,-91000.0,157000.0,0.0,66000.0,1319.0,292.0,43.0,-46.0,,2026-07-24T11:48:46.332180+08:00
2360,2016-08-30,-52000.0,13000.0,0.0,-39000.0,1415.0,284.0,96.0,-8.0,,2026-07-24T11:48:46.332180+08:00
2360,2016-08-31,-84000.0,88000.0,0.0,4000.0,1420.0,295.0,5.0,11.0,,2026-07-24T11:48:46.332180+08:00
2360,2016-09-01,-130000.0,-505000.0,-7000.0,-642000.0,1481.0,291.0,61.0,-4.0,,2026-07-24T11:48:46.332180+08:00
2360,2016-09-02,-279000.0,557000.0,-25000.0,253000.0,1345.0,345.0,-136.0,54.0,,2026-07-24T11:48:46.332180+08:00
2360,2016-09-05,49000.0,-423000.0,-99000.0,-473000.0,1450.0,327.0,105.0,-18.0,,2026-07-24T11:48:46.332180+08:00
2360,2016-09-06,-37000.0,62000.0,-10000.0,15000.0,1443.0,332.0,-7.0,5.0,,2026-07-24T11:48:46.332180+08:00
2360,2016-09-07,-5000.0,74000.0,0.0,69000.0,1384.0,308.0,-59.0,-24.0,,2026-07-24T11:48:46.332180+08:00
2360,2016-09-08,0.0,476000.0,20000.0,496000.0,1171.0,447.0,-213.0,139.0,,2026-07-24T11:48:46.332180+08:00
2360,2016-09-09,6000.0,126000.0,120000.0,252000.0,1006.0,466.0,-165.0,19.0,,2026-07-24T11:48:46.332180+08:00
2360,2016-09-10,-5000.0,0.0,0.0,-5000.0,993.0,450.0,-13.0,-16.0,,2026-07-24T11:48:46.332180+08:00
2360,2016-09-12,-121000.0,287000.0,0.0,166000.0,953.0,436.0,-40.0,-14.0,,2026-07-24T11:48:46.332180+08:00
2360,2016-09-13,-21000.0,164000.0,0.0,143000.0,1000.0,444.0,47.0,8.0,,2026-07-24T11:48:46.332180+08:00
2360,2016-09-14,-23000.0,183000.0,1000.0,161000.0,888.0,421.0,-112.0,-23.0,,2026-07-24T11:48:46.332180+08:00
2360,2016-09-19,12000.0,281700.0,0.0,293700.0,826.0,419.0,-62.0,-2.0,,2026-07-24T11:48:46.332180+08:00
2360,2016-09-20,-167000.0,57000.0,0.0,-110000.0,883.0,419.0,57.0,0.0,,2026-07-24T11:48:46.332180+08:00
2360,2016-09-21,-60000.0,203000.0,0.0,143000.0,875.0,420.0,-8.0,1.0,,2026-07-24T11:48:46.332180+08:00
2360,2016-09-22,-11000.0,61000.0,0.0,50000.0,880.0,428.0,5.0,8.0,,2026-07-24T11:48:46.332180+08:00
2360,2016-09-23,-50000.0,-289000.0,9000.0,-330000.0,881.0,411.0,1.0,-17.0,,2026-07-24T11:48:46.332180+08:00
2360,2016-09-26,0.0,-448000.0,15000.0,-433000.0,851.0,384.0,-30.0,-27.0,,2026-07-24T11:48:46.332180+08:00
2360,2016-09-29,-288000.0,807048.0,280000.0,799048.0,852.0,400.0,1.0,16.0,,2026-07-24T11:48:46.332180+08:00
2360,2016-09-30,0.0,-87000.0,-1952.0,-88952.0,912.0,400.0,60.0,0.0,,2026-07-24T11:48:46.332180+08:00
2360,2016-10-03,2000.0,10000.0,50000.0,62000.0,897.0,397.0,-15.0,-3.0,,2026-07-24T11:48:46.332180+08:00
2360,2016-10-04,0.0,56930.0,-73000.0,-16070.0,860.0,409.0,-37.0,12.0,,2026-07-24T11:48:46.332180+08:00
2360,2016-10-05,0.0,474000.0,0.0,474000.0,830.0,425.0,-30.0,16.0,,2026-07-24T11:48:46.332180+08:00
2360,2016-10-06,0.0,396000.0,13000.0,409000.0,834.0,444.0,4.0,19.0,,2026-07-24T11:48:46.332180+08:00
2360,2016-10-07,11000.0,385000.0,1000.0,397000.0,861.0,460.0,27.0,16.0,,2026-07-24T11:48:46.332180+08:00
2360,2016-10-11,6000.0,70000.0,60000.0,136000.0,898.0,485.0,37.0,25.0,,2026-07-24T11:48:46.332180+08:00
2360,2016-10-12,17000.0,0.0,0.0,17000.0,930.0,489.0,32.0,4.0,,2026-07-24T11:48:46.332180+08:00
2360,2016-10-13,0.0,-58000.0,0.0,-58000.0,921.0,461.0,-9.0,-28.0,,2026-07-24T11:48:46.332180+08:00
2360,2016-10-14,-88000.0,-110000.0,22000.0,-176000.0,1043.0,464.0,122.0,3.0,,2026-07-24T11:48:46.332180+08:00
2360,2016-10-17,-14000.0,208000.0,-25000.0,169000.0,1213.0,442.0,170.0,-22.0,,2026-07-24T11:48:46.332180+08:00
2360,2016-10-18,-1000.0,-41000.0,10000.0,-32000.0,1349.0,418.0,136.0,-24.0,,2026-07-24T11:48:46.332180+08:00
2360,2016-10-19,7000.0,280000.0,0.0,287000.0,1386.0,394.0,37.0,-24.0,,2026-07-24T11:48:46.332180+08:00
2360,2016-10-20,0.0,296400.0,41000.0,337400.0,1440.0,398.0,54.0,4.0,,2026-07-24T11:48:46.332180+08:00
2360,2016-10-21,-3000.0,-81000.0,57000.0,-27000.0,1465.0,438.0,25.0,40.0,,2026-07-24T11:48:46.332180+08:00
2360,2016-10-24,0.0,314000.0,-106000.0,208000.0,1942.0,668.0,477.0,230.0,,2026-07-24T11:48:46.332180+08:00
2360,2016-10-25,15000.0,-429127.0,-104000.0,-518127.0,1987.0,652.0,45.0,-16.0,,2026-07-24T11:48:46.332180+08:00
2360,2016-10-26,-9000.0,-955000.0,-160000.0,-1124000.0,1954.0,550.0,-33.0,-102.0,,2026-07-24T11:48:46.332180+08:00
2360,2016-10-27,1000.0,130000.0,-304000.0,-173000.0,2015.0,409.0,61.0,-141.0,,2026-07-24T11:48:46.332180+08:00
2360,2016-10-28,-24000.0,-25000.0,0.0,-49000.0,2009.0,287.0,-6.0,-122.0,,2026-07-24T11:48:46.332180+08:00
2360,2016-10-31,0.0,119000.0,-11000.0,108000.0,1977.0,293.0,-32.0,6.0,,2026-07-24T11:48:46.332180+08:00
2360,2016-11-01,0.0,5432.0,0.0,5432.0,1967.0,288.0,-10.0,-5.0,,2026-07-24T11:48:46.332180+08:00
2360,2016-11-02,9000.0,139000.0,271.0,148271.0,1891.0,290.0,-76.0,2.0,,2026-07-24T11:48:46.332180+08:00
2360,2016-11-03,5000.0,166000.0,-156000.0,15000.0,1769.0,317.0,-122.0,27.0,,2026-07-24T11:48:46.332180+08:00
2360,2016-11-04,1000.0,35000.0,-99000.0,-63000.0,1772.0,317.0,3.0,0.0,,2026-07-24T11:48:46.332180+08:00
2360,2016-11-07,3000.0,119000.0,-35000.0,87000.0,1726.0,305.0,-46.0,-12.0,,2026-07-24T11:48:46.332180+08:00
2360,2016-11-08,-6000.0,-92000.0,-86000.0,-184000.0,1730.0,294.0,4.0,-11.0,,2026-07-24T11:48:46.332180+08:00
2360,2016-11-09,-16000.0,-185000.0,-87000.0,-288000.0,1578.0,283.0,-152.0,-11.0,,2026-07-24T11:48:46.332180+08:00
2360,2016-11-10,-5000.0,102000.0,-24000.0,73000.0,1504.0,236.0,-74.0,-47.0,,2026-07-24T11:48:46.332180+08:00
2360,2016-11-11,-3000.0,-38000.0,-35000.0,-76000.0,1518.0,198.0,14.0,-38.0,,2026-07-24T11:48:46.332180+08:00
2360,2016-11-14,1000.0,-64000.0,-42000.0,-105000.0,1523.0,163.0,5.0,-35.0,,2026-07-24T11:48:46.332180+08:00
2360,2016-11-15,-1000.0,18000.0,0.0,17000.0,1508.0,167.0,-15.0,4.0,,2026-07-24T11:48:46.332180+08:00
2360,2016-11-16,-4000.0,-235000.0,0.0,-239000.0,1619.0,197.0,111.0,30.0,,2026-07-24T11:48:46.332180+08:00
2360,2016-11-17,-6000.0,2000.0,-118000.0,-122000.0,1654.0,220.0,35.0,23.0,,2026-07-24T11:48:46.332180+08:00
2360,2016-11-18,33000.0,-20000.0,0.0,13000.0,1651.0,205.0,-3.0,-15.0,,2026-07-24T11:48:46.332180+08:00
2360,2016-11-21,-10000.0,-80483.0,0.0,-90483.0,1657.0,201.0,6.0,-4.0,,2026-07-24T11:48:46.332180+08:00
2360,2016-11-22,7000.0,256653.0,-230000.0,33653.0,1599.0,192.0,-58.0,-9.0,,2026-07-24T11:48:46.332180+08:00
2360,2016-11-23,0.0,111000.0,0.0,111000.0,1537.0,185.0,-62.0,-7.0,,2026-07-24T11:48:46.332180+08:00
2360,2016-11-24,0.0,22000.0,0.0,22000.0,1514.0,194.0,-23.0,9.0,,2026-07-24T11:48:46.332180+08:00
2360,2016-11-25,0.0,9000.0,0.0,9000.0,1498.0,194.0,-16.0,0.0,,2026-07-24T11:48:46.332180+08:00
2360,2016-11-28,0.0,220000.0,0.0,220000.0,1457.0,190.0,-41.0,-4.0,,2026-07-24T11:48:46.332180+08:00
2360,2016-11-29,-10000.0,-29000.0,-11000.0,-50000.0,1471.0,227.0,14.0,37.0,,2026-07-24T11:48:46.332180+08:00
2360,2016-11-30,32000.0,249000.0,0.0,281000.0,1413.0,348.0,-58.0,121.0,,2026-07-24T11:48:46.332180+08:00
2360,2016-12-01,10000.0,-98175.0,10000.0,-78175.0,1419.0,379.0,6.0,31.0,,2026-07-24T11:48:46.332180+08:00
2360,2016-12-02,4000.0,-155000.0,0.0,-151000.0,1418.0,373.0,-1.0,-6.0,,2026-07-24T11:48:46.332180+08:00
2360,2016-12-05,3000.0,-45000.0,0.0,-42000.0,1427.0,388.0,9.0,15.0,,2026-07-24T11:48:46.332180+08:00
2360,2016-12-06,14000.0,-88000.0,0.0,-74000.0,1428.0,403.0,1.0,15.0,,2026-07-24T11:48:46.332180+08:00
2360,2016-12-07,21000.0,28000.0,0.0,49000.0,1437.0,418.0,9.0,15.0,,2026-07-24T11:48:46.332180+08:00
2360,2016-12-08,-2000.0,-97000.0,0.0,-99000.0,1448.0,427.0,11.0,9.0,,2026-07-24T11:48:46.332180+08:00
2360,2016-12-09,20738.0,-234283.0,0.0,-213545.0,1561.0,450.0,113.0,23.0,,2026-07-24T11:48:46.332180+08:00
2360,2016-12-12,5000.0,-231000.0,0.0,-226000.0,1623.0,447.0,62.0,-3.0,,2026-07-24T11:48:46.332180+08:00
2360,2016-12-13,-10000.0,-132000.0,0.0,-142000.0,1616.0,439.0,-7.0,-8.0,,2026-07-24T11:48:46.332180+08:00
2360,2016-12-14,0.0,-33800.0,0.0,-33800.0,1666.0,452.0,50.0,13.0,,2026-07-24T11:48:46.332180+08:00
2360,2016-12-15,1000.0,-69000.0,0.0,-68000.0,1697.0,458.0,31.0,6.0,,2026-07-24T11:48:46.332180+08:00
2360,2016-12-16,7000.0,-370014.0,0.0,-363014.0,1705.0,460.0,8.0,2.0,,2026-07-24T11:48:46.332180+08:00
2360,2016-12-19,-8000.0,-111000.0,0.0,-119000.0,1694.0,468.0,-11.0,8.0,,2026-07-24T11:48:46.332180+08:00
2360,2016-12-20,8000.0,-114000.0,0.0,-106000.0,1685.0,468.0,-9.0,0.0,,2026-07-24T11:48:46.332180+08:00
2360,2016-12-21,40000.0,-257000.0,179000.0,-38000.0,1728.0,433.0,43.0,-35.0,,2026-07-24T11:48:46.332180+08:00
2360,2016-12-22,-40000.0,-30000.0,0.0,-70000.0,1735.0,447.0,7.0,14.0,,2026-07-24T11:48:46.332180+08:00
2360,2016-12-23,1000.0,-80850.0,0.0,-79850.0,1754.0,438.0,19.0,-9.0,,2026-07-24T11:48:46.332180+08:00
2360,2016-12-26,-5000.0,-145000.0,0.0,-150000.0,1780.0,434.0,26.0,-4.0,,2026-07-24T11:48:46.332180+08:00
2360,2016-12-27,-2000.0,-161000.0,0.0,-163000.0,1771.0,426.0,-9.0,-8.0,,2026-07-24T11:48:46.332180+08:00
2360,2016-12-28,0.0,-114000.0,0.0,-114000.0,1770.0,423.0,-1.0,-3.0,,2026-07-24T11:48:46.332180+08:00
2360,2016-12-29,0.0,-32000.0,0.0,-32000.0,1768.0,426.0,-2.0,3.0,,2026-07-24T11:48:46.332180+08:00
2360,2016-12-30,0.0,-274000.0,0.0,-274000.0,1794.0,424.0,26.0,-2.0,,2026-07-24T11:48:46.332180+08:00
2360,2017-01-03,0.0,-226000.0,0.0,-226000.0,1780.0,417.0,-14.0,-7.0,,2026-07-24T11:48:46.332180+08:00
2360,2017-01-04,19000.0,-100000.0,10000.0,-71000.0,1756.0,412.0,-24.0,-5.0,,2026-07-24T11:48:46.332180+08:00
2360,2017-01-05,205000.0,-140000.0,0.0,65000.0,1767.0,551.0,11.0,139.0,,2026-07-24T11:48:46.332180+08:00
2360,2017-01-06,104000.0,501274.0,16000.0,621274.0,1673.0,705.0,-94.0,154.0,,2026-07-24T11:48:46.332180+08:00
2360,2017-01-09,68000.0,-171000.0,122000.0,19000.0,1636.0,726.0,-37.0,21.0,,2026-07-24T11:48:46.332180+08:00
2360,2017-01-10,126000.0,630000.0,10000.0,766000.0,1614.0,786.0,-22.0,60.0,,2026-07-24T11:48:46.332180+08:00
2360,2017-01-11,-8000.0,329000.0,180000.0,501000.0,1483.0,857.0,-131.0,71.0,,2026-07-24T11:48:46.332180+08:00
2360,2017-01-12,-17000.0,-83000.0,60000.0,-40000.0,1510.0,872.0,27.0,15.0,,2026-07-24T11:48:46.332180+08:00
2360,2017-01-13,0.0,-315000.0,50000.0,-265000.0,1576.0,905.0,66.0,33.0,,2026-07-24T11:48:46.332180+08:00
2360,2017-01-16,-2000.0,-4000.0,10000.0,4000.0,1550.0,885.0,-26.0,-20.0,,2026-07-24T11:48:46.332180+08:00
2360,2017-01-17,1000.0,-15000.0,100000.0,86000.0,1478.0,790.0,-72.0,-95.0,,2026-07-24T11:48:46.332180+08:00
2360,2017-01-18,-87000.0,-269833.0,-54000.0,-410833.0,1564.0,606.0,86.0,-184.0,,2026-07-24T11:48:46.332180+08:00
2360,2017-01-19,-5000.0,72514.0,0.0,67514.0,1632.0,522.0,68.0,-84.0,,2026-07-24T11:48:46.332180+08:00
2360,2017-01-20,0.0,52000.0,0.0,52000.0,1657.0,524.0,25.0,2.0,,2026-07-24T11:48:46.332180+08:00
2360,2017-01-23,-1000.0,-28000.0,140.0,-28860.0,1637.0,463.0,-20.0,-61.0,,2026-07-24T11:48:46.332180+08:00
2360,2017-01-24,0.0,-41000.0,37000.0,-4000.0,1684.0,452.0,47.0,-11.0,,2026-07-24T11:48:46.332180+08:00
2360,2017-02-02,80000.0,667405.0,15000.0,762405.0,1503.0,569.0,-181.0,117.0,,2026-07-24T11:48:46.332180+08:00
2360,2017-02-03,52000.0,42000.0,25000.0,119000.0,1419.0,647.0,-84.0,78.0,,2026-07-24T11:48:46.332180+08:00
2360,2017-02-06,0.0,-128280.0,0.0,-128280.0,1480.0,699.0,61.0,52.0,,2026-07-24T11:48:46.332180+08:00
2360,2017-02-07,49000.0,233000.0,0.0,282000.0,1481.0,708.0,1.0,9.0,,2026-07-24T11:48:46.332180+08:00
2360,2017-02-08,35000.0,505000.0,0.0,540000.0,1474.0,765.0,-7.0,57.0,,2026-07-24T11:48:46.332180+08:00
2360,2017-02-09,51000.0,-9000.0,15000.0,57000.0,1601.0,794.0,127.0,29.0,,2026-07-24T11:48:46.332180+08:00
2360,2017-02-10,137000.0,14000.0,-10000.0,141000.0,1620.0,858.0,19.0,64.0,,2026-07-24T11:48:46.332180+08:00
2360,2017-02-13,77000.0,68000.0,90000.0,235000.0,1669.0,921.0,49.0,63.0,,2026-07-24T11:48:46.332180+08:00
2360,2017-02-14,100000.0,-647000.0,90000.0,-457000.0,1629.0,943.0,-40.0,22.0,,2026-07-24T11:48:46.332180+08:00
2360,2017-02-15,-11000.0,-203000.0,0.0,-214000.0,1690.0,892.0,61.0,-51.0,,2026-07-24T11:48:46.332180+08:00
2360,2017-02-16,-53000.0,-309000.0,45000.0,-317000.0,1647.0,825.0,-43.0,-67.0,,2026-07-24T11:48:46.332180+08:00
2360,2017-02-17,60000.0,21786.0,0.0,81786.0,1592.0,802.0,-55.0,-23.0,,2026-07-24T11:48:46.332180+08:00
2360,2017-02-18,-37000.0,-125000.0,0.0,-162000.0,1619.0,807.0,27.0,5.0,,2026-07-24T11:48:46.332180+08:00
2360,2017-02-20,-71000.0,-306000.0,50000.0,-327000.0,1646.0,921.0,27.0,114.0,,2026-07-24T11:48:46.332180+08:00
2360,2017-02-21,72845.0,-590000.0,0.0,-517155.0,1786.0,1000.0,140.0,79.0,,2026-07-24T11:48:46.332180+08:00
2360,2017-02-22,-303000.0,2106000.0,525000.0,2328000.0,1326.0,1136.0,-460.0,136.0,,2026-07-24T11:48:46.332180+08:00
2360,2017-02-23,226000.0,280999.0,157000.0,663999.0,1864.0,1034.0,538.0,-102.0,,2026-07-24T11:48:46.332180+08:00
2360,2017-02-24,30000.0,-90000.0,-99000.0,-159000.0,1903.0,1086.0,39.0,52.0,,2026-07-24T11:48:46.332180+08:00
2360,2017-03-01,-50000.0,837000.0,0.0,787000.0,1845.0,1013.0,-58.0,-73.0,,2026-07-24T11:48:46.332180+08:00
2360,2017-03-02,-81000.0,842000.0,107000.0,868000.0,1828.0,875.0,-17.0,-138.0,,2026-07-24T11:48:46.332180+08:00
2360,2017-03-03,-21000.0,450000.0,800000.0,1229000.0,1898.0,825.0,70.0,-50.0,,2026-07-24T11:48:46.332180+08:00
2360,2017-03-06,84310.0,629000.0,52000.0,765310.0,1966.0,828.0,68.0,3.0,,2026-07-24T11:48:46.332180+08:00
2360,2017-03-07,94000.0,151432.0,72000.0,317432.0,2138.0,858.0,172.0,30.0,,2026-07-24T11:48:46.332180+08:00
2360,2017-03-08,-40000.0,-143000.0,586000.0,403000.0,2009.0,988.0,-129.0,130.0,,2026-07-24T11:48:46.332180+08:00
2360,2017-03-09,69000.0,44000.0,383000.0,496000.0,1968.0,1016.0,-41.0,28.0,,2026-07-24T11:48:46.332180+08:00
2360,2017-03-10,142000.0,269000.0,10000.0,421000.0,1896.0,972.0,-72.0,-44.0,,2026-07-24T11:48:46.332180+08:00
2360,2017-03-13,-24000.0,-39000.0,0.0,-63000.0,1948.0,795.0,52.0,-177.0,,2026-07-24T11:48:46.332180+08:00
2360,2017-03-14,-35000.0,260000.0,66000.0,291000.0,2009.0,628.0,61.0,-167.0,,2026-07-24T11:48:46.332180+08:00
2360,2017-03-15,-5000.0,713000.0,18000.0,726000.0,1970.0,585.0,-39.0,-43.0,,2026-07-24T11:48:46.332180+08:00
2360,2017-03-16,30000.0,950000.0,137000.0,1117000.0,1974.0,767.0,4.0,182.0,,2026-07-24T11:48:46.332180+08:00
2360,2017-03-17,-76000.0,379000.0,80000.0,383000.0,2055.0,860.0,81.0,93.0,,2026-07-24T11:48:46.332180+08:00
2360,2017-03-20,-42000.0,-88000.0,206000.0,76000.0,2019.0,836.0,-36.0,-24.0,,2026-07-24T11:48:46.332180+08:00
2360,2017-03-21,-38000.0,500774.0,-5000.0,457774.0,1939.0,828.0,-80.0,-8.0,,2026-07-24T11:48:46.332180+08:00
2360,2017-03-22,-56000.0,-154177.0,-62000.0,-272177.0,1853.0,703.0,-86.0,-125.0,,2026-07-24T11:48:46.332180+08:00
2360,2017-03-23,-465000.0,873175.0,-55000.0,353175.0,1584.0,445.0,-269.0,-258.0,,2026-07-24T11:48:46.332180+08:00
2360,2017-03-24,-273000.0,771000.0,0.0,498000.0,1457.0,375.0,-127.0,-70.0,,2026-07-24T11:48:46.332180+08:00
2360,2017-03-27,-54000.0,82000.0,0.0,28000.0,1365.0,178.0,-92.0,-197.0,,2026-07-24T11:48:46.332180+08:00
2360,2017-03-28,-106000.0,-488000.0,304000.0,-290000.0,1269.0,91.0,-96.0,-87.0,,2026-07-24T11:48:46.332180+08:00
2360,2017-03-29,-48000.0,288000.0,0.0,240000.0,1224.0,49.0,-45.0,-42.0,,2026-07-24T11:48:46.332180+08:00
2360,2017-03-30,-26000.0,-170000.0,28000.0,-168000.0,1219.0,0.0,-5.0,-49.0,,2026-07-24T11:48:46.332180+08:00
2360,2017-03-31,-2000.0,164000.0,-180000.0,-18000.0,1248.0,0.0,29.0,0.0,,2026-07-24T11:48:46.332180+08:00
2360,2017-04-05,-10000.0,-3480.0,28000.0,14520.0,1266.0,0.0,18.0,0.0,,2026-07-24T11:48:46.332180+08:00
2360,2017-04-06,-7000.0,-78000.0,0.0,-85000.0,1279.0,21.0,13.0,21.0,,2026-07-24T11:48:46.332180+08:00
2360,2017-04-07,-42000.0,-264000.0,0.0,-306000.0,1263.0,44.0,-16.0,23.0,,2026-07-24T11:48:46.332180+08:00
2360,2017-04-10,-22000.0,42000.0,-10000.0,10000.0,1218.0,57.0,-45.0,13.0,,2026-07-24T11:48:46.332180+08:00
2360,2017-04-11,-42000.0,282000.0,45000.0,285000.0,1174.0,117.0,-44.0,60.0,,2026-07-24T11:48:46.332180+08:00
2360,2017-04-12,-5000.0,-217000.0,0.0,-222000.0,1177.0,134.0,3.0,17.0,,2026-07-24T11:48:46.332180+08:00
2360,2017-04-13,-8000.0,-44000.0,38000.0,-14000.0,1198.0,146.0,21.0,12.0,,2026-07-24T11:48:46.332180+08:00
2360,2017-04-14,-3000.0,-1000.0,-2000.0,-6000.0,1139.0,235.0,-59.0,89.0,,2026-07-24T11:48:46.332180+08:00
2360,2017-04-17,-96000.0,476400.0,0.0,380400.0,1088.0,290.0,-51.0,55.0,,2026-07-24T11:48:46.332180+08:00
2360,2017-04-18,2000.0,29000.0,105000.0,136000.0,1118.0,319.0,30.0,29.0,,2026-07-24T11:48:46.332180+08:00
2360,2017-04-19,-36000.0,840000.0,0.0,804000.0,1088.0,408.0,-30.0,89.0,,2026-07-24T11:48:46.332180+08:00
2360,2017-04-20,-5000.0,393000.0,-45000.0,343000.0,1082.0,439.0,-6.0,31.0,,2026-07-24T11:48:46.332180+08:00
2360,2017-04-21,13000.0,386421.0,23000.0,422421.0,1027.0,478.0,-55.0,39.0,,2026-07-24T11:48:46.332180+08:00
2360,2017-04-24,-22000.0,163000.0,0.0,141000.0,1034.0,486.0,7.0,8.0,,2026-07-24T11:48:46.332180+08:00
2360,2017-04-25,1000.0,823000.0,-96.0,823904.0,1015.0,506.0,-19.0,20.0,,2026-07-24T11:48:46.332180+08:00
2360,2017-04-26,-56000.0,419000.0,360000.0,723000.0,1212.0,512.0,197.0,6.0,,2026-07-24T11:48:46.332180+08:00
2360,2017-04-27,18000.0,-41000.0,-40000.0,-63000.0,1144.0,541.0,-68.0,29.0,,2026-07-24T11:48:46.332180+08:00
2360,2017-04-28,-26000.0,-24010.0,-210000.0,-260010.0,1087.0,566.0,-57.0,25.0,,2026-07-24T11:48:46.332180+08:00
2360,2017-05-02,-84000.0,22000.0,-83000.0,-145000.0,1096.0,611.0,9.0,45.0,,2026-07-24T11:48:46.332180+08:00
2360,2017-05-03,-16000.0,95000.0,-78000.0,1000.0,1078.0,627.0,-18.0,16.0,,2026-07-24T11:48:46.332180+08:00
2360,2017-05-04,-61000.0,323000.0,-25000.0,237000.0,967.0,631.0,-111.0,4.0,,2026-07-24T11:48:46.332180+08:00
2360,2017-05-05,-4000.0,101000.0,-191000.0,-94000.0,974.0,633.0,7.0,2.0,,2026-07-24T11:48:46.332180+08:00
2360,2017-05-08,-12000.0,100699.0,-66000.0,22699.0,951.0,611.0,-23.0,-22.0,,2026-07-24T11:48:46.332180+08:00
2360,2017-05-09,-23000.0,326000.0,-30000.0,273000.0,905.0,612.0,-46.0,1.0,,2026-07-24T11:48:46.332180+08:00
2360,2017-05-10,26000.0,1096000.0,30000.0,1152000.0,933.0,613.0,28.0,1.0,,2026-07-24T11:48:46.332180+08:00
2360,2017-05-11,-62000.0,518000.0,0.0,456000.0,958.0,619.0,25.0,6.0,,2026-07-24T11:48:46.332180+08:00
2360,2017-05-12,15000.0,11000.0,0.0,26000.0,1000.0,628.0,42.0,9.0,,2026-07-24T11:48:46.332180+08:00
2360,2017-05-15,8000.0,85000.0,73000.0,166000.0,1028.0,628.0,28.0,0.0,,2026-07-24T11:48:46.332180+08:00
2360,2017-05-16,-50000.0,681834.0,0.0,631834.0,932.0,624.0,-96.0,-4.0,,2026-07-24T11:48:46.332180+08:00
2360,2017-05-17,-24000.0,658000.0,-81000.0,553000.0,932.0,622.0,0.0,-2.0,,2026-07-24T11:48:46.332180+08:00
2360,2017-05-18,-10000.0,-360000.0,0.0,-370000.0,956.0,613.0,24.0,-9.0,,2026-07-24T11:48:46.332180+08:00
2360,2017-05-19,-3000.0,381000.0,-30000.0,348000.0,977.0,606.0,21.0,-7.0,,2026-07-24T11:48:46.332180+08:00
2360,2017-05-22,-5000.0,411000.0,0.0,406000.0,913.0,611.0,-64.0,5.0,,2026-07-24T11:48:46.332180+08:00
2360,2017-05-23,-5000.0,215000.0,-20000.0,190000.0,882.0,611.0,-31.0,0.0,,2026-07-24T11:48:46.332180+08:00
2360,2017-05-24,-1000.0,42000.0,0.0,41000.0,939.0,613.0,57.0,2.0,,2026-07-24T11:48:46.332180+08:00
2360,2017-05-25,-5000.0,116000.0,0.0,111000.0,886.0,620.0,-53.0,7.0,,2026-07-24T11:48:46.332180+08:00
2360,2017-05-26,-7000.0,9513.0,0.0,2513.0,870.0,620.0,-16.0,0.0,,2026-07-24T11:48:46.332180+08:00
2360,2017-05-31,-13000.0,81000.0,0.0,68000.0,906.0,623.0,36.0,3.0,,2026-07-24T11:48:46.332180+08:00
2360,2017-06-01,33000.0,46000.0,-30000.0,49000.0,877.0,618.0,-29.0,-5.0,,2026-07-24T11:48:46.332180+08:00
2360,2017-06-02,-2000.0,65000.0,0.0,63000.0,941.0,617.0,64.0,-1.0,,2026-07-24T11:48:46.332180+08:00
2360,2017-06-03,-6000.0,0.0,150000.0,144000.0,947.0,617.0,6.0,0.0,,2026-07-24T11:48:46.332180+08:00
2360,2017-06-05,15000.0,12000.0,-63000.0,-36000.0,968.0,617.0,21.0,0.0,,2026-07-24T11:48:46.332180+08:00
2360,2017-06-06,82000.0,303000.0,-8000.0,377000.0,904.0,615.0,-64.0,-2.0,,2026-07-24T11:48:46.332180+08:00
2360,2017-06-07,-64000.0,304907.0,0.0,240907.0,892.0,613.0,-12.0,-2.0,,2026-07-24T11:48:46.332180+08:00
2360,2017-06-08,48000.0,169800.0,0.0,217800.0,874.0,613.0,-18.0,0.0,,2026-07-24T11:48:46.332180+08:00
2360,2017-06-09,-23000.0,555000.0,-83000.0,449000.0,761.0,578.0,-113.0,-35.0,,2026-07-24T11:48:46.332180+08:00
2360,2017-06-12,-12000.0,-219000.0,-138000.0,-369000.0,786.0,252.0,25.0,-326.0,,2026-07-24T11:48:46.332180+08:00
2360,2017-06-13,9000.0,102572.0,0.0,111572.0,806.0,181.0,20.0,-71.0,,2026-07-24T11:48:46.332180+08:00
2360,2017-06-14,-39119.0,152000.0,0.0,112881.0,793.0,142.0,-13.0,-39.0,,2026-07-24T11:48:46.332180+08:00
2360,2017-06-15,-25000.0,148048.0,0.0,123048.0,757.0,147.0,-36.0,5.0,,2026-07-24T11:48:46.332180+08:00
2360,2017-06-16,7000.0,36000.0,0.0,43000.0,770.0,138.0,13.0,-9.0,,2026-07-24T11:48:46.332180+08:00
2360,2017-06-19,-36000.0,377421.0,0.0,341421.0,740.0,157.0,-30.0,19.0,,2026-07-24T11:48:46.332180+08:00
2360,2017-06-20,-53000.0,-58000.0,1000.0,-110000.0,747.0,151.0,7.0,-6.0,,2026-07-24T11:48:46.332180+08:00
2360,2017-06-21,6000.0,790311.0,-80000.0,716311.0,715.0,178.0,-32.0,27.0,,2026-07-24T11:48:46.332180+08:00
2360,2017-06-22,45000.0,541911.0,0.0,586911.0,838.0,208.0,123.0,30.0,,2026-07-24T11:48:46.332180+08:00
2360,2017-06-23,-65000.0,308000.0,0.0,243000.0,807.0,199.0,-31.0,-9.0,,2026-07-24T11:48:46.332180+08:00
2360,2017-06-26,21000.0,273000.0,0.0,294000.0,783.0,186.0,-24.0,-13.0,,2026-07-24T11:48:46.332180+08:00
2360,2017-06-27,111000.0,388000.0,-100000.0,399000.0,807.0,195.0,24.0,9.0,,2026-07-24T11:48:46.332180+08:00
2360,2017-06-28,-49000.0,115763.0,-13000.0,53763.0,773.0,183.0,-34.0,-12.0,,2026-07-24T11:48:46.332180+08:00
2360,2017-06-29,4000.0,229000.0,0.0,233000.0,758.0,156.0,-15.0,-27.0,,2026-07-24T11:48:46.332180+08:00
2360,2017-06-30,26000.0,44586.0,-25000.0,45586.0,777.0,93.0,19.0,-63.0,,2026-07-24T11:48:46.332180+08:00
2360,2017-07-03,4000.0,-39000.0,0.0,-35000.0,746.0,52.0,-31.0,-41.0,,2026-07-24T11:48:46.332180+08:00
2360,2017-07-04,8000.0,514396.0,-500000.0,22396.0,634.0,46.0,-112.0,-6.0,,2026-07-24T11:48:46.332180+08:00
2360,2017-07-05,22000.0,-195000.0,-25000.0,-198000.0,686.0,28.0,52.0,-18.0,,2026-07-24T11:48:46.332180+08:00
2360,2017-07-06,-8000.0,-5000.0,-99000.0,-112000.0,749.0,27.0,63.0,-1.0,,2026-07-24T11:48:46.332180+08:00
2360,2017-07-07,-28000.0,4889.0,0.0,-23111.0,746.0,27.0,-3.0,0.0,,2026-07-24T11:48:46.332180+08:00
2360,2017-07-10,-10000.0,-37230.0,0.0,-47230.0,787.0,26.0,41.0,-1.0,,2026-07-24T11:48:46.332180+08:00
2360,2017-07-11,10000.0,218141.0,-31000.0,197141.0,735.0,26.0,-52.0,0.0,,2026-07-24T11:48:46.332180+08:00
2360,2017-07-12,6000.0,28000.0,0.0,34000.0,836.0,24.0,101.0,-2.0,,2026-07-24T11:48:46.332180+08:00
2360,2017-07-13,-17000.0,243498.0,-100000.0,126498.0,827.0,20.0,-9.0,-4.0,,2026-07-24T11:48:46.332180+08:00
2360,2017-07-14,-24000.0,502402.0,0.0,478402.0,755.0,20.0,-72.0,0.0,,2026-07-24T11:48:46.332180+08:00
2360,2017-07-17,-9000.0,32000.0,39.0,23039.0,762.0,0.0,7.0,-20.0,,2026-07-24T11:48:46.332180+08:00
2360,2017-07-18,9000.0,511000.0,-10000.0,510000.0,758.0,0.0,-4.0,0.0,,2026-07-24T11:48:46.332180+08:00
2360,2017-07-19,-59000.0,80000.0,0.0,21000.0,799.0,0.0,41.0,0.0,,2026-07-24T11:48:46.332180+08:00
2360,2017-07-20,143000.0,185000.0,0.0,328000.0,886.0,0.0,87.0,0.0,,2026-07-24T11:48:46.332180+08:00
2360,2017-07-21,374000.0,185483.0,0.0,559483.0,934.0,0.0,48.0,0.0,,2026-07-24T11:48:46.332180+08:00
2360,2017-07-24,-252000.0,194000.0,79000.0,21000.0,929.0,5.0,-5.0,5.0,,2026-07-24T11:48:46.332180+08:00
2360,2017-07-25,-87000.0,538900.0,-27000.0,424900.0,962.0,5.0,33.0,0.0,,2026-07-24T11:48:46.332180+08:00
2360,2017-07-26,-82000.0,260000.0,-240000.0,-62000.0,1005.0,22.0,43.0,17.0,,2026-07-24T11:48:46.332180+08:00
2360,2017-07-27,-55000.0,28000.0,0.0,-27000.0,990.0,22.0,-15.0,0.0,,2026-07-24T11:48:46.332180+08:00
2360,2017-07-28,9000.0,-41595.0,-27000.0,-59595.0,993.0,24.0,3.0,2.0,,2026-07-24T11:48:46.332180+08:00
2360,2017-07-31,-15000.0,-105000.0,0.0,-120000.0,1007.0,24.0,14.0,0.0,,2026-07-24T11:48:46.332180+08:00
2360,2017-08-01,54000.0,-607000.0,-40000.0,-593000.0,1056.0,26.0,49.0,2.0,,2026-07-24T11:48:46.332180+08:00
2360,2017-08-02,18000.0,-613000.0,-200000.0,-795000.0,1278.0,11.0,222.0,-15.0,,2026-07-24T11:48:46.332180+08:00
2360,2017-08-03,64000.0,219000.0,-179000.0,104000.0,1244.0,12.0,-34.0,1.0,,2026-07-24T11:48:46.332180+08:00
2360,2017-08-04,-69000.0,-72000.0,-18000.0,-159000.0,1343.0,4.0,99.0,-8.0,,2026-07-24T11:48:46.332180+08:00
2360,2017-08-07,47000.0,9000.0,-182000.0,-126000.0,1367.0,8.0,24.0,4.0,,2026-07-24T11:48:46.332180+08:00
2360,2017-08-08,-88000.0,42000.0,0.0,-46000.0,1396.0,18.0,29.0,10.0,,2026-07-24T11:48:46.332180+08:00
2360,2017-08-09,-5000.0,193000.0,0.0,188000.0,1344.0,19.0,-52.0,1.0,,2026-07-24T11:48:46.332180+08:00
2360,2017-08-10,1000.0,712000.0,0.0,713000.0,1129.0,30.0,-215.0,11.0,,2026-07-24T11:48:46.332180+08:00
2360,2017-08-11,-9000.0,-237000.0,-30000.0,-276000.0,1186.0,22.0,57.0,-8.0,,2026-07-24T11:48:46.332180+08:00
2360,2017-08-14,-36000.0,214000.0,0.0,178000.0,1199.0,48.0,13.0,26.0,,2026-07-24T11:48:46.332180+08:00
2360,2017-08-15,-78000.0,593000.0,0.0,515000.0,1163.0,60.0,-36.0,12.0,,2026-07-24T11:48:46.332180+08:00
2360,2017-08-16,-30000.0,576000.0,0.0,546000.0,1130.0,81.0,-33.0,21.0,,2026-07-24T11:48:46.332180+08:00
2360,2017-08-17,-103000.0,-103000.0,0.0,-206000.0,1168.0,64.0,38.0,-17.0,,2026-07-24T11:48:46.332180+08:00
2360,2017-08-18,-29000.0,-10000.0,0.0,-39000.0,1146.0,59.0,-22.0,-5.0,,2026-07-24T11:48:46.332180+08:00
2360,2017-08-21,-18000.0,-18000.0,0.0,-36000.0,1122.0,56.0,-24.0,-3.0,,2026-07-24T11:48:46.332180+08:00
2360,2017-08-22,76000.0,77600.0,6000.0,159600.0,1111.0,50.0,-11.0,-6.0,,2026-07-24T11:48:46.332180+08:00
2360,2017-08-23,-103000.0,84000.0,-3000.0,-22000.0,1146.0,52.0,35.0,2.0,,2026-07-24T11:48:46.332180+08:00
2360,2017-08-24,-3000.0,235000.0,31000.0,263000.0,1274.0,48.0,128.0,-4.0,,2026-07-24T11:48:46.332180+08:00
2360,2017-08-25,-98000.0,385000.0,0.0,287000.0,1338.0,52.0,64.0,4.0,,2026-07-24T11:48:46.332180+08:00
2360,2017-08-28,-5000.0,126000.0,0.0,121000.0,1306.0,51.0,-32.0,-1.0,,2026-07-24T11:48:46.332180+08:00
2360,2017-08-29,-48000.0,152000.0,0.0,104000.0,1275.0,52.0,-31.0,1.0,,2026-07-24T11:48:46.332180+08:00
2360,2017-08-30,72000.0,686000.0,117000.0,875000.0,1786.0,86.0,511.0,34.0,,2026-07-24T11:48:46.332180+08:00
2360,2017-08-31,-21000.0,-251000.0,-6000.0,-278000.0,1840.0,70.0,54.0,-16.0,,2026-07-24T11:48:46.332180+08:00
2360,2017-09-01,-15000.0,275000.0,0.0,260000.0,1778.0,70.0,-62.0,0.0,,2026-07-24T11:48:46.332180+08:00
2360,2017-09-04,95000.0,274000.0,-73000.0,296000.0,1757.0,53.0,-21.0,-17.0,,2026-07-24T11:48:46.332180+08:00
2360,2017-09-05,5920.0,-300000.0,0.0,-294080.0,1861.0,51.0,104.0,-2.0,,2026-07-24T11:48:46.332180+08:00
2360,2017-09-06,-75000.0,454800.0,0.0,379800.0,1813.0,50.0,-48.0,-1.0,,2026-07-24T11:48:46.332180+08:00
2360,2017-09-07,-70000.0,134000.0,0.0,64000.0,1820.0,47.0,7.0,-3.0,,2026-07-24T11:48:46.332180+08:00
2360,2017-09-08,59000.0,17000.0,-1000.0,75000.0,1811.0,47.0,-9.0,0.0,,2026-07-24T11:48:46.332180+08:00
2360,2017-09-11,-57000.0,62000.0,16000.0,21000.0,1784.0,85.0,-27.0,38.0,,2026-07-24T11:48:46.332180+08:00
2360,2017-09-12,-9000.0,103000.0,13000.0,107000.0,1743.0,93.0,-41.0,8.0,,2026-07-24T11:48:46.332180+08:00
2360,2017-09-13,-24000.0,-48000.0,0.0,-72000.0,1749.0,87.0,6.0,-6.0,,2026-07-24T11:48:46.332180+08:00
2360,2017-09-14,175000.0,-378000.0,0.0,-203000.0,1822.0,85.0,73.0,-2.0,,2026-07-24T11:48:46.332180+08:00
2360,2017-09-15,-183000.0,-30000.0,0.0,-213000.0,1811.0,51.0,-11.0,-34.0,,2026-07-24T11:48:46.332180+08:00
2360,2017-09-18,11000.0,78000.0,0.0,89000.0,1831.0,52.0,20.0,1.0,,2026-07-24T11:48:46.332180+08:00
2360,2017-09-19,15000.0,152000.0,0.0,167000.0,1814.0,53.0,-17.0,1.0,,2026-07-24T11:48:46.332180+08:00
2360,2017-09-20,106000.0,1460000.0,31000.0,1597000.0,1847.0,122.0,33.0,69.0,,2026-07-24T11:48:46.332180+08:00
2360,2017-09-21,-103000.0,239000.0,0.0,136000.0,1813.0,113.0,-34.0,-9.0,,2026-07-24T11:48:46.332180+08:00
2360,2017-09-22,10000.0,806954.0,13000.0,829954.0,1526.0,81.0,-287.0,-32.0,,2026-07-24T11:48:46.332180+08:00
2360,2017-09-25,31000.0,102304.0,0.0,133304.0,1514.0,83.0,-12.0,2.0,,2026-07-24T11:48:46.332180+08:00
2360,2017-09-26,41000.0,344000.0,0.0,385000.0,1701.0,82.0,187.0,-1.0,,2026-07-24T11:48:46.332180+08:00
2360,2017-09-27,-55000.0,-52450.0,-60000.0,-167450.0,2028.0,72.0,327.0,-10.0,,2026-07-24T11:48:46.332180+08:00
2360,2017-09-28,129000.0,-70000.0,36000.0,95000.0,2194.0,82.0,166.0,10.0,,2026-07-24T11:48:46.332180+08:00
2360,2017-09-29,-34000.0,187186.0,-60000.0,93186.0,2145.0,85.0,-49.0,3.0,,2026-07-24T11:48:46.332180+08:00
2360,2017-09-30,60000.0,0.0,0.0,60000.0,2170.0,95.0,25.0,10.0,,2026-07-24T11:48:46.332180+08:00
2360,2017-10-02,-23000.0,460000.0,0.0,437000.0,2192.0,107.0,22.0,12.0,,2026-07-24T11:48:46.332180+08:00
2360,2017-10-03,81000.0,201000.0,9985.0,291985.0,2040.0,106.0,-152.0,-1.0,,2026-07-24T11:48:46.332180+08:00
2360,2017-10-05,-12000.0,397000.0,6000.0,391000.0,2199.0,155.0,159.0,49.0,,2026-07-24T11:48:46.332180+08:00
2360,2017-10-06,-199000.0,1216000.0,82000.0,1099000.0,1786.0,207.0,-413.0,52.0,,2026-07-24T11:48:46.332180+08:00
2360,2017-10-11,-1000.0,17255.0,4000.0,20255.0,2019.0,244.0,233.0,37.0,,2026-07-24T11:48:46.332180+08:00
2360,2017-10-12,172000.0,244800.0,35000.0,451800.0,2036.0,243.0,17.0,-1.0,,2026-07-24T11:48:46.332180+08:00
2360,2017-10-13,82000.0,-380000.0,-25000.0,-323000.0,2050.0,219.0,14.0,-24.0,,2026-07-24T11:48:46.332180+08:00
2360,2017-10-16,40000.0,208191.0,0.0,248191.0,1980.0,216.0,-70.0,-3.0,,2026-07-24T11:48:46.332180+08:00
2360,2017-10-17,93000.0,-22280.0,-438000.0,-367280.0,2011.0,213.0,31.0,-3.0,,2026-07-24T11:48:46.332180+08:00
2360,2017-10-18,-29000.0,-103252.0,0.0,-132252.0,1984.0,193.0,-27.0,-20.0,,2026-07-24T11:48:46.332180+08:00
2360,2017-10-19,342000.0,-415748.0,-446000.0,-519748.0,2241.0,199.0,257.0,6.0,,2026-07-24T11:48:46.332180+08:00
2360,2017-10-20,-88000.0,158267.0,94000.0,164267.0,2150.0,203.0,-91.0,4.0,,2026-07-24T11:48:46.332180+08:00
2360,2017-10-23,26000.0,-248000.0,-21000.0,-243000.0,2191.0,202.0,41.0,-1.0,,2026-07-24T11:48:46.332180+08:00
2360,2017-10-24,425000.0,262000.0,-187000.0,500000.0,2406.0,232.0,215.0,30.0,,2026-07-24T11:48:46.332180+08:00
2360,2017-10-25,-76000.0,-361000.0,-104000.0,-541000.0,2463.0,228.0,57.0,-4.0,,2026-07-24T11:48:46.332180+08:00
2360,2017-10-26,194000.0,215000.0,-279000.0,130000.0,2684.0,271.0,221.0,43.0,,2026-07-24T11:48:46.332180+08:00
2360,2017-10-27,-166000.0,-56000.0,-55000.0,-277000.0,2480.0,241.0,-204.0,-30.0,,2026-07-24T11:48:46.332180+08:00
2360,2017-10-30,-64000.0,579178.0,0.0,515178.0,2401.0,285.0,-79.0,44.0,,2026-07-24T11:48:46.332180+08:00
2360,2017-10-31,309000.0,230287.0,185000.0,724287.0,2401.0,375.0,0.0,90.0,,2026-07-24T11:48:46.332180+08:00
2360,2017-11-01,-40000.0,-987000.0,101000.0,-926000.0,2629.0,328.0,228.0,-47.0,,2026-07-24T11:48:46.332180+08:00
2360,2017-11-02,-145000.0,754886.0,0.0,609886.0,2379.0,346.0,-250.0,18.0,,2026-07-24T11:48:46.332180+08:00
2360,2017-11-03,-26000.0,-141000.0,10000.0,-157000.0,2630.0,373.0,251.0,27.0,,2026-07-24T11:48:46.332180+08:00
2360,2017-11-06,-210000.0,-321000.0,45000.0,-486000.0,2795.0,371.0,165.0,-2.0,,2026-07-24T11:48:46.332180+08:00
2360,2017-11-07,-48000.0,397570.0,-302000.0,47570.0,2675.0,359.0,-120.0,-12.0,,2026-07-24T11:48:46.332180+08:00
2360,2017-11-08,-5000.0,-118000.0,0.0,-123000.0,2645.0,343.0,-30.0,-16.0,,2026-07-24T11:48:46.332180+08:00
2360,2017-11-09,-114000.0,955300.0,-2000.0,839300.0,2545.0,413.0,-100.0,70.0,,2026-07-24T11:48:46.332180+08:00
2360,2017-11-10,-83000.0,-96000.0,-163000.0,-342000.0,2673.0,393.0,128.0,-20.0,,2026-07-24T11:48:46.332180+08:00
2360,2017-11-13,15000.0,-315500.0,204000.0,-96500.0,2582.0,377.0,-91.0,-16.0,,2026-07-24T11:48:46.332180+08:00
2360,2017-11-14,-71000.0,78000.0,0.0,7000.0,2454.0,365.0,-128.0,-12.0,,2026-07-24T11:48:46.332180+08:00
2360,2017-11-15,-25000.0,294000.0,10000.0,279000.0,2379.0,341.0,-75.0,-24.0,,2026-07-24T11:48:46.332180+08:00
2360,2017-11-16,-4000.0,157058.0,0.0,153058.0,2305.0,350.0,-74.0,9.0,,2026-07-24T11:48:46.332180+08:00
2360,2017-11-17,-31000.0,23750.0,0.0,-7250.0,2285.0,359.0,-20.0,9.0,,2026-07-24T11:48:46.332180+08:00
2360,2017-11-20,153000.0,370000.0,135000.0,658000.0,2132.0,382.0,-153.0,23.0,,2026-07-24T11:48:46.332180+08:00
2360,2017-11-21,11000.0,-322790.0,63000.0,-248790.0,2355.0,435.0,223.0,53.0,,2026-07-24T11:48:46.332180+08:00
2360,2017-11-22,-192000.0,110000.0,8000.0,-74000.0,2342.0,390.0,-13.0,-45.0,,2026-07-24T11:48:46.332180+08:00
2360,2017-11-23,76000.0,-771000.0,25000.0,-670000.0,2564.0,374.0,222.0,-16.0,,2026-07-24T11:48:46.332180+08:00
2360,2017-11-24,-91000.0,179000.0,20000.0,108000.0,2485.0,385.0,-79.0,11.0,,2026-07-24T11:48:46.332180+08:00
2360,2017-11-27,26000.0,-321000.0,0.0,-295000.0,2553.0,380.0,68.0,-5.0,,2026-07-24T11:48:46.332180+08:00
2360,2017-11-28,149000.0,-198466.0,-5000.0,-54466.0,2722.0,387.0,169.0,7.0,,2026-07-24T11:48:46.332180+08:00
2360,2017-11-29,56000.0,341750.0,389000.0,786750.0,2571.0,420.0,-151.0,33.0,,2026-07-24T11:48:46.332180+08:00
2360,2017-11-30,-121000.0,-773765.0,82000.0,-812765.0,2686.0,378.0,115.0,-42.0,,2026-07-24T11:48:46.332180+08:00
2360,2017-12-01,-64000.0,-133000.0,23000.0,-174000.0,2815.0,341.0,129.0,-37.0,,2026-07-24T11:48:46.332180+08:00
2360,2017-12-04,-57000.0,828000.0,-62000.0,709000.0,2812.0,366.0,-3.0,25.0,,2026-07-24T11:48:46.332180+08:00
2360,2017-12-05,-425000.0,895500.0,-278000.0,192500.0,2780.0,381.0,-32.0,15.0,,2026-07-24T11:48:46.332180+08:00
2360,2017-12-06,-15000.0,-123600.0,-442000.0,-580600.0,3275.0,580.0,495.0,199.0,,2026-07-24T11:48:46.332180+08:00
2360,2017-12-07,-87000.0,-1109000.0,264000.0,-932000.0,2987.0,502.0,-288.0,-78.0,,2026-07-24T11:48:46.332180+08:00
2360,2017-12-08,-15000.0,-571000.0,125000.0,-461000.0,3016.0,492.0,29.0,-10.0,,2026-07-24T11:48:46.332180+08:00
2360,2017-12-11,134000.0,-94462.0,-432000.0,-392462.0,3119.0,446.0,103.0,-46.0,,2026-07-24T11:48:46.332180+08:00
2360,2017-12-12,-30000.0,-156500.0,0.0,-186500.0,3145.0,345.0,26.0,-101.0,,2026-07-24T11:48:46.332180+08:00
2360,2017-12-13,153000.0,520832.0,46000.0,719832.0,3057.0,410.0,-88.0,65.0,,2026-07-24T11:48:46.332180+08:00
2360,2017-12-14,69000.0,-482790.0,-127000.0,-540790.0,3250.0,422.0,193.0,12.0,,2026-07-24T11:48:46.332180+08:00
2360,2017-12-15,-38000.0,-120000.0,-36000.0,-194000.0,3378.0,418.0,128.0,-4.0,,2026-07-24T11:48:46.332180+08:00
2360,2017-12-18,-20000.0,-58000.0,14000.0,-64000.0,3341.0,402.0,-37.0,-16.0,,2026-07-24T11:48:46.332180+08:00
2360,2017-12-19,82000.0,-111466.0,129000.0,99534.0,3425.0,407.0,84.0,5.0,,2026-07-24T11:48:46.332180+08:00
2360,2017-12-20,54000.0,-345400.0,-75000.0,-366400.0,3520.0,417.0,95.0,10.0,,2026-07-24T11:48:46.332180+08:00
2360,2017-12-21,-56000.0,278384.0,-62000.0,160384.0,3321.0,429.0,-199.0,12.0,,2026-07-24T11:48:46.332180+08:00
2360,2017-12-22,-4000.0,-290000.0,223000.0,-71000.0,3298.0,419.0,-23.0,-10.0,,2026-07-24T11:48:46.332180+08:00
2360,2017-12-25,19000.0,93000.0,-75000.0,37000.0,3288.0,416.0,-10.0,-3.0,,2026-07-24T11:48:46.332180+08:00
2360,2017-12-26,-146000.0,718000.0,5375.0,577375.0,3052.0,463.0,-236.0,47.0,,2026-07-24T11:48:46.332180+08:00
2360,2017-12-27,-12000.0,-125000.0,16000.0,-121000.0,3090.0,431.0,38.0,-32.0,,2026-07-24T11:48:46.332180+08:00
2360,2017-12-28,132000.0,-426000.0,383000.0,89000.0,3039.0,445.0,-51.0,14.0,,2026-07-24T11:48:46.332180+08:00
2360,2017-12-29,130000.0,183000.0,56000.0,369000.0,2908.0,429.0,-131.0,-16.0,,2026-07-24T11:48:46.332180+08:00
2360,2018-01-02,-160000.0,-58050.0,10000.0,-208050.0,3050.0,406.0,142.0,-23.0,,2026-07-24T11:48:46.332180+08:00
2360,2018-01-03,273000.0,759000.0,88000.0,1120000.0,3031.0,437.0,-19.0,31.0,,2026-07-24T11:48:46.332180+08:00
2360,2018-01-04,-9000.0,-60000.0,26000.0,-43000.0,2994.0,438.0,-37.0,1.0,,2026-07-24T11:48:46.332180+08:00
2360,2018-01-05,47000.0,481600.0,-72000.0,456600.0,2974.0,432.0,-20.0,-6.0,,2026-07-24T11:48:46.332180+08:00
2360,2018-01-08,-31000.0,113000.0,182000.0,264000.0,2939.0,426.0,-35.0,-6.0,,2026-07-24T11:48:46.332180+08:00
2360,2018-01-09,-143000.0,296115.0,-149000.0,4115.0,2895.0,424.0,-44.0,-2.0,,2026-07-24T11:48:46.332180+08:00
2360,2018-01-10,-94000.0,854000.0,-23000.0,737000.0,2945.0,518.0,50.0,94.0,,2026-07-24T11:48:46.332180+08:00
2360,2018-01-11,126000.0,1335170.0,-39000.0,1422170.0,2848.0,555.0,-97.0,37.0,,2026-07-24T11:48:46.332180+08:00
2360,2018-01-12,415000.0,-2166000.0,637000.0,-1114000.0,3141.0,525.0,293.0,-30.0,,2026-07-24T11:48:46.332180+08:00
2360,2018-01-15,-48000.0,17000.0,-41000.0,-72000.0,3255.0,512.0,114.0,-13.0,,2026-07-24T11:48:46.332180+08:00
2360,2018-01-16,-18000.0,-121145.0,182000.0,42855.0,3136.0,471.0,-119.0,-41.0,,2026-07-24T11:48:46.332180+08:00
2360,2018-01-17,-29000.0,555500.0,78000.0,604500.0,2895.0,523.0,-241.0,52.0,,2026-07-24T11:48:46.332180+08:00
2360,2018-01-18,58000.0,-4300.0,225000.0,278700.0,2884.0,529.0,-11.0,6.0,,2026-07-24T11:48:46.332180+08:00
2360,2018-01-19,-47000.0,167000.0,11000.0,131000.0,2870.0,505.0,-14.0,-24.0,,2026-07-24T11:48:46.332180+08:00
2360,2018-01-22,54000.0,-423000.0,-2000.0,-371000.0,2867.0,478.0,-3.0,-27.0,,2026-07-24T11:48:46.332180+08:00
2360,2018-01-23,210000.0,284000.0,0.0,494000.0,2830.0,498.0,-37.0,20.0,,2026-07-24T11:48:46.332180+08:00
2360,2018-01-24,-130000.0,196000.0,-317000.0,-251000.0,2860.0,479.0,30.0,-19.0,,2026-07-24T11:48:46.332180+08:00
2360,2018-01-25,13000.0,692143.0,-100000.0,605143.0,2828.0,515.0,-32.0,36.0,,2026-07-24T11:48:46.332180+08:00
2360,2018-01-26,-55000.0,-351000.0,-16000.0,-422000.0,2857.0,497.0,29.0,-18.0,,2026-07-24T11:48:46.332180+08:00
2360,2018-01-29,-17000.0,27328.0,20000.0,30328.0,2803.0,493.0,-54.0,-4.0,,2026-07-24T11:48:46.332180+08:00
2360,2018-01-30,305000.0,394000.0,-84000.0,615000.0,3058.0,446.0,255.0,-47.0,,2026-07-24T11:48:46.332180+08:00
2360,2018-01-31,-66000.0,496377.0,-183000.0,247377.0,2963.0,450.0,-95.0,4.0,,2026-07-24T11:48:46.332180+08:00
2360,2018-02-01,-72000.0,650000.0,84000.0,662000.0,2895.0,468.0,-68.0,18.0,,2026-07-24T11:48:46.332180+08:00
2360,2018-02-02,135000.0,711675.0,1000.0,847675.0,2877.0,482.0,-18.0,14.0,,2026-07-24T11:48:46.332180+08:00
2360,2018-02-05,-196000.0,-32700.0,39000.0,-189700.0,3086.0,449.0,209.0,-33.0,,2026-07-24T11:48:46.332180+08:00
2360,2018-02-06,-445000.0,36000.0,0.0,-409000.0,3010.0,471.0,-76.0,22.0,,2026-07-24T11:48:46.332180+08:00
2360,2018-02-07,2000.0,-2064285.0,72000.0,-1990285.0,3313.0,469.0,303.0,-2.0,,2026-07-24T11:48:46.332180+08:00
2360,2018-02-08,-76000.0,-18000.0,-465000.0,-559000.0,3248.0,501.0,-65.0,32.0,,2026-07-24T11:48:46.332180+08:00
2360,2018-02-09,-47000.0,-259481.0,95000.0,-211481.0,3109.0,502.0,-139.0,1.0,,2026-07-24T11:48:46.332180+08:00
2360,2018-02-12,-35000.0,-390500.0,-466000.0,-891500.0,3329.0,442.0,220.0,-60.0,,2026-07-24T11:48:46.332180+08:00
2360,2018-02-21,14000.0,951000.0,0.0,965000.0,3007.0,536.0,-322.0,94.0,,2026-07-24T11:48:46.332180+08:00
2360,2018-02-22,41000.0,-33178.0,3000.0,10822.0,3117.0,625.0,110.0,89.0,,2026-07-24T11:48:46.332180+08:00
2360,2018-02-23,-107000.0,1610000.0,0.0,1503000.0,2898.0,715.0,-219.0,90.0,,2026-07-24T11:48:46.332180+08:00
2360,2018-02-26,-36000.0,-1638646.0,-231000.0,-1905646.0,3426.0,607.0,528.0,-108.0,,2026-07-24T11:48:46.332180+08:00
2360,2018-02-27,4000.0,252000.0,-79000.0,177000.0,3377.0,608.0,-49.0,1.0,,2026-07-24T11:48:46.332180+08:00
2360,2018-03-01,29000.0,28982.0,-15000.0,42982.0,3374.0,599.0,-3.0,-9.0,,2026-07-24T11:48:46.332180+08:00
2360,2018-03-02,-33000.0,-213393.0,0.0,-246393.0,3405.0,540.0,31.0,-59.0,,2026-07-24T11:48:46.332180+08:00
2360,2018-03-05,-55000.0,-199000.0,0.0,-254000.0,3513.0,511.0,108.0,-29.0,,2026-07-24T11:48:46.332180+08:00
2360,2018-03-06,21000.0,-66687.0,25000.0,-20687.0,3545.0,521.0,32.0,10.0,,2026-07-24T11:48:46.332180+08:00
2360,2018-03-07,43000.0,236000.0,0.0,279000.0,3717.0,551.0,172.0,30.0,,2026-07-24T11:48:46.332180+08:00
2360,2018-03-08,210000.0,1467000.0,116000.0,1793000.0,3840.0,690.0,123.0,139.0,,2026-07-24T11:48:46.332180+08:00
2360,2018-03-09,146000.0,-1875452.0,-58000.0,-1787452.0,3956.0,450.0,116.0,-240.0,,2026-07-24T11:48:46.332180+08:00
2360,2018-03-12,51000.0,-147000.0,0.0,-96000.0,3912.0,456.0,-44.0,6.0,,2026-07-24T11:48:46.332180+08:00
2360,2018-03-13,4000.0,-35193.0,-80000.0,-111193.0,3907.0,446.0,-5.0,-10.0,,2026-07-24T11:48:46.332180+08:00
2360,2018-03-14,-16000.0,-330821.0,7000.0,-339821.0,3895.0,429.0,-12.0,-17.0,,2026-07-24T11:48:46.332180+08:00
2360,2018-03-15,19000.0,311000.0,0.0,330000.0,3813.0,432.0,-82.0,3.0,,2026-07-24T11:48:46.332180+08:00
2360,2018-03-16,-63000.0,436898.0,3000.0,376898.0,3653.0,450.0,-160.0,18.0,,2026-07-24T11:48:46.332180+08:00
2360,2018-03-19,-2000.0,395000.0,-11000.0,382000.0,3461.0,454.0,-192.0,4.0,,2026-07-24T11:48:46.332180+08:00
2360,2018-03-20,85000.0,914423.0,-2000.0,997423.0,3380.0,433.0,-81.0,-21.0,,2026-07-24T11:48:46.332180+08:00
2360,2018-03-21,-57000.0,2705000.0,-18000.0,2630000.0,3092.0,432.0,-288.0,-1.0,,2026-07-24T11:48:46.332180+08:00
2360,2018-03-22,-194000.0,1000.0,212000.0,19000.0,2983.0,423.0,-109.0,-9.0,,2026-07-24T11:48:46.332180+08:00
2360,2018-03-23,24000.0,-55982.0,278000.0,246018.0,2953.0,411.0,-30.0,-12.0,,2026-07-24T11:48:46.332180+08:00
2360,2018-03-26,-16000.0,-569965.0,21000.0,-564965.0,2980.0,260.0,27.0,-151.0,,2026-07-24T11:48:46.332180+08:00
2360,2018-03-27,61000.0,228000.0,-255410.0,33590.0,2965.0,238.0,-15.0,-22.0,,2026-07-24T11:48:46.332180+08:00
2360,2018-03-28,-95000.0,-169000.0,0.0,-264000.0,2909.0,151.0,-56.0,-87.0,,2026-07-24T11:48:46.332180+08:00
2360,2018-03-29,23000.0,9872.0,400000.0,432872.0,2940.0,3.0,31.0,-148.0,,2026-07-24T11:48:46.332180+08:00
2360,2018-03-30,-450000.0,-946640.0,70000.0,-1326640.0,2953.0,0.0,13.0,-3.0,,2026-07-24T11:48:46.332180+08:00
2360,2018-03-31,88000.0,-27000.0,55000.0,116000.0,2986.0,0.0,33.0,0.0,,2026-07-24T11:48:46.332180+08:00
2360,2018-04-02,67000.0,316549.0,0.0,383549.0,2977.0,0.0,-9.0,0.0,,2026-07-24T11:48:46.332180+08:00
2360,2018-04-03,-41000.0,102286.0,0.0,61286.0,2963.0,15.0,-14.0,15.0,,2026-07-24T11:48:46.332180+08:00
2360,2018-04-09,49000.0,295068.0,0.0,344068.0,2947.0,29.0,-16.0,14.0,,2026-07-24T11:48:46.332180+08:00
2360,2018-04-10,-28000.0,-341000.0,-25000.0,-394000.0,3089.0,42.0,142.0,13.0,,2026-07-24T11:48:46.332180+08:00
2360,2018-04-11,1000.0,333949.0,-37000.0,297949.0,3072.0,68.0,-17.0,26.0,,2026-07-24T11:48:46.332180+08:00
2360,2018-04-12,55000.0,368000.0,-100000.0,323000.0,3037.0,65.0,-35.0,-3.0,,2026-07-24T11:48:46.332180+08:00
2360,2018-04-13,-6000.0,312000.0,-160000.0,146000.0,3231.0,78.0,194.0,13.0,,2026-07-24T11:48:46.332180+08:00
2360,2018-04-16,-67000.0,213500.0,44000.0,190500.0,3159.0,78.0,-72.0,0.0,,2026-07-24T11:48:46.332180+08:00
2360,2018-04-17,-2000.0,68389.0,1000.0,67389.0,3176.0,74.0,17.0,-4.0,,2026-07-24T11:48:46.332180+08:00
2360,2018-04-18,-24000.0,205478.0,-2000.0,179478.0,2960.0,71.0,-216.0,-3.0,,2026-07-24T11:48:46.332180+08:00
2360,2018-04-19,46000.0,-340457.0,-45000.0,-339457.0,3079.0,75.0,119.0,4.0,,2026-07-24T11:48:46.332180+08:00
2360,2018-04-20,-51000.0,305000.0,-280000.0,-26000.0,3082.0,95.0,3.0,20.0,,2026-07-24T11:48:46.332180+08:00
2360,2018-04-23,-73000.0,313070.0,-238000.0,2070.0,3081.0,170.0,-1.0,75.0,,2026-07-24T11:48:46.332180+08:00
2360,2018-04-24,-85000.0,1158638.0,-885000.0,188638.0,2991.0,95.0,-90.0,-75.0,,2026-07-24T11:48:46.332180+08:00
2360,2018-04-25,-32000.0,290000.0,-1000.0,257000.0,3194.0,121.0,203.0,26.0,,2026-07-24T11:48:46.332180+08:00
2360,2018-04-26,0.0,-955175.0,-165000.0,-1120175.0,3180.0,176.0,-14.0,55.0,,2026-07-24T11:48:46.332180+08:00
2360,2018-04-27,83000.0,-383000.0,236000.0,-64000.0,3333.0,221.0,153.0,45.0,,2026-07-24T11:48:46.332180+08:00
2360,2018-04-30,6000.0,-1352874.0,-96000.0,-1442874.0,3687.0,148.0,354.0,-73.0,,2026-07-24T11:48:46.332180+08:00
2360,2018-05-02,134000.0,1343473.0,-375000.0,1102473.0,3123.0,202.0,-564.0,54.0,,2026-07-24T11:48:46.332180+08:00
2360,2018-05-03,51000.0,-582000.0,4000.0,-527000.0,3258.0,200.0,135.0,-2.0,,2026-07-24T11:48:46.332180+08:00
2360,2018-05-04,-42000.0,-444594.0,0.0,-486594.0,3296.0,166.0,38.0,-34.0,,2026-07-24T11:48:46.332180+08:00
2360,2018-05-07,104000.0,-73122.0,0.0,30878.0,3264.0,163.0,-32.0,-3.0,,2026-07-24T11:48:46.332180+08:00
2360,2018-05-08,-55000.0,-560000.0,4000.0,-611000.0,3298.0,159.0,34.0,-4.0,,2026-07-24T11:48:46.332180+08:00
2360,2018-05-09,2000.0,931000.0,0.0,933000.0,3215.0,182.0,-83.0,23.0,,2026-07-24T11:48:46.332180+08:00
2360,2018-05-10,-61000.0,392345.0,4000.0,335345.0,3277.0,213.0,62.0,31.0,,2026-07-24T11:48:46.332180+08:00
2360,2018-05-11,25000.0,286000.0,-100000.0,211000.0,3183.0,211.0,-94.0,-2.0,,2026-07-24T11:48:46.332180+08:00
2360,2018-05-14,33000.0,450722.0,176000.0,659722.0,3114.0,221.0,-69.0,10.0,,2026-07-24T11:48:46.332180+08:00
2360,2018-05-15,-69000.0,-268800.0,135000.0,-202800.0,3118.0,206.0,4.0,-15.0,,2026-07-24T11:48:46.332180+08:00
2360,2018-05-16,-66000.0,423369.0,61000.0,418369.0,3033.0,229.0,-85.0,23.0,,2026-07-24T11:48:46.332180+08:00
2360,2018-05-17,-25000.0,66000.0,6000.0,47000.0,3055.0,212.0,22.0,-17.0,,2026-07-24T11:48:46.332180+08:00
2360,2018-05-18,15000.0,-102000.0,-16000.0,-103000.0,3081.0,203.0,26.0,-9.0,,2026-07-24T11:48:46.332180+08:00
2360,2018-05-21,-14000.0,450000.0,-22000.0,414000.0,3000.0,223.0,-81.0,20.0,,2026-07-24T11:48:46.332180+08:00
2360,2018-05-22,-32000.0,-180760.0,-30000.0,-242760.0,3046.0,200.0,46.0,-23.0,,2026-07-24T11:48:46.332180+08:00
2360,2018-05-23,3000.0,13000.0,27217.0,43217.0,2995.0,208.0,-51.0,8.0,,2026-07-24T11:48:46.332180+08:00
2360,2018-05-24,-9000.0,-131000.0,-40000.0,-180000.0,3058.0,207.0,63.0,-1.0,,2026-07-24T11:48:46.332180+08:00
2360,2018-05-25,10000.0,-471000.0,-43000.0,-504000.0,3167.0,187.0,109.0,-20.0,,2026-07-24T11:48:46.332180+08:00
2360,2018-05-28,8000.0,-517000.0,67000.0,-442000.0,3198.0,172.0,31.0,-15.0,,2026-07-24T11:48:46.332180+08:00
2360,2018-05-29,-14000.0,-1078000.0,-12000.0,-1104000.0,3368.0,326.0,170.0,154.0,,2026-07-24T11:48:46.332180+08:00
2360,2018-05-30,139000.0,-722664.0,-58000.0,-641664.0,3500.0,312.0,132.0,-14.0,,2026-07-24T11:48:46.332180+08:00
2360,2018-05-31,-11000.0,-475652.0,-4000.0,-490652.0,3538.0,309.0,38.0,-3.0,,2026-07-24T11:48:46.332180+08:00
2360,2018-06-01,-21000.0,459540.0,0.0,438540.0,3458.0,341.0,-80.0,32.0,,2026-07-24T11:48:46.332180+08:00
2360,2018-06-04,62000.0,-264000.0,512000.0,310000.0,3410.0,332.0,-48.0,-9.0,,2026-07-24T11:48:46.332180+08:00
2360,2018-06-05,132000.0,-558000.0,133000.0,-293000.0,3429.0,176.0,19.0,-156.0,,2026-07-24T11:48:46.332180+08:00
2360,2018-06-06,88000.0,-1698100.0,-2000.0,-1612100.0,3686.0,155.0,257.0,-21.0,,2026-07-24T11:48:46.332180+08:00
2360,2018-06-07,-39000.0,-52841.0,-126000.0,-217841.0,3684.0,150.0,-2.0,-5.0,,2026-07-24T11:48:46.332180+08:00
2360,2018-06-08,41000.0,-79000.0,4000.0,-34000.0,3800.0,155.0,116.0,5.0,,2026-07-24T11:48:46.332180+08:00
2360,2018-06-11,73000.0,1394850.0,0.0,1467850.0,3486.0,164.0,-314.0,9.0,,2026-07-24T11:48:46.332180+08:00
2360,2018-06-12,-2000.0,107000.0,0.0,105000.0,3493.0,151.0,7.0,-13.0,,2026-07-24T11:48:46.332180+08:00
2360,2018-06-13,-85000.0,1254978.0,-74000.0,1095978.0,3264.0,157.0,-229.0,6.0,,2026-07-24T11:48:46.332180+08:00
2360,2018-06-14,-50000.0,529422.0,-159000.0,320422.0,3257.0,154.0,-7.0,-3.0,,2026-07-24T11:48:46.332180+08:00
2360,2018-06-15,11000.0,-40187.0,106000.0,76813.0,3272.0,144.0,15.0,-10.0,,2026-07-24T11:48:46.332180+08:00
2360,2018-06-19,13000.0,295600.0,-68000.0,240600.0,3138.0,131.0,-134.0,-13.0,,2026-07-24T11:48:46.332180+08:00
2360,2018-06-20,28000.0,77000.0,-3201.0,101799.0,3117.0,127.0,-21.0,-4.0,,2026-07-24T11:48:46.332180+08:00
2360,2018-06-21,-33000.0,251000.0,0.0,218000.0,3122.0,122.0,5.0,-5.0,,2026-07-24T11:48:46.332180+08:00
2360,2018-06-22,-13000.0,-10284.0,6000.0,-17284.0,3114.0,112.0,-8.0,-10.0,,2026-07-24T11:48:46.332180+08:00
2360,2018-06-25,-12000.0,404000.0,-23000.0,369000.0,3089.0,88.0,-25.0,-24.0,,2026-07-24T11:48:46.332180+08:00
2360,2018-06-26,-21000.0,231000.0,-65000.0,145000.0,3073.0,80.0,-16.0,-8.0,,2026-07-24T11:48:46.332180+08:00
2360,2018-06-27,-29000.0,84437.0,-14000.0,41437.0,3001.0,77.0,-72.0,-3.0,,2026-07-24T11:48:46.332180+08:00
2360,2018-06-28,9000.0,-145756.0,0.0,-136756.0,3021.0,77.0,20.0,0.0,,2026-07-24T11:48:46.332180+08:00
2360,2018-06-29,-10000.0,201000.0,-24000.0,167000.0,2998.0,77.0,-23.0,0.0,,2026-07-24T11:48:46.332180+08:00
2360,2018-07-02,32000.0,70000.0,-1000.0,101000.0,3023.0,76.0,25.0,-1.0,,2026-07-24T11:48:46.332180+08:00
2360,2018-07-03,-4000.0,-28988.0,1000.0,-31988.0,2997.0,70.0,-26.0,-6.0,,2026-07-24T11:48:46.332180+08:00
2360,2018-07-04,16000.0,-131000.0,-70000.0,-185000.0,3070.0,89.0,73.0,19.0,,2026-07-24T11:48:46.332180+08:00
2360,2018-07-05,-78000.0,35585.0,-139000.0,-181415.0,3078.0,54.0,8.0,-35.0,,2026-07-24T11:48:46.332180+08:00
2360,2018-07-06,19000.0,-132912.0,-91000.0,-204912.0,3094.0,16.0,16.0,-38.0,,2026-07-24T11:48:46.332180+08:00
2360,2018-07-09,1000.0,-53000.0,-10000.0,-62000.0,3149.0,0.0,55.0,-16.0,,2026-07-24T11:48:46.332180+08:00
2360,2018-07-10,301000.0,299000.0,0.0,600000.0,2965.0,0.0,-184.0,0.0,,2026-07-24T11:48:46.332180+08:00
2360,2018-07-11,13000.0,237000.0,30000.0,280000.0,2854.0,0.0,-111.0,0.0,,2026-07-24T11:48:46.332180+08:00
2360,2018-07-12,238000.0,314000.0,0.0,552000.0,2312.0,0.0,-542.0,0.0,,2026-07-24T11:48:46.332180+08:00
2360,2018-07-13,-64000.0,417860.0,6000.0,359860.0,2494.0,36.0,182.0,36.0,,2026-07-24T11:48:46.332180+08:00
2360,2018-07-16,133000.0,429000.0,65000.0,627000.0,2864.0,78.0,370.0,42.0,,2026-07-24T11:48:46.332180+08:00
2360,2018-07-17,-77000.0,193000.0,121000.0,237000.0,2828.0,91.0,-36.0,13.0,,2026-07-24T11:48:46.332180+08:00
2360,2018-07-18,77000.0,-302000.0,100000.0,-125000.0,2968.0,93.0,140.0,2.0,,2026-07-24T11:48:46.332180+08:00
2360,2018-07-19,-41000.0,-68696.0,0.0,-109696.0,2990.0,90.0,22.0,-3.0,,2026-07-24T11:48:46.332180+08:00
2360,2018-07-20,-14000.0,-157000.0,0.0,-171000.0,3031.0,96.0,41.0,6.0,,2026-07-24T11:48:46.332180+08:00
2360,2018-07-23,-170000.0,964463.0,-138000.0,656463.0,2966.0,103.0,-65.0,7.0,,2026-07-24T11:48:46.332180+08:00
2360,2018-07-24,33000.0,236288.0,-217000.0,52288.0,2969.0,108.0,3.0,5.0,,2026-07-24T11:48:46.332180+08:00
2360,2018-07-25,242000.0,275900.0,138000.0,655900.0,3230.0,177.0,261.0,69.0,,2026-07-24T11:48:46.332180+08:00
2360,2018-07-26,147000.0,244296.0,0.0,391296.0,3210.0,217.0,-20.0,40.0,,2026-07-24T11:48:46.332180+08:00
2360,2018-07-27,-41000.0,93706.0,9000.0,61706.0,3208.0,203.0,-2.0,-14.0,,2026-07-24T11:48:46.332180+08:00
2360,2018-07-30,-167000.0,-398292.0,0.0,-565292.0,3089.0,112.0,-119.0,-91.0,,2026-07-24T11:48:46.332180+08:00
2360,2018-07-31,21000.0,180000.0,-20000.0,181000.0,3064.0,138.0,-25.0,26.0,,2026-07-24T11:48:46.332180+08:00
2360,2018-08-01,406000.0,920400.0,702000.0,2028400.0,3088.0,321.0,24.0,183.0,,2026-07-24T11:48:46.332180+08:00
2360,2018-08-02,356000.0,221595.0,420000.0,997595.0,3103.0,360.0,15.0,39.0,,2026-07-24T11:48:46.332180+08:00
2360,2018-08-03,94000.0,-1540632.0,205000.0,-1241632.0,3316.0,337.0,213.0,-23.0,,2026-07-24T11:48:46.332180+08:00
2360,2018-08-06,-91000.0,790292.0,-87890.0,611402.0,3132.0,389.0,-184.0,52.0,,2026-07-24T11:48:46.332180+08:00
2360,2018-08-07,74000.0,-158200.0,0.0,-84200.0,3174.0,375.0,42.0,-14.0,,2026-07-24T11:48:46.332180+08:00
2360,2018-08-08,181000.0,1153600.0,-80000.0,1254600.0,3249.0,463.0,75.0,88.0,,2026-07-24T11:48:46.332180+08:00
2360,2018-08-09,234000.0,735971.0,10000.0,979971.0,2908.0,534.0,-341.0,71.0,,2026-07-24T11:48:46.332180+08:00
2360,2018-08-10,58000.0,-869600.0,-19000.0,-830600.0,3037.0,350.0,129.0,-184.0,,2026-07-24T11:48:46.332180+08:00
2360,2018-08-13,-233000.0,346000.0,0.0,113000.0,2816.0,318.0,-221.0,-32.0,,2026-07-24T11:48:46.332180+08:00
2360,2018-08-14,-200000.0,-131000.0,0.0,-331000.0,2829.0,259.0,13.0,-59.0,,2026-07-24T11:48:46.332180+08:00
2360,2018-08-15,-75000.0,-99100.0,-70000.0,-244100.0,2864.0,258.0,35.0,-1.0,,2026-07-24T11:48:46.332180+08:00
2360,2018-08-16,-166000.0,372330.0,300000.0,506330.0,2778.0,268.0,-86.0,10.0,,2026-07-24T11:48:46.332180+08:00
2360,2018-08-17,-60000.0,-319721.0,-31000.0,-410721.0,2812.0,248.0,34.0,-20.0,,2026-07-24T11:48:46.332180+08:00
2360,2018-08-20,-169000.0,-213000.0,0.0,-382000.0,2832.0,256.0,20.0,8.0,,2026-07-24T11:48:46.332180+08:00
2360,2018-08-21,-89000.0,389133.0,36000.0,336133.0,2830.0,235.0,-2.0,-21.0,,2026-07-24T11:48:46.332180+08:00
2360,2018-08-22,-67000.0,-195400.0,0.0,-262400.0,2863.0,186.0,33.0,-49.0,,2026-07-24T11:48:46.332180+08:00
2360,2018-08-23,-35000.0,-82086.0,158000.0,40914.0,2813.0,197.0,-50.0,11.0,,2026-07-24T11:48:46.332180+08:00
2360,2018-08-24,-178000.0,-818100.0,-296000.0,-1292100.0,2752.0,217.0,-61.0,20.0,,2026-07-24T11:48:46.332180+08:00
2360,2018-08-27,-71000.0,475000.0,-11000.0,393000.0,2647.0,231.0,-105.0,14.0,,2026-07-24T11:48:46.332180+08:00
2360,2018-08-28,19000.0,672439.0,0.0,691439.0,2592.0,241.0,-55.0,10.0,,2026-07-24T11:48:46.332180+08:00
2360,2018-08-29,-53000.0,360445.0,-196000.0,111445.0,2554.0,247.0,-38.0,6.0,,2026-07-24T11:48:46.332180+08:00
2360,2018-08-30,-22000.0,159742.0,-50000.0,87742.0,2558.0,256.0,4.0,9.0,,2026-07-24T11:48:46.332180+08:00
2360,2018-08-31,31000.0,-49682.0,-50000.0,-68682.0,2599.0,258.0,41.0,2.0,,2026-07-24T11:48:46.332180+08:00
2360,2018-09-03,-50000.0,7988.0,-25000.0,-67012.0,2601.0,249.0,2.0,-9.0,,2026-07-24T11:48:46.332180+08:00
2360,2018-09-04,18000.0,-465457.0,-62000.0,-509457.0,2677.0,244.0,76.0,-5.0,,2026-07-24T11:48:46.332180+08:00
2360,2018-09-05,85000.0,-730929.0,-138000.0,-783929.0,2828.0,237.0,151.0,-7.0,,2026-07-24T11:48:46.332180+08:00
2360,2018-09-06,13000.0,-83920.0,-186000.0,-256920.0,2892.0,216.0,64.0,-21.0,,2026-07-24T11:48:46.332180+08:00
2360,2018-09-07,-460000.0,430000.0,-421974.0,-451974.0,2910.0,215.0,18.0,-1.0,,2026-07-24T11:48:46.332180+08:00
2360,2018-09-10,-313128.0,-72732.0,-16000.0,-401860.0,2760.0,240.0,-150.0,25.0,,2026-07-24T11:48:46.332180+08:00
2360,2018-09-11,-117000.0,426604.0,-249000.0,60604.0,2751.0,563.0,-9.0,323.0,,2026-07-24T11:48:46.332180+08:00
2360,2018-09-12,-30000.0,-318300.0,-43000.0,-391300.0,2780.0,290.0,29.0,-273.0,,2026-07-24T11:48:46.332180+08:00
2360,2018-09-13,-8000.0,78445.0,-8000.0,62445.0,2772.0,304.0,-8.0,14.0,,2026-07-24T11:48:46.332180+08:00
2360,2018-09-14,-9000.0,-146300.0,2000.0,-153300.0,2826.0,274.0,54.0,-30.0,,2026-07-24T11:48:46.332180+08:00
2360,2018-09-17,-12000.0,17500.0,0.0,5500.0,2837.0,275.0,11.0,1.0,,2026-07-24T11:48:46.332180+08:00
2360,2018-09-18,42000.0,107341.0,-7000.0,142341.0,2760.0,264.0,-77.0,-11.0,,2026-07-24T11:48:46.332180+08:00
2360,2018-09-19,-13000.0,-419096.0,-210000.0,-642096.0,2845.0,290.0,85.0,26.0,,2026-07-24T11:48:46.332180+08:00
2360,2018-09-20,63000.0,159995.0,3000.0,225995.0,2790.0,392.0,-55.0,102.0,,2026-07-24T11:48:46.332180+08:00
2360,2018-09-21,-94000.0,177419.0,-11000.0,72419.0,2637.0,396.0,-153.0,4.0,,2026-07-24T11:48:46.332180+08:00
2360,2018-09-25,-4000.0,91431.0,0.0,87431.0,2646.0,382.0,9.0,-14.0,,2026-07-24T11:48:46.332180+08:00
2360,2018-09-26,-31000.0,-112000.0,0.0,-143000.0,2696.0,412.0,50.0,30.0,,2026-07-24T11:48:46.332180+08:00
2360,2018-09-27,-36000.0,61302.0,-11000.0,14302.0,2389.0,561.0,-307.0,149.0,,2026-07-24T11:48:46.332180+08:00
2360,2018-09-28,5000.0,-404820.0,0.0,-399820.0,2433.0,549.0,44.0,-12.0,,2026-07-24T11:48:46.332180+08:00
2360,2018-10-01,-26000.0,-221415.0,-225000.0,-472415.0,2582.0,569.0,149.0,20.0,,2026-07-24T11:48:46.332180+08:00
2360,2018-10-02,-35000.0,-490529.0,0.0,-525529.0,2639.0,585.0,57.0,16.0,,2026-07-24T11:48:46.332180+08:00
2360,2018-10-03,-219000.0,157000.0,-115000.0,-177000.0,2662.0,820.0,23.0,235.0,,2026-07-24T11:48:46.332180+08:00
2360,2018-10-04,50000.0,-656000.0,-430000.0,-1036000.0,2696.0,503.0,34.0,-317.0,,2026-07-24T11:48:46.332180+08:00
2360,2018-10-05,-276000.0,1716600.0,-385797.0,1054803.0,2697.0,500.0,1.0,-3.0,,2026-07-24T11:48:46.332180+08:00
2360,2018-10-08,41000.0,-262618.0,0.0,-221618.0,2763.0,535.0,66.0,35.0,,2026-07-24T11:48:46.332180+08:00
2360,2018-10-09,-18000.0,-1059810.0,-260000.0,-1337810.0,2779.0,474.0,16.0,-61.0,,2026-07-24T11:48:46.332180+08:00
2360,2018-10-11,-17000.0,2520000.0,1000.0,2504000.0,2502.0,1097.0,-277.0,623.0,,2026-07-24T11:48:46.332180+08:00
2360,2018-10-12,-97000.0,-1806293.0,-18000.0,-1921293.0,2761.0,790.0,259.0,-307.0,,2026-07-24T11:48:46.332180+08:00
2360,2018-10-15,164000.0,302000.0,0.0,466000.0,2472.0,1126.0,-289.0,336.0,,2026-07-24T11:48:46.332180+08:00
2360,2018-10-16,-10000.0,-846302.0,1000.0,-855302.0,2420.0,1194.0,-52.0,68.0,,2026-07-24T11:48:46.332180+08:00
2360,2018-10-17,21000.0,-56300.0,-108000.0,-143300.0,2364.0,1294.0,-56.0,100.0,,2026-07-24T11:48:46.332180+08:00
2360,2018-10-18,-213000.0,-2203371.0,-30000.0,-2446371.0,2455.0,1356.0,91.0,62.0,,2026-07-24T11:48:46.332180+08:00
2360,2018-10-19,-48000.0,-545339.0,0.0,-593339.0,2519.0,1304.0,64.0,-52.0,,2026-07-24T11:48:46.332180+08:00
2360,2018-10-22,43000.0,157000.0,0.0,200000.0,2470.0,1297.0,-49.0,-7.0,,2026-07-24T11:48:46.332180+08:00
2360,2018-10-23,-100000.0,-384000.0,-399000.0,-883000.0,2535.0,1323.0,65.0,26.0,,2026-07-24T11:48:46.332180+08:00
2360,2018-10-24,221000.0,-970573.0,0.0,-749573.0,2880.0,1278.0,345.0,-45.0,,2026-07-24T11:48:46.332180+08:00
2360,2018-10-25,-163000.0,742900.0,-700000.0,-120100.0,2743.0,1379.0,-137.0,101.0,,2026-07-24T11:48:46.332180+08:00
2360,2018-10-26,6000.0,-97100.0,1000.0,-90100.0,2777.0,1393.0,34.0,14.0,,2026-07-24T11:48:46.332180+08:00
2360,2018-10-29,68000.0,-800100.0,0.0,-732100.0,2585.0,1192.0,-192.0,-201.0,,2026-07-24T11:48:46.332180+08:00
2360,2018-10-30,159000.0,-1329589.0,0.0,-1170589.0,2739.0,1107.0,154.0,-85.0,,2026-07-24T11:48:46.332180+08:00
2360,2018-10-31,46000.0,94935.0,26000.0,166935.0,2629.0,946.0,-110.0,-161.0,,2026-07-24T11:48:46.332180+08:00
2360,2018-11-01,169000.0,146400.0,0.0,315400.0,2253.0,592.0,-376.0,-354.0,,2026-07-24T11:48:46.332180+08:00
2360,2018-11-02,-4000.0,539731.0,280921.0,816652.0,2282.0,682.0,29.0,90.0,,2026-07-24T11:48:46.332180+08:00
2360,2018-11-05,-104000.0,359000.0,5000.0,260000.0,2298.0,697.0,16.0,15.0,,2026-07-24T11:48:46.332180+08:00
2360,2018-11-06,-85000.0,299097.0,0.0,214097.0,2129.0,717.0,-169.0,20.0,,2026-07-24T11:48:46.332180+08:00
2360,2018-11-07,67000.0,-102600.0,24000.0,-11600.0,2193.0,678.0,64.0,-39.0,,2026-07-24T11:48:46.332180+08:00
2360,2018-11-08,-55000.0,-135500.0,177000.0,-13500.0,2179.0,698.0,-14.0,20.0,,2026-07-24T11:48:46.332180+08:00
2360,2018-11-09,-170000.0,-154900.0,0.0,-324900.0,2190.0,702.0,11.0,4.0,,2026-07-24T11:48:46.332180+08:00
2360,2018-11-12,19000.0,260000.0,10000.0,289000.0,2170.0,741.0,-20.0,39.0,,2026-07-24T11:48:46.332180+08:00
2360,2018-11-13,-53000.0,-1586000.0,-67000.0,-1706000.0,2401.0,648.0,231.0,-93.0,,2026-07-24T11:48:46.332180+08:00
2360,2018-11-14,-34000.0,-461000.0,5000.0,-490000.0,2467.0,605.0,66.0,-43.0,,2026-07-24T11:48:46.332180+08:00
2360,2018-11-15,5000.0,-291000.0,-66000.0,-352000.0,2498.0,591.0,31.0,-14.0,,2026-07-24T11:48:46.332180+08:00
2360,2018-11-16,-17000.0,-414547.0,-81000.0,-512547.0,2580.0,585.0,82.0,-6.0,,2026-07-24T11:48:46.332180+08:00
2360,2018-11-19,140000.0,-118000.0,-100000.0,-78000.0,2558.0,595.0,-22.0,10.0,,2026-07-24T11:48:46.332180+08:00
2360,2018-11-20,141000.0,-287000.0,-199000.0,-345000.0,2434.0,644.0,-124.0,49.0,,2026-07-24T11:48:46.332180+08:00
2360,2018-11-21,-10000.0,-423121.0,-73000.0,-506121.0,2573.0,659.0,139.0,15.0,,2026-07-24T11:48:46.332180+08:00
2360,2018-11-22,-23000.0,-403000.0,14000.0,-412000.0,2531.0,673.0,-42.0,14.0,,2026-07-24T11:48:46.332180+08:00
2360,2018-11-23,-34000.0,-468000.0,0.0,-502000.0,2488.0,681.0,-43.0,8.0,,2026-07-24T11:48:46.332180+08:00
2360,2018-11-26,13000.0,-69800.0,0.0,-56800.0,2446.0,683.0,-42.0,2.0,,2026-07-24T11:48:46.332180+08:00
2360,2018-11-27,88000.0,308000.0,78000.0,474000.0,2436.0,674.0,-10.0,-9.0,,2026-07-24T11:48:46.332180+08:00
2360,2018-11-28,58000.0,385549.0,97000.0,540549.0,2295.0,654.0,-141.0,-20.0,,2026-07-24T11:48:46.332180+08:00
2360,2018-11-29,-97000.0,122000.0,69000.0,94000.0,2320.0,614.0,25.0,-40.0,,2026-07-24T11:48:46.332180+08:00
2360,2018-11-30,201000.0,-706000.0,-25000.0,-530000.0,2441.0,602.0,121.0,-12.0,,2026-07-24T11:48:46.332180+08:00
2360,2018-12-03,-83000.0,484014.0,74000.0,475014.0,2331.0,623.0,-110.0,21.0,,2026-07-24T11:48:46.332180+08:00
2360,2018-12-04,-4000.0,-250626.0,1000.0,-253626.0,2373.0,616.0,42.0,-7.0,,2026-07-24T11:48:46.332180+08:00
2360,2018-12-05,-146000.0,-235000.0,-100000.0,-481000.0,2424.0,617.0,51.0,1.0,,2026-07-24T11:48:46.332180+08:00
2360,2018-12-06,-153000.0,-125000.0,-61000.0,-339000.0,2365.0,599.0,-59.0,-18.0,,2026-07-24T11:48:46.332180+08:00
2360,2018-12-07,105000.0,289000.0,-117000.0,277000.0,2383.0,634.0,18.0,35.0,,2026-07-24T11:48:46.332180+08:00
2360,2018-12-10,-82000.0,37000.0,-205000.0,-250000.0,2405.0,600.0,22.0,-34.0,,2026-07-24T11:48:46.332180+08:00
2360,2018-12-11,13000.0,-288786.0,-266000.0,-541786.0,2438.0,593.0,33.0,-7.0,,2026-07-24T11:48:46.332180+08:00
2360,2018-12-12,4000.0,64786.0,-438000.0,-369214.0,2496.0,591.0,58.0,-2.0,,2026-07-24T11:48:46.332180+08:00
2360,2018-12-13,-39000.0,-1017048.0,-353000.0,-1409048.0,2500.0,625.0,4.0,34.0,,2026-07-24T11:48:46.332180+08:00
2360,2018-12-14,80000.0,-115000.0,-146111.0,-181111.0,2484.0,669.0,-16.0,44.0,,2026-07-24T11:48:46.332180+08:00
2360,2018-12-17,116000.0,-257500.0,0.0,-141500.0,2473.0,682.0,-11.0,13.0,,2026-07-24T11:48:46.332180+08:00
2360,2018-12-18,-45000.0,47000.0,0.0,2000.0,2438.0,667.0,-35.0,-15.0,,2026-07-24T11:48:46.332180+08:00
2360,2018-12-19,-18000.0,-775000.0,0.0,-793000.0,2422.0,664.0,-16.0,-3.0,,2026-07-24T11:48:46.332180+08:00
2360,2018-12-20,3000.0,-21000.0,-262000.0,-280000.0,2430.0,659.0,8.0,-5.0,,2026-07-24T11:48:46.332180+08:00
2360,2018-12-21,-38000.0,-1822929.0,-1000.0,-1861929.0,2520.0,630.0,90.0,-29.0,,2026-07-24T11:48:46.332180+08:00
2360,2018-12-22,24000.0,33000.0,1000.0,58000.0,2506.0,719.0,-14.0,89.0,,2026-07-24T11:48:46.332180+08:00
2360,2018-12-24,20000.0,-116000.0,0.0,-96000.0,2499.0,734.0,-7.0,15.0,,2026-07-24T11:48:46.332180+08:00
2360,2018-12-25,-15000.0,25750.0,0.0,10750.0,2492.0,690.0,-7.0,-44.0,,2026-07-24T11:48:46.332180+08:00
2360,2018-12-26,-43000.0,74120.0,-130.0,30990.0,2468.0,659.0,-24.0,-31.0,,2026-07-24T11:48:46.332180+08:00
2360,2018-12-27,13000.0,-63550.0,0.0,-50550.0,2495.0,639.0,27.0,-20.0,,2026-07-24T11:48:46.332180+08:00
2360,2018-12-28,40000.0,242511.0,0.0,282511.0,2442.0,650.0,-53.0,11.0,,2026-07-24T11:48:46.332180+08:00
2360,2019-01-02,-27000.0,8859.0,0.0,-18141.0,2456.0,651.0,14.0,1.0,,2026-07-24T11:48:46.332180+08:00
2360,2019-01-03,-16000.0,-155141.0,0.0,-171141.0,2445.0,635.0,-11.0,-16.0,,2026-07-24T11:48:46.332180+08:00
2360,2019-01-04,29000.0,-144000.0,1000.0,-114000.0,2461.0,626.0,16.0,-9.0,,2026-07-24T11:48:46.332180+08:00
2360,2019-01-07,96000.0,1039000.0,0.0,1135000.0,2394.0,644.0,-67.0,18.0,,2026-07-24T11:48:46.332180+08:00
2360,2019-01-08,-21000.0,-29731.0,0.0,-50731.0,2463.0,631.0,69.0,-13.0,,2026-07-24T11:48:46.332180+08:00
2360,2019-01-09,-43000.0,-85755.0,0.0,-128755.0,2518.0,603.0,55.0,-28.0,,2026-07-24T11:48:46.332180+08:00
2360,2019-01-10,22000.0,291519.0,-141000.0,172519.0,2589.0,580.0,71.0,-23.0,,2026-07-24T11:48:46.332180+08:00
2360,2019-01-11,27000.0,684000.0,-88000.0,623000.0,2571.0,582.0,-18.0,2.0,,2026-07-24T11:48:46.332180+08:00
2360,2019-01-14,1000.0,630000.0,0.0,631000.0,2676.0,579.0,105.0,-3.0,,2026-07-24T11:48:46.332180+08:00
2360,2019-01-15,81000.0,653000.0,25000.0,759000.0,2802.0,577.0,126.0,-2.0,,2026-07-24T11:48:46.332180+08:00
2360,2019-01-16,-61000.0,-119431.0,0.0,-180431.0,2905.0,567.0,103.0,-10.0,,2026-07-24T11:48:46.332180+08:00
2360,2019-01-17,-7000.0,578000.0,-149000.0,422000.0,2881.0,561.0,-24.0,-6.0,,2026-07-24T11:48:46.332180+08:00
2360,2019-01-18,16000.0,201891.0,0.0,217891.0,2874.0,552.0,-7.0,-9.0,,2026-07-24T11:48:46.332180+08:00
2360,2019-01-21,123000.0,78660.0,0.0,201660.0,2929.0,541.0,55.0,-11.0,,2026-07-24T11:48:46.332180+08:00
2360,2019-01-22,-72000.0,9000.0,0.0,-63000.0,2888.0,530.0,-41.0,-11.0,,2026-07-24T11:48:46.332180+08:00
2360,2019-01-23,5000.0,577000.0,-132000.0,450000.0,2913.0,532.0,25.0,2.0,,2026-07-24T11:48:46.332180+08:00
2360,2019-01-24,46000.0,15000.0,0.0,61000.0,2986.0,538.0,73.0,6.0,,2026-07-24T11:48:46.332180+08:00
2360,2019-01-25,72000.0,617100.0,54000.0,743100.0,2842.0,464.0,-144.0,-74.0,,2026-07-24T11:48:46.332180+08:00
2360,2019-01-28,-112000.0,-290000.0,-25000.0,-427000.0,2969.0,458.0,127.0,-6.0,,2026-07-24T11:48:46.332180+08:00
2360,2019-01-29,3000.0,-146900.0,0.0,-143900.0,2949.0,429.0,-20.0,-29.0,,2026-07-24T11:48:46.332180+08:00
2360,2019-01-30,-46000.0,-318086.0,0.0,-364086.0,2959.0,414.0,10.0,-15.0,,2026-07-24T11:48:46.332180+08:00
2360,2019-02-11,-28000.0,452944.0,0.0,424944.0,2953.0,369.0,-6.0,-45.0,,2026-07-24T11:48:46.332180+08:00
2360,2019-02-12,181000.0,-1196799.0,0.0,-1015799.0,3047.0,423.0,94.0,54.0,,2026-07-24T11:48:46.332180+08:00
2360,2019-02-13,-18000.0,-151000.0,1035000.0,866000.0,3356.0,438.0,309.0,15.0,,2026-07-24T11:48:46.332180+08:00
2360,2019-02-14,-126000.0,639585.0,17000.0,530585.0,2956.0,443.0,-400.0,5.0,,2026-07-24T11:48:46.332180+08:00
2360,2019-02-15,-11000.0,576000.0,0.0,565000.0,2887.0,458.0,-69.0,15.0,,2026-07-24T11:48:46.332180+08:00
2360,2019-02-18,41000.0,-520000.0,0.0,-479000.0,2986.0,459.0,99.0,1.0,,2026-07-24T11:48:46.332180+08:00
2360,2019-02-19,436000.0,1254000.0,203000.0,1893000.0,2900.0,456.0,-86.0,-3.0,,2026-07-24T11:48:46.332180+08:00
2360,2019-02-20,-275000.0,300688.0,138000.0,163688.0,2939.0,451.0,39.0,-5.0,,2026-07-24T11:48:46.332180+08:00
2360,2019-02-21,-36000.0,457000.0,0.0,421000.0,2753.0,473.0,-186.0,22.0,,2026-07-24T11:48:46.332180+08:00
2360,2019-02-22,-180000.0,-1436200.0,-77000.0,-1693200.0,2887.0,441.0,134.0,-32.0,,2026-07-24T11:48:46.332180+08:00
2360,2019-02-25,57000.0,132968.0,-35000.0,154968.0,2960.0,408.0,73.0,-33.0,,2026-07-24T11:48:46.332180+08:00
2360,2019-02-26,-32000.0,81600.0,101000.0,150600.0,2915.0,389.0,-45.0,-19.0,,2026-07-24T11:48:46.332180+08:00
2360,2019-02-27,-15000.0,0.0,46000.0,31000.0,2839.0,382.0,-76.0,-7.0,,2026-07-24T11:48:46.332180+08:00
2360,2019-03-04,100000.0,305364.0,0.0,405364.0,2759.0,355.0,-80.0,-27.0,,2026-07-24T11:48:46.332180+08:00
2360,2019-03-05,-61000.0,202925.0,20000.0,161925.0,2717.0,345.0,-42.0,-10.0,,2026-07-24T11:48:46.332180+08:00
2360,2019-03-06,-48000.0,14880.0,0.0,-33120.0,2683.0,343.0,-34.0,-2.0,,2026-07-24T11:48:46.332180+08:00
2360,2019-03-07,-49000.0,204000.0,0.0,155000.0,2641.0,346.0,-42.0,3.0,,2026-07-24T11:48:46.332180+08:00
2360,2019-03-08,16000.0,253400.0,20000.0,289400.0,2654.0,351.0,13.0,5.0,,2026-07-24T11:48:46.332180+08:00
2360,2019-03-11,-6000.0,30000.0,0.0,24000.0,2677.0,345.0,23.0,-6.0,,2026-07-24T11:48:46.332180+08:00
2360,2019-03-12,55000.0,432000.0,0.0,487000.0,2736.0,322.0,59.0,-23.0,,2026-07-24T11:48:46.332180+08:00
2360,2019-03-13,20000.0,829000.0,121000.0,970000.0,2759.0,298.0,23.0,-24.0,,2026-07-24T11:48:46.332180+08:00
2360,2019-03-14,203000.0,1478000.0,0.0,1681000.0,3086.0,374.0,327.0,76.0,,2026-07-24T11:48:46.332180+08:00
2360,2019-03-15,3000.0,1061500.0,0.0,1064500.0,2955.0,346.0,-131.0,-28.0,,2026-07-24T11:48:46.332180+08:00
2360,2019-03-18,21000.0,1606000.0,-380000.0,1247000.0,2806.0,349.0,-149.0,3.0,,2026-07-24T11:48:46.332180+08:00
2360,2019-03-19,58000.0,-92227.0,-53000.0,-87227.0,2918.0,327.0,112.0,-22.0,,2026-07-24T11:48:46.332180+08:00
2360,2019-03-20,-35000.0,661000.0,15000.0,641000.0,2822.0,332.0,-96.0,5.0,,2026-07-24T11:48:46.332180+08:00
2360,2019-03-21,52000.0,1956955.0,8000.0,2016955.0,2691.0,344.0,-131.0,12.0,,2026-07-24T11:48:46.332180+08:00
2360,2019-03-22,-124000.0,1317000.0,0.0,1193000.0,2521.0,368.0,-170.0,24.0,,2026-07-24T11:48:46.332180+08:00
2360,2019-03-25,-49000.0,96416.0,0.0,47416.0,2558.0,360.0,37.0,-8.0,,2026-07-24T11:48:46.332180+08:00
2360,2019-03-26,-5000.0,131100.0,0.0,126100.0,2510.0,336.0,-48.0,-24.0,,2026-07-24T11:48:46.332180+08:00
2360,2019-03-27,-2000.0,-349000.0,0.0,-351000.0,2525.0,338.0,15.0,2.0,,2026-07-24T11:48:46.332180+08:00
2360,2019-03-28,-25000.0,-136560.0,66000.0,-95560.0,2625.0,321.0,100.0,-17.0,,2026-07-24T11:48:46.332180+08:00
2360,2019-03-29,-17000.0,129223.0,0.0,112223.0,2608.0,300.0,-17.0,-21.0,,2026-07-24T11:48:46.332180+08:00
2360,2019-04-01,13000.0,162000.0,53392.0,228392.0,2560.0,249.0,-48.0,-51.0,,2026-07-24T11:48:46.332180+08:00
2360,2019-04-02,-11000.0,-31682.0,49000.0,6318.0,2577.0,232.0,17.0,-17.0,,2026-07-24T11:48:46.332180+08:00
2360,2019-04-03,-4000.0,11120.0,0.0,7120.0,2571.0,231.0,-6.0,-1.0,,2026-07-24T11:48:46.332180+08:00
2360,2019-04-08,-8000.0,120000.0,0.0,112000.0,2551.0,213.0,-20.0,-18.0,,2026-07-24T11:48:46.332180+08:00
2360,2019-04-09,15000.0,-644000.0,1000.0,-628000.0,2666.0,176.0,115.0,-37.0,,2026-07-24T11:48:46.332180+08:00
2360,2019-04-10,6000.0,-128600.0,0.0,-122600.0,2710.0,158.0,44.0,-18.0,,2026-07-24T11:48:46.332180+08:00
2360,2019-04-11,4000.0,-87049.0,-38000.0,-121049.0,2747.0,67.0,37.0,-91.0,,2026-07-24T11:48:46.332180+08:00
2360,2019-04-12,-4000.0,-169514.0,28000.0,-145514.0,2694.0,0.0,-53.0,-67.0,,2026-07-24T11:48:46.332180+08:00
2360,2019-04-15,24000.0,-114000.0,72000.0,-18000.0,2709.0,0.0,15.0,0.0,,2026-07-24T11:48:46.332180+08:00
2360,2019-04-16,112000.0,64350.0,36000.0,212350.0,2608.0,0.0,-101.0,0.0,,2026-07-24T11:48:46.332180+08:00
2360,2019-04-17,-81000.0,290000.0,0.0,209000.0,2601.0,0.0,-7.0,0.0,,2026-07-24T11:48:46.332180+08:00
2360,2019-04-18,20000.0,194000.0,69000.0,283000.0,2522.0,4.0,-79.0,4.0,,2026-07-24T11:48:46.332180+08:00
2360,2019-04-19,52000.0,587000.0,60000.0,699000.0,2453.0,26.0,-69.0,22.0,,2026-07-24T11:48:46.332180+08:00
2360,2019-04-22,-20000.0,133000.0,7858.0,120858.0,2420.0,34.0,-33.0,8.0,,2026-07-24T11:48:46.332180+08:00
2360,2019-04-23,-9000.0,207000.0,0.0,198000.0,2422.0,40.0,2.0,6.0,,2026-07-24T11:48:46.332180+08:00
2360,2019-04-24,-42000.0,118000.0,0.0,76000.0,2324.0,39.0,-98.0,-1.0,,2026-07-24T11:48:46.332180+08:00
2360,2019-04-25,-1000.0,46554.0,0.0,45554.0,2352.0,40.0,28.0,1.0,,2026-07-24T11:48:46.332180+08:00
2360,2019-04-26,14000.0,266900.0,0.0,280900.0,2331.0,49.0,-21.0,9.0,,2026-07-24T11:48:46.332180+08:00
2360,2019-04-29,-20000.0,212424.0,0.0,192424.0,2284.0,67.0,-47.0,18.0,,2026-07-24T11:48:46.332180+08:00
2360,2019-04-30,-12000.0,85000.0,0.0,73000.0,2316.0,136.0,32.0,69.0,,2026-07-24T11:48:46.332180+08:00
2360,2019-05-02,117000.0,2283000.0,79000.0,2479000.0,2849.0,346.0,533.0,210.0,,2026-07-24T11:48:46.332180+08:00
2360,2019-05-03,17000.0,-117275.0,2000.0,-98275.0,2840.0,254.0,-9.0,-92.0,,2026-07-24T11:48:46.332180+08:00
2360,2019-05-06,26000.0,-318000.0,0.0,-292000.0,2866.0,147.0,26.0,-107.0,,2026-07-24T11:48:46.332180+08:00
2360,2019-05-07,6000.0,-279000.0,8000.0,-265000.0,2888.0,139.0,22.0,-8.0,,2026-07-24T11:48:46.332180+08:00
2360,2019-05-08,28000.0,-342942.0,2000.0,-312942.0,2896.0,135.0,8.0,-4.0,,2026-07-24T11:48:46.332180+08:00
2360,2019-05-09,-41000.0,-198800.0,0.0,-239800.0,2656.0,125.0,-240.0,-10.0,,2026-07-24T11:48:46.332180+08:00
2360,2019-05-10,0.0,130528.0,0.0,130528.0,2123.0,118.0,-533.0,-7.0,,2026-07-24T11:48:46.332180+08:00
2360,2019-05-13,-5000.0,-286000.0,-70000.0,-361000.0,2201.0,109.0,78.0,-9.0,,2026-07-24T11:48:46.332180+08:00
2360,2019-05-14,47000.0,-445748.0,0.0,-398748.0,2314.0,61.0,113.0,-48.0,,2026-07-24T11:48:46.332180+08:00
2360,2019-05-15,-157000.0,-904000.0,-250000.0,-1311000.0,2427.0,76.0,113.0,15.0,,2026-07-24T11:48:46.332180+08:00
2360,2019-05-16,-23000.0,223000.0,-372000.0,-172000.0,2448.0,78.0,21.0,2.0,,2026-07-24T11:48:46.332180+08:00
2360,2019-05-17,-65000.0,-177000.0,-289000.0,-531000.0,2381.0,99.0,-67.0,21.0,,2026-07-24T11:48:46.332180+08:00
2360,2019-05-20,43000.0,-768000.0,0.0,-725000.0,2396.0,94.0,15.0,-5.0,,2026-07-24T11:48:46.332180+08:00
2360,2019-05-21,17000.0,-770200.0,15000.0,-738200.0,2442.0,94.0,46.0,0.0,,2026-07-24T11:48:46.332180+08:00
2360,2019-05-22,1000.0,-88861.0,0.0,-87861.0,2452.0,94.0,10.0,0.0,,2026-07-24T11:48:46.332180+08:00
2360,2019-05-23,21000.0,-447390.0,0.0,-426390.0,2477.0,104.0,25.0,10.0,,2026-07-24T11:48:46.332180+08:00
2360,2019-05-24,19000.0,47000.0,73000.0,139000.0,2424.0,110.0,-53.0,6.0,,2026-07-24T11:48:46.332180+08:00
2360,2019-05-27,-27000.0,98900.0,0.0,71900.0,2413.0,123.0,-11.0,13.0,,2026-07-24T11:48:46.332180+08:00
2360,2019-05-28,22000.0,-211000.0,-126000.0,-315000.0,2455.0,109.0,42.0,-14.0,,2026-07-24T11:48:46.332180+08:00
2360,2019-05-29,-5000.0,91000.0,-8000.0,78000.0,2434.0,88.0,-21.0,-21.0,,2026-07-24T11:48:46.332180+08:00
2360,2019-05-30,19000.0,-184776.0,6000.0,-159776.0,2562.0,88.0,128.0,0.0,,2026-07-24T11:48:46.332180+08:00
2360,2019-05-31,-12000.0,291710.0,12000.0,291710.0,2526.0,85.0,-36.0,-3.0,,2026-07-24T11:48:46.332180+08:00
2360,2019-06-03,6000.0,312000.0,0.0,318000.0,2428.0,97.0,-98.0,12.0,,2026-07-24T11:48:46.332180+08:00
2360,2019-06-04,-18000.0,233900.0,0.0,215900.0,2416.0,101.0,-12.0,4.0,,2026-07-24T11:48:46.332180+08:00
2360,2019-06-05,-11000.0,130200.0,0.0,119200.0,2408.0,108.0,-8.0,7.0,,2026-07-24T11:48:46.332180+08:00
2360,2019-06-06,3000.0,56000.0,0.0,59000.0,2415.0,114.0,7.0,6.0,,2026-07-24T11:48:46.332180+08:00
2360,2019-06-10,1000.0,326000.0,35000.0,362000.0,2353.0,103.0,-62.0,-11.0,,2026-07-24T11:48:46.332180+08:00
2360,2019-06-11,-35000.0,225465.0,0.0,190465.0,2285.0,132.0,-68.0,29.0,,2026-07-24T11:48:46.332180+08:00
2360,2019-06-12,384.0,473000.0,1827.0,475211.0,2188.0,162.0,-97.0,30.0,,2026-07-24T11:48:46.332180+08:00
2360,2019-06-13,9616.0,407653.0,225809.0,643078.0,2108.0,203.0,-80.0,41.0,,2026-07-24T11:48:46.332180+08:00
2360,2019-06-14,-13000.0,-3000.0,0.0,-16000.0,2143.0,211.0,35.0,8.0,,2026-07-24T11:48:46.332180+08:00
2360,2019-06-17,18000.0,-11220.0,802.0,7582.0,2129.0,212.0,-14.0,1.0,,2026-07-24T11:48:46.332180+08:00
2360,2019-06-18,-3000.0,-114225.0,1000.0,-116225.0,2158.0,205.0,29.0,-7.0,,2026-07-24T11:48:46.332180+08:00
2360,2019-06-19,107000.0,564000.0,30000.0,701000.0,2155.0,205.0,-3.0,0.0,,2026-07-24T11:48:46.332180+08:00
2360,2019-06-20,16156.0,324375.0,0.0,340531.0,2190.0,205.0,35.0,0.0,,2026-07-24T11:48:46.332180+08:00
2360,2019-06-21,13844.0,294761.0,0.0,308605.0,2247.0,198.0,57.0,-7.0,,2026-07-24T11:48:46.332180+08:00
2360,2019-06-24,0.0,54474.0,-753.0,53721.0,2259.0,198.0,12.0,0.0,,2026-07-24T11:48:46.332180+08:00
2360,2019-06-25,-4000.0,43000.0,0.0,39000.0,2245.0,194.0,-14.0,-4.0,,2026-07-24T11:48:46.332180+08:00
2360,2019-06-26,-9000.0,34000.0,2000.0,27000.0,2258.0,205.0,13.0,11.0,,2026-07-24T11:48:46.332180+08:00
2360,2019-06-27,3000.0,-110665.0,0.0,-107665.0,2243.0,189.0,-15.0,-16.0,,2026-07-24T11:48:46.332180+08:00
2360,2019-06-28,8000.0,-191840.0,0.0,-183840.0,2261.0,172.0,18.0,-17.0,,2026-07-24T11:48:46.332180+08:00
2360,2019-07-01,21000.0,482816.0,50000.0,553816.0,2183.0,176.0,-78.0,4.0,,2026-07-24T11:48:46.332180+08:00
2360,2019-07-02,-10000.0,80000.0,0.0,70000.0,2121.0,178.0,-62.0,2.0,,2026-07-24T11:48:46.332180+08:00
2360,2019-07-03,-19000.0,-440000.0,0.0,-459000.0,2275.0,177.0,154.0,-1.0,,2026-07-24T11:48:46.332180+08:00
2360,2019-07-04,-1000.0,-119000.0,0.0,-120000.0,2273.0,179.0,-2.0,2.0,,2026-07-24T11:48:46.332180+08:00
2360,2019-07-05,-2000.0,-92000.0,2090.0,-91910.0,2260.0,172.0,-13.0,-7.0,,2026-07-24T11:48:46.332180+08:00
2360,2019-07-08,3000.0,76000.0,0.0,79000.0,2255.0,178.0,-5.0,6.0,,2026-07-24T11:48:46.332180+08:00
2360,2019-07-09,-11000.0,-20000.0,124000.0,93000.0,2214.0,179.0,-41.0,1.0,,2026-07-24T11:48:46.332180+08:00
2360,2019-07-10,43000.0,11000.0,267000.0,321000.0,2190.0,187.0,-24.0,8.0,,2026-07-24T11:48:46.332180+08:00
2360,2019-07-11,27000.0,-280064.0,319000.0,65936.0,2240.0,137.0,50.0,-50.0,,2026-07-24T11:48:46.332180+08:00
2360,2019-07-12,44000.0,-415596.0,305000.0,-66596.0,2135.0,144.0,-105.0,7.0,,2026-07-24T11:48:46.332180+08:00
2360,2019-07-15,-49000.0,-244092.0,181000.0,-112092.0,2215.0,140.0,80.0,-4.0,,2026-07-24T11:48:46.332180+08:00
2360,2019-07-16,0.0,-167000.0,68910.0,-98090.0,2036.0,115.0,-179.0,-25.0,,2026-07-24T11:48:46.332180+08:00
2360,2019-07-17,48000.0,-247732.0,0.0,-199732.0,2035.0,109.0,-1.0,-6.0,,2026-07-24T11:48:46.332180+08:00
2360,2019-07-18,-18000.0,52600.0,0.0,34600.0,1984.0,97.0,-51.0,-12.0,,2026-07-24T11:48:46.332180+08:00
2360,2019-07-19,8000.0,63000.0,0.0,71000.0,1965.0,48.0,-19.0,-49.0,,2026-07-24T11:48:46.332180+08:00
2360,2019-07-22,1000.0,162000.0,0.0,163000.0,1893.0,0.0,-72.0,-48.0,,2026-07-24T11:48:46.332180+08:00
2360,2019-07-23,42000.0,552000.0,50000.0,644000.0,1733.0,0.0,-160.0,0.0,,2026-07-24T11:48:46.332180+08:00
2360,2019-07-24,-50000.0,236000.0,0.0,186000.0,1544.0,0.0,-189.0,0.0,,2026-07-24T11:48:46.332180+08:00
2360,2019-07-25,253000.0,-90000.0,70000.0,233000.0,1796.0,0.0,252.0,0.0,,2026-07-24T11:48:46.332180+08:00
2360,2019-07-26,-91000.0,966000.0,192000.0,1067000.0,1977.0,75.0,181.0,75.0,,2026-07-24T11:48:46.332180+08:00
2360,2019-07-29,-28000.0,-31000.0,69000.0,10000.0,1940.0,80.0,-37.0,5.0,,2026-07-24T11:48:46.332180+08:00
2360,2019-07-30,-33000.0,-252000.0,49000.0,-236000.0,1938.0,91.0,-2.0,11.0,,2026-07-24T11:48:46.332180+08:00
2360,2019-07-31,-138000.0,-463000.0,0.0,-601000.0,2132.0,67.0,194.0,-24.0,,2026-07-24T11:48:46.332180+08:00
2360,2019-08-01,-6000.0,-22000.0,-375000.0,-403000.0,1999.0,86.0,-133.0,19.0,,2026-07-24T11:48:46.332180+08:00
2360,2019-08-02,-45000.0,-88000.0,0.0,-133000.0,1766.0,82.0,-233.0,-4.0,,2026-07-24T11:48:46.332180+08:00
2360,2019-08-05,-60000.0,-684000.0,-55000.0,-799000.0,1856.0,100.0,90.0,18.0,,2026-07-24T11:48:46.332180+08:00
2360,2019-08-06,4000.0,-335550.0,-258000.0,-589550.0,1934.0,107.0,78.0,7.0,,2026-07-24T11:48:46.332180+08:00
2360,2019-08-07,89000.0,-412000.0,449000.0,126000.0,2046.0,140.0,112.0,33.0,,2026-07-24T11:48:46.332180+08:00
2360,2019-08-08,42639.0,28000.0,595000.0,665639.0,1986.0,323.0,-60.0,183.0,,2026-07-24T11:48:46.332180+08:00
2360,2019-08-12,-71343.0,264000.0,200000.0,392657.0,1634.0,328.0,-352.0,5.0,,2026-07-24T11:48:46.332180+08:00
2360,2019-08-13,-25190.0,346000.0,-52145.0,268665.0,1708.0,312.0,74.0,-16.0,,2026-07-24T11:48:46.332180+08:00
2360,2019-08-14,1325.0,568000.0,30000.0,599325.0,1612.0,317.0,-96.0,5.0,,2026-07-24T11:48:46.332180+08:00
2360,2019-08-15,-42000.0,800000.0,-55000.0,703000.0,1650.0,315.0,38.0,-2.0,,2026-07-24T11:48:46.332180+08:00
2360,2019-08-16,2569.0,-615000.0,0.0,-612431.0,1820.0,278.0,170.0,-37.0,,2026-07-24T11:48:46.332180+08:00
2360,2019-08-19,25000.0,259000.0,10000.0,294000.0,2236.0,296.0,416.0,18.0,,2026-07-24T11:48:46.332180+08:00
2360,2019-08-20,27000.0,-163000.0,7000.0,-129000.0,2304.0,300.0,68.0,4.0,,2026-07-24T11:48:46.332180+08:00
2360,2019-08-21,24000.0,97000.0,11000.0,132000.0,2178.0,265.0,-126.0,-35.0,,2026-07-24T11:48:46.332180+08:00
2360,2019-08-22,25000.0,135000.0,0.0,160000.0,2137.0,271.0,-41.0,6.0,,2026-07-24T11:48:46.332180+08:00
2360,2019-08-23,-47000.0,285395.0,-432000.0,-193605.0,2021.0,245.0,-116.0,-26.0,,2026-07-24T11:48:46.332180+08:00
2360,2019-08-24,-20000.0,-58000.0,14000.0,-64000.0,,,,,,2026-07-24T11:48:46.332180+08:00
2360,2019-08-26,-43000.0,-337836.0,-394000.0,-774836.0,2117.0,210.0,,,,2026-07-24T11:48:46.332180+08:00
2360,2019-08-27,65000.0,461260.0,-243000.0,283260.0,2078.0,243.0,-39.0,33.0,,2026-07-24T11:48:46.332180+08:00
2360,2019-08-28,-48000.0,-4000.0,-297000.0,-349000.0,2143.0,230.0,65.0,-13.0,,2026-07-24T11:48:46.332180+08:00
2360,2019-08-29,-8000.0,183000.0,74000.0,249000.0,2245.0,236.0,102.0,6.0,,2026-07-24T11:48:46.332180+08:00
2360,2019-08-30,-23000.0,888709.0,886000.0,1751709.0,2004.0,336.0,-241.0,100.0,,2026-07-24T11:48:46.332180+08:00
2360,2019-09-02,44000.0,-93459.0,626000.0,576541.0,1784.0,376.0,-220.0,40.0,,2026-07-24T11:48:46.332180+08:00
2360,2019-09-03,-24000.0,-381000.0,295000.0,-110000.0,1854.0,357.0,70.0,-19.0,,2026-07-24T11:48:46.332180+08:00
2360,2019-09-04,29000.0,-73000.0,225000.0,181000.0,1845.0,377.0,-9.0,20.0,,2026-07-24T11:48:46.332180+08:00
2360,2019-09-05,3000.0,-141863.0,150000.0,11137.0,1864.0,361.0,19.0,-16.0,,2026-07-24T11:48:46.332180+08:00
2360,2019-09-06,44000.0,-225000.0,145000.0,-36000.0,1844.0,388.0,-20.0,27.0,,2026-07-24T11:48:46.332180+08:00
2360,2019-09-09,-13000.0,-90000.0,0.0,-103000.0,1819.0,397.0,-25.0,9.0,,2026-07-24T11:48:46.332180+08:00
2360,2019-09-10,-18000.0,-12000.0,0.0,-30000.0,1773.0,381.0,-46.0,-16.0,,2026-07-24T11:48:46.332180+08:00
2360,2019-09-11,-27000.0,-183000.0,128000.0,-82000.0,1812.0,370.0,39.0,-11.0,,2026-07-24T11:48:46.332180+08:00
2360,2019-09-12,-5000.0,-143790.0,115000.0,-33790.0,1820.0,368.0,8.0,-2.0,,2026-07-24T11:48:46.332180+08:00
2360,2019-09-16,-16000.0,-285145.0,177166.0,-123979.0,1856.0,343.0,36.0,-25.0,,2026-07-24T11:48:46.332180+08:00
2360,2019-09-17,1000.0,-237000.0,67000.0,-169000.0,1877.0,326.0,21.0,-17.0,,2026-07-24T11:48:46.332180+08:00
2360,2019-09-18,-14000.0,95391.0,5000.0,86391.0,1890.0,309.0,13.0,-17.0,,2026-07-24T11:48:46.332180+08:00
2360,2019-09-19,35000.0,-405000.0,289000.0,-81000.0,1933.0,333.0,43.0,24.0,,2026-07-24T11:48:46.332180+08:00
2360,2019-09-20,-26000.0,-125000.0,-1000.0,-152000.0,2025.0,364.0,92.0,31.0,,2026-07-24T11:48:46.332180+08:00
2360,2019-09-23,276000.0,-136600.0,282000.0,421400.0,2197.0,420.0,172.0,56.0,,2026-07-24T11:48:46.332180+08:00
2360,2019-09-24,-214000.0,-224000.0,150000.0,-288000.0,2108.0,405.0,-89.0,-15.0,,2026-07-24T11:48:46.332180+08:00
2360,2019-09-25,-32000.0,-896800.0,236000.0,-692800.0,2270.0,372.0,162.0,-33.0,,2026-07-24T11:48:46.332180+08:00
2360,2019-09-26,-8000.0,-303000.0,109000.0,-202000.0,2321.0,365.0,51.0,-7.0,,2026-07-24T11:48:46.332180+08:00
2360,2019-09-27,-18000.0,-232000.0,-210000.0,-460000.0,2397.0,294.0,76.0,-71.0,,2026-07-24T11:48:46.332180+08:00
2360,2019-10-01,3000.0,222000.0,103000.0,328000.0,2317.0,304.0,-80.0,10.0,,2026-07-24T11:48:46.332180+08:00
2360,2019-10-02,9319.0,97000.0,0.0,106319.0,2339.0,311.0,22.0,7.0,,2026-07-24T11:48:46.332180+08:00
2360,2019-10-03,-6000.0,53000.0,-36000.0,11000.0,2302.0,317.0,-37.0,6.0,,2026-07-24T11:48:46.332180+08:00
2360,2019-10-04,1000.0,-71000.0,7000.0,-63000.0,2332.0,314.0,30.0,-3.0,,2026-07-24T11:48:46.332180+08:00
2360,2019-10-07,1000.0,76000.0,0.0,77000.0,2337.0,315.0,5.0,1.0,,2026-07-24T11:48:46.332180+08:00
2360,2019-10-08,16000.0,-255927.0,270.0,-239657.0,2674.0,574.0,337.0,259.0,,2026-07-24T11:48:46.332180+08:00
2360,2019-10-09,5000.0,-808000.0,123026.0,-679974.0,2609.0,332.0,-65.0,-242.0,,2026-07-24T11:48:46.332180+08:00
2360,2019-10-14,-50000.0,-77000.0,-39000.0,-166000.0,2493.0,301.0,-116.0,-31.0,,2026-07-24T11:48:46.332180+08:00
2360,2019-10-15,-7000.0,-39000.0,0.0,-46000.0,2502.0,326.0,9.0,25.0,,2026-07-24T11:48:46.332180+08:00
2360,2019-10-16,-111000.0,789830.0,-133676.0,545154.0,2451.0,379.0,-51.0,53.0,,2026-07-24T11:48:46.332180+08:00
2360,2019-10-17,3000.0,80000.0,-149169.0,-66169.0,2438.0,377.0,-13.0,-2.0,,2026-07-24T11:48:46.332180+08:00
2360,2019-10-18,4000.0,238304.0,25027.0,267331.0,2391.0,356.0,-47.0,-21.0,,2026-07-24T11:48:46.332180+08:00
2360,2019-10-21,41000.0,-601000.0,20016.0,-539984.0,2404.0,349.0,13.0,-7.0,,2026-07-24T11:48:46.332180+08:00
2360,2019-10-22,-2000.0,-220000.0,-194996.0,-416996.0,2422.0,327.0,18.0,-22.0,,2026-07-24T11:48:46.332180+08:00
2360,2019-10-23,-35000.0,-378166.0,-46000.0,-459166.0,2374.0,267.0,-48.0,-60.0,,2026-07-24T11:48:46.332180+08:00
2360,2019-10-24,-12000.0,-639711.0,-23000.0,-674711.0,2447.0,266.0,73.0,-1.0,,2026-07-24T11:48:46.332180+08:00
2360,2019-10-25,35000.0,145000.0,161786.0,341786.0,2458.0,308.0,11.0,42.0,,2026-07-24T11:48:46.332180+08:00
2360,2019-10-26,-20000.0,-58000.0,14000.0,-64000.0,,,,,,2026-07-24T11:48:46.332180+08:00
2360,2019-10-28,101000.0,744000.0,466000.0,1311000.0,2396.0,369.0,,,,2026-07-24T11:48:46.332180+08:00
2360,2019-10-29,-79000.0,-122000.0,-435000.0,-636000.0,2381.0,368.0,-15.0,-1.0,,2026-07-24T11:48:46.332180+08:00
2360,2019-10-30,1000.0,549000.0,-116000.0,434000.0,2371.0,412.0,-10.0,44.0,,2026-07-24T11:48:46.332180+08:00
2360,2019-10-31,-37000.0,330000.0,-169000.0,124000.0,2306.0,400.0,-65.0,-12.0,,2026-07-24T11:48:46.332180+08:00
2360,2019-11-01,54000.0,-3837555.0,-318000.0,-4101555.0,2641.0,306.0,335.0,-94.0,,2026-07-24T11:48:46.332180+08:00
2360,2019-11-04,-49000.0,-2745300.0,-217000.0,-3011300.0,2807.0,310.0,166.0,4.0,,2026-07-24T11:48:46.332180+08:00
2360,2019-11-05,54000.0,-296000.0,-238000.0,-480000.0,2753.0,370.0,-54.0,60.0,,2026-07-24T11:48:46.332180+08:00
2360,2019-11-06,-2000.0,-730000.0,138000.0,-594000.0,2701.0,391.0,-52.0,21.0,,2026-07-24T11:48:46.332180+08:00
2360,2019-11-07,-53000.0,-836000.0,-11000.0,-900000.0,2693.0,373.0,-8.0,-18.0,,2026-07-24T11:48:46.332180+08:00
2360,2019-11-08,-20000.0,-783000.0,-5000.0,-808000.0,2762.0,429.0,69.0,56.0,,2026-07-24T11:48:46.332180+08:00
2360,2019-11-11,-29000.0,-783000.0,0.0,-812000.0,2765.0,423.0,3.0,-6.0,,2026-07-24T11:48:46.332180+08:00
2360,2019-11-12,3000.0,-272000.0,0.0,-269000.0,2644.0,413.0,-121.0,-10.0,,2026-07-24T11:48:46.332180+08:00
2360,2019-11-13,11000.0,-38117.0,0.0,-27117.0,2647.0,428.0,3.0,15.0,,2026-07-24T11:48:46.332180+08:00
2360,2019-11-14,-4000.0,-120000.0,0.0,-124000.0,2604.0,430.0,-43.0,2.0,,2026-07-24T11:48:46.332180+08:00
2360,2019-11-15,-31000.0,-1574549.0,34000.0,-1571549.0,2594.0,433.0,-10.0,3.0,,2026-07-24T11:48:46.332180+08:00
2360,2019-11-18,0.0,-955317.0,-64000.0,-1019317.0,2632.0,442.0,38.0,9.0,,2026-07-24T11:48:46.332180+08:00
2360,2019-11-19,82000.0,-285000.0,-100000.0,-303000.0,3080.0,480.0,448.0,38.0,,2026-07-24T11:48:46.332180+08:00
2360,2019-11-20,-73000.0,140000.0,-31000.0,36000.0,2730.0,493.0,-350.0,13.0,,2026-07-24T11:48:46.332180+08:00
2360,2019-11-21,59000.0,1096000.0,135000.0,1290000.0,2443.0,450.0,-287.0,-43.0,,2026-07-24T11:48:46.332180+08:00
2360,2019-11-22,-45000.0,469000.0,2000.0,426000.0,2403.0,468.0,-40.0,18.0,,2026-07-24T11:48:46.332180+08:00
2360,2019-11-25,-6000.0,211602.0,0.0,205602.0,2342.0,501.0,-61.0,33.0,,2026-07-24T11:48:46.332180+08:00
2360,2019-11-26,29000.0,108000.0,0.0,137000.0,2372.0,511.0,30.0,10.0,,2026-07-24T11:48:46.332180+08:00
2360,2019-11-27,-3000.0,580400.0,10000.0,587400.0,2312.0,527.0,-60.0,16.0,,2026-07-24T11:48:46.332180+08:00
2360,2019-11-28,-6000.0,861364.0,105000.0,960364.0,2212.0,528.0,-100.0,1.0,,2026-07-24T11:48:46.332180+08:00
2360,2019-11-29,-33000.0,-177606.0,-142000.0,-352606.0,2227.0,498.0,15.0,-30.0,,2026-07-24T11:48:46.332180+08:00
2360,2019-12-02,-16000.0,177194.0,-96000.0,65194.0,2203.0,495.0,-24.0,-3.0,,2026-07-24T11:48:46.332180+08:00
2360,2019-12-03,-5000.0,137248.0,-104000.0,28248.0,2182.0,496.0,-21.0,1.0,,2026-07-24T11:48:46.332180+08:00
2360,2019-12-04,-33000.0,72000.0,-100000.0,-61000.0,2145.0,488.0,-37.0,-8.0,,2026-07-24T11:48:46.332180+08:00
2360,2019-12-05,21000.0,323000.0,-266000.0,78000.0,2129.0,497.0,-16.0,9.0,,2026-07-24T11:48:46.332180+08:00
2360,2019-12-06,-6952.0,424500.0,0.0,417548.0,2115.0,501.0,-14.0,4.0,,2026-07-24T11:48:46.332180+08:00
2360,2019-12-09,39000.0,-280959.0,85000.0,-156959.0,2140.0,516.0,25.0,15.0,,2026-07-24T11:48:46.332180+08:00
2360,2019-12-10,8000.0,294635.0,28000.0,330635.0,2033.0,530.0,-107.0,14.0,,2026-07-24T11:48:46.332180+08:00
2360,2019-12-11,58000.0,-250000.0,0.0,-192000.0,2028.0,524.0,-5.0,-6.0,,2026-07-24T11:48:46.332180+08:00
2360,2019-12-12,72000.0,-939000.0,-27000.0,-894000.0,2235.0,516.0,207.0,-8.0,,2026-07-24T11:48:46.332180+08:00
2360,2019-12-13,108000.0,-1079000.0,-51000.0,-1022000.0,2325.0,421.0,90.0,-95.0,,2026-07-24T11:48:46.332180+08:00
2360,2019-12-16,42000.0,-932000.0,-65000.0,-955000.0,2315.0,403.0,-10.0,-18.0,,2026-07-24T11:48:46.332180+08:00
2360,2019-12-17,-17000.0,-1128000.0,-30628.0,-1175628.0,2389.0,402.0,74.0,-1.0,,2026-07-24T11:48:46.332180+08:00
2360,2019-12-18,136000.0,369511.0,0.0,505511.0,2305.0,395.0,-84.0,-7.0,,2026-07-24T11:48:46.332180+08:00
2360,2019-12-19,-10000.0,-364800.0,2000.0,-372800.0,2310.0,394.0,5.0,-1.0,,2026-07-24T11:48:46.332180+08:00
2360,2019-12-20,-5000.0,-462329.0,-5000.0,-472329.0,2339.0,350.0,29.0,-44.0,,2026-07-24T11:48:46.332180+08:00
2360,2019-12-23,-16000.0,-133000.0,-65000.0,-214000.0,2376.0,360.0,37.0,10.0,,2026-07-24T11:48:46.332180+08:00
2360,2019-12-24,-7000.0,-143000.0,-51000.0,-201000.0,2399.0,360.0,23.0,0.0,,2026-07-24T11:48:46.332180+08:00
2360,2019-12-25,-26000.0,-107000.0,-117000.0,-250000.0,2500.0,357.0,101.0,-3.0,,2026-07-24T11:48:46.332180+08:00
2360,2019-12-26,10000.0,-122000.0,131000.0,19000.0,2510.0,352.0,10.0,-5.0,,2026-07-24T11:48:46.332180+08:00
2360,2019-12-27,190000.0,-97000.0,209000.0,302000.0,2647.0,371.0,137.0,19.0,,2026-07-24T11:48:46.332180+08:00
2360,2019-12-30,200000.0,-326700.0,463000.0,336300.0,3127.0,385.0,480.0,14.0,,2026-07-24T11:48:46.332180+08:00
2360,2019-12-31,-75000.0,-467403.0,91000.0,-451403.0,3145.0,376.0,18.0,-9.0,,2026-07-24T11:48:46.332180+08:00
2360,2020-01-02,60000.0,-125156.0,10000.0,-55156.0,3029.0,393.0,-116.0,17.0,,2026-07-24T11:48:46.332180+08:00
2360,2020-01-03,396000.0,-968000.0,411000.0,-161000.0,3471.0,412.0,442.0,19.0,,2026-07-24T11:48:46.332180+08:00
2360,2020-01-06,-116000.0,-252623.0,393000.0,24377.0,3387.0,417.0,-84.0,5.0,,2026-07-24T11:48:46.332180+08:00
2360,2020-01-07,-145000.0,135635.0,-10000.0,-19365.0,3171.0,446.0,-216.0,29.0,,2026-07-24T11:48:46.332180+08:00
2360,2020-01-08,-161000.0,-87848.0,-2000.0,-250848.0,3023.0,429.0,-148.0,-17.0,,2026-07-24T11:48:46.332180+08:00
2360,2020-01-09,167000.0,1105324.0,243000.0,1515324.0,2694.0,501.0,-329.0,72.0,,2026-07-24T11:48:46.332180+08:00
2360,2020-01-10,-62000.0,661000.0,123000.0,722000.0,2445.0,520.0,-249.0,19.0,,2026-07-24T11:48:46.332180+08:00
2360,2020-01-13,54000.0,1719000.0,357000.0,2130000.0,1542.0,600.0,-903.0,80.0,,2026-07-24T11:48:46.332180+08:00
2360,2020-01-14,-40000.0,867000.0,33000.0,860000.0,1754.0,534.0,212.0,-66.0,,2026-07-24T11:48:46.332180+08:00
2360,2020-01-15,-130000.0,717977.0,0.0,587977.0,1757.0,506.0,3.0,-28.0,,2026-07-24T11:48:46.332180+08:00
2360,2020-01-16,68000.0,-203345.0,168000.0,32655.0,2096.0,504.0,339.0,-2.0,,2026-07-24T11:48:46.332180+08:00
2360,2020-01-17,-68000.0,-81531.0,213903.0,64372.0,2048.0,498.0,-48.0,-6.0,,2026-07-24T11:48:46.332180+08:00
2360,2020-01-20,-28000.0,2067100.0,12542.0,2051642.0,2013.0,496.0,-35.0,-2.0,,2026-07-24T11:48:46.332180+08:00
2360,2020-01-30,-145000.0,404780.0,7000.0,266780.0,1907.0,450.0,-106.0,-46.0,,2026-07-24T11:48:46.332180+08:00
2360,2020-01-31,21000.0,-192561.0,11500.0,-160061.0,1953.0,448.0,46.0,-2.0,,2026-07-24T11:48:46.332180+08:00
2360,2020-02-03,2000.0,56000.0,19000.0,77000.0,1887.0,447.0,-66.0,-1.0,,2026-07-24T11:48:46.332180+08:00
2360,2020-02-04,-30000.0,578059.0,-57000.0,491059.0,1798.0,438.0,-89.0,-9.0,,2026-07-24T11:48:46.332180+08:00
2360,2020-02-05,-46000.0,1177271.0,-192000.0,939271.0,1804.0,453.0,6.0,15.0,,2026-07-24T11:48:46.332180+08:00
2360,2020-02-06,108000.0,564823.0,-142000.0,530823.0,1941.0,437.0,137.0,-16.0,,2026-07-24T11:48:46.332180+08:00
2360,2020-02-07,-60000.0,1233603.0,20000.0,1193603.0,1995.0,442.0,54.0,5.0,,2026-07-24T11:48:46.332180+08:00
2360,2020-02-10,52000.0,326206.0,-1000.0,377206.0,2062.0,441.0,67.0,-1.0,,2026-07-24T11:48:46.332180+08:00
2360,2020-02-11,48000.0,262032.0,52000.0,362032.0,2048.0,429.0,-14.0,-12.0,,2026-07-24T11:48:46.332180+08:00
2360,2020-02-12,181000.0,1448117.0,-2000.0,1627117.0,1805.0,482.0,-243.0,53.0,,2026-07-24T11:48:46.332180+08:00
2360,2020-02-13,-163000.0,1391484.0,99000.0,1327484.0,1654.0,494.0,-151.0,12.0,,2026-07-24T11:48:46.332180+08:00
2360,2020-02-14,-17000.0,688000.0,0.0,671000.0,1707.0,494.0,53.0,0.0,,2026-07-24T11:48:46.332180+08:00
2360,2020-02-17,-5000.0,507980.0,0.0,502980.0,1816.0,491.0,109.0,-3.0,,2026-07-24T11:48:46.332180+08:00
2360,2020-02-18,-8000.0,102933.0,-2000.0,92933.0,1855.0,485.0,39.0,-6.0,,2026-07-24T11:48:46.332180+08:00
2360,2020-02-19,37000.0,482159.0,35000.0,554159.0,1855.0,480.0,0.0,-5.0,,2026-07-24T11:48:46.332180+08:00
2360,2020-02-20,48000.0,615446.0,99000.0,762446.0,1857.0,479.0,2.0,-1.0,,2026-07-24T11:48:46.332180+08:00
2360,2020-02-21,-25000.0,-409300.0,0.0,-434300.0,1966.0,454.0,109.0,-25.0,,2026-07-24T11:48:46.332180+08:00
2360,2020-02-24,-17000.0,521500.0,0.0,504500.0,1918.0,428.0,-48.0,-26.0,,2026-07-24T11:48:46.332180+08:00
2360,2020-02-25,28000.0,-6694.0,-197000.0,-175694.0,1980.0,428.0,62.0,0.0,,2026-07-24T11:48:46.332180+08:00
2360,2020-02-26,59000.0,-517000.0,0.0,-458000.0,2104.0,435.0,124.0,7.0,,2026-07-24T11:48:46.332180+08:00
2360,2020-02-27,-141000.0,-1065482.0,1000.0,-1205482.0,2305.0,357.0,201.0,-78.0,,2026-07-24T11:48:46.332180+08:00
2360,2020-03-02,20000.0,189229.0,-9000.0,200229.0,2104.0,361.0,-201.0,4.0,,2026-07-24T11:48:46.332180+08:00
2360,2020-03-03,-41000.0,-268100.0,3000.0,-306100.0,2112.0,331.0,8.0,-30.0,,2026-07-24T11:48:46.332180+08:00
2360,2020-03-04,-33000.0,88147.0,-560000.0,-504853.0,2176.0,298.0,64.0,-33.0,,2026-07-24T11:48:46.332180+08:00
2360,2020-03-05,125000.0,281748.0,-121000.0,285748.0,2190.0,328.0,14.0,30.0,,2026-07-24T11:48:46.332180+08:00
2360,2020-03-06,-69000.0,-426000.0,-197000.0,-692000.0,2248.0,291.0,58.0,-37.0,,2026-07-24T11:48:46.332180+08:00
2360,2020-03-09,-24000.0,-728000.0,-80000.0,-832000.0,2104.0,300.0,-144.0,9.0,,2026-07-24T11:48:46.332180+08:00
2360,2020-03-10,-6000.0,-397000.0,-234000.0,-637000.0,2253.0,128.0,149.0,-172.0,,2026-07-24T11:48:46.332180+08:00
2360,2020-03-11,-41000.0,-415304.0,5000.0,-451304.0,2272.0,140.0,19.0,12.0,,2026-07-24T11:48:46.332180+08:00
2360,2020-03-12,-124000.0,947000.0,-650000.0,173000.0,1987.0,156.0,-285.0,16.0,,2026-07-24T11:48:46.332180+08:00
2360,2020-03-13,-150000.0,-34974.0,-265000.0,-449974.0,1595.0,130.0,-392.0,-26.0,,2026-07-24T11:48:46.332180+08:00
2360,2020-03-16,-86000.0,403393.0,-303000.0,14393.0,1551.0,120.0,-44.0,-10.0,,2026-07-24T11:48:46.332180+08:00
2360,2020-03-17,-283000.0,1663704.0,-780000.0,600704.0,1457.0,106.0,-94.0,-14.0,,2026-07-24T11:48:46.332180+08:00
2360,2020-03-18,-47000.0,1211258.0,-172000.0,992258.0,1438.0,116.0,-19.0,10.0,,2026-07-24T11:48:46.332180+08:00
2360,2020-03-19,-68000.0,815714.0,-517000.0,230714.0,1162.0,119.0,-276.0,3.0,,2026-07-24T11:48:46.332180+08:00
2360,2020-03-20,-10000.0,-304530.0,57317.0,-257213.0,1248.0,100.0,86.0,-19.0,,2026-07-24T11:48:46.332180+08:00
2360,2020-03-23,-6000.0,-584913.0,-86000.0,-676913.0,1295.0,86.0,47.0,-14.0,,2026-07-24T11:48:46.332180+08:00
2360,2020-03-24,17000.0,460093.0,1000.0,478093.0,1187.0,74.0,-108.0,-12.0,,2026-07-24T11:48:46.332180+08:00
2360,2020-03-25,1000.0,841200.0,0.0,842200.0,1117.0,102.0,-70.0,28.0,,2026-07-24T11:48:46.332180+08:00
2360,2020-03-26,-36000.0,731000.0,-201616.0,493384.0,1052.0,148.0,-65.0,46.0,,2026-07-24T11:48:46.332180+08:00
2360,2020-03-27,-52000.0,123452.0,17000.0,88452.0,953.0,135.0,-99.0,-13.0,,2026-07-24T11:48:46.332180+08:00
2360,2020-03-30,26000.0,269563.0,-245000.0,50563.0,917.0,115.0,-36.0,-20.0,,2026-07-24T11:48:46.332180+08:00
2360,2020-03-31,-45000.0,73000.0,1360.0,29360.0,939.0,105.0,22.0,-10.0,,2026-07-24T11:48:46.332180+08:00
2360,2020-04-01,21000.0,229800.0,-129000.0,121800.0,975.0,0.0,36.0,-105.0,,2026-07-24T11:48:46.332180+08:00
2360,2020-04-06,33000.0,155800.0,0.0,188800.0,974.0,0.0,-1.0,0.0,,2026-07-24T11:48:46.332180+08:00
2360,2020-04-07,27000.0,368609.0,0.0,395609.0,919.0,0.0,-55.0,0.0,,2026-07-24T11:48:46.332180+08:00
2360,2020-04-08,-1000.0,33907.0,-40000.0,-7093.0,1043.0,0.0,124.0,0.0,,2026-07-24T11:48:46.332180+08:00
2360,2020-04-09,35000.0,417000.0,131031.0,583031.0,1093.0,53.0,50.0,53.0,,2026-07-24T11:48:46.332180+08:00
2360,2020-04-10,-7000.0,337000.0,131000.0,461000.0,1171.0,85.0,78.0,32.0,,2026-07-24T11:48:46.332180+08:00
2360,2020-04-13,-21000.0,48980.0,10952.0,38932.0,1181.0,125.0,10.0,40.0,,2026-07-24T11:48:46.332180+08:00
2360,2020-04-14,24000.0,290000.0,233000.0,547000.0,1263.0,105.0,82.0,-20.0,,2026-07-24T11:48:46.332180+08:00
2360,2020-04-15,110000.0,583283.0,0.0,693283.0,1080.0,150.0,-183.0,45.0,,2026-07-24T11:48:46.332180+08:00
2360,2020-04-16,-41000.0,-37000.0,0.0,-78000.0,1025.0,146.0,-55.0,-4.0,,2026-07-24T11:48:46.332180+08:00
2360,2020-04-17,3000.0,-52806.0,-252000.0,-301806.0,1007.0,150.0,-18.0,4.0,,2026-07-24T11:48:46.332180+08:00
2360,2020-04-20,-18000.0,-134000.0,-370336.0,-522336.0,1146.0,129.0,139.0,-21.0,,2026-07-24T11:48:46.332180+08:00
2360,2020-04-21,-32000.0,357000.0,-173000.0,152000.0,1112.0,164.0,-34.0,35.0,,2026-07-24T11:48:46.332180+08:00
2360,2020-04-22,-3000.0,520000.0,-20000.0,497000.0,1134.0,162.0,22.0,-2.0,,2026-07-24T11:48:46.332180+08:00
2360,2020-04-23,-26000.0,-186500.0,74000.0,-138500.0,1179.0,183.0,45.0,21.0,,2026-07-24T11:48:46.332180+08:00
2360,2020-04-24,5000.0,300390.0,-254000.0,51390.0,1200.0,167.0,21.0,-16.0,,2026-07-24T11:48:46.332180+08:00
2360,2020-04-27,245000.0,255000.0,-29000.0,471000.0,1151.0,174.0,-49.0,7.0,,2026-07-24T11:48:46.332180+08:00
2360,2020-04-28,62000.0,573000.0,50000.0,685000.0,1107.0,187.0,-44.0,13.0,,2026-07-24T11:48:46.332180+08:00
2360,2020-04-29,19000.0,-73000.0,0.0,-54000.0,1278.0,187.0,171.0,0.0,,2026-07-24T11:48:46.332180+08:00
2360,2020-04-30,-9000.0,-474869.0,21000.0,-462869.0,1390.0,183.0,112.0,-4.0,,2026-07-24T11:48:46.332180+08:00
2360,2020-05-04,-22000.0,346000.0,0.0,324000.0,1276.0,195.0,-114.0,12.0,,2026-07-24T11:48:46.332180+08:00
2360,2020-05-05,-34000.0,-263000.0,0.0,-297000.0,1359.0,193.0,83.0,-2.0,,2026-07-24T11:48:46.332180+08:00
2360,2020-05-06,28000.0,198234.0,29000.0,255234.0,1335.0,191.0,-24.0,-2.0,,2026-07-24T11:48:46.332180+08:00
2360,2020-05-07,1000.0,175000.0,-3000.0,173000.0,1371.0,192.0,36.0,1.0,,2026-07-24T11:48:46.332180+08:00
2360,2020-05-08,-19000.0,-20000.0,0.0,-39000.0,1377.0,192.0,6.0,0.0,,2026-07-24T11:48:46.332180+08:00
2360,2020-05-11,-11000.0,-163700.0,0.0,-174700.0,1445.0,192.0,68.0,0.0,,2026-07-24T11:48:46.332180+08:00
2360,2020-05-12,-24000.0,-145165.0,0.0,-169165.0,1433.0,196.0,-12.0,4.0,,2026-07-24T11:48:46.332180+08:00
2360,2020-05-13,16000.0,-835737.0,0.0,-819737.0,1519.0,187.0,86.0,-9.0,,2026-07-24T11:48:46.332180+08:00
2360,2020-05-14,-4000.0,258558.0,-262000.0,-7442.0,1464.0,178.0,-55.0,-9.0,,2026-07-24T11:48:46.332180+08:00
2360,2020-05-15,46000.0,-228017.0,0.0,-182017.0,1492.0,186.0,28.0,8.0,,2026-07-24T11:48:46.332180+08:00
2360,2020-05-18,-37000.0,21000.0,0.0,-16000.0,1475.0,181.0,-17.0,-5.0,,2026-07-24T11:48:46.332180+08:00
2360,2020-05-19,10000.0,258000.0,49000.0,317000.0,1500.0,181.0,25.0,0.0,,2026-07-24T11:48:46.332180+08:00
2360,2020-05-20,31000.0,627000.0,0.0,658000.0,1441.0,178.0,-59.0,-3.0,,2026-07-24T11:48:46.332180+08:00
2360,2020-05-21,28000.0,186000.0,30000.0,244000.0,1401.0,163.0,-40.0,-15.0,,2026-07-24T11:48:46.332180+08:00
2360,2020-05-22,-50000.0,-804000.0,8000.0,-846000.0,1484.0,90.0,83.0,-73.0,,2026-07-24T11:48:46.332180+08:00
2360,2020-05-25,29000.0,95000.0,0.0,124000.0,1453.0,93.0,-31.0,3.0,,2026-07-24T11:48:46.332180+08:00
2360,2020-05-26,10000.0,73000.0,-82000.0,1000.0,1450.0,83.0,-3.0,-10.0,,2026-07-24T11:48:46.332180+08:00
2360,2020-05-27,5000.0,-164600.0,0.0,-159600.0,1486.0,75.0,36.0,-8.0,,2026-07-24T11:48:46.332180+08:00
2360,2020-05-28,-7000.0,-199806.0,10000.0,-196806.0,1473.0,86.0,-13.0,11.0,,2026-07-24T11:48:46.332180+08:00
2360,2020-05-29,14000.0,-70000.0,0.0,-56000.0,1482.0,79.0,9.0,-7.0,,2026-07-24T11:48:46.332180+08:00
2360,2020-06-01,23000.0,421000.0,0.0,444000.0,1425.0,85.0,-57.0,6.0,,2026-07-24T11:48:46.332180+08:00
2360,2020-06-02,-16000.0,97000.0,-200000.0,-119000.0,1429.0,79.0,4.0,-6.0,,2026-07-24T11:48:46.332180+08:00
2360,2020-06-03,105000.0,409000.0,-260000.0,254000.0,1398.0,85.0,-31.0,6.0,,2026-07-24T11:48:46.332180+08:00
2360,2020-06-04,21000.0,118000.0,-2000.0,137000.0,1419.0,97.0,21.0,12.0,,2026-07-24T11:48:46.332180+08:00
2360,2020-06-05,0.0,-15300.0,0.0,-15300.0,1407.0,100.0,-12.0,3.0,,2026-07-24T11:48:46.332180+08:00
2360,2020-06-08,49000.0,101339.0,0.0,150339.0,1393.0,98.0,-14.0,-2.0,,2026-07-24T11:48:46.332180+08:00
2360,2020-06-09,23000.0,996551.0,12000.0,1031551.0,1355.0,108.0,-38.0,10.0,,2026-07-24T11:48:46.332180+08:00
2360,2020-06-10,7000.0,684339.0,0.0,691339.0,1297.0,117.0,-58.0,9.0,,2026-07-24T11:48:46.332180+08:00
2360,2020-06-11,23000.0,1113000.0,0.0,1136000.0,1176.0,114.0,-121.0,-3.0,,2026-07-24T11:48:46.332180+08:00
2360,2020-06-12,-77000.0,156700.0,0.0,79700.0,1415.0,108.0,239.0,-6.0,,2026-07-24T11:48:46.332180+08:00
2360,2020-06-15,-24000.0,422000.0,18000.0,416000.0,1246.0,110.0,-169.0,2.0,,2026-07-24T11:48:46.332180+08:00
2360,2020-06-16,84000.0,340000.0,0.0,424000.0,1363.0,111.0,117.0,1.0,,2026-07-24T11:48:46.332180+08:00
2360,2020-06-17,-39000.0,153766.0,-2000.0,112766.0,1365.0,116.0,2.0,5.0,,2026-07-24T11:48:46.332180+08:00
2360,2020-06-18,74000.0,864000.0,0.0,938000.0,1246.0,92.0,-119.0,-24.0,,2026-07-24T11:48:46.332180+08:00
2360,2020-06-19,-55000.0,305922.0,41000.0,291922.0,1187.0,91.0,-59.0,-1.0,,2026-07-24T11:48:46.332180+08:00
2360,2020-06-22,44000.0,101000.0,0.0,145000.0,1155.0,93.0,-32.0,2.0,,2026-07-24T11:48:46.332180+08:00
2360,2020-06-23,-35000.0,-111594.0,-13000.0,-159594.0,1156.0,77.0,1.0,-16.0,,2026-07-24T11:48:46.332180+08:00
2360,2020-06-24,-6000.0,141761.0,0.0,135761.0,1071.0,73.0,-85.0,-4.0,,2026-07-24T11:48:46.332180+08:00
2360,2020-06-29,-41000.0,105000.0,4000.0,68000.0,1051.0,71.0,-20.0,-2.0,,2026-07-24T11:48:46.332180+08:00
2360,2020-06-30,36000.0,-132395.0,0.0,-96395.0,1152.0,77.0,101.0,6.0,,2026-07-24T11:48:46.332180+08:00
2360,2020-07-01,-33000.0,68000.0,0.0,35000.0,1099.0,77.0,-53.0,0.0,,2026-07-24T11:48:46.332180+08:00
2360,2020-07-02,-7000.0,-14000.0,-255000.0,-276000.0,1115.0,75.0,16.0,-2.0,,2026-07-24T11:48:46.332180+08:00
2360,2020-07-03,-36000.0,472000.0,334000.0,770000.0,1161.0,60.0,46.0,-15.0,,2026-07-24T11:48:46.332180+08:00
2360,2020-07-06,-101000.0,77608.0,106000.0,82608.0,1095.0,51.0,-66.0,-9.0,,2026-07-24T11:48:46.332180+08:00
2360,2020-07-07,-47000.0,334000.0,-9000.0,278000.0,1095.0,54.0,0.0,3.0,,2026-07-24T11:48:46.332180+08:00
2360,2020-07-08,12000.0,-278000.0,-39000.0,-305000.0,1190.0,49.0,95.0,-5.0,,2026-07-24T11:48:46.332180+08:00
2360,2020-07-09,-15000.0,-340246.0,-6000.0,-361246.0,1214.0,45.0,24.0,-4.0,,2026-07-24T11:48:46.332180+08:00
2360,2020-07-10,11000.0,-152100.0,-8000.0,-149100.0,1194.0,46.0,-20.0,1.0,,2026-07-24T11:48:46.332180+08:00
2360,2020-07-13,-27000.0,-156000.0,-4000.0,-187000.0,1247.0,43.0,53.0,-3.0,,2026-07-24T11:48:46.332180+08:00
2360,2020-07-14,-2000.0,-33000.0,-26000.0,-61000.0,1231.0,36.0,-16.0,-7.0,,2026-07-24T11:48:46.332180+08:00
2360,2020-07-15,109000.0,419000.0,436000.0,964000.0,1192.0,38.0,-39.0,2.0,,2026-07-24T11:48:46.332180+08:00
2360,2020-07-16,-101000.0,-468945.0,72000.0,-497945.0,1240.0,29.0,48.0,-9.0,,2026-07-24T11:48:46.332180+08:00
2360,2020-07-17,3000.0,768236.0,-49239.0,721997.0,1034.0,22.0,-206.0,-7.0,,2026-07-24T11:48:46.332180+08:00
2360,2020-07-20,-14000.0,461465.0,-120000.0,327465.0,1039.0,1.0,5.0,-21.0,,2026-07-24T11:48:46.332180+08:00
2360,2020-07-21,131000.0,1780489.0,-37000.0,1874489.0,865.0,0.0,-174.0,-1.0,,2026-07-24T11:48:46.332180+08:00
2360,2020-07-22,84000.0,461257.0,59000.0,604257.0,925.0,0.0,60.0,0.0,,2026-07-24T11:48:46.332180+08:00
2360,2020-07-23,86000.0,1313000.0,-66000.0,1333000.0,854.0,0.0,-71.0,0.0,,2026-07-24T11:48:46.332180+08:00
2360,2020-07-24,-294000.0,400345.0,-130000.0,-23655.0,949.0,19.0,95.0,19.0,,2026-07-24T11:48:46.332180+08:00
2360,2020-07-27,-6000.0,-438876.0,-49000.0,-493876.0,968.0,45.0,19.0,26.0,,2026-07-24T11:48:46.332180+08:00
2360,2020-07-28,-19000.0,181392.0,-144000.0,18392.0,921.0,35.0,-47.0,-10.0,,2026-07-24T11:48:46.332180+08:00
2360,2020-07-29,-73000.0,315393.0,-105000.0,137393.0,909.0,33.0,-12.0,-2.0,,2026-07-24T11:48:46.332180+08:00
2360,2020-07-30,39000.0,98547.0,54000.0,191547.0,978.0,32.0,69.0,-1.0,,2026-07-24T11:48:46.332180+08:00
2360,2020-07-31,-12000.0,-317850.0,-3000.0,-332850.0,1085.0,34.0,107.0,2.0,,2026-07-24T11:48:46.332180+08:00
2360,2020-08-03,45000.0,145264.0,-2000.0,188264.0,1049.0,43.0,-36.0,9.0,,2026-07-24T11:48:46.332180+08:00
2360,2020-08-04,38000.0,-354000.0,-54570.0,-370570.0,1104.0,50.0,55.0,7.0,,2026-07-24T11:48:46.332180+08:00
2360,2020-08-05,25000.0,175000.0,-83000.0,117000.0,1077.0,41.0,-27.0,-9.0,,2026-07-24T11:48:46.332180+08:00
2360,2020-08-06,-39000.0,-839000.0,-221000.0,-1099000.0,1199.0,46.0,122.0,5.0,,2026-07-24T11:48:46.332180+08:00
2360,2020-08-07,-37000.0,590334.0,-438000.0,115334.0,1140.0,61.0,-59.0,15.0,,2026-07-24T11:48:46.332180+08:00
2360,2020-08-10,14000.0,667.0,-100000.0,-85333.0,1168.0,59.0,28.0,-2.0,,2026-07-24T11:48:46.332180+08:00
2360,2020-08-11,13000.0,-8000.0,-67000.0,-62000.0,1224.0,56.0,56.0,-3.0,,2026-07-24T11:48:46.332180+08:00
2360,2020-08-12,-56000.0,69300.0,-1790.0,11510.0,1213.0,48.0,-11.0,-8.0,,2026-07-24T11:48:46.332180+08:00
2360,2020-08-13,15000.0,-13000.0,-484000.0,-482000.0,1282.0,39.0,69.0,-9.0,,2026-07-24T11:48:46.332180+08:00
2360,2020-08-14,21000.0,99000.0,-19000.0,101000.0,1220.0,30.0,-62.0,-9.0,,2026-07-24T11:48:46.332180+08:00
2360,2020-08-17,7000.0,-77000.0,-1000.0,-71000.0,1306.0,27.0,86.0,-3.0,,2026-07-24T11:48:46.332180+08:00
2360,2020-08-18,-16000.0,286000.0,-9000.0,261000.0,1337.0,28.0,31.0,1.0,,2026-07-24T11:48:46.332180+08:00
2360,2020-08-19,75000.0,392000.0,0.0,467000.0,1303.0,19.0,-34.0,-9.0,,2026-07-24T11:48:46.332180+08:00
2360,2020-08-20,-176000.0,600000.0,-3000.0,421000.0,1266.0,27.0,-37.0,8.0,,2026-07-24T11:48:46.332180+08:00
2360,2020-08-21,-10000.0,346000.0,-32690.0,303310.0,1257.0,30.0,-9.0,3.0,,2026-07-24T11:48:46.332180+08:00
2360,2020-08-24,-23000.0,337000.0,1104.0,315104.0,1207.0,36.0,-50.0,6.0,,2026-07-24T11:48:46.332180+08:00
2360,2020-08-25,-19000.0,-331218.0,-1000.0,-351218.0,1327.0,34.0,120.0,-2.0,,2026-07-24T11:48:46.332180+08:00
2360,2020-08-26,88000.0,516000.0,0.0,604000.0,1417.0,42.0,90.0,8.0,,2026-07-24T11:48:46.332180+08:00
2360,2020-08-27,-93000.0,511000.0,-152000.0,266000.0,1405.0,46.0,-12.0,4.0,,2026-07-24T11:48:46.332180+08:00
2360,2020-08-28,54000.0,204000.0,0.0,258000.0,1444.0,71.0,39.0,25.0,,2026-07-24T11:48:46.332180+08:00
2360,2020-08-31,-27000.0,-112889.0,-142000.0,-281889.0,1503.0,44.0,59.0,-27.0,,2026-07-24T11:48:46.332180+08:00
2360,2020-09-01,26000.0,509600.0,-1000.0,534600.0,1422.0,50.0,-81.0,6.0,,2026-07-24T11:48:46.332180+08:00
2360,2020-09-02,-20000.0,108500.0,-94000.0,-5500.0,1521.0,43.0,99.0,-7.0,,2026-07-24T11:48:46.332180+08:00
2360,2020-09-03,12000.0,0.0,3000.0,15000.0,1541.0,50.0,20.0,7.0,,2026-07-24T11:48:46.332180+08:00
2360,2020-09-04,-32000.0,-197000.0,-6000.0,-235000.0,1583.0,46.0,42.0,-4.0,,2026-07-24T11:48:46.332180+08:00
2360,2020-09-07,-9000.0,-146143.0,0.0,-155143.0,1597.0,51.0,14.0,5.0,,2026-07-24T11:48:46.332180+08:00
2360,2020-09-08,-9000.0,222000.0,0.0,213000.0,1576.0,57.0,-21.0,6.0,,2026-07-24T11:48:46.332180+08:00
2360,2020-09-09,-10000.0,186564.0,2000.0,178564.0,1564.0,42.0,-12.0,-15.0,,2026-07-24T11:48:46.332180+08:00
2360,2020-09-10,0.0,-183262.0,-69000.0,-252262.0,1558.0,40.0,-6.0,-2.0,,2026-07-24T11:48:46.332180+08:00
2360,2020-09-11,17000.0,525600.0,0.0,542600.0,1503.0,50.0,-55.0,10.0,,2026-07-24T11:48:46.332180+08:00
2360,2020-09-14,7000.0,170000.0,0.0,177000.0,1501.0,51.0,-2.0,1.0,,2026-07-24T11:48:46.332180+08:00
2360,2020-09-15,-2000.0,226000.0,-1524.0,222476.0,1454.0,52.0,-47.0,1.0,,2026-07-24T11:48:46.332180+08:00
2360,2020-09-16,-20000.0,236000.0,-2000.0,214000.0,1448.0,61.0,-6.0,9.0,,2026-07-24T11:48:46.332180+08:00
2360,2020-09-17,-17000.0,307000.0,-18593.0,271407.0,1413.0,60.0,-35.0,-1.0,,2026-07-24T11:48:46.332180+08:00
2360,2020-09-18,-10000.0,573107.0,-28000.0,535107.0,1311.0,78.0,-102.0,18.0,,2026-07-24T11:48:46.332180+08:00
2360,2020-09-21,-2000.0,55000.0,-1499.0,51501.0,1322.0,102.0,11.0,24.0,,2026-07-24T11:48:46.332180+08:00
2360,2020-09-22,-2000.0,-221000.0,-1000.0,-224000.0,1378.0,106.0,56.0,4.0,,2026-07-24T11:48:46.332180+08:00
2360,2020-09-23,-48000.0,-142399.0,-514.0,-190913.0,1458.0,93.0,80.0,-13.0,,2026-07-24T11:48:46.332180+08:00
2360,2020-09-24,-20000.0,-223000.0,0.0,-243000.0,1492.0,76.0,34.0,-17.0,,2026-07-24T11:48:46.332180+08:00
2360,2020-09-25,-14000.0,-279000.0,2000.0,-291000.0,1533.0,67.0,41.0,-9.0,,2026-07-24T11:48:46.332180+08:00
2360,2020-09-28,1000.0,-17000.0,-36000.0,-52000.0,1536.0,64.0,3.0,-3.0,,2026-07-24T11:48:46.332180+08:00
2360,2020-09-29,-2000.0,-24741.0,-8000.0,-34741.0,1550.0,63.0,14.0,-1.0,,2026-07-24T11:48:46.332180+08:00
2360,2020-09-30,11000.0,-11044.0,19000.0,18956.0,1551.0,66.0,1.0,3.0,,2026-07-24T11:48:46.332180+08:00
2360,2020-10-05,7000.0,377000.0,0.0,384000.0,1497.0,70.0,-54.0,4.0,,2026-07-24T11:48:46.332180+08:00
2360,2020-10-06,-28000.0,-42000.0,-2000.0,-72000.0,1555.0,60.0,58.0,-10.0,,2026-07-24T11:48:46.332180+08:00
2360,2020-10-07,-5000.0,13000.0,-3000.0,5000.0,1548.0,58.0,-7.0,-2.0,,2026-07-24T11:48:46.332180+08:00
2360,2020-10-08,-5000.0,86000.0,-3000.0,78000.0,1550.0,54.0,2.0,-4.0,,2026-07-24T11:48:46.332180+08:00
2360,2020-10-12,1000.0,280200.0,-6000.0,275200.0,1521.0,56.0,-29.0,2.0,,2026-07-24T11:48:46.332180+08:00
2360,2020-10-13,-4000.0,-52000.0,-9000.0,-65000.0,1526.0,51.0,5.0,-5.0,,2026-07-24T11:48:46.332180+08:00
2360,2020-10-14,-12000.0,93000.0,-37000.0,44000.0,1528.0,51.0,2.0,0.0,,2026-07-24T11:48:46.332180+08:00
2360,2020-10-15,-6000.0,-179000.0,-32000.0,-217000.0,1552.0,51.0,24.0,0.0,,2026-07-24T11:48:46.332180+08:00
2360,2020-10-16,1000.0,72000.0,-4000.0,69000.0,1526.0,50.0,-26.0,-1.0,,2026-07-24T11:48:46.332180+08:00
2360,2020-10-19,7000.0,90000.0,-2000.0,95000.0,1522.0,55.0,-4.0,5.0,,2026-07-24T11:48:46.332180+08:00
2360,2020-10-20,-4000.0,-464000.0,-131563.0,-599563.0,1627.0,44.0,105.0,-11.0,,2026-07-24T11:48:46.332180+08:00
2360,2020-10-21,-45000.0,30000.0,-37148.0,-52148.0,1625.0,32.0,-2.0,-12.0,,2026-07-24T11:48:46.332180+08:00
2360,2020-10-22,5000.0,-433993.0,-2000.0,-430993.0,1649.0,29.0,24.0,-3.0,,2026-07-24T11:48:46.332180+08:00
2360,2020-10-23,3000.0,-198261.0,0.0,-195261.0,1664.0,34.0,15.0,5.0,,2026-07-24T11:48:46.332180+08:00
2360,2020-10-26,6000.0,18000.0,0.0,24000.0,1652.0,39.0,-12.0,5.0,,2026-07-24T11:48:46.332180+08:00
2360,2020-10-27,-5151.0,-252000.0,0.0,-257151.0,1695.0,41.0,43.0,2.0,,2026-07-24T11:48:46.332180+08:00
2360,2020-10-28,-45000.0,-85000.0,-1000.0,-131000.0,1707.0,38.0,12.0,-3.0,,2026-07-24T11:48:46.332180+08:00
2360,2020-10-29,-7102.0,-572907.0,0.0,-580009.0,1781.0,36.0,74.0,-2.0,,2026-07-24T11:48:46.332180+08:00
2360,2020-10-30,-31512.0,-698000.0,0.0,-729512.0,1859.0,56.0,78.0,20.0,,2026-07-24T11:48:46.332180+08:00
2360,2020-11-02,18800.0,-298182.0,0.0,-279382.0,1871.0,42.0,12.0,-14.0,,2026-07-24T11:48:46.332180+08:00
2360,2020-11-03,14000.0,30000.0,0.0,44000.0,1810.0,36.0,-61.0,-6.0,,2026-07-24T11:48:46.332180+08:00
2360,2020-11-04,-10200.0,155000.0,0.0,144800.0,1754.0,37.0,-56.0,1.0,,2026-07-24T11:48:46.332180+08:00
2360,2020-11-05,-3383.0,146400.0,-2000.0,141017.0,1767.0,55.0,13.0,18.0,,2026-07-24T11:48:46.332180+08:00
2360,2020-11-06,-12583.0,-335000.0,-4000.0,-351583.0,1870.0,45.0,103.0,-10.0,,2026-07-24T11:48:46.332180+08:00
2360,2020-11-09,11000.0,-100779.0,-3000.0,-92779.0,1941.0,43.0,71.0,-2.0,,2026-07-24T11:48:46.332180+08:00
2360,2020-11-10,16000.0,60000.0,-4000.0,72000.0,1850.0,49.0,-91.0,6.0,,2026-07-24T11:48:46.332180+08:00
2360,2020-11-11,35520.0,108000.0,0.0,143520.0,1787.0,49.0,-63.0,0.0,,2026-07-24T11:48:46.332180+08:00
2360,2020-11-12,-25086.0,-105000.0,-1000.0,-131086.0,1749.0,51.0,-38.0,2.0,,2026-07-24T11:48:46.332180+08:00
2360,2020-11-13,-134.0,263447.0,0.0,263313.0,1702.0,58.0,-47.0,7.0,,2026-07-24T11:48:46.332180+08:00
2360,2020-11-16,8000.0,232521.0,-1000.0,239521.0,1646.0,54.0,-56.0,-4.0,,2026-07-24T11:48:46.332180+08:00
2360,2020-11-17,-4000.0,-19000.0,-2000.0,-25000.0,1641.0,55.0,-5.0,1.0,,2026-07-24T11:48:46.332180+08:00
2360,2020-11-18,-22000.0,232000.0,-1000.0,209000.0,1585.0,55.0,-56.0,0.0,,2026-07-24T11:48:46.332180+08:00
2360,2020-11-19,-1910.0,151000.0,-2000.0,147090.0,1559.0,52.0,-26.0,-3.0,,2026-07-24T11:48:46.332180+08:00
2360,2020-11-20,22000.0,364000.0,-1000.0,385000.0,1477.0,51.0,-82.0,-1.0,,2026-07-24T11:48:46.332180+08:00
2360,2020-11-23,-2347.0,532000.0,-32000.0,497653.0,1385.0,45.0,-92.0,-6.0,,2026-07-24T11:48:46.332180+08:00
2360,2020-11-24,-11000.0,363000.0,0.0,352000.0,1336.0,43.0,-49.0,-2.0,,2026-07-24T11:48:46.332180+08:00
2360,2020-11-25,596.0,-67669.0,0.0,-67073.0,1340.0,43.0,4.0,0.0,,2026-07-24T11:48:46.332180+08:00
2360,2020-11-26,2914.0,-177000.0,0.0,-174086.0,1342.0,44.0,2.0,1.0,,2026-07-24T11:48:46.332180+08:00
2360,2020-11-27,-18074.0,-62000.0,0.0,-80074.0,1357.0,45.0,15.0,1.0,,2026-07-24T11:48:46.332180+08:00
2360,2020-11-30,4000.0,2240.0,-2000.0,4240.0,1364.0,44.0,7.0,-1.0,,2026-07-24T11:48:46.332180+08:00
2360,2020-12-01,144000.0,709576.0,3000.0,856576.0,1223.0,52.0,-141.0,8.0,,2026-07-24T11:48:46.332180+08:00
2360,2020-12-02,-26000.0,307000.0,0.0,281000.0,1214.0,53.0,-9.0,1.0,,2026-07-24T11:48:46.332180+08:00
2360,2020-12-03,19000.0,-112000.0,0.0,-93000.0,1253.0,44.0,39.0,-9.0,,2026-07-24T11:48:46.332180+08:00
2360,2020-12-04,-55000.0,135423.0,0.0,80423.0,1219.0,44.0,-34.0,0.0,,2026-07-24T11:48:46.332180+08:00
2360,2020-12-07,6000.0,498000.0,79000.0,583000.0,1171.0,48.0,-48.0,4.0,,2026-07-24T11:48:46.332180+08:00
2360,2020-12-08,45000.0,568000.0,159000.0,772000.0,1056.0,72.0,-115.0,24.0,,2026-07-24T11:48:46.332180+08:00
2360,2020-12-09,42518.0,1136000.0,140000.0,1318518.0,968.0,76.0,-88.0,4.0,,2026-07-24T11:48:46.332180+08:00
2360,2020-12-10,-25185.0,1459000.0,105000.0,1538815.0,860.0,91.0,-108.0,15.0,,2026-07-24T11:48:46.332180+08:00
2360,2020-12-11,-30056.0,372908.0,158000.0,500852.0,850.0,81.0,-10.0,-10.0,,2026-07-24T11:48:46.332180+08:00
2360,2020-12-14,-10902.0,146500.0,27000.0,162598.0,813.0,85.0,-37.0,4.0,,2026-07-24T11:48:46.332180+08:00
2360,2020-12-15,15013.0,509900.0,35000.0,559913.0,867.0,88.0,54.0,3.0,,2026-07-24T11:48:46.332180+08:00
2360,2020-12-16,-46000.0,111000.0,0.0,65000.0,805.0,87.0,-62.0,-1.0,,2026-07-24T11:48:46.332180+08:00
2360,2020-12-17,-8063.0,138529.0,31000.0,161466.0,803.0,87.0,-2.0,0.0,,2026-07-24T11:48:46.332180+08:00
2360,2020-12-18,33760.0,68931.0,6000.0,108691.0,843.0,76.0,40.0,-11.0,,2026-07-24T11:48:46.332180+08:00
2360,2020-12-21,-78103.0,399146.0,-42000.0,279043.0,782.0,76.0,-61.0,0.0,,2026-07-24T11:48:46.332180+08:00
2360,2020-12-22,12718.0,85000.0,0.0,97718.0,776.0,70.0,-6.0,-6.0,,2026-07-24T11:48:46.332180+08:00
2360,2020-12-23,-19997.0,43880.0,5000.0,28883.0,766.0,69.0,-10.0,-1.0,,2026-07-24T11:48:46.332180+08:00
2360,2020-12-24,-2003.0,-107382.0,0.0,-109385.0,760.0,70.0,-6.0,1.0,,2026-07-24T11:48:46.332180+08:00
2360,2020-12-25,22.0,131000.0,0.0,131022.0,743.0,69.0,-17.0,-1.0,,2026-07-24T11:48:46.332180+08:00
2360,2020-12-28,-8910.0,-11000.0,0.0,-19910.0,774.0,69.0,31.0,0.0,,2026-07-24T11:48:46.332180+08:00
2360,2020-12-29,-9020.0,43000.0,0.0,33980.0,779.0,69.0,5.0,0.0,,2026-07-24T11:48:46.332180+08:00
2360,2020-12-30,54000.0,104000.0,0.0,158000.0,769.0,72.0,-10.0,3.0,,2026-07-24T11:48:46.332180+08:00
2360,2020-12-31,-2000.0,4600.0,0.0,2600.0,784.0,62.0,15.0,-10.0,,2026-07-24T11:48:46.332180+08:00
2360,2021-01-04,24910.0,540595.0,-1000.0,564505.0,774.0,63.0,-10.0,1.0,,2026-07-24T11:48:46.332180+08:00
2360,2021-01-05,25153.0,268733.0,0.0,293886.0,848.0,58.0,74.0,-5.0,,2026-07-24T11:48:46.332180+08:00
2360,2021-01-06,-8810.0,-34900.0,18000.0,-25710.0,857.0,56.0,9.0,-2.0,,2026-07-24T11:48:46.332180+08:00
2360,2021-01-07,31942.0,-322000.0,6000.0,-284058.0,880.0,55.0,23.0,-1.0,,2026-07-24T11:48:46.332180+08:00
2360,2021-01-08,40961.0,-83456.0,10000.0,-32495.0,886.0,53.0,6.0,-2.0,,2026-07-24T11:48:46.332180+08:00
2360,2021-01-11,112503.0,997000.0,61000.0,1170503.0,843.0,66.0,-43.0,13.0,,2026-07-24T11:48:46.332180+08:00
2360,2021-01-12,113475.0,1379000.0,101000.0,1593475.0,1009.0,95.0,166.0,29.0,,2026-07-24T11:48:46.332180+08:00
2360,2021-01-13,-36366.0,-503871.0,6000.0,-534237.0,1193.0,80.0,184.0,-15.0,,2026-07-24T11:48:46.332180+08:00
2360,2021-01-14,15061.0,277875.0,6000.0,298936.0,1079.0,77.0,-114.0,-3.0,,2026-07-24T11:48:46.332180+08:00
2360,2021-01-15,-372.0,-313036.0,18000.0,-295408.0,1035.0,66.0,-44.0,-11.0,,2026-07-24T11:48:46.332180+08:00
2360,2021-01-18,7027.0,-220000.0,58000.0,-154973.0,978.0,65.0,-57.0,-1.0,,2026-07-24T11:48:46.332180+08:00
2360,2021-01-19,40721.0,237670.0,10000.0,288391.0,981.0,84.0,3.0,19.0,,2026-07-24T11:48:46.332180+08:00
2360,2021-01-20,-36794.0,85085.0,16000.0,64291.0,935.0,77.0,-46.0,-7.0,,2026-07-24T11:48:46.332180+08:00
2360,2021-01-21,3295.0,69785.0,35000.0,108080.0,940.0,78.0,5.0,1.0,,2026-07-24T11:48:46.332180+08:00
2360,2021-01-22,81093.0,446393.0,134000.0,661486.0,1211.0,94.0,271.0,16.0,,2026-07-24T11:48:46.332180+08:00
2360,2021-01-25,8903.0,-14488.0,472000.0,466415.0,1049.0,89.0,-162.0,-5.0,,2026-07-24T11:48:46.332180+08:00
2360,2021-01-26,98324.0,-83846.0,33000.0,47478.0,1082.0,89.0,33.0,0.0,,2026-07-24T11:48:46.332180+08:00
2360,2021-01-27,-55952.0,-157272.0,25000.0,-188224.0,1166.0,86.0,84.0,-3.0,,2026-07-24T11:48:46.332180+08:00
2360,2021-01-28,-118529.0,-800668.0,146000.0,-773197.0,1112.0,79.0,-54.0,-7.0,,2026-07-24T11:48:46.332180+08:00
2360,2021-01-29,-90005.0,-507999.0,144000.0,-454004.0,1004.0,73.0,-108.0,-6.0,,2026-07-24T11:48:46.332180+08:00
2360,2021-02-01,-21009.0,49723.0,28000.0,56714.0,922.0,83.0,-82.0,10.0,,2026-07-24T11:48:46.332180+08:00
2360,2021-02-02,-28790.0,204578.0,10000.0,185788.0,827.0,106.0,-95.0,23.0,,2026-07-24T11:48:46.332180+08:00
2360,2021-02-03,-14050.0,-227855.0,19000.0,-222905.0,821.0,102.0,-6.0,-4.0,,2026-07-24T11:48:46.332180+08:00
2360,2021-02-04,-4763.0,-220000.0,0.0,-224763.0,850.0,103.0,29.0,1.0,,2026-07-24T11:48:46.332180+08:00
2360,2021-02-05,4722.0,-486182.0,199000.0,-282460.0,802.0,85.0,-48.0,-18.0,,2026-07-24T11:48:46.332180+08:00
2360,2021-02-17,34367.0,439163.0,1000.0,474530.0,862.0,102.0,60.0,17.0,,2026-07-24T11:48:46.332180+08:00
2360,2021-02-18,32690.0,-268000.0,-2000.0,-237310.0,1009.0,87.0,147.0,-15.0,,2026-07-24T11:48:46.332180+08:00
2360,2021-02-19,18323.0,351000.0,3000.0,372323.0,934.0,90.0,-75.0,3.0,,2026-07-24T11:48:46.332180+08:00
2360,2021-02-22,-55.0,201938.0,0.0,201883.0,868.0,73.0,-66.0,-17.0,,2026-07-24T11:48:46.332180+08:00
2360,2021-02-23,3377.0,-202980.0,2000.0,-197603.0,956.0,61.0,88.0,-12.0,,2026-07-24T11:48:46.332180+08:00
2360,2021-02-24,895.0,106000.0,1000.0,107895.0,928.0,59.0,-28.0,-2.0,,2026-07-24T11:48:46.332180+08:00
2360,2021-02-25,9123.0,-449471.0,2000.0,-438348.0,927.0,59.0,-1.0,0.0,,2026-07-24T11:48:46.332180+08:00
2360,2021-02-26,-17138.0,41389.0,34000.0,58251.0,849.0,57.0,-78.0,-2.0,,2026-07-24T11:48:46.332180+08:00
2360,2021-03-02,-13406.0,97368.0,11000.0,94962.0,843.0,59.0,-6.0,2.0,,2026-07-24T11:48:46.332180+08:00
2360,2021-03-03,49988.0,87000.0,0.0,136988.0,874.0,55.0,31.0,-4.0,,2026-07-24T11:48:46.332180+08:00
2360,2021-03-04,-49282.0,-235100.0,36000.0,-248382.0,889.0,48.0,15.0,-7.0,,2026-07-24T11:48:46.332180+08:00
2360,2021-03-05,8388.0,-151965.0,42000.0,-101577.0,894.0,46.0,5.0,-2.0,,2026-07-24T11:48:46.332180+08:00
2360,2021-03-08,-6034.0,-146495.0,9000.0,-143529.0,943.0,46.0,49.0,0.0,,2026-07-24T11:48:46.332180+08:00
2360,2021-03-09,-15011.0,-300133.0,61000.0,-254144.0,970.0,24.0,27.0,-22.0,,2026-07-24T11:48:46.332180+08:00
2360,2021-03-10,-21754.0,-131043.0,9000.0,-143797.0,967.0,24.0,-3.0,0.0,,2026-07-24T11:48:46.332180+08:00
2360,2021-03-11,18651.0,-135777.0,-19000.0,-136126.0,1003.0,23.0,36.0,-1.0,,2026-07-24T11:48:46.332180+08:00
2360,2021-03-12,424.0,-289510.0,6000.0,-283086.0,992.0,22.0,-11.0,-1.0,,2026-07-24T11:48:46.332180+08:00
2360,2021-03-15,492.0,-411200.0,2000.0,-408708.0,1009.0,24.0,17.0,2.0,,2026-07-24T11:48:46.332180+08:00
2360,2021-03-16,16229.0,-137439.0,-219000.0,-340210.0,1083.0,22.0,74.0,-2.0,,2026-07-24T11:48:46.332180+08:00
2360,2021-03-17,-16731.0,-198200.0,-200000.0,-414931.0,1155.0,20.0,72.0,-2.0,,2026-07-24T11:48:46.332180+08:00
2360,2021-03-18,13582.0,219000.0,-268000.0,-35418.0,1137.0,20.0,-18.0,0.0,,2026-07-24T11:48:46.332180+08:00
2360,2021-03-19,-18954.0,-184579.0,-165000.0,-368533.0,1147.0,22.0,10.0,2.0,,2026-07-24T11:48:46.332180+08:00
2360,2021-03-22,1169.0,-23000.0,1000.0,-20831.0,1152.0,22.0,5.0,0.0,,2026-07-24T11:48:46.332180+08:00
2360,2021-03-23,-579.0,135419.0,0.0,134840.0,1110.0,22.0,-42.0,0.0,,2026-07-24T11:48:46.332180+08:00
2360,2021-03-24,-13793.0,-106000.0,1000.0,-118793.0,1127.0,19.0,17.0,-3.0,,2026-07-24T11:48:46.332180+08:00
2360,2021-03-25,2572.0,-11000.0,0.0,-8428.0,1104.0,19.0,-23.0,0.0,,2026-07-24T11:48:46.332180+08:00
2360,2021-03-26,-5545.0,334100.0,0.0,328555.0,1147.0,21.0,43.0,2.0,,2026-07-24T11:48:46.332180+08:00
2360,2021-03-29,-6491.0,-149000.0,-33000.0,-188491.0,1169.0,19.0,22.0,-2.0,,2026-07-24T11:48:46.332180+08:00
2360,2021-03-30,5661.0,-54899.0,-4000.0,-53238.0,1162.0,18.0,-7.0,-1.0,,2026-07-24T11:48:46.332180+08:00
2360,2021-03-31,-899.0,-366325.0,0.0,-367224.0,1223.0,0.0,61.0,-18.0,,2026-07-24T11:48:46.332180+08:00
2360,2021-04-01,32096.0,441753.0,-3000.0,470849.0,1176.0,0.0,-47.0,0.0,,2026-07-24T11:48:46.332180+08:00
2360,2021-04-06,-22069.0,206222.0,-20495.0,163658.0,1171.0,0.0,-5.0,0.0,,2026-07-24T11:48:46.332180+08:00
2360,2021-04-07,15412.0,-16000.0,-13000.0,-13588.0,1165.0,0.0,-6.0,0.0,,2026-07-24T11:48:46.332180+08:00
2360,2021-04-08,45252.0,243000.0,-17000.0,271252.0,1144.0,3.0,-21.0,3.0,,2026-07-24T11:48:46.332180+08:00
2360,2021-04-09,54608.0,2191.0,-24000.0,32799.0,1186.0,4.0,42.0,1.0,,2026-07-24T11:48:46.332180+08:00
2360,2021-04-12,-68998.0,-598000.0,-4000.0,-670998.0,1176.0,4.0,-10.0,0.0,,2026-07-24T11:48:46.332180+08:00
2360,2021-04-13,-3350.0,-657000.0,-8000.0,-668350.0,1199.0,9.0,23.0,5.0,,2026-07-24T11:48:46.332180+08:00
2360,2021-04-14,20499.0,86000.0,-2000.0,104499.0,1149.0,14.0,-50.0,5.0,,2026-07-24T11:48:46.332180+08:00
2360,2021-04-15,13503.0,-195294.0,-5000.0,-186791.0,1168.0,10.0,19.0,-4.0,,2026-07-24T11:48:46.332180+08:00
2360,2021-04-16,-287.0,-13000.0,-35000.0,-48287.0,1154.0,10.0,-14.0,0.0,,2026-07-24T11:48:46.332180+08:00
2360,2021-04-19,5086.0,413000.0,0.0,418086.0,1137.0,13.0,-17.0,3.0,,2026-07-24T11:48:46.332180+08:00
2360,2021-04-20,23437.0,-177000.0,97000.0,-56563.0,1134.0,15.0,-3.0,2.0,,2026-07-24T11:48:46.332180+08:00
2360,2021-04-21,35184.0,-84000.0,50000.0,1184.0,1129.0,15.0,-5.0,0.0,,2026-07-24T11:48:46.332180+08:00
2360,2021-04-22,38556.0,468000.0,-4000.0,502556.0,993.0,24.0,-136.0,9.0,,2026-07-24T11:48:46.332180+08:00
2360,2021-04-23,44584.0,877867.0,-41000.0,881451.0,998.0,33.0,5.0,9.0,,2026-07-24T11:48:46.332180+08:00
2360,2021-04-26,42019.0,-92600.0,-40000.0,-90581.0,1192.0,36.0,194.0,3.0,,2026-07-24T11:48:46.332180+08:00
2360,2021-04-27,12913.0,-355039.0,-40000.0,-382126.0,1395.0,36.0,203.0,0.0,,2026-07-24T11:48:46.332180+08:00
2360,2021-04-28,22440.0,-352000.0,-4000.0,-333560.0,1639.0,36.0,244.0,0.0,,2026-07-24T11:48:46.332180+08:00
2360,2021-04-29,-39860.0,-362295.0,0.0,-402155.0,1543.0,22.0,-96.0,-14.0,,2026-07-24T11:48:46.332180+08:00
2360,2021-05-03,-20516.0,-48201.0,0.0,-68717.0,1516.0,12.0,-27.0,-10.0,,2026-07-24T11:48:46.332180+08:00
2360,2021-05-04,33995.0,-351600.0,0.0,-317605.0,1490.0,6.0,-26.0,-6.0,,2026-07-24T11:48:46.332180+08:00
2360,2021-05-05,7389.0,-265700.0,0.0,-258311.0,1229.0,9.0,-261.0,3.0,,2026-07-24T11:48:46.332180+08:00
2360,2021-05-06,19764.0,-144386.0,35000.0,-89622.0,1196.0,7.0,-33.0,-2.0,,2026-07-24T11:48:46.332180+08:00
2360,2021-05-07,1027.0,-294600.0,1000.0,-292573.0,1186.0,3.0,-10.0,-4.0,,2026-07-24T11:48:46.332180+08:00
2360,2021-05-10,-511.0,-140779.0,8000.0,-133290.0,1180.0,3.0,-6.0,0.0,,2026-07-24T11:48:46.332180+08:00
2360,2021-05-11,4614.0,37736.0,71000.0,113350.0,1148.0,5.0,-32.0,2.0,,2026-07-24T11:48:46.332180+08:00
2360,2021-05-12,-5062.0,-264925.0,91000.0,-178987.0,978.0,10.0,-170.0,5.0,,2026-07-24T11:48:46.332180+08:00
2360,2021-05-13,9716.0,540000.0,16000.0,565716.0,935.0,24.0,-43.0,14.0,,2026-07-24T11:48:46.332180+08:00
2360,2021-05-14,4271.0,460000.0,28000.0,492271.0,802.0,24.0,-133.0,0.0,,2026-07-24T11:48:46.332180+08:00
2360,2021-05-17,-3627.0,4280.0,7000.0,7653.0,795.0,21.0,-7.0,-3.0,,2026-07-24T11:48:46.332180+08:00
2360,2021-05-18,3751.0,138000.0,0.0,141751.0,794.0,19.0,-1.0,-2.0,,2026-07-24T11:48:46.332180+08:00
2360,2021-05-19,-6047.0,-68000.0,0.0,-74047.0,800.0,19.0,6.0,0.0,,2026-07-24T11:48:46.332180+08:00
2360,2021-05-20,3883.0,95610.0,2000.0,101493.0,802.0,19.0,2.0,0.0,,2026-07-24T11:48:46.332180+08:00
2360,2021-05-21,13886.0,-116000.0,-2000.0,-104114.0,846.0,18.0,44.0,-1.0,,2026-07-24T11:48:46.332180+08:00
2360,2021-05-24,12284.0,471000.0,0.0,483284.0,815.0,23.0,-31.0,5.0,,2026-07-24T11:48:46.332180+08:00
2360,2021-05-25,12195.0,105000.0,-2000.0,115195.0,811.0,16.0,-4.0,-7.0,,2026-07-24T11:48:46.332180+08:00
2360,2021-05-26,2044.0,-15382.0,0.0,-13338.0,834.0,16.0,23.0,0.0,,2026-07-24T11:48:46.332180+08:00
2360,2021-05-27,-7861.0,163000.0,-1000.0,154139.0,788.0,16.0,-46.0,0.0,,2026-07-24T11:48:46.332180+08:00
2360,2021-05-28,-1042.0,-53436.0,0.0,-54478.0,821.0,15.0,33.0,-1.0,,2026-07-24T11:48:46.332180+08:00
2360,2021-05-31,-7475.0,-236000.0,-17000.0,-260475.0,861.0,17.0,40.0,2.0,,2026-07-24T11:48:46.332180+08:00
2360,2021-06-01,-1848.0,62958.0,-8000.0,53110.0,844.0,17.0,-17.0,0.0,,2026-07-24T11:48:46.332180+08:00
2360,2021-06-02,33432.0,-64900.0,0.0,-31468.0,838.0,17.0,-6.0,0.0,,2026-07-24T11:48:46.332180+08:00
2360,2021-06-03,12967.0,493032.0,-1000.0,504999.0,841.0,21.0,3.0,4.0,,2026-07-24T11:48:46.332180+08:00
2360,2021-06-04,-16984.0,149000.0,0.0,132016.0,815.0,21.0,-26.0,0.0,,2026-07-24T11:48:46.332180+08:00
2360,2021-06-07,-5550.0,136530.0,-5000.0,125980.0,825.0,20.0,10.0,-1.0,,2026-07-24T11:48:46.332180+08:00
2360,2021-06-08,10040.0,246968.0,0.0,257008.0,841.0,25.0,16.0,5.0,,2026-07-24T11:48:46.332180+08:00
2360,2021-06-09,-19275.0,140000.0,-11000.0,109725.0,793.0,28.0,-48.0,3.0,,2026-07-24T11:48:46.332180+08:00
2360,2021-06-10,23360.0,509000.0,-11000.0,521360.0,759.0,27.0,-34.0,-1.0,,2026-07-24T11:48:46.332180+08:00
2360,2021-06-11,-30999.0,71500.0,-9000.0,31501.0,751.0,21.0,-8.0,-6.0,,2026-07-24T11:48:46.332180+08:00
2360,2021-06-15,4000.0,2050.0,-10000.0,-3950.0,762.0,10.0,11.0,-11.0,,2026-07-24T11:48:46.332180+08:00
2360,2021-06-16,69000.0,195000.0,-50000.0,214000.0,766.0,6.0,4.0,-4.0,,2026-07-24T11:48:46.332180+08:00
2360,2021-06-17,-94000.0,89000.0,0.0,-5000.0,760.0,3.0,-6.0,-3.0,,2026-07-24T11:48:46.332180+08:00
2360,2021-06-18,-78000.0,-43637.0,1000.0,-120637.0,761.0,0.0,1.0,-3.0,,2026-07-24T11:48:46.332180+08:00
2360,2021-06-21,-27000.0,34000.0,0.0,7000.0,749.0,0.0,-12.0,0.0,,2026-07-24T11:48:46.332180+08:00
2360,2021-06-22,8000.0,-138140.0,-2000.0,-132140.0,727.0,0.0,-22.0,0.0,,2026-07-24T11:48:46.332180+08:00
2360,2021-06-23,94000.0,-73909.0,-3000.0,17091.0,663.0,2.0,-64.0,2.0,,2026-07-24T11:48:46.332180+08:00
2360,2021-06-24,-11000.0,57698.0,-1000.0,45698.0,632.0,4.0,-31.0,2.0,,2026-07-24T11:48:46.332180+08:00
2360,2021-06-25,-28174.0,-111866.0,-5000.0,-145040.0,640.0,4.0,8.0,0.0,,2026-07-24T11:48:46.332180+08:00
2360,2021-06-28,-2002.0,-58000.0,0.0,-60002.0,642.0,4.0,2.0,0.0,,2026-07-24T11:48:46.332180+08:00
2360,2021-06-29,-12000.0,-73000.0,17000.0,-68000.0,665.0,4.0,23.0,0.0,,2026-07-24T11:48:46.332180+08:00
2360,2021-06-30,8115.0,17895.0,-14060.0,11950.0,706.0,4.0,41.0,0.0,,2026-07-24T11:48:46.332180+08:00
2360,2021-07-01,40075.0,402954.0,-11000.0,432029.0,670.0,14.0,-36.0,10.0,,2026-07-24T11:48:46.332180+08:00
2360,2021-07-02,-26370.0,-221459.0,-4000.0,-251829.0,720.0,9.0,50.0,-5.0,,2026-07-24T11:48:46.332180+08:00
2360,2021-07-05,-24510.0,89061.0,-17000.0,47551.0,711.0,8.0,-9.0,-1.0,,2026-07-24T11:48:46.332180+08:00
2360,2021-07-06,-12587.0,41000.0,-8000.0,20413.0,720.0,6.0,9.0,-2.0,,2026-07-24T11:48:46.332180+08:00
2360,2021-07-07,-821.0,-50040.0,-4000.0,-54861.0,715.0,7.0,-5.0,1.0,,2026-07-24T11:48:46.332180+08:00
2360,2021-07-08,5000.0,-179000.0,-16695.0,-190695.0,717.0,7.0,2.0,0.0,,2026-07-24T11:48:46.332180+08:00
2360,2021-07-09,-19826.0,117000.0,2000.0,99174.0,682.0,9.0,-35.0,2.0,,2026-07-24T11:48:46.332180+08:00
2360,2021-07-12,14336.0,-272000.0,-15000.0,-272664.0,994.0,18.0,312.0,9.0,,2026-07-24T11:48:46.332180+08:00
2360,2021-07-13,7456.0,-347409.0,-10000.0,-349953.0,973.0,10.0,-21.0,-8.0,,2026-07-24T11:48:46.332180+08:00
2360,2021-07-14,25550.0,-4187.0,-33000.0,-11637.0,1043.0,13.0,70.0,3.0,,2026-07-24T11:48:46.332180+08:00
2360,2021-07-15,-6397.0,-312877.0,-24000.0,-343274.0,1160.0,12.0,117.0,-1.0,,2026-07-24T11:48:46.332180+08:00
2360,2021-07-16,120671.0,223000.0,-4000.0,339671.0,1247.0,25.0,87.0,13.0,,2026-07-24T11:48:46.332180+08:00
2360,2021-07-19,-1546.0,-710000.0,0.0,-711546.0,1509.0,29.0,262.0,4.0,,2026-07-24T11:48:46.332180+08:00
2360,2021-07-20,-76035.0,-81000.0,0.0,-157035.0,1148.0,15.0,-361.0,-14.0,,2026-07-24T11:48:46.332180+08:00
2360,2021-07-21,58752.0,-221892.0,0.0,-163140.0,1124.0,16.0,-24.0,1.0,,2026-07-24T11:48:46.332180+08:00
2360,2021-07-22,12000.0,-325000.0,0.0,-313000.0,1105.0,16.0,-19.0,0.0,,2026-07-24T11:48:46.332180+08:00
2360,2021-07-23,13009.0,71000.0,0.0,84009.0,1099.0,16.0,-6.0,0.0,,2026-07-24T11:48:46.332180+08:00
2360,2021-07-26,-7000.0,100000.0,0.0,93000.0,1069.0,18.0,-30.0,2.0,,2026-07-24T11:48:46.332180+08:00
2360,2021-07-27,-13000.0,-275000.0,-2000.0,-290000.0,1044.0,18.0,-25.0,0.0,,2026-07-24T11:48:46.332180+08:00
2360,2021-07-28,37000.0,-225584.0,-1000.0,-189584.0,998.0,8.0,-46.0,-10.0,,2026-07-24T11:48:46.332180+08:00
2360,2021-07-29,0.0,-210425.0,0.0,-210425.0,1061.0,8.0,63.0,0.0,,2026-07-24T11:48:46.332180+08:00
2360,2021-07-30,1000.0,-372000.0,0.0,-371000.0,1028.0,10.0,-33.0,2.0,,2026-07-24T11:48:46.332180+08:00
2360,2021-08-02,13936.0,-48785.0,-1000.0,-35849.0,1026.0,5.0,-2.0,-5.0,,2026-07-24T11:48:46.332180+08:00
2360,2021-08-03,4515.0,-158000.0,-1000.0,-154485.0,932.0,7.0,-94.0,2.0,,2026-07-24T11:48:46.332180+08:00
2360,2021-08-04,2820.0,-326357.0,-12000.0,-335537.0,932.0,4.0,0.0,-3.0,,2026-07-24T11:48:46.332180+08:00
2360,2021-08-05,-9667.0,-28000.0,-14000.0,-51667.0,891.0,5.0,-41.0,1.0,,2026-07-24T11:48:46.332180+08:00
2360,2021-08-06,-15506.0,-6000.0,-1000.0,-22506.0,828.0,4.0,-63.0,-1.0,,2026-07-24T11:48:46.332180+08:00
2360,2021-08-09,-3087.0,-281000.0,0.0,-284087.0,817.0,4.0,-11.0,0.0,,2026-07-24T11:48:46.332180+08:00
2360,2021-08-10,-3728.0,-239000.0,0.0,-242728.0,772.0,3.0,-45.0,-1.0,,2026-07-24T11:48:46.332180+08:00
2360,2021-08-11,-4545.0,78705.0,0.0,74160.0,773.0,8.0,1.0,5.0,,2026-07-24T11:48:46.332180+08:00
2360,2021-08-12,1685.0,-65199.0,0.0,-63514.0,758.0,8.0,-15.0,0.0,,2026-07-24T11:48:46.332180+08:00
2360,2021-08-13,-523.0,-13000.0,30000.0,16477.0,752.0,8.0,-6.0,0.0,,2026-07-24T11:48:46.332180+08:00
2360,2021-08-16,-3063.0,25633.0,-20000.0,2570.0,762.0,8.0,10.0,0.0,,2026-07-24T11:48:46.332180+08:00
2360,2021-08-17,-10202.0,-68367.0,23000.0,-55569.0,760.0,10.0,-2.0,2.0,,2026-07-24T11:48:46.332180+08:00
2360,2021-08-18,-5662.0,187000.0,34000.0,215338.0,756.0,15.0,-4.0,5.0,,2026-07-24T11:48:46.332180+08:00
2360,2021-08-19,-18119.0,-153582.0,19000.0,-152701.0,764.0,15.0,8.0,0.0,,2026-07-24T11:48:46.332180+08:00
2360,2021-08-20,-4000.0,-6900.0,2000.0,-8900.0,755.0,15.0,-9.0,0.0,,2026-07-24T11:48:46.332180+08:00
2360,2021-08-23,6953.0,-32824.0,1000.0,-24871.0,770.0,15.0,15.0,0.0,,2026-07-24T11:48:46.332180+08:00
2360,2021-08-24,2000.0,-24958.0,0.0,-22958.0,775.0,15.0,5.0,0.0,,2026-07-24T11:48:46.332180+08:00
2360,2021-08-25,4850.0,-32064.0,0.0,-27214.0,799.0,15.0,24.0,0.0,,2026-07-24T11:48:46.332180+08:00
2360,2021-08-26,-8144.0,15830.0,0.0,7686.0,803.0,15.0,4.0,0.0,,2026-07-24T11:48:46.332180+08:00
2360,2021-08-27,27154.0,-54222.0,0.0,-27068.0,784.0,15.0,-19.0,0.0,,2026-07-24T11:48:46.332180+08:00
2360,2021-08-30,2000.0,0.0,0.0,2000.0,784.0,15.0,0.0,0.0,,2026-07-24T11:48:46.332180+08:00
2360,2021-08-31,-9487.0,-83000.0,0.0,-92487.0,796.0,20.0,12.0,5.0,,2026-07-24T11:48:46.332180+08:00
2360,2021-09-01,-6082.0,-6000.0,-2000.0,-14082.0,787.0,24.0,-9.0,4.0,,2026-07-24T11:48:46.332180+08:00
2360,2021-09-02,-6000.0,-164330.0,-13072.0,-183402.0,786.0,22.0,-1.0,-2.0,,2026-07-24T11:48:46.332180+08:00
2360,2021-09-03,5043.0,35000.0,0.0,40043.0,781.0,18.0,-5.0,-4.0,,2026-07-24T11:48:46.332180+08:00
2360,2021-09-06,-132.0,138017.0,-11000.0,126885.0,775.0,18.0,-6.0,0.0,,2026-07-24T11:48:46.332180+08:00
2360,2021-09-07,-4228.0,39000.0,-5000.0,29772.0,787.0,18.0,12.0,0.0,,2026-07-24T11:48:46.332180+08:00
2360,2021-09-08,-36940.0,-68212.0,-1000.0,-106152.0,786.0,19.0,-1.0,1.0,,2026-07-24T11:48:46.332180+08:00
2360,2021-09-09,-4124.0,37089.0,-1000.0,31965.0,770.0,18.0,-16.0,-1.0,,2026-07-24T11:48:46.332180+08:00
2360,2021-09-10,-3546.0,-24000.0,-2000.0,-29546.0,767.0,18.0,-3.0,0.0,,2026-07-24T11:48:46.332180+08:00
2360,2021-09-13,-2678.0,-151000.0,105000.0,-48678.0,784.0,24.0,17.0,6.0,,2026-07-24T11:48:46.332180+08:00
2360,2021-09-14,-156.0,-214000.0,68000.0,-146156.0,789.0,23.0,5.0,-1.0,,2026-07-24T11:48:46.332180+08:00
2360,2021-09-15,-36000.0,-129000.0,105000.0,-60000.0,790.0,31.0,1.0,8.0,,2026-07-24T11:48:46.332180+08:00
2360,2021-09-16,-230.0,-95160.0,38000.0,-57390.0,795.0,32.0,5.0,1.0,,2026-07-24T11:48:46.332180+08:00
2360,2021-09-17,-1000.0,140108.0,33000.0,172108.0,764.0,25.0,-31.0,-7.0,,2026-07-24T11:48:46.332180+08:00
2360,2021-09-22,-48643.0,-152680.0,51000.0,-150323.0,760.0,14.0,-4.0,-11.0,,2026-07-24T11:48:46.332180+08:00
2360,2021-09-23,219.0,83853.0,0.0,84072.0,754.0,14.0,-6.0,0.0,,2026-07-24T11:48:46.332180+08:00
2360,2021-09-24,0.0,-126000.0,3000.0,-123000.0,772.0,9.0,18.0,-5.0,,2026-07-24T11:48:46.332180+08:00
2360,2021-09-27,24000.0,326000.0,0.0,350000.0,752.0,14.0,-20.0,5.0,,2026-07-24T11:48:46.332180+08:00
2360,2021-09-28,17986.0,-64700.0,11000.0,-35714.0,757.0,10.0,5.0,-4.0,,2026-07-24T11:48:46.332180+08:00
2360,2021-09-29,-58148.0,-275000.0,68000.0,-265148.0,784.0,10.0,27.0,0.0,,2026-07-24T11:48:46.332180+08:00
2360,2021-09-30,-2612.0,-68577.0,58000.0,-13189.0,785.0,10.0,1.0,0.0,,2026-07-24T11:48:46.332180+08:00
2360,2021-10-01,-120.0,9000.0,45000.0,53880.0,798.0,8.0,13.0,-2.0,,2026-07-24T11:48:46.332180+08:00
2360,2021-10-04,-2000.0,26029.0,43000.0,67029.0,796.0,7.0,-2.0,-1.0,,2026-07-24T11:48:46.332180+08:00
2360,2021-10-05,7694.0,95000.0,58000.0,160694.0,776.0,6.0,-20.0,-1.0,,2026-07-24T11:48:46.332180+08:00
2360,2021-10-06,-22429.0,539000.0,18000.0,534571.0,808.0,7.0,32.0,1.0,,2026-07-24T11:48:46.332180+08:00
2360,2021-10-07,24248.0,-116000.0,0.0,-91752.0,848.0,6.0,40.0,-1.0,,2026-07-24T11:48:46.332180+08:00
2360,2021-10-08,-27.0,-198034.0,8000.0,-190061.0,827.0,5.0,-21.0,-1.0,,2026-07-24T11:48:46.332180+08:00
2360,2021-10-12,-9127.0,122000.0,14000.0,126873.0,804.0,8.0,-23.0,3.0,,2026-07-24T11:48:46.332180+08:00
2360,2021-10-13,7000.0,26000.0,18000.0,51000.0,775.0,5.0,-29.0,-3.0,,2026-07-24T11:48:46.332180+08:00
2360,2021-10-14,5000.0,-177640.0,6000.0,-166640.0,714.0,6.0,-61.0,1.0,,2026-07-24T11:48:46.332180+08:00
2360,2021-10-15,3000.0,-7000.0,1000.0,-3000.0,724.0,6.0,10.0,0.0,,2026-07-24T11:48:46.332180+08:00
2360,2021-10-18,3000.0,64000.0,-85032.0,-18032.0,727.0,5.0,3.0,-1.0,,2026-07-24T11:48:46.332180+08:00
2360,2021-10-19,13000.0,239500.0,-86000.0,166500.0,741.0,6.0,14.0,1.0,,2026-07-24T11:48:46.332180+08:00
2360,2021-10-20,988.0,-56000.0,1000.0,-54012.0,721.0,4.0,-20.0,-2.0,,2026-07-24T11:48:46.332180+08:00
2360,2021-10-21,12762.0,-50221.0,0.0,-37459.0,692.0,3.0,-29.0,-1.0,,2026-07-24T11:48:46.332180+08:00
2360,2021-10-22,1398.0,-50537.0,-30000.0,-79139.0,692.0,2.0,0.0,-1.0,,2026-07-24T11:48:46.332180+08:00
2360,2021-10-25,-21638.0,-438000.0,0.0,-459638.0,723.0,3.0,31.0,1.0,,2026-07-24T11:48:46.332180+08:00
2360,2021-10-26,2215.0,487000.0,0.0,489215.0,673.0,9.0,-50.0,6.0,,2026-07-24T11:48:46.332180+08:00
2360,2021-10-27,-4981.0,-35000.0,0.0,-39981.0,681.0,4.0,8.0,-5.0,,2026-07-24T11:48:46.332180+08:00
2360,2021-10-28,63.0,132000.0,44000.0,176063.0,662.0,9.0,-19.0,5.0,,2026-07-24T11:48:46.332180+08:00
2360,2021-10-29,2807.0,-318000.0,-2000.0,-317193.0,692.0,2.0,30.0,-7.0,,2026-07-24T11:48:46.332180+08:00
2360,2021-11-01,-5188.0,428000.0,23000.0,445812.0,651.0,5.0,-41.0,3.0,,2026-07-24T11:48:46.332180+08:00
2360,2021-11-02,12453.0,236107.0,-10000.0,238560.0,655.0,3.0,4.0,-2.0,,2026-07-24T11:48:46.332180+08:00
2360,2021-11-03,1000.0,181000.0,-3000.0,179000.0,680.0,2.0,25.0,-1.0,,2026-07-24T11:48:46.332180+08:00
2360,2021-11-04,-12996.0,-10317.0,-3000.0,-26313.0,656.0,1.0,-24.0,-1.0,,2026-07-24T11:48:46.332180+08:00
2360,2021-11-05,-3011.0,86681.0,-17000.0,66670.0,624.0,11.0,-32.0,10.0,,2026-07-24T11:48:46.332180+08:00
2360,2021-11-08,1000.0,40000.0,-11000.0,30000.0,643.0,14.0,19.0,3.0,,2026-07-24T11:48:46.332180+08:00
2360,2021-11-09,898.0,56102.0,-12045.0,44955.0,612.0,14.0,-31.0,0.0,,2026-07-24T11:48:46.332180+08:00
2360,2021-11-10,7804.0,118000.0,-4000.0,121804.0,624.0,18.0,12.0,4.0,,2026-07-24T11:48:46.332180+08:00
2360,2021-11-11,1000.0,53000.0,-4000.0,50000.0,576.0,15.0,-48.0,-3.0,,2026-07-24T11:48:46.332180+08:00
2360,2021-11-12,-6000.0,58000.0,-12000.0,40000.0,574.0,15.0,-2.0,0.0,,2026-07-24T11:48:46.332180+08:00
2360,2021-11-15,20000.0,83330.0,-24000.0,79330.0,557.0,16.0,-17.0,1.0,,2026-07-24T11:48:46.332180+08:00
2360,2021-11-16,17654.0,10183.0,-16000.0,11837.0,565.0,17.0,8.0,1.0,,2026-07-24T11:48:46.332180+08:00
2360,2021-11-17,21000.0,65154.0,-120000.0,-33846.0,575.0,16.0,10.0,-1.0,,2026-07-24T11:48:46.332180+08:00
2360,2021-11-18,0.0,-17215.0,-11000.0,-28215.0,565.0,16.0,-10.0,0.0,,2026-07-24T11:48:46.332180+08:00
2360,2021-11-19,6163.0,-452277.0,-22630.0,-468744.0,604.0,14.0,39.0,-2.0,,2026-07-24T11:48:46.332180+08:00
2360,2021-11-22,-7000.0,88677.0,-6000.0,75677.0,581.0,12.0,-23.0,-2.0,,2026-07-24T11:48:46.332180+08:00
2360,2021-11-23,-49200.0,11000.0,-8000.0,-46200.0,581.0,2.0,0.0,-10.0,,2026-07-24T11:48:46.332180+08:00
2360,2021-11-24,9000.0,-44513.0,0.0,-35513.0,578.0,1.0,-3.0,-1.0,,2026-07-24T11:48:46.332180+08:00
2360,2021-11-25,2000.0,-35663.0,-5000.0,-38663.0,585.0,1.0,7.0,0.0,,2026-07-24T11:48:46.332180+08:00
2360,2021-11-26,-10390.0,109000.0,-3000.0,95610.0,581.0,1.0,-4.0,0.0,,2026-07-24T11:48:46.332180+08:00
2360,2021-11-29,3000.0,-40500.0,-4000.0,-41500.0,570.0,2.0,-11.0,1.0,,2026-07-24T11:48:46.332180+08:00
2360,2021-11-30,-2404.0,-61146.0,-29000.0,-92550.0,651.0,2.0,81.0,0.0,,2026-07-24T11:48:46.332180+08:00
2360,2021-12-01,23772.0,-213250.0,-1000.0,-190478.0,605.0,2.0,-46.0,0.0,,2026-07-24T11:48:46.332180+08:00
2360,2021-12-02,-6494.0,-89000.0,-14000.0,-109494.0,615.0,2.0,10.0,0.0,,2026-07-24T11:48:46.332180+08:00
2360,2021-12-03,-4103.0,-1711.0,-2000.0,-7814.0,605.0,2.0,-10.0,0.0,,2026-07-24T11:48:46.332180+08:00
2360,2021-12-06,-1000.0,286000.0,-3000.0,282000.0,583.0,2.0,-22.0,0.0,,2026-07-24T11:48:46.332180+08:00
2360,2021-12-07,-6000.0,-24216.0,-3000.0,-33216.0,581.0,2.0,-2.0,0.0,,2026-07-24T11:48:46.332180+08:00
2360,2021-12-08,1000.0,-43000.0,-4000.0,-46000.0,572.0,2.0,-9.0,0.0,,2026-07-24T11:48:46.332180+08:00
2360,2021-12-09,-2000.0,-146000.0,0.0,-148000.0,570.0,2.0,-2.0,0.0,,2026-07-24T11:48:46.332180+08:00
2360,2021-12-10,-3020.0,45000.0,-5000.0,36980.0,559.0,2.0,-11.0,0.0,,2026-07-24T11:48:46.332180+08:00
2360,2021-12-13,1006.0,211000.0,-2000.0,210006.0,540.0,2.0,-19.0,0.0,,2026-07-24T11:48:46.332180+08:00
2360,2021-12-14,-13000.0,-58422.0,77072.0,5650.0,539.0,2.0,-1.0,0.0,,2026-07-24T11:48:46.332180+08:00
2360,2021-12-15,4000.0,-31000.0,-2000.0,-29000.0,542.0,2.0,3.0,0.0,,2026-07-24T11:48:46.332180+08:00
2360,2021-12-16,-14000.0,34000.0,-5050.0,14950.0,543.0,2.0,1.0,0.0,,2026-07-24T11:48:46.332180+08:00
2360,2021-12-17,-11000.0,162553.0,-4000.0,147553.0,535.0,2.0,-8.0,0.0,,2026-07-24T11:48:46.332180+08:00
2360,2021-12-20,-42513.0,-26740.0,-23436.0,-92689.0,534.0,2.0,-1.0,0.0,,2026-07-24T11:48:46.332180+08:00
2360,2021-12-21,-4.0,48997.0,-4000.0,44993.0,542.0,2.0,8.0,0.0,,2026-07-24T11:48:46.332180+08:00
2360,2021-12-22,10000.0,792000.0,-8614.0,793386.0,527.0,5.0,-15.0,3.0,,2026-07-24T11:48:46.332180+08:00
2360,2021-12-23,33224.0,568966.0,-13050.0,589140.0,721.0,13.0,194.0,8.0,,2026-07-24T11:48:46.332180+08:00
2360,2021-12-24,6000.0,71805.0,-18591.0,59214.0,742.0,12.0,21.0,-1.0,,2026-07-24T11:48:46.332180+08:00
2360,2021-12-27,-3998.0,218000.0,-23476.0,190526.0,766.0,11.0,24.0,-1.0,,2026-07-24T11:48:46.332180+08:00
2360,2021-12-28,2000.0,35000.0,-3000.0,34000.0,754.0,11.0,-12.0,0.0,,2026-07-24T11:48:46.332180+08:00
2360,2021-12-29,-1000.0,74000.0,-63957.0,9043.0,740.0,11.0,-14.0,0.0,,2026-07-24T11:48:46.332180+08:00
2360,2021-12-30,1000.0,23000.0,-6449.0,17551.0,644.0,10.0,-96.0,-1.0,,2026-07-24T11:48:46.332180+08:00
2360,2022-01-03,-1.0,58621.0,9000.0,67620.0,579.0,10.0,-65.0,0.0,,2026-07-24T11:48:46.332180+08:00
2360,2022-01-04,-3000.0,105537.0,-3455.0,99082.0,531.0,10.0,-48.0,0.0,,2026-07-24T11:48:46.332180+08:00
2360,2022-01-05,1952.0,151520.0,-10555.0,142917.0,489.0,10.0,-42.0,0.0,,2026-07-24T11:48:46.332180+08:00
2360,2022-01-06,-1000.0,139142.0,2000.0,140142.0,480.0,9.0,-9.0,-1.0,,2026-07-24T11:48:46.332180+08:00
2360,2022-01-07,-12000.0,792160.0,7000.0,787160.0,474.0,22.0,-6.0,13.0,,2026-07-24T11:48:46.332180+08:00
2360,2022-01-10,33781.0,-583750.0,439000.0,-110969.0,585.0,19.0,111.0,-3.0,,2026-07-24T11:48:46.332180+08:00
2360,2022-01-11,22247.0,173000.0,469000.0,664247.0,580.0,28.0,-5.0,9.0,,2026-07-24T11:48:46.332180+08:00
2360,2022-01-12,43316.0,-1794800.0,775500.0,-975984.0,582.0,21.0,2.0,-7.0,,2026-07-24T11:48:46.332180+08:00
2360,2022-01-13,-5651.0,-450820.0,14000.0,-442471.0,573.0,19.0,-9.0,-2.0,,2026-07-24T11:48:46.332180+08:00
2360,2022-01-14,-80314.0,155887.0,25788.0,101361.0,559.0,14.0,-14.0,-5.0,,2026-07-24T11:48:46.332180+08:00
2360,2022-01-17,40981.0,182000.0,-24000.0,198981.0,566.0,23.0,7.0,9.0,,2026-07-24T11:48:46.332180+08:00
2360,2022-01-18,2000.0,-36000.0,164000.0,130000.0,568.0,23.0,2.0,0.0,,2026-07-24T11:48:46.332180+08:00
2360,2022-01-19,37000.0,5000.0,22000.0,64000.0,632.0,23.0,64.0,0.0,,2026-07-24T11:48:46.332180+08:00
2360,2022-01-20,16000.0,-58971.0,53020.0,10049.0,663.0,32.0,31.0,9.0,,2026-07-24T11:48:46.332180+08:00
2360,2022-01-21,-26000.0,-419000.0,17000.0,-428000.0,546.0,15.0,-117.0,-17.0,,2026-07-24T11:48:46.332180+08:00
2360,2022-01-24,-12000.0,152049.0,10000.0,150049.0,529.0,20.0,-17.0,5.0,,2026-07-24T11:48:46.332180+08:00
2360,2022-01-25,-25051.0,-155200.0,35000.0,-145251.0,526.0,14.0,-3.0,-6.0,,2026-07-24T11:48:46.332180+08:00
2360,2022-01-26,-24000.0,-349000.0,28000.0,-345000.0,511.0,15.0,-15.0,1.0,,2026-07-24T11:48:46.332180+08:00
2360,2022-02-07,6069.0,79584.0,10000.0,95653.0,519.0,14.0,8.0,-1.0,,2026-07-24T11:48:46.332180+08:00
2360,2022-02-08,-50678.0,-2353.0,8000.0,-45031.0,535.0,14.0,16.0,0.0,,2026-07-24T11:48:46.332180+08:00
2360,2022-02-09,18000.0,-53483.0,12000.0,-23483.0,538.0,20.0,3.0,6.0,,2026-07-24T11:48:46.332180+08:00
2360,2022-02-10,-29424.0,-118813.0,0.0,-148237.0,554.0,25.0,16.0,5.0,,2026-07-24T11:48:46.332180+08:00
2360,2022-02-11,-37438.0,-55800.0,0.0,-93238.0,570.0,26.0,16.0,1.0,,2026-07-24T11:48:46.332180+08:00
2360,2022-02-14,-17164.0,-125490.0,24000.0,-118654.0,559.0,44.0,-11.0,18.0,,2026-07-24T11:48:46.332180+08:00
2360,2022-02-15,5000.0,19500.0,-92000.0,-67500.0,564.0,30.0,5.0,-14.0,,2026-07-24T11:48:46.332180+08:00
2360,2022-02-16,6000.0,-35000.0,4000.0,-25000.0,558.0,18.0,-6.0,-12.0,,2026-07-24T11:48:46.332180+08:00
2360,2022-02-17,7203.0,83100.0,9000.0,99303.0,549.0,18.0,-9.0,0.0,,2026-07-24T11:48:46.332180+08:00
2360,2022-02-18,-1364.0,-82141.0,-47000.0,-130505.0,561.0,11.0,12.0,-7.0,,2026-07-24T11:48:46.332180+08:00
2360,2022-02-21,-4457.0,-63500.0,-39366.0,-107323.0,543.0,11.0,-18.0,0.0,,2026-07-24T11:48:46.332180+08:00
2360,2022-02-22,-14882.0,-244209.0,28000.0,-231091.0,532.0,10.0,-11.0,-1.0,,2026-07-24T11:48:46.332180+08:00
2360,2022-02-23,7000.0,-72638.0,2000.0,-63638.0,532.0,9.0,0.0,-1.0,,2026-07-24T11:48:46.332180+08:00
2360,2022-02-24,-11034.0,-292757.0,-131500.0,-435291.0,538.0,4.0,6.0,-5.0,,2026-07-24T11:48:46.332180+08:00
2360,2022-02-25,-613.0,-113000.0,-170000.0,-283613.0,537.0,5.0,-1.0,1.0,,2026-07-24T11:48:46.332180+08:00
2360,2022-03-01,8890.0,144722.0,11000.0,164612.0,513.0,12.0,-24.0,7.0,,2026-07-24T11:48:46.332180+08:00
2360,2022-03-02,18543.0,207000.0,-310000.0,-84457.0,512.0,8.0,-1.0,-4.0,,2026-07-24T11:48:46.332180+08:00
2360,2022-03-03,180.0,87090.0,-249000.0,-161730.0,529.0,6.0,17.0,-2.0,,2026-07-24T11:48:46.332180+08:00
2360,2022-03-04,-16504.0,-394590.0,-112000.0,-523094.0,544.0,6.0,15.0,0.0,,2026-07-24T11:48:46.332180+08:00
2360,2022-03-07,-20157.0,-217000.0,71000.0,-166157.0,559.0,5.0,15.0,-1.0,,2026-07-24T11:48:46.332180+08:00
2360,2022-03-08,5493.0,-485950.0,52000.0,-428457.0,563.0,6.0,4.0,1.0,,2026-07-24T11:48:46.332180+08:00
2360,2022-03-09,-5754.0,-302138.0,15000.0,-292892.0,585.0,5.0,22.0,-1.0,,2026-07-24T11:48:46.332180+08:00
2360,2022-03-10,9000.0,24627.0,9000.0,42627.0,580.0,7.0,-5.0,2.0,,2026-07-24T11:48:46.332180+08:00
2360,2022-03-11,-434.0,-186500.0,11000.0,-175934.0,586.0,7.0,6.0,0.0,,2026-07-24T11:48:46.332180+08:00
2360,2022-03-14,-16743.0,-257275.0,19000.0,-255018.0,566.0,5.0,-20.0,-2.0,,2026-07-24T11:48:46.332180+08:00
2360,2022-03-15,-2525.0,-147131.0,47000.0,-102656.0,552.0,3.0,-14.0,-2.0,,2026-07-24T11:48:46.332180+08:00
2360,2022-03-16,-7416.0,-518635.0,26000.0,-500051.0,555.0,2.0,3.0,-1.0,,2026-07-24T11:48:46.332180+08:00
2360,2022-03-17,-8556.0,-422.0,0.0,-8978.0,543.0,5.0,-12.0,3.0,,2026-07-24T11:48:46.332180+08:00
2360,2022-03-18,-4442.0,-109618.0,3000.0,-111060.0,543.0,6.0,0.0,1.0,,2026-07-24T11:48:46.332180+08:00
2360,2022-03-21,8071.0,-107400.0,3000.0,-96329.0,545.0,6.0,2.0,0.0,,2026-07-24T11:48:46.332180+08:00
2360,2022-03-22,13832.0,-253865.0,12000.0,-228033.0,560.0,5.0,15.0,-1.0,,2026-07-24T11:48:46.332180+08:00
2360,2022-03-23,11370.0,-143948.0,0.0,-132578.0,564.0,4.0,4.0,-1.0,,2026-07-24T11:48:46.332180+08:00
2360,2022-03-24,-13281.0,55079.0,0.0,41798.0,549.0,5.0,-15.0,1.0,,2026-07-24T11:48:46.332180+08:00
2360,2022-03-25,-3731.0,-92000.0,4000.0,-91731.0,553.0,3.0,4.0,-2.0,,2026-07-24T11:48:46.332180+08:00
2360,2022-03-28,138.0,-86000.0,6000.0,-79862.0,549.0,1.0,-4.0,-2.0,,2026-07-24T11:48:46.332180+08:00
2360,2022-03-29,-2188.0,7000.0,4000.0,8812.0,549.0,0.0,0.0,-1.0,,2026-07-24T11:48:46.332180+08:00
2360,2022-03-30,34900.0,-124000.0,126000.0,36900.0,568.0,0.0,19.0,0.0,,2026-07-24T11:48:46.332180+08:00
2360,2022-03-31,-2087.0,-57561.0,0.0,-59648.0,565.0,0.0,-3.0,0.0,,2026-07-24T11:48:46.332180+08:00
2360,2022-04-01,31163.0,-342000.0,18000.0,-292837.0,581.0,0.0,16.0,0.0,,2026-07-24T11:48:46.332180+08:00
2360,2022-04-06,2000.0,-146675.0,102000.0,-42675.0,585.0,0.0,4.0,0.0,,2026-07-24T11:48:46.332180+08:00
2360,2022-04-07,18511.0,-211339.0,46000.0,-146828.0,626.0,0.0,41.0,0.0,,2026-07-24T11:48:46.332180+08:00
2360,2022-04-08,-32440.0,-1117940.0,61000.0,-1089380.0,659.0,15.0,33.0,15.0,,2026-07-24T11:48:46.332180+08:00
2360,2022-04-11,-24341.0,-308247.0,55000.0,-277588.0,627.0,12.0,-32.0,-3.0,,2026-07-24T11:48:46.332180+08:00
2360,2022-04-12,-10378.0,39627.0,-444000.0,-414751.0,630.0,7.0,3.0,-5.0,,2026-07-24T11:48:46.332180+08:00
2360,2022-04-13,26593.0,-38000.0,46000.0,34593.0,623.0,9.0,-7.0,2.0,,2026-07-24T11:48:46.332180+08:00
2360,2022-04-14,1584.0,-36179.0,35000.0,405.0,609.0,19.0,-14.0,10.0,,2026-07-24T11:48:46.332180+08:00
2360,2022-04-15,-15134.0,-27263.0,25000.0,-17397.0,586.0,9.0,-23.0,-10.0,,2026-07-24T11:48:46.332180+08:00
2360,2022-04-18,-6301.0,6000.0,-23000.0,-23301.0,588.0,9.0,2.0,0.0,,2026-07-24T11:48:46.332180+08:00
2360,2022-04-19,5985.0,48000.0,0.0,53985.0,584.0,9.0,-4.0,0.0,,2026-07-24T11:48:46.332180+08:00
2360,2022-04-20,5300.0,144073.0,-81000.0,68373.0,585.0,9.0,1.0,0.0,,2026-07-24T11:48:46.332180+08:00
2360,2022-04-21,-343.0,105875.0,-58000.0,47532.0,588.0,9.0,3.0,0.0,,2026-07-24T11:48:46.332180+08:00
2360,2022-04-22,-13193.0,-58000.0,-2000.0,-73193.0,591.0,10.0,3.0,1.0,,2026-07-24T11:48:46.332180+08:00
2360,2022-04-25,-11203.0,-109300.0,8000.0,-112503.0,557.0,19.0,-34.0,9.0,,2026-07-24T11:48:46.332180+08:00
2360,2022-04-26,-8596.0,-589980.0,14000.0,-584576.0,559.0,13.0,2.0,-6.0,,2026-07-24T11:48:46.332180+08:00
2360,2022-04-27,-14076.0,61960.0,10000.0,57884.0,511.0,15.0,-48.0,2.0,,2026-07-24T11:48:46.332180+08:00
2360,2022-04-28,1047.0,84000.0,8000.0,93047.0,507.0,15.0,-4.0,0.0,,2026-07-24T11:48:46.332180+08:00
2360,2022-04-29,-7435.0,97387.0,1000.0,90952.0,490.0,14.0,-17.0,-1.0,,2026-07-24T11:48:46.332180+08:00
2360,2022-05-03,-3800.0,58000.0,4000.0,58200.0,483.0,15.0,-7.0,1.0,,2026-07-24T11:48:46.332180+08:00
2360,2022-05-04,1000.0,-2420.0,3000.0,1580.0,484.0,13.0,1.0,-2.0,,2026-07-24T11:48:46.332180+08:00
2360,2022-05-05,9000.0,13327.0,4000.0,26327.0,482.0,15.0,-2.0,2.0,,2026-07-24T11:48:46.332180+08:00
2360,2022-05-06,-1001.0,-34198.0,-25000.0,-60199.0,484.0,16.0,2.0,1.0,,2026-07-24T11:48:46.332180+08:00
2360,2022-05-09,-10000.0,-45389.0,17000.0,-38389.0,505.0,13.0,21.0,-3.0,,2026-07-24T11:48:46.332180+08:00
2360,2022-05-10,7106.0,-13645.0,-4000.0,-10539.0,477.0,10.0,-28.0,-3.0,,2026-07-24T11:48:46.332180+08:00
2360,2022-05-11,2477.0,-414666.0,-5000.0,-417189.0,474.0,11.0,-3.0,1.0,,2026-07-24T11:48:46.332180+08:00
2360,2022-05-12,-2146.0,16528.0,-3000.0,11382.0,471.0,9.0,-3.0,-2.0,,2026-07-24T11:48:46.332180+08:00
2360,2022-05-13,13000.0,105672.0,8000.0,126672.0,461.0,7.0,-10.0,-2.0,,2026-07-24T11:48:46.332180+08:00
2360,2022-05-16,3482.0,-105520.0,78859.0,-23179.0,460.0,7.0,-1.0,0.0,,2026-07-24T11:48:46.332180+08:00
2360,2022-05-17,16809.0,-97000.0,3000.0,-77191.0,463.0,7.0,3.0,0.0,,2026-07-24T11:48:46.332180+08:00
2360,2022-05-18,-6241.0,-67526.0,17000.0,-56767.0,453.0,7.0,-10.0,0.0,,2026-07-24T11:48:46.332180+08:00
2360,2022-05-19,-8000.0,-45127.0,29000.0,-24127.0,450.0,7.0,-3.0,0.0,,2026-07-24T11:48:46.332180+08:00
2360,2022-05-20,1000.0,8600.0,-7678.0,1922.0,447.0,8.0,-3.0,1.0,,2026-07-24T11:48:46.332180+08:00
2360,2022-05-23,10000.0,-108000.0,10000.0,-88000.0,456.0,6.0,9.0,-2.0,,2026-07-24T11:48:46.332180+08:00
2360,2022-05-24,-2009.0,-167000.0,0.0,-169009.0,463.0,7.0,7.0,1.0,,2026-07-24T11:48:46.332180+08:00
2360,2022-05-25,35998.0,-187000.0,0.0,-151002.0,470.0,7.0,7.0,0.0,,2026-07-24T11:48:46.332180+08:00
2360,2022-05-26,6920.0,55000.0,20000.0,81920.0,465.0,7.0,-5.0,0.0,,2026-07-24T11:48:46.332180+08:00
2360,2022-05-27,27447.0,-61000.0,47000.0,13447.0,463.0,6.0,-2.0,-1.0,,2026-07-24T11:48:46.332180+08:00
2360,2022-05-30,14022.0,93037.0,30000.0,137059.0,454.0,6.0,-9.0,0.0,,2026-07-24T11:48:46.332180+08:00
2360,2022-05-31,-368.0,106370.0,0.0,106002.0,448.0,6.0,-6.0,0.0,,2026-07-24T11:48:46.332180+08:00
2360,2022-06-01,2000.0,-98000.0,99000.0,3000.0,458.0,6.0,10.0,0.0,,2026-07-24T11:48:46.332180+08:00
2360,2022-06-02,-3065.0,-162000.0,50000.0,-115065.0,462.0,6.0,4.0,0.0,,2026-07-24T11:48:46.332180+08:00
2360,2022-06-06,4313.0,128500.0,0.0,132813.0,468.0,6.0,6.0,0.0,,2026-07-24T11:48:46.332180+08:00
2360,2022-06-07,7000.0,-101925.0,0.0,-94925.0,460.0,6.0,-8.0,0.0,,2026-07-24T11:48:46.332180+08:00
2360,2022-06-08,21781.0,-24071.0,11000.0,8710.0,455.0,6.0,-5.0,0.0,,2026-07-24T11:48:46.332180+08:00
2360,2022-06-09,-14000.0,-223000.0,119000.0,-118000.0,465.0,6.0,10.0,0.0,,2026-07-24T11:48:46.332180+08:00
2360,2022-06-10,-2000.0,-97000.0,58000.0,-41000.0,466.0,6.0,1.0,0.0,,2026-07-24T11:48:46.332180+08:00
2360,2022-06-13,-5609.0,-132300.0,-1000.0,-138909.0,470.0,8.0,4.0,2.0,,2026-07-24T11:48:46.332180+08:00
2360,2022-06-14,11000.0,-85933.0,0.0,-74933.0,474.0,8.0,4.0,0.0,,2026-07-24T11:48:46.332180+08:00
2360,2022-06-15,-12000.0,87507.0,4000.0,79507.0,467.0,7.0,-7.0,-1.0,,2026-07-24T11:48:46.332180+08:00
2360,2022-06-16,-7003.0,-160000.0,2000.0,-165003.0,472.0,6.0,5.0,-1.0,,2026-07-24T11:48:46.332180+08:00
2360,2022-06-17,-4384.0,-288792.0,2000.0,-291176.0,466.0,9.0,-6.0,3.0,,2026-07-24T11:48:46.332180+08:00
2360,2022-06-20,4000.0,-33900.0,-1000.0,-30900.0,459.0,9.0,-7.0,0.0,,2026-07-24T11:48:46.332180+08:00
2360,2022-06-21,50000.0,-40000.0,34000.0,44000.0,451.0,7.0,-8.0,-2.0,,2026-07-24T11:48:46.332180+08:00
2360,2022-06-22,24000.0,-83000.0,-5000.0,-64000.0,439.0,9.0,-12.0,2.0,,2026-07-24T11:48:46.332180+08:00
2360,2022-06-23,53782.0,-35000.0,61000.0,79782.0,436.0,9.0,-3.0,0.0,,2026-07-24T11:48:46.332180+08:00
2360,2022-06-24,107000.0,-137089.0,0.0,-30089.0,438.0,9.0,2.0,0.0,,2026-07-24T11:48:46.332180+08:00
2360,2022-06-27,28000.0,-118540.0,10000.0,-80540.0,452.0,8.0,14.0,-1.0,,2026-07-24T11:48:46.332180+08:00
2360,2022-06-28,4936.0,-69115.0,41000.0,-23179.0,503.0,9.0,51.0,1.0,,2026-07-24T11:48:46.332180+08:00
2360,2022-06-29,-23437.0,-258700.0,9000.0,-273137.0,497.0,24.0,-6.0,15.0,,2026-07-24T11:48:46.332180+08:00
2360,2022-06-30,-11126.0,-43440.0,40000.0,-14566.0,488.0,34.0,-9.0,10.0,,2026-07-24T11:48:46.332180+08:00
2360,2022-07-01,44176.0,-400000.0,11000.0,-344824.0,438.0,28.0,-50.0,-6.0,,2026-07-24T11:48:46.332180+08:00
2360,2022-07-04,85932.0,-143630.0,13000.0,-44698.0,431.0,20.0,-7.0,-8.0,,2026-07-24T11:48:46.332180+08:00
2360,2022-07-05,37007.0,-15322.0,6000.0,27685.0,419.0,12.0,-12.0,-8.0,,2026-07-24T11:48:46.332180+08:00
2360,2022-07-06,-2824.0,-118000.0,-15000.0,-135824.0,416.0,14.0,-3.0,2.0,,2026-07-24T11:48:46.332180+08:00
2360,2022-07-07,13960.0,342677.0,-176000.0,180637.0,407.0,11.0,-9.0,-3.0,,2026-07-24T11:48:46.332180+08:00
2360,2022-07-08,-5000.0,89000.0,-37000.0,47000.0,403.0,4.0,-4.0,-7.0,,2026-07-24T11:48:46.332180+08:00
2360,2022-07-11,2000.0,-13753.0,20000.0,8247.0,400.0,1.0,-3.0,-3.0,,2026-07-24T11:48:46.332180+08:00
2360,2022-07-12,-10998.0,107000.0,0.0,96002.0,372.0,2.0,-28.0,1.0,,2026-07-24T11:48:46.332180+08:00
2360,2022-07-13,24909.0,49706.0,3000.0,77615.0,352.0,2.0,-20.0,0.0,,2026-07-24T11:48:46.332180+08:00
2360,2022-07-14,1002.0,31810.0,0.0,32812.0,347.0,2.0,-5.0,0.0,,2026-07-24T11:48:46.332180+08:00
2360,2022-07-15,8766.0,-394249.0,51000.0,-334483.0,363.0,2.0,16.0,0.0,,2026-07-24T11:48:46.332180+08:00
2360,2022-07-18,2000.0,232000.0,-36000.0,198000.0,341.0,0.0,-22.0,-2.0,,2026-07-24T11:48:46.332180+08:00
2360,2022-07-19,-17000.0,52087.0,1000.0,36087.0,340.0,0.0,-1.0,0.0,,2026-07-24T11:48:46.332180+08:00
2360,2022-07-20,3000.0,74522.0,0.0,77522.0,351.0,0.0,11.0,0.0,,2026-07-24T11:48:46.332180+08:00
2360,2022-07-21,7400.0,36377.0,-13000.0,30777.0,348.0,0.0,-3.0,0.0,,2026-07-24T11:48:46.332180+08:00
2360,2022-07-22,-1000.0,-109000.0,-11000.0,-121000.0,366.0,0.0,18.0,0.0,,2026-07-24T11:48:46.332180+08:00
2360,2022-07-25,10000.0,-97000.0,2000.0,-85000.0,364.0,1.0,-2.0,1.0,,2026-07-24T11:48:46.332180+08:00
2360,2022-07-26,-11962.0,54870.0,-25000.0,17908.0,361.0,6.0,-3.0,5.0,,2026-07-24T11:48:46.332180+08:00
2360,2022-07-27,-11159.0,-212489.0,0.0,-223648.0,393.0,2.0,32.0,-4.0,,2026-07-24T11:48:46.332180+08:00
2360,2022-07-28,-999.0,-35896.0,15000.0,-21895.0,427.0,2.0,34.0,0.0,,2026-07-24T11:48:46.332180+08:00
2360,2022-07-29,29000.0,380000.0,-5000.0,404000.0,381.0,12.0,-46.0,10.0,,2026-07-24T11:48:46.332180+08:00
2360,2022-08-01,93000.0,769000.0,25000.0,887000.0,342.0,15.0,-39.0,3.0,,2026-07-24T11:48:46.332180+08:00
2360,2022-08-02,-18000.0,132500.0,15000.0,129500.0,361.0,16.0,19.0,1.0,,2026-07-24T11:48:46.332180+08:00
2360,2022-08-03,-1000.0,137899.0,-11000.0,125899.0,395.0,12.0,34.0,-4.0,,2026-07-24T11:48:46.332180+08:00
2360,2022-08-04,-19000.0,46710.0,20000.0,47710.0,373.0,14.0,-22.0,2.0,,2026-07-24T11:48:46.332180+08:00
2360,2022-08-05,80681.0,-6000.0,10000.0,84681.0,351.0,15.0,-22.0,1.0,,2026-07-24T11:48:46.332180+08:00
2360,2022-08-08,-21000.0,33195.0,0.0,12195.0,360.0,13.0,9.0,-2.0,,2026-07-24T11:48:46.332180+08:00
2360,2022-08-09,31000.0,211557.0,6000.0,248557.0,371.0,14.0,11.0,1.0,,2026-07-24T11:48:46.332180+08:00
2360,2022-08-10,6000.0,288150.0,44000.0,338150.0,350.0,15.0,-21.0,1.0,,2026-07-24T11:48:46.332180+08:00
2360,2022-08-11,15593.0,188000.0,96000.0,299593.0,333.0,17.0,-17.0,2.0,,2026-07-24T11:48:46.332180+08:00
2360,2022-08-12,49000.0,-171700.0,41000.0,-81700.0,326.0,17.0,-7.0,0.0,,2026-07-24T11:48:46.332180+08:00
2360,2022-08-15,14086.0,-41600.0,-9000.0,-36514.0,376.0,12.0,50.0,-5.0,,2026-07-24T11:48:46.332180+08:00
2360,2022-08-16,0.0,143200.0,-89000.0,54200.0,363.0,13.0,-13.0,1.0,,2026-07-24T11:48:46.332180+08:00
2360,2022-08-17,1000.0,42100.0,4000.0,47100.0,362.0,14.0,-1.0,1.0,,2026-07-24T11:48:46.332180+08:00
2360,2022-08-18,-2000.0,44139.0,-76000.0,-33861.0,383.0,15.0,21.0,1.0,,2026-07-24T11:48:46.332180+08:00
2360,2022-08-19,0.0,-98000.0,36000.0,-62000.0,398.0,13.0,15.0,-2.0,,2026-07-24T11:48:46.332180+08:00
2360,2022-08-22,-805.0,8212.0,1000.0,8407.0,397.0,13.0,-1.0,0.0,,2026-07-24T11:48:46.332180+08:00
2360,2022-08-23,-1181.0,56000.0,3000.0,57819.0,386.0,16.0,-11.0,3.0,,2026-07-24T11:48:46.332180+08:00
2360,2022-08-24,-4683.0,-63006.0,0.0,-67689.0,395.0,16.0,9.0,0.0,,2026-07-24T11:48:46.332180+08:00
2360,2022-08-25,4000.0,-24000.0,-1000.0,-21000.0,394.0,14.0,-1.0,-2.0,,2026-07-24T11:48:46.332180+08:00
2360,2022-08-26,-11949.0,-336000.0,20000.0,-327949.0,467.0,14.0,73.0,0.0,,2026-07-24T11:48:46.332180+08:00
2360,2022-08-29,-33110.0,-109000.0,5000.0,-137110.0,485.0,11.0,18.0,-3.0,,2026-07-24T11:48:46.332180+08:00
2360,2022-08-30,82889.0,-322379.0,0.0,-239490.0,513.0,10.0,28.0,-1.0,,2026-07-24T11:48:46.332180+08:00
2360,2022-08-31,17000.0,-181389.0,108000.0,-56389.0,546.0,13.0,33.0,3.0,,2026-07-24T11:48:46.332180+08:00
2360,2022-09-01,-74231.0,139329.0,5000.0,70098.0,573.0,16.0,27.0,3.0,,2026-07-24T11:48:46.332180+08:00
2360,2022-09-02,-3000.0,-360930.0,1000.0,-362930.0,654.0,13.0,81.0,-3.0,,2026-07-24T11:48:46.332180+08:00
2360,2022-09-05,10774.0,-326000.0,504000.0,188774.0,629.0,19.0,-25.0,6.0,,2026-07-24T11:48:46.332180+08:00
2360,2022-09-06,27673.0,-275000.0,551000.0,303673.0,666.0,18.0,37.0,-1.0,,2026-07-24T11:48:46.332180+08:00
2360,2022-09-07,-33258.0,364546.0,261000.0,592288.0,668.0,27.0,2.0,9.0,,2026-07-24T11:48:46.332180+08:00
2360,2022-09-08,0.0,-608200.0,476000.0,-132200.0,866.0,33.0,198.0,6.0,,2026-07-24T11:48:46.332180+08:00
2360,2022-09-12,91225.0,-636400.0,583000.0,37825.0,1277.0,39.0,411.0,6.0,,2026-07-24T11:48:46.332180+08:00
2360,2022-09-13,-14118.0,84320.0,1086000.0,1156202.0,1692.0,61.0,415.0,22.0,,2026-07-24T11:48:46.332180+08:00
2360,2022-09-14,47464.0,-1596000.0,852000.0,-696536.0,2093.0,55.0,401.0,-6.0,,2026-07-24T11:48:46.332180+08:00
2360,2022-09-15,40228.0,-672435.0,442000.0,-190207.0,2288.0,65.0,195.0,10.0,,2026-07-24T11:48:46.332180+08:00
2360,2022-09-16,75827.0,-1513544.0,937000.0,-500717.0,2565.0,67.0,277.0,2.0,,2026-07-24T11:48:46.332180+08:00
2360,2022-09-19,-58065.0,-795000.0,885000.0,31935.0,2444.0,65.0,-121.0,-2.0,,2026-07-24T11:48:46.332180+08:00
2360,2022-09-20,-10585.0,-174848.0,200000.0,14567.0,2492.0,79.0,48.0,14.0,,2026-07-24T11:48:46.332180+08:00
2360,2022-09-21,-141559.0,864642.0,-41000.0,682083.0,1963.0,76.0,-529.0,-3.0,,2026-07-24T11:48:46.332180+08:00
2360,2022-09-22,25582.0,103721.0,154000.0,283303.0,1866.0,65.0,-97.0,-11.0,,2026-07-24T11:48:46.332180+08:00
2360,2022-09-23,-59426.0,-28000.0,-5000.0,-92426.0,1811.0,53.0,-55.0,-12.0,,2026-07-24T11:48:46.332180+08:00
2360,2022-09-26,-34187.0,309910.0,42000.0,317723.0,1704.0,51.0,-107.0,-2.0,,2026-07-24T11:48:46.332180+08:00
2360,2022-09-27,-24001.0,-190762.0,347000.0,132237.0,1602.0,59.0,-102.0,8.0,,2026-07-24T11:48:46.332180+08:00
2360,2022-09-28,-29058.0,-53706.0,308000.0,225236.0,1479.0,68.0,-123.0,9.0,,2026-07-24T11:48:46.332180+08:00
2360,2022-09-29,103016.0,-378868.0,416000.0,140148.0,1356.0,60.0,-123.0,-8.0,,2026-07-24T11:48:46.332180+08:00
2360,2022-09-30,17878.0,-226956.0,143000.0,-66078.0,1355.0,66.0,-1.0,6.0,,2026-07-24T11:48:46.332180+08:00
2360,2022-10-03,-6189.0,-177000.0,5000.0,-178189.0,1402.0,64.0,47.0,-2.0,,2026-07-24T11:48:46.332180+08:00
2360,2022-10-04,29613.0,-46000.0,228000.0,211613.0,1358.0,76.0,-44.0,12.0,,2026-07-24T11:48:46.332180+08:00
2360,2022-10-05,10754.0,25900.0,208000.0,244654.0,1248.0,82.0,-110.0,6.0,,2026-07-24T11:48:46.332180+08:00
2360,2022-10-06,-18000.0,-24457.0,60000.0,17543.0,1220.0,84.0,-28.0,2.0,,2026-07-24T11:48:46.332180+08:00
2360,2022-10-07,-14317.0,-237751.0,30000.0,-222068.0,1219.0,82.0,-1.0,-2.0,,2026-07-24T11:48:46.332180+08:00
2360,2022-10-11,-10418.0,-88012.0,12000.0,-86430.0,1078.0,61.0,-141.0,-21.0,,2026-07-24T11:48:46.332180+08:00
2360,2022-10-12,7684.0,39000.0,2000.0,48684.0,1062.0,101.0,-16.0,40.0,,2026-07-24T11:48:46.332180+08:00
2360,2022-10-13,-102236.0,52279.0,564000.0,514043.0,965.0,130.0,-97.0,29.0,,2026-07-24T11:48:46.332180+08:00
2360,2022-10-14,40000.0,-214000.0,124000.0,-50000.0,1031.0,133.0,66.0,3.0,,2026-07-24T11:48:46.332180+08:00
2360,2022-10-17,15990.0,316000.0,0.0,331990.0,1032.0,132.0,1.0,-1.0,,2026-07-24T11:48:46.332180+08:00
2360,2022-10-18,31767.0,-473000.0,46000.0,-395233.0,1081.0,121.0,49.0,-11.0,,2026-07-24T11:48:46.332180+08:00
2360,2022-10-19,67649.0,19651.0,46000.0,133300.0,1060.0,123.0,-21.0,2.0,,2026-07-24T11:48:46.332180+08:00
2360,2022-10-20,-47578.0,-75046.0,-21000.0,-143624.0,1031.0,108.0,-29.0,-15.0,,2026-07-24T11:48:46.332180+08:00
2360,2022-10-21,-20225.0,-80000.0,50000.0,-50225.0,889.0,109.0,-142.0,1.0,,2026-07-24T11:48:46.332180+08:00
2360,2022-10-24,7636.0,35934.0,7000.0,50570.0,844.0,105.0,-45.0,-4.0,,2026-07-24T11:48:46.332180+08:00
2360,2022-10-25,46777.0,12648.0,12000.0,71425.0,846.0,106.0,2.0,1.0,,2026-07-24T11:48:46.332180+08:00
2360,2022-10-26,40902.0,-62580.0,93000.0,71322.0,844.0,113.0,-2.0,7.0,,2026-07-24T11:48:46.332180+08:00
2360,2022-10-27,46584.0,-134386.0,0.0,-87802.0,844.0,102.0,0.0,-11.0,,2026-07-24T11:48:46.332180+08:00
2360,2022-10-28,4000.0,136800.0,5081.0,145881.0,829.0,111.0,-15.0,9.0,,2026-07-24T11:48:46.332180+08:00
2360,2022-10-31,37050.0,-27966.0,12692.0,21776.0,877.0,110.0,48.0,-1.0,,2026-07-24T11:48:46.332180+08:00
2360,2022-11-01,-385.0,-255481.0,-144000.0,-399866.0,949.0,109.0,72.0,-1.0,,2026-07-24T11:48:46.332180+08:00
2360,2022-11-02,23943.0,315017.0,-183000.0,155960.0,914.0,105.0,-35.0,-4.0,,2026-07-24T11:48:46.332180+08:00
2360,2022-11-03,-8381.0,183358.0,-51000.0,123977.0,911.0,108.0,-3.0,3.0,,2026-07-24T11:48:46.332180+08:00
2360,2022-11-04,8757.0,70580.0,-45000.0,34337.0,897.0,108.0,-14.0,0.0,,2026-07-24T11:48:46.332180+08:00
2360,2022-11-07,8076.0,424497.0,-135000.0,297573.0,826.0,101.0,-71.0,-7.0,,2026-07-24T11:48:46.332180+08:00
2360,2022-11-08,3540.0,113809.0,0.0,117349.0,819.0,101.0,-7.0,0.0,,2026-07-24T11:48:46.332180+08:00
2360,2022-11-09,96023.0,-86806.0,80693.0,89910.0,865.0,101.0,46.0,0.0,,2026-07-24T11:48:46.332180+08:00
2360,2022-11-10,-29195.0,160191.0,0.0,130996.0,864.0,113.0,-1.0,12.0,,2026-07-24T11:48:46.332180+08:00
2360,2022-11-11,-17026.0,385798.0,23000.0,391772.0,771.0,102.0,-93.0,-11.0,,2026-07-24T11:48:46.332180+08:00
2360,2022-11-14,-111229.0,355061.0,-7000.0,236832.0,733.0,101.0,-38.0,-1.0,,2026-07-24T11:48:46.332180+08:00
2360,2022-11-15,-33884.0,-159937.0,-56755.0,-250576.0,740.0,96.0,7.0,-5.0,,2026-07-24T11:48:46.332180+08:00
2360,2022-11-16,-42685.0,210182.0,-165000.0,2497.0,753.0,96.0,13.0,0.0,,2026-07-24T11:48:46.332180+08:00
2360,2022-11-17,14774.0,1246.0,-58000.0,-41980.0,731.0,95.0,-22.0,-1.0,,2026-07-24T11:48:46.332180+08:00
2360,2022-11-18,7789.0,123784.0,-3000.0,128573.0,706.0,97.0,-25.0,2.0,,2026-07-24T11:48:46.332180+08:00
2360,2022-11-21,12000.0,41550.0,-26000.0,27550.0,698.0,93.0,-8.0,-4.0,,2026-07-24T11:48:46.332180+08:00
2360,2022-11-22,-3066.0,47243.0,-24000.0,20177.0,699.0,86.0,1.0,-7.0,,2026-07-24T11:48:46.332180+08:00
2360,2022-11-23,9998.0,-165340.0,-133000.0,-288342.0,729.0,85.0,30.0,-1.0,,2026-07-24T11:48:46.332180+08:00
2360,2022-11-24,11000.0,380039.0,-243600.0,147439.0,738.0,81.0,9.0,-4.0,,2026-07-24T11:48:46.332180+08:00
2360,2022-11-25,-6519.0,-120753.0,-9000.0,-136272.0,732.0,81.0,-6.0,0.0,,2026-07-24T11:48:46.332180+08:00
2360,2022-11-28,33649.0,169000.0,-80000.0,122649.0,765.0,83.0,33.0,2.0,,2026-07-24T11:48:46.332180+08:00
2360,2022-11-29,-36001.0,-254982.0,50000.0,-240983.0,880.0,83.0,115.0,0.0,,2026-07-24T11:48:46.332180+08:00
2360,2022-11-30,35000.0,498585.0,220000.0,753585.0,840.0,87.0,-40.0,4.0,,2026-07-24T11:48:46.332180+08:00
2360,2022-12-01,-72921.0,-302000.0,247000.0,-127921.0,1102.0,86.0,262.0,-1.0,,2026-07-24T11:48:46.332180+08:00
2360,2022-12-02,-44106.0,355462.0,0.0,311356.0,1104.0,87.0,2.0,1.0,,2026-07-24T11:48:46.332180+08:00
2360,2022-12-05,24623.0,-164000.0,2000.0,-137377.0,999.0,86.0,-105.0,-1.0,,2026-07-24T11:48:46.332180+08:00
2360,2022-12-06,12232.0,-39095.0,0.0,-26863.0,1002.0,85.0,3.0,-1.0,,2026-07-24T11:48:46.332180+08:00
2360,2022-12-07,-58572.0,134600.0,0.0,76028.0,924.0,85.0,-78.0,0.0,,2026-07-24T11:48:46.332180+08:00
2360,2022-12-08,2000.0,-42000.0,2000.0,-38000.0,916.0,87.0,-8.0,2.0,,2026-07-24T11:48:46.332180+08:00
2360,2022-12-09,-128648.0,-404803.0,50000.0,-483451.0,847.0,82.0,-69.0,-5.0,,2026-07-24T11:48:46.332180+08:00
2360,2022-12-12,-23017.0,-6194.0,-1000.0,-30211.0,847.0,84.0,0.0,2.0,,2026-07-24T11:48:46.332180+08:00
2360,2022-12-13,-9000.0,140000.0,-13081.0,117919.0,849.0,86.0,2.0,2.0,,2026-07-24T11:48:46.332180+08:00
2360,2022-12-14,-2024.0,56090.0,-58000.0,-3934.0,865.0,87.0,16.0,1.0,,2026-07-24T11:48:46.332180+08:00
2360,2022-12-15,-9733.0,144184.0,-126000.0,8451.0,876.0,87.0,11.0,0.0,,2026-07-24T11:48:46.332180+08:00
2360,2022-12-16,10197.0,385175.0,-638.0,394734.0,844.0,87.0,-32.0,0.0,,2026-07-24T11:48:46.332180+08:00
2360,2022-12-19,10897.0,36524.0,-2000.0,45421.0,842.0,88.0,-2.0,1.0,,2026-07-24T11:48:46.332180+08:00
2360,2022-12-20,3409.0,266461.0,31000.0,300870.0,865.0,85.0,23.0,-3.0,,2026-07-24T11:48:46.332180+08:00
2360,2022-12-21,-25712.0,-61306.0,31000.0,-56018.0,869.0,84.0,4.0,-1.0,,2026-07-24T11:48:46.332180+08:00
2360,2022-12-22,-3721.0,-48438.0,16000.0,-36159.0,883.0,86.0,14.0,2.0,,2026-07-24T11:48:46.332180+08:00
2360,2022-12-23,-13171.0,-225374.0,10000.0,-228545.0,875.0,88.0,-8.0,2.0,,2026-07-24T11:48:46.332180+08:00
2360,2022-12-26,-7503.0,5695.0,31000.0,29192.0,871.0,86.0,-4.0,-2.0,,2026-07-24T11:48:46.332180+08:00
2360,2022-12-27,-5000.0,185000.0,-1000.0,179000.0,848.0,88.0,-23.0,2.0,,2026-07-24T11:48:46.332180+08:00
2360,2022-12-28,-38000.0,-17000.0,4000.0,-51000.0,853.0,85.0,5.0,-3.0,,2026-07-24T11:48:46.332180+08:00
2360,2022-12-29,-4000.0,65077.0,3000.0,64077.0,842.0,89.0,-11.0,4.0,,2026-07-24T11:48:46.332180+08:00
2360,2022-12-30,3590.0,-244456.0,271000.0,30134.0,816.0,90.0,-26.0,1.0,,2026-07-24T11:48:46.332180+08:00
2360,2023-01-03,-9000.0,-17000.0,2000.0,-24000.0,807.0,90.0,-9.0,0.0,,2026-07-24T11:48:46.332180+08:00
2360,2023-01-04,1000.0,91087.0,35000.0,127087.0,810.0,90.0,3.0,0.0,,2026-07-24T11:48:46.332180+08:00
2360,2023-01-05,-3199.0,244976.0,54000.0,295777.0,752.0,87.0,-58.0,-3.0,,2026-07-24T11:48:46.332180+08:00
2360,2023-01-06,33001.0,868888.0,35000.0,936889.0,686.0,79.0,-66.0,-8.0,,2026-07-24T11:48:46.332180+08:00
2360,2023-01-09,7000.0,70258.0,67000.0,144258.0,668.0,83.0,-18.0,4.0,,2026-07-24T11:48:46.332180+08:00
2360,2023-01-10,-5999.0,406340.0,-18637.0,381704.0,607.0,88.0,-61.0,5.0,,2026-07-24T11:48:46.332180+08:00
2360,2023-01-11,-14000.0,-687392.0,36000.0,-665392.0,638.0,80.0,31.0,-8.0,,2026-07-24T11:48:46.332180+08:00
2360,2023-01-12,3000.0,575000.0,45000.0,623000.0,568.0,79.0,-70.0,-1.0,,2026-07-24T11:48:46.332180+08:00
2360,2023-01-13,-2387.0,-47700.0,23000.0,-27087.0,583.0,78.0,15.0,-1.0,,2026-07-24T11:48:46.332180+08:00
2360,2023-01-16,348.0,-234000.0,-2000.0,-235652.0,603.0,71.0,20.0,-7.0,,2026-07-24T11:48:46.332180+08:00
2360,2023-01-17,-6028.0,-375290.0,-156000.0,-537318.0,632.0,69.0,29.0,-2.0,,2026-07-24T11:48:46.332180+08:00
2360,2023-01-30,9647.0,-36969.0,-304.0,-27626.0,669.0,69.0,37.0,0.0,,2026-07-24T11:48:46.332180+08:00
2360,2023-01-31,7000.0,94327.0,-3000.0,98327.0,654.0,69.0,-15.0,0.0,,2026-07-24T11:48:46.332180+08:00
2360,2023-02-01,56550.0,-97782.0,-2000.0,-43232.0,678.0,69.0,24.0,0.0,,2026-07-24T11:48:46.332180+08:00
2360,2023-02-02,20000.0,442996.0,-18303.0,444693.0,558.0,71.0,-120.0,2.0,,2026-07-24T11:48:46.332180+08:00
2360,2023-02-03,-54566.0,28262.0,-36000.0,-62304.0,555.0,71.0,-3.0,0.0,,2026-07-24T11:48:46.332180+08:00
2360,2023-02-06,68870.0,103000.0,-2000.0,169870.0,546.0,71.0,-9.0,0.0,,2026-07-24T11:48:46.332180+08:00
2360,2023-02-07,-7417.0,-41874.0,-1000.0,-50291.0,557.0,71.0,11.0,0.0,,2026-07-24T11:48:46.332180+08:00
2360,2023-02-08,5853.0,353533.0,-3000.0,356386.0,493.0,50.0,-64.0,-21.0,,2026-07-24T11:48:46.332180+08:00
2360,2023-02-09,-11935.0,124414.0,-25000.0,87479.0,501.0,51.0,8.0,1.0,,2026-07-24T11:48:46.332180+08:00
2360,2023-02-10,-6000.0,5000.0,-1000.0,-2000.0,535.0,51.0,34.0,0.0,,2026-07-24T11:48:46.332180+08:00
2360,2023-02-13,-7900.0,158490.0,-16000.0,134590.0,561.0,51.0,26.0,0.0,,2026-07-24T11:48:46.332180+08:00
2360,2023-02-14,8000.0,381034.0,-1000.0,388034.0,558.0,51.0,-3.0,0.0,,2026-07-24T11:48:46.332180+08:00
2360,2023-02-15,-13001.0,-132000.0,0.0,-145001.0,580.0,49.0,22.0,-2.0,,2026-07-24T11:48:46.332180+08:00
2360,2023-02-16,24831.0,-138712.0,-30000.0,-143881.0,644.0,46.0,64.0,-3.0,,2026-07-24T11:48:46.332180+08:00
2360,2023-02-17,-8337.0,339000.0,-1394.0,329269.0,608.0,51.0,-36.0,5.0,,2026-07-24T11:48:46.332180+08:00
2360,2023-02-20,33170.0,57000.0,-53000.0,37170.0,626.0,50.0,18.0,-1.0,,2026-07-24T11:48:46.332180+08:00
2360,2023-02-21,92001.0,548000.0,0.0,640001.0,658.0,55.0,32.0,5.0,,2026-07-24T11:48:46.332180+08:00
2360,2023-02-22,-37900.0,353050.0,-9000.0,306150.0,665.0,51.0,7.0,-4.0,,2026-07-24T11:48:46.332180+08:00
2360,2023-02-23,-10922.0,625000.0,-2000.0,612078.0,612.0,52.0,-53.0,1.0,,2026-07-24T11:48:46.332180+08:00
2360,2023-02-24,-53179.0,-1766708.0,-662393.0,-2482280.0,795.0,40.0,183.0,-12.0,,2026-07-24T11:48:46.332180+08:00
2360,2023-03-01,-1822.0,-521534.0,-776000.0,-1299356.0,975.0,49.0,180.0,9.0,,2026-07-24T11:48:46.332180+08:00
2360,2023-03-02,-8735.0,126000.0,-535392.0,-418127.0,1053.0,37.0,78.0,-12.0,,2026-07-24T11:48:46.332180+08:00
2360,2023-03-03,-10057.0,223000.0,-343000.0,-130057.0,1036.0,37.0,-17.0,0.0,,2026-07-24T11:48:46.332180+08:00
2360,2023-03-06,31000.0,635963.0,-404000.0,262963.0,984.0,37.0,-52.0,0.0,,2026-07-24T11:48:46.332180+08:00
2360,2023-03-07,-468.0,179922.0,-767000.0,-587546.0,1062.0,38.0,78.0,1.0,,2026-07-24T11:48:46.332180+08:00
2360,2023-03-08,161.0,544599.0,-442000.0,102760.0,1090.0,39.0,28.0,1.0,,2026-07-24T11:48:46.332180+08:00
2360,2023-03-09,4402.0,16000.0,-231000.0,-210598.0,1169.0,38.0,79.0,-1.0,,2026-07-24T11:48:46.332180+08:00
2360,2023-03-10,-11413.0,333000.0,-333000.0,-11413.0,1213.0,26.0,44.0,-12.0,,2026-07-24T11:48:46.332180+08:00
2360,2023-03-13,-4808.0,-170921.0,-200391.0,-376120.0,1220.0,25.0,7.0,-1.0,,2026-07-24T11:48:46.332180+08:00
2360,2023-03-14,-86413.0,133201.0,-1076000.0,-1029212.0,1333.0,40.0,113.0,15.0,,2026-07-24T11:48:46.332180+08:00
2360,2023-03-15,-30228.0,-307567.0,-566000.0,-903795.0,1406.0,36.0,73.0,-4.0,,2026-07-24T11:48:46.332180+08:00
2360,2023-03-16,-16531.0,-169000.0,-371000.0,-556531.0,1436.0,27.0,30.0,-9.0,,2026-07-24T11:48:46.332180+08:00
2360,2023-03-17,-11196.0,156972.0,-541000.0,-395224.0,1516.0,16.0,80.0,-11.0,,2026-07-24T11:48:46.332180+08:00
2360,2023-03-20,15369.0,-273000.0,-203000.0,-460631.0,1546.0,16.0,30.0,0.0,,2026-07-24T11:48:46.332180+08:00
2360,2023-03-21,-4032.0,-28806.0,0.0,-32838.0,1495.0,10.0,-51.0,-6.0,,2026-07-24T11:48:46.332180+08:00
2360,2023-03-22,9063.0,-43204.0,1000.0,-33141.0,1537.0,5.0,42.0,-5.0,,2026-07-24T11:48:46.332180+08:00
2360,2023-03-23,122019.0,232528.0,463000.0,817547.0,1339.0,5.0,-198.0,0.0,,2026-07-24T11:48:46.332180+08:00
2360,2023-03-24,-33000.0,-78582.0,844399.0,732817.0,1341.0,2.0,2.0,-3.0,,2026-07-24T11:48:46.332180+08:00
2360,2023-03-27,-26000.0,-560000.0,442000.0,-144000.0,1429.0,2.0,88.0,0.0,,2026-07-24T11:48:46.332180+08:00
2360,2023-03-28,-25000.0,278000.0,276000.0,529000.0,1463.0,1.0,34.0,-1.0,,2026-07-24T11:48:46.332180+08:00
2360,2023-03-29,29000.0,135000.0,0.0,164000.0,1545.0,0.0,82.0,-1.0,,2026-07-24T11:48:46.332180+08:00
2360,2023-03-30,23000.0,188929.0,-5646.0,206283.0,1624.0,0.0,79.0,0.0,,2026-07-24T11:48:46.332180+08:00
2360,2023-03-31,2500.0,157956.0,-6000.0,154456.0,1608.0,0.0,-16.0,0.0,,2026-07-24T11:48:46.332180+08:00
2360,2023-04-06,12000.0,194839.0,-2000.0,204839.0,1421.0,0.0,-187.0,0.0,,2026-07-24T11:48:46.332180+08:00
2360,2023-04-07,4000.0,-118500.0,666000.0,551500.0,1359.0,1.0,-62.0,1.0,,2026-07-24T11:48:46.332180+08:00
2360,2023-04-10,-2000.0,-309000.0,-2000.0,-313000.0,1397.0,4.0,38.0,3.0,,2026-07-24T11:48:46.332180+08:00
2360,2023-04-11,-1933.0,109852.0,-1000.0,106919.0,1393.0,4.0,-4.0,0.0,,2026-07-24T11:48:46.332180+08:00
2360,2023-04-12,-3000.0,-13825.0,-378.0,-17203.0,1398.0,4.0,5.0,0.0,,2026-07-24T11:48:46.332180+08:00
2360,2023-04-13,-7336.0,70000.0,447000.0,509664.0,1351.0,4.0,-47.0,0.0,,2026-07-24T11:48:46.332180+08:00
2360,2023-04-14,5330.0,-92000.0,-51000.0,-137670.0,1367.0,4.0,16.0,0.0,,2026-07-24T11:48:46.332180+08:00
2360,2023-04-17,-6000.0,-34000.0,-35000.0,-75000.0,1362.0,4.0,-5.0,0.0,,2026-07-24T11:48:46.332180+08:00
2360,2023-04-18,-14000.0,61500.0,-75000.0,-27500.0,1309.0,4.0,-53.0,0.0,,2026-07-24T11:48:46.332180+08:00
2360,2023-04-19,-42000.0,-460000.0,0.0,-502000.0,1314.0,4.0,5.0,0.0,,2026-07-24T11:48:46.332180+08:00
2360,2023-04-20,-3000.0,514000.0,0.0,511000.0,1305.0,6.0,-9.0,2.0,,2026-07-24T11:48:46.332180+08:00
2360,2023-04-21,-2000.0,503000.0,-109000.0,392000.0,1459.0,7.0,154.0,1.0,,2026-07-24T11:48:46.332180+08:00
2360,2023-04-24,-6000.0,-151000.0,90000.0,-67000.0,1407.0,8.0,-52.0,1.0,,2026-07-24T11:48:46.332180+08:00
2360,2023-04-25,-3901.0,-74877.0,0.0,-78778.0,1296.0,13.0,-111.0,5.0,,2026-07-24T11:48:46.332180+08:00
2360,2023-04-26,60475.0,186359.0,-1000.0,245834.0,1303.0,22.0,7.0,9.0,,2026-07-24T11:48:46.332180+08:00
2360,2023-04-27,-3000.0,-16000.0,80000.0,61000.0,1308.0,26.0,5.0,4.0,,2026-07-24T11:48:46.332180+08:00
2360,2023-04-28,8679.0,3102500.0,22400.0,3133579.0,1006.0,32.0,-302.0,6.0,,2026-07-24T11:48:46.332180+08:00
2360,2023-05-02,-29710.0,1446024.0,0.0,1416314.0,990.0,36.0,-16.0,4.0,,2026-07-24T11:48:46.332180+08:00
2360,2023-05-03,2000.0,-412995.0,0.0,-410995.0,938.0,33.0,-52.0,-3.0,,2026-07-24T11:48:46.332180+08:00
2360,2023-05-04,18868.0,930800.0,0.0,949668.0,952.0,31.0,14.0,-2.0,,2026-07-24T11:48:46.332180+08:00
2360,2023-05-05,-36689.0,751647.0,5000.0,719958.0,1030.0,31.0,78.0,0.0,,2026-07-24T11:48:46.332180+08:00
2360,2023-05-08,22000.0,284204.0,38000.0,344204.0,1049.0,38.0,19.0,7.0,,2026-07-24T11:48:46.332180+08:00
2360,2023-05-09,-11174.0,448000.0,2000.0,438826.0,1015.0,32.0,-34.0,-6.0,,2026-07-24T11:48:46.332180+08:00
2360,2023-05-10,-13000.0,149044.0,0.0,136044.0,1009.0,31.0,-6.0,-1.0,,2026-07-24T11:48:46.332180+08:00
2360,2023-05-11,-31000.0,-3000.0,0.0,-34000.0,991.0,29.0,-18.0,-2.0,,2026-07-24T11:48:46.332180+08:00
2360,2023-05-12,20638.0,95000.0,0.0,115638.0,961.0,35.0,-30.0,6.0,,2026-07-24T11:48:46.332180+08:00
2360,2023-05-15,-18000.0,-55000.0,2000.0,-71000.0,953.0,28.0,-8.0,-7.0,,2026-07-24T11:48:46.332180+08:00
2360,2023-05-16,85000.0,209291.0,-2000.0,292291.0,959.0,31.0,6.0,3.0,,2026-07-24T11:48:46.332180+08:00
2360,2023-05-17,193085.0,822350.0,172635.0,1188070.0,908.0,43.0,-51.0,12.0,,2026-07-24T11:48:46.332180+08:00
2360,2023-05-18,185359.0,347901.0,43000.0,576260.0,805.0,52.0,-103.0,9.0,,2026-07-24T11:48:46.332180+08:00
2360,2023-05-19,-137268.0,1364044.0,0.0,1226776.0,767.0,65.0,-38.0,13.0,,2026-07-24T11:48:46.332180+08:00
2360,2023-05-22,-46045.0,517456.0,0.0,471411.0,579.0,66.0,-188.0,1.0,,2026-07-24T11:48:46.332180+08:00
2360,2023-05-23,10220.0,20620.0,0.0,30840.0,557.0,62.0,-22.0,-4.0,,2026-07-24T11:48:46.332180+08:00
2360,2023-05-24,19396.0,-144708.0,0.0,-125312.0,570.0,51.0,13.0,-11.0,,2026-07-24T11:48:46.332180+08:00
2360,2023-05-25,51026.0,98849.0,-6000.0,143875.0,660.0,52.0,90.0,1.0,,2026-07-24T11:48:46.332180+08:00
2360,2023-05-26,8821.0,1316475.0,-4000.0,1321296.0,614.0,82.0,-46.0,30.0,,2026-07-24T11:48:46.332180+08:00
2360,2023-05-29,-2919.0,1419886.0,-379000.0,1037967.0,628.0,84.0,14.0,2.0,,2026-07-24T11:48:46.332180+08:00
2360,2023-05-30,-4798.0,205000.0,-15000.0,185202.0,554.0,82.0,-74.0,-2.0,,2026-07-24T11:48:46.332180+08:00
2360,2023-05-31,109491.0,-287463.0,505000.0,327028.0,642.0,96.0,88.0,14.0,,2026-07-24T11:48:46.332180+08:00
2360,2023-06-01,6781.0,-210727.0,200000.0,-3946.0,596.0,92.0,-46.0,-4.0,,2026-07-24T11:48:46.332180+08:00
2360,2023-06-02,130227.0,51647.0,-583009.0,-401135.0,596.0,84.0,0.0,-8.0,,2026-07-24T11:48:46.332180+08:00
2360,2023-06-05,71770.0,-166486.0,41341.0,-53375.0,617.0,81.0,21.0,-3.0,,2026-07-24T11:48:46.332180+08:00
2360,2023-06-06,82013.0,-127920.0,2379.0,-43528.0,696.0,86.0,79.0,5.0,,2026-07-24T11:48:46.332180+08:00
2360,2023-06-07,9616.0,291486.0,-4310.0,296792.0,685.0,91.0,-11.0,5.0,,2026-07-24T11:48:46.332180+08:00
2360,2023-06-08,-37946.0,62006.0,79000.0,103060.0,673.0,90.0,-12.0,-1.0,,2026-07-24T11:48:46.332180+08:00
2360,2023-06-09,71893.0,-580000.0,104000.0,-404107.0,871.0,92.0,198.0,2.0,,2026-07-24T11:48:46.332180+08:00
2360,2023-06-12,14318.0,24164.0,-4000.0,34482.0,921.0,96.0,50.0,4.0,,2026-07-24T11:48:46.332180+08:00
2360,2023-06-13,81610.0,-968000.0,516000.0,-370390.0,1147.0,105.0,226.0,9.0,,2026-07-24T11:48:46.332180+08:00
2360,2023-06-14,26946.0,-1165220.0,592000.0,-546274.0,1180.0,105.0,33.0,0.0,,2026-07-24T11:48:46.332180+08:00
2360,2023-06-15,28496.0,-1090097.0,852000.0,-209601.0,1099.0,119.0,-81.0,14.0,,2026-07-24T11:48:46.332180+08:00
2360,2023-06-16,-77862.0,-321291.0,346000.0,-53153.0,1142.0,120.0,43.0,1.0,,2026-07-24T11:48:46.332180+08:00
2360,2023-06-19,373.0,69685.0,293048.0,363106.0,1122.0,118.0,-20.0,-2.0,,2026-07-24T11:48:46.332180+08:00
2360,2023-06-20,-2798.0,119151.0,-3000.0,113353.0,1053.0,98.0,-69.0,-20.0,,2026-07-24T11:48:46.332180+08:00
2360,2023-06-21,-11764.0,157812.0,-103000.0,43048.0,972.0,93.0,-81.0,-5.0,,2026-07-24T11:48:46.332180+08:00
2360,2023-06-26,24891.0,-542126.0,-1000.0,-518235.0,788.0,83.0,-184.0,-10.0,,2026-07-24T11:48:46.332180+08:00
2360,2023-06-27,174579.0,-204891.0,27600.0,-2712.0,817.0,68.0,29.0,-15.0,,2026-07-24T11:48:46.332180+08:00
2360,2023-06-28,-10640.0,12500.0,18000.0,19860.0,796.0,61.0,-21.0,-7.0,,2026-07-24T11:48:46.332180+08:00
2360,2023-06-29,-76625.0,15500.0,11000.0,-50125.0,783.0,49.0,-13.0,-12.0,,2026-07-24T11:48:46.332180+08:00
2360,2023-06-30,95795.0,224530.0,-5000.0,315325.0,773.0,47.0,-10.0,-2.0,,2026-07-24T11:48:46.332180+08:00
2360,2023-07-03,41560.0,133200.0,11795.0,186555.0,671.0,0.0,-102.0,-47.0,,2026-07-24T11:48:46.332180+08:00
2360,2023-07-04,75510.0,-14272.0,486000.0,547238.0,952.0,0.0,281.0,0.0,,2026-07-24T11:48:46.332180+08:00
2360,2023-07-05,-46895.0,-310500.0,236000.0,-121395.0,897.0,0.0,-55.0,0.0,,2026-07-24T11:48:46.332180+08:00
2360,2023-07-06,236195.0,-484061.0,258000.0,10134.0,827.0,0.0,-70.0,0.0,,2026-07-24T11:48:46.332180+08:00
2360,2023-07-07,-116101.0,93472.0,248657.0,226028.0,904.0,8.0,77.0,8.0,,2026-07-24T11:48:46.332180+08:00
2360,2023-07-10,-16555.0,-98000.0,-4000.0,-118555.0,901.0,4.0,-3.0,-4.0,,2026-07-24T11:48:46.332180+08:00
2360,2023-07-11,43916.0,36138.0,64037.0,144091.0,982.0,28.0,81.0,24.0,,2026-07-24T11:48:46.332180+08:00
2360,2023-07-12,-6987.0,-241626.0,877691.0,629078.0,972.0,37.0,-10.0,9.0,,2026-07-24T11:48:46.332180+08:00
2360,2023-07-13,-55756.0,1043619.0,16026.0,1003889.0,790.0,31.0,-182.0,-6.0,,2026-07-24T11:48:46.332180+08:00
2360,2023-07-14,-188.0,-336173.0,-15974.0,-352335.0,895.0,42.0,105.0,11.0,,2026-07-24T11:48:46.332180+08:00
2360,2023-07-17,-7323.0,-1912251.0,27793.0,-1891781.0,970.0,26.0,75.0,-16.0,,2026-07-24T11:48:46.332180+08:00
2360,2023-07-18,-92669.0,-374313.0,14296.0,-452686.0,1005.0,19.0,35.0,-7.0,,2026-07-24T11:48:46.332180+08:00
2360,2023-07-19,-139870.0,400318.0,83000.0,343448.0,924.0,18.0,-81.0,-1.0,,2026-07-24T11:48:46.332180+08:00
2360,2023-07-20,64116.0,-361009.0,122000.0,-174893.0,944.0,16.0,20.0,-2.0,,2026-07-24T11:48:46.332180+08:00
2360,2023-07-21,202106.0,148305.0,15000.0,365411.0,880.0,30.0,-64.0,14.0,,2026-07-24T11:48:46.332180+08:00
2360,2023-07-24,-43999.0,-493377.0,8400.0,-528976.0,846.0,27.0,-34.0,-3.0,,2026-07-24T11:48:46.332180+08:00
2360,2023-07-25,43403.0,163089.0,-14915.0,191577.0,863.0,30.0,17.0,3.0,,2026-07-24T11:48:46.332180+08:00
2360,2023-07-26,-22050.0,-107875.0,-16665.0,-146590.0,845.0,31.0,-18.0,1.0,,2026-07-24T11:48:46.332180+08:00
2360,2023-07-27,-21356.0,-471712.0,70911.0,-422157.0,817.0,18.0,-28.0,-13.0,,2026-07-24T11:48:46.332180+08:00
2360,2023-07-28,30000.0,710192.0,5001.0,745193.0,736.0,45.0,-81.0,27.0,,2026-07-24T11:48:46.332180+08:00
2360,2023-07-31,26055.0,-1825364.0,515207.0,-1284102.0,1336.0,30.0,600.0,-15.0,,2026-07-24T11:48:46.332180+08:00
2360,2023-08-01,-120881.0,1003561.0,303000.0,1185680.0,1062.0,36.0,-274.0,6.0,,2026-07-24T11:48:46.332180+08:00
2360,2023-08-02,-145637.0,-25885.0,-115000.0,-286522.0,842.0,20.0,-220.0,-16.0,,2026-07-24T11:48:46.332180+08:00
2360,2023-08-04,-30297.0,-26857.0,-95000.0,-152154.0,839.0,19.0,-3.0,-1.0,,2026-07-24T11:48:46.332180+08:00
2360,2023-08-07,-170226.0,678900.0,210000.0,718674.0,788.0,22.0,-51.0,3.0,,2026-07-24T11:48:46.332180+08:00
2360,2023-08-08,-54000.0,418900.0,1207.0,366107.0,742.0,32.0,-46.0,10.0,,2026-07-24T11:48:46.332180+08:00
2360,2023-08-09,-40457.0,397459.0,-2000.0,355002.0,701.0,38.0,-41.0,6.0,,2026-07-24T11:48:46.332180+08:00
2360,2023-08-10,-24241.0,94500.0,-92000.0,-21741.0,737.0,30.0,36.0,-8.0,,2026-07-24T11:48:46.332180+08:00
2360,2023-08-11,-102267.0,326722.0,2000.0,226455.0,695.0,35.0,-42.0,5.0,,2026-07-24T11:48:46.332180+08:00
2360,2023-08-14,-24260.0,-142105.0,8000.0,-158365.0,691.0,34.0,-4.0,-1.0,,2026-07-24T11:48:46.332180+08:00
2360,2023-08-15,96286.0,-111357.0,519000.0,503929.0,596.0,49.0,-95.0,15.0,,2026-07-24T11:48:46.332180+08:00
2360,2023-08-16,26029.0,-377239.0,176414.0,-174796.0,633.0,41.0,37.0,-8.0,,2026-07-24T11:48:46.332180+08:00
2360,2023-08-17,20626.0,14667.0,66242.0,101535.0,584.0,43.0,-49.0,2.0,,2026-07-24T11:48:46.332180+08:00
2360,2023-08-18,-57000.0,-143000.0,115000.0,-85000.0,588.0,31.0,4.0,-12.0,,2026-07-24T11:48:46.332180+08:00
2360,2023-08-21,-5776.0,75532.0,-137208.0,-67452.0,596.0,31.0,8.0,0.0,,2026-07-24T11:48:46.332180+08:00
2360,2023-08-22,57800.0,246150.0,242000.0,545950.0,574.0,45.0,-22.0,14.0,,2026-07-24T11:48:46.332180+08:00
2360,2023-08-23,2000.0,241318.0,-78000.0,165318.0,557.0,45.0,-17.0,0.0,,2026-07-24T11:48:46.332180+08:00
2360,2023-08-24,246227.0,-763785.0,-511000.0,-1028558.0,1628.0,49.0,1071.0,4.0,,2026-07-24T11:48:46.332180+08:00
2360,2023-08-25,-86466.0,581022.0,119324.0,613880.0,919.0,39.0,-709.0,-10.0,,2026-07-24T11:48:46.332180+08:00
2360,2023-08-28,-22416.0,-95037.0,-4198.0,-121651.0,900.0,44.0,-19.0,5.0,,2026-07-24T11:48:46.332180+08:00
2360,2023-08-29,6299.0,117000.0,-1000.0,122299.0,849.0,44.0,-51.0,0.0,,2026-07-24T11:48:46.332180+08:00
2360,2023-08-30,2837.0,708432.0,-589000.0,122269.0,827.0,48.0,-22.0,4.0,,2026-07-24T11:48:46.332180+08:00
2360,2023-08-31,-40879.0,-114632.0,-2000.0,-157511.0,843.0,43.0,16.0,-5.0,,2026-07-24T11:48:46.332180+08:00
2360,2023-09-01,-39617.0,-633000.0,399281.0,-273336.0,806.0,34.0,-37.0,-9.0,,2026-07-24T11:48:46.332180+08:00
2360,2023-09-04,-51734.0,312125.0,130000.0,390391.0,774.0,43.0,-32.0,9.0,,2026-07-24T11:48:46.332180+08:00
2360,2023-09-05,-5453.0,-90180.0,8207.0,-87426.0,762.0,41.0,-12.0,-2.0,,2026-07-24T11:48:46.332180+08:00
2360,2023-09-06,-19420.0,-148268.0,62000.0,-105688.0,774.0,43.0,12.0,2.0,,2026-07-24T11:48:46.332180+08:00
2360,2023-09-07,-17510.0,35638.0,-21540.0,-3412.0,752.0,46.0,-22.0,3.0,,2026-07-24T11:48:46.332180+08:00
2360,2023-09-08,-62358.0,-211149.0,90659.0,-182848.0,723.0,30.0,-29.0,-16.0,,2026-07-24T11:48:46.332180+08:00
2360,2023-09-11,-11027.0,-89000.0,135000.0,34973.0,711.0,31.0,-12.0,1.0,,2026-07-24T11:48:46.332180+08:00
2360,2023-09-12,-4742.0,489298.0,-412000.0,72556.0,702.0,25.0,-9.0,-6.0,,2026-07-24T11:48:46.332180+08:00
2360,2023-09-13,-21337.0,-127160.0,-219000.0,-367497.0,695.0,22.0,-7.0,-3.0,,2026-07-24T11:48:46.332180+08:00
2360,2023-09-14,23393.0,407570.0,-544913.0,-113950.0,726.0,16.0,31.0,-6.0,,2026-07-24T11:48:46.332180+08:00
2360,2023-09-15,5845.0,319201.0,-108198.0,216848.0,736.0,19.0,10.0,3.0,,2026-07-24T11:48:46.332180+08:00
2360,2023-09-18,-14245.0,164000.0,-389198.0,-239443.0,745.0,19.0,9.0,0.0,,2026-07-24T11:48:46.332180+08:00
2360,2023-09-19,-10381.0,-72210.0,-5449.0,-88040.0,734.0,23.0,-11.0,4.0,,2026-07-24T11:48:46.332180+08:00
2360,2023-09-20,-11138.0,202875.0,151000.0,342737.0,704.0,20.0,-30.0,-3.0,,2026-07-24T11:48:46.332180+08:00
2360,2023-09-21,-30022.0,-218417.0,-350.0,-248789.0,695.0,22.0,-9.0,2.0,,2026-07-24T11:48:46.332180+08:00
2360,2023-09-22,17397.0,-127988.0,126000.0,15409.0,689.0,27.0,-6.0,5.0,,2026-07-24T11:48:46.332180+08:00
2360,2023-09-25,66601.0,157500.0,0.0,224101.0,690.0,29.0,1.0,2.0,,2026-07-24T11:48:46.332180+08:00
2360,2023-09-26,-40678.0,173235.0,-688.0,131869.0,685.0,30.0,-5.0,1.0,,2026-07-24T11:48:46.332180+08:00
2360,2023-09-27,5012.0,-84422.0,44000.0,-35410.0,688.0,31.0,3.0,1.0,,2026-07-24T11:48:46.332180+08:00
2360,2023-09-28,8170.0,163180.0,0.0,171350.0,648.0,33.0,-40.0,2.0,,2026-07-24T11:48:46.332180+08:00
2360,2023-10-02,5534.0,348426.0,3000.0,356960.0,647.0,28.0,-1.0,-5.0,,2026-07-24T11:48:46.332180+08:00
2360,2023-10-03,51700.0,-160177.0,-2682.0,-111159.0,640.0,27.0,-7.0,-1.0,,2026-07-24T11:48:46.332180+08:00
2360,2023-10-04,11000.0,-301702.0,-11344.0,-302046.0,680.0,23.0,40.0,-4.0,,2026-07-24T11:48:46.332180+08:00
2360,2023-10-05,3650.0,1238937.0,-815000.0,427587.0,663.0,22.0,-17.0,-1.0,,2026-07-24T11:48:46.332180+08:00
2360,2023-10-06,-13025.0,150492.0,-111000.0,26467.0,668.0,22.0,5.0,0.0,,2026-07-24T11:48:46.332180+08:00
2360,2023-10-11,50711.0,-885046.0,-139500.0,-973835.0,703.0,35.0,35.0,13.0,,2026-07-24T11:48:46.332180+08:00
2360,2023-10-12,236531.0,-392878.0,-367000.0,-523347.0,911.0,17.0,208.0,-18.0,,2026-07-24T11:48:46.332180+08:00
2360,2023-10-13,38377.0,-96360.0,-223000.0,-280983.0,891.0,17.0,-20.0,0.0,,2026-07-24T11:48:46.332180+08:00
2360,2023-10-16,-152015.0,40192.0,-153344.0,-265167.0,881.0,9.0,-10.0,-8.0,,2026-07-24T11:48:46.332180+08:00
2360,2023-10-17,-63410.0,650601.0,-131000.0,456191.0,798.0,10.0,-83.0,1.0,,2026-07-24T11:48:46.332180+08:00
2360,2023-10-18,-143195.0,780637.0,-70000.0,567442.0,769.0,12.0,-29.0,2.0,,2026-07-24T11:48:46.332180+08:00
2360,2023-10-19,-8295.0,408587.0,-120396.0,279896.0,793.0,12.0,24.0,0.0,,2026-07-24T11:48:46.332180+08:00
2360,2023-10-20,-46419.0,-359648.0,48656.0,-357411.0,800.0,7.0,7.0,-5.0,,2026-07-24T11:48:46.332180+08:00
2360,2023-10-23,-26370.0,54892.0,-40000.0,-11478.0,776.0,6.0,-24.0,-1.0,,2026-07-24T11:48:46.332180+08:00
2360,2023-10-24,4876.0,-512.0,0.0,4364.0,805.0,5.0,29.0,-1.0,,2026-07-24T11:48:46.332180+08:00
2360,2023-10-25,12789.0,22415.0,7000.0,42204.0,813.0,6.0,8.0,1.0,,2026-07-24T11:48:46.332180+08:00
2360,2023-10-26,-63410.0,-2565.0,108.0,-65867.0,820.0,6.0,7.0,0.0,,2026-07-24T11:48:46.332180+08:00
2360,2023-10-27,1626.0,-239564.0,-4000.0,-241938.0,858.0,5.0,38.0,-1.0,,2026-07-24T11:48:46.332180+08:00
2360,2023-10-30,6902.0,159711.0,17000.0,183613.0,856.0,5.0,-2.0,0.0,,2026-07-24T11:48:46.332180+08:00
2360,2023-10-31,-543.0,-18894.0,-520000.0,-539437.0,1148.0,6.0,292.0,1.0,,2026-07-24T11:48:46.332180+08:00
2360,2023-11-01,-9452.0,278072.0,-239000.0,29620.0,853.0,40.0,-295.0,34.0,,2026-07-24T11:48:46.332180+08:00
2360,2023-11-02,57010.0,77954.0,-622000.0,-487036.0,857.0,39.0,4.0,-1.0,,2026-07-24T11:48:46.332180+08:00
2360,2023-11-03,20983.0,98000.0,-108000.0,10983.0,902.0,11.0,45.0,-28.0,,2026-07-24T11:48:46.332180+08:00
2360,2023-11-06,-8009.0,98406.0,6802.0,97199.0,900.0,7.0,-2.0,-4.0,,2026-07-24T11:48:46.332180+08:00
2360,2023-11-07,-4198.0,-305545.0,12000.0,-297743.0,921.0,7.0,21.0,0.0,,2026-07-24T11:48:46.332180+08:00
2360,2023-11-08,23944.0,-124300.0,-1000.0,-101356.0,956.0,7.0,35.0,0.0,,2026-07-24T11:48:46.332180+08:00
2360,2023-11-09,-47618.0,-252489.0,-68000.0,-368107.0,1017.0,8.0,61.0,1.0,,2026-07-24T11:48:46.332180+08:00
2360,2023-11-10,3060.0,899567.0,-831000.0,71627.0,1035.0,9.0,18.0,1.0,,2026-07-24T11:48:46.332180+08:00
2360,2023-11-13,23216.0,537604.0,-900000.0,-339180.0,1045.0,7.0,10.0,-2.0,,2026-07-24T11:48:46.332180+08:00
2360,2023-11-14,-6531.0,-94883.0,-95000.0,-196414.0,1040.0,7.0,-5.0,0.0,,2026-07-24T11:48:46.332180+08:00
2360,2023-11-15,17086.0,139201.0,-244198.0,-87911.0,1119.0,7.0,79.0,0.0,,2026-07-24T11:48:46.332180+08:00
2360,2023-11-16,20126.0,-153115.0,-12021.0,-145010.0,1120.0,6.0,1.0,-1.0,,2026-07-24T11:48:46.332180+08:00
2360,2023-11-17,30826.0,-107550.0,-1241000.0,-1317724.0,1204.0,4.0,84.0,-2.0,,2026-07-24T11:48:46.332180+08:00
2360,2023-11-20,-20054.0,172705.0,2000.0,154651.0,1223.0,4.0,19.0,0.0,,2026-07-24T11:48:46.332180+08:00
2360,2023-11-21,573.0,186646.0,-555171.0,-367952.0,1225.0,2.0,2.0,-2.0,,2026-07-24T11:48:46.332180+08:00
2360,2023-11-22,-7674.0,-93664.0,-99000.0,-200338.0,1273.0,1.0,48.0,-1.0,,2026-07-24T11:48:46.332180+08:00
2360,2023-11-23,27792.0,276000.0,-10000.0,293792.0,1231.0,9.0,-42.0,8.0,,2026-07-24T11:48:46.332180+08:00
2360,2023-11-24,-1741.0,-367000.0,112664.0,-256077.0,1268.0,10.0,37.0,1.0,,2026-07-24T11:48:46.332180+08:00
2360,2023-11-27,-6961.0,-316525.0,83000.0,-240486.0,1212.0,8.0,-56.0,-2.0,,2026-07-24T11:48:46.332180+08:00
2360,2023-11-28,-17297.0,-538967.0,-8000.0,-564264.0,1230.0,8.0,18.0,0.0,,2026-07-24T11:48:46.332180+08:00
2360,2023-11-29,10409.0,498401.0,-799000.0,-290190.0,1284.0,9.0,54.0,1.0,,2026-07-24T11:48:46.332180+08:00
2360,2023-11-30,12523.0,128783.0,2000.0,143306.0,1185.0,9.0,-99.0,0.0,,2026-07-24T11:48:46.332180+08:00
2360,2023-12-01,31542.0,-138023.0,23000.0,-83481.0,1223.0,9.0,38.0,0.0,,2026-07-24T11:48:46.332180+08:00
2360,2023-12-04,-13017.0,16017.0,2000.0,5000.0,1221.0,9.0,-2.0,0.0,,2026-07-24T11:48:46.332180+08:00
2360,2023-12-05,-65695.0,-46068.0,1000.0,-110763.0,1214.0,9.0,-7.0,0.0,,2026-07-24T11:48:46.332180+08:00
2360,2023-12-06,-23659.0,-488767.0,2000.0,-510426.0,1191.0,9.0,-23.0,0.0,,2026-07-24T11:48:46.332180+08:00
2360,2023-12-07,22740.0,-105302.0,-2651.0,-85213.0,1164.0,9.0,-27.0,0.0,,2026-07-24T11:48:46.332180+08:00
2360,2023-12-08,24473.0,41851.0,-404000.0,-337676.0,1190.0,8.0,26.0,-1.0,,2026-07-24T11:48:46.332180+08:00
2360,2023-12-11,-16704.0,-334000.0,-400196.0,-750900.0,1196.0,12.0,6.0,4.0,,2026-07-24T11:48:46.332180+08:00
2360,2023-12-12,68774.0,-3118772.0,139662.0,-2910336.0,1420.0,1.0,224.0,-11.0,,2026-07-24T11:48:46.332180+08:00
2360,2023-12-13,-12100.0,-126000.0,-1204.0,-139304.0,1337.0,8.0,-83.0,7.0,,2026-07-24T11:48:46.332180+08:00
2360,2023-12-14,43099.0,684685.0,88331.0,816115.0,1258.0,13.0,-79.0,5.0,,2026-07-24T11:48:46.332180+08:00
2360,2023-12-15,30966.0,68930.0,100341.0,200237.0,1262.0,15.0,4.0,2.0,,2026-07-24T11:48:46.332180+08:00
2360,2023-12-18,-27089.0,-324320.0,-39398.0,-390807.0,1204.0,14.0,-58.0,-1.0,,2026-07-24T11:48:46.332180+08:00
2360,2023-12-19,-9442.0,-577001.0,74602.0,-511841.0,1481.0,9.0,277.0,-5.0,,2026-07-24T11:48:46.332180+08:00
2360,2023-12-20,-24529.0,111471.0,-6000.0,80942.0,1392.0,9.0,-89.0,0.0,,2026-07-24T11:48:46.332180+08:00
2360,2023-12-21,9313.0,-581682.0,187605.0,-384764.0,1384.0,7.0,-8.0,-2.0,,2026-07-24T11:48:46.332180+08:00
2360,2023-12-22,15429.0,-47558.0,-14000.0,-46129.0,1427.0,6.0,43.0,-1.0,,2026-07-24T11:48:46.332180+08:00
2360,2023-12-25,-2713.0,-167000.0,-9192.0,-178905.0,1425.0,4.0,-2.0,-2.0,,2026-07-24T11:48:46.332180+08:00
2360,2023-12-26,20649.0,-21310.0,-5192.0,-5853.0,1457.0,4.0,32.0,0.0,,2026-07-24T11:48:46.332180+08:00
2360,2023-12-27,-6727.0,330360.0,-9396.0,314237.0,1425.0,4.0,-32.0,0.0,,2026-07-24T11:48:46.332180+08:00
2360,2023-12-28,21502.0,28000.0,-7385.0,42117.0,1349.0,4.0,-76.0,0.0,,2026-07-24T11:48:46.332180+08:00
2360,2023-12-29,1959.0,483300.0,-4000.0,481259.0,1202.0,4.0,-147.0,0.0,,2026-07-24T11:48:46.332180+08:00
2360,2024-01-02,-30078.0,-534805.0,594000.0,29117.0,1216.0,4.0,14.0,0.0,,2026-07-24T11:48:46.332180+08:00
2360,2024-01-03,6021.0,-905000.0,440423.0,-458556.0,1255.0,6.0,39.0,2.0,,2026-07-24T11:48:46.332180+08:00
2360,2024-01-04,-30560.0,-172250.0,3000.0,-199810.0,1217.0,24.0,-38.0,18.0,,2026-07-24T11:48:46.332180+08:00
2360,2024-01-05,-18296.0,-385480.0,-209.0,-403985.0,1218.0,6.0,1.0,-18.0,,2026-07-24T11:48:46.332180+08:00
2360,2024-01-08,2779.0,-519192.0,614.0,-515799.0,1151.0,9.0,-67.0,3.0,,2026-07-24T11:48:46.332180+08:00
2360,2024-01-09,34023.0,640500.0,0.0,674523.0,1002.0,12.0,-149.0,3.0,,2026-07-24T11:48:46.332180+08:00
2360,2024-01-10,-16483.0,-280912.0,2807.0,-294588.0,1038.0,12.0,36.0,0.0,,2026-07-24T11:48:46.332180+08:00
2360,2024-01-11,21661.0,-257820.0,0.0,-236159.0,1003.0,3.0,-35.0,-9.0,,2026-07-24T11:48:46.332180+08:00
2360,2024-01-12,-2967.0,4005.0,-130000.0,-128962.0,992.0,3.0,-11.0,0.0,,2026-07-24T11:48:46.332180+08:00
2360,2024-01-15,29857.0,-12000.0,7000.0,24857.0,1005.0,3.0,13.0,0.0,,2026-07-24T11:48:46.332180+08:00
2360,2024-01-16,103929.0,75134.0,-294000.0,-114937.0,1053.0,3.0,48.0,0.0,,2026-07-24T11:48:46.332180+08:00
2360,2024-01-17,-14224.0,-197652.0,12197.0,-199679.0,1055.0,3.0,2.0,0.0,,2026-07-24T11:48:46.332180+08:00
2360,2024-01-18,29379.0,-319321.0,29000.0,-260942.0,1007.0,5.0,-48.0,2.0,,2026-07-24T11:48:46.332180+08:00
2360,2024-01-19,38747.0,-342000.0,-97000.0,-400253.0,1046.0,4.0,39.0,-1.0,,2026-07-24T11:48:46.332180+08:00
2360,2024-01-22,54974.0,14300.0,-216198.0,-146924.0,1089.0,3.0,43.0,-1.0,,2026-07-24T11:48:46.332180+08:00
2360,2024-01-23,14384.0,-259029.0,-256000.0,-500645.0,1147.0,4.0,58.0,1.0,,2026-07-24T11:48:46.332180+08:00
2360,2024-01-24,14865.0,-495745.0,-5000.0,-485880.0,1154.0,7.0,7.0,3.0,,2026-07-24T11:48:46.332180+08:00
2360,2024-01-25,2937.0,-1509162.0,-179814.0,-1686039.0,1160.0,5.0,6.0,-2.0,,2026-07-24T11:48:46.332180+08:00
2360,2024-01-26,-18805.0,30093.0,-543591.0,-532303.0,1199.0,7.0,39.0,2.0,,2026-07-24T11:48:46.332180+08:00
2360,2024-01-29,-6924.0,-294000.0,-1434.0,-302358.0,1266.0,9.0,67.0,2.0,,2026-07-24T11:48:46.332180+08:00
2360,2024-01-30,-162015.0,-492217.0,-46384.0,-700616.0,1301.0,6.0,35.0,-3.0,,2026-07-24T11:48:46.332180+08:00
2360,2024-01-31,-2511.0,-568430.0,-2000.0,-572941.0,1301.0,6.0,0.0,0.0,,2026-07-24T11:48:46.332180+08:00
2360,2024-02-01,-120735.0,66516.0,-5000.0,-59219.0,1133.0,7.0,-168.0,1.0,,2026-07-24T11:48:46.332180+08:00
2360,2024-02-02,-243866.0,66158.0,2197.0,-175511.0,1125.0,9.0,-8.0,2.0,,2026-07-24T11:48:46.332180+08:00
2360,2024-02-05,-44209.0,-16598.0,81381.0,20574.0,1411.0,9.0,286.0,0.0,,2026-07-24T11:48:46.332180+08:00
2360,2024-02-15,26390.0,-1100000.0,-138476.0,-1212086.0,1458.0,10.0,47.0,1.0,,2026-07-24T11:48:46.332180+08:00
2360,2024-02-16,-16040.0,86600.0,-5415.0,65145.0,1481.0,9.0,23.0,-1.0,,2026-07-24T11:48:46.332180+08:00
2360,2024-02-19,23452.0,-196400.0,133197.0,-39751.0,1558.0,10.0,77.0,1.0,,2026-07-24T11:48:46.332180+08:00
2360,2024-02-20,26315.0,370500.0,213152.0,609967.0,1886.0,15.0,328.0,5.0,,2026-07-24T11:48:46.332180+08:00
2360,2024-02-21,283982.0,-998060.0,149427.0,-564651.0,2729.0,35.0,843.0,20.0,,2026-07-24T11:48:46.332180+08:00
2360,2024-02-22,405774.0,-1221000.0,620000.0,-195226.0,2822.0,29.0,93.0,-6.0,,2026-07-24T11:48:46.332180+08:00
2360,2024-02-23,99185.0,886592.0,516808.0,1502585.0,2448.0,41.0,-374.0,12.0,,2026-07-24T11:48:46.332180+08:00
2360,2024-02-26,-190468.0,-319054.0,46395.0,-463127.0,2434.0,37.0,-14.0,-4.0,,2026-07-24T11:48:46.332180+08:00
2360,2024-02-27,-31958.0,1083148.0,9236.0,1060426.0,1649.0,21.0,-785.0,-16.0,,2026-07-24T11:48:46.332180+08:00
2360,2024-02-29,-56811.0,495234.0,-2211.0,436212.0,1448.0,20.0,-201.0,-1.0,,2026-07-24T11:48:46.332180+08:00
2360,2024-03-01,-65392.0,103200.0,98395.0,136203.0,1449.0,18.0,1.0,-2.0,,2026-07-24T11:48:46.332180+08:00
2360,2024-03-04,43273.0,-131526.0,66865.0,-21388.0,1724.0,25.0,275.0,7.0,,2026-07-24T11:48:46.332180+08:00
2360,2024-03-05,-311357.0,-184999.0,350087.0,-146269.0,2555.0,40.0,831.0,15.0,,2026-07-24T11:48:46.332180+08:00
2360,2024-03-06,267291.0,-132253.0,-191567.0,-56529.0,2923.0,50.0,368.0,10.0,,2026-07-24T11:48:46.332180+08:00
2360,2024-03-07,159604.0,776089.0,102615.0,1038308.0,3186.0,52.0,263.0,2.0,,2026-07-24T11:48:46.332180+08:00
2360,2024-03-08,-307688.0,-126400.0,129065.0,-305023.0,3737.0,28.0,551.0,-24.0,,2026-07-24T11:48:46.332180+08:00
2360,2024-03-11,-59650.0,385000.0,-193000.0,132350.0,3900.0,31.0,163.0,3.0,,2026-07-24T11:48:46.332180+08:00
2360,2024-03-12,35830.0,592764.0,-105000.0,523594.0,3655.0,27.0,-245.0,-4.0,,2026-07-24T11:48:46.332180+08:00
2360,2024-03-13,-63615.0,445230.0,237615.0,619230.0,2839.0,36.0,-816.0,9.0,,2026-07-24T11:48:46.332180+08:00
2360,2024-03-14,-111725.0,-39640.0,190278.0,38913.0,2702.0,17.0,-137.0,-19.0,,2026-07-24T11:48:46.332180+08:00
2360,2024-03-15,1059.0,-219055.0,116000.0,-101996.0,2683.0,16.0,-19.0,-1.0,,2026-07-24T11:48:46.332180+08:00
2360,2024-03-18,17867.0,-345431.0,-69000.0,-396564.0,2773.0,15.0,90.0,-1.0,,2026-07-24T11:48:46.332180+08:00
2360,2024-03-19,15321.0,-44000.0,168631.0,139952.0,2777.0,15.0,4.0,0.0,,2026-07-24T11:48:46.332180+08:00
2360,2024-03-20,-51584.0,-375000.0,-5000.0,-431584.0,2722.0,13.0,-55.0,-2.0,,2026-07-24T11:48:46.332180+08:00
2360,2024-03-21,86092.0,370008.0,-203000.0,253100.0,2783.0,21.0,61.0,8.0,,2026-07-24T11:48:46.332180+08:00
2360,2024-03-22,34066.0,-62886.0,-237540.0,-266360.0,2642.0,11.0,-141.0,-10.0,,2026-07-24T11:48:46.332180+08:00
2360,2024-03-25,-8595.0,230200.0,-244000.0,-22395.0,2481.0,11.0,-161.0,0.0,,2026-07-24T11:48:46.332180+08:00
2360,2024-03-26,-116078.0,747717.0,-260000.0,371639.0,1782.0,9.0,-699.0,-2.0,,2026-07-24T11:48:46.332180+08:00
2360,2024-03-27,12586.0,182114.0,-267000.0,-72300.0,1886.0,0.0,104.0,-9.0,,2026-07-24T11:48:46.332180+08:00
2360,2024-03-28,-4131.0,51000.0,70255.0,117124.0,1873.0,0.0,-13.0,0.0,,2026-07-24T11:48:46.332180+08:00
2360,2024-03-29,7350.0,-77396.0,-3800.0,-73846.0,1889.0,0.0,16.0,0.0,,2026-07-24T11:48:46.332180+08:00
2360,2024-04-01,-5139.0,-18963.0,-4000.0,-28102.0,1874.0,0.0,-15.0,0.0,,2026-07-24T11:48:46.332180+08:00
2360,2024-04-02,-8465.0,23066.0,-1000.0,13601.0,1860.0,1.0,-14.0,1.0,,2026-07-24T11:48:46.332180+08:00
2360,2024-04-03,-23937.0,171000.0,-70000.0,77063.0,1809.0,1.0,-51.0,0.0,,2026-07-24T11:48:46.332180+08:00
2360,2024-04-08,5710.0,-176143.0,-43559.0,-213992.0,1761.0,1.0,-48.0,0.0,,2026-07-24T11:48:46.332180+08:00
2360,2024-04-09,-3800.0,-254041.0,-3000.0,-260841.0,1808.0,0.0,47.0,-1.0,,2026-07-24T11:48:46.332180+08:00
2360,2024-04-10,-90807.0,470292.0,-5000.0,374485.0,1616.0,2.0,-192.0,2.0,,2026-07-24T11:48:46.332180+08:00
2360,2024-04-11,13477.0,-202000.0,-1000.0,-189523.0,1652.0,1.0,36.0,-1.0,,2026-07-24T11:48:46.332180+08:00
2360,2024-04-12,10743.0,-301600.0,-37000.0,-327857.0,1666.0,0.0,14.0,-1.0,,2026-07-24T11:48:46.332180+08:00
2360,2024-04-15,-119458.0,-158709.0,41000.0,-237167.0,1524.0,3.0,-142.0,3.0,,2026-07-24T11:48:46.332180+08:00
2360,2024-04-16,-137158.0,566899.0,52000.0,481741.0,1354.0,8.0,-170.0,5.0,,2026-07-24T11:48:46.332180+08:00
2360,2024-04-17,-23152.0,-183334.0,-20372.0,-226858.0,1360.0,10.0,6.0,2.0,,2026-07-24T11:48:46.332180+08:00
2360,2024-04-18,-25471.0,169513.0,-148000.0,-3958.0,1365.0,10.0,5.0,0.0,,2026-07-24T11:48:46.332180+08:00
2360,2024-04-19,-105458.0,409888.0,32796.0,337226.0,1261.0,6.0,-104.0,-4.0,,2026-07-24T11:48:46.332180+08:00
2360,2024-04-22,-14232.0,75663.0,26000.0,87431.0,1126.0,4.0,-135.0,-2.0,,2026-07-24T11:48:46.332180+08:00
2360,2024-04-23,26703.0,-42985.0,0.0,-16282.0,1136.0,7.0,10.0,3.0,,2026-07-24T11:48:46.332180+08:00
2360,2024-04-24,26202.0,-113996.0,0.0,-87794.0,1141.0,5.0,5.0,-2.0,,2026-07-24T11:48:46.332180+08:00
2360,2024-04-25,4129.0,26922.0,-129000.0,-97949.0,1127.0,6.0,-14.0,1.0,,2026-07-24T11:48:46.332180+08:00
2360,2024-04-26,75512.0,349988.0,0.0,425500.0,1047.0,9.0,-80.0,3.0,,2026-07-24T11:48:46.332180+08:00
2360,2024-04-29,19417.0,45937.0,141000.0,206354.0,1106.0,10.0,59.0,1.0,,2026-07-24T11:48:46.332180+08:00
2360,2024-04-30,278396.0,-2419.0,69000.0,344977.0,1246.0,15.0,140.0,5.0,,2026-07-24T11:48:46.332180+08:00
2360,2024-05-02,-63419.0,-632205.0,4629.0,-690995.0,1122.0,6.0,-124.0,-9.0,,2026-07-24T11:48:46.332180+08:00
2360,2024-05-03,-19231.0,590864.0,45000.0,616633.0,1003.0,9.0,-119.0,3.0,,2026-07-24T11:48:46.332180+08:00
2360,2024-05-06,-48976.0,343144.0,22000.0,316168.0,925.0,10.0,-78.0,1.0,,2026-07-24T11:48:46.332180+08:00
2360,2024-05-07,-91135.0,-99811.0,0.0,-190946.0,941.0,9.0,16.0,-1.0,,2026-07-24T11:48:46.332180+08:00
2360,2024-05-08,16821.0,249610.0,-7000.0,259431.0,929.0,11.0,-12.0,2.0,,2026-07-24T11:48:46.332180+08:00
2360,2024-05-09,-60249.0,-198561.0,-44186.0,-302996.0,862.0,8.0,-67.0,-3.0,,2026-07-24T11:48:46.332180+08:00
2360,2024-05-10,-7303.0,113711.0,-179000.0,-72592.0,848.0,6.0,-14.0,-2.0,,2026-07-24T11:48:46.332180+08:00
2360,2024-05-13,21959.0,382982.0,-132000.0,272941.0,857.0,6.0,9.0,0.0,,2026-07-24T11:48:46.332180+08:00
2360,2024-05-14,-23326.0,-92449.0,0.0,-115775.0,904.0,6.0,47.0,0.0,,2026-07-24T11:48:46.332180+08:00
2360,2024-05-15,-30014.0,132000.0,-62000.0,39986.0,872.0,3.0,-32.0,-3.0,,2026-07-24T11:48:46.332180+08:00
2360,2024-05-16,30819.0,387300.0,43000.0,461119.0,827.0,4.0,-45.0,1.0,,2026-07-24T11:48:46.332180+08:00
2360,2024-05-17,85771.0,427356.0,15973.0,529100.0,832.0,5.0,5.0,1.0,,2026-07-24T11:48:46.332180+08:00
2360,2024-05-20,7855.0,296566.0,-1000.0,303421.0,839.0,5.0,7.0,0.0,,2026-07-24T11:48:46.332180+08:00
2360,2024-05-21,27107.0,1057045.0,-1186.0,1082966.0,841.0,7.0,2.0,2.0,,2026-07-24T11:48:46.332180+08:00
2360,2024-05-22,-20480.0,231250.0,-3000.0,207770.0,848.0,9.0,7.0,2.0,,2026-07-24T11:48:46.332180+08:00
2360,2024-05-23,141700.0,240236.0,-9743.0,372193.0,863.0,15.0,15.0,6.0,,2026-07-24T11:48:46.332180+08:00
2360,2024-05-24,-120724.0,706722.0,-144000.0,441998.0,834.0,17.0,-29.0,2.0,,2026-07-24T11:48:46.332180+08:00
2360,2024-05-27,2958.0,449218.0,202000.0,654176.0,847.0,23.0,13.0,6.0,,2026-07-24T11:48:46.332180+08:00
2360,2024-05-28,-42743.0,1111852.0,7000.0,1076109.0,798.0,22.0,-49.0,-1.0,,2026-07-24T11:48:46.332180+08:00
2360,2024-05-29,-53868.0,343216.0,-65371.0,223977.0,821.0,20.0,23.0,-2.0,,2026-07-24T11:48:46.332180+08:00
2360,2024-05-30,-15567.0,171323.0,7100.0,162856.0,806.0,17.0,-15.0,-3.0,,2026-07-24T11:48:46.332180+08:00
2360,2024-05-31,-8852.0,124008.0,65000.0,180156.0,788.0,10.0,-18.0,-7.0,,2026-07-24T11:48:46.332180+08:00
2360,2024-06-03,56026.0,-42857.0,270000.0,283169.0,876.0,8.0,88.0,-2.0,,2026-07-24T11:48:46.332180+08:00
2360,2024-06-04,-11791.0,374445.0,94000.0,456654.0,845.0,2.0,-31.0,-6.0,,2026-07-24T11:48:46.332180+08:00
2360,2024-06-05,-11188.0,-204638.0,28000.0,-187826.0,870.0,0.0,25.0,-2.0,,2026-07-24T11:48:46.332180+08:00
2360,2024-06-06,-30456.0,152807.0,-20000.0,102351.0,911.0,0.0,41.0,0.0,,2026-07-24T11:48:46.332180+08:00
2360,2024-06-07,34667.0,590989.0,0.0,625656.0,938.0,0.0,27.0,0.0,,2026-07-24T11:48:46.332180+08:00
2360,2024-06-11,93740.0,92251.0,167000.0,352991.0,1006.0,0.0,68.0,0.0,,2026-07-24T11:48:46.332180+08:00
2360,2024-06-12,-11797.0,366210.0,107000.0,461413.0,832.0,3.0,-174.0,3.0,,2026-07-24T11:48:46.332180+08:00
2360,2024-06-13,-70668.0,-29323.0,6814.0,-93177.0,829.0,3.0,-3.0,0.0,,2026-07-24T11:48:46.332180+08:00
2360,2024-06-14,-12773.0,-266048.0,-30000.0,-308821.0,910.0,0.0,81.0,-3.0,,2026-07-24T11:48:46.332180+08:00
2360,2024-06-17,42530.0,974456.0,112443.0,1129429.0,1107.0,28.0,197.0,28.0,,2026-07-24T11:48:46.332180+08:00
2360,2024-06-18,65288.0,582056.0,698500.0,1345844.0,906.0,37.0,-201.0,9.0,,2026-07-24T11:48:46.332180+08:00
2360,2024-06-19,-96614.0,106815.0,-45335.0,-35134.0,950.0,18.0,44.0,-19.0,,2026-07-24T11:48:46.332180+08:00
2360,2024-06-20,2571.0,253976.0,-234000.0,22547.0,1003.0,11.0,53.0,-7.0,,2026-07-24T11:48:46.332180+08:00
2360,2024-06-21,52963.0,-36767.0,26000.0,42196.0,1251.0,35.0,248.0,24.0,,2026-07-24T11:48:46.332180+08:00
2360,2024-06-24,-22373.0,-437239.0,21000.0,-438612.0,1298.0,13.0,47.0,-22.0,,2026-07-24T11:48:46.332180+08:00
2360,2024-06-25,69600.0,-204109.0,8000.0,-126509.0,1331.0,12.0,33.0,-1.0,,2026-07-24T11:48:46.332180+08:00
2360,2024-06-26,-24406.0,-76736.0,8100.0,-93042.0,1305.0,14.0,-26.0,2.0,,2026-07-24T11:48:46.332180+08:00
2360,2024-06-27,-163.0,-161017.0,0.0,-161180.0,1318.0,14.0,13.0,0.0,,2026-07-24T11:48:46.332180+08:00
2360,2024-06-28,44694.0,47635.0,-118000.0,-25671.0,1335.0,14.0,17.0,0.0,,2026-07-24T11:48:46.332180+08:00
2360,2024-07-01,-11245.0,-98211.0,134000.0,24544.0,1329.0,15.0,-6.0,1.0,,2026-07-24T11:48:46.332180+08:00
2360,2024-07-02,-25442.0,-60963.0,181000.0,94595.0,1348.0,11.0,19.0,-4.0,,2026-07-24T11:48:46.332180+08:00
2360,2024-07-03,31650.0,1464800.0,-1955000.0,-458550.0,1397.0,9.0,49.0,-2.0,,2026-07-24T11:48:46.332180+08:00
2360,2024-07-04,67527.0,275988.0,-625018.0,-281503.0,1424.0,10.0,27.0,1.0,,2026-07-24T11:48:46.332180+08:00
2360,2024-07-05,8928.0,-128196.0,-20000.0,-139268.0,1532.0,10.0,108.0,0.0,,2026-07-24T11:48:46.332180+08:00
2360,2024-07-08,-11242.0,527000.0,1000.0,516758.0,1226.0,10.0,-306.0,0.0,,2026-07-24T11:48:46.332180+08:00
2360,2024-07-09,34299.0,65266.0,490000.0,589565.0,1139.0,11.0,-87.0,1.0,,2026-07-24T11:48:46.332180+08:00
2360,2024-07-10,-41577.0,-154394.0,279000.0,83029.0,1165.0,11.0,26.0,0.0,,2026-07-24T11:48:46.332180+08:00
2360,2024-07-11,85310.0,290990.0,425000.0,801300.0,1123.0,38.0,-42.0,27.0,,2026-07-24T11:48:46.332180+08:00
2360,2024-07-12,-92710.0,-605724.0,82000.0,-616434.0,1126.0,13.0,3.0,-25.0,,2026-07-24T11:48:46.332180+08:00
2360,2024-07-15,-35286.0,-395738.0,670000.0,238976.0,1001.0,23.0,-125.0,10.0,,2026-07-24T11:48:46.332180+08:00
2360,2024-07-16,-30272.0,-762548.0,1025000.0,232180.0,974.0,100.0,-27.0,77.0,,2026-07-24T11:48:46.332180+08:00
2360,2024-07-17,-41774.0,-1322021.0,542000.0,-821795.0,1037.0,20.0,63.0,-80.0,,2026-07-24T11:48:46.332180+08:00
2360,2024-07-18,-26594.0,-710380.0,539000.0,-197974.0,1018.0,17.0,-19.0,-3.0,,2026-07-24T11:48:46.332180+08:00
2360,2024-07-19,87427.0,-2029774.0,1431742.0,-510605.0,967.0,20.0,-51.0,3.0,,2026-07-24T11:48:46.332180+08:00
2360,2024-07-22,-22405.0,-205265.0,615454.0,387784.0,841.0,35.0,-126.0,15.0,,2026-07-24T11:48:46.332180+08:00
2360,2024-07-23,-520.0,-411160.0,557000.0,145320.0,790.0,21.0,-51.0,-14.0,,2026-07-24T11:48:46.332180+08:00
2360,2024-07-26,-8080.0,-554167.0,132000.0,-430247.0,829.0,25.0,39.0,4.0,,2026-07-24T11:48:46.332180+08:00
2360,2024-07-29,-17144.0,160152.0,259486.0,402494.0,722.0,27.0,-107.0,2.0,,2026-07-24T11:48:46.332180+08:00
2360,2024-07-30,18938.0,-193084.0,206486.0,32340.0,686.0,60.0,-36.0,33.0,,2026-07-24T11:48:46.332180+08:00
2360,2024-07-31,-21971.0,37476.0,261000.0,276505.0,710.0,51.0,24.0,-9.0,,2026-07-24T11:48:46.332180+08:00
2360,2024-08-01,-46489.0,-655793.0,701000.0,-1282.0,646.0,54.0,-64.0,3.0,,2026-07-24T11:48:46.332180+08:00
2360,2024-08-02,-94822.0,-390126.0,118000.0,-366948.0,668.0,20.0,22.0,-34.0,,2026-07-24T11:48:46.332180+08:00
2360,2024-08-05,-45839.0,-199067.0,94000.0,-150906.0,617.0,10.0,-51.0,-10.0,,2026-07-24T11:48:46.332180+08:00
2360,2024-08-06,-18205.0,-76896.0,119000.0,23899.0,620.0,8.0,3.0,-2.0,,2026-07-24T11:48:46.332180+08:00
2360,2024-08-07,-9394.0,-658220.0,450000.0,-217614.0,628.0,10.0,8.0,2.0,,2026-07-24T11:48:46.332180+08:00
2360,2024-08-08,-22589.0,-359314.0,146000.0,-235903.0,593.0,10.0,-35.0,0.0,,2026-07-24T11:48:46.332180+08:00
2360,2024-08-09,-73341.0,134538.0,37000.0,98197.0,671.0,13.0,78.0,3.0,,2026-07-24T11:48:46.332180+08:00
2360,2024-08-12,10875.0,-227173.0,267000.0,50702.0,709.0,24.0,38.0,11.0,,2026-07-24T11:48:46.332180+08:00
2360,2024-08-13,-6410.0,61300.0,0.0,54890.0,652.0,23.0,-57.0,-1.0,,2026-07-24T11:48:46.332180+08:00
2360,2024-08-14,-20712.0,212107.0,23257.0,214652.0,652.0,20.0,0.0,-3.0,,2026-07-24T11:48:46.332180+08:00
2360,2024-08-15,-16706.0,55076.0,-45485.0,-7115.0,662.0,18.0,10.0,-2.0,,2026-07-24T11:48:46.332180+08:00
2360,2024-08-16,50035.0,-170766.0,184774.0,64043.0,632.0,26.0,-30.0,8.0,,2026-07-24T11:48:46.332180+08:00
2360,2024-08-19,14622.0,-74135.0,159000.0,99487.0,572.0,27.0,-60.0,1.0,,2026-07-24T11:48:46.332180+08:00
2360,2024-08-20,9408.0,-274983.0,178000.0,-87575.0,559.0,31.0,-13.0,4.0,,2026-07-24T11:48:46.332180+08:00
2360,2024-08-21,-59329.0,57245.0,0.0,-2084.0,582.0,27.0,23.0,-4.0,,2026-07-24T11:48:46.332180+08:00
2360,2024-08-22,29951.0,-16677.0,10000.0,23274.0,669.0,27.0,87.0,0.0,,2026-07-24T11:48:46.332180+08:00
2360,2024-08-23,12502.0,39797.0,-490.0,51809.0,677.0,29.0,8.0,2.0,,2026-07-24T11:48:46.332180+08:00
2360,2024-08-26,-38423.0,1116.0,30000.0,-7307.0,714.0,28.0,37.0,-1.0,,2026-07-24T11:48:46.332180+08:00
2360,2024-08-27,-23795.0,41485.0,57000.0,74690.0,717.0,28.0,3.0,0.0,,2026-07-24T11:48:46.332180+08:00
2360,2024-08-28,-3770.0,-15000.0,4000.0,-14770.0,729.0,29.0,12.0,1.0,,2026-07-24T11:48:46.332180+08:00
2360,2024-08-29,-1840.0,-115944.0,3000.0,-114784.0,676.0,29.0,-53.0,0.0,,2026-07-24T11:48:46.332180+08:00
2360,2024-08-30,18948.0,418697.0,1000.0,438645.0,659.0,32.0,-17.0,3.0,,2026-07-24T11:48:46.332180+08:00
2360,2024-09-02,-10701.0,-349863.0,-8000.0,-368564.0,650.0,32.0,-9.0,0.0,,2026-07-24T11:48:46.332180+08:00
2360,2024-09-03,1091.0,-169758.0,15000.0,-153667.0,680.0,31.0,30.0,-1.0,,2026-07-24T11:48:46.332180+08:00
2360,2024-09-04,-72223.0,-185000.0,-6000.0,-263223.0,646.0,26.0,-34.0,-5.0,,2026-07-24T11:48:46.332180+08:00
2360,2024-09-05,-14867.0,-652618.0,603000.0,-64485.0,731.0,29.0,85.0,3.0,,2026-07-24T11:48:46.332180+08:00
2360,2024-09-06,-10681.0,-434390.0,327293.0,-117778.0,817.0,28.0,86.0,-1.0,,2026-07-24T11:48:46.332180+08:00
2360,2024-09-09,-24789.0,-362291.0,173000.0,-214080.0,994.0,35.0,177.0,7.0,,2026-07-24T11:48:46.332180+08:00
2360,2024-09-10,67684.0,-2019751.0,2376000.0,423933.0,1313.0,58.0,319.0,23.0,,2026-07-24T11:48:46.332180+08:00
2360,2024-09-11,-44647.0,-1128650.0,105000.0,-1068297.0,1879.0,52.0,566.0,-6.0,,2026-07-24T11:48:46.332180+08:00
2360,2024-09-12,201033.0,-1048793.0,504000.0,-343760.0,1806.0,74.0,-73.0,22.0,,2026-07-24T11:48:46.332180+08:00
2360,2024-09-13,34014.0,-973826.0,1335000.0,395188.0,1966.0,114.0,160.0,40.0,,2026-07-24T11:48:46.332180+08:00
2360,2024-09-16,7621.0,-1871718.0,587500.0,-1276597.0,2325.0,86.0,359.0,-28.0,,2026-07-24T11:48:46.332180+08:00
2360,2024-09-18,-64919.0,18786.0,20000.0,-26133.0,2155.0,69.0,-170.0,-17.0,,2026-07-24T11:48:46.332180+08:00
2360,2024-09-19,111414.0,-240281.0,64000.0,-64867.0,2334.0,70.0,179.0,1.0,,2026-07-24T11:48:46.332180+08:00
2360,2024-09-20,26745.0,413594.0,-288000.0,152339.0,2373.0,72.0,39.0,2.0,,2026-07-24T11:48:46.332180+08:00
2360,2024-09-23,44654.0,137607.0,-396000.0,-213739.0,2483.0,64.0,110.0,-8.0,,2026-07-24T11:48:46.332180+08:00
2360,2024-09-24,38819.0,-44200.0,757000.0,751619.0,2207.0,109.0,-276.0,45.0,,2026-07-24T11:48:46.332180+08:00
2360,2024-09-25,38653.0,-678595.0,-32435.0,-672377.0,2330.0,93.0,123.0,-16.0,,2026-07-24T11:48:46.332180+08:00
2360,2024-09-26,-70118.0,85092.0,-138.0,14836.0,2204.0,79.0,-126.0,-14.0,,2026-07-24T11:48:46.332180+08:00
2360,2024-09-27,81811.0,-2263910.0,2001000.0,-181099.0,2440.0,81.0,236.0,2.0,,2026-07-24T11:48:46.332180+08:00
2360,2024-09-30,13541.0,-445066.0,420279.0,-11246.0,2511.0,84.0,71.0,3.0,,2026-07-24T11:48:46.332180+08:00
2360,2024-10-01,-17795.0,-363887.0,205000.0,-176682.0,2579.0,91.0,68.0,7.0,,2026-07-24T11:48:46.332180+08:00
2360,2024-10-04,178679.0,-1288180.0,-132000.0,-1241501.0,2927.0,55.0,348.0,-36.0,,2026-07-24T11:48:46.332180+08:00
2360,2024-10-07,2615.0,169120.0,-57000.0,114735.0,3504.0,107.0,577.0,52.0,,2026-07-24T11:48:46.332180+08:00
2360,2024-10-08,-20684.0,-918310.0,1113789.0,174795.0,3676.0,116.0,172.0,9.0,,2026-07-24T11:48:46.332180+08:00
2360,2024-10-09,-2779.0,-771896.0,542000.0,-232675.0,3892.0,118.0,216.0,2.0,,2026-07-24T11:48:46.332180+08:00
2360,2024-10-11,68781.0,-1032099.0,45579.0,-917739.0,4006.0,91.0,114.0,-27.0,,2026-07-24T11:48:46.332180+08:00
2360,2024-10-14,-37378.0,90820.0,660789.0,714231.0,3864.0,135.0,-142.0,44.0,,2026-07-24T11:48:46.332180+08:00
2360,2024-10-15,-94742.0,-756145.0,210000.0,-640887.0,3726.0,134.0,-138.0,-1.0,,2026-07-24T11:48:46.332180+08:00
2360,2024-10-16,206498.0,-2077759.0,1364000.0,-507261.0,3621.0,164.0,-105.0,30.0,,2026-07-24T11:48:46.332180+08:00
2360,2024-10-17,8554.0,-1238633.0,202000.0,-1028079.0,4062.0,163.0,441.0,-1.0,,2026-07-24T11:48:46.332180+08:00
2360,2024-10-18,-33757.0,-176881.0,115000.0,-95638.0,3846.0,167.0,-216.0,4.0,,2026-07-24T11:48:46.332180+08:00
2360,2024-10-21,-16432.0,-102155.0,219000.0,100413.0,3595.0,162.0,-251.0,-5.0,,2026-07-24T11:48:46.332180+08:00
2360,2024-10-22,-5850.0,-111513.0,321000.0,203637.0,3728.0,190.0,133.0,28.0,,2026-07-24T11:48:46.332180+08:00
2360,2024-10-23,11833.0,-1059890.0,280000.0,-768057.0,3593.0,174.0,-135.0,-16.0,,2026-07-24T11:48:46.332180+08:00
2360,2024-10-24,-74353.0,296439.0,-127000.0,95086.0,3253.0,148.0,-340.0,-26.0,,2026-07-24T11:48:46.332180+08:00
2360,2024-10-25,-28267.0,646209.0,-120000.0,497942.0,3111.0,149.0,-142.0,1.0,,2026-07-24T11:48:46.332180+08:00
2360,2024-10-28,-55856.0,156352.0,50000.0,150496.0,2840.0,137.0,-271.0,-12.0,,2026-07-24T11:48:46.332180+08:00
2360,2024-10-29,87343.0,-566941.0,59000.0,-420598.0,2872.0,134.0,32.0,-3.0,,2026-07-24T11:48:46.332180+08:00
2360,2024-10-30,7528.0,-147591.0,258000.0,117937.0,2727.0,183.0,-145.0,49.0,,2026-07-24T11:48:46.332180+08:00
2360,2024-11-01,-90591.0,343423.0,212000.0,464832.0,2679.0,175.0,-48.0,-8.0,,2026-07-24T11:48:46.332180+08:00
2360,2024-11-04,-45742.0,-347346.0,158000.0,-235088.0,2609.0,173.0,-70.0,-2.0,,2026-07-24T11:48:46.332180+08:00
2360,2024-11-05,-67776.0,-630757.0,142000.0,-556533.0,2503.0,192.0,-106.0,19.0,,2026-07-24T11:48:46.332180+08:00
2360,2024-11-06,62834.0,-470891.0,25000.0,-383057.0,2404.0,200.0,-99.0,8.0,,2026-07-24T11:48:46.332180+08:00
2360,2024-11-07,-35716.0,-73641.0,41000.0,-68357.0,2403.0,176.0,-1.0,-24.0,,2026-07-24T11:48:46.332180+08:00
2360,2024-11-08,-66951.0,-316156.0,103000.0,-280107.0,2301.0,164.0,-102.0,-12.0,,2026-07-24T11:48:46.332180+08:00
2360,2024-11-11,17255.0,236625.0,4000.0,257880.0,2595.0,189.0,294.0,25.0,,2026-07-24T11:48:46.332180+08:00
2360,2024-11-12,-68143.0,385440.0,5904.0,323201.0,2392.0,157.0,-203.0,-32.0,,2026-07-24T11:48:46.332180+08:00
2360,2024-11-13,-11254.0,173162.0,-92000.0,69908.0,2309.0,161.0,-83.0,4.0,,2026-07-24T11:48:46.332180+08:00
2360,2024-11-14,-67503.0,718334.0,-49000.0,601831.0,1801.0,147.0,-508.0,-14.0,,2026-07-24T11:48:46.332180+08:00
2360,2024-11-15,27691.0,246854.0,0.0,274545.0,1768.0,148.0,-33.0,1.0,,2026-07-24T11:48:46.332180+08:00
2360,2024-11-18,16800.0,1806654.0,-749006.0,1074448.0,1650.0,117.0,-118.0,-31.0,,2026-07-24T11:48:46.332180+08:00
2360,2024-11-19,42402.0,152400.0,87435.0,282237.0,1680.0,120.0,30.0,3.0,,2026-07-24T11:48:46.332180+08:00
2360,2024-11-20,-137588.0,-106233.0,161911.0,-81910.0,1696.0,117.0,16.0,-3.0,,2026-07-24T11:48:46.332180+08:00
2360,2024-11-21,19005.0,319398.0,69000.0,407403.0,1724.0,115.0,28.0,-2.0,,2026-07-24T11:48:46.332180+08:00
2360,2024-11-22,66797.0,173738.0,102000.0,342535.0,1699.0,122.0,-25.0,7.0,,2026-07-24T11:48:46.332180+08:00
2360,2024-11-25,52499.0,52060.0,-56931.0,47628.0,1507.0,130.0,-192.0,8.0,,2026-07-24T11:48:46.332180+08:00
2360,2024-11-26,-68452.0,-471686.0,-180182.0,-720320.0,1628.0,120.0,121.0,-10.0,,2026-07-24T11:48:46.332180+08:00
2360,2024-11-27,-87429.0,94031.0,147041.0,153643.0,1589.0,124.0,-39.0,4.0,,2026-07-24T11:48:46.332180+08:00
2360,2024-11-28,8511.0,-132258.0,45797.0,-77950.0,1532.0,119.0,-57.0,-5.0,,2026-07-24T11:48:46.332180+08:00
2360,2024-11-29,50501.0,-129737.0,-49477.0,-128713.0,1571.0,117.0,39.0,-2.0,,2026-07-24T11:48:46.332180+08:00
2360,2024-12-02,24673.0,-243907.0,-91195.0,-310429.0,1458.0,123.0,-113.0,6.0,,2026-07-24T11:48:46.332180+08:00
2360,2024-12-03,-24915.0,-213272.0,133000.0,-105187.0,1478.0,121.0,20.0,-2.0,,2026-07-24T11:48:46.332180+08:00
2360,2024-12-04,152920.0,248542.0,-252188.0,149274.0,1398.0,135.0,-80.0,14.0,,2026-07-24T11:48:46.332180+08:00
2360,2024-12-05,-5574.0,-634219.0,-498203.0,-1137996.0,1687.0,106.0,289.0,-29.0,,2026-07-24T11:48:46.332180+08:00
2360,2024-12-06,-34510.0,-32454.0,-78000.0,-144964.0,1549.0,103.0,-138.0,-3.0,,2026-07-24T11:48:46.332180+08:00
2360,2024-12-09,-15959.0,337091.0,-887500.0,-566368.0,1611.0,81.0,62.0,-22.0,,2026-07-24T11:48:46.332180+08:00
2360,2024-12-10,-897.0,505476.0,-1060500.0,-555921.0,1490.0,76.0,-121.0,-5.0,,2026-07-24T11:48:46.332180+08:00
2360,2024-12-11,-2453.0,170773.0,-45406.0,122914.0,1461.0,107.0,-29.0,31.0,,2026-07-24T11:48:46.332180+08:00
2360,2024-12-12,13594.0,-617396.0,-770460.0,-1374262.0,1543.0,110.0,82.0,3.0,,2026-07-24T11:48:46.332180+08:00
2360,2024-12-13,-47871.0,-237649.0,-52203.0,-337723.0,1526.0,118.0,-17.0,8.0,,2026-07-24T11:48:46.332180+08:00
2360,2024-12-16,5961.0,-642314.0,-124203.0,-760556.0,1531.0,140.0,5.0,22.0,,2026-07-24T11:48:46.332180+08:00
2360,2024-12-17,25314.0,-79322.0,-192185.0,-246193.0,1508.0,109.0,-23.0,-31.0,,2026-07-24T11:48:46.332180+08:00
2360,2024-12-18,-72400.0,-63553.0,-293453.0,-429406.0,1531.0,94.0,23.0,-15.0,,2026-07-24T11:48:46.332180+08:00
2360,2024-12-19,15527.0,7712.0,-151000.0,-127761.0,1845.0,95.0,314.0,1.0,,2026-07-24T11:48:46.332180+08:00
2360,2024-12-20,-47557.0,70424.0,3774.0,26641.0,1771.0,91.0,-74.0,-4.0,,2026-07-24T11:48:46.332180+08:00
2360,2024-12-23,13037.0,104932.0,-343000.0,-225031.0,1791.0,92.0,20.0,1.0,,2026-07-24T11:48:46.332180+08:00
2360,2024-12-24,876.0,71711.0,-16000.0,56587.0,1795.0,90.0,4.0,-2.0,,2026-07-24T11:48:46.332180+08:00
2360,2024-12-25,37256.0,177466.0,-11000.0,203722.0,1749.0,88.0,-46.0,-2.0,,2026-07-24T11:48:46.332180+08:00
2360,2024-12-26,20314.0,-366000.0,-115188.0,-460874.0,2010.0,71.0,261.0,-17.0,,2026-07-24T11:48:46.332180+08:00
2360,2024-12-27,-3954.0,118734.0,-5000.0,109780.0,1968.0,73.0,-42.0,2.0,,2026-07-24T11:48:46.332180+08:00
2360,2024-12-30,8629.0,27878.0,-26965.0,9542.0,1980.0,68.0,12.0,-5.0,,2026-07-24T11:48:46.332180+08:00
2360,2024-12-31,-9357.0,97068.0,159000.0,246711.0,1943.0,65.0,-37.0,-3.0,,2026-07-24T11:48:46.332180+08:00
2360,2025-01-02,-42244.0,-309994.0,-156453.0,-508691.0,1910.0,57.0,-33.0,-8.0,,2026-07-24T11:48:46.332180+08:00
2360,2025-01-03,18830.0,1949656.0,-1625000.0,343486.0,2011.0,82.0,101.0,25.0,,2026-07-24T11:48:46.332180+08:00
2360,2025-01-06,178938.0,2916540.0,-2770000.0,325478.0,2187.0,56.0,176.0,-26.0,,2026-07-24T11:48:46.332180+08:00
2360,2025-01-07,-72308.0,1017367.0,72000.0,1017059.0,1970.0,86.0,-217.0,30.0,,2026-07-24T11:48:46.332180+08:00
2360,2025-01-08,-64918.0,568272.0,-147227.0,356127.0,1965.0,110.0,-5.0,24.0,,2026-07-24T11:48:46.332180+08:00
2360,2025-01-09,-68457.0,808593.0,34773.0,774909.0,1453.0,119.0,-512.0,9.0,,2026-07-24T11:48:46.332180+08:00
2360,2025-01-10,14565.0,702078.0,-61000.0,655643.0,1299.0,134.0,-154.0,15.0,,2026-07-24T11:48:46.332180+08:00
2360,2025-01-13,26415.0,398311.0,-286000.0,138726.0,1638.0,135.0,339.0,1.0,,2026-07-24T11:48:46.332180+08:00
2360,2025-01-14,24426.0,-15010.0,-283000.0,-273584.0,1782.0,97.0,144.0,-38.0,,2026-07-24T11:48:46.332180+08:00
2360,2025-01-15,10049.0,247862.0,-189000.0,68911.0,1797.0,93.0,15.0,-4.0,,2026-07-24T11:48:46.332180+08:00
2360,2025-01-16,46956.0,845025.0,-526000.0,365981.0,1595.0,74.0,-202.0,-19.0,,2026-07-24T11:48:46.332180+08:00
2360,2025-01-17,-48787.0,847765.0,-859000.0,-60022.0,1534.0,76.0,-61.0,2.0,,2026-07-24T11:48:46.332180+08:00
2360,2025-01-20,26720.0,963020.0,-1328000.0,-338260.0,1723.0,76.0,189.0,0.0,,2026-07-24T11:48:46.332180+08:00
2360,2025-01-21,39601.0,958432.0,-1204208.0,-206175.0,1799.0,75.0,76.0,-1.0,,2026-07-24T11:48:46.332180+08:00
2360,2025-01-22,-49337.0,1312182.0,-869000.0,393845.0,1734.0,62.0,-65.0,-13.0,,2026-07-24T11:48:46.332180+08:00
2360,2025-02-03,17853.0,-255779.0,9000.0,-228926.0,1549.0,198.0,-185.0,136.0,,2026-07-24T11:48:46.332180+08:00
2360,2025-02-04,83395.0,3455769.0,-5490000.0,-1950836.0,1618.0,70.0,69.0,-128.0,,2026-07-24T11:48:46.332180+08:00
2360,2025-02-05,-87439.0,3106249.0,-965000.0,2053810.0,1432.0,89.0,-186.0,19.0,,2026-07-24T11:48:46.332180+08:00
2360,2025-02-06,19097.0,1071744.0,-1052000.0,38841.0,1407.0,107.0,-25.0,18.0,,2026-07-24T11:48:46.332180+08:00
2360,2025-02-07,-52977.0,737960.0,57242.0,742225.0,1311.0,98.0,-96.0,-9.0,,2026-07-24T11:48:46.332180+08:00
2360,2025-02-10,-9474.0,671378.0,-250000.0,411904.0,1212.0,106.0,-99.0,8.0,,2026-07-24T11:48:46.332180+08:00
2360,2025-02-11,-14351.0,586591.0,-227000.0,345240.0,1158.0,108.0,-54.0,2.0,,2026-07-24T11:48:46.332180+08:00
2360,2025-02-12,4651.0,91145.0,-598000.0,-502204.0,1286.0,104.0,128.0,-4.0,,2026-07-24T11:48:46.332180+08:00
2360,2025-02-13,24716.0,-209975.0,-59000.0,-244259.0,1345.0,104.0,59.0,0.0,,2026-07-24T11:48:46.332180+08:00
2360,2025-02-14,-13217.0,212660.0,-69000.0,130443.0,1260.0,101.0,-85.0,-3.0,,2026-07-24T11:48:46.332180+08:00
2360,2025-02-17,14473.0,706046.0,-585000.0,135519.0,1220.0,107.0,-40.0,6.0,,2026-07-24T11:48:46.332180+08:00
2360,2025-02-18,12514.0,-447118.0,-57429.0,-492033.0,1321.0,95.0,101.0,-12.0,,2026-07-24T11:48:46.332180+08:00
2360,2025-02-19,15166.0,481981.0,0.0,497147.0,1344.0,88.0,23.0,-7.0,,2026-07-24T11:48:46.332180+08:00
2360,2025-02-20,10235.0,112479.0,-227.0,122487.0,1258.0,87.0,-86.0,-1.0,,2026-07-24T11:48:46.332180+08:00
2360,2025-02-21,41613.0,194419.0,-1000.0,235032.0,1235.0,87.0,-23.0,0.0,,2026-07-24T11:48:46.332180+08:00
2360,2025-02-24,64733.0,-346722.0,-224000.0,-505989.0,1347.0,59.0,112.0,-28.0,,2026-07-24T11:48:46.332180+08:00
2360,2025-02-25,-13176.0,-861770.0,230000.0,-644946.0,1355.0,75.0,8.0,16.0,,2026-07-24T11:48:46.332180+08:00
2360,2025-02-26,70046.0,-72972.0,0.0,-2926.0,1342.0,73.0,-13.0,-2.0,,2026-07-24T11:48:46.332180+08:00
2360,2025-02-27,-12089.0,-254213.0,11000.0,-255302.0,1373.0,63.0,31.0,-10.0,,2026-07-24T11:48:46.332180+08:00
2360,2025-03-03,-78674.0,-231790.0,-153000.0,-463464.0,1359.0,54.0,-14.0,-9.0,,2026-07-24T11:48:46.332180+08:00
2360,2025-03-04,5562.0,208919.0,-237234.0,-22753.0,1385.0,36.0,26.0,-18.0,,2026-07-24T11:48:46.332180+08:00
2360,2025-03-05,104745.0,-581008.0,-93000.0,-569263.0,1421.0,31.0,36.0,-5.0,,2026-07-24T11:48:46.332180+08:00
2360,2025-03-06,-11768.0,-487609.0,95000.0,-404377.0,1563.0,28.0,142.0,-3.0,,2026-07-24T11:48:46.332180+08:00
2360,2025-03-07,4494.0,-983557.0,1173000.0,193937.0,1671.0,22.0,108.0,-6.0,,2026-07-24T11:48:46.332180+08:00
2360,2025-03-10,-18825.0,-423090.0,549000.0,107085.0,1582.0,22.0,-89.0,0.0,,2026-07-24T11:48:46.332180+08:00
2360,2025-03-11,-65581.0,-581664.0,1000.0,-646245.0,1590.0,21.0,8.0,-1.0,,2026-07-24T11:48:46.332180+08:00
2360,2025-03-12,-11821.0,-129650.0,272124.0,130653.0,1522.0,18.0,-68.0,-3.0,,2026-07-24T11:48:46.332180+08:00
2360,2025-03-13,-13766.0,-334964.0,41000.0,-307730.0,1540.0,22.0,18.0,4.0,,2026-07-24T11:48:46.332180+08:00
2360,2025-03-14,-14578.0,174390.0,3000.0,162812.0,1534.0,22.0,-6.0,0.0,,2026-07-24T11:48:46.332180+08:00
2360,2025-03-17,-7545.0,-26820.0,-6000.0,-40365.0,1537.0,22.0,3.0,0.0,,2026-07-24T11:48:46.332180+08:00
2360,2025-03-18,11845.0,-177330.0,-3000.0,-168485.0,1535.0,17.0,-2.0,-5.0,,2026-07-24T11:48:46.332180+08:00
2360,2025-03-19,-42904.0,-539387.0,0.0,-582291.0,1584.0,15.0,49.0,-2.0,,2026-07-24T11:48:46.332180+08:00
2360,2025-03-20,36522.0,-49233.0,1000.0,-11711.0,1561.0,21.0,-23.0,6.0,,2026-07-24T11:48:46.332180+08:00
2360,2025-03-21,-42263.0,-372689.0,153436.0,-261516.0,1583.0,16.0,22.0,-5.0,,2026-07-24T11:48:46.332180+08:00
2360,2025-03-24,-24218.0,-234000.0,1000.0,-257218.0,1664.0,15.0,81.0,-1.0,,2026-07-24T11:48:46.332180+08:00
2360,2025-03-25,-1671.0,182619.0,0.0,180948.0,1603.0,15.0,-61.0,0.0,,2026-07-24T11:48:46.332180+08:00
2360,2025-03-26,14577.0,-75917.0,181000.0,119660.0,1556.0,22.0,-47.0,7.0,,2026-07-24T11:48:46.332180+08:00
2360,2025-03-27,34877.0,-380087.0,1000.0,-344210.0,1634.0,65.0,78.0,43.0,,2026-07-24T11:48:46.332180+08:00
2360,2025-03-28,-18312.0,-42715.0,-223000.0,-284027.0,1633.0,20.0,-1.0,-45.0,,2026-07-24T11:48:46.332180+08:00
2360,2025-03-31,-110649.0,720398.0,-212000.0,397749.0,1533.0,21.0,-100.0,1.0,,2026-07-24T11:48:46.332180+08:00
2360,2025-04-01,-19033.0,-39261.0,2000.0,-56294.0,1510.0,12.0,-23.0,-9.0,,2026-07-24T11:48:46.332180+08:00
2360,2025-04-02,-9831.0,-62373.0,-1299.0,-73503.0,1516.0,0.0,6.0,-12.0,,2026-07-24T11:48:46.332180+08:00
2360,2025-04-07,-310.0,68302.0,0.0,67992.0,1469.0,0.0,-47.0,0.0,,2026-07-24T11:48:46.332180+08:00
2360,2025-04-08,93412.0,331309.0,-10000.0,414721.0,849.0,0.0,-620.0,0.0,,2026-07-24T11:48:46.332180+08:00
2360,2025-04-09,-242002.0,644075.0,-58000.0,344073.0,743.0,0.0,-106.0,0.0,,2026-07-24T11:48:46.332180+08:00
2360,2025-04-10,48000.0,-36030.0,0.0,11970.0,729.0,0.0,-14.0,0.0,,2026-07-24T11:48:46.332180+08:00
2360,2025-04-11,-91680.0,35205.0,276011.0,219536.0,704.0,10.0,-25.0,10.0,,2026-07-24T11:48:46.332180+08:00
2360,2025-04-14,-50903.0,-182024.0,-32024.0,-264951.0,763.0,12.0,59.0,2.0,,2026-07-24T11:48:46.332180+08:00
2360,2025-04-15,23932.0,3566.0,-3328.0,24170.0,763.0,14.0,0.0,2.0,,2026-07-24T11:48:46.332180+08:00
2360,2025-04-16,-29150.0,-187728.0,-12000.0,-228878.0,789.0,4.0,26.0,-10.0,,2026-07-24T11:48:46.332180+08:00
2360,2025-04-17,20656.0,7505.0,0.0,28161.0,753.0,3.0,-36.0,-1.0,,2026-07-24T11:48:46.332180+08:00
2360,2025-04-18,-9075.0,-72186.0,85000.0,3739.0,755.0,2.0,2.0,-1.0,,2026-07-24T11:48:46.332180+08:00
2360,2025-04-21,-7420.0,47224.0,-2000.0,37804.0,759.0,4.0,4.0,2.0,,2026-07-24T11:48:46.332180+08:00
2360,2025-04-22,12667.0,69986.0,0.0,82653.0,802.0,6.0,43.0,2.0,,2026-07-24T11:48:46.332180+08:00
2360,2025-04-23,26189.0,-53840.0,0.0,-27651.0,825.0,5.0,23.0,-1.0,,2026-07-24T11:48:46.332180+08:00
2360,2025-04-24,-33289.0,-16379.0,219991.0,170323.0,841.0,15.0,16.0,10.0,,2026-07-24T11:48:46.332180+08:00
2360,2025-04-25,60344.0,-160848.0,42000.0,-58504.0,864.0,17.0,23.0,2.0,,2026-07-24T11:48:46.332180+08:00
2360,2025-04-28,21907.0,-468022.0,409000.0,-37115.0,882.0,21.0,18.0,4.0,,2026-07-24T11:48:46.332180+08:00
2360,2025-04-29,7600.0,-141234.0,17000.0,-116634.0,890.0,17.0,8.0,-4.0,,2026-07-24T11:48:46.332180+08:00
2360,2025-04-30,-20116.0,-12601.0,12000.0,-20717.0,864.0,13.0,-26.0,-4.0,,2026-07-24T11:48:46.332180+08:00
2360,2025-05-02,-1943.0,-188713.0,134000.0,-56656.0,925.0,50.0,61.0,37.0,,2026-07-24T11:48:46.332180+08:00
2360,2025-05-05,-28325.0,-184192.0,597010.0,384493.0,888.0,54.0,-37.0,4.0,,2026-07-24T11:48:46.332180+08:00
2360,2025-05-06,-37788.0,-372108.0,154772.0,-255124.0,932.0,45.0,44.0,-9.0,,2026-07-24T11:48:46.332180+08:00
2360,2025-05-07,1635.0,-165511.0,48772.0,-115104.0,902.0,32.0,-30.0,-13.0,,2026-07-24T11:48:46.332180+08:00
2360,2025-05-08,21361.0,-255509.0,505000.0,270852.0,857.0,33.0,-45.0,1.0,,2026-07-24T11:48:46.332180+08:00
2360,2025-05-09,6424.0,-53106.0,30000.0,-16682.0,831.0,25.0,-26.0,-8.0,,2026-07-24T11:48:46.332180+08:00
2360,2025-05-12,-22750.0,87159.0,-119000.0,-54591.0,816.0,23.0,-15.0,-2.0,,2026-07-24T11:48:46.332180+08:00
2360,2025-05-13,-14710.0,-66988.0,117340.0,35642.0,777.0,23.0,-39.0,0.0,,2026-07-24T11:48:46.332180+08:00
2360,2025-05-14,39432.0,-13776.0,-1000.0,24656.0,777.0,21.0,0.0,-2.0,,2026-07-24T11:48:46.332180+08:00
2360,2025-05-15,22993.0,88841.0,209.0,112043.0,807.0,25.0,30.0,4.0,,2026-07-24T11:48:46.332180+08:00
2360,2025-05-16,-8256.0,303365.0,2345.0,297454.0,824.0,27.0,17.0,2.0,,2026-07-24T11:48:46.332180+08:00
2360,2025-05-19,-13034.0,-106644.0,110957.0,-8721.0,823.0,31.0,-1.0,4.0,,2026-07-24T11:48:46.332180+08:00
2360,2025-05-20,14380.0,-159440.0,134150.0,-10910.0,849.0,17.0,26.0,-14.0,,2026-07-24T11:48:46.332180+08:00
2360,2025-05-21,15109.0,-75799.0,107000.0,46310.0,848.0,17.0,-1.0,0.0,,2026-07-24T11:48:46.332180+08:00
2360,2025-05-22,-7875.0,-167379.0,-9313.0,-184567.0,949.0,17.0,101.0,0.0,,2026-07-24T11:48:46.332180+08:00
2360,2025-05-23,-9767.0,146952.0,-1000.0,136185.0,893.0,17.0,-56.0,0.0,,2026-07-24T11:48:46.332180+08:00
2360,2025-05-26,-18868.0,162591.0,165771.0,309494.0,897.0,17.0,4.0,0.0,,2026-07-24T11:48:46.332180+08:00
2360,2025-05-27,-52705.0,35124.0,17422.0,-159.0,824.0,16.0,-73.0,-1.0,,2026-07-24T11:48:46.332180+08:00
2360,2025-05-28,-17156.0,-153516.0,87000.0,-83672.0,889.0,16.0,65.0,0.0,,2026-07-24T11:48:46.332180+08:00
2360,2025-05-29,18033.0,45691.0,-10000.0,53724.0,925.0,15.0,36.0,-1.0,,2026-07-24T11:48:46.332180+08:00
2360,2025-06-02,-40769.0,106741.0,-12000.0,53972.0,895.0,17.0,-30.0,2.0,,2026-07-24T11:48:46.332180+08:00
2360,2025-06-03,2821.0,321947.0,-3000.0,321768.0,874.0,20.0,-21.0,3.0,,2026-07-24T11:48:46.332180+08:00
2360,2025-06-04,25096.0,-207757.0,45000.0,-137661.0,913.0,16.0,39.0,-4.0,,2026-07-24T11:48:46.332180+08:00
2360,2025-06-05,7266.0,-589214.0,76671.0,-505277.0,966.0,15.0,53.0,-1.0,,2026-07-24T11:48:46.332180+08:00
2360,2025-06-06,4070.0,-215312.0,1000.0,-210242.0,940.0,17.0,-26.0,2.0,,2026-07-24T11:48:46.332180+08:00
2360,2025-06-09,6188.0,-676839.0,34000.0,-636651.0,940.0,15.0,0.0,-2.0,,2026-07-24T11:48:46.332180+08:00
2360,2025-06-10,69525.0,-488084.0,-3000.0,-421559.0,972.0,8.0,32.0,-7.0,,2026-07-24T11:48:46.332180+08:00
2360,2025-06-11,9912.0,609924.0,31000.0,650836.0,925.0,14.0,-47.0,6.0,,2026-07-24T11:48:46.332180+08:00
2360,2025-06-12,-13084.0,-839774.0,20651.0,-832207.0,899.0,9.0,-26.0,-5.0,,2026-07-24T11:48:46.332180+08:00
2360,2025-06-13,-47467.0,-842920.0,-329.0,-890716.0,902.0,1.0,3.0,-8.0,,2026-07-24T11:48:46.332180+08:00
2360,2025-06-16,1147.0,754486.0,275436.0,1031069.0,895.0,0.0,-7.0,-1.0,,2026-07-24T11:48:46.332180+08:00
2360,2025-06-17,-11514.0,-130782.0,-14034.0,-156330.0,828.0,0.0,-67.0,0.0,,2026-07-24T11:48:46.332180+08:00
2360,2025-06-18,-49169.0,-628353.0,224343.0,-453179.0,787.0,0.0,-41.0,0.0,,2026-07-24T11:48:46.332180+08:00
2360,2025-06-19,546.0,171873.0,-7000.0,165419.0,754.0,0.0,-33.0,0.0,,2026-07-24T11:48:46.332180+08:00
2360,2025-06-20,-29870.0,-349207.0,121000.0,-258077.0,770.0,0.0,16.0,0.0,,2026-07-24T11:48:46.332180+08:00
2360,2025-06-23,-2986.0,-30468.0,208000.0,174546.0,784.0,3.0,14.0,3.0,,2026-07-24T11:48:46.332180+08:00
2360,2025-06-24,21730.0,-1156382.0,603343.0,-531309.0,844.0,4.0,60.0,1.0,,2026-07-24T11:48:46.332180+08:00
2360,2025-06-25,5490.0,-1105827.0,1264696.0,164359.0,803.0,12.0,-41.0,8.0,,2026-07-24T11:48:46.332180+08:00
2360,2025-06-26,46924.0,-1665402.0,1867671.0,249193.0,847.0,64.0,44.0,52.0,,2026-07-24T11:48:46.332180+08:00
2360,2025-06-27,-174680.0,-274691.0,517000.0,67629.0,799.0,62.0,-48.0,-2.0,,2026-07-24T11:48:46.332180+08:00
2360,2025-06-30,78533.0,-712139.0,981593.0,347987.0,761.0,92.0,-38.0,30.0,,2026-07-24T11:48:46.332180+08:00
2360,2025-07-01,2762.0,-103990.0,227000.0,125772.0,711.0,97.0,-50.0,5.0,,2026-07-24T11:48:46.332180+08:00
2360,2025-07-02,-25104.0,56385.0,62000.0,93281.0,663.0,89.0,-48.0,-8.0,,2026-07-24T11:48:46.332180+08:00
2360,2025-07-03,-12913.0,358393.0,-264191.0,81289.0,609.0,91.0,-54.0,2.0,,2026-07-24T11:48:46.332180+08:00
2360,2025-07-04,316.0,143525.0,175436.0,319277.0,627.0,95.0,18.0,4.0,,2026-07-24T11:48:46.332180+08:00
2360,2025-07-07,-9296.0,429376.0,30343.0,450423.0,595.0,84.0,-32.0,-11.0,,2026-07-24T11:48:46.332180+08:00
2360,2025-07-08,18489.0,1304915.0,-8000.0,1315404.0,595.0,73.0,0.0,-11.0,,2026-07-24T11:48:46.332180+08:00
2360,2025-07-09,-11499.0,260133.0,-78655.0,169979.0,546.0,65.0,-49.0,-8.0,,2026-07-24T11:48:46.332180+08:00
2360,2025-07-10,22432.0,448582.0,-124000.0,347014.0,507.0,66.0,-39.0,1.0,,2026-07-24T11:48:46.332180+08:00
2360,2025-07-11,225490.0,252480.0,66000.0,543970.0,576.0,64.0,69.0,-2.0,,2026-07-24T11:48:46.332180+08:00
2360,2025-07-14,44378.0,-16152.0,-2563.0,25663.0,576.0,62.0,0.0,-2.0,,2026-07-24T11:48:46.332180+08:00
2360,2025-07-15,98805.0,199586.0,-93000.0,205391.0,605.0,61.0,29.0,-1.0,,2026-07-24T11:48:46.332180+08:00
2360,2025-07-16,2237.0,118470.0,202345.0,323052.0,597.0,56.0,-8.0,-5.0,,2026-07-24T11:48:46.332180+08:00
2360,2025-07-17,120737.0,-713860.0,418672.0,-174451.0,636.0,55.0,39.0,-1.0,,2026-07-24T11:48:46.332180+08:00
2360,2025-07-18,27896.0,28929.0,200690.0,257515.0,644.0,52.0,8.0,-3.0,,2026-07-24T11:48:46.332180+08:00
2360,2025-07-21,16358.0,-273924.0,32765.0,-224801.0,728.0,51.0,84.0,-1.0,,2026-07-24T11:48:46.332180+08:00
2360,2025-07-22,7821.0,33457.0,227017.0,268295.0,811.0,55.0,83.0,4.0,,2026-07-24T11:48:46.332180+08:00
2360,2025-07-23,9476.0,320996.0,3000.0,333472.0,811.0,81.0,0.0,26.0,,2026-07-24T11:48:46.332180+08:00
2360,2025-07-24,-833.0,172591.0,57000.0,228758.0,831.0,83.0,20.0,2.0,,2026-07-24T11:48:46.332180+08:00
2360,2025-07-25,-16759.0,-42091.0,1000.0,-57850.0,891.0,66.0,60.0,-17.0,,2026-07-24T11:48:46.332180+08:00
2360,2025-07-28,11703.0,-328758.0,409000.0,91945.0,952.0,27.0,61.0,-39.0,,2026-07-24T11:48:46.332180+08:00
2360,2025-07-29,-362550.0,160875.0,26671.0,-175004.0,898.0,17.0,-54.0,-10.0,,2026-07-24T11:48:46.332180+08:00
2360,2025-07-30,3086.0,-188558.0,0.0,-185472.0,902.0,20.0,4.0,3.0,,2026-07-24T11:48:46.332180+08:00
2360,2025-07-31,324552.0,-857615.0,180271.0,-352792.0,1569.0,20.0,667.0,0.0,,2026-07-24T11:48:46.332180+08:00
2360,2025-08-01,-45134.0,1236169.0,34357.0,1225392.0,1257.0,84.0,-312.0,64.0,,2026-07-24T11:48:46.332180+08:00
2360,2025-08-04,-253003.0,424163.0,1552100.0,1723260.0,894.0,77.0,-363.0,-7.0,,2026-07-24T11:48:46.332180+08:00
2360,2025-08-05,-435.0,-173676.0,186671.0,12560.0,888.0,76.0,-6.0,-1.0,,2026-07-24T11:48:46.332180+08:00
2360,2025-08-06,-40066.0,-585215.0,311000.0,-314281.0,875.0,78.0,-13.0,2.0,,2026-07-24T11:48:46.332180+08:00
2360,2025-08-07,49264.0,271007.0,-220000.0,100271.0,846.0,71.0,-29.0,-7.0,,2026-07-24T11:48:46.332180+08:00
2360,2025-08-08,-19229.0,409218.0,66000.0,455989.0,779.0,69.0,-67.0,-2.0,,2026-07-24T11:48:46.332180+08:00
2360,2025-08-11,53845.0,158194.0,235772.0,447811.0,779.0,69.0,0.0,0.0,,2026-07-24T11:48:46.332180+08:00
2360,2025-08-12,-66615.0,35912.0,161974.0,131271.0,789.0,68.0,10.0,-1.0,,2026-07-24T11:48:46.332180+08:00
2360,2025-08-13,24932.0,385869.0,297338.0,708139.0,751.0,73.0,-38.0,5.0,,2026-07-24T11:48:46.332180+08:00
2360,2025-08-14,23683.0,336241.0,-266596.0,93328.0,674.0,70.0,-77.0,-3.0,,2026-07-24T11:48:46.332180+08:00
2360,2025-08-15,26563.0,-124230.0,205430.0,107763.0,719.0,74.0,45.0,4.0,,2026-07-24T11:48:46.332180+08:00
2360,2025-08-18,7410.0,-59833.0,87090.0,34667.0,734.0,73.0,15.0,-1.0,,2026-07-24T11:48:46.332180+08:00
2360,2025-08-19,2046.0,-454828.0,341000.0,-111782.0,643.0,68.0,-91.0,-5.0,,2026-07-24T11:48:46.332180+08:00
2360,2025-08-20,-147103.0,49972.0,127000.0,29869.0,594.0,55.0,-49.0,-13.0,,2026-07-24T11:48:46.332180+08:00
2360,2025-08-21,42321.0,-48749.0,94000.0,87572.0,549.0,54.0,-45.0,-1.0,,2026-07-24T11:48:46.332180+08:00
2360,2025-08-22,-18565.0,-16543.0,-72331.0,-107439.0,564.0,51.0,15.0,-3.0,,2026-07-24T11:48:46.332180+08:00
2360,2025-08-25,-3781.0,-81530.0,57337.0,-27974.0,562.0,53.0,-2.0,2.0,,2026-07-24T11:48:46.332180+08:00
2360,2025-08-26,191315.0,-632052.0,396000.0,-44737.0,745.0,53.0,183.0,0.0,,2026-07-24T11:48:46.332180+08:00
2360,2025-08-27,30057.0,-1332875.0,1031500.0,-271318.0,764.0,59.0,19.0,6.0,,2026-07-24T11:48:46.332180+08:00
2360,2025-08-28,-107720.0,-270759.0,354336.0,-24143.0,686.0,61.0,-78.0,2.0,,2026-07-24T11:48:46.332180+08:00
2360,2025-08-29,82542.0,-2497026.0,1150000.0,-1264484.0,1035.0,67.0,349.0,6.0,,2026-07-24T11:48:46.332180+08:00
2360,2025-09-01,50768.0,59795.0,425000.0,535563.0,881.0,56.0,-154.0,-11.0,,2026-07-24T11:48:46.332180+08:00
2360,2025-09-02,-119428.0,306958.0,286000.0,473530.0,850.0,54.0,-31.0,-2.0,,2026-07-24T11:48:46.332180+08:00
2360,2025-09-03,-25990.0,-183545.0,207000.0,-2535.0,880.0,54.0,30.0,0.0,,2026-07-24T11:48:46.332180+08:00
2360,2025-09-04,-7816.0,-268016.0,109668.0,-166164.0,892.0,51.0,12.0,-3.0,,2026-07-24T11:48:46.332180+08:00
2360,2025-09-05,121397.0,-825246.0,439668.0,-264181.0,994.0,61.0,102.0,10.0,,2026-07-24T11:48:46.332180+08:00
2360,2025-09-08,-40061.0,-262471.0,52005.0,-250527.0,903.0,61.0,-91.0,0.0,,2026-07-24T11:48:46.332180+08:00
2360,2025-09-09,33387.0,-215652.0,18738.0,-163527.0,964.0,60.0,61.0,-1.0,,2026-07-24T11:48:46.332180+08:00
2360,2025-09-10,65272.0,-49851.0,6000.0,21421.0,982.0,59.0,18.0,-1.0,,2026-07-24T11:48:46.332180+08:00
2360,2025-09-11,-33114.0,401160.0,-287236.0,80810.0,895.0,59.0,-87.0,0.0,,2026-07-24T11:48:46.332180+08:00
2360,2025-09-12,-37574.0,203485.0,-199864.0,-33953.0,776.0,61.0,-119.0,2.0,,2026-07-24T11:48:46.332180+08:00
2360,2025-09-15,-94716.0,393900.0,-491000.0,-191816.0,741.0,56.0,-35.0,-5.0,,2026-07-24T11:48:46.332180+08:00
2360,2025-09-16,10384.0,201698.0,-264000.0,-51918.0,748.0,54.0,7.0,-2.0,,2026-07-24T11:48:46.332180+08:00
2360,2025-09-17,-47344.0,51381.0,-145177.0,-141140.0,797.0,56.0,49.0,2.0,,2026-07-24T11:48:46.332180+08:00
2360,2025-09-18,230142.0,-407549.0,279000.0,101593.0,1072.0,68.0,275.0,12.0,,2026-07-24T11:48:46.332180+08:00
2360,2025-09-19,-108403.0,-238948.0,227406.0,-119945.0,866.0,60.0,-206.0,-8.0,,2026-07-24T11:48:46.332180+08:00
2360,2025-09-22,68915.0,-775667.0,-37000.0,-743752.0,1061.0,59.0,195.0,-1.0,,2026-07-24T11:48:46.332180+08:00
2360,2025-09-23,90295.0,-1015205.0,8067.0,-916843.0,1168.0,66.0,107.0,7.0,,2026-07-24T11:48:46.332180+08:00
2360,2025-09-24,123104.0,-259271.0,8335.0,-127832.0,904.0,63.0,-264.0,-3.0,,2026-07-24T11:48:46.332180+08:00
2360,2025-09-25,195781.0,81974.0,-124000.0,153755.0,890.0,60.0,-14.0,-3.0,,2026-07-24T11:48:46.332180+08:00
2360,2025-09-26,3741.0,-91917.0,-95200.0,-183376.0,798.0,55.0,-92.0,-5.0,,2026-07-24T11:48:46.332180+08:00
2360,2025-09-30,146043.0,-598348.0,178000.0,-274305.0,794.0,57.0,-4.0,2.0,,2026-07-24T11:48:46.332180+08:00
2360,2025-10-01,15462.0,-530638.0,631745.0,116569.0,944.0,65.0,150.0,8.0,,2026-07-24T11:48:46.332180+08:00
2360,2025-10-02,72021.0,-1186579.0,643000.0,-471558.0,1019.0,72.0,75.0,7.0,,2026-07-24T11:48:46.332180+08:00
2360,2025-10-03,-51765.0,442733.0,-333000.0,57968.0,1029.0,72.0,10.0,0.0,,2026-07-24T11:48:46.332180+08:00
2360,2025-10-07,-77738.0,421283.0,-2000.0,341545.0,1001.0,76.0,-28.0,4.0,,2026-07-24T11:48:46.332180+08:00
2360,2025-10-08,-39251.0,314569.0,-166000.0,109318.0,992.0,72.0,-9.0,-4.0,,2026-07-24T11:48:46.332180+08:00
2360,2025-10-09,-36856.0,209220.0,-281271.0,-108907.0,928.0,65.0,-64.0,-7.0,,2026-07-24T11:48:46.332180+08:00
2360,2025-10-13,25128.0,-44397.0,435758.0,416489.0,876.0,72.0,-52.0,7.0,,2026-07-24T11:48:46.332180+08:00
2360,2025-10-14,-156785.0,5602.0,329758.0,178575.0,977.0,72.0,101.0,0.0,,2026-07-24T11:48:46.332180+08:00
2360,2025-10-15,19647.0,-993540.0,406067.0,-567826.0,1270.0,83.0,293.0,11.0,,2026-07-24T11:48:46.332180+08:00
2360,2025-10-16,23487.0,-92070.0,161067.0,92484.0,1367.0,83.0,97.0,0.0,,2026-07-24T11:48:46.332180+08:00
2360,2025-10-17,533.0,-145700.0,130000.0,-15167.0,1281.0,74.0,-86.0,-9.0,,2026-07-24T11:48:46.332180+08:00
2360,2025-10-20,33642.0,184840.0,-169932.0,48550.0,1212.0,68.0,-69.0,-6.0,,2026-07-24T11:48:46.332180+08:00
2360,2025-10-21,2687.0,-1233.0,-172000.0,-170546.0,1262.0,74.0,50.0,6.0,,2026-07-24T11:48:46.332180+08:00
2360,2025-10-22,17408.0,-119304.0,-98000.0,-199896.0,1248.0,79.0,-14.0,5.0,,2026-07-24T11:48:46.332180+08:00
2360,2025-10-23,-96827.0,102793.0,-92000.0,-86034.0,1324.0,78.0,76.0,-1.0,,2026-07-24T11:48:46.332180+08:00
2360,2025-10-27,67347.0,-380113.0,-530022.0,-842788.0,1545.0,83.0,221.0,5.0,,2026-07-24T11:48:46.332180+08:00
2360,2025-10-28,27164.0,-634505.0,239000.0,-368341.0,1580.0,78.0,35.0,-5.0,,2026-07-24T11:48:46.332180+08:00
2360,2025-10-29,66931.0,-700525.0,150000.0,-483594.0,1920.0,82.0,340.0,4.0,,2026-07-24T11:48:46.332180+08:00
2360,2025-10-30,172824.0,460732.0,-12000.0,621556.0,1936.0,133.0,16.0,51.0,,2026-07-24T11:48:46.332180+08:00
2360,2025-10-31,-63221.0,270025.0,171768.0,378572.0,1661.0,126.0,-275.0,-7.0,,2026-07-24T11:48:46.332180+08:00
2360,2025-11-03,-62844.0,791377.0,-3063.0,725470.0,1532.0,119.0,-129.0,-7.0,,2026-07-24T11:48:46.332180+08:00
2360,2025-11-04,-68127.0,-106174.0,-242000.0,-416301.0,1522.0,64.0,-10.0,-55.0,,2026-07-24T11:48:46.332180+08:00
2360,2025-11-05,62071.0,690366.0,-587631.0,164806.0,1655.0,62.0,133.0,-2.0,,2026-07-24T11:48:46.332180+08:00
2360,2025-11-06,80018.0,186083.0,-661523.0,-395422.0,1768.0,56.0,113.0,-6.0,,2026-07-24T11:48:46.332180+08:00
2360,2025-11-07,-21743.0,-8897.0,-64284.0,-94924.0,1852.0,56.0,84.0,0.0,,2026-07-24T11:48:46.332180+08:00
2360,2025-11-10,47058.0,-130998.0,-57158.0,-141098.0,1957.0,58.0,105.0,2.0,,2026-07-24T11:48:46.332180+08:00
2360,2025-11-11,43626.0,-618984.0,-2500.0,-577858.0,2077.0,58.0,120.0,0.0,,2026-07-24T11:48:46.332180+08:00
2360,2025-11-12,54247.0,-911937.0,222000.0,-635690.0,2157.0,67.0,80.0,9.0,,2026-07-24T11:48:46.332180+08:00
2360,2025-11-13,-92769.0,-741987.0,-6000.0,-840756.0,2206.0,68.0,49.0,1.0,,2026-07-24T11:48:46.332180+08:00
2360,2025-11-14,-73569.0,-789129.0,95000.0,-767698.0,2155.0,55.0,-51.0,-13.0,,2026-07-24T11:48:46.332180+08:00
2360,2025-11-17,-59759.0,-350919.0,21842.0,-388836.0,2038.0,52.0,-117.0,-3.0,,2026-07-24T11:48:46.332180+08:00
2360,2025-11-18,-145259.0,-194748.0,18683.0,-321324.0,1852.0,51.0,-186.0,-1.0,,2026-07-24T11:48:46.332180+08:00
2360,2025-11-19,-101900.0,-116056.0,428397.0,210441.0,1735.0,54.0,-117.0,3.0,,2026-07-24T11:48:46.332180+08:00
2360,2025-11-20,-17268.0,-50232.0,414478.0,346978.0,1609.0,59.0,-126.0,5.0,,2026-07-24T11:48:46.332180+08:00
2360,2025-11-21,-43411.0,-542875.0,116480.0,-469806.0,1589.0,54.0,-20.0,-5.0,,2026-07-24T11:48:46.332180+08:00
2360,2025-11-24,45707.0,-208995.0,234687.0,71399.0,1887.0,128.0,298.0,74.0,,2026-07-24T11:48:46.332180+08:00
2360,2025-11-25,-16233.0,-731138.0,367931.0,-379440.0,1812.0,78.0,-75.0,-50.0,,2026-07-24T11:48:46.332180+08:00
2360,2025-11-26,40691.0,-804274.0,27000.0,-736583.0,1687.0,67.0,-125.0,-11.0,,2026-07-24T11:48:46.332180+08:00
2360,2025-11-27,-25848.0,-76222.0,-3470.0,-105540.0,1683.0,67.0,-4.0,0.0,,2026-07-24T11:48:46.332180+08:00
2360,2025-11-28,64726.0,264371.0,-65000.0,264097.0,1706.0,68.0,23.0,1.0,,2026-07-24T11:48:46.332180+08:00
2360,2025-12-01,27655.0,-131131.0,-723013.0,-826489.0,1664.0,45.0,-42.0,-23.0,,2026-07-24T11:48:46.332180+08:00
2360,2025-12-02,71226.0,-14916.0,-537217.0,-480907.0,1626.0,51.0,-38.0,6.0,,2026-07-24T11:48:46.332180+08:00
2360,2025-12-03,4536.0,546193.0,-324000.0,226729.0,1527.0,51.0,-99.0,0.0,,2026-07-24T11:48:46.332180+08:00
2360,2025-12-04,-21086.0,-755215.0,-37001.0,-813302.0,1678.0,50.0,151.0,-1.0,,2026-07-24T11:48:46.332180+08:00
2360,2025-12-05,31895.0,437009.0,-113000.0,355904.0,1626.0,60.0,-52.0,10.0,,2026-07-24T11:48:46.332180+08:00
2360,2025-12-08,-10380.0,10979.0,6730.0,7329.0,1562.0,59.0,-64.0,-1.0,,2026-07-24T11:48:46.332180+08:00
2360,2025-12-09,13719.0,-81600.0,-254215.0,-322096.0,1473.0,54.0,-89.0,-5.0,,2026-07-24T11:48:46.332180+08:00
2360,2025-12-10,-40515.0,-73537.0,-50718.0,-164770.0,1483.0,52.0,10.0,-2.0,,2026-07-24T11:48:46.332180+08:00
2360,2025-12-11,23045.0,541206.0,-583223.0,-18972.0,1530.0,52.0,47.0,0.0,,2026-07-24T11:48:46.332180+08:00
2360,2025-12-12,-21431.0,63092.0,18937.0,60598.0,1496.0,53.0,-34.0,1.0,,2026-07-24T11:48:46.332180+08:00
2360,2025-12-15,7391.0,-1117280.0,-411324.0,-1521213.0,1655.0,39.0,159.0,-14.0,,2026-07-24T11:48:46.332180+08:00
2360,2025-12-16,-66987.0,1440878.0,-1468554.0,-94663.0,1631.0,41.0,-24.0,2.0,,2026-07-24T11:48:46.332180+08:00
2360,2025-12-17,-30617.0,-150207.0,-82000.0,-262824.0,1738.0,37.0,107.0,-4.0,,2026-07-24T11:48:46.332180+08:00
2360,2025-12-18,43728.0,52472.0,-294000.0,-197800.0,1710.0,39.0,-28.0,2.0,,2026-07-24T11:48:46.332180+08:00
2360,2025-12-19,57453.0,-8252255.0,7716447.0,-478355.0,1751.0,39.0,41.0,0.0,,2026-07-24T11:48:46.332180+08:00
2360,2025-12-22,99373.0,-638629.0,288486.0,-250770.0,1922.0,39.0,171.0,0.0,,2026-07-24T11:48:46.332180+08:00
2360,2025-12-23,98665.0,-151435.0,30000.0,-22770.0,1894.0,39.0,-28.0,0.0,,2026-07-24T11:48:46.332180+08:00
2360,2025-12-24,-28732.0,73807.0,-24000.0,21075.0,1846.0,41.0,-48.0,2.0,,2026-07-24T11:48:46.332180+08:00
2360,2025-12-26,42131.0,310482.0,55000.0,407613.0,1743.0,42.0,-103.0,1.0,,2026-07-24T11:48:46.332180+08:00
2360,2025-12-29,9181.0,-260531.0,12937.0,-238413.0,1716.0,42.0,-27.0,0.0,,2026-07-24T11:48:46.332180+08:00
2360,2025-12-30,26523.0,-96986.0,-84182.0,-154645.0,1894.0,42.0,178.0,0.0,,2026-07-24T11:48:46.332180+08:00
2360,2025-12-31,-23080.0,-26943.0,-41257.0,-91280.0,1776.0,41.0,-118.0,-1.0,,2026-07-24T11:48:46.332180+08:00
2360,2026-01-02,13168.0,536740.0,24082.0,573990.0,1544.0,41.0,-232.0,0.0,,2026-07-24T11:48:46.332180+08:00
2360,2026-01-05,78783.0,693281.0,19134.0,791198.0,1426.0,39.0,-118.0,-2.0,,2026-07-24T11:48:46.332180+08:00
2360,2026-01-06,57309.0,296178.0,-81146.0,272341.0,1539.0,48.0,113.0,9.0,,2026-07-24T11:48:46.332180+08:00
2360,2026-01-07,-81741.0,1186744.0,-31918.0,1073085.0,1251.0,48.0,-288.0,0.0,,2026-07-24T11:48:46.332180+08:00
2360,2026-01-08,-63511.0,476643.0,40947.0,454079.0,1152.0,47.0,-99.0,-1.0,,2026-07-24T11:48:46.332180+08:00
2360,2026-01-09,-24821.0,603106.0,73507.0,651792.0,1065.0,45.0,-87.0,-2.0,,2026-07-24T11:48:46.332180+08:00
2360,2026-01-12,39072.0,637398.0,-237682.0,438788.0,1062.0,51.0,-3.0,6.0,,2026-07-24T11:48:46.332180+08:00
2360,2026-01-13,-44939.0,147239.0,-6794.0,95506.0,1036.0,57.0,-26.0,6.0,,2026-07-24T11:48:46.332180+08:00
2360,2026-01-14,2209.0,195098.0,-103706.0,93601.0,1011.0,57.0,-25.0,0.0,,2026-07-24T11:48:46.332180+08:00
2360,2026-01-15,-55042.0,154072.0,-80524.0,18506.0,970.0,54.0,-41.0,-3.0,,2026-07-24T11:48:46.332180+08:00
2360,2026-01-16,-18196.0,453328.0,-297023.0,138109.0,936.0,55.0,-34.0,1.0,,2026-07-24T11:48:46.332180+08:00
2360,2026-01-19,-82606.0,391974.0,-346811.0,-37443.0,907.0,41.0,-29.0,-14.0,,2026-07-24T11:48:46.332180+08:00
2360,2026-01-20,23455.0,1798198.0,-569631.0,1252022.0,858.0,60.0,-49.0,19.0,,2026-07-24T11:48:46.332180+08:00
2360,2026-01-21,20319.0,77471.0,-54436.0,43354.0,864.0,56.0,6.0,-4.0,,2026-07-24T11:48:46.332180+08:00
2360,2026-01-22,42534.0,-124703.0,9483.0,-72686.0,918.0,58.0,54.0,2.0,,2026-07-24T11:48:46.332180+08:00
2360,2026-01-23,-7637.0,25150.0,39640.0,57153.0,924.0,57.0,6.0,-1.0,,2026-07-24T11:48:46.332180+08:00
2360,2026-01-26,-32637.0,68134.0,-53119.0,-17622.0,924.0,54.0,0.0,-3.0,,2026-07-24T11:48:46.332180+08:00
2360,2026-01-27,42094.0,463521.0,56876.0,562491.0,918.0,57.0,-6.0,3.0,,2026-07-24T11:48:46.332180+08:00
2360,2026-01-28,-3963.0,-525901.0,106171.0,-423693.0,952.0,54.0,34.0,-3.0,,2026-07-24T11:48:46.332180+08:00
2360,2026-01-29,-43975.0,372469.0,12671.0,341165.0,906.0,50.0,-46.0,-4.0,,2026-07-24T11:48:46.332180+08:00
2360,2026-01-30,-21469.0,184814.0,-14697.0,148648.0,898.0,42.0,-8.0,-8.0,,2026-07-24T11:48:46.332180+08:00
2360,2026-02-02,-27687.0,-70067.0,24969.0,-72785.0,884.0,40.0,-14.0,-2.0,,2026-07-24T11:48:46.332180+08:00
2360,2026-02-03,78658.0,-60277.0,160733.0,179114.0,924.0,41.0,40.0,1.0,,2026-07-24T11:48:46.332180+08:00
2360,2026-02-04,-50102.0,34229.0,64479.0,48606.0,827.0,34.0,-97.0,-7.0,,2026-07-24T11:48:46.332180+08:00
2360,2026-02-05,-66139.0,-490477.0,-67410.0,-624026.0,940.0,33.0,113.0,-1.0,,2026-07-24T11:48:46.332180+08:00
2360,2026-02-06,-8082.0,-68579.0,-26202.0,-102863.0,1091.0,30.0,151.0,-3.0,,2026-07-24T11:48:46.332180+08:00
2360,2026-02-09,8601.0,541942.0,-132039.0,418504.0,898.0,31.0,-193.0,1.0,,2026-07-24T11:48:46.332180+08:00
2360,2026-02-10,13403.0,292515.0,-12659.0,293259.0,791.0,32.0,-107.0,1.0,,2026-07-24T11:48:46.332180+08:00
2360,2026-02-11,-10103.0,267271.0,-51001.0,206167.0,717.0,32.0,-74.0,0.0,,2026-07-24T11:48:46.332180+08:00
2360,2026-02-23,52544.0,-350226.0,50341.0,-247341.0,1189.0,34.0,472.0,2.0,,2026-07-24T11:48:46.332180+08:00
2360,2026-02-24,127179.0,-697450.0,473778.0,-96493.0,1172.0,33.0,-17.0,-1.0,,2026-07-24T11:48:46.332180+08:00
2360,2026-02-25,61976.0,-614088.0,405012.0,-147100.0,1544.0,35.0,372.0,2.0,,2026-07-24T11:48:46.332180+08:00
2360,2026-02-26,45859.0,-1460451.0,-782483.0,-2197075.0,1765.0,42.0,221.0,7.0,,2026-07-24T11:48:46.332180+08:00
2360,2026-03-02,36193.0,-388856.0,522012.0,169349.0,2071.0,50.0,306.0,8.0,,2026-07-24T11:48:46.332180+08:00
2360,2026-03-03,186363.0,-419719.0,-21329.0,-254685.0,2353.0,39.0,282.0,-11.0,,2026-07-24T11:48:46.332180+08:00
2360,2026-03-04,131075.0,-1082378.0,243684.0,-707619.0,2702.0,32.0,349.0,-7.0,,2026-07-24T11:48:46.332180+08:00
2360,2026-03-05,-60136.0,-109924.0,141685.0,-28375.0,3031.0,36.0,329.0,4.0,,2026-07-24T11:48:46.332180+08:00
2360,2026-03-06,38172.0,-161311.0,38000.0,-85139.0,3199.0,31.0,168.0,-5.0,,2026-07-24T11:48:46.332180+08:00
2360,2026-03-09,-33717.0,-230733.0,39753.0,-224697.0,3283.0,28.0,84.0,-3.0,,2026-07-24T11:48:46.332180+08:00
2360,2026-03-10,-283304.0,1111496.0,122082.0,950274.0,3176.0,46.0,-107.0,18.0,,2026-07-24T11:48:46.332180+08:00
2360,2026-03-11,27971.0,239154.0,5000.0,272125.0,3114.0,69.0,-62.0,23.0,,2026-07-24T11:48:46.332180+08:00
2360,2026-03-12,74321.0,82905.0,-3329.0,153897.0,2994.0,50.0,-120.0,-19.0,,2026-07-24T11:48:46.332180+08:00
2360,2026-03-13,54293.0,-162334.0,-157115.0,-265156.0,3137.0,56.0,143.0,6.0,,2026-07-24T11:48:46.332180+08:00
2360,2026-03-16,-16729.0,-442762.0,-80000.0,-539491.0,3303.0,38.0,166.0,-18.0,,2026-07-24T11:48:46.332180+08:00
2360,2026-03-17,63122.0,-517553.0,516346.0,61915.0,3272.0,25.0,-31.0,-13.0,,2026-07-24T11:48:46.332180+08:00
2360,2026-03-18,77052.0,140518.0,365758.0,583328.0,3448.0,26.0,176.0,1.0,,2026-07-24T11:48:46.332180+08:00
2360,2026-03-19,105688.0,-943517.0,136814.0,-701015.0,3464.0,26.0,16.0,0.0,,2026-07-24T11:48:46.332180+08:00
2360,2026-03-20,23455.0,-311520.0,287553.0,-512.0,3239.0,21.0,-225.0,-5.0,,2026-07-24T11:48:46.332180+08:00
2360,2026-03-23,-34143.0,-50825.0,715928.0,630960.0,2785.0,0.0,-454.0,-21.0,,2026-07-24T11:48:46.332180+08:00
2360,2026-03-24,-150828.0,-309145.0,823452.0,363479.0,2732.0,0.0,-53.0,0.0,,2026-07-24T11:48:46.332180+08:00
2360,2026-03-25,7131.0,-251944.0,78000.0,-166813.0,2858.0,0.0,126.0,0.0,,2026-07-24T11:48:46.332180+08:00
2360,2026-03-26,10075.0,-145905.0,70162.0,-65668.0,2856.0,0.0,-2.0,0.0,,2026-07-24T11:48:46.332180+08:00
2360,2026-03-27,28370.0,-409662.0,188231.0,-193061.0,2873.0,1.0,17.0,1.0,,2026-07-24T11:48:46.332180+08:00
2360,2026-03-30,-114372.0,382037.0,180227.0,447892.0,2591.0,6.0,-282.0,5.0,,2026-07-24T11:48:46.332180+08:00
2360,2026-03-31,-96646.0,-191182.0,-84369.0,-372197.0,2194.0,83.0,-397.0,77.0,,2026-07-24T11:48:46.332180+08:00
2360,2026-04-01,-23245.0,525128.0,-32277.0,469606.0,2163.0,14.0,-31.0,-69.0,,2026-07-24T11:48:46.332180+08:00
2360,2026-04-02,55184.0,-423756.0,288656.0,-79916.0,2030.0,1.0,-133.0,-13.0,,2026-07-24T11:48:46.332180+08:00
2360,2026-04-07,33402.0,-526212.0,88634.0,-404176.0,2088.0,1.0,58.0,0.0,,2026-07-24T11:48:46.332180+08:00
2360,2026-04-08,6052.0,93562.0,-8839.0,90775.0,2340.0,6.0,252.0,5.0,,2026-07-24T11:48:46.332180+08:00
2360,2026-04-09,-89462.0,697336.0,379389.0,987263.0,1825.0,12.0,-515.0,6.0,,2026-07-24T11:48:46.332180+08:00
2360,2026-04-10,-10.0,-967215.0,3547.0,-963678.0,1829.0,7.0,4.0,-5.0,,2026-07-24T11:48:46.332180+08:00
2360,2026-04-13,11307.0,-1480287.0,843970.0,-625010.0,1954.0,14.0,125.0,7.0,,2026-07-24T11:48:46.332180+08:00
2360,2026-04-14,17484.0,-831014.0,72269.0,-741261.0,1955.0,7.0,1.0,-7.0,,2026-07-24T11:48:46.332180+08:00
2360,2026-04-15,12646.0,-357891.0,271434.0,-73811.0,1942.0,26.0,-13.0,19.0,,2026-07-24T11:48:46.332180+08:00
2360,2026-04-16,-149326.0,-1998702.0,607268.0,-1540760.0,1812.0,21.0,-130.0,-5.0,,2026-07-24T11:48:46.332180+08:00
2360,2026-04-17,-6609.0,-1438395.0,275258.0,-1169746.0,1817.0,33.0,5.0,12.0,,2026-07-24T11:48:46.332180+08:00
2360,2026-04-20,261543.0,-3111586.0,-215970.0,-3066013.0,1938.0,41.0,121.0,8.0,,2026-07-24T11:48:46.332180+08:00
2360,2026-04-21,139432.0,-312389.0,-125313.0,-298270.0,2038.0,38.0,100.0,-3.0,,2026-07-24T11:48:46.332180+08:00
2360,2026-04-22,36150.0,447680.0,-86830.0,397000.0,1855.0,41.0,-183.0,3.0,,2026-07-24T11:48:46.332180+08:00
2360,2026-04-23,-59419.0,199930.0,-363991.0,-223480.0,1575.0,38.0,-280.0,-3.0,,2026-07-24T11:48:46.332180+08:00
2360,2026-04-24,-32140.0,-97151.0,-21252.0,-150543.0,1568.0,38.0,-7.0,0.0,,2026-07-24T11:48:46.332180+08:00
2360,2026-04-27,65295.0,1302397.0,-1626831.0,-259139.0,1674.0,38.0,106.0,0.0,,2026-07-24T11:48:46.332180+08:00
2360,2026-04-28,-41856.0,301685.0,89826.0,349655.0,1628.0,41.0,-46.0,3.0,,2026-07-24T11:48:46.332180+08:00
2360,2026-04-29,5504.0,-147371.0,178968.0,37101.0,1639.0,41.0,11.0,0.0,,2026-07-24T11:48:46.332180+08:00
2360,2026-04-30,-11821.0,-248169.0,128448.0,-131542.0,1838.0,38.0,199.0,-3.0,,2026-07-24T11:48:46.332180+08:00
2360,2026-05-04,-107897.0,-199787.0,308585.0,901.0,1632.0,42.0,-206.0,4.0,,2026-07-24T11:48:46.332180+08:00
2360,2026-05-05,49370.0,-800244.0,117913.0,-632961.0,1471.0,37.0,-161.0,-5.0,,2026-07-24T11:48:46.332180+08:00
2360,2026-05-06,-157654.0,998239.0,51751.0,892336.0,1279.0,39.0,-192.0,2.0,,2026-07-24T11:48:46.332180+08:00
2360,2026-05-07,18505.0,-406745.0,-68909.0,-457149.0,1340.0,39.0,61.0,0.0,,2026-07-24T11:48:46.332180+08:00
2360,2026-05-08,-74293.0,248050.0,71675.0,245432.0,1268.0,37.0,-72.0,-2.0,,2026-07-24T11:48:46.332180+08:00
2360,2026-05-11,-17022.0,-64659.0,107449.0,25768.0,1236.0,40.0,-32.0,3.0,,2026-07-24T11:48:46.332180+08:00
2360,2026-05-12,-49423.0,232437.0,412308.0,595322.0,1213.0,64.0,-23.0,24.0,,2026-07-24T11:48:46.332180+08:00
2360,2026-05-13,-5952.0,430762.0,-1594.0,423216.0,1140.0,61.0,-73.0,-3.0,,2026-07-24T11:48:46.332180+08:00
2360,2026-05-14,-29816.0,367381.0,-393326.0,-55761.0,1214.0,59.0,74.0,-2.0,,2026-07-24T11:48:46.332180+08:00
2360,2026-05-15,-17561.0,-131923.0,245910.0,96426.0,1191.0,59.0,-23.0,0.0,,2026-07-24T11:48:46.332180+08:00
2360,2026-05-18,-1024.0,111123.0,-16000.0,94099.0,1242.0,59.0,51.0,0.0,,2026-07-24T11:48:46.332180+08:00
2360,2026-05-19,-3800.0,1206405.0,-607150.0,595455.0,1214.0,59.0,-28.0,0.0,,2026-07-24T11:48:46.332180+08:00
2360,2026-05-20,-50645.0,127272.0,-25654.0,50973.0,1230.0,72.0,16.0,13.0,,2026-07-24T11:48:46.332180+08:00
2360,2026-05-21,28557.0,-482904.0,-23000.0,-477347.0,1071.0,65.0,-159.0,-7.0,,2026-07-24T11:48:46.332180+08:00
2360,2026-05-22,-6476.0,-231894.0,284127.0,45757.0,1163.0,66.0,92.0,1.0,,2026-07-24T11:48:46.332180+08:00
2360,2026-05-25,33122.0,350531.0,184000.0,567653.0,1216.0,66.0,53.0,0.0,,2026-07-24T11:48:46.332180+08:00
2360,2026-05-26,-22784.0,176684.0,34433.0,188333.0,1209.0,68.0,-7.0,2.0,,2026-07-24T11:48:46.332180+08:00
2360,2026-05-27,-46284.0,-169226.0,134171.0,-81339.0,1208.0,71.0,-1.0,3.0,,2026-07-24T11:48:46.332180+08:00
2360,2026-05-28,-14553.0,-244443.0,-151529.0,-410525.0,1119.0,70.0,-89.0,-1.0,,2026-07-24T11:48:46.332180+08:00
2360,2026-05-29,-208.0,-69452.0,-250285.0,-319945.0,1109.0,67.0,-10.0,-3.0,,2026-07-24T11:48:46.332180+08:00
2360,2026-06-01,-11773.0,-655375.0,-252116.0,-919264.0,1106.0,18.0,-3.0,-49.0,,2026-07-24T11:48:46.332180+08:00
2360,2026-06-02,4067.0,882222.0,-684961.0,201328.0,1091.0,17.0,-15.0,-1.0,,2026-07-24T11:48:46.332180+08:00
2360,2026-06-03,-1636.0,520851.0,-130614.0,388601.0,1049.0,17.0,-42.0,0.0,,2026-07-24T11:48:46.332180+08:00
2360,2026-06-04,14181.0,223656.0,15546.0,253383.0,1008.0,18.0,-41.0,1.0,,2026-07-24T11:48:46.332180+08:00
2360,2026-06-05,-2438.0,58806.0,159441.0,215809.0,1005.0,18.0,-3.0,0.0,,2026-07-24T11:48:46.332180+08:00
2360,2026-06-08,6586.0,-45837.0,149910.0,110659.0,953.0,15.0,-52.0,-3.0,,2026-07-24T11:48:46.332180+08:00
2360,2026-06-09,63964.0,510768.0,-462203.0,112529.0,1015.0,11.0,62.0,-4.0,,2026-07-24T11:48:46.332180+08:00
2360,2026-06-10,29964.0,396996.0,-457221.0,-30261.0,962.0,12.0,-53.0,1.0,,2026-07-24T11:48:46.332180+08:00
2360,2026-06-11,58626.0,653637.0,12109.0,724372.0,937.0,0.0,-25.0,-12.0,,2026-07-24T11:48:46.332180+08:00
2360,2026-06-12,-581.0,205432.0,-155404.0,49447.0,945.0,0.0,8.0,0.0,,2026-07-24T11:48:46.332180+08:00
2360,2026-06-15,17620.0,8627.0,-226986.0,-200739.0,962.0,0.0,17.0,0.0,,2026-07-24T11:48:46.332180+08:00
2360,2026-06-16,24608.0,835627.0,-661071.0,199164.0,965.0,0.0,3.0,0.0,,2026-07-24T11:48:46.332180+08:00
2360,2026-06-17,-1524.0,891291.0,-986822.0,-97055.0,979.0,0.0,14.0,0.0,,2026-07-24T11:48:46.332180+08:00
2360,2026-06-18,-1091.0,467444.0,-359026.0,107327.0,931.0,0.0,-48.0,0.0,,2026-07-24T11:48:46.332180+08:00
2360,2026-06-19,-20000.0,-58000.0,14000.0,-64000.0,,,,,,2026-07-24T11:48:46.332180+08:00
2360,2026-06-22,20761.0,825072.0,-565697.0,280136.0,937.0,0.0,,,,2026-07-24T11:48:46.332180+08:00
2360,2026-06-23,13825.0,72544.0,-120775.0,-34406.0,919.0,0.0,-18.0,0.0,,2026-07-24T11:48:46.332180+08:00
2360,2026-06-24,30818.0,515953.0,-698000.0,-151229.0,941.0,0.0,22.0,0.0,,2026-07-24T11:48:46.332180+08:00
2360,2026-06-25,3535.0,260089.0,-249276.0,14348.0,950.0,0.0,9.0,0.0,,2026-07-24T11:48:46.332180+08:00
2360,2026-06-26,-6420.0,185516.0,-70252.0,108844.0,917.0,0.0,-33.0,0.0,,2026-07-24T11:48:46.332180+08:00
2360,2026-06-29,1173.0,67288.0,-9723.0,58738.0,915.0,0.0,-2.0,0.0,,2026-07-24T11:48:46.332180+08:00
2360,2026-06-30,-13834.0,19055.0,136791.0,142012.0,956.0,1.0,41.0,1.0,,2026-07-24T11:48:46.332180+08:00
2360,2026-07-01,23332.0,-163956.0,-22377.0,-163001.0,1097.0,3.0,,,,2026-07-30T01:53:55.408255+08:00
2360,2026-07-02,15887.0,-1407.0,-54434.0,-39954.0,1117.0,1.0,20.0,-2.0,,2026-07-30T01:53:55.408255+08:00
2360,2026-07-03,28820.0,99081.0,-96126.0,31775.0,1149.0,1.0,32.0,0.0,,2026-07-30T01:53:55.408255+08:00
2360,2026-07-06,411.0,-101986.0,-216568.0,-318143.0,1127.0,1.0,-22.0,0.0,,2026-07-30T01:53:55.408255+08:00
2360,2026-07-07,27997.0,-14281.0,-437843.0,-424127.0,1089.0,135.0,-38.0,134.0,,2026-07-30T01:53:55.408255+08:00
2360,2026-07-08,25018.0,1253360.0,-428386.0,849992.0,1124.0,14.0,35.0,-121.0,,2026-07-30T01:53:55.408255+08:00
2360,2026-07-09,21175.0,782294.0,-509039.0,294430.0,1158.0,19.0,34.0,5.0,,2026-07-30T01:53:55.408255+08:00
2360,2026-07-13,-54428.0,111315.0,-83552.0,-26665.0,1166.0,17.0,8.0,-2.0,,2026-07-30T01:53:55.408255+08:00
2360,2026-07-14,61018.0,462337.0,-281544.0,241811.0,1067.0,1.0,-99.0,-16.0,,2026-07-30T01:53:55.408255+08:00
2360,2026-07-15,-105251.0,-46936.0,95464.0,-56723.0,1166.0,0.0,99.0,-1.0,,2026-07-30T01:53:55.408255+08:00
2360,2026-07-16,-3031.0,-1121995.0,685777.0,-439249.0,1195.0,4.0,29.0,4.0,,2026-07-30T01:53:55.408255+08:00
2360,2026-07-17,101751.0,-727648.0,334016.0,-291881.0,1171.0,0.0,-24.0,-4.0,,2026-07-30T01:53:55.408255+08:00
2360,2026-07-20,114257.0,-109075.0,98047.0,103229.0,1136.0,1.0,-35.0,1.0,,2026-07-30T01:53:55.408255+08:00
2360,2026-07-21,1152.0,-1012403.0,712998.0,-298253.0,1291.0,6.0,155.0,5.0,,2026-07-30T01:53:55.408255+08:00
2360,2026-07-22,-14588.0,-579052.0,686725.0,93085.0,1140.0,8.0,-151.0,2.0,,2026-07-30T01:53:55.408255+08:00
2360,2026-07-23,3099.0,-469505.0,197858.0,-268548.0,1365.0,7.0,225.0,-1.0,,2026-07-30T01:53:55.408255+08:00
2360,2026-07-24,4043.0,-97909.0,292623.0,198757.0,1357.0,4.0,-8.0,-3.0,,2026-07-30T01:53:55.408255+08:00
2360,2026-07-27,1964.0,-605779.0,254654.0,-349161.0,1559.0,11.0,202.0,7.0,,2026-07-30T01:53:55.408255+08:00
2360,2026-07-28,102091.0,-447697.0,435068.0,89462.0,1394.0,4.0,-165.0,-7.0,,2026-07-30T01:53:55.408255+08:00
2360,2026-07-29,70187.0,-608627.0,569614.0,31174.0,1206.0,8.0,-188.0,4.0,,2026-07-30T01:53:55.408255+08:00
2360,2026-08-03,9953.0,-895059.0,-87640.0,-972746.0,1394.0,20.0,,,,2026-08-11T08:08:35.218683+08:00
2360,2026-08-04,64016.0,2044768.0,-2553000.0,-444216.0,1483.0,16.0,89.0,-4.0,,2026-08-11T08:08:35.218683+08:00
2360,2026-08-05,-10812.0,733653.0,-1120922.0,-398081.0,1539.0,8.0,56.0,-8.0,,2026-08-11T08:08:35.218683+08:00
2360,2026-08-06,61.0,793987.0,-459846.0,334202.0,1541.0,11.0,2.0,3.0,,2026-08-11T08:08:35.218683+08:00
2360,2026-08-07,-154927.0,144700.0,165000.0,154773.0,1468.0,9.0,-73.0,-2.0,,2026-08-11T08:08:35.218683+08:00
2360,2026-08-10,35184.0,-173325.0,-28264.0,-166405.0,1521.0,9.0,53.0,0.0,,2026-08-11T08:08:35.218683+08:00
2360,2026-08-03,9953.0,-895059.0,-87640.0,-972746.0,1394.0,20.0,,,,2026-08-11T17:41:20.753954+08:00
2360,2026-08-04,64016.0,2044768.0,-2553000.0,-444216.0,1483.0,16.0,89.0,-4.0,,2026-08-11T17:41:20.753954+08:00
2360,2026-08-05,-10812.0,733653.0,-1120922.0,-398081.0,1539.0,8.0,56.0,-8.0,,2026-08-11T17:41:20.753954+08:00
2360,2026-08-06,61.0,793987.0,-459846.0,334202.0,1541.0,11.0,2.0,3.0,,2026-08-11T17:41:20.753954+08:00
2360,2026-08-07,-154927.0,144700.0,165000.0,154773.0,1468.0,9.0,-73.0,-2.0,,2026-08-11T17:41:20.753954+08:00
2360,2026-08-10,35184.0,-173325.0,-28264.0,-166405.0,1521.0,9.0,53.0,0.0,,2026-08-11T17:41:20.753954+08:00
2360,2026-08-11,-2549.0,194821.0,18637.0,210909.0,,,,,,2026-08-11T17:41:20.753954+08:00
