stock_id,trade_date,dealer_net,foreign_net,investment_trust_net,institutional_net,margin_balance,short_balance,margin_change,short_change,securities_lending,updated_at
2412,2016-01-04,19000,-1678200,-750000,-2409200,889.0,126.0,,,,2026-07-24T11:48:54.273691+08:00
2412,2016-01-05,2000,108179,22000,132179,829.0,128.0,-60.0,2.0,,2026-07-24T11:48:54.273691+08:00
2412,2016-01-06,-70000,4086699,424000,4440699,1001.0,126.0,172.0,-2.0,,2026-07-24T11:48:54.273691+08:00
2412,2016-01-07,413000,5865348,356000,6634348,1016.0,128.0,15.0,2.0,,2026-07-24T11:48:54.273691+08:00
2412,2016-01-08,15000,8753020,36000,8804020,1040.0,133.0,24.0,5.0,,2026-07-24T11:48:54.273691+08:00
2412,2016-01-11,-33000,14902382,783000,15652382,923.0,159.0,-117.0,26.0,,2026-07-24T11:48:54.273691+08:00
2412,2016-01-12,-131000,7481300,1999000,9349300,991.0,164.0,68.0,5.0,,2026-07-24T11:48:54.273691+08:00
2412,2016-01-13,-18000,7325741,-71000,7236741,990.0,172.0,-1.0,8.0,,2026-07-24T11:48:54.273691+08:00
2412,2016-01-14,92000,13024670,1231000,14347670,1047.0,185.0,57.0,13.0,,2026-07-24T11:48:54.273691+08:00
2412,2016-01-15,-719000,2577652,979000,2837652,1050.0,190.0,3.0,5.0,,2026-07-24T11:48:54.273691+08:00
2412,2016-01-18,-5000,1934984,410000,2339984,1052.0,181.0,2.0,-9.0,,2026-07-24T11:48:54.273691+08:00
2412,2016-01-19,-9000,3278691,302000,3571691,999.0,178.0,-53.0,-3.0,,2026-07-24T11:48:54.273691+08:00
2412,2016-01-20,-147000,559930,115000,527930,934.0,179.0,-65.0,1.0,,2026-07-24T11:48:54.273691+08:00
2412,2016-01-21,1000,1335561,249000,1585561,937.0,177.0,3.0,-2.0,,2026-07-24T11:48:54.273691+08:00
2412,2016-01-22,-22000,1506210,0,1484210,928.0,176.0,-9.0,-1.0,,2026-07-24T11:48:54.273691+08:00
2412,2016-01-25,-12000,7138670,-139000,6987670,906.0,190.0,-22.0,14.0,,2026-07-24T11:48:54.273691+08:00
2412,2016-01-26,51000,2464484,31000,2546484,905.0,191.0,-1.0,1.0,,2026-07-24T11:48:54.273691+08:00
2412,2016-01-27,109000,2517802,-25000,2601802,927.0,191.0,22.0,0.0,,2026-07-24T11:48:54.273691+08:00
2412,2016-01-28,92000,7722130,332000,8146130,898.0,203.0,-29.0,12.0,,2026-07-24T11:48:54.273691+08:00
2412,2016-01-29,-5000,6737016,82000,6814016,838.0,208.0,-60.0,5.0,,2026-07-24T11:48:54.273691+08:00
2412,2016-01-30,90000,1291000,-381000,1000000,669.0,218.0,-169.0,10.0,,2026-07-24T11:48:54.273691+08:00
2412,2016-02-01,132000,4705321,256000,5093321,657.0,208.0,-12.0,-10.0,,2026-07-24T11:48:54.273691+08:00
2412,2016-02-02,153000,3976147,184000,4313147,650.0,208.0,-7.0,0.0,,2026-07-24T11:48:54.273691+08:00
2412,2016-02-03,181000,869648,-36000,1014648,642.0,206.0,-8.0,-2.0,,2026-07-24T11:48:54.273691+08:00
2412,2016-02-05,-1396000,2342931,-30000,916931,,,,,,2026-07-24T11:48:54.273691+08:00
2412,2016-02-15,26000,7972627,52380,8051007,632.0,206.0,,,,2026-07-24T11:48:54.273691+08:00
2412,2016-02-16,496000,2272010,-458000,2310010,660.0,205.0,28.0,-1.0,,2026-07-24T11:48:54.273691+08:00
2412,2016-02-17,816000,3285737,-9000,4092737,639.0,209.0,-21.0,4.0,,2026-07-24T11:48:54.273691+08:00
2412,2016-02-18,148000,871000,-241000,778000,706.0,208.0,67.0,-1.0,,2026-07-24T11:48:54.273691+08:00
2412,2016-02-19,136000,3874780,28000,4038780,675.0,206.0,-31.0,-2.0,,2026-07-24T11:48:54.273691+08:00
2412,2016-02-22,262000,1506000,0,1768000,677.0,206.0,2.0,0.0,,2026-07-24T11:48:54.273691+08:00
2412,2016-02-23,50000,914342,-137000,827342,661.0,203.0,-16.0,-3.0,,2026-07-24T11:48:54.273691+08:00
2412,2016-02-24,-87000,1575366,-140000,1348366,740.0,201.0,79.0,-2.0,,2026-07-24T11:48:54.273691+08:00
2412,2016-02-25,380000,7941387,-16000,8305387,667.0,231.0,-73.0,30.0,,2026-07-24T11:48:54.273691+08:00
2412,2016-02-26,221000,8132492,55000,8408492,672.0,230.0,5.0,-1.0,,2026-07-24T11:48:54.273691+08:00
2412,2016-03-01,36000,6471088,-326000,6181088,660.0,253.0,-12.0,23.0,,2026-07-24T11:48:54.273691+08:00
2412,2016-03-02,390000,2060350,-4000,2446350,639.0,230.0,-21.0,-23.0,,2026-07-24T11:48:54.273691+08:00
2412,2016-03-03,61000,4594862,6000,4661862,629.0,233.0,-10.0,3.0,,2026-07-24T11:48:54.273691+08:00
2412,2016-03-04,143000,327080,-264000,206080,637.0,206.0,8.0,-27.0,,2026-07-24T11:48:54.273691+08:00
2412,2016-03-07,7000,-118915,250000,138085,638.0,205.0,1.0,-1.0,,2026-07-24T11:48:54.273691+08:00
2412,2016-03-08,50000,-1130767,-61000,-1141767,653.0,203.0,15.0,-2.0,,2026-07-24T11:48:54.273691+08:00
2412,2016-03-09,128000,768736,-63000,833736,622.0,201.0,-31.0,-2.0,,2026-07-24T11:48:54.273691+08:00
2412,2016-03-10,17000,3761000,-168000,3610000,611.0,203.0,-11.0,2.0,,2026-07-24T11:48:54.273691+08:00
2412,2016-03-11,58807,3373000,0,3431807,619.0,199.0,8.0,-4.0,,2026-07-24T11:48:54.273691+08:00
2412,2016-03-14,460000,4238000,-714000,3984000,908.0,199.0,289.0,0.0,,2026-07-24T11:48:54.273691+08:00
2412,2016-03-15,-197000,2957906,-22000,2738906,943.0,199.0,35.0,0.0,,2026-07-24T11:48:54.273691+08:00
2412,2016-03-16,459000,5338000,-14000,5783000,983.0,211.0,40.0,12.0,,2026-07-24T11:48:54.273691+08:00
2412,2016-03-17,43000,3106904,14000,3163904,1039.0,201.0,56.0,-10.0,,2026-07-24T11:48:54.273691+08:00
2412,2016-03-18,-67000,4000786,45000,3978786,1084.0,191.0,45.0,-10.0,,2026-07-24T11:48:54.273691+08:00
2412,2016-03-21,-34000,-1266000,63000,-1237000,1066.0,180.0,-18.0,-11.0,,2026-07-24T11:48:54.273691+08:00
2412,2016-03-22,-93000,2710557,0,2617557,1056.0,181.0,-10.0,1.0,,2026-07-24T11:48:54.273691+08:00
2412,2016-03-23,-13000,3649000,0,3636000,1054.0,182.0,-2.0,1.0,,2026-07-24T11:48:54.273691+08:00
2412,2016-03-24,27000,6479800,330000,6836800,1041.0,188.0,-13.0,6.0,,2026-07-24T11:48:54.273691+08:00
2412,2016-03-25,-5000,891000,1046000,1932000,1091.0,188.0,50.0,0.0,,2026-07-24T11:48:54.273691+08:00
2412,2016-03-28,37000,306000,599000,942000,1040.0,189.0,-51.0,1.0,,2026-07-24T11:48:54.273691+08:00
2412,2016-03-29,-584000,842005,810000,1068005,1011.0,183.0,-29.0,-6.0,,2026-07-24T11:48:54.273691+08:00
2412,2016-03-30,-47000,3462660,837000,4252660,1002.0,188.0,-9.0,5.0,,2026-07-24T11:48:54.273691+08:00
2412,2016-03-31,45000,1274243,6000,1325243,1008.0,188.0,6.0,0.0,,2026-07-24T11:48:54.273691+08:00
2412,2016-04-01,-855000,-860535,-25000,-1740535,1011.0,190.0,3.0,2.0,,2026-07-24T11:48:54.273691+08:00
2412,2016-04-06,41000,-2887484,-40000,-2886484,807.0,190.0,-204.0,0.0,,2026-07-24T11:48:54.273691+08:00
2412,2016-04-07,-7000,1384927,-533000,844927,802.0,188.0,-5.0,-2.0,,2026-07-24T11:48:54.273691+08:00
2412,2016-04-08,-6000,3017000,30000,3041000,742.0,176.0,-60.0,-12.0,,2026-07-24T11:48:54.273691+08:00
2412,2016-04-11,-10000,1941130,627000,2558130,741.0,173.0,-1.0,-3.0,,2026-07-24T11:48:54.273691+08:00
2412,2016-04-12,7000,531000,691000,1229000,738.0,173.0,-3.0,0.0,,2026-07-24T11:48:54.273691+08:00
2412,2016-04-13,-1000,3063100,289000,3351100,743.0,173.0,5.0,0.0,,2026-07-24T11:48:54.273691+08:00
2412,2016-04-14,56000,5592,51000,112592,722.0,154.0,-21.0,-19.0,,2026-07-24T11:48:54.273691+08:00
2412,2016-04-15,81000,4819505,34000,4934505,710.0,98.0,-12.0,-56.0,,2026-07-24T11:48:54.273691+08:00
2412,2016-04-18,17000,1595000,478000,2090000,721.0,3.0,11.0,-95.0,,2026-07-24T11:48:54.273691+08:00
2412,2016-04-19,223000,-941000,303000,-415000,733.0,0.0,12.0,-3.0,,2026-07-24T11:48:54.273691+08:00
2412,2016-04-20,209000,-440910,-37000,-268910,814.0,0.0,81.0,0.0,,2026-07-24T11:48:54.273691+08:00
2412,2016-04-21,45000,4607022,46000,4698022,842.0,0.0,28.0,0.0,,2026-07-24T11:48:54.273691+08:00
2412,2016-04-22,-17000,5347679,88000,5418679,845.0,3.0,3.0,3.0,,2026-07-24T11:48:54.273691+08:00
2412,2016-04-25,-12000,5610440,439000,6037440,770.0,5.0,-75.0,2.0,,2026-07-24T11:48:54.273691+08:00
2412,2016-04-26,-4000,1744229,-278000,1462229,761.0,9.0,-9.0,4.0,,2026-07-24T11:48:54.273691+08:00
2412,2016-04-27,-73000,2925000,9000,2861000,794.0,9.0,33.0,0.0,,2026-07-24T11:48:54.273691+08:00
2412,2016-04-28,-368000,526478,0,158478,827.0,8.0,33.0,-1.0,,2026-07-24T11:48:54.273691+08:00
2412,2016-04-29,30000,2863816,425000,3318816,867.0,9.0,40.0,1.0,,2026-07-24T11:48:54.273691+08:00
2412,2016-05-03,33000,2054394,482000,2569394,860.0,30.0,-7.0,21.0,,2026-07-24T11:48:54.273691+08:00
2412,2016-05-04,-64000,1257438,1059000,2252438,851.0,37.0,-9.0,7.0,,2026-07-24T11:48:54.273691+08:00
2412,2016-05-05,80000,-498000,68000,-350000,832.0,41.0,-19.0,4.0,,2026-07-24T11:48:54.273691+08:00
2412,2016-05-06,15000,583858,83000,681858,861.0,65.0,29.0,24.0,,2026-07-24T11:48:54.273691+08:00
2412,2016-05-09,48000,1231000,401000,1680000,884.0,68.0,23.0,3.0,,2026-07-24T11:48:54.273691+08:00
2412,2016-05-10,202000,4061775,555205,4818980,865.0,70.0,-19.0,2.0,,2026-07-24T11:48:54.273691+08:00
2412,2016-05-11,54000,-1134185,437000,-643185,876.0,73.0,11.0,3.0,,2026-07-24T11:48:54.273691+08:00
2412,2016-05-12,64000,3591000,298000,3953000,970.0,95.0,94.0,22.0,,2026-07-24T11:48:54.273691+08:00
2412,2016-05-13,-13000,1954200,931000,2872200,915.0,112.0,-55.0,17.0,,2026-07-24T11:48:54.273691+08:00
2412,2016-05-16,53000,-2219673,95000,-2071673,1112.0,100.0,197.0,-12.0,,2026-07-24T11:48:54.273691+08:00
2412,2016-05-17,84000,164245,-80000,168245,1153.0,99.0,41.0,-1.0,,2026-07-24T11:48:54.273691+08:00
2412,2016-05-18,106000,1371216,0,1477216,1117.0,101.0,-36.0,2.0,,2026-07-24T11:48:54.273691+08:00
2412,2016-05-19,20000,-2606385,0,-2586385,1210.0,98.0,93.0,-3.0,,2026-07-24T11:48:54.273691+08:00
2412,2016-05-20,26000,1007839,163000,1196839,1203.0,99.0,-7.0,1.0,,2026-07-24T11:48:54.273691+08:00
2412,2016-05-23,9000,650267,-1174000,-514733,1158.0,94.0,-45.0,-5.0,,2026-07-24T11:48:54.273691+08:00
2412,2016-05-24,56000,2288418,-67000,2277418,1143.0,95.0,-15.0,1.0,,2026-07-24T11:48:54.273691+08:00
2412,2016-05-25,32000,838779,-231000,639779,1127.0,95.0,-16.0,0.0,,2026-07-24T11:48:54.273691+08:00
2412,2016-05-26,45000,-863400,-234000,-1052400,1045.0,82.0,-82.0,-13.0,,2026-07-24T11:48:54.273691+08:00
2412,2016-05-27,45000,1768367,153000,1966367,1025.0,42.0,-20.0,-40.0,,2026-07-24T11:48:54.273691+08:00
2412,2016-05-30,-5000,-991182,-199000,-1195182,1014.0,41.0,-11.0,-1.0,,2026-07-24T11:48:54.273691+08:00
2412,2016-05-31,62000,-1294339,-1423000,-2655339,983.0,37.0,-31.0,-4.0,,2026-07-24T11:48:54.273691+08:00
2412,2016-06-01,44000,3823976,-670000,3197976,889.0,37.0,-94.0,0.0,,2026-07-24T11:48:54.273691+08:00
2412,2016-06-02,17000,2070552,63000,2150552,868.0,39.0,-21.0,2.0,,2026-07-24T11:48:54.273691+08:00
2412,2016-06-03,34000,3739000,-16000,3757000,861.0,41.0,-7.0,2.0,,2026-07-24T11:48:54.273691+08:00
2412,2016-06-04,17000,103000,-10000,110000,858.0,40.0,-3.0,-1.0,,2026-07-24T11:48:54.273691+08:00
2412,2016-06-06,-31000,989000,-10000,948000,822.0,43.0,-36.0,3.0,,2026-07-24T11:48:54.273691+08:00
2412,2016-06-07,438000,3024000,-30000,3432000,750.0,45.0,-72.0,2.0,,2026-07-24T11:48:54.273691+08:00
2412,2016-06-08,170000,3195100,154000,3519100,774.0,44.0,24.0,-1.0,,2026-07-24T11:48:54.273691+08:00
2412,2016-06-13,73000,159241,-194000,38241,820.0,44.0,46.0,0.0,,2026-07-24T11:48:54.273691+08:00
2412,2016-06-14,206000,-447330,11000,-230330,866.0,44.0,46.0,0.0,,2026-07-24T11:48:54.273691+08:00
2412,2016-06-15,240000,584079,-12000,812079,867.0,44.0,1.0,0.0,,2026-07-24T11:48:54.273691+08:00
2412,2016-06-16,72000,-2367006,-15000,-2310006,888.0,46.0,21.0,2.0,,2026-07-24T11:48:54.273691+08:00
2412,2016-06-17,147000,1681813,7000,1835813,846.0,58.0,-42.0,12.0,,2026-07-24T11:48:54.273691+08:00
2412,2016-06-20,279000,873000,-128000,1024000,837.0,59.0,-9.0,1.0,,2026-07-24T11:48:54.273691+08:00
2412,2016-06-21,103000,1372944,-91000,1384944,849.0,59.0,12.0,0.0,,2026-07-24T11:48:54.273691+08:00
2412,2016-06-22,-60000,702132,-40000,602132,865.0,57.0,16.0,-2.0,,2026-07-24T11:48:54.273691+08:00
2412,2016-06-23,8000,728230,0,736230,869.0,55.0,4.0,-2.0,,2026-07-24T11:48:54.273691+08:00
2412,2016-06-24,942000,-3252828,136000,-2174828,958.0,53.0,89.0,-2.0,,2026-07-24T11:48:54.273691+08:00
2412,2016-06-27,281000,1584000,129000,1994000,946.0,53.0,-12.0,0.0,,2026-07-24T11:48:54.273691+08:00
2412,2016-06-28,182000,6019000,-1000,6200000,912.0,53.0,-34.0,0.0,,2026-07-24T11:48:54.273691+08:00
2412,2016-06-29,272000,4387700,375000,5034700,880.0,53.0,-32.0,0.0,,2026-07-24T11:48:54.273691+08:00
2412,2016-06-30,515000,5863250,138000,6516250,917.0,54.0,37.0,1.0,,2026-07-24T11:48:54.273691+08:00
2412,2016-07-01,984000,-1595079,170000,-441079,1153.0,25.0,236.0,-29.0,,2026-07-24T11:48:54.273691+08:00
2412,2016-07-04,596000,711000,125000,1432000,1234.0,25.0,81.0,0.0,,2026-07-24T11:48:54.273691+08:00
2412,2016-07-05,742000,-2440000,-213000,-1911000,1228.0,26.0,-6.0,1.0,,2026-07-24T11:48:54.273691+08:00
2412,2016-07-06,837000,-5539512,-34000,-4736512,1324.0,19.0,96.0,-7.0,,2026-07-24T11:48:54.273691+08:00
2412,2016-07-07,569000,-852348,62000,-221348,1351.0,20.0,27.0,1.0,,2026-07-24T11:48:54.273691+08:00
2412,2016-07-11,941000,2666488,150000,3757488,1584.0,21.0,233.0,1.0,,2026-07-24T11:48:54.273691+08:00
2412,2016-07-12,531000,738593,176000,1445593,1864.0,13.0,280.0,-8.0,,2026-07-24T11:48:54.273691+08:00
2412,2016-07-13,-513000,-2438882,-100000,-3051882,1909.0,12.0,45.0,-1.0,,2026-07-24T11:48:54.273691+08:00
2412,2016-07-14,682000,-5627525,132000,-4813525,1981.0,8.0,72.0,-4.0,,2026-07-24T11:48:54.273691+08:00
2412,2016-07-15,474000,735503,-117000,1092503,1916.0,4.0,-65.0,-4.0,,2026-07-24T11:48:54.273691+08:00
2412,2016-07-18,1663000,-1255165,33000,440835,2011.0,0.0,95.0,-4.0,,2026-07-24T11:48:54.273691+08:00
2412,2016-07-19,1220000,685899,-501000,1404899,2186.0,0.0,175.0,0.0,,2026-07-24T11:48:54.273691+08:00
2412,2016-07-20,3364000,-4639100,0,-1275100,3083.0,0.0,897.0,0.0,,2026-07-24T11:48:54.273691+08:00
2412,2016-07-21,-726000,-842065,-86000,-1654065,2289.0,17.0,-794.0,17.0,,2026-07-24T11:48:54.273691+08:00
2412,2016-07-22,-61000,-633979,-1521000,-2215979,2311.0,41.0,22.0,24.0,,2026-07-24T11:48:54.273691+08:00
2412,2016-07-25,-915000,2604250,-219000,1470250,2310.0,91.0,-1.0,50.0,,2026-07-24T11:48:54.273691+08:00
2412,2016-07-26,-647000,4211000,69000,3633000,2306.0,100.0,-4.0,9.0,,2026-07-24T11:48:54.273691+08:00
2412,2016-07-27,1000,2188000,118000,2307000,2279.0,104.0,-27.0,4.0,,2026-07-24T11:48:54.273691+08:00
2412,2016-07-28,61000,4564000,-1159000,3466000,2271.0,112.0,-8.0,8.0,,2026-07-24T11:48:54.273691+08:00
2412,2016-07-29,-193000,-7260939,87131,-7366808,2410.0,84.0,139.0,-28.0,,2026-07-24T11:48:54.273691+08:00
2412,2016-08-01,-372000,3080716,-248000,2460716,2280.0,100.0,-130.0,16.0,,2026-07-24T11:48:54.273691+08:00
2412,2016-08-02,-277000,-167102,-92000,-536102,2268.0,101.0,-12.0,1.0,,2026-07-24T11:48:54.273691+08:00
2412,2016-08-03,-83000,764806,-446000,235806,2203.0,96.0,-65.0,-5.0,,2026-07-24T11:48:54.273691+08:00
2412,2016-08-04,-130000,-358000,-81000,-569000,2180.0,106.0,-23.0,10.0,,2026-07-24T11:48:54.273691+08:00
2412,2016-08-05,58000,-708585,-55000,-705585,2294.0,106.0,114.0,0.0,,2026-07-24T11:48:54.273691+08:00
2412,2016-08-08,39000,1809604,-183000,1665604,2150.0,126.0,-144.0,20.0,,2026-07-24T11:48:54.273691+08:00
2412,2016-08-09,3000,-267000,-1000,-265000,2139.0,127.0,-11.0,1.0,,2026-07-24T11:48:54.273691+08:00
2412,2016-08-10,-24000,426000,146000,548000,2160.0,124.0,21.0,-3.0,,2026-07-24T11:48:54.273691+08:00
2412,2016-08-11,-135000,-1189000,341000,-983000,2161.0,119.0,1.0,-5.0,,2026-07-24T11:48:54.273691+08:00
2412,2016-08-12,35000,-3901000,-19000,-3885000,2249.0,116.0,88.0,-3.0,,2026-07-24T11:48:54.273691+08:00
2412,2016-08-15,62000,-745433,-194000,-877433,2205.0,119.0,-44.0,3.0,,2026-07-24T11:48:54.273691+08:00
2412,2016-08-16,-72000,-3483871,-57000,-3612871,2215.0,125.0,10.0,6.0,,2026-07-24T11:48:54.273691+08:00
2412,2016-08-17,-1925000,-11952193,689000,-13188193,2334.0,130.0,119.0,5.0,,2026-07-24T11:48:54.273691+08:00
2412,2016-08-18,-128000,-3330029,174000,-3284029,2256.0,134.0,-78.0,4.0,,2026-07-24T11:48:54.273691+08:00
2412,2016-08-19,-42000,-5306239,-335000,-5683239,2172.0,123.0,-84.0,-11.0,,2026-07-24T11:48:54.273691+08:00
2412,2016-08-22,-50000,-1470131,323000,-1197131,2023.0,161.0,-149.0,38.0,,2026-07-24T11:48:54.273691+08:00
2412,2016-08-23,-46000,-1744900,1098000,-692900,1942.0,164.0,-81.0,3.0,,2026-07-24T11:48:54.273691+08:00
2412,2016-08-24,-10000,-1452026,33000,-1429026,1861.0,166.0,-81.0,2.0,,2026-07-24T11:48:54.273691+08:00
2412,2016-08-25,-8000,-181407,-360000,-549407,1981.0,167.0,120.0,1.0,,2026-07-24T11:48:54.273691+08:00
2412,2016-08-26,1000,-523216,22000,-500216,1963.0,157.0,-18.0,-10.0,,2026-07-24T11:48:54.273691+08:00
2412,2016-08-29,-94000,-3204900,5000,-3293900,1948.0,153.0,-15.0,-4.0,,2026-07-24T11:48:54.273691+08:00
2412,2016-08-30,-54000,-2360195,6000,-2408195,1960.0,158.0,12.0,5.0,,2026-07-24T11:48:54.273691+08:00
2412,2016-08-31,-602000,-5046691,-468000,-6116691,2029.0,145.0,69.0,-13.0,,2026-07-24T11:48:54.273691+08:00
2412,2016-09-01,-91000,-8445822,56000,-8480822,2966.0,143.0,937.0,-2.0,,2026-07-24T11:48:54.273691+08:00
2412,2016-09-02,-1000,-6966050,-80000,-7047050,2980.0,242.0,14.0,99.0,,2026-07-24T11:48:54.273691+08:00
2412,2016-09-05,13000,712750,69000,794750,1929.0,236.0,-1051.0,-6.0,,2026-07-24T11:48:54.273691+08:00
2412,2016-09-06,-16000,-655948,-109000,-780948,1829.0,238.0,-100.0,2.0,,2026-07-24T11:48:54.273691+08:00
2412,2016-09-07,11000,-118000,83000,-24000,1761.0,154.0,-68.0,-84.0,,2026-07-24T11:48:54.273691+08:00
2412,2016-09-08,-12000,-4231593,-215000,-4458593,1794.0,129.0,33.0,-25.0,,2026-07-24T11:48:54.273691+08:00
2412,2016-09-09,-24000,-7390000,-257000,-7671000,1829.0,127.0,35.0,-2.0,,2026-07-24T11:48:54.273691+08:00
2412,2016-09-10,-270000,-1492000,-15000,-1777000,1847.0,127.0,18.0,0.0,,2026-07-24T11:48:54.273691+08:00
2412,2016-09-12,2000,-5451286,-27000,-5476286,1872.0,121.0,25.0,-6.0,,2026-07-24T11:48:54.273691+08:00
2412,2016-09-13,-64000,-8368000,0,-8432000,1912.0,117.0,40.0,-4.0,,2026-07-24T11:48:54.273691+08:00
2412,2016-09-14,-53000,-7322819,-389000,-7764819,1915.0,122.0,3.0,5.0,,2026-07-24T11:48:54.273691+08:00
2412,2016-09-19,835000,-12435002,-82000,-11682002,1993.0,115.0,78.0,-7.0,,2026-07-24T11:48:54.273691+08:00
2412,2016-09-20,297000,-12560224,0,-12263224,2113.0,115.0,120.0,0.0,,2026-07-24T11:48:54.273691+08:00
2412,2016-09-21,-162000,-2814106,21000,-2955106,2003.0,118.0,-110.0,3.0,,2026-07-24T11:48:54.273691+08:00
2412,2016-09-22,-50000,-8030475,32000,-8048475,2061.0,119.0,58.0,1.0,,2026-07-24T11:48:54.273691+08:00
2412,2016-09-23,-4000,-6425129,0,-6429129,2024.0,114.0,-37.0,-5.0,,2026-07-24T11:48:54.273691+08:00
2412,2016-09-26,31000,-3000000,0,-2969000,2010.0,113.0,-14.0,-1.0,,2026-07-24T11:48:54.273691+08:00
2412,2016-09-29,2000,-5440474,67000,-5371474,2006.0,115.0,-4.0,2.0,,2026-07-24T11:48:54.273691+08:00
2412,2016-09-30,-47000,-9188896,15666,-9220230,2617.0,110.0,611.0,-5.0,,2026-07-24T11:48:54.273691+08:00
2412,2016-10-03,84000,-1270409,-145000,-1331409,2036.0,102.0,-581.0,-8.0,,2026-07-24T11:48:54.273691+08:00
2412,2016-10-04,8000,-7126161,-220000,-7338161,1972.0,128.0,-64.0,26.0,,2026-07-24T11:48:54.273691+08:00
2412,2016-10-05,-31000,-4867024,-11000,-4909024,1977.0,95.0,5.0,-33.0,,2026-07-24T11:48:54.273691+08:00
2412,2016-10-06,-31000,-5684402,-126000,-5841402,1950.0,88.0,-27.0,-7.0,,2026-07-24T11:48:54.273691+08:00
2412,2016-10-07,24000,-7829215,-422000,-8227215,1910.0,88.0,-40.0,0.0,,2026-07-24T11:48:54.273691+08:00
2412,2016-10-11,7000,-6234100,-45000,-6272100,1902.0,83.0,-8.0,-5.0,,2026-07-24T11:48:54.273691+08:00
2412,2016-10-12,50000,-8637508,-63000,-8650508,1926.0,80.0,24.0,-3.0,,2026-07-24T11:48:54.273691+08:00
2412,2016-10-13,-27000,-3828000,-95000,-3950000,1888.0,140.0,-38.0,60.0,,2026-07-24T11:48:54.273691+08:00
2412,2016-10-14,63000,-12871520,-113000,-12921520,1927.0,145.0,39.0,5.0,,2026-07-24T11:48:54.273691+08:00
2412,2016-10-17,3000,-83826,142000,61174,1860.0,153.0,-67.0,8.0,,2026-07-24T11:48:54.273691+08:00
2412,2016-10-18,1000,-813424,195000,-617424,1742.0,153.0,-118.0,0.0,,2026-07-24T11:48:54.273691+08:00
2412,2016-10-19,-126000,-6597167,0,-6723167,1776.0,89.0,34.0,-64.0,,2026-07-24T11:48:54.273691+08:00
2412,2016-10-20,-48000,-2417190,-1906000,-4371190,1773.0,89.0,-3.0,0.0,,2026-07-24T11:48:54.273691+08:00
2412,2016-10-21,-117000,-4214000,-921000,-5252000,1780.0,89.0,7.0,0.0,,2026-07-24T11:48:54.273691+08:00
2412,2016-10-24,-14000,-1422000,-121000,-1557000,1684.0,119.0,-96.0,30.0,,2026-07-24T11:48:54.273691+08:00
2412,2016-10-25,-4000,-4928000,-65000,-4997000,1954.0,90.0,270.0,-29.0,,2026-07-24T11:48:54.273691+08:00
2412,2016-10-26,0,-7925999,-128000,-8053999,1792.0,90.0,-162.0,0.0,,2026-07-24T11:48:54.273691+08:00
2412,2016-10-27,0,-11037275,61000,-10976275,1782.0,90.0,-10.0,0.0,,2026-07-24T11:48:54.273691+08:00
2412,2016-10-28,-9000,-10587998,100000,-10496998,1930.0,135.0,148.0,45.0,,2026-07-24T11:48:54.273691+08:00
2412,2016-10-31,245000,-14403895,8000,-14150895,3738.0,87.0,1808.0,-48.0,,2026-07-24T11:48:54.273691+08:00
2412,2016-11-01,312000,-6288099,-434000,-6410099,2914.0,107.0,-824.0,20.0,,2026-07-24T11:48:54.273691+08:00
2412,2016-11-02,237000,-8320262,-29389,-8112651,2944.0,126.0,30.0,19.0,,2026-07-24T11:48:54.273691+08:00
2412,2016-11-03,71000,-7743270,-76000,-7748270,2940.0,230.0,-4.0,104.0,,2026-07-24T11:48:54.273691+08:00
2412,2016-11-04,2000,-6005000,-245000,-6248000,2986.0,130.0,46.0,-100.0,,2026-07-24T11:48:54.273691+08:00
2412,2016-11-07,565000,-7017982,0,-6452982,2104.0,286.0,-882.0,156.0,,2026-07-24T11:48:54.273691+08:00
2412,2016-11-08,79000,-5417877,73000,-5265877,2015.0,144.0,-89.0,-142.0,,2026-07-24T11:48:54.273691+08:00
2412,2016-11-09,-274000,-6417734,9000,-6682734,2760.0,151.0,745.0,7.0,,2026-07-24T11:48:54.273691+08:00
2412,2016-11-10,5000,-7883487,0,-7878487,2192.0,153.0,-568.0,2.0,,2026-07-24T11:48:54.273691+08:00
2412,2016-11-11,97000,-17711373,-167000,-17781373,2289.0,119.0,97.0,-34.0,,2026-07-24T11:48:54.273691+08:00
2412,2016-11-14,81000,-16394731,-1417000,-17730731,2366.0,118.0,77.0,-1.0,,2026-07-24T11:48:54.273691+08:00
2412,2016-11-15,-10000,-15549000,-18000,-15577000,2335.0,122.0,-31.0,4.0,,2026-07-24T11:48:54.273691+08:00
2412,2016-11-16,-69000,-5480011,-1321000,-6870011,2200.0,210.0,-135.0,88.0,,2026-07-24T11:48:54.273691+08:00
2412,2016-11-17,-192000,-3911000,-15000,-4118000,2226.0,149.0,26.0,-61.0,,2026-07-24T11:48:54.273691+08:00
2412,2016-11-18,-7000,-4355000,-80000,-4442000,2218.0,140.0,-8.0,-9.0,,2026-07-24T11:48:54.273691+08:00
2412,2016-11-21,-489000,-2831811,-880000,-4200811,2541.0,138.0,323.0,-2.0,,2026-07-24T11:48:54.273691+08:00
2412,2016-11-22,15000,-3292371,-83000,-3360371,2205.0,240.0,-336.0,102.0,,2026-07-24T11:48:54.273691+08:00
2412,2016-11-23,425000,-2242642,-108000,-1925642,2055.0,158.0,-150.0,-82.0,,2026-07-24T11:48:54.273691+08:00
2412,2016-11-24,-35000,-3453001,-263000,-3751001,2069.0,159.0,14.0,1.0,,2026-07-24T11:48:54.273691+08:00
2412,2016-11-25,3000,-1968185,-514000,-2479185,2026.0,151.0,-43.0,-8.0,,2026-07-24T11:48:54.273691+08:00
2412,2016-11-28,58694,-1917809,-208000,-2067115,2087.0,148.0,61.0,-3.0,,2026-07-24T11:48:54.273691+08:00
2412,2016-11-29,7000,-2097584,-41390,-2131974,2053.0,146.0,-34.0,-2.0,,2026-07-24T11:48:54.273691+08:00
2412,2016-11-30,0,-2897341,-21000,-2918341,3004.0,148.0,951.0,2.0,,2026-07-24T11:48:54.273691+08:00
2412,2016-12-01,-24000,-4904902,-196000,-5124902,2439.0,189.0,-565.0,41.0,,2026-07-24T11:48:54.273691+08:00
2412,2016-12-02,-70000,-5001173,0,-5071173,2402.0,186.0,-37.0,-3.0,,2026-07-24T11:48:54.273691+08:00
2412,2016-12-05,-66000,-1436175,216000,-1286175,2275.0,193.0,-127.0,7.0,,2026-07-24T11:48:54.273691+08:00
2412,2016-12-06,59000,-648526,23000,-566526,2075.0,192.0,-200.0,-1.0,,2026-07-24T11:48:54.273691+08:00
2412,2016-12-07,-90000,-3334000,0,-3424000,2205.0,333.0,130.0,141.0,,2026-07-24T11:48:54.273691+08:00
2412,2016-12-08,-66000,-3339632,-104000,-3509632,2079.0,337.0,-126.0,4.0,,2026-07-24T11:48:54.273691+08:00
2412,2016-12-09,224000,-7867568,-653000,-8296568,2075.0,327.0,-4.0,-10.0,,2026-07-24T11:48:54.273691+08:00
2412,2016-12-12,102000,-1269693,-320000,-1487693,2079.0,320.0,4.0,-7.0,,2026-07-24T11:48:54.273691+08:00
2412,2016-12-13,31000,-1898162,-12000,-1879162,2078.0,320.0,-1.0,0.0,,2026-07-24T11:48:54.273691+08:00
2412,2016-12-14,-93000,-1224680,-677000,-1994680,2097.0,273.0,19.0,-47.0,,2026-07-24T11:48:54.273691+08:00
2412,2016-12-15,-2315000,-2266500,-100000,-4681500,2128.0,260.0,31.0,-13.0,,2026-07-24T11:48:54.273691+08:00
2412,2016-12-16,46000,-10949206,-150000,-11053206,2370.0,290.0,242.0,30.0,,2026-07-24T11:48:54.273691+08:00
2412,2016-12-19,130000,-4817921,-1453000,-6140921,2889.0,312.0,519.0,22.0,,2026-07-24T11:48:54.273691+08:00
2412,2016-12-20,-997000,-688563,-200000,-1885563,2416.0,313.0,-473.0,1.0,,2026-07-24T11:48:54.273691+08:00
2412,2016-12-21,-1063000,-2974108,-235000,-4272108,2495.0,300.0,79.0,-13.0,,2026-07-24T11:48:54.273691+08:00
2412,2016-12-22,-560000,-3798312,-262000,-4620312,2471.0,299.0,-24.0,-1.0,,2026-07-24T11:48:54.273691+08:00
2412,2016-12-23,-690000,-1141000,0,-1831000,2487.0,303.0,16.0,4.0,,2026-07-24T11:48:54.273691+08:00
2412,2016-12-26,-515000,1014000,-35000,464000,2484.0,273.0,-3.0,-30.0,,2026-07-24T11:48:54.273691+08:00
2412,2016-12-27,27000,-294000,140000,-127000,2569.0,264.0,85.0,-9.0,,2026-07-24T11:48:54.273691+08:00
2412,2016-12-28,14000,-638000,5000,-619000,2601.0,260.0,32.0,-4.0,,2026-07-24T11:48:54.273691+08:00
2412,2016-12-29,5000,28034,-150000,-116966,2689.0,277.0,88.0,17.0,,2026-07-24T11:48:54.273691+08:00
2412,2016-12-30,-30000,-126182,0,-156182,2547.0,255.0,-142.0,-22.0,,2026-07-24T11:48:54.273691+08:00
2412,2017-01-03,16000,-567000,0,-551000,2504.0,256.0,-43.0,1.0,,2026-07-24T11:48:54.273691+08:00
2412,2017-01-04,191000,-2724200,80000,-2453200,2480.0,287.0,-24.0,31.0,,2026-07-24T11:48:54.273691+08:00
2412,2017-01-05,86000,-762210,92000,-584210,2292.0,296.0,-188.0,9.0,,2026-07-24T11:48:54.273691+08:00
2412,2017-01-06,175000,-7225000,-231000,-7281000,2951.0,250.0,659.0,-46.0,,2026-07-24T11:48:54.273691+08:00
2412,2017-01-09,-2000,-7032578,-313000,-7347578,2567.0,252.0,-384.0,2.0,,2026-07-24T11:48:54.273691+08:00
2412,2017-01-10,-2000,-4305000,-181000,-4488000,2643.0,216.0,76.0,-36.0,,2026-07-24T11:48:54.273691+08:00
2412,2017-01-11,7000,-2510390,-136000,-2639390,2472.0,216.0,-171.0,0.0,,2026-07-24T11:48:54.273691+08:00
2412,2017-01-12,40000,-3588509,-152000,-3700509,2372.0,233.0,-100.0,17.0,,2026-07-24T11:48:54.273691+08:00
2412,2017-01-13,-19000,-3518109,-58000,-3595109,2390.0,233.0,18.0,0.0,,2026-07-24T11:48:54.273691+08:00
2412,2017-01-16,20000,-1662000,0,-1642000,2403.0,235.0,13.0,2.0,,2026-07-24T11:48:54.273691+08:00
2412,2017-01-17,-19097,-1223977,-23000,-1266074,2389.0,243.0,-14.0,8.0,,2026-07-24T11:48:54.273691+08:00
2412,2017-01-18,-140000,-2734954,-328000,-3202954,2571.0,195.0,182.0,-48.0,,2026-07-24T11:48:54.273691+08:00
2412,2017-01-19,-54000,-4955392,34000,-4975392,2607.0,191.0,36.0,-4.0,,2026-07-24T11:48:54.273691+08:00
2412,2017-01-20,297000,-1429458,-90000,-1222458,2597.0,190.0,-10.0,-1.0,,2026-07-24T11:48:54.273691+08:00
2412,2017-01-23,83000,2024055,-202304,1904751,2493.0,192.0,-104.0,2.0,,2026-07-24T11:48:54.273691+08:00
2412,2017-01-24,-180000,1582599,1000,1403599,2330.0,232.0,-163.0,40.0,,2026-07-24T11:48:54.273691+08:00
2412,2017-02-02,146000,-37332023,-270000,-37456023,2486.0,199.0,156.0,-33.0,,2026-07-24T11:48:54.273691+08:00
2412,2017-02-03,-32000,-12139810,-662000,-12833810,2458.0,181.0,-28.0,-18.0,,2026-07-24T11:48:54.273691+08:00
2412,2017-02-06,-57000,-3990166,-189000,-4236166,2398.0,204.0,-60.0,23.0,,2026-07-24T11:48:54.273691+08:00
2412,2017-02-07,-61000,-3669298,-423000,-4153298,2380.0,189.0,-18.0,-15.0,,2026-07-24T11:48:54.273691+08:00
2412,2017-02-08,-194000,-6333803,-164000,-6691803,2393.0,187.0,13.0,-2.0,,2026-07-24T11:48:54.273691+08:00
2412,2017-02-09,-34000,-4956354,-37000,-5027354,2467.0,178.0,74.0,-9.0,,2026-07-24T11:48:54.273691+08:00
2412,2017-02-10,52000,-561900,-165000,-674900,2666.0,294.0,199.0,116.0,,2026-07-24T11:48:54.273691+08:00
2412,2017-02-13,0,-1167714,-137000,-1304714,2657.0,185.0,-9.0,-109.0,,2026-07-24T11:48:54.273691+08:00
2412,2017-02-14,168672,-4041548,-84000,-3956876,2798.0,188.0,141.0,3.0,,2026-07-24T11:48:54.273691+08:00
2412,2017-02-15,-76000,-2105400,-178000,-2359400,2780.0,189.0,-18.0,1.0,,2026-07-24T11:48:54.273691+08:00
2412,2017-02-16,87000,-4284000,-193000,-4390000,2772.0,191.0,-8.0,2.0,,2026-07-24T11:48:54.273691+08:00
2412,2017-02-17,-58000,-2889000,80000,-2867000,2847.0,173.0,75.0,-18.0,,2026-07-24T11:48:54.273691+08:00
2412,2017-02-18,34000,10000,0,44000,2759.0,173.0,-88.0,0.0,,2026-07-24T11:48:54.273691+08:00
2412,2017-02-20,10000,331522,0,341522,2666.0,175.0,-93.0,2.0,,2026-07-24T11:48:54.273691+08:00
2412,2017-02-21,70000,1666000,0,1736000,2729.0,175.0,63.0,0.0,,2026-07-24T11:48:54.273691+08:00
2412,2017-02-22,173000,-4232757,703000,-3356757,2732.0,171.0,3.0,-4.0,,2026-07-24T11:48:54.273691+08:00
2412,2017-02-23,79000,-161421,1000,-81421,2509.0,210.0,-223.0,39.0,,2026-07-24T11:48:54.273691+08:00
2412,2017-02-24,1000,-2939031,-21000,-2959031,2411.0,402.0,-98.0,192.0,,2026-07-24T11:48:54.273691+08:00
2412,2017-03-01,85000,-6245782,0,-6160782,2436.0,176.0,25.0,-226.0,,2026-07-24T11:48:54.273691+08:00
2412,2017-03-02,305000,-3621980,-21000,-3337980,2457.0,260.0,21.0,84.0,,2026-07-24T11:48:54.273691+08:00
2412,2017-03-03,301000,-4366389,39000,-4026389,2338.0,274.0,-119.0,14.0,,2026-07-24T11:48:54.273691+08:00
2412,2017-03-06,-82000,-1902359,0,-1984359,2435.0,274.0,97.0,0.0,,2026-07-24T11:48:54.273691+08:00
2412,2017-03-07,72000,-954773,557000,-325773,2435.0,275.0,0.0,1.0,,2026-07-24T11:48:54.273691+08:00
2412,2017-03-08,-49000,-2299478,137000,-2211478,2468.0,276.0,33.0,1.0,,2026-07-24T11:48:54.273691+08:00
2412,2017-03-09,-37000,-1103250,0,-1140250,2358.0,278.0,-110.0,2.0,,2026-07-24T11:48:54.273691+08:00
2412,2017-03-10,-2000,-2050191,40000,-2012191,2258.0,278.0,-100.0,0.0,,2026-07-24T11:48:54.273691+08:00
2412,2017-03-13,71000,-1574406,-502000,-2005406,2289.0,278.0,31.0,0.0,,2026-07-24T11:48:54.273691+08:00
2412,2017-03-14,-14000,88634,14000,88634,2170.0,278.0,-119.0,0.0,,2026-07-24T11:48:54.273691+08:00
2412,2017-03-15,-153000,-3047097,9000,-3191097,2174.0,277.0,4.0,-1.0,,2026-07-24T11:48:54.273691+08:00
2412,2017-03-16,-208000,1214564,0,1006564,2150.0,266.0,-24.0,-11.0,,2026-07-24T11:48:54.273691+08:00
2412,2017-03-17,-62000,684124,2000,624124,2059.0,275.0,-91.0,9.0,,2026-07-24T11:48:54.273691+08:00
2412,2017-03-20,-31000,-672000,-127000,-830000,2334.0,184.0,275.0,-91.0,,2026-07-24T11:48:54.273691+08:00
2412,2017-03-21,69000,469599,-122000,416599,2677.0,169.0,343.0,-15.0,,2026-07-24T11:48:54.273691+08:00
2412,2017-03-22,36000,-164814,0,-128814,2587.0,167.0,-90.0,-2.0,,2026-07-24T11:48:54.273691+08:00
2412,2017-03-23,-8000,-760591,0,-768591,2586.0,162.0,-1.0,-5.0,,2026-07-24T11:48:54.273691+08:00
2412,2017-03-24,-120000,-750751,1000,-869751,2607.0,160.0,21.0,-2.0,,2026-07-24T11:48:54.273691+08:00
2412,2017-03-27,8000,2231000,83000,2322000,2585.0,160.0,-22.0,0.0,,2026-07-24T11:48:54.273691+08:00
2412,2017-03-28,45000,2022000,110000,2177000,2570.0,162.0,-15.0,2.0,,2026-07-24T11:48:54.273691+08:00
2412,2017-03-29,240000,-1154543,311999,-602544,2589.0,160.0,19.0,-2.0,,2026-07-24T11:48:54.273691+08:00
2412,2017-03-30,0,-4250663,11032,-4239631,2663.0,168.0,74.0,8.0,,2026-07-24T11:48:54.273691+08:00
2412,2017-03-31,129000,5256000,23602,5408602,2751.0,166.0,88.0,-2.0,,2026-07-24T11:48:54.273691+08:00
2412,2017-04-05,415000,-3656681,-1128133,-4369814,2852.0,166.0,101.0,0.0,,2026-07-24T11:48:54.273691+08:00
2412,2017-04-06,11000,-125000,0,-114000,2900.0,164.0,48.0,-2.0,,2026-07-24T11:48:54.273691+08:00
2412,2017-04-07,-44000,893814,150000,999814,2804.0,163.0,-96.0,-1.0,,2026-07-24T11:48:54.273691+08:00
2412,2017-04-10,10000,-507000,0,-497000,2797.0,161.0,-7.0,-2.0,,2026-07-24T11:48:54.273691+08:00
2412,2017-04-11,510000,-1958376,-229000,-1677376,2753.0,158.0,-44.0,-3.0,,2026-07-24T11:48:54.273691+08:00
2412,2017-04-12,17000,-309002,-25000,-317002,2738.0,153.0,-15.0,-5.0,,2026-07-24T11:48:54.273691+08:00
2412,2017-04-13,144000,-1075062,0,-931062,2736.0,131.0,-2.0,-22.0,,2026-07-24T11:48:54.273691+08:00
2412,2017-04-14,-12000,1142000,-78000,1052000,2687.0,55.0,-49.0,-76.0,,2026-07-24T11:48:54.273691+08:00
2412,2017-04-17,-31000,1559000,123000,1651000,2697.0,1.0,10.0,-54.0,,2026-07-24T11:48:54.273691+08:00
2412,2017-04-18,-23000,-1192065,51000,-1164065,2700.0,0.0,3.0,-1.0,,2026-07-24T11:48:54.273691+08:00
2412,2017-04-19,-26000,-5974552,150864,-5849688,2745.0,0.0,45.0,0.0,,2026-07-24T11:48:54.273691+08:00
2412,2017-04-20,-6000,-1426473,-94000,-1526473,2731.0,0.0,-14.0,0.0,,2026-07-24T11:48:54.273691+08:00
2412,2017-04-21,6000,536992,-105000,437992,2733.0,1.0,2.0,1.0,,2026-07-24T11:48:54.273691+08:00
2412,2017-04-24,45000,110799,0,155799,2737.0,4.0,4.0,3.0,,2026-07-24T11:48:54.273691+08:00
2412,2017-04-25,100000,2223937,-132215,2191722,2681.0,119.0,-56.0,115.0,,2026-07-24T11:48:54.273691+08:00
2412,2017-04-26,70000,2910236,-227000,2753236,2640.0,23.0,-41.0,-96.0,,2026-07-24T11:48:54.273691+08:00
2412,2017-04-27,196000,-665012,1000,-468012,2575.0,23.0,-65.0,0.0,,2026-07-24T11:48:54.273691+08:00
2412,2017-04-28,-7709000,-1570750,-320000,-9599750,2583.0,28.0,8.0,5.0,,2026-07-24T11:48:54.273691+08:00
2412,2017-05-02,-23000,907000,85000,969000,2566.0,28.0,-17.0,0.0,,2026-07-24T11:48:54.273691+08:00
2412,2017-05-03,0,724072,50000,774072,2534.0,25.0,-32.0,-3.0,,2026-07-24T11:48:54.273691+08:00
2412,2017-05-04,5000,-922200,92273,-824927,2508.0,126.0,-26.0,101.0,,2026-07-24T11:48:54.273691+08:00
2412,2017-05-05,-1000,-1008218,75476,-933742,2533.0,31.0,25.0,-95.0,,2026-07-24T11:48:54.273691+08:00
2412,2017-05-08,11000,-2413358,0,-2402358,2467.0,26.0,-66.0,-5.0,,2026-07-24T11:48:54.273691+08:00
2412,2017-05-09,-2282,1016065,100000,1113783,2421.0,89.0,-46.0,63.0,,2026-07-24T11:48:54.273691+08:00
2412,2017-05-10,100000,-733798,112000,-521798,2387.0,26.0,-34.0,-63.0,,2026-07-24T11:48:54.273691+08:00
2412,2017-05-11,10000,-917125,21000,-886125,2382.0,27.0,-5.0,1.0,,2026-07-24T11:48:54.273691+08:00
2412,2017-05-12,8000,742846,24000,774846,2373.0,136.0,-9.0,109.0,,2026-07-24T11:48:54.273691+08:00
2412,2017-05-15,-15000,-1463283,304000,-1174283,2210.0,41.0,-163.0,-95.0,,2026-07-24T11:48:54.273691+08:00
2412,2017-05-16,6000,-1137570,894000,-237570,2216.0,41.0,6.0,0.0,,2026-07-24T11:48:54.273691+08:00
2412,2017-05-17,-16000,-1676218,-210000,-1902218,2246.0,42.0,30.0,1.0,,2026-07-24T11:48:54.273691+08:00
2412,2017-05-18,-2000,-3911638,-17000,-3930638,2254.0,63.0,8.0,21.0,,2026-07-24T11:48:54.273691+08:00
2412,2017-05-19,-8000,-2953695,14000,-2947695,2251.0,63.0,-3.0,0.0,,2026-07-24T11:48:54.273691+08:00
2412,2017-05-22,0,-1107879,-150000,-1257879,2244.0,83.0,-7.0,20.0,,2026-07-24T11:48:54.273691+08:00
2412,2017-05-23,-16000,-1825811,53000,-1788811,2235.0,65.0,-9.0,-18.0,,2026-07-24T11:48:54.273691+08:00
2412,2017-05-24,-8000,-1085584,-388000,-1481584,2222.0,152.0,-13.0,87.0,,2026-07-24T11:48:54.273691+08:00
2412,2017-05-25,-5000,355009,-7000,343009,2208.0,159.0,-14.0,7.0,,2026-07-24T11:48:54.273691+08:00
2412,2017-05-26,61000,113353,60000,234353,2210.0,164.0,2.0,5.0,,2026-07-24T11:48:54.273691+08:00
2412,2017-05-31,-23000,1052324,103000,1132324,2292.0,154.0,82.0,-10.0,,2026-07-24T11:48:54.273691+08:00
2412,2017-06-01,13000,4765454,700000,5478454,2359.0,154.0,67.0,0.0,,2026-07-24T11:48:54.273691+08:00
2412,2017-06-02,9000,-557323,-32000,-580323,2399.0,61.0,40.0,-93.0,,2026-07-24T11:48:54.273691+08:00
2412,2017-06-03,87000,100000,-96000,91000,2433.0,48.0,34.0,-13.0,,2026-07-24T11:48:54.273691+08:00
2412,2017-06-05,-7000,693126,-181000,505126,2461.0,47.0,28.0,-1.0,,2026-07-24T11:48:54.273691+08:00
2412,2017-06-06,29571,2972953,-34000,2968524,2452.0,48.0,-9.0,1.0,,2026-07-24T11:48:54.273691+08:00
2412,2017-06-07,-39000,882000,-84000,759000,2469.0,49.0,17.0,1.0,,2026-07-24T11:48:54.273691+08:00
2412,2017-06-08,-15000,3899000,-1000,3883000,2467.0,48.0,-2.0,-1.0,,2026-07-24T11:48:54.273691+08:00
2412,2017-06-09,-1064000,-513401,67000,-1510401,2459.0,48.0,-8.0,0.0,,2026-07-24T11:48:54.273691+08:00
2412,2017-06-12,17000,-2660276,0,-2643276,1948.0,48.0,-511.0,0.0,,2026-07-24T11:48:54.273691+08:00
2412,2017-06-13,9000,1221443,2000,1232443,1931.0,48.0,-17.0,0.0,,2026-07-24T11:48:54.273691+08:00
2412,2017-06-14,-9000,1309443,2000,1302443,1807.0,48.0,-124.0,0.0,,2026-07-24T11:48:54.273691+08:00
2412,2017-06-15,-27000,1640986,702000,2315986,1804.0,48.0,-3.0,0.0,,2026-07-24T11:48:54.273691+08:00
2412,2017-06-16,20000,-863235,342000,-501235,1802.0,48.0,-2.0,0.0,,2026-07-24T11:48:54.273691+08:00
2412,2017-06-19,66000,1427365,-14000,1479365,1815.0,48.0,13.0,0.0,,2026-07-24T11:48:54.273691+08:00
2412,2017-06-20,80000,463272,188190,731462,1874.0,48.0,59.0,0.0,,2026-07-24T11:48:54.273691+08:00
2412,2017-06-21,299000,1431000,0,1730000,1859.0,48.0,-15.0,0.0,,2026-07-24T11:48:54.273691+08:00
2412,2017-06-22,79000,3555086,79000,3713086,1911.0,48.0,52.0,0.0,,2026-07-24T11:48:54.273691+08:00
2412,2017-06-23,-48000,1658235,63000,1673235,1912.0,48.0,1.0,0.0,,2026-07-24T11:48:54.273691+08:00
2412,2017-06-26,424000,5260730,-18000,5666730,1890.0,108.0,-22.0,60.0,,2026-07-24T11:48:54.273691+08:00
2412,2017-06-27,171000,2772542,-13000,2930542,1937.0,48.0,47.0,-60.0,,2026-07-24T11:48:54.273691+08:00
2412,2017-06-28,233000,617210,21257,871467,1980.0,48.0,43.0,0.0,,2026-07-24T11:48:54.273691+08:00
2412,2017-06-29,45000,141000,-4000,182000,2158.0,47.0,178.0,-1.0,,2026-07-24T11:48:54.273691+08:00
2412,2017-06-30,3000,-5229700,9000,-5217700,2218.0,49.0,60.0,2.0,,2026-07-24T11:48:54.273691+08:00
2412,2017-07-03,-15000,946124,-144000,787124,2114.0,134.0,-104.0,85.0,,2026-07-24T11:48:54.273691+08:00
2412,2017-07-04,-116000,-4337000,-305000,-4758000,2217.0,47.0,103.0,-87.0,,2026-07-24T11:48:54.273691+08:00
2412,2017-07-05,449000,540000,-80000,909000,2170.0,150.0,-47.0,103.0,,2026-07-24T11:48:54.273691+08:00
2412,2017-07-06,-150000,-1570241,-392000,-2112241,2167.0,51.0,-3.0,-99.0,,2026-07-24T11:48:54.273691+08:00
2412,2017-07-07,-89000,-2718143,-1000,-2808143,2188.0,51.0,21.0,0.0,,2026-07-24T11:48:54.273691+08:00
2412,2017-07-10,-16000,-2293079,-48000,-2357079,2274.0,49.0,86.0,-2.0,,2026-07-24T11:48:54.273691+08:00
2412,2017-07-11,175000,2858100,-22000,3011100,2150.0,52.0,-124.0,3.0,,2026-07-24T11:48:54.273691+08:00
2412,2017-07-12,-178000,2522360,-22925,2321435,2175.0,48.0,25.0,-4.0,,2026-07-24T11:48:54.273691+08:00
2412,2017-07-13,-96000,-510182,-65000,-671182,2169.0,42.0,-6.0,-6.0,,2026-07-24T11:48:54.273691+08:00
2412,2017-07-14,-60000,-2931737,-15000,-3006737,2141.0,34.0,-28.0,-8.0,,2026-07-24T11:48:54.273691+08:00
2412,2017-07-17,-17000,-80000,-79663,-176663,2276.0,2.0,135.0,-32.0,,2026-07-24T11:48:54.273691+08:00
2412,2017-07-18,335000,-452888,-75000,-192888,2421.0,0.0,145.0,-2.0,,2026-07-24T11:48:54.273691+08:00
2412,2017-07-19,1091000,-252000,-32000,807000,2250.0,0.0,-171.0,0.0,,2026-07-24T11:48:54.273691+08:00
2412,2017-07-20,1700000,-936769,-440000,323231,2624.0,0.0,374.0,0.0,,2026-07-24T11:48:54.273691+08:00
2412,2017-07-21,-693000,-1562526,-331000,-2586526,2179.0,29.0,-445.0,29.0,,2026-07-24T11:48:54.273691+08:00
2412,2017-07-24,-439000,1424274,-270000,715274,2104.0,88.0,-75.0,59.0,,2026-07-24T11:48:54.273691+08:00
2412,2017-07-25,-150000,1854841,-152000,1552841,2096.0,85.0,-8.0,-3.0,,2026-07-24T11:48:54.273691+08:00
2412,2017-07-26,-479000,331838,-7000,-154162,2067.0,88.0,-29.0,3.0,,2026-07-24T11:48:54.273691+08:00
2412,2017-07-27,-248000,2708000,0,2460000,2004.0,83.0,-63.0,-5.0,,2026-07-24T11:48:54.273691+08:00
2412,2017-07-28,-40000,7034487,-242000,6752487,1971.0,92.0,-33.0,9.0,,2026-07-24T11:48:54.273691+08:00
2412,2017-07-31,14000,-559865,7000,-538865,2376.0,92.0,405.0,0.0,,2026-07-24T11:48:54.273691+08:00
2412,2017-08-01,0,-1829939,-565000,-2394939,2373.0,89.0,-3.0,-3.0,,2026-07-24T11:48:54.273691+08:00
2412,2017-08-02,1000,3743591,-296000,3448591,2346.0,91.0,-27.0,2.0,,2026-07-24T11:48:54.273691+08:00
2412,2017-08-03,-9000,1455544,-102000,1344544,1950.0,91.0,-396.0,0.0,,2026-07-24T11:48:54.273691+08:00
2412,2017-08-04,-73000,628000,-11000,544000,1958.0,92.0,8.0,1.0,,2026-07-24T11:48:54.273691+08:00
2412,2017-08-07,-4000,-941099,8000,-937099,2011.0,92.0,53.0,0.0,,2026-07-24T11:48:54.273691+08:00
2412,2017-08-08,-40000,1183399,-116000,1027399,1912.0,91.0,-99.0,-1.0,,2026-07-24T11:48:54.273691+08:00
2412,2017-08-09,-274000,-483849,12000,-745849,1897.0,76.0,-15.0,-15.0,,2026-07-24T11:48:54.273691+08:00
2412,2017-08-10,-91000,-711948,838000,35052,1874.0,81.0,-23.0,5.0,,2026-07-24T11:48:54.273691+08:00
2412,2017-08-11,4000,-857000,2000,-851000,1872.0,81.0,-2.0,0.0,,2026-07-24T11:48:54.273691+08:00
2412,2017-08-14,-46000,1611106,49000,1614106,1896.0,90.0,24.0,9.0,,2026-07-24T11:48:54.273691+08:00
2412,2017-08-15,-7000,1002793,164000,1159793,1809.0,91.0,-87.0,1.0,,2026-07-24T11:48:54.273691+08:00
2412,2017-08-16,-768000,358856,605000,195856,1837.0,91.0,28.0,0.0,,2026-07-24T11:48:54.273691+08:00
2412,2017-08-17,-61000,333698,0,272698,1845.0,94.0,8.0,3.0,,2026-07-24T11:48:54.273691+08:00
2412,2017-08-18,-41000,2288701,-175000,2072701,1798.0,96.0,-47.0,2.0,,2026-07-24T11:48:54.273691+08:00
2412,2017-08-21,-53000,-161000,-8000,-222000,1848.0,74.0,50.0,-22.0,,2026-07-24T11:48:54.273691+08:00
2412,2017-08-22,0,433000,0,433000,1767.0,85.0,-81.0,11.0,,2026-07-24T11:48:54.273691+08:00
2412,2017-08-23,-528000,-486000,-221000,-1235000,1790.0,76.0,23.0,-9.0,,2026-07-24T11:48:54.273691+08:00
2412,2017-08-24,0,810000,15000,825000,1714.0,75.0,-76.0,-1.0,,2026-07-24T11:48:54.273691+08:00
2412,2017-08-25,-9000,1355000,1000,1347000,1689.0,104.0,-25.0,29.0,,2026-07-24T11:48:54.273691+08:00
2412,2017-08-28,-193000,168690,-6000,-30310,1677.0,90.0,-12.0,-14.0,,2026-07-24T11:48:54.273691+08:00
2412,2017-08-29,-22000,-2126104,-7000,-2155104,1625.0,70.0,-52.0,-20.0,,2026-07-24T11:48:54.273691+08:00
2412,2017-08-30,-150000,-1129889,0,-1279889,1603.0,70.0,-22.0,0.0,,2026-07-24T11:48:54.273691+08:00
2412,2017-08-31,27000,772109,0,799109,1576.0,176.0,-27.0,106.0,,2026-07-24T11:48:54.273691+08:00
2412,2017-09-01,0,-194808,28000,-166808,1505.0,85.0,-71.0,-91.0,,2026-07-24T11:48:54.273691+08:00
2412,2017-09-04,3000,207742,0,210742,1427.0,109.0,-78.0,24.0,,2026-07-24T11:48:54.273691+08:00
2412,2017-09-05,13000,-1683348,1000,-1669348,1427.0,89.0,0.0,-20.0,,2026-07-24T11:48:54.273691+08:00
2412,2017-09-06,-148000,-250000,-267000,-665000,1414.0,88.0,-13.0,-1.0,,2026-07-24T11:48:54.273691+08:00
2412,2017-09-07,-29000,-822000,3000,-848000,1406.0,108.0,-8.0,20.0,,2026-07-24T11:48:54.273691+08:00
2412,2017-09-08,-55000,4026226,6000,3977226,1364.0,231.0,-42.0,123.0,,2026-07-24T11:48:54.273691+08:00
2412,2017-09-11,0,417165,0,417165,1350.0,150.0,-14.0,-81.0,,2026-07-24T11:48:54.273691+08:00
2412,2017-09-12,-14000,-859815,20000,-853815,1360.0,138.0,10.0,-12.0,,2026-07-24T11:48:54.273691+08:00
2412,2017-09-13,-6000,-1028008,-29000,-1063008,1356.0,140.0,-4.0,2.0,,2026-07-24T11:48:54.273691+08:00
2412,2017-09-14,-46000,-812864,-134000,-992864,1348.0,140.0,-8.0,0.0,,2026-07-24T11:48:54.273691+08:00
2412,2017-09-15,-42000,156786,130000,244786,1340.0,90.0,-8.0,-50.0,,2026-07-24T11:48:54.273691+08:00
2412,2017-09-18,76000,-817497,73000,-668497,1327.0,90.0,-13.0,0.0,,2026-07-24T11:48:54.273691+08:00
2412,2017-09-19,100000,-1469314,46000,-1323314,1353.0,90.0,26.0,0.0,,2026-07-24T11:48:54.273691+08:00
2412,2017-09-20,-304000,-1108004,4000,-1408004,1335.0,90.0,-18.0,0.0,,2026-07-24T11:48:54.273691+08:00
2412,2017-09-21,65000,-1374384,0,-1309384,1332.0,94.0,-3.0,4.0,,2026-07-24T11:48:54.273691+08:00
2412,2017-09-22,0,-161296,73000,-88296,1331.0,94.0,-1.0,0.0,,2026-07-24T11:48:54.273691+08:00
2412,2017-09-25,30000,-1376690,63000,-1283690,1528.0,94.0,197.0,0.0,,2026-07-24T11:48:54.273691+08:00
2412,2017-09-26,73000,-1277828,-176000,-1380828,1505.0,78.0,-23.0,-16.0,,2026-07-24T11:48:54.273691+08:00
2412,2017-09-27,-35000,-664802,0,-699802,1501.0,111.0,-4.0,33.0,,2026-07-24T11:48:54.273691+08:00
2412,2017-09-28,-95000,1017729,11000,933729,1336.0,166.0,-165.0,55.0,,2026-07-24T11:48:54.273691+08:00
2412,2017-09-29,0,1666805,199000,1865805,1311.0,190.0,-25.0,24.0,,2026-07-24T11:48:54.273691+08:00
2412,2017-09-30,48000,-39000,0,9000,1294.0,320.0,-17.0,130.0,,2026-07-24T11:48:54.273691+08:00
2412,2017-10-02,44000,-4116200,67000,-4005200,1294.0,262.0,0.0,-58.0,,2026-07-24T11:48:54.273691+08:00
2412,2017-10-03,50000,-1871000,35871,-1785129,1277.0,120.0,-17.0,-142.0,,2026-07-24T11:48:54.273691+08:00
2412,2017-10-05,0,-1156299,115000,-1041299,1280.0,87.0,3.0,-33.0,,2026-07-24T11:48:54.273691+08:00
2412,2017-10-06,0,-1639403,0,-1639403,1271.0,86.0,-9.0,-1.0,,2026-07-24T11:48:54.273691+08:00
2412,2017-10-11,64000,-2180104,-2000,-2118104,1271.0,144.0,0.0,58.0,,2026-07-24T11:48:54.273691+08:00
2412,2017-10-12,-68867,-2030466,-201000,-2300333,1277.0,88.0,6.0,-56.0,,2026-07-24T11:48:54.273691+08:00
2412,2017-10-13,50000,475000,26000,551000,1272.0,87.0,-5.0,-1.0,,2026-07-24T11:48:54.273691+08:00
2412,2017-10-16,30000,-915893,99000,-786893,1282.0,88.0,10.0,1.0,,2026-07-24T11:48:54.273691+08:00
2412,2017-10-17,101000,-998400,-10000,-907400,1293.0,88.0,11.0,0.0,,2026-07-24T11:48:54.273691+08:00
2412,2017-10-18,-32000,-314500,360000,13500,1290.0,89.0,-3.0,1.0,,2026-07-24T11:48:54.273691+08:00
2412,2017-10-19,150000,-1577691,-32000,-1459691,1315.0,88.0,25.0,-1.0,,2026-07-24T11:48:54.273691+08:00
2412,2017-10-20,31000,-2208520,13000,-2164520,1427.0,88.0,112.0,0.0,,2026-07-24T11:48:54.273691+08:00
2412,2017-10-23,97000,533748,117000,747748,1430.0,141.0,3.0,53.0,,2026-07-24T11:48:54.273691+08:00
2412,2017-10-24,-4000,-3701732,-1404000,-5109732,1747.0,89.0,317.0,-52.0,,2026-07-24T11:48:54.273691+08:00
2412,2017-10-25,-41000,-98882,-10000,-149882,1742.0,121.0,-5.0,32.0,,2026-07-24T11:48:54.273691+08:00
2412,2017-10-26,-3000,-1931304,-4000,-1938304,1752.0,121.0,10.0,0.0,,2026-07-24T11:48:54.273691+08:00
2412,2017-10-27,-40000,-2807066,752000,-2095066,1646.0,156.0,-106.0,35.0,,2026-07-24T11:48:54.273691+08:00
2412,2017-10-30,-8000,-129000,0,-137000,1628.0,92.0,-18.0,-64.0,,2026-07-24T11:48:54.273691+08:00
2412,2017-10-31,-23000,-1082598,1000,-1104598,1621.0,93.0,-7.0,1.0,,2026-07-24T11:48:54.273691+08:00
2412,2017-11-01,-26000,-3124652,-14000,-3164652,1624.0,78.0,3.0,-15.0,,2026-07-24T11:48:54.273691+08:00
2412,2017-11-02,-7000,-7437520,-9071,-7453591,1614.0,80.0,-10.0,2.0,,2026-07-24T11:48:54.273691+08:00
2412,2017-11-03,698000,-1824101,0,-1126101,1623.0,85.0,9.0,5.0,,2026-07-24T11:48:54.273691+08:00
2412,2017-11-06,498000,-1171946,0,-673946,1620.0,84.0,-3.0,-1.0,,2026-07-24T11:48:54.273691+08:00
2412,2017-11-07,483000,161344,0,644344,1616.0,84.0,-4.0,0.0,,2026-07-24T11:48:54.273691+08:00
2412,2017-11-08,0,-641000,-41000,-682000,1615.0,89.0,-1.0,5.0,,2026-07-24T11:48:54.273691+08:00
2412,2017-11-09,549000,-398375,-6000,144625,1556.0,95.0,-59.0,6.0,,2026-07-24T11:48:54.273691+08:00
2412,2017-11-10,105000,2020798,8000,2133798,1521.0,143.0,-35.0,48.0,,2026-07-24T11:48:54.273691+08:00
2412,2017-11-13,355000,107000,-360000,102000,1552.0,132.0,31.0,-11.0,,2026-07-24T11:48:54.273691+08:00
2412,2017-11-14,200000,725847,-11000,914847,1520.0,128.0,-32.0,-4.0,,2026-07-24T11:48:54.273691+08:00
2412,2017-11-15,537000,7812000,-105000,8244000,1514.0,88.0,-6.0,-40.0,,2026-07-24T11:48:54.273691+08:00
2412,2017-11-16,347000,-371257,-209000,-233257,1503.0,88.0,-11.0,0.0,,2026-07-24T11:48:54.273691+08:00
2412,2017-11-17,193000,469091,-229000,433091,1502.0,86.0,-1.0,-2.0,,2026-07-24T11:48:54.273691+08:00
2412,2017-11-20,300000,-1075987,-107000,-882987,1505.0,93.0,3.0,7.0,,2026-07-24T11:48:54.273691+08:00
2412,2017-11-21,0,-156598,0,-156598,1489.0,123.0,-16.0,30.0,,2026-07-24T11:48:54.273691+08:00
2412,2017-11-22,3000,727446,0,730446,1476.0,121.0,-13.0,-2.0,,2026-07-24T11:48:54.273691+08:00
2412,2017-11-23,-1000,-1399645,-26000,-1426645,1181.0,121.0,-295.0,0.0,,2026-07-24T11:48:54.273691+08:00
2412,2017-11-24,-2000,-359000,0,-361000,1144.0,123.0,-37.0,2.0,,2026-07-24T11:48:54.273691+08:00
2412,2017-11-27,-1000,-1239940,0,-1240940,1111.0,104.0,-33.0,-19.0,,2026-07-24T11:48:54.273691+08:00
2412,2017-11-28,106000,-1050190,-9000,-953190,1108.0,101.0,-3.0,-3.0,,2026-07-24T11:48:54.273691+08:00
2412,2017-11-29,98000,-99854,-363000,-364854,1104.0,106.0,-4.0,5.0,,2026-07-24T11:48:54.273691+08:00
2412,2017-11-30,62000,3191944,-5000,3248944,1101.0,100.0,-3.0,-6.0,,2026-07-24T11:48:54.273691+08:00
2412,2017-12-01,-15000,301142,133000,419142,1110.0,104.0,9.0,4.0,,2026-07-24T11:48:54.273691+08:00
2412,2017-12-04,-797000,1389119,10000,602119,1106.0,104.0,-4.0,0.0,,2026-07-24T11:48:54.273691+08:00
2412,2017-12-05,-1511000,3396753,-34000,1851753,1126.0,104.0,20.0,0.0,,2026-07-24T11:48:54.273691+08:00
2412,2017-12-06,-1535000,6505768,207000,5177768,1173.0,104.0,47.0,0.0,,2026-07-24T11:48:54.273691+08:00
2412,2017-12-07,-1473000,6246000,229000,5002000,1116.0,117.0,-57.0,13.0,,2026-07-24T11:48:54.273691+08:00
2412,2017-12-08,-1610000,4146123,242000,2778123,1037.0,126.0,-79.0,9.0,,2026-07-24T11:48:54.273691+08:00
2412,2017-12-11,-1400000,413366,0,-986634,1042.0,125.0,5.0,-1.0,,2026-07-24T11:48:54.273691+08:00
2412,2017-12-12,-1600000,274239,191000,-1134761,1090.0,102.0,48.0,-23.0,,2026-07-24T11:48:54.273691+08:00
2412,2017-12-13,-1609000,200284,308000,-1100716,1065.0,204.0,-25.0,102.0,,2026-07-24T11:48:54.273691+08:00
2412,2017-12-14,-1585000,-169817,0,-1754817,1086.0,204.0,21.0,0.0,,2026-07-24T11:48:54.273691+08:00
2412,2017-12-15,-1713000,4793187,329000,3409187,1056.0,227.0,-30.0,23.0,,2026-07-24T11:48:54.273691+08:00
2412,2017-12-18,-1396000,2342931,-30000,916931,1047.0,219.0,-9.0,-8.0,,2026-07-24T11:48:54.273691+08:00
2412,2017-12-19,-12000,290254,-125000,153254,1050.0,217.0,3.0,-2.0,,2026-07-24T11:48:54.273691+08:00
2412,2017-12-20,463000,-782197,-200000,-519197,1038.0,227.0,-12.0,10.0,,2026-07-24T11:48:54.273691+08:00
2412,2017-12-21,0,-482014,0,-482014,1031.0,227.0,-7.0,0.0,,2026-07-24T11:48:54.273691+08:00
2412,2017-12-22,0,467000,0,467000,981.0,227.0,-50.0,0.0,,2026-07-24T11:48:54.273691+08:00
2412,2017-12-25,484000,-218000,0,266000,893.0,227.0,-88.0,0.0,,2026-07-24T11:48:54.273691+08:00
2412,2017-12-26,0,-146000,223482,77482,917.0,209.0,24.0,-18.0,,2026-07-24T11:48:54.273691+08:00
2412,2017-12-27,-9000,-523000,206000,-326000,813.0,205.0,-104.0,-4.0,,2026-07-24T11:48:54.273691+08:00
2412,2017-12-28,98000,887000,-1000,984000,808.0,92.0,-5.0,-113.0,,2026-07-24T11:48:54.273691+08:00
2412,2017-12-29,2000,1223813,-29000,1196813,744.0,98.0,-64.0,6.0,,2026-07-24T11:48:54.273691+08:00
2412,2018-01-02,22000,375564,31000,428564,714.0,94.0,-30.0,-4.0,,2026-07-24T11:48:54.273691+08:00
2412,2018-01-03,-6000,-2212870,1000,-2217870,699.0,92.0,-15.0,-2.0,,2026-07-24T11:48:54.273691+08:00
2412,2018-01-04,71000,-1502343,60000,-1371343,629.0,92.0,-70.0,0.0,,2026-07-24T11:48:54.273691+08:00
2412,2018-01-05,9000,893325,-42000,860325,623.0,94.0,-6.0,2.0,,2026-07-24T11:48:54.273691+08:00
2412,2018-01-08,53000,2156000,-229000,1980000,606.0,94.0,-17.0,0.0,,2026-07-24T11:48:54.273691+08:00
2412,2018-01-09,3000,-3315639,0,-3312639,605.0,94.0,-1.0,0.0,,2026-07-24T11:48:54.273691+08:00
2412,2018-01-10,49000,1592062,-23000,1618062,606.0,93.0,1.0,-1.0,,2026-07-24T11:48:54.273691+08:00
2412,2018-01-11,61000,1597999,0,1658999,633.0,113.0,27.0,20.0,,2026-07-24T11:48:54.273691+08:00
2412,2018-01-12,11000,2080560,63000,2154560,629.0,112.0,-4.0,-1.0,,2026-07-24T11:48:54.273691+08:00
2412,2018-01-15,28000,1100000,-11000,1117000,638.0,102.0,9.0,-10.0,,2026-07-24T11:48:54.273691+08:00
2412,2018-01-16,-12000,1153148,-25000,1116148,670.0,102.0,32.0,0.0,,2026-07-24T11:48:54.273691+08:00
2412,2018-01-17,7000,1400204,0,1407204,664.0,102.0,-6.0,0.0,,2026-07-24T11:48:54.273691+08:00
2412,2018-01-18,114000,-1290588,-1224000,-2400588,660.0,102.0,-4.0,0.0,,2026-07-24T11:48:54.273691+08:00
2412,2018-01-19,-13000,1105749,-199000,893749,653.0,102.0,-7.0,0.0,,2026-07-24T11:48:54.273691+08:00
2412,2018-01-22,-9000,-37000,-879000,-925000,622.0,101.0,-31.0,-1.0,,2026-07-24T11:48:54.273691+08:00
2412,2018-01-23,-16000,5411000,-150000,5245000,618.0,101.0,-4.0,0.0,,2026-07-24T11:48:54.273691+08:00
2412,2018-01-24,-26000,-600000,-30386,-656386,606.0,101.0,-12.0,0.0,,2026-07-24T11:48:54.273691+08:00
2412,2018-01-25,67000,536000,11000,614000,604.0,111.0,-2.0,10.0,,2026-07-24T11:48:54.273691+08:00
2412,2018-01-26,27000,1248000,-195000,1080000,608.0,111.0,4.0,0.0,,2026-07-24T11:48:54.273691+08:00
2412,2018-01-29,-1000,345558,0,344558,570.0,111.0,-38.0,0.0,,2026-07-24T11:48:54.273691+08:00
2412,2018-01-30,104000,-4750791,0,-4646791,612.0,111.0,42.0,0.0,,2026-07-24T11:48:54.273691+08:00
2412,2018-01-31,283000,454815,41000,778815,731.0,111.0,119.0,0.0,,2026-07-24T11:48:54.273691+08:00
2412,2018-02-01,5000,3941075,0,3946075,699.0,112.0,-32.0,1.0,,2026-07-24T11:48:54.273691+08:00
2412,2018-02-02,-16000,2373131,27000,2384131,688.0,112.0,-11.0,0.0,,2026-07-24T11:48:54.273691+08:00
2412,2018-02-05,13000,291356,0,304356,708.0,110.0,20.0,-2.0,,2026-07-24T11:48:54.273691+08:00
2412,2018-02-06,311000,-5482581,575000,-4596581,967.0,110.0,259.0,0.0,,2026-07-24T11:48:54.273691+08:00
2412,2018-02-07,-15000,-5321011,1983000,-3353011,794.0,110.0,-173.0,0.0,,2026-07-24T11:48:54.273691+08:00
2412,2018-02-08,2000,-1829126,194000,-1633126,796.0,110.0,2.0,0.0,,2026-07-24T11:48:54.273691+08:00
2412,2018-02-09,394000,-7606780,260000,-6952780,851.0,109.0,55.0,-1.0,,2026-07-24T11:48:54.273691+08:00
2412,2018-02-12,279000,-6472921,0,-6193921,856.0,89.0,5.0,-20.0,,2026-07-24T11:48:54.273691+08:00
2412,2018-02-21,-19000,1444868,-269000,1156868,785.0,92.0,-71.0,3.0,,2026-07-24T11:48:54.273691+08:00
2412,2018-02-22,-3000,-1322978,-230000,-1555978,777.0,92.0,-8.0,0.0,,2026-07-24T11:48:54.273691+08:00
2412,2018-02-23,-3000,1812000,-100000,1709000,595.0,92.0,-182.0,0.0,,2026-07-24T11:48:54.273691+08:00
2412,2018-02-26,-10000,-244220,12000,-242220,589.0,94.0,-6.0,2.0,,2026-07-24T11:48:54.273691+08:00
2412,2018-02-27,0,-513570,-211000,-724570,521.0,93.0,-68.0,-1.0,,2026-07-24T11:48:54.273691+08:00
2412,2018-03-01,-9000,-1041824,6000,-1044824,507.0,93.0,-14.0,0.0,,2026-07-24T11:48:54.273691+08:00
2412,2018-03-02,19000,-2160000,-133000,-2274000,505.0,93.0,-2.0,0.0,,2026-07-24T11:48:54.273691+08:00
2412,2018-03-05,-47000,-2039000,15000,-2071000,502.0,70.0,-3.0,-23.0,,2026-07-24T11:48:54.273691+08:00
2412,2018-03-06,72000,1092000,0,1164000,495.0,71.0,-7.0,1.0,,2026-07-24T11:48:54.273691+08:00
2412,2018-03-07,43000,999728,0,1042728,487.0,71.0,-8.0,0.0,,2026-07-24T11:48:54.273691+08:00
2412,2018-03-08,50000,-945000,-77000,-972000,484.0,71.0,-3.0,0.0,,2026-07-24T11:48:54.273691+08:00
2412,2018-03-09,101000,579326,11000,691326,492.0,71.0,8.0,0.0,,2026-07-24T11:48:54.273691+08:00
2412,2018-03-12,85000,452000,-73000,464000,1581.0,51.0,1089.0,-20.0,,2026-07-24T11:48:54.273691+08:00
2412,2018-03-13,0,3574324,-13000,3561324,540.0,51.0,-1041.0,0.0,,2026-07-24T11:48:54.273691+08:00
2412,2018-03-14,230000,230355,0,460355,546.0,48.0,6.0,-3.0,,2026-07-24T11:48:54.273691+08:00
2412,2018-03-15,20000,3063213,9000,3092213,544.0,48.0,-2.0,0.0,,2026-07-24T11:48:54.273691+08:00
2412,2018-03-16,-4000,5972282,-67000,5901282,502.0,48.0,-42.0,0.0,,2026-07-24T11:48:54.273691+08:00
2412,2018-03-19,1000,2076429,-391000,1686429,497.0,48.0,-5.0,0.0,,2026-07-24T11:48:54.273691+08:00
2412,2018-03-20,50000,694413,-2000,742413,499.0,47.0,2.0,-1.0,,2026-07-24T11:48:54.273691+08:00
2412,2018-03-21,139000,5936008,9000,6084008,503.0,47.0,4.0,0.0,,2026-07-24T11:48:54.273691+08:00
2412,2018-03-22,42000,6443000,-60000,6425000,495.0,47.0,-8.0,0.0,,2026-07-24T11:48:54.273691+08:00
2412,2018-03-23,-6000,-137079,-10000,-153079,530.0,46.0,35.0,-1.0,,2026-07-24T11:48:54.273691+08:00
2412,2018-03-26,-40000,1006000,-17045,948955,502.0,46.0,-28.0,0.0,,2026-07-24T11:48:54.273691+08:00
2412,2018-03-27,12000,2464354,-277,2476077,509.0,46.0,7.0,0.0,,2026-07-24T11:48:54.273691+08:00
2412,2018-03-28,-135000,763125,0,628125,505.0,46.0,-4.0,0.0,,2026-07-24T11:48:54.273691+08:00
2412,2018-03-29,-2000,-2250138,0,-2252138,505.0,47.0,0.0,1.0,,2026-07-24T11:48:54.273691+08:00
2412,2018-03-30,89000,2520450,-7000,2602450,516.0,46.0,11.0,-1.0,,2026-07-24T11:48:54.273691+08:00
2412,2018-03-31,6000,0,-29000,-23000,566.0,46.0,50.0,0.0,,2026-07-24T11:48:54.273691+08:00
2412,2018-04-02,-7000,536742,-181000,348742,693.0,42.0,127.0,-4.0,,2026-07-24T11:48:54.273691+08:00
2412,2018-04-03,-25000,1804023,0,1779023,692.0,6.0,-1.0,-36.0,,2026-07-24T11:48:54.273691+08:00
2412,2018-04-09,7000,2986290,4000,2997290,585.0,0.0,-107.0,-6.0,,2026-07-24T11:48:54.273691+08:00
2412,2018-04-10,26000,4208128,-11000,4223128,535.0,0.0,-50.0,0.0,,2026-07-24T11:48:54.273691+08:00
2412,2018-04-11,389000,4266178,0,4655178,560.0,0.0,25.0,0.0,,2026-07-24T11:48:54.273691+08:00
2412,2018-04-12,129000,228334,390000,747334,628.0,0.0,68.0,0.0,,2026-07-24T11:48:54.273691+08:00
2412,2018-04-13,2000,-595000,414000,-179000,655.0,2.0,27.0,2.0,,2026-07-24T11:48:54.273691+08:00
2412,2018-04-16,50000,432302,425000,907302,650.0,3.0,-5.0,1.0,,2026-07-24T11:48:54.273691+08:00
2412,2018-04-17,80000,1686000,355000,2121000,565.0,3.0,-85.0,0.0,,2026-07-24T11:48:54.273691+08:00
2412,2018-04-18,-32000,1439723,409000,1816723,543.0,5.0,-22.0,2.0,,2026-07-24T11:48:54.273691+08:00
2412,2018-04-19,25000,2256019,188000,2469019,566.0,6.0,23.0,1.0,,2026-07-24T11:48:54.273691+08:00
2412,2018-04-20,95000,371368,27646,494014,573.0,6.0,7.0,0.0,,2026-07-24T11:48:54.273691+08:00
2412,2018-04-23,-552000,-931000,29000,-1454000,845.0,50.0,272.0,44.0,,2026-07-24T11:48:54.273691+08:00
2412,2018-04-24,-1000,256943,20000,275943,897.0,49.0,52.0,-1.0,,2026-07-24T11:48:54.273691+08:00
2412,2018-04-25,-53000,3088000,80000,3115000,898.0,48.0,1.0,-1.0,,2026-07-24T11:48:54.273691+08:00
2412,2018-04-26,37000,216150,70000,323150,668.0,48.0,-230.0,0.0,,2026-07-24T11:48:54.273691+08:00
2412,2018-04-27,70000,586040,54000,710040,783.0,51.0,115.0,3.0,,2026-07-24T11:48:54.273691+08:00
2412,2018-04-30,67000,-514395,-33000,-480395,866.0,51.0,83.0,0.0,,2026-07-24T11:48:54.273691+08:00
2412,2018-05-02,0,-1818385,-10000,-1828385,886.0,50.0,20.0,-1.0,,2026-07-24T11:48:54.273691+08:00
2412,2018-05-03,19000,-1491110,255700,-1216410,892.0,50.0,6.0,0.0,,2026-07-24T11:48:54.273691+08:00
2412,2018-05-04,-5000,-729912,261000,-473912,892.0,50.0,0.0,0.0,,2026-07-24T11:48:54.273691+08:00
2412,2018-05-07,-41000,-428812,-56786,-526598,1060.0,49.0,168.0,-1.0,,2026-07-24T11:48:54.273691+08:00
2412,2018-05-08,15000,369000,22662,406662,861.0,149.0,-199.0,100.0,,2026-07-24T11:48:54.273691+08:00
2412,2018-05-09,3000,-2636937,-230000,-2863937,1905.0,46.0,1044.0,-103.0,,2026-07-24T11:48:54.273691+08:00
2412,2018-05-10,-133000,923000,-92000,698000,932.0,84.0,-973.0,38.0,,2026-07-24T11:48:54.273691+08:00
2412,2018-05-11,-15000,480897,-4000,461897,945.0,84.0,13.0,0.0,,2026-07-24T11:48:54.273691+08:00
2412,2018-05-14,134006,-1805000,0,-1670994,928.0,84.0,-17.0,0.0,,2026-07-24T11:48:54.273691+08:00
2412,2018-05-15,6000,-1653069,-50000,-1697069,1005.0,83.0,77.0,-1.0,,2026-07-24T11:48:54.273691+08:00
2412,2018-05-16,39000,-3846781,-246000,-4053781,948.0,73.0,-57.0,-10.0,,2026-07-24T11:48:54.273691+08:00
2412,2018-05-17,12000,-965043,-72000,-1025043,942.0,75.0,-6.0,2.0,,2026-07-24T11:48:54.273691+08:00
2412,2018-05-18,13000,702000,-12000,703000,908.0,79.0,-34.0,4.0,,2026-07-24T11:48:54.273691+08:00
2412,2018-05-21,6000,-1922000,-10000,-1926000,887.0,78.0,-21.0,-1.0,,2026-07-24T11:48:54.273691+08:00
2412,2018-05-22,-15000,-2218000,0,-2233000,860.0,78.0,-27.0,0.0,,2026-07-24T11:48:54.273691+08:00
2412,2018-05-23,-7000,-2100742,-24590,-2132332,888.0,78.0,28.0,0.0,,2026-07-24T11:48:54.273691+08:00
2412,2018-05-24,-3000,-1340886,-10000,-1353886,860.0,78.0,-28.0,0.0,,2026-07-24T11:48:54.273691+08:00
2412,2018-05-25,0,-90500,0,-90500,853.0,78.0,-7.0,0.0,,2026-07-24T11:48:54.273691+08:00
2412,2018-05-28,26000,-454987,0,-428987,812.0,77.0,-41.0,-1.0,,2026-07-24T11:48:54.273691+08:00
2412,2018-05-29,46000,-4705017,0,-4659017,828.0,76.0,16.0,-1.0,,2026-07-24T11:48:54.273691+08:00
2412,2018-05-30,-20000,-6916192,-37000,-6973192,834.0,76.0,6.0,0.0,,2026-07-24T11:48:54.273691+08:00
2412,2018-05-31,-12000,-3480247,-3000,-3495247,820.0,79.0,-14.0,3.0,,2026-07-24T11:48:54.273691+08:00
2412,2018-06-01,0,-42667,1000,-41667,808.0,79.0,-12.0,0.0,,2026-07-24T11:48:54.273691+08:00
2412,2018-06-04,40000,-916316,0,-876316,801.0,79.0,-7.0,0.0,,2026-07-24T11:48:54.273691+08:00
2412,2018-06-05,0,-491000,0,-491000,771.0,79.0,-30.0,0.0,,2026-07-24T11:48:54.273691+08:00
2412,2018-06-06,276000,-989922,-72000,-785922,771.0,82.0,0.0,3.0,,2026-07-24T11:48:54.273691+08:00
2412,2018-06-07,50000,-2872692,68000,-2754692,772.0,81.0,1.0,-1.0,,2026-07-24T11:48:54.273691+08:00
2412,2018-06-08,-2000,-893621,-63000,-958621,775.0,81.0,3.0,0.0,,2026-07-24T11:48:54.273691+08:00
2412,2018-06-11,18000,-1485150,108000,-1359150,775.0,81.0,0.0,0.0,,2026-07-24T11:48:54.273691+08:00
2412,2018-06-12,54000,-2389950,-53000,-2388950,762.0,17.0,-13.0,-64.0,,2026-07-24T11:48:54.273691+08:00
2412,2018-06-13,0,-1134236,-26000,-1160236,762.0,17.0,0.0,0.0,,2026-07-24T11:48:54.273691+08:00
2412,2018-06-14,-18000,-4617896,4000,-4631896,765.0,15.0,3.0,-2.0,,2026-07-24T11:48:54.273691+08:00
2412,2018-06-15,-111000,-1015866,-77000,-1203866,849.0,15.0,84.0,0.0,,2026-07-24T11:48:54.273691+08:00
2412,2018-06-19,-37000,-5940800,58000,-5919800,863.0,18.0,14.0,3.0,,2026-07-24T11:48:54.273691+08:00
2412,2018-06-20,402000,-1882937,490486,-990451,811.0,18.0,-52.0,0.0,,2026-07-24T11:48:54.273691+08:00
2412,2018-06-21,23000,-2325869,247000,-2055869,765.0,18.0,-46.0,0.0,,2026-07-24T11:48:54.273691+08:00
2412,2018-06-22,19000,-801540,-2000,-784540,797.0,18.0,32.0,0.0,,2026-07-24T11:48:54.273691+08:00
2412,2018-06-25,0,-1813664,100000,-1713664,795.0,19.0,-2.0,1.0,,2026-07-24T11:48:54.273691+08:00
2412,2018-06-26,18000,-1939414,0,-1921414,890.0,19.0,95.0,0.0,,2026-07-24T11:48:54.273691+08:00
2412,2018-06-27,14000,-1491086,3000,-1474086,879.0,20.0,-11.0,1.0,,2026-07-24T11:48:54.273691+08:00
2412,2018-06-28,35000,-908569,0,-873569,752.0,20.0,-127.0,0.0,,2026-07-24T11:48:54.273691+08:00
2412,2018-06-29,15000,-288932,-3000,-276932,744.0,18.0,-8.0,-2.0,,2026-07-24T11:48:54.273691+08:00
2412,2018-07-02,-11000,-1727000,-6000,-1744000,749.0,18.0,5.0,0.0,,2026-07-24T11:48:54.273691+08:00
2412,2018-07-03,-11000,3185000,-7000,3167000,747.0,18.0,-2.0,0.0,,2026-07-24T11:48:54.273691+08:00
2412,2018-07-04,218000,760000,-11000,967000,748.0,15.0,1.0,-3.0,,2026-07-24T11:48:54.273691+08:00
2412,2018-07-05,0,1973139,4000,1977139,857.0,15.0,109.0,0.0,,2026-07-24T11:48:54.273691+08:00
2412,2018-07-06,0,-87099,1036000,948901,861.0,14.0,4.0,-1.0,,2026-07-24T11:48:54.273691+08:00
2412,2018-07-09,1000,894244,25000,920244,1001.0,14.0,140.0,0.0,,2026-07-24T11:48:54.273691+08:00
2412,2018-07-10,0,1392449,0,1392449,997.0,14.0,-4.0,0.0,,2026-07-24T11:48:54.273691+08:00
2412,2018-07-11,-254000,-170889,0,-424889,1042.0,12.0,45.0,-2.0,,2026-07-24T11:48:54.273691+08:00
2412,2018-07-12,289000,-463711,-5000,-179711,985.0,12.0,-57.0,0.0,,2026-07-24T11:48:54.273691+08:00
2412,2018-07-13,57000,-415640,0,-358640,993.0,9.0,8.0,-3.0,,2026-07-24T11:48:54.273691+08:00
2412,2018-07-16,6000,447273,0,453273,956.0,9.0,-37.0,0.0,,2026-07-24T11:48:54.273691+08:00
2412,2018-07-17,38000,-730348,-17000,-709348,885.0,0.0,-71.0,-9.0,,2026-07-24T11:48:54.273691+08:00
2412,2018-07-18,463000,-577404,-7000,-121404,917.0,0.0,32.0,0.0,,2026-07-24T11:48:54.273691+08:00
2412,2018-07-19,15000,-1944410,0,-1929410,912.0,0.0,-5.0,0.0,,2026-07-24T11:48:54.273691+08:00
2412,2018-07-20,209000,-789248,0,-580248,1048.0,0.0,136.0,0.0,,2026-07-24T11:48:54.273691+08:00
2412,2018-07-23,169000,1465451,0,1634451,1059.0,1.0,11.0,1.0,,2026-07-24T11:48:54.273691+08:00
2412,2018-07-24,-54000,257395,36000,239395,1036.0,2.0,-23.0,1.0,,2026-07-24T11:48:54.273691+08:00
2412,2018-07-25,-58000,-80370,30000,-108370,1013.0,2.0,-23.0,0.0,,2026-07-24T11:48:54.273691+08:00
2412,2018-07-26,0,-972900,27000,-945900,1009.0,2.0,-4.0,0.0,,2026-07-24T11:48:54.273691+08:00
2412,2018-07-27,0,-1962953,18000,-1944953,998.0,2.0,-11.0,0.0,,2026-07-24T11:48:54.273691+08:00
2412,2018-07-30,0,2456000,-7000,2449000,975.0,2.0,-23.0,0.0,,2026-07-24T11:48:54.273691+08:00
2412,2018-07-31,4000,7235760,-100000,7139760,973.0,2.0,-2.0,0.0,,2026-07-24T11:48:54.273691+08:00
2412,2018-08-01,0,-84000,-35000,-119000,966.0,2.0,-7.0,0.0,,2026-07-24T11:48:54.273691+08:00
2412,2018-08-02,-65000,-1152544,160000,-1057544,989.0,2.0,23.0,0.0,,2026-07-24T11:48:54.273691+08:00
2412,2018-08-03,2000,-547861,-29000,-574861,987.0,2.0,-2.0,0.0,,2026-07-24T11:48:54.273691+08:00
2412,2018-08-06,0,441481,0,441481,955.0,2.0,-32.0,0.0,,2026-07-24T11:48:54.273691+08:00
2412,2018-08-07,1000,2161946,0,2162946,946.0,2.0,-9.0,0.0,,2026-07-24T11:48:54.273691+08:00
2412,2018-08-08,-1000,24173,-110000,-86827,913.0,1.0,-33.0,-1.0,,2026-07-24T11:48:54.273691+08:00
2412,2018-08-09,-4000,-884967,22000,-866967,869.0,3.0,-44.0,2.0,,2026-07-24T11:48:54.273691+08:00
2412,2018-08-10,-17000,1261000,-8000,1236000,874.0,3.0,5.0,0.0,,2026-07-24T11:48:54.273691+08:00
2412,2018-08-13,177000,226342,-6000,397342,1054.0,5.0,180.0,2.0,,2026-07-24T11:48:54.273691+08:00
2412,2018-08-14,1000,923225,111000,1035225,1021.0,5.0,-33.0,0.0,,2026-07-24T11:48:54.273691+08:00
2412,2018-08-15,-45000,2651989,64000,2670989,1079.0,6.0,58.0,1.0,,2026-07-24T11:48:54.273691+08:00
2412,2018-08-16,58000,-445300,2580000,2192700,1061.0,6.0,-18.0,0.0,,2026-07-24T11:48:54.273691+08:00
2412,2018-08-17,-7000,654504,390000,1037504,1246.0,57.0,185.0,51.0,,2026-07-24T11:48:54.273691+08:00
2412,2018-08-20,0,1487607,32000,1519607,1326.0,59.0,80.0,2.0,,2026-07-24T11:48:54.273691+08:00
2412,2018-08-21,65000,2107220,765000,2937220,1327.0,59.0,1.0,0.0,,2026-07-24T11:48:54.273691+08:00
2412,2018-08-22,-356000,716721,205000,565721,1346.0,59.0,19.0,0.0,,2026-07-24T11:48:54.273691+08:00
2412,2018-08-23,-19000,621000,0,602000,1356.0,59.0,10.0,0.0,,2026-07-24T11:48:54.273691+08:00
2412,2018-08-24,0,-916000,368000,-548000,1439.0,59.0,83.0,0.0,,2026-07-24T11:48:54.273691+08:00
2412,2018-08-27,0,-614566,1313000,698434,1488.0,59.0,49.0,0.0,,2026-07-24T11:48:54.273691+08:00
2412,2018-08-28,-11000,326000,50000,365000,1481.0,58.0,-7.0,-1.0,,2026-07-24T11:48:54.273691+08:00
2412,2018-08-29,-318000,1011892,-25000,668892,1453.0,57.0,-28.0,-1.0,,2026-07-24T11:48:54.273691+08:00
2412,2018-08-30,-128000,840000,-3000,709000,1332.0,55.0,-121.0,-2.0,,2026-07-24T11:48:54.273691+08:00
2412,2018-08-31,198000,864286,1000,1063286,1323.0,55.0,-9.0,0.0,,2026-07-24T11:48:54.273691+08:00
2412,2018-09-03,-43000,136136,0,93136,1350.0,55.0,27.0,0.0,,2026-07-24T11:48:54.273691+08:00
2412,2018-09-04,0,274822,20000,294822,1249.0,55.0,-101.0,0.0,,2026-07-24T11:48:54.273691+08:00
2412,2018-09-05,-416000,739911,-30400,293511,1232.0,55.0,-17.0,0.0,,2026-07-24T11:48:54.273691+08:00
2412,2018-09-06,0,-495990,0,-495990,1261.0,55.0,29.0,0.0,,2026-07-24T11:48:54.273691+08:00
2412,2018-09-07,0,982597,3081623,4064220,1317.0,58.0,56.0,3.0,,2026-07-24T11:48:54.273691+08:00
2412,2018-09-10,137000,978331,3067000,4182331,1504.0,65.0,187.0,7.0,,2026-07-24T11:48:54.273691+08:00
2412,2018-09-11,201000,4188810,1007000,5396810,1463.0,124.0,-41.0,59.0,,2026-07-24T11:48:54.273691+08:00
2412,2018-09-12,506000,3398000,1342000,5246000,1580.0,125.0,117.0,1.0,,2026-07-24T11:48:54.273691+08:00
2412,2018-09-13,55000,797623,758000,1610623,1682.0,127.0,102.0,2.0,,2026-07-24T11:48:54.273691+08:00
2412,2018-09-14,-24000,2441000,167000,2584000,1476.0,120.0,-206.0,-7.0,,2026-07-24T11:48:54.273691+08:00
2412,2018-09-17,0,1648388,-883000,765388,1446.0,120.0,-30.0,0.0,,2026-07-24T11:48:54.273691+08:00
2412,2018-09-18,-36000,3610680,2010000,5584680,1480.0,122.0,34.0,2.0,,2026-07-24T11:48:54.273691+08:00
2412,2018-09-19,28000,2388691,72000,2488691,1437.0,122.0,-43.0,0.0,,2026-07-24T11:48:54.273691+08:00
2412,2018-09-20,-46000,201125,275000,430125,1427.0,122.0,-10.0,0.0,,2026-07-24T11:48:54.273691+08:00
2412,2018-09-21,9000,-3020800,1243000,-1768800,1366.0,40.0,-61.0,-82.0,,2026-07-24T11:48:54.273691+08:00
2412,2018-09-25,108000,-1612578,261000,-1243578,1323.0,20.0,-43.0,-20.0,,2026-07-24T11:48:54.273691+08:00
2412,2018-09-26,-54000,543980,925000,1414980,1304.0,19.0,-19.0,-1.0,,2026-07-24T11:48:54.273691+08:00
2412,2018-09-27,-47000,2875756,262000,3090756,1295.0,19.0,-9.0,0.0,,2026-07-24T11:48:54.273691+08:00
2412,2018-09-28,-98000,683414,961000,1546414,1252.0,19.0,-43.0,0.0,,2026-07-24T11:48:54.273691+08:00
2412,2018-10-01,-59000,1086393,-160000,867393,1202.0,18.0,-50.0,-1.0,,2026-07-24T11:48:54.273691+08:00
2412,2018-10-02,119000,-1805000,-604000,-2290000,1232.0,31.0,30.0,13.0,,2026-07-24T11:48:54.273691+08:00
2412,2018-10-03,29000,335600,289000,653600,1361.0,31.0,129.0,0.0,,2026-07-24T11:48:54.273691+08:00
2412,2018-10-04,-22000,-3573288,528000,-3067288,1387.0,31.0,26.0,0.0,,2026-07-24T11:48:54.273691+08:00
2412,2018-10-05,302000,-675100,4426255,4053155,1785.0,47.0,398.0,16.0,,2026-07-24T11:48:54.273691+08:00
2412,2018-10-08,73000,-1410000,1463000,126000,1858.0,50.0,73.0,3.0,,2026-07-24T11:48:54.273691+08:00
2412,2018-10-09,49000,-491964,1967000,1524036,1947.0,56.0,89.0,6.0,,2026-07-24T11:48:54.273691+08:00
2412,2018-10-11,-521000,-5993886,7142075,627189,2263.0,107.0,316.0,51.0,,2026-07-24T11:48:54.273691+08:00
2412,2018-10-12,-1000,-2563697,1168000,-1396697,2128.0,111.0,-135.0,4.0,,2026-07-24T11:48:54.273691+08:00
2412,2018-10-15,10000,-5228820,308000,-4910820,2207.0,106.0,79.0,-5.0,,2026-07-24T11:48:54.273691+08:00
2412,2018-10-16,17000,-2624228,957000,-1650228,2147.0,106.0,-60.0,0.0,,2026-07-24T11:48:54.273691+08:00
2412,2018-10-17,-127000,-2532000,58000,-2601000,2103.0,104.0,-44.0,-2.0,,2026-07-24T11:48:54.273691+08:00
2412,2018-10-18,-9995,-1611007,211000,-1410002,1918.0,116.0,-185.0,12.0,,2026-07-24T11:48:54.273691+08:00
2412,2018-10-19,3000,-431210,536000,107790,1959.0,115.0,41.0,-1.0,,2026-07-24T11:48:54.273691+08:00
2412,2018-10-22,-999,792242,14000,805243,1875.0,120.0,-84.0,5.0,,2026-07-24T11:48:54.273691+08:00
2412,2018-10-23,-19000,39112,722894,743006,1906.0,125.0,31.0,5.0,,2026-07-24T11:48:54.273691+08:00
2412,2018-10-24,68000,-2095000,2071000,44000,1840.0,119.0,-66.0,-6.0,,2026-07-24T11:48:54.273691+08:00
2412,2018-10-25,5000,-689976,2401894,1716918,2101.0,169.0,261.0,50.0,,2026-07-24T11:48:54.273691+08:00
2412,2018-10-26,-29000,2417488,5366000,7754488,2248.0,220.0,147.0,51.0,,2026-07-24T11:48:54.273691+08:00
2412,2018-10-29,66000,-1110715,1032000,-12715,2201.0,232.0,-47.0,12.0,,2026-07-24T11:48:54.273691+08:00
2412,2018-10-30,84000,-752000,-340000,-1008000,2428.0,220.0,227.0,-12.0,,2026-07-24T11:48:54.273691+08:00
2412,2018-10-31,109000,2659353,-514000,2254353,2051.0,214.0,-377.0,-6.0,,2026-07-24T11:48:54.273691+08:00
2412,2018-11-01,-897000,-4583000,-1036000,-6516000,2006.0,198.0,-45.0,-16.0,,2026-07-24T11:48:54.273691+08:00
2412,2018-11-02,-110000,-1778900,-9194526,-11083426,1928.0,180.0,-78.0,-18.0,,2026-07-24T11:48:54.273691+08:00
2412,2018-11-05,-164000,-247000,-1056000,-1467000,1862.0,177.0,-66.0,-3.0,,2026-07-24T11:48:54.273691+08:00
2412,2018-11-06,-5000,924000,-219000,700000,2011.0,172.0,149.0,-5.0,,2026-07-24T11:48:54.273691+08:00
2412,2018-11-07,-255000,1923847,40000,1708847,1930.0,168.0,-81.0,-4.0,,2026-07-24T11:48:54.273691+08:00
2412,2018-11-08,-2000,2384712,-72000,2310712,1934.0,162.0,4.0,-6.0,,2026-07-24T11:48:54.273691+08:00
2412,2018-11-09,78000,700072,187000,965072,1933.0,167.0,-1.0,5.0,,2026-07-24T11:48:54.273691+08:00
2412,2018-11-12,30000,1791000,396000,2217000,1935.0,153.0,2.0,-14.0,,2026-07-24T11:48:54.273691+08:00
2412,2018-11-13,277000,827235,102000,1206235,1945.0,151.0,10.0,-2.0,,2026-07-24T11:48:54.273691+08:00
2412,2018-11-14,0,1731680,30000,1761680,1932.0,152.0,-13.0,1.0,,2026-07-24T11:48:54.273691+08:00
2412,2018-11-15,286000,1004000,-625000,665000,1951.0,149.0,19.0,-3.0,,2026-07-24T11:48:54.273691+08:00
2412,2018-11-16,52000,-595941,-242106,-786047,1975.0,140.0,24.0,-9.0,,2026-07-24T11:48:54.273691+08:00
2412,2018-11-19,57000,2083110,-481000,1659110,1897.0,135.0,-78.0,-5.0,,2026-07-24T11:48:54.273691+08:00
2412,2018-11-20,14000,1373533,-241106,1146427,1874.0,140.0,-23.0,5.0,,2026-07-24T11:48:54.273691+08:00
2412,2018-11-21,-51000,4786556,290000,5025556,1837.0,138.0,-37.0,-2.0,,2026-07-24T11:48:54.273691+08:00
2412,2018-11-22,38000,2218620,-379000,1877620,1794.0,142.0,-43.0,4.0,,2026-07-24T11:48:54.273691+08:00
2412,2018-11-23,-13000,75267,1742000,1804267,1786.0,154.0,-8.0,12.0,,2026-07-24T11:48:54.273691+08:00
2412,2018-11-26,90000,1602559,44000,1736559,1717.0,158.0,-69.0,4.0,,2026-07-24T11:48:54.273691+08:00
2412,2018-11-27,-27000,-130646,-414000,-571646,1691.0,165.0,-26.0,7.0,,2026-07-24T11:48:54.273691+08:00
2412,2018-11-28,385000,2343506,-2268305,460201,1646.0,149.0,-45.0,-16.0,,2026-07-24T11:48:54.273691+08:00
2412,2018-11-29,0,1955650,-2087000,-131350,1625.0,147.0,-21.0,-2.0,,2026-07-24T11:48:54.273691+08:00
2412,2018-11-30,-20000,1941649,-2195000,-273351,1606.0,145.0,-19.0,-2.0,,2026-07-24T11:48:54.273691+08:00
2412,2018-12-03,255000,-3778000,-3997000,-7520000,1654.0,108.0,48.0,-37.0,,2026-07-24T11:48:54.273691+08:00
2412,2018-12-04,3000,1234036,-1133000,104036,1650.0,108.0,-4.0,0.0,,2026-07-24T11:48:54.273691+08:00
2412,2018-12-05,-233000,725915,-425000,67915,1589.0,108.0,-61.0,0.0,,2026-07-24T11:48:54.273691+08:00
2412,2018-12-06,-160000,436210,219000,495210,1613.0,104.0,24.0,-4.0,,2026-07-24T11:48:54.273691+08:00
2412,2018-12-07,109000,-197400,-45000,-133400,1453.0,107.0,-160.0,3.0,,2026-07-24T11:48:54.273691+08:00
2412,2018-12-10,11000,-256000,119668,-125332,1469.0,107.0,16.0,0.0,,2026-07-24T11:48:54.273691+08:00
2412,2018-12-11,0,576040,47000,623040,1432.0,108.0,-37.0,1.0,,2026-07-24T11:48:54.273691+08:00
2412,2018-12-12,267000,1299000,-516000,1050000,1399.0,97.0,-33.0,-11.0,,2026-07-24T11:48:54.273691+08:00
2412,2018-12-13,39000,1150765,-1826000,-636235,1243.0,99.0,-156.0,2.0,,2026-07-24T11:48:54.273691+08:00
2412,2018-12-14,-317000,-2008738,-22000,-2347738,1240.0,99.0,-3.0,0.0,,2026-07-24T11:48:54.273691+08:00
2412,2018-12-17,-3000,850987,157000,1004987,1205.0,99.0,-35.0,0.0,,2026-07-24T11:48:54.273691+08:00
2412,2018-12-18,620000,-1850414,448000,-782414,1222.0,99.0,17.0,0.0,,2026-07-24T11:48:54.273691+08:00
2412,2018-12-19,16000,2107419,-10000,2113419,1199.0,97.0,-23.0,-2.0,,2026-07-24T11:48:54.273691+08:00
2412,2018-12-20,-79000,1301525,50000,1272525,1205.0,98.0,6.0,1.0,,2026-07-24T11:48:54.273691+08:00
2412,2018-12-21,-25000,248869,-223000,869,1203.0,99.0,-2.0,1.0,,2026-07-24T11:48:54.273691+08:00
2412,2018-12-22,-91000,-128000,236000,17000,1181.0,120.0,-22.0,21.0,,2026-07-24T11:48:54.273691+08:00
2412,2018-12-24,343000,106000,0,449000,1221.0,99.0,40.0,-21.0,,2026-07-24T11:48:54.273691+08:00
2412,2018-12-25,-302000,-635000,54569,-882431,1205.0,105.0,-16.0,6.0,,2026-07-24T11:48:54.273691+08:00
2412,2018-12-26,-281012,2173000,279118,2171106,1283.0,99.0,78.0,-6.0,,2026-07-24T11:48:54.273691+08:00
2412,2018-12-27,9000,3113926,-298000,2824926,1248.0,108.0,-35.0,9.0,,2026-07-24T11:48:54.273691+08:00
2412,2018-12-28,-42000,-1983500,0,-2025500,1075.0,279.0,-173.0,171.0,,2026-07-24T11:48:54.273691+08:00
2412,2019-01-02,-429000,-488408,-1305000,-2222408,1026.0,133.0,-49.0,-146.0,,2026-07-24T11:48:54.273691+08:00
2412,2019-01-03,67000,-451362,-100000,-484362,1049.0,125.0,23.0,-8.0,,2026-07-24T11:48:54.273691+08:00
2412,2019-01-04,187000,1056277,498000,1741277,1089.0,124.0,40.0,-1.0,,2026-07-24T11:48:54.273691+08:00
2412,2019-01-07,144000,2604128,50000,2798128,1048.0,124.0,-41.0,0.0,,2026-07-24T11:48:54.273691+08:00
2412,2019-01-08,30000,-1838954,60000,-1748954,1075.0,109.0,27.0,-15.0,,2026-07-24T11:48:54.273691+08:00
2412,2019-01-09,787000,-360051,-26000,400949,1059.0,107.0,-16.0,-2.0,,2026-07-24T11:48:54.273691+08:00
2412,2019-01-10,20000,-1179200,-186000,-1345200,1076.0,107.0,17.0,0.0,,2026-07-24T11:48:54.273691+08:00
2412,2019-01-11,16000,-2273196,-262000,-2519196,1051.0,105.0,-25.0,-2.0,,2026-07-24T11:48:54.273691+08:00
2412,2019-01-14,38000,-1624594,-502000,-2088594,1112.0,94.0,61.0,-11.0,,2026-07-24T11:48:54.273691+08:00
2412,2019-01-15,58000,206742,-220335,44407,1073.0,93.0,-39.0,-1.0,,2026-07-24T11:48:54.273691+08:00
2412,2019-01-16,0,-568000,-772000,-1340000,1101.0,93.0,28.0,0.0,,2026-07-24T11:48:54.273691+08:00
2412,2019-01-17,-5000,802000,-89000,708000,1082.0,92.0,-19.0,-1.0,,2026-07-24T11:48:54.273691+08:00
2412,2019-01-18,12000,516291,-100000,428291,1094.0,81.0,12.0,-11.0,,2026-07-24T11:48:54.273691+08:00
2412,2019-01-21,76000,-873000,-278000,-1075000,1158.0,70.0,64.0,-11.0,,2026-07-24T11:48:54.273691+08:00
2412,2019-01-22,4000,3254000,-114000,3144000,1040.0,71.0,-118.0,1.0,,2026-07-24T11:48:54.273691+08:00
2412,2019-01-23,-67000,-1186000,-666000,-1919000,1060.0,71.0,20.0,0.0,,2026-07-24T11:48:54.273691+08:00
2412,2019-01-24,2000,428683,-963000,-532317,1095.0,70.0,35.0,-1.0,,2026-07-24T11:48:54.273691+08:00
2412,2019-01-25,57000,1889000,-697000,1249000,1076.0,57.0,-19.0,-13.0,,2026-07-24T11:48:54.273691+08:00
2412,2019-01-28,13000,-60975,-597000,-644975,1099.0,56.0,23.0,-1.0,,2026-07-24T11:48:54.273691+08:00
2412,2019-01-29,47000,284900,-1106000,-774100,1085.0,56.0,-14.0,0.0,,2026-07-24T11:48:54.273691+08:00
2412,2019-01-30,69000,1252365,-1087000,234365,1052.0,57.0,-33.0,1.0,,2026-07-24T11:48:54.273691+08:00
2412,2019-02-11,9000,1670328,-793000,886328,995.0,57.0,-57.0,0.0,,2026-07-24T11:48:54.273691+08:00
2412,2019-02-12,0,1644555,-1808000,-163445,1015.0,56.0,20.0,-1.0,,2026-07-24T11:48:54.273691+08:00
2412,2019-02-13,0,-1368600,-1737000,-3105600,1075.0,55.0,60.0,-1.0,,2026-07-24T11:48:54.273691+08:00
2412,2019-02-14,-14000,-2654439,-1503000,-4171439,1084.0,55.0,9.0,0.0,,2026-07-24T11:48:54.273691+08:00
2412,2019-02-15,-359000,-2628299,-134000,-3121299,1081.0,55.0,-3.0,0.0,,2026-07-24T11:48:54.273691+08:00
2412,2019-02-18,62000,-1714113,-32000,-1684113,1073.0,55.0,-8.0,0.0,,2026-07-24T11:48:54.273691+08:00
2412,2019-02-19,140000,-1731950,-392000,-1983950,1066.0,55.0,-7.0,0.0,,2026-07-24T11:48:54.273691+08:00
2412,2019-02-20,0,-767199,-689000,-1456199,1051.0,55.0,-15.0,0.0,,2026-07-24T11:48:54.273691+08:00
2412,2019-02-21,0,-2488981,-153000,-2641981,1052.0,53.0,1.0,-2.0,,2026-07-24T11:48:54.273691+08:00
2412,2019-02-22,-36000,1459187,-211000,1212187,1031.0,53.0,-21.0,0.0,,2026-07-24T11:48:54.273691+08:00
2412,2019-02-25,-14000,177000,-331661,-168661,998.0,53.0,-33.0,0.0,,2026-07-24T11:48:54.273691+08:00
2412,2019-02-26,94000,-1784000,12000,-1678000,1007.0,55.0,9.0,2.0,,2026-07-24T11:48:54.273691+08:00
2412,2019-02-27,1000,-777108,-107000,-883108,976.0,52.0,-31.0,-3.0,,2026-07-24T11:48:54.273691+08:00
2412,2019-03-04,-75000,-1044571,-171661,-1291232,949.0,52.0,-27.0,0.0,,2026-07-24T11:48:54.273691+08:00
2412,2019-03-05,-164000,-1137928,-4000,-1305928,919.0,48.0,-30.0,-4.0,,2026-07-24T11:48:54.273691+08:00
2412,2019-03-06,-271000,101020,426000,256020,889.0,54.0,-30.0,6.0,,2026-07-24T11:48:54.273691+08:00
2412,2019-03-07,51000,-228037,-11000,-188037,932.0,56.0,43.0,2.0,,2026-07-24T11:48:54.273691+08:00
2412,2019-03-08,88000,-1355312,39000,-1228312,942.0,54.0,10.0,-2.0,,2026-07-24T11:48:54.273691+08:00
2412,2019-03-11,31000,-499971,0,-468971,942.0,54.0,0.0,0.0,,2026-07-24T11:48:54.273691+08:00
2412,2019-03-12,73000,1081500,-129000,1025500,891.0,55.0,-51.0,1.0,,2026-07-24T11:48:54.273691+08:00
2412,2019-03-13,0,1654961,-169000,1485961,903.0,55.0,12.0,0.0,,2026-07-24T11:48:54.273691+08:00
2412,2019-03-14,85000,-743000,-43000,-701000,916.0,50.0,13.0,-5.0,,2026-07-24T11:48:54.273691+08:00
2412,2019-03-15,4000,5867094,-4883000,988094,921.0,48.0,5.0,-2.0,,2026-07-24T11:48:54.273691+08:00
2412,2019-03-18,-19000,761225,-486000,256225,911.0,48.0,-10.0,0.0,,2026-07-24T11:48:54.273691+08:00
2412,2019-03-19,-5000,-988136,-500000,-1493136,942.0,44.0,31.0,-4.0,,2026-07-24T11:48:54.273691+08:00
2412,2019-03-20,52000,1912634,0,1964634,899.0,44.0,-43.0,0.0,,2026-07-24T11:48:54.273691+08:00
2412,2019-03-21,9000,530402,-28000,511402,896.0,45.0,-3.0,1.0,,2026-07-24T11:48:54.273691+08:00
2412,2019-03-22,0,1555064,-102660,1452404,821.0,45.0,-75.0,0.0,,2026-07-24T11:48:54.273691+08:00
2412,2019-03-25,-2000,-368894,-15000,-385894,823.0,45.0,2.0,0.0,,2026-07-24T11:48:54.273691+08:00
2412,2019-03-26,0,800000,0,800000,810.0,44.0,-13.0,-1.0,,2026-07-24T11:48:54.273691+08:00
2412,2019-03-27,-553000,1390338,-3000,834338,721.0,49.0,-89.0,5.0,,2026-07-24T11:48:54.273691+08:00
2412,2019-03-28,-10000,2469000,-11000,2448000,695.0,49.0,-26.0,0.0,,2026-07-24T11:48:54.273691+08:00
2412,2019-03-29,-42000,1768500,0,1726500,617.0,46.0,-78.0,-3.0,,2026-07-24T11:48:54.273691+08:00
2412,2019-04-01,-2000,9323451,-7,9321444,1019.0,46.0,402.0,0.0,,2026-07-24T11:48:54.273691+08:00
2412,2019-04-02,-11000,-4199692,-34000,-4244692,1076.0,46.0,57.0,0.0,,2026-07-24T11:48:54.273691+08:00
2412,2019-04-03,101000,-1168018,-448000,-1515018,1113.0,38.0,37.0,-8.0,,2026-07-24T11:48:54.273691+08:00
2412,2019-04-08,7000,-3612419,-155000,-3760419,1172.0,35.0,59.0,-3.0,,2026-07-24T11:48:54.273691+08:00
2412,2019-04-09,26000,558000,-211000,373000,1067.0,34.0,-105.0,-1.0,,2026-07-24T11:48:54.273691+08:00
2412,2019-04-10,653000,-169423,-131000,352577,1047.0,24.0,-20.0,-10.0,,2026-07-24T11:48:54.273691+08:00
2412,2019-04-11,4000,-1161980,-2189000,-3346980,1049.0,22.0,2.0,-2.0,,2026-07-24T11:48:54.273691+08:00
2412,2019-04-12,1000,-564320,-4000,-567320,1044.0,20.0,-5.0,-2.0,,2026-07-24T11:48:54.273691+08:00
2412,2019-04-15,83000,-75220,-6000,1780,1039.0,3.0,-5.0,-17.0,,2026-07-24T11:48:54.273691+08:00
2412,2019-04-16,3000,531934,0,534934,1002.0,0.0,-37.0,-3.0,,2026-07-24T11:48:54.273691+08:00
2412,2019-04-17,62000,-223730,-111000,-272730,1020.0,0.0,18.0,0.0,,2026-07-24T11:48:54.273691+08:00
2412,2019-04-18,-40000,-96743,-18000,-154743,1059.0,0.0,39.0,0.0,,2026-07-24T11:48:54.273691+08:00
2412,2019-04-19,436000,-1434535,-11000,-1009535,1092.0,1.0,33.0,1.0,,2026-07-24T11:48:54.273691+08:00
2412,2019-04-22,0,1012000,-52264,959736,1065.0,3.0,-27.0,2.0,,2026-07-24T11:48:54.273691+08:00
2412,2019-04-23,999,1070080,0,1071079,1087.0,4.0,22.0,1.0,,2026-07-24T11:48:54.273691+08:00
2412,2019-04-24,-21000,1347631,0,1326631,1037.0,4.0,-50.0,0.0,,2026-07-24T11:48:54.273691+08:00
2412,2019-04-25,194000,332887,0,526887,637.0,4.0,-400.0,0.0,,2026-07-24T11:48:54.273691+08:00
2412,2019-04-26,1000,-1514697,0,-1513697,660.0,5.0,23.0,1.0,,2026-07-24T11:48:54.273691+08:00
2412,2019-04-29,-2000,-11156,-6000,-19156,605.0,5.0,-55.0,0.0,,2026-07-24T11:48:54.273691+08:00
2412,2019-04-30,-421000,2183833,-4000,1758833,604.0,8.0,-1.0,3.0,,2026-07-24T11:48:54.273691+08:00
2412,2019-05-02,-239000,-1330418,-2000,-1571418,611.0,8.0,7.0,0.0,,2026-07-24T11:48:54.273691+08:00
2412,2019-05-03,114000,-862793,-42295,-791088,623.0,8.0,12.0,0.0,,2026-07-24T11:48:54.273691+08:00
2412,2019-05-06,-63000,-159188,-139000,-361188,633.0,8.0,10.0,0.0,,2026-07-24T11:48:54.273691+08:00
2412,2019-05-07,-20000,-218564,-8995,-247559,632.0,8.0,-1.0,0.0,,2026-07-24T11:48:54.273691+08:00
2412,2019-05-08,244000,2261704,-5245,2500459,609.0,11.0,-23.0,3.0,,2026-07-24T11:48:54.273691+08:00
2412,2019-05-09,-31000,-3762241,0,-3793241,633.0,11.0,24.0,0.0,,2026-07-24T11:48:54.273691+08:00
2412,2019-05-10,177000,-955608,33000,-745608,645.0,14.0,12.0,3.0,,2026-07-24T11:48:54.273691+08:00
2412,2019-05-13,215000,-183687,231000,262313,672.0,22.0,27.0,8.0,,2026-07-24T11:48:54.273691+08:00
2412,2019-05-14,786000,3905909,562000,5253909,578.0,23.0,-94.0,1.0,,2026-07-24T11:48:54.273691+08:00
2412,2019-05-15,64000,-982488,-80000,-998488,609.0,20.0,31.0,-3.0,,2026-07-24T11:48:54.273691+08:00
2412,2019-05-16,-8000,-1789257,21000,-1776257,625.0,23.0,16.0,3.0,,2026-07-24T11:48:54.273691+08:00
2412,2019-05-17,519000,-385957,298000,431043,656.0,22.0,31.0,-1.0,,2026-07-24T11:48:54.273691+08:00
2412,2019-05-20,872000,708698,1458000,3038698,660.0,21.0,4.0,-1.0,,2026-07-24T11:48:54.273691+08:00
2412,2019-05-21,188000,3447000,564000,4199000,607.0,19.0,-53.0,-2.0,,2026-07-24T11:48:54.273691+08:00
2412,2019-05-22,60000,-1316000,142000,-1114000,605.0,18.0,-2.0,-1.0,,2026-07-24T11:48:54.273691+08:00
2412,2019-05-23,-21000,1124399,409000,1512399,624.0,16.0,19.0,-2.0,,2026-07-24T11:48:54.273691+08:00
2412,2019-05-24,20000,-80033,1579000,1518967,619.0,15.0,-5.0,-1.0,,2026-07-24T11:48:54.273691+08:00
2412,2019-05-27,1000,800000,876000,1677000,631.0,15.0,12.0,0.0,,2026-07-24T11:48:54.273691+08:00
2412,2019-05-28,75000,-236301,334000,172699,661.0,15.0,30.0,0.0,,2026-07-24T11:48:54.273691+08:00
2412,2019-05-29,8000,2241589,109000,2358589,635.0,16.0,-26.0,1.0,,2026-07-24T11:48:54.273691+08:00
2412,2019-05-30,36000,1661000,552000,2249000,622.0,16.0,-13.0,0.0,,2026-07-24T11:48:54.273691+08:00
2412,2019-05-31,195000,3318507,54000,3567507,593.0,16.0,-29.0,0.0,,2026-07-24T11:48:54.273691+08:00
2412,2019-06-03,-84000,3805550,-23000,3698550,583.0,16.0,-10.0,0.0,,2026-07-24T11:48:54.273691+08:00
2412,2019-06-04,-167000,1268530,-24000,1077530,607.0,16.0,24.0,0.0,,2026-07-24T11:48:54.273691+08:00
2412,2019-06-05,-138000,1311501,4000,1177501,585.0,16.0,-22.0,0.0,,2026-07-24T11:48:54.273691+08:00
2412,2019-06-06,-14000,713000,0,699000,610.0,16.0,25.0,0.0,,2026-07-24T11:48:54.273691+08:00
2412,2019-06-10,178000,1658704,0,1836704,592.0,16.0,-18.0,0.0,,2026-07-24T11:48:54.273691+08:00
2412,2019-06-11,99997,-129515,0,-29518,633.0,16.0,41.0,0.0,,2026-07-24T11:48:54.273691+08:00
2412,2019-06-12,369000,-705000,-1981,-337981,653.0,15.0,20.0,-1.0,,2026-07-24T11:48:54.273691+08:00
2412,2019-06-13,46000,399000,-840924,-395924,668.0,15.0,15.0,0.0,,2026-07-24T11:48:54.273691+08:00
2412,2019-06-14,-21000,-779122,-48000,-848122,664.0,15.0,-4.0,0.0,,2026-07-24T11:48:54.273691+08:00
2412,2019-06-17,86000,-2227204,-266975,-2408179,668.0,13.0,4.0,-2.0,,2026-07-24T11:48:54.273691+08:00
2412,2019-06-18,63000,2127518,-1063000,1127518,659.0,13.0,-9.0,0.0,,2026-07-24T11:48:54.273691+08:00
2412,2019-06-19,911000,4987904,-263000,5635904,590.0,14.0,-69.0,1.0,,2026-07-24T11:48:54.273691+08:00
2412,2019-06-20,248000,2501000,-141000,2608000,612.0,14.0,22.0,0.0,,2026-07-24T11:48:54.273691+08:00
2412,2019-06-21,999,3455507,105000,3561506,572.0,15.0,-40.0,1.0,,2026-07-24T11:48:54.273691+08:00
2412,2019-06-24,-1000,972000,122469,1093469,587.0,15.0,15.0,0.0,,2026-07-24T11:48:54.273691+08:00
2412,2019-06-25,-65000,1258442,-162000,1031442,585.0,16.0,-2.0,1.0,,2026-07-24T11:48:54.273691+08:00
2412,2019-06-26,66000,1807292,171000,2044292,553.0,17.0,-32.0,1.0,,2026-07-24T11:48:54.273691+08:00
2412,2019-06-27,-90000,1763150,-717000,956150,566.0,17.0,13.0,0.0,,2026-07-24T11:48:54.273691+08:00
2412,2019-06-28,388000,169986,-475000,82986,567.0,17.0,1.0,0.0,,2026-07-24T11:48:54.273691+08:00
2412,2019-07-01,17000,-767760,-1050000,-1800760,566.0,17.0,-1.0,0.0,,2026-07-24T11:48:54.273691+08:00
2412,2019-07-02,50000,-1108500,-684000,-1742500,581.0,16.0,15.0,-1.0,,2026-07-24T11:48:54.273691+08:00
2412,2019-07-03,-59000,234000,-195000,-20000,573.0,16.0,-8.0,0.0,,2026-07-24T11:48:54.273691+08:00
2412,2019-07-04,406785,-4276499,83441,-3786273,598.0,16.0,25.0,0.0,,2026-07-24T11:48:54.273691+08:00
2412,2019-07-05,240368,114000,-6000,348368,521.0,18.0,-77.0,2.0,,2026-07-24T11:48:54.273691+08:00
2412,2019-07-08,-12000,955842,-50000,893842,509.0,18.0,-12.0,0.0,,2026-07-24T11:48:54.273691+08:00
2412,2019-07-09,347847,-300000,-155000,-107153,518.0,18.0,9.0,0.0,,2026-07-24T11:48:54.273691+08:00
2412,2019-07-10,683000,-1464822,22000,-759822,534.0,18.0,16.0,0.0,,2026-07-24T11:48:54.273691+08:00
2412,2019-07-11,113000,-983000,-166000,-1036000,534.0,18.0,0.0,0.0,,2026-07-24T11:48:54.273691+08:00
2412,2019-07-12,300000,968125,-33000,1235125,540.0,18.0,6.0,0.0,,2026-07-24T11:48:54.273691+08:00
2412,2019-07-15,166000,-208500,-178000,-220500,563.0,17.0,23.0,-1.0,,2026-07-24T11:48:54.273691+08:00
2412,2019-07-16,-539000,363500,-368000,-543500,804.0,5.0,241.0,-12.0,,2026-07-24T11:48:54.273691+08:00
2412,2019-07-17,-169000,3434097,-20000,3245097,618.0,2.0,-186.0,-3.0,,2026-07-24T11:48:54.273691+08:00
2412,2019-07-18,-85000,842971,5367,763338,629.0,0.0,11.0,-2.0,,2026-07-24T11:48:54.273691+08:00
2412,2019-07-19,30000,1627624,1000,1658624,629.0,0.0,0.0,0.0,,2026-07-24T11:48:54.273691+08:00
2412,2019-07-22,-21000,1258902,-46000,1191902,633.0,0.0,4.0,0.0,,2026-07-24T11:48:54.273691+08:00
2412,2019-07-23,-10000,-661635,23000,-648635,621.0,0.0,-12.0,0.0,,2026-07-24T11:48:54.273691+08:00
2412,2019-07-24,-640000,-2369500,11000,-2998500,842.0,0.0,221.0,0.0,,2026-07-24T11:48:54.273691+08:00
2412,2019-07-25,-838000,-370847,-503000,-1711847,864.0,2.0,22.0,2.0,,2026-07-24T11:48:54.273691+08:00
2412,2019-07-26,-377000,-149000,-49000,-575000,852.0,2.0,-12.0,0.0,,2026-07-24T11:48:54.273691+08:00
2412,2019-07-29,-38000,-438584,82000,-394584,860.0,2.0,8.0,0.0,,2026-07-24T11:48:54.273691+08:00
2412,2019-07-30,-293000,-595591,-253000,-1141591,793.0,2.0,-67.0,0.0,,2026-07-24T11:48:54.273691+08:00
2412,2019-07-31,-505000,1134141,2000,631141,781.0,6.0,-12.0,4.0,,2026-07-24T11:48:54.273691+08:00
2412,2019-08-01,410000,-4798092,0,-4388092,779.0,5.0,-2.0,-1.0,,2026-07-24T11:48:54.273691+08:00
2412,2019-08-02,-129000,-2476700,0,-2605700,742.0,4.0,-37.0,-1.0,,2026-07-24T11:48:54.273691+08:00
2412,2019-08-05,6001,-1987952,79000,-1902951,739.0,6.0,-3.0,2.0,,2026-07-24T11:48:54.273691+08:00
2412,2019-08-06,70000,-3462866,17000,-3375866,776.0,6.0,37.0,0.0,,2026-07-24T11:48:54.273691+08:00
2412,2019-08-07,-394000,-3409911,-17000,-3820911,798.0,4.0,22.0,-2.0,,2026-07-24T11:48:54.273691+08:00
2412,2019-08-08,-639000,90190,10096,-538714,786.0,14.0,-12.0,10.0,,2026-07-24T11:48:54.273691+08:00
2412,2019-08-12,-348000,-451000,0,-799000,768.0,14.0,-18.0,0.0,,2026-07-24T11:48:54.273691+08:00
2412,2019-08-13,459522,-2130194,-32463,-1703135,753.0,9.0,-15.0,-5.0,,2026-07-24T11:48:54.273691+08:00
2412,2019-08-14,89000,-857000,3000,-765000,792.0,7.0,39.0,-2.0,,2026-07-24T11:48:54.273691+08:00
2412,2019-08-15,322000,-1343949,124000,-897949,761.0,9.0,-31.0,2.0,,2026-07-24T11:48:54.273691+08:00
2412,2019-08-16,-797000,-1085902,-11000,-1893902,779.0,13.0,18.0,4.0,,2026-07-24T11:48:54.273691+08:00
2412,2019-08-19,582000,-1696108,-2000,-1116108,787.0,13.0,8.0,0.0,,2026-07-24T11:48:54.273691+08:00
2412,2019-08-20,-30000,-1161278,-90000,-1281278,782.0,13.0,-5.0,0.0,,2026-07-24T11:48:54.273691+08:00
2412,2019-08-21,-268000,-803792,6000,-1065792,782.0,11.0,0.0,-2.0,,2026-07-24T11:48:54.273691+08:00
2412,2019-08-22,-112000,-519532,-121000,-752532,797.0,21.0,15.0,10.0,,2026-07-24T11:48:54.273691+08:00
2412,2019-08-23,227000,1515087,-599000,1143087,796.0,12.0,-1.0,-9.0,,2026-07-24T11:48:54.273691+08:00
2412,2019-08-24,-1396000,2342931,-30000,916931,,,,,,2026-07-24T11:48:54.273691+08:00
2412,2019-08-26,327000,-908000,30000,-551000,793.0,12.0,,,,2026-07-24T11:48:54.273691+08:00
2412,2019-08-27,-181000,-489126,41000,-629126,795.0,12.0,2.0,0.0,,2026-07-24T11:48:54.273691+08:00
2412,2019-08-28,-469518,100337,-25000,-394181,785.0,16.0,-10.0,4.0,,2026-07-24T11:48:54.273691+08:00
2412,2019-08-29,-149000,874749,24000,749749,771.0,15.0,-14.0,-1.0,,2026-07-24T11:48:54.273691+08:00
2412,2019-08-30,-990000,1745377,0,755377,675.0,17.0,-96.0,2.0,,2026-07-24T11:48:54.273691+08:00
2412,2019-09-02,705000,983000,28000,1716000,577.0,17.0,-98.0,0.0,,2026-07-24T11:48:54.273691+08:00
2412,2019-09-03,225000,-180964,-423000,-378964,576.0,19.0,-1.0,2.0,,2026-07-24T11:48:54.273691+08:00
2412,2019-09-04,483000,1074962,58000,1615962,572.0,20.0,-4.0,1.0,,2026-07-24T11:48:54.273691+08:00
2412,2019-09-05,-58000,652918,-655000,-60082,559.0,21.0,-13.0,1.0,,2026-07-24T11:48:54.273691+08:00
2412,2019-09-06,-87000,-729968,20000,-796968,559.0,21.0,0.0,0.0,,2026-07-24T11:48:54.273691+08:00
2412,2019-09-09,9000,2431096,10000,2450096,545.0,21.0,-14.0,0.0,,2026-07-24T11:48:54.273691+08:00
2412,2019-09-10,239000,2794000,5000,3038000,526.0,21.0,-19.0,0.0,,2026-07-24T11:48:54.273691+08:00
2412,2019-09-11,-461000,914000,-97000,356000,541.0,19.0,15.0,-2.0,,2026-07-24T11:48:54.273691+08:00
2412,2019-09-12,11000,272967,-11000,272967,536.0,19.0,-5.0,0.0,,2026-07-24T11:48:54.273691+08:00
2412,2019-09-16,-6000,3042217,-7004,3029213,522.0,19.0,-14.0,0.0,,2026-07-24T11:48:54.273691+08:00
2412,2019-09-17,58000,1790281,8000,1856281,522.0,19.0,0.0,0.0,,2026-07-24T11:48:54.273691+08:00
2412,2019-09-18,-407000,3443231,53302,3089533,518.0,18.0,-4.0,-1.0,,2026-07-24T11:48:54.273691+08:00
2412,2019-09-19,-50000,-46402,32000,-64402,515.0,18.0,-3.0,0.0,,2026-07-24T11:48:54.273691+08:00
2412,2019-09-20,-162000,4750186,154000,4742186,485.0,20.0,-30.0,2.0,,2026-07-24T11:48:54.273691+08:00
2412,2019-09-23,-463000,818117,-2000,353117,486.0,20.0,1.0,0.0,,2026-07-24T11:48:54.273691+08:00
2412,2019-09-24,48000,-362172,-1716,-315888,485.0,18.0,-1.0,-2.0,,2026-07-24T11:48:54.273691+08:00
2412,2019-09-25,-136000,344405,198000,406405,480.0,16.0,-5.0,-2.0,,2026-07-24T11:48:54.273691+08:00
2412,2019-09-26,-20000,-180877,97000,-103877,483.0,16.0,3.0,0.0,,2026-07-24T11:48:54.273691+08:00
2412,2019-09-27,-121000,701141,-11000,569141,483.0,15.0,0.0,-1.0,,2026-07-24T11:48:54.273691+08:00
2412,2019-10-01,-110000,2272976,-26000,2136976,437.0,15.0,-46.0,0.0,,2026-07-24T11:48:54.273691+08:00
2412,2019-10-02,77000,-378134,0,-301134,390.0,15.0,-47.0,0.0,,2026-07-24T11:48:54.273691+08:00
2412,2019-10-03,-81000,-932579,0,-1013579,390.0,15.0,0.0,0.0,,2026-07-24T11:48:54.273691+08:00
2412,2019-10-04,-101000,-126919,108000,-119919,387.0,15.0,-3.0,0.0,,2026-07-24T11:48:54.273691+08:00
2412,2019-10-07,-27000,-974000,20000,-981000,387.0,17.0,0.0,2.0,,2026-07-24T11:48:54.273691+08:00
2412,2019-10-08,-4000,-1052777,-146000,-1202777,384.0,19.0,-3.0,2.0,,2026-07-24T11:48:54.273691+08:00
2412,2019-10-09,-596000,-969332,-11689,-1577021,387.0,19.0,3.0,0.0,,2026-07-24T11:48:54.273691+08:00
2412,2019-10-14,217000,-620779,0,-403779,384.0,19.0,-3.0,0.0,,2026-07-24T11:48:54.273691+08:00
2412,2019-10-15,211000,-1388011,0,-1177011,343.0,19.0,-41.0,0.0,,2026-07-24T11:48:54.273691+08:00
2412,2019-10-16,-564000,-140000,-47976,-751976,340.0,37.0,-3.0,18.0,,2026-07-24T11:48:54.273691+08:00
2412,2019-10-17,-71000,384000,11787,324787,337.0,31.0,-3.0,-6.0,,2026-07-24T11:48:54.273691+08:00
2412,2019-10-18,-56000,1392794,-149737,1187057,330.0,19.0,-7.0,-12.0,,2026-07-24T11:48:54.273691+08:00
2412,2019-10-21,-16000,1746030,162,1730192,325.0,19.0,-5.0,0.0,,2026-07-24T11:48:54.273691+08:00
2412,2019-10-22,-8000,1013456,33,1005489,305.0,19.0,-20.0,0.0,,2026-07-24T11:48:54.273691+08:00
2412,2019-10-23,-72000,-145884,-27714,-245598,312.0,17.0,7.0,-2.0,,2026-07-24T11:48:54.273691+08:00
2412,2019-10-24,-172000,1494000,0,1322000,302.0,15.0,-10.0,-2.0,,2026-07-24T11:48:54.273691+08:00
2412,2019-10-25,-14000,-199379,-51091,-264470,299.0,14.0,-3.0,-1.0,,2026-07-24T11:48:54.273691+08:00
2412,2019-10-26,-1396000,2342931,-30000,916931,,,,,,2026-07-24T11:48:54.273691+08:00
2412,2019-10-28,-23000,685000,-141000,521000,315.0,16.0,,,,2026-07-24T11:48:54.273691+08:00
2412,2019-10-29,-30000,-283776,-45000,-358776,315.0,25.0,0.0,9.0,,2026-07-24T11:48:54.273691+08:00
2412,2019-10-30,-22000,645472,-24000,599472,310.0,30.0,-5.0,5.0,,2026-07-24T11:48:54.273691+08:00
2412,2019-10-31,92000,-521793,0,-429793,315.0,14.0,5.0,-16.0,,2026-07-24T11:48:54.273691+08:00
2412,2019-11-01,-136000,309000,-12000,161000,312.0,14.0,-3.0,0.0,,2026-07-24T11:48:54.273691+08:00
2412,2019-11-04,-88000,204925,-9000,107925,303.0,13.0,-9.0,-1.0,,2026-07-24T11:48:54.273691+08:00
2412,2019-11-05,-1697000,-18613,23000,-1692613,287.0,13.0,-16.0,0.0,,2026-07-24T11:48:54.273691+08:00
2412,2019-11-06,-831000,339000,66000,-426000,289.0,13.0,2.0,0.0,,2026-07-24T11:48:54.273691+08:00
2412,2019-11-07,-26000,-705400,154000,-577400,285.0,13.0,-4.0,0.0,,2026-07-24T11:48:54.273691+08:00
2412,2019-11-08,57000,-2882677,140000,-2685677,309.0,13.0,24.0,0.0,,2026-07-24T11:48:54.273691+08:00
2412,2019-11-11,-23000,355164,0,332164,293.0,13.0,-16.0,0.0,,2026-07-24T11:48:54.273691+08:00
2412,2019-11-12,-15000,-1124410,55000,-1084410,298.0,12.0,5.0,-1.0,,2026-07-24T11:48:54.273691+08:00
2412,2019-11-13,241000,-4311201,0,-4070201,345.0,12.0,47.0,0.0,,2026-07-24T11:48:54.273691+08:00
2412,2019-11-14,-46000,-665138,-38000,-749138,288.0,12.0,-57.0,0.0,,2026-07-24T11:48:54.273691+08:00
2412,2019-11-15,-82000,-21800,-65000,-168800,266.0,12.0,-22.0,0.0,,2026-07-24T11:48:54.273691+08:00
2412,2019-11-18,-16000,-531798,100000,-447798,285.0,12.0,19.0,0.0,,2026-07-24T11:48:54.273691+08:00
2412,2019-11-19,110000,-2314801,-38000,-2242801,322.0,12.0,37.0,0.0,,2026-07-24T11:48:54.273691+08:00
2412,2019-11-20,-132000,331792,50000,249792,301.0,12.0,-21.0,0.0,,2026-07-24T11:48:54.273691+08:00
2412,2019-11-21,72000,-2507922,113712,-2322210,321.0,12.0,20.0,0.0,,2026-07-24T11:48:54.273691+08:00
2412,2019-11-22,-48000,-1018410,32000,-1034410,309.0,12.0,-12.0,0.0,,2026-07-24T11:48:54.273691+08:00
2412,2019-11-25,50000,-924920,-62000,-936920,300.0,12.0,-9.0,0.0,,2026-07-24T11:48:54.273691+08:00
2412,2019-11-26,126000,-4073917,31000,-3916917,308.0,12.0,8.0,0.0,,2026-07-24T11:48:54.273691+08:00
2412,2019-11-27,138000,-2283467,-88000,-2233467,308.0,12.0,0.0,0.0,,2026-07-24T11:48:54.273691+08:00
2412,2019-11-28,-80000,-2152000,-19595,-2251595,314.0,12.0,6.0,0.0,,2026-07-24T11:48:54.273691+08:00
2412,2019-11-29,-78000,-790613,8000,-860613,290.0,12.0,-24.0,0.0,,2026-07-24T11:48:54.273691+08:00
2412,2019-12-02,52000,-507207,24000,-431207,291.0,12.0,1.0,0.0,,2026-07-24T11:48:54.273691+08:00
2412,2019-12-03,-32000,-1755900,12000,-1775900,285.0,12.0,-6.0,0.0,,2026-07-24T11:48:54.273691+08:00
2412,2019-12-04,16000,-1369034,12000,-1341034,298.0,11.0,13.0,-1.0,,2026-07-24T11:48:54.273691+08:00
2412,2019-12-05,7000,-3039000,23000,-3009000,288.0,11.0,-10.0,0.0,,2026-07-24T11:48:54.273691+08:00
2412,2019-12-06,12000,-1573802,3000,-1558802,301.0,11.0,13.0,0.0,,2026-07-24T11:48:54.273691+08:00
2412,2019-12-09,63000,-4021285,9000,-3949285,308.0,11.0,7.0,0.0,,2026-07-24T11:48:54.273691+08:00
2412,2019-12-10,8000,-5002520,4000,-4990520,327.0,11.0,19.0,0.0,,2026-07-24T11:48:54.273691+08:00
2412,2019-12-11,104000,-4024309,10000,-3910309,340.0,12.0,13.0,1.0,,2026-07-24T11:48:54.273691+08:00
2412,2019-12-12,60000,-2703892,-50000,-2693892,318.0,12.0,-22.0,0.0,,2026-07-24T11:48:54.273691+08:00
2412,2019-12-13,118000,1127630,-6000,1239630,316.0,12.0,-2.0,0.0,,2026-07-24T11:48:54.273691+08:00
2412,2019-12-16,37000,-1129943,-103000,-1195943,4739.0,12.0,4423.0,0.0,,2026-07-24T11:48:54.273691+08:00
2412,2019-12-17,-365000,-5057,-14925,-384982,4761.0,12.0,22.0,0.0,,2026-07-24T11:48:54.273691+08:00
2412,2019-12-18,-115000,2275540,14000,2174540,3394.0,12.0,-1367.0,0.0,,2026-07-24T11:48:54.273691+08:00
2412,2019-12-19,-281000,-1664257,-5000,-1950257,3391.0,12.0,-3.0,0.0,,2026-07-24T11:48:54.273691+08:00
2412,2019-12-20,-195000,558246,-20000,343246,2308.0,12.0,-1083.0,0.0,,2026-07-24T11:48:54.273691+08:00
2412,2019-12-23,-33000,813430,0,780430,2091.0,13.0,-217.0,1.0,,2026-07-24T11:48:54.273691+08:00
2412,2019-12-24,27000,-920146,-160000,-1053146,2107.0,13.0,16.0,0.0,,2026-07-24T11:48:54.273691+08:00
2412,2019-12-25,402000,-364955,0,37045,2110.0,13.0,3.0,0.0,,2026-07-24T11:48:54.273691+08:00
2412,2019-12-26,29000,372149,-113000,288149,2168.0,13.0,58.0,0.0,,2026-07-24T11:48:54.273691+08:00
2412,2019-12-27,152000,1470258,0,1622258,1830.0,13.0,-338.0,0.0,,2026-07-24T11:48:54.273691+08:00
2412,2019-12-30,357000,577000,-17000,917000,1160.0,13.0,-670.0,0.0,,2026-07-24T11:48:54.273691+08:00
2412,2019-12-31,217000,-2715982,28000,-2470982,1287.0,12.0,127.0,-1.0,,2026-07-24T11:48:54.273691+08:00
2412,2020-01-02,-59000,-751148,-169000,-979148,1229.0,16.0,-58.0,4.0,,2026-07-24T11:48:54.273691+08:00
2412,2020-01-03,-1814000,1165629,-32000,-680371,1161.0,16.0,-68.0,0.0,,2026-07-24T11:48:54.273691+08:00
2412,2020-01-06,9000,-1253604,21000,-1223604,1121.0,16.0,-40.0,0.0,,2026-07-24T11:48:54.273691+08:00
2412,2020-01-07,-1214000,-2770553,30000,-3954553,1095.0,16.0,-26.0,0.0,,2026-07-24T11:48:54.273691+08:00
2412,2020-01-08,-159000,-2526732,98000,-2587732,703.0,16.0,-392.0,0.0,,2026-07-24T11:48:54.273691+08:00
2412,2020-01-09,132000,-3026406,501000,-2393406,467.0,16.0,-236.0,0.0,,2026-07-24T11:48:54.273691+08:00
2412,2020-01-10,108000,-1420637,591000,-721637,462.0,16.0,-5.0,0.0,,2026-07-24T11:48:54.273691+08:00
2412,2020-01-13,-10000,-961870,419000,-552870,434.0,17.0,-28.0,1.0,,2026-07-24T11:48:54.273691+08:00
2412,2020-01-14,165000,-2548024,315000,-2068024,441.0,17.0,7.0,0.0,,2026-07-24T11:48:54.273691+08:00
2412,2020-01-15,-462255,-2892631,-6412,-3361298,452.0,18.0,11.0,1.0,,2026-07-24T11:48:54.273691+08:00
2412,2020-01-16,72000,235533,-271000,36533,423.0,21.0,-29.0,3.0,,2026-07-24T11:48:54.273691+08:00
2412,2020-01-17,10000,-108775,3000,-95775,432.0,20.0,9.0,-1.0,,2026-07-24T11:48:54.273691+08:00
2412,2020-01-20,72000,-1226570,-143000,-1297570,436.0,20.0,4.0,0.0,,2026-07-24T11:48:54.273691+08:00
2412,2020-01-30,6000,-1971199,304000,-1661199,462.0,17.0,26.0,-3.0,,2026-07-24T11:48:54.273691+08:00
2412,2020-01-31,-971000,-5937864,11000,-6897864,474.0,17.0,12.0,0.0,,2026-07-24T11:48:54.273691+08:00
2412,2020-02-03,-880000,-1109963,71000,-1918963,575.0,21.0,101.0,4.0,,2026-07-24T11:48:54.273691+08:00
2412,2020-02-04,-6000,-1667424,-1000,-1674424,574.0,21.0,-1.0,0.0,,2026-07-24T11:48:54.273691+08:00
2412,2020-02-05,-216000,-1897000,9000,-2104000,589.0,20.0,15.0,-1.0,,2026-07-24T11:48:54.273691+08:00
2412,2020-02-06,39000,-972833,236352,-697481,555.0,20.0,-34.0,0.0,,2026-07-24T11:48:54.273691+08:00
2412,2020-02-07,-11000,1834418,7000,1830418,501.0,20.0,-54.0,0.0,,2026-07-24T11:48:54.273691+08:00
2412,2020-02-10,205000,2022000,0,2227000,481.0,22.0,-20.0,2.0,,2026-07-24T11:48:54.273691+08:00
2412,2020-02-11,6000,223000,8000,237000,463.0,18.0,-18.0,-4.0,,2026-07-24T11:48:54.273691+08:00
2412,2020-02-12,217000,-881585,36000,-628585,466.0,18.0,3.0,0.0,,2026-07-24T11:48:54.273691+08:00
2412,2020-02-13,-3000,73226,55000,125226,436.0,15.0,-30.0,-3.0,,2026-07-24T11:48:54.273691+08:00
2412,2020-02-14,22000,-107752,-84000,-169752,427.0,14.0,-9.0,-1.0,,2026-07-24T11:48:54.273691+08:00
2412,2020-02-17,9000,273000,0,282000,414.0,14.0,-13.0,0.0,,2026-07-24T11:48:54.273691+08:00
2412,2020-02-18,5000,458247,62000,525247,408.0,14.0,-6.0,0.0,,2026-07-24T11:48:54.273691+08:00
2412,2020-02-19,86000,379019,36000,501019,405.0,14.0,-3.0,0.0,,2026-07-24T11:48:54.273691+08:00
2412,2020-02-20,-21000,-1100034,-64000,-1185034,395.0,13.0,-10.0,-1.0,,2026-07-24T11:48:54.273691+08:00
2412,2020-02-21,-9000,-1530000,48000,-1491000,391.0,10.0,-4.0,-3.0,,2026-07-24T11:48:54.273691+08:00
2412,2020-02-24,-19000,-3127999,351000,-2795999,383.0,10.0,-8.0,0.0,,2026-07-24T11:48:54.273691+08:00
2412,2020-02-25,0,-962669,27000,-935669,392.0,10.0,9.0,0.0,,2026-07-24T11:48:54.273691+08:00
2412,2020-02-26,5000,-2415007,124000,-2286007,383.0,9.0,-9.0,-1.0,,2026-07-24T11:48:54.273691+08:00
2412,2020-02-27,-41000,-2388864,161000,-2268864,434.0,9.0,51.0,0.0,,2026-07-24T11:48:54.273691+08:00
2412,2020-03-02,327000,718616,77000,1122616,389.0,10.0,-45.0,1.0,,2026-07-24T11:48:54.273691+08:00
2412,2020-03-03,-47000,-2177710,525000,-1699710,382.0,10.0,-7.0,0.0,,2026-07-24T11:48:54.273691+08:00
2412,2020-03-04,8000,1321933,75000,1404933,380.0,10.0,-2.0,0.0,,2026-07-24T11:48:54.273691+08:00
2412,2020-03-05,3000,2485480,35000,2523480,379.0,10.0,-1.0,0.0,,2026-07-24T11:48:54.273691+08:00
2412,2020-03-06,-299000,-1811332,7000,-2103332,375.0,10.0,-4.0,0.0,,2026-07-24T11:48:54.273691+08:00
2412,2020-03-09,-85000,-4976994,517000,-4544994,449.0,9.0,74.0,-1.0,,2026-07-24T11:48:54.273691+08:00
2412,2020-03-10,-85000,-1437234,53000,-1469234,491.0,13.0,42.0,4.0,,2026-07-24T11:48:54.273691+08:00
2412,2020-03-11,-825000,-1683163,9405,-2498758,551.0,14.0,60.0,1.0,,2026-07-24T11:48:54.273691+08:00
2412,2020-03-12,-206000,57860,2301000,2152860,777.0,28.0,226.0,14.0,,2026-07-24T11:48:54.273691+08:00
2412,2020-03-13,-55000,-6684241,495000,-6244241,1038.0,66.0,261.0,38.0,,2026-07-24T11:48:54.273691+08:00
2412,2020-03-16,-656000,-159867,273000,-542867,1234.0,48.0,196.0,-18.0,,2026-07-24T11:48:54.273691+08:00
2412,2020-03-17,-24000,7116069,1044000,8136069,1272.0,68.0,38.0,20.0,,2026-07-24T11:48:54.273691+08:00
2412,2020-03-18,-633000,-2158626,215000,-2576626,1405.0,31.0,133.0,-37.0,,2026-07-24T11:48:54.273691+08:00
2412,2020-03-19,-28000,729170,916679,1617849,1804.0,70.0,399.0,39.0,,2026-07-24T11:48:54.273691+08:00
2412,2020-03-20,-803000,206672,379715,-216613,1404.0,58.0,-400.0,-12.0,,2026-07-24T11:48:54.273691+08:00
2412,2020-03-23,-38000,2030598,216500,2209098,1457.0,0.0,53.0,-58.0,,2026-07-24T11:48:54.273691+08:00
2412,2020-03-24,-886000,8592583,248000,7954583,1181.0,0.0,-276.0,0.0,,2026-07-24T11:48:54.273691+08:00
2412,2020-03-25,-427000,3143493,6700,2723193,1021.0,0.0,-160.0,0.0,,2026-07-24T11:48:54.273691+08:00
2412,2020-03-26,-160000,824741,-11351,653390,972.0,0.0,-49.0,0.0,,2026-07-24T11:48:54.273691+08:00
2412,2020-03-27,-512000,690198,-457400,-279202,875.0,7.0,-97.0,7.0,,2026-07-24T11:48:54.273691+08:00
2412,2020-03-30,-16000,-662104,9000,-669104,859.0,14.0,-16.0,7.0,,2026-07-24T11:48:54.273691+08:00
2412,2020-03-31,-132000,869782,-888000,-150218,831.0,14.0,-28.0,0.0,,2026-07-24T11:48:54.273691+08:00
2412,2020-04-01,-27000,2769064,-13000,2729064,785.0,19.0,-46.0,5.0,,2026-07-24T11:48:54.273691+08:00
2412,2020-04-06,22000,1217240,22000,1261240,753.0,22.0,-32.0,3.0,,2026-07-24T11:48:54.273691+08:00
2412,2020-04-07,10000,-1132144,-330000,-1452144,753.0,22.0,0.0,0.0,,2026-07-24T11:48:54.273691+08:00
2412,2020-04-08,-66000,739659,-100000,573659,949.0,25.0,196.0,3.0,,2026-07-24T11:48:54.273691+08:00
2412,2020-04-09,-23000,-2292831,3000,-2312831,1084.0,19.0,135.0,-6.0,,2026-07-24T11:48:54.273691+08:00
2412,2020-04-10,-77000,1783000,-179000,1527000,627.0,19.0,-457.0,0.0,,2026-07-24T11:48:54.273691+08:00
2412,2020-04-13,-302000,380750,-14275,64475,2608.0,19.0,1981.0,0.0,,2026-07-24T11:48:54.273691+08:00
2412,2020-04-14,115000,4428178,-164000,4379178,553.0,20.0,-2055.0,1.0,,2026-07-24T11:48:54.273691+08:00
2412,2020-04-15,-93000,4746700,-488000,4165700,543.0,20.0,-10.0,0.0,,2026-07-24T11:48:54.273691+08:00
2412,2020-04-16,-45000,-1784569,-446000,-2275569,541.0,20.0,-2.0,0.0,,2026-07-24T11:48:54.273691+08:00
2412,2020-04-17,5000,480614,-399000,86614,518.0,20.0,-23.0,0.0,,2026-07-24T11:48:54.273691+08:00
2412,2020-04-20,-35000,198676,-133000,30676,523.0,20.0,5.0,0.0,,2026-07-24T11:48:54.273691+08:00
2412,2020-04-21,-405000,-510286,-36000,-951286,520.0,21.0,-3.0,1.0,,2026-07-24T11:48:54.273691+08:00
2412,2020-04-22,-136000,1004425,-19000,849425,552.0,20.0,32.0,-1.0,,2026-07-24T11:48:54.273691+08:00
2412,2020-04-23,-49000,-2997065,-6000,-3052065,545.0,19.0,-7.0,-1.0,,2026-07-24T11:48:54.273691+08:00
2412,2020-04-24,-58000,-652805,37000,-673805,532.0,19.0,-13.0,0.0,,2026-07-24T11:48:54.273691+08:00
2412,2020-04-27,7000,2090000,-92000,2005000,450.0,20.0,-82.0,1.0,,2026-07-24T11:48:54.273691+08:00
2412,2020-04-28,6000,-53706,5000,-42706,438.0,20.0,-12.0,0.0,,2026-07-24T11:48:54.273691+08:00
2412,2020-04-29,-277000,2037766,25000,1785766,419.0,20.0,-19.0,0.0,,2026-07-24T11:48:54.273691+08:00
2412,2020-04-30,25000,-1611358,-71000,-1657358,492.0,19.0,73.0,-1.0,,2026-07-24T11:48:54.273691+08:00
2412,2020-05-04,8000,-3404745,-87300,-3484045,499.0,20.0,7.0,1.0,,2026-07-24T11:48:54.273691+08:00
2412,2020-05-05,175000,-432445,3679,-253766,478.0,18.0,-21.0,-2.0,,2026-07-24T11:48:54.273691+08:00
2412,2020-05-06,-257000,876713,-315000,304713,474.0,18.0,-4.0,0.0,,2026-07-24T11:48:54.273691+08:00
2412,2020-05-07,6000,-521000,-104000,-619000,470.0,18.0,-4.0,0.0,,2026-07-24T11:48:54.273691+08:00
2412,2020-05-08,2000,3213462,-567000,2648462,2157.0,18.0,1687.0,0.0,,2026-07-24T11:48:54.273691+08:00
2412,2020-05-11,-8000,-1482753,-224000,-1714753,2200.0,18.0,43.0,0.0,,2026-07-24T11:48:54.273691+08:00
2412,2020-05-12,-8000,-1001544,-151000,-1160544,2238.0,18.0,38.0,0.0,,2026-07-24T11:48:54.273691+08:00
2412,2020-05-13,2000,-87396,-130000,-215396,1992.0,18.0,-246.0,0.0,,2026-07-24T11:48:54.273691+08:00
2412,2020-05-14,-1000,-864000,51000,-814000,1785.0,18.0,-207.0,0.0,,2026-07-24T11:48:54.273691+08:00
2412,2020-05-15,38000,-1455486,-50000,-1467486,2372.0,18.0,587.0,0.0,,2026-07-24T11:48:54.273691+08:00
2412,2020-05-18,22000,3873227,253000,4148227,381.0,18.0,-1991.0,0.0,,2026-07-24T11:48:54.273691+08:00
2412,2020-05-19,148000,407052,-27000,528052,374.0,18.0,-7.0,0.0,,2026-07-24T11:48:54.273691+08:00
2412,2020-05-20,462000,816491,-186000,1092491,345.0,18.0,-29.0,0.0,,2026-07-24T11:48:54.273691+08:00
2412,2020-05-21,-16000,341136,-75000,250136,342.0,18.0,-3.0,0.0,,2026-07-24T11:48:54.273691+08:00
2412,2020-05-22,-74000,-3171076,-7000,-3252076,4189.0,18.0,3847.0,0.0,,2026-07-24T11:48:54.273691+08:00
2412,2020-05-25,-11000,-1547000,18340,-1539660,4103.0,18.0,-86.0,0.0,,2026-07-24T11:48:54.273691+08:00
2412,2020-05-26,18000,1259750,47000,1324750,2395.0,18.0,-1708.0,0.0,,2026-07-24T11:48:54.273691+08:00
2412,2020-05-27,49000,-1648399,0,-1599399,1520.0,18.0,-875.0,0.0,,2026-07-24T11:48:54.273691+08:00
2412,2020-05-28,-13000,-570634,0,-583634,1076.0,17.0,-444.0,-1.0,,2026-07-24T11:48:54.273691+08:00
2412,2020-05-29,-43000,289541,0,246541,466.0,17.0,-610.0,0.0,,2026-07-24T11:48:54.273691+08:00
2412,2020-06-01,205000,2353830,-11000,2547830,421.0,17.0,-45.0,0.0,,2026-07-24T11:48:54.273691+08:00
2412,2020-06-02,19000,111148,0,130148,381.0,17.0,-40.0,0.0,,2026-07-24T11:48:54.273691+08:00
2412,2020-06-03,950000,3241026,-13000,4178026,331.0,17.0,-50.0,0.0,,2026-07-24T11:48:54.273691+08:00
2412,2020-06-04,-34000,-197820,0,-231820,326.0,17.0,-5.0,0.0,,2026-07-24T11:48:54.273691+08:00
2412,2020-06-05,40000,-195451,96000,-59451,344.0,17.0,18.0,0.0,,2026-07-24T11:48:54.273691+08:00
2412,2020-06-08,-4000,-256781,-113000,-373781,372.0,17.0,28.0,0.0,,2026-07-24T11:48:54.273691+08:00
2412,2020-06-09,53000,-1792396,14000,-1725396,387.0,17.0,15.0,0.0,,2026-07-24T11:48:54.273691+08:00
2412,2020-06-10,193000,2272277,-20000,2445277,389.0,17.0,2.0,0.0,,2026-07-24T11:48:54.273691+08:00
2412,2020-06-11,35000,-499111,-16000,-480111,352.0,17.0,-37.0,0.0,,2026-07-24T11:48:54.273691+08:00
2412,2020-06-12,104000,1261149,-24000,1341149,427.0,17.0,75.0,0.0,,2026-07-24T11:48:54.273691+08:00
2412,2020-06-15,42000,-1065461,-3000,-1026461,468.0,17.0,41.0,0.0,,2026-07-24T11:48:54.273691+08:00
2412,2020-06-16,-19000,156790,-17339,120451,359.0,17.0,-109.0,0.0,,2026-07-24T11:48:54.273691+08:00
2412,2020-06-17,-310000,-299034,0,-609034,373.0,17.0,14.0,0.0,,2026-07-24T11:48:54.273691+08:00
2412,2020-06-18,999000,-2894769,1000,-1894769,374.0,17.0,1.0,0.0,,2026-07-24T11:48:54.273691+08:00
2412,2020-06-19,2042000,-1475720,-195000,371280,331.0,18.0,-43.0,1.0,,2026-07-24T11:48:54.273691+08:00
2412,2020-06-22,494000,-261921,-1000,231079,331.0,8.0,0.0,-10.0,,2026-07-24T11:48:54.273691+08:00
2412,2020-06-23,348000,2835310,86000,3269310,341.0,4.0,10.0,-4.0,,2026-07-24T11:48:54.273691+08:00
2412,2020-06-24,248000,1458071,60000,1766071,364.0,0.0,23.0,-4.0,,2026-07-24T11:48:54.273691+08:00
2412,2020-06-29,890000,1401614,-66000,2225614,408.0,0.0,44.0,0.0,,2026-07-24T11:48:54.273691+08:00
2412,2020-06-30,379000,5343977,0,5722977,469.0,0.0,61.0,0.0,,2026-07-24T11:48:54.273691+08:00
2412,2020-07-01,779000,-1466031,-19000,-706031,593.0,0.0,124.0,0.0,,2026-07-24T11:48:54.273691+08:00
2412,2020-07-02,-601000,2442300,-13000,1828300,551.0,22.0,-42.0,22.0,,2026-07-24T11:48:54.273691+08:00
2412,2020-07-03,-169000,-128015,-29000,-326015,1861.0,20.0,1310.0,-2.0,,2026-07-24T11:48:54.273691+08:00
2412,2020-07-06,103000,2344779,-79000,2368779,1034.0,20.0,-827.0,0.0,,2026-07-24T11:48:54.273691+08:00
2412,2020-07-07,-29000,3860351,-30000,3801351,1791.0,20.0,757.0,0.0,,2026-07-24T11:48:54.273691+08:00
2412,2020-07-08,213000,7108714,-24000,7297714,1752.0,21.0,-39.0,1.0,,2026-07-24T11:48:54.273691+08:00
2412,2020-07-09,-50000,1318927,-74000,1194927,1553.0,22.0,-199.0,1.0,,2026-07-24T11:48:54.273691+08:00
2412,2020-07-10,-36000,826721,-30453,760268,1480.0,23.0,-73.0,1.0,,2026-07-24T11:48:54.273691+08:00
2412,2020-07-13,52000,-556662,85000,-419662,3566.0,23.0,2086.0,0.0,,2026-07-24T11:48:54.273691+08:00
2412,2020-07-14,-62000,1441121,107000,1486121,1983.0,27.0,-1583.0,4.0,,2026-07-24T11:48:54.273691+08:00
2412,2020-07-15,223000,4453739,140519,4817258,8361.0,26.0,6378.0,-1.0,,2026-07-24T11:48:54.273691+08:00
2412,2020-07-16,-128000,2185912,543000,2600912,8146.0,26.0,-215.0,0.0,,2026-07-24T11:48:54.273691+08:00
2412,2020-07-17,-2334000,1726562,593000,-14438,7843.0,26.0,-303.0,0.0,,2026-07-24T11:48:54.273691+08:00
2412,2020-07-20,-1401000,1563261,83000,245261,7045.0,26.0,-798.0,0.0,,2026-07-24T11:48:54.273691+08:00
2412,2020-07-21,25000,175887,156000,356887,5880.0,26.0,-1165.0,0.0,,2026-07-24T11:48:54.273691+08:00
2412,2020-07-22,-139000,-181905,310000,-10905,5093.0,26.0,-787.0,0.0,,2026-07-24T11:48:54.273691+08:00
2412,2020-07-23,208000,-2159455,109000,-1842455,4159.0,26.0,-934.0,0.0,,2026-07-24T11:48:54.273691+08:00
2412,2020-07-24,-210000,-1365328,116000,-1459328,4146.0,26.0,-13.0,0.0,,2026-07-24T11:48:54.273691+08:00
2412,2020-07-27,-1470000,-4929358,146507,-6252851,4147.0,20.0,1.0,-6.0,,2026-07-24T11:48:54.273691+08:00
2412,2020-07-28,-178000,-1269037,144000,-1303037,3602.0,44.0,-545.0,24.0,,2026-07-24T11:48:54.273691+08:00
2412,2020-07-29,-927000,-1119515,68000,-1978515,2963.0,25.0,-639.0,-19.0,,2026-07-24T11:48:54.273691+08:00
2412,2020-07-30,67000,-1051991,186000,-798991,945.0,25.0,-2018.0,0.0,,2026-07-24T11:48:54.273691+08:00
2412,2020-07-31,-30000,917158,-245000,642158,867.0,36.0,-78.0,11.0,,2026-07-24T11:48:54.273691+08:00
2412,2020-08-03,101000,-5041393,22000,-4918393,930.0,25.0,63.0,-11.0,,2026-07-24T11:48:54.273691+08:00
2412,2020-08-04,1000,-1150814,298000,-851814,930.0,25.0,0.0,0.0,,2026-07-24T11:48:54.273691+08:00
2412,2020-08-05,-52000,-2091355,340504,-1802851,933.0,25.0,3.0,0.0,,2026-07-24T11:48:54.273691+08:00
2412,2020-08-06,12000,-479541,66000,-401541,900.0,39.0,-33.0,14.0,,2026-07-24T11:48:54.273691+08:00
2412,2020-08-07,11000,-2021776,-10000,-2020776,888.0,24.0,-12.0,-15.0,,2026-07-24T11:48:54.273691+08:00
2412,2020-08-10,66000,-1163236,16000,-1081236,851.0,24.0,-37.0,0.0,,2026-07-24T11:48:54.273691+08:00
2412,2020-08-11,24000,-2511324,24000,-2463324,852.0,24.0,1.0,0.0,,2026-07-24T11:48:54.273691+08:00
2412,2020-08-12,-276000,-1621127,64000,-1833127,844.0,24.0,-8.0,0.0,,2026-07-24T11:48:54.273691+08:00
2412,2020-08-13,23000,377299,68000,468299,799.0,45.0,-45.0,21.0,,2026-07-24T11:48:54.273691+08:00
2412,2020-08-14,33000,-1543838,0,-1510838,866.0,21.0,67.0,-24.0,,2026-07-24T11:48:54.273691+08:00
2412,2020-08-17,211000,-1283584,-68000,-1140584,858.0,21.0,-8.0,0.0,,2026-07-24T11:48:54.273691+08:00
2412,2020-08-18,47000,-890361,0,-843361,840.0,21.0,-18.0,0.0,,2026-07-24T11:48:54.273691+08:00
2412,2020-08-19,174000,-69882,-13464,90654,821.0,13.0,-19.0,-8.0,,2026-07-24T11:48:54.273691+08:00
2412,2020-08-20,-54000,79638,20000,45638,748.0,14.0,-73.0,1.0,,2026-07-24T11:48:54.273691+08:00
2412,2020-08-21,128000,-194973,309000,242027,706.0,16.0,-42.0,2.0,,2026-07-24T11:48:54.273691+08:00
2412,2020-08-24,9000,-487618,139442,-339176,722.0,16.0,16.0,0.0,,2026-07-24T11:48:54.273691+08:00
2412,2020-08-25,19000,-2086888,551000,-1516888,716.0,16.0,-6.0,0.0,,2026-07-24T11:48:54.273691+08:00
2412,2020-08-26,-46000,-196805,10536,-232269,700.0,15.0,-16.0,-1.0,,2026-07-24T11:48:54.273691+08:00
2412,2020-08-27,-56000,-803066,250000,-609066,686.0,15.0,-14.0,0.0,,2026-07-24T11:48:54.273691+08:00
2412,2020-08-28,-209000,-819947,3000,-1025947,677.0,15.0,-9.0,0.0,,2026-07-24T11:48:54.273691+08:00
2412,2020-08-31,-193000,-1336656,8582,-1521074,690.0,14.0,13.0,-1.0,,2026-07-24T11:48:54.273691+08:00
2412,2020-09-01,8000,-621000,293923,-319077,681.0,14.0,-9.0,0.0,,2026-07-24T11:48:54.273691+08:00
2412,2020-09-02,-60000,-2686477,69000,-2677477,713.0,14.0,32.0,0.0,,2026-07-24T11:48:54.273691+08:00
2412,2020-09-03,67000,-620004,34462,-518542,713.0,14.0,0.0,0.0,,2026-07-24T11:48:54.273691+08:00
2412,2020-09-04,5000,-2654328,98000,-2551328,679.0,15.0,-34.0,1.0,,2026-07-24T11:48:54.273691+08:00
2412,2020-09-07,-10000,-2387388,1000,-2396388,685.0,14.0,6.0,-1.0,,2026-07-24T11:48:54.273691+08:00
2412,2020-09-08,-225000,466495,37542,279037,696.0,14.0,11.0,0.0,,2026-07-24T11:48:54.273691+08:00
2412,2020-09-09,-148000,-620453,106000,-662453,706.0,14.0,10.0,0.0,,2026-07-24T11:48:54.273691+08:00
2412,2020-09-10,-128000,471416,1000,344416,690.0,18.0,-16.0,4.0,,2026-07-24T11:48:54.273691+08:00
2412,2020-09-11,-480000,-713000,5000,-1188000,685.0,18.0,-5.0,0.0,,2026-07-24T11:48:54.273691+08:00
2412,2020-09-14,-197000,-142601,-135000,-474601,674.0,14.0,-11.0,-4.0,,2026-07-24T11:48:54.273691+08:00
2412,2020-09-15,-288000,-284110,-59261,-631371,663.0,14.0,-11.0,0.0,,2026-07-24T11:48:54.273691+08:00
2412,2020-09-16,-1170000,635027,95000,-439973,657.0,14.0,-6.0,0.0,,2026-07-24T11:48:54.273691+08:00
2412,2020-09-17,-361000,-394968,-207910,-963878,639.0,14.0,-18.0,0.0,,2026-07-24T11:48:54.273691+08:00
2412,2020-09-18,-112000,12413,-107000,-206587,642.0,14.0,3.0,0.0,,2026-07-24T11:48:54.273691+08:00
2412,2020-09-21,-244000,-214984,-1967,-460951,627.0,31.0,-15.0,17.0,,2026-07-24T11:48:54.273691+08:00
2412,2020-09-22,-281000,-1278004,-27551,-1586555,616.0,42.0,-11.0,11.0,,2026-07-24T11:48:54.273691+08:00
2412,2020-09-23,-840000,-3320184,84842,-4075342,634.0,42.0,18.0,0.0,,2026-07-24T11:48:54.273691+08:00
2412,2020-09-24,-57000,-6203788,99000,-6161788,614.0,31.0,-20.0,-11.0,,2026-07-24T11:48:54.273691+08:00
2412,2020-09-25,202000,-2166758,152000,-1812758,619.0,31.0,5.0,0.0,,2026-07-24T11:48:54.273691+08:00
2412,2020-09-28,-12000,947676,25000,960676,614.0,31.0,-5.0,0.0,,2026-07-24T11:48:54.273691+08:00
2412,2020-09-29,-24000,599671,0,575671,566.0,31.0,-48.0,0.0,,2026-07-24T11:48:54.273691+08:00
2412,2020-09-30,247000,-5565299,0,-5318299,604.0,31.0,38.0,0.0,,2026-07-24T11:48:54.273691+08:00
2412,2020-10-05,10000,-1154029,0,-1144029,538.0,30.0,-66.0,-1.0,,2026-07-24T11:48:54.273691+08:00
2412,2020-10-06,-49000,1251404,11000,1213404,507.0,30.0,-31.0,0.0,,2026-07-24T11:48:54.273691+08:00
2412,2020-10-07,64000,-6997025,-3000,-6936025,561.0,30.0,54.0,0.0,,2026-07-24T11:48:54.273691+08:00
2412,2020-10-08,-35000,-92742,-82000,-209742,537.0,30.0,-24.0,0.0,,2026-07-24T11:48:54.273691+08:00
2412,2020-10-12,-34000,-413112,-23000,-470112,497.0,30.0,-40.0,0.0,,2026-07-24T11:48:54.273691+08:00
2412,2020-10-13,-74000,-873235,-3000,-950235,502.0,30.0,5.0,0.0,,2026-07-24T11:48:54.273691+08:00
2412,2020-10-14,-216000,241070,0,25070,494.0,30.0,-8.0,0.0,,2026-07-24T11:48:54.273691+08:00
2412,2020-10-15,16000,-4951588,0,-4935588,766.0,24.0,272.0,-6.0,,2026-07-24T11:48:54.273691+08:00
2412,2020-10-16,5000,-2234458,11000,-2218458,732.0,24.0,-34.0,0.0,,2026-07-24T11:48:54.273691+08:00
2412,2020-10-19,119000,-1644164,0,-1525164,639.0,24.0,-93.0,0.0,,2026-07-24T11:48:54.273691+08:00
2412,2020-10-20,-15000,-906796,0,-921796,649.0,24.0,10.0,0.0,,2026-07-24T11:48:54.273691+08:00
2412,2020-10-21,-474000,664409,143000,333409,509.0,24.0,-140.0,0.0,,2026-07-24T11:48:54.273691+08:00
2412,2020-10-22,4000,3547,-6000,1547,507.0,25.0,-2.0,1.0,,2026-07-24T11:48:54.273691+08:00
2412,2020-10-23,-26000,519112,254000,747112,499.0,2.0,-8.0,-23.0,,2026-07-24T11:48:54.273691+08:00
2412,2020-10-26,-9000,2768301,0,2759301,493.0,2.0,-6.0,0.0,,2026-07-24T11:48:54.273691+08:00
2412,2020-10-27,-70000,2059788,0,1989788,463.0,2.0,-30.0,0.0,,2026-07-24T11:48:54.273691+08:00
2412,2020-10-28,-571000,557447,-8000,-21553,456.0,2.0,-7.0,0.0,,2026-07-24T11:48:54.273691+08:00
2412,2020-10-29,21000,-1776511,9000,-1746511,454.0,2.0,-2.0,0.0,,2026-07-24T11:48:54.273691+08:00
2412,2020-10-30,-227000,-1500994,0,-1727994,447.0,2.0,-7.0,0.0,,2026-07-24T11:48:54.273691+08:00
2412,2020-11-02,-43000,4422000,0,4379000,446.0,2.0,-1.0,0.0,,2026-07-24T11:48:54.273691+08:00
2412,2020-11-03,-15000,4441257,0,4426257,424.0,2.0,-22.0,0.0,,2026-07-24T11:48:54.273691+08:00
2412,2020-11-04,43000,692897,27000,762897,423.0,2.0,-1.0,0.0,,2026-07-24T11:48:54.273691+08:00
2412,2020-11-05,6000,2397394,5000,2408394,401.0,2.0,-22.0,0.0,,2026-07-24T11:48:54.273691+08:00
2412,2020-11-06,39000,1269279,121000,1429279,394.0,2.0,-7.0,0.0,,2026-07-24T11:48:54.273691+08:00
2412,2020-11-09,69000,1487541,-63000,1493541,394.0,2.0,0.0,0.0,,2026-07-24T11:48:54.273691+08:00
2412,2020-11-10,114000,453950,0,567950,390.0,2.0,-4.0,0.0,,2026-07-24T11:48:54.273691+08:00
2412,2020-11-11,511000,981155,-123000,1369155,383.0,2.0,-7.0,0.0,,2026-07-24T11:48:54.273691+08:00
2412,2020-11-12,-35000,384112,450000,799112,370.0,2.0,-13.0,0.0,,2026-07-24T11:48:54.273691+08:00
2412,2020-11-13,21000,687110,599000,1307110,373.0,2.0,3.0,0.0,,2026-07-24T11:48:54.273691+08:00
2412,2020-11-16,-48000,-251207,328000,28793,387.0,2.0,14.0,0.0,,2026-07-24T11:48:54.273691+08:00
2412,2020-11-17,-21000,920504,-190097,709407,385.0,2.0,-2.0,0.0,,2026-07-24T11:48:54.273691+08:00
2412,2020-11-18,12000,1533171,-171000,1374171,354.0,2.0,-31.0,0.0,,2026-07-24T11:48:54.273691+08:00
2412,2020-11-19,-18000,360529,-620000,-277471,367.0,2.0,13.0,0.0,,2026-07-24T11:48:54.273691+08:00
2412,2020-11-20,-50000,-790800,-50000,-890800,368.0,2.0,1.0,0.0,,2026-07-24T11:48:54.273691+08:00
2412,2020-11-23,58998,782308,-53000,788306,322.0,2.0,-46.0,0.0,,2026-07-24T11:48:54.273691+08:00
2412,2020-11-24,0,-1987746,-60000,-2047746,370.0,2.0,48.0,0.0,,2026-07-24T11:48:54.273691+08:00
2412,2020-11-25,33000,-703183,-1279000,-1949183,405.0,2.0,35.0,0.0,,2026-07-24T11:48:54.273691+08:00
2412,2020-11-26,1000,-671745,-29000,-699745,384.0,2.0,-21.0,0.0,,2026-07-24T11:48:54.273691+08:00
2412,2020-11-27,-41000,37818,-122000,-125182,387.0,2.0,3.0,0.0,,2026-07-24T11:48:54.273691+08:00
2412,2020-11-30,3000,-2670673,-178000,-2845673,398.0,2.0,11.0,0.0,,2026-07-24T11:48:54.273691+08:00
2412,2020-12-01,14000,-901179,-407000,-1294179,399.0,2.0,1.0,0.0,,2026-07-24T11:48:54.273691+08:00
2412,2020-12-02,29000,-1698590,-182000,-1851590,423.0,2.0,24.0,0.0,,2026-07-24T11:48:54.273691+08:00
2412,2020-12-03,-9000,-2241755,-253000,-2503755,449.0,2.0,26.0,0.0,,2026-07-24T11:48:54.273691+08:00
2412,2020-12-04,5970,529242,-413000,122212,439.0,2.0,-10.0,0.0,,2026-07-24T11:48:54.273691+08:00
2412,2020-12-07,-68000,-3939401,34000,-3973401,478.0,2.0,39.0,0.0,,2026-07-24T11:48:54.273691+08:00
2412,2020-12-08,-99000,1276400,-117000,1060400,455.0,2.0,-23.0,0.0,,2026-07-24T11:48:54.273691+08:00
2412,2020-12-09,9080,-1310328,20000,-1281248,476.0,2.0,21.0,0.0,,2026-07-24T11:48:54.273691+08:00
2412,2020-12-10,-142000,-1468039,20000,-1590039,484.0,2.0,8.0,0.0,,2026-07-24T11:48:54.273691+08:00
2412,2020-12-11,-158000,-2017109,3350,-2171759,479.0,2.0,-5.0,0.0,,2026-07-24T11:48:54.273691+08:00
2412,2020-12-14,19000,-1250269,-97740,-1329009,485.0,2.0,6.0,0.0,,2026-07-24T11:48:54.273691+08:00
2412,2020-12-15,-239000,-411000,19350,-630650,471.0,2.0,-14.0,0.0,,2026-07-24T11:48:54.273691+08:00
2412,2020-12-16,-332000,2330033,270000,2268033,426.0,2.0,-45.0,0.0,,2026-07-24T11:48:54.273691+08:00
2412,2020-12-17,-109000,24889,-7353,-91464,426.0,2.0,0.0,0.0,,2026-07-24T11:48:54.273691+08:00
2412,2020-12-18,27000,-1169013,142400,-999613,428.0,2.0,2.0,0.0,,2026-07-24T11:48:54.273691+08:00
2412,2020-12-21,-104000,1002727,30000,928727,427.0,2.0,-1.0,0.0,,2026-07-24T11:48:54.273691+08:00
2412,2020-12-22,18000,-1698404,-800,-1681204,433.0,2.0,6.0,0.0,,2026-07-24T11:48:54.273691+08:00
2412,2020-12-23,-197000,-2669791,0,-2866791,823.0,2.0,390.0,0.0,,2026-07-24T11:48:54.273691+08:00
2412,2020-12-24,50000,-2763537,-25940,-2739477,1322.0,2.0,499.0,0.0,,2026-07-24T11:48:54.273691+08:00
2412,2020-12-25,-299000,959000,-35000,625000,1299.0,2.0,-23.0,0.0,,2026-07-24T11:48:54.273691+08:00
2412,2020-12-28,-10000,2036000,2000,2028000,399.0,2.0,-900.0,0.0,,2026-07-24T11:48:54.273691+08:00
2412,2020-12-29,-199480,-386777,-52800,-639057,413.0,2.0,14.0,0.0,,2026-07-24T11:48:54.273691+08:00
2412,2020-12-30,412000,3127440,0,3539440,400.0,2.0,-13.0,0.0,,2026-07-24T11:48:54.273691+08:00
2412,2020-12-31,25000,1285760,43000,1353760,387.0,2.0,-13.0,0.0,,2026-07-24T11:48:54.273691+08:00
2412,2021-01-04,6000,684678,3080,693758,390.0,2.0,3.0,0.0,,2026-07-24T11:48:54.273691+08:00
2412,2021-01-05,26000,1502377,-80560,1447817,380.0,2.0,-10.0,0.0,,2026-07-24T11:48:54.273691+08:00
2412,2021-01-06,-635000,974897,-296000,43897,406.0,2.0,26.0,0.0,,2026-07-24T11:48:54.273691+08:00
2412,2021-01-07,197000,360543,14280,571823,415.0,2.0,9.0,0.0,,2026-07-24T11:48:54.273691+08:00
2412,2021-01-08,83000,5246582,-1063530,4266052,416.0,2.0,1.0,0.0,,2026-07-24T11:48:54.273691+08:00
2412,2021-01-11,-91000,2581578,-23330,2467248,405.0,2.0,-11.0,0.0,,2026-07-24T11:48:54.273691+08:00
2412,2021-01-12,9000,634354,0,643354,414.0,2.0,9.0,0.0,,2026-07-24T11:48:54.273691+08:00
2412,2021-01-13,412000,1236343,14000,1662343,408.0,2.0,-6.0,0.0,,2026-07-24T11:48:54.273691+08:00
2412,2021-01-14,21000,1152573,-21000,1152573,400.0,2.0,-8.0,0.0,,2026-07-24T11:48:54.273691+08:00
2412,2021-01-15,65000,-259363,4000,-190363,395.0,2.0,-5.0,0.0,,2026-07-24T11:48:54.273691+08:00
2412,2021-01-18,56000,-97612,26950,-14662,400.0,3.0,5.0,1.0,,2026-07-24T11:48:54.273691+08:00
2412,2021-01-19,1000,-135847,61000,-73847,419.0,3.0,19.0,0.0,,2026-07-24T11:48:54.273691+08:00
2412,2021-01-20,49000,-7608800,639,-7559161,1314.0,3.0,895.0,0.0,,2026-07-24T11:48:54.273691+08:00
2412,2021-01-21,152336,-2755111,-168000,-2770775,1300.0,3.0,-14.0,0.0,,2026-07-24T11:48:54.273691+08:00
2412,2021-01-22,173000,-3706849,20000,-3513849,1316.0,3.0,16.0,0.0,,2026-07-24T11:48:54.273691+08:00
2412,2021-01-25,-1000,-260105,950,-260155,917.0,3.0,-399.0,0.0,,2026-07-24T11:48:54.273691+08:00
2412,2021-01-26,-2000,-1659069,80000,-1581069,547.0,4.0,-370.0,1.0,,2026-07-24T11:48:54.273691+08:00
2412,2021-01-27,0,67133,45000,112133,549.0,6.0,2.0,2.0,,2026-07-24T11:48:54.273691+08:00
2412,2021-01-28,17000,-2500233,144000,-2339233,541.0,4.0,-8.0,-2.0,,2026-07-24T11:48:54.273691+08:00
2412,2021-01-29,263000,-6852740,1000,-6588740,565.0,4.0,24.0,0.0,,2026-07-24T11:48:54.273691+08:00
2412,2021-02-01,105000,2391199,22000,2518199,553.0,4.0,-12.0,0.0,,2026-07-24T11:48:54.273691+08:00
2412,2021-02-02,164000,-1903228,411000,-1328228,571.0,4.0,18.0,0.0,,2026-07-24T11:48:54.273691+08:00
2412,2021-02-03,-984000,42785,0,-941215,593.0,4.0,22.0,0.0,,2026-07-24T11:48:54.273691+08:00
2412,2021-02-04,-22000,-4198692,-32000,-4252692,640.0,5.0,47.0,1.0,,2026-07-24T11:48:54.273691+08:00
2412,2021-02-05,-145000,184050,641,39691,623.0,5.0,-17.0,0.0,,2026-07-24T11:48:54.273691+08:00
2412,2021-02-17,187000,-3323942,0,-3136942,651.0,5.0,28.0,0.0,,2026-07-24T11:48:54.273691+08:00
2412,2021-02-18,29000,-2722333,28000,-2665333,663.0,3.0,12.0,-2.0,,2026-07-24T11:48:54.273691+08:00
2412,2021-02-19,-5000,-709798,76000,-638798,673.0,3.0,10.0,0.0,,2026-07-24T11:48:54.273691+08:00
2412,2021-02-22,-5000,-3604952,12000,-3597952,679.0,2.0,6.0,-1.0,,2026-07-24T11:48:54.273691+08:00
2412,2021-02-23,-57000,-1014947,-38000,-1109947,654.0,1.0,-25.0,-1.0,,2026-07-24T11:48:54.273691+08:00
2412,2021-02-24,-97000,-739785,-29000,-865785,635.0,1.0,-19.0,0.0,,2026-07-24T11:48:54.273691+08:00
2412,2021-02-25,-1000,808080,-70000,737080,618.0,1.0,-17.0,0.0,,2026-07-24T11:48:54.273691+08:00
2412,2021-02-26,-4000,-4500000,335000,-4169000,640.0,1.0,22.0,0.0,,2026-07-24T11:48:54.273691+08:00
2412,2021-03-02,18000,-2057797,278000,-1761797,641.0,1.0,1.0,0.0,,2026-07-24T11:48:54.273691+08:00
2412,2021-03-03,718000,-765401,406000,358599,674.0,1.0,33.0,0.0,,2026-07-24T11:48:54.273691+08:00
2412,2021-03-04,-136000,-3345838,113000,-3368838,642.0,1.0,-32.0,0.0,,2026-07-24T11:48:54.273691+08:00
2412,2021-03-05,22000,267114,226000,515114,634.0,3.0,-8.0,2.0,,2026-07-24T11:48:54.273691+08:00
2412,2021-03-08,-6000,-491647,67000,-430647,664.0,3.0,30.0,0.0,,2026-07-24T11:48:54.273691+08:00
2412,2021-03-09,-28000,1032337,338000,1342337,647.0,3.0,-17.0,0.0,,2026-07-24T11:48:54.273691+08:00
2412,2021-03-10,-188000,1114805,5000,931805,576.0,3.0,-71.0,0.0,,2026-07-24T11:48:54.273691+08:00
2412,2021-03-11,100000,846257,13000,959257,571.0,2.0,-5.0,-1.0,,2026-07-24T11:48:54.273691+08:00
2412,2021-03-12,0,572334,10000,582334,559.0,2.0,-12.0,0.0,,2026-07-24T11:48:54.273691+08:00
2412,2021-03-15,-99000,-1155670,7000,-1247670,570.0,2.0,11.0,0.0,,2026-07-24T11:48:54.273691+08:00
2412,2021-03-16,-20000,509093,19000,508093,579.0,2.0,9.0,0.0,,2026-07-24T11:48:54.273691+08:00
2412,2021-03-17,-310000,-1353100,-280000,-1943100,572.0,2.0,-7.0,0.0,,2026-07-24T11:48:54.273691+08:00
2412,2021-03-18,-2000,-169735,224000,52265,572.0,2.0,0.0,0.0,,2026-07-24T11:48:54.273691+08:00
2412,2021-03-19,21000,-7151020,279661,-6850359,681.0,2.0,109.0,0.0,,2026-07-24T11:48:54.273691+08:00
2412,2021-03-22,-15000,-710859,-65000,-790859,652.0,0.0,-29.0,-2.0,,2026-07-24T11:48:54.273691+08:00
2412,2021-03-23,-154000,170784,-107000,-90216,463.0,0.0,-189.0,0.0,,2026-07-24T11:48:54.273691+08:00
2412,2021-03-24,-104000,136327,-57000,-24673,482.0,0.0,19.0,0.0,,2026-07-24T11:48:54.273691+08:00
2412,2021-03-25,-51000,2157995,-82000,2024995,456.0,0.0,-26.0,0.0,,2026-07-24T11:48:54.273691+08:00
2412,2021-03-26,21000,-1956957,4000,-1931957,452.0,0.0,-4.0,0.0,,2026-07-24T11:48:54.273691+08:00
2412,2021-03-29,-35000,995679,0,960679,471.0,0.0,19.0,0.0,,2026-07-24T11:48:54.273691+08:00
2412,2021-03-30,45000,2287694,161382,2494076,485.0,2.0,14.0,2.0,,2026-07-24T11:48:54.273691+08:00
2412,2021-03-31,30000,-2695089,-375522,-3040611,472.0,5.0,-13.0,3.0,,2026-07-24T11:48:54.273691+08:00
2412,2021-04-01,6000,182943,15804,204747,467.0,6.0,-5.0,1.0,,2026-07-24T11:48:54.273691+08:00
2412,2021-04-06,27000,1709955,-155971,1580984,457.0,6.0,-10.0,0.0,,2026-07-24T11:48:54.273691+08:00
2412,2021-04-07,121000,790607,-20000,891607,448.0,6.0,-9.0,0.0,,2026-07-24T11:48:54.273691+08:00
2412,2021-04-08,33000,-1679695,-66000,-1712695,491.0,6.0,43.0,0.0,,2026-07-24T11:48:54.273691+08:00
2412,2021-04-09,-5000,-82382,0,-87382,506.0,7.0,15.0,1.0,,2026-07-24T11:48:54.273691+08:00
2412,2021-04-12,56000,-1404300,-143713,-1492013,520.0,7.0,14.0,0.0,,2026-07-24T11:48:54.273691+08:00
2412,2021-04-13,41000,1567502,-5686,1602816,513.0,7.0,-7.0,0.0,,2026-07-24T11:48:54.273691+08:00
2412,2021-04-14,72069,4487445,9323,4568837,583.0,3.0,70.0,-4.0,,2026-07-24T11:48:54.273691+08:00
2412,2021-04-15,-20000,-186832,0,-206832,560.0,3.0,-23.0,0.0,,2026-07-24T11:48:54.273691+08:00
2412,2021-04-16,59000,1675592,0,1734592,551.0,2.0,-9.0,-1.0,,2026-07-24T11:48:54.273691+08:00
2412,2021-04-19,-47000,1288347,16022,1257369,574.0,2.0,23.0,0.0,,2026-07-24T11:48:54.273691+08:00
2412,2021-04-20,21000,1568173,-4956,1584217,574.0,3.0,0.0,1.0,,2026-07-24T11:48:54.273691+08:00
2412,2021-04-21,-435000,-1204807,14542,-1625265,551.0,4.0,-23.0,1.0,,2026-07-24T11:48:54.273691+08:00
2412,2021-04-22,0,-394166,16936,-377230,568.0,2.0,17.0,-2.0,,2026-07-24T11:48:54.273691+08:00
2412,2021-04-23,-118000,-355457,23414,-450043,570.0,2.0,2.0,0.0,,2026-07-24T11:48:54.273691+08:00
2412,2021-04-26,-32000,726037,0,694037,554.0,2.0,-16.0,0.0,,2026-07-24T11:48:54.273691+08:00
2412,2021-04-27,-115000,231747,-173000,-56253,562.0,0.0,8.0,-2.0,,2026-07-24T11:48:54.273691+08:00
2412,2021-04-28,-28000,110112,-2956,79156,543.0,0.0,-19.0,0.0,,2026-07-24T11:48:54.273691+08:00
2412,2021-04-29,2000,35684,-11254,26430,545.0,0.0,2.0,0.0,,2026-07-24T11:48:54.273691+08:00
2412,2021-05-03,-5000,-199900,-219187,-424087,542.0,0.0,-3.0,0.0,,2026-07-24T11:48:54.273691+08:00
2412,2021-05-04,287000,1186723,-9241,1464482,601.0,0.0,59.0,0.0,,2026-07-24T11:48:54.273691+08:00
2412,2021-05-05,-138000,-1154265,5784,-1286481,609.0,0.0,8.0,0.0,,2026-07-24T11:48:54.273691+08:00
2412,2021-05-06,-10000,-69656,-211513,-291169,606.0,0.0,-3.0,0.0,,2026-07-24T11:48:54.273691+08:00
2412,2021-05-07,4000,1876191,15545,1895736,579.0,0.0,-27.0,0.0,,2026-07-24T11:48:54.273691+08:00
2412,2021-05-10,-40000,1736582,-96228,1600354,579.0,3.0,0.0,3.0,,2026-07-24T11:48:54.273691+08:00
2412,2021-05-11,-352000,5813711,446740,5908451,691.0,3.0,112.0,0.0,,2026-07-24T11:48:54.273691+08:00
2412,2021-05-12,214000,-1083986,848501,-21485,1302.0,1.0,611.0,-2.0,,2026-07-24T11:48:54.273691+08:00
2412,2021-05-13,306000,-6641710,381106,-5954604,1399.0,21.0,97.0,20.0,,2026-07-24T11:48:54.273691+08:00
2412,2021-05-14,90000,3795422,309045,4194467,1100.0,22.0,-299.0,1.0,,2026-07-24T11:48:54.273691+08:00
2412,2021-05-17,490000,1614930,24645,2129575,1716.0,41.0,616.0,19.0,,2026-07-24T11:48:54.273691+08:00
2412,2021-05-18,472000,109500,20000,601500,1447.0,27.0,-269.0,-14.0,,2026-07-24T11:48:54.273691+08:00
2412,2021-05-19,218000,-1732500,-61203,-1575703,1320.0,26.0,-127.0,-1.0,,2026-07-24T11:48:54.273691+08:00
2412,2021-05-20,186000,1101902,3797,1291699,1259.0,26.0,-61.0,0.0,,2026-07-24T11:48:54.273691+08:00
2412,2021-05-21,306000,5210319,-262000,5254319,1116.0,52.0,-143.0,26.0,,2026-07-24T11:48:54.273691+08:00
2412,2021-05-24,-1000,-2062566,-131203,-2194769,1077.0,28.0,-39.0,-24.0,,2026-07-24T11:48:54.273691+08:00
2412,2021-05-25,0,1297997,-871000,426997,1021.0,25.0,-56.0,-3.0,,2026-07-24T11:48:54.273691+08:00
2412,2021-05-26,143000,-337500,-11000,-205500,962.0,23.0,-59.0,-2.0,,2026-07-24T11:48:54.273691+08:00
2412,2021-05-27,-50093,-6454181,10898,-6493376,1038.0,27.0,76.0,4.0,,2026-07-24T11:48:54.273691+08:00
2412,2021-05-28,-15000,1114700,0,1099700,963.0,27.0,-75.0,0.0,,2026-07-24T11:48:54.273691+08:00
2412,2021-05-31,-37000,1249730,-91626,1121104,913.0,27.0,-50.0,0.0,,2026-07-24T11:48:54.273691+08:00
2412,2021-06-01,-15000,331010,-17000,299010,861.0,27.0,-52.0,0.0,,2026-07-24T11:48:54.273691+08:00
2412,2021-06-02,555000,889777,-826,1443951,804.0,32.0,-57.0,5.0,,2026-07-24T11:48:54.273691+08:00
2412,2021-06-03,-12000,180586,-1970,166616,800.0,69.0,-4.0,37.0,,2026-07-24T11:48:54.273691+08:00
2412,2021-06-04,-24000,1163686,97040,1236726,778.0,69.0,-22.0,0.0,,2026-07-24T11:48:54.273691+08:00
2412,2021-06-07,-1000,-185816,99917,-86899,800.0,69.0,22.0,0.0,,2026-07-24T11:48:54.273691+08:00
2412,2021-06-08,-48000,398538,5000,355538,778.0,69.0,-22.0,0.0,,2026-07-24T11:48:54.273691+08:00
2412,2021-06-09,-22000,171003,-7000,142003,723.0,25.0,-55.0,-44.0,,2026-07-24T11:48:54.273691+08:00
2412,2021-06-10,33000,741150,69000,843150,710.0,23.0,-13.0,-2.0,,2026-07-24T11:48:54.273691+08:00
2412,2021-06-11,0,2922900,19000,2941900,648.0,15.0,-62.0,-8.0,,2026-07-24T11:48:54.273691+08:00
2412,2021-06-15,30000,669189,0,699189,627.0,16.0,-21.0,1.0,,2026-07-24T11:48:54.273691+08:00
2412,2021-06-16,897000,890360,-90063,1697297,656.0,19.0,29.0,3.0,,2026-07-24T11:48:54.273691+08:00
2412,2021-06-17,-8000,-1558795,-55000,-1621795,659.0,18.0,3.0,-1.0,,2026-07-24T11:48:54.273691+08:00
2412,2021-06-18,-83000,-1576979,-705000,-2364979,685.0,18.0,26.0,0.0,,2026-07-24T11:48:54.273691+08:00
2412,2021-06-21,-111000,-668904,-13041,-792945,707.0,18.0,22.0,0.0,,2026-07-24T11:48:54.273691+08:00
2412,2021-06-22,49000,1761227,-53000,1757227,668.0,20.0,-39.0,2.0,,2026-07-24T11:48:54.273691+08:00
2412,2021-06-23,1766000,208840,20000,1994840,481.0,20.0,-187.0,0.0,,2026-07-24T11:48:54.273691+08:00
2412,2021-06-24,259000,-777040,21000,-497040,489.0,20.0,8.0,0.0,,2026-07-24T11:48:54.273691+08:00
2412,2021-06-25,329000,103880,10000,442880,482.0,20.0,-7.0,0.0,,2026-07-24T11:48:54.273691+08:00
2412,2021-06-28,123000,-397216,12000,-262216,507.0,20.0,25.0,0.0,,2026-07-24T11:48:54.273691+08:00
2412,2021-06-29,10000,6293,4000,20293,516.0,20.0,9.0,0.0,,2026-07-24T11:48:54.273691+08:00
2412,2021-06-30,85000,667007,0,752007,514.0,19.0,-2.0,-1.0,,2026-07-24T11:48:54.273691+08:00
2412,2021-07-01,13000,-1432086,2000,-1417086,555.0,19.0,41.0,0.0,,2026-07-24T11:48:54.273691+08:00
2412,2021-07-02,0,592649,-3000,589649,527.0,17.0,-28.0,-2.0,,2026-07-24T11:48:54.273691+08:00
2412,2021-07-05,42000,1372000,-92914,1321086,554.0,17.0,27.0,0.0,,2026-07-24T11:48:54.273691+08:00
2412,2021-07-06,23000,-1052902,0,-1029902,607.0,21.0,53.0,4.0,,2026-07-24T11:48:54.273691+08:00
2412,2021-07-07,-11000,-659566,0,-670566,599.0,22.0,-8.0,1.0,,2026-07-24T11:48:54.273691+08:00
2412,2021-07-08,17000,-507100,2491,-487609,598.0,22.0,-1.0,0.0,,2026-07-24T11:48:54.273691+08:00
2412,2021-07-09,-15000,-872600,2000,-885600,687.0,21.0,89.0,-1.0,,2026-07-24T11:48:54.273691+08:00
2412,2021-07-12,52000,-1456700,-81000,-1485700,674.0,20.0,-13.0,-1.0,,2026-07-24T11:48:54.273691+08:00
2412,2021-07-13,162000,2042175,-5970,2198205,582.0,24.0,-92.0,4.0,,2026-07-24T11:48:54.273691+08:00
2412,2021-07-14,190000,802254,-29000,963254,653.0,22.0,71.0,-2.0,,2026-07-24T11:48:54.273691+08:00
2412,2021-07-15,5050,417493,-106697,315846,644.0,22.0,-9.0,0.0,,2026-07-24T11:48:54.273691+08:00
2412,2021-07-16,-21000,1842453,-80000,1741453,587.0,22.0,-57.0,0.0,,2026-07-24T11:48:54.273691+08:00
2412,2021-07-19,-10000,957198,-55000,892198,579.0,25.0,-8.0,3.0,,2026-07-24T11:48:54.273691+08:00
2412,2021-07-20,-10000,1330424,-59000,1261424,572.0,24.0,-7.0,-1.0,,2026-07-24T11:48:54.273691+08:00
2412,2021-07-21,921000,1446618,14000,2381618,583.0,24.0,11.0,0.0,,2026-07-24T11:48:54.273691+08:00
2412,2021-07-22,225000,3980523,13983,4219506,604.0,26.0,21.0,2.0,,2026-07-24T11:48:54.273691+08:00
2412,2021-07-23,63000,2189691,4000,2256691,699.0,23.0,95.0,-3.0,,2026-07-24T11:48:54.273691+08:00
2412,2021-07-26,35000,-796780,-6000,-767780,707.0,23.0,8.0,0.0,,2026-07-24T11:48:54.273691+08:00
2412,2021-07-27,33000,1227407,160000,1420407,733.0,26.0,26.0,3.0,,2026-07-24T11:48:54.273691+08:00
2412,2021-07-28,804327,1474775,442244,2721346,751.0,26.0,18.0,0.0,,2026-07-24T11:48:54.273691+08:00
2412,2021-07-29,-40000,4127270,4825,4092095,752.0,25.0,1.0,-1.0,,2026-07-24T11:48:54.273691+08:00
2412,2021-07-30,20000,-1958710,-4991,-1943701,1290.0,24.0,538.0,-1.0,,2026-07-24T11:48:54.273691+08:00
2412,2021-08-02,171000,7505484,-2052,7674432,645.0,45.0,-645.0,21.0,,2026-07-24T11:48:54.273691+08:00
2412,2021-08-03,-90000,3543113,39125,3492238,618.0,67.0,-27.0,22.0,,2026-07-24T11:48:54.273691+08:00
2412,2021-08-04,350000,2757258,2851,3110109,577.0,94.0,-41.0,27.0,,2026-07-24T11:48:54.273691+08:00
2412,2021-08-05,2141000,3099256,-2123,5238133,594.0,96.0,17.0,2.0,,2026-07-24T11:48:54.273691+08:00
2412,2021-08-06,920000,967248,10000,1897248,603.0,93.0,9.0,-3.0,,2026-07-24T11:48:54.273691+08:00
2412,2021-08-09,365000,1116412,219000,1700412,578.0,93.0,-25.0,0.0,,2026-07-24T11:48:54.273691+08:00
2412,2021-08-10,1161000,2592750,290000,4043750,503.0,94.0,-75.0,1.0,,2026-07-24T11:48:54.273691+08:00
2412,2021-08-11,317000,4604766,76000,4997766,569.0,70.0,66.0,-24.0,,2026-07-24T11:48:54.273691+08:00
2412,2021-08-12,1070000,1804768,89000,2963768,623.0,70.0,54.0,0.0,,2026-07-24T11:48:54.273691+08:00
2412,2021-08-13,-68000,1232049,152000,1316049,637.0,73.0,14.0,3.0,,2026-07-24T11:48:54.273691+08:00
2412,2021-08-16,394992,1082900,90000,1567892,843.0,73.0,206.0,0.0,,2026-07-24T11:48:54.273691+08:00
2412,2021-08-17,-102000,4492756,161000,4551756,1041.0,179.0,198.0,106.0,,2026-07-24T11:48:54.273691+08:00
2412,2021-08-18,-10000,3267165,114000,3371165,1083.0,163.0,42.0,-16.0,,2026-07-24T11:48:54.273691+08:00
2412,2021-08-19,-127000,-589212,286000,-430212,1142.0,0.0,59.0,-163.0,,2026-07-24T11:48:54.273691+08:00
2412,2021-08-20,-22000,1758872,115590,1852462,1180.0,0.0,38.0,0.0,,2026-07-24T11:48:54.273691+08:00
2412,2021-08-23,16000,-870526,37000,-817526,1163.0,0.0,-17.0,0.0,,2026-07-24T11:48:54.273691+08:00
2412,2021-08-24,-84000,1888058,16000,1820058,944.0,0.0,-219.0,0.0,,2026-07-24T11:48:54.273691+08:00
2412,2021-08-25,-5774795,4048244,13133,-1713418,2975.0,0.0,2031.0,0.0,,2026-07-24T11:48:54.273691+08:00
2412,2021-08-26,-129008,1179160,134000,1184152,1644.0,4.0,-1331.0,4.0,,2026-07-24T11:48:54.273691+08:00
2412,2021-08-27,282000,1881780,1000,2164780,938.0,4.0,-706.0,0.0,,2026-07-24T11:48:54.273691+08:00
2412,2021-08-30,-154000,5746186,-396000,5196186,906.0,4.0,-32.0,0.0,,2026-07-24T11:48:54.273691+08:00
2412,2021-08-31,-39000,10849571,0,10810571,896.0,5.0,-10.0,1.0,,2026-07-24T11:48:54.273691+08:00
2412,2021-09-01,-44000,241165,0,197165,944.0,1.0,48.0,-4.0,,2026-07-24T11:48:54.273691+08:00
2412,2021-09-02,5000,198232,-235349,-32117,933.0,3.0,-11.0,2.0,,2026-07-24T11:48:54.273691+08:00
2412,2021-09-03,161000,2024424,-6014,2179410,912.0,3.0,-21.0,0.0,,2026-07-24T11:48:54.273691+08:00
2412,2021-09-06,-600000,2314000,-24913,1689087,888.0,4.0,-24.0,1.0,,2026-07-24T11:48:54.273691+08:00
2412,2021-09-07,-110000,2190000,-9979,2070021,897.0,8.0,9.0,4.0,,2026-07-24T11:48:54.273691+08:00
2412,2021-09-08,-752000,-666561,4000,-1414561,961.0,11.0,64.0,3.0,,2026-07-24T11:48:54.273691+08:00
2412,2021-09-09,-102000,-48868,-5000,-155868,980.0,13.0,19.0,2.0,,2026-07-24T11:48:54.273691+08:00
2412,2021-09-10,-50000,1159486,0,1109486,962.0,14.0,-18.0,1.0,,2026-07-24T11:48:54.273691+08:00
2412,2021-09-13,-1047999,1419854,3000,374855,938.0,14.0,-24.0,0.0,,2026-07-24T11:48:54.273691+08:00
2412,2021-09-14,12000,-614901,0,-602901,886.0,11.0,-52.0,-3.0,,2026-07-24T11:48:54.273691+08:00
2412,2021-09-15,-615000,822971,58000,265971,878.0,11.0,-8.0,0.0,,2026-07-24T11:48:54.273691+08:00
2412,2021-09-16,-137506,-453108,1000,-589614,872.0,11.0,-6.0,0.0,,2026-07-24T11:48:54.273691+08:00
2412,2021-09-17,-3000,-3846563,471833,-3377730,920.0,11.0,48.0,0.0,,2026-07-24T11:48:54.273691+08:00
2412,2021-09-22,-832202,-3367421,256941,-3942682,947.0,12.0,27.0,1.0,,2026-07-24T11:48:54.273691+08:00
2412,2021-09-23,3000,-552003,6000,-543003,929.0,13.0,-18.0,1.0,,2026-07-24T11:48:54.273691+08:00
2412,2021-09-24,3000,546000,0,549000,906.0,17.0,-23.0,4.0,,2026-07-24T11:48:54.273691+08:00
2412,2021-09-27,23000,550143,19944,593087,947.0,18.0,41.0,1.0,,2026-07-24T11:48:54.273691+08:00
2412,2021-09-28,-12000,-1539902,28524,-1523378,968.0,19.0,21.0,1.0,,2026-07-24T11:48:54.273691+08:00
2412,2021-09-29,-927008,-2767338,143059,-3551287,1014.0,20.0,46.0,1.0,,2026-07-24T11:48:54.273691+08:00
2412,2021-09-30,-4000,-4085363,63577,-4025786,1051.0,16.0,37.0,-4.0,,2026-07-24T11:48:54.273691+08:00
2412,2021-10-01,-17008,-3312554,229000,-3100562,1097.0,21.0,46.0,5.0,,2026-07-24T11:48:54.273691+08:00
2412,2021-10-04,-63000,783470,196673,917143,1365.0,28.0,268.0,7.0,,2026-07-24T11:48:54.273691+08:00
2412,2021-10-05,-435000,-1174808,105000,-1504808,1487.0,30.0,122.0,2.0,,2026-07-24T11:48:54.273691+08:00
2412,2021-10-06,-917008,1345116,196000,624108,1521.0,34.0,34.0,4.0,,2026-07-24T11:48:54.273691+08:00
2412,2021-10-07,-127580,477113,32000,381533,1437.0,33.0,-84.0,-1.0,,2026-07-24T11:48:54.273691+08:00
2412,2021-10-08,-705000,532560,19000,-153440,2341.0,67.0,904.0,34.0,,2026-07-24T11:48:54.273691+08:00
2412,2021-10-12,-331905,-1533401,56630,-1808676,1623.0,35.0,-718.0,-32.0,,2026-07-24T11:48:54.273691+08:00
2412,2021-10-13,-168000,137132,73630,42762,1665.0,36.0,42.0,1.0,,2026-07-24T11:48:54.273691+08:00
2412,2021-10-14,39000,-3504283,3630,-3461653,1740.0,34.0,75.0,-2.0,,2026-07-24T11:48:54.273691+08:00
2412,2021-10-15,-136000,-2422261,3630,-2554631,1744.0,38.0,4.0,4.0,,2026-07-24T11:48:54.273691+08:00
2412,2021-10-18,-478000,-228500,10069,-696431,1835.0,38.0,91.0,0.0,,2026-07-24T11:48:54.273691+08:00
2412,2021-10-19,-71000,584000,289012,802012,1762.0,38.0,-73.0,0.0,,2026-07-24T11:48:54.273691+08:00
2412,2021-10-20,41000,-3278020,-54651,-3291671,1772.0,38.0,10.0,0.0,,2026-07-24T11:48:54.273691+08:00
2412,2021-10-21,-810214,-2021010,26428,-2804796,1746.0,38.0,-26.0,0.0,,2026-07-24T11:48:54.273691+08:00
2412,2021-10-22,-985000,1577359,162641,755000,2499.0,39.0,753.0,1.0,,2026-07-24T11:48:54.273691+08:00
2412,2021-10-25,-614999,-944596,23000,-1536595,2732.0,38.0,233.0,-1.0,,2026-07-24T11:48:54.273691+08:00
2412,2021-10-26,-1285000,-771839,10000,-2046839,1702.0,33.0,-1030.0,-5.0,,2026-07-24T11:48:54.273691+08:00
2412,2021-10-27,-979000,-492719,0,-1471719,1688.0,32.0,-14.0,-1.0,,2026-07-24T11:48:54.273691+08:00
2412,2021-10-28,-550000,-3593478,0,-4143478,1629.0,22.0,-59.0,-10.0,,2026-07-24T11:48:54.273691+08:00
2412,2021-10-29,-744001,-1449395,113000,-2080396,1585.0,16.0,-44.0,-6.0,,2026-07-24T11:48:54.273691+08:00
2412,2021-11-01,-909000,-414900,62000,-1261900,1425.0,19.0,-160.0,3.0,,2026-07-24T11:48:54.273691+08:00
2412,2021-11-02,-359000,-2083752,79000,-2363752,1282.0,14.0,-143.0,-5.0,,2026-07-24T11:48:54.273691+08:00
2412,2021-11-03,-450000,-1866925,7000,-2309925,1196.0,13.0,-86.0,-1.0,,2026-07-24T11:48:54.273691+08:00
2412,2021-11-04,-1401000,-1247540,16000,-2632540,1053.0,13.0,-143.0,0.0,,2026-07-24T11:48:54.273691+08:00
2412,2021-11-05,-1198000,628268,151000,-418732,978.0,17.0,-75.0,4.0,,2026-07-24T11:48:54.273691+08:00
2412,2021-11-08,-582000,-455000,34000,-1003000,887.0,26.0,-91.0,9.0,,2026-07-24T11:48:54.273691+08:00
2412,2021-11-09,55000,-1147276,19045,-1073231,833.0,27.0,-54.0,1.0,,2026-07-24T11:48:54.273691+08:00
2412,2021-11-10,221000,-787420,223000,-343420,729.0,35.0,-104.0,8.0,,2026-07-24T11:48:54.273691+08:00
2412,2021-11-11,45000,-569680,198000,-326680,726.0,27.0,-3.0,-8.0,,2026-07-24T11:48:54.273691+08:00
2412,2021-11-12,159000,1789000,148000,2096000,676.0,24.0,-50.0,-3.0,,2026-07-24T11:48:54.273691+08:00
2412,2021-11-15,20000,308791,-123000,205791,651.0,54.0,-25.0,30.0,,2026-07-24T11:48:54.273691+08:00
2412,2021-11-16,101000,-174429,330000,256571,951.0,23.0,300.0,-31.0,,2026-07-24T11:48:54.273691+08:00
2412,2021-11-17,1096000,-591000,178000,683000,860.0,24.0,-91.0,1.0,,2026-07-24T11:48:54.273691+08:00
2412,2021-11-18,72000,1754405,-41000,1785405,835.0,24.0,-25.0,0.0,,2026-07-24T11:48:54.273691+08:00
2412,2021-11-19,57000,-1412265,24777,-1330488,890.0,21.0,55.0,-3.0,,2026-07-24T11:48:54.273691+08:00
2412,2021-11-22,66000,-1119810,16000,-1037810,950.0,21.0,60.0,0.0,,2026-07-24T11:48:54.273691+08:00
2412,2021-11-23,58000,968606,45000,1071606,656.0,21.0,-294.0,0.0,,2026-07-24T11:48:54.273691+08:00
2412,2021-11-24,115000,-1424474,78000,-1231474,672.0,21.0,16.0,0.0,,2026-07-24T11:48:54.273691+08:00
2412,2021-11-25,0,-1104300,11000,-1093300,660.0,21.0,-12.0,0.0,,2026-07-24T11:48:54.273691+08:00
2412,2021-11-26,401770,-3465000,71000,-2992230,619.0,20.0,-41.0,-1.0,,2026-07-24T11:48:54.273691+08:00
2412,2021-11-29,46000,-1893857,172279,-1675578,574.0,20.0,-45.0,0.0,,2026-07-24T11:48:54.273691+08:00
2412,2021-11-30,531204,-4839069,42000,-4265865,644.0,20.0,70.0,0.0,,2026-07-24T11:48:54.273691+08:00
2412,2021-12-01,253096,-2016624,170000,-1593528,630.0,20.0,-14.0,0.0,,2026-07-24T11:48:54.273691+08:00
2412,2021-12-02,-66000,1616944,500000,2050944,535.0,22.0,-95.0,2.0,,2026-07-24T11:48:54.273691+08:00
2412,2021-12-03,-46329,46530,392000,392201,508.0,20.0,-27.0,-2.0,,2026-07-24T11:48:54.273691+08:00
2412,2021-12-06,-19000,259441,323000,563441,517.0,20.0,9.0,0.0,,2026-07-24T11:48:54.273691+08:00
2412,2021-12-07,-59000,280697,150000,371697,509.0,20.0,-8.0,0.0,,2026-07-24T11:48:54.273691+08:00
2412,2021-12-08,69000,442651,161000,672651,498.0,20.0,-11.0,0.0,,2026-07-24T11:48:54.273691+08:00
2412,2021-12-09,8000,1069000,-6061,1070939,475.0,20.0,-23.0,0.0,,2026-07-24T11:48:54.273691+08:00
2412,2021-12-10,-14000,105964,33000,124964,470.0,20.0,-5.0,0.0,,2026-07-24T11:48:54.273691+08:00
2412,2021-12-13,0,-1176630,55000,-1121630,465.0,20.0,-5.0,0.0,,2026-07-24T11:48:54.273691+08:00
2412,2021-12-14,-1952,-1052300,6000,-1048252,463.0,20.0,-2.0,0.0,,2026-07-24T11:48:54.273691+08:00
2412,2021-12-15,867048,-74093,70000,862955,442.0,21.0,-21.0,1.0,,2026-07-24T11:48:54.273691+08:00
2412,2021-12-16,-16000,245413,-79000,150413,426.0,21.0,-16.0,0.0,,2026-07-24T11:48:54.273691+08:00
2412,2021-12-17,-11066,2164902,-90000,2063836,408.0,21.0,-18.0,0.0,,2026-07-24T11:48:54.273691+08:00
2412,2021-12-20,-314770,-1374384,-57733,-1746887,415.0,21.0,7.0,0.0,,2026-07-24T11:48:54.273691+08:00
2412,2021-12-21,23000,1973096,7895,2003991,412.0,21.0,-3.0,0.0,,2026-07-24T11:48:54.273691+08:00
2412,2021-12-22,16000,-394860,0,-378860,407.0,20.0,-5.0,-1.0,,2026-07-24T11:48:54.273691+08:00
2412,2021-12-23,62000,636176,0,698176,1221.0,19.0,814.0,-1.0,,2026-07-24T11:48:54.273691+08:00
2412,2021-12-24,200000,2519240,0,2719240,431.0,19.0,-790.0,0.0,,2026-07-24T11:48:54.273691+08:00
2412,2021-12-27,147000,1703003,0,1850003,360.0,19.0,-71.0,0.0,,2026-07-24T11:48:54.273691+08:00
2412,2021-12-28,113999,2298920,21000,2433919,326.0,19.0,-34.0,0.0,,2026-07-24T11:48:54.273691+08:00
2412,2021-12-29,128000,2132884,19000,2279884,338.0,38.0,12.0,19.0,,2026-07-24T11:48:54.273691+08:00
2412,2021-12-30,1000,960728,-285000,676728,385.0,23.0,47.0,-15.0,,2026-07-24T11:48:54.273691+08:00
2412,2022-01-03,22000,523138,-642962,-97824,372.0,21.0,-13.0,-2.0,,2026-07-24T11:48:54.273691+08:00
2412,2022-01-04,2752,-1560457,-462000,-2019705,368.0,21.0,-4.0,0.0,,2026-07-24T11:48:54.273691+08:00
2412,2022-01-05,-86000,1824336,310083,2048419,364.0,19.0,-4.0,-2.0,,2026-07-24T11:48:54.273691+08:00
2412,2022-01-06,-6000,1259760,170363,1424123,355.0,19.0,-9.0,0.0,,2026-07-24T11:48:54.273691+08:00
2412,2022-01-07,48000,2153269,158000,2359269,309.0,19.0,-46.0,0.0,,2026-07-24T11:48:54.273691+08:00
2412,2022-01-10,36000,2773307,240000,3049307,285.0,20.0,-24.0,1.0,,2026-07-24T11:48:54.273691+08:00
2412,2022-01-11,-5000,2452870,226838,2674708,299.0,20.0,14.0,0.0,,2026-07-24T11:48:54.273691+08:00
2412,2022-01-12,42000,1958276,297768,2298044,304.0,25.0,5.0,5.0,,2026-07-24T11:48:54.273691+08:00
2412,2022-01-13,40999,2122976,375762,2539737,249.0,25.0,-55.0,0.0,,2026-07-24T11:48:54.273691+08:00
2412,2022-01-14,-19000,588968,549968,1119936,291.0,25.0,42.0,0.0,,2026-07-24T11:48:54.273691+08:00
2412,2022-01-17,-133000,-948000,515906,-565094,294.0,25.0,3.0,0.0,,2026-07-24T11:48:54.273691+08:00
2412,2022-01-18,-31100,1508136,-70410,1406626,275.0,25.0,-19.0,0.0,,2026-07-24T11:48:54.273691+08:00
2412,2022-01-19,-161547,1667674,-3000,1503127,292.0,20.0,17.0,-5.0,,2026-07-24T11:48:54.273691+08:00
2412,2022-01-20,19473,2599050,-210000,2408523,303.0,20.0,11.0,0.0,,2026-07-24T11:48:54.273691+08:00
2412,2022-01-21,34000,-34215,215000,214785,320.0,22.0,17.0,2.0,,2026-07-24T11:48:54.273691+08:00
2412,2022-01-24,60105,1469110,287000,1816215,332.0,22.0,12.0,0.0,,2026-07-24T11:48:54.273691+08:00
2412,2022-01-25,-400463,195408,271000,65945,370.0,25.0,38.0,3.0,,2026-07-24T11:48:54.273691+08:00
2412,2022-01-26,78000,2125454,233000,2436454,386.0,25.0,16.0,0.0,,2026-07-24T11:48:54.273691+08:00
2412,2022-02-07,61000,2052577,96000,2209577,377.0,25.0,-9.0,0.0,,2026-07-24T11:48:54.273691+08:00
2412,2022-02-08,37000,203339,215000,455339,352.0,25.0,-25.0,0.0,,2026-07-24T11:48:54.273691+08:00
2412,2022-02-09,816000,848000,127000,1791000,298.0,25.0,-54.0,0.0,,2026-07-24T11:48:54.273691+08:00
2412,2022-02-10,-29000,2772580,123000,2866580,278.0,24.0,-20.0,-1.0,,2026-07-24T11:48:54.273691+08:00
2412,2022-02-11,500000,-274396,112000,337604,271.0,24.0,-7.0,0.0,,2026-07-24T11:48:54.273691+08:00
2412,2022-02-14,4950,409918,286000,700868,293.0,23.0,22.0,-1.0,,2026-07-24T11:48:54.273691+08:00
2412,2022-02-15,-19000,929616,204000,1114616,292.0,23.0,-1.0,0.0,,2026-07-24T11:48:54.273691+08:00
2412,2022-02-16,153942,2414750,170000,2738692,279.0,27.0,-13.0,4.0,,2026-07-24T11:48:54.273691+08:00
2412,2022-02-17,71000,1413540,67000,1551540,278.0,27.0,-1.0,0.0,,2026-07-24T11:48:54.273691+08:00
2412,2022-02-18,62070,910188,115000,1087258,369.0,28.0,91.0,1.0,,2026-07-24T11:48:54.273691+08:00
2412,2022-02-21,-4000,-517920,230377,-291543,369.0,28.0,0.0,0.0,,2026-07-24T11:48:54.273691+08:00
2412,2022-02-22,-245000,-1467935,506000,-1206935,297.0,28.0,-72.0,0.0,,2026-07-24T11:48:54.273691+08:00
2412,2022-02-23,210668,1376975,334000,1921643,303.0,18.0,6.0,-10.0,,2026-07-24T11:48:54.273691+08:00
2412,2022-02-24,-89055,-3323045,543000,-2869100,385.0,18.0,82.0,0.0,,2026-07-24T11:48:54.273691+08:00
2412,2022-02-25,28018,-1627220,785938,-813264,340.0,19.0,-45.0,1.0,,2026-07-24T11:48:54.273691+08:00
2412,2022-03-01,-618292,94220,310000,-214072,328.0,18.0,-12.0,-1.0,,2026-07-24T11:48:54.273691+08:00
2412,2022-03-02,188296,1221286,124000,1533582,324.0,18.0,-4.0,0.0,,2026-07-24T11:48:54.273691+08:00
2412,2022-03-03,-8000,1125059,-7000,1110059,339.0,12.0,15.0,-6.0,,2026-07-24T11:48:54.273691+08:00
2412,2022-03-04,-250000,1799640,50000,1599640,322.0,12.0,-17.0,0.0,,2026-07-24T11:48:54.273691+08:00
2412,2022-03-07,-196929,-4213448,983000,-3427377,375.0,12.0,53.0,0.0,,2026-07-24T11:48:54.273691+08:00
2412,2022-03-08,235000,2505507,486000,3226507,449.0,15.0,74.0,3.0,,2026-07-24T11:48:54.273691+08:00
2412,2022-03-09,-90984,1260728,225000,1394744,435.0,15.0,-14.0,0.0,,2026-07-24T11:48:54.273691+08:00
2412,2022-03-10,89280,1117402,30000,1236682,404.0,14.0,-31.0,-1.0,,2026-07-24T11:48:54.273691+08:00
2412,2022-03-11,353641,297970,437000,1088611,412.0,13.0,8.0,-1.0,,2026-07-24T11:48:54.273691+08:00
2412,2022-03-14,219508,1575729,653000,2448237,401.0,13.0,-11.0,0.0,,2026-07-24T11:48:54.273691+08:00
2412,2022-03-15,252319,4141297,2122000,6515616,399.0,9.0,-2.0,-4.0,,2026-07-24T11:48:54.273691+08:00
2412,2022-03-16,168730,1505672,375000,2049402,371.0,9.0,-28.0,0.0,,2026-07-24T11:48:54.273691+08:00
2412,2022-03-17,167279,1512518,4000,1683797,344.0,12.0,-27.0,3.0,,2026-07-24T11:48:54.273691+08:00
2412,2022-03-18,381000,1065064,21979,1468043,318.0,8.0,-26.0,-4.0,,2026-07-24T11:48:54.273691+08:00
2412,2022-03-21,-147029,-3126624,15000,-3258653,306.0,0.0,-12.0,-8.0,,2026-07-24T11:48:54.273691+08:00
2412,2022-03-22,202480,-1346808,209000,-935328,321.0,0.0,15.0,0.0,,2026-07-24T11:48:54.273691+08:00
2412,2022-03-23,306490,-642388,-24000,-359898,318.0,0.0,-3.0,0.0,,2026-07-24T11:48:54.273691+08:00
2412,2022-03-24,14000,1721099,0,1735099,243.0,0.0,-75.0,0.0,,2026-07-24T11:48:54.273691+08:00
2412,2022-03-25,-493959,588540,14000,108581,326.0,5.0,83.0,5.0,,2026-07-24T11:48:54.273691+08:00
2412,2022-03-28,3215,606088,388000,997303,338.0,5.0,12.0,0.0,,2026-07-24T11:48:54.273691+08:00
2412,2022-03-29,-11296,728901,225000,942605,316.0,0.0,-22.0,-5.0,,2026-07-24T11:48:54.273691+08:00
2412,2022-03-30,166935,3326265,-554000,2939200,316.0,0.0,0.0,0.0,,2026-07-24T11:48:54.273691+08:00
2412,2022-03-31,13000,2329600,-129000,2213600,290.0,0.0,-26.0,0.0,,2026-07-24T11:48:54.273691+08:00
2412,2022-04-01,5878,764581,-14000,756459,309.0,0.0,19.0,0.0,,2026-07-24T11:48:54.273691+08:00
2412,2022-04-06,95938,2337563,209000,2642501,292.0,0.0,-17.0,0.0,,2026-07-24T11:48:54.273691+08:00
2412,2022-04-07,-109143,4515680,78000,4484537,293.0,1.0,1.0,1.0,,2026-07-24T11:48:54.273691+08:00
2412,2022-04-08,-33302,5335885,160000,5462583,247.0,6.0,-46.0,5.0,,2026-07-24T11:48:54.273691+08:00
2412,2022-04-11,-44523,6360463,183000,6498940,280.0,9.0,33.0,3.0,,2026-07-24T11:48:54.273691+08:00
2412,2022-04-12,130002,678214,24000,832216,327.0,9.0,47.0,0.0,,2026-07-24T11:48:54.273691+08:00
2412,2022-04-13,213385,993703,23000,1230088,333.0,9.0,6.0,0.0,,2026-07-24T11:48:54.273691+08:00
2412,2022-04-14,-24367,766451,39000,781084,307.0,14.0,-26.0,5.0,,2026-07-24T11:48:54.273691+08:00
2412,2022-04-15,-2749,-681990,486000,-198739,349.0,14.0,42.0,0.0,,2026-07-24T11:48:54.273691+08:00
2412,2022-04-18,74881,2078000,420000,2572881,362.0,9.0,13.0,-5.0,,2026-07-24T11:48:54.273691+08:00
2412,2022-04-19,109892,1604600,113000,1827492,387.0,15.0,25.0,6.0,,2026-07-24T11:48:54.273691+08:00
2412,2022-04-20,35425,2277098,729000,3041523,357.0,42.0,-30.0,27.0,,2026-07-24T11:48:54.273691+08:00
2412,2022-04-21,4500,233941,42000,280441,367.0,42.0,10.0,0.0,,2026-07-24T11:48:54.273691+08:00
2412,2022-04-22,-118270,1271498,440000,1593228,364.0,42.0,-3.0,0.0,,2026-07-24T11:48:54.273691+08:00
2412,2022-04-25,-126659,-2014539,720000,-1421198,1280.0,42.0,916.0,0.0,,2026-07-24T11:48:54.273691+08:00
2412,2022-04-26,-103000,2410857,179000,2486857,506.0,51.0,-774.0,9.0,,2026-07-24T11:48:54.273691+08:00
2412,2022-04-27,-291030,217581,1022000,948551,818.0,57.0,312.0,6.0,,2026-07-24T11:48:54.273691+08:00
2412,2022-04-28,31500,4621954,42000,4695454,892.0,22.0,74.0,-35.0,,2026-07-24T11:48:54.273691+08:00
2412,2022-04-29,-13801,4881137,318000,5185336,881.0,16.0,-11.0,-6.0,,2026-07-24T11:48:54.273691+08:00
2412,2022-05-03,-532980,6044010,-18000,5493030,3066.0,28.0,2185.0,12.0,,2026-07-24T11:48:54.273691+08:00
2412,2022-05-04,-61093,2149889,105000,2193796,3555.0,25.0,489.0,-3.0,,2026-07-24T11:48:54.273691+08:00
2412,2022-05-05,-2878,1426966,-9849,1414239,3494.0,22.0,-61.0,-3.0,,2026-07-24T11:48:54.273691+08:00
2412,2022-05-06,-34000,-800619,245000,-589619,2829.0,29.0,-665.0,7.0,,2026-07-24T11:48:54.273691+08:00
2412,2022-05-09,-99890,940436,439000,1279546,5077.0,13.0,2248.0,-16.0,,2026-07-24T11:48:54.273691+08:00
2412,2022-05-10,58510,3977804,461000,4497314,5494.0,35.0,417.0,22.0,,2026-07-24T11:48:54.273691+08:00
2412,2022-05-11,-33000,1511528,490000,1968528,5498.0,37.0,4.0,2.0,,2026-07-24T11:48:54.273691+08:00
2412,2022-05-12,1805,569618,243000,814423,5401.0,43.0,-97.0,6.0,,2026-07-24T11:48:54.273691+08:00
2412,2022-05-13,422000,1108336,277000,1807336,5398.0,43.0,-3.0,0.0,,2026-07-24T11:48:54.273691+08:00
2412,2022-05-16,269000,366809,-31000,604809,5386.0,42.0,-12.0,-1.0,,2026-07-24T11:48:54.273691+08:00
2412,2022-05-17,288763,-230322,101000,159441,3982.0,41.0,-1404.0,-1.0,,2026-07-24T11:48:54.273691+08:00
2412,2022-05-18,3994,2338624,494000,2836618,2165.0,44.0,-1817.0,3.0,,2026-07-24T11:48:54.273691+08:00
2412,2022-05-19,-35000,-15223,478292,428069,2180.0,40.0,15.0,-4.0,,2026-07-24T11:48:54.273691+08:00
2412,2022-05-20,128,3087049,-30000,3057177,2175.0,27.0,-5.0,-13.0,,2026-07-24T11:48:54.273691+08:00
2412,2022-05-23,140270,640555,60000,840825,1230.0,208.0,-945.0,181.0,,2026-07-24T11:48:54.273691+08:00
2412,2022-05-24,0,-217729,51000,-166729,1227.0,208.0,-3.0,0.0,,2026-07-24T11:48:54.273691+08:00
2412,2022-05-25,509000,676668,-342000,843668,730.0,27.0,-497.0,-181.0,,2026-07-24T11:48:54.273691+08:00
2412,2022-05-26,73396,3000596,1045000,4118992,658.0,30.0,-72.0,3.0,,2026-07-24T11:48:54.273691+08:00
2412,2022-05-27,245998,1864875,-277000,1833873,1365.0,26.0,707.0,-4.0,,2026-07-24T11:48:54.273691+08:00
2412,2022-05-30,271696,956768,-779000,449464,691.0,23.0,-674.0,-3.0,,2026-07-24T11:48:54.273691+08:00
2412,2022-05-31,-293474,-389299,-1097000,-1779773,678.0,22.0,-13.0,-1.0,,2026-07-24T11:48:54.273691+08:00
2412,2022-06-01,260691,-408742,2000,-146051,1506.0,21.0,828.0,-1.0,,2026-07-24T11:48:54.273691+08:00
2412,2022-06-02,85857,606039,-302000,389896,1501.0,21.0,-5.0,0.0,,2026-07-24T11:48:54.273691+08:00
2412,2022-06-06,-3415,2680712,-722000,1955297,695.0,24.0,-806.0,3.0,,2026-07-24T11:48:54.273691+08:00
2412,2022-06-07,-43000,-971155,-20000,-1034155,700.0,24.0,5.0,0.0,,2026-07-24T11:48:54.273691+08:00
2412,2022-06-08,219000,2090052,15000,2324052,682.0,24.0,-18.0,0.0,,2026-07-24T11:48:54.273691+08:00
2412,2022-06-09,1000,-1353896,-615000,-1967896,1227.0,24.0,545.0,0.0,,2026-07-24T11:48:54.273691+08:00
2412,2022-06-10,255755,-2363064,0,-2107309,1617.0,21.0,390.0,-3.0,,2026-07-24T11:48:54.273691+08:00
2412,2022-06-13,272428,-2301744,201000,-1828316,1295.0,23.0,-322.0,2.0,,2026-07-24T11:48:54.273691+08:00
2412,2022-06-14,132000,-942410,131000,-679410,1314.0,23.0,19.0,0.0,,2026-07-24T11:48:54.273691+08:00
2412,2022-06-15,95028,1183011,-34952,1243087,973.0,21.0,-341.0,-2.0,,2026-07-24T11:48:54.273691+08:00
2412,2022-06-16,198000,47127,132000,377127,1069.0,25.0,96.0,4.0,,2026-07-24T11:48:54.273691+08:00
2412,2022-06-17,219000,3243132,429000,3891132,926.0,22.0,-143.0,-3.0,,2026-07-24T11:48:54.273691+08:00
2412,2022-06-20,267708,1373000,524000,2164708,1204.0,24.0,278.0,2.0,,2026-07-24T11:48:54.273691+08:00
2412,2022-06-21,752235,1865194,2305000,4922429,1139.0,7.0,-65.0,-17.0,,2026-07-24T11:48:54.273691+08:00
2412,2022-06-22,323977,479769,2019000,2822746,1346.0,2.0,207.0,-5.0,,2026-07-24T11:48:54.273691+08:00
2412,2022-06-23,809537,4374500,3860000,9044037,1256.0,31.0,-90.0,29.0,,2026-07-24T11:48:54.273691+08:00
2412,2022-06-24,1928532,59096,2000000,3987628,1037.0,0.0,-219.0,-31.0,,2026-07-24T11:48:54.273691+08:00
2412,2022-06-27,52778,-1142352,741000,-348574,940.0,0.0,-97.0,0.0,,2026-07-24T11:48:54.273691+08:00
2412,2022-06-28,27100,-798341,859000,87759,883.0,0.0,-57.0,0.0,,2026-07-24T11:48:54.273691+08:00
2412,2022-06-29,5348630,1841752,4081000,11271382,830.0,0.0,-53.0,0.0,,2026-07-24T11:48:54.273691+08:00
2412,2022-06-30,-7645907,3238158,1090000,-3317749,1123.0,13.0,293.0,13.0,,2026-07-24T11:48:54.273691+08:00
2412,2022-07-01,-557429,4119862,4612000,8174433,1479.0,55.0,356.0,42.0,,2026-07-24T11:48:54.273691+08:00
2412,2022-07-04,-275000,1799688,5367000,6891688,1369.0,98.0,-110.0,43.0,,2026-07-24T11:48:54.273691+08:00
2412,2022-07-05,217504,2137010,3434000,5788514,1265.0,116.0,-104.0,18.0,,2026-07-24T11:48:54.273691+08:00
2412,2022-07-06,-130888,4271287,2459000,6599399,1294.0,134.0,29.0,18.0,,2026-07-24T11:48:54.273691+08:00
2412,2022-07-07,-1610037,7160208,3577000,9127171,1343.0,146.0,49.0,12.0,,2026-07-24T11:48:54.273691+08:00
2412,2022-07-08,32034,1360499,-1263000,129533,1334.0,111.0,-9.0,-35.0,,2026-07-24T11:48:54.273691+08:00
2412,2022-07-11,-68659,2006399,-1992000,-54260,1287.0,116.0,-47.0,5.0,,2026-07-24T11:48:54.273691+08:00
2412,2022-07-12,-38237,2477316,343000,2782079,1474.0,122.0,187.0,6.0,,2026-07-24T11:48:54.273691+08:00
2412,2022-07-13,288426,11524700,-193000,11620126,1346.0,117.0,-128.0,-5.0,,2026-07-24T11:48:54.273691+08:00
2412,2022-07-14,74518,1973884,735000,2783402,1405.0,102.0,59.0,-15.0,,2026-07-24T11:48:54.273691+08:00
2412,2022-07-15,-70998,3419488,-1175909,2172581,1383.0,85.0,-22.0,-17.0,,2026-07-24T11:48:54.273691+08:00
2412,2022-07-18,-97859,7343718,-2016000,5229859,1419.0,66.0,36.0,-19.0,,2026-07-24T11:48:54.273691+08:00
2412,2022-07-19,-186720,175590,-1421000,-1432130,1942.0,44.0,523.0,-22.0,,2026-07-24T11:48:54.273691+08:00
2412,2022-07-20,91024,-1971804,-3770000,-5650780,1925.0,45.0,-17.0,1.0,,2026-07-24T11:48:54.273691+08:00
2412,2022-07-21,14224,194435,-808000,-599341,1929.0,44.0,4.0,-1.0,,2026-07-24T11:48:54.273691+08:00
2412,2022-07-22,-50000,-1370585,-890000,-2310585,1927.0,44.0,-2.0,0.0,,2026-07-24T11:48:54.273691+08:00
2412,2022-07-25,3047,-131190,178033,49890,1437.0,47.0,-490.0,3.0,,2026-07-24T11:48:54.273691+08:00
2412,2022-07-26,5036,-588750,238000,-345714,1418.0,48.0,-19.0,1.0,,2026-07-24T11:48:54.273691+08:00
2412,2022-07-27,27000,2641680,109000,2777680,1327.0,56.0,-91.0,8.0,,2026-07-24T11:48:54.273691+08:00
2412,2022-07-28,-27311,190472,86044,249205,1377.0,54.0,50.0,-2.0,,2026-07-24T11:48:54.273691+08:00
2412,2022-07-29,1931,-37103,109000,73828,1372.0,52.0,-5.0,-2.0,,2026-07-24T11:48:54.273691+08:00
2412,2022-08-01,-14000,1397608,447000,1830608,1337.0,61.0,-35.0,9.0,,2026-07-24T11:48:54.273691+08:00
2412,2022-08-02,-43000,6266178,234000,6457178,1326.0,62.0,-11.0,1.0,,2026-07-24T11:48:54.273691+08:00
2412,2022-08-03,-57039,-1210578,311000,-956617,1357.0,53.0,31.0,-9.0,,2026-07-24T11:48:54.273691+08:00
2412,2022-08-04,-159512,-781870,139000,-802382,1376.0,49.0,19.0,-4.0,,2026-07-24T11:48:54.273691+08:00
2412,2022-08-05,56398,1698400,200000,1954798,1298.0,49.0,-78.0,0.0,,2026-07-24T11:48:54.273691+08:00
2412,2022-08-08,2205,1362558,-14000,1350763,1273.0,49.0,-25.0,0.0,,2026-07-24T11:48:54.273691+08:00
2412,2022-08-09,27663,15603,366365,409631,1261.0,46.0,-12.0,-3.0,,2026-07-24T11:48:54.273691+08:00
2412,2022-08-10,-213682,684284,367000,837602,1237.0,48.0,-24.0,2.0,,2026-07-24T11:48:54.273691+08:00
2412,2022-08-11,-645320,5378587,-193000,4540267,1042.0,53.0,-195.0,5.0,,2026-07-24T11:48:54.273691+08:00
2412,2022-08-12,37000,1142000,256000,1435000,1034.0,54.0,-8.0,1.0,,2026-07-24T11:48:54.273691+08:00
2412,2022-08-15,14000,-712368,279000,-419368,2038.0,57.0,1004.0,3.0,,2026-07-24T11:48:54.273691+08:00
2412,2022-08-16,9088,817359,-570000,256447,2050.0,51.0,12.0,-6.0,,2026-07-24T11:48:54.273691+08:00
2412,2022-08-17,80256,1282493,8000,1370749,2281.0,49.0,231.0,-2.0,,2026-07-24T11:48:54.273691+08:00
2412,2022-08-18,-240445,-575666,-2488000,-3304111,2311.0,41.0,30.0,-8.0,,2026-07-24T11:48:54.273691+08:00
2412,2022-08-19,-332384,890937,-2080000,-1521447,2732.0,39.0,421.0,-2.0,,2026-07-24T11:48:54.273691+08:00
2412,2022-08-22,-268391,1553024,211000,1495633,1905.0,37.0,-827.0,-2.0,,2026-07-24T11:48:54.273691+08:00
2412,2022-08-23,-82582,156181,251000,324599,1067.0,37.0,-838.0,0.0,,2026-07-24T11:48:54.273691+08:00
2412,2022-08-24,-533842,570941,822000,859099,1080.0,37.0,13.0,0.0,,2026-07-24T11:48:54.273691+08:00
2412,2022-08-25,-161637,353695,312000,504058,1076.0,51.0,-4.0,14.0,,2026-07-24T11:48:54.273691+08:00
2412,2022-08-26,-232536,-524348,916000,159116,1077.0,48.0,1.0,-3.0,,2026-07-24T11:48:54.273691+08:00
2412,2022-08-29,-693020,-434147,1819000,691833,1066.0,53.0,-11.0,5.0,,2026-07-24T11:48:54.273691+08:00
2412,2022-08-30,-276311,-1077650,1919000,565039,1060.0,42.0,-6.0,-11.0,,2026-07-24T11:48:54.273691+08:00
2412,2022-08-31,167882,-4119242,-13000,-3964360,1100.0,41.0,40.0,-1.0,,2026-07-24T11:48:54.273691+08:00
2412,2022-09-01,-1217084,-999495,-870000,-3086579,1095.0,38.0,-5.0,-3.0,,2026-07-24T11:48:54.273691+08:00
2412,2022-09-02,-71000,-346132,562000,144868,1110.0,38.0,15.0,0.0,,2026-07-24T11:48:54.273691+08:00
2412,2022-09-05,-18453,880074,204000,1065621,1097.0,40.0,-13.0,2.0,,2026-07-24T11:48:54.273691+08:00
2412,2022-09-06,26001,-833323,814000,6678,1109.0,42.0,12.0,2.0,,2026-07-24T11:48:54.273691+08:00
2412,2022-09-07,-731329,-1822814,360000,-2194143,1178.0,44.0,69.0,2.0,,2026-07-24T11:48:54.273691+08:00
2412,2022-09-08,-40492,-433340,132000,-341832,1172.0,43.0,-6.0,-1.0,,2026-07-24T11:48:54.273691+08:00
2412,2022-09-12,128612,1381334,-66000,1443946,1165.0,42.0,-7.0,-1.0,,2026-07-24T11:48:54.273691+08:00
2412,2022-09-13,79000,897396,-147000,829396,1170.0,39.0,5.0,-3.0,,2026-07-24T11:48:54.273691+08:00
2412,2022-09-14,-178162,-2995942,195087,-2979017,1213.0,38.0,43.0,-1.0,,2026-07-24T11:48:54.273691+08:00
2412,2022-09-15,-286129,-716118,-52000,-1054247,1239.0,38.0,26.0,0.0,,2026-07-24T11:48:54.273691+08:00
2412,2022-09-16,-330994,-5848326,915147,-5264173,1270.0,35.0,31.0,-3.0,,2026-07-24T11:48:54.273691+08:00
2412,2022-09-19,13000,-1473612,177000,-1283612,1302.0,40.0,32.0,5.0,,2026-07-24T11:48:54.273691+08:00
2412,2022-09-20,55251,-2106770,88000,-1963519,1308.0,40.0,6.0,0.0,,2026-07-24T11:48:54.273691+08:00
2412,2022-09-21,-242178,-1134116,-677000,-2053294,1310.0,39.0,2.0,-1.0,,2026-07-24T11:48:54.273691+08:00
2412,2022-09-22,-203574,-3458002,-168000,-3829576,1345.0,44.0,35.0,5.0,,2026-07-24T11:48:54.273691+08:00
2412,2022-09-23,-31987,416577,-2614000,-2229410,1389.0,43.0,44.0,-1.0,,2026-07-24T11:48:54.273691+08:00
2412,2022-09-26,-794,491098,867000,1357304,1477.0,78.0,88.0,35.0,,2026-07-24T11:48:54.273691+08:00
2412,2022-09-27,-5000,-1283986,376000,-912986,1451.0,84.0,-26.0,6.0,,2026-07-24T11:48:54.273691+08:00
2412,2022-09-28,-3000,2463930,312000,2772930,1741.0,105.0,290.0,21.0,,2026-07-24T11:48:54.273691+08:00
2412,2022-09-29,182305,1950514,1301000,3433819,2041.0,141.0,300.0,36.0,,2026-07-24T11:48:54.273691+08:00
2412,2022-09-30,116688,386438,255000,758126,1823.0,140.0,-218.0,-1.0,,2026-07-24T11:48:54.273691+08:00
2412,2022-10-03,-10488,-1587145,-2843000,-4440633,1882.0,123.0,59.0,-17.0,,2026-07-24T11:48:54.273691+08:00
2412,2022-10-04,167920,3497944,-2544000,1121864,1842.0,121.0,-40.0,-2.0,,2026-07-24T11:48:54.273691+08:00
2412,2022-10-05,61185,-935341,-2248000,-3122156,1858.0,82.0,16.0,-39.0,,2026-07-24T11:48:54.273691+08:00
2412,2022-10-06,28000,-34140,-2486746,-2492886,2017.0,79.0,159.0,-3.0,,2026-07-24T11:48:54.273691+08:00
2412,2022-10-07,-655,499054,-401746,96653,1877.0,74.0,-140.0,-5.0,,2026-07-24T11:48:54.273691+08:00
2412,2022-10-11,53578,-2728732,-525722,-3200876,2024.0,89.0,147.0,15.0,,2026-07-24T11:48:54.273691+08:00
2412,2022-10-12,93212,1309197,192000,1594409,2048.0,107.0,24.0,18.0,,2026-07-24T11:48:54.273691+08:00
2412,2022-10-13,-62566,-1374406,1044000,-392972,2289.0,130.0,241.0,23.0,,2026-07-24T11:48:54.273691+08:00
2412,2022-10-14,259000,-1856034,146000,-1451034,2266.0,140.0,-23.0,10.0,,2026-07-24T11:48:54.273691+08:00
2412,2022-10-17,184910,1000856,296254,1482020,2093.0,136.0,-173.0,-4.0,,2026-07-24T11:48:54.273691+08:00
2412,2022-10-18,546253,159806,171000,877059,2081.0,121.0,-12.0,-15.0,,2026-07-24T11:48:54.273691+08:00
2412,2022-10-19,240000,-4208015,-609000,-4577015,2742.0,117.0,661.0,-4.0,,2026-07-24T11:48:54.273691+08:00
2412,2022-10-20,-62244,1987877,-214000,1711633,3167.0,115.0,425.0,-2.0,,2026-07-24T11:48:54.273691+08:00
2412,2022-10-21,50000,2475610,26000,2551610,1993.0,118.0,-1174.0,3.0,,2026-07-24T11:48:54.273691+08:00
2412,2022-10-24,715000,1149820,-213750,1651070,2165.0,110.0,172.0,-8.0,,2026-07-24T11:48:54.273691+08:00
2412,2022-10-25,1204040,1536241,3538000,6278281,1937.0,153.0,-228.0,43.0,,2026-07-24T11:48:54.273691+08:00
2412,2022-10-26,1041057,-3388367,136000,-2211310,2076.0,140.0,139.0,-13.0,,2026-07-24T11:48:54.273691+08:00
2412,2022-10-27,99135,1523756,-717000,905891,2033.0,138.0,-43.0,-2.0,,2026-07-24T11:48:54.273691+08:00
2412,2022-10-28,77623,-948349,132000,-738726,2023.0,136.0,-10.0,-2.0,,2026-07-24T11:48:54.273691+08:00
2412,2022-10-31,41988,70437,209220,321645,1918.0,163.0,-105.0,27.0,,2026-07-24T11:48:54.273691+08:00
2412,2022-11-01,302136,-1586320,32000,-1252184,1974.0,152.0,56.0,-11.0,,2026-07-24T11:48:54.273691+08:00
2412,2022-11-02,109000,-3171605,-207988,-3270593,2016.0,117.0,42.0,-35.0,,2026-07-24T11:48:54.273691+08:00
2412,2022-11-03,-86000,-1596924,190488,-1492436,3261.0,114.0,1245.0,-3.0,,2026-07-24T11:48:54.273691+08:00
2412,2022-11-04,1782,-3024075,140995,-2881298,2740.0,112.0,-521.0,-2.0,,2026-07-24T11:48:54.273691+08:00
2412,2022-11-07,37589,-2149578,63000,-2048989,3085.0,107.0,345.0,-5.0,,2026-07-24T11:48:54.273691+08:00
2412,2022-11-08,5000,-862936,-552000,-1409936,2629.0,99.0,-456.0,-8.0,,2026-07-24T11:48:54.273691+08:00
2412,2022-11-09,-4759,-1097524,-548000,-1650283,1989.0,96.0,-640.0,-3.0,,2026-07-24T11:48:54.273691+08:00
2412,2022-11-10,3000,-1711928,18000,-1690928,2001.0,92.0,12.0,-4.0,,2026-07-24T11:48:54.273691+08:00
2412,2022-11-11,-31000,3055122,-1130000,1894122,1843.0,90.0,-158.0,-2.0,,2026-07-24T11:48:54.273691+08:00
2412,2022-11-14,-27000,592623,-339000,226623,1846.0,88.0,3.0,-2.0,,2026-07-24T11:48:54.273691+08:00
2412,2022-11-15,-285245,-989559,-118000,-1392804,1846.0,85.0,0.0,-3.0,,2026-07-24T11:48:54.273691+08:00
2412,2022-11-16,-526000,-3101009,-2109000,-5736009,3555.0,83.0,1709.0,-2.0,,2026-07-24T11:48:54.273691+08:00
2412,2022-11-17,-28990,-2729979,-2083000,-4841969,1905.0,77.0,-1650.0,-6.0,,2026-07-24T11:48:54.273691+08:00
2412,2022-11-18,22109,-674687,14000,-638578,1852.0,89.0,-53.0,12.0,,2026-07-24T11:48:54.273691+08:00
2412,2022-11-21,-33000,1273200,-1737000,-496800,1912.0,102.0,60.0,13.0,,2026-07-24T11:48:54.273691+08:00
2412,2022-11-22,-95194,1445020,0,1349826,1908.0,89.0,-4.0,-13.0,,2026-07-24T11:48:54.273691+08:00
2412,2022-11-23,-119000,606204,1000,488204,1870.0,98.0,-38.0,9.0,,2026-07-24T11:48:54.273691+08:00
2412,2022-11-24,-26000,2292630,129000,2395630,1740.0,99.0,-130.0,1.0,,2026-07-24T11:48:54.273691+08:00
2412,2022-11-25,-262193,2278908,-56000,1960715,3639.0,98.0,1899.0,-1.0,,2026-07-24T11:48:54.273691+08:00
2412,2022-11-28,-335000,-71035,-59806,-465841,2628.0,87.0,-1011.0,-11.0,,2026-07-24T11:48:54.273691+08:00
2412,2022-11-29,-3000,1251743,-6634,1242109,1921.0,92.0,-707.0,5.0,,2026-07-24T11:48:54.273691+08:00
2412,2022-11-30,-13000,-487217,376635,-123582,1428.0,92.0,-493.0,0.0,,2026-07-24T11:48:54.273691+08:00
2412,2022-12-01,-221958,-4680422,7000,-4895380,1784.0,89.0,356.0,-3.0,,2026-07-24T11:48:54.273691+08:00
2412,2022-12-02,-463623,1495336,-821261,210452,1525.0,90.0,-259.0,1.0,,2026-07-24T11:48:54.273691+08:00
2412,2022-12-05,-133000,-471233,-40000,-644233,1471.0,90.0,-54.0,0.0,,2026-07-24T11:48:54.273691+08:00
2412,2022-12-06,-157999,-2455507,-6631,-2620137,1480.0,86.0,9.0,-4.0,,2026-07-24T11:48:54.273691+08:00
2412,2022-12-07,-113357,2006994,0,1893637,1417.0,95.0,-63.0,9.0,,2026-07-24T11:48:54.273691+08:00
2412,2022-12-08,-101000,-2923860,229000,-2795860,1955.0,82.0,538.0,-13.0,,2026-07-24T11:48:54.273691+08:00
2412,2022-12-09,-89637,2296920,67000,2274283,1430.0,126.0,-525.0,44.0,,2026-07-24T11:48:54.273691+08:00
2412,2022-12-12,-102785,1616599,106367,1620181,1425.0,126.0,-5.0,0.0,,2026-07-24T11:48:54.273691+08:00
2412,2022-12-13,-85000,-2844572,365000,-2564572,1705.0,117.0,280.0,-9.0,,2026-07-24T11:48:54.273691+08:00
2412,2022-12-14,172508,1969430,242952,2384890,1451.0,117.0,-254.0,0.0,,2026-07-24T11:48:54.273691+08:00
2412,2022-12-15,-267997,1317685,-36264,1013424,1429.0,74.0,-22.0,-43.0,,2026-07-24T11:48:54.273691+08:00
2412,2022-12-16,-537000,-7844463,309357,-8072106,1535.0,73.0,106.0,-1.0,,2026-07-24T11:48:54.273691+08:00
2412,2022-12-19,-317000,-1161916,63000,-1415916,1487.0,80.0,-48.0,7.0,,2026-07-24T11:48:54.273691+08:00
2412,2022-12-20,-326000,-1706414,1216000,-816414,1472.0,80.0,-15.0,0.0,,2026-07-24T11:48:54.273691+08:00
2412,2022-12-21,-519033,-357911,746000,-130944,1459.0,83.0,-13.0,3.0,,2026-07-24T11:48:54.273691+08:00
2412,2022-12-22,-162000,-1005616,500000,-667616,1401.0,94.0,-58.0,11.0,,2026-07-24T11:48:54.273691+08:00
2412,2022-12-23,-463170,-1479480,66000,-1876650,1372.0,93.0,-29.0,-1.0,,2026-07-24T11:48:54.273691+08:00
2412,2022-12-26,-61000,1771000,97000,1807000,1337.0,93.0,-35.0,0.0,,2026-07-24T11:48:54.273691+08:00
2412,2022-12-27,6000,-636,103637,109001,1339.0,94.0,2.0,1.0,,2026-07-24T11:48:54.273691+08:00
2412,2022-12-28,-468449,638544,608000,778095,1292.0,328.0,-47.0,234.0,,2026-07-24T11:48:54.273691+08:00
2412,2022-12-29,-53880,-1685687,386000,-1353567,1308.0,127.0,16.0,-201.0,,2026-07-24T11:48:54.273691+08:00
2412,2022-12-30,-37000,-737346,61000,-713346,1279.0,123.0,-29.0,-4.0,,2026-07-24T11:48:54.273691+08:00
2412,2023-01-03,-120987,-429257,450000,-100244,1278.0,90.0,-1.0,-33.0,,2026-07-24T11:48:54.273691+08:00
2412,2023-01-04,50000,2248314,131000,2429314,1241.0,91.0,-37.0,1.0,,2026-07-24T11:48:54.273691+08:00
2412,2023-01-05,-38002,1644222,255000,1861220,1224.0,92.0,-17.0,1.0,,2026-07-24T11:48:54.273691+08:00
2412,2023-01-06,-110000,876620,54000,820620,1209.0,96.0,-15.0,4.0,,2026-07-24T11:48:54.273691+08:00
2412,2023-01-09,66000,4482880,70500,4619380,1184.0,96.0,-25.0,0.0,,2026-07-24T11:48:54.273691+08:00
2412,2023-01-10,-7434,3144257,-238000,2898823,1183.0,95.0,-1.0,-1.0,,2026-07-24T11:48:54.273691+08:00
2412,2023-01-11,256000,-1076946,20000,-800946,1248.0,86.0,65.0,-9.0,,2026-07-24T11:48:54.273691+08:00
2412,2023-01-12,16000,-2462804,82000,-2364804,1222.0,87.0,-26.0,1.0,,2026-07-24T11:48:54.273691+08:00
2412,2023-01-13,15000,1117137,4000,1136137,1272.0,87.0,50.0,0.0,,2026-07-24T11:48:54.273691+08:00
2412,2023-01-16,83160,-505414,-51000,-473254,1159.0,94.0,-113.0,7.0,,2026-07-24T11:48:54.273691+08:00
2412,2023-01-17,20811,-2569207,-748643,-3297039,1164.0,93.0,5.0,-1.0,,2026-07-24T11:48:54.273691+08:00
2412,2023-01-30,135959,-2027250,-365436,-2256727,1108.0,86.0,-56.0,-7.0,,2026-07-24T11:48:54.273691+08:00
2412,2023-01-31,33973,-7998139,8000,-7956166,1223.0,68.0,115.0,-18.0,,2026-07-24T11:48:54.273691+08:00
2412,2023-02-01,-97720,-6499934,-2465000,-9062654,1269.0,62.0,46.0,-6.0,,2026-07-24T11:48:54.273691+08:00
2412,2023-02-02,-5714,-4349779,-297000,-4652493,1324.0,62.0,55.0,0.0,,2026-07-24T11:48:54.273691+08:00
2412,2023-02-03,-53000,-423948,-62000,-538948,1259.0,64.0,-65.0,2.0,,2026-07-24T11:48:54.273691+08:00
2412,2023-02-06,-26817,-2551917,361000,-2217734,1258.0,66.0,-1.0,2.0,,2026-07-24T11:48:54.273691+08:00
2412,2023-02-07,-2000,-4544438,248000,-4298438,1265.0,66.0,7.0,0.0,,2026-07-24T11:48:54.273691+08:00
2412,2023-02-08,-15000,-7375318,43000,-7347318,1266.0,65.0,1.0,-1.0,,2026-07-24T11:48:54.273691+08:00
2412,2023-02-09,-26852,-5617463,-339000,-5983315,1260.0,65.0,-6.0,0.0,,2026-07-24T11:48:54.273691+08:00
2412,2023-02-10,-162000,-2517895,186000,-2493895,1238.0,66.0,-22.0,1.0,,2026-07-24T11:48:54.273691+08:00
2412,2023-02-13,-229000,-1325971,587359,-967612,1212.0,70.0,-26.0,4.0,,2026-07-24T11:48:54.273691+08:00
2412,2023-02-14,-11000,1518531,-5000,1502531,1768.0,60.0,556.0,-10.0,,2026-07-24T11:48:54.273691+08:00
2412,2023-02-15,5217,-2514640,20000,-2489423,1780.0,59.0,12.0,-1.0,,2026-07-24T11:48:54.273691+08:00
2412,2023-02-16,1000,-894345,248000,-645345,1635.0,62.0,-145.0,3.0,,2026-07-24T11:48:54.273691+08:00
2412,2023-02-17,19310,-2063747,269000,-1775437,1202.0,58.0,-433.0,-4.0,,2026-07-24T11:48:54.273691+08:00
2412,2023-02-20,-120000,896349,76000,852349,1116.0,61.0,-86.0,3.0,,2026-07-24T11:48:54.273691+08:00
2412,2023-02-21,-125000,-639688,10000,-754688,1124.0,61.0,8.0,0.0,,2026-07-24T11:48:54.273691+08:00
2412,2023-02-22,-98650,1077541,167000,1145891,1133.0,63.0,9.0,2.0,,2026-07-24T11:48:54.273691+08:00
2412,2023-02-23,-20718,-150741,-48000,-219459,1099.0,64.0,-34.0,1.0,,2026-07-24T11:48:54.273691+08:00
2412,2023-02-24,4000,-989358,4000,-981358,1168.0,64.0,69.0,0.0,,2026-07-24T11:48:54.273691+08:00
2412,2023-03-01,-354192,-5848513,269000,-5933705,1151.0,58.0,-17.0,-6.0,,2026-07-24T11:48:54.273691+08:00
2412,2023-03-02,-141000,-638240,309000,-470240,1121.0,60.0,-30.0,2.0,,2026-07-24T11:48:54.273691+08:00
2412,2023-03-03,-18000,-115284,320000,186716,1133.0,65.0,12.0,5.0,,2026-07-24T11:48:54.273691+08:00
2412,2023-03-06,750000,-1084601,254360,-80241,1075.0,59.0,-58.0,-6.0,,2026-07-24T11:48:54.273691+08:00
2412,2023-03-07,60556,-2061718,1786360,-214802,1055.0,67.0,-20.0,8.0,,2026-07-24T11:48:54.273691+08:00
2412,2023-03-08,278000,-3091572,1566000,-1247572,1049.0,70.0,-6.0,3.0,,2026-07-24T11:48:54.273691+08:00
2412,2023-03-09,92000,-3883854,1465361,-2326493,1041.0,66.0,-8.0,-4.0,,2026-07-24T11:48:54.273691+08:00
2412,2023-03-10,130053,-2279392,413000,-1736339,1049.0,59.0,8.0,-7.0,,2026-07-24T11:48:54.273691+08:00
2412,2023-03-13,-92955,-908533,1996000,994512,1052.0,71.0,3.0,12.0,,2026-07-24T11:48:54.273691+08:00
2412,2023-03-14,-101000,-4123968,1426000,-2798968,1057.0,72.0,5.0,1.0,,2026-07-24T11:48:54.273691+08:00
2412,2023-03-15,-265000,-294182,1833000,1273818,1052.0,72.0,-5.0,0.0,,2026-07-24T11:48:54.273691+08:00
2412,2023-03-16,-110000,1371444,520000,1781444,1057.0,74.0,5.0,2.0,,2026-07-24T11:48:54.273691+08:00
2412,2023-03-17,-36248,-1582778,-328133,-1947159,1017.0,48.0,-40.0,-26.0,,2026-07-24T11:48:54.273691+08:00
2412,2023-03-20,65418,1591000,298000,1954418,949.0,0.0,-68.0,-48.0,,2026-07-24T11:48:54.273691+08:00
2412,2023-03-21,-7000,-451394,33000,-425394,901.0,0.0,-48.0,0.0,,2026-07-24T11:48:54.273691+08:00
2412,2023-03-22,-43820,913280,-17167,852293,894.0,0.0,-7.0,0.0,,2026-07-24T11:48:54.273691+08:00
2412,2023-03-23,5000,236570,174369,415939,892.0,0.0,-2.0,0.0,,2026-07-24T11:48:54.273691+08:00
2412,2023-03-24,-4000,277009,583082,856091,864.0,6.0,-28.0,6.0,,2026-07-24T11:48:54.273691+08:00
2412,2023-03-27,-500,2180929,-20000,2160429,848.0,9.0,-16.0,3.0,,2026-07-24T11:48:54.273691+08:00
2412,2023-03-28,29266,95099,-11106,113259,846.0,14.0,-2.0,5.0,,2026-07-24T11:48:54.273691+08:00
2412,2023-03-29,22000,1372609,210718,1605327,845.0,24.0,-1.0,10.0,,2026-07-24T11:48:54.273691+08:00
2412,2023-03-30,-28000,155981,9349,137330,851.0,25.0,6.0,1.0,,2026-07-24T11:48:54.273691+08:00
2412,2023-03-31,50954,187638,12000,250592,846.0,40.0,-5.0,15.0,,2026-07-24T11:48:54.273691+08:00
2412,2023-04-06,26000,1578542,70000,1674542,846.0,55.0,0.0,15.0,,2026-07-24T11:48:54.273691+08:00
2412,2023-04-07,329000,728000,79000,1136000,832.0,61.0,-14.0,6.0,,2026-07-24T11:48:54.273691+08:00
2412,2023-04-10,-10000,1497000,-5927,1481073,804.0,65.0,-28.0,4.0,,2026-07-24T11:48:54.273691+08:00
2412,2023-04-11,173495,-25170,19000,167325,811.0,66.0,7.0,1.0,,2026-07-24T11:48:54.273691+08:00
2412,2023-04-12,112503,-3411085,-165000,-3463582,856.0,66.0,45.0,0.0,,2026-07-24T11:48:54.273691+08:00
2412,2023-04-13,-14000,1522723,21000,1529723,788.0,95.0,-68.0,29.0,,2026-07-24T11:48:54.273691+08:00
2412,2023-04-14,73309,451951,5000,530260,779.0,75.0,-9.0,-20.0,,2026-07-24T11:48:54.273691+08:00
2412,2023-04-17,77415,1282571,-1518000,-158014,742.0,77.0,-37.0,2.0,,2026-07-24T11:48:54.273691+08:00
2412,2023-04-18,29201,315154,-3000,341355,727.0,82.0,-15.0,5.0,,2026-07-24T11:48:54.273691+08:00
2412,2023-04-19,449000,-2289955,180757,-1660198,794.0,72.0,67.0,-10.0,,2026-07-24T11:48:54.273691+08:00
2412,2023-04-20,-109884,2025705,211193,2127014,758.0,80.0,-36.0,8.0,,2026-07-24T11:48:54.273691+08:00
2412,2023-04-21,-5000,830852,2706914,3532766,734.0,85.0,-24.0,5.0,,2026-07-24T11:48:54.273691+08:00
2412,2023-04-24,-14000,-1675871,2523000,833129,729.0,85.0,-5.0,0.0,,2026-07-24T11:48:54.273691+08:00
2412,2023-04-25,253997,-331137,2517000,2439860,703.0,89.0,-26.0,4.0,,2026-07-24T11:48:54.273691+08:00
2412,2023-04-26,823496,-367249,2673000,3129247,822.0,84.0,119.0,-5.0,,2026-07-24T11:48:54.273691+08:00
2412,2023-04-27,74000,-3912684,2379000,-1459684,885.0,84.0,63.0,0.0,,2026-07-24T11:48:54.273691+08:00
2412,2023-04-28,6000,1034742,478000,1518742,757.0,90.0,-128.0,6.0,,2026-07-24T11:48:54.273691+08:00
2412,2023-05-02,216000,-1366391,192000,-958391,786.0,88.0,29.0,-2.0,,2026-07-24T11:48:54.273691+08:00
2412,2023-05-03,150000,362828,272111,784939,789.0,88.0,3.0,0.0,,2026-07-24T11:48:54.273691+08:00
2412,2023-05-04,6992,2583775,359382,2950149,731.0,99.0,-58.0,11.0,,2026-07-24T11:48:54.273691+08:00
2412,2023-05-05,429404,1040150,178791,1648345,730.0,99.0,-1.0,0.0,,2026-07-24T11:48:54.273691+08:00
2412,2023-05-08,36000,812097,272095,1120192,727.0,91.0,-3.0,-8.0,,2026-07-24T11:48:54.273691+08:00
2412,2023-05-09,57381,894939,43856,996176,721.0,91.0,-6.0,0.0,,2026-07-24T11:48:54.273691+08:00
2412,2023-05-10,45759,-641500,211375,-384366,752.0,90.0,31.0,-1.0,,2026-07-24T11:48:54.273691+08:00
2412,2023-05-11,25000,-347242,222682,-99560,796.0,91.0,44.0,1.0,,2026-07-24T11:48:54.273691+08:00
2412,2023-05-12,50999,-2326255,312248,-1963008,788.0,93.0,-8.0,2.0,,2026-07-24T11:48:54.273691+08:00
2412,2023-05-15,206828,50263,468072,725163,780.0,148.0,-8.0,55.0,,2026-07-24T11:48:54.273691+08:00
2412,2023-05-16,1308000,-1167198,-5144,135658,772.0,150.0,-8.0,2.0,,2026-07-24T11:48:54.273691+08:00
2412,2023-05-17,3232622,1842546,74188,5149356,713.0,151.0,-59.0,1.0,,2026-07-24T11:48:54.273691+08:00
2412,2023-05-18,970991,-86467,76687,961211,722.0,150.0,9.0,-1.0,,2026-07-24T11:48:54.273691+08:00
2412,2023-05-19,270000,1432022,31176,1733198,580.0,146.0,-142.0,-4.0,,2026-07-24T11:48:54.273691+08:00
2412,2023-05-22,195813,-3836618,-2049426,-5690231,651.0,138.0,71.0,-8.0,,2026-07-24T11:48:54.273691+08:00
2412,2023-05-23,248000,1094441,-2348000,-1005559,633.0,138.0,-18.0,0.0,,2026-07-24T11:48:54.273691+08:00
2412,2023-05-24,809000,-388619,-2698639,-2278258,643.0,137.0,10.0,-1.0,,2026-07-24T11:48:54.273691+08:00
2412,2023-05-25,267223,5523214,-3896000,1894437,571.0,179.0,-72.0,42.0,,2026-07-24T11:48:54.273691+08:00
2412,2023-05-26,222000,1732110,-4189000,-2234890,577.0,158.0,6.0,-21.0,,2026-07-24T11:48:54.273691+08:00
2412,2023-05-29,368524,-725000,-4420786,-4777262,658.0,155.0,81.0,-3.0,,2026-07-24T11:48:54.273691+08:00
2412,2023-05-30,667001,-2937500,-4970785,-7241284,687.0,155.0,29.0,0.0,,2026-07-24T11:48:54.273691+08:00
2412,2023-05-31,1042500,4719087,-5970263,-208676,666.0,155.0,-21.0,0.0,,2026-07-24T11:48:54.273691+08:00
2412,2023-06-01,363000,2076125,-4468785,-2029660,683.0,154.0,17.0,-1.0,,2026-07-24T11:48:54.273691+08:00
2412,2023-06-02,93000,4995189,-4591786,496403,804.0,153.0,121.0,-1.0,,2026-07-24T11:48:54.273691+08:00
2412,2023-06-05,75000,732708,-122121,685587,828.0,76.0,24.0,-77.0,,2026-07-24T11:48:54.273691+08:00
2412,2023-06-06,49166,1196874,-27847,1218193,767.0,75.0,-61.0,-1.0,,2026-07-24T11:48:54.273691+08:00
2412,2023-06-07,155874,-658789,-28403,-531318,838.0,68.0,71.0,-7.0,,2026-07-24T11:48:54.273691+08:00
2412,2023-06-08,191243,-766790,-197084,-772631,840.0,69.0,2.0,1.0,,2026-07-24T11:48:54.273691+08:00
2412,2023-06-09,79000,1443109,-64938,1457171,826.0,68.0,-14.0,-1.0,,2026-07-24T11:48:54.273691+08:00
2412,2023-06-12,52000,-568320,-274000,-790320,790.0,68.0,-36.0,0.0,,2026-07-24T11:48:54.273691+08:00
2412,2023-06-13,393000,268560,-260147,401413,746.0,68.0,-44.0,0.0,,2026-07-24T11:48:54.273691+08:00
2412,2023-06-14,150882,-911921,-248572,-1009611,694.0,64.0,-52.0,-4.0,,2026-07-24T11:48:54.273691+08:00
2412,2023-06-15,396000,44435,-553155,-112720,706.0,35.0,12.0,-29.0,,2026-07-24T11:48:54.273691+08:00
2412,2023-06-16,484000,-171250,-402965,-90215,763.0,26.0,57.0,-9.0,,2026-07-24T11:48:54.273691+08:00
2412,2023-06-19,-19000,-23922,-345615,-388537,738.0,19.0,-25.0,-7.0,,2026-07-24T11:48:54.273691+08:00
2412,2023-06-20,-2000,137743,-138593,-2850,741.0,45.0,3.0,26.0,,2026-07-24T11:48:54.273691+08:00
2412,2023-06-21,-81000,513546,-92592,339954,764.0,0.0,23.0,-45.0,,2026-07-24T11:48:54.273691+08:00
2412,2023-06-26,130618,-3407753,-22000,-3299135,971.0,0.0,207.0,0.0,,2026-07-24T11:48:54.273691+08:00
2412,2023-06-27,-406379,1284901,-153414,725108,980.0,0.0,9.0,0.0,,2026-07-24T11:48:54.273691+08:00
2412,2023-06-28,-561722,1863634,-24669,1277243,1021.0,0.0,41.0,0.0,,2026-07-24T11:48:54.273691+08:00
2412,2023-06-29,-1183698,240570,-85264,-1028392,1034.0,7.0,13.0,7.0,,2026-07-24T11:48:54.273691+08:00
2412,2023-06-30,-88430,-4612574,-70989,-4771993,947.0,8.0,-87.0,1.0,,2026-07-24T11:48:54.273691+08:00
2412,2023-07-03,143687,-913719,-111942,-881974,989.0,10.0,42.0,2.0,,2026-07-24T11:48:54.273691+08:00
2412,2023-07-04,-496996,514231,-75000,-57765,951.0,15.0,-38.0,5.0,,2026-07-24T11:48:54.273691+08:00
2412,2023-07-05,-517462,-1220197,-74000,-1811659,944.0,16.0,-7.0,1.0,,2026-07-24T11:48:54.273691+08:00
2412,2023-07-06,-938449,-1322727,-876000,-3137176,937.0,16.0,-7.0,0.0,,2026-07-24T11:48:54.273691+08:00
2412,2023-07-07,-278995,-1722732,-44000,-2045727,946.0,13.0,9.0,-3.0,,2026-07-24T11:48:54.273691+08:00
2412,2023-07-10,-583948,-1147218,-31000,-1762166,965.0,12.0,19.0,-1.0,,2026-07-24T11:48:54.273691+08:00
2412,2023-07-11,-731028,429536,-29000,-330492,954.0,11.0,-11.0,-1.0,,2026-07-24T11:48:54.273691+08:00
2412,2023-07-12,-303000,-255898,172041,-386857,951.0,11.0,-3.0,0.0,,2026-07-24T11:48:54.273691+08:00
2412,2023-07-13,-506591,-543216,-102000,-1151807,953.0,11.0,2.0,0.0,,2026-07-24T11:48:54.273691+08:00
2412,2023-07-14,38663,2583236,-254950,2366949,885.0,36.0,-68.0,25.0,,2026-07-24T11:48:54.273691+08:00
2412,2023-07-17,-104224,-50915,-216193,-371332,900.0,16.0,15.0,-20.0,,2026-07-24T11:48:54.273691+08:00
2412,2023-07-18,-52088,-1662291,-2437976,-4152355,1066.0,16.0,166.0,0.0,,2026-07-24T11:48:54.273691+08:00
2412,2023-07-19,535001,167193,-2224977,-1522783,1050.0,18.0,-16.0,2.0,,2026-07-24T11:48:54.273691+08:00
2412,2023-07-20,52000,1355028,-2008000,-600972,962.0,20.0,-88.0,2.0,,2026-07-24T11:48:54.273691+08:00
2412,2023-07-21,-145084,2239351,-2031000,63267,948.0,20.0,-14.0,0.0,,2026-07-24T11:48:54.273691+08:00
2412,2023-07-24,-26790,2265448,-2133000,105658,954.0,16.0,6.0,-4.0,,2026-07-24T11:48:54.273691+08:00
2412,2023-07-25,-108000,109831,-74000,-72169,942.0,16.0,-12.0,0.0,,2026-07-24T11:48:54.273691+08:00
2412,2023-07-26,-247402,-103317,-132000,-482719,905.0,16.0,-37.0,0.0,,2026-07-24T11:48:54.273691+08:00
2412,2023-07-27,-144000,-89977,-56995,-290972,908.0,15.0,3.0,-1.0,,2026-07-24T11:48:54.273691+08:00
2412,2023-07-28,-18000,-817458,17000,-818458,864.0,11.0,-44.0,-4.0,,2026-07-24T11:48:54.273691+08:00
2412,2023-07-31,-2971,-1516628,-14996,-1534595,856.0,11.0,-8.0,0.0,,2026-07-24T11:48:54.273691+08:00
2412,2023-08-01,244,55389,48000,103633,853.0,11.0,-3.0,0.0,,2026-07-24T11:48:54.273691+08:00
2412,2023-08-02,-329990,-1251109,21000,-1560099,854.0,11.0,1.0,0.0,,2026-07-24T11:48:54.273691+08:00
2412,2023-08-04,-86489,98599,112048,124158,872.0,13.0,18.0,2.0,,2026-07-24T11:48:54.273691+08:00
2412,2023-08-07,-101999,-1903235,140000,-1865234,904.0,13.0,32.0,0.0,,2026-07-24T11:48:54.273691+08:00
2412,2023-08-08,-456135,737650,188000,469515,852.0,19.0,-52.0,6.0,,2026-07-24T11:48:54.273691+08:00
2412,2023-08-09,-200000,1803773,-32999,1570774,864.0,28.0,12.0,9.0,,2026-07-24T11:48:54.273691+08:00
2412,2023-08-10,-195000,3108373,388773,3302146,847.0,27.0,-17.0,-1.0,,2026-07-24T11:48:54.273691+08:00
2412,2023-08-11,-189000,-410930,183000,-416930,847.0,21.0,0.0,-6.0,,2026-07-24T11:48:54.273691+08:00
2412,2023-08-14,72002,-2252841,418643,-1762196,953.0,22.0,106.0,1.0,,2026-07-24T11:48:54.273691+08:00
2412,2023-08-15,1166,-1421016,123000,-1296850,934.0,13.0,-19.0,-9.0,,2026-07-24T11:48:54.273691+08:00
2412,2023-08-16,107000,-40462,370998,437536,885.0,13.0,-49.0,0.0,,2026-07-24T11:48:54.273691+08:00
2412,2023-08-17,-57000,-2636301,324175,-2369126,843.0,12.0,-42.0,-1.0,,2026-07-24T11:48:54.273691+08:00
2412,2023-08-18,-29000,2327407,109000,2407407,694.0,20.0,-149.0,8.0,,2026-07-24T11:48:54.273691+08:00
2412,2023-08-21,-57000,-1335824,52998,-1339826,769.0,17.0,75.0,-3.0,,2026-07-24T11:48:54.273691+08:00
2412,2023-08-22,47000,-391971,346227,1256,743.0,13.0,-26.0,-4.0,,2026-07-24T11:48:54.273691+08:00
2412,2023-08-23,61917,-645321,108000,-475404,778.0,13.0,35.0,0.0,,2026-07-24T11:48:54.273691+08:00
2412,2023-08-24,-89341,274366,83000,268025,689.0,13.0,-89.0,0.0,,2026-07-24T11:48:54.273691+08:00
2412,2023-08-25,-123000,-2366781,101000,-2388781,861.0,13.0,172.0,0.0,,2026-07-24T11:48:54.273691+08:00
2412,2023-08-28,-32149,174484,141139,283474,835.0,14.0,-26.0,1.0,,2026-07-24T11:48:54.273691+08:00
2412,2023-08-29,4000,210499,33000,247499,716.0,16.0,-119.0,2.0,,2026-07-24T11:48:54.273691+08:00
2412,2023-08-30,33000,401071,1319,435390,764.0,13.0,48.0,-3.0,,2026-07-24T11:48:54.273691+08:00
2412,2023-08-31,82014,-4032105,-92082,-4042173,931.0,13.0,167.0,0.0,,2026-07-24T11:48:54.273691+08:00
2412,2023-09-01,2924,-659327,-19954,-676357,877.0,14.0,-54.0,1.0,,2026-07-24T11:48:54.273691+08:00
2412,2023-09-04,-22000,1618482,15221,1611703,685.0,14.0,-192.0,0.0,,2026-07-24T11:48:54.273691+08:00
2412,2023-09-05,0,-1036875,-43281,-1080156,673.0,14.0,-12.0,0.0,,2026-07-24T11:48:54.273691+08:00
2412,2023-09-06,-300335,-1518957,1947,-1817345,744.0,14.0,71.0,0.0,,2026-07-24T11:48:54.273691+08:00
2412,2023-09-07,-254000,-819978,12000,-1061978,736.0,14.0,-8.0,0.0,,2026-07-24T11:48:54.273691+08:00
2412,2023-09-08,-73993,-571960,106000,-539953,833.0,14.0,97.0,0.0,,2026-07-24T11:48:54.273691+08:00
2412,2023-09-11,3001,-909783,45000,-861782,727.0,14.0,-106.0,0.0,,2026-07-24T11:48:54.273691+08:00
2412,2023-09-12,108001,-326206,31000,-187205,737.0,14.0,10.0,0.0,,2026-07-24T11:48:54.273691+08:00
2412,2023-09-13,-43000,-1199395,26000,-1216395,711.0,15.0,-26.0,1.0,,2026-07-24T11:48:54.273691+08:00
2412,2023-09-14,32000,968972,5000,1005972,652.0,16.0,-59.0,1.0,,2026-07-24T11:48:54.273691+08:00
2412,2023-09-15,-49547,2823542,-564531,2209464,592.0,23.0,-60.0,7.0,,2026-07-24T11:48:54.273691+08:00
2412,2023-09-18,-10999,-595106,22000,-584105,569.0,21.0,-23.0,-2.0,,2026-07-24T11:48:54.273691+08:00
2412,2023-09-19,-143000,665699,-7000,515699,595.0,19.0,26.0,-2.0,,2026-07-24T11:48:54.273691+08:00
2412,2023-09-20,-160000,1424167,-81000,1183167,585.0,28.0,-10.0,9.0,,2026-07-24T11:48:54.273691+08:00
2412,2023-09-21,-79000,-1735108,-15000,-1829108,600.0,28.0,15.0,0.0,,2026-07-24T11:48:54.273691+08:00
2412,2023-09-22,34000,387315,31000,452315,604.0,28.0,4.0,0.0,,2026-07-24T11:48:54.273691+08:00
2412,2023-09-25,55001,257271,-272012,40260,656.0,28.0,52.0,0.0,,2026-07-24T11:48:54.273691+08:00
2412,2023-09-26,41571,-1991655,-191376,-2141460,693.0,26.0,37.0,-2.0,,2026-07-24T11:48:54.273691+08:00
2412,2023-09-27,-321000,660620,66356,405976,662.0,26.0,-31.0,0.0,,2026-07-24T11:48:54.273691+08:00
2412,2023-09-28,1600,125933,26000,153533,762.0,26.0,100.0,0.0,,2026-07-24T11:48:54.273691+08:00
2412,2023-10-02,242177,713785,118518,1074480,932.0,26.0,170.0,0.0,,2026-07-24T11:48:54.273691+08:00
2412,2023-10-03,62000,-1153887,11494,-1080393,1009.0,26.0,77.0,0.0,,2026-07-24T11:48:54.273691+08:00
2412,2023-10-04,-595733,-4715715,43471,-5267977,888.0,26.0,-121.0,0.0,,2026-07-24T11:48:54.273691+08:00
2412,2023-10-05,18325,-1237577,58917,-1160335,702.0,26.0,-186.0,0.0,,2026-07-24T11:48:54.273691+08:00
2412,2023-10-06,23000,-639970,108000,-508970,710.0,26.0,8.0,0.0,,2026-07-24T11:48:54.273691+08:00
2412,2023-10-11,305000,1865214,7000,2177214,681.0,26.0,-29.0,0.0,,2026-07-24T11:48:54.273691+08:00
2412,2023-10-12,108000,-525830,9000,-408830,701.0,28.0,20.0,2.0,,2026-07-24T11:48:54.273691+08:00
2412,2023-10-13,34000,-1092716,-1000,-1059716,731.0,27.0,30.0,-1.0,,2026-07-24T11:48:54.273691+08:00
2412,2023-10-16,14000,1288939,47149,1350088,629.0,27.0,-102.0,0.0,,2026-07-24T11:48:54.273691+08:00
2412,2023-10-17,-29349,147749,63992,182392,604.0,27.0,-25.0,0.0,,2026-07-24T11:48:54.273691+08:00
2412,2023-10-18,493000,-1279375,11000,-775375,638.0,27.0,34.0,0.0,,2026-07-24T11:48:54.273691+08:00
2412,2023-10-19,-417146,-1359831,277000,-1499977,732.0,27.0,94.0,0.0,,2026-07-24T11:48:54.273691+08:00
2412,2023-10-20,-55000,-4043185,270000,-3828185,671.0,29.0,-61.0,2.0,,2026-07-24T11:48:54.273691+08:00
2412,2023-10-23,-30004,-1272844,13000,-1289848,657.0,33.0,-14.0,4.0,,2026-07-24T11:48:54.273691+08:00
2412,2023-10-24,892914,-2275412,-3562,-1386060,660.0,45.0,3.0,12.0,,2026-07-24T11:48:54.273691+08:00
2412,2023-10-25,1000000,-2273780,13000,-1260780,667.0,45.0,7.0,0.0,,2026-07-24T11:48:54.273691+08:00
2412,2023-10-26,660020,-3255763,32008,-2563735,687.0,47.0,20.0,2.0,,2026-07-24T11:48:54.273691+08:00
2412,2023-10-27,-6000,2160801,81000,2235801,634.0,49.0,-53.0,2.0,,2026-07-24T11:48:54.273691+08:00
2412,2023-10-30,135000,-1266491,149008,-982483,658.0,49.0,24.0,0.0,,2026-07-24T11:48:54.273691+08:00
2412,2023-10-31,592000,992565,35016,1619581,676.0,49.0,18.0,0.0,,2026-07-24T11:48:54.273691+08:00
2412,2023-11-01,-21795,3375311,74217,3427733,603.0,51.0,-73.0,2.0,,2026-07-24T11:48:54.273691+08:00
2412,2023-11-02,416727,3602800,47009,4066536,508.0,52.0,-95.0,1.0,,2026-07-24T11:48:54.273691+08:00
2412,2023-11-03,264000,143713,-121000,286713,480.0,36.0,-28.0,-16.0,,2026-07-24T11:48:54.273691+08:00
2412,2023-11-06,-20000,1086259,75,1066334,518.0,28.0,38.0,-8.0,,2026-07-24T11:48:54.273691+08:00
2412,2023-11-07,-4712,704000,4000,703288,472.0,28.0,-46.0,0.0,,2026-07-24T11:48:54.273691+08:00
2412,2023-11-08,129756,776185,-9000,896941,460.0,26.0,-12.0,-2.0,,2026-07-24T11:48:54.273691+08:00
2412,2023-11-09,161000,-635703,-6616,-481319,527.0,22.0,67.0,-4.0,,2026-07-24T11:48:54.273691+08:00
2412,2023-11-10,44000,-1474780,5000,-1425780,540.0,19.0,13.0,-3.0,,2026-07-24T11:48:54.273691+08:00
2412,2023-11-13,135541,-2841776,-17603,-2723838,609.0,17.0,69.0,-2.0,,2026-07-24T11:48:54.273691+08:00
2412,2023-11-14,300000,-1372620,-10000,-1082620,588.0,17.0,-21.0,0.0,,2026-07-24T11:48:54.273691+08:00
2412,2023-11-15,318000,837012,-238000,917012,486.0,21.0,-102.0,4.0,,2026-07-24T11:48:54.273691+08:00
2412,2023-11-16,-20000,-4652383,67403,-4604980,560.0,14.0,74.0,-7.0,,2026-07-24T11:48:54.273691+08:00
2412,2023-11-17,-51000,-937530,-50248,-1038778,993.0,13.0,433.0,-1.0,,2026-07-24T11:48:54.273691+08:00
2412,2023-11-20,-36000,1886962,34015,1884977,509.0,13.0,-484.0,0.0,,2026-07-24T11:48:54.273691+08:00
2412,2023-11-21,-999,763274,-32286,729989,446.0,13.0,-63.0,0.0,,2026-07-24T11:48:54.273691+08:00
2412,2023-11-22,-17000,-1380100,-29764,-1426864,427.0,14.0,-19.0,1.0,,2026-07-24T11:48:54.273691+08:00
2412,2023-11-23,-11000,-630819,10848,-630971,426.0,14.0,-1.0,0.0,,2026-07-24T11:48:54.273691+08:00
2412,2023-11-24,27000,933600,13272,973872,472.0,17.0,46.0,3.0,,2026-07-24T11:48:54.273691+08:00
2412,2023-11-27,72000,-436430,-19000,-383430,473.0,18.0,1.0,1.0,,2026-07-24T11:48:54.273691+08:00
2412,2023-11-28,140000,-1862817,-15000,-1737817,523.0,15.0,50.0,-3.0,,2026-07-24T11:48:54.273691+08:00
2412,2023-11-29,-44000,925905,-14000,867905,459.0,15.0,-64.0,0.0,,2026-07-24T11:48:54.273691+08:00
2412,2023-11-30,41000,-3586699,-23156,-3568855,865.0,21.0,406.0,6.0,,2026-07-24T11:48:54.273691+08:00
2412,2023-12-01,-38822,-698596,-2000,-739418,659.0,25.0,-206.0,4.0,,2026-07-24T11:48:54.273691+08:00
2412,2023-12-04,41916,1295432,3587,1340935,508.0,26.0,-151.0,1.0,,2026-07-24T11:48:54.273691+08:00
2412,2023-12-05,-138216,-505368,-11000,-654584,467.0,26.0,-41.0,0.0,,2026-07-24T11:48:54.273691+08:00
2412,2023-12-06,-9000,594582,9417,594999,458.0,22.0,-9.0,-4.0,,2026-07-24T11:48:54.273691+08:00
2412,2023-12-07,71000,-1161000,-553,-1090553,511.0,19.0,53.0,-3.0,,2026-07-24T11:48:54.273691+08:00
2412,2023-12-08,0,-187117,-28518,-215635,510.0,19.0,-1.0,0.0,,2026-07-24T11:48:54.273691+08:00
2412,2023-12-11,-16939,-2527207,-16017,-2560163,1036.0,19.0,526.0,0.0,,2026-07-24T11:48:54.273691+08:00
2412,2023-12-12,-118500,95300,0,-23200,529.0,19.0,-507.0,0.0,,2026-07-24T11:48:54.273691+08:00
2412,2023-12-13,0,-1185497,2010,-1183487,601.0,19.0,72.0,0.0,,2026-07-24T11:48:54.273691+08:00
2412,2023-12-14,40164,390647,-189737,241074,550.0,19.0,-51.0,0.0,,2026-07-24T11:48:54.273691+08:00
2412,2023-12-15,102356,-5409679,-101174,-5408497,624.0,15.0,74.0,-4.0,,2026-07-24T11:48:54.273691+08:00
2412,2023-12-18,-293000,-79294,-25773,-398067,606.0,15.0,-18.0,0.0,,2026-07-24T11:48:54.273691+08:00
2412,2023-12-19,-272000,-1468607,-21000,-1761607,675.0,15.0,69.0,0.0,,2026-07-24T11:48:54.273691+08:00
2412,2023-12-20,-35000,-776580,1252,-810328,618.0,15.0,-57.0,0.0,,2026-07-24T11:48:54.273691+08:00
2412,2023-12-21,-193000,-2187809,-22490,-2403299,620.0,15.0,2.0,0.0,,2026-07-24T11:48:54.273691+08:00
2412,2023-12-22,-6000,-692662,-23897,-722559,730.0,15.0,110.0,0.0,,2026-07-24T11:48:54.273691+08:00
2412,2023-12-25,-192000,-369990,-4742,-566732,672.0,15.0,-58.0,0.0,,2026-07-24T11:48:54.273691+08:00
2412,2023-12-26,-154000,458936,-42951,261985,619.0,15.0,-53.0,0.0,,2026-07-24T11:48:54.273691+08:00
2412,2023-12-27,-153258,453680,-98367,202055,570.0,15.0,-49.0,0.0,,2026-07-24T11:48:54.273691+08:00
2412,2023-12-28,-58000,1981518,-21074,1902444,558.0,15.0,-12.0,0.0,,2026-07-24T11:48:54.273691+08:00
2412,2023-12-29,-195107,-135629,-66166,-396902,570.0,15.0,12.0,0.0,,2026-07-24T11:48:54.273691+08:00
2412,2024-01-02,-124000,-171592,0,-295592,555.0,15.0,-15.0,0.0,,2026-07-24T11:48:54.273691+08:00
2412,2024-01-03,-179000,-1015839,33091,-1161748,609.0,15.0,54.0,0.0,,2026-07-24T11:48:54.273691+08:00
2412,2024-01-04,-6000,-102827,-57354,-166181,693.0,15.0,84.0,0.0,,2026-07-24T11:48:54.273691+08:00
2412,2024-01-05,11617,-71557,-10000,-69940,613.0,7.0,-80.0,-8.0,,2026-07-24T11:48:54.273691+08:00
2412,2024-01-08,22000,2524079,-8000,2538079,546.0,7.0,-67.0,0.0,,2026-07-24T11:48:54.273691+08:00
2412,2024-01-09,87000,-607746,42737,-478009,1130.0,7.0,584.0,0.0,,2026-07-24T11:48:54.273691+08:00
2412,2024-01-10,-22002,143218,-161000,-39784,841.0,7.0,-289.0,0.0,,2026-07-24T11:48:54.273691+08:00
2412,2024-01-11,53000,518521,-105049,466472,725.0,7.0,-116.0,0.0,,2026-07-24T11:48:54.273691+08:00
2412,2024-01-12,25000,-469112,-102777,-546889,718.0,7.0,-7.0,0.0,,2026-07-24T11:48:54.273691+08:00
2412,2024-01-15,-67000,330820,13454,277274,655.0,7.0,-63.0,0.0,,2026-07-24T11:48:54.273691+08:00
2412,2024-01-16,44000,-5354715,-354982,-5665697,673.0,7.0,18.0,0.0,,2026-07-24T11:48:54.273691+08:00
2412,2024-01-17,825000,-5616594,407618,-4383976,1167.0,7.0,494.0,0.0,,2026-07-24T11:48:54.273691+08:00
2412,2024-01-18,50000,-872072,72960,-749112,1032.0,7.0,-135.0,0.0,,2026-07-24T11:48:54.273691+08:00
2412,2024-01-19,19000,-707639,10000,-678639,1090.0,7.0,58.0,0.0,,2026-07-24T11:48:54.273691+08:00
2412,2024-01-22,-78000,-1077443,-161000,-1316443,1090.0,7.0,0.0,0.0,,2026-07-24T11:48:54.273691+08:00
2412,2024-01-23,-18000,-1223343,2000,-1239343,1041.0,7.0,-49.0,0.0,,2026-07-24T11:48:54.273691+08:00
2412,2024-01-24,-185000,-621761,-15803,-822564,1043.0,7.0,2.0,0.0,,2026-07-24T11:48:54.273691+08:00
2412,2024-01-25,-54000,-1019561,-22482,-1096043,1040.0,6.0,-3.0,-1.0,,2026-07-24T11:48:54.273691+08:00
2412,2024-01-26,-33000,-166439,-35905,-235344,1052.0,6.0,12.0,0.0,,2026-07-24T11:48:54.273691+08:00
2412,2024-01-29,-117999,-411500,-55000,-584499,1091.0,6.0,39.0,0.0,,2026-07-24T11:48:54.273691+08:00
2412,2024-01-30,-1000,-2014075,-259243,-2274318,1163.0,7.0,72.0,1.0,,2026-07-24T11:48:54.273691+08:00
2412,2024-01-31,17000,-2100093,-114790,-2197883,1141.0,6.0,-22.0,-1.0,,2026-07-24T11:48:54.273691+08:00
2412,2024-02-01,188000,2188116,45773,2421889,1121.0,6.0,-20.0,0.0,,2026-07-24T11:48:54.273691+08:00
2412,2024-02-02,45573,1676538,-413993,1308118,1183.0,7.0,62.0,1.0,,2026-07-24T11:48:54.273691+08:00
2412,2024-02-05,-63000,770275,-58387,648888,1129.0,8.0,-54.0,1.0,,2026-07-24T11:48:54.273691+08:00
2412,2024-02-15,1000,-1528182,-61644,-1588826,1158.0,8.0,29.0,0.0,,2026-07-24T11:48:54.273691+08:00
2412,2024-02-16,36000,-48061,-23094,-35155,1155.0,8.0,-3.0,0.0,,2026-07-24T11:48:54.273691+08:00
2412,2024-02-19,175000,297975,9477,482452,1078.0,57.0,-77.0,49.0,,2026-07-24T11:48:54.273691+08:00
2412,2024-02-20,-54556,-669104,-149745,-873405,1087.0,37.0,9.0,-20.0,,2026-07-24T11:48:54.273691+08:00
2412,2024-02-21,79000,-512956,13586,-420370,1078.0,8.0,-9.0,-29.0,,2026-07-24T11:48:54.273691+08:00
2412,2024-02-22,223000,-3072381,-24699,-2874080,1111.0,8.0,33.0,0.0,,2026-07-24T11:48:54.273691+08:00
2412,2024-02-23,76000,-406548,-165863,-496411,1077.0,8.0,-34.0,0.0,,2026-07-24T11:48:54.273691+08:00
2412,2024-02-26,104855,-682884,-59690,-637719,1005.0,8.0,-72.0,0.0,,2026-07-24T11:48:54.273691+08:00
2412,2024-02-27,64076,-11423920,-29626,-11389470,1167.0,8.0,162.0,0.0,,2026-07-24T11:48:54.273691+08:00
2412,2024-02-29,242000,-6332675,-28471,-6119146,1221.0,9.0,54.0,1.0,,2026-07-24T11:48:54.273691+08:00
2412,2024-03-01,-35000,-890977,-8396,-934373,1220.0,10.0,-1.0,1.0,,2026-07-24T11:48:54.273691+08:00
2412,2024-03-04,-86000,-1244516,-35414,-1365930,1232.0,10.0,12.0,0.0,,2026-07-24T11:48:54.273691+08:00
2412,2024-03-05,-200996,-2539763,-175973,-2916732,1302.0,10.0,70.0,0.0,,2026-07-24T11:48:54.273691+08:00
2412,2024-03-06,-87000,-1862782,-65158,-2014940,1206.0,9.0,-96.0,-1.0,,2026-07-24T11:48:54.273691+08:00
2412,2024-03-07,-121000,-1033883,-202241,-1357124,1217.0,11.0,11.0,2.0,,2026-07-24T11:48:54.273691+08:00
2412,2024-03-08,90000,-1932113,-128592,-1970705,1133.0,8.0,-84.0,-3.0,,2026-07-24T11:48:54.273691+08:00
2412,2024-03-11,63000,-721133,-8000,-666133,983.0,8.0,-150.0,0.0,,2026-07-24T11:48:54.273691+08:00
2412,2024-03-12,130001,-1150435,-47230,-1067664,1015.0,8.0,32.0,0.0,,2026-07-24T11:48:54.273691+08:00
2412,2024-03-13,-31497,-2309781,-69186,-2410464,1027.0,8.0,12.0,0.0,,2026-07-24T11:48:54.273691+08:00
2412,2024-03-14,86000,247478,-134266,199212,1029.0,8.0,2.0,0.0,,2026-07-24T11:48:54.273691+08:00
2412,2024-03-15,22000,1342969,-565611,799358,1010.0,8.0,-19.0,0.0,,2026-07-24T11:48:54.273691+08:00
2412,2024-03-18,1000,457830,-56994,401836,1021.0,13.0,11.0,5.0,,2026-07-24T11:48:54.273691+08:00
2412,2024-03-19,-90000,-4264985,-213492,-4568477,954.0,5.0,-67.0,-8.0,,2026-07-24T11:48:54.273691+08:00
2412,2024-03-20,-69000,-3056551,2187,-3123364,970.0,4.0,16.0,-1.0,,2026-07-24T11:48:54.273691+08:00
2412,2024-03-21,186000,-2047398,18115,-1843283,970.0,3.0,0.0,-1.0,,2026-07-24T11:48:54.273691+08:00
2412,2024-03-22,-43000,-1306144,-23836,-1372980,935.0,3.0,-35.0,0.0,,2026-07-24T11:48:54.273691+08:00
2412,2024-03-25,-130000,92954,-68412,-105458,925.0,0.0,-10.0,-3.0,,2026-07-24T11:48:54.273691+08:00
2412,2024-03-26,31569,1921367,-56697,1896239,827.0,0.0,-98.0,0.0,,2026-07-24T11:48:54.273691+08:00
2412,2024-03-27,-339430,2799350,666000,3125920,867.0,0.0,40.0,0.0,,2026-07-24T11:48:54.273691+08:00
2412,2024-03-28,16776,-6589746,-69641,-6642611,1001.0,0.0,134.0,0.0,,2026-07-24T11:48:54.273691+08:00
2412,2024-03-29,-25164,3446531,-98208,3323159,771.0,0.0,-230.0,0.0,,2026-07-24T11:48:54.273691+08:00
2412,2024-04-01,304700,461302,-69641,696361,763.0,0.0,-8.0,0.0,,2026-07-24T11:48:54.273691+08:00
2412,2024-04-02,-76000,-1081416,68072,-1089344,758.0,0.0,-5.0,0.0,,2026-07-24T11:48:54.273691+08:00
2412,2024-04-03,-16000,-5064500,-66528,-5147028,817.0,0.0,59.0,0.0,,2026-07-24T11:48:54.273691+08:00
2412,2024-04-08,-18998,1283375,-110756,1153621,732.0,33.0,-85.0,33.0,,2026-07-24T11:48:54.273691+08:00
2412,2024-04-09,89000,-496419,-21219,-428638,758.0,1.0,26.0,-32.0,,2026-07-24T11:48:54.273691+08:00
2412,2024-04-10,68000,-242500,-32585,-207085,928.0,1.0,170.0,0.0,,2026-07-24T11:48:54.273691+08:00
2412,2024-04-11,-65000,-1129401,-15000,-1209401,868.0,1.0,-60.0,0.0,,2026-07-24T11:48:54.273691+08:00
2412,2024-04-12,-211092,-1841574,-31848,-2084514,939.0,1.0,71.0,0.0,,2026-07-24T11:48:54.273691+08:00
2412,2024-04-15,-63000,-80489,-23358,-166847,529.0,1.0,-410.0,0.0,,2026-07-24T11:48:54.273691+08:00
2412,2024-04-16,-38000,-4467817,-29000,-4534817,531.0,0.0,2.0,-1.0,,2026-07-24T11:48:54.273691+08:00
2412,2024-04-17,-209278,-259503,51125,-417656,540.0,0.0,9.0,0.0,,2026-07-24T11:48:54.273691+08:00
2412,2024-04-18,-39000,-1613793,2413612,760819,539.0,1.0,-1.0,1.0,,2026-07-24T11:48:54.273691+08:00
2412,2024-04-19,-533111,-3599774,2607000,-1525885,534.0,2.0,-5.0,1.0,,2026-07-24T11:48:54.273691+08:00
2412,2024-04-22,546000,2997267,2626000,6169267,357.0,4.0,-177.0,2.0,,2026-07-24T11:48:54.273691+08:00
2412,2024-04-23,327901,-2481627,2494000,340274,380.0,4.0,23.0,0.0,,2026-07-24T11:48:54.273691+08:00
2412,2024-04-24,310214,-6898010,2314282,-4273514,380.0,4.0,0.0,0.0,,2026-07-24T11:48:54.273691+08:00
2412,2024-04-25,-118999,-5464806,16000,-5567805,409.0,4.0,29.0,0.0,,2026-07-24T11:48:54.273691+08:00
2412,2024-04-26,-19000,-1238444,5000,-1252444,367.0,4.0,-42.0,0.0,,2026-07-24T11:48:54.273691+08:00
2412,2024-04-29,6000,1013370,42000,1061370,324.0,4.0,-43.0,0.0,,2026-07-24T11:48:54.273691+08:00
2412,2024-04-30,-25000,-835141,-184356,-1044497,306.0,4.0,-18.0,0.0,,2026-07-24T11:48:54.273691+08:00
2412,2024-05-02,14030,-225744,257433,45719,305.0,4.0,-1.0,0.0,,2026-07-24T11:48:54.273691+08:00
2412,2024-05-03,-21000,-435690,-438745,-895435,1217.0,4.0,912.0,0.0,,2026-07-24T11:48:54.273691+08:00
2412,2024-05-06,-8849,1333828,74232,1399211,1213.0,4.0,-4.0,0.0,,2026-07-24T11:48:54.273691+08:00
2412,2024-05-07,-23000,3177699,-243406,2911293,1200.0,4.0,-13.0,0.0,,2026-07-24T11:48:54.273691+08:00
2412,2024-05-08,-47760,10807612,-262191,10497661,1164.0,5.0,-36.0,1.0,,2026-07-24T11:48:54.273691+08:00
2412,2024-05-09,20000,-671069,-40252,-691321,2237.0,5.0,1073.0,0.0,,2026-07-24T11:48:54.273691+08:00
2412,2024-05-10,104000,-1087305,14993,-968312,2251.0,2.0,14.0,-3.0,,2026-07-24T11:48:54.273691+08:00
2412,2024-05-13,40000,2847896,-153352,2734544,2210.0,2.0,-41.0,0.0,,2026-07-24T11:48:54.273691+08:00
2412,2024-05-14,304000,-631937,-238036,-565973,2253.0,2.0,43.0,0.0,,2026-07-24T11:48:54.273691+08:00
2412,2024-05-15,507963,-308515,-137217,62231,2231.0,2.0,-22.0,0.0,,2026-07-24T11:48:54.273691+08:00
2412,2024-05-16,3993,2426793,-146396,2284390,2227.0,2.0,-4.0,0.0,,2026-07-24T11:48:54.273691+08:00
2412,2024-05-17,175321,684604,96381,956306,2222.0,2.0,-5.0,0.0,,2026-07-24T11:48:54.273691+08:00
2412,2024-05-20,474000,1912218,114305,2500523,2219.0,22.0,-3.0,20.0,,2026-07-24T11:48:54.273691+08:00
2412,2024-05-21,27000,1057800,-61930,1022870,2203.0,2.0,-16.0,-20.0,,2026-07-24T11:48:54.273691+08:00
2412,2024-05-22,-23000,9451894,-36575,9392319,1972.0,2.0,-231.0,0.0,,2026-07-24T11:48:54.273691+08:00
2412,2024-05-23,-240551,2461419,4009097,6229965,1685.0,5.0,-287.0,3.0,,2026-07-24T11:48:54.273691+08:00
2412,2024-05-24,-160383,-2617458,4296713,1518872,2554.0,6.0,869.0,1.0,,2026-07-24T11:48:54.273691+08:00
2412,2024-05-27,207677,-10939543,4321966,-6409900,3614.0,2.0,1060.0,-4.0,,2026-07-24T11:48:54.273691+08:00
2412,2024-05-28,240000,-5301704,5042302,-19402,1623.0,3.0,-1991.0,1.0,,2026-07-24T11:48:54.273691+08:00
2412,2024-05-29,307000,-15781949,5250756,-10224193,4757.0,2.0,3134.0,-1.0,,2026-07-24T11:48:54.273691+08:00
2412,2024-05-30,-17170,-5492836,6135000,624994,3194.0,2.0,-1563.0,0.0,,2026-07-24T11:48:54.273691+08:00
2412,2024-05-31,-13007,-13688630,29470920,15769283,1726.0,55.0,-1468.0,53.0,,2026-07-24T11:48:54.273691+08:00
2412,2024-06-03,138952,-12568731,11274000,-1155779,763.0,8.0,-963.0,-47.0,,2026-07-24T11:48:54.273691+08:00
2412,2024-06-04,85706,-6304367,7454000,1235339,691.0,3.0,-72.0,-5.0,,2026-07-24T11:48:54.273691+08:00
2412,2024-06-05,149000,-72165,7050000,7126835,366.0,5.0,-325.0,2.0,,2026-07-24T11:48:54.273691+08:00
2412,2024-06-06,-126000,-482739,-23358,-632097,261.0,2.0,-105.0,-3.0,,2026-07-24T11:48:54.273691+08:00
2412,2024-06-07,210000,-3838959,-128417,-3757376,272.0,2.0,11.0,0.0,,2026-07-24T11:48:54.273691+08:00
2412,2024-06-11,-28693,-2045603,-10163,-2084459,276.0,2.0,4.0,0.0,,2026-07-24T11:48:54.273691+08:00
2412,2024-06-12,84000,-1328987,122329,-1122658,265.0,1.0,-11.0,-1.0,,2026-07-24T11:48:54.273691+08:00
2412,2024-06-13,90000,-2643502,-72710,-2626212,266.0,1.0,1.0,0.0,,2026-07-24T11:48:54.273691+08:00
2412,2024-06-14,-14000,1434150,-1523,1418627,210.0,1.0,-56.0,0.0,,2026-07-24T11:48:54.273691+08:00
2412,2024-06-17,367000,123100,-83017,407083,212.0,1.0,2.0,0.0,,2026-07-24T11:48:54.273691+08:00
2412,2024-06-18,176300,2413920,-41312,2548908,178.0,1.0,-34.0,0.0,,2026-07-24T11:48:54.273691+08:00
2412,2024-06-19,364995,523054,46675,934724,188.0,1.0,10.0,0.0,,2026-07-24T11:48:54.273691+08:00
2412,2024-06-20,-73111,-2964977,146000,-2892088,283.0,1.0,95.0,0.0,,2026-07-24T11:48:54.273691+08:00
2412,2024-06-21,200001,-3155392,94457,-2860934,356.0,1.0,73.0,0.0,,2026-07-24T11:48:54.273691+08:00
2412,2024-06-24,119001,1530196,-86034,1563163,356.0,1.0,0.0,0.0,,2026-07-24T11:48:54.273691+08:00
2412,2024-06-25,43000,235022,1104000,1382022,324.0,1.0,-32.0,0.0,,2026-07-24T11:48:54.273691+08:00
2412,2024-06-26,52000,1579969,1083000,2714969,360.0,1.0,36.0,0.0,,2026-07-24T11:48:54.273691+08:00
2412,2024-06-27,393000,1064244,1405000,2862244,355.0,1.0,-5.0,0.0,,2026-07-24T11:48:54.273691+08:00
2412,2024-06-28,192000,1058601,1016000,2266601,357.0,0.0,2.0,-1.0,,2026-07-24T11:48:54.273691+08:00
2412,2024-07-01,852000,4416769,1861837,7130606,314.0,0.0,-43.0,0.0,,2026-07-24T11:48:54.273691+08:00
2412,2024-07-02,-224000,-2130298,1072675,-1281623,428.0,0.0,114.0,0.0,,2026-07-24T11:48:54.273691+08:00
2412,2024-07-03,-560482,-335558,1506730,610690,473.0,0.0,45.0,0.0,,2026-07-24T11:48:54.273691+08:00
2412,2024-07-04,-4706331,-3060257,-6800849,-14567437,695.0,2.0,222.0,2.0,,2026-07-24T11:48:54.273691+08:00
2412,2024-07-05,-543359,6291145,-179769,5568017,616.0,7.0,-79.0,5.0,,2026-07-24T11:48:54.273691+08:00
2412,2024-07-08,38194,-1937749,20269,-1879286,659.0,5.0,43.0,-2.0,,2026-07-24T11:48:54.273691+08:00
2412,2024-07-09,-660887,2402093,-1434240,306966,662.0,4.0,3.0,-1.0,,2026-07-24T11:48:54.273691+08:00
2412,2024-07-10,14204,-2996492,64000,-2918288,692.0,4.0,30.0,0.0,,2026-07-24T11:48:54.273691+08:00
2412,2024-07-11,-66666,512010,-394000,51344,741.0,1.0,49.0,-3.0,,2026-07-24T11:48:54.273691+08:00
2412,2024-07-12,10945,1577500,-104892,1483553,761.0,2.0,20.0,1.0,,2026-07-24T11:48:54.273691+08:00
2412,2024-07-15,-257000,1124061,-577297,289764,660.0,9.0,-101.0,7.0,,2026-07-24T11:48:54.273691+08:00
2412,2024-07-16,-291000,-338441,-1951107,-2580548,634.0,10.0,-26.0,1.0,,2026-07-24T11:48:54.273691+08:00
2412,2024-07-17,-245000,4423530,-2162032,2016498,602.0,10.0,-32.0,0.0,,2026-07-24T11:48:54.273691+08:00
2412,2024-07-18,99000,11042582,-1706951,9434631,479.0,15.0,-123.0,5.0,,2026-07-24T11:48:54.273691+08:00
2412,2024-07-19,-40500,2342994,-1833000,469494,467.0,15.0,-12.0,0.0,,2026-07-24T11:48:54.273691+08:00
2412,2024-07-22,-235140,3456951,-1381134,1840677,452.0,15.0,-15.0,0.0,,2026-07-24T11:48:54.273691+08:00
2412,2024-07-23,-314631,8642920,390930,8719219,408.0,15.0,-44.0,0.0,,2026-07-24T11:48:54.273691+08:00
2412,2024-07-26,-699132,9358022,249655,8908545,379.0,15.0,-29.0,0.0,,2026-07-24T11:48:54.273691+08:00
2412,2024-07-29,-113066,3503502,371000,3761436,405.0,15.0,26.0,0.0,,2026-07-24T11:48:54.273691+08:00
2412,2024-07-30,-244353,559480,1106000,1421127,473.0,18.0,68.0,3.0,,2026-07-24T11:48:54.273691+08:00
2412,2024-07-31,-513000,1603845,74733,1165578,475.0,20.0,2.0,2.0,,2026-07-24T11:48:54.273691+08:00
2412,2024-08-01,-6000,412298,522201,928499,491.0,20.0,16.0,0.0,,2026-07-24T11:48:54.273691+08:00
2412,2024-08-02,-1053002,13311182,962473,13220653,530.0,42.0,39.0,22.0,,2026-07-24T11:48:54.273691+08:00
2412,2024-08-05,-1487521,9172461,1338951,9023891,1447.0,22.0,917.0,-20.0,,2026-07-24T11:48:54.273691+08:00
2412,2024-08-06,78000,-1615852,2271211,733359,1759.0,96.0,312.0,74.0,,2026-07-24T11:48:54.273691+08:00
2412,2024-08-07,-60183,1627241,304496,1871554,1404.0,74.0,-355.0,-22.0,,2026-07-24T11:48:54.273691+08:00
2412,2024-08-08,-297000,2353841,416412,2473253,1336.0,48.0,-68.0,-26.0,,2026-07-24T11:48:54.273691+08:00
2412,2024-08-09,-530000,6184944,294684,5949628,1092.0,47.0,-244.0,-1.0,,2026-07-24T11:48:54.273691+08:00
2412,2024-08-12,-15000,1414995,232525,1632520,1037.0,44.0,-55.0,-3.0,,2026-07-24T11:48:54.273691+08:00
2412,2024-08-13,-201943,2603555,-429534,1972078,996.0,43.0,-41.0,-1.0,,2026-07-24T11:48:54.273691+08:00
2412,2024-08-14,-372216,5685365,-303336,5009813,814.0,45.0,-182.0,2.0,,2026-07-24T11:48:54.273691+08:00
2412,2024-08-15,-207000,1833424,-399000,1227424,711.0,46.0,-103.0,1.0,,2026-07-24T11:48:54.273691+08:00
2412,2024-08-16,-11412,6532958,189667,6711213,587.0,44.0,-124.0,-2.0,,2026-07-24T11:48:54.273691+08:00
2412,2024-08-19,-60000,-15523,82661,7138,543.0,40.0,-44.0,-4.0,,2026-07-24T11:48:54.273691+08:00
2412,2024-08-20,-22999,2796868,-234178,2539691,497.0,38.0,-46.0,-2.0,,2026-07-24T11:48:54.273691+08:00
2412,2024-08-21,-174000,2434610,125911,2386521,511.0,38.0,14.0,0.0,,2026-07-24T11:48:54.273691+08:00
2412,2024-08-22,-156369,3680274,98911,3622816,490.0,63.0,-21.0,25.0,,2026-07-24T11:48:54.273691+08:00
2412,2024-08-23,-90765,4025477,161911,4096623,498.0,63.0,8.0,0.0,,2026-07-24T11:48:54.273691+08:00
2412,2024-08-26,-68000,1592078,-128490,1395588,485.0,38.0,-13.0,-25.0,,2026-07-24T11:48:54.273691+08:00
2412,2024-08-27,-91000,-357872,164711,-284161,456.0,37.0,-29.0,-1.0,,2026-07-24T11:48:54.273691+08:00
2412,2024-08-28,6815,2364800,81911,2453526,445.0,37.0,-11.0,0.0,,2026-07-24T11:48:54.273691+08:00
2412,2024-08-29,-46000,-641970,22800,-665170,499.0,37.0,54.0,0.0,,2026-07-24T11:48:54.273691+08:00
2412,2024-08-30,73000,112353,19100,204453,449.0,37.0,-50.0,0.0,,2026-07-24T11:48:54.273691+08:00
2412,2024-09-02,-8000,871000,-59976,803024,415.0,38.0,-34.0,1.0,,2026-07-24T11:48:54.273691+08:00
2412,2024-09-03,-12000,1673783,28115,1689898,507.0,35.0,92.0,-3.0,,2026-07-24T11:48:54.273691+08:00
2412,2024-09-04,-843368,-4542945,783132,-4603181,757.0,14.0,250.0,-21.0,,2026-07-24T11:48:54.273691+08:00
2412,2024-09-05,-356199,198828,309732,152361,640.0,15.0,-117.0,1.0,,2026-07-24T11:48:54.273691+08:00
2412,2024-09-06,-162000,1060537,377207,1275744,510.0,15.0,-130.0,0.0,,2026-07-24T11:48:54.273691+08:00
2412,2024-09-09,-194855,-836790,518914,-512731,524.0,15.0,14.0,0.0,,2026-07-24T11:48:54.273691+08:00
2412,2024-09-10,-28000,793032,152187,917219,540.0,15.0,16.0,0.0,,2026-07-24T11:48:54.273691+08:00
2412,2024-09-11,89000,-514292,442607,17315,560.0,16.0,20.0,1.0,,2026-07-24T11:48:54.273691+08:00
2412,2024-09-12,220000,1602810,72184,1894994,498.0,25.0,-62.0,9.0,,2026-07-24T11:48:54.273691+08:00
2412,2024-09-13,-12000,713138,134001,835139,498.0,25.0,0.0,0.0,,2026-07-24T11:48:54.273691+08:00
2412,2024-09-16,-41000,1046500,159245,1164745,485.0,26.0,-13.0,1.0,,2026-07-24T11:48:54.273691+08:00
2412,2024-09-18,47000,2344216,128304,2519520,489.0,27.0,4.0,1.0,,2026-07-24T11:48:54.273691+08:00
2412,2024-09-19,128000,17000,125265,270265,450.0,30.0,-39.0,3.0,,2026-07-24T11:48:54.273691+08:00
2412,2024-09-20,102000,5252422,946880,6301302,398.0,30.0,-52.0,0.0,,2026-07-24T11:48:54.273691+08:00
2412,2024-09-23,247000,2476631,20000,2743631,399.0,30.0,1.0,0.0,,2026-07-24T11:48:54.273691+08:00
2412,2024-09-24,79001,844543,-19058,904486,388.0,30.0,-11.0,0.0,,2026-07-24T11:48:54.273691+08:00
2412,2024-09-25,421998,620814,-92635,950177,387.0,26.0,-1.0,-4.0,,2026-07-24T11:48:54.273691+08:00
2412,2024-09-26,369000,3399053,-92000,3676053,407.0,33.0,20.0,7.0,,2026-07-24T11:48:54.273691+08:00
2412,2024-09-27,185000,608746,-145423,648323,423.0,32.0,16.0,-1.0,,2026-07-24T11:48:54.273691+08:00
2412,2024-09-30,-4000,-163289,82577,-84712,543.0,46.0,120.0,14.0,,2026-07-24T11:48:54.273691+08:00
2412,2024-10-01,22000,-1481307,1663790,204483,497.0,31.0,-46.0,-15.0,,2026-07-24T11:48:54.273691+08:00
2412,2024-10-04,-207181,-4397421,500942,-4103660,493.0,27.0,-4.0,-4.0,,2026-07-24T11:48:54.273691+08:00
2412,2024-10-07,159623,-4416460,303000,-3953837,542.0,16.0,49.0,-11.0,,2026-07-24T11:48:54.273691+08:00
2412,2024-10-08,-155591,-3486711,164577,-3477725,611.0,15.0,69.0,-1.0,,2026-07-24T11:48:54.273691+08:00
2412,2024-10-09,-35000,-526144,-41212,-602356,685.0,15.0,74.0,0.0,,2026-07-24T11:48:54.273691+08:00
2412,2024-10-11,-40000,-417089,16788,-440301,601.0,15.0,-84.0,0.0,,2026-07-24T11:48:54.273691+08:00
2412,2024-10-14,60000,-2209939,-59212,-2209151,589.0,15.0,-12.0,0.0,,2026-07-24T11:48:54.273691+08:00
2412,2024-10-15,115000,2643682,-159807,2598875,488.0,15.0,-101.0,0.0,,2026-07-24T11:48:54.273691+08:00
2412,2024-10-16,366000,-2483290,-82270,-2199560,615.0,15.0,127.0,0.0,,2026-07-24T11:48:54.273691+08:00
2412,2024-10-17,197000,-1367483,519000,-651483,517.0,15.0,-98.0,0.0,,2026-07-24T11:48:54.273691+08:00
2412,2024-10-18,497000,5021896,286577,5805473,458.0,15.0,-59.0,0.0,,2026-07-24T11:48:54.273691+08:00
2412,2024-10-21,135693,-1966492,167788,-1663011,502.0,15.0,44.0,0.0,,2026-07-24T11:48:54.273691+08:00
2412,2024-10-22,-44000,-2313750,375288,-1982462,579.0,15.0,77.0,0.0,,2026-07-24T11:48:54.273691+08:00
2412,2024-10-23,-309000,-2949344,147779,-3110565,739.0,15.0,160.0,0.0,,2026-07-24T11:48:54.273691+08:00
2412,2024-10-24,-214000,620646,187802,594448,733.0,15.0,-6.0,0.0,,2026-07-24T11:48:54.273691+08:00
2412,2024-10-25,-53000,-4204,114962,57758,647.0,15.0,-86.0,0.0,,2026-07-24T11:48:54.273691+08:00
2412,2024-10-28,159000,500600,161909,821509,636.0,15.0,-11.0,0.0,,2026-07-24T11:48:54.273691+08:00
2412,2024-10-29,-188000,-3418858,675701,-2931157,698.0,15.0,62.0,0.0,,2026-07-24T11:48:54.273691+08:00
2412,2024-10-30,43000,-1209781,84352,-1082429,711.0,15.0,13.0,0.0,,2026-07-24T11:48:54.273691+08:00
2412,2024-11-01,-166265,-531073,490056,-207282,761.0,15.0,50.0,0.0,,2026-07-24T11:48:54.273691+08:00
2412,2024-11-04,0,-606626,517464,-89162,742.0,15.0,-19.0,0.0,,2026-07-24T11:48:54.273691+08:00
2412,2024-11-05,-39000,462677,372273,795950,661.0,15.0,-81.0,0.0,,2026-07-24T11:48:54.273691+08:00
2412,2024-11-06,-10000,-1163000,65311,-1107689,598.0,15.0,-63.0,0.0,,2026-07-24T11:48:54.273691+08:00
2412,2024-11-07,-20000,-665049,211434,-473615,584.0,15.0,-14.0,0.0,,2026-07-24T11:48:54.273691+08:00
2412,2024-11-08,-48935,-2633392,242881,-2439446,541.0,15.0,-43.0,0.0,,2026-07-24T11:48:54.273691+08:00
2412,2024-11-11,-14000,-458099,229603,-242496,505.0,15.0,-36.0,0.0,,2026-07-24T11:48:54.273691+08:00
2412,2024-11-12,-234000,-4190920,877114,-3547806,544.0,15.0,39.0,0.0,,2026-07-24T11:48:54.273691+08:00
2412,2024-11-13,-325000,-2743520,1004776,-2063744,538.0,45.0,-6.0,30.0,,2026-07-24T11:48:54.273691+08:00
2412,2024-11-14,-429002,-1165330,1368207,-226125,598.0,15.0,60.0,-30.0,,2026-07-24T11:48:54.273691+08:00
2412,2024-11-15,17000,-812448,-6250,-801698,642.0,15.0,44.0,0.0,,2026-07-24T11:48:54.273691+08:00
2412,2024-11-18,-113000,-968428,314735,-766693,723.0,15.0,81.0,0.0,,2026-07-24T11:48:54.273691+08:00
2412,2024-11-19,376000,1650684,298085,2324769,603.0,15.0,-120.0,0.0,,2026-07-24T11:48:54.273691+08:00
2412,2024-11-20,257000,-1560349,1098576,-204773,618.0,15.0,15.0,0.0,,2026-07-24T11:48:54.273691+08:00
2412,2024-11-21,-131000,-818396,760307,-189089,588.0,15.0,-30.0,0.0,,2026-07-24T11:48:54.273691+08:00
2412,2024-11-22,155000,-1306753,574082,-577671,575.0,15.0,-13.0,0.0,,2026-07-24T11:48:54.273691+08:00
2412,2024-11-25,279000,1192643,898514,2370157,561.0,15.0,-14.0,0.0,,2026-07-24T11:48:54.273691+08:00
2412,2024-11-26,-12000,-313808,535180,209372,545.0,15.0,-16.0,0.0,,2026-07-24T11:48:54.273691+08:00
2412,2024-11-27,38000,-959582,284000,-637582,567.0,15.0,22.0,0.0,,2026-07-24T11:48:54.273691+08:00
2412,2024-11-28,1000,-1291508,711682,-578826,616.0,15.0,49.0,0.0,,2026-07-24T11:48:54.273691+08:00
2412,2024-11-29,-35143,-3292770,937515,-2390398,627.0,15.0,11.0,0.0,,2026-07-24T11:48:54.273691+08:00
2412,2024-12-02,59000,-2817533,-43000,-2801533,650.0,15.0,23.0,0.0,,2026-07-24T11:48:54.273691+08:00
2412,2024-12-03,56000,848055,279000,1183055,574.0,15.0,-76.0,0.0,,2026-07-24T11:48:54.273691+08:00
2412,2024-12-04,71000,1444453,-34000,1481453,561.0,35.0,-13.0,20.0,,2026-07-24T11:48:54.273691+08:00
2412,2024-12-05,-10000,-605248,-106546,-721794,505.0,15.0,-56.0,-20.0,,2026-07-24T11:48:54.273691+08:00
2412,2024-12-06,-3000,-1030951,79000,-954951,504.0,15.0,-1.0,0.0,,2026-07-24T11:48:54.273691+08:00
2412,2024-12-09,105000,-985418,93000,-787418,497.0,15.0,-7.0,0.0,,2026-07-24T11:48:54.273691+08:00
2412,2024-12-10,30000,-801126,69025,-702101,495.0,16.0,-2.0,1.0,,2026-07-24T11:48:54.273691+08:00
2412,2024-12-11,-26000,-1776531,62387,-1740144,676.0,16.0,181.0,0.0,,2026-07-24T11:48:54.273691+08:00
2412,2024-12-12,-11000,-1566742,103000,-1474742,638.0,16.0,-38.0,0.0,,2026-07-24T11:48:54.273691+08:00
2412,2024-12-13,-144000,-2473230,106769,-2510461,612.0,16.0,-26.0,0.0,,2026-07-24T11:48:54.273691+08:00
2412,2024-12-16,-1999,-2487528,-31402,-2520929,710.0,16.0,98.0,0.0,,2026-07-24T11:48:54.273691+08:00
2412,2024-12-17,-8000,-2019898,115429,-1912469,620.0,16.0,-90.0,0.0,,2026-07-24T11:48:54.273691+08:00
2412,2024-12-18,-166000,396993,25096,256089,549.0,16.0,-71.0,0.0,,2026-07-24T11:48:54.273691+08:00
2412,2024-12-19,-7000,-2004422,319814,-1691608,549.0,16.0,0.0,0.0,,2026-07-24T11:48:54.273691+08:00
2412,2024-12-20,-53000,-5187347,607807,-4632540,667.0,16.0,118.0,0.0,,2026-07-24T11:48:54.273691+08:00
2412,2024-12-23,164705,1488565,65972,1719242,524.0,16.0,-143.0,0.0,,2026-07-24T11:48:54.273691+08:00
2412,2024-12-24,607000,522221,-46000,1083221,643.0,16.0,119.0,0.0,,2026-07-24T11:48:54.273691+08:00
2412,2024-12-25,341000,223364,111000,675364,532.0,16.0,-111.0,0.0,,2026-07-24T11:48:54.273691+08:00
2412,2024-12-26,294518,-44995,-79000,170523,496.0,16.0,-36.0,0.0,,2026-07-24T11:48:54.273691+08:00
2412,2024-12-27,290998,-563180,216817,-55365,499.0,16.0,3.0,0.0,,2026-07-24T11:48:54.273691+08:00
2412,2024-12-30,6000,-898522,-130077,-1022599,532.0,16.0,33.0,0.0,,2026-07-24T11:48:54.273691+08:00
2412,2024-12-31,-6000,-3999559,77970,-3927589,699.0,16.0,167.0,0.0,,2026-07-24T11:48:54.273691+08:00
2412,2025-01-02,-549000,-7277462,317774,-7508688,973.0,26.0,274.0,10.0,,2026-07-24T11:48:54.273691+08:00
2412,2025-01-03,38000,-1525779,248000,-1239779,1027.0,17.0,54.0,-9.0,,2026-07-24T11:48:54.273691+08:00
2412,2025-01-06,73000,999267,161000,1233267,733.0,17.0,-294.0,0.0,,2026-07-24T11:48:54.273691+08:00
2412,2025-01-07,-3375,-2962426,-30000,-2995801,804.0,17.0,71.0,0.0,,2026-07-24T11:48:54.273691+08:00
2412,2025-01-08,-7002,-1580807,-12450,-1600259,837.0,17.0,33.0,0.0,,2026-07-24T11:48:54.273691+08:00
2412,2025-01-09,-83520,-3600542,22000,-3662062,940.0,17.0,103.0,0.0,,2026-07-24T11:48:54.273691+08:00
2412,2025-01-10,-96000,-2293360,291000,-2098360,1053.0,17.0,113.0,0.0,,2026-07-24T11:48:54.273691+08:00
2412,2025-01-13,-90000,-2501597,676860,-1914737,1180.0,20.0,127.0,3.0,,2026-07-24T11:48:54.273691+08:00
2412,2025-01-14,7000,-685722,573000,-105722,1097.0,20.0,-83.0,0.0,,2026-07-24T11:48:54.273691+08:00
2412,2025-01-15,34000,-1222463,193000,-995463,1076.0,20.0,-21.0,0.0,,2026-07-24T11:48:54.273691+08:00
2412,2025-01-16,400000,383309,-279000,504309,964.0,21.0,-112.0,1.0,,2026-07-24T11:48:54.273691+08:00
2412,2025-01-17,-26000,-327655,1025860,672205,794.0,22.0,-170.0,1.0,,2026-07-24T11:48:54.273691+08:00
2412,2025-01-20,936,-257186,-94650,-350900,748.0,22.0,-46.0,0.0,,2026-07-24T11:48:54.273691+08:00
2412,2025-01-21,109000,-570078,-55140,-516218,740.0,22.0,-8.0,0.0,,2026-07-24T11:48:54.273691+08:00
2412,2025-01-22,130000,1272959,105352,1508311,626.0,22.0,-114.0,0.0,,2026-07-24T11:48:54.273691+08:00
2412,2025-02-03,275000,4708704,1205756,6189460,595.0,22.0,-31.0,0.0,,2026-07-24T11:48:54.273691+08:00
2412,2025-02-04,-130128,-1017902,318193,-829837,601.0,32.0,6.0,10.0,,2026-07-24T11:48:54.273691+08:00
2412,2025-02-05,64000,2609029,324781,2997810,563.0,32.0,-38.0,0.0,,2026-07-24T11:48:54.273691+08:00
2412,2025-02-06,-10202,2166883,249195,2405876,513.0,140.0,-50.0,108.0,,2026-07-24T11:48:54.273691+08:00
2412,2025-02-07,27000,-3587985,33858,-3527127,503.0,138.0,-10.0,-2.0,,2026-07-24T11:48:54.273691+08:00
2412,2025-02-10,-124087,-1166045,148862,-1141270,506.0,59.0,3.0,-79.0,,2026-07-24T11:48:54.273691+08:00
2412,2025-02-11,-14062,-430010,177669,-266403,498.0,39.0,-8.0,-20.0,,2026-07-24T11:48:54.273691+08:00
2412,2025-02-12,-54000,798682,50673,795355,478.0,39.0,-20.0,0.0,,2026-07-24T11:48:54.273691+08:00
2412,2025-02-13,132000,-657635,48980,-476655,487.0,69.0,9.0,30.0,,2026-07-24T11:48:54.273691+08:00
2412,2025-02-14,-20000,73000,84645,137645,485.0,39.0,-2.0,-30.0,,2026-07-24T11:48:54.273691+08:00
2412,2025-02-17,153000,-282374,-110023,-239397,494.0,38.0,9.0,-1.0,,2026-07-24T11:48:54.273691+08:00
2412,2025-02-18,-15000,894492,14581,894073,441.0,38.0,-53.0,0.0,,2026-07-24T11:48:54.273691+08:00
2412,2025-02-19,-299001,-465000,-1199440,-1963441,415.0,37.0,-26.0,-1.0,,2026-07-24T11:48:54.273691+08:00
2412,2025-02-20,25000,-1013274,-190869,-1179143,413.0,37.0,-2.0,0.0,,2026-07-24T11:48:54.273691+08:00
2412,2025-02-21,48000,327063,-64769,310294,411.0,68.0,-2.0,31.0,,2026-07-24T11:48:54.273691+08:00
2412,2025-02-24,7000,-825231,29909,-788322,400.0,30.0,-11.0,-38.0,,2026-07-24T11:48:54.273691+08:00
2412,2025-02-25,-129000,-953820,95810,-987010,403.0,29.0,3.0,-1.0,,2026-07-24T11:48:54.273691+08:00
2412,2025-02-26,44000,3246764,61587,3352351,401.0,28.0,-2.0,-1.0,,2026-07-24T11:48:54.273691+08:00
2412,2025-02-27,93000,1667224,328899,2089123,440.0,48.0,39.0,20.0,,2026-07-24T11:48:54.273691+08:00
2412,2025-03-03,363873,-210260,1042463,1196076,446.0,41.0,6.0,-7.0,,2026-07-24T11:48:54.273691+08:00
2412,2025-03-04,83000,-2398351,631292,-1684059,552.0,23.0,106.0,-18.0,,2026-07-24T11:48:54.273691+08:00
2412,2025-03-05,-1998,824251,-5456,816797,463.0,23.0,-89.0,0.0,,2026-07-24T11:48:54.273691+08:00
2412,2025-03-06,70000,944807,1544,1016351,450.0,23.0,-13.0,0.0,,2026-07-24T11:48:54.273691+08:00
2412,2025-03-07,-30000,-409028,192000,-247028,441.0,23.0,-9.0,0.0,,2026-07-24T11:48:54.273691+08:00
2412,2025-03-10,-151052,149883,568292,567123,446.0,23.0,5.0,0.0,,2026-07-24T11:48:54.273691+08:00
2412,2025-03-11,-369547,-996351,1200876,-165022,509.0,22.0,63.0,-1.0,,2026-07-24T11:48:54.273691+08:00
2412,2025-03-12,-33055,1434072,61000,1462017,512.0,22.0,3.0,0.0,,2026-07-24T11:48:54.273691+08:00
2412,2025-03-13,15967,1280936,234000,1530903,536.0,22.0,24.0,0.0,,2026-07-24T11:48:54.273691+08:00
2412,2025-03-14,4673,5495007,699291,6198971,567.0,22.0,31.0,0.0,,2026-07-24T11:48:54.273691+08:00
2412,2025-03-17,57000,929214,298000,1284214,578.0,12.0,11.0,-10.0,,2026-07-24T11:48:54.273691+08:00
2412,2025-03-18,203022,4095464,71000,4369486,538.0,12.0,-40.0,0.0,,2026-07-24T11:48:54.273691+08:00
2412,2025-03-19,243102,-191532,166000,217570,541.0,10.0,3.0,-2.0,,2026-07-24T11:48:54.273691+08:00
2412,2025-03-20,136446,4304471,210000,4650917,530.0,674.0,-11.0,664.0,,2026-07-24T11:48:54.273691+08:00
2412,2025-03-21,-14901,7175024,129445,7289568,493.0,0.0,-37.0,-674.0,,2026-07-24T11:48:54.273691+08:00
2412,2025-03-24,-6999,946446,260747,1200194,502.0,0.0,9.0,0.0,,2026-07-24T11:48:54.273691+08:00
2412,2025-03-25,16921,764688,258000,1039609,509.0,0.0,7.0,0.0,,2026-07-24T11:48:54.273691+08:00
2412,2025-03-26,135534,130060,372000,637594,589.0,0.0,80.0,0.0,,2026-07-24T11:48:54.273691+08:00
2412,2025-03-27,11039,3146923,658000,3815962,576.0,10.0,-13.0,10.0,,2026-07-24T11:48:54.273691+08:00
2412,2025-03-28,103746,1392054,667000,2162800,794.0,10.0,218.0,0.0,,2026-07-24T11:48:54.273691+08:00
2412,2025-03-31,89224,1688588,1119301,2897113,1611.0,16.0,817.0,6.0,,2026-07-24T11:48:54.273691+08:00
2412,2025-04-01,-62424,1996841,792000,2726417,1556.0,28.0,-55.0,12.0,,2026-07-24T11:48:54.273691+08:00
2412,2025-04-02,-49005,2940366,160000,3051361,1536.0,33.0,-20.0,5.0,,2026-07-24T11:48:54.273691+08:00
2412,2025-04-07,217204,-3399788,276000,-2906584,2961.0,316.0,1425.0,283.0,,2026-07-24T11:48:54.273691+08:00
2412,2025-04-08,41571,1723117,1308261,3072949,4855.0,498.0,1894.0,182.0,,2026-07-24T11:48:54.273691+08:00
2412,2025-04-09,590270,4105595,3825071,8520936,7395.0,883.0,2540.0,385.0,,2026-07-24T11:48:54.273691+08:00
2412,2025-04-10,-125608,1846319,3249203,4969914,5569.0,638.0,-1826.0,-245.0,,2026-07-24T11:48:54.273691+08:00
2412,2025-04-11,-69000,6944674,2486976,9362650,4055.0,766.0,-1514.0,128.0,,2026-07-24T11:48:54.273691+08:00
2412,2025-04-14,-226254,1569432,-350957,992221,3606.0,666.0,-449.0,-100.0,,2026-07-24T11:48:54.273691+08:00
2412,2025-04-15,-279587,6986590,130597,6837600,2860.0,577.0,-746.0,-89.0,,2026-07-24T11:48:54.273691+08:00
2412,2025-04-16,-199000,3364881,204057,3369938,2777.0,552.0,-83.0,-25.0,,2026-07-24T11:48:54.273691+08:00
2412,2025-04-17,104552,2218442,58930,2381924,2749.0,523.0,-28.0,-29.0,,2026-07-24T11:48:54.273691+08:00
2412,2025-04-18,-23559,1064635,55865,1096941,2824.0,458.0,75.0,-65.0,,2026-07-24T11:48:54.273691+08:00
2412,2025-04-21,65762,-715990,166000,-484228,2871.0,427.0,47.0,-31.0,,2026-07-24T11:48:54.273691+08:00
2412,2025-04-22,30126,1206498,405000,1641624,2667.0,1334.0,-204.0,907.0,,2026-07-24T11:48:54.273691+08:00
2412,2025-04-23,35951,-2038613,-468865,-2471527,2725.0,366.0,58.0,-968.0,,2026-07-24T11:48:54.273691+08:00
2412,2025-04-24,-41936,43275,5602,6941,2803.0,324.0,78.0,-42.0,,2026-07-24T11:48:54.273691+08:00
2412,2025-04-25,46977,388650,-1638056,-1202429,2756.0,295.0,-47.0,-29.0,,2026-07-24T11:48:54.273691+08:00
2412,2025-04-28,48256,3757833,-3796786,9303,2327.0,280.0,-429.0,-15.0,,2026-07-24T11:48:54.273691+08:00
2412,2025-04-29,3516,5899493,-18936,5884073,1829.0,285.0,-498.0,5.0,,2026-07-24T11:48:54.273691+08:00
2412,2025-04-30,-220812,4740515,-221468,4298235,1637.0,289.0,-192.0,4.0,,2026-07-24T11:48:54.273691+08:00
2412,2025-05-02,-356,-733150,-416779,-1150285,1665.0,277.0,28.0,-12.0,,2026-07-24T11:48:54.273691+08:00
2412,2025-05-05,-193427,4983566,-158214,4631925,1592.0,373.0,-73.0,96.0,,2026-07-24T11:48:54.273691+08:00
2412,2025-05-06,-466598,6984809,-35051,6483160,1482.0,288.0,-110.0,-85.0,,2026-07-24T11:48:54.273691+08:00
2412,2025-05-07,-429044,3007850,-40291,2538515,1356.0,292.0,-126.0,4.0,,2026-07-24T11:48:54.273691+08:00
2412,2025-05-08,73305,251978,-40641,284642,1318.0,289.0,-38.0,-3.0,,2026-07-24T11:48:54.273691+08:00
2412,2025-05-09,-102195,3647546,-94952,3450399,1188.0,289.0,-130.0,0.0,,2026-07-24T11:48:54.273691+08:00
2412,2025-05-12,-39654,1359017,-167014,1152349,1121.0,286.0,-67.0,-3.0,,2026-07-24T11:48:54.273691+08:00
2412,2025-05-13,106062,-1138351,-188270,-1220559,1009.0,270.0,-112.0,-16.0,,2026-07-24T11:48:54.273691+08:00
2412,2025-05-14,953731,-4292557,-223538,-3562364,1118.0,213.0,109.0,-57.0,,2026-07-24T11:48:54.273691+08:00
2412,2025-05-15,-51007,3589035,229965,3767993,941.0,206.0,-177.0,-7.0,,2026-07-24T11:48:54.273691+08:00
2412,2025-05-16,-41302,-358990,-24925,-425217,892.0,206.0,-49.0,0.0,,2026-07-24T11:48:54.273691+08:00
2412,2025-05-19,152995,182173,-115877,219291,887.0,202.0,-5.0,-4.0,,2026-07-24T11:48:54.273691+08:00
2412,2025-05-20,31277,3404758,53647,3489682,862.0,197.0,-25.0,-5.0,,2026-07-24T11:48:54.273691+08:00
2412,2025-05-21,236186,1261158,778712,2276056,837.0,196.0,-25.0,-1.0,,2026-07-24T11:48:54.273691+08:00
2412,2025-05-22,-83269,3060346,-91920,2885157,834.0,197.0,-3.0,1.0,,2026-07-24T11:48:54.273691+08:00
2412,2025-05-23,-208828,-1221037,237861,-1192004,783.0,194.0,-51.0,-3.0,,2026-07-24T11:48:54.273691+08:00
2412,2025-05-26,-460453,1957697,1116,1498360,770.0,194.0,-13.0,0.0,,2026-07-24T11:48:54.273691+08:00
2412,2025-05-27,-392003,1291370,-2469722,-1570355,814.0,194.0,44.0,0.0,,2026-07-24T11:48:54.273691+08:00
2412,2025-05-28,137037,913722,-5232667,-4181908,799.0,195.0,-15.0,1.0,,2026-07-24T11:48:54.273691+08:00
2412,2025-05-29,1000485,508252,-6178744,-4670007,837.0,188.0,38.0,-7.0,,2026-07-24T11:48:54.273691+08:00
2412,2025-06-02,-225032,2247004,-904937,1117035,822.0,189.0,-15.0,1.0,,2026-07-24T11:48:54.273691+08:00
2412,2025-06-03,1791756,10419976,-13187799,-976067,889.0,177.0,67.0,-12.0,,2026-07-24T11:48:54.273691+08:00
2412,2025-06-04,868103,-433015,-3834474,-3399386,890.0,177.0,1.0,0.0,,2026-07-24T11:48:54.273691+08:00
2412,2025-06-05,281868,88511,-1207644,-837265,886.0,173.0,-4.0,-4.0,,2026-07-24T11:48:54.273691+08:00
2412,2025-06-06,707103,2245911,-1111,2951903,913.0,166.0,27.0,-7.0,,2026-07-24T11:48:54.273691+08:00
2412,2025-06-09,90565,1738913,-36390,1793088,727.0,168.0,-186.0,2.0,,2026-07-24T11:48:54.273691+08:00
2412,2025-06-10,468450,613326,-157206,924570,679.0,158.0,-48.0,-10.0,,2026-07-24T11:48:54.273691+08:00
2412,2025-06-11,385515,-926824,-101835,-643144,674.0,140.0,-5.0,-18.0,,2026-07-24T11:48:54.273691+08:00
2412,2025-06-12,1987838,-1299039,-146997,541802,567.0,137.0,-107.0,-3.0,,2026-07-24T11:48:54.273691+08:00
2412,2025-06-13,-61074,2624753,-45528,2518151,528.0,138.0,-39.0,1.0,,2026-07-24T11:48:54.273691+08:00
2412,2025-06-16,796638,34115,-6361,824392,544.0,131.0,16.0,-7.0,,2026-07-24T11:48:54.273691+08:00
2412,2025-06-17,546417,-1798722,-49975,-1302280,543.0,128.0,-1.0,-3.0,,2026-07-24T11:48:54.273691+08:00
2412,2025-06-18,57080,136080,-21208,171952,532.0,118.0,-11.0,-10.0,,2026-07-24T11:48:54.273691+08:00
2412,2025-06-19,-278000,-2067877,-32112,-2377989,601.0,112.0,69.0,-6.0,,2026-07-24T11:48:54.273691+08:00
2412,2025-06-20,361165,-304196,-125361,-68392,598.0,108.0,-3.0,-4.0,,2026-07-24T11:48:54.273691+08:00
2412,2025-06-23,450769,-1103217,-40520,-692968,643.0,107.0,45.0,-1.0,,2026-07-24T11:48:54.273691+08:00
2412,2025-06-24,733562,-2068980,-7669,-1343087,573.0,90.0,-70.0,-17.0,,2026-07-24T11:48:54.273691+08:00
2412,2025-06-25,267152,638623,234745,1140520,533.0,76.0,-40.0,-14.0,,2026-07-24T11:48:54.273691+08:00
2412,2025-06-26,80152,209971,222052,512175,484.0,17.0,-49.0,-59.0,,2026-07-24T11:48:54.273691+08:00
2412,2025-06-27,-47904,-560055,119110,-488849,492.0,0.0,8.0,-17.0,,2026-07-24T11:48:54.273691+08:00
2412,2025-06-30,-117977,-3346465,544629,-2919813,497.0,0.0,5.0,0.0,,2026-07-24T11:48:54.273691+08:00
2412,2025-07-01,875743,699335,-1728312,-153234,513.0,0.0,16.0,0.0,,2026-07-24T11:48:54.273691+08:00
2412,2025-07-02,-110725,-1242977,768000,-585702,649.0,0.0,136.0,0.0,,2026-07-24T11:48:54.273691+08:00
2412,2025-07-03,-1976094,8693693,-903289,5814310,585.0,0.0,-64.0,0.0,,2026-07-24T11:48:54.273691+08:00
2412,2025-07-04,-5076,7862977,-261765,7596136,672.0,1.0,87.0,1.0,,2026-07-24T11:48:54.273691+08:00
2412,2025-07-07,39571,2860161,-304613,2595119,671.0,3.0,-1.0,2.0,,2026-07-24T11:48:54.273691+08:00
2412,2025-07-08,130381,1035087,-511474,653994,735.0,4.0,64.0,1.0,,2026-07-24T11:48:54.273691+08:00
2412,2025-07-09,53586,32840,-456599,-370173,758.0,5.0,23.0,1.0,,2026-07-24T11:48:54.273691+08:00
2412,2025-07-10,-104568,5841573,-512466,5224539,708.0,9.0,-50.0,4.0,,2026-07-24T11:48:54.273691+08:00
2412,2025-07-11,-87089,5312603,-588468,4637046,701.0,14.0,-7.0,5.0,,2026-07-24T11:48:54.273691+08:00
2412,2025-07-14,-36455,1596267,-587300,972512,708.0,14.0,7.0,0.0,,2026-07-24T11:48:54.273691+08:00
2412,2025-07-15,1318,-742347,-526010,-1267039,739.0,13.0,31.0,-1.0,,2026-07-24T11:48:54.273691+08:00
2412,2025-07-16,-236473,3308924,-458672,2613779,740.0,14.0,1.0,1.0,,2026-07-24T11:48:54.273691+08:00
2412,2025-07-17,-176669,2291422,-862011,1252742,791.0,14.0,51.0,0.0,,2026-07-24T11:48:54.273691+08:00
2412,2025-07-18,55999,-10498,-62673,-17172,895.0,12.0,104.0,-2.0,,2026-07-24T11:48:54.273691+08:00
2412,2025-07-21,-50141,1053629,-995000,8488,918.0,15.0,23.0,3.0,,2026-07-24T11:48:54.273691+08:00
2412,2025-07-22,-354186,1339418,-992077,-6845,768.0,17.0,-150.0,2.0,,2026-07-24T11:48:54.273691+08:00
2412,2025-07-23,158332,-11934,-970000,-823602,740.0,17.0,-28.0,0.0,,2026-07-24T11:48:54.273691+08:00
2412,2025-07-24,9885,-3328393,-1099473,-4417981,755.0,16.0,15.0,-1.0,,2026-07-24T11:48:54.273691+08:00
2412,2025-07-25,-165384,1363633,457000,1655249,782.0,16.0,27.0,0.0,,2026-07-24T11:48:54.273691+08:00
2412,2025-07-28,-41414,-111083,923527,771030,773.0,16.0,-9.0,0.0,,2026-07-24T11:48:54.273691+08:00
2412,2025-07-29,-110763,1562847,1075693,2527777,784.0,16.0,11.0,0.0,,2026-07-24T11:48:54.273691+08:00
2412,2025-07-30,66947,-154709,1056000,968238,778.0,16.0,-6.0,0.0,,2026-07-24T11:48:54.273691+08:00
2412,2025-07-31,143291,-3525856,971693,-2410872,784.0,17.0,6.0,1.0,,2026-07-24T11:48:54.273691+08:00
2412,2025-08-01,-20246,2696991,1194985,3871730,771.0,18.0,-13.0,1.0,,2026-07-24T11:48:54.273691+08:00
2412,2025-08-04,-1148635,5800731,787000,5439096,677.0,23.0,-94.0,5.0,,2026-07-24T11:48:54.273691+08:00
2412,2025-08-05,-911453,4851660,236693,4176900,590.0,24.0,-87.0,1.0,,2026-07-24T11:48:54.273691+08:00
2412,2025-08-06,-2233311,2806496,252506,825691,584.0,25.0,-6.0,1.0,,2026-07-24T11:48:54.273691+08:00
2412,2025-08-07,-2106825,4428215,48325,2369715,602.0,27.0,18.0,2.0,,2026-07-24T11:48:54.273691+08:00
2412,2025-08-08,-1165664,5726735,16175,4577246,510.0,26.0,-92.0,-1.0,,2026-07-24T11:48:54.273691+08:00
2412,2025-08-11,29906,-1960675,73124,-1857645,508.0,32.0,-2.0,6.0,,2026-07-24T11:48:54.273691+08:00
2412,2025-08-12,-245391,783162,296176,833947,514.0,31.0,6.0,-1.0,,2026-07-24T11:48:54.273691+08:00
2412,2025-08-13,-154556,1043791,121350,1010585,504.0,24.0,-10.0,-7.0,,2026-07-24T11:48:54.273691+08:00
2412,2025-08-14,85000,3648488,53500,3786988,516.0,24.0,12.0,0.0,,2026-07-24T11:48:54.273691+08:00
2412,2025-08-15,189869,2302333,-131325,2360877,508.0,24.0,-8.0,0.0,,2026-07-24T11:48:54.273691+08:00
2412,2025-08-18,60739,6477983,578566,7117288,470.0,24.0,-38.0,0.0,,2026-07-24T11:48:54.273691+08:00
2412,2025-08-19,20000,5204080,-1175,5222905,459.0,23.0,-11.0,-1.0,,2026-07-24T11:48:54.273691+08:00
2412,2025-08-20,869514,605210,532651,2007375,441.0,19.0,-18.0,-4.0,,2026-07-24T11:48:54.273691+08:00
2412,2025-08-21,55397,4607580,-35174,4627803,438.0,25.0,-3.0,6.0,,2026-07-24T11:48:54.273691+08:00
2412,2025-08-22,17260,1550315,-34325,1533250,471.0,21.0,33.0,-4.0,,2026-07-24T11:48:54.273691+08:00
2412,2025-08-25,23997,1945048,-14816,1954229,504.0,15.0,33.0,-6.0,,2026-07-24T11:48:54.273691+08:00
2412,2025-08-26,40827,-723357,-9839,-692369,603.0,14.0,99.0,-1.0,,2026-07-24T11:48:54.273691+08:00
2412,2025-08-27,5830,1466273,-109000,1363103,604.0,14.0,1.0,0.0,,2026-07-24T11:48:54.273691+08:00
2412,2025-08-28,-39295,-668758,-77658,-785711,635.0,15.0,31.0,1.0,,2026-07-24T11:48:54.273691+08:00
2412,2025-08-29,44382,-3087772,-54000,-3097390,703.0,15.0,68.0,0.0,,2026-07-24T11:48:54.273691+08:00
2412,2025-09-01,-28000,221441,35900,229341,630.0,15.0,-73.0,0.0,,2026-07-24T11:48:54.273691+08:00
2412,2025-09-02,-5944,974406,14000,982462,593.0,15.0,-37.0,0.0,,2026-07-24T11:48:54.273691+08:00
2412,2025-09-03,-90564,-968581,7000,-1052145,647.0,15.0,54.0,0.0,,2026-07-24T11:48:54.273691+08:00
2412,2025-09-04,29337,630583,-18329,641591,635.0,16.0,-12.0,1.0,,2026-07-24T11:48:54.273691+08:00
2412,2025-09-05,81357,-1071433,-34329,-1024405,625.0,22.0,-10.0,6.0,,2026-07-24T11:48:54.273691+08:00
2412,2025-09-08,-3089,-163218,-35335,-201642,628.0,22.0,3.0,0.0,,2026-07-24T11:48:54.273691+08:00
2412,2025-09-09,3851,1050128,-75329,978650,604.0,15.0,-24.0,-7.0,,2026-07-24T11:48:54.273691+08:00
2412,2025-09-10,59038,946658,-97289,908407,618.0,15.0,14.0,0.0,,2026-07-24T11:48:54.273691+08:00
2412,2025-09-11,-38347,-39759,-281000,-359106,667.0,16.0,49.0,1.0,,2026-07-24T11:48:54.273691+08:00
2412,2025-09-12,148071,726465,-112658,761878,664.0,16.0,-3.0,0.0,,2026-07-24T11:48:54.273691+08:00
2412,2025-09-15,79115,-81925,-54400,-57210,687.0,15.0,23.0,-1.0,,2026-07-24T11:48:54.273691+08:00
2412,2025-09-16,51781,-1050925,-133275,-1132419,871.0,15.0,184.0,0.0,,2026-07-24T11:48:54.273691+08:00
2412,2025-09-17,58040,459392,-96717,420715,861.0,16.0,-10.0,1.0,,2026-07-24T11:48:54.273691+08:00
2412,2025-09-18,79232,-517418,-211000,-649186,844.0,16.0,-17.0,0.0,,2026-07-24T11:48:54.273691+08:00
2412,2025-09-19,36319,150935,-1547311,-1360057,652.0,16.0,-192.0,0.0,,2026-07-24T11:48:54.273691+08:00
2412,2025-09-22,111955,-165164,-76008,-129217,699.0,16.0,47.0,0.0,,2026-07-24T11:48:54.273691+08:00
2412,2025-09-23,12099,-1361622,64000,-1285523,631.0,15.0,-68.0,-1.0,,2026-07-24T11:48:54.273691+08:00
2412,2025-09-24,369668,610989,-63995,916662,614.0,15.0,-17.0,0.0,,2026-07-24T11:48:54.273691+08:00
2412,2025-09-25,167188,-875454,-44000,-752266,670.0,14.0,56.0,-1.0,,2026-07-24T11:48:54.273691+08:00
2412,2025-09-26,245036,2411962,58000,2714998,564.0,22.0,-106.0,8.0,,2026-07-24T11:48:54.273691+08:00
2412,2025-09-30,246871,-2628351,-6363,-2387843,701.0,14.0,137.0,-8.0,,2026-07-24T11:48:54.273691+08:00
2412,2025-10-01,103854,837953,-270000,671807,640.0,15.0,-61.0,1.0,,2026-07-24T11:48:54.273691+08:00
2412,2025-10-02,22079,-2505749,-65148,-2548818,791.0,15.0,151.0,0.0,,2026-07-24T11:48:54.273691+08:00
2412,2025-10-03,7106,-1240633,-228390,-1461917,817.0,16.0,26.0,1.0,,2026-07-24T11:48:54.273691+08:00
2412,2025-10-07,399292,60705,-38000,421997,757.0,17.0,-60.0,1.0,,2026-07-24T11:48:54.273691+08:00
2412,2025-10-08,54000,145425,-45000,154425,755.0,17.0,-2.0,0.0,,2026-07-24T11:48:54.273691+08:00
2412,2025-10-09,77535,-264062,-73369,-259896,759.0,17.0,4.0,0.0,,2026-07-24T11:48:54.273691+08:00
2412,2025-10-13,300815,-4682266,444000,-3937451,792.0,19.0,33.0,2.0,,2026-07-24T11:48:54.273691+08:00
2412,2025-10-14,144844,-1879946,252067,-1483035,836.0,18.0,44.0,-1.0,,2026-07-24T11:48:54.273691+08:00
2412,2025-10-15,109449,-4268922,46000,-4113473,899.0,18.0,63.0,0.0,,2026-07-24T11:48:54.273691+08:00
2412,2025-10-16,157609,115929,-55388,218150,881.0,17.0,-18.0,-1.0,,2026-07-24T11:48:54.273691+08:00
2412,2025-10-17,75794,1560066,-223000,1412860,800.0,18.0,-81.0,1.0,,2026-07-24T11:48:54.273691+08:00
2412,2025-10-20,250857,-366521,55000,-60664,782.0,18.0,-18.0,0.0,,2026-07-24T11:48:54.273691+08:00
2412,2025-10-21,93626,227809,-159000,162435,765.0,18.0,-17.0,0.0,,2026-07-24T11:48:54.273691+08:00
2412,2025-10-22,396934,1114775,-589611,922098,738.0,16.0,-27.0,-2.0,,2026-07-24T11:48:54.273691+08:00
2412,2025-10-23,119134,1782585,-289000,1612719,663.0,16.0,-75.0,0.0,,2026-07-24T11:48:54.273691+08:00
2412,2025-10-27,966506,1326680,-411404,1881782,1038.0,15.0,375.0,-1.0,,2026-07-24T11:48:54.273691+08:00
2412,2025-10-28,-355003,1843133,-48000,1440130,878.0,17.0,-160.0,2.0,,2026-07-24T11:48:54.273691+08:00
2412,2025-10-29,43706,2283750,-47000,2280456,879.0,18.0,1.0,1.0,,2026-07-24T11:48:54.273691+08:00
2412,2025-10-30,242870,-398809,-6000,-161939,914.0,19.0,35.0,1.0,,2026-07-24T11:48:54.273691+08:00
2412,2025-10-31,194587,-377520,-1359,-184292,923.0,19.0,9.0,0.0,,2026-07-24T11:48:54.273691+08:00
2412,2025-11-03,134059,3577614,6837,3718510,893.0,17.0,-30.0,-2.0,,2026-07-24T11:48:54.273691+08:00
2412,2025-11-04,174897,138911,182775,496583,979.0,20.0,86.0,3.0,,2026-07-24T11:48:54.273691+08:00
2412,2025-11-05,110668,-543278,12056,-420554,952.0,17.0,-27.0,-3.0,,2026-07-24T11:48:54.273691+08:00
2412,2025-11-06,302742,-79829,16000,238913,962.0,26.0,10.0,9.0,,2026-07-24T11:48:54.273691+08:00
2412,2025-11-07,-53130,3195777,119000,3261647,741.0,30.0,-221.0,4.0,,2026-07-24T11:48:54.273691+08:00
2412,2025-11-10,130220,634579,236835,1001634,760.0,29.0,19.0,-1.0,,2026-07-24T11:48:54.273691+08:00
2412,2025-11-11,14561,-583532,102388,-466583,794.0,28.0,34.0,-1.0,,2026-07-24T11:48:54.273691+08:00
2412,2025-11-12,125573,206154,-3000,328727,777.0,28.0,-17.0,0.0,,2026-07-24T11:48:54.273691+08:00
2412,2025-11-13,48173,-1622416,-11,-1574254,792.0,28.0,15.0,0.0,,2026-07-24T11:48:54.273691+08:00
2412,2025-11-14,83057,53028,-193000,-56915,777.0,30.0,-15.0,2.0,,2026-07-24T11:48:54.273691+08:00
2412,2025-11-17,-99892,2099841,-1077125,922824,761.0,27.0,-16.0,-3.0,,2026-07-24T11:48:54.273691+08:00
2412,2025-11-18,71516,-900312,-761745,-1590541,787.0,30.0,26.0,3.0,,2026-07-24T11:48:54.273691+08:00
2412,2025-11-19,208303,10672,-495165,-276190,984.0,35.0,197.0,5.0,,2026-07-24T11:48:54.273691+08:00
2412,2025-11-20,140356,1520503,-427331,1233528,899.0,34.0,-85.0,-1.0,,2026-07-24T11:48:54.273691+08:00
2412,2025-11-21,584883,1147556,-383000,1349439,1370.0,36.0,471.0,2.0,,2026-07-24T11:48:54.273691+08:00
2412,2025-11-24,406003,63432,-406230,63205,1355.0,32.0,-15.0,-4.0,,2026-07-24T11:48:54.273691+08:00
2412,2025-11-25,31436,-3085685,-687000,-3741249,1483.0,31.0,128.0,-1.0,,2026-07-24T11:48:54.273691+08:00
2412,2025-11-26,119740,-1348461,-649166,-1877887,1488.0,21.0,5.0,-10.0,,2026-07-24T11:48:54.273691+08:00
2412,2025-11-27,-115644,-245266,-392000,-752910,1531.0,20.0,43.0,-1.0,,2026-07-24T11:48:54.273691+08:00
2412,2025-11-28,306873,-1802045,-165000,-1660172,1556.0,17.0,25.0,-3.0,,2026-07-24T11:48:54.273691+08:00
2412,2025-12-01,-17103,-5878001,-108000,-6003104,1650.0,17.0,94.0,0.0,,2026-07-24T11:48:54.273691+08:00
2412,2025-12-02,65396,-2367098,-42731,-2344433,1641.0,17.0,-9.0,0.0,,2026-07-24T11:48:54.273691+08:00
2412,2025-12-03,91605,-2788633,643000,-2054028,1736.0,17.0,95.0,0.0,,2026-07-24T11:48:54.273691+08:00
2412,2025-12-04,74946,-3118483,4000,-3039537,1710.0,17.0,-26.0,0.0,,2026-07-24T11:48:54.273691+08:00
2412,2025-12-05,198597,-98548,25000,125049,1660.0,16.0,-50.0,-1.0,,2026-07-24T11:48:54.273691+08:00
2412,2025-12-08,51258,-2636202,-6359,-2591303,1840.0,16.0,180.0,0.0,,2026-07-24T11:48:54.273691+08:00
2412,2025-12-09,-21016,-704027,-35000,-760043,1742.0,16.0,-98.0,0.0,,2026-07-24T11:48:54.273691+08:00
2412,2025-12-10,58014,-1532301,19872,-1454415,1805.0,18.0,63.0,2.0,,2026-07-24T11:48:54.273691+08:00
2412,2025-12-11,44542,-148657,3165,-100950,1780.0,20.0,-25.0,2.0,,2026-07-24T11:48:54.273691+08:00
2412,2025-12-12,50834,85611,52282,188727,1706.0,19.0,-74.0,-1.0,,2026-07-24T11:48:54.273691+08:00
2412,2025-12-15,85775,-610610,95000,-429835,1584.0,19.0,-122.0,0.0,,2026-07-24T11:48:54.273691+08:00
2412,2025-12-16,36508,-1655781,-38000,-1657273,1605.0,19.0,21.0,0.0,,2026-07-24T11:48:54.273691+08:00
2412,2025-12-17,155685,-846553,7000,-683868,1655.0,19.0,50.0,0.0,,2026-07-24T11:48:54.273691+08:00
2412,2025-12-18,391279,-163884,14000,241395,1645.0,19.0,-10.0,0.0,,2026-07-24T11:48:54.273691+08:00
2412,2025-12-19,26424,947625,-190296,783753,1487.0,17.0,-158.0,-2.0,,2026-07-24T11:48:54.273691+08:00
2412,2025-12-22,51728,-408045,-26000,-382317,1478.0,17.0,-9.0,0.0,,2026-07-24T11:48:54.273691+08:00
2412,2025-12-23,-39945,-315481,-6000,-361426,1189.0,17.0,-289.0,0.0,,2026-07-24T11:48:54.273691+08:00
2412,2025-12-24,-51306,112533,-13000,48227,856.0,17.0,-333.0,0.0,,2026-07-24T11:48:54.273691+08:00
2412,2025-12-26,-37685,802172,-54000,710487,792.0,18.0,-64.0,1.0,,2026-07-24T11:48:54.273691+08:00
2412,2025-12-29,22660,392486,-3718,411428,686.0,18.0,-106.0,0.0,,2026-07-24T11:48:54.273691+08:00
2412,2025-12-30,59750,67370,-400000,-272880,711.0,17.0,25.0,-1.0,,2026-07-24T11:48:54.273691+08:00
2412,2025-12-31,-192995,-829253,-6640,-1028888,708.0,17.0,-3.0,0.0,,2026-07-24T11:48:54.273691+08:00
2412,2026-01-02,-67277,909055,-17154,824624,630.0,17.0,-78.0,0.0,,2026-07-24T11:48:54.273691+08:00
2412,2026-01-05,-101179,-330798,-89000,-520977,572.0,17.0,-58.0,0.0,,2026-07-24T11:48:54.273691+08:00
2412,2026-01-06,87596,-4051926,-70275,-4034605,586.0,17.0,14.0,0.0,,2026-07-24T11:48:54.273691+08:00
2412,2026-01-07,32994,-6157052,-78750,-6202808,515.0,20.0,-71.0,3.0,,2026-07-24T11:48:54.273691+08:00
2412,2026-01-08,56459,-1428820,-48000,-1420361,494.0,20.0,-21.0,0.0,,2026-07-24T11:48:54.273691+08:00
2412,2026-01-09,87334,-2810906,-122739,-2846311,507.0,20.0,13.0,0.0,,2026-07-24T11:48:54.273691+08:00
2412,2026-01-12,-75833,-1844646,-112694,-2033173,500.0,28.0,-7.0,8.0,,2026-07-24T11:48:54.273691+08:00
2412,2026-01-13,69000,-2792627,-146847,-2870474,495.0,28.0,-5.0,0.0,,2026-07-24T11:48:54.273691+08:00
2412,2026-01-14,162994,-3882969,-5000,-3724975,519.0,22.0,24.0,-6.0,,2026-07-24T11:48:54.273691+08:00
2412,2026-01-15,-7238,-1298386,-97000,-1402624,476.0,25.0,-43.0,3.0,,2026-07-24T11:48:54.273691+08:00
2412,2026-01-16,90000,-4620017,-469841,-4999858,519.0,23.0,43.0,-2.0,,2026-07-24T11:48:54.273691+08:00
2412,2026-01-19,-88001,2296927,-754847,1454079,451.0,25.0,-68.0,2.0,,2026-07-24T11:48:54.273691+08:00
2412,2026-01-20,-117000,-325949,-679225,-1122174,531.0,25.0,80.0,0.0,,2026-07-24T11:48:54.273691+08:00
2412,2026-01-21,-22066,-1362589,-478000,-1862655,504.0,24.0,-27.0,-1.0,,2026-07-24T11:48:54.273691+08:00
2412,2026-01-22,183000,-598355,-11000,-426355,494.0,25.0,-10.0,1.0,,2026-07-24T11:48:54.273691+08:00
2412,2026-01-23,78227,285012,-67351,295888,487.0,24.0,-7.0,-1.0,,2026-07-24T11:48:54.273691+08:00
2412,2026-01-26,-32894,1972713,-277847,1661972,467.0,30.0,-20.0,6.0,,2026-07-24T11:48:54.273691+08:00
2412,2026-01-27,171119,-4262512,1320598,-2770795,536.0,30.0,69.0,0.0,,2026-07-24T11:48:54.273691+08:00
2412,2026-01-28,65248,926030,2459000,3450278,495.0,25.0,-41.0,-5.0,,2026-07-24T11:48:54.273691+08:00
2412,2026-01-29,51811,1465292,643000,2160103,517.0,18.0,22.0,-7.0,,2026-07-24T11:48:54.273691+08:00
2412,2026-01-30,155603,-40531,1137000,1252072,494.0,18.0,-23.0,0.0,,2026-07-24T11:48:54.273691+08:00
2412,2026-02-02,126000,-853516,637649,-89867,521.0,22.0,27.0,4.0,,2026-07-24T11:48:54.273691+08:00
2412,2026-02-03,35523,-753486,1896827,1178864,495.0,24.0,-26.0,2.0,,2026-07-24T11:48:54.273691+08:00
2412,2026-02-04,85000,-1807487,546000,-1176487,669.0,24.0,174.0,0.0,,2026-07-24T11:48:54.273691+08:00
2412,2026-02-05,203008,-4771935,751385,-3817542,534.0,25.0,-135.0,1.0,,2026-07-24T11:48:54.273691+08:00
2412,2026-02-06,175863,-3801622,952293,-2673466,520.0,22.0,-14.0,-3.0,,2026-07-24T11:48:54.273691+08:00
2412,2026-02-09,-116639,-673438,2000,-788077,534.0,22.0,14.0,0.0,,2026-07-24T11:48:54.273691+08:00
2412,2026-02-10,157114,-1071979,97000,-817865,530.0,23.0,-4.0,1.0,,2026-07-24T11:48:54.273691+08:00
2412,2026-02-11,404176,3013051,-351000,3066227,515.0,24.0,-15.0,1.0,,2026-07-24T11:48:54.273691+08:00
2412,2026-02-23,187765,8216265,30000,8434030,493.0,24.0,-22.0,0.0,,2026-07-24T11:48:54.273691+08:00
2412,2026-02-24,423950,2942035,118649,3484634,472.0,25.0,-21.0,1.0,,2026-07-24T11:48:54.273691+08:00
2412,2026-02-25,316300,2974291,-171000,3119591,455.0,30.0,-17.0,5.0,,2026-07-24T11:48:54.273691+08:00
2412,2026-02-26,591435,1446348,236458,2274241,669.0,30.0,214.0,0.0,,2026-07-24T11:48:54.273691+08:00
2412,2026-03-02,41402,16453967,343000,16838369,461.0,34.0,-208.0,4.0,,2026-07-24T11:48:54.273691+08:00
2412,2026-03-03,137068,4747633,1858000,6742701,520.0,30.0,59.0,-4.0,,2026-07-24T11:48:54.273691+08:00
2412,2026-03-04,460912,2017984,100000,2578896,800.0,28.0,280.0,-2.0,,2026-07-24T11:48:54.273691+08:00
2412,2026-03-05,125026,4180763,314000,4619789,746.0,33.0,-54.0,5.0,,2026-07-24T11:48:54.273691+08:00
2412,2026-03-06,119807,3782689,126000,4028496,743.0,28.0,-3.0,-5.0,,2026-07-24T11:48:54.273691+08:00
2412,2026-03-09,-228109,7467105,-791154,6447842,878.0,28.0,135.0,0.0,,2026-07-24T11:48:54.273691+08:00
2412,2026-03-10,447655,581137,127846,1156638,867.0,21.0,-11.0,-7.0,,2026-07-24T11:48:54.273691+08:00
2412,2026-03-11,27079,2994058,-113000,2908137,808.0,17.0,-59.0,-4.0,,2026-07-24T11:48:54.273691+08:00
2412,2026-03-12,-177000,5222986,-251000,4794986,687.0,17.0,-121.0,0.0,,2026-07-24T11:48:54.273691+08:00
2412,2026-03-13,-185000,1561985,-102000,1274985,639.0,17.0,-48.0,0.0,,2026-07-24T11:48:54.273691+08:00
2412,2026-03-16,32140,1761466,-406971,1386635,610.0,17.0,-29.0,0.0,,2026-07-24T11:48:54.273691+08:00
2412,2026-03-17,266000,3326796,-425000,3167796,583.0,17.0,-27.0,0.0,,2026-07-24T11:48:54.273691+08:00
2412,2026-03-18,173156,1678264,8847,1860267,406.0,16.0,-177.0,-1.0,,2026-07-24T11:48:54.273691+08:00
2412,2026-03-19,138370,258623,-106000,290993,481.0,12.0,75.0,-4.0,,2026-07-24T11:48:54.273691+08:00
2412,2026-03-20,437680,1311082,-647675,1101087,589.0,11.0,108.0,-1.0,,2026-07-24T11:48:54.273691+08:00
2412,2026-03-23,-39664,2552956,1399958,3913250,628.0,0.0,39.0,-11.0,,2026-07-24T11:48:54.273691+08:00
2412,2026-03-24,59444,1717005,46000,1822449,636.0,0.0,8.0,0.0,,2026-07-24T11:48:54.273691+08:00
2412,2026-03-25,266210,1633665,-71333,1828542,506.0,0.0,-130.0,0.0,,2026-07-24T11:48:54.273691+08:00
2412,2026-03-26,70030,652093,-82249,639874,509.0,0.0,3.0,0.0,,2026-07-24T11:48:54.273691+08:00
2412,2026-03-27,280510,-186293,-68490,25727,510.0,1.0,1.0,1.0,,2026-07-24T11:48:54.273691+08:00
2412,2026-03-30,-63490,-1316674,109292,-1270872,517.0,4.0,7.0,3.0,,2026-07-24T11:48:54.273691+08:00
2412,2026-03-31,886610,-2092971,-3361000,-4567361,800.0,16.0,283.0,12.0,,2026-07-24T11:48:54.273691+08:00
2412,2026-04-01,643360,1755572,-3033694,-634762,627.0,16.0,-173.0,0.0,,2026-07-24T11:48:54.273691+08:00
2412,2026-04-02,-81000,-525787,63244,-543543,631.0,7.0,4.0,-9.0,,2026-07-24T11:48:54.273691+08:00
2412,2026-04-07,32805,-1020266,746881,-240580,623.0,10.0,-8.0,3.0,,2026-07-24T11:48:54.273691+08:00
2412,2026-04-08,356030,-479132,612718,489616,592.0,11.0,-31.0,1.0,,2026-07-24T11:48:54.273691+08:00
2412,2026-04-09,-250000,-392175,682736,40561,595.0,11.0,3.0,0.0,,2026-07-24T11:48:54.273691+08:00
2412,2026-04-10,-95000,508225,178419,591644,566.0,11.0,-29.0,0.0,,2026-07-24T11:48:54.273691+08:00
2412,2026-04-13,-47863,-8853,-1014793,-1071509,581.0,11.0,15.0,0.0,,2026-07-24T11:48:54.273691+08:00
2412,2026-04-14,54687,2003184,-1345854,712017,557.0,11.0,-24.0,0.0,,2026-07-24T11:48:54.273691+08:00
2412,2026-04-15,26000,2131095,-727901,1429194,453.0,11.0,-104.0,0.0,,2026-07-24T11:48:54.273691+08:00
2412,2026-04-16,150000,4103795,-656143,3597652,352.0,10.0,-101.0,-1.0,,2026-07-24T11:48:54.273691+08:00
2412,2026-04-17,-36988,5320078,-543239,4739851,298.0,11.0,-54.0,1.0,,2026-07-24T11:48:54.273691+08:00
2412,2026-04-20,40000,3800045,-1556476,2283569,297.0,10.0,-1.0,-1.0,,2026-07-24T11:48:54.273691+08:00
2412,2026-04-21,10008,1613790,406348,2030146,327.0,8.0,30.0,-2.0,,2026-07-24T11:48:54.273691+08:00
2412,2026-04-22,-130580,-2024204,117243,-2037541,453.0,8.0,126.0,0.0,,2026-07-24T11:48:54.273691+08:00
2412,2026-04-23,-198984,-453684,-538627,-1191295,369.0,5.0,-84.0,-3.0,,2026-07-24T11:48:54.273691+08:00
2412,2026-04-24,-14000,-1147153,-290105,-1451258,391.0,4.0,22.0,-1.0,,2026-07-24T11:48:54.273691+08:00
2412,2026-04-27,-143107,-3343412,-399902,-3886421,471.0,6.0,80.0,2.0,,2026-07-24T11:48:54.273691+08:00
2412,2026-04-28,-34499,-10321000,-973115,-11328614,343.0,7.0,-128.0,1.0,,2026-07-24T11:48:54.273691+08:00
2412,2026-04-29,10618,-1233674,-360000,-1583056,334.0,7.0,-9.0,0.0,,2026-07-24T11:48:54.273691+08:00
2412,2026-04-30,20532,-821938,-230000,-1031406,335.0,6.0,1.0,-1.0,,2026-07-24T11:48:54.273691+08:00
2412,2026-05-04,67000,-2525424,-27511,-2485935,410.0,6.0,75.0,0.0,,2026-07-24T11:48:54.273691+08:00
2412,2026-05-05,-6000,485599,98645,578244,347.0,6.0,-63.0,0.0,,2026-07-24T11:48:54.273691+08:00
2412,2026-05-06,89056,-1971061,203557,-1678448,355.0,6.0,8.0,0.0,,2026-07-24T11:48:54.273691+08:00
2412,2026-05-07,118072,-3422534,344217,-2960245,365.0,6.0,10.0,0.0,,2026-07-24T11:48:54.273691+08:00
2412,2026-05-08,60032,-1034714,-2000,-976682,320.0,6.0,-45.0,0.0,,2026-07-24T11:48:54.273691+08:00
2412,2026-05-11,75008,-2542523,-11752,-2479267,411.0,6.0,91.0,0.0,,2026-07-24T11:48:54.273691+08:00
2412,2026-05-12,-100899,-1807829,-68307,-1977035,306.0,6.0,-105.0,0.0,,2026-07-24T11:48:54.273691+08:00
2412,2026-05-13,-62388,5908953,1707528,7554093,259.0,7.0,-47.0,1.0,,2026-07-24T11:48:54.273691+08:00
2412,2026-05-14,296286,2909163,-79000,3126449,243.0,8.0,-16.0,1.0,,2026-07-24T11:48:54.273691+08:00
2412,2026-05-15,205000,2323021,41672,2569693,243.0,9.0,0.0,1.0,,2026-07-24T11:48:54.273691+08:00
2412,2026-05-18,292384,-1498771,4000,-1202387,469.0,7.0,226.0,-2.0,,2026-07-24T11:48:54.273691+08:00
2412,2026-05-19,-68688,16215962,7872606,24019880,330.0,2511.0,-139.0,2504.0,,2026-07-24T11:48:54.273691+08:00
2412,2026-05-20,73511,-6067925,170000,-5824414,425.0,10.0,95.0,-2501.0,,2026-07-24T11:48:54.273691+08:00
2412,2026-05-21,396063,-5392387,-566000,-5562324,443.0,8.0,18.0,-2.0,,2026-07-24T11:48:54.273691+08:00
2412,2026-05-22,10340,-5978509,-34351,-6002520,452.0,9.0,9.0,1.0,,2026-07-24T11:48:54.273691+08:00
2412,2026-05-25,216363,-7508212,359000,-6932849,459.0,6.0,7.0,-3.0,,2026-07-24T11:48:54.273691+08:00
2412,2026-05-26,237027,-9162006,1832000,-7092979,374.0,6.0,-85.0,0.0,,2026-07-24T11:48:54.273691+08:00
2412,2026-05-27,325256,-5203468,1297000,-3581212,406.0,8.0,32.0,2.0,,2026-07-24T11:48:54.273691+08:00
2412,2026-05-28,358744,-9468182,3518702,-5590736,393.0,9.0,-13.0,1.0,,2026-07-24T11:48:54.273691+08:00
2412,2026-05-29,966523,-6478228,4972168,-539537,389.0,11.0,-4.0,2.0,,2026-07-24T11:48:54.273691+08:00
2412,2026-06-01,632428,5039936,5941000,11613364,340.0,19.0,-49.0,8.0,,2026-07-24T11:48:54.273691+08:00
2412,2026-06-02,-20895,-4824276,7593000,2747829,340.0,18.0,0.0,-1.0,,2026-07-24T11:48:54.273691+08:00
2412,2026-06-03,212014,-4190279,4132199,153934,317.0,16.0,-23.0,-2.0,,2026-07-24T11:48:54.273691+08:00
2412,2026-06-04,823399,-1017611,1631199,1436987,298.0,18.0,-19.0,2.0,,2026-07-24T11:48:54.273691+08:00
2412,2026-06-05,980486,-5149294,198246,-3970562,340.0,15.0,42.0,-3.0,,2026-07-24T11:48:54.273691+08:00
2412,2026-06-08,287065,-7159145,361000,-6511080,499.0,14.0,159.0,-1.0,,2026-07-24T11:48:54.273691+08:00
2412,2026-06-09,361000,1906818,22000,2289818,281.0,14.0,-218.0,0.0,,2026-07-24T11:48:54.273691+08:00
2412,2026-06-10,187063,5096218,129025,5412306,381.0,15.0,100.0,1.0,,2026-07-24T11:48:54.273691+08:00
2412,2026-06-11,710130,5853225,274793,6838148,379.0,18.0,-2.0,3.0,,2026-07-24T11:48:54.273691+08:00
2412,2026-06-12,-39440,-1045349,-48797,-1133586,246.0,17.0,-133.0,-1.0,,2026-07-24T11:48:54.273691+08:00
2412,2026-06-15,62020,-434818,89000,-283798,226.0,18.0,-20.0,1.0,,2026-07-24T11:48:54.273691+08:00
2412,2026-06-16,65884,2817895,-85801,2797978,227.0,17.0,1.0,-1.0,,2026-07-24T11:48:54.273691+08:00
2412,2026-06-17,-67912,-2702980,296345,-2474547,215.0,16.0,-12.0,-1.0,,2026-07-24T11:48:54.273691+08:00
2412,2026-06-18,363998,-1800466,-691193,-2127661,269.0,16.0,54.0,0.0,,2026-07-24T11:48:54.273691+08:00
2412,2026-06-19,-1396000,2342931,-30000,916931,,,,,,2026-07-24T11:48:54.273691+08:00
2412,2026-06-22,29000,-1033517,323818,-680699,219.0,16.0,,,,2026-07-24T11:48:54.273691+08:00
2412,2026-06-23,150925,-3371931,656837,-2564169,373.0,15.0,154.0,-1.0,,2026-07-24T11:48:54.273691+08:00
2412,2026-06-24,634810,-4112376,1301000,-2176566,232.0,15.0,-141.0,0.0,,2026-07-24T11:48:54.273691+08:00
2412,2026-06-25,410435,96388,348000,854823,284.0,9.0,52.0,-6.0,,2026-07-24T11:48:54.273691+08:00
2412,2026-06-26,832244,-8061422,3184199,-4044979,364.0,9.0,80.0,0.0,,2026-07-24T11:48:54.273691+08:00
2412,2026-06-29,760955,-9510493,4121556,-4627982,440.0,7.0,76.0,-2.0,,2026-07-24T11:48:54.273691+08:00
2412,2026-06-30,269000,-11021211,3686654,-7065557,394.0,6.0,-46.0,-1.0,,2026-07-24T11:48:54.273691+08:00
2412,2026-07-01,-52000,-7327373,2910252,-4469121,386.0,6.0,,,,2026-07-30T01:54:04.734472+08:00
2412,2026-07-02,4516,-10360969,3713978,-6642475,476.0,5.0,90.0,-1.0,,2026-07-30T01:54:04.734472+08:00
2412,2026-07-03,14000,-10092419,3748450,-6329969,558.0,0.0,82.0,-5.0,,2026-07-30T01:54:04.734472+08:00
2412,2026-07-06,483000,-5487011,3750473,-1253538,464.0,0.0,-94.0,0.0,,2026-07-30T01:54:04.734472+08:00
2412,2026-07-07,101007,-11361064,3326613,-7933444,527.0,0.0,63.0,0.0,,2026-07-30T01:54:04.734472+08:00
2412,2026-07-08,-521448,-13492725,970968,-13043205,602.0,0.0,75.0,0.0,,2026-07-30T01:54:04.734472+08:00
2412,2026-07-09,-10741969,6975971,-30551,-3796549,711.0,3.0,109.0,3.0,,2026-07-30T01:54:04.734472+08:00
2412,2026-07-13,-1201994,-166448,661221,-707221,769.0,8.0,58.0,5.0,,2026-07-30T01:54:04.734472+08:00
2412,2026-07-14,867780,-2321047,1122389,-330878,956.0,45.0,187.0,37.0,,2026-07-30T01:54:04.734472+08:00
2412,2026-07-15,-60000,-382368,-853901,-1296269,876.0,46.0,-80.0,1.0,,2026-07-30T01:54:04.734472+08:00
2412,2026-07-16,102250,13608833,-308016,13403067,684.0,51.0,-192.0,5.0,,2026-07-30T01:54:04.734472+08:00
2412,2026-07-17,727450,17038876,1020408,18786734,1685.0,75.0,1001.0,24.0,,2026-07-30T01:54:04.734472+08:00
2412,2026-07-20,1064492,8462435,987101,10514028,2978.0,148.0,1293.0,73.0,,2026-07-30T01:54:04.734472+08:00
2412,2026-07-21,-33040,8347560,-233633,8080887,2828.0,110.0,-150.0,-38.0,,2026-07-30T01:54:04.734472+08:00
2412,2026-07-22,217468,2781745,-170728,2828485,2489.0,90.0,-339.0,-20.0,,2026-07-30T01:54:04.734472+08:00
2412,2026-07-23,770000,3647961,-45580,4372381,2519.0,87.0,30.0,-3.0,,2026-07-30T01:54:04.734472+08:00
2412,2026-07-24,750000,6764328,696144,8210472,2532.0,88.0,13.0,1.0,,2026-07-30T01:54:04.734472+08:00
2412,2026-07-27,309480,13605984,93876,14009340,2403.0,93.0,-129.0,5.0,,2026-07-30T01:54:04.734472+08:00
2412,2026-07-28,863508,9689548,63700,10616756,3796.0,207.0,1393.0,114.0,,2026-07-30T01:54:04.734472+08:00
2412,2026-07-29,727288,12934049,-564666,13096671,7700.0,506.0,3904.0,299.0,,2026-07-30T01:54:04.734472+08:00
2412,2026-08-03,-228000,1908566,-632434,1048132,4209.0,115.0,,,,2026-08-18T07:16:37.013066+08:00
2412,2026-08-04,-586760,-2905602,-855939,-4348301,4032.0,67.0,-177.0,-48.0,,2026-08-18T07:16:37.013066+08:00
2412,2026-08-05,153389,1089905,-1274,1242020,3391.0,42.0,-641.0,-25.0,,2026-08-18T07:16:37.013066+08:00
2412,2026-08-06,-239000,-740022,553999,-425023,3118.0,41.0,-273.0,-1.0,,2026-08-18T07:16:37.013066+08:00
2412,2026-08-07,-27000,1407518,369876,1750394,2448.0,41.0,-670.0,0.0,,2026-08-18T07:16:37.013066+08:00
2412,2026-08-10,73000,-2511971,-62713,-2501684,2363.0,37.0,-85.0,-4.0,,2026-08-18T07:16:37.013066+08:00
2412,2026-08-11,32014,-1682433,29963,-1620456,2350.0,33.0,-13.0,-4.0,,2026-08-18T07:16:37.013066+08:00
2412,2026-08-12,29000,-1239653,-1975046,-3185699,1948.0,33.0,-402.0,0.0,,2026-08-18T07:16:37.013066+08:00
2412,2026-08-13,111006,-1966008,-14746,-1869748,1915.0,28.0,-33.0,-5.0,,2026-08-18T07:16:37.013066+08:00
2412,2026-08-14,7012,-4262279,1508867,-2746400,1979.0,27.0,64.0,-1.0,,2026-08-18T07:16:37.013066+08:00
2412,2026-08-17,46000,-1486853,2113261,672408,1947.0,27.0,-32.0,0.0,,2026-08-18T07:16:37.013066+08:00
2412,2026-08-03,-228000,1908566,-632434,1048132,4209.0,115.0,,,,2026-08-18T14:56:41.200157+08:00
2412,2026-08-04,-586760,-2905602,-855939,-4348301,4032.0,67.0,-177.0,-48.0,,2026-08-18T14:56:41.200157+08:00
2412,2026-08-05,153389,1089905,-1274,1242020,3391.0,42.0,-641.0,-25.0,,2026-08-18T14:56:41.200157+08:00
2412,2026-08-06,-239000,-740022,553999,-425023,3118.0,41.0,-273.0,-1.0,,2026-08-18T14:56:41.200157+08:00
2412,2026-08-07,-27000,1407518,369876,1750394,2448.0,41.0,-670.0,0.0,,2026-08-18T14:56:41.200157+08:00
2412,2026-08-10,73000,-2511971,-62713,-2501684,2363.0,37.0,-85.0,-4.0,,2026-08-18T14:56:41.200157+08:00
2412,2026-08-11,32014,-1682433,29963,-1620456,2350.0,33.0,-13.0,-4.0,,2026-08-18T14:56:41.200157+08:00
2412,2026-08-12,29000,-1239653,-1975046,-3185699,1948.0,33.0,-402.0,0.0,,2026-08-18T14:56:41.200157+08:00
2412,2026-08-13,111006,-1966008,-14746,-1869748,1915.0,28.0,-33.0,-5.0,,2026-08-18T14:56:41.200157+08:00
2412,2026-08-14,7012,-4262279,1508867,-2746400,1979.0,27.0,64.0,-1.0,,2026-08-18T14:56:41.200157+08:00
2412,2026-08-17,46000,-1486853,2113261,672408,1947.0,27.0,-32.0,0.0,,2026-08-18T14:56:41.200157+08:00
