stock_id,trade_date,dealer_net,foreign_net,investment_trust_net,institutional_net,margin_balance,short_balance,margin_change,short_change,securities_lending,updated_at
2603,2016-01-04,-33000.0,-2684360.0,0.0,-2717360.0,27060.0,811.0,,,,2026-07-24T11:48:55.841922+08:00
2603,2016-01-05,-8000.0,-1799716.0,-4000.0,-1811716.0,27397.0,697.0,337.0,-114.0,,2026-07-24T11:48:55.841922+08:00
2603,2016-01-06,198560.0,-3088347.0,-300000.0,-3189787.0,27383.0,686.0,-14.0,-11.0,,2026-07-24T11:48:55.841922+08:00
2603,2016-01-07,-922000.0,-1142039.0,0.0,-2064039.0,27545.0,651.0,162.0,-35.0,,2026-07-24T11:48:55.841922+08:00
2603,2016-01-08,79000.0,-1999163.0,0.0,-1920163.0,28043.0,651.0,498.0,0.0,,2026-07-24T11:48:55.841922+08:00
2603,2016-01-11,-20000.0,-2183960.0,-479000.0,-2682960.0,26956.0,648.0,-1087.0,-3.0,,2026-07-24T11:48:55.841922+08:00
2603,2016-01-12,-309000.0,-2024200.0,-1000.0,-2334200.0,26596.0,661.0,-360.0,13.0,,2026-07-24T11:48:55.841922+08:00
2603,2016-01-13,337000.0,-1184000.0,-201000.0,-1048000.0,27001.0,655.0,405.0,-6.0,,2026-07-24T11:48:55.841922+08:00
2603,2016-01-14,771000.0,-1474000.0,-220000.0,-923000.0,27412.0,632.0,411.0,-23.0,,2026-07-24T11:48:55.841922+08:00
2603,2016-01-15,-116000.0,-2271217.0,-519000.0,-2906217.0,27359.0,1103.0,-53.0,471.0,,2026-07-24T11:48:55.841922+08:00
2603,2016-01-18,129000.0,-346000.0,0.0,-217000.0,27436.0,922.0,77.0,-181.0,,2026-07-24T11:48:55.841922+08:00
2603,2016-01-19,-8000.0,-1957000.0,-100000.0,-2065000.0,28002.0,986.0,566.0,64.0,,2026-07-24T11:48:55.841922+08:00
2603,2016-01-20,-328000.0,-2637640.0,-7000.0,-2972640.0,28216.0,1009.0,214.0,23.0,,2026-07-24T11:48:55.841922+08:00
2603,2016-01-21,191000.0,-2547382.0,0.0,-2356382.0,28295.0,955.0,79.0,-54.0,,2026-07-24T11:48:55.841922+08:00
2603,2016-01-22,203000.0,-688020.0,0.0,-485020.0,28201.0,925.0,-94.0,-30.0,,2026-07-24T11:48:55.841922+08:00
2603,2016-01-25,74000.0,908000.0,22000.0,1004000.0,27533.0,907.0,-668.0,-18.0,,2026-07-24T11:48:55.841922+08:00
2603,2016-01-26,-53000.0,-1023410.0,0.0,-1076410.0,27457.0,612.0,-76.0,-295.0,,2026-07-24T11:48:55.841922+08:00
2603,2016-01-27,-119000.0,-1189732.0,0.0,-1308732.0,27452.0,611.0,-5.0,-1.0,,2026-07-24T11:48:55.841922+08:00
2603,2016-01-28,25000.0,23585.0,0.0,48585.0,27388.0,598.0,-64.0,-13.0,,2026-07-24T11:48:55.841922+08:00
2603,2016-01-29,-77000.0,1039721.0,2000.0,964721.0,27028.0,579.0,-360.0,-19.0,,2026-07-24T11:48:55.841922+08:00
2603,2016-01-30,-303000.0,225000.0,8000.0,-70000.0,27768.0,563.0,740.0,-16.0,,2026-07-24T11:48:55.841922+08:00
2603,2016-02-01,-401000.0,30620.0,0.0,-370380.0,27483.0,557.0,-285.0,-6.0,,2026-07-24T11:48:55.841922+08:00
2603,2016-02-02,25000.0,-609766.0,0.0,-584766.0,26841.0,553.0,-642.0,-4.0,,2026-07-24T11:48:55.841922+08:00
2603,2016-02-03,346000.0,-3840044.0,0.0,-3494044.0,26968.0,573.0,127.0,20.0,,2026-07-24T11:48:55.841922+08:00
2603,2016-02-05,-203000.0,641987.0,-715000.0,-276013.0,,,,,,2026-07-24T11:48:55.841922+08:00
2603,2016-02-15,253000.0,718093.0,-2642.0,968451.0,26675.0,573.0,,,,2026-07-24T11:48:55.841922+08:00
2603,2016-02-16,-349000.0,1112156.0,0.0,763156.0,26530.0,571.0,-145.0,-2.0,,2026-07-24T11:48:55.841922+08:00
2603,2016-02-17,-90000.0,-2193000.0,0.0,-2283000.0,26944.0,570.0,414.0,-1.0,,2026-07-24T11:48:55.841922+08:00
2603,2016-02-18,236000.0,294710.0,0.0,530710.0,27114.0,570.0,170.0,0.0,,2026-07-24T11:48:55.841922+08:00
2603,2016-02-19,699000.0,-542640.0,78000.0,234360.0,27022.0,590.0,-92.0,20.0,,2026-07-24T11:48:55.841922+08:00
2603,2016-02-22,377000.0,-2131000.0,0.0,-1754000.0,28021.0,630.0,999.0,40.0,,2026-07-24T11:48:55.841922+08:00
2603,2016-02-23,-572000.0,-1317028.0,0.0,-1889028.0,28167.0,618.0,146.0,-12.0,,2026-07-24T11:48:55.841922+08:00
2603,2016-02-24,134000.0,-447802.0,0.0,-313802.0,28278.0,626.0,111.0,8.0,,2026-07-24T11:48:55.841922+08:00
2603,2016-02-25,17000.0,653184.0,0.0,670184.0,27324.0,620.0,-954.0,-6.0,,2026-07-24T11:48:55.841922+08:00
2603,2016-02-26,586000.0,945028.0,2000.0,1533028.0,27253.0,610.0,-71.0,-10.0,,2026-07-24T11:48:55.841922+08:00
2603,2016-03-01,1000.0,2235489.0,0.0,2236489.0,26930.0,648.0,-323.0,38.0,,2026-07-24T11:48:55.841922+08:00
2603,2016-03-02,1650000.0,1912060.0,-18134.0,3543926.0,25601.0,742.0,-1329.0,94.0,,2026-07-24T11:48:55.841922+08:00
2603,2016-03-03,-715000.0,1269000.0,250000.0,804000.0,26743.0,862.0,1142.0,120.0,,2026-07-24T11:48:55.841922+08:00
2603,2016-03-04,-432000.0,2522700.0,0.0,2090700.0,26159.0,799.0,-584.0,-63.0,,2026-07-24T11:48:55.841922+08:00
2603,2016-03-07,190000.0,3575230.0,468000.0,4233230.0,23873.0,1022.0,-2286.0,223.0,,2026-07-24T11:48:55.841922+08:00
2603,2016-03-08,1578000.0,-891182.0,-2000.0,684818.0,23352.0,853.0,-521.0,-169.0,,2026-07-24T11:48:55.841922+08:00
2603,2016-03-09,-1247000.0,180020.0,160000.0,-906980.0,23365.0,784.0,13.0,-69.0,,2026-07-24T11:48:55.841922+08:00
2603,2016-03-10,-754000.0,-215050.0,0.0,-969050.0,22869.0,771.0,-496.0,-13.0,,2026-07-24T11:48:55.841922+08:00
2603,2016-03-11,-80051.0,-145000.0,0.0,-225051.0,23231.0,926.0,362.0,155.0,,2026-07-24T11:48:55.841922+08:00
2603,2016-03-14,129000.0,773999.0,0.0,902999.0,22573.0,934.0,-658.0,8.0,,2026-07-24T11:48:55.841922+08:00
2603,2016-03-15,-505000.0,-2183000.0,0.0,-2688000.0,23319.0,737.0,746.0,-197.0,,2026-07-24T11:48:55.841922+08:00
2603,2016-03-16,47000.0,2957280.0,-412000.0,2592280.0,23176.0,814.0,-143.0,77.0,,2026-07-24T11:48:55.841922+08:00
2603,2016-03-17,-410000.0,-555000.0,0.0,-965000.0,23624.0,783.0,448.0,-31.0,,2026-07-24T11:48:55.841922+08:00
2603,2016-03-18,-151000.0,48000.0,16000.0,-87000.0,23776.0,766.0,152.0,-17.0,,2026-07-24T11:48:55.841922+08:00
2603,2016-03-21,87000.0,-1016000.0,0.0,-929000.0,23756.0,808.0,-20.0,42.0,,2026-07-24T11:48:55.841922+08:00
2603,2016-03-22,-13000.0,-1861794.0,0.0,-1874794.0,23829.0,818.0,73.0,10.0,,2026-07-24T11:48:55.841922+08:00
2603,2016-03-23,-80000.0,-567000.0,0.0,-647000.0,23850.0,832.0,21.0,14.0,,2026-07-24T11:48:55.841922+08:00
2603,2016-03-24,-134000.0,-2131000.0,0.0,-2265000.0,24597.0,825.0,747.0,-7.0,,2026-07-24T11:48:55.841922+08:00
2603,2016-03-25,52000.0,-348000.0,0.0,-296000.0,24942.0,822.0,345.0,-3.0,,2026-07-24T11:48:55.841922+08:00
2603,2016-03-28,-205000.0,-76000.0,0.0,-281000.0,24836.0,864.0,-106.0,42.0,,2026-07-24T11:48:55.841922+08:00
2603,2016-03-29,-34000.0,-1083000.0,0.0,-1117000.0,25203.0,850.0,367.0,-14.0,,2026-07-24T11:48:55.841922+08:00
2603,2016-03-30,0.0,-876000.0,-250000.0,-1126000.0,25537.0,811.0,334.0,-39.0,,2026-07-24T11:48:55.841922+08:00
2603,2016-03-31,-14264.0,-2620110.0,0.0,-2634374.0,25674.0,844.0,137.0,33.0,,2026-07-24T11:48:55.841922+08:00
2603,2016-04-01,-55000.0,-777299.0,0.0,-832299.0,25346.0,791.0,-328.0,-53.0,,2026-07-24T11:48:55.841922+08:00
2603,2016-04-06,-44000.0,-5077910.0,0.0,-5121910.0,25860.0,672.0,514.0,-119.0,,2026-07-24T11:48:55.841922+08:00
2603,2016-04-07,-13000.0,-2258861.0,0.0,-2271861.0,25986.0,649.0,126.0,-23.0,,2026-07-24T11:48:55.841922+08:00
2603,2016-04-08,-3000.0,654000.0,0.0,651000.0,25997.0,155.0,11.0,-494.0,,2026-07-24T11:48:55.841922+08:00
2603,2016-04-11,46000.0,1210810.0,0.0,1256810.0,25850.0,119.0,-147.0,-36.0,,2026-07-24T11:48:55.841922+08:00
2603,2016-04-12,320000.0,-1208761.0,-2000.0,-890761.0,26032.0,47.0,182.0,-72.0,,2026-07-24T11:48:55.841922+08:00
2603,2016-04-13,198000.0,2335220.0,0.0,2533220.0,25445.0,166.0,-587.0,119.0,,2026-07-24T11:48:55.841922+08:00
2603,2016-04-14,-5000.0,-1859110.0,0.0,-1864110.0,25764.0,38.0,319.0,-128.0,,2026-07-24T11:48:55.841922+08:00
2603,2016-04-15,-197000.0,1729000.0,-64000.0,1468000.0,25589.0,0.0,-175.0,-38.0,,2026-07-24T11:48:55.841922+08:00
2603,2016-04-18,50000.0,-779000.0,0.0,-729000.0,25924.0,0.0,335.0,0.0,,2026-07-24T11:48:55.841922+08:00
2603,2016-04-19,-73000.0,-1657000.0,0.0,-1730000.0,25929.0,0.0,5.0,0.0,,2026-07-24T11:48:55.841922+08:00
2603,2016-04-20,-173000.0,-700810.0,-1000.0,-874810.0,25950.0,0.0,21.0,0.0,,2026-07-24T11:48:55.841922+08:00
2603,2016-04-21,-74000.0,-427560.0,0.0,-501560.0,25875.0,271.0,-75.0,271.0,,2026-07-24T11:48:55.841922+08:00
2603,2016-04-22,-19000.0,-886000.0,0.0,-905000.0,25699.0,273.0,-176.0,2.0,,2026-07-24T11:48:55.841922+08:00
2603,2016-04-25,20000.0,1512000.0,0.0,1532000.0,24675.0,369.0,-1024.0,96.0,,2026-07-24T11:48:55.841922+08:00
2603,2016-04-26,6000.0,-2007307.0,0.0,-2001307.0,24159.0,374.0,-516.0,5.0,,2026-07-24T11:48:55.841922+08:00
2603,2016-04-27,19000.0,-2285044.0,0.0,-2266044.0,24165.0,426.0,6.0,52.0,,2026-07-24T11:48:55.841922+08:00
2603,2016-04-28,-264000.0,-4982809.0,0.0,-5246809.0,24153.0,447.0,-12.0,21.0,,2026-07-24T11:48:55.841922+08:00
2603,2016-04-29,-306000.0,-2539749.0,0.0,-2845749.0,24428.0,491.0,275.0,44.0,,2026-07-24T11:48:55.841922+08:00
2603,2016-05-03,-172000.0,-3275000.0,0.0,-3447000.0,24458.0,526.0,30.0,35.0,,2026-07-24T11:48:55.841922+08:00
2603,2016-05-04,-12000.0,-4735809.0,0.0,-4747809.0,24534.0,579.0,76.0,53.0,,2026-07-24T11:48:55.841922+08:00
2603,2016-05-05,-19000.0,-1793634.0,0.0,-1812634.0,24577.0,665.0,43.0,86.0,,2026-07-24T11:48:55.841922+08:00
2603,2016-05-06,180000.0,-1120000.0,0.0,-940000.0,25222.0,950.0,645.0,285.0,,2026-07-24T11:48:55.841922+08:00
2603,2016-05-09,-90573.0,-1021000.0,0.0,-1111573.0,24932.0,1022.0,-290.0,72.0,,2026-07-24T11:48:55.841922+08:00
2603,2016-05-10,50000.0,-1421999.0,1902.0,-1370097.0,25176.0,885.0,244.0,-137.0,,2026-07-24T11:48:55.841922+08:00
2603,2016-05-11,46000.0,-2739000.0,0.0,-2693000.0,25301.0,970.0,125.0,85.0,,2026-07-24T11:48:55.841922+08:00
2603,2016-05-12,-137000.0,-893770.0,0.0,-1030770.0,25242.0,1239.0,-59.0,269.0,,2026-07-24T11:48:55.841922+08:00
2603,2016-05-13,-108000.0,-4318000.0,0.0,-4426000.0,24289.0,660.0,-953.0,-579.0,,2026-07-24T11:48:55.841922+08:00
2603,2016-05-16,7000.0,-1603000.0,0.0,-1596000.0,24301.0,609.0,12.0,-51.0,,2026-07-24T11:48:55.841922+08:00
2603,2016-05-17,0.0,-3219000.0,0.0,-3219000.0,24610.0,559.0,309.0,-50.0,,2026-07-24T11:48:55.841922+08:00
2603,2016-05-18,52000.0,-2950781.0,0.0,-2898781.0,24700.0,572.0,90.0,13.0,,2026-07-24T11:48:55.841922+08:00
2603,2016-05-19,16000.0,-2037000.0,-32000.0,-2053000.0,24869.0,527.0,169.0,-45.0,,2026-07-24T11:48:55.841922+08:00
2603,2016-05-20,-8000.0,-2296930.0,-156000.0,-2460930.0,25439.0,544.0,570.0,17.0,,2026-07-24T11:48:55.841922+08:00
2603,2016-05-23,34000.0,-316292.0,-51344.0,-333636.0,25329.0,519.0,-110.0,-25.0,,2026-07-24T11:48:55.841922+08:00
2603,2016-05-24,0.0,-1412000.0,0.0,-1412000.0,25459.0,508.0,130.0,-11.0,,2026-07-24T11:48:55.841922+08:00
2603,2016-05-25,18000.0,-498000.0,0.0,-480000.0,25174.0,570.0,-285.0,62.0,,2026-07-24T11:48:55.841922+08:00
2603,2016-05-26,34000.0,-1335000.0,1000.0,-1300000.0,25304.0,571.0,130.0,1.0,,2026-07-24T11:48:55.841922+08:00
2603,2016-05-27,49000.0,-193188.0,0.0,-144188.0,25250.0,571.0,-54.0,0.0,,2026-07-24T11:48:55.841922+08:00
2603,2016-05-30,-23000.0,-880200.0,0.0,-903200.0,25290.0,588.0,40.0,17.0,,2026-07-24T11:48:55.841922+08:00
2603,2016-05-31,-68000.0,-904264.0,0.0,-972264.0,25045.0,615.0,-245.0,27.0,,2026-07-24T11:48:55.841922+08:00
2603,2016-06-01,149000.0,-134782.0,1700000.0,1714218.0,24351.0,643.0,-694.0,28.0,,2026-07-24T11:48:55.841922+08:00
2603,2016-06-02,-74000.0,-1078000.0,450000.0,-702000.0,24310.0,647.0,-41.0,4.0,,2026-07-24T11:48:55.841922+08:00
2603,2016-06-03,-27000.0,-1022000.0,625000.0,-424000.0,23978.0,658.0,-332.0,11.0,,2026-07-24T11:48:55.841922+08:00
2603,2016-06-04,92000.0,-272000.0,0.0,-180000.0,23736.0,712.0,-242.0,54.0,,2026-07-24T11:48:55.841922+08:00
2603,2016-06-06,-88000.0,-883830.0,0.0,-971830.0,23551.0,686.0,-185.0,-26.0,,2026-07-24T11:48:55.841922+08:00
2603,2016-06-07,-22000.0,605000.0,0.0,583000.0,23445.0,680.0,-106.0,-6.0,,2026-07-24T11:48:55.841922+08:00
2603,2016-06-08,28000.0,-1293000.0,0.0,-1265000.0,23224.0,721.0,-221.0,41.0,,2026-07-24T11:48:55.841922+08:00
2603,2016-06-13,-24000.0,29000.0,275000.0,280000.0,23186.0,684.0,-38.0,-37.0,,2026-07-24T11:48:55.841922+08:00
2603,2016-06-14,-60000.0,-364000.0,0.0,-424000.0,23283.0,677.0,97.0,-7.0,,2026-07-24T11:48:55.841922+08:00
2603,2016-06-15,124000.0,-1298760.0,0.0,-1174760.0,23702.0,679.0,419.0,2.0,,2026-07-24T11:48:55.841922+08:00
2603,2016-06-16,34000.0,-2507000.0,0.0,-2473000.0,23637.0,681.0,-65.0,2.0,,2026-07-24T11:48:55.841922+08:00
2603,2016-06-17,67000.0,-534670.0,8000.0,-459670.0,23463.0,697.0,-174.0,16.0,,2026-07-24T11:48:55.841922+08:00
2603,2016-06-20,30000.0,1288000.0,0.0,1318000.0,22887.0,757.0,-576.0,60.0,,2026-07-24T11:48:55.841922+08:00
2603,2016-06-21,18000.0,13437.0,0.0,31437.0,22746.0,793.0,-141.0,36.0,,2026-07-24T11:48:55.841922+08:00
2603,2016-06-22,1316000.0,440212.0,0.0,1756212.0,22763.0,887.0,17.0,94.0,,2026-07-24T11:48:55.841922+08:00
2603,2016-06-23,-99000.0,-196057.0,0.0,-295057.0,22970.0,864.0,207.0,-23.0,,2026-07-24T11:48:55.841922+08:00
2603,2016-06-24,-180000.0,-1542730.0,28000.0,-1694730.0,22960.0,793.0,-10.0,-71.0,,2026-07-24T11:48:55.841922+08:00
2603,2016-06-27,-705000.0,-466600.0,312000.0,-859600.0,22908.0,763.0,-52.0,-30.0,,2026-07-24T11:48:55.841922+08:00
2603,2016-06-28,-67000.0,-1975000.0,2000.0,-2040000.0,23320.0,755.0,412.0,-8.0,,2026-07-24T11:48:55.841922+08:00
2603,2016-06-29,-187000.0,-677503.0,84580.0,-779923.0,23537.0,749.0,217.0,-6.0,,2026-07-24T11:48:55.841922+08:00
2603,2016-06-30,68840.0,319927.0,0.0,388767.0,23043.0,748.0,-494.0,-1.0,,2026-07-24T11:48:55.841922+08:00
2603,2016-07-01,376000.0,2160000.0,0.0,2536000.0,22862.0,718.0,-181.0,-30.0,,2026-07-24T11:48:55.841922+08:00
2603,2016-07-04,480000.0,849000.0,0.0,1329000.0,22252.0,760.0,-610.0,42.0,,2026-07-24T11:48:55.841922+08:00
2603,2016-07-05,326000.0,6000.0,0.0,332000.0,21928.0,599.0,-324.0,-161.0,,2026-07-24T11:48:55.841922+08:00
2603,2016-07-06,-218000.0,-1724078.0,0.0,-1942078.0,22064.0,574.0,136.0,-25.0,,2026-07-24T11:48:55.841922+08:00
2603,2016-07-07,18000.0,-53000.0,0.0,-35000.0,22080.0,670.0,16.0,96.0,,2026-07-24T11:48:55.841922+08:00
2603,2016-07-11,175000.0,2154250.0,0.0,2329250.0,22478.0,700.0,398.0,30.0,,2026-07-24T11:48:55.841922+08:00
2603,2016-07-12,102000.0,1420740.0,0.0,1522740.0,22364.0,737.0,-114.0,37.0,,2026-07-24T11:48:55.841922+08:00
2603,2016-07-13,-4000.0,-89730.0,0.0,-93730.0,22590.0,730.0,226.0,-7.0,,2026-07-24T11:48:55.841922+08:00
2603,2016-07-14,184000.0,3810000.0,-1000.0,3993000.0,22289.0,746.0,-301.0,16.0,,2026-07-24T11:48:55.841922+08:00
2603,2016-07-15,275000.0,2170400.0,0.0,2445400.0,23668.0,734.0,1379.0,-12.0,,2026-07-24T11:48:55.841922+08:00
2603,2016-07-18,36000.0,1907000.0,0.0,1943000.0,23211.0,571.0,-457.0,-163.0,,2026-07-24T11:48:55.841922+08:00
2603,2016-07-19,814000.0,3586000.0,-2000.0,4398000.0,22782.0,612.0,-429.0,41.0,,2026-07-24T11:48:55.841922+08:00
2603,2016-07-20,328000.0,1320561.0,97000.0,1745561.0,22307.0,628.0,-475.0,16.0,,2026-07-24T11:48:55.841922+08:00
2603,2016-07-21,372000.0,2585038.0,-7000.0,2950038.0,21671.0,672.0,-636.0,44.0,,2026-07-24T11:48:55.841922+08:00
2603,2016-07-22,138000.0,-240000.0,371000.0,269000.0,21192.0,694.0,-479.0,22.0,,2026-07-24T11:48:55.841922+08:00
2603,2016-07-25,-267850.0,265000.0,0.0,-2850.0,20922.0,743.0,-270.0,49.0,,2026-07-24T11:48:55.841922+08:00
2603,2016-07-26,14000.0,245000.0,0.0,259000.0,20547.0,746.0,-375.0,3.0,,2026-07-24T11:48:55.841922+08:00
2603,2016-07-27,-1742000.0,385420.0,-1000.0,-1357580.0,21307.0,744.0,760.0,-2.0,,2026-07-24T11:48:55.841922+08:00
2603,2016-07-28,-388000.0,277000.0,0.0,-111000.0,21375.0,934.0,68.0,190.0,,2026-07-24T11:48:55.841922+08:00
2603,2016-07-29,-300000.0,-16000.0,-3471.0,-319471.0,21029.0,876.0,-346.0,-58.0,,2026-07-24T11:48:55.841922+08:00
2603,2016-08-01,67999.0,1710448.0,127000.0,1905447.0,20072.0,877.0,-957.0,1.0,,2026-07-24T11:48:55.841922+08:00
2603,2016-08-02,-41000.0,-2474410.0,-2000.0,-2517410.0,20245.0,866.0,173.0,-11.0,,2026-07-24T11:48:55.841922+08:00
2603,2016-08-03,-58000.0,-13000.0,-2000.0,-73000.0,20119.0,842.0,-126.0,-24.0,,2026-07-24T11:48:55.841922+08:00
2603,2016-08-04,-84000.0,1034250.0,-2000.0,948250.0,20155.0,838.0,36.0,-4.0,,2026-07-24T11:48:55.841922+08:00
2603,2016-08-05,-43000.0,1500000.0,-1000.0,1456000.0,20136.0,839.0,-19.0,1.0,,2026-07-24T11:48:55.841922+08:00
2603,2016-08-08,-25000.0,811904.0,-1000.0,785904.0,20102.0,845.0,-34.0,6.0,,2026-07-24T11:48:55.841922+08:00
2603,2016-08-09,-3000.0,1629712.0,0.0,1626712.0,20233.0,846.0,131.0,1.0,,2026-07-24T11:48:55.841922+08:00
2603,2016-08-10,6000.0,2027825.0,0.0,2033825.0,20227.0,846.0,-6.0,0.0,,2026-07-24T11:48:55.841922+08:00
2603,2016-08-11,-86000.0,391800.0,0.0,305800.0,20425.0,833.0,198.0,-13.0,,2026-07-24T11:48:55.841922+08:00
2603,2016-08-12,-11000.0,2032000.0,-2000.0,2019000.0,20353.0,837.0,-72.0,4.0,,2026-07-24T11:48:55.841922+08:00
2603,2016-08-15,2000.0,1485000.0,0.0,1487000.0,20590.0,814.0,237.0,-23.0,,2026-07-24T11:48:55.841922+08:00
2603,2016-08-16,-628000.0,1421000.0,-2000.0,791000.0,20507.0,810.0,-83.0,-4.0,,2026-07-24T11:48:55.841922+08:00
2603,2016-08-17,-292000.0,2387513.0,0.0,2095513.0,20382.0,820.0,-125.0,10.0,,2026-07-24T11:48:55.841922+08:00
2603,2016-08-18,-20000.0,2016000.0,-1000.0,1995000.0,20400.0,822.0,18.0,2.0,,2026-07-24T11:48:55.841922+08:00
2603,2016-08-19,-3000.0,716007.0,0.0,713007.0,20401.0,819.0,1.0,-3.0,,2026-07-24T11:48:55.841922+08:00
2603,2016-08-22,-9000.0,-343000.0,0.0,-352000.0,20287.0,819.0,-114.0,0.0,,2026-07-24T11:48:55.841922+08:00
2603,2016-08-23,-5000.0,203816.0,-2000.0,196816.0,20638.0,818.0,351.0,-1.0,,2026-07-24T11:48:55.841922+08:00
2603,2016-08-24,-40000.0,403000.0,-2000.0,361000.0,20420.0,752.0,-218.0,-66.0,,2026-07-24T11:48:55.841922+08:00
2603,2016-08-25,-3000.0,1208000.0,-1000.0,1204000.0,20401.0,748.0,-19.0,-4.0,,2026-07-24T11:48:55.841922+08:00
2603,2016-08-26,-2000.0,-539700.0,0.0,-541700.0,20429.0,747.0,28.0,-1.0,,2026-07-24T11:48:55.841922+08:00
2603,2016-08-29,-43000.0,674000.0,-1000.0,630000.0,20431.0,684.0,2.0,-63.0,,2026-07-24T11:48:55.841922+08:00
2603,2016-08-30,-9000.0,85400.0,-2000.0,74400.0,20679.0,616.0,248.0,-68.0,,2026-07-24T11:48:55.841922+08:00
2603,2016-08-31,4114000.0,260710.0,-1035000.0,3339710.0,23177.0,700.0,2498.0,84.0,,2026-07-24T11:48:55.841922+08:00
2603,2016-09-01,611000.0,2561768.0,266000.0,3438768.0,30904.0,1703.0,7727.0,1003.0,,2026-07-24T11:48:55.841922+08:00
2603,2016-09-02,1044000.0,2369600.0,14370000.0,17783600.0,27892.0,5026.0,-3012.0,3323.0,,2026-07-24T11:48:55.841922+08:00
2603,2016-09-05,267000.0,3571000.0,5000000.0,8838000.0,27499.0,4890.0,-393.0,-136.0,,2026-07-24T11:48:55.841922+08:00
2603,2016-09-06,786000.0,1620800.0,0.0,2406800.0,28200.0,4232.0,701.0,-658.0,,2026-07-24T11:48:55.841922+08:00
2603,2016-09-07,-1005000.0,-1397000.0,-249000.0,-2651000.0,27386.0,4377.0,-814.0,145.0,,2026-07-24T11:48:55.841922+08:00
2603,2016-09-08,570000.0,-389000.0,69000.0,250000.0,26802.0,4179.0,-584.0,-198.0,,2026-07-24T11:48:55.841922+08:00
2603,2016-09-09,-664000.0,2618120.0,600000.0,2554120.0,26602.0,4053.0,-200.0,-126.0,,2026-07-24T11:48:55.841922+08:00
2603,2016-09-10,-1085000.0,-360000.0,0.0,-1445000.0,25900.0,3864.0,-702.0,-189.0,,2026-07-24T11:48:55.841922+08:00
2603,2016-09-12,-2538000.0,-816620.0,0.0,-3354620.0,26037.0,3001.0,137.0,-863.0,,2026-07-24T11:48:55.841922+08:00
2603,2016-09-13,-325000.0,2725577.0,0.0,2400577.0,24832.0,2212.0,-1205.0,-789.0,,2026-07-24T11:48:55.841922+08:00
2603,2016-09-14,-355000.0,21902.0,-2000.0,-335098.0,25480.0,1669.0,648.0,-543.0,,2026-07-24T11:48:55.841922+08:00
2603,2016-09-19,16000.0,252000.0,0.0,268000.0,25095.0,1459.0,-385.0,-210.0,,2026-07-24T11:48:55.841922+08:00
2603,2016-09-20,105000.0,1294000.0,0.0,1399000.0,24360.0,1286.0,-735.0,-173.0,,2026-07-24T11:48:55.841922+08:00
2603,2016-09-21,-103000.0,-73350.0,-500000.0,-676350.0,25044.0,1255.0,684.0,-31.0,,2026-07-24T11:48:55.841922+08:00
2603,2016-09-22,50000.0,844000.0,-500000.0,394000.0,24554.0,1224.0,-490.0,-31.0,,2026-07-24T11:48:55.841922+08:00
2603,2016-09-23,24000.0,395000.0,0.0,419000.0,24889.0,1043.0,335.0,-181.0,,2026-07-24T11:48:55.841922+08:00
2603,2016-09-26,-50000.0,664000.0,0.0,614000.0,24781.0,953.0,-108.0,-90.0,,2026-07-24T11:48:55.841922+08:00
2603,2016-09-29,-723200.0,-2865305.0,-1290000.0,-4878505.0,24238.0,811.0,-543.0,-142.0,,2026-07-24T11:48:55.841922+08:00
2603,2016-09-30,-220000.0,-3766163.0,-5857096.0,-9843259.0,25506.0,682.0,1268.0,-129.0,,2026-07-24T11:48:55.841922+08:00
2603,2016-10-03,-21000.0,819680.0,-2577000.0,-1778320.0,26435.0,673.0,929.0,-9.0,,2026-07-24T11:48:55.841922+08:00
2603,2016-10-04,-30000.0,2212957.0,-2410000.0,-227043.0,26977.0,680.0,542.0,7.0,,2026-07-24T11:48:55.841922+08:00
2603,2016-10-05,-51000.0,333000.0,-1838000.0,-1556000.0,27340.0,637.0,363.0,-43.0,,2026-07-24T11:48:55.841922+08:00
2603,2016-10-06,-38414.0,461210.0,-1507000.0,-1084204.0,27543.0,635.0,203.0,-2.0,,2026-07-24T11:48:55.841922+08:00
2603,2016-10-07,-9000.0,293445.0,-2155000.0,-1870555.0,27567.0,423.0,24.0,-212.0,,2026-07-24T11:48:55.841922+08:00
2603,2016-10-11,80.0,-1207000.0,1000.0,-1205920.0,26574.0,591.0,-993.0,168.0,,2026-07-24T11:48:55.841922+08:00
2603,2016-10-12,26000.0,92086.0,0.0,118086.0,26605.0,410.0,31.0,-181.0,,2026-07-24T11:48:55.841922+08:00
2603,2016-10-13,-8000.0,-3711000.0,0.0,-3719000.0,26471.0,338.0,-134.0,-72.0,,2026-07-24T11:48:55.841922+08:00
2603,2016-10-14,14000.0,-2069000.0,-1100000.0,-3155000.0,26011.0,338.0,-460.0,0.0,,2026-07-24T11:48:55.841922+08:00
2603,2016-10-17,-6000.0,-652440.0,-793000.0,-1451440.0,25585.0,248.0,-426.0,-90.0,,2026-07-24T11:48:55.841922+08:00
2603,2016-10-18,-3000.0,155950.0,-37000.0,115950.0,25261.0,258.0,-324.0,10.0,,2026-07-24T11:48:55.841922+08:00
2603,2016-10-19,-228000.0,-995000.0,-113000.0,-1336000.0,24967.0,258.0,-294.0,0.0,,2026-07-24T11:48:55.841922+08:00
2603,2016-10-20,-15000.0,-426563.0,-13000.0,-454563.0,25831.0,221.0,864.0,-37.0,,2026-07-24T11:48:55.841922+08:00
2603,2016-10-21,-14000.0,559000.0,-14000.0,531000.0,25980.0,223.0,149.0,2.0,,2026-07-24T11:48:55.841922+08:00
2603,2016-10-24,38000.0,564000.0,0.0,602000.0,26374.0,226.0,394.0,3.0,,2026-07-24T11:48:55.841922+08:00
2603,2016-10-25,0.0,349549.0,0.0,349549.0,26773.0,216.0,399.0,-10.0,,2026-07-24T11:48:55.841922+08:00
2603,2016-10-26,18000.0,-1969354.0,0.0,-1951354.0,27062.0,240.0,289.0,24.0,,2026-07-24T11:48:55.841922+08:00
2603,2016-10-27,142000.0,-2058760.0,0.0,-1916760.0,27329.0,199.0,267.0,-41.0,,2026-07-24T11:48:55.841922+08:00
2603,2016-10-28,1000.0,-187000.0,0.0,-186000.0,27648.0,194.0,319.0,-5.0,,2026-07-24T11:48:55.841922+08:00
2603,2016-10-31,75000.0,-927280.0,0.0,-852280.0,27718.0,190.0,70.0,-4.0,,2026-07-24T11:48:55.841922+08:00
2603,2016-11-01,36000.0,651000.0,-832000.0,-145000.0,27915.0,207.0,197.0,17.0,,2026-07-24T11:48:55.841922+08:00
2603,2016-11-02,61000.0,-332280.0,56.0,-271224.0,27966.0,169.0,51.0,-38.0,,2026-07-24T11:48:55.841922+08:00
2603,2016-11-03,49000.0,-1384000.0,0.0,-1335000.0,27508.0,180.0,-458.0,11.0,,2026-07-24T11:48:55.841922+08:00
2603,2016-11-04,40000.0,-1248829.0,-151000.0,-1359829.0,27745.0,222.0,237.0,42.0,,2026-07-24T11:48:55.841922+08:00
2603,2016-11-07,12000.0,-1450000.0,0.0,-1438000.0,28199.0,232.0,454.0,10.0,,2026-07-24T11:48:55.841922+08:00
2603,2016-11-08,4000.0,-820880.0,0.0,-816880.0,27889.0,304.0,-310.0,72.0,,2026-07-24T11:48:55.841922+08:00
2603,2016-11-09,-107000.0,-1660977.0,0.0,-1767977.0,26522.0,324.0,-1367.0,20.0,,2026-07-24T11:48:55.841922+08:00
2603,2016-11-10,9000.0,-611000.0,0.0,-602000.0,26950.0,317.0,428.0,-7.0,,2026-07-24T11:48:55.841922+08:00
2603,2016-11-11,5000.0,-3220241.0,0.0,-3215241.0,27728.0,365.0,778.0,48.0,,2026-07-24T11:48:55.841922+08:00
2603,2016-11-14,75000.0,-2108850.0,0.0,-2033850.0,29386.0,446.0,1658.0,81.0,,2026-07-24T11:48:55.841922+08:00
2603,2016-11-15,-25000.0,-2175070.0,0.0,-2200070.0,28864.0,315.0,-522.0,-131.0,,2026-07-24T11:48:55.841922+08:00
2603,2016-11-16,-294000.0,-1938000.0,0.0,-2232000.0,29525.0,324.0,661.0,9.0,,2026-07-24T11:48:55.841922+08:00
2603,2016-11-17,-208000.0,-427000.0,0.0,-635000.0,29860.0,346.0,335.0,22.0,,2026-07-24T11:48:55.841922+08:00
2603,2016-11-18,353000.0,-1120000.0,0.0,-767000.0,29138.0,448.0,-722.0,102.0,,2026-07-24T11:48:55.841922+08:00
2603,2016-11-21,16000.0,-1724913.0,0.0,-1708913.0,28285.0,421.0,-853.0,-27.0,,2026-07-24T11:48:55.841922+08:00
2603,2016-11-22,-11000.0,-351247.0,3000.0,-359247.0,28034.0,463.0,-251.0,42.0,,2026-07-24T11:48:55.841922+08:00
2603,2016-11-23,-85000.0,-618642.0,0.0,-703642.0,28083.0,423.0,49.0,-40.0,,2026-07-24T11:48:55.841922+08:00
2603,2016-11-24,0.0,967000.0,0.0,967000.0,27113.0,422.0,-970.0,-1.0,,2026-07-24T11:48:55.841922+08:00
2603,2016-11-25,399000.0,92000.0,0.0,491000.0,26364.0,555.0,-749.0,133.0,,2026-07-24T11:48:55.841922+08:00
2603,2016-11-28,20238.0,520000.0,0.0,540238.0,26056.0,447.0,-308.0,-108.0,,2026-07-24T11:48:55.841922+08:00
2603,2016-11-29,11000.0,135596.0,9000.0,155596.0,26188.0,438.0,132.0,-9.0,,2026-07-24T11:48:55.841922+08:00
2603,2016-11-30,0.0,2786284.0,0.0,2786284.0,25926.0,475.0,-262.0,37.0,,2026-07-24T11:48:55.841922+08:00
2603,2016-12-01,98000.0,-989080.0,2000.0,-889080.0,26909.0,422.0,983.0,-53.0,,2026-07-24T11:48:55.841922+08:00
2603,2016-12-02,-15000.0,-1442000.0,0.0,-1457000.0,27569.0,362.0,660.0,-60.0,,2026-07-24T11:48:55.841922+08:00
2603,2016-12-05,66000.0,303591.0,0.0,369591.0,27466.0,558.0,-103.0,196.0,,2026-07-24T11:48:55.841922+08:00
2603,2016-12-06,-173000.0,-1030000.0,0.0,-1203000.0,27719.0,516.0,253.0,-42.0,,2026-07-24T11:48:55.841922+08:00
2603,2016-12-07,-200000.0,-646000.0,0.0,-846000.0,27750.0,402.0,31.0,-114.0,,2026-07-24T11:48:55.841922+08:00
2603,2016-12-08,400000.0,139000.0,0.0,539000.0,27778.0,403.0,28.0,1.0,,2026-07-24T11:48:55.841922+08:00
2603,2016-12-09,-734.0,-172540.0,0.0,-173274.0,27540.0,407.0,-238.0,4.0,,2026-07-24T11:48:55.841922+08:00
2603,2016-12-12,186000.0,-2561000.0,0.0,-2375000.0,28279.0,419.0,739.0,12.0,,2026-07-24T11:48:55.841922+08:00
2603,2016-12-13,0.0,-1331809.0,0.0,-1331809.0,28320.0,491.0,41.0,72.0,,2026-07-24T11:48:55.841922+08:00
2603,2016-12-14,-4000.0,-974830.0,0.0,-978830.0,28528.0,386.0,208.0,-105.0,,2026-07-24T11:48:55.841922+08:00
2603,2016-12-15,-40000.0,1102000.0,0.0,1062000.0,28789.0,364.0,261.0,-22.0,,2026-07-24T11:48:55.841922+08:00
2603,2016-12-16,-24000.0,-1338000.0,-4000.0,-1366000.0,29442.0,365.0,653.0,1.0,,2026-07-24T11:48:55.841922+08:00
2603,2016-12-19,-48000.0,-543000.0,0.0,-591000.0,30205.0,395.0,763.0,30.0,,2026-07-24T11:48:55.841922+08:00
2603,2016-12-20,-116000.0,-2027755.0,0.0,-2143755.0,29941.0,417.0,-264.0,22.0,,2026-07-24T11:48:55.841922+08:00
2603,2016-12-21,-13000.0,-854000.0,0.0,-867000.0,30129.0,399.0,188.0,-18.0,,2026-07-24T11:48:55.841922+08:00
2603,2016-12-22,119000.0,-1412444.0,0.0,-1293444.0,31264.0,405.0,1135.0,6.0,,2026-07-24T11:48:55.841922+08:00
2603,2016-12-23,28000.0,-859000.0,0.0,-831000.0,30527.0,411.0,-737.0,6.0,,2026-07-24T11:48:55.841922+08:00
2603,2016-12-26,250000.0,-356000.0,0.0,-106000.0,30831.0,409.0,304.0,-2.0,,2026-07-24T11:48:55.841922+08:00
2603,2016-12-27,-5000.0,-402000.0,0.0,-407000.0,31180.0,404.0,349.0,-5.0,,2026-07-24T11:48:55.841922+08:00
2603,2016-12-28,-1000.0,-370768.0,0.0,-371768.0,31449.0,405.0,269.0,1.0,,2026-07-24T11:48:55.841922+08:00
2603,2016-12-29,15000.0,-503490.0,0.0,-488490.0,31429.0,419.0,-20.0,14.0,,2026-07-24T11:48:55.841922+08:00
2603,2016-12-30,123000.0,1601000.0,0.0,1724000.0,31411.0,425.0,-18.0,6.0,,2026-07-24T11:48:55.841922+08:00
2603,2017-01-03,2187000.0,-824000.0,1600000.0,2963000.0,31798.0,513.0,387.0,88.0,,2026-07-24T11:48:55.841922+08:00
2603,2017-01-04,764000.0,-700000.0,500000.0,564000.0,31362.0,545.0,-436.0,32.0,,2026-07-24T11:48:55.841922+08:00
2603,2017-01-05,-661000.0,135680.0,3000.0,-522320.0,30586.0,533.0,-776.0,-12.0,,2026-07-24T11:48:55.841922+08:00
2603,2017-01-06,132000.0,659817.0,-3000.0,788817.0,32078.0,666.0,1492.0,133.0,,2026-07-24T11:48:55.841922+08:00
2603,2017-01-09,1010000.0,-469000.0,1046000.0,1587000.0,31711.0,743.0,-367.0,77.0,,2026-07-24T11:48:55.841922+08:00
2603,2017-01-10,214000.0,-18000.0,237000.0,433000.0,30778.0,996.0,-933.0,253.0,,2026-07-24T11:48:55.841922+08:00
2603,2017-01-11,3501000.0,4205280.0,868000.0,8574280.0,28818.0,1298.0,-1960.0,302.0,,2026-07-24T11:48:55.841922+08:00
2603,2017-01-12,338000.0,5115000.0,0.0,5453000.0,28200.0,1538.0,-618.0,240.0,,2026-07-24T11:48:55.841922+08:00
2603,2017-01-13,-638000.0,598160.0,639000.0,599160.0,28577.0,1517.0,377.0,-21.0,,2026-07-24T11:48:55.841922+08:00
2603,2017-01-16,42000.0,-81000.0,0.0,-39000.0,28808.0,1174.0,231.0,-343.0,,2026-07-24T11:48:55.841922+08:00
2603,2017-01-17,471000.0,1103000.0,300000.0,1874000.0,28399.0,1195.0,-409.0,21.0,,2026-07-24T11:48:55.841922+08:00
2603,2017-01-18,-309000.0,1503497.0,616000.0,1810497.0,28375.0,1282.0,-24.0,87.0,,2026-07-24T11:48:55.841922+08:00
2603,2017-01-19,1246000.0,2619807.0,2350000.0,6215807.0,28418.0,1291.0,43.0,9.0,,2026-07-24T11:48:55.841922+08:00
2603,2017-01-20,9000.0,2498481.0,1300000.0,3807481.0,27666.0,1257.0,-752.0,-34.0,,2026-07-24T11:48:55.841922+08:00
2603,2017-01-23,-709000.0,5805922.0,499335.0,5596257.0,26333.0,1291.0,-1333.0,34.0,,2026-07-24T11:48:55.841922+08:00
2603,2017-01-24,-240000.0,2660000.0,0.0,2420000.0,25452.0,1320.0,-881.0,29.0,,2026-07-24T11:48:55.841922+08:00
2603,2017-02-02,-1321000.0,7189357.0,1300000.0,7168357.0,23758.0,1356.0,-1694.0,36.0,,2026-07-24T11:48:55.841922+08:00
2603,2017-02-03,455000.0,4941480.0,8000.0,5404480.0,23679.0,1420.0,-79.0,64.0,,2026-07-24T11:48:55.841922+08:00
2603,2017-02-06,-51000.0,-1151000.0,1027000.0,-175000.0,24293.0,1634.0,614.0,214.0,,2026-07-24T11:48:55.841922+08:00
2603,2017-02-07,-1822000.0,921557.0,632000.0,-268443.0,24113.0,1739.0,-180.0,105.0,,2026-07-24T11:48:55.841922+08:00
2603,2017-02-08,-2619000.0,1279112.0,477000.0,-862888.0,23859.0,1637.0,-254.0,-102.0,,2026-07-24T11:48:55.841922+08:00
2603,2017-02-09,320000.0,3873475.0,-399000.0,3794475.0,23513.0,1760.0,-346.0,123.0,,2026-07-24T11:48:55.841922+08:00
2603,2017-02-10,964000.0,2590338.0,2535000.0,6089338.0,22360.0,1777.0,-1153.0,17.0,,2026-07-24T11:48:55.841922+08:00
2603,2017-02-13,-260000.0,-594560.0,1314000.0,459440.0,22855.0,1875.0,495.0,98.0,,2026-07-24T11:48:55.841922+08:00
2603,2017-02-14,-367000.0,182000.0,1974000.0,1789000.0,23142.0,1897.0,287.0,22.0,,2026-07-24T11:48:55.841922+08:00
2603,2017-02-15,1061000.0,2902000.0,1979000.0,5942000.0,23807.0,2051.0,665.0,154.0,,2026-07-24T11:48:55.841922+08:00
2603,2017-02-16,62000.0,5917000.0,1761000.0,7740000.0,22985.0,2279.0,-822.0,228.0,,2026-07-24T11:48:55.841922+08:00
2603,2017-02-17,-130000.0,2376000.0,0.0,2246000.0,22994.0,2275.0,9.0,-4.0,,2026-07-24T11:48:55.841922+08:00
2603,2017-02-18,-128000.0,30000.0,800000.0,702000.0,22794.0,2252.0,-200.0,-23.0,,2026-07-24T11:48:55.841922+08:00
2603,2017-02-20,-1267000.0,-968000.0,993000.0,-1242000.0,24902.0,2037.0,2108.0,-215.0,,2026-07-24T11:48:55.841922+08:00
2603,2017-02-21,-68000.0,2010000.0,0.0,1942000.0,26052.0,2241.0,1150.0,204.0,,2026-07-24T11:48:55.841922+08:00
2603,2017-02-22,-33000.0,2174000.0,1460000.0,3601000.0,25091.0,2301.0,-961.0,60.0,,2026-07-24T11:48:55.841922+08:00
2603,2017-02-23,283000.0,3072000.0,340000.0,3695000.0,25362.0,2237.0,271.0,-64.0,,2026-07-24T11:48:55.841922+08:00
2603,2017-02-24,75000.0,9889000.0,1694000.0,11658000.0,23958.0,2647.0,-1404.0,410.0,,2026-07-24T11:48:55.841922+08:00
2603,2017-03-01,107000.0,7245424.0,6260000.0,13612424.0,26154.0,2995.0,2196.0,348.0,,2026-07-24T11:48:55.841922+08:00
2603,2017-03-02,283000.0,9029985.0,4421000.0,13733985.0,26562.0,3849.0,408.0,854.0,,2026-07-24T11:48:55.841922+08:00
2603,2017-03-03,357000.0,1610858.0,562000.0,2529858.0,26794.0,3660.0,232.0,-189.0,,2026-07-24T11:48:55.841922+08:00
2603,2017-03-06,-74000.0,3005033.0,40000.0,2971033.0,27044.0,2933.0,250.0,-727.0,,2026-07-24T11:48:55.841922+08:00
2603,2017-03-07,1856000.0,1117920.0,-550000.0,2423920.0,27181.0,2917.0,137.0,-16.0,,2026-07-24T11:48:55.841922+08:00
2603,2017-03-08,123000.0,940320.0,-388000.0,675320.0,27782.0,2780.0,601.0,-137.0,,2026-07-24T11:48:55.841922+08:00
2603,2017-03-09,381000.0,1789000.0,-1450000.0,720000.0,28123.0,2621.0,341.0,-159.0,,2026-07-24T11:48:55.841922+08:00
2603,2017-03-10,372000.0,478519.0,43000.0,893519.0,29621.0,2059.0,1498.0,-562.0,,2026-07-24T11:48:55.841922+08:00
2603,2017-03-13,2137000.0,3379750.0,-1530000.0,3986750.0,29441.0,2236.0,-180.0,177.0,,2026-07-24T11:48:55.841922+08:00
2603,2017-03-14,103000.0,2871160.0,-130000.0,2844160.0,29375.0,2253.0,-66.0,17.0,,2026-07-24T11:48:55.841922+08:00
2603,2017-03-15,721000.0,2709320.0,-200000.0,3230320.0,28598.0,2109.0,-777.0,-144.0,,2026-07-24T11:48:55.841922+08:00
2603,2017-03-16,1415000.0,1530000.0,-200000.0,2745000.0,28135.0,2100.0,-463.0,-9.0,,2026-07-24T11:48:55.841922+08:00
2603,2017-03-17,867000.0,-1310447.0,-4000.0,-447447.0,28976.0,2123.0,841.0,23.0,,2026-07-24T11:48:55.841922+08:00
2603,2017-03-20,-457000.0,-1082000.0,132000.0,-1407000.0,30000.0,1745.0,1024.0,-378.0,,2026-07-24T11:48:55.841922+08:00
2603,2017-03-21,-2728000.0,1326480.0,-338000.0,-1739520.0,30921.0,1635.0,921.0,-110.0,,2026-07-24T11:48:55.841922+08:00
2603,2017-03-22,-647000.0,3841200.0,-650000.0,2544200.0,31237.0,1560.0,316.0,-75.0,,2026-07-24T11:48:55.841922+08:00
2603,2017-03-23,1472000.0,150568.0,-500000.0,1122568.0,31185.0,1610.0,-52.0,50.0,,2026-07-24T11:48:55.841922+08:00
2603,2017-03-24,-34000.0,-628405.0,-200000.0,-862405.0,31097.0,1803.0,-88.0,193.0,,2026-07-24T11:48:55.841922+08:00
2603,2017-03-27,-2340000.0,65063.0,-632000.0,-2906937.0,31850.0,1572.0,753.0,-231.0,,2026-07-24T11:48:55.841922+08:00
2603,2017-03-28,-709000.0,152790.0,-400000.0,-956210.0,32191.0,1393.0,341.0,-179.0,,2026-07-24T11:48:55.841922+08:00
2603,2017-03-29,87000.0,138890.0,-250000.0,-24110.0,31687.0,1447.0,-504.0,54.0,,2026-07-24T11:48:55.841922+08:00
2603,2017-03-30,-356000.0,-313000.0,0.0,-669000.0,31443.0,1450.0,-244.0,3.0,,2026-07-24T11:48:55.841922+08:00
2603,2017-03-31,-230000.0,791704.0,0.0,561704.0,31377.0,1450.0,-66.0,0.0,,2026-07-24T11:48:55.841922+08:00
2603,2017-04-05,479000.0,-2399010.0,0.0,-1920010.0,31681.0,1180.0,304.0,-270.0,,2026-07-24T11:48:55.841922+08:00
2603,2017-04-06,-57000.0,-1686000.0,-2521000.0,-4264000.0,32438.0,1160.0,757.0,-20.0,,2026-07-24T11:48:55.841922+08:00
2603,2017-04-07,-99000.0,-978000.0,-519000.0,-1596000.0,32113.0,831.0,-325.0,-329.0,,2026-07-24T11:48:55.841922+08:00
2603,2017-04-10,-442000.0,-2579810.0,147000.0,-2874810.0,32295.0,810.0,182.0,-21.0,,2026-07-24T11:48:55.841922+08:00
2603,2017-04-11,-497000.0,3137320.0,768000.0,3408320.0,32476.0,789.0,181.0,-21.0,,2026-07-24T11:48:55.841922+08:00
2603,2017-04-12,1000.0,581026.0,500000.0,1082026.0,32446.0,772.0,-30.0,-17.0,,2026-07-24T11:48:55.841922+08:00
2603,2017-04-13,255000.0,1340280.0,320000.0,1915280.0,32278.0,668.0,-168.0,-104.0,,2026-07-24T11:48:55.841922+08:00
2603,2017-04-14,-440000.0,-2242000.0,389000.0,-2293000.0,30959.0,0.0,-1319.0,-668.0,,2026-07-24T11:48:55.841922+08:00
2603,2017-04-17,-284000.0,-619000.0,-2694000.0,-3597000.0,30304.0,0.0,-655.0,0.0,,2026-07-24T11:48:55.841922+08:00
2603,2017-04-18,266000.0,2484400.0,-2318000.0,432400.0,30024.0,0.0,-280.0,0.0,,2026-07-24T11:48:55.841922+08:00
2603,2017-04-19,-409000.0,-1968560.0,149000.0,-2228560.0,30528.0,0.0,504.0,0.0,,2026-07-24T11:48:55.841922+08:00
2603,2017-04-20,-140000.0,-274000.0,-433000.0,-847000.0,30670.0,8.0,142.0,8.0,,2026-07-24T11:48:55.841922+08:00
2603,2017-04-21,13000.0,-1257748.0,0.0,-1244748.0,30914.0,10.0,244.0,2.0,,2026-07-24T11:48:55.841922+08:00
2603,2017-04-24,-425000.0,-901000.0,-814000.0,-2140000.0,30979.0,88.0,65.0,78.0,,2026-07-24T11:48:55.841922+08:00
2603,2017-04-25,278000.0,1477000.0,416.0,1755416.0,30478.0,199.0,-501.0,111.0,,2026-07-24T11:48:55.841922+08:00
2603,2017-04-26,-201000.0,1051000.0,0.0,850000.0,29921.0,210.0,-557.0,11.0,,2026-07-24T11:48:55.841922+08:00
2603,2017-04-27,135000.0,-1021880.0,0.0,-886880.0,29507.0,119.0,-414.0,-91.0,,2026-07-24T11:48:55.841922+08:00
2603,2017-04-28,-41000.0,-1167000.0,0.0,-1208000.0,29669.0,37.0,162.0,-82.0,,2026-07-24T11:48:55.841922+08:00
2603,2017-05-02,679000.0,5404000.0,948000.0,7031000.0,29609.0,251.0,-60.0,214.0,,2026-07-24T11:48:55.841922+08:00
2603,2017-05-03,-87000.0,11000.0,548000.0,472000.0,29712.0,221.0,103.0,-30.0,,2026-07-24T11:48:55.841922+08:00
2603,2017-05-04,-72000.0,578713.0,0.0,506713.0,29902.0,211.0,190.0,-10.0,,2026-07-24T11:48:55.841922+08:00
2603,2017-05-05,23000.0,-541920.0,0.0,-518920.0,29608.0,167.0,-294.0,-44.0,,2026-07-24T11:48:55.841922+08:00
2603,2017-05-08,4000.0,-373600.0,-300000.0,-669600.0,29700.0,98.0,92.0,-69.0,,2026-07-24T11:48:55.841922+08:00
2603,2017-05-09,-274750.0,-2243907.0,-1100000.0,-3618657.0,27532.0,112.0,-2168.0,14.0,,2026-07-24T11:48:55.841922+08:00
2603,2017-05-10,163000.0,1461880.0,-1011000.0,613880.0,27642.0,119.0,110.0,7.0,,2026-07-24T11:48:55.841922+08:00
2603,2017-05-11,-96000.0,641879.0,-1859000.0,-1313121.0,28434.0,117.0,792.0,-2.0,,2026-07-24T11:48:55.841922+08:00
2603,2017-05-12,609000.0,-623408.0,0.0,-14408.0,28848.0,134.0,414.0,17.0,,2026-07-24T11:48:55.841922+08:00
2603,2017-05-15,970000.0,-4032193.0,460000.0,-2602193.0,29092.0,128.0,244.0,-6.0,,2026-07-24T11:48:55.841922+08:00
2603,2017-05-16,5000.0,2188497.0,-24000.0,2169497.0,28885.0,107.0,-207.0,-21.0,,2026-07-24T11:48:55.841922+08:00
2603,2017-05-17,-552000.0,-1352268.0,0.0,-1904268.0,29354.0,109.0,469.0,2.0,,2026-07-24T11:48:55.841922+08:00
2603,2017-05-18,-437000.0,8689270.0,210000.0,8462270.0,28572.0,214.0,-782.0,105.0,,2026-07-24T11:48:55.841922+08:00
2603,2017-05-19,68000.0,3102675.0,0.0,3170675.0,29502.0,219.0,930.0,5.0,,2026-07-24T11:48:55.841922+08:00
2603,2017-05-22,146000.0,4224777.0,100000.0,4470777.0,29858.0,230.0,356.0,11.0,,2026-07-24T11:48:55.841922+08:00
2603,2017-05-23,115000.0,6677800.0,0.0,6792800.0,30091.0,275.0,233.0,45.0,,2026-07-24T11:48:55.841922+08:00
2603,2017-05-24,16000.0,121572.0,0.0,137572.0,31185.0,321.0,1094.0,46.0,,2026-07-24T11:48:55.841922+08:00
2603,2017-05-25,1671000.0,5523485.0,1393000.0,8587485.0,30214.0,516.0,-971.0,195.0,,2026-07-24T11:48:55.841922+08:00
2603,2017-05-26,-1755000.0,4360998.0,2101000.0,4706998.0,30220.0,746.0,6.0,230.0,,2026-07-24T11:48:55.841922+08:00
2603,2017-05-31,472000.0,2034548.0,1142000.0,3648548.0,29332.0,894.0,-888.0,148.0,,2026-07-24T11:48:55.841922+08:00
2603,2017-06-01,-20000.0,4446398.0,246000.0,4672398.0,29132.0,947.0,-200.0,53.0,,2026-07-24T11:48:55.841922+08:00
2603,2017-06-02,382000.0,4059604.0,91000.0,4532604.0,28801.0,819.0,-331.0,-128.0,,2026-07-24T11:48:55.841922+08:00
2603,2017-06-03,335000.0,0.0,-921000.0,-586000.0,29155.0,744.0,354.0,-75.0,,2026-07-24T11:48:55.841922+08:00
2603,2017-06-05,1920000.0,1963650.0,51000.0,3934650.0,29738.0,733.0,583.0,-11.0,,2026-07-24T11:48:55.841922+08:00
2603,2017-06-06,-361000.0,355000.0,1461000.0,1455000.0,30113.0,789.0,375.0,56.0,,2026-07-24T11:48:55.841922+08:00
2603,2017-06-07,148000.0,1547941.0,10000.0,1705941.0,29893.0,806.0,-220.0,17.0,,2026-07-24T11:48:55.841922+08:00
2603,2017-06-08,2230000.0,4273000.0,-23000.0,6480000.0,30373.0,896.0,480.0,90.0,,2026-07-24T11:48:55.841922+08:00
2603,2017-06-09,-141000.0,-2400247.0,739000.0,-1802247.0,30591.0,743.0,218.0,-153.0,,2026-07-24T11:48:55.841922+08:00
2603,2017-06-12,671000.0,-645000.0,340000.0,366000.0,31873.0,770.0,1282.0,27.0,,2026-07-24T11:48:55.841922+08:00
2603,2017-06-13,1148000.0,-1389706.0,980000.0,738294.0,31600.0,803.0,-273.0,33.0,,2026-07-24T11:48:55.841922+08:00
2603,2017-06-14,-297000.0,2500495.0,-3463000.0,-1259505.0,33196.0,1297.0,1596.0,494.0,,2026-07-24T11:48:55.841922+08:00
2603,2017-06-15,-1327000.0,5429128.0,-1048000.0,3054128.0,31605.0,1361.0,-1591.0,64.0,,2026-07-24T11:48:55.841922+08:00
2603,2017-06-16,-275000.0,368863.0,59000.0,152863.0,31851.0,1359.0,246.0,-2.0,,2026-07-24T11:48:55.841922+08:00
2603,2017-06-19,-1833000.0,1428440.0,0.0,-404560.0,32212.0,1465.0,361.0,106.0,,2026-07-24T11:48:55.841922+08:00
2603,2017-06-20,-3000.0,4201000.0,76000.0,4274000.0,32027.0,1640.0,-185.0,175.0,,2026-07-24T11:48:55.841922+08:00
2603,2017-06-21,-1738000.0,3618643.0,544000.0,2424643.0,32487.0,1618.0,460.0,-22.0,,2026-07-24T11:48:55.841922+08:00
2603,2017-06-22,-338000.0,4894000.0,646000.0,5202000.0,33059.0,1873.0,572.0,255.0,,2026-07-24T11:48:55.841922+08:00
2603,2017-06-23,-446000.0,738000.0,41000.0,333000.0,34200.0,1812.0,1141.0,-61.0,,2026-07-24T11:48:55.841922+08:00
2603,2017-06-26,387000.0,1729000.0,0.0,2116000.0,33878.0,1519.0,-322.0,-293.0,,2026-07-24T11:48:55.841922+08:00
2603,2017-06-27,-203000.0,897000.0,-238000.0,456000.0,33960.0,1397.0,82.0,-122.0,,2026-07-24T11:48:55.841922+08:00
2603,2017-06-28,-82000.0,224000.0,-368000.0,-226000.0,33466.0,1390.0,-494.0,-7.0,,2026-07-24T11:48:55.841922+08:00
2603,2017-06-29,2890000.0,3883000.0,335000.0,7108000.0,34209.0,1831.0,743.0,441.0,,2026-07-24T11:48:55.841922+08:00
2603,2017-06-30,-506000.0,1893000.0,200000.0,1587000.0,33983.0,1862.0,-226.0,31.0,,2026-07-24T11:48:55.841922+08:00
2603,2017-07-03,4493000.0,4257000.0,2922000.0,11672000.0,35873.0,2186.0,1890.0,324.0,,2026-07-24T11:48:55.841922+08:00
2603,2017-07-04,1226000.0,15773000.0,8002000.0,25001000.0,32378.0,4801.0,-3495.0,2615.0,,2026-07-24T11:48:55.841922+08:00
2603,2017-07-05,343000.0,-1066000.0,-64000.0,-787000.0,35230.0,3647.0,2852.0,-1154.0,,2026-07-24T11:48:55.841922+08:00
2603,2017-07-06,-54000.0,-530000.0,943000.0,359000.0,35933.0,3042.0,703.0,-605.0,,2026-07-24T11:48:55.841922+08:00
2603,2017-07-07,378000.0,-707370.0,-60000.0,-389370.0,37234.0,2745.0,1301.0,-297.0,,2026-07-24T11:48:55.841922+08:00
2603,2017-07-10,1125000.0,1707231.0,-82000.0,2750231.0,38591.0,2770.0,1357.0,25.0,,2026-07-24T11:48:55.841922+08:00
2603,2017-07-11,-1689000.0,2764903.0,-129000.0,946903.0,38596.0,2775.0,5.0,5.0,,2026-07-24T11:48:55.841922+08:00
2603,2017-07-12,-1359000.0,-2556984.0,-170000.0,-4085984.0,39206.0,2855.0,610.0,80.0,,2026-07-24T11:48:55.841922+08:00
2603,2017-07-13,636000.0,-1714305.0,-243000.0,-1321305.0,40957.0,2841.0,1751.0,-14.0,,2026-07-24T11:48:55.841922+08:00
2603,2017-07-14,-106000.0,1178000.0,-1087000.0,-15000.0,39926.0,2061.0,-1031.0,-780.0,,2026-07-24T11:48:55.841922+08:00
2603,2017-07-17,1528000.0,3502000.0,-725615.0,4304385.0,40479.0,2110.0,553.0,49.0,,2026-07-24T11:48:55.841922+08:00
2603,2017-07-18,97000.0,1242452.0,367000.0,1706452.0,39279.0,2120.0,-1200.0,10.0,,2026-07-24T11:48:55.841922+08:00
2603,2017-07-19,27000.0,2237077.0,-230000.0,2034077.0,38862.0,2190.0,-417.0,70.0,,2026-07-24T11:48:55.841922+08:00
2603,2017-07-20,-1312000.0,956120.0,-183000.0,-538880.0,38000.0,2251.0,-862.0,61.0,,2026-07-24T11:48:55.841922+08:00
2603,2017-07-21,-92000.0,-2268837.0,-49000.0,-2409837.0,38243.0,2149.0,243.0,-102.0,,2026-07-24T11:48:55.841922+08:00
2603,2017-07-24,-991000.0,1556000.0,-1504000.0,-939000.0,37579.0,1975.0,-664.0,-174.0,,2026-07-24T11:48:55.841922+08:00
2603,2017-07-25,-180000.0,706760.0,32000.0,558760.0,36419.0,1848.0,-1160.0,-127.0,,2026-07-24T11:48:55.841922+08:00
2603,2017-07-26,-782000.0,1327000.0,-659000.0,-114000.0,35812.0,1723.0,-607.0,-125.0,,2026-07-24T11:48:55.841922+08:00
2603,2017-07-27,14000.0,2715000.0,-265000.0,2464000.0,35777.0,1713.0,-35.0,-10.0,,2026-07-24T11:48:55.841922+08:00
2603,2017-07-28,-193000.0,-2447720.0,0.0,-2640720.0,37884.0,1705.0,2107.0,-8.0,,2026-07-24T11:48:55.841922+08:00
2603,2017-07-31,3227000.0,-1167815.0,-1000000.0,1059185.0,41071.0,1730.0,3187.0,25.0,,2026-07-24T11:48:55.841922+08:00
2603,2017-08-01,-429000.0,-1886000.0,778000.0,-1537000.0,40970.0,1703.0,-101.0,-27.0,,2026-07-24T11:48:55.841922+08:00
2603,2017-08-02,1018000.0,2034000.0,-400000.0,2652000.0,40329.0,1733.0,-641.0,30.0,,2026-07-24T11:48:55.841922+08:00
2603,2017-08-03,429000.0,633951.0,-781000.0,281951.0,39130.0,1769.0,-1199.0,36.0,,2026-07-24T11:48:55.841922+08:00
2603,2017-08-04,-413000.0,-701000.0,-593000.0,-1707000.0,38517.0,1671.0,-613.0,-98.0,,2026-07-24T11:48:55.841922+08:00
2603,2017-08-07,471000.0,449000.0,0.0,920000.0,39732.0,1835.0,1215.0,164.0,,2026-07-24T11:48:55.841922+08:00
2603,2017-08-08,2257000.0,1491000.0,40000.0,3788000.0,39836.0,2008.0,104.0,173.0,,2026-07-24T11:48:55.841922+08:00
2603,2017-08-09,425000.0,-3098520.0,350000.0,-2323520.0,40219.0,1862.0,383.0,-146.0,,2026-07-24T11:48:55.841922+08:00
2603,2017-08-10,-1126000.0,129526.0,0.0,-996474.0,39021.0,1606.0,-1198.0,-256.0,,2026-07-24T11:48:55.841922+08:00
2603,2017-08-11,-568000.0,2950000.0,561000.0,2943000.0,39372.0,1669.0,351.0,63.0,,2026-07-24T11:48:55.841922+08:00
2603,2017-08-14,-3815000.0,4590473.0,1003000.0,1778473.0,54702.0,2301.0,15330.0,632.0,,2026-07-24T11:48:55.841922+08:00
2603,2017-08-15,2065000.0,32207600.0,2936000.0,37208600.0,39000.0,3566.0,-15702.0,1265.0,,2026-07-24T11:48:55.841922+08:00
2603,2017-08-16,934000.0,17056000.0,1078000.0,19068000.0,39278.0,3896.0,278.0,330.0,,2026-07-24T11:48:55.841922+08:00
2603,2017-08-17,-2971000.0,13424990.0,6972000.0,17425990.0,39681.0,5731.0,403.0,1835.0,,2026-07-24T11:48:55.841922+08:00
2603,2017-08-18,3357000.0,9355540.0,3066000.0,15778540.0,41160.0,7212.0,1479.0,1481.0,,2026-07-24T11:48:55.841922+08:00
2603,2017-08-21,-2526000.0,2769000.0,3266000.0,3509000.0,41283.0,7564.0,123.0,352.0,,2026-07-24T11:48:55.841922+08:00
2603,2017-08-22,-17000.0,6804000.0,-131000.0,6656000.0,42124.0,7562.0,841.0,-2.0,,2026-07-24T11:48:55.841922+08:00
2603,2017-08-23,1256000.0,4193000.0,-165000.0,5284000.0,43482.0,7800.0,1358.0,238.0,,2026-07-24T11:48:55.841922+08:00
2603,2017-08-24,-669000.0,10630640.0,237000.0,10198640.0,42824.0,8663.0,-658.0,863.0,,2026-07-24T11:48:55.841922+08:00
2603,2017-08-25,1701000.0,2302439.0,6362000.0,10365439.0,44740.0,9051.0,1916.0,388.0,,2026-07-24T11:48:55.841922+08:00
2603,2017-08-28,945000.0,438000.0,66000.0,1449000.0,43230.0,9012.0,-1510.0,-39.0,,2026-07-24T11:48:55.841922+08:00
2603,2017-08-29,-639000.0,11914766.0,-2000.0,11273766.0,40621.0,8997.0,-2609.0,-15.0,,2026-07-24T11:48:55.841922+08:00
2603,2017-08-30,2500000.0,5659588.0,495000.0,8654588.0,42088.0,9327.0,1467.0,330.0,,2026-07-24T11:48:55.841922+08:00
2603,2017-08-31,327000.0,11730284.0,-210000.0,11847284.0,42137.0,9921.0,49.0,594.0,,2026-07-24T11:48:55.841922+08:00
2603,2017-09-01,-171000.0,-2392000.0,-360000.0,-2923000.0,39252.0,9095.0,-2885.0,-826.0,,2026-07-24T11:48:55.841922+08:00
2603,2017-09-04,-1131000.0,9524766.0,-1126000.0,7267766.0,40172.0,8223.0,920.0,-872.0,,2026-07-24T11:48:55.841922+08:00
2603,2017-09-05,402980.0,5962970.0,-732000.0,5633950.0,43320.0,8174.0,3148.0,-49.0,,2026-07-24T11:48:55.841922+08:00
2603,2017-09-06,217000.0,6185980.0,-530000.0,5872980.0,42517.0,8208.0,-803.0,34.0,,2026-07-24T11:48:55.841922+08:00
2603,2017-09-07,26000.0,10662208.0,0.0,10688208.0,45125.0,8803.0,2608.0,595.0,,2026-07-24T11:48:55.841922+08:00
2603,2017-09-08,-635000.0,1011120.0,-558000.0,-181880.0,45840.0,8833.0,715.0,30.0,,2026-07-24T11:48:55.841922+08:00
2603,2017-09-11,324000.0,8463000.0,-1060000.0,7727000.0,44170.0,7972.0,-1670.0,-861.0,,2026-07-24T11:48:55.841922+08:00
2603,2017-09-12,1119000.0,-7359000.0,-60000.0,-6300000.0,42087.0,6869.0,-2083.0,-1103.0,,2026-07-24T11:48:55.841922+08:00
2603,2017-09-13,-1459000.0,538927.0,-4383000.0,-5303073.0,41688.0,5282.0,-399.0,-1587.0,,2026-07-24T11:48:55.841922+08:00
2603,2017-09-14,1235000.0,6134658.0,-1531000.0,5838658.0,40912.0,5521.0,-776.0,239.0,,2026-07-24T11:48:55.841922+08:00
2603,2017-09-15,174000.0,-13896869.0,-2760000.0,-16482869.0,43935.0,4152.0,3023.0,-1369.0,,2026-07-24T11:48:55.841922+08:00
2603,2017-09-18,1073000.0,-7261872.0,-5477000.0,-11665872.0,51597.0,3884.0,7662.0,-268.0,,2026-07-24T11:48:55.841922+08:00
2603,2017-09-19,2020000.0,-3673898.0,-3305000.0,-4958898.0,49847.0,3909.0,-1750.0,25.0,,2026-07-24T11:48:55.841922+08:00
2603,2017-09-20,-3271000.0,-5191832.0,-4641000.0,-13103832.0,51221.0,3568.0,1374.0,-341.0,,2026-07-24T11:48:55.841922+08:00
2603,2017-09-21,2128000.0,-399580.0,-1100000.0,628420.0,52390.0,3628.0,1169.0,60.0,,2026-07-24T11:48:55.841922+08:00
2603,2017-09-22,-1593000.0,-3728831.0,-3130000.0,-8451831.0,54120.0,3529.0,1730.0,-99.0,,2026-07-24T11:48:55.841922+08:00
2603,2017-09-25,-2843000.0,3210090.0,-1228000.0,-860910.0,50619.0,2811.0,-3501.0,-718.0,,2026-07-24T11:48:55.841922+08:00
2603,2017-09-26,972000.0,218000.0,-335000.0,855000.0,51253.0,2705.0,634.0,-106.0,,2026-07-24T11:48:55.841922+08:00
2603,2017-09-27,-521000.0,-820000.0,-130000.0,-1471000.0,51413.0,2503.0,160.0,-202.0,,2026-07-24T11:48:55.841922+08:00
2603,2017-09-28,-685000.0,-423081.0,-749000.0,-1857081.0,51022.0,2361.0,-391.0,-142.0,,2026-07-24T11:48:55.841922+08:00
2603,2017-09-29,-603000.0,1871606.0,-449000.0,819606.0,50600.0,2373.0,-422.0,12.0,,2026-07-24T11:48:55.841922+08:00
2603,2017-09-30,3168000.0,0.0,-2221000.0,947000.0,50832.0,2661.0,232.0,288.0,,2026-07-24T11:48:55.841922+08:00
2603,2017-10-02,-1484000.0,410000.0,120000.0,-954000.0,50414.0,2568.0,-418.0,-93.0,,2026-07-24T11:48:55.841922+08:00
2603,2017-10-03,-217000.0,-6034000.0,1133.0,-6249867.0,51940.0,2492.0,1526.0,-76.0,,2026-07-24T11:48:55.841922+08:00
2603,2017-10-05,729000.0,-4853612.0,-565000.0,-4689612.0,52314.0,2491.0,374.0,-1.0,,2026-07-24T11:48:55.841922+08:00
2603,2017-10-06,766000.0,838000.0,-44000.0,1560000.0,52733.0,2629.0,419.0,138.0,,2026-07-24T11:48:55.841922+08:00
2603,2017-10-11,-1679000.0,-10389771.0,0.0,-12068771.0,53313.0,1660.0,580.0,-969.0,,2026-07-24T11:48:55.841922+08:00
2603,2017-10-12,-1216000.0,-1494378.0,-584000.0,-3294378.0,52640.0,1627.0,-673.0,-33.0,,2026-07-24T11:48:55.841922+08:00
2603,2017-10-13,2709000.0,-8233000.0,-1120000.0,-6644000.0,52696.0,2873.0,56.0,1246.0,,2026-07-24T11:48:55.841922+08:00
2603,2017-10-16,-2303000.0,-3717297.0,-75000.0,-6095297.0,52591.0,4287.0,-105.0,1414.0,,2026-07-24T11:48:55.841922+08:00
2603,2017-10-17,-2690000.0,-6804500.0,0.0,-9494500.0,53415.0,5294.0,824.0,1007.0,,2026-07-24T11:48:55.841922+08:00
2603,2017-10-18,-4379000.0,-954280.0,0.0,-5333280.0,55005.0,5992.0,1590.0,698.0,,2026-07-24T11:48:55.841922+08:00
2603,2017-10-19,88000.0,-801256.0,-29000.0,-742256.0,55555.0,5929.0,550.0,-63.0,,2026-07-24T11:48:55.841922+08:00
2603,2017-10-20,626000.0,-2097403.0,0.0,-1471403.0,55107.0,6684.0,-448.0,755.0,,2026-07-24T11:48:55.841922+08:00
2603,2017-10-23,2864000.0,-2881026.0,0.0,-17026.0,57303.0,5050.0,2196.0,-1634.0,,2026-07-24T11:48:55.841922+08:00
2603,2017-10-24,2567000.0,-4411823.0,910000.0,-934823.0,60447.0,3311.0,3144.0,-1739.0,,2026-07-24T11:48:55.841922+08:00
2603,2017-10-25,-3161000.0,-6715108.0,3338000.0,-6538108.0,63908.0,2737.0,3461.0,-574.0,,2026-07-24T11:48:55.841922+08:00
2603,2017-10-26,-1525000.0,-3145956.0,-100000.0,-4770956.0,65492.0,2149.0,1584.0,-588.0,,2026-07-24T11:48:55.841922+08:00
2603,2017-10-27,-1103000.0,1909019.0,890000.0,1696019.0,64823.0,2089.0,-669.0,-60.0,,2026-07-24T11:48:55.841922+08:00
2603,2017-10-30,2820000.0,-833038.0,794000.0,2780962.0,70871.0,5999.0,6048.0,3910.0,,2026-07-24T11:48:55.841922+08:00
2603,2017-10-31,-2358000.0,-606623.0,143000.0,-2821623.0,70731.0,7138.0,-140.0,1139.0,,2026-07-24T11:48:55.841922+08:00
2603,2017-11-01,-2253000.0,-4251047.0,-1576000.0,-8080047.0,63487.0,1.0,-7244.0,-7137.0,,2026-07-24T11:48:55.841922+08:00
2603,2017-11-02,896000.0,-1477744.0,-872000.0,-1453744.0,63386.0,0.0,-101.0,-1.0,,2026-07-24T11:48:55.841922+08:00
2603,2017-11-03,-184000.0,483430.0,-50000.0,249430.0,63765.0,0.0,379.0,0.0,,2026-07-24T11:48:55.841922+08:00
2603,2017-11-06,1061045.0,-4491610.0,200000.0,-3230565.0,63957.0,0.0,192.0,0.0,,2026-07-24T11:48:55.841922+08:00
2603,2017-11-07,1599000.0,-7450573.0,-1012000.0,-6863573.0,68066.0,42256.0,4109.0,42256.0,,2026-07-24T11:48:55.841922+08:00
2603,2017-11-08,658000.0,6380000.0,-1288000.0,5750000.0,69663.0,50875.0,1597.0,8619.0,,2026-07-24T11:48:55.841922+08:00
2603,2017-11-09,1728000.0,1552000.0,0.0,3280000.0,70428.0,53328.0,765.0,2453.0,,2026-07-24T11:48:55.841922+08:00
2603,2017-11-10,615000.0,-9357880.0,0.0,-8742880.0,72112.0,52179.0,1684.0,-1149.0,,2026-07-24T11:48:55.841922+08:00
2603,2017-11-13,719000.0,-12017050.0,0.0,-11298050.0,74624.0,52334.0,2512.0,155.0,,2026-07-24T11:48:55.841922+08:00
2603,2017-11-14,-2402000.0,-8303000.0,0.0,-10705000.0,76060.0,53866.0,1436.0,1532.0,,2026-07-24T11:48:55.841922+08:00
2603,2017-11-15,-476000.0,-833821.0,60000.0,-1249821.0,75287.0,55208.0,-773.0,1342.0,,2026-07-24T11:48:55.841922+08:00
2603,2017-11-16,-177000.0,-879000.0,-65000.0,-1121000.0,76732.0,56614.0,1445.0,1406.0,,2026-07-24T11:48:55.841922+08:00
2603,2017-11-17,-1174000.0,-4432472.0,-150000.0,-5756472.0,78411.0,55592.0,1679.0,-1022.0,,2026-07-24T11:48:55.841922+08:00
2603,2017-11-20,324000.0,2421497.0,0.0,2745497.0,78652.0,56538.0,241.0,946.0,,2026-07-24T11:48:55.841922+08:00
2603,2017-11-21,-681000.0,-2116830.0,-2066000.0,-4863830.0,79231.0,56706.0,579.0,168.0,,2026-07-24T11:48:55.841922+08:00
2603,2017-11-22,119000.0,4951671.0,-1035000.0,4035671.0,81222.0,57969.0,1991.0,1263.0,,2026-07-24T11:48:55.841922+08:00
2603,2017-11-23,-742000.0,-1830120.0,0.0,-2572120.0,80955.0,58541.0,-267.0,572.0,,2026-07-24T11:48:55.841922+08:00
2603,2017-11-24,362000.0,-2587538.0,-2362000.0,-4587538.0,80321.0,59429.0,-634.0,888.0,,2026-07-24T11:48:55.841922+08:00
2603,2017-11-27,1038000.0,3482901.0,0.0,4520901.0,79106.0,61292.0,-1215.0,1863.0,,2026-07-24T11:48:55.841922+08:00
2603,2017-11-28,2204000.0,3428750.0,-566000.0,5066750.0,81627.0,61914.0,2521.0,622.0,,2026-07-24T11:48:55.841922+08:00
2603,2017-11-29,-844000.0,-2731272.0,-544000.0,-4119272.0,80485.0,63901.0,-1142.0,1987.0,,2026-07-24T11:48:55.841922+08:00
2603,2017-11-30,856000.0,7435821.0,-1000.0,8290821.0,78473.0,65283.0,-2012.0,1382.0,,2026-07-24T11:48:55.841922+08:00
2603,2017-12-01,-174000.0,1356241.0,-1307000.0,-124759.0,78548.0,66080.0,75.0,797.0,,2026-07-24T11:48:55.841922+08:00
2603,2017-12-04,2198000.0,11576072.0,0.0,13774072.0,77703.0,67013.0,-845.0,933.0,,2026-07-24T11:48:55.841922+08:00
2603,2017-12-05,-1155263.0,-2697906.0,0.0,-3853169.0,77488.0,67818.0,-215.0,805.0,,2026-07-24T11:48:55.841922+08:00
2603,2017-12-06,-5990000.0,410144.0,0.0,-5579856.0,75315.0,68037.0,-2173.0,219.0,,2026-07-24T11:48:55.841922+08:00
2603,2017-12-07,-228000.0,-281284.0,-300000.0,-809284.0,78446.0,13896.0,3131.0,-54141.0,,2026-07-24T11:48:55.841922+08:00
2603,2017-12-08,2510000.0,3955458.0,-331998.0,6133460.0,80175.0,11767.0,1729.0,-2129.0,,2026-07-24T11:48:55.841922+08:00
2603,2017-12-11,1362000.0,2823963.0,300000.0,4485963.0,81539.0,5430.0,1364.0,-6337.0,,2026-07-24T11:48:55.841922+08:00
2603,2017-12-12,-313000.0,2115363.0,-601247.0,1201116.0,83119.0,3312.0,1580.0,-2118.0,,2026-07-24T11:48:55.841922+08:00
2603,2017-12-13,1038767.0,10254808.0,0.0,11293575.0,81301.0,3360.0,-1818.0,48.0,,2026-07-24T11:48:55.841922+08:00
2603,2017-12-14,1083584.0,3518438.0,-107191.0,4494831.0,82667.0,3320.0,1366.0,-40.0,,2026-07-24T11:48:55.841922+08:00
2603,2017-12-15,-334000.0,-557234.0,2000.0,-889234.0,82549.0,3213.0,-118.0,-107.0,,2026-07-24T11:48:55.841922+08:00
2603,2017-12-18,-203000.0,641987.0,-715000.0,-276013.0,82775.0,2790.0,226.0,-423.0,,2026-07-24T11:48:55.841922+08:00
2603,2017-12-19,-693000.0,2419606.0,-1398000.0,328606.0,82278.0,2812.0,-497.0,22.0,,2026-07-24T11:48:55.841922+08:00
2603,2017-12-20,6916000.0,3774358.0,-152712.0,10537646.0,80891.0,2426.0,-1387.0,-386.0,,2026-07-24T11:48:55.841922+08:00
2603,2017-12-21,2153000.0,-174215.0,-117000.0,1861785.0,82787.0,2401.0,1896.0,-25.0,,2026-07-24T11:48:55.841922+08:00
2603,2017-12-22,-501000.0,-3821741.0,1000000.0,-3322741.0,84030.0,2347.0,1243.0,-54.0,,2026-07-24T11:48:55.841922+08:00
2603,2017-12-25,-600485.0,712000.0,0.0,111515.0,82491.0,2322.0,-1539.0,-25.0,,2026-07-24T11:48:55.841922+08:00
2603,2017-12-26,-1518000.0,-2975000.0,-24157.0,-4517157.0,82908.0,2369.0,417.0,47.0,,2026-07-24T11:48:55.841922+08:00
2603,2017-12-27,725000.0,3623946.0,315000.0,4663946.0,82210.0,1259.0,-698.0,-1110.0,,2026-07-24T11:48:55.841922+08:00
2603,2017-12-28,-625000.0,-3218247.0,764495.0,-3078752.0,82989.0,1188.0,779.0,-71.0,,2026-07-24T11:48:55.841922+08:00
2603,2017-12-29,-478000.0,-5447000.0,0.0,-5925000.0,81195.0,1139.0,-1794.0,-49.0,,2026-07-24T11:48:55.841922+08:00
2603,2018-01-02,13338000.0,7397440.0,4190000.0,24925440.0,95050.0,1889.0,13855.0,750.0,,2026-07-24T11:48:55.841922+08:00
2603,2018-01-03,-1050570.0,-17766438.0,7509000.0,-11308008.0,89688.0,1694.0,-5362.0,-195.0,,2026-07-24T11:48:55.841922+08:00
2603,2018-01-04,2072000.0,-946985.0,0.0,1125015.0,94741.0,1945.0,5053.0,251.0,,2026-07-24T11:48:55.841922+08:00
2603,2018-01-05,11808000.0,-15626345.0,50000.0,-3768345.0,94584.0,2843.0,-157.0,898.0,,2026-07-24T11:48:55.841922+08:00
2603,2018-01-08,-3543000.0,-3228601.0,1185000.0,-5586601.0,92597.0,2355.0,-1987.0,-488.0,,2026-07-24T11:48:55.841922+08:00
2603,2018-01-09,-1991388.0,708466.0,35000.0,-1247922.0,91391.0,2065.0,-1206.0,-290.0,,2026-07-24T11:48:55.841922+08:00
2603,2018-01-10,-3796000.0,456095.0,-176786.0,-3516691.0,92099.0,1878.0,708.0,-187.0,,2026-07-24T11:48:55.841922+08:00
2603,2018-01-11,1218000.0,61186.0,-353000.0,926186.0,92197.0,1887.0,98.0,9.0,,2026-07-24T11:48:55.841922+08:00
2603,2018-01-12,515362.0,4654267.0,-869000.0,4300629.0,91757.0,1936.0,-440.0,49.0,,2026-07-24T11:48:55.841922+08:00
2603,2018-01-15,-1167000.0,334374.0,143000.0,-689626.0,90776.0,1825.0,-981.0,-111.0,,2026-07-24T11:48:55.841922+08:00
2603,2018-01-16,-2252580.0,-3498398.0,-1621097.0,-7372075.0,88468.0,1547.0,-2308.0,-278.0,,2026-07-24T11:48:55.841922+08:00
2603,2018-01-17,1855000.0,1574711.0,-85000.0,3344711.0,85532.0,1498.0,-2936.0,-49.0,,2026-07-24T11:48:55.841922+08:00
2603,2018-01-18,28000.0,5532571.0,136000.0,5696571.0,83829.0,1527.0,-1703.0,29.0,,2026-07-24T11:48:55.841922+08:00
2603,2018-01-19,-4227000.0,2461573.0,-401000.0,-2166427.0,80364.0,1503.0,-3465.0,-24.0,,2026-07-24T11:48:55.841922+08:00
2603,2018-01-22,-5905000.0,-13250000.0,-378000.0,-19533000.0,81971.0,1252.0,1607.0,-251.0,,2026-07-24T11:48:55.841922+08:00
2603,2018-01-23,-5270000.0,-1961067.0,-395000.0,-7626067.0,81866.0,1426.0,-105.0,174.0,,2026-07-24T11:48:55.841922+08:00
2603,2018-01-24,4696000.0,-1131791.0,-300048.0,3264161.0,81426.0,1546.0,-440.0,120.0,,2026-07-24T11:48:55.841922+08:00
2603,2018-01-25,-5245000.0,-138195.0,-300000.0,-5683195.0,83263.0,1482.0,1837.0,-64.0,,2026-07-24T11:48:55.841922+08:00
2603,2018-01-26,-549000.0,-1621783.0,0.0,-2170783.0,83649.0,1217.0,386.0,-265.0,,2026-07-24T11:48:55.841922+08:00
2603,2018-01-29,321000.0,3581721.0,0.0,3902721.0,83333.0,1198.0,-316.0,-19.0,,2026-07-24T11:48:55.841922+08:00
2603,2018-01-30,-2816000.0,-956797.0,-3000000.0,-6772797.0,83984.0,1177.0,651.0,-21.0,,2026-07-24T11:48:55.841922+08:00
2603,2018-01-31,-20000.0,1565000.0,0.0,1545000.0,83834.0,1233.0,-150.0,56.0,,2026-07-24T11:48:55.841922+08:00
2603,2018-02-01,-1077000.0,-4055183.0,-661000.0,-5793183.0,85571.0,1191.0,1737.0,-42.0,,2026-07-24T11:48:55.841922+08:00
2603,2018-02-02,-2526000.0,-4074308.0,-970106.0,-7570414.0,85676.0,1069.0,105.0,-122.0,,2026-07-24T11:48:55.841922+08:00
2603,2018-02-05,-6801000.0,2708132.0,-2236000.0,-6328868.0,84195.0,994.0,-1481.0,-75.0,,2026-07-24T11:48:55.841922+08:00
2603,2018-02-06,-6048000.0,-4085439.0,-151000.0,-10284439.0,78452.0,999.0,-5743.0,5.0,,2026-07-24T11:48:55.841922+08:00
2603,2018-02-07,648000.0,-7772793.0,-424000.0,-7548793.0,76810.0,1002.0,-1642.0,3.0,,2026-07-24T11:48:55.841922+08:00
2603,2018-02-08,-1366000.0,-5078096.0,-1492304.0,-7936400.0,76456.0,1006.0,-354.0,4.0,,2026-07-24T11:48:55.841922+08:00
2603,2018-02-09,-204000.0,-1299000.0,-375000.0,-1878000.0,73533.0,902.0,-2923.0,-104.0,,2026-07-24T11:48:55.841922+08:00
2603,2018-02-12,-151000.0,-8123143.0,-389000.0,-8663143.0,72940.0,898.0,-593.0,-4.0,,2026-07-24T11:48:55.841922+08:00
2603,2018-02-21,642000.0,-2914429.0,0.0,-2272429.0,72082.0,916.0,-858.0,18.0,,2026-07-24T11:48:55.841922+08:00
2603,2018-02-22,-208000.0,-1884124.0,-183000.0,-2275124.0,72478.0,928.0,396.0,12.0,,2026-07-24T11:48:55.841922+08:00
2603,2018-02-23,-441000.0,-5550669.0,0.0,-5991669.0,73059.0,928.0,581.0,0.0,,2026-07-24T11:48:55.841922+08:00
2603,2018-02-26,340000.0,-9626000.0,0.0,-9286000.0,74164.0,924.0,1105.0,-4.0,,2026-07-24T11:48:55.841922+08:00
2603,2018-02-27,-412999.0,-4887269.0,0.0,-5300268.0,75230.0,924.0,1066.0,0.0,,2026-07-24T11:48:55.841922+08:00
2603,2018-03-01,1720000.0,-5466829.0,-100000.0,-3846829.0,76361.0,1048.0,1131.0,124.0,,2026-07-24T11:48:55.841922+08:00
2603,2018-03-02,-1043817.0,-9968596.0,-10000.0,-11022413.0,77502.0,972.0,1141.0,-76.0,,2026-07-24T11:48:55.841922+08:00
2603,2018-03-05,-289000.0,-9584660.0,-340000.0,-10213660.0,78876.0,987.0,1374.0,15.0,,2026-07-24T11:48:55.841922+08:00
2603,2018-03-06,-311000.0,-9855354.0,-1308051.0,-11474405.0,80141.0,1002.0,1265.0,15.0,,2026-07-24T11:48:55.841922+08:00
2603,2018-03-07,1360000.0,-4387000.0,-200000.0,-3227000.0,80658.0,986.0,517.0,-16.0,,2026-07-24T11:48:55.841922+08:00
2603,2018-03-08,544000.0,-3589000.0,-275000.0,-3320000.0,80397.0,997.0,-261.0,11.0,,2026-07-24T11:48:55.841922+08:00
2603,2018-03-09,1596000.0,-2157961.0,-1373000.0,-1934961.0,79264.0,985.0,-1133.0,-12.0,,2026-07-24T11:48:55.841922+08:00
2603,2018-03-12,1540000.0,1512000.0,0.0,3052000.0,77402.0,1041.0,-1862.0,56.0,,2026-07-24T11:48:55.841922+08:00
2603,2018-03-13,-483000.0,-860000.0,0.0,-1343000.0,78992.0,1015.0,1590.0,-26.0,,2026-07-24T11:48:55.841922+08:00
2603,2018-03-14,-151000.0,-309492.0,-1292330.0,-1752822.0,78691.0,1034.0,-301.0,19.0,,2026-07-24T11:48:55.841922+08:00
2603,2018-03-15,40000.0,-2497824.0,0.0,-2457824.0,79521.0,1032.0,830.0,-2.0,,2026-07-24T11:48:55.841922+08:00
2603,2018-03-16,-664000.0,955172.0,-310759.0,-19587.0,79955.0,999.0,434.0,-33.0,,2026-07-24T11:48:55.841922+08:00
2603,2018-03-19,2805000.0,12535118.0,-1183000.0,14157118.0,82357.0,1135.0,2402.0,136.0,,2026-07-24T11:48:55.841922+08:00
2603,2018-03-20,-566000.0,1354300.0,0.0,788300.0,82241.0,1174.0,-116.0,39.0,,2026-07-24T11:48:55.841922+08:00
2603,2018-03-21,-2004711.0,-8370509.0,-199670.0,-10574890.0,82198.0,1080.0,-43.0,-94.0,,2026-07-24T11:48:55.841922+08:00
2603,2018-03-22,-183000.0,-1064107.0,0.0,-1247107.0,82581.0,1036.0,383.0,-44.0,,2026-07-24T11:48:55.841922+08:00
2603,2018-03-23,-1377000.0,-2866000.0,0.0,-4243000.0,83116.0,1240.0,535.0,204.0,,2026-07-24T11:48:55.841922+08:00
2603,2018-03-26,-817000.0,-2551000.0,0.0,-3368000.0,81359.0,1340.0,-1757.0,100.0,,2026-07-24T11:48:55.841922+08:00
2603,2018-03-27,-370000.0,-1965580.0,-275463.0,-2611043.0,81477.0,1339.0,118.0,-1.0,,2026-07-24T11:48:55.841922+08:00
2603,2018-03-28,-728000.0,-7987000.0,-280000.0,-8995000.0,82985.0,1495.0,1508.0,156.0,,2026-07-24T11:48:55.841922+08:00
2603,2018-03-29,-43000.0,-4354090.0,-240000.0,-4637090.0,82869.0,1360.0,-116.0,-135.0,,2026-07-24T11:48:55.841922+08:00
2603,2018-03-30,160000.0,-569246.0,-520731.0,-929977.0,83049.0,1373.0,180.0,13.0,,2026-07-24T11:48:55.841922+08:00
2603,2018-03-31,-217000.0,-3000.0,0.0,-220000.0,82700.0,1400.0,-349.0,27.0,,2026-07-24T11:48:55.841922+08:00
2603,2018-04-02,-116000.0,-1085000.0,0.0,-1201000.0,82567.0,1350.0,-133.0,-50.0,,2026-07-24T11:48:55.841922+08:00
2603,2018-04-03,-280000.0,-3046297.0,0.0,-3326297.0,82593.0,1345.0,26.0,-5.0,,2026-07-24T11:48:55.841922+08:00
2603,2018-04-09,-44000.0,-3080440.0,0.0,-3124440.0,82642.0,658.0,49.0,-687.0,,2026-07-24T11:48:55.841922+08:00
2603,2018-04-10,-94000.0,-1793404.0,-319000.0,-2206404.0,83055.0,563.0,413.0,-95.0,,2026-07-24T11:48:55.841922+08:00
2603,2018-04-11,-235000.0,-1701636.0,0.0,-1936636.0,83053.0,530.0,-2.0,-33.0,,2026-07-24T11:48:55.841922+08:00
2603,2018-04-12,-122000.0,-6490661.0,0.0,-6612661.0,83180.0,66.0,127.0,-464.0,,2026-07-24T11:48:55.841922+08:00
2603,2018-04-13,15000.0,-1954000.0,-774000.0,-2713000.0,83439.0,1.0,259.0,-65.0,,2026-07-24T11:48:55.841922+08:00
2603,2018-04-16,-444000.0,-1835104.0,0.0,-2279104.0,83027.0,0.0,-412.0,-1.0,,2026-07-24T11:48:55.841922+08:00
2603,2018-04-17,-622000.0,-4276000.0,-410000.0,-5308000.0,82434.0,0.0,-593.0,0.0,,2026-07-24T11:48:55.841922+08:00
2603,2018-04-18,-663000.0,1321504.0,-13000.0,645504.0,81592.0,0.0,-842.0,0.0,,2026-07-24T11:48:55.841922+08:00
2603,2018-04-19,170000.0,1275963.0,0.0,1445963.0,81639.0,43.0,47.0,43.0,,2026-07-24T11:48:55.841922+08:00
2603,2018-04-20,-494000.0,-1131000.0,-1606000.0,-3231000.0,80993.0,45.0,-646.0,2.0,,2026-07-24T11:48:55.841922+08:00
2603,2018-04-23,143000.0,-1644313.0,-188000.0,-1689313.0,80757.0,46.0,-236.0,1.0,,2026-07-24T11:48:55.841922+08:00
2603,2018-04-24,-681000.0,-4201128.0,0.0,-4882128.0,80140.0,111.0,-617.0,65.0,,2026-07-24T11:48:55.841922+08:00
2603,2018-04-25,-644000.0,-2334000.0,-46000.0,-3024000.0,80113.0,53.0,-27.0,-58.0,,2026-07-24T11:48:55.841922+08:00
2603,2018-04-26,-9000.0,-1621135.0,0.0,-1630135.0,80588.0,280.0,475.0,227.0,,2026-07-24T11:48:55.841922+08:00
2603,2018-04-27,3000.0,5625224.0,0.0,5628224.0,80679.0,317.0,91.0,37.0,,2026-07-24T11:48:55.841922+08:00
2603,2018-04-30,2035000.0,6276000.0,0.0,8311000.0,80382.0,362.0,-297.0,45.0,,2026-07-24T11:48:55.841922+08:00
2603,2018-05-02,-908000.0,2538850.0,0.0,1630850.0,79733.0,364.0,-649.0,2.0,,2026-07-24T11:48:55.841922+08:00
2603,2018-05-03,-269000.0,-747704.0,0.0,-1016704.0,79417.0,276.0,-316.0,-88.0,,2026-07-24T11:48:55.841922+08:00
2603,2018-05-04,-132000.0,-51128.0,0.0,-183128.0,79731.0,185.0,314.0,-91.0,,2026-07-24T11:48:55.841922+08:00
2603,2018-05-07,726000.0,-66496.0,0.0,659504.0,79782.0,174.0,51.0,-11.0,,2026-07-24T11:48:55.841922+08:00
2603,2018-05-08,-592000.0,1766000.0,0.0,1174000.0,79483.0,188.0,-299.0,14.0,,2026-07-24T11:48:55.841922+08:00
2603,2018-05-09,431000.0,281064.0,0.0,712064.0,79685.0,170.0,202.0,-18.0,,2026-07-24T11:48:55.841922+08:00
2603,2018-05-10,-395000.0,-1352000.0,0.0,-1747000.0,79960.0,136.0,275.0,-34.0,,2026-07-24T11:48:55.841922+08:00
2603,2018-05-11,-251000.0,-721000.0,0.0,-972000.0,79490.0,133.0,-470.0,-3.0,,2026-07-24T11:48:55.841922+08:00
2603,2018-05-14,-821000.0,2131000.0,-210000.0,1100000.0,77912.0,135.0,-1578.0,2.0,,2026-07-24T11:48:55.841922+08:00
2603,2018-05-15,-143000.0,2369000.0,-257000.0,1969000.0,77171.0,142.0,-741.0,7.0,,2026-07-24T11:48:55.841922+08:00
2603,2018-05-16,-204000.0,-372410.0,0.0,-576410.0,76778.0,137.0,-393.0,-5.0,,2026-07-24T11:48:55.841922+08:00
2603,2018-05-17,-118000.0,2693239.0,0.0,2575239.0,76648.0,127.0,-130.0,-10.0,,2026-07-24T11:48:55.841922+08:00
2603,2018-05-18,240000.0,4824000.0,0.0,5064000.0,75916.0,350.0,-732.0,223.0,,2026-07-24T11:48:55.841922+08:00
2603,2018-05-21,120000.0,3862000.0,0.0,3982000.0,75410.0,374.0,-506.0,24.0,,2026-07-24T11:48:55.841922+08:00
2603,2018-05-22,2722000.0,5990000.0,0.0,8712000.0,78093.0,420.0,2683.0,46.0,,2026-07-24T11:48:55.841922+08:00
2603,2018-05-23,-1168000.0,2051515.0,469656.0,1353171.0,75970.0,377.0,-2123.0,-43.0,,2026-07-24T11:48:55.841922+08:00
2603,2018-05-24,558000.0,-1491000.0,0.0,-933000.0,76028.0,382.0,58.0,5.0,,2026-07-24T11:48:55.841922+08:00
2603,2018-05-25,-572000.0,-1063000.0,0.0,-1635000.0,75791.0,338.0,-237.0,-44.0,,2026-07-24T11:48:55.841922+08:00
2603,2018-05-28,776000.0,1784000.0,-387000.0,2173000.0,75282.0,286.0,-509.0,-52.0,,2026-07-24T11:48:55.841922+08:00
2603,2018-05-29,-975000.0,-6899494.0,0.0,-7874494.0,75949.0,266.0,667.0,-20.0,,2026-07-24T11:48:55.841922+08:00
2603,2018-05-30,-489000.0,-8709824.0,0.0,-9198824.0,76905.0,249.0,956.0,-17.0,,2026-07-24T11:48:55.841922+08:00
2603,2018-05-31,-96000.0,-2387463.0,0.0,-2483463.0,76767.0,249.0,-138.0,0.0,,2026-07-24T11:48:55.841922+08:00
2603,2018-06-01,-76000.0,-785701.0,170000.0,-691701.0,76600.0,235.0,-167.0,-14.0,,2026-07-24T11:48:55.841922+08:00
2603,2018-06-04,92000.0,2286000.0,-413000.0,1965000.0,76654.0,227.0,54.0,-8.0,,2026-07-24T11:48:55.841922+08:00
2603,2018-06-05,-136000.0,930000.0,0.0,794000.0,76591.0,150.0,-63.0,-77.0,,2026-07-24T11:48:55.841922+08:00
2603,2018-06-06,648000.0,-1020366.0,0.0,-372366.0,76440.0,155.0,-151.0,5.0,,2026-07-24T11:48:55.841922+08:00
2603,2018-06-07,206000.0,-1061406.0,0.0,-855406.0,77071.0,155.0,631.0,0.0,,2026-07-24T11:48:55.841922+08:00
2603,2018-06-08,500000.0,-3565000.0,0.0,-3065000.0,77423.0,166.0,352.0,11.0,,2026-07-24T11:48:55.841922+08:00
2603,2018-06-11,-486000.0,-183000.0,0.0,-669000.0,77020.0,162.0,-403.0,-4.0,,2026-07-24T11:48:55.841922+08:00
2603,2018-06-12,668000.0,-290008.0,0.0,377992.0,76613.0,172.0,-407.0,10.0,,2026-07-24T11:48:55.841922+08:00
2603,2018-06-13,-53000.0,-425000.0,0.0,-478000.0,77178.0,172.0,565.0,0.0,,2026-07-24T11:48:55.841922+08:00
2603,2018-06-14,-86000.0,-1110632.0,-30000.0,-1226632.0,77306.0,166.0,128.0,-6.0,,2026-07-24T11:48:55.841922+08:00
2603,2018-06-15,-106000.0,-295410.0,4000.0,-397410.0,77192.0,167.0,-114.0,1.0,,2026-07-24T11:48:55.841922+08:00
2603,2018-06-19,-1236000.0,-2144000.0,0.0,-3380000.0,77265.0,162.0,73.0,-5.0,,2026-07-24T11:48:55.841922+08:00
2603,2018-06-20,-958427.0,-513000.0,9230.0,-1462197.0,77643.0,168.0,378.0,6.0,,2026-07-24T11:48:55.841922+08:00
2603,2018-06-21,-439000.0,-3234450.0,0.0,-3673450.0,79062.0,182.0,1419.0,14.0,,2026-07-24T11:48:55.841922+08:00
2603,2018-06-22,59000.0,-2523180.0,-100000.0,-2564180.0,78908.0,192.0,-154.0,10.0,,2026-07-24T11:48:55.841922+08:00
2603,2018-06-25,-802000.0,-1503608.0,0.0,-2305608.0,77480.0,272.0,-1428.0,80.0,,2026-07-24T11:48:55.841922+08:00
2603,2018-06-26,-478000.0,-4358724.0,-105000.0,-4941724.0,76313.0,93.0,-1167.0,-179.0,,2026-07-24T11:48:55.841922+08:00
2603,2018-06-27,-539000.0,-4886559.0,0.0,-5425559.0,76076.0,136.0,-237.0,43.0,,2026-07-24T11:48:55.841922+08:00
2603,2018-06-28,275000.0,-110963.0,-76000.0,88037.0,74142.0,288.0,-1934.0,152.0,,2026-07-24T11:48:55.841922+08:00
2603,2018-06-29,187000.0,-4753000.0,-85000.0,-4651000.0,75455.0,144.0,1313.0,-144.0,,2026-07-24T11:48:55.841922+08:00
2603,2018-07-02,1250000.0,666046.0,256000.0,2172046.0,74917.0,190.0,-538.0,46.0,,2026-07-24T11:48:55.841922+08:00
2603,2018-07-03,265000.0,-2020000.0,-14000.0,-1769000.0,75082.0,175.0,165.0,-15.0,,2026-07-24T11:48:55.841922+08:00
2603,2018-07-04,-62000.0,-496000.0,0.0,-558000.0,74778.0,161.0,-304.0,-14.0,,2026-07-24T11:48:55.841922+08:00
2603,2018-07-05,-641000.0,-1453000.0,0.0,-2094000.0,75074.0,155.0,296.0,-6.0,,2026-07-24T11:48:55.841922+08:00
2603,2018-07-06,509000.0,-3225638.0,-460274.0,-3176912.0,74795.0,169.0,-279.0,14.0,,2026-07-24T11:48:55.841922+08:00
2603,2018-07-09,-1273000.0,-1453000.0,0.0,-2726000.0,75774.0,168.0,979.0,-1.0,,2026-07-24T11:48:55.841922+08:00
2603,2018-07-10,267000.0,520735.0,0.0,787735.0,75196.0,166.0,-578.0,-2.0,,2026-07-24T11:48:55.841922+08:00
2603,2018-07-11,657014.0,72442.0,0.0,729456.0,75339.0,151.0,143.0,-15.0,,2026-07-24T11:48:55.841922+08:00
2603,2018-07-12,-248000.0,-2454453.0,-673.0,-2703126.0,75656.0,155.0,317.0,4.0,,2026-07-24T11:48:55.841922+08:00
2603,2018-07-13,-520000.0,1282276.0,0.0,762276.0,75316.0,135.0,-340.0,-20.0,,2026-07-24T11:48:55.841922+08:00
2603,2018-07-16,-221000.0,-1421000.0,0.0,-1642000.0,75252.0,126.0,-64.0,-9.0,,2026-07-24T11:48:55.841922+08:00
2603,2018-07-17,146000.0,1198602.0,475000.0,1819602.0,74563.0,126.0,-689.0,0.0,,2026-07-24T11:48:55.841922+08:00
2603,2018-07-18,542000.0,1271000.0,0.0,1813000.0,74057.0,127.0,-506.0,1.0,,2026-07-24T11:48:55.841922+08:00
2603,2018-07-19,-10000.0,-624960.0,0.0,-634960.0,73108.0,132.0,-949.0,5.0,,2026-07-24T11:48:55.841922+08:00
2603,2018-07-20,-463000.0,-328398.0,-230136.0,-1021534.0,72543.0,156.0,-565.0,24.0,,2026-07-24T11:48:55.841922+08:00
2603,2018-07-23,-251000.0,17000.0,0.0,-234000.0,72384.0,126.0,-159.0,-30.0,,2026-07-24T11:48:55.841922+08:00
2603,2018-07-24,746000.0,430120.0,0.0,1176120.0,71370.0,131.0,-1014.0,5.0,,2026-07-24T11:48:55.841922+08:00
2603,2018-07-25,-563000.0,-1134000.0,0.0,-1697000.0,70830.0,133.0,-540.0,2.0,,2026-07-24T11:48:55.841922+08:00
2603,2018-07-26,168000.0,-107000.0,0.0,61000.0,70671.0,124.0,-159.0,-9.0,,2026-07-24T11:48:55.841922+08:00
2603,2018-07-27,404000.0,326848.0,0.0,730848.0,69972.0,126.0,-699.0,2.0,,2026-07-24T11:48:55.841922+08:00
2603,2018-07-30,119000.0,786000.0,0.0,905000.0,69120.0,131.0,-852.0,5.0,,2026-07-24T11:48:55.841922+08:00
2603,2018-07-31,-313000.0,294497.0,0.0,-18503.0,68872.0,137.0,-248.0,6.0,,2026-07-24T11:48:55.841922+08:00
2603,2018-08-01,711000.0,-1370000.0,2671000.0,2012000.0,68599.0,128.0,-273.0,-9.0,,2026-07-24T11:48:55.841922+08:00
2603,2018-08-02,-1046000.0,-3402426.0,1750000.0,-2698426.0,68503.0,165.0,-96.0,37.0,,2026-07-24T11:48:55.841922+08:00
2603,2018-08-03,-126000.0,188008.0,744000.0,806008.0,68480.0,173.0,-23.0,8.0,,2026-07-24T11:48:55.841922+08:00
2603,2018-08-06,3540000.0,-2241336.0,0.0,1298664.0,68345.0,203.0,-135.0,30.0,,2026-07-24T11:48:55.841922+08:00
2603,2018-08-07,-2072000.0,-24622.0,0.0,-2096622.0,68051.0,188.0,-294.0,-15.0,,2026-07-24T11:48:55.841922+08:00
2603,2018-08-08,-890000.0,468000.0,0.0,-422000.0,68358.0,192.0,307.0,4.0,,2026-07-24T11:48:55.841922+08:00
2603,2018-08-09,30913.0,236257.0,0.0,267170.0,67973.0,193.0,-385.0,1.0,,2026-07-24T11:48:55.841922+08:00
2603,2018-08-10,-139000.0,-161000.0,0.0,-300000.0,67663.0,215.0,-310.0,22.0,,2026-07-24T11:48:55.841922+08:00
2603,2018-08-13,-186000.0,-1184000.0,0.0,-1370000.0,67858.0,286.0,195.0,71.0,,2026-07-24T11:48:55.841922+08:00
2603,2018-08-14,22000.0,-808300.0,0.0,-786300.0,68372.0,147.0,514.0,-139.0,,2026-07-24T11:48:55.841922+08:00
2603,2018-08-15,-696000.0,-1826832.0,0.0,-2522832.0,67884.0,109.0,-488.0,-38.0,,2026-07-24T11:48:55.841922+08:00
2603,2018-08-16,196000.0,-2967725.0,0.0,-2771725.0,68177.0,339.0,293.0,230.0,,2026-07-24T11:48:55.841922+08:00
2603,2018-08-17,-665000.0,-3678000.0,0.0,-4343000.0,68102.0,78.0,-75.0,-261.0,,2026-07-24T11:48:55.841922+08:00
2603,2018-08-20,86000.0,121278.0,-1873000.0,-1665722.0,67367.0,73.0,-735.0,-5.0,,2026-07-24T11:48:55.841922+08:00
2603,2018-08-21,348000.0,127000.0,0.0,475000.0,67285.0,77.0,-82.0,4.0,,2026-07-24T11:48:55.841922+08:00
2603,2018-08-22,-344000.0,1522000.0,0.0,1178000.0,66626.0,100.0,-659.0,23.0,,2026-07-24T11:48:55.841922+08:00
2603,2018-08-23,-107000.0,-753104.0,0.0,-860104.0,66504.0,0.0,-122.0,-100.0,,2026-07-24T11:48:55.841922+08:00
2603,2018-08-24,-19000.0,-3273000.0,0.0,-3292000.0,65927.0,0.0,-577.0,0.0,,2026-07-24T11:48:55.841922+08:00
2603,2018-08-27,65000.0,388000.0,0.0,453000.0,65376.0,0.0,-551.0,0.0,,2026-07-24T11:48:55.841922+08:00
2603,2018-08-28,5358866.0,933000.0,0.0,6291866.0,62992.0,0.0,-2384.0,0.0,,2026-07-24T11:48:55.841922+08:00
2603,2018-08-29,-4167000.0,-484200.0,-2770000.0,-7421200.0,61516.0,45.0,-1476.0,45.0,,2026-07-24T11:48:55.841922+08:00
2603,2018-08-30,-804000.0,-324772.0,0.0,-1128772.0,60446.0,108.0,-1070.0,63.0,,2026-07-24T11:48:55.841922+08:00
2603,2018-08-31,-131000.0,-423102.0,0.0,-554102.0,60003.0,74.0,-443.0,-34.0,,2026-07-24T11:48:55.841922+08:00
2603,2018-09-03,-108000.0,-2014700.0,0.0,-2122700.0,57867.0,71.0,-2136.0,-3.0,,2026-07-24T11:48:55.841922+08:00
2603,2018-09-04,-40000.0,-1221479.0,-340000.0,-1601479.0,57421.0,72.0,-446.0,1.0,,2026-07-24T11:48:55.841922+08:00
2603,2018-09-05,-313000.0,-2866695.0,0.0,-3179695.0,57574.0,72.0,153.0,0.0,,2026-07-24T11:48:55.841922+08:00
2603,2018-09-06,-10000.0,-2188407.0,-182000.0,-2380407.0,57548.0,107.0,-26.0,35.0,,2026-07-24T11:48:55.841922+08:00
2603,2018-09-07,-1024000.0,-1940000.0,1488.0,-2962512.0,56535.0,168.0,-1013.0,61.0,,2026-07-24T11:48:55.841922+08:00
2603,2018-09-10,-110000.0,-1901000.0,0.0,-2011000.0,54625.0,280.0,-1910.0,112.0,,2026-07-24T11:48:55.841922+08:00
2603,2018-09-11,87000.0,-1480000.0,505000.0,-888000.0,54408.0,265.0,-217.0,-15.0,,2026-07-24T11:48:55.841922+08:00
2603,2018-09-12,245000.0,-1913375.0,98000.0,-1570375.0,54107.0,271.0,-301.0,6.0,,2026-07-24T11:48:55.841922+08:00
2603,2018-09-13,-15000.0,-2773409.0,98000.0,-2690409.0,54044.0,274.0,-63.0,3.0,,2026-07-24T11:48:55.841922+08:00
2603,2018-09-14,109000.0,-1129388.0,26000.0,-994388.0,53959.0,261.0,-85.0,-13.0,,2026-07-24T11:48:55.841922+08:00
2603,2018-09-17,-49000.0,-1837991.0,0.0,-1886991.0,54248.0,262.0,289.0,1.0,,2026-07-24T11:48:55.841922+08:00
2603,2018-09-18,68139.0,-484343.0,215000.0,-201204.0,54125.0,262.0,-123.0,0.0,,2026-07-24T11:48:55.841922+08:00
2603,2018-09-19,788000.0,2551656.0,0.0,3339656.0,53106.0,334.0,-1019.0,72.0,,2026-07-24T11:48:55.841922+08:00
2603,2018-09-20,-771075.0,-1111000.0,0.0,-1882075.0,52666.0,290.0,-440.0,-44.0,,2026-07-24T11:48:55.841922+08:00
2603,2018-09-21,8000.0,1696836.0,133000.0,1837836.0,52356.0,307.0,-310.0,17.0,,2026-07-24T11:48:55.841922+08:00
2603,2018-09-25,70000.0,1545350.0,0.0,1615350.0,52244.0,320.0,-112.0,13.0,,2026-07-24T11:48:55.841922+08:00
2603,2018-09-26,13000.0,-218000.0,0.0,-205000.0,51948.0,330.0,-296.0,10.0,,2026-07-24T11:48:55.841922+08:00
2603,2018-09-27,227000.0,981000.0,0.0,1208000.0,50953.0,367.0,-995.0,37.0,,2026-07-24T11:48:55.841922+08:00
2603,2018-09-28,-432903.0,-1370800.0,0.0,-1803703.0,51103.0,341.0,150.0,-26.0,,2026-07-24T11:48:55.841922+08:00
2603,2018-10-01,13000.0,1512942.0,0.0,1525942.0,50614.0,430.0,-489.0,89.0,,2026-07-24T11:48:55.841922+08:00
2603,2018-10-02,-376527.0,305047.0,0.0,-71480.0,50380.0,423.0,-234.0,-7.0,,2026-07-24T11:48:55.841922+08:00
2603,2018-10-03,-191600.0,1121781.0,-162600.0,767581.0,50407.0,719.0,27.0,296.0,,2026-07-24T11:48:55.841922+08:00
2603,2018-10-04,145000.0,-1359800.0,0.0,-1214800.0,50154.0,685.0,-253.0,-34.0,,2026-07-24T11:48:55.841922+08:00
2603,2018-10-05,-260000.0,-1326400.0,834.0,-1585566.0,50260.0,598.0,106.0,-87.0,,2026-07-24T11:48:55.841922+08:00
2603,2018-10-08,673000.0,718915.0,5000.0,1396915.0,49916.0,484.0,-344.0,-114.0,,2026-07-24T11:48:55.841922+08:00
2603,2018-10-09,44000.0,-99450.0,0.0,-55450.0,50135.0,514.0,219.0,30.0,,2026-07-24T11:48:55.841922+08:00
2603,2018-10-11,-1396250.0,-7133000.0,11000.0,-8518250.0,48330.0,594.0,-1805.0,80.0,,2026-07-24T11:48:55.841922+08:00
2603,2018-10-12,165000.0,-541036.0,0.0,-376036.0,47296.0,586.0,-1034.0,-8.0,,2026-07-24T11:48:55.841922+08:00
2603,2018-10-15,-117505.0,-2178900.0,89000.0,-2207405.0,47712.0,619.0,416.0,33.0,,2026-07-24T11:48:55.841922+08:00
2603,2018-10-16,-108897.0,-2277165.0,4000.0,-2382062.0,47757.0,607.0,45.0,-12.0,,2026-07-24T11:48:55.841922+08:00
2603,2018-10-17,-150000.0,-1118000.0,0.0,-1268000.0,47928.0,623.0,171.0,16.0,,2026-07-24T11:48:55.841922+08:00
2603,2018-10-18,665000.0,3277000.0,943000.0,4885000.0,47529.0,673.0,-399.0,50.0,,2026-07-24T11:48:55.841922+08:00
2603,2018-10-19,-135406.0,84746.0,2000.0,-48660.0,48127.0,790.0,598.0,117.0,,2026-07-24T11:48:55.841922+08:00
2603,2018-10-22,99000.0,-1309000.0,2000.0,-1208000.0,48202.0,1294.0,75.0,504.0,,2026-07-24T11:48:55.841922+08:00
2603,2018-10-23,-583753.0,-3161398.0,89000.0,-3656151.0,48007.0,1098.0,-195.0,-196.0,,2026-07-24T11:48:55.841922+08:00
2603,2018-10-24,-140000.0,-647000.0,2000.0,-785000.0,47447.0,649.0,-560.0,-449.0,,2026-07-24T11:48:55.841922+08:00
2603,2018-10-25,-407000.0,-1377500.0,7000.0,-1777500.0,46562.0,31.0,-885.0,-618.0,,2026-07-24T11:48:55.841922+08:00
2603,2018-10-26,-242050.0,-639363.0,7000.0,-874413.0,45916.0,0.0,-646.0,-31.0,,2026-07-24T11:48:55.841922+08:00
2603,2018-10-29,-152000.0,-452650.0,0.0,-604650.0,45384.0,0.0,-532.0,0.0,,2026-07-24T11:48:55.841922+08:00
2603,2018-10-30,-36509.0,960806.0,41000.0,965297.0,44764.0,0.0,-620.0,0.0,,2026-07-24T11:48:55.841922+08:00
2603,2018-10-31,170000.0,-831616.0,0.0,-661616.0,45166.0,5733.0,402.0,5733.0,,2026-07-24T11:48:55.841922+08:00
2603,2018-11-01,-110000.0,-781541.0,0.0,-891541.0,44346.0,9040.0,-820.0,3307.0,,2026-07-24T11:48:55.841922+08:00
2603,2018-11-02,-149150.0,1972047.0,-278.0,1822619.0,44265.0,11255.0,-81.0,2215.0,,2026-07-24T11:48:55.841922+08:00
2603,2018-11-05,-81000.0,2103000.0,0.0,2022000.0,45482.0,17090.0,1217.0,5835.0,,2026-07-24T11:48:55.841922+08:00
2603,2018-11-06,-190000.0,1406999.0,0.0,1216999.0,45835.0,19102.0,353.0,2012.0,,2026-07-24T11:48:55.841922+08:00
2603,2018-11-07,79000.0,-65847.0,17000.0,30153.0,46207.0,23922.0,372.0,4820.0,,2026-07-24T11:48:55.841922+08:00
2603,2018-11-08,340000.0,2613100.0,2000.0,2955100.0,45792.0,26538.0,-415.0,2616.0,,2026-07-24T11:48:55.841922+08:00
2603,2018-11-09,-718000.0,-1915882.0,2000.0,-2631882.0,45368.0,26561.0,-424.0,23.0,,2026-07-24T11:48:55.841922+08:00
2603,2018-11-12,32000.0,731000.0,0.0,763000.0,45872.0,27432.0,504.0,871.0,,2026-07-24T11:48:55.841922+08:00
2603,2018-11-13,-18000.0,1178022.0,0.0,1160022.0,47848.0,29016.0,1976.0,1584.0,,2026-07-24T11:48:55.841922+08:00
2603,2018-11-14,804000.0,5189550.0,3000.0,5996550.0,47569.0,28823.0,-279.0,-193.0,,2026-07-24T11:48:55.841922+08:00
2603,2018-11-15,221300.0,3304250.0,2000.0,3527550.0,46568.0,29609.0,-1001.0,786.0,,2026-07-24T11:48:55.841922+08:00
2603,2018-11-16,25000.0,2428265.0,0.0,2453265.0,46263.0,29913.0,-305.0,304.0,,2026-07-24T11:48:55.841922+08:00
2603,2018-11-19,53000.0,1139425.0,3000.0,1195425.0,46064.0,30396.0,-199.0,483.0,,2026-07-24T11:48:55.841922+08:00
2603,2018-11-20,-164000.0,2659319.0,7000.0,2502319.0,45249.0,30853.0,-815.0,457.0,,2026-07-24T11:48:55.841922+08:00
2603,2018-11-21,1047000.0,4607000.0,-33000.0,5621000.0,45031.0,28292.0,-218.0,-2561.0,,2026-07-24T11:48:55.841922+08:00
2603,2018-11-22,-305000.0,3131202.0,0.0,2826202.0,45044.0,31931.0,13.0,3639.0,,2026-07-24T11:48:55.841922+08:00
2603,2018-11-23,-161000.0,1615000.0,0.0,1454000.0,44973.0,33647.0,-71.0,1716.0,,2026-07-24T11:48:55.841922+08:00
2603,2018-11-26,-255301.0,2455564.0,0.0,2200263.0,44902.0,34594.0,-71.0,947.0,,2026-07-24T11:48:55.841922+08:00
2603,2018-11-27,-1519147.0,-599061.0,0.0,-2118208.0,46328.0,35330.0,1426.0,736.0,,2026-07-24T11:48:55.841922+08:00
2603,2018-11-28,-698000.0,3669626.0,-18000.0,2953626.0,46051.0,35954.0,-277.0,624.0,,2026-07-24T11:48:55.841922+08:00
2603,2018-11-29,-500000.0,-1876295.0,9000.0,-2367295.0,46994.0,36230.0,943.0,276.0,,2026-07-24T11:48:55.841922+08:00
2603,2018-11-30,-2011998.0,-10565326.0,2000.0,-12575324.0,51360.0,1398.0,4366.0,-34832.0,,2026-07-24T11:48:55.841922+08:00
2603,2018-12-03,-239000.0,13670287.0,9000.0,13440287.0,49007.0,1035.0,-2353.0,-363.0,,2026-07-24T11:48:55.841922+08:00
2603,2018-12-04,-623000.0,8908483.0,2000.0,8287483.0,48660.0,1168.0,-347.0,133.0,,2026-07-24T11:48:55.841922+08:00
2603,2018-12-05,-1357000.0,2170400.0,0.0,813400.0,47318.0,934.0,-1342.0,-234.0,,2026-07-24T11:48:55.841922+08:00
2603,2018-12-06,-2372000.0,-1539004.0,8000.0,-3903004.0,48164.0,861.0,846.0,-73.0,,2026-07-24T11:48:55.841922+08:00
2603,2018-12-07,-763000.0,225556.0,9000.0,-528444.0,48261.0,852.0,97.0,-9.0,,2026-07-24T11:48:55.841922+08:00
2603,2018-12-10,-247000.0,-3514672.0,0.0,-3761672.0,51077.0,836.0,2816.0,-16.0,,2026-07-24T11:48:55.841922+08:00
2603,2018-12-11,-922000.0,868421.0,-156000.0,-209579.0,51977.0,845.0,900.0,9.0,,2026-07-24T11:48:55.841922+08:00
2603,2018-12-12,202000.0,505460.0,0.0,707460.0,51722.0,869.0,-255.0,24.0,,2026-07-24T11:48:55.841922+08:00
2603,2018-12-13,791000.0,4231076.0,-952.0,5021124.0,50062.0,996.0,-1660.0,127.0,,2026-07-24T11:48:55.841922+08:00
2603,2018-12-14,-546000.0,725350.0,0.0,179350.0,49780.0,956.0,-282.0,-40.0,,2026-07-24T11:48:55.841922+08:00
2603,2018-12-17,77134.0,3933003.0,610000.0,4620137.0,49216.0,1287.0,-564.0,331.0,,2026-07-24T11:48:55.841922+08:00
2603,2018-12-18,265000.0,-2677277.0,0.0,-2412277.0,50000.0,1259.0,784.0,-28.0,,2026-07-24T11:48:55.841922+08:00
2603,2018-12-19,655000.0,-190822.0,0.0,464178.0,50549.0,1654.0,549.0,395.0,,2026-07-24T11:48:55.841922+08:00
2603,2018-12-20,294550.0,-924510.0,0.0,-629960.0,49743.0,1735.0,-806.0,81.0,,2026-07-24T11:48:55.841922+08:00
2603,2018-12-21,-464002.0,-2643018.0,-5000.0,-3112020.0,50692.0,1584.0,949.0,-151.0,,2026-07-24T11:48:55.841922+08:00
2603,2018-12-22,-120000.0,-68000.0,2000.0,-186000.0,50848.0,1558.0,156.0,-26.0,,2026-07-24T11:48:55.841922+08:00
2603,2018-12-24,-340000.0,697718.0,0.0,357718.0,50921.0,1478.0,73.0,-80.0,,2026-07-24T11:48:55.841922+08:00
2603,2018-12-25,-418000.0,-2256000.0,-3000.0,-2677000.0,51937.0,1452.0,1016.0,-26.0,,2026-07-24T11:48:55.841922+08:00
2603,2018-12-26,-303000.0,-572000.0,-473.0,-875473.0,52012.0,1484.0,75.0,32.0,,2026-07-24T11:48:55.841922+08:00
2603,2018-12-27,-306000.0,3588988.0,533000.0,3815988.0,51887.0,1529.0,-125.0,45.0,,2026-07-24T11:48:55.841922+08:00
2603,2018-12-28,-297717.0,1258259.0,667000.0,1627542.0,51959.0,1439.0,72.0,-90.0,,2026-07-24T11:48:55.841922+08:00
2603,2019-01-02,-649916.0,-38733.0,9000.0,-679649.0,51984.0,994.0,25.0,-445.0,,2026-07-24T11:48:55.841922+08:00
2603,2019-01-03,544000.0,-1437976.0,0.0,-893976.0,51677.0,986.0,-307.0,-8.0,,2026-07-24T11:48:55.841922+08:00
2603,2019-01-04,1096000.0,-1000812.0,-606000.0,-510812.0,51232.0,989.0,-445.0,3.0,,2026-07-24T11:48:55.841922+08:00
2603,2019-01-07,138000.0,2262163.0,0.0,2400163.0,49889.0,1001.0,-1343.0,12.0,,2026-07-24T11:48:55.841922+08:00
2603,2019-01-08,-351000.0,577523.0,0.0,226523.0,49656.0,995.0,-233.0,-6.0,,2026-07-24T11:48:55.841922+08:00
2603,2019-01-09,1052000.0,3437181.0,0.0,4489181.0,49086.0,1305.0,-570.0,310.0,,2026-07-24T11:48:55.841922+08:00
2603,2019-01-10,-36000.0,-345886.0,0.0,-381886.0,49277.0,1234.0,191.0,-71.0,,2026-07-24T11:48:55.841922+08:00
2603,2019-01-11,210000.0,-42834.0,0.0,167166.0,48572.0,1234.0,-705.0,0.0,,2026-07-24T11:48:55.841922+08:00
2603,2019-01-14,-5000.0,-2450688.0,0.0,-2455688.0,48645.0,934.0,73.0,-300.0,,2026-07-24T11:48:55.841922+08:00
2603,2019-01-15,-317000.0,4675497.0,0.0,4358497.0,48261.0,983.0,-384.0,49.0,,2026-07-24T11:48:55.841922+08:00
2603,2019-01-16,-381000.0,754251.0,0.0,373251.0,48180.0,974.0,-81.0,-9.0,,2026-07-24T11:48:55.841922+08:00
2603,2019-01-17,-75000.0,483000.0,0.0,408000.0,47848.0,963.0,-332.0,-11.0,,2026-07-24T11:48:55.841922+08:00
2603,2019-01-18,259544.0,995707.0,0.0,1255251.0,47560.0,1065.0,-288.0,102.0,,2026-07-24T11:48:55.841922+08:00
2603,2019-01-21,238000.0,-322000.0,0.0,-84000.0,47408.0,1063.0,-152.0,-2.0,,2026-07-24T11:48:55.841922+08:00
2603,2019-01-22,65000.0,662000.0,0.0,727000.0,47117.0,1059.0,-291.0,-4.0,,2026-07-24T11:48:55.841922+08:00
2603,2019-01-23,132000.0,-1249000.0,-12000.0,-1129000.0,46857.0,496.0,-260.0,-563.0,,2026-07-24T11:48:55.841922+08:00
2603,2019-01-24,100000.0,383000.0,0.0,483000.0,46517.0,128.0,-340.0,-368.0,,2026-07-24T11:48:55.841922+08:00
2603,2019-01-25,-12000.0,803989.0,209000.0,1000989.0,46309.0,94.0,-208.0,-34.0,,2026-07-24T11:48:55.841922+08:00
2603,2019-01-28,-11000.0,918000.0,0.0,907000.0,46117.0,94.0,-192.0,0.0,,2026-07-24T11:48:55.841922+08:00
2603,2019-01-29,70000.0,-299842.0,0.0,-229842.0,46392.0,97.0,275.0,3.0,,2026-07-24T11:48:55.841922+08:00
2603,2019-01-30,-168000.0,-300151.0,0.0,-468151.0,45613.0,86.0,-779.0,-11.0,,2026-07-24T11:48:55.841922+08:00
2603,2019-02-11,224461.0,-1351894.0,0.0,-1127433.0,45737.0,87.0,124.0,1.0,,2026-07-24T11:48:55.841922+08:00
2603,2019-02-12,1000.0,-1448737.0,0.0,-1447737.0,46283.0,76.0,546.0,-11.0,,2026-07-24T11:48:55.841922+08:00
2603,2019-02-13,6000.0,-1587000.0,-48000.0,-1629000.0,46788.0,76.0,505.0,0.0,,2026-07-24T11:48:55.841922+08:00
2603,2019-02-14,-11000.0,-810000.0,0.0,-821000.0,47370.0,73.0,582.0,-3.0,,2026-07-24T11:48:55.841922+08:00
2603,2019-02-15,-12000.0,-60000.0,0.0,-72000.0,48044.0,86.0,674.0,13.0,,2026-07-24T11:48:55.841922+08:00
2603,2019-02-18,0.0,685690.0,-50000.0,635690.0,48580.0,86.0,536.0,0.0,,2026-07-24T11:48:55.841922+08:00
2603,2019-02-19,-14000.0,1152000.0,0.0,1138000.0,49276.0,86.0,696.0,0.0,,2026-07-24T11:48:55.841922+08:00
2603,2019-02-20,-534000.0,4426000.0,0.0,3892000.0,47035.0,83.0,-2241.0,-3.0,,2026-07-24T11:48:55.841922+08:00
2603,2019-02-21,499000.0,3665355.0,0.0,4164355.0,46348.0,188.0,-687.0,105.0,,2026-07-24T11:48:55.841922+08:00
2603,2019-02-22,971000.0,-2560490.0,0.0,-1589490.0,47227.0,323.0,879.0,135.0,,2026-07-24T11:48:55.841922+08:00
2603,2019-02-25,-15000.0,4984000.0,0.0,4969000.0,46946.0,329.0,-281.0,6.0,,2026-07-24T11:48:55.841922+08:00
2603,2019-02-26,138000.0,4097827.0,0.0,4235827.0,48345.0,359.0,1399.0,30.0,,2026-07-24T11:48:55.841922+08:00
2603,2019-02-27,432000.0,519182.0,-1000.0,950182.0,48520.0,340.0,175.0,-19.0,,2026-07-24T11:48:55.841922+08:00
2603,2019-03-04,-429000.0,712671.0,0.0,283671.0,50350.0,197.0,1830.0,-143.0,,2026-07-24T11:48:55.841922+08:00
2603,2019-03-05,-134000.0,-1435957.0,0.0,-1569957.0,50912.0,194.0,562.0,-3.0,,2026-07-24T11:48:55.841922+08:00
2603,2019-03-06,-883000.0,155000.0,619000.0,-109000.0,51244.0,181.0,332.0,-13.0,,2026-07-24T11:48:55.841922+08:00
2603,2019-03-07,-213000.0,-895000.0,0.0,-1108000.0,51312.0,181.0,68.0,0.0,,2026-07-24T11:48:55.841922+08:00
2603,2019-03-08,257000.0,212000.0,0.0,469000.0,51543.0,192.0,231.0,11.0,,2026-07-24T11:48:55.841922+08:00
2603,2019-03-11,-608000.0,-1303448.0,250000.0,-1661448.0,51054.0,865.0,-489.0,673.0,,2026-07-24T11:48:55.841922+08:00
2603,2019-03-12,-557000.0,1953000.0,0.0,1396000.0,51034.0,861.0,-20.0,-4.0,,2026-07-24T11:48:55.841922+08:00
2603,2019-03-13,-666000.0,237949.0,0.0,-428051.0,51204.0,851.0,170.0,-10.0,,2026-07-24T11:48:55.841922+08:00
2603,2019-03-14,-300000.0,-1339646.0,0.0,-1639646.0,52038.0,751.0,834.0,-100.0,,2026-07-24T11:48:55.841922+08:00
2603,2019-03-15,-860000.0,3098199.0,-53000.0,2185199.0,51893.0,726.0,-145.0,-25.0,,2026-07-24T11:48:55.841922+08:00
2603,2019-03-18,-22000.0,892000.0,0.0,870000.0,51844.0,727.0,-49.0,1.0,,2026-07-24T11:48:55.841922+08:00
2603,2019-03-19,-101000.0,1015000.0,0.0,914000.0,51212.0,721.0,-632.0,-6.0,,2026-07-24T11:48:55.841922+08:00
2603,2019-03-20,-1263000.0,935000.0,0.0,-328000.0,50775.0,71.0,-437.0,-650.0,,2026-07-24T11:48:55.841922+08:00
2603,2019-03-21,-280000.0,1426717.0,0.0,1146717.0,49257.0,71.0,-1518.0,0.0,,2026-07-24T11:48:55.841922+08:00
2603,2019-03-22,-470000.0,2035000.0,0.0,1565000.0,48661.0,74.0,-596.0,3.0,,2026-07-24T11:48:55.841922+08:00
2603,2019-03-25,-470000.0,923954.0,-3000.0,450954.0,48870.0,56.0,209.0,-18.0,,2026-07-24T11:48:55.841922+08:00
2603,2019-03-26,-1702000.0,-168395.0,0.0,-1870395.0,48694.0,54.0,-176.0,-2.0,,2026-07-24T11:48:55.841922+08:00
2603,2019-03-27,81000.0,-2278055.0,0.0,-2197055.0,48615.0,48.0,-79.0,-6.0,,2026-07-24T11:48:55.841922+08:00
2603,2019-03-28,0.0,-709000.0,-992548.0,-1701548.0,48646.0,48.0,31.0,0.0,,2026-07-24T11:48:55.841922+08:00
2603,2019-03-29,13208.0,3188000.0,-283500.0,2917708.0,48128.0,94.0,-518.0,46.0,,2026-07-24T11:48:55.841922+08:00
2603,2019-04-01,1010000.0,-1119518.0,102742.0,-6776.0,48286.0,75.0,158.0,-19.0,,2026-07-24T11:48:55.841922+08:00
2603,2019-04-02,1099000.0,627393.0,-5000.0,1721393.0,48240.0,79.0,-46.0,4.0,,2026-07-24T11:48:55.841922+08:00
2603,2019-04-03,119000.0,2452880.0,150000.0,2721880.0,47810.0,79.0,-430.0,0.0,,2026-07-24T11:48:55.841922+08:00
2603,2019-04-08,1200000.0,3879042.0,0.0,5079042.0,47672.0,74.0,-138.0,-5.0,,2026-07-24T11:48:55.841922+08:00
2603,2019-04-09,4000.0,2135000.0,14000.0,2153000.0,47852.0,63.0,180.0,-11.0,,2026-07-24T11:48:55.841922+08:00
2603,2019-04-10,606000.0,593180.0,0.0,1199180.0,47411.0,63.0,-441.0,0.0,,2026-07-24T11:48:55.841922+08:00
2603,2019-04-11,346000.0,2849000.0,-5000.0,3190000.0,47273.0,47.0,-138.0,-16.0,,2026-07-24T11:48:55.841922+08:00
2603,2019-04-12,650000.0,1044000.0,942000.0,2636000.0,47280.0,14.0,7.0,-33.0,,2026-07-24T11:48:55.841922+08:00
2603,2019-04-15,1953015.0,9053000.0,358000.0,11364015.0,45297.0,0.0,-1983.0,-14.0,,2026-07-24T11:48:55.841922+08:00
2603,2019-04-16,1059000.0,2126868.0,0.0,3185868.0,43868.0,0.0,-1429.0,0.0,,2026-07-24T11:48:55.841922+08:00
2603,2019-04-17,141999.0,2708000.0,0.0,2849999.0,42702.0,0.0,-1166.0,0.0,,2026-07-24T11:48:55.841922+08:00
2603,2019-04-18,222000.0,3794000.0,-5000.0,4011000.0,42367.0,0.0,-335.0,0.0,,2026-07-24T11:48:55.841922+08:00
2603,2019-04-19,2483998.0,5077000.0,514000.0,8074998.0,42935.0,67.0,568.0,67.0,,2026-07-24T11:48:55.841922+08:00
2603,2019-04-22,81000.0,5902000.0,1358.0,5984358.0,42361.0,185.0,-574.0,118.0,,2026-07-24T11:48:55.841922+08:00
2603,2019-04-23,1012000.0,1032670.0,1238000.0,3282670.0,42867.0,237.0,506.0,52.0,,2026-07-24T11:48:55.841922+08:00
2603,2019-04-24,278000.0,-207398.0,1060000.0,1130602.0,42314.0,224.0,-553.0,-13.0,,2026-07-24T11:48:55.841922+08:00
2603,2019-04-25,-21000.0,5812592.0,0.0,5791592.0,42133.0,240.0,-181.0,16.0,,2026-07-24T11:48:55.841922+08:00
2603,2019-04-26,-101000.0,2227672.0,0.0,2126672.0,41285.0,219.0,-848.0,-21.0,,2026-07-24T11:48:55.841922+08:00
2603,2019-04-29,270000.0,3423823.0,96000.0,3789823.0,39941.0,295.0,-1344.0,76.0,,2026-07-24T11:48:55.841922+08:00
2603,2019-04-30,-508000.0,5235000.0,397000.0,5124000.0,40492.0,328.0,551.0,33.0,,2026-07-24T11:48:55.841922+08:00
2603,2019-05-02,87000.0,3866000.0,922000.0,4875000.0,40371.0,388.0,-121.0,60.0,,2026-07-24T11:48:55.841922+08:00
2603,2019-05-03,596000.0,284000.0,0.0,880000.0,40651.0,377.0,280.0,-11.0,,2026-07-24T11:48:55.841922+08:00
2603,2019-05-06,-1967012.0,-2811158.0,0.0,-4778170.0,39727.0,174.0,-924.0,-203.0,,2026-07-24T11:48:55.841922+08:00
2603,2019-05-07,-1400000.0,-880315.0,0.0,-2280315.0,39608.0,176.0,-119.0,2.0,,2026-07-24T11:48:55.841922+08:00
2603,2019-05-08,-802000.0,1744571.0,0.0,942571.0,37877.0,207.0,-1731.0,31.0,,2026-07-24T11:48:55.841922+08:00
2603,2019-05-09,-1681000.0,-2388351.0,86000.0,-3983351.0,35700.0,135.0,-2177.0,-72.0,,2026-07-24T11:48:55.841922+08:00
2603,2019-05-10,-1255000.0,-2012000.0,-160000.0,-3427000.0,34512.0,186.0,-1188.0,51.0,,2026-07-24T11:48:55.841922+08:00
2603,2019-05-13,208000.0,843259.0,0.0,1051259.0,34088.0,199.0,-424.0,13.0,,2026-07-24T11:48:55.841922+08:00
2603,2019-05-14,633000.0,-2612982.0,-927000.0,-2906982.0,34851.0,215.0,763.0,16.0,,2026-07-24T11:48:55.841922+08:00
2603,2019-05-15,-185000.0,-2027081.0,0.0,-2212081.0,34655.0,204.0,-196.0,-11.0,,2026-07-24T11:48:55.841922+08:00
2603,2019-05-16,-243000.0,-1700295.0,0.0,-1943295.0,35114.0,196.0,459.0,-8.0,,2026-07-24T11:48:55.841922+08:00
2603,2019-05-17,7000.0,-2176325.0,4000.0,-2165325.0,35902.0,239.0,788.0,43.0,,2026-07-24T11:48:55.841922+08:00
2603,2019-05-20,213000.0,-1159771.0,0.0,-946771.0,37135.0,183.0,1233.0,-56.0,,2026-07-24T11:48:55.841922+08:00
2603,2019-05-21,146000.0,-114000.0,0.0,32000.0,37576.0,185.0,441.0,2.0,,2026-07-24T11:48:55.841922+08:00
2603,2019-05-22,50000.0,-2616000.0,-1117000.0,-3683000.0,38743.0,100.0,1167.0,-85.0,,2026-07-24T11:48:55.841922+08:00
2603,2019-05-23,-19000.0,-1218862.0,0.0,-1237862.0,39917.0,189.0,1174.0,89.0,,2026-07-24T11:48:55.841922+08:00
2603,2019-05-24,0.0,-1101684.0,2000.0,-1099684.0,39819.0,215.0,-98.0,26.0,,2026-07-24T11:48:55.841922+08:00
2603,2019-05-27,-3000.0,-1973000.0,0.0,-1976000.0,40023.0,187.0,204.0,-28.0,,2026-07-24T11:48:55.841922+08:00
2603,2019-05-28,-321000.0,-1899671.0,2000.0,-2218671.0,39937.0,224.0,-86.0,37.0,,2026-07-24T11:48:55.841922+08:00
2603,2019-05-29,-576000.0,-1991982.0,0.0,-2567982.0,40089.0,203.0,152.0,-21.0,,2026-07-24T11:48:55.841922+08:00
2603,2019-05-30,-513000.0,-4200000.0,0.0,-4713000.0,40779.0,203.0,690.0,0.0,,2026-07-24T11:48:55.841922+08:00
2603,2019-05-31,-169000.0,451000.0,0.0,282000.0,40803.0,158.0,24.0,-45.0,,2026-07-24T11:48:55.841922+08:00
2603,2019-06-03,-32000.0,254000.0,120000.0,342000.0,41115.0,148.0,312.0,-10.0,,2026-07-24T11:48:55.841922+08:00
2603,2019-06-04,-91000.0,304540.0,0.0,213540.0,41663.0,145.0,548.0,-3.0,,2026-07-24T11:48:55.841922+08:00
2603,2019-06-05,-639000.0,-1673000.0,0.0,-2312000.0,41549.0,55.0,-114.0,-90.0,,2026-07-24T11:48:55.841922+08:00
2603,2019-06-06,-360000.0,-481000.0,0.0,-841000.0,41631.0,54.0,82.0,-1.0,,2026-07-24T11:48:55.841922+08:00
2603,2019-06-10,-53000.0,-755095.0,0.0,-808095.0,41468.0,64.0,-163.0,10.0,,2026-07-24T11:48:55.841922+08:00
2603,2019-06-11,-133000.0,-1379689.0,0.0,-1512689.0,42133.0,69.0,665.0,5.0,,2026-07-24T11:48:55.841922+08:00
2603,2019-06-12,-70000.0,682994.0,10185.0,623179.0,41951.0,74.0,-182.0,5.0,,2026-07-24T11:48:55.841922+08:00
2603,2019-06-13,-133000.0,-1441000.0,10188.0,-1563812.0,42030.0,74.0,79.0,0.0,,2026-07-24T11:48:55.841922+08:00
2603,2019-06-14,0.0,-135643.0,0.0,-135643.0,41907.0,67.0,-123.0,-7.0,,2026-07-24T11:48:55.841922+08:00
2603,2019-06-17,-8000.0,-455472.0,10100.0,-453372.0,42495.0,67.0,588.0,0.0,,2026-07-24T11:48:55.841922+08:00
2603,2019-06-18,3000.0,-114498.0,2000.0,-109498.0,42440.0,71.0,-55.0,4.0,,2026-07-24T11:48:55.841922+08:00
2603,2019-06-19,-647000.0,2972000.0,0.0,2325000.0,41105.0,71.0,-1335.0,0.0,,2026-07-24T11:48:55.841922+08:00
2603,2019-06-20,424000.0,5515000.0,0.0,5939000.0,40042.0,117.0,-1063.0,46.0,,2026-07-24T11:48:55.841922+08:00
2603,2019-06-21,5000.0,1268472.0,0.0,1273472.0,39708.0,75.0,-334.0,-42.0,,2026-07-24T11:48:55.841922+08:00
2603,2019-06-24,-23000.0,2740000.0,-772283.0,1944717.0,40214.0,79.0,506.0,4.0,,2026-07-24T11:48:55.841922+08:00
2603,2019-06-25,0.0,1192000.0,0.0,1192000.0,40541.0,66.0,327.0,-13.0,,2026-07-24T11:48:55.841922+08:00
2603,2019-06-26,42000.0,1445000.0,0.0,1487000.0,38061.0,58.0,-2480.0,-8.0,,2026-07-24T11:48:55.841922+08:00
2603,2019-06-27,-8000.0,3139000.0,0.0,3131000.0,35874.0,62.0,-2187.0,4.0,,2026-07-24T11:48:55.841922+08:00
2603,2019-06-28,-54000.0,-979504.0,0.0,-1033504.0,36522.0,53.0,648.0,-9.0,,2026-07-24T11:48:55.841922+08:00
2603,2019-07-01,147000.0,11404944.0,700000.0,12251944.0,33630.0,146.0,-2892.0,93.0,,2026-07-24T11:48:55.841922+08:00
2603,2019-07-02,206999.0,5509000.0,200000.0,5915999.0,33959.0,159.0,329.0,13.0,,2026-07-24T11:48:55.841922+08:00
2603,2019-07-03,-173195.0,4448000.0,200000.0,4474805.0,34374.0,210.0,415.0,51.0,,2026-07-24T11:48:55.841922+08:00
2603,2019-07-04,217599.0,4111385.0,0.0,4328984.0,34943.0,312.0,569.0,102.0,,2026-07-24T11:48:55.841922+08:00
2603,2019-07-05,-2002.0,5234582.0,-857000.0,4375580.0,34248.0,371.0,-695.0,59.0,,2026-07-24T11:48:55.841922+08:00
2603,2019-07-08,-158001.0,9433000.0,-1618000.0,7656999.0,33682.0,343.0,-566.0,-28.0,,2026-07-24T11:48:55.841922+08:00
2603,2019-07-09,-2001.0,4392000.0,-700000.0,3689999.0,33573.0,372.0,-109.0,29.0,,2026-07-24T11:48:55.841922+08:00
2603,2019-07-10,305000.0,1629482.0,-119000.0,1815482.0,33530.0,440.0,-43.0,68.0,,2026-07-24T11:48:55.841922+08:00
2603,2019-07-11,-4000.0,1167900.0,0.0,1163900.0,33061.0,444.0,-469.0,4.0,,2026-07-24T11:48:55.841922+08:00
2603,2019-07-12,-399.0,-577000.0,-2000.0,-579399.0,33868.0,315.0,807.0,-129.0,,2026-07-24T11:48:55.841922+08:00
2603,2019-07-15,999.0,2627000.0,0.0,2627999.0,33537.0,333.0,-331.0,18.0,,2026-07-24T11:48:55.841922+08:00
2603,2019-07-16,77000.0,616041.0,18000.0,711041.0,32709.0,370.0,-828.0,37.0,,2026-07-24T11:48:55.841922+08:00
2603,2019-07-17,-169000.0,456287.0,-8000.0,279287.0,32785.0,331.0,76.0,-39.0,,2026-07-24T11:48:55.841922+08:00
2603,2019-07-18,-50000.0,3045000.0,79.0,2995079.0,33459.0,400.0,674.0,69.0,,2026-07-24T11:48:55.841922+08:00
2603,2019-07-19,450772.0,1045000.0,0.0,1495772.0,33850.0,426.0,391.0,26.0,,2026-07-24T11:48:55.841922+08:00
2603,2019-07-22,1013997.0,3464752.0,0.0,4478749.0,32805.0,620.0,-1045.0,194.0,,2026-07-24T11:48:55.841922+08:00
2603,2019-07-23,210000.0,-5055000.0,-198000.0,-5043000.0,32536.0,592.0,-269.0,-28.0,,2026-07-24T11:48:55.841922+08:00
2603,2019-07-24,435000.0,-2857000.0,7000.0,-2415000.0,31947.0,464.0,-589.0,-128.0,,2026-07-24T11:48:55.841922+08:00
2603,2019-07-25,672000.0,1085173.0,0.0,1757173.0,32523.0,568.0,576.0,104.0,,2026-07-24T11:48:55.841922+08:00
2603,2019-07-26,248000.0,-393192.0,-300000.0,-445192.0,31744.0,571.0,-779.0,3.0,,2026-07-24T11:48:55.841922+08:00
2603,2019-07-29,510999.0,7840000.0,0.0,8350999.0,31329.0,1096.0,-415.0,525.0,,2026-07-24T11:48:55.841922+08:00
2603,2019-07-30,2305000.0,5657582.0,0.0,7962582.0,31815.0,1136.0,486.0,40.0,,2026-07-24T11:48:55.841922+08:00
2603,2019-07-31,472997.0,5157230.0,-642.0,5629585.0,31053.0,1081.0,-762.0,-55.0,,2026-07-24T11:48:55.841922+08:00
2603,2019-08-01,244236.0,-5997026.0,0.0,-5752790.0,31856.0,1097.0,803.0,16.0,,2026-07-24T11:48:55.841922+08:00
2603,2019-08-02,-1912000.0,-5251000.0,0.0,-7163000.0,32166.0,593.0,310.0,-504.0,,2026-07-24T11:48:55.841922+08:00
2603,2019-08-05,94000.0,-563000.0,1000.0,-468000.0,28667.0,531.0,-3499.0,-62.0,,2026-07-24T11:48:55.841922+08:00
2603,2019-08-06,145000.0,-5053926.0,6000.0,-4902926.0,27885.0,374.0,-782.0,-157.0,,2026-07-24T11:48:55.841922+08:00
2603,2019-08-07,-260000.0,-4751000.0,-6000.0,-5017000.0,27679.0,503.0,-206.0,129.0,,2026-07-24T11:48:55.841922+08:00
2603,2019-08-08,-108000.0,-2176000.0,4651.0,-2279349.0,27809.0,496.0,130.0,-7.0,,2026-07-24T11:48:55.841922+08:00
2603,2019-08-12,0.0,-1992000.0,1000.0,-1991000.0,27706.0,469.0,-103.0,-27.0,,2026-07-24T11:48:55.841922+08:00
2603,2019-08-13,7000.0,-3222046.0,-18772.0,-3233818.0,27602.0,490.0,-104.0,21.0,,2026-07-24T11:48:55.841922+08:00
2603,2019-08-14,-747000.0,-533000.0,-398000.0,-1678000.0,28587.0,652.0,985.0,162.0,,2026-07-24T11:48:55.841922+08:00
2603,2019-08-15,1186000.0,-1574000.0,4000.0,-384000.0,28442.0,649.0,-145.0,-3.0,,2026-07-24T11:48:55.841922+08:00
2603,2019-08-16,-941000.0,-8558535.0,0.0,-9499535.0,30854.0,623.0,2412.0,-26.0,,2026-07-24T11:48:55.841922+08:00
2603,2019-08-19,62000.0,-7912000.0,0.0,-7850000.0,32071.0,128.0,1217.0,-495.0,,2026-07-24T11:48:55.841922+08:00
2603,2019-08-20,-1494000.0,-2263286.0,3000.0,-3754286.0,32443.0,137.0,372.0,9.0,,2026-07-24T11:48:55.841922+08:00
2603,2019-08-21,-296000.0,-3209249.0,0.0,-3505249.0,32412.0,148.0,-31.0,11.0,,2026-07-24T11:48:55.841922+08:00
2603,2019-08-22,41000.0,-1203651.0,201000.0,-961651.0,32112.0,110.0,-300.0,-38.0,,2026-07-24T11:48:55.841922+08:00
2603,2019-08-23,150000.0,-700000.0,8000.0,-542000.0,31778.0,102.0,-334.0,-8.0,,2026-07-24T11:48:55.841922+08:00
2603,2019-08-24,-203000.0,641987.0,-715000.0,-276013.0,,,,,,2026-07-24T11:48:55.841922+08:00
2603,2019-08-26,22000.0,-5855000.0,35000.0,-5798000.0,31417.0,101.0,,,,2026-07-24T11:48:55.841922+08:00
2603,2019-08-27,-2000.0,-1221587.0,72000.0,-1151587.0,31455.0,99.0,38.0,-2.0,,2026-07-24T11:48:55.841922+08:00
2603,2019-08-28,9000.0,-505696.0,17000.0,-479696.0,31178.0,100.0,-277.0,1.0,,2026-07-24T11:48:55.841922+08:00
2603,2019-08-29,34000.0,-3286148.0,15000.0,-3237148.0,31250.0,95.0,72.0,-5.0,,2026-07-24T11:48:55.841922+08:00
2603,2019-08-30,5519.0,1190000.0,0.0,1195519.0,30357.0,98.0,-893.0,3.0,,2026-07-24T11:48:55.841922+08:00
2603,2019-09-02,-262000.0,-2451532.0,18000.0,-2695532.0,30274.0,98.0,-83.0,0.0,,2026-07-24T11:48:55.841922+08:00
2603,2019-09-03,-519.0,-924000.0,11000.0,-913519.0,29263.0,98.0,-1011.0,0.0,,2026-07-24T11:48:55.841922+08:00
2603,2019-09-04,323000.0,-96000.0,34000.0,261000.0,28894.0,145.0,-369.0,47.0,,2026-07-24T11:48:55.841922+08:00
2603,2019-09-05,-2000.0,2887671.0,0.0,2885671.0,30211.0,146.0,1317.0,1.0,,2026-07-24T11:48:55.841922+08:00
2603,2019-09-06,20000.0,3269000.0,27000.0,3316000.0,30471.0,155.0,260.0,9.0,,2026-07-24T11:48:55.841922+08:00
2603,2019-09-09,4000.0,3269956.0,18000.0,3291956.0,29646.0,177.0,-825.0,22.0,,2026-07-24T11:48:55.841922+08:00
2603,2019-09-10,0.0,3902000.0,3000.0,3905000.0,29213.0,219.0,-433.0,42.0,,2026-07-24T11:48:55.841922+08:00
2603,2019-09-11,-367000.0,4617000.0,8000.0,4258000.0,29195.0,201.0,-18.0,-18.0,,2026-07-24T11:48:55.841922+08:00
2603,2019-09-12,-21000.0,1832317.0,3000.0,1814317.0,28654.0,235.0,-541.0,34.0,,2026-07-24T11:48:55.841922+08:00
2603,2019-09-16,-79000.0,-1124456.0,756.0,-1202700.0,29139.0,100.0,485.0,-135.0,,2026-07-24T11:48:55.841922+08:00
2603,2019-09-17,1000.0,72908.0,-54000.0,19908.0,29084.0,101.0,-55.0,1.0,,2026-07-24T11:48:55.841922+08:00
2603,2019-09-18,-450000.0,1538320.0,13000.0,1101320.0,28914.0,98.0,-170.0,-3.0,,2026-07-24T11:48:55.841922+08:00
2603,2019-09-19,0.0,255273.0,56000.0,311273.0,28792.0,98.0,-122.0,0.0,,2026-07-24T11:48:55.841922+08:00
2603,2019-09-20,-16000.0,1174586.0,136000.0,1294586.0,28541.0,121.0,-251.0,23.0,,2026-07-24T11:48:55.841922+08:00
2603,2019-09-23,0.0,198000.0,0.0,198000.0,28451.0,132.0,-90.0,11.0,,2026-07-24T11:48:55.841922+08:00
2603,2019-09-24,-92000.0,1156000.0,103000.0,1167000.0,27551.0,133.0,-900.0,1.0,,2026-07-24T11:48:55.841922+08:00
2603,2019-09-25,-271000.0,2747000.0,178000.0,2654000.0,26965.0,117.0,-586.0,-16.0,,2026-07-24T11:48:55.841922+08:00
2603,2019-09-26,-204000.0,2159443.0,271000.0,2226443.0,27192.0,128.0,227.0,11.0,,2026-07-24T11:48:55.841922+08:00
2603,2019-09-27,-89000.0,4602252.0,40000.0,4553252.0,26725.0,125.0,-467.0,-3.0,,2026-07-24T11:48:55.841922+08:00
2603,2019-10-01,84000.0,1238123.0,508000.0,1830123.0,26711.0,134.0,-14.0,9.0,,2026-07-24T11:48:55.841922+08:00
2603,2019-10-02,-106000.0,-6534629.0,0.0,-6640629.0,26878.0,113.0,167.0,-21.0,,2026-07-24T11:48:55.841922+08:00
2603,2019-10-03,-92000.0,-3642436.0,91600.0,-3642836.0,27450.0,112.0,572.0,-1.0,,2026-07-24T11:48:55.841922+08:00
2603,2019-10-04,-48000.0,-2314000.0,0.0,-2362000.0,27465.0,149.0,15.0,37.0,,2026-07-24T11:48:55.841922+08:00
2603,2019-10-07,-41000.0,-509000.0,0.0,-550000.0,27478.0,127.0,13.0,-22.0,,2026-07-24T11:48:55.841922+08:00
2603,2019-10-08,-183000.0,-626000.0,90930.0,-718070.0,27556.0,113.0,78.0,-14.0,,2026-07-24T11:48:55.841922+08:00
2603,2019-10-09,-545000.0,-144787.0,-1858.0,-691645.0,27317.0,111.0,-239.0,-2.0,,2026-07-24T11:48:55.841922+08:00
2603,2019-10-14,191000.0,6446000.0,0.0,6637000.0,26614.0,100.0,-703.0,-11.0,,2026-07-24T11:48:55.841922+08:00
2603,2019-10-15,-63000.0,509358.0,0.0,446358.0,26855.0,101.0,241.0,1.0,,2026-07-24T11:48:55.841922+08:00
2603,2019-10-16,-2101769.0,8461284.0,-90280.0,6269235.0,26822.0,1437.0,-33.0,1336.0,,2026-07-24T11:48:55.841922+08:00
2603,2019-10-17,100000.0,2118000.0,8579.0,2226579.0,26520.0,1335.0,-302.0,-102.0,,2026-07-24T11:48:55.841922+08:00
2603,2019-10-18,34000.0,198992.0,1362158.0,1595150.0,26260.0,1361.0,-260.0,26.0,,2026-07-24T11:48:55.841922+08:00
2603,2019-10-21,22000.0,374000.0,80094.0,476094.0,26079.0,1361.0,-181.0,0.0,,2026-07-24T11:48:55.841922+08:00
2603,2019-10-22,650000.0,2893000.0,21.0,3543021.0,23890.0,2180.0,-2189.0,819.0,,2026-07-24T11:48:55.841922+08:00
2603,2019-10-23,-1654000.0,-1038000.0,0.0,-2692000.0,24213.0,1887.0,323.0,-293.0,,2026-07-24T11:48:55.841922+08:00
2603,2019-10-24,-1352050.0,-366000.0,1363000.0,-355050.0,24977.0,1659.0,764.0,-228.0,,2026-07-24T11:48:55.841922+08:00
2603,2019-10-25,-1353000.0,-3081532.0,994356.0,-3440176.0,24892.0,810.0,-85.0,-849.0,,2026-07-24T11:48:55.841922+08:00
2603,2019-10-26,-203000.0,641987.0,-715000.0,-276013.0,,,,,,2026-07-24T11:48:55.841922+08:00
2603,2019-10-28,-3267000.0,-4309000.0,0.0,-7576000.0,26141.0,2447.0,,,,2026-07-24T11:48:55.841922+08:00
2603,2019-10-29,-3889000.0,-6527000.0,0.0,-10416000.0,26986.0,3234.0,845.0,787.0,,2026-07-24T11:48:55.841922+08:00
2603,2019-10-30,-2838000.0,-3641009.0,95000.0,-6384009.0,28556.0,650.0,1570.0,-2584.0,,2026-07-24T11:48:55.841922+08:00
2603,2019-10-31,-128000.0,-4977000.0,0.0,-5105000.0,28779.0,0.0,223.0,-650.0,,2026-07-24T11:48:55.841922+08:00
2603,2019-11-01,-1396000.0,-2892000.0,7000.0,-4281000.0,28755.0,0.0,-24.0,0.0,,2026-07-24T11:48:55.841922+08:00
2603,2019-11-04,-1529000.0,960000.0,48493.0,-520507.0,29104.0,0.0,349.0,0.0,,2026-07-24T11:48:55.841922+08:00
2603,2019-11-05,1836000.0,-3314447.0,45000.0,-1433447.0,30285.0,15833.0,1181.0,15833.0,,2026-07-24T11:48:55.841922+08:00
2603,2019-11-06,-98000.0,558869.0,0.0,460869.0,29330.0,19521.0,-955.0,3688.0,,2026-07-24T11:48:55.841922+08:00
2603,2019-11-07,-607000.0,-3912408.0,-15000.0,-4534408.0,29287.0,20234.0,-43.0,713.0,,2026-07-24T11:48:55.841922+08:00
2603,2019-11-08,-116000.0,-24164.0,7000.0,-133164.0,29100.0,20506.0,-187.0,272.0,,2026-07-24T11:48:55.841922+08:00
2603,2019-11-11,-316000.0,-2754000.0,0.0,-3070000.0,28750.0,20545.0,-350.0,39.0,,2026-07-24T11:48:55.841922+08:00
2603,2019-11-12,-37000.0,-893392.0,34000.0,-896392.0,29237.0,20629.0,487.0,84.0,,2026-07-24T11:48:55.841922+08:00
2603,2019-11-13,-5000.0,-1382000.0,0.0,-1387000.0,29531.0,20634.0,294.0,5.0,,2026-07-24T11:48:55.841922+08:00
2603,2019-11-14,17000.0,-4134755.0,5000.0,-4112755.0,29699.0,20691.0,168.0,57.0,,2026-07-24T11:48:55.841922+08:00
2603,2019-11-15,29000.0,1424000.0,0.0,1453000.0,29384.0,20727.0,-315.0,36.0,,2026-07-24T11:48:55.841922+08:00
2603,2019-11-18,-30000.0,943000.0,1000.0,914000.0,29278.0,20727.0,-106.0,0.0,,2026-07-24T11:48:55.841922+08:00
2603,2019-11-19,-43000.0,722000.0,-18000.0,661000.0,28584.0,20775.0,-694.0,48.0,,2026-07-24T11:48:55.841922+08:00
2603,2019-11-20,4638000.0,2691084.0,28000.0,7357084.0,27727.0,21300.0,-857.0,525.0,,2026-07-24T11:48:55.841922+08:00
2603,2019-11-21,8000.0,-4847000.0,27000.0,-4812000.0,28735.0,21375.0,1008.0,75.0,,2026-07-24T11:48:55.841922+08:00
2603,2019-11-22,-252000.0,-3432115.0,19000.0,-3665115.0,29766.0,21146.0,1031.0,-229.0,,2026-07-24T11:48:55.841922+08:00
2603,2019-11-25,-222000.0,-2230246.0,3000.0,-2449246.0,30376.0,21084.0,610.0,-62.0,,2026-07-24T11:48:55.841922+08:00
2603,2019-11-26,4000.0,2009836.0,30000.0,2043836.0,29897.0,20197.0,-479.0,-887.0,,2026-07-24T11:48:55.841922+08:00
2603,2019-11-27,853000.0,-6914234.0,4000.0,-6057234.0,29644.0,16218.0,-253.0,-3979.0,,2026-07-24T11:48:55.841922+08:00
2603,2019-11-28,425000.0,-999000.0,0.0,-574000.0,29965.0,14668.0,321.0,-1550.0,,2026-07-24T11:48:55.841922+08:00
2603,2019-11-29,646000.0,-6179640.0,5000.0,-5528640.0,30107.0,13384.0,142.0,-1284.0,,2026-07-24T11:48:55.841922+08:00
2603,2019-12-02,1017000.0,-5490090.0,15000.0,-4458090.0,30226.0,12349.0,119.0,-1035.0,,2026-07-24T11:48:55.841922+08:00
2603,2019-12-03,155000.0,2058546.0,4000.0,2217546.0,30262.0,9534.0,36.0,-2815.0,,2026-07-24T11:48:55.841922+08:00
2603,2019-12-04,-33000.0,364956.0,7000.0,338956.0,30737.0,9700.0,475.0,166.0,,2026-07-24T11:48:55.841922+08:00
2603,2019-12-05,566000.0,481769.0,14000.0,1061769.0,33854.0,945.0,3117.0,-8755.0,,2026-07-24T11:48:55.841922+08:00
2603,2019-12-06,-556000.0,1291693.0,0.0,735693.0,34813.0,384.0,959.0,-561.0,,2026-07-24T11:48:55.841922+08:00
2603,2019-12-09,-113000.0,1278125.0,-276000.0,889125.0,35762.0,147.0,949.0,-237.0,,2026-07-24T11:48:55.841922+08:00
2603,2019-12-10,-334000.0,-123234.0,2000.0,-455234.0,37061.0,133.0,1299.0,-14.0,,2026-07-24T11:48:55.841922+08:00
2603,2019-12-11,-660000.0,453322.0,0.0,-206678.0,36921.0,87.0,-140.0,-46.0,,2026-07-24T11:48:55.841922+08:00
2603,2019-12-12,-645000.0,3334851.0,0.0,2689851.0,36909.0,86.0,-12.0,-1.0,,2026-07-24T11:48:55.841922+08:00
2603,2019-12-13,-853699.0,794006.0,0.0,-59693.0,38031.0,71.0,1122.0,-15.0,,2026-07-24T11:48:55.841922+08:00
2603,2019-12-16,-592000.0,-1091079.0,0.0,-1683079.0,37646.0,66.0,-385.0,-5.0,,2026-07-24T11:48:55.841922+08:00
2603,2019-12-17,-596000.0,2068124.0,-9945.0,1462179.0,38080.0,66.0,434.0,0.0,,2026-07-24T11:48:55.841922+08:00
2603,2019-12-18,8825000.0,3732047.0,7000.0,12564047.0,35805.0,57.0,-2275.0,-9.0,,2026-07-24T11:48:55.841922+08:00
2603,2019-12-19,-428000.0,-578639.0,0.0,-1006639.0,35804.0,46.0,-1.0,-11.0,,2026-07-24T11:48:55.841922+08:00
2603,2019-12-20,-496000.0,-3102590.0,79000.0,-3519590.0,36791.0,38.0,987.0,-8.0,,2026-07-24T11:48:55.841922+08:00
2603,2019-12-23,-753000.0,2928114.0,0.0,2175114.0,36413.0,54.0,-378.0,16.0,,2026-07-24T11:48:55.841922+08:00
2603,2019-12-24,-564000.0,169000.0,0.0,-395000.0,36386.0,53.0,-27.0,-1.0,,2026-07-24T11:48:55.841922+08:00
2603,2019-12-25,-265000.0,201000.0,0.0,-64000.0,36347.0,53.0,-39.0,0.0,,2026-07-24T11:48:55.841922+08:00
2603,2019-12-26,-372000.0,781373.0,2000.0,411373.0,36371.0,54.0,24.0,1.0,,2026-07-24T11:48:55.841922+08:00
2603,2019-12-27,-184000.0,327410.0,0.0,143410.0,35818.0,38.0,-553.0,-16.0,,2026-07-24T11:48:55.841922+08:00
2603,2019-12-30,461657.0,-1617221.0,21000.0,-1134564.0,36762.0,35.0,944.0,-3.0,,2026-07-24T11:48:55.841922+08:00
2603,2019-12-31,497000.0,-1748605.0,18000.0,-1233605.0,37295.0,31.0,533.0,-4.0,,2026-07-24T11:48:55.841922+08:00
2603,2020-01-02,1081000.0,3599584.0,0.0,4680584.0,37284.0,37.0,-11.0,6.0,,2026-07-24T11:48:55.841922+08:00
2603,2020-01-03,2707000.0,3427447.0,1500000.0,7634447.0,37288.0,120.0,4.0,83.0,,2026-07-24T11:48:55.841922+08:00
2603,2020-01-06,1329000.0,-3728000.0,466000.0,-1933000.0,39840.0,158.0,2552.0,38.0,,2026-07-24T11:48:55.841922+08:00
2603,2020-01-07,275000.0,-2534434.0,30000.0,-2229434.0,39195.0,116.0,-645.0,-42.0,,2026-07-24T11:48:55.841922+08:00
2603,2020-01-08,-995000.0,-2847887.0,-127000.0,-3969887.0,39501.0,84.0,306.0,-32.0,,2026-07-24T11:48:55.841922+08:00
2603,2020-01-09,16000.0,306887.0,697000.0,1019887.0,39637.0,98.0,136.0,14.0,,2026-07-24T11:48:55.841922+08:00
2603,2020-01-10,1844000.0,8267589.0,2441000.0,12552589.0,39416.0,168.0,-221.0,70.0,,2026-07-24T11:48:55.841922+08:00
2603,2020-01-13,153000.0,1043064.0,700000.0,1896064.0,39507.0,152.0,91.0,-16.0,,2026-07-24T11:48:55.841922+08:00
2603,2020-01-14,-205000.0,6643962.0,160000.0,6598962.0,38546.0,198.0,-961.0,46.0,,2026-07-24T11:48:55.841922+08:00
2603,2020-01-15,-1760000.0,2314229.0,58000.0,612229.0,38741.0,204.0,195.0,6.0,,2026-07-24T11:48:55.841922+08:00
2603,2020-01-16,-192000.0,-917085.0,7000.0,-1102085.0,37228.0,192.0,-1513.0,-12.0,,2026-07-24T11:48:55.841922+08:00
2603,2020-01-17,243000.0,-1815862.0,216000.0,-1356862.0,37139.0,167.0,-89.0,-25.0,,2026-07-24T11:48:55.841922+08:00
2603,2020-01-20,598000.0,598268.0,386000.0,1582268.0,36538.0,158.0,-601.0,-9.0,,2026-07-24T11:48:55.841922+08:00
2603,2020-01-30,-4381000.0,-7444946.0,-434000.0,-12259946.0,40022.0,601.0,3484.0,443.0,,2026-07-24T11:48:55.841922+08:00
2603,2020-01-31,-590000.0,-6868625.0,-1483000.0,-8941625.0,39633.0,641.0,-389.0,40.0,,2026-07-24T11:48:55.841922+08:00
2603,2020-02-03,-128000.0,-1410116.0,35000.0,-1503116.0,39463.0,396.0,-170.0,-245.0,,2026-07-24T11:48:55.841922+08:00
2603,2020-02-04,-123000.0,-2423250.0,0.0,-2546250.0,39802.0,458.0,339.0,62.0,,2026-07-24T11:48:55.841922+08:00
2603,2020-02-05,-194000.0,-1852000.0,5000.0,-2041000.0,41286.0,459.0,1484.0,1.0,,2026-07-24T11:48:55.841922+08:00
2603,2020-02-06,-86000.0,141000.0,250000.0,305000.0,40901.0,497.0,-385.0,38.0,,2026-07-24T11:48:55.841922+08:00
2603,2020-02-07,-6000.0,-3835000.0,4561.0,-3836439.0,40333.0,335.0,-568.0,-162.0,,2026-07-24T11:48:55.841922+08:00
2603,2020-02-10,-670000.0,821000.0,0.0,151000.0,40697.0,337.0,364.0,2.0,,2026-07-24T11:48:55.841922+08:00
2603,2020-02-11,135000.0,688410.0,240000.0,1063410.0,41071.0,326.0,374.0,-11.0,,2026-07-24T11:48:55.841922+08:00
2603,2020-02-12,178000.0,2525014.0,0.0,2703014.0,41228.0,271.0,157.0,-55.0,,2026-07-24T11:48:55.841922+08:00
2603,2020-02-13,-20000.0,-2042754.0,160000.0,-1902754.0,40933.0,275.0,-295.0,4.0,,2026-07-24T11:48:55.841922+08:00
2603,2020-02-14,-1077000.0,80089.0,0.0,-996911.0,40957.0,275.0,24.0,0.0,,2026-07-24T11:48:55.841922+08:00
2603,2020-02-17,-122000.0,-7302990.0,330000.0,-7094990.0,40513.0,273.0,-444.0,-2.0,,2026-07-24T11:48:55.841922+08:00
2603,2020-02-18,-22000.0,-617000.0,463000.0,-176000.0,39770.0,291.0,-743.0,18.0,,2026-07-24T11:48:55.841922+08:00
2603,2020-02-19,-93000.0,3838000.0,455000.0,4200000.0,41043.0,310.0,1273.0,19.0,,2026-07-24T11:48:55.841922+08:00
2603,2020-02-20,118000.0,-2599796.0,409000.0,-2072796.0,42020.0,261.0,977.0,-49.0,,2026-07-24T11:48:55.841922+08:00
2603,2020-02-21,-1000.0,-515000.0,459000.0,-57000.0,41070.0,258.0,-950.0,-3.0,,2026-07-24T11:48:55.841922+08:00
2603,2020-02-24,137000.0,-5854699.0,60000.0,-5657699.0,41376.0,275.0,306.0,17.0,,2026-07-24T11:48:55.841922+08:00
2603,2020-02-25,48000.0,-1219291.0,685000.0,-486291.0,41565.0,284.0,189.0,9.0,,2026-07-24T11:48:55.841922+08:00
2603,2020-02-26,-5000.0,-962000.0,40000.0,-927000.0,41484.0,302.0,-81.0,18.0,,2026-07-24T11:48:55.841922+08:00
2603,2020-02-27,-229000.0,-2517919.0,244000.0,-2502919.0,40730.0,241.0,-754.0,-61.0,,2026-07-24T11:48:55.841922+08:00
2603,2020-03-02,62000.0,455748.0,263000.0,780748.0,40550.0,197.0,-180.0,-44.0,,2026-07-24T11:48:55.841922+08:00
2603,2020-03-03,-41000.0,-837460.0,620000.0,-258460.0,41188.0,166.0,638.0,-31.0,,2026-07-24T11:48:55.841922+08:00
2603,2020-03-04,-171000.0,-362000.0,222000.0,-311000.0,40791.0,276.0,-397.0,110.0,,2026-07-24T11:48:55.841922+08:00
2603,2020-03-05,78000.0,-1491918.0,0.0,-1413918.0,40116.0,288.0,-675.0,12.0,,2026-07-24T11:48:55.841922+08:00
2603,2020-03-06,-359000.0,-2344568.0,4000.0,-2699568.0,40338.0,293.0,222.0,5.0,,2026-07-24T11:48:55.841922+08:00
2603,2020-03-09,-300000.0,-8394918.0,5521000.0,-3173918.0,34922.0,322.0,-5416.0,29.0,,2026-07-24T11:48:55.841922+08:00
2603,2020-03-10,-8000.0,-4684818.0,1486000.0,-3206818.0,36267.0,334.0,1345.0,12.0,,2026-07-24T11:48:55.841922+08:00
2603,2020-03-11,-877000.0,813250.0,2434000.0,2370250.0,35562.0,315.0,-705.0,-19.0,,2026-07-24T11:48:55.841922+08:00
2603,2020-03-12,-252000.0,-10983979.0,1232000.0,-10003979.0,38068.0,260.0,2506.0,-55.0,,2026-07-24T11:48:55.841922+08:00
2603,2020-03-13,-98000.0,-3816000.0,469000.0,-3445000.0,36208.0,667.0,-1860.0,407.0,,2026-07-24T11:48:55.841922+08:00
2603,2020-03-16,-851000.0,-4383755.0,-7000.0,-5241755.0,36163.0,698.0,-45.0,31.0,,2026-07-24T11:48:55.841922+08:00
2603,2020-03-17,-487000.0,8023128.0,-949000.0,6587128.0,33984.0,594.0,-2179.0,-104.0,,2026-07-24T11:48:55.841922+08:00
2603,2020-03-18,-833000.0,1139640.0,23000.0,329640.0,33615.0,1040.0,-369.0,446.0,,2026-07-24T11:48:55.841922+08:00
2603,2020-03-19,-867000.0,4982832.0,507000.0,4622832.0,30477.0,825.0,-3138.0,-215.0,,2026-07-24T11:48:55.841922+08:00
2603,2020-03-20,-256000.0,-3154558.0,-25642.0,-3436200.0,31456.0,834.0,979.0,9.0,,2026-07-24T11:48:55.841922+08:00
2603,2020-03-23,-3000.0,527508.0,2497000.0,3021508.0,30779.0,982.0,-677.0,148.0,,2026-07-24T11:48:55.841922+08:00
2603,2020-03-24,0.0,974806.0,-3774648.0,-2799842.0,31164.0,676.0,385.0,-306.0,,2026-07-24T11:48:55.841922+08:00
2603,2020-03-25,-17000.0,1451205.0,2488000.0,3922205.0,31609.0,628.0,445.0,-48.0,,2026-07-24T11:48:55.841922+08:00
2603,2020-03-26,-278000.0,-704000.0,-2547.0,-984547.0,32205.0,617.0,596.0,-11.0,,2026-07-24T11:48:55.841922+08:00
2603,2020-03-27,-90000.0,-7973620.0,-1000.0,-8064620.0,34169.0,653.0,1964.0,36.0,,2026-07-24T11:48:55.841922+08:00
2603,2020-03-30,-25000.0,-623000.0,1225000.0,577000.0,34229.0,633.0,60.0,-20.0,,2026-07-24T11:48:55.841922+08:00
2603,2020-03-31,-92000.0,-2058652.0,-778000.0,-2928652.0,34788.0,614.0,559.0,-19.0,,2026-07-24T11:48:55.841922+08:00
2603,2020-04-01,-4000.0,-3593142.0,-2621000.0,-6218142.0,35629.0,523.0,841.0,-91.0,,2026-07-24T11:48:55.841922+08:00
2603,2020-04-06,89000.0,-1135710.0,7000.0,-1039710.0,36040.0,579.0,411.0,56.0,,2026-07-24T11:48:55.841922+08:00
2603,2020-04-07,230000.0,1735422.0,589000.0,2554422.0,35877.0,392.0,-163.0,-187.0,,2026-07-24T11:48:55.841922+08:00
2603,2020-04-08,-8000.0,4482394.0,1307000.0,5781394.0,33940.0,564.0,-1937.0,172.0,,2026-07-24T11:48:55.841922+08:00
2603,2020-04-09,304000.0,-1962075.0,5465000.0,3806925.0,32602.0,597.0,-1338.0,33.0,,2026-07-24T11:48:55.841922+08:00
2603,2020-04-10,-140000.0,-1649000.0,1646000.0,-143000.0,32239.0,560.0,-363.0,-37.0,,2026-07-24T11:48:55.841922+08:00
2603,2020-04-13,262000.0,-2001785.0,2647326.0,907541.0,32744.0,427.0,505.0,-133.0,,2026-07-24T11:48:55.841922+08:00
2603,2020-04-14,709000.0,2394612.0,1195000.0,4298612.0,31691.0,419.0,-1053.0,-8.0,,2026-07-24T11:48:55.841922+08:00
2603,2020-04-15,-124000.0,17834.0,1750000.0,1643834.0,32814.0,329.0,1123.0,-90.0,,2026-07-24T11:48:55.841922+08:00
2603,2020-04-16,-628000.0,-3878296.0,806000.0,-3700296.0,33369.0,245.0,555.0,-84.0,,2026-07-24T11:48:55.841922+08:00
2603,2020-04-17,24077.0,-4141000.0,0.0,-4116923.0,33595.0,1.0,226.0,-244.0,,2026-07-24T11:48:55.841922+08:00
2603,2020-04-20,-116271.0,-3692126.0,5000.0,-3803397.0,34011.0,0.0,416.0,-1.0,,2026-07-24T11:48:55.841922+08:00
2603,2020-04-21,-58000.0,-7643752.0,-6000.0,-7707752.0,34726.0,0.0,715.0,0.0,,2026-07-24T11:48:55.841922+08:00
2603,2020-04-22,-10000.0,-639000.0,-4000.0,-653000.0,34760.0,0.0,34.0,0.0,,2026-07-24T11:48:55.841922+08:00
2603,2020-04-23,-9000.0,868060.0,353000.0,1212060.0,34968.0,150.0,208.0,150.0,,2026-07-24T11:48:55.841922+08:00
2603,2020-04-24,258000.0,-2037200.0,540000.0,-1239200.0,35197.0,208.0,229.0,58.0,,2026-07-24T11:48:55.841922+08:00
2603,2020-04-27,7000.0,3886000.0,511000.0,4404000.0,34662.0,331.0,-535.0,123.0,,2026-07-24T11:48:55.841922+08:00
2603,2020-04-28,466000.0,1485000.0,154000.0,2105000.0,33914.0,362.0,-748.0,31.0,,2026-07-24T11:48:55.841922+08:00
2603,2020-04-29,161000.0,4217034.0,3376000.0,7754034.0,33137.0,422.0,-777.0,60.0,,2026-07-24T11:48:55.841922+08:00
2603,2020-04-30,-159000.0,1317768.0,4313000.0,5471768.0,31822.0,634.0,-1315.0,212.0,,2026-07-24T11:48:55.841922+08:00
2603,2020-05-04,-158000.0,-6336000.0,2000.0,-6492000.0,32185.0,499.0,363.0,-135.0,,2026-07-24T11:48:55.841922+08:00
2603,2020-05-05,-30000.0,-404000.0,0.0,-434000.0,32497.0,466.0,312.0,-33.0,,2026-07-24T11:48:55.841922+08:00
2603,2020-05-06,-293000.0,-2244200.0,0.0,-2537200.0,33276.0,462.0,779.0,-4.0,,2026-07-24T11:48:55.841922+08:00
2603,2020-05-07,20000.0,-826000.0,0.0,-806000.0,32993.0,444.0,-283.0,-18.0,,2026-07-24T11:48:55.841922+08:00
2603,2020-05-08,-211000.0,-547000.0,-300000.0,-1058000.0,33653.0,443.0,660.0,-1.0,,2026-07-24T11:48:55.841922+08:00
2603,2020-05-11,-112000.0,1928000.0,686000.0,2502000.0,33580.0,442.0,-73.0,-1.0,,2026-07-24T11:48:55.841922+08:00
2603,2020-05-12,-108000.0,-4710120.0,0.0,-4818120.0,34163.0,415.0,583.0,-27.0,,2026-07-24T11:48:55.841922+08:00
2603,2020-05-13,320000.0,789000.0,8000.0,1117000.0,34372.0,425.0,209.0,10.0,,2026-07-24T11:48:55.841922+08:00
2603,2020-05-14,689000.0,-5453320.0,0.0,-4764320.0,33889.0,403.0,-483.0,-22.0,,2026-07-24T11:48:55.841922+08:00
2603,2020-05-15,1235000.0,-1228504.0,0.0,6496.0,33805.0,427.0,-84.0,24.0,,2026-07-24T11:48:55.841922+08:00
2603,2020-05-18,2717000.0,2116000.0,0.0,4833000.0,32578.0,478.0,-1227.0,51.0,,2026-07-24T11:48:55.841922+08:00
2603,2020-05-19,1414000.0,-3410000.0,0.0,-1996000.0,32551.0,525.0,-27.0,47.0,,2026-07-24T11:48:55.841922+08:00
2603,2020-05-20,-1644000.0,-1183000.0,1877000.0,-950000.0,32427.0,310.0,-124.0,-215.0,,2026-07-24T11:48:55.841922+08:00
2603,2020-05-21,1170000.0,-15249943.0,2450000.0,-11629943.0,33905.0,697.0,1478.0,387.0,,2026-07-24T11:48:55.841922+08:00
2603,2020-05-22,659000.0,-2811000.0,1814000.0,-338000.0,33118.0,646.0,-787.0,-51.0,,2026-07-24T11:48:55.841922+08:00
2603,2020-05-25,-41000.0,-1401000.0,0.0,-1442000.0,32851.0,447.0,-267.0,-199.0,,2026-07-24T11:48:55.841922+08:00
2603,2020-05-26,153000.0,2478000.0,-1000.0,2630000.0,32661.0,445.0,-190.0,-2.0,,2026-07-24T11:48:55.841922+08:00
2603,2020-05-27,157000.0,702050.0,-194000.0,665050.0,33050.0,435.0,389.0,-10.0,,2026-07-24T11:48:55.841922+08:00
2603,2020-05-28,782000.0,-784843.0,3176000.0,3173157.0,33720.0,454.0,670.0,19.0,,2026-07-24T11:48:55.841922+08:00
2603,2020-05-29,-338000.0,-1051401.0,3001000.0,1611599.0,34764.0,542.0,1044.0,88.0,,2026-07-24T11:48:55.841922+08:00
2603,2020-06-01,681000.0,-425076.0,6813000.0,7068924.0,34192.0,626.0,-572.0,84.0,,2026-07-24T11:48:55.841922+08:00
2603,2020-06-02,1245000.0,-2168382.0,1600000.0,676618.0,33400.0,633.0,-792.0,7.0,,2026-07-24T11:48:55.841922+08:00
2603,2020-06-03,2445000.0,20943.0,166000.0,2631943.0,33057.0,645.0,-343.0,12.0,,2026-07-24T11:48:55.841922+08:00
2603,2020-06-04,631000.0,-2216061.0,-1000000.0,-2585061.0,33088.0,649.0,31.0,4.0,,2026-07-24T11:48:55.841922+08:00
2603,2020-06-05,51000.0,4511542.0,-1190000.0,3372542.0,33796.0,763.0,708.0,114.0,,2026-07-24T11:48:55.841922+08:00
2603,2020-06-08,-202000.0,252721.0,-1209000.0,-1158279.0,34211.0,739.0,415.0,-24.0,,2026-07-24T11:48:55.841922+08:00
2603,2020-06-09,225000.0,288000.0,3198000.0,3711000.0,34326.0,733.0,115.0,-6.0,,2026-07-24T11:48:55.841922+08:00
2603,2020-06-10,256000.0,1887085.0,-711000.0,1432085.0,34928.0,738.0,602.0,5.0,,2026-07-24T11:48:55.841922+08:00
2603,2020-06-11,1432000.0,-1395285.0,-810000.0,-773285.0,35170.0,568.0,242.0,-170.0,,2026-07-24T11:48:55.841922+08:00
2603,2020-06-12,-1161000.0,1497842.0,288000.0,624842.0,33302.0,576.0,-1868.0,8.0,,2026-07-24T11:48:55.841922+08:00
2603,2020-06-15,-88000.0,-2068870.0,-2000.0,-2158870.0,32687.0,581.0,-615.0,5.0,,2026-07-24T11:48:55.841922+08:00
2603,2020-06-16,-608000.0,3665016.0,808000.0,3865016.0,32325.0,639.0,-362.0,58.0,,2026-07-24T11:48:55.841922+08:00
2603,2020-06-17,-1973000.0,1490795.0,0.0,-482205.0,32168.0,648.0,-157.0,9.0,,2026-07-24T11:48:55.841922+08:00
2603,2020-06-18,259000.0,-1297877.0,-7187702.0,-8226579.0,33462.0,596.0,1294.0,-52.0,,2026-07-24T11:48:55.841922+08:00
2603,2020-06-19,13000.0,483793.0,-6010683.0,-5513890.0,34858.0,471.0,1396.0,-125.0,,2026-07-24T11:48:55.841922+08:00
2603,2020-06-22,-125000.0,288456.0,-1229000.0,-1065544.0,34685.0,462.0,-173.0,-9.0,,2026-07-24T11:48:55.841922+08:00
2603,2020-06-23,-349000.0,241439.0,-369000.0,-476561.0,35006.0,452.0,321.0,-10.0,,2026-07-24T11:48:55.841922+08:00
2603,2020-06-24,-32000.0,1605000.0,-254000.0,1319000.0,34411.0,452.0,-595.0,0.0,,2026-07-24T11:48:55.841922+08:00
2603,2020-06-29,200000.0,-2432857.0,0.0,-2232857.0,34333.0,252.0,-78.0,-200.0,,2026-07-24T11:48:55.841922+08:00
2603,2020-06-30,88000.0,-382987.0,-1636000.0,-1930987.0,33950.0,254.0,-383.0,2.0,,2026-07-24T11:48:55.841922+08:00
2603,2020-07-01,-68000.0,1544000.0,-5000.0,1471000.0,33187.0,238.0,-763.0,-16.0,,2026-07-24T11:48:55.841922+08:00
2603,2020-07-02,463000.0,-1840911.0,-340000.0,-1717911.0,33453.0,228.0,266.0,-10.0,,2026-07-24T11:48:55.841922+08:00
2603,2020-07-03,652000.0,5453000.0,-809000.0,5296000.0,33435.0,267.0,-18.0,39.0,,2026-07-24T11:48:55.841922+08:00
2603,2020-07-06,2564000.0,630580.0,-15000.0,3179580.0,34484.0,266.0,1049.0,-1.0,,2026-07-24T11:48:55.841922+08:00
2603,2020-07-07,260000.0,718302.0,3096000.0,4074302.0,35092.0,315.0,608.0,49.0,,2026-07-24T11:48:55.841922+08:00
2603,2020-07-08,266000.0,-1738000.0,-4987000.0,-6459000.0,35587.0,273.0,495.0,-42.0,,2026-07-24T11:48:55.841922+08:00
2603,2020-07-09,530000.0,-2952790.0,-909000.0,-3331790.0,36341.0,234.0,754.0,-39.0,,2026-07-24T11:48:55.841922+08:00
2603,2020-07-10,559000.0,-3593425.0,-6039000.0,-9073425.0,38057.0,265.0,1716.0,31.0,,2026-07-24T11:48:55.841922+08:00
2603,2020-07-13,308000.0,-1458938.0,-4569000.0,-5719938.0,38590.0,288.0,533.0,23.0,,2026-07-24T11:48:55.841922+08:00
2603,2020-07-14,154000.0,-984774.0,-2745000.0,-3575774.0,37295.0,286.0,-1295.0,-2.0,,2026-07-24T11:48:55.841922+08:00
2603,2020-07-15,-4603000.0,4142000.0,-313000.0,-774000.0,37455.0,303.0,160.0,17.0,,2026-07-24T11:48:55.841922+08:00
2603,2020-07-16,3648000.0,2338678.0,21000.0,6007678.0,36609.0,325.0,-846.0,22.0,,2026-07-24T11:48:55.841922+08:00
2603,2020-07-17,1983000.0,-1347738.0,-18000.0,617262.0,35957.0,239.0,-652.0,-86.0,,2026-07-24T11:48:55.841922+08:00
2603,2020-07-20,212000.0,-1836465.0,-133000.0,-1757465.0,36547.0,235.0,590.0,-4.0,,2026-07-24T11:48:55.841922+08:00
2603,2020-07-21,102000.0,4522001.0,-24000.0,4600001.0,35938.0,256.0,-609.0,21.0,,2026-07-24T11:48:55.841922+08:00
2603,2020-07-22,323000.0,2171000.0,-807000.0,1687000.0,36525.0,266.0,587.0,10.0,,2026-07-24T11:48:55.841922+08:00
2603,2020-07-23,211000.0,-2703000.0,-340000.0,-2832000.0,37406.0,247.0,881.0,-19.0,,2026-07-24T11:48:55.841922+08:00
2603,2020-07-24,199000.0,-1504000.0,-21000.0,-1326000.0,38764.0,217.0,1358.0,-30.0,,2026-07-24T11:48:55.841922+08:00
2603,2020-07-27,-346000.0,1218299.0,-8000.0,864299.0,41156.0,226.0,2392.0,9.0,,2026-07-24T11:48:55.841922+08:00
2603,2020-07-28,121000.0,-71095.0,-173000.0,-123095.0,41705.0,223.0,549.0,-3.0,,2026-07-24T11:48:55.841922+08:00
2603,2020-07-29,1122000.0,2284463.0,-1000.0,3405463.0,42228.0,236.0,523.0,13.0,,2026-07-24T11:48:55.841922+08:00
2603,2020-07-30,0.0,5460107.0,0.0,5460107.0,42699.0,276.0,471.0,40.0,,2026-07-24T11:48:55.841922+08:00
2603,2020-07-31,-1129000.0,4144873.0,0.0,3015873.0,43829.0,313.0,1130.0,37.0,,2026-07-24T11:48:55.841922+08:00
2603,2020-08-03,-39000.0,-2275170.0,-23000.0,-2337170.0,43872.0,270.0,43.0,-43.0,,2026-07-24T11:48:55.841922+08:00
2603,2020-08-04,98000.0,-56000.0,1586.0,43586.0,43882.0,287.0,10.0,17.0,,2026-07-24T11:48:55.841922+08:00
2603,2020-08-05,-255000.0,540180.0,1000.0,286180.0,43182.0,290.0,-700.0,3.0,,2026-07-24T11:48:55.841922+08:00
2603,2020-08-06,-258000.0,1369799.0,-141000.0,970799.0,43396.0,291.0,214.0,1.0,,2026-07-24T11:48:55.841922+08:00
2603,2020-08-07,1442000.0,2489972.0,0.0,3931972.0,46290.0,409.0,2894.0,118.0,,2026-07-24T11:48:55.841922+08:00
2603,2020-08-10,303000.0,3558015.0,850000.0,4711015.0,60766.0,979.0,14476.0,570.0,,2026-07-24T11:48:55.841922+08:00
2603,2020-08-11,222000.0,-11580506.0,949000.0,-10409506.0,58327.0,1095.0,-2439.0,116.0,,2026-07-24T11:48:55.841922+08:00
2603,2020-08-12,-15000.0,4190486.0,234000.0,4409486.0,60468.0,839.0,2141.0,-256.0,,2026-07-24T11:48:55.841922+08:00
2603,2020-08-13,-336000.0,1227189.0,220000.0,1111189.0,64098.0,835.0,3630.0,-4.0,,2026-07-24T11:48:55.841922+08:00
2603,2020-08-14,-3762000.0,12942000.0,2878000.0,12058000.0,74255.0,1689.0,10157.0,854.0,,2026-07-24T11:48:55.841922+08:00
2603,2020-08-17,-3480000.0,18638504.0,6317000.0,21475504.0,88459.0,3723.0,14204.0,2034.0,,2026-07-24T11:48:55.841922+08:00
2603,2020-08-18,2133000.0,11632101.0,3560000.0,17325101.0,102737.0,3329.0,14278.0,-394.0,,2026-07-24T11:48:55.841922+08:00
2603,2020-08-19,3625000.0,12845000.0,6243000.0,22713000.0,97374.0,3510.0,-5363.0,181.0,,2026-07-24T11:48:55.841922+08:00
2603,2020-08-20,1886000.0,9231296.0,7346000.0,18463296.0,106768.0,2419.0,9394.0,-1091.0,,2026-07-24T11:48:55.841922+08:00
2603,2020-08-21,-3378000.0,-92460.0,10083000.0,6612540.0,105283.0,2617.0,-1485.0,198.0,,2026-07-24T11:48:55.841922+08:00
2603,2020-08-24,-6000.0,4747955.0,10263029.0,15004984.0,111920.0,2642.0,6637.0,25.0,,2026-07-24T11:48:55.841922+08:00
2603,2020-08-25,6753000.0,1363000.0,13669000.0,21785000.0,130001.0,3422.0,18081.0,780.0,,2026-07-24T11:48:55.841922+08:00
2603,2020-08-26,1392000.0,6945868.0,4526000.0,12863868.0,125436.0,4029.0,-4565.0,607.0,,2026-07-24T11:48:55.841922+08:00
2603,2020-08-27,-1084000.0,21664295.0,2400000.0,22980295.0,122245.0,4148.0,-3191.0,119.0,,2026-07-24T11:48:55.841922+08:00
2603,2020-08-28,1581000.0,9883978.0,907000.0,12371978.0,123772.0,4163.0,1527.0,15.0,,2026-07-24T11:48:55.841922+08:00
2603,2020-08-31,7381000.0,-18182863.0,7772000.0,-3029863.0,132111.0,5087.0,8339.0,924.0,,2026-07-24T11:48:55.841922+08:00
2603,2020-09-01,2868000.0,192000.0,142000.0,3202000.0,127910.0,5048.0,-4201.0,-39.0,,2026-07-24T11:48:55.841922+08:00
2603,2020-09-02,91000.0,17100295.0,-2812000.0,14379295.0,125517.0,5082.0,-2393.0,34.0,,2026-07-24T11:48:55.841922+08:00
2603,2020-09-03,3987000.0,12372017.0,5023000.0,21382017.0,125884.0,6813.0,367.0,1731.0,,2026-07-24T11:48:55.841922+08:00
2603,2020-09-04,330000.0,-6880142.0,9657000.0,3106858.0,134592.0,7467.0,8708.0,654.0,,2026-07-24T11:48:55.841922+08:00
2603,2020-09-07,4832000.0,-12428447.0,3743000.0,-3853447.0,130711.0,7576.0,-3881.0,109.0,,2026-07-24T11:48:55.841922+08:00
2603,2020-09-08,-6899000.0,20521015.0,3716000.0,17338015.0,127550.0,9068.0,-3161.0,1492.0,,2026-07-24T11:48:55.841922+08:00
2603,2020-09-09,931000.0,5832692.0,1425000.0,8188692.0,130080.0,9402.0,2530.0,334.0,,2026-07-24T11:48:55.841922+08:00
2603,2020-09-10,-930000.0,9538981.0,7247000.0,15855981.0,129132.0,10173.0,-948.0,771.0,,2026-07-24T11:48:55.841922+08:00
2603,2020-09-11,-11281000.0,27340100.0,1133000.0,17192100.0,120559.0,8804.0,-8573.0,-1369.0,,2026-07-24T11:48:55.841922+08:00
2603,2020-09-14,-8116000.0,39233101.0,-20761000.0,10356101.0,126656.0,5594.0,6097.0,-3210.0,,2026-07-24T11:48:55.841922+08:00
2603,2020-09-15,2237000.0,-12063605.0,-6703533.0,-16530138.0,133407.0,5548.0,6751.0,-46.0,,2026-07-24T11:48:55.841922+08:00
2603,2020-09-16,-4510000.0,16377000.0,-27902000.0,-16035000.0,129692.0,5515.0,-3715.0,-33.0,,2026-07-24T11:48:55.841922+08:00
2603,2020-09-17,607000.0,-30033732.0,-5357921.0,-34784653.0,136113.0,6201.0,6421.0,686.0,,2026-07-24T11:48:55.841922+08:00
2603,2020-09-18,804000.0,-5004323.0,-1537000.0,-5737323.0,136149.0,5476.0,36.0,-725.0,,2026-07-24T11:48:55.841922+08:00
2603,2020-09-21,67000.0,-1966656.0,-3538751.0,-5438407.0,135644.0,4522.0,-505.0,-954.0,,2026-07-24T11:48:55.841922+08:00
2603,2020-09-22,-242000.0,-9261378.0,-2440000.0,-11943378.0,138505.0,4309.0,2861.0,-213.0,,2026-07-24T11:48:55.841922+08:00
2603,2020-09-23,-3677000.0,-12903596.0,-19410405.0,-35991001.0,146328.0,3506.0,7823.0,-803.0,,2026-07-24T11:48:55.841922+08:00
2603,2020-09-24,721000.0,-10202881.0,-12314000.0,-21795881.0,144166.0,3118.0,-2162.0,-388.0,,2026-07-24T11:48:55.841922+08:00
2603,2020-09-25,-3513000.0,-19783902.0,477000.0,-22819902.0,151974.0,3189.0,7808.0,71.0,,2026-07-24T11:48:55.841922+08:00
2603,2020-09-28,1213000.0,-6513968.0,-1200000.0,-6500968.0,152057.0,3631.0,83.0,442.0,,2026-07-24T11:48:55.841922+08:00
2603,2020-09-29,1011000.0,-18303309.0,-1858000.0,-19150309.0,157514.0,3854.0,5457.0,223.0,,2026-07-24T11:48:55.841922+08:00
2603,2020-09-30,2750000.0,3448593.0,0.0,6198593.0,154562.0,5289.0,-2952.0,1435.0,,2026-07-24T11:48:55.841922+08:00
2603,2020-10-05,1410000.0,-32371880.0,-1000000.0,-31961880.0,165344.0,5269.0,10782.0,-20.0,,2026-07-24T11:48:55.841922+08:00
2603,2020-10-06,1956000.0,-4204619.0,855000.0,-1393619.0,164514.0,5506.0,-830.0,237.0,,2026-07-24T11:48:55.841922+08:00
2603,2020-10-07,995000.0,-2632084.0,-471000.0,-2108084.0,165427.0,5495.0,913.0,-11.0,,2026-07-24T11:48:55.841922+08:00
2603,2020-10-08,-718000.0,4804835.0,-4881000.0,-794165.0,161995.0,5038.0,-3432.0,-457.0,,2026-07-24T11:48:55.841922+08:00
2603,2020-10-12,-6449000.0,26358836.0,-1788000.0,18121836.0,150110.0,4673.0,-11885.0,-365.0,,2026-07-24T11:48:55.841922+08:00
2603,2020-10-13,1097000.0,-7948753.0,269000.0,-6582753.0,167863.0,5082.0,17753.0,409.0,,2026-07-24T11:48:55.841922+08:00
2603,2020-10-14,343000.0,10863970.0,274000.0,11480970.0,168973.0,5453.0,1110.0,371.0,,2026-07-24T11:48:55.841922+08:00
2603,2020-10-15,1056000.0,2470300.0,250000.0,3776300.0,168588.0,5944.0,-385.0,491.0,,2026-07-24T11:48:55.841922+08:00
2603,2020-10-16,-118000.0,-20274000.0,200000.0,-20192000.0,176586.0,6812.0,7998.0,868.0,,2026-07-24T11:48:55.841922+08:00
2603,2020-10-19,715000.0,-2518900.0,2052000.0,248100.0,180454.0,7164.0,3868.0,352.0,,2026-07-24T11:48:55.841922+08:00
2603,2020-10-20,-945000.0,20819924.0,300000.0,20174924.0,182881.0,6521.0,2427.0,-643.0,,2026-07-24T11:48:55.841922+08:00
2603,2020-10-21,-684000.0,4645000.0,0.0,3961000.0,182047.0,6774.0,-834.0,253.0,,2026-07-24T11:48:55.841922+08:00
2603,2020-10-22,426000.0,19910000.0,0.0,20336000.0,174400.0,6823.0,-7647.0,49.0,,2026-07-24T11:48:55.841922+08:00
2603,2020-10-23,7531000.0,22444758.0,1948000.0,31923758.0,179250.0,6899.0,4850.0,76.0,,2026-07-24T11:48:55.841922+08:00
2603,2020-10-26,6094852.0,32234751.0,-950000.0,37379603.0,174995.0,8882.0,-4255.0,1983.0,,2026-07-24T11:48:55.841922+08:00
2603,2020-10-27,3913569.0,-12442400.0,-86000.0,-8614831.0,175736.0,8118.0,741.0,-764.0,,2026-07-24T11:48:55.841922+08:00
2603,2020-10-28,-7446635.0,18951000.0,-382000.0,11122365.0,165820.0,7989.0,-9916.0,-129.0,,2026-07-24T11:48:55.841922+08:00
2603,2020-10-29,-7724783.0,-1604000.0,303000.0,-9025783.0,171891.0,6679.0,6071.0,-1310.0,,2026-07-24T11:48:55.841922+08:00
2603,2020-10-30,576009.0,-6934249.0,11853000.0,5494760.0,162329.0,6861.0,-9562.0,182.0,,2026-07-24T11:48:55.841922+08:00
2603,2020-11-02,-3553054.0,-5597000.0,15981000.0,6830946.0,162420.0,7383.0,91.0,522.0,,2026-07-24T11:48:55.841922+08:00
2603,2020-11-03,2753140.0,-9110098.0,2274000.0,-4082958.0,160863.0,7427.0,-1557.0,44.0,,2026-07-24T11:48:55.841922+08:00
2603,2020-11-04,1210044.0,13466440.0,6594000.0,21270484.0,167077.0,8221.0,6214.0,794.0,,2026-07-24T11:48:55.841922+08:00
2603,2020-11-05,2560007.0,-18345275.0,2927000.0,-12858268.0,171920.0,8577.0,4843.0,356.0,,2026-07-24T11:48:55.841922+08:00
2603,2020-11-06,2299830.0,26510600.0,1339000.0,30149430.0,175222.0,9816.0,3302.0,1239.0,,2026-07-24T11:48:55.841922+08:00
2603,2020-11-09,-2393794.0,-10079400.0,10287000.0,-2186194.0,196259.0,13064.0,21037.0,3248.0,,2026-07-24T11:48:55.841922+08:00
2603,2020-11-10,-1345851.0,-17450073.0,1699000.0,-17096924.0,182079.0,11729.0,-14180.0,-1335.0,,2026-07-24T11:48:55.841922+08:00
2603,2020-11-11,-3065889.0,10156317.0,-5514000.0,1576428.0,201078.0,13378.0,18999.0,1649.0,,2026-07-24T11:48:55.841922+08:00
2603,2020-11-12,-577546.0,17085914.0,382000.0,16890368.0,191974.0,12306.0,-9104.0,-1072.0,,2026-07-24T11:48:55.841922+08:00
2603,2020-11-13,-2300149.0,12044472.0,-2394000.0,7350323.0,188538.0,13354.0,-3436.0,1048.0,,2026-07-24T11:48:55.841922+08:00
2603,2020-11-16,1332000.0,19365656.0,-1886000.0,18811656.0,184765.0,15497.0,-3773.0,2143.0,,2026-07-24T11:48:55.841922+08:00
2603,2020-11-17,5221000.0,31080000.0,2724000.0,39025000.0,187921.0,17427.0,3156.0,1930.0,,2026-07-24T11:48:55.841922+08:00
2603,2020-11-18,-1512792.0,19627600.0,4727000.0,22841808.0,200393.0,21069.0,12472.0,3642.0,,2026-07-24T11:48:55.841922+08:00
2603,2020-11-19,8645204.0,-33661694.0,392000.0,-24624490.0,205122.0,19733.0,4729.0,-1336.0,,2026-07-24T11:48:55.841922+08:00
2603,2020-11-20,3422152.0,15195400.0,3617000.0,22234552.0,209844.0,21906.0,4722.0,2173.0,,2026-07-24T11:48:55.841922+08:00
2603,2020-11-23,736000.0,239979.0,1991000.0,2966979.0,219140.0,22356.0,9296.0,450.0,,2026-07-24T11:48:55.841922+08:00
2603,2020-11-24,-1147455.0,8570200.0,158000.0,7580745.0,205355.0,21828.0,-13785.0,-528.0,,2026-07-24T11:48:55.841922+08:00
2603,2020-11-25,1881443.0,41450820.0,4855000.0,48187263.0,206078.0,23923.0,723.0,2095.0,,2026-07-24T11:48:55.841922+08:00
2603,2020-11-26,-2510121.0,-8983437.0,2944000.0,-8549558.0,217548.0,23409.0,11470.0,-514.0,,2026-07-24T11:48:55.841922+08:00
2603,2020-11-27,4816030.0,13053168.0,-8497000.0,9372198.0,223727.0,24513.0,6179.0,1104.0,,2026-07-24T11:48:55.841922+08:00
2603,2020-11-30,-112000.0,-30381514.0,-5717000.0,-36210514.0,234466.0,24262.0,10739.0,-251.0,,2026-07-24T11:48:55.841922+08:00
2603,2020-12-01,-4888827.0,15024422.0,-1560000.0,8575595.0,228276.0,24411.0,-6190.0,149.0,,2026-07-24T11:48:55.841922+08:00
2603,2020-12-02,472278.0,2542118.0,-1824000.0,1190396.0,238949.0,28318.0,10673.0,3907.0,,2026-07-24T11:48:55.841922+08:00
2603,2020-12-03,-4159325.0,11091114.0,-3971000.0,2960789.0,242479.0,32722.0,3530.0,4404.0,,2026-07-24T11:48:55.841922+08:00
2603,2020-12-04,1078461.0,-26272335.0,-5936000.0,-31129874.0,243619.0,27945.0,1140.0,-4777.0,,2026-07-24T11:48:55.841922+08:00
2603,2020-12-07,5295578.0,4212622.0,-3569000.0,5939200.0,245461.0,28223.0,1842.0,278.0,,2026-07-24T11:48:55.841922+08:00
2603,2020-12-08,2265123.0,27568950.0,3524000.0,33358073.0,251940.0,36154.0,6479.0,7931.0,,2026-07-24T11:48:55.841922+08:00
2603,2020-12-09,1372003.0,-13598183.0,7769000.0,-4457180.0,255116.0,55659.0,3176.0,19505.0,,2026-07-24T11:48:55.841922+08:00
2603,2020-12-10,-635427.0,-8666707.0,-1554000.0,-10856134.0,261814.0,71914.0,6698.0,16255.0,,2026-07-24T11:48:55.841922+08:00
2603,2020-12-11,4500656.0,-5324400.0,-2876000.0,-3699744.0,234387.0,70677.0,-27427.0,-1237.0,,2026-07-24T11:48:55.841922+08:00
2603,2020-12-14,-2049091.0,8962322.0,2512000.0,9425231.0,244023.0,75622.0,9636.0,4945.0,,2026-07-24T11:48:55.841922+08:00
2603,2020-12-15,-1514569.0,-37055282.0,2951000.0,-35618851.0,237904.0,72315.0,-6119.0,-3307.0,,2026-07-24T11:48:55.841922+08:00
2603,2020-12-16,-1490920.0,20044601.0,-676000.0,17877681.0,240944.0,73871.0,3040.0,1556.0,,2026-07-24T11:48:55.841922+08:00
2603,2020-12-17,-218764.0,-4972216.0,1300000.0,-3890980.0,237216.0,65605.0,-3728.0,-8266.0,,2026-07-24T11:48:55.841922+08:00
2603,2020-12-18,8756442.0,45106059.0,6490000.0,60352501.0,235082.0,71236.0,-2134.0,5631.0,,2026-07-24T11:48:55.841922+08:00
2603,2020-12-21,-1022426.0,-337483.0,2969000.0,1609091.0,246286.0,75921.0,11204.0,4685.0,,2026-07-24T11:48:55.841922+08:00
2603,2020-12-22,-8437570.0,-15976150.0,-374400.0,-24788120.0,254322.0,72844.0,8036.0,-3077.0,,2026-07-24T11:48:55.841922+08:00
2603,2020-12-23,1405236.0,-1469616.0,-3426000.0,-3490380.0,246926.0,74864.0,-7396.0,2020.0,,2026-07-24T11:48:55.841922+08:00
2603,2020-12-24,-396000.0,103900.0,852000.0,559900.0,258547.0,73838.0,11621.0,-1026.0,,2026-07-24T11:48:55.841922+08:00
2603,2020-12-25,4636188.0,28404215.0,3429000.0,36469403.0,269975.0,75675.0,11428.0,1837.0,,2026-07-24T11:48:55.841922+08:00
2603,2020-12-28,2479000.0,2779000.0,1724000.0,6982000.0,293823.0,84666.0,23848.0,8991.0,,2026-07-24T11:48:55.841922+08:00
2603,2020-12-29,-1914049.0,-62474386.0,-5275000.0,-69663435.0,271313.0,82699.0,-22510.0,-1967.0,,2026-07-24T11:48:55.841922+08:00
2603,2020-12-30,617205.0,12790400.0,-2407000.0,11000605.0,282306.0,77783.0,10993.0,-4916.0,,2026-07-24T11:48:55.841922+08:00
2603,2020-12-31,3592749.0,-899882.0,80000.0,2772867.0,311830.0,76472.0,29524.0,-1311.0,,2026-07-24T11:48:55.841922+08:00
2603,2021-01-04,-308976.0,-8591381.0,-1113000.0,-10013357.0,324335.0,82175.0,12505.0,5703.0,,2026-07-24T11:48:55.841922+08:00
2603,2021-01-05,3585746.0,-70808207.0,-2863000.0,-70085461.0,340282.0,64898.0,15947.0,-17277.0,,2026-07-24T11:48:55.841922+08:00
2603,2021-01-06,4114000.0,-43637732.0,-5193000.0,-44716732.0,315226.0,57549.0,-25056.0,-7349.0,,2026-07-24T11:48:55.841922+08:00
2603,2021-01-07,-1564105.0,-7617417.0,-13636000.0,-22817522.0,315804.0,46924.0,578.0,-10625.0,,2026-07-24T11:48:55.841922+08:00
2603,2021-01-08,6882203.0,-24587541.0,-13532000.0,-31237338.0,340636.0,46663.0,24832.0,-261.0,,2026-07-24T11:48:55.841922+08:00
2603,2021-01-11,9541617.0,-11994035.0,-871000.0,-3323418.0,346654.0,49127.0,6018.0,2464.0,,2026-07-24T11:48:55.841922+08:00
2603,2021-01-12,-10966623.0,-16425159.0,-2635000.0,-30026782.0,312194.0,45254.0,-34460.0,-3873.0,,2026-07-24T11:48:55.841922+08:00
2603,2021-01-13,-1118742.0,-25847938.0,-6134000.0,-33100680.0,313677.0,40049.0,1483.0,-5205.0,,2026-07-24T11:48:55.841922+08:00
2603,2021-01-14,4118482.0,-24140798.0,-74000.0,-20096316.0,324454.0,41645.0,10777.0,1596.0,,2026-07-24T11:48:55.841922+08:00
2603,2021-01-15,-15991616.0,-24038439.0,-11825000.0,-51855055.0,306121.0,51424.0,-18333.0,9779.0,,2026-07-24T11:48:55.841922+08:00
2603,2021-01-18,-2703104.0,17535193.0,-4984000.0,9848089.0,320903.0,22679.0,14782.0,-28745.0,,2026-07-24T11:48:55.841922+08:00
2603,2021-01-19,-5384156.0,-9383393.0,-2646000.0,-17413549.0,312778.0,26870.0,-8125.0,4191.0,,2026-07-24T11:48:55.841922+08:00
2603,2021-01-20,569651.0,47716283.0,-6173000.0,42112934.0,310552.0,27056.0,-2226.0,186.0,,2026-07-24T11:48:55.841922+08:00
2603,2021-01-21,1164257.0,-1755718.0,1283000.0,691539.0,309777.0,28604.0,-775.0,1548.0,,2026-07-24T11:48:55.841922+08:00
2603,2021-01-22,4329991.0,69462600.0,358000.0,74150591.0,309755.0,31523.0,-22.0,2919.0,,2026-07-24T11:48:55.841922+08:00
2603,2021-01-25,2684524.0,-41851842.0,438000.0,-38729318.0,309725.0,31016.0,-30.0,-507.0,,2026-07-24T11:48:55.841922+08:00
2603,2021-01-26,-3864565.0,-19841766.0,15000.0,-23691331.0,311447.0,29269.0,1722.0,-1747.0,,2026-07-24T11:48:55.841922+08:00
2603,2021-01-27,-3175741.0,-1277629.0,-302000.0,-4755370.0,310641.0,28981.0,-806.0,-288.0,,2026-07-24T11:48:55.841922+08:00
2603,2021-01-28,3602648.0,4908106.0,-548000.0,7962754.0,312647.0,28635.0,2006.0,-346.0,,2026-07-24T11:48:55.841922+08:00
2603,2021-01-29,-3463308.0,-39952011.0,-637000.0,-44052319.0,308470.0,25914.0,-4177.0,-2721.0,,2026-07-24T11:48:55.841922+08:00
2603,2021-02-01,445048.0,-950870.0,-750000.0,-1255822.0,311418.0,25772.0,2948.0,-142.0,,2026-07-24T11:48:55.841922+08:00
2603,2021-02-02,5631608.0,8261105.0,3948000.0,17840713.0,315039.0,29472.0,3621.0,3700.0,,2026-07-24T11:48:55.841922+08:00
2603,2021-02-03,2182042.0,-14823891.0,2148000.0,-10493849.0,321716.0,30453.0,6677.0,981.0,,2026-07-24T11:48:55.841922+08:00
2603,2021-02-04,2337939.0,-4593398.0,1705000.0,-550459.0,316945.0,31111.0,-4771.0,658.0,,2026-07-24T11:48:55.841922+08:00
2603,2021-02-05,1714188.0,-13402660.0,-250000.0,-11938472.0,321922.0,28983.0,4977.0,-2128.0,,2026-07-24T11:48:55.841922+08:00
2603,2021-02-17,14490867.0,39871591.0,4642000.0,59004458.0,310407.0,30872.0,-11515.0,1889.0,,2026-07-24T11:48:55.841922+08:00
2603,2021-02-18,2602675.0,-10734710.0,3442000.0,-4690035.0,317308.0,30983.0,6901.0,111.0,,2026-07-24T11:48:55.841922+08:00
2603,2021-02-19,16473.0,-7544162.0,-99000.0,-7626689.0,325419.0,29006.0,8111.0,-1977.0,,2026-07-24T11:48:55.841922+08:00
2603,2021-02-22,7810648.0,26460765.0,1797000.0,36068413.0,327416.0,29862.0,1997.0,856.0,,2026-07-24T11:48:55.841922+08:00
2603,2021-02-23,-779555.0,-31863167.0,3047000.0,-29595722.0,330910.0,28602.0,3494.0,-1260.0,,2026-07-24T11:48:55.841922+08:00
2603,2021-02-24,-9194312.0,-2363404.0,3719000.0,-7838716.0,321754.0,27765.0,-9156.0,-837.0,,2026-07-24T11:48:55.841922+08:00
2603,2021-02-25,-181656.0,13247894.0,131000.0,13197238.0,319953.0,28146.0,-1801.0,381.0,,2026-07-24T11:48:55.841922+08:00
2603,2021-02-26,1329477.0,-659922.0,2376000.0,3045555.0,327352.0,27188.0,7399.0,-958.0,,2026-07-24T11:48:55.841922+08:00
2603,2021-03-02,-5622620.0,12914050.0,591000.0,7882430.0,320687.0,30614.0,-6665.0,3426.0,,2026-07-24T11:48:55.841922+08:00
2603,2021-03-03,3319926.0,5701370.0,-439000.0,8582296.0,325119.0,26048.0,4432.0,-4566.0,,2026-07-24T11:48:55.841922+08:00
2603,2021-03-04,-1061914.0,-8506441.0,240000.0,-9328355.0,324188.0,24737.0,-931.0,-1311.0,,2026-07-24T11:48:55.841922+08:00
2603,2021-03-05,1340356.0,4281645.0,-903000.0,4719001.0,324240.0,25276.0,52.0,539.0,,2026-07-24T11:48:55.841922+08:00
2603,2021-03-08,1842241.0,-8311230.0,306000.0,-6162989.0,327655.0,26106.0,3415.0,830.0,,2026-07-24T11:48:55.841922+08:00
2603,2021-03-09,4541061.0,11301377.0,211000.0,16053438.0,333410.0,22894.0,5755.0,-3212.0,,2026-07-24T11:48:55.841922+08:00
2603,2021-03-10,2982260.0,-4272032.0,1251000.0,-38772.0,332540.0,21939.0,-870.0,-955.0,,2026-07-24T11:48:55.841922+08:00
2603,2021-03-11,-13662.0,-3422664.0,1694000.0,-1742326.0,331715.0,21674.0,-825.0,-265.0,,2026-07-24T11:48:55.841922+08:00
2603,2021-03-12,6830447.0,26674838.0,161000.0,33666285.0,332218.0,19868.0,503.0,-1806.0,,2026-07-24T11:48:55.841922+08:00
2603,2021-03-15,6464860.0,9326803.0,519000.0,16310663.0,338354.0,19514.0,6136.0,-354.0,,2026-07-24T11:48:55.841922+08:00
2603,2021-03-16,-1037450.0,2100731.0,1872000.0,2935281.0,342933.0,17301.0,4579.0,-2213.0,,2026-07-24T11:48:55.841922+08:00
2603,2021-03-17,3920642.0,8198730.0,2731000.0,14850372.0,336305.0,16244.0,-6628.0,-1057.0,,2026-07-24T11:48:55.841922+08:00
2603,2021-03-18,9700819.0,39507940.0,1306000.0,50514759.0,321654.0,15300.0,-14651.0,-944.0,,2026-07-24T11:48:55.841922+08:00
2603,2021-03-19,8678780.0,-16596235.0,12468000.0,4550545.0,320681.0,13788.0,-973.0,-1512.0,,2026-07-24T11:48:55.841922+08:00
2603,2021-03-22,8851221.0,71311485.0,4144000.0,84306706.0,312710.0,14825.0,-7971.0,1037.0,,2026-07-24T11:48:55.841922+08:00
2603,2021-03-23,-9976478.0,-55686962.0,1585000.0,-64078440.0,308057.0,8180.0,-4653.0,-6645.0,,2026-07-24T11:48:55.841922+08:00
2603,2021-03-24,-6899714.0,278276.0,882000.0,-5739438.0,310446.0,5575.0,2389.0,-2605.0,,2026-07-24T11:48:55.841922+08:00
2603,2021-03-25,-2043211.0,-57614954.0,6191000.0,-53467165.0,317304.0,84.0,6858.0,-5491.0,,2026-07-24T11:48:55.841922+08:00
2603,2021-03-26,-3163014.0,23645488.0,-1225000.0,19257474.0,324446.0,0.0,7142.0,-84.0,,2026-07-24T11:48:55.841922+08:00
2603,2021-03-29,1553726.0,6737128.0,3405000.0,11695854.0,320331.0,0.0,-4115.0,0.0,,2026-07-24T11:48:55.841922+08:00
2603,2021-03-30,-2159546.0,1958406.0,-497000.0,-698140.0,316759.0,0.0,-3572.0,0.0,,2026-07-24T11:48:55.841922+08:00
2603,2021-03-31,6659802.0,28591959.0,5091000.0,40342761.0,314819.0,2679.0,-1940.0,2679.0,,2026-07-24T11:48:55.841922+08:00
2603,2021-04-01,1652540.0,29796376.0,11151000.0,42599916.0,306262.0,6787.0,-8557.0,4108.0,,2026-07-24T11:48:55.841922+08:00
2603,2021-04-06,11956808.0,-42803590.0,4816827.0,-26029955.0,308209.0,11722.0,1947.0,4935.0,,2026-07-24T11:48:55.841922+08:00
2603,2021-04-07,6279936.0,31373457.0,5340000.0,42993393.0,301168.0,14037.0,-7041.0,2315.0,,2026-07-24T11:48:55.841922+08:00
2603,2021-04-08,-2967194.0,24556530.0,3580000.0,25169336.0,295747.0,18474.0,-5421.0,4437.0,,2026-07-24T11:48:55.841922+08:00
2603,2021-04-09,-14494374.0,-14311969.0,2365000.0,-26441343.0,296276.0,15390.0,529.0,-3084.0,,2026-07-24T11:48:55.841922+08:00
2603,2021-04-12,3469014.0,50935726.0,2681000.0,57085740.0,305400.0,20926.0,9124.0,5536.0,,2026-07-24T11:48:55.841922+08:00
2603,2021-04-13,1806525.0,-17484820.0,4290000.0,-11388295.0,303280.0,21527.0,-2120.0,601.0,,2026-07-24T11:48:55.841922+08:00
2603,2021-04-14,-1179909.0,-36650174.0,4184000.0,-33646083.0,308393.0,24413.0,5113.0,2886.0,,2026-07-24T11:48:55.841922+08:00
2603,2021-04-15,-1264552.0,-22542830.0,1443000.0,-22364382.0,304546.0,24549.0,-3847.0,136.0,,2026-07-24T11:48:55.841922+08:00
2603,2021-04-16,5188036.0,792640.0,1047000.0,7027676.0,316417.0,26433.0,11871.0,1884.0,,2026-07-24T11:48:55.841922+08:00
2603,2021-04-19,546320.0,-15796658.0,5198000.0,-10052338.0,308751.0,31291.0,-7666.0,4858.0,,2026-07-24T11:48:55.841922+08:00
2603,2021-04-20,-2110739.0,-14687500.0,87000.0,-16711239.0,307999.0,31885.0,-752.0,594.0,,2026-07-24T11:48:55.841922+08:00
2603,2021-04-21,-1634796.0,1846387.0,1589000.0,1800591.0,317312.0,38141.0,9313.0,6256.0,,2026-07-24T11:48:55.841922+08:00
2603,2021-04-22,-6460128.0,-28464373.0,3515000.0,-31409501.0,299317.0,31001.0,-17995.0,-7140.0,,2026-07-24T11:48:55.841922+08:00
2603,2021-04-23,-3313666.0,-6746912.0,-543000.0,-10603578.0,295105.0,20950.0,-4212.0,-10051.0,,2026-07-24T11:48:55.841922+08:00
2603,2021-04-26,7480267.0,18210273.0,726000.0,26416540.0,309929.0,27812.0,14824.0,6862.0,,2026-07-24T11:48:55.841922+08:00
2603,2021-04-27,2686833.0,-36349610.0,4258000.0,-29404777.0,302085.0,26566.0,-7844.0,-1246.0,,2026-07-24T11:48:55.841922+08:00
2603,2021-04-28,987964.0,-14395256.0,1581000.0,-11826292.0,300549.0,28724.0,-1536.0,2158.0,,2026-07-24T11:48:55.841922+08:00
2603,2021-04-29,4539000.0,3171761.0,557000.0,8267761.0,304730.0,25165.0,4181.0,-3559.0,,2026-07-24T11:48:55.841922+08:00
2603,2021-05-03,-2187694.0,31730482.0,6802000.0,36344788.0,311809.0,27906.0,7079.0,2741.0,,2026-07-24T11:48:55.841922+08:00
2603,2021-05-04,-12546271.0,-62014287.0,1333000.0,-73227558.0,293214.0,27748.0,-18595.0,-158.0,,2026-07-24T11:48:55.841922+08:00
2603,2021-05-05,2460771.0,-2028643.0,-907000.0,-474872.0,302938.0,23112.0,9724.0,-4636.0,,2026-07-24T11:48:55.841922+08:00
2603,2021-05-06,-2912537.0,-9491633.0,3646000.0,-8758170.0,311514.0,24194.0,8576.0,1082.0,,2026-07-24T11:48:55.841922+08:00
2603,2021-05-07,12089505.0,34370997.0,155000.0,46615502.0,323328.0,25693.0,11814.0,1499.0,,2026-07-24T11:48:55.841922+08:00
2603,2021-05-10,269106.0,38503762.0,4764000.0,43536868.0,333805.0,35109.0,10477.0,9416.0,,2026-07-24T11:48:55.841922+08:00
2603,2021-05-11,-3841302.0,-56300984.0,1682000.0,-58460286.0,315368.0,31325.0,-18437.0,-3784.0,,2026-07-24T11:48:55.841922+08:00
2603,2021-05-12,-5194029.0,-25758711.0,-8281000.0,-39233740.0,305526.0,26419.0,-9842.0,-4906.0,,2026-07-24T11:48:55.841922+08:00
2603,2021-05-13,-6378813.0,594530.0,-12825000.0,-18609283.0,285114.0,18132.0,-20412.0,-8287.0,,2026-07-24T11:48:55.841922+08:00
2603,2021-05-14,-16402508.0,-10085214.0,-4772000.0,-31259722.0,258648.0,14152.0,-26466.0,-3980.0,,2026-07-24T11:48:55.841922+08:00
2603,2021-05-17,-376109.0,47980457.0,-3084000.0,44520348.0,237228.0,14404.0,-21420.0,252.0,,2026-07-24T11:48:55.841922+08:00
2603,2021-05-18,3423000.0,4269275.0,430000.0,8122275.0,249842.0,17780.0,12614.0,3376.0,,2026-07-24T11:48:55.841922+08:00
2603,2021-05-19,-4540323.0,-7767043.0,-146000.0,-12453366.0,258990.0,22469.0,9148.0,4689.0,,2026-07-24T11:48:55.841922+08:00
2603,2021-05-20,-1638021.0,-6412762.0,-462000.0,-8512783.0,248496.0,23724.0,-10494.0,1255.0,,2026-07-24T11:48:55.841922+08:00
2603,2021-05-21,3958260.0,32364628.0,-1329000.0,34993888.0,268386.0,26994.0,19890.0,3270.0,,2026-07-24T11:48:55.841922+08:00
2603,2021-05-24,716709.0,-35860796.0,-2777000.0,-37921087.0,265301.0,26167.0,-3085.0,-827.0,,2026-07-24T11:48:55.841922+08:00
2603,2021-05-25,-5254896.0,-18245532.0,-17163000.0,-40663428.0,256503.0,22388.0,-8798.0,-3779.0,,2026-07-24T11:48:55.841922+08:00
2603,2021-05-26,5287886.0,6445103.0,-6683000.0,5049989.0,274862.0,24862.0,18359.0,2474.0,,2026-07-24T11:48:55.841922+08:00
2603,2021-05-27,861084.0,-1553036.0,-534000.0,-1225952.0,278896.0,26768.0,4034.0,1906.0,,2026-07-24T11:48:55.841922+08:00
2603,2021-05-28,4394377.0,36033229.0,-789000.0,39638606.0,319856.0,30160.0,40960.0,3392.0,,2026-07-24T11:48:55.841922+08:00
2603,2021-05-31,4596236.0,-12909947.0,-396000.0,-8709711.0,315497.0,30408.0,-4359.0,248.0,,2026-07-24T11:48:55.841922+08:00
2603,2021-06-01,1701339.0,19268642.0,-959000.0,20010981.0,352092.0,33895.0,36595.0,3487.0,,2026-07-24T11:48:55.841922+08:00
2603,2021-06-02,1849956.0,-22588534.0,6603000.0,-14135578.0,328326.0,31775.0,-23766.0,-2120.0,,2026-07-24T11:48:55.841922+08:00
2603,2021-06-03,2923527.0,28921419.0,1609000.0,33453946.0,338216.0,33326.0,9890.0,1551.0,,2026-07-24T11:48:55.841922+08:00
2603,2021-06-04,1488355.0,-26475300.0,-1049000.0,-26035945.0,329200.0,32897.0,-9016.0,-429.0,,2026-07-24T11:48:55.841922+08:00
2603,2021-06-07,2956800.0,-16148869.0,1323000.0,-11869069.0,317022.0,28886.0,-12178.0,-4011.0,,2026-07-24T11:48:55.841922+08:00
2603,2021-06-08,-8542.0,9931266.0,-622000.0,9300724.0,326519.0,29895.0,9497.0,1009.0,,2026-07-24T11:48:55.841922+08:00
2603,2021-06-09,-1406817.0,-8683906.0,-43000.0,-10133723.0,338924.0,30131.0,12405.0,236.0,,2026-07-24T11:48:55.841922+08:00
2603,2021-06-10,1838585.0,-5811863.0,-1150000.0,-5123278.0,334933.0,29656.0,-3991.0,-475.0,,2026-07-24T11:48:55.841922+08:00
2603,2021-06-11,1862865.0,31686519.0,-432000.0,33117384.0,353187.0,30181.0,18254.0,525.0,,2026-07-24T11:48:55.841922+08:00
2603,2021-06-15,3109000.0,7890751.0,-214000.0,10785751.0,371205.0,34528.0,18018.0,4347.0,,2026-07-24T11:48:55.841922+08:00
2603,2021-06-16,-7981021.0,-24816286.0,-792000.0,-33589307.0,324854.0,30664.0,-46351.0,-3864.0,,2026-07-24T11:48:55.841922+08:00
2603,2021-06-17,-390673.0,-31571669.0,-7598000.0,-39560342.0,333551.0,30358.0,8697.0,-306.0,,2026-07-24T11:48:55.841922+08:00
2603,2021-06-18,2380698.0,-21903994.0,10217103.0,-9306193.0,334419.0,27229.0,868.0,-3129.0,,2026-07-24T11:48:55.841922+08:00
2603,2021-06-21,-1084676.0,-10310527.0,9074000.0,-2321203.0,328221.0,25134.0,-6198.0,-2095.0,,2026-07-24T11:48:55.841922+08:00
2603,2021-06-22,-2805444.0,-3535515.0,15145000.0,8804041.0,321089.0,23899.0,-7132.0,-1235.0,,2026-07-24T11:48:55.841922+08:00
2603,2021-06-23,-1865952.0,-4220432.0,-47000.0,-6133384.0,302446.0,23826.0,-18643.0,-73.0,,2026-07-24T11:48:55.841922+08:00
2603,2021-06-24,-174020.0,1986930.0,5246000.0,7058910.0,320274.0,23192.0,17828.0,-634.0,,2026-07-24T11:48:55.841922+08:00
2603,2021-06-25,825385.0,3824230.0,-339000.0,4310615.0,325466.0,22932.0,5192.0,-260.0,,2026-07-24T11:48:55.841922+08:00
2603,2021-06-28,-939423.0,3264267.0,-1091000.0,1233844.0,340410.0,22371.0,14944.0,-561.0,,2026-07-24T11:48:55.841922+08:00
2603,2021-06-29,-667112.0,-2363009.0,11000.0,-3019121.0,321357.0,20826.0,-19053.0,-1545.0,,2026-07-24T11:48:55.841922+08:00
2603,2021-06-30,-2353803.0,4017053.0,-509000.0,1154250.0,339552.0,19568.0,18195.0,-1258.0,,2026-07-24T11:48:55.841922+08:00
2603,2021-07-01,-1324847.0,-6322001.0,-2534000.0,-10180848.0,323573.0,18738.0,-15979.0,-830.0,,2026-07-24T11:48:55.841922+08:00
2603,2021-07-02,-1812900.0,-66694948.0,-5627000.0,-74134848.0,319502.0,22966.0,-4071.0,4228.0,,2026-07-24T11:48:55.841922+08:00
2603,2021-07-05,4467402.0,16879919.0,-3748000.0,17599321.0,334270.0,21536.0,14768.0,-1430.0,,2026-07-24T11:48:55.841922+08:00
2603,2021-07-06,-4241726.0,-12107836.0,-898000.0,-17247562.0,325923.0,23780.0,-8347.0,2244.0,,2026-07-24T11:48:55.841922+08:00
2603,2021-07-07,2712876.0,-8012232.0,-3627000.0,-8926356.0,309189.0,17998.0,-16734.0,-5782.0,,2026-07-24T11:48:55.841922+08:00
2603,2021-07-08,9668277.0,-2388500.0,-3351709.0,3928068.0,298163.0,15118.0,-11026.0,-2880.0,,2026-07-24T11:48:55.841922+08:00
2603,2021-07-09,-3710335.0,-19605378.0,-2931000.0,-26246713.0,284942.0,14724.0,-13221.0,-394.0,,2026-07-24T11:48:55.841922+08:00
2603,2021-07-12,1881592.0,1757715.0,-4358000.0,-718693.0,281127.0,13488.0,-3815.0,-1236.0,,2026-07-24T11:48:55.841922+08:00
2603,2021-07-13,646005.0,6065713.0,-3819000.0,2892718.0,270449.0,12430.0,-10678.0,-1058.0,,2026-07-24T11:48:55.841922+08:00
2603,2021-07-14,1753440.0,12602356.0,-6758000.0,7597796.0,254422.0,10466.0,-16027.0,-1964.0,,2026-07-24T11:48:55.841922+08:00
2603,2021-07-15,92427.0,1042990.0,-1418000.0,-282583.0,252108.0,10564.0,-2314.0,98.0,,2026-07-24T11:48:55.841922+08:00
2603,2021-07-16,-1990925.0,-6114979.0,-158000.0,-8263904.0,247906.0,11181.0,-4202.0,617.0,,2026-07-24T11:48:55.841922+08:00
2603,2021-07-19,469980.0,-8944090.0,-32000.0,-8506110.0,246077.0,11218.0,-1829.0,37.0,,2026-07-24T11:48:55.841922+08:00
2603,2021-07-20,1419001.0,-14269505.0,-520000.0,-13370504.0,243044.0,10465.0,-3033.0,-753.0,,2026-07-24T11:48:55.841922+08:00
2603,2021-07-21,-16308629.0,-39907512.0,-2123000.0,-58339141.0,263457.0,12741.0,20413.0,2276.0,,2026-07-24T11:48:55.841922+08:00
2603,2021-07-22,-3310370.0,8612130.0,-3643000.0,1658760.0,263895.0,10370.0,438.0,-2371.0,,2026-07-24T11:48:55.841922+08:00
2603,2021-07-23,1303764.0,9681887.0,-846000.0,10139651.0,274414.0,10938.0,10519.0,568.0,,2026-07-24T11:48:55.841922+08:00
2603,2021-07-26,-627349.0,-20210425.0,-398000.0,-21235774.0,267435.0,10503.0,-6979.0,-435.0,,2026-07-24T11:48:55.841922+08:00
2603,2021-07-27,-396946.0,-8160656.0,-4606000.0,-13163602.0,272739.0,10133.0,5304.0,-370.0,,2026-07-24T11:48:55.841922+08:00
2603,2021-07-28,2584361.0,19575785.0,-5971000.0,16189146.0,286487.0,8879.0,13748.0,-1254.0,,2026-07-24T11:48:55.841922+08:00
2603,2021-07-29,-731004.0,3616276.0,1924000.0,4809272.0,288075.0,12510.0,1588.0,3631.0,,2026-07-24T11:48:55.841922+08:00
2603,2021-07-30,-3444413.0,-27722142.0,34000.0,-31132555.0,279694.0,13001.0,-8381.0,491.0,,2026-07-24T11:48:55.841922+08:00
2603,2021-08-02,2217343.0,11743453.0,-2160000.0,11800796.0,295949.0,11944.0,16255.0,-1057.0,,2026-07-24T11:48:55.841922+08:00
2603,2021-08-03,-1644210.0,-16007418.0,1828000.0,-15823628.0,291471.0,11739.0,-4478.0,-205.0,,2026-07-24T11:48:55.841922+08:00
2603,2021-08-04,929224.0,-2611822.0,316000.0,-1366598.0,292647.0,12190.0,1176.0,451.0,,2026-07-24T11:48:55.841922+08:00
2603,2021-08-05,-1202700.0,-10089668.0,-111000.0,-11403368.0,296809.0,10747.0,4162.0,-1443.0,,2026-07-24T11:48:55.841922+08:00
2603,2021-08-06,-2975756.0,17539910.0,2327000.0,16891154.0,297447.0,9856.0,638.0,-891.0,,2026-07-24T11:48:55.841922+08:00
2603,2021-08-09,-1852298.0,-22297505.0,1700000.0,-22449803.0,303568.0,9659.0,6121.0,-197.0,,2026-07-24T11:48:55.841922+08:00
2603,2021-08-10,-657906.0,-18097940.0,623000.0,-18132846.0,299986.0,6173.0,-3582.0,-3486.0,,2026-07-24T11:48:55.841922+08:00
2603,2021-08-11,-1542021.0,-4427374.0,-345000.0,-6314395.0,288942.0,5863.0,-11044.0,-310.0,,2026-07-24T11:48:55.841922+08:00
2603,2021-08-12,1790599.0,14499215.0,-126000.0,16163814.0,293208.0,44.0,4266.0,-5819.0,,2026-07-24T11:48:55.841922+08:00
2603,2021-08-13,-11045.0,-6460483.0,134000.0,-6337528.0,284701.0,0.0,-8507.0,-44.0,,2026-07-24T11:48:55.841922+08:00
2603,2021-08-16,701156.0,18844131.0,433000.0,19978287.0,281115.0,0.0,-3586.0,0.0,,2026-07-24T11:48:55.841922+08:00
2603,2021-08-17,-1298266.0,-9224182.0,478000.0,-10044448.0,274621.0,0.0,-6494.0,0.0,,2026-07-24T11:48:55.841922+08:00
2603,2021-08-18,2147602.0,19520640.0,311000.0,21979242.0,290444.0,5599.0,15823.0,5599.0,,2026-07-24T11:48:55.841922+08:00
2603,2021-08-19,-905207.0,-19879364.0,791000.0,-19993571.0,279198.0,8073.0,-11246.0,2474.0,,2026-07-24T11:48:55.841922+08:00
2603,2021-08-20,607148.0,3621746.0,525000.0,4753894.0,281373.0,7717.0,2175.0,-356.0,,2026-07-24T11:48:55.841922+08:00
2603,2021-08-23,4389687.0,28239082.0,207000.0,32835769.0,297999.0,7562.0,16626.0,-155.0,,2026-07-24T11:48:55.841922+08:00
2603,2021-08-24,-239681.0,-28369636.0,159000.0,-28450317.0,291929.0,6484.0,-6070.0,-1078.0,,2026-07-24T11:48:55.841922+08:00
2603,2021-08-25,-73515.0,4126202.0,-71000.0,3981687.0,296840.0,6582.0,4911.0,98.0,,2026-07-24T11:48:55.841922+08:00
2603,2021-08-26,-1175539.0,-8120011.0,3000.0,-9292550.0,297180.0,6251.0,340.0,-331.0,,2026-07-24T11:48:55.841922+08:00
2603,2021-08-27,297000.0,7141379.0,-2383000.0,5055379.0,295010.0,6389.0,-2170.0,138.0,,2026-07-24T11:48:55.841922+08:00
2603,2021-08-30,-756619.0,-6930046.0,-342000.0,-8028665.0,295205.0,6230.0,195.0,-159.0,,2026-07-24T11:48:55.841922+08:00
2603,2021-08-31,-58568.0,-4569359.0,-400000.0,-5027927.0,291284.0,5508.0,-3921.0,-722.0,,2026-07-24T11:48:55.841922+08:00
2603,2021-09-01,-1815141.0,-21920920.0,-6105000.0,-29841061.0,282830.0,6806.0,-8454.0,1298.0,,2026-07-24T11:48:55.841922+08:00
2603,2021-09-02,829910.0,8272423.0,-2443305.0,6659028.0,282490.0,6862.0,-340.0,56.0,,2026-07-24T11:48:55.841922+08:00
2603,2021-09-03,-4356119.0,-18458511.0,-1138000.0,-23952630.0,281292.0,8713.0,-1198.0,1851.0,,2026-07-24T11:48:55.841922+08:00
2603,2021-09-06,-5225986.0,4855284.0,-2703000.0,-3073702.0,276352.0,7903.0,-4940.0,-810.0,,2026-07-24T11:48:55.841922+08:00
2603,2021-09-07,1158041.0,21392224.0,-596000.0,21954265.0,281734.0,7422.0,5382.0,-481.0,,2026-07-24T11:48:55.841922+08:00
2603,2021-09-08,-51028.0,-10027329.0,-22000.0,-10100357.0,286105.0,7344.0,4371.0,-78.0,,2026-07-24T11:48:55.841922+08:00
2603,2021-09-09,-308884.0,-3296156.0,-155000.0,-3760040.0,286578.0,8164.0,473.0,820.0,,2026-07-24T11:48:55.841922+08:00
2603,2021-09-10,2119499.0,23257444.0,-736000.0,24640943.0,293879.0,8454.0,7301.0,290.0,,2026-07-24T11:48:55.841922+08:00
2603,2021-09-13,-94843.0,-8621943.0,304000.0,-8412786.0,292177.0,7953.0,-1702.0,-501.0,,2026-07-24T11:48:55.841922+08:00
2603,2021-09-14,-2687626.0,-23566470.0,-458000.0,-26712096.0,292026.0,8059.0,-151.0,106.0,,2026-07-24T11:48:55.841922+08:00
2603,2021-09-15,-2810995.0,924079.0,-119000.0,-2005916.0,287873.0,7619.0,-4153.0,-440.0,,2026-07-24T11:48:55.841922+08:00
2603,2021-09-16,-78593.0,4488566.0,-1000.0,4408973.0,287508.0,8102.0,-365.0,483.0,,2026-07-24T11:48:55.841922+08:00
2603,2021-09-17,685970.0,15828776.0,206000.0,16720746.0,286043.0,7332.0,-1465.0,-770.0,,2026-07-24T11:48:55.841922+08:00
2603,2021-09-22,-164896.0,-9770023.0,2976000.0,-6958919.0,288217.0,6511.0,2174.0,-821.0,,2026-07-24T11:48:55.841922+08:00
2603,2021-09-23,-366165.0,8299168.0,1148000.0,9081003.0,287614.0,6971.0,-603.0,460.0,,2026-07-24T11:48:55.841922+08:00
2603,2021-09-24,2126177.0,12441755.0,1445000.0,16012932.0,292085.0,7292.0,4471.0,321.0,,2026-07-24T11:48:55.841922+08:00
2603,2021-09-27,-1448507.0,-23973159.0,1706000.0,-23715666.0,296998.0,7718.0,4913.0,426.0,,2026-07-24T11:48:55.841922+08:00
2603,2021-09-28,-826260.0,-18788638.0,-1705000.0,-21319898.0,297755.0,6696.0,757.0,-1022.0,,2026-07-24T11:48:55.841922+08:00
2603,2021-09-29,-312189.0,-7352340.0,-21000.0,-7685529.0,297916.0,6682.0,161.0,-14.0,,2026-07-24T11:48:55.841922+08:00
2603,2021-09-30,554509.0,-1904236.0,-1126000.0,-2475727.0,296954.0,7317.0,-962.0,635.0,,2026-07-24T11:48:55.841922+08:00
2603,2021-10-01,-1929522.0,-25643200.0,-1951000.0,-29523722.0,278267.0,10856.0,-18687.0,3539.0,,2026-07-24T11:48:55.841922+08:00
2603,2021-10-04,-1934276.0,4182694.0,-2283000.0,-34582.0,269807.0,6068.0,-8460.0,-4788.0,,2026-07-24T11:48:55.841922+08:00
2603,2021-10-05,827194.0,21136258.0,-2821000.0,19142452.0,265548.0,5432.0,-4259.0,-636.0,,2026-07-24T11:48:55.841922+08:00
2603,2021-10-06,-2231770.0,4904150.0,-294000.0,2378380.0,261290.0,9709.0,-4258.0,4277.0,,2026-07-24T11:48:55.841922+08:00
2603,2021-10-07,-672473.0,9388409.0,-258000.0,8457936.0,262097.0,8749.0,807.0,-960.0,,2026-07-24T11:48:55.841922+08:00
2603,2021-10-08,-893751.0,-11961086.0,14000.0,-12840837.0,261411.0,9121.0,-686.0,372.0,,2026-07-24T11:48:55.841922+08:00
2603,2021-10-12,-1763696.0,24273476.0,-4000.0,22505780.0,245981.0,8041.0,-15430.0,-1080.0,,2026-07-24T11:48:55.841922+08:00
2603,2021-10-13,292204.0,25940044.0,-240000.0,25992248.0,243767.0,9101.0,-2214.0,1060.0,,2026-07-24T11:48:55.841922+08:00
2603,2021-10-14,2489439.0,-11740517.0,0.0,-9251078.0,249943.0,9154.0,6176.0,53.0,,2026-07-24T11:48:55.841922+08:00
2603,2021-10-15,-570012.0,-11808456.0,-491000.0,-12869468.0,250785.0,8458.0,842.0,-696.0,,2026-07-24T11:48:55.841922+08:00
2603,2021-10-18,3402876.0,29143101.0,-1408224.0,31137753.0,241051.0,8218.0,-9734.0,-240.0,,2026-07-24T11:48:55.841922+08:00
2603,2021-10-19,-748318.0,284868.0,-538000.0,-1001450.0,241829.0,8374.0,778.0,156.0,,2026-07-24T11:48:55.841922+08:00
2603,2021-10-20,-909893.0,3321780.0,-1243000.0,1168887.0,241714.0,9368.0,-115.0,994.0,,2026-07-24T11:48:55.841922+08:00
2603,2021-10-21,1734556.0,9600304.0,-1222000.0,10112860.0,241295.0,10100.0,-419.0,732.0,,2026-07-24T11:48:55.841922+08:00
2603,2021-10-22,-31288.0,-4440379.0,-258000.0,-4729667.0,241659.0,9853.0,364.0,-247.0,,2026-07-24T11:48:55.841922+08:00
2603,2021-10-25,6536552.0,30901838.0,-235000.0,37203390.0,242497.0,9423.0,838.0,-430.0,,2026-07-24T11:48:55.841922+08:00
2603,2021-10-26,208487.0,-21488435.0,45000.0,-21234948.0,251326.0,10653.0,8829.0,1230.0,,2026-07-24T11:48:55.841922+08:00
2603,2021-10-27,-1238876.0,-11276955.0,0.0,-12515831.0,249140.0,9326.0,-2186.0,-1327.0,,2026-07-24T11:48:55.841922+08:00
2603,2021-10-28,819959.0,-1089584.0,-400000.0,-669625.0,251540.0,9645.0,2400.0,319.0,,2026-07-24T11:48:55.841922+08:00
2603,2021-10-29,8959350.0,12425228.0,0.0,21384578.0,257921.0,10569.0,6381.0,924.0,,2026-07-24T11:48:55.841922+08:00
2603,2021-11-01,-593554.0,-15269158.0,153000.0,-15709712.0,263248.0,10179.0,5327.0,-390.0,,2026-07-24T11:48:55.841922+08:00
2603,2021-11-02,1667647.0,9921435.0,289000.0,11878082.0,269345.0,10041.0,6097.0,-138.0,,2026-07-24T11:48:55.841922+08:00
2603,2021-11-03,2313905.0,-13820286.0,4839000.0,-6667381.0,275640.0,9816.0,6295.0,-225.0,,2026-07-24T11:48:55.841922+08:00
2603,2021-11-04,4299779.0,-6644034.0,4471000.0,2126745.0,274256.0,9806.0,-1384.0,-10.0,,2026-07-24T11:48:55.841922+08:00
2603,2021-11-05,2894865.0,-7912129.0,73000.0,-4944264.0,283826.0,11104.0,9570.0,1298.0,,2026-07-24T11:48:55.841922+08:00
2603,2021-11-08,-229769.0,-12447470.0,1823000.0,-10854239.0,285928.0,11533.0,2102.0,429.0,,2026-07-24T11:48:55.841922+08:00
2603,2021-11-09,-3130042.0,-10134083.0,792921.0,-12471204.0,283377.0,11717.0,-2551.0,184.0,,2026-07-24T11:48:55.841922+08:00
2603,2021-11-10,94495.0,-13526826.0,903000.0,-12529331.0,282997.0,10811.0,-380.0,-906.0,,2026-07-24T11:48:55.841922+08:00
2603,2021-11-11,-4345877.0,-1594206.0,-63000.0,-6003083.0,277051.0,9406.0,-5946.0,-1405.0,,2026-07-24T11:48:55.841922+08:00
2603,2021-11-12,-1926892.0,2565316.0,519000.0,1157424.0,278246.0,10219.0,1195.0,813.0,,2026-07-24T11:48:55.841922+08:00
2603,2021-11-15,-1707836.0,-10419591.0,728000.0,-11399427.0,282723.0,10107.0,4477.0,-112.0,,2026-07-24T11:48:55.841922+08:00
2603,2021-11-16,1802175.0,21463762.0,1669000.0,24934937.0,290234.0,10478.0,7511.0,371.0,,2026-07-24T11:48:55.841922+08:00
2603,2021-11-17,-4194143.0,-25837514.0,683000.0,-29348657.0,287589.0,10100.0,-2645.0,-378.0,,2026-07-24T11:48:55.841922+08:00
2603,2021-11-18,3272214.0,8920132.0,274000.0,12466346.0,289521.0,9923.0,1932.0,-177.0,,2026-07-24T11:48:55.841922+08:00
2603,2021-11-19,48739.0,-14000229.0,313000.0,-13638490.0,289187.0,9591.0,-334.0,-332.0,,2026-07-24T11:48:55.841922+08:00
2603,2021-11-22,2422925.0,7526125.0,49000.0,9998050.0,289121.0,9725.0,-66.0,134.0,,2026-07-24T11:48:55.841922+08:00
2603,2021-11-23,-517000.0,-4332822.0,832000.0,-4017822.0,287625.0,9713.0,-1496.0,-12.0,,2026-07-24T11:48:55.841922+08:00
2603,2021-11-24,13506.0,4815712.0,34000.0,4863218.0,279767.0,9558.0,-7858.0,-155.0,,2026-07-24T11:48:55.841922+08:00
2603,2021-11-25,3217769.0,16285592.0,1692000.0,21195361.0,288744.0,9661.0,8977.0,103.0,,2026-07-24T11:48:55.841922+08:00
2603,2021-11-26,-2128839.0,-27064984.0,358000.0,-28835823.0,281972.0,9091.0,-6772.0,-570.0,,2026-07-24T11:48:55.841922+08:00
2603,2021-11-29,-232739.0,6208703.0,-38000.0,5937964.0,281775.0,9491.0,-197.0,400.0,,2026-07-24T11:48:55.841922+08:00
2603,2021-11-30,534563.0,14864780.0,231000.0,15630343.0,278789.0,9530.0,-2986.0,39.0,,2026-07-24T11:48:55.841922+08:00
2603,2021-12-01,573112.0,-399862.0,-1600000.0,-1426750.0,283276.0,9049.0,4487.0,-481.0,,2026-07-24T11:48:55.841922+08:00
2603,2021-12-02,4680172.0,30954579.0,-162000.0,35472751.0,302262.0,10210.0,18986.0,1161.0,,2026-07-24T11:48:55.841922+08:00
2603,2021-12-03,-1526439.0,912440.0,1939000.0,1325001.0,301243.0,10214.0,-1019.0,4.0,,2026-07-24T11:48:55.841922+08:00
2603,2021-12-06,1183283.0,15228055.0,5172000.0,21583338.0,301753.0,11316.0,510.0,1102.0,,2026-07-24T11:48:55.841922+08:00
2603,2021-12-07,-106678.0,4883414.0,3877000.0,8653736.0,299469.0,11287.0,-2284.0,-29.0,,2026-07-24T11:48:55.841922+08:00
2603,2021-12-08,-2522703.0,6277257.0,1219000.0,4973554.0,291947.0,11750.0,-7522.0,463.0,,2026-07-24T11:48:55.841922+08:00
2603,2021-12-09,710525.0,10261644.0,66000.0,11038169.0,289594.0,10838.0,-2353.0,-912.0,,2026-07-24T11:48:55.841922+08:00
2603,2021-12-10,-1296683.0,-7136675.0,57000.0,-8376358.0,285391.0,9968.0,-4203.0,-870.0,,2026-07-24T11:48:55.841922+08:00
2603,2021-12-13,-588898.0,5985337.0,-4000.0,5392439.0,284417.0,10031.0,-974.0,63.0,,2026-07-24T11:48:55.841922+08:00
2603,2021-12-14,-4332607.0,-2849178.0,3000.0,-7178785.0,278907.0,8643.0,-5510.0,-1388.0,,2026-07-24T11:48:55.841922+08:00
2603,2021-12-15,-2783484.0,10382785.0,158000.0,7757301.0,278141.0,9967.0,-766.0,1324.0,,2026-07-24T11:48:55.841922+08:00
2603,2021-12-16,-324862.0,-5862329.0,693000.0,-5494191.0,280083.0,10712.0,1942.0,745.0,,2026-07-24T11:48:55.841922+08:00
2603,2021-12-17,236000.0,2037774.0,-2005000.0,268774.0,284075.0,9480.0,3992.0,-1232.0,,2026-07-24T11:48:55.841922+08:00
2603,2021-12-20,-679309.0,-6329217.0,-727000.0,-7735526.0,282389.0,9407.0,-1686.0,-73.0,,2026-07-24T11:48:55.841922+08:00
2603,2021-12-21,1533071.0,9544417.0,-530000.0,10547488.0,285591.0,9045.0,3202.0,-362.0,,2026-07-24T11:48:55.841922+08:00
2603,2021-12-22,-404451.0,-4239876.0,-1769000.0,-6413327.0,286076.0,9172.0,485.0,127.0,,2026-07-24T11:48:55.841922+08:00
2603,2021-12-23,47920.0,-2951346.0,-1020000.0,-3923426.0,287110.0,8994.0,1034.0,-178.0,,2026-07-24T11:48:55.841922+08:00
2603,2021-12-24,604775.0,-769820.0,-1257000.0,-1422045.0,287342.0,9113.0,232.0,119.0,,2026-07-24T11:48:55.841922+08:00
2603,2021-12-27,207046.0,3322098.0,-251000.0,3278144.0,285895.0,9172.0,-1447.0,59.0,,2026-07-24T11:48:55.841922+08:00
2603,2021-12-28,2796000.0,9084450.0,81000.0,11961450.0,286782.0,7692.0,887.0,-1480.0,,2026-07-24T11:48:55.841922+08:00
2603,2021-12-29,259224.0,-1699752.0,-143000.0,-1583528.0,287693.0,7978.0,911.0,286.0,,2026-07-24T11:48:55.841922+08:00
2603,2021-12-30,-64124.0,-7845458.0,-2633000.0,-10542582.0,285159.0,7940.0,-2534.0,-38.0,,2026-07-24T11:48:55.841922+08:00
2603,2022-01-03,-2070867.0,-3005199.0,-3751000.0,-8827066.0,281688.0,8170.0,-3471.0,230.0,,2026-07-24T11:48:55.841922+08:00
2603,2022-01-04,1456494.0,1081321.0,-1402000.0,1135815.0,282271.0,8188.0,583.0,18.0,,2026-07-24T11:48:55.841922+08:00
2603,2022-01-05,1532822.0,5659052.0,-714000.0,6477874.0,283775.0,8165.0,1504.0,-23.0,,2026-07-24T11:48:55.841922+08:00
2603,2022-01-06,-1656998.0,6370247.0,335000.0,5048249.0,285277.0,8531.0,1502.0,366.0,,2026-07-24T11:48:55.841922+08:00
2603,2022-01-07,-468015.0,-10739424.0,313000.0,-10894439.0,286228.0,8547.0,951.0,16.0,,2026-07-24T11:48:55.841922+08:00
2603,2022-01-10,-3147007.0,-16162286.0,-2556000.0,-21865293.0,278598.0,9111.0,-7630.0,564.0,,2026-07-24T11:48:55.841922+08:00
2603,2022-01-11,-956778.0,-3101320.0,-1024000.0,-5082098.0,274330.0,9083.0,-4268.0,-28.0,,2026-07-24T11:48:55.841922+08:00
2603,2022-01-12,-3703780.0,-1995949.0,-795000.0,-6494729.0,264674.0,8378.0,-9656.0,-705.0,,2026-07-24T11:48:55.841922+08:00
2603,2022-01-13,-571375.0,8746054.0,-42000.0,8132679.0,253748.0,7839.0,-10926.0,-539.0,,2026-07-24T11:48:55.841922+08:00
2603,2022-01-14,2901703.0,646731.0,-15828.0,3532606.0,257765.0,7271.0,4017.0,-568.0,,2026-07-24T11:48:55.841922+08:00
2603,2022-01-17,-1982928.0,-31536434.0,-397000.0,-33916362.0,254547.0,6654.0,-3218.0,-617.0,,2026-07-24T11:48:55.841922+08:00
2603,2022-01-18,-267769.0,-547850.0,-723000.0,-1538619.0,254466.0,6980.0,-81.0,326.0,,2026-07-24T11:48:55.841922+08:00
2603,2022-01-19,-8058271.0,-8088901.0,-1184000.0,-17331172.0,244644.0,7560.0,-9822.0,580.0,,2026-07-24T11:48:55.841922+08:00
2603,2022-01-20,-186612.0,7211347.0,-610000.0,6414735.0,241727.0,7502.0,-2917.0,-58.0,,2026-07-24T11:48:55.841922+08:00
2603,2022-01-21,-1996451.0,-25357453.0,-885000.0,-28238904.0,237474.0,7055.0,-4253.0,-447.0,,2026-07-24T11:48:55.841922+08:00
2603,2022-01-24,-91962.0,13462069.0,-884000.0,12486107.0,232817.0,7197.0,-4657.0,142.0,,2026-07-24T11:48:55.841922+08:00
2603,2022-01-25,-2725690.0,-8512945.0,-218000.0,-11456635.0,227455.0,7650.0,-5362.0,453.0,,2026-07-24T11:48:55.841922+08:00
2603,2022-01-26,196004.0,4755384.0,-111000.0,4840388.0,223724.0,7127.0,-3731.0,-523.0,,2026-07-24T11:48:55.841922+08:00
2603,2022-02-07,1937166.0,-8217728.0,3000.0,-6277562.0,223524.0,7265.0,-200.0,138.0,,2026-07-24T11:48:55.841922+08:00
2603,2022-02-08,558274.0,7138489.0,1702000.0,9398763.0,224256.0,7682.0,732.0,417.0,,2026-07-24T11:48:55.841922+08:00
2603,2022-02-09,-423000.0,1324132.0,105000.0,1006132.0,224299.0,7993.0,43.0,311.0,,2026-07-24T11:48:55.841922+08:00
2603,2022-02-10,1922965.0,13751903.0,29000.0,15703868.0,225211.0,7030.0,912.0,-963.0,,2026-07-24T11:48:55.841922+08:00
2603,2022-02-11,-114483.0,-3946069.0,143000.0,-3917552.0,228582.0,7110.0,3371.0,80.0,,2026-07-24T11:48:55.841922+08:00
2603,2022-02-14,270918.0,-2356177.0,1308000.0,-777259.0,226448.0,6610.0,-2134.0,-500.0,,2026-07-24T11:48:55.841922+08:00
2603,2022-02-15,95666.0,1088199.0,739000.0,1922865.0,225163.0,6737.0,-1285.0,127.0,,2026-07-24T11:48:55.841922+08:00
2603,2022-02-16,3643827.0,148881.0,41000.0,3833708.0,225489.0,6710.0,326.0,-27.0,,2026-07-24T11:48:55.841922+08:00
2603,2022-02-17,1405654.0,12606536.0,81000.0,14093190.0,225886.0,6982.0,397.0,272.0,,2026-07-24T11:48:55.841922+08:00
2603,2022-02-18,6965082.0,45799044.0,303000.0,53067126.0,226756.0,6668.0,870.0,-314.0,,2026-07-24T11:48:55.841922+08:00
2603,2022-02-21,2347622.0,30930589.0,2819088.0,36097299.0,230898.0,6984.0,4142.0,316.0,,2026-07-24T11:48:55.841922+08:00
2603,2022-02-22,-2468093.0,6505726.0,1868000.0,5905633.0,229468.0,6818.0,-1430.0,-166.0,,2026-07-24T11:48:55.841922+08:00
2603,2022-02-23,769313.0,12228492.0,2527000.0,15524805.0,231618.0,6691.0,2150.0,-127.0,,2026-07-24T11:48:55.841922+08:00
2603,2022-02-24,-4718704.0,5761633.0,4000000.0,5042929.0,224728.0,7934.0,-6890.0,1243.0,,2026-07-24T11:48:55.841922+08:00
2603,2022-02-25,975634.0,-10130980.0,1801000.0,-7354346.0,234523.0,7056.0,9795.0,-878.0,,2026-07-24T11:48:55.841922+08:00
2603,2022-03-01,9129862.0,27173947.0,5075000.0,41378809.0,241167.0,7302.0,6644.0,246.0,,2026-07-24T11:48:55.841922+08:00
2603,2022-03-02,3782912.0,-5033349.0,4185000.0,2934563.0,242300.0,7420.0,1133.0,118.0,,2026-07-24T11:48:55.841922+08:00
2603,2022-03-03,3903609.0,29902064.0,2367000.0,36172673.0,246792.0,8232.0,4492.0,812.0,,2026-07-24T11:48:55.841922+08:00
2603,2022-03-04,-897899.0,-3368974.0,3566000.0,-700873.0,254125.0,7386.0,7333.0,-846.0,,2026-07-24T11:48:55.841922+08:00
2603,2022-03-07,167326.0,-8533990.0,1077000.0,-7289664.0,245596.0,6408.0,-8529.0,-978.0,,2026-07-24T11:48:55.841922+08:00
2603,2022-03-08,-10336237.0,9417593.0,561000.0,-357644.0,236960.0,6651.0,-8636.0,243.0,,2026-07-24T11:48:55.841922+08:00
2603,2022-03-09,3322191.0,-133815.0,936000.0,4124376.0,244002.0,7547.0,7042.0,896.0,,2026-07-24T11:48:55.841922+08:00
2603,2022-03-10,661885.0,-12014706.0,2250000.0,-9102821.0,247652.0,7279.0,3650.0,-268.0,,2026-07-24T11:48:55.841922+08:00
2603,2022-03-11,579585.0,12666478.0,2657000.0,15903063.0,252498.0,7913.0,4846.0,634.0,,2026-07-24T11:48:55.841922+08:00
2603,2022-03-14,4714404.0,4402442.0,1850000.0,10966846.0,253527.0,7950.0,1029.0,37.0,,2026-07-24T11:48:55.841922+08:00
2603,2022-03-15,-2142600.0,-18081214.0,2831000.0,-17392814.0,254763.0,9005.0,1236.0,1055.0,,2026-07-24T11:48:55.841922+08:00
2603,2022-03-16,-4378049.0,-4241308.0,-454000.0,-9073357.0,244646.0,5749.0,-10117.0,-3256.0,,2026-07-24T11:48:55.841922+08:00
2603,2022-03-17,2481446.0,2249776.0,-3902000.0,829222.0,250768.0,5853.0,6122.0,104.0,,2026-07-24T11:48:55.841922+08:00
2603,2022-03-18,-3383124.0,-12482011.0,-1335915.0,-17201050.0,240743.0,4989.0,-10025.0,-864.0,,2026-07-24T11:48:55.841922+08:00
2603,2022-03-21,311793.0,5514169.0,24000.0,5849962.0,235691.0,5459.0,-5052.0,470.0,,2026-07-24T11:48:55.841922+08:00
2603,2022-03-22,-518339.0,-9250745.0,594000.0,-9175084.0,237886.0,5301.0,2195.0,-158.0,,2026-07-24T11:48:55.841922+08:00
2603,2022-03-23,298162.0,-914978.0,201000.0,-415816.0,237315.0,3911.0,-571.0,-1390.0,,2026-07-24T11:48:55.841922+08:00
2603,2022-03-24,-289707.0,-9792065.0,-1023000.0,-11104772.0,236512.0,71.0,-803.0,-3840.0,,2026-07-24T11:48:55.841922+08:00
2603,2022-03-25,-4955892.0,-17548834.0,-4296000.0,-26800726.0,233673.0,0.0,-2839.0,-71.0,,2026-07-24T11:48:55.841922+08:00
2603,2022-03-28,1034990.0,439071.0,-4530000.0,-3055939.0,231464.0,0.0,-2209.0,0.0,,2026-07-24T11:48:55.841922+08:00
2603,2022-03-29,-259679.0,-9454950.0,-160000.0,-9874629.0,233573.0,0.0,2109.0,0.0,,2026-07-24T11:48:55.841922+08:00
2603,2022-03-30,234724.0,-2379460.0,-271000.0,-2415736.0,234937.0,1342.0,1364.0,1342.0,,2026-07-24T11:48:55.841922+08:00
2603,2022-03-31,662000.0,2773291.0,436000.0,3871291.0,235187.0,2026.0,250.0,684.0,,2026-07-24T11:48:55.841922+08:00
2603,2022-04-01,1237690.0,-426097.0,310000.0,1121593.0,234705.0,2629.0,-482.0,603.0,,2026-07-24T11:48:55.841922+08:00
2603,2022-04-06,-1189041.0,-18252651.0,-1063000.0,-20504692.0,236658.0,2325.0,1953.0,-304.0,,2026-07-24T11:48:55.841922+08:00
2603,2022-04-07,-852624.0,-8231486.0,-663000.0,-9747110.0,231499.0,2540.0,-5159.0,215.0,,2026-07-24T11:48:55.841922+08:00
2603,2022-04-08,-117876.0,10278089.0,271000.0,10431213.0,230943.0,4382.0,-556.0,1842.0,,2026-07-24T11:48:55.841922+08:00
2603,2022-04-11,-1588866.0,4157996.0,1249000.0,3818130.0,230910.0,6758.0,-33.0,2376.0,,2026-07-24T11:48:55.841922+08:00
2603,2022-04-12,253042.0,-9457534.0,252000.0,-8952492.0,229921.0,4930.0,-989.0,-1828.0,,2026-07-24T11:48:55.841922+08:00
2603,2022-04-13,699360.0,14933157.0,1582000.0,17214517.0,235599.0,6379.0,5678.0,1449.0,,2026-07-24T11:48:55.841922+08:00
2603,2022-04-14,524543.0,-1664312.0,409000.0,-730769.0,230229.0,5829.0,-5370.0,-550.0,,2026-07-24T11:48:55.841922+08:00
2603,2022-04-15,269765.0,2070517.0,2155000.0,4495282.0,228380.0,6695.0,-1849.0,866.0,,2026-07-24T11:48:55.841922+08:00
2603,2022-04-18,637294.0,-6832935.0,725000.0,-5470641.0,228975.0,5558.0,595.0,-1137.0,,2026-07-24T11:48:55.841922+08:00
2603,2022-04-19,293937.0,13391880.0,193000.0,13878817.0,227860.0,5836.0,-1115.0,278.0,,2026-07-24T11:48:55.841922+08:00
2603,2022-04-20,1705267.0,2692178.0,431000.0,4828445.0,230719.0,5910.0,2859.0,74.0,,2026-07-24T11:48:55.841922+08:00
2603,2022-04-21,390898.0,12296366.0,2988000.0,15675264.0,226238.0,6496.0,-4481.0,586.0,,2026-07-24T11:48:55.841922+08:00
2603,2022-04-22,890000.0,12124884.0,2799000.0,15813884.0,226165.0,7171.0,-73.0,675.0,,2026-07-24T11:48:55.841922+08:00
2603,2022-04-25,-1763841.0,-11837773.0,792000.0,-12809614.0,223922.0,6150.0,-2243.0,-1021.0,,2026-07-24T11:48:55.841922+08:00
2603,2022-04-26,-1273006.0,-286916.0,-211000.0,-1770922.0,222835.0,5790.0,-1087.0,-360.0,,2026-07-24T11:48:55.841922+08:00
2603,2022-04-27,1529776.0,6366311.0,167000.0,8063087.0,223559.0,5971.0,724.0,181.0,,2026-07-24T11:48:55.841922+08:00
2603,2022-04-28,-402173.0,-8362124.0,9000.0,-8755297.0,222835.0,5967.0,-724.0,-4.0,,2026-07-24T11:48:55.841922+08:00
2603,2022-04-29,3017819.0,23837829.0,340000.0,27195648.0,218003.0,7190.0,-4832.0,1223.0,,2026-07-24T11:48:55.841922+08:00
2603,2022-05-03,600022.0,-1847522.0,566000.0,-681500.0,219813.0,7327.0,1810.0,137.0,,2026-07-24T11:48:55.841922+08:00
2603,2022-05-04,1882336.0,13473121.0,1036000.0,16391457.0,223366.0,8163.0,3553.0,836.0,,2026-07-24T11:48:55.841922+08:00
2603,2022-05-05,229256.0,-2054237.0,2089000.0,264019.0,227516.0,7827.0,4150.0,-336.0,,2026-07-24T11:48:55.841922+08:00
2603,2022-05-06,2087221.0,6269714.0,900000.0,9256935.0,229887.0,8329.0,2371.0,502.0,,2026-07-24T11:48:55.841922+08:00
2603,2022-05-09,-3677051.0,-569085.0,245000.0,-4001136.0,221414.0,8063.0,-8473.0,-266.0,,2026-07-24T11:48:55.841922+08:00
2603,2022-05-10,-776346.0,9194878.0,108000.0,8526532.0,218591.0,8324.0,-2823.0,261.0,,2026-07-24T11:48:55.841922+08:00
2603,2022-05-11,-2442529.0,-9673854.0,-20000.0,-12136383.0,222379.0,7551.0,3788.0,-773.0,,2026-07-24T11:48:55.841922+08:00
2603,2022-05-12,-3308233.0,5872970.0,151000.0,2715737.0,219471.0,7346.0,-2908.0,-205.0,,2026-07-24T11:48:55.841922+08:00
2603,2022-05-13,2645449.0,12814194.0,-217000.0,15242643.0,219469.0,8082.0,-2.0,736.0,,2026-07-24T11:48:55.841922+08:00
2603,2022-05-16,-1461861.0,-13110693.0,-3722000.0,-18294554.0,217899.0,8521.0,-1570.0,439.0,,2026-07-24T11:48:55.841922+08:00
2603,2022-05-17,-1766569.0,-1326147.0,-2432000.0,-5524716.0,218824.0,7811.0,925.0,-710.0,,2026-07-24T11:48:55.841922+08:00
2603,2022-05-18,-2967621.0,1070694.0,-2618000.0,-4514927.0,219283.0,8637.0,459.0,826.0,,2026-07-24T11:48:55.841922+08:00
2603,2022-05-19,295618.0,355937.0,-2800716.0,-2149161.0,217884.0,7220.0,-1399.0,-1417.0,,2026-07-24T11:48:55.841922+08:00
2603,2022-05-20,146084.0,-6421601.0,-121000.0,-6396517.0,219252.0,6873.0,1368.0,-347.0,,2026-07-24T11:48:55.841922+08:00
2603,2022-05-23,2984165.0,17045951.0,1008000.0,21038116.0,221676.0,6842.0,2424.0,-31.0,,2026-07-24T11:48:55.841922+08:00
2603,2022-05-24,-766543.0,7976506.0,386000.0,7595963.0,219664.0,7300.0,-2012.0,458.0,,2026-07-24T11:48:55.841922+08:00
2603,2022-05-25,531000.0,-5077559.0,575000.0,-3971559.0,220314.0,7116.0,650.0,-184.0,,2026-07-24T11:48:55.841922+08:00
2603,2022-05-26,460733.0,2983073.0,12000.0,3455806.0,218270.0,7083.0,-2044.0,-33.0,,2026-07-24T11:48:55.841922+08:00
2603,2022-05-27,1631000.0,472239.0,-50000.0,2053239.0,218834.0,7183.0,564.0,100.0,,2026-07-24T11:48:55.841922+08:00
2603,2022-05-30,388065.0,4686117.0,-83000.0,4991182.0,218567.0,6950.0,-267.0,-233.0,,2026-07-24T11:48:55.841922+08:00
2603,2022-05-31,-2135398.0,-8843396.0,-151000.0,-11129794.0,219139.0,7305.0,572.0,355.0,,2026-07-24T11:48:55.841922+08:00
2603,2022-06-01,967974.0,13230809.0,-2007000.0,12191783.0,213992.0,7153.0,-5147.0,-152.0,,2026-07-24T11:48:55.841922+08:00
2603,2022-06-02,477685.0,3999730.0,-129000.0,4348415.0,212548.0,7265.0,-1444.0,112.0,,2026-07-24T11:48:55.841922+08:00
2603,2022-06-06,-977273.0,-5188304.0,-130000.0,-6295577.0,215542.0,7830.0,2994.0,565.0,,2026-07-24T11:48:55.841922+08:00
2603,2022-06-07,690134.0,2149111.0,400000.0,3239245.0,214159.0,7784.0,-1383.0,-46.0,,2026-07-24T11:48:55.841922+08:00
2603,2022-06-08,3494633.0,-2126848.0,201000.0,1568785.0,215348.0,7210.0,1189.0,-574.0,,2026-07-24T11:48:55.841922+08:00
2603,2022-06-09,-1327541.0,-18862935.0,585000.0,-19605476.0,212114.0,6956.0,-3234.0,-254.0,,2026-07-24T11:48:55.841922+08:00
2603,2022-06-10,430087.0,-6307997.0,-1685000.0,-7562910.0,210918.0,6413.0,-1196.0,-543.0,,2026-07-24T11:48:55.841922+08:00
2603,2022-06-13,-966591.0,-14672698.0,-1044000.0,-16683289.0,208605.0,5345.0,-2313.0,-1068.0,,2026-07-24T11:48:55.841922+08:00
2603,2022-06-14,7031573.0,-12324330.0,-6051000.0,-11343757.0,210937.0,4284.0,2332.0,-1061.0,,2026-07-24T11:48:55.841922+08:00
2603,2022-06-15,20323557.0,-36318701.0,-679960.0,-16675104.0,211177.0,3817.0,240.0,-467.0,,2026-07-24T11:48:55.841922+08:00
2603,2022-06-16,2752035.0,3762975.0,-2429000.0,4086010.0,190516.0,4531.0,-20661.0,714.0,,2026-07-24T11:48:55.841922+08:00
2603,2022-06-17,4790160.0,2829759.0,-9228000.0,-1608081.0,187886.0,3617.0,-2630.0,-914.0,,2026-07-24T11:48:55.841922+08:00
2603,2022-06-20,3852417.0,75700.0,-11086000.0,-7157883.0,175394.0,4302.0,-12492.0,685.0,,2026-07-24T11:48:55.841922+08:00
2603,2022-06-21,12124851.0,-317557.0,-7620000.0,4187294.0,162929.0,3905.0,-12465.0,-397.0,,2026-07-24T11:48:55.841922+08:00
2603,2022-06-22,7562500.0,11105507.0,-5823000.0,12845007.0,152921.0,2816.0,-10008.0,-1089.0,,2026-07-24T11:48:55.841922+08:00
2603,2022-06-23,10987517.0,-5266907.0,-5212000.0,508610.0,141515.0,9.0,-11406.0,-2807.0,,2026-07-24T11:48:55.841922+08:00
2603,2022-06-24,10007474.0,-5261214.0,2239000.0,6985260.0,146056.0,0.0,4541.0,-9.0,,2026-07-24T11:48:55.841922+08:00
2603,2022-06-27,14839067.0,-1258944.0,-185000.0,13395123.0,151492.0,0.0,5436.0,0.0,,2026-07-24T11:48:55.841922+08:00
2603,2022-06-28,73524348.0,-19712278.0,-42000.0,53770070.0,136909.0,0.0,-14583.0,0.0,,2026-07-24T11:48:55.841922+08:00
2603,2022-06-29,-73658189.0,-16509730.0,-8063000.0,-98230919.0,155746.0,12530.0,18837.0,12530.0,,2026-07-24T11:48:55.841922+08:00
2603,2022-06-30,-1778184.0,-2817965.0,-790000.0,-5386149.0,159223.0,12281.0,3477.0,-249.0,,2026-07-24T11:48:55.841922+08:00
2603,2022-07-01,-3134612.0,-2409784.0,-749000.0,-6293396.0,155665.0,12524.0,-3558.0,243.0,,2026-07-24T11:48:55.841922+08:00
2603,2022-07-04,2965281.0,-104955.0,-144000.0,2716326.0,155311.0,10737.0,-354.0,-1787.0,,2026-07-24T11:48:55.841922+08:00
2603,2022-07-05,2285391.0,3228845.0,-355000.0,5159236.0,158920.0,12257.0,3609.0,1520.0,,2026-07-24T11:48:55.841922+08:00
2603,2022-07-06,-8026421.0,-1438101.0,633000.0,-8831522.0,161270.0,12637.0,2350.0,380.0,,2026-07-24T11:48:55.841922+08:00
2603,2022-07-07,1255321.0,5288147.0,70000.0,6613468.0,159623.0,13470.0,-1647.0,833.0,,2026-07-24T11:48:55.841922+08:00
2603,2022-07-08,-7511527.0,4856716.0,641000.0,-2013811.0,162331.0,15388.0,2708.0,1918.0,,2026-07-24T11:48:55.841922+08:00
2603,2022-07-11,-1993000.0,-3280571.0,138000.0,-5135571.0,163339.0,15411.0,1008.0,23.0,,2026-07-24T11:48:55.841922+08:00
2603,2022-07-12,-7577694.0,8398023.0,-7000.0,813329.0,160919.0,16738.0,-2420.0,1327.0,,2026-07-24T11:48:55.841922+08:00
2603,2022-07-13,-950226.0,3387392.0,17000.0,2454166.0,160472.0,17182.0,-447.0,444.0,,2026-07-24T11:48:55.841922+08:00
2603,2022-07-14,3187873.0,12096356.0,265000.0,15549229.0,162437.0,16212.0,1965.0,-970.0,,2026-07-24T11:48:55.841922+08:00
2603,2022-07-15,-4910500.0,-3156132.0,-24000.0,-8090632.0,162967.0,16112.0,530.0,-100.0,,2026-07-24T11:48:55.841922+08:00
2603,2022-07-18,186875.0,-687360.0,-321000.0,-821485.0,163604.0,15853.0,637.0,-259.0,,2026-07-24T11:48:55.841922+08:00
2603,2022-07-19,3430650.0,12530781.0,25000.0,15986431.0,162572.0,16215.0,-1032.0,362.0,,2026-07-24T11:48:55.841922+08:00
2603,2022-07-20,-11587049.0,3641020.0,9000.0,-7937029.0,162521.0,16352.0,-51.0,137.0,,2026-07-24T11:48:55.841922+08:00
2603,2022-07-21,3308120.0,36186791.0,1000.0,39495911.0,157353.0,16083.0,-5168.0,-269.0,,2026-07-24T11:48:55.841922+08:00
2603,2022-07-22,-185624.0,5122835.0,-111000.0,4826211.0,159046.0,15871.0,1693.0,-212.0,,2026-07-24T11:48:55.841922+08:00
2603,2022-07-25,-4205895.0,-11304221.0,-210000.0,-15720116.0,160775.0,14878.0,1729.0,-993.0,,2026-07-24T11:48:55.841922+08:00
2603,2022-07-26,-1345121.0,7190214.0,80000.0,5925093.0,159993.0,16447.0,-782.0,1569.0,,2026-07-24T11:48:55.841922+08:00
2603,2022-07-27,819143.0,8653375.0,-55000.0,9417518.0,158053.0,15397.0,-1940.0,-1050.0,,2026-07-24T11:48:55.841922+08:00
2603,2022-07-28,-1898453.0,-13058200.0,492000.0,-14464653.0,158995.0,15975.0,942.0,578.0,,2026-07-24T11:48:55.841922+08:00
2603,2022-07-29,3545501.0,39391208.0,284000.0,43220709.0,153491.0,17586.0,-5504.0,1611.0,,2026-07-24T11:48:55.841922+08:00
2603,2022-08-01,520541.0,1164481.0,490000.0,2175022.0,152090.0,18083.0,-1401.0,497.0,,2026-07-24T11:48:55.841922+08:00
2603,2022-08-02,-1121494.0,-18595370.0,302000.0,-19414864.0,153688.0,16597.0,1598.0,-1486.0,,2026-07-24T11:48:55.841922+08:00
2603,2022-08-03,-490000.0,-1354388.0,415187.0,-1429201.0,155083.0,16893.0,1395.0,296.0,,2026-07-24T11:48:55.841922+08:00
2603,2022-08-04,1833042.0,1349963.0,15000.0,3198005.0,155436.0,16414.0,353.0,-479.0,,2026-07-24T11:48:55.841922+08:00
2603,2022-08-05,3471870.0,29641599.0,365000.0,33478469.0,155498.0,17820.0,62.0,1406.0,,2026-07-24T11:48:55.841922+08:00
2603,2022-08-08,-2378864.0,-3186348.0,677000.0,-4888212.0,154162.0,17876.0,-1336.0,56.0,,2026-07-24T11:48:55.841922+08:00
2603,2022-08-09,-2599683.0,7567824.0,594000.0,5562141.0,155025.0,17634.0,863.0,-242.0,,2026-07-24T11:48:55.841922+08:00
2603,2022-08-10,-670983.0,-10501797.0,155000.0,-11017780.0,158502.0,16573.0,3477.0,-1061.0,,2026-07-24T11:48:55.841922+08:00
2603,2022-08-11,191869.0,-1348420.0,9000.0,-1147551.0,153647.0,15668.0,-4855.0,-905.0,,2026-07-24T11:48:55.841922+08:00
2603,2022-08-12,-416234.0,6427611.0,-3000.0,6008377.0,151388.0,15727.0,-2259.0,59.0,,2026-07-24T11:48:55.841922+08:00
2603,2022-08-15,-1077505.0,-10470250.0,-1258000.0,-12805755.0,148949.0,15420.0,-2439.0,-307.0,,2026-07-24T11:48:55.841922+08:00
2603,2022-08-16,-1089375.0,-7587794.0,-216000.0,-8893169.0,149868.0,15163.0,919.0,-257.0,,2026-07-24T11:48:55.841922+08:00
2603,2022-08-17,-10746561.0,15416376.0,10000.0,4679815.0,148478.0,14830.0,-1390.0,-333.0,,2026-07-24T11:48:55.841922+08:00
2603,2022-08-18,-826599.0,-8138230.0,29000.0,-8935829.0,149116.0,14445.0,638.0,-385.0,,2026-07-24T11:48:55.841922+08:00
2603,2022-08-19,333950.0,-1154801.0,17000.0,-803851.0,149493.0,14420.0,377.0,-25.0,,2026-07-24T11:48:55.841922+08:00
2603,2022-08-22,-142957.0,399753.0,5000.0,261796.0,146707.0,15939.0,-2786.0,1519.0,,2026-07-24T11:48:55.841922+08:00
2603,2022-08-23,242738.0,-3089707.0,45000.0,-2801969.0,147185.0,14393.0,478.0,-1546.0,,2026-07-24T11:48:55.841922+08:00
2603,2022-08-24,-2296327.0,915077.0,-850000.0,-2231250.0,146794.0,14666.0,-391.0,273.0,,2026-07-24T11:48:55.841922+08:00
2603,2022-08-25,483626.0,5093724.0,-361000.0,5216350.0,145346.0,12657.0,-1448.0,-2009.0,,2026-07-24T11:48:55.841922+08:00
2603,2022-08-26,-651427.0,1878492.0,88000.0,1315065.0,144504.0,12151.0,-842.0,-506.0,,2026-07-24T11:48:55.841922+08:00
2603,2022-08-29,-2161788.0,-4919097.0,-1192000.0,-8272885.0,142674.0,8995.0,-1830.0,-3156.0,,2026-07-24T11:48:55.841922+08:00
2603,2022-08-30,207441.0,3775360.0,-676000.0,3306801.0,141538.0,7345.0,-1136.0,-1650.0,,2026-07-24T11:48:55.841922+08:00
2603,2022-08-31,949840.0,12008040.0,-729000.0,12228880.0,139183.0,4870.0,-2355.0,-2475.0,,2026-07-24T11:48:55.841922+08:00
2603,2022-09-01,-3125022.0,-4232652.0,-448000.0,-7805674.0,138713.0,104.0,-470.0,-4766.0,,2026-07-24T11:48:55.841922+08:00
2603,2022-09-02,-1661781.0,-5194132.0,-530000.0,-7385913.0,137615.0,0.0,-1098.0,-104.0,,2026-07-24T11:48:55.841922+08:00
2603,2022-09-05,1220546.0,8050641.0,-61000.0,9210187.0,133785.0,0.0,-3830.0,0.0,,2026-07-24T11:48:55.841922+08:00
2603,2022-09-06,408235.0,-1024802.0,6732000.0,6115433.0,130095.0,0.0,-3690.0,0.0,,2026-07-24T11:48:55.841922+08:00
2603,2022-09-07,,,,,129939.0,0.0,-156.0,0.0,,2026-07-24T11:48:55.841922+08:00
2603,2022-09-08,,,,,129848.0,0.0,-91.0,0.0,,2026-07-24T11:48:55.841922+08:00
2603,2022-09-12,,,,,129821.0,0.0,-27.0,0.0,,2026-07-24T11:48:55.841922+08:00
2603,2022-09-13,,,,,129764.0,0.0,-57.0,0.0,,2026-07-24T11:48:55.841922+08:00
2603,2022-09-14,,,,,129618.0,0.0,-146.0,0.0,,2026-07-24T11:48:55.841922+08:00
2603,2022-09-15,,,,,129550.0,0.0,-68.0,0.0,,2026-07-24T11:48:55.841922+08:00
2603,2022-09-16,,,,,129490.0,0.0,-60.0,0.0,,2026-07-24T11:48:55.841922+08:00
2603,2022-09-19,-540282.0,2201831.0,203165.0,1864714.0,50006.0,3411.0,-79484.0,3411.0,,2026-07-24T11:48:55.841922+08:00
2603,2022-09-20,616617.0,4029114.0,710200.0,5355931.0,49974.0,5791.0,-32.0,2380.0,,2026-07-24T11:48:55.841922+08:00
2603,2022-09-21,-1744303.0,-1065244.0,840200.0,-1969347.0,50843.0,7382.0,869.0,1591.0,,2026-07-24T11:48:55.841922+08:00
2603,2022-09-22,-131276.0,2784406.0,702000.0,3355130.0,51937.0,8973.0,1094.0,1591.0,,2026-07-24T11:48:55.841922+08:00
2603,2022-09-23,-974448.0,10938801.0,6000.0,9970353.0,50615.0,11166.0,-1322.0,2193.0,,2026-07-24T11:48:55.841922+08:00
2603,2022-09-26,700298.0,6718081.0,21000.0,7439379.0,47837.0,11874.0,-2778.0,708.0,,2026-07-24T11:48:55.841922+08:00
2603,2022-09-27,1263410.0,7214717.0,-100200.0,8377927.0,48499.0,14001.0,662.0,2127.0,,2026-07-24T11:48:55.841922+08:00
2603,2022-09-28,-715429.0,-690414.0,19000.0,-1386843.0,46236.0,13339.0,-2263.0,-662.0,,2026-07-24T11:48:55.841922+08:00
2603,2022-09-29,-55416.0,596131.0,15000.0,555715.0,46694.0,14663.0,458.0,1324.0,,2026-07-24T11:48:55.841922+08:00
2603,2022-09-30,-936412.0,3851725.0,23000.0,2938313.0,46429.0,16459.0,-265.0,1796.0,,2026-07-24T11:48:55.841922+08:00
2603,2022-10-03,1050992.0,840012.0,12000.0,1903004.0,47644.0,15215.0,1215.0,-1244.0,,2026-07-24T11:48:55.841922+08:00
2603,2022-10-04,734644.0,-7256654.0,13000.0,-6509010.0,49401.0,15115.0,1757.0,-100.0,,2026-07-24T11:48:55.841922+08:00
2603,2022-10-05,415927.0,11273450.0,-23000.0,11666377.0,46946.0,16542.0,-2455.0,1427.0,,2026-07-24T11:48:55.841922+08:00
2603,2022-10-06,-142088.0,-402756.0,0.0,-544844.0,47188.0,17069.0,242.0,527.0,,2026-07-24T11:48:55.841922+08:00
2603,2022-10-07,659401.0,1930048.0,15000.0,2604449.0,47304.0,17704.0,116.0,635.0,,2026-07-24T11:48:55.841922+08:00
2603,2022-10-11,1594268.0,2072653.0,23276.0,3690197.0,47729.0,16933.0,425.0,-771.0,,2026-07-24T11:48:55.841922+08:00
2603,2022-10-12,-836293.0,-11253540.0,19000.0,-12070833.0,48394.0,14718.0,665.0,-2215.0,,2026-07-24T11:48:55.841922+08:00
2603,2022-10-13,199731.0,2388018.0,8000.0,2595749.0,49172.0,15264.0,778.0,546.0,,2026-07-24T11:48:55.841922+08:00
2603,2022-10-14,1668351.0,7065333.0,-190000.0,8543684.0,48183.0,15910.0,-989.0,646.0,,2026-07-24T11:48:55.841922+08:00
2603,2022-10-17,119755.0,-18611372.0,-235000.0,-18726617.0,51421.0,13585.0,3238.0,-2325.0,,2026-07-24T11:48:55.841922+08:00
2603,2022-10-18,1618841.0,9505312.0,-615000.0,10509153.0,49726.0,14785.0,-1695.0,1200.0,,2026-07-24T11:48:55.841922+08:00
2603,2022-10-19,-510681.0,5035254.0,429000.0,4953573.0,47756.0,15266.0,-1970.0,481.0,,2026-07-24T11:48:55.841922+08:00
2603,2022-10-20,-46549.0,-8615768.0,13000.0,-8649317.0,48805.0,13929.0,1049.0,-1337.0,,2026-07-24T11:48:55.841922+08:00
2603,2022-10-21,217565.0,3128393.0,3000.0,3348958.0,47977.0,14324.0,-828.0,395.0,,2026-07-24T11:48:55.841922+08:00
2603,2022-10-24,597636.0,-60297.0,-97000.0,440339.0,48162.0,14822.0,185.0,498.0,,2026-07-24T11:48:55.841922+08:00
2603,2022-10-25,1102753.0,4828425.0,8000.0,5939178.0,48151.0,15643.0,-11.0,821.0,,2026-07-24T11:48:55.841922+08:00
2603,2022-10-26,233236.0,244844.0,15000.0,493080.0,47851.0,15700.0,-300.0,57.0,,2026-07-24T11:48:55.841922+08:00
2603,2022-10-27,19585.0,4288599.0,-96000.0,4212184.0,47269.0,15702.0,-582.0,2.0,,2026-07-24T11:48:55.841922+08:00
2603,2022-10-28,-517996.0,-6874566.0,-12000.0,-7404562.0,48285.0,14178.0,1016.0,-1524.0,,2026-07-24T11:48:55.841922+08:00
2603,2022-10-31,988957.0,4596574.0,-231481.0,5354050.0,48268.0,12904.0,-17.0,-1274.0,,2026-07-24T11:48:55.841922+08:00
2603,2022-11-01,-321493.0,-3475397.0,2000.0,-3794890.0,49025.0,13028.0,757.0,124.0,,2026-07-24T11:48:55.841922+08:00
2603,2022-11-02,753757.0,-6852.0,-102000.0,644905.0,50178.0,13575.0,1153.0,547.0,,2026-07-24T11:48:55.841922+08:00
2603,2022-11-03,856315.0,-274228.0,-15000.0,567087.0,49940.0,13643.0,-238.0,68.0,,2026-07-24T11:48:55.841922+08:00
2603,2022-11-04,36832.0,10184058.0,1000.0,10221890.0,49248.0,13822.0,-692.0,179.0,,2026-07-24T11:48:55.841922+08:00
2603,2022-11-07,-427448.0,-3247757.0,102000.0,-3573205.0,49558.0,13566.0,310.0,-256.0,,2026-07-24T11:48:55.841922+08:00
2603,2022-11-08,954632.0,2759820.0,1498000.0,5212452.0,49439.0,13524.0,-119.0,-42.0,,2026-07-24T11:48:55.841922+08:00
2603,2022-11-09,-964477.0,-1788219.0,550000.0,-2202696.0,48349.0,13344.0,-1090.0,-180.0,,2026-07-24T11:48:55.841922+08:00
2603,2022-11-10,785270.0,6751550.0,-22000.0,7514820.0,47691.0,14106.0,-658.0,762.0,,2026-07-24T11:48:55.841922+08:00
2603,2022-11-11,-573457.0,-15799465.0,46000.0,-16326922.0,50380.0,14377.0,2689.0,271.0,,2026-07-24T11:48:55.841922+08:00
2603,2022-11-14,-24768.0,17855972.0,439000.0,18270204.0,45977.0,14512.0,-4403.0,135.0,,2026-07-24T11:48:55.841922+08:00
2603,2022-11-15,-855415.0,-6204081.0,170000.0,-6889496.0,47703.0,13876.0,1726.0,-636.0,,2026-07-24T11:48:55.841922+08:00
2603,2022-11-16,130446.0,219760.0,-26000.0,324206.0,47448.0,13813.0,-255.0,-63.0,,2026-07-24T11:48:55.841922+08:00
2603,2022-11-17,-113696.0,-3223159.0,103000.0,-3233855.0,47961.0,13761.0,513.0,-52.0,,2026-07-24T11:48:55.841922+08:00
2603,2022-11-18,139284.0,-459613.0,106000.0,-214329.0,47521.0,13667.0,-440.0,-94.0,,2026-07-24T11:48:55.841922+08:00
2603,2022-11-21,-190690.0,2314388.0,166000.0,2289698.0,47007.0,14142.0,-514.0,475.0,,2026-07-24T11:48:55.841922+08:00
2603,2022-11-22,-16888.0,3715516.0,70000.0,3768628.0,46269.0,14858.0,-738.0,716.0,,2026-07-24T11:48:55.841922+08:00
2603,2022-11-23,91821.0,2638336.0,800000.0,3530157.0,45870.0,14704.0,-399.0,-154.0,,2026-07-24T11:48:55.841922+08:00
2603,2022-11-24,-73055.0,11831147.0,1708000.0,13466092.0,44590.0,14937.0,-1280.0,233.0,,2026-07-24T11:48:55.841922+08:00
2603,2022-11-25,-717517.0,286485.0,1525000.0,1093968.0,45289.0,14605.0,699.0,-332.0,,2026-07-24T11:48:55.841922+08:00
2603,2022-11-28,-594000.0,-5198241.0,0.0,-5792241.0,46001.0,14434.0,712.0,-171.0,,2026-07-24T11:48:55.841922+08:00
2603,2022-11-29,1368000.0,1785903.0,100000.0,3253903.0,46107.0,14429.0,106.0,-5.0,,2026-07-24T11:48:55.841922+08:00
2603,2022-11-30,-376564.0,4171087.0,-48032.0,3746491.0,45104.0,14517.0,-1003.0,88.0,,2026-07-24T11:48:55.841922+08:00
2603,2022-12-01,-1959839.0,-409402.0,-224000.0,-2593241.0,46028.0,14146.0,924.0,-371.0,,2026-07-24T11:48:55.841922+08:00
2603,2022-12-02,-498127.0,-4581968.0,-193000.0,-5273095.0,46897.0,13938.0,869.0,-208.0,,2026-07-24T11:48:55.841922+08:00
2603,2022-12-05,605000.0,6437516.0,0.0,7042516.0,46433.0,13864.0,-464.0,-74.0,,2026-07-24T11:48:55.841922+08:00
2603,2022-12-06,-1093103.0,-8049390.0,-131000.0,-9273493.0,47623.0,13290.0,1190.0,-574.0,,2026-07-24T11:48:55.841922+08:00
2603,2022-12-07,547651.0,1420952.0,-339000.0,1629603.0,47641.0,12983.0,18.0,-307.0,,2026-07-24T11:48:55.841922+08:00
2603,2022-12-08,-351975.0,-130919.0,2000.0,-480894.0,47972.0,13302.0,331.0,319.0,,2026-07-24T11:48:55.841922+08:00
2603,2022-12-09,351970.0,5010870.0,-65000.0,5297840.0,46693.0,13551.0,-1279.0,249.0,,2026-07-24T11:48:55.841922+08:00
2603,2022-12-12,-10000.0,470178.0,-65000.0,395178.0,46763.0,13459.0,70.0,-92.0,,2026-07-24T11:48:55.841922+08:00
2603,2022-12-13,-351126.0,1552184.0,67000.0,1268058.0,46582.0,13495.0,-181.0,36.0,,2026-07-24T11:48:55.841922+08:00
2603,2022-12-14,-802000.0,-8030568.0,-70013.0,-8902581.0,47908.0,13166.0,1326.0,-329.0,,2026-07-24T11:48:55.841922+08:00
2603,2022-12-15,358011.0,7949493.0,66000.0,8373504.0,47071.0,13293.0,-837.0,127.0,,2026-07-24T11:48:55.841922+08:00
2603,2022-12-16,1634620.0,5355655.0,3951000.0,10941275.0,47293.0,13312.0,222.0,19.0,,2026-07-24T11:48:55.841922+08:00
2603,2022-12-19,-263695.0,-8072015.0,3547000.0,-4788710.0,48427.0,13100.0,1134.0,-212.0,,2026-07-24T11:48:55.841922+08:00
2603,2022-12-20,-44862.0,-3295423.0,3784000.0,443715.0,48308.0,12798.0,-119.0,-302.0,,2026-07-24T11:48:55.841922+08:00
2603,2022-12-21,-335022.0,2260808.0,4319000.0,6244786.0,48659.0,13470.0,351.0,672.0,,2026-07-24T11:48:55.841922+08:00
2603,2022-12-22,645966.0,-1943335.0,5688000.0,4390631.0,47100.0,13608.0,-1559.0,138.0,,2026-07-24T11:48:55.841922+08:00
2603,2022-12-23,-156109.0,-9206464.0,870000.0,-8492573.0,47909.0,12769.0,809.0,-839.0,,2026-07-24T11:48:55.841922+08:00
2603,2022-12-26,-704769.0,-3297778.0,361000.0,-3641547.0,47837.0,12301.0,-72.0,-468.0,,2026-07-24T11:48:55.841922+08:00
2603,2022-12-27,43651.0,1750689.0,92000.0,1886340.0,47631.0,12007.0,-206.0,-294.0,,2026-07-24T11:48:55.841922+08:00
2603,2022-12-28,-297177.0,-1809708.0,243000.0,-1863885.0,47228.0,11704.0,-403.0,-303.0,,2026-07-24T11:48:55.841922+08:00
2603,2022-12-29,552999.0,528995.0,3000.0,1084994.0,47672.0,11704.0,444.0,0.0,,2026-07-24T11:48:55.841922+08:00
2603,2022-12-30,352766.0,3668021.0,39000.0,4059787.0,47257.0,11918.0,-415.0,214.0,,2026-07-24T11:48:55.841922+08:00
2603,2023-01-03,-418000.0,-5906330.0,-403000.0,-6727330.0,49028.0,11661.0,1771.0,-257.0,,2026-07-24T11:48:55.841922+08:00
2603,2023-01-04,231290.0,-5606671.0,6000.0,-5369381.0,50181.0,11712.0,1153.0,51.0,,2026-07-24T11:48:55.841922+08:00
2603,2023-01-05,417794.0,1210035.0,203000.0,1830829.0,50152.0,11482.0,-29.0,-230.0,,2026-07-24T11:48:55.841922+08:00
2603,2023-01-06,118000.0,2585965.0,-485000.0,2218965.0,49737.0,11491.0,-415.0,9.0,,2026-07-24T11:48:55.841922+08:00
2603,2023-01-09,-388013.0,-6514410.0,-1342000.0,-8244423.0,50127.0,10826.0,390.0,-665.0,,2026-07-24T11:48:55.841922+08:00
2603,2023-01-10,-8836.0,1206456.0,-348000.0,849620.0,49387.0,10910.0,-740.0,84.0,,2026-07-24T11:48:55.841922+08:00
2603,2023-01-11,317301.0,2267765.0,28000.0,2613066.0,49376.0,10966.0,-11.0,56.0,,2026-07-24T11:48:55.841922+08:00
2603,2023-01-12,-625378.0,-7236968.0,148782.0,-7713564.0,49812.0,10571.0,436.0,-395.0,,2026-07-24T11:48:55.841922+08:00
2603,2023-01-13,575760.0,-265679.0,9000.0,319081.0,50876.0,10719.0,1064.0,148.0,,2026-07-24T11:48:55.841922+08:00
2603,2023-01-16,-127131.0,1475510.0,-194923.0,1153456.0,50506.0,10253.0,-370.0,-466.0,,2026-07-24T11:48:55.841922+08:00
2603,2023-01-17,295999.0,2974168.0,-1576353.0,1693814.0,50554.0,10105.0,48.0,-148.0,,2026-07-24T11:48:55.841922+08:00
2603,2023-01-30,-152575.0,-1880236.0,-1442533.0,-3475344.0,50918.0,9965.0,364.0,-140.0,,2026-07-24T11:48:55.841922+08:00
2603,2023-01-31,-4550.0,2407748.0,407765.0,2810963.0,51135.0,9963.0,217.0,-2.0,,2026-07-24T11:48:55.841922+08:00
2603,2023-02-01,309115.0,2531912.0,68707.0,2909734.0,51671.0,9871.0,536.0,-92.0,,2026-07-24T11:48:55.841922+08:00
2603,2023-02-02,903026.0,11014490.0,-1661550.0,10255966.0,50850.0,9718.0,-821.0,-153.0,,2026-07-24T11:48:55.841922+08:00
2603,2023-02-03,-173188.0,-1484745.0,60844.0,-1597089.0,52884.0,9720.0,2034.0,2.0,,2026-07-24T11:48:55.841922+08:00
2603,2023-02-06,233327.0,-12946890.0,-71876.0,-12785439.0,54856.0,9420.0,1972.0,-300.0,,2026-07-24T11:48:55.841922+08:00
2603,2023-02-07,495244.0,-830908.0,-72645.0,-408309.0,54957.0,9284.0,101.0,-136.0,,2026-07-24T11:48:55.841922+08:00
2603,2023-02-08,481000.0,-986072.0,-603000.0,-1108072.0,55399.0,9165.0,442.0,-119.0,,2026-07-24T11:48:55.841922+08:00
2603,2023-02-09,-434974.0,-3038813.0,-1643.0,-3475430.0,55486.0,9148.0,87.0,-17.0,,2026-07-24T11:48:55.841922+08:00
2603,2023-02-10,218313.0,-3830607.0,-597472.0,-4209766.0,56370.0,8813.0,884.0,-335.0,,2026-07-24T11:48:55.841922+08:00
2603,2023-02-13,263416.0,-685305.0,-602000.0,-1023889.0,56334.0,8185.0,-36.0,-628.0,,2026-07-24T11:48:55.841922+08:00
2603,2023-02-14,676000.0,7342540.0,-174643.0,7843897.0,55604.0,8747.0,-730.0,562.0,,2026-07-24T11:48:55.841922+08:00
2603,2023-02-15,-1373979.0,-1371001.0,-769000.0,-3513980.0,56000.0,8381.0,396.0,-366.0,,2026-07-24T11:48:55.841922+08:00
2603,2023-02-16,85183.0,2843171.0,-77000.0,2851354.0,55909.0,8345.0,-91.0,-36.0,,2026-07-24T11:48:55.841922+08:00
2603,2023-02-17,369861.0,-2434322.0,-16643.0,-2081104.0,55716.0,7959.0,-193.0,-386.0,,2026-07-24T11:48:55.841922+08:00
2603,2023-02-20,989036.0,1332794.0,-7000.0,2314830.0,55769.0,7739.0,53.0,-220.0,,2026-07-24T11:48:55.841922+08:00
2603,2023-02-21,2115586.0,17450267.0,89000.0,19654853.0,56116.0,7950.0,347.0,211.0,,2026-07-24T11:48:55.841922+08:00
2603,2023-02-22,-995089.0,2634382.0,106358.0,1745651.0,55364.0,7841.0,-752.0,-109.0,,2026-07-24T11:48:55.841922+08:00
2603,2023-02-23,1757213.0,10567517.0,410000.0,12734730.0,54891.0,7978.0,-473.0,137.0,,2026-07-24T11:48:55.841922+08:00
2603,2023-02-24,-795289.0,3401633.0,175358.0,2781702.0,55423.0,7947.0,532.0,-31.0,,2026-07-24T11:48:55.841922+08:00
2603,2023-03-01,-71347.0,13547.0,162000.0,104200.0,55888.0,7755.0,465.0,-192.0,,2026-07-24T11:48:55.841922+08:00
2603,2023-03-02,1595356.0,10718515.0,199000.0,12512871.0,55257.0,7929.0,-631.0,174.0,,2026-07-24T11:48:55.841922+08:00
2603,2023-03-03,829351.0,7065380.0,248000.0,8142731.0,56274.0,7889.0,1017.0,-40.0,,2026-07-24T11:48:55.841922+08:00
2603,2023-03-06,-690384.0,3424743.0,295000.0,3029359.0,56975.0,7767.0,701.0,-122.0,,2026-07-24T11:48:55.841922+08:00
2603,2023-03-07,504375.0,7769255.0,-16000.0,8257630.0,57156.0,7683.0,181.0,-84.0,,2026-07-24T11:48:55.841922+08:00
2603,2023-03-08,-68000.0,-10867108.0,-2000.0,-10937108.0,59473.0,7387.0,2317.0,-296.0,,2026-07-24T11:48:55.841922+08:00
2603,2023-03-09,3850000.0,7093424.0,-119000.0,10824424.0,60510.0,7532.0,1037.0,145.0,,2026-07-24T11:48:55.841922+08:00
2603,2023-03-10,-98520.0,-827082.0,140000.0,-785602.0,63372.0,7957.0,2862.0,425.0,,2026-07-24T11:48:55.841922+08:00
2603,2023-03-13,554295.0,1255085.0,419000.0,2228380.0,76797.0,8199.0,13425.0,242.0,,2026-07-24T11:48:55.841922+08:00
2603,2023-03-14,454000.0,-11919537.0,3000.0,-11462537.0,80102.0,8242.0,3305.0,43.0,,2026-07-24T11:48:55.841922+08:00
2603,2023-03-15,-6216325.0,-8256164.0,-136000.0,-14608489.0,74077.0,6938.0,-6025.0,-1304.0,,2026-07-24T11:48:55.841922+08:00
2603,2023-03-16,387906.0,-18965401.0,-192000.0,-18769495.0,70790.0,6162.0,-3287.0,-776.0,,2026-07-24T11:48:55.841922+08:00
2603,2023-03-17,-126117.0,-4438076.0,-413386.0,-4977579.0,69874.0,6151.0,-916.0,-11.0,,2026-07-24T11:48:55.841922+08:00
2603,2023-03-20,24298.0,-5530897.0,-64000.0,-5570599.0,68323.0,5522.0,-1551.0,-629.0,,2026-07-24T11:48:55.841922+08:00
2603,2023-03-21,-84197.0,-6043246.0,-145000.0,-6272443.0,68098.0,5030.0,-225.0,-492.0,,2026-07-24T11:48:55.841922+08:00
2603,2023-03-22,-566988.0,-1947460.0,-11887.0,-2526335.0,66985.0,4813.0,-1113.0,-217.0,,2026-07-24T11:48:55.841922+08:00
2603,2023-03-23,-187118.0,-5003088.0,28077.0,-5162129.0,65032.0,3611.0,-1953.0,-1202.0,,2026-07-24T11:48:55.841922+08:00
2603,2023-03-24,-928000.0,-677942.0,133379.0,-1472563.0,64369.0,106.0,-663.0,-3505.0,,2026-07-24T11:48:55.841922+08:00
2603,2023-03-27,-526383.0,4910501.0,-475000.0,3909118.0,62659.0,0.0,-1710.0,-106.0,,2026-07-24T11:48:55.841922+08:00
2603,2023-03-28,-598000.0,1043738.0,-131562.0,314176.0,62602.0,0.0,-57.0,0.0,,2026-07-24T11:48:55.841922+08:00
2603,2023-03-29,-251230.0,-3897484.0,-564.0,-4149278.0,59698.0,0.0,-2904.0,0.0,,2026-07-24T11:48:55.841922+08:00
2603,2023-03-30,880354.0,-3984333.0,-165000.0,-3268979.0,56808.0,725.0,-2890.0,725.0,,2026-07-24T11:48:55.841922+08:00
2603,2023-03-31,275373.0,-951084.0,-66644.0,-742355.0,54203.0,819.0,-2605.0,94.0,,2026-07-24T11:48:55.841922+08:00
2603,2023-04-06,-197507.0,-5284260.0,2000.0,-5479767.0,54558.0,858.0,355.0,39.0,,2026-07-24T11:48:55.841922+08:00
2603,2023-04-07,1217281.0,7320199.0,-105000.0,8432480.0,54323.0,1229.0,-235.0,371.0,,2026-07-24T11:48:55.841922+08:00
2603,2023-04-10,-584000.0,1571931.0,46376.0,1034307.0,53783.0,1351.0,-540.0,122.0,,2026-07-24T11:48:55.841922+08:00
2603,2023-04-11,-337927.0,-331114.0,47000.0,-622041.0,53223.0,1398.0,-560.0,47.0,,2026-07-24T11:48:55.841922+08:00
2603,2023-04-12,584201.0,5253353.0,99000.0,5936554.0,52521.0,1535.0,-702.0,137.0,,2026-07-24T11:48:55.841922+08:00
2603,2023-04-13,-362000.0,1794946.0,130000.0,1562946.0,52395.0,1619.0,-126.0,84.0,,2026-07-24T11:48:55.841922+08:00
2603,2023-04-14,619570.0,13463669.0,6000.0,14089239.0,51563.0,1862.0,-832.0,243.0,,2026-07-24T11:48:55.841922+08:00
2603,2023-04-17,-511869.0,9680290.0,267000.0,9435421.0,50223.0,2166.0,-1340.0,304.0,,2026-07-24T11:48:55.841922+08:00
2603,2023-04-18,-942774.0,-1502893.0,157000.0,-2288667.0,50805.0,2103.0,582.0,-63.0,,2026-07-24T11:48:55.841922+08:00
2603,2023-04-19,544000.0,-1873691.0,8442.0,-1321249.0,50119.0,2018.0,-686.0,-85.0,,2026-07-24T11:48:55.841922+08:00
2603,2023-04-20,751006.0,320856.0,-82815.0,989047.0,48958.0,2178.0,-1161.0,160.0,,2026-07-24T11:48:55.841922+08:00
2603,2023-04-21,-584000.0,-4611883.0,116899.0,-5078984.0,48763.0,1983.0,-195.0,-195.0,,2026-07-24T11:48:55.841922+08:00
2603,2023-04-24,96000.0,-3631010.0,227358.0,-3307652.0,49012.0,2027.0,249.0,44.0,,2026-07-24T11:48:55.841922+08:00
2603,2023-04-25,254567.0,-1070587.0,231000.0,-585020.0,48633.0,1858.0,-379.0,-169.0,,2026-07-24T11:48:55.841922+08:00
2603,2023-04-26,216599.0,-6424294.0,286000.0,-5921695.0,48033.0,1948.0,-600.0,90.0,,2026-07-24T11:48:55.841922+08:00
2603,2023-04-27,-38901.0,-9278933.0,187000.0,-9130834.0,48556.0,1839.0,523.0,-109.0,,2026-07-24T11:48:55.841922+08:00
2603,2023-04-28,42406.0,-3431421.0,229000.0,-3160015.0,49342.0,1620.0,786.0,-219.0,,2026-07-24T11:48:55.841922+08:00
2603,2023-05-02,-477306.0,-20935312.0,-668000.0,-22080618.0,50867.0,1497.0,1525.0,-123.0,,2026-07-24T11:48:55.841922+08:00
2603,2023-05-03,-70439.0,-11856243.0,-383591.0,-12310273.0,52080.0,2029.0,1213.0,532.0,,2026-07-24T11:48:55.841922+08:00
2603,2023-05-04,-373684.0,-221324.0,6024.0,-588984.0,51422.0,1897.0,-658.0,-132.0,,2026-07-24T11:48:55.841922+08:00
2603,2023-05-05,-17962.0,-432509.0,9383.0,-441088.0,51074.0,1907.0,-348.0,10.0,,2026-07-24T11:48:55.841922+08:00
2603,2023-05-08,128020.0,-2148941.0,-153608.0,-2174529.0,51586.0,1878.0,512.0,-29.0,,2026-07-24T11:48:55.841922+08:00
2603,2023-05-09,247000.0,-1458527.0,17000.0,-1194527.0,51669.0,1856.0,83.0,-22.0,,2026-07-24T11:48:55.841922+08:00
2603,2023-05-10,1211711.0,4194405.0,4103.0,5410219.0,50704.0,1875.0,-965.0,19.0,,2026-07-24T11:48:55.841922+08:00
2603,2023-05-11,-565624.0,-7267504.0,19558.0,-7813570.0,51612.0,1942.0,908.0,67.0,,2026-07-24T11:48:55.841922+08:00
2603,2023-05-12,687000.0,-2047552.0,10184.0,-1350368.0,51659.0,2103.0,47.0,161.0,,2026-07-24T11:48:55.841922+08:00
2603,2023-05-15,349002.0,-1530245.0,-214923.0,-1396166.0,51509.0,2291.0,-150.0,188.0,,2026-07-24T11:48:55.841922+08:00
2603,2023-05-16,141023.0,-7546244.0,-240897.0,-7646118.0,51997.0,2119.0,488.0,-172.0,,2026-07-24T11:48:55.841922+08:00
2603,2023-05-17,1966533.0,-10237133.0,-176000.0,-8446600.0,53065.0,2120.0,1068.0,1.0,,2026-07-24T11:48:55.841922+08:00
2603,2023-05-18,1725080.0,-3429860.0,-52000.0,-1756780.0,53724.0,2006.0,659.0,-114.0,,2026-07-24T11:48:55.841922+08:00
2603,2023-05-19,2103909.0,-4890925.0,-495000.0,-3282016.0,53632.0,1961.0,-92.0,-45.0,,2026-07-24T11:48:55.841922+08:00
2603,2023-05-22,2995244.0,1504244.0,-99279.0,4400209.0,53165.0,1775.0,-467.0,-186.0,,2026-07-24T11:48:55.841922+08:00
2603,2023-05-23,640704.0,-7844133.0,-17419.0,-7220848.0,54102.0,1683.0,937.0,-92.0,,2026-07-24T11:48:55.841922+08:00
2603,2023-05-24,1094600.0,-2991929.0,7088.0,-1890241.0,54323.0,1675.0,221.0,-8.0,,2026-07-24T11:48:55.841922+08:00
2603,2023-05-25,523204.0,-11677681.0,-188000.0,-11342477.0,54785.0,1582.0,462.0,-93.0,,2026-07-24T11:48:55.841922+08:00
2603,2023-05-26,3525005.0,-578761.0,-11000.0,2935244.0,53101.0,1649.0,-1684.0,67.0,,2026-07-24T11:48:55.841922+08:00
2603,2023-05-29,5061084.0,9517890.0,12000.0,14590974.0,50164.0,1817.0,-2937.0,168.0,,2026-07-24T11:48:55.841922+08:00
2603,2023-05-30,633050.0,-5888200.0,369638.0,-4885512.0,50183.0,1817.0,19.0,0.0,,2026-07-24T11:48:55.841922+08:00
2603,2023-05-31,1807493.0,-4875448.0,458931.0,-2609024.0,49958.0,1774.0,-225.0,-43.0,,2026-07-24T11:48:55.841922+08:00
2603,2023-06-01,2386484.0,-6722283.0,296186.0,-4039613.0,49655.0,1893.0,-303.0,119.0,,2026-07-24T11:48:55.841922+08:00
2603,2023-06-02,1798126.0,-10432686.0,616000.0,-8018560.0,49338.0,2028.0,-317.0,135.0,,2026-07-24T11:48:55.841922+08:00
2603,2023-06-05,-370994.0,-5704282.0,287508.0,-5787768.0,48351.0,1899.0,-987.0,-129.0,,2026-07-24T11:48:55.841922+08:00
2603,2023-06-06,1428473.0,-4223478.0,210480.0,-2584525.0,47959.0,1905.0,-392.0,6.0,,2026-07-24T11:48:55.841922+08:00
2603,2023-06-07,1332725.0,-4924482.0,221895.0,-3369862.0,47551.0,1879.0,-408.0,-26.0,,2026-07-24T11:48:55.841922+08:00
2603,2023-06-08,3328810.0,10879895.0,501259.0,14709964.0,44846.0,2000.0,-2705.0,121.0,,2026-07-24T11:48:55.841922+08:00
2603,2023-06-09,419719.0,-2279661.0,639782.0,-1220160.0,43824.0,2034.0,-1022.0,34.0,,2026-07-24T11:48:55.841922+08:00
2603,2023-06-12,1097846.0,-1588274.0,857000.0,366572.0,43210.0,2176.0,-614.0,142.0,,2026-07-24T11:48:55.841922+08:00
2603,2023-06-13,1364884.0,8057770.0,586285.0,10008939.0,42094.0,2236.0,-1116.0,60.0,,2026-07-24T11:48:55.841922+08:00
2603,2023-06-14,3314042.0,12721695.0,539450.0,16575187.0,39845.0,2296.0,-2249.0,60.0,,2026-07-24T11:48:55.841922+08:00
2603,2023-06-15,1074800.0,-3653133.0,419753.0,-2158580.0,39370.0,2175.0,-475.0,-121.0,,2026-07-24T11:48:55.841922+08:00
2603,2023-06-16,2946918.0,23095718.0,-7719577.0,18323059.0,36918.0,2183.0,-2452.0,8.0,,2026-07-24T11:48:55.841922+08:00
2603,2023-06-19,-849535.0,5124912.0,-10441115.0,-6165738.0,35123.0,2083.0,-1795.0,-100.0,,2026-07-24T11:48:55.841922+08:00
2603,2023-06-20,3386636.0,15948597.0,-9561749.0,9773484.0,32142.0,1178.0,-2981.0,-905.0,,2026-07-24T11:48:55.841922+08:00
2603,2023-06-21,10909649.0,-6179968.0,-10074000.0,-5344319.0,31243.0,598.0,-899.0,-580.0,,2026-07-24T11:48:55.841922+08:00
2603,2023-06-26,7675741.0,16895002.0,-9373000.0,15197743.0,29526.0,21.0,-1717.0,-577.0,,2026-07-24T11:48:55.841922+08:00
2603,2023-06-27,11988382.0,-2140253.0,937995.0,10786124.0,30500.0,0.0,974.0,-21.0,,2026-07-24T11:48:55.841922+08:00
2603,2023-06-28,14437983.0,-11909996.0,-8000.0,2519987.0,31419.0,0.0,919.0,0.0,,2026-07-24T11:48:55.841922+08:00
2603,2023-06-29,49683961.0,-18431560.0,243000.0,31495401.0,29708.0,0.0,-1711.0,0.0,,2026-07-24T11:48:55.841922+08:00
2603,2023-06-30,-42284029.0,-12040847.0,-1829000.0,-56153876.0,30559.0,5248.0,851.0,5248.0,,2026-07-24T11:48:55.841922+08:00
2603,2023-07-03,-7543004.0,-611009.0,-167000.0,-8321013.0,28241.0,4753.0,-2318.0,-495.0,,2026-07-24T11:48:55.841922+08:00
2603,2023-07-04,-33184273.0,2611522.0,-1119459.0,-31692210.0,36233.0,5137.0,7992.0,384.0,,2026-07-24T11:48:55.841922+08:00
2603,2023-07-05,-2057671.0,12244292.0,-10512.0,10176109.0,36941.0,5958.0,708.0,821.0,,2026-07-24T11:48:55.841922+08:00
2603,2023-07-06,-1830155.0,-2727596.0,-316000.0,-4873751.0,38848.0,5859.0,1907.0,-99.0,,2026-07-24T11:48:55.841922+08:00
2603,2023-07-07,-1719010.0,1114244.0,-211171.0,-815937.0,39658.0,5497.0,810.0,-362.0,,2026-07-24T11:48:55.841922+08:00
2603,2023-07-10,-3553647.0,-5881700.0,-9000.0,-9444347.0,39662.0,4743.0,4.0,-754.0,,2026-07-24T11:48:55.841922+08:00
2603,2023-07-11,-858013.0,1970954.0,-11000.0,1101941.0,39563.0,4001.0,-99.0,-742.0,,2026-07-24T11:48:55.841922+08:00
2603,2023-07-12,-2479412.0,-2412147.0,-165000.0,-5056559.0,40417.0,3816.0,854.0,-185.0,,2026-07-24T11:48:55.841922+08:00
2603,2023-07-13,-4114951.0,-3522741.0,-105000.0,-7742692.0,39096.0,3671.0,-1321.0,-145.0,,2026-07-24T11:48:55.841922+08:00
2603,2023-07-14,-1054797.0,-6686305.0,-449000.0,-8190102.0,39994.0,3502.0,898.0,-169.0,,2026-07-24T11:48:55.841922+08:00
2603,2023-07-17,-380966.0,968264.0,-254839.0,332459.0,39810.0,3898.0,-184.0,396.0,,2026-07-24T11:48:55.841922+08:00
2603,2023-07-18,-807243.0,-6195395.0,-1890838.0,-8893476.0,41328.0,3577.0,1518.0,-321.0,,2026-07-24T11:48:55.841922+08:00
2603,2023-07-19,-12712303.0,1622197.0,-1549000.0,-12639106.0,43032.0,3448.0,1704.0,-129.0,,2026-07-24T11:48:55.841922+08:00
2603,2023-07-20,1143698.0,12166805.0,-1501000.0,11809503.0,41665.0,3664.0,-1367.0,216.0,,2026-07-24T11:48:55.841922+08:00
2603,2023-07-21,-661000.0,-2904975.0,-1506000.0,-5071975.0,42108.0,3652.0,443.0,-12.0,,2026-07-24T11:48:55.841922+08:00
2603,2023-07-24,-1458213.0,-2174429.0,-1574000.0,-5206642.0,42143.0,3416.0,35.0,-236.0,,2026-07-24T11:48:55.841922+08:00
2603,2023-07-25,-157832.0,647762.0,-249000.0,240930.0,42268.0,3386.0,125.0,-30.0,,2026-07-24T11:48:55.841922+08:00
2603,2023-07-26,995814.0,6056105.0,166000.0,7217919.0,38660.0,3578.0,-3608.0,192.0,,2026-07-24T11:48:55.841922+08:00
2603,2023-07-27,-50406.0,-320541.0,19680.0,-351267.0,37158.0,3170.0,-1502.0,-408.0,,2026-07-24T11:48:55.841922+08:00
2603,2023-07-28,1983344.0,18322129.0,332176.0,20637649.0,33985.0,3716.0,-3173.0,546.0,,2026-07-24T11:48:55.841922+08:00
2603,2023-07-31,-1586875.0,-10097949.0,24000.0,-11660824.0,35899.0,3554.0,1914.0,-162.0,,2026-07-24T11:48:55.841922+08:00
2603,2023-08-01,551867.0,2249611.0,-293000.0,2508478.0,35648.0,3631.0,-251.0,77.0,,2026-07-24T11:48:55.841922+08:00
2603,2023-08-02,-792398.0,-1804819.0,20000.0,-2577217.0,35295.0,3546.0,-353.0,-85.0,,2026-07-24T11:48:55.841922+08:00
2603,2023-08-04,1924755.0,7263345.0,109000.0,9297100.0,35068.0,3770.0,-227.0,224.0,,2026-07-24T11:48:55.841922+08:00
2603,2023-08-07,-2434999.0,-5497334.0,24000.0,-7908333.0,36320.0,3649.0,1252.0,-121.0,,2026-07-24T11:48:55.841922+08:00
2603,2023-08-08,257994.0,5957567.0,101000.0,6316561.0,35683.0,3710.0,-637.0,61.0,,2026-07-24T11:48:55.841922+08:00
2603,2023-08-09,-1357752.0,1048442.0,325000.0,15690.0,35299.0,3586.0,-384.0,-124.0,,2026-07-24T11:48:55.841922+08:00
2603,2023-08-10,-735995.0,1746905.0,473000.0,1483910.0,34834.0,3469.0,-465.0,-117.0,,2026-07-24T11:48:55.841922+08:00
2603,2023-08-11,-559137.0,-31726.0,95000.0,-495863.0,34677.0,3324.0,-157.0,-145.0,,2026-07-24T11:48:55.841922+08:00
2603,2023-08-14,-860981.0,-1260150.0,304191.0,-1816940.0,34555.0,3294.0,-122.0,-30.0,,2026-07-24T11:48:55.841922+08:00
2603,2023-08-15,-1175000.0,-384902.0,102000.0,-1457902.0,34541.0,3253.0,-14.0,-41.0,,2026-07-24T11:48:55.841922+08:00
2603,2023-08-16,-4131770.0,-2917071.0,-281242.0,-7330083.0,34515.0,3136.0,-26.0,-117.0,,2026-07-24T11:48:55.841922+08:00
2603,2023-08-17,900934.0,2373976.0,75733.0,3350643.0,34053.0,3199.0,-462.0,63.0,,2026-07-24T11:48:55.841922+08:00
2603,2023-08-18,846902.0,9851750.0,217852.0,10916504.0,32854.0,3183.0,-1199.0,-16.0,,2026-07-24T11:48:55.841922+08:00
2603,2023-08-21,-1043690.0,-6638679.0,179918.0,-7502451.0,33573.0,3159.0,719.0,-24.0,,2026-07-24T11:48:55.841922+08:00
2603,2023-08-22,16481.0,2841985.0,27487.0,2885953.0,33011.0,3230.0,-562.0,71.0,,2026-07-24T11:48:55.841922+08:00
2603,2023-08-23,59421.0,-1210118.0,206434.0,-944263.0,33316.0,3225.0,305.0,-5.0,,2026-07-24T11:48:55.841922+08:00
2603,2023-08-24,107990.0,-1066351.0,213780.0,-744581.0,33129.0,3376.0,-187.0,151.0,,2026-07-24T11:48:55.841922+08:00
2603,2023-08-25,-368243.0,518426.0,626853.0,777036.0,32580.0,3324.0,-549.0,-52.0,,2026-07-24T11:48:55.841922+08:00
2603,2023-08-28,-307996.0,-1782336.0,527053.0,-1563279.0,32591.0,3152.0,11.0,-172.0,,2026-07-24T11:48:55.841922+08:00
2603,2023-08-29,-208000.0,1022014.0,338000.0,1152014.0,32380.0,3203.0,-211.0,51.0,,2026-07-24T11:48:55.841922+08:00
2603,2023-08-30,-116000.0,-635857.0,406504.0,-345353.0,32310.0,3164.0,-70.0,-39.0,,2026-07-24T11:48:55.841922+08:00
2603,2023-08-31,-107000.0,-884361.0,1386558.0,395197.0,32214.0,2997.0,-96.0,-167.0,,2026-07-24T11:48:55.841922+08:00
2603,2023-09-01,-365564.0,-2964668.0,1667332.0,-1662900.0,32232.0,2984.0,18.0,-13.0,,2026-07-24T11:48:55.841922+08:00
2603,2023-09-04,351653.0,4727028.0,1696032.0,6774713.0,31561.0,3039.0,-671.0,55.0,,2026-07-24T11:48:55.841922+08:00
2603,2023-09-05,713000.0,-2374892.0,1448399.0,-213493.0,32132.0,3026.0,571.0,-13.0,,2026-07-24T11:48:55.841922+08:00
2603,2023-09-06,-596441.0,-4328313.0,1186573.0,-3738181.0,31843.0,3007.0,-289.0,-19.0,,2026-07-24T11:48:55.841922+08:00
2603,2023-09-07,-85000.0,-1347728.0,908500.0,-524228.0,31921.0,2880.0,78.0,-127.0,,2026-07-24T11:48:55.841922+08:00
2603,2023-09-08,-827703.0,-420536.0,1321852.0,73613.0,32184.0,2860.0,263.0,-20.0,,2026-07-24T11:48:55.841922+08:00
2603,2023-09-11,-10001.0,-3007442.0,2838115.0,-179328.0,30911.0,2734.0,-1273.0,-126.0,,2026-07-24T11:48:55.841922+08:00
2603,2023-09-12,-237289.0,-959240.0,772000.0,-424529.0,30644.0,2713.0,-267.0,-21.0,,2026-07-24T11:48:55.841922+08:00
2603,2023-09-13,-285000.0,-1142999.0,1092000.0,-335999.0,30468.0,2697.0,-176.0,-16.0,,2026-07-24T11:48:55.841922+08:00
2603,2023-09-14,294431.0,14767670.0,1199400.0,16261501.0,29528.0,2867.0,-940.0,170.0,,2026-07-24T11:48:55.841922+08:00
2603,2023-09-15,405312.0,25983874.0,219406.0,26608592.0,30217.0,3315.0,689.0,448.0,,2026-07-24T11:48:55.841922+08:00
2603,2023-09-18,-1386632.0,-3675679.0,1126071.0,-3936240.0,31300.0,3169.0,1083.0,-146.0,,2026-07-24T11:48:55.841922+08:00
2603,2023-09-19,-841641.0,-2838618.0,1089922.0,-2590337.0,30980.0,3072.0,-320.0,-97.0,,2026-07-24T11:48:55.841922+08:00
2603,2023-09-20,-2284191.0,940546.0,1291120.0,-52525.0,31146.0,3092.0,166.0,20.0,,2026-07-24T11:48:55.841922+08:00
2603,2023-09-21,-126870.0,17580.0,803534.0,694244.0,31513.0,3082.0,367.0,-10.0,,2026-07-24T11:48:55.841922+08:00
2603,2023-09-22,-121976.0,-1843323.0,1086000.0,-879299.0,31473.0,3044.0,-40.0,-38.0,,2026-07-24T11:48:55.841922+08:00
2603,2023-09-25,124380.0,1736256.0,820000.0,2680636.0,31250.0,3096.0,-223.0,52.0,,2026-07-24T11:48:55.841922+08:00
2603,2023-09-26,-94007.0,238254.0,262000.0,406247.0,31303.0,3117.0,53.0,21.0,,2026-07-24T11:48:55.841922+08:00
2603,2023-09-27,-296020.0,661160.0,316739.0,681879.0,31185.0,3098.0,-118.0,-19.0,,2026-07-24T11:48:55.841922+08:00
2603,2023-09-28,-124901.0,1522050.0,220000.0,1617149.0,30823.0,3077.0,-362.0,-21.0,,2026-07-24T11:48:55.841922+08:00
2603,2023-10-02,-548652.0,-7180143.0,541875.0,-7186920.0,30314.0,2893.0,-509.0,-184.0,,2026-07-24T11:48:55.841922+08:00
2603,2023-10-03,-63294.0,-2750529.0,293425.0,-2520398.0,29836.0,2840.0,-478.0,-53.0,,2026-07-24T11:48:55.841922+08:00
2603,2023-10-04,-2171777.0,1751663.0,486764.0,66650.0,30089.0,2788.0,253.0,-52.0,,2026-07-24T11:48:55.841922+08:00
2603,2023-10-05,-213815.0,4471004.0,40733.0,4297922.0,29869.0,2724.0,-220.0,-64.0,,2026-07-24T11:48:55.841922+08:00
2603,2023-10-06,-189189.0,-1600537.0,30192.0,-1759534.0,30526.0,2683.0,657.0,-41.0,,2026-07-24T11:48:55.841922+08:00
2603,2023-10-11,-1001367.0,-7898812.0,548342.0,-8351837.0,30463.0,2583.0,-63.0,-100.0,,2026-07-24T11:48:55.841922+08:00
2603,2023-10-12,408945.0,1222085.0,716000.0,2347030.0,30260.0,2728.0,-203.0,145.0,,2026-07-24T11:48:55.841922+08:00
2603,2023-10-13,-185774.0,-500346.0,-3617.0,-689737.0,30140.0,2664.0,-120.0,-64.0,,2026-07-24T11:48:55.841922+08:00
2603,2023-10-16,-19479.0,-1508149.0,484041.0,-1043587.0,29971.0,2529.0,-169.0,-135.0,,2026-07-24T11:48:55.841922+08:00
2603,2023-10-17,-133684.0,-975083.0,238000.0,-870767.0,30027.0,2507.0,56.0,-22.0,,2026-07-24T11:48:55.841922+08:00
2603,2023-10-18,-1777951.0,-1883180.0,288000.0,-3373131.0,30663.0,2375.0,636.0,-132.0,,2026-07-24T11:48:55.841922+08:00
2603,2023-10-19,176782.0,194917.0,133989.0,505688.0,30677.0,2350.0,14.0,-25.0,,2026-07-24T11:48:55.841922+08:00
2603,2023-10-20,-3254294.0,1880896.0,405788.0,-967610.0,30697.0,2283.0,20.0,-67.0,,2026-07-24T11:48:55.841922+08:00
2603,2023-10-23,-242747.0,-824600.0,-112000.0,-1179347.0,30465.0,2280.0,-232.0,-3.0,,2026-07-24T11:48:55.841922+08:00
2603,2023-10-24,-32104.0,1969138.0,392157.0,2329191.0,30342.0,2294.0,-123.0,14.0,,2026-07-24T11:48:55.841922+08:00
2603,2023-10-25,96897.0,652068.0,357550.0,1106515.0,30151.0,2313.0,-191.0,19.0,,2026-07-24T11:48:55.841922+08:00
2603,2023-10-26,-340386.0,1866770.0,456000.0,1982384.0,29976.0,2287.0,-175.0,-26.0,,2026-07-24T11:48:55.841922+08:00
2603,2023-10-27,84968.0,3590692.0,270808.0,3946468.0,29544.0,2332.0,-432.0,45.0,,2026-07-24T11:48:55.841922+08:00
2603,2023-10-30,603232.0,1603678.0,96007.0,2302917.0,29475.0,2333.0,-69.0,1.0,,2026-07-24T11:48:55.841922+08:00
2603,2023-10-31,-46923.0,-3926199.0,6000.0,-3967122.0,29454.0,2451.0,-21.0,118.0,,2026-07-24T11:48:55.841922+08:00
2603,2023-11-01,256331.0,2158608.0,17422.0,2432361.0,29404.0,2581.0,-50.0,130.0,,2026-07-24T11:48:55.841922+08:00
2603,2023-11-02,251922.0,3444638.0,15000.0,3711560.0,29241.0,2651.0,-163.0,70.0,,2026-07-24T11:48:55.841922+08:00
2603,2023-11-03,735354.0,4183118.0,12000.0,4930472.0,28659.0,2809.0,-582.0,158.0,,2026-07-24T11:48:55.841922+08:00
2603,2023-11-06,-114950.0,-5874051.0,70193.0,-5918808.0,29547.0,2771.0,888.0,-38.0,,2026-07-24T11:48:55.841922+08:00
2603,2023-11-07,264236.0,507674.0,-74807.0,697103.0,29599.0,2775.0,52.0,4.0,,2026-07-24T11:48:55.841922+08:00
2603,2023-11-08,-179904.0,-2947023.0,14000.0,-3112927.0,29635.0,2503.0,36.0,-272.0,,2026-07-24T11:48:55.841922+08:00
2603,2023-11-09,224383.0,2805765.0,-45000.0,2985148.0,29397.0,2591.0,-238.0,88.0,,2026-07-24T11:48:55.841922+08:00
2603,2023-11-10,-115233.0,-1327000.0,8000.0,-1434233.0,29567.0,2567.0,170.0,-24.0,,2026-07-24T11:48:55.841922+08:00
2603,2023-11-13,118471.0,1777294.0,26000.0,1921765.0,29860.0,2527.0,293.0,-40.0,,2026-07-24T11:48:55.841922+08:00
2603,2023-11-14,-261448.0,13767157.0,-88000.0,13417709.0,30073.0,3300.0,213.0,773.0,,2026-07-24T11:48:55.841922+08:00
2603,2023-11-15,-796458.0,7152945.0,960578.0,7317065.0,30224.0,2977.0,151.0,-323.0,,2026-07-24T11:48:55.841922+08:00
2603,2023-11-16,-444262.0,9396147.0,2487575.0,11439460.0,28860.0,3014.0,-1364.0,37.0,,2026-07-24T11:48:55.841922+08:00
2603,2023-11-17,-501103.0,-3931646.0,335165.0,-4097584.0,29448.0,2897.0,588.0,-117.0,,2026-07-24T11:48:55.841922+08:00
2603,2023-11-20,214023.0,-102840.0,47000.0,158183.0,29302.0,2558.0,-146.0,-339.0,,2026-07-24T11:48:55.841922+08:00
2603,2023-11-21,315579.0,-2790454.0,14000.0,-2460875.0,29436.0,2515.0,134.0,-43.0,,2026-07-24T11:48:55.841922+08:00
2603,2023-11-22,-360993.0,-1801313.0,532212.0,-1630094.0,29033.0,2457.0,-403.0,-58.0,,2026-07-24T11:48:55.841922+08:00
2603,2023-11-23,24000.0,237908.0,530930.0,792838.0,29075.0,2413.0,42.0,-44.0,,2026-07-24T11:48:55.841922+08:00
2603,2023-11-24,-17137.0,2191639.0,223586.0,2398088.0,29001.0,2418.0,-74.0,5.0,,2026-07-24T11:48:55.841922+08:00
2603,2023-11-27,60025.0,1421747.0,323052.0,1804824.0,28881.0,2352.0,-120.0,-66.0,,2026-07-24T11:48:55.841922+08:00
2603,2023-11-28,253000.0,-874176.0,-894000.0,-1515176.0,29119.0,2332.0,238.0,-20.0,,2026-07-24T11:48:55.841922+08:00
2603,2023-11-29,-399076.0,-4931826.0,-1283000.0,-6613902.0,29466.0,2294.0,347.0,-38.0,,2026-07-24T11:48:55.841922+08:00
2603,2023-11-30,-79831.0,-2269681.0,530571.0,-1818941.0,29584.0,2281.0,118.0,-13.0,,2026-07-24T11:48:55.841922+08:00
2603,2023-12-01,71673.0,7739498.0,485000.0,8296171.0,28933.0,2298.0,-651.0,17.0,,2026-07-24T11:48:55.841922+08:00
2603,2023-12-04,-372880.0,13180109.0,1381193.0,14188422.0,26276.0,2380.0,-2657.0,82.0,,2026-07-24T11:48:55.841922+08:00
2603,2023-12-05,-670417.0,-1733236.0,2138000.0,-265653.0,26355.0,2324.0,79.0,-56.0,,2026-07-24T11:48:55.841922+08:00
2603,2023-12-06,-424551.0,-323887.0,1130613.0,382175.0,25953.0,2325.0,-402.0,1.0,,2026-07-24T11:48:55.841922+08:00
2603,2023-12-07,-251470.0,-2440299.0,503000.0,-2188769.0,26131.0,2292.0,178.0,-33.0,,2026-07-24T11:48:55.841922+08:00
2603,2023-12-08,116693.0,2996986.0,532000.0,3645679.0,27998.0,2378.0,1867.0,86.0,,2026-07-24T11:48:55.841922+08:00
2603,2023-12-11,-515247.0,9543484.0,2598000.0,11626237.0,26678.0,2483.0,-1320.0,105.0,,2026-07-24T11:48:55.841922+08:00
2603,2023-12-12,584672.0,15832650.0,7691000.0,24108322.0,27463.0,3311.0,785.0,828.0,,2026-07-24T11:48:55.841922+08:00
2603,2023-12-13,-1169049.0,-223460.0,6454000.0,5061491.0,25922.0,3359.0,-1541.0,48.0,,2026-07-24T11:48:55.841922+08:00
2603,2023-12-14,-304085.0,-551231.0,3435000.0,2579684.0,25692.0,3318.0,-230.0,-41.0,,2026-07-24T11:48:55.841922+08:00
2603,2023-12-15,164092.0,9040814.0,5419757.0,14624663.0,24976.0,3778.0,-716.0,460.0,,2026-07-24T11:48:55.841922+08:00
2603,2023-12-18,-1375570.0,7663879.0,3980316.0,10268625.0,27592.0,5547.0,2616.0,1769.0,,2026-07-24T11:48:55.841922+08:00
2603,2023-12-19,-686013.0,7338826.0,8405000.0,15057813.0,27439.0,7168.0,-153.0,1621.0,,2026-07-24T11:48:55.841922+08:00
2603,2023-12-20,-892874.0,4316543.0,6441400.0,9865069.0,26692.0,8175.0,-747.0,1007.0,,2026-07-24T11:48:55.841922+08:00
2603,2023-12-21,635508.0,-3939362.0,5702609.0,2398755.0,28076.0,6841.0,1384.0,-1334.0,,2026-07-24T11:48:55.841922+08:00
2603,2023-12-22,-496982.0,4868141.0,3235000.0,7606159.0,27544.0,6568.0,-532.0,-273.0,,2026-07-24T11:48:55.841922+08:00
2603,2023-12-25,-1067768.0,690483.0,-207000.0,-584285.0,27070.0,6352.0,-474.0,-216.0,,2026-07-24T11:48:55.841922+08:00
2603,2023-12-26,214246.0,3448620.0,1413000.0,5075866.0,27201.0,6118.0,131.0,-234.0,,2026-07-24T11:48:55.841922+08:00
2603,2023-12-27,715930.0,-837875.0,111486.0,-10459.0,28714.0,5769.0,1513.0,-349.0,,2026-07-24T11:48:55.841922+08:00
2603,2023-12-28,-1051100.0,823174.0,-2515000.0,-2742926.0,28990.0,5288.0,276.0,-481.0,,2026-07-24T11:48:55.841922+08:00
2603,2023-12-29,-262703.0,-884071.0,2152000.0,1005226.0,28858.0,5423.0,-132.0,135.0,,2026-07-24T11:48:55.841922+08:00
2603,2024-01-02,398750.0,938266.0,3258525.0,4595541.0,36619.0,6080.0,7761.0,657.0,,2026-07-24T11:48:55.841922+08:00
2603,2024-01-03,1055093.0,-902687.0,6201728.0,6354134.0,37531.0,6624.0,912.0,544.0,,2026-07-24T11:48:55.841922+08:00
2603,2024-01-04,2260869.0,6205408.0,5781000.0,14247277.0,39679.0,7896.0,2148.0,1272.0,,2026-07-24T11:48:55.841922+08:00
2603,2024-01-05,-734487.0,-1182561.0,3137000.0,1219952.0,40246.0,8352.0,567.0,456.0,,2026-07-24T11:48:55.841922+08:00
2603,2024-01-08,-444517.0,-865614.0,1786000.0,475869.0,39294.0,7900.0,-952.0,-452.0,,2026-07-24T11:48:55.841922+08:00
2603,2024-01-09,-2711188.0,-762207.0,654000.0,-2819395.0,30822.0,6914.0,-8472.0,-986.0,,2026-07-24T11:48:55.841922+08:00
2603,2024-01-10,-738431.0,-356738.0,663000.0,-432169.0,31365.0,6524.0,543.0,-390.0,,2026-07-24T11:48:55.841922+08:00
2603,2024-01-11,384708.0,-4439687.0,321000.0,-3733979.0,31506.0,6289.0,141.0,-235.0,,2026-07-24T11:48:55.841922+08:00
2603,2024-01-12,500467.0,8961687.0,1171284.0,10633438.0,31640.0,6829.0,134.0,540.0,,2026-07-24T11:48:55.841922+08:00
2603,2024-01-15,-188953.0,-1958044.0,581295.0,-1565702.0,31668.0,6908.0,28.0,79.0,,2026-07-24T11:48:55.841922+08:00
2603,2024-01-16,-559370.0,-5347023.0,805000.0,-5101393.0,31888.0,6257.0,220.0,-651.0,,2026-07-24T11:48:55.841922+08:00
2603,2024-01-17,2255931.0,-3193825.0,1402200.0,464306.0,30575.0,5754.0,-1313.0,-503.0,,2026-07-24T11:48:55.841922+08:00
2603,2024-01-18,1226203.0,4207895.0,3538000.0,8972098.0,29861.0,6192.0,-714.0,438.0,,2026-07-24T11:48:55.841922+08:00
2603,2024-01-19,145847.0,-4054128.0,-561000.0,-4469281.0,30310.0,5782.0,449.0,-410.0,,2026-07-24T11:48:55.841922+08:00
2603,2024-01-22,-26089.0,134423.0,-1173000.0,-1064666.0,28239.0,5283.0,-2071.0,-499.0,,2026-07-24T11:48:55.841922+08:00
2603,2024-01-23,-27675.0,-521119.0,156583.0,-392211.0,28049.0,5142.0,-190.0,-141.0,,2026-07-24T11:48:55.841922+08:00
2603,2024-01-24,467361.0,5050138.0,-2526000.0,2991499.0,27589.0,5203.0,-460.0,61.0,,2026-07-24T11:48:55.841922+08:00
2603,2024-01-25,-233773.0,1018313.0,-2597208.0,-1812668.0,27821.0,5084.0,232.0,-119.0,,2026-07-24T11:48:55.841922+08:00
2603,2024-01-26,114488.0,-1704542.0,123000.0,-1467054.0,27877.0,5548.0,56.0,464.0,,2026-07-24T11:48:55.841922+08:00
2603,2024-01-29,-75843.0,-911688.0,-705000.0,-1692531.0,27729.0,4966.0,-148.0,-582.0,,2026-07-24T11:48:55.841922+08:00
2603,2024-01-30,231865.0,2349017.0,-1108000.0,1472882.0,26541.0,4659.0,-1188.0,-307.0,,2026-07-24T11:48:55.841922+08:00
2603,2024-01-31,-125623.0,-2260497.0,-940553.0,-3326673.0,26755.0,4611.0,214.0,-48.0,,2026-07-24T11:48:55.841922+08:00
2603,2024-02-01,508606.0,18307741.0,-547000.0,18269347.0,24900.0,4825.0,-1855.0,214.0,,2026-07-24T11:48:55.841922+08:00
2603,2024-02-02,-320595.0,-17226307.0,-352829.0,-17899731.0,27322.0,4506.0,2422.0,-319.0,,2026-07-24T11:48:55.841922+08:00
2603,2024-02-05,324768.0,-995941.0,541000.0,-130173.0,26925.0,4279.0,-397.0,-227.0,,2026-07-24T11:48:55.841922+08:00
2603,2024-02-15,1504568.0,-11882618.0,-675720.0,-11053770.0,27457.0,4141.0,532.0,-138.0,,2026-07-24T11:48:55.841922+08:00
2603,2024-02-16,-2423.0,-2032982.0,-31308.0,-2066713.0,27213.0,4107.0,-244.0,-34.0,,2026-07-24T11:48:55.841922+08:00
2603,2024-02-19,188910.0,-1311629.0,205801.0,-916918.0,27010.0,3959.0,-203.0,-148.0,,2026-07-24T11:48:55.841922+08:00
2603,2024-02-20,578538.0,11113945.0,239000.0,11931483.0,25988.0,4202.0,-1022.0,243.0,,2026-07-24T11:48:55.841922+08:00
2603,2024-02-21,402573.0,5080152.0,3211000.0,8693725.0,24807.0,4474.0,-1181.0,272.0,,2026-07-24T11:48:55.841922+08:00
2603,2024-02-22,1817615.0,19921872.0,3664609.0,25404096.0,22463.0,4980.0,-2344.0,506.0,,2026-07-24T11:48:55.841922+08:00
2603,2024-02-23,-895218.0,-1853324.0,789000.0,-1959542.0,23771.0,4653.0,1308.0,-327.0,,2026-07-24T11:48:55.841922+08:00
2603,2024-02-26,488893.0,-117755.0,25000.0,396138.0,23191.0,4305.0,-580.0,-348.0,,2026-07-24T11:48:55.841922+08:00
2603,2024-02-27,478330.0,-215288.0,412000.0,675042.0,23646.0,4270.0,455.0,-35.0,,2026-07-24T11:48:55.841922+08:00
2603,2024-02-29,1552223.0,8883173.0,961000.0,11396396.0,23385.0,4360.0,-261.0,90.0,,2026-07-24T11:48:55.841922+08:00
2603,2024-03-01,-334929.0,-2431555.0,2917000.0,150516.0,22542.0,4303.0,-843.0,-57.0,,2026-07-24T11:48:55.841922+08:00
2603,2024-03-04,1391978.0,-1761148.0,8390000.0,8020830.0,23089.0,4480.0,547.0,177.0,,2026-07-24T11:48:55.841922+08:00
2603,2024-03-05,-199216.0,-6919857.0,6069000.0,-1050073.0,23892.0,4230.0,803.0,-250.0,,2026-07-24T11:48:55.841922+08:00
2603,2024-03-06,-303640.0,-4368069.0,2861000.0,-1810709.0,23829.0,4125.0,-63.0,-105.0,,2026-07-24T11:48:55.841922+08:00
2603,2024-03-07,1223036.0,4789301.0,4327000.0,10339337.0,24277.0,4192.0,448.0,67.0,,2026-07-24T11:48:55.841922+08:00
2603,2024-03-08,18600.0,3710333.0,4566151.0,8295084.0,24627.0,4166.0,350.0,-26.0,,2026-07-24T11:48:55.841922+08:00
2603,2024-03-11,-519341.0,396522.0,3081000.0,2958181.0,24228.0,4157.0,-399.0,-9.0,,2026-07-24T11:48:55.841922+08:00
2603,2024-03-12,2173331.0,10367664.0,1636000.0,14176995.0,24884.0,4575.0,656.0,418.0,,2026-07-24T11:48:55.841922+08:00
2603,2024-03-13,1129137.0,-8342861.0,7251000.0,37276.0,26377.0,4264.0,1493.0,-311.0,,2026-07-24T11:48:55.841922+08:00
2603,2024-03-14,-598798.0,-15687948.0,4148296.0,-12138450.0,27969.0,3165.0,1592.0,-1099.0,,2026-07-24T11:48:55.841922+08:00
2603,2024-03-15,-2843064.0,-23072521.0,628568.0,-25287017.0,27993.0,2736.0,24.0,-429.0,,2026-07-24T11:48:55.841922+08:00
2603,2024-03-18,1253831.0,-8993483.0,981469.0,-6758183.0,29225.0,2036.0,1232.0,-700.0,,2026-07-24T11:48:55.841922+08:00
2603,2024-03-19,3931169.0,-12327968.0,12213182.0,3816383.0,30235.0,2219.0,1010.0,183.0,,2026-07-24T11:48:55.841922+08:00
2603,2024-03-20,955894.0,-17602342.0,6429835.0,-10216613.0,31539.0,2306.0,1304.0,87.0,,2026-07-24T11:48:55.841922+08:00
2603,2024-03-21,298723.0,-8249213.0,703498.0,-7246992.0,32447.0,1601.0,908.0,-705.0,,2026-07-24T11:48:55.841922+08:00
2603,2024-03-22,-2067146.0,-8300151.0,-2563572.0,-12930869.0,33045.0,77.0,598.0,-1524.0,,2026-07-24T11:48:55.841922+08:00
2603,2024-03-25,1646112.0,841642.0,1443502.0,3931256.0,33092.0,0.0,47.0,-77.0,,2026-07-24T11:48:55.841922+08:00
2603,2024-03-26,-1192894.0,-3360252.0,1277408.0,-3275738.0,33128.0,0.0,36.0,0.0,,2026-07-24T11:48:55.841922+08:00
2603,2024-03-27,1749846.0,2947820.0,802000.0,5499666.0,34398.0,0.0,1270.0,0.0,,2026-07-24T11:48:55.841922+08:00
2603,2024-03-28,-3743760.0,-8719820.0,21919000.0,9455420.0,31587.0,1006.0,-2811.0,1006.0,,2026-07-24T11:48:55.841922+08:00
2603,2024-03-29,-11631822.0,-8223384.0,61710301.0,41855095.0,27881.0,7525.0,-3706.0,6519.0,,2026-07-24T11:48:55.841922+08:00
2603,2024-04-01,-2769085.0,-5236752.0,-1421456.0,-9427293.0,28464.0,8935.0,583.0,1410.0,,2026-07-24T11:48:55.841922+08:00
2603,2024-04-02,650121.0,-794275.0,-388765.0,-532919.0,28617.0,8636.0,153.0,-299.0,,2026-07-24T11:48:55.841922+08:00
2603,2024-04-03,1947104.0,-2354458.0,442544.0,35190.0,28642.0,8058.0,25.0,-578.0,,2026-07-24T11:48:55.841922+08:00
2603,2024-04-08,664436.0,-3007575.0,2783808.0,440669.0,28410.0,6539.0,-232.0,-1519.0,,2026-07-24T11:48:55.841922+08:00
2603,2024-04-09,669705.0,5807154.0,557325.0,7034184.0,27614.0,5499.0,-796.0,-1040.0,,2026-07-24T11:48:55.841922+08:00
2603,2024-04-10,-382691.0,-173434.0,937992.0,381867.0,27434.0,5340.0,-180.0,-159.0,,2026-07-24T11:48:55.841922+08:00
2603,2024-04-11,3222998.0,11248666.0,1003000.0,15474664.0,26067.0,5563.0,-1367.0,223.0,,2026-07-24T11:48:55.841922+08:00
2603,2024-04-12,462586.0,2566074.0,317343.0,3346003.0,24963.0,5444.0,-1104.0,-119.0,,2026-07-24T11:48:55.841922+08:00
2603,2024-04-15,926321.0,4550075.0,160000.0,5636396.0,24133.0,4694.0,-830.0,-750.0,,2026-07-24T11:48:55.841922+08:00
2603,2024-04-16,959512.0,-7219239.0,833000.0,-5426727.0,24808.0,3675.0,675.0,-1019.0,,2026-07-24T11:48:55.841922+08:00
2603,2024-04-17,1222315.0,-3245389.0,-699522.0,-2722596.0,24867.0,2871.0,59.0,-804.0,,2026-07-24T11:48:55.841922+08:00
2603,2024-04-18,392018.0,-6099016.0,-552400.0,-6259398.0,25130.0,2692.0,263.0,-179.0,,2026-07-24T11:48:55.841922+08:00
2603,2024-04-19,-91715.0,16447241.0,1324000.0,17679526.0,24110.0,2797.0,-1020.0,105.0,,2026-07-24T11:48:55.841922+08:00
2603,2024-04-22,544549.0,6658455.0,3155000.0,10358004.0,25990.0,3625.0,1880.0,828.0,,2026-07-24T11:48:55.841922+08:00
2603,2024-04-23,409458.0,-4669197.0,-155973.0,-4415712.0,24839.0,2513.0,-1151.0,-1112.0,,2026-07-24T11:48:55.841922+08:00
2603,2024-04-24,671945.0,15623988.0,120669.0,16416602.0,24457.0,2840.0,-382.0,327.0,,2026-07-24T11:48:55.841922+08:00
2603,2024-04-25,257505.0,-693069.0,392000.0,-43564.0,23986.0,2853.0,-471.0,13.0,,2026-07-24T11:48:55.841922+08:00
2603,2024-04-26,1699607.0,13766661.0,376000.0,15842268.0,25787.0,3154.0,1801.0,301.0,,2026-07-24T11:48:55.841922+08:00
2603,2024-04-29,1199940.0,7476814.0,2233000.0,10909754.0,25368.0,3382.0,-419.0,228.0,,2026-07-24T11:48:55.841922+08:00
2603,2024-04-30,-356532.0,4477966.0,265000.0,4386434.0,25099.0,3352.0,-269.0,-30.0,,2026-07-24T11:48:55.841922+08:00
2603,2024-05-02,655293.0,-10506096.0,1164000.0,-8686803.0,24994.0,2460.0,-105.0,-892.0,,2026-07-24T11:48:55.841922+08:00
2603,2024-05-03,940215.0,-4941954.0,606102.0,-3395637.0,25002.0,2241.0,8.0,-219.0,,2026-07-24T11:48:55.841922+08:00
2603,2024-05-06,582940.0,-1236832.0,-8501.0,-662393.0,24751.0,2247.0,-251.0,6.0,,2026-07-24T11:48:55.841922+08:00
2603,2024-05-07,1052055.0,-8707275.0,275245.0,-7379975.0,25986.0,2158.0,1235.0,-89.0,,2026-07-24T11:48:55.841922+08:00
2603,2024-05-08,740543.0,-25708600.0,-40375.0,-25008432.0,27491.0,1804.0,1505.0,-354.0,,2026-07-24T11:48:55.841922+08:00
2603,2024-05-09,814111.0,25030.0,-896487.0,-57346.0,29636.0,1981.0,2145.0,177.0,,2026-07-24T11:48:55.841922+08:00
2603,2024-05-10,2655581.0,25194108.0,6159664.0,34009353.0,31466.0,3268.0,1830.0,1287.0,,2026-07-24T11:48:55.841922+08:00
2603,2024-05-13,3359642.0,-7211965.0,3689565.0,-162758.0,31227.0,3385.0,-239.0,117.0,,2026-07-24T11:48:55.841922+08:00
2603,2024-05-14,3805731.0,20606758.0,2990432.0,27402921.0,31389.0,4996.0,162.0,1611.0,,2026-07-24T11:48:55.841922+08:00
2603,2024-05-15,-3359205.0,-9076668.0,827109.0,-11608764.0,30573.0,3677.0,-816.0,-1319.0,,2026-07-24T11:48:55.841922+08:00
2603,2024-05-16,-219312.0,14962303.0,31773.0,14774764.0,32587.0,4960.0,2014.0,1283.0,,2026-07-24T11:48:55.841922+08:00
2603,2024-05-17,-659859.0,357305.0,-6591227.0,-6893781.0,32817.0,4768.0,230.0,-192.0,,2026-07-24T11:48:55.841922+08:00
2603,2024-05-20,-543484.0,11298695.0,-8318485.0,2436726.0,31046.0,4707.0,-1771.0,-61.0,,2026-07-24T11:48:55.841922+08:00
2603,2024-05-21,-1071453.0,4213675.0,-7985436.0,-4843214.0,29380.0,4298.0,-1666.0,-409.0,,2026-07-24T11:48:55.841922+08:00
2603,2024-05-22,1353432.0,84236.0,-6121903.0,-4684235.0,30284.0,4300.0,904.0,2.0,,2026-07-24T11:48:55.841922+08:00
2603,2024-05-23,-191021.0,5249173.0,-4893958.0,164194.0,30188.0,4231.0,-96.0,-69.0,,2026-07-24T11:48:55.841922+08:00
2603,2024-05-24,3767499.0,10464085.0,-2540303.0,11691281.0,30303.0,4458.0,115.0,227.0,,2026-07-24T11:48:55.841922+08:00
2603,2024-05-27,508169.0,-4284545.0,4471587.0,695211.0,30603.0,4544.0,300.0,86.0,,2026-07-24T11:48:55.841922+08:00
2603,2024-05-28,-169885.0,-6712830.0,-1858741.0,-8741456.0,30819.0,4207.0,216.0,-337.0,,2026-07-24T11:48:55.841922+08:00
2603,2024-05-29,-588442.0,-1190592.0,-219922.0,-1998956.0,30021.0,4120.0,-798.0,-87.0,,2026-07-24T11:48:55.841922+08:00
2603,2024-05-30,-189134.0,-1055513.0,-1576000.0,-2820647.0,30098.0,3812.0,77.0,-308.0,,2026-07-24T11:48:55.841922+08:00
2603,2024-05-31,-2327122.0,3037275.0,-7146631.0,-6436478.0,30057.0,3894.0,-41.0,82.0,,2026-07-24T11:48:55.841922+08:00
2603,2024-06-03,28567.0,5782112.0,-5516000.0,294679.0,29988.0,3530.0,-69.0,-364.0,,2026-07-24T11:48:55.841922+08:00
2603,2024-06-04,-392288.0,-3450089.0,-4478000.0,-8320377.0,30469.0,2886.0,481.0,-644.0,,2026-07-24T11:48:55.841922+08:00
2603,2024-06-05,229468.0,4852906.0,-5125000.0,-42626.0,31016.0,3023.0,547.0,137.0,,2026-07-24T11:48:55.841922+08:00
2603,2024-06-06,1159006.0,2552893.0,-3887653.0,-175754.0,32243.0,2939.0,1227.0,-84.0,,2026-07-24T11:48:55.841922+08:00
2603,2024-06-07,522066.0,-4034631.0,-5314757.0,-8827322.0,31346.0,2802.0,-897.0,-137.0,,2026-07-24T11:48:55.841922+08:00
2603,2024-06-11,-4059940.0,-24300044.0,-8468381.0,-36828365.0,31989.0,2691.0,643.0,-111.0,,2026-07-24T11:48:55.841922+08:00
2603,2024-06-12,-345149.0,9463758.0,-9299966.0,-181357.0,29904.0,1635.0,-2085.0,-1056.0,,2026-07-24T11:48:55.841922+08:00
2603,2024-06-13,1209818.0,-7551124.0,-5068938.0,-11410244.0,30870.0,1532.0,966.0,-103.0,,2026-07-24T11:48:55.841922+08:00
2603,2024-06-14,1649927.0,-543427.0,-132000.0,974500.0,31087.0,1680.0,217.0,148.0,,2026-07-24T11:48:55.841922+08:00
2603,2024-06-17,201175.0,-4177583.0,213704.0,-3762704.0,30521.0,1570.0,-566.0,-110.0,,2026-07-24T11:48:55.841922+08:00
2603,2024-06-18,438637.0,-6472267.0,346017.0,-5687613.0,30839.0,1366.0,318.0,-204.0,,2026-07-24T11:48:55.841922+08:00
2603,2024-06-19,3685797.0,-3513282.0,-1511227.0,-1338712.0,30640.0,1055.0,-199.0,-311.0,,2026-07-24T11:48:55.841922+08:00
2603,2024-06-20,4668614.0,1006702.0,66510.0,5741826.0,30469.0,791.0,-171.0,-264.0,,2026-07-24T11:48:55.841922+08:00
2603,2024-06-21,1428653.0,-5517092.0,-2442190.0,-6530629.0,30876.0,14.0,407.0,-777.0,,2026-07-24T11:48:55.841922+08:00
2603,2024-06-24,-128274.0,-5280466.0,1903095.0,-3505645.0,29989.0,0.0,-887.0,-14.0,,2026-07-24T11:48:55.841922+08:00
2603,2024-06-25,222683.0,-3636714.0,-3235257.0,-6649288.0,30084.0,0.0,95.0,0.0,,2026-07-24T11:48:55.841922+08:00
2603,2024-06-26,5063004.0,-13144813.0,483743.0,-7598066.0,29325.0,0.0,-759.0,0.0,,2026-07-24T11:48:55.841922+08:00
2603,2024-06-27,-7240882.0,7283029.0,-1088128.0,-1045981.0,29823.0,238.0,498.0,238.0,,2026-07-24T11:48:55.841922+08:00
2603,2024-06-28,-314141.0,-3363873.0,-2906385.0,-6584399.0,30649.0,276.0,826.0,38.0,,2026-07-24T11:48:55.841922+08:00
2603,2024-07-01,-560210.0,-50272.0,-2668509.0,-3278991.0,30149.0,345.0,-500.0,69.0,,2026-07-24T11:48:55.841922+08:00
2603,2024-07-02,-279458.0,-10416.0,-3660275.0,-3950149.0,30612.0,276.0,463.0,-69.0,,2026-07-24T11:48:55.841922+08:00
2603,2024-07-03,497327.0,2924000.0,-5552523.0,-2131196.0,31555.0,237.0,943.0,-39.0,,2026-07-24T11:48:55.841922+08:00
2603,2024-07-04,-3021017.0,-3577562.0,-1875952.0,-8474531.0,32512.0,218.0,957.0,-19.0,,2026-07-24T11:48:55.841922+08:00
2603,2024-07-05,-2210179.0,-7702833.0,-1043761.0,-10956773.0,32372.0,265.0,-140.0,47.0,,2026-07-24T11:48:55.841922+08:00
2603,2024-07-08,-1867698.0,-1895440.0,-7685.0,-3770823.0,32077.0,874.0,-295.0,609.0,,2026-07-24T11:48:55.841922+08:00
2603,2024-07-09,-333335.0,-6412578.0,-413210.0,-7159123.0,33082.0,904.0,1005.0,30.0,,2026-07-24T11:48:55.841922+08:00
2603,2024-07-10,-14498.0,-4688649.0,-897000.0,-5600147.0,33036.0,876.0,-46.0,-28.0,,2026-07-24T11:48:55.841922+08:00
2603,2024-07-11,-1023307.0,-2309825.0,-425000.0,-3758132.0,33254.0,791.0,218.0,-85.0,,2026-07-24T11:48:55.841922+08:00
2603,2024-07-12,-528926.0,-1354297.0,-201247.0,-2084470.0,32430.0,993.0,-824.0,202.0,,2026-07-24T11:48:55.841922+08:00
2603,2024-07-15,-42921.0,168285.0,-251416.0,-126052.0,32414.0,705.0,-16.0,-288.0,,2026-07-24T11:48:55.841922+08:00
2603,2024-07-16,-499078.0,-3476762.0,-1283000.0,-5258840.0,32783.0,590.0,369.0,-115.0,,2026-07-24T11:48:55.841922+08:00
2603,2024-07-17,1853880.0,9140641.0,1799170.0,12793691.0,33152.0,628.0,369.0,38.0,,2026-07-24T11:48:55.841922+08:00
2603,2024-07-18,246383.0,-3853065.0,619953.0,-2986729.0,33320.0,625.0,168.0,-3.0,,2026-07-24T11:48:55.841922+08:00
2603,2024-07-19,-347943.0,-7186075.0,-1116000.0,-8650018.0,33521.0,612.0,201.0,-13.0,,2026-07-24T11:48:55.841922+08:00
2603,2024-07-22,-99706.0,930854.0,-1063187.0,-232039.0,32481.0,727.0,-1040.0,115.0,,2026-07-24T11:48:55.841922+08:00
2603,2024-07-23,1038638.0,-939574.0,805597.0,904661.0,32251.0,741.0,-230.0,14.0,,2026-07-24T11:48:55.841922+08:00
2603,2024-07-26,-931259.0,-1324183.0,1278000.0,-977442.0,32436.0,979.0,185.0,238.0,,2026-07-24T11:48:55.841922+08:00
2603,2024-07-29,-1556025.0,-4439500.0,34000.0,-5961525.0,32887.0,730.0,451.0,-249.0,,2026-07-24T11:48:55.841922+08:00
2603,2024-07-30,-221601.0,2157859.0,447000.0,2383258.0,32849.0,1097.0,-38.0,367.0,,2026-07-24T11:48:55.841922+08:00
2603,2024-07-31,3451.0,1462727.0,36596.0,1502774.0,32608.0,1165.0,-241.0,68.0,,2026-07-24T11:48:55.841922+08:00
2603,2024-08-01,591140.0,1929488.0,1639788.0,4160416.0,32264.0,1432.0,-344.0,267.0,,2026-07-24T11:48:55.841922+08:00
2603,2024-08-02,-1195655.0,-5783109.0,1972194.0,-5006570.0,33188.0,1315.0,924.0,-117.0,,2026-07-24T11:48:55.841922+08:00
2603,2024-08-05,-4520437.0,-3783272.0,1105391.0,-7198318.0,33165.0,589.0,-23.0,-726.0,,2026-07-24T11:48:55.841922+08:00
2603,2024-08-06,188625.0,-1165655.0,994762.0,17732.0,33655.0,713.0,490.0,124.0,,2026-07-24T11:48:55.841922+08:00
2603,2024-08-07,1558813.0,1399670.0,757549.0,3716032.0,34976.0,881.0,1321.0,168.0,,2026-07-24T11:48:55.841922+08:00
2603,2024-08-08,-477188.0,-5666471.0,1417511.0,-4726148.0,34949.0,825.0,-27.0,-56.0,,2026-07-24T11:48:55.841922+08:00
2603,2024-08-09,-2526613.0,-4021532.0,752656.0,-5795489.0,36004.0,1164.0,1055.0,339.0,,2026-07-24T11:48:55.841922+08:00
2603,2024-08-12,931416.0,3352929.0,25357.0,4309702.0,37707.0,995.0,1703.0,-169.0,,2026-07-24T11:48:55.841922+08:00
2603,2024-08-13,-297528.0,-1295497.0,484132.0,-1108893.0,37512.0,1704.0,-195.0,709.0,,2026-07-24T11:48:55.841922+08:00
2603,2024-08-14,-2361501.0,8321470.0,-53763.0,5906206.0,34314.0,1662.0,-3198.0,-42.0,,2026-07-24T11:48:55.841922+08:00
2603,2024-08-15,987844.0,8435395.0,25847.0,9449086.0,33011.0,1701.0,-1303.0,39.0,,2026-07-24T11:48:55.841922+08:00
2603,2024-08-16,-931066.0,725826.0,285233.0,79993.0,33139.0,1940.0,128.0,239.0,,2026-07-24T11:48:55.841922+08:00
2603,2024-08-19,-393599.0,1129088.0,179492.0,914981.0,32676.0,1937.0,-463.0,-3.0,,2026-07-24T11:48:55.841922+08:00
2603,2024-08-20,-725864.0,2016589.0,569108.0,1859833.0,32209.0,1927.0,-467.0,-10.0,,2026-07-24T11:48:55.841922+08:00
2603,2024-08-21,-2410055.0,1381099.0,527264.0,-501692.0,32088.0,1960.0,-121.0,33.0,,2026-07-24T11:48:55.841922+08:00
2603,2024-08-22,255788.0,4212551.0,223878.0,4692217.0,31664.0,1963.0,-424.0,3.0,,2026-07-24T11:48:55.841922+08:00
2603,2024-08-23,-224172.0,868136.0,340808.0,984772.0,31601.0,1777.0,-63.0,-186.0,,2026-07-24T11:48:55.841922+08:00
2603,2024-08-26,-1414242.0,1698247.0,388808.0,672813.0,31768.0,1774.0,167.0,-3.0,,2026-07-24T11:48:55.841922+08:00
2603,2024-08-27,-1152900.0,-5866416.0,422808.0,-6596508.0,31930.0,1503.0,162.0,-271.0,,2026-07-24T11:48:55.841922+08:00
2603,2024-08-28,-1079591.0,2956870.0,-251192.0,1626087.0,31421.0,1316.0,-509.0,-187.0,,2026-07-24T11:48:55.841922+08:00
2603,2024-08-29,-228290.0,-497741.0,774000.0,47969.0,31643.0,1309.0,222.0,-7.0,,2026-07-24T11:48:55.841922+08:00
2603,2024-08-30,-535873.0,6250166.0,12000.0,5726293.0,30733.0,1377.0,-910.0,68.0,,2026-07-24T11:48:55.841922+08:00
2603,2024-09-02,-1663218.0,-10038546.0,1374617.0,-10327147.0,32169.0,1099.0,1436.0,-278.0,,2026-07-24T11:48:55.841922+08:00
2603,2024-09-03,-447692.0,1842552.0,1151000.0,2545860.0,31734.0,966.0,-435.0,-133.0,,2026-07-24T11:48:55.841922+08:00
2603,2024-09-04,-2897513.0,-2274248.0,2963719.0,-2208042.0,31485.0,859.0,-249.0,-107.0,,2026-07-24T11:48:55.841922+08:00
2603,2024-09-05,-1179540.0,-1456659.0,3120609.0,484410.0,31299.0,901.0,-186.0,42.0,,2026-07-24T11:48:55.841922+08:00
2603,2024-09-06,-50808.0,-921990.0,916997.0,-55801.0,31509.0,901.0,210.0,0.0,,2026-07-24T11:48:55.841922+08:00
2603,2024-09-09,165406.0,-72738.0,2545935.0,2638603.0,31197.0,893.0,-312.0,-8.0,,2026-07-24T11:48:55.841922+08:00
2603,2024-09-10,-157271.0,-2848140.0,1568502.0,-1436909.0,31256.0,869.0,59.0,-24.0,,2026-07-24T11:48:55.841922+08:00
2603,2024-09-11,435209.0,7273015.0,673969.0,8382193.0,30455.0,1044.0,-801.0,175.0,,2026-07-24T11:48:55.841922+08:00
2603,2024-09-12,-302722.0,3053762.0,514617.0,3265657.0,30454.0,1063.0,-1.0,19.0,,2026-07-24T11:48:55.841922+08:00
2603,2024-09-13,-176627.0,4843846.0,965000.0,5632219.0,29768.0,1155.0,-686.0,92.0,,2026-07-24T11:48:55.841922+08:00
2603,2024-09-16,-362088.0,-2559770.0,1293808.0,-1628050.0,30142.0,1081.0,374.0,-74.0,,2026-07-24T11:48:55.841922+08:00
2603,2024-09-18,387408.0,7511117.0,389000.0,8287525.0,29126.0,1170.0,-1016.0,89.0,,2026-07-24T11:48:55.841922+08:00
2603,2024-09-19,639486.0,12319678.0,-158000.0,12801164.0,28639.0,1500.0,-487.0,330.0,,2026-07-24T11:48:55.841922+08:00
2603,2024-09-20,-67787.0,961747.0,-228365.0,665595.0,28758.0,1458.0,119.0,-42.0,,2026-07-24T11:48:55.841922+08:00
2603,2024-09-23,764380.0,16746159.0,407000.0,17917539.0,27991.0,1690.0,-767.0,232.0,,2026-07-24T11:48:55.841922+08:00
2603,2024-09-24,391402.0,21934201.0,2029000.0,24354603.0,26529.0,1906.0,-1462.0,216.0,,2026-07-24T11:48:55.841922+08:00
2603,2024-09-25,104149.0,14156383.0,1138000.0,15398532.0,26185.0,2118.0,-344.0,212.0,,2026-07-24T11:48:55.841922+08:00
2603,2024-09-26,-1625585.0,12977639.0,1312111.0,12664165.0,25140.0,2141.0,-1045.0,23.0,,2026-07-24T11:48:55.841922+08:00
2603,2024-09-27,85148.0,8758393.0,-77000.0,8766541.0,24823.0,2439.0,-317.0,298.0,,2026-07-24T11:48:55.841922+08:00
2603,2024-09-30,-465109.0,-4330397.0,-142678.0,-4938184.0,24802.0,1962.0,-21.0,-477.0,,2026-07-24T11:48:55.841922+08:00
2603,2024-10-01,384818.0,4798422.0,-108000.0,5075240.0,24616.0,2125.0,-186.0,163.0,,2026-07-24T11:48:55.841922+08:00
2603,2024-10-04,-1183109.0,-27928374.0,631000.0,-28480483.0,26447.0,1524.0,1831.0,-601.0,,2026-07-24T11:48:55.841922+08:00
2603,2024-10-07,141165.0,-2383749.0,470662.0,-1771922.0,26774.0,1502.0,327.0,-22.0,,2026-07-24T11:48:55.841922+08:00
2603,2024-10-08,-196700.0,-498241.0,348998.0,-345943.0,26474.0,1502.0,-300.0,0.0,,2026-07-24T11:48:55.841922+08:00
2603,2024-10-09,-440794.0,-10325567.0,15488.0,-10750873.0,27017.0,1135.0,543.0,-367.0,,2026-07-24T11:48:55.841922+08:00
2603,2024-10-11,258661.0,522391.0,-430615.0,350437.0,26941.0,1146.0,-76.0,11.0,,2026-07-24T11:48:55.841922+08:00
2603,2024-10-14,98291.0,1316245.0,297283.0,1711819.0,26428.0,1140.0,-513.0,-6.0,,2026-07-24T11:48:55.841922+08:00
2603,2024-10-15,190455.0,1009492.0,-787307.0,412640.0,26450.0,1145.0,22.0,5.0,,2026-07-24T11:48:55.841922+08:00
2603,2024-10-16,-52407.0,682106.0,1162898.0,1792597.0,26413.0,1169.0,-37.0,24.0,,2026-07-24T11:48:55.841922+08:00
2603,2024-10-17,1184571.0,8671599.0,721795.0,10577965.0,25409.0,1383.0,-1004.0,214.0,,2026-07-24T11:48:55.841922+08:00
2603,2024-10-18,-251202.0,730340.0,-345000.0,134138.0,25291.0,1405.0,-118.0,22.0,,2026-07-24T11:48:55.841922+08:00
2603,2024-10-21,822187.0,8313717.0,306258.0,9442162.0,25089.0,1545.0,-202.0,140.0,,2026-07-24T11:48:55.841922+08:00
2603,2024-10-22,-39477.0,4211256.0,1492707.0,5664486.0,25055.0,1689.0,-34.0,144.0,,2026-07-24T11:48:55.841922+08:00
2603,2024-10-23,-436467.0,1311994.0,19713.0,895240.0,25395.0,1708.0,340.0,19.0,,2026-07-24T11:48:55.841922+08:00
2603,2024-10-24,299278.0,2562433.0,26820.0,2888531.0,25148.0,1752.0,-247.0,44.0,,2026-07-24T11:48:55.841922+08:00
2603,2024-10-25,333862.0,1833257.0,14525.0,2181644.0,25713.0,1861.0,565.0,109.0,,2026-07-24T11:48:55.841922+08:00
2603,2024-10-28,462395.0,-2898477.0,139050.0,-2297032.0,26324.0,1866.0,611.0,5.0,,2026-07-24T11:48:55.841922+08:00
2603,2024-10-29,-776077.0,2677676.0,1687574.0,3589173.0,26057.0,1805.0,-267.0,-61.0,,2026-07-24T11:48:55.841922+08:00
2603,2024-10-30,-62496.0,1809527.0,542000.0,2289031.0,26320.0,1962.0,263.0,157.0,,2026-07-24T11:48:55.841922+08:00
2603,2024-11-01,1355973.0,12965609.0,1504525.0,15826107.0,27875.0,2397.0,1555.0,435.0,,2026-07-24T11:48:55.841922+08:00
2603,2024-11-04,-22171.0,333197.0,35622.0,346648.0,25845.0,2368.0,-2030.0,-29.0,,2026-07-24T11:48:55.841922+08:00
2603,2024-11-05,304838.0,7733390.0,1383299.0,9421527.0,25944.0,2532.0,99.0,164.0,,2026-07-24T11:48:55.841922+08:00
2603,2024-11-06,-72066.0,623324.0,359000.0,910258.0,26139.0,2379.0,195.0,-153.0,,2026-07-24T11:48:55.841922+08:00
2603,2024-11-07,1092467.0,-1455804.0,79524.0,-283813.0,27550.0,2231.0,1411.0,-148.0,,2026-07-24T11:48:55.841922+08:00
2603,2024-11-08,-91482.0,7623621.0,451000.0,7983139.0,27475.0,2217.0,-75.0,-14.0,,2026-07-24T11:48:55.841922+08:00
2603,2024-11-11,204549.0,1600039.0,138000.0,1942588.0,27559.0,2218.0,84.0,1.0,,2026-07-24T11:48:55.841922+08:00
2603,2024-11-12,-413939.0,-3132523.0,888000.0,-2658462.0,27892.0,2233.0,333.0,15.0,,2026-07-24T11:48:55.841922+08:00
2603,2024-11-13,182646.0,-3560391.0,321144.0,-3056601.0,29019.0,3002.0,1127.0,769.0,,2026-07-24T11:48:55.841922+08:00
2603,2024-11-14,-934864.0,-1526235.0,393000.0,-2068099.0,28091.0,2404.0,-928.0,-598.0,,2026-07-24T11:48:55.841922+08:00
2603,2024-11-15,239395.0,17978658.0,1929206.0,20147259.0,27537.0,2620.0,-554.0,216.0,,2026-07-24T11:48:55.841922+08:00
2603,2024-11-18,-424015.0,-2964263.0,2146048.0,-1242230.0,27004.0,2588.0,-533.0,-32.0,,2026-07-24T11:48:55.841922+08:00
2603,2024-11-19,-622315.0,18515072.0,1662287.0,19555044.0,25965.0,3117.0,-1039.0,529.0,,2026-07-24T11:48:55.841922+08:00
2603,2024-11-20,322362.0,-2601606.0,1002539.0,-1276705.0,26515.0,3079.0,550.0,-38.0,,2026-07-24T11:48:55.841922+08:00
2603,2024-11-21,-21929.0,4613888.0,1821966.0,6413925.0,26287.0,3309.0,-228.0,230.0,,2026-07-24T11:48:55.841922+08:00
2603,2024-11-22,271530.0,-618182.0,993000.0,646348.0,25655.0,3223.0,-632.0,-86.0,,2026-07-24T11:48:55.841922+08:00
2603,2024-11-25,1501857.0,-14845857.0,2161997.0,-11182003.0,25984.0,2821.0,329.0,-402.0,,2026-07-24T11:48:55.841922+08:00
2603,2024-11-26,24701.0,7393430.0,-66000.0,7352131.0,24935.0,3498.0,-1049.0,677.0,,2026-07-24T11:48:55.841922+08:00
2603,2024-11-27,-1232624.0,-8981455.0,1336359.0,-8877720.0,26884.0,3383.0,1949.0,-115.0,,2026-07-24T11:48:55.841922+08:00
2603,2024-11-28,-108211.0,99171.0,1428931.0,1419891.0,26546.0,3560.0,-338.0,177.0,,2026-07-24T11:48:55.841922+08:00
2603,2024-11-29,-54323.0,-3892783.0,-608000.0,-4555106.0,26590.0,3918.0,44.0,358.0,,2026-07-24T11:48:55.841922+08:00
2603,2024-12-02,-5378.0,1736558.0,-71000.0,1660180.0,26070.0,4009.0,-520.0,91.0,,2026-07-24T11:48:55.841922+08:00
2603,2024-12-03,959317.0,2345228.0,1447000.0,4751545.0,25598.0,4195.0,-472.0,186.0,,2026-07-24T11:48:55.841922+08:00
2603,2024-12-04,-3736.0,-1136727.0,476719.0,-663744.0,25674.0,3971.0,76.0,-224.0,,2026-07-24T11:48:55.841922+08:00
2603,2024-12-05,-8706.0,-2799152.0,-511461.0,-3319319.0,25863.0,3976.0,189.0,5.0,,2026-07-24T11:48:55.841922+08:00
2603,2024-12-06,465040.0,2102236.0,-109820.0,2457456.0,25723.0,4001.0,-140.0,25.0,,2026-07-24T11:48:55.841922+08:00
2603,2024-12-09,467339.0,614405.0,144000.0,1225744.0,26853.0,3923.0,1130.0,-78.0,,2026-07-24T11:48:55.841922+08:00
2603,2024-12-10,-279597.0,-2967814.0,890969.0,-2356442.0,27252.0,3893.0,399.0,-30.0,,2026-07-24T11:48:55.841922+08:00
2603,2024-12-11,-214890.0,-2229563.0,768180.0,-1676273.0,27114.0,3864.0,-138.0,-29.0,,2026-07-24T11:48:55.841922+08:00
2603,2024-12-12,288178.0,907336.0,1073000.0,2268514.0,25782.0,3883.0,-1332.0,19.0,,2026-07-24T11:48:55.841922+08:00
2603,2024-12-13,-408679.0,1727454.0,601000.0,1919775.0,26358.0,3905.0,576.0,22.0,,2026-07-24T11:48:55.841922+08:00
2603,2024-12-16,-1308992.0,-166477.0,1407532.0,-67937.0,25784.0,3955.0,-574.0,50.0,,2026-07-24T11:48:55.841922+08:00
2603,2024-12-17,-151936.0,4476099.0,1622596.0,5946759.0,24694.0,4053.0,-1090.0,98.0,,2026-07-24T11:48:55.841922+08:00
2603,2024-12-18,-2347728.0,-2792635.0,0.0,-5140363.0,26124.0,3969.0,1430.0,-84.0,,2026-07-24T11:48:55.841922+08:00
2603,2024-12-19,452662.0,997763.0,-3847078.0,-2396653.0,25505.0,3451.0,-619.0,-518.0,,2026-07-24T11:48:55.841922+08:00
2603,2024-12-20,322444.0,-7590443.0,8836722.0,1568723.0,25725.0,3507.0,220.0,56.0,,2026-07-24T11:48:55.841922+08:00
2603,2024-12-23,-84676.0,-15160342.0,10773000.0,-4472018.0,26037.0,3089.0,312.0,-418.0,,2026-07-24T11:48:55.841922+08:00
2603,2024-12-24,564729.0,2323426.0,9858000.0,12746155.0,24444.0,3170.0,-1593.0,81.0,,2026-07-24T11:48:55.841922+08:00
2603,2024-12-25,585006.0,-13293254.0,10582000.0,-2126248.0,24682.0,3162.0,238.0,-8.0,,2026-07-24T11:48:55.841922+08:00
2603,2024-12-26,438161.0,-11939550.0,10725555.0,-775834.0,25517.0,3139.0,835.0,-23.0,,2026-07-24T11:48:55.841922+08:00
2603,2024-12-27,286261.0,-6078270.0,-2128000.0,-7920009.0,26260.0,2991.0,743.0,-148.0,,2026-07-24T11:48:55.841922+08:00
2603,2024-12-30,-193950.0,-146080.0,-436676.0,-776706.0,25908.0,2830.0,-352.0,-161.0,,2026-07-24T11:48:55.841922+08:00
2603,2024-12-31,470170.0,-1963943.0,-195466.0,-1689239.0,26614.0,2790.0,706.0,-40.0,,2026-07-24T11:48:55.841922+08:00
2603,2025-01-02,536982.0,2778035.0,-942000.0,2373017.0,26347.0,2790.0,-267.0,0.0,,2026-07-24T11:48:55.841922+08:00
2603,2025-01-03,219786.0,6167983.0,327000.0,6714769.0,24992.0,2872.0,-1355.0,82.0,,2026-07-24T11:48:55.841922+08:00
2603,2025-01-06,333228.0,1038751.0,-29000.0,1342979.0,24156.0,2799.0,-836.0,-73.0,,2026-07-24T11:48:55.841922+08:00
2603,2025-01-07,-337557.0,-2041309.0,-672000.0,-3050866.0,24399.0,2763.0,243.0,-36.0,,2026-07-24T11:48:55.841922+08:00
2603,2025-01-08,365930.0,648826.0,-296475.0,718281.0,24013.0,2607.0,-386.0,-156.0,,2026-07-24T11:48:55.841922+08:00
2603,2025-01-09,-543452.0,-27690713.0,-1488000.0,-29722165.0,25245.0,2433.0,1232.0,-174.0,,2026-07-24T11:48:55.841922+08:00
2603,2025-01-10,408348.0,2703038.0,956499.0,4067885.0,24559.0,2818.0,-686.0,385.0,,2026-07-24T11:48:55.841922+08:00
2603,2025-01-13,47698.0,-8834936.0,1570000.0,-7217238.0,24437.0,2448.0,-122.0,-370.0,,2026-07-24T11:48:55.841922+08:00
2603,2025-01-14,231957.0,-601313.0,474000.0,104644.0,24266.0,2339.0,-171.0,-109.0,,2026-07-24T11:48:55.841922+08:00
2603,2025-01-15,480785.0,-5262493.0,-238000.0,-5019708.0,24169.0,2209.0,-97.0,-130.0,,2026-07-24T11:48:55.841922+08:00
2603,2025-01-16,983233.0,-2426900.0,-1624866.0,-3068533.0,24082.0,2081.0,-87.0,-128.0,,2026-07-24T11:48:55.841922+08:00
2603,2025-01-17,697215.0,-427532.0,988842.0,1258525.0,23910.0,2267.0,-172.0,186.0,,2026-07-24T11:48:55.841922+08:00
2603,2025-01-20,14972.0,-2848891.0,323000.0,-2510919.0,23881.0,2128.0,-29.0,-139.0,,2026-07-24T11:48:55.841922+08:00
2603,2025-01-21,-107941.0,-482481.0,55120.0,-535302.0,23658.0,1946.0,-223.0,-182.0,,2026-07-24T11:48:55.841922+08:00
2603,2025-01-22,205569.0,1145251.0,64000.0,1414820.0,23230.0,1792.0,-428.0,-154.0,,2026-07-24T11:48:55.841922+08:00
2603,2025-02-03,631453.0,-507998.0,791949.0,915404.0,22978.0,1829.0,-252.0,37.0,,2026-07-24T11:48:55.841922+08:00
2603,2025-02-04,72445.0,-9053738.0,-711000.0,-9692293.0,23776.0,1681.0,798.0,-148.0,,2026-07-24T11:48:55.841922+08:00
2603,2025-02-05,-260347.0,9442058.0,-198000.0,8983711.0,22781.0,1754.0,-995.0,73.0,,2026-07-24T11:48:55.841922+08:00
2603,2025-02-06,-139857.0,-204874.0,114474.0,-230257.0,22842.0,1806.0,61.0,52.0,,2026-07-24T11:48:55.841922+08:00
2603,2025-02-07,234624.0,-4202135.0,1517000.0,-2450511.0,23243.0,1681.0,401.0,-125.0,,2026-07-24T11:48:55.841922+08:00
2603,2025-02-10,-11141.0,77355.0,1734636.0,1800850.0,23239.0,1730.0,-4.0,49.0,,2026-07-24T11:48:55.841922+08:00
2603,2025-02-11,-27664.0,1874394.0,2221768.0,4068498.0,22785.0,1828.0,-454.0,98.0,,2026-07-24T11:48:55.841922+08:00
2603,2025-02-12,148203.0,3980135.0,-4072910.0,55428.0,23017.0,1825.0,232.0,-3.0,,2026-07-24T11:48:55.841922+08:00
2603,2025-02-13,19331.0,1814457.0,-264526.0,1569262.0,22830.0,1800.0,-187.0,-25.0,,2026-07-24T11:48:55.841922+08:00
2603,2025-02-14,-27263.0,25163.0,-3704873.0,-3706973.0,22989.0,1760.0,159.0,-40.0,,2026-07-24T11:48:55.841922+08:00
2603,2025-02-17,166834.0,3532789.0,640805.0,4340428.0,22364.0,1755.0,-625.0,-5.0,,2026-07-24T11:48:55.841922+08:00
2603,2025-02-18,-467700.0,852109.0,2220482.0,2604891.0,22363.0,1799.0,-1.0,44.0,,2026-07-24T11:48:55.841922+08:00
2603,2025-02-19,-529169.0,-277221.0,158000.0,-648390.0,22526.0,1765.0,163.0,-34.0,,2026-07-24T11:48:55.841922+08:00
2603,2025-02-20,227621.0,-1692243.0,-2127511.0,-3592133.0,22980.0,1686.0,454.0,-79.0,,2026-07-24T11:48:55.841922+08:00
2603,2025-02-21,192898.0,-339458.0,-2129000.0,-2275560.0,23049.0,1682.0,69.0,-4.0,,2026-07-24T11:48:55.841922+08:00
2603,2025-02-24,-687264.0,11153469.0,4072842.0,14539047.0,21696.0,1877.0,-1353.0,195.0,,2026-07-24T11:48:55.841922+08:00
2603,2025-02-25,-290931.0,-1116874.0,537589.0,-870216.0,21639.0,1820.0,-57.0,-57.0,,2026-07-24T11:48:55.841922+08:00
2603,2025-02-26,49790.0,-798826.0,-608379.0,-1357415.0,21932.0,1812.0,293.0,-8.0,,2026-07-24T11:48:55.841922+08:00
2603,2025-02-27,434895.0,-1261849.0,-2342250.0,-3169204.0,22032.0,1792.0,100.0,-20.0,,2026-07-24T11:48:55.841922+08:00
2603,2025-03-03,560529.0,1044874.0,1440311.0,3045714.0,21769.0,1795.0,-263.0,3.0,,2026-07-24T11:48:55.841922+08:00
2603,2025-03-04,71621.0,-1336329.0,2149426.0,884718.0,21701.0,1813.0,-68.0,18.0,,2026-07-24T11:48:55.841922+08:00
2603,2025-03-05,-140022.0,-2074930.0,1275206.0,-939746.0,21729.0,1813.0,28.0,0.0,,2026-07-24T11:48:55.841922+08:00
2603,2025-03-06,-389573.0,1127287.0,1558049.0,2295763.0,21817.0,1799.0,88.0,-14.0,,2026-07-24T11:48:55.841922+08:00
2603,2025-03-07,18436.0,7047285.0,2178460.0,9244181.0,21659.0,1898.0,-158.0,99.0,,2026-07-24T11:48:55.841922+08:00
2603,2025-03-10,213152.0,-4678392.0,1273798.0,-3191442.0,21685.0,1823.0,26.0,-75.0,,2026-07-24T11:48:55.841922+08:00
2603,2025-03-11,66776.0,140761.0,587278.0,794815.0,23901.0,1710.0,2216.0,-113.0,,2026-07-24T11:48:55.841922+08:00
2603,2025-03-12,623067.0,1691691.0,-2483794.0,-169036.0,26932.0,1769.0,3031.0,59.0,,2026-07-24T11:48:55.841922+08:00
2603,2025-03-13,154015.0,-1309237.0,-8636314.0,-9791536.0,27784.0,1751.0,852.0,-18.0,,2026-07-24T11:48:55.841922+08:00
2603,2025-03-14,242205.0,-16875559.0,-6291575.0,-22924929.0,30092.0,1514.0,2308.0,-237.0,,2026-07-24T11:48:55.841922+08:00
2603,2025-03-17,85968.0,4917714.0,16389843.0,21393525.0,27630.0,1805.0,-2462.0,291.0,,2026-07-24T11:48:55.841922+08:00
2603,2025-03-18,-207953.0,-1003456.0,4337407.0,3125998.0,27355.0,1429.0,-275.0,-376.0,,2026-07-24T11:48:55.841922+08:00
2603,2025-03-19,-327501.0,-4358388.0,2567848.0,-2118041.0,27521.0,1255.0,166.0,-174.0,,2026-07-24T11:48:55.841922+08:00
2603,2025-03-20,174824.0,-2020862.0,3202848.0,1356810.0,27652.0,1003.0,131.0,-252.0,,2026-07-24T11:48:55.841922+08:00
2603,2025-03-21,-51411.0,-5769680.0,3399855.0,-2421236.0,27501.0,4.0,-151.0,-999.0,,2026-07-24T11:48:55.841922+08:00
2603,2025-03-24,285831.0,-752184.0,1703382.0,1237029.0,27139.0,0.0,-362.0,-4.0,,2026-07-24T11:48:55.841922+08:00
2603,2025-03-25,-7151.0,1990130.0,1853846.0,3836825.0,24888.0,0.0,-2251.0,0.0,,2026-07-24T11:48:55.841922+08:00
2603,2025-03-26,187596.0,-556008.0,2431000.0,2062588.0,23274.0,0.0,-1614.0,0.0,,2026-07-24T11:48:55.841922+08:00
2603,2025-03-27,576477.0,-5729052.0,3234000.0,-1918575.0,23128.0,276.0,-146.0,276.0,,2026-07-24T11:48:55.841922+08:00
2603,2025-03-28,619132.0,-5808075.0,2938000.0,-2250943.0,22930.0,394.0,-198.0,118.0,,2026-07-24T11:48:55.841922+08:00
2603,2025-03-31,1097683.0,-2749317.0,3539429.0,1887795.0,22469.0,391.0,-461.0,-3.0,,2026-07-24T11:48:55.841922+08:00
2603,2025-04-01,332643.0,1491543.0,2408000.0,4232186.0,22122.0,433.0,-347.0,42.0,,2026-07-24T11:48:55.841922+08:00
2603,2025-04-02,239772.0,333219.0,522000.0,1094991.0,21675.0,501.0,-447.0,68.0,,2026-07-24T11:48:55.841922+08:00
2603,2025-04-07,-216688.0,282648.0,0.0,65960.0,21600.0,872.0,-75.0,371.0,,2026-07-24T11:48:55.841922+08:00
2603,2025-04-08,-1250439.0,-2711221.0,1047352.0,-2914308.0,18912.0,767.0,-2688.0,-105.0,,2026-07-24T11:48:55.841922+08:00
2603,2025-04-09,1171877.0,-7051408.0,931450.0,-4948081.0,16993.0,1048.0,-1919.0,281.0,,2026-07-24T11:48:55.841922+08:00
2603,2025-04-10,320982.0,-1027851.0,0.0,-706869.0,16795.0,1038.0,-198.0,-10.0,,2026-07-24T11:48:55.841922+08:00
2603,2025-04-11,-265847.0,2881578.0,2358654.0,4974385.0,17082.0,1241.0,287.0,203.0,,2026-07-24T11:48:55.841922+08:00
2603,2025-04-14,-78259.0,-7128673.0,2336893.0,-4870039.0,17129.0,1826.0,47.0,585.0,,2026-07-24T11:48:55.841922+08:00
2603,2025-04-15,569004.0,-2556304.0,576891.0,-1410409.0,17214.0,1792.0,85.0,-34.0,,2026-07-24T11:48:55.841922+08:00
2603,2025-04-16,317766.0,-2016555.0,1381613.0,-317176.0,16538.0,1727.0,-676.0,-65.0,,2026-07-24T11:48:55.841922+08:00
2603,2025-04-17,144354.0,-2713552.0,-657000.0,-3226198.0,17042.0,1688.0,504.0,-39.0,,2026-07-24T11:48:55.841922+08:00
2603,2025-04-18,116815.0,-2538792.0,497843.0,-1924134.0,17371.0,2126.0,329.0,438.0,,2026-07-24T11:48:55.841922+08:00
2603,2025-04-21,-247343.0,-1830819.0,1874000.0,-204162.0,16000.0,1882.0,-1371.0,-244.0,,2026-07-24T11:48:55.841922+08:00
2603,2025-04-22,621713.0,-714902.0,2166000.0,2072811.0,15606.0,2009.0,-394.0,127.0,,2026-07-24T11:48:55.841922+08:00
2603,2025-04-23,648795.0,388961.0,839615.0,1877371.0,15634.0,1793.0,28.0,-216.0,,2026-07-24T11:48:55.841922+08:00
2603,2025-04-24,-45608.0,-470687.0,426015.0,-90280.0,15685.0,1871.0,51.0,78.0,,2026-07-24T11:48:55.841922+08:00
2603,2025-04-25,-47467.0,-2117687.0,-763961.0,-2929115.0,15909.0,1759.0,224.0,-112.0,,2026-07-24T11:48:55.841922+08:00
2603,2025-04-28,505317.0,-279386.0,-99092.0,126839.0,15857.0,2130.0,-52.0,371.0,,2026-07-24T11:48:55.841922+08:00
2603,2025-04-29,610104.0,855023.0,124615.0,1589742.0,15515.0,1888.0,-342.0,-242.0,,2026-07-24T11:48:55.841922+08:00
2603,2025-04-30,325290.0,-2045747.0,-229675.0,-1950132.0,15582.0,1980.0,67.0,92.0,,2026-07-24T11:48:55.841922+08:00
2603,2025-05-02,154171.0,4479187.0,-53317.0,4580041.0,15288.0,1828.0,-294.0,-152.0,,2026-07-24T11:48:55.841922+08:00
2603,2025-05-05,-339639.0,-1248067.0,-744855.0,-2332561.0,15622.0,1605.0,334.0,-223.0,,2026-07-24T11:48:55.841922+08:00
2603,2025-05-06,-187622.0,1287649.0,454631.0,1554658.0,15444.0,1594.0,-178.0,-11.0,,2026-07-24T11:48:55.841922+08:00
2603,2025-05-07,-72996.0,-3093423.0,-14309.0,-3180728.0,15808.0,1582.0,364.0,-12.0,,2026-07-24T11:48:55.841922+08:00
2603,2025-05-08,-189601.0,825110.0,-69351.0,566158.0,15810.0,1638.0,2.0,56.0,,2026-07-24T11:48:55.841922+08:00
2603,2025-05-09,-22654.0,4339237.0,-29231.0,4287352.0,15369.0,1600.0,-441.0,-38.0,,2026-07-24T11:48:55.841922+08:00
2603,2025-05-12,858087.0,3035655.0,2510709.0,6404451.0,15249.0,1669.0,-120.0,69.0,,2026-07-24T11:48:55.841922+08:00
2603,2025-05-13,3472472.0,15860654.0,1482974.0,20816100.0,15163.0,1765.0,-86.0,96.0,,2026-07-24T11:48:55.841922+08:00
2603,2025-05-14,2863180.0,21096496.0,654384.0,24614060.0,16549.0,2023.0,1386.0,258.0,,2026-07-24T11:48:55.841922+08:00
2603,2025-05-15,552703.0,-1313900.0,1762776.0,1001579.0,18481.0,2023.0,1932.0,0.0,,2026-07-24T11:48:55.841922+08:00
2603,2025-05-16,1699518.0,18548232.0,1002740.0,21250490.0,23077.0,2176.0,4596.0,153.0,,2026-07-24T11:48:55.841922+08:00
2603,2025-05-19,-97117.0,-4825394.0,1719668.0,-3202843.0,22940.0,1988.0,-137.0,-188.0,,2026-07-24T11:48:55.841922+08:00
2603,2025-05-20,1463108.0,389305.0,249003.0,2101416.0,21614.0,2025.0,-1326.0,37.0,,2026-07-24T11:48:55.841922+08:00
2603,2025-05-21,1248137.0,-2238682.0,-970808.0,-1961353.0,22272.0,1985.0,658.0,-40.0,,2026-07-24T11:48:55.841922+08:00
2603,2025-05-22,-307389.0,5704276.0,1210871.0,6607758.0,22047.0,2003.0,-225.0,18.0,,2026-07-24T11:48:55.841922+08:00
2603,2025-05-23,-501146.0,-1507.0,550384.0,47731.0,18861.0,2032.0,-3186.0,29.0,,2026-07-24T11:48:55.841922+08:00
2603,2025-05-26,-269488.0,1243613.0,289275.0,1263400.0,18529.0,2106.0,-332.0,74.0,,2026-07-24T11:48:55.841922+08:00
2603,2025-05-27,-442791.0,2154164.0,556978.0,2268351.0,17397.0,1991.0,-1132.0,-115.0,,2026-07-24T11:48:55.841922+08:00
2603,2025-05-28,-740140.0,-724655.0,-13000.0,-1477795.0,17125.0,1956.0,-272.0,-35.0,,2026-07-24T11:48:55.841922+08:00
2603,2025-05-29,143324.0,-203918.0,-761085.0,-821679.0,16197.0,1745.0,-928.0,-211.0,,2026-07-24T11:48:55.841922+08:00
2603,2025-06-02,-66902.0,-1398864.0,1468036.0,2270.0,16174.0,1757.0,-23.0,12.0,,2026-07-24T11:48:55.841922+08:00
2603,2025-06-03,7292.0,81579.0,2986580.0,3075451.0,15088.0,1866.0,-1086.0,109.0,,2026-07-24T11:48:55.841922+08:00
2603,2025-06-04,452151.0,-4937019.0,-4398534.0,-8883402.0,16744.0,1793.0,1656.0,-73.0,,2026-07-24T11:48:55.841922+08:00
2603,2025-06-05,166311.0,-17246913.0,-6976531.0,-24057133.0,17852.0,1769.0,1108.0,-24.0,,2026-07-24T11:48:55.841922+08:00
2603,2025-06-06,13376.0,-851961.0,-8097192.0,-8935777.0,18073.0,1644.0,221.0,-125.0,,2026-07-24T11:48:55.841922+08:00
2603,2025-06-09,945333.0,2350168.0,-7227151.0,-3931650.0,17600.0,1501.0,-473.0,-143.0,,2026-07-24T11:48:55.841922+08:00
2603,2025-06-10,801565.0,2527669.0,-5506119.0,-2176885.0,17625.0,1438.0,25.0,-63.0,,2026-07-24T11:48:55.841922+08:00
2603,2025-06-11,515282.0,2700610.0,-6101492.0,-2885600.0,17739.0,925.0,114.0,-513.0,,2026-07-24T11:48:55.841922+08:00
2603,2025-06-12,979579.0,-1524016.0,-7282459.0,-7826896.0,18230.0,684.0,491.0,-241.0,,2026-07-24T11:48:55.841922+08:00
2603,2025-06-13,689509.0,8103133.0,-7037636.0,1755006.0,16829.0,28.0,-1401.0,-656.0,,2026-07-24T11:48:55.841922+08:00
2603,2025-06-16,139996.0,-12148951.0,15356174.0,3347219.0,16254.0,0.0,-575.0,-28.0,,2026-07-24T11:48:55.841922+08:00
2603,2025-06-17,3121048.0,-15195178.0,15755477.0,3681347.0,16323.0,0.0,69.0,0.0,,2026-07-24T11:48:55.841922+08:00
2603,2025-06-18,17276871.0,-18301913.0,7583302.0,6558260.0,15059.0,0.0,-1264.0,0.0,,2026-07-24T11:48:55.841922+08:00
2603,2025-06-19,-15129866.0,-5012890.0,-4037495.0,-24180251.0,16864.0,103.0,1805.0,103.0,,2026-07-24T11:48:55.841922+08:00
2603,2025-06-20,-1918339.0,1065707.0,-3676422.0,-4529054.0,17155.0,271.0,291.0,168.0,,2026-07-24T11:48:55.841922+08:00
2603,2025-06-23,-605021.0,7427371.0,-5031794.0,1790556.0,17017.0,350.0,-138.0,79.0,,2026-07-24T11:48:55.841922+08:00
2603,2025-06-24,-615234.0,3820596.0,-3805043.0,-599681.0,16967.0,388.0,-50.0,38.0,,2026-07-24T11:48:55.841922+08:00
2603,2025-06-25,-337749.0,-2812871.0,-4472699.0,-7623319.0,17611.0,399.0,644.0,11.0,,2026-07-24T11:48:55.841922+08:00
2603,2025-06-26,-436683.0,3985295.0,-4623781.0,-1075169.0,17389.0,422.0,-222.0,23.0,,2026-07-24T11:48:55.841922+08:00
2603,2025-06-27,-1295252.0,505670.0,-876222.0,-1665804.0,17467.0,490.0,78.0,68.0,,2026-07-24T11:48:55.841922+08:00
2603,2025-06-30,-1029327.0,-5252035.0,-6975350.0,-13256712.0,17627.0,877.0,160.0,387.0,,2026-07-24T11:48:55.841922+08:00
2603,2025-07-01,-40816.0,1347799.0,-4958875.0,-3651892.0,17549.0,890.0,-78.0,13.0,,2026-07-24T11:48:55.841922+08:00
2603,2025-07-02,-53605.0,1080486.0,-726411.0,300470.0,17487.0,916.0,-62.0,26.0,,2026-07-24T11:48:55.841922+08:00
2603,2025-07-03,11501.0,2571543.0,-2562309.0,20735.0,17418.0,880.0,-69.0,-36.0,,2026-07-24T11:48:55.841922+08:00
2603,2025-07-04,-31358.0,-1681788.0,-204162.0,-1917308.0,17411.0,875.0,-7.0,-5.0,,2026-07-24T11:48:55.841922+08:00
2603,2025-07-07,230238.0,-1949230.0,-3073833.0,-4792825.0,17203.0,880.0,-208.0,5.0,,2026-07-24T11:48:55.841922+08:00
2603,2025-07-08,29629.0,-883854.0,-838572.0,-1692797.0,17081.0,1000.0,-122.0,120.0,,2026-07-24T11:48:55.841922+08:00
2603,2025-07-09,68450.0,2795716.0,-2959039.0,-94873.0,16961.0,935.0,-120.0,-65.0,,2026-07-24T11:48:55.841922+08:00
2603,2025-07-10,-571784.0,-2568392.0,-1180584.0,-4320760.0,17211.0,912.0,250.0,-23.0,,2026-07-24T11:48:55.841922+08:00
2603,2025-07-11,54859.0,3419725.0,-1746809.0,1727775.0,17083.0,897.0,-128.0,-15.0,,2026-07-24T11:48:55.841922+08:00
2603,2025-07-14,115367.0,283980.0,2922382.0,3321729.0,17115.0,979.0,32.0,82.0,,2026-07-24T11:48:55.841922+08:00
2603,2025-07-15,-111201.0,-4105468.0,104876.0,-4111793.0,17354.0,932.0,239.0,-47.0,,2026-07-24T11:48:55.841922+08:00
2603,2025-07-16,4775977.0,18066218.0,-2887363.0,19954832.0,17173.0,832.0,-181.0,-100.0,,2026-07-24T11:48:55.841922+08:00
2603,2025-07-17,77087.0,-3257896.0,-435246.0,-3616055.0,17698.0,853.0,525.0,21.0,,2026-07-24T11:48:55.841922+08:00
2603,2025-07-18,-139106.0,-4388055.0,-817926.0,-5345087.0,17663.0,808.0,-35.0,-45.0,,2026-07-24T11:48:55.841922+08:00
2603,2025-07-21,308700.0,-2157612.0,-1324158.0,-3173070.0,17670.0,808.0,7.0,0.0,,2026-07-24T11:48:55.841922+08:00
2603,2025-07-22,64585.0,-613142.0,-1298831.0,-1847388.0,17178.0,789.0,-492.0,-19.0,,2026-07-24T11:48:55.841922+08:00
2603,2025-07-23,176624.0,-347635.0,-78000.0,-249011.0,17279.0,774.0,101.0,-15.0,,2026-07-24T11:48:55.841922+08:00
2603,2025-07-24,181610.0,1021510.0,72911.0,1276031.0,17294.0,765.0,15.0,-9.0,,2026-07-24T11:48:55.841922+08:00
2603,2025-07-25,-301444.0,2080093.0,-165377.0,1613272.0,17128.0,782.0,-166.0,17.0,,2026-07-24T11:48:55.841922+08:00
2603,2025-07-28,-20234.0,-2160348.0,-65768.0,-2246350.0,17343.0,769.0,215.0,-13.0,,2026-07-24T11:48:55.841922+08:00
2603,2025-07-29,26718.0,-2252311.0,71976.0,-2153617.0,17474.0,758.0,131.0,-11.0,,2026-07-24T11:48:55.841922+08:00
2603,2025-07-30,164791.0,-155870.0,-27000.0,-18079.0,17494.0,748.0,20.0,-10.0,,2026-07-24T11:48:55.841922+08:00
2603,2025-07-31,-53023.0,-3305008.0,143978.0,-3214053.0,17494.0,731.0,0.0,-17.0,,2026-07-24T11:48:55.841922+08:00
2603,2025-08-01,535431.0,-294570.0,-1350871.0,-1110010.0,17445.0,671.0,-49.0,-60.0,,2026-07-24T11:48:55.841922+08:00
2603,2025-08-04,-545037.0,-4989596.0,189000.0,-5345633.0,17610.0,680.0,165.0,9.0,,2026-07-24T11:48:55.841922+08:00
2603,2025-08-05,-237774.0,-3051298.0,-664660.0,-3953732.0,17911.0,658.0,301.0,-22.0,,2026-07-24T11:48:55.841922+08:00
2603,2025-08-06,-272446.0,-2003150.0,-675314.0,-2950910.0,17892.0,623.0,-19.0,-35.0,,2026-07-24T11:48:55.841922+08:00
2603,2025-08-07,-459155.0,-5125306.0,-295089.0,-5879550.0,17935.0,588.0,43.0,-35.0,,2026-07-24T11:48:55.841922+08:00
2603,2025-08-08,128877.0,2072980.0,-387135.0,1814722.0,17762.0,571.0,-173.0,-17.0,,2026-07-24T11:48:55.841922+08:00
2603,2025-08-11,-138860.0,-5410581.0,-271244.0,-5820685.0,17996.0,552.0,234.0,-19.0,,2026-07-24T11:48:55.841922+08:00
2603,2025-08-12,203439.0,3418960.0,-36408.0,3585991.0,17578.0,574.0,-418.0,22.0,,2026-07-24T11:48:55.841922+08:00
2603,2025-08-13,-169523.0,-1430309.0,-225044.0,-1824876.0,17601.0,575.0,23.0,1.0,,2026-07-24T11:48:55.841922+08:00
2603,2025-08-14,274155.0,547992.0,324867.0,1147014.0,17675.0,600.0,74.0,25.0,,2026-07-24T11:48:55.841922+08:00
2603,2025-08-15,104553.0,-2507598.0,-209815.0,-2612860.0,17701.0,600.0,26.0,0.0,,2026-07-24T11:48:55.841922+08:00
2603,2025-08-18,56584.0,-729416.0,-871120.0,-1543952.0,17556.0,598.0,-145.0,-2.0,,2026-07-24T11:48:55.841922+08:00
2603,2025-08-19,125172.0,-6586481.0,-1213852.0,-7675161.0,17607.0,569.0,51.0,-29.0,,2026-07-24T11:48:55.841922+08:00
2603,2025-08-20,543479.0,-6141061.0,-623617.0,-6221199.0,17723.0,606.0,116.0,37.0,,2026-07-24T11:48:55.841922+08:00
2603,2025-08-21,238217.0,974831.0,-53852.0,1159196.0,17541.0,630.0,-182.0,24.0,,2026-07-24T11:48:55.841922+08:00
2603,2025-08-22,-1247685.0,-4784625.0,-137022.0,-6169332.0,17587.0,610.0,46.0,-20.0,,2026-07-24T11:48:55.841922+08:00
2603,2025-08-25,-847725.0,-2563169.0,-26522.0,-3437416.0,17750.0,601.0,163.0,-9.0,,2026-07-24T11:48:55.841922+08:00
2603,2025-08-26,-904916.0,-818826.0,-308953.0,-2032695.0,17663.0,611.0,-87.0,10.0,,2026-07-24T11:48:55.841922+08:00
2603,2025-08-27,-717479.0,438166.0,-564200.0,-843513.0,17726.0,603.0,63.0,-8.0,,2026-07-24T11:48:55.841922+08:00
2603,2025-08-28,-700902.0,-569808.0,-1513381.0,-2784091.0,17853.0,564.0,127.0,-39.0,,2026-07-24T11:48:55.841922+08:00
2603,2025-08-29,-720248.0,-5327486.0,-298800.0,-6346534.0,17877.0,587.0,24.0,23.0,,2026-07-24T11:48:55.841922+08:00
2603,2025-09-01,-499433.0,-2473261.0,-147744.0,-3120438.0,18002.0,507.0,125.0,-80.0,,2026-07-24T11:48:55.841922+08:00
2603,2025-09-02,-426479.0,60390.0,-307000.0,-673089.0,17992.0,524.0,-10.0,17.0,,2026-07-24T11:48:55.841922+08:00
2603,2025-09-03,-474761.0,-599301.0,-115900.0,-1189962.0,17914.0,535.0,-78.0,11.0,,2026-07-24T11:48:55.841922+08:00
2603,2025-09-04,-396617.0,696520.0,-204311.0,95592.0,17893.0,550.0,-21.0,15.0,,2026-07-24T11:48:55.841922+08:00
2603,2025-09-05,-121401.0,-156305.0,-108022.0,-385728.0,17681.0,533.0,-212.0,-17.0,,2026-07-24T11:48:55.841922+08:00
2603,2025-09-08,-64081.0,-185256.0,-112162.0,-361499.0,17622.0,537.0,-59.0,4.0,,2026-07-24T11:48:55.841922+08:00
2603,2025-09-09,-203078.0,-3182697.0,-214211.0,-3599986.0,17763.0,529.0,141.0,-8.0,,2026-07-24T11:48:55.841922+08:00
2603,2025-09-10,-313210.0,1718136.0,-297677.0,1107249.0,17682.0,577.0,-81.0,48.0,,2026-07-24T11:48:55.841922+08:00
2603,2025-09-11,-486185.0,-2167565.0,-270278.0,-2924028.0,17659.0,585.0,-23.0,8.0,,2026-07-24T11:48:55.841922+08:00
2603,2025-09-12,199058.0,2175428.0,-226233.0,2148253.0,17496.0,599.0,-163.0,14.0,,2026-07-24T11:48:55.841922+08:00
2603,2025-09-15,-301568.0,-1269311.0,-245842.0,-1816721.0,17593.0,627.0,97.0,28.0,,2026-07-24T11:48:55.841922+08:00
2603,2025-09-16,-89547.0,1109479.0,-1505163.0,-485231.0,17635.0,620.0,42.0,-7.0,,2026-07-24T11:48:55.841922+08:00
2603,2025-09-17,17108.0,-2714378.0,179511.0,-2517759.0,17581.0,611.0,-54.0,-9.0,,2026-07-24T11:48:55.841922+08:00
2603,2025-09-18,-107969.0,739564.0,-1000.0,630595.0,17527.0,613.0,-54.0,2.0,,2026-07-24T11:48:55.841922+08:00
2603,2025-09-19,241854.0,3628457.0,-343208.0,3527103.0,17371.0,626.0,-156.0,13.0,,2026-07-24T11:48:55.841922+08:00
2603,2025-09-22,-329940.0,-10482037.0,-188002.0,-10999979.0,18203.0,624.0,832.0,-2.0,,2026-07-24T11:48:55.841922+08:00
2603,2025-09-23,-489649.0,-6150292.0,-663266.0,-7303207.0,18385.0,660.0,182.0,36.0,,2026-07-24T11:48:55.841922+08:00
2603,2025-09-24,162166.0,-3527091.0,-772405.0,-4137330.0,18518.0,673.0,133.0,13.0,,2026-07-24T11:48:55.841922+08:00
2603,2025-09-25,32064.0,-2389228.0,-1003342.0,-3360506.0,18329.0,677.0,-189.0,4.0,,2026-07-24T11:48:55.841922+08:00
2603,2025-09-26,-287959.0,-1303778.0,-164188.0,-1755925.0,18332.0,689.0,3.0,12.0,,2026-07-24T11:48:55.841922+08:00
2603,2025-09-30,40168.0,804439.0,-610734.0,233873.0,18298.0,717.0,-34.0,28.0,,2026-07-24T11:48:55.841922+08:00
2603,2025-10-01,-121422.0,319888.0,-1845343.0,-1646877.0,18317.0,703.0,19.0,-14.0,,2026-07-24T11:48:55.841922+08:00
2603,2025-10-02,70619.0,576860.0,-705945.0,-58466.0,18317.0,677.0,0.0,-26.0,,2026-07-24T11:48:55.841922+08:00
2603,2025-10-03,126193.0,1306756.0,-108548.0,1324401.0,18247.0,731.0,-70.0,54.0,,2026-07-24T11:48:55.841922+08:00
2603,2025-10-07,162744.0,-581068.0,-175325.0,-593649.0,18249.0,752.0,2.0,21.0,,2026-07-24T11:48:55.841922+08:00
2603,2025-10-08,56870.0,-1077314.0,-57376.0,-1077820.0,18252.0,753.0,3.0,1.0,,2026-07-24T11:48:55.841922+08:00
2603,2025-10-09,-2357.0,-970233.0,-44078.0,-1016668.0,18139.0,750.0,-113.0,-3.0,,2026-07-24T11:48:55.841922+08:00
2603,2025-10-13,533652.0,-687189.0,-20324.0,-173861.0,18190.0,711.0,51.0,-39.0,,2026-07-24T11:48:55.841922+08:00
2603,2025-10-14,970248.0,3708441.0,-698968.0,3979721.0,19658.0,753.0,1468.0,42.0,,2026-07-24T11:48:55.841922+08:00
2603,2025-10-15,130314.0,-4778707.0,32800.0,-4615593.0,19091.0,725.0,-567.0,-28.0,,2026-07-24T11:48:55.841922+08:00
2603,2025-10-16,65649.0,1897972.0,-153547.0,1810074.0,18867.0,721.0,-224.0,-4.0,,2026-07-24T11:48:55.841922+08:00
2603,2025-10-17,-136427.0,-1485218.0,-359000.0,-1980645.0,19113.0,584.0,246.0,-137.0,,2026-07-24T11:48:55.841922+08:00
2603,2025-10-20,-37263.0,-4807845.0,-1079.0,-4846187.0,19499.0,587.0,386.0,3.0,,2026-07-24T11:48:55.841922+08:00
2603,2025-10-21,98238.0,-3678243.0,-1851158.0,-5431163.0,19698.0,537.0,199.0,-50.0,,2026-07-24T11:48:55.841922+08:00
2603,2025-10-22,326495.0,7386.0,-732655.0,-398774.0,19584.0,542.0,-114.0,5.0,,2026-07-24T11:48:55.841922+08:00
2603,2025-10-23,529031.0,3225231.0,-147000.0,3607262.0,19268.0,547.0,-316.0,5.0,,2026-07-24T11:48:55.841922+08:00
2603,2025-10-27,129901.0,1327759.0,-420110.0,1037550.0,19227.0,548.0,-41.0,1.0,,2026-07-24T11:48:55.841922+08:00
2603,2025-10-28,157311.0,992159.0,-129000.0,1020470.0,19477.0,563.0,250.0,15.0,,2026-07-24T11:48:55.841922+08:00
2603,2025-10-29,1075154.0,1674444.0,-1220000.0,1529598.0,19008.0,571.0,-469.0,8.0,,2026-07-24T11:48:55.841922+08:00
2603,2025-10-30,1777502.0,3978787.0,-4395203.0,1361086.0,21260.0,541.0,2252.0,-30.0,,2026-07-24T11:48:55.841922+08:00
2603,2025-10-31,-1305155.0,1246128.0,-2053158.0,-2112185.0,21581.0,534.0,321.0,-7.0,,2026-07-24T11:48:55.841922+08:00
2603,2025-11-03,-540590.0,-1099584.0,-184810.0,-1824984.0,21506.0,533.0,-75.0,-1.0,,2026-07-24T11:48:55.841922+08:00
2603,2025-11-04,-745140.0,-3023728.0,-50167.0,-3819035.0,21440.0,588.0,-66.0,55.0,,2026-07-24T11:48:55.841922+08:00
2603,2025-11-05,89793.0,-3025151.0,-157007.0,-3092365.0,21352.0,571.0,-88.0,-17.0,,2026-07-24T11:48:55.841922+08:00
2603,2025-11-06,188950.0,1052974.0,-198000.0,1043924.0,21290.0,584.0,-62.0,13.0,,2026-07-24T11:48:55.841922+08:00
2603,2025-11-07,-243285.0,-993111.0,-135079.0,-1371475.0,21458.0,625.0,168.0,41.0,,2026-07-24T11:48:55.841922+08:00
2603,2025-11-10,-424841.0,-3940312.0,-4862.0,-4370015.0,20957.0,654.0,-501.0,29.0,,2026-07-24T11:48:55.841922+08:00
2603,2025-11-11,34553.0,-5172886.0,-595038.0,-5733371.0,21193.0,675.0,236.0,21.0,,2026-07-24T11:48:55.841922+08:00
2603,2025-11-12,755021.0,2207736.0,-411485.0,2551272.0,21526.0,599.0,333.0,-76.0,,2026-07-24T11:48:55.841922+08:00
2603,2025-11-13,-207177.0,-1570605.0,-802308.0,-2580090.0,21878.0,625.0,352.0,26.0,,2026-07-24T11:48:55.841922+08:00
2603,2025-11-14,-76507.0,-1925525.0,-469078.0,-2471110.0,22002.0,599.0,124.0,-26.0,,2026-07-24T11:48:55.841922+08:00
2603,2025-11-17,48697.0,-3648145.0,-119728.0,-3719176.0,21826.0,536.0,-176.0,-63.0,,2026-07-24T11:48:55.841922+08:00
2603,2025-11-18,377121.0,-6053789.0,134547.0,-5542121.0,21935.0,534.0,109.0,-2.0,,2026-07-24T11:48:55.841922+08:00
2603,2025-11-19,-2059.0,-1772602.0,331160.0,-1443501.0,21863.0,543.0,-72.0,9.0,,2026-07-24T11:48:55.841922+08:00
2603,2025-11-20,62281.0,1154948.0,-302603.0,914626.0,21568.0,542.0,-295.0,-1.0,,2026-07-24T11:48:55.841922+08:00
2603,2025-11-21,377285.0,-2356918.0,-342000.0,-2321633.0,21706.0,535.0,138.0,-7.0,,2026-07-24T11:48:55.841922+08:00
2603,2025-11-24,37832.0,-2142784.0,-329065.0,-2434017.0,21732.0,501.0,26.0,-34.0,,2026-07-24T11:48:55.841922+08:00
2603,2025-11-25,174711.0,784584.0,-224806.0,734489.0,21609.0,499.0,-123.0,-2.0,,2026-07-24T11:48:55.841922+08:00
2603,2025-11-26,162268.0,-5102.0,-424097.0,-266931.0,21620.0,494.0,11.0,-5.0,,2026-07-24T11:48:55.841922+08:00
2603,2025-11-27,-42333.0,-3072544.0,1314.0,-3113563.0,21772.0,504.0,152.0,10.0,,2026-07-24T11:48:55.841922+08:00
2603,2025-11-28,180033.0,-2721159.0,-98000.0,-2639126.0,21813.0,475.0,41.0,-29.0,,2026-07-24T11:48:55.841922+08:00
2603,2025-12-01,89613.0,460632.0,-49000.0,501245.0,21732.0,479.0,-81.0,4.0,,2026-07-24T11:48:55.841922+08:00
2603,2025-12-02,32491.0,649476.0,-20509.0,661458.0,21617.0,480.0,-115.0,1.0,,2026-07-24T11:48:55.841922+08:00
2603,2025-12-03,51570.0,190528.0,-50077.0,192021.0,21389.0,479.0,-228.0,-1.0,,2026-07-24T11:48:55.841922+08:00
2603,2025-12-04,54529.0,-349136.0,-46000.0,-340607.0,21120.0,485.0,-269.0,6.0,,2026-07-24T11:48:55.841922+08:00
2603,2025-12-05,-31705.0,-1335276.0,85800.0,-1281181.0,21173.0,479.0,53.0,-6.0,,2026-07-24T11:48:55.841922+08:00
2603,2025-12-08,-7513.0,-4036562.0,-88700.0,-4132775.0,21343.0,468.0,170.0,-11.0,,2026-07-24T11:48:55.841922+08:00
2603,2025-12-09,16163.0,-4164303.0,-152600.0,-4300740.0,21616.0,473.0,273.0,5.0,,2026-07-24T11:48:55.841922+08:00
2603,2025-12-10,-149.0,-1039171.0,668947.0,-370373.0,21482.0,431.0,-134.0,-42.0,,2026-07-24T11:48:55.841922+08:00
2603,2025-12-11,111563.0,1412267.0,-142846.0,1380984.0,21284.0,402.0,-198.0,-29.0,,2026-07-24T11:48:55.841922+08:00
2603,2025-12-12,105601.0,4100593.0,891744.0,5097938.0,20153.0,418.0,-1131.0,16.0,,2026-07-24T11:48:55.841922+08:00
2603,2025-12-15,-182611.0,440586.0,1095000.0,1352975.0,20002.0,404.0,-151.0,-14.0,,2026-07-24T11:48:55.841922+08:00
2603,2025-12-16,319129.0,1024559.0,-103656.0,1240032.0,19901.0,396.0,-101.0,-8.0,,2026-07-24T11:48:55.841922+08:00
2603,2025-12-17,-361142.0,1938640.0,-26269.0,1551229.0,19666.0,386.0,-235.0,-10.0,,2026-07-24T11:48:55.841922+08:00
2603,2025-12-18,110276.0,-777091.0,-145000.0,-811815.0,19547.0,387.0,-119.0,1.0,,2026-07-24T11:48:55.841922+08:00
2603,2025-12-19,27754.0,77010.0,3884060.0,3988824.0,19377.0,394.0,-170.0,7.0,,2026-07-24T11:48:55.841922+08:00
2603,2025-12-22,-40457.0,-1977694.0,3397731.0,1379580.0,19342.0,383.0,-35.0,-11.0,,2026-07-24T11:48:55.841922+08:00
2603,2025-12-23,66630.0,-2494193.0,3844000.0,1416437.0,19288.0,378.0,-54.0,-5.0,,2026-07-24T11:48:55.841922+08:00
2603,2025-12-24,-2713.0,-724543.0,3862268.0,3135012.0,19252.0,362.0,-36.0,-16.0,,2026-07-24T11:48:55.841922+08:00
2603,2025-12-26,494304.0,3396044.0,3974000.0,7864348.0,18775.0,381.0,-477.0,19.0,,2026-07-24T11:48:55.841922+08:00
2603,2025-12-29,178739.0,1153431.0,378600.0,1710770.0,18624.0,375.0,-151.0,-6.0,,2026-07-24T11:48:55.841922+08:00
2603,2025-12-30,313145.0,2818637.0,70000.0,3201782.0,18294.0,379.0,-330.0,4.0,,2026-07-24T11:48:55.841922+08:00
2603,2025-12-31,-106726.0,-375583.0,1845291.0,1362982.0,18259.0,359.0,-35.0,-20.0,,2026-07-24T11:48:55.841922+08:00
2603,2026-01-02,254550.0,-1196828.0,4684441.0,3742163.0,18064.0,340.0,-195.0,-19.0,,2026-07-24T11:48:55.841922+08:00
2603,2026-01-05,-192784.0,-1738737.0,-524091.0,-2455612.0,18083.0,310.0,19.0,-30.0,,2026-07-24T11:48:55.841922+08:00
2603,2026-01-06,-77138.0,196879.0,-614494.0,-494753.0,18016.0,303.0,-67.0,-7.0,,2026-07-24T11:48:55.841922+08:00
2603,2026-01-07,346270.0,12303696.0,-2153411.0,10496555.0,17618.0,320.0,-398.0,17.0,,2026-07-24T11:48:55.841922+08:00
2603,2026-01-08,-278330.0,-1391169.0,-618068.0,-2287567.0,17479.0,318.0,-139.0,-2.0,,2026-07-24T11:48:55.841922+08:00
2603,2026-01-09,34155.0,-1524859.0,-794352.0,-2285056.0,17538.0,333.0,59.0,15.0,,2026-07-24T11:48:55.841922+08:00
2603,2026-01-12,-164293.0,3017228.0,-795930.0,2057005.0,17373.0,333.0,-165.0,0.0,,2026-07-24T11:48:55.841922+08:00
2603,2026-01-13,15782.0,1554106.0,-953033.0,616855.0,17191.0,319.0,-182.0,-14.0,,2026-07-24T11:48:55.841922+08:00
2603,2026-01-14,15144.0,367672.0,-2114964.0,-1732148.0,17232.0,322.0,41.0,3.0,,2026-07-24T11:48:55.841922+08:00
2603,2026-01-15,11936.0,1407060.0,-1216240.0,202756.0,17240.0,326.0,8.0,4.0,,2026-07-24T11:48:55.841922+08:00
2603,2026-01-16,-722238.0,-11540148.0,-617427.0,-12879813.0,17427.0,316.0,187.0,-10.0,,2026-07-24T11:48:55.841922+08:00
2603,2026-01-19,139801.0,-945063.0,-2815005.0,-3620267.0,17328.0,293.0,-99.0,-23.0,,2026-07-24T11:48:55.841922+08:00
2603,2026-01-20,166182.0,5066175.0,-2154928.0,3077429.0,17037.0,305.0,-291.0,12.0,,2026-07-24T11:48:55.841922+08:00
2603,2026-01-21,-3324636.0,5348854.0,-1033898.0,990320.0,16949.0,304.0,-88.0,-1.0,,2026-07-24T11:48:55.841922+08:00
2603,2026-01-22,23597.0,4455085.0,-1560789.0,2917893.0,16690.0,307.0,-259.0,3.0,,2026-07-24T11:48:55.841922+08:00
2603,2026-01-23,-307820.0,-4601903.0,-20448.0,-4930171.0,16913.0,307.0,223.0,0.0,,2026-07-24T11:48:55.841922+08:00
2603,2026-01-26,-449657.0,-1841239.0,-645649.0,-2936545.0,17161.0,291.0,248.0,-16.0,,2026-07-24T11:48:55.841922+08:00
2603,2026-01-27,-202782.0,-456735.0,-3408170.0,-4067687.0,17148.0,274.0,-13.0,-17.0,,2026-07-24T11:48:55.841922+08:00
2603,2026-01-28,142504.0,7360720.0,-1058818.0,6444406.0,16739.0,272.0,-409.0,-2.0,,2026-07-24T11:48:55.841922+08:00
2603,2026-01-29,-103522.0,1964052.0,-1377249.0,483281.0,16699.0,274.0,-40.0,2.0,,2026-07-24T11:48:55.841922+08:00
2603,2026-01-30,-169149.0,-5349321.0,-690897.0,-6209367.0,16932.0,263.0,233.0,-11.0,,2026-07-24T11:48:55.841922+08:00
2603,2026-02-02,-172085.0,-2598305.0,-149800.0,-2920190.0,16924.0,272.0,-8.0,9.0,,2026-07-24T11:48:55.841922+08:00
2603,2026-02-03,5486.0,464833.0,-235341.0,234978.0,16814.0,268.0,-110.0,-4.0,,2026-07-24T11:48:55.841922+08:00
2603,2026-02-04,-61751.0,1699963.0,-342800.0,1295412.0,16709.0,260.0,-105.0,-8.0,,2026-07-24T11:48:55.841922+08:00
2603,2026-02-05,-164858.0,1810495.0,-517072.0,1128565.0,16624.0,278.0,-85.0,18.0,,2026-07-24T11:48:55.841922+08:00
2603,2026-02-06,-12060.0,520047.0,48702.0,556689.0,16575.0,268.0,-49.0,-10.0,,2026-07-24T11:48:55.841922+08:00
2603,2026-02-09,-232418.0,587362.0,-270100.0,84844.0,16559.0,269.0,-16.0,1.0,,2026-07-24T11:48:55.841922+08:00
2603,2026-02-10,-205017.0,632017.0,-1183067.0,-756067.0,16535.0,265.0,-24.0,-4.0,,2026-07-24T11:48:55.841922+08:00
2603,2026-02-11,-595254.0,2404366.0,-1583000.0,226112.0,16356.0,266.0,-179.0,1.0,,2026-07-24T11:48:55.841922+08:00
2603,2026-02-23,-23382.0,11198055.0,-6058239.0,5116434.0,16335.0,267.0,-21.0,1.0,,2026-07-24T11:48:55.841922+08:00
2603,2026-02-24,-489674.0,4793231.0,-1661567.0,2641990.0,16221.0,267.0,-114.0,0.0,,2026-07-24T11:48:55.841922+08:00
2603,2026-02-25,103905.0,10164013.0,-2478688.0,7789230.0,15742.0,267.0,-479.0,0.0,,2026-07-24T11:48:55.841922+08:00
2603,2026-02-26,-149779.0,13360551.0,-3976075.0,9234697.0,15349.0,284.0,-393.0,17.0,,2026-07-24T11:48:55.841922+08:00
2603,2026-03-02,154596.0,12883441.0,-202246.0,12835791.0,15809.0,265.0,460.0,-19.0,,2026-07-24T11:48:55.841922+08:00
2603,2026-03-03,1365886.0,1369832.0,-62049.0,2673669.0,17196.0,169.0,1387.0,-96.0,,2026-07-24T11:48:55.841922+08:00
2603,2026-03-04,-570148.0,695362.0,3543207.0,3668421.0,16744.0,168.0,-452.0,-1.0,,2026-07-24T11:48:55.841922+08:00
2603,2026-03-05,-299260.0,5105371.0,242552.0,5048663.0,16348.0,144.0,-396.0,-24.0,,2026-07-24T11:48:55.841922+08:00
2603,2026-03-06,51863.0,1925841.0,189900.0,2167604.0,16353.0,148.0,5.0,4.0,,2026-07-24T11:48:55.841922+08:00
2603,2026-03-09,156474.0,-5059233.0,2185793.0,-2716966.0,17624.0,158.0,1271.0,10.0,,2026-07-24T11:48:55.841922+08:00
2603,2026-03-10,20914.0,254076.0,-1814759.0,-1539769.0,17438.0,138.0,-186.0,-20.0,,2026-07-24T11:48:55.841922+08:00
2603,2026-03-11,229724.0,10695278.0,-41137.0,10883865.0,16615.0,139.0,-823.0,1.0,,2026-07-24T11:48:55.841922+08:00
2603,2026-03-12,-116245.0,2264648.0,-28585.0,2119818.0,16627.0,138.0,12.0,-1.0,,2026-07-24T11:48:55.841922+08:00
2603,2026-03-13,-15241.0,-3622709.0,55205.0,-3582745.0,16662.0,132.0,35.0,-6.0,,2026-07-24T11:48:55.841922+08:00
2603,2026-03-16,197807.0,24847733.0,-32294.0,25013246.0,15719.0,220.0,-943.0,88.0,,2026-07-24T11:48:55.841922+08:00
2603,2026-03-17,-44052.0,-2455978.0,1532133.0,-967897.0,15838.0,135.0,119.0,-85.0,,2026-07-24T11:48:55.841922+08:00
2603,2026-03-18,713489.0,2473535.0,115677.0,3302701.0,15452.0,121.0,-386.0,-14.0,,2026-07-24T11:48:55.841922+08:00
2603,2026-03-19,285697.0,5441192.0,-392000.0,5334889.0,15166.0,87.0,-286.0,-34.0,,2026-07-24T11:48:55.841922+08:00
2603,2026-03-20,-122644.0,-3168785.0,772990.0,-2518439.0,15145.0,8.0,-21.0,-79.0,,2026-07-24T11:48:55.841922+08:00
2603,2026-03-23,-30535.0,-4119674.0,2819968.0,-1330241.0,15150.0,0.0,5.0,-8.0,,2026-07-24T11:48:55.841922+08:00
2603,2026-03-24,-281939.0,-1076291.0,481000.0,-877230.0,15133.0,0.0,-17.0,0.0,,2026-07-24T11:48:55.841922+08:00
2603,2026-03-25,212417.0,-141208.0,-216900.0,-145691.0,14975.0,0.0,-158.0,0.0,,2026-07-24T11:48:55.841922+08:00
2603,2026-03-26,196280.0,-349134.0,139000.0,-13854.0,14959.0,6.0,-16.0,6.0,,2026-07-24T11:48:55.841922+08:00
2603,2026-03-27,341670.0,-2476964.0,482000.0,-1653294.0,15034.0,11.0,75.0,5.0,,2026-07-24T11:48:55.841922+08:00
2603,2026-03-30,878573.0,-853621.0,70244.0,95196.0,15183.0,13.0,149.0,2.0,,2026-07-24T11:48:55.841922+08:00
2603,2026-03-31,782518.0,-3692884.0,659500.0,-2250866.0,14868.0,15.0,-315.0,2.0,,2026-07-24T11:48:55.841922+08:00
2603,2026-04-01,263186.0,1668592.0,1000544.0,2932322.0,14566.0,18.0,-302.0,3.0,,2026-07-24T11:48:55.841922+08:00
2603,2026-04-02,347240.0,-627476.0,-14000.0,-294236.0,14517.0,16.0,-49.0,-2.0,,2026-07-24T11:48:55.841922+08:00
2603,2026-04-07,236074.0,401043.0,-57415.0,579702.0,14324.0,16.0,-193.0,0.0,,2026-07-24T11:48:55.841922+08:00
2603,2026-04-08,196670.0,-5291162.0,-258611.0,-5353103.0,14529.0,17.0,205.0,1.0,,2026-07-24T11:48:55.841922+08:00
2603,2026-04-09,96723.0,1823917.0,-574450.0,1346190.0,14088.0,20.0,-441.0,3.0,,2026-07-24T11:48:55.841922+08:00
2603,2026-04-10,96524.0,574099.0,-171725.0,498898.0,13885.0,13.0,-203.0,-7.0,,2026-07-24T11:48:55.841922+08:00
2603,2026-04-13,-33377.0,-2822269.0,-330392.0,-3186038.0,13803.0,21.0,-82.0,8.0,,2026-07-24T11:48:55.841922+08:00
2603,2026-04-14,-59429.0,3164286.0,-579346.0,2525511.0,13786.0,18.0,-17.0,-3.0,,2026-07-24T11:48:55.841922+08:00
2603,2026-04-15,-528164.0,2916820.0,-1238170.0,1150486.0,13654.0,13.0,-132.0,-5.0,,2026-07-24T11:48:55.841922+08:00
2603,2026-04-16,-7701.0,-5460588.0,-1179091.0,-6647380.0,13892.0,13.0,238.0,0.0,,2026-07-24T11:48:55.841922+08:00
2603,2026-04-17,-276641.0,-5211346.0,-1173135.0,-6661122.0,14073.0,22.0,181.0,9.0,,2026-07-24T11:48:55.841922+08:00
2603,2026-04-20,16622.0,-1169931.0,778158.0,-375151.0,14170.0,29.0,97.0,7.0,,2026-07-24T11:48:55.841922+08:00
2603,2026-04-21,101860.0,3075483.0,897052.0,4074395.0,13912.0,27.0,-258.0,-2.0,,2026-07-24T11:48:55.841922+08:00
2603,2026-04-22,-277888.0,-651726.0,885887.0,-43727.0,13804.0,29.0,-108.0,2.0,,2026-07-24T11:48:55.841922+08:00
2603,2026-04-23,-13679.0,-2516139.0,936909.0,-1592909.0,13980.0,29.0,176.0,0.0,,2026-07-24T11:48:55.841922+08:00
2603,2026-04-24,-153056.0,-265040.0,148760.0,-269336.0,13923.0,28.0,-57.0,-1.0,,2026-07-24T11:48:55.841922+08:00
2603,2026-04-27,-514267.0,671858.0,-49560.0,108031.0,13887.0,24.0,-36.0,-4.0,,2026-07-24T11:48:55.841922+08:00
2603,2026-04-28,-382344.0,2551661.0,-1064306.0,1105011.0,14317.0,18.0,430.0,-6.0,,2026-07-24T11:48:55.841922+08:00
2603,2026-04-29,-89998.0,2052714.0,-530000.0,1432716.0,14283.0,19.0,-34.0,1.0,,2026-07-24T11:48:55.841922+08:00
2603,2026-04-30,27300.0,1614365.0,-89413.0,1552252.0,14218.0,19.0,-65.0,0.0,,2026-07-24T11:48:55.841922+08:00
2603,2026-05-04,216745.0,6898956.0,-240016.0,6875685.0,13644.0,20.0,-574.0,1.0,,2026-07-24T11:48:55.841922+08:00
2603,2026-05-05,-235359.0,5040752.0,-1032681.0,3772712.0,13594.0,22.0,-50.0,2.0,,2026-07-24T11:48:55.841922+08:00
2603,2026-05-06,506962.0,6802384.0,-1155980.0,6153366.0,13249.0,27.0,-345.0,5.0,,2026-07-24T11:48:55.841922+08:00
2603,2026-05-07,290144.0,1471919.0,-198725.0,1563338.0,13045.0,30.0,-204.0,3.0,,2026-07-24T11:48:55.841922+08:00
2603,2026-05-08,-77938.0,421725.0,-1731211.0,-1387424.0,12793.0,71.0,-252.0,41.0,,2026-07-24T11:48:55.841922+08:00
2603,2026-05-11,51290.0,3154749.0,-1396180.0,1809859.0,12862.0,72.0,69.0,1.0,,2026-07-24T11:48:55.841922+08:00
2603,2026-05-12,19645.0,929128.0,-273452.0,675321.0,12781.0,73.0,-81.0,1.0,,2026-07-24T11:48:55.841922+08:00
2603,2026-05-13,-191277.0,-346529.0,-103394.0,-641200.0,12819.0,72.0,38.0,-1.0,,2026-07-24T11:48:55.841922+08:00
2603,2026-05-14,50273.0,3352656.0,-307483.0,3095446.0,12750.0,124.0,-69.0,52.0,,2026-07-24T11:48:55.841922+08:00
2603,2026-05-15,-220785.0,-8145630.0,-165695.0,-8532110.0,13145.0,12.0,395.0,-112.0,,2026-07-24T11:48:55.841922+08:00
2603,2026-05-18,526105.0,-11067001.0,-172291.0,-10713187.0,13655.0,14.0,510.0,2.0,,2026-07-24T11:48:55.841922+08:00
2603,2026-05-19,233280.0,1436729.0,-4216120.0,-2546111.0,13647.0,13.0,-8.0,-1.0,,2026-07-24T11:48:55.841922+08:00
2603,2026-05-20,328541.0,25570527.0,-2440652.0,23458416.0,13527.0,35.0,-120.0,22.0,,2026-07-24T11:48:55.841922+08:00
2603,2026-05-21,98219.0,1819214.0,986220.0,2903653.0,13413.0,30.0,-114.0,-5.0,,2026-07-24T11:48:55.841922+08:00
2603,2026-05-22,652366.0,6895140.0,5061911.0,12609417.0,13707.0,45.0,294.0,15.0,,2026-07-24T11:48:55.841922+08:00
2603,2026-05-25,269864.0,-3556570.0,3859661.0,572955.0,13104.0,35.0,-603.0,-10.0,,2026-07-24T11:48:55.841922+08:00
2603,2026-05-26,326257.0,-9238448.0,7531345.0,-1380846.0,12821.0,39.0,-283.0,4.0,,2026-07-24T11:48:55.841922+08:00
2603,2026-05-27,691919.0,-9951049.0,8950491.0,-308639.0,12456.0,25.0,-365.0,-14.0,,2026-07-24T11:48:55.841922+08:00
2603,2026-05-28,578660.0,-10649265.0,11320099.0,1249494.0,12386.0,29.0,-70.0,4.0,,2026-07-24T11:48:55.841922+08:00
2603,2026-05-29,412594.0,-7914383.0,12001461.0,4499672.0,12323.0,35.0,-63.0,6.0,,2026-07-24T11:48:55.841922+08:00
2603,2026-06-01,946655.0,2159299.0,12843785.0,15949739.0,12022.0,38.0,-301.0,3.0,,2026-07-24T11:48:55.841922+08:00
2603,2026-06-02,903350.0,-7856376.0,14904941.0,7951915.0,12747.0,58.0,725.0,20.0,,2026-07-24T11:48:55.841922+08:00
2603,2026-06-03,518198.0,-6268756.0,12281589.0,6531031.0,12685.0,582.0,-62.0,524.0,,2026-07-24T11:48:55.841922+08:00
2603,2026-06-04,9329.0,-10045382.0,9564830.0,-471223.0,12293.0,575.0,-392.0,-7.0,,2026-07-24T11:48:55.841922+08:00
2603,2026-06-05,-522241.0,-4573095.0,-463525.0,-5558861.0,12450.0,27.0,157.0,-548.0,,2026-07-24T11:48:55.841922+08:00
2603,2026-06-08,328141.0,-1873693.0,-3767341.0,-5312893.0,12720.0,22.0,270.0,-5.0,,2026-07-24T11:48:55.841922+08:00
2603,2026-06-09,-56742.0,-1619099.0,-4249768.0,-5925609.0,12034.0,11.0,-686.0,-11.0,,2026-07-24T11:48:55.841922+08:00
2603,2026-06-10,2248832.0,-4625350.0,-665986.0,-3042504.0,12300.0,15.0,266.0,4.0,,2026-07-24T11:48:55.841922+08:00
2603,2026-06-11,1462082.0,-2099243.0,2217226.0,1580065.0,12517.0,0.0,217.0,-15.0,,2026-07-24T11:48:55.841922+08:00
2603,2026-06-12,468564.0,52480.0,-1818298.0,-1297254.0,12795.0,0.0,278.0,0.0,,2026-07-24T11:48:55.841922+08:00
2603,2026-06-15,-289107.0,-4676324.0,241596.0,-4723835.0,13065.0,0.0,270.0,0.0,,2026-07-24T11:48:55.841922+08:00
2603,2026-06-16,-417442.0,-4361227.0,2184661.0,-2594008.0,12949.0,0.0,-116.0,0.0,,2026-07-24T11:48:55.841922+08:00
2603,2026-06-17,-3158657.0,5421189.0,-486833.0,1775699.0,14433.0,20.0,1484.0,20.0,,2026-07-24T11:48:55.841922+08:00
2603,2026-06-18,-27971.0,-1454124.0,-412353.0,-1894448.0,14575.0,20.0,142.0,0.0,,2026-07-24T11:48:55.841922+08:00
2603,2026-06-19,-203000.0,641987.0,-715000.0,-276013.0,,,,,,2026-07-24T11:48:55.841922+08:00
2603,2026-06-22,46029.0,1568343.0,-164783.0,1449589.0,14532.0,3.0,,,,2026-07-24T11:48:55.841922+08:00
2603,2026-06-23,-217718.0,-2074688.0,-66157.0,-2358563.0,14827.0,41.0,295.0,38.0,,2026-07-24T11:48:55.841922+08:00
2603,2026-06-24,65092.0,3138623.0,-485463.0,2718252.0,15118.0,33.0,291.0,-8.0,,2026-07-24T11:48:55.841922+08:00
2603,2026-06-25,-23573.0,-4230246.0,-283855.0,-4537674.0,15159.0,27.0,41.0,-6.0,,2026-07-24T11:48:55.841922+08:00
2603,2026-06-26,-2345592.0,6678443.0,56211.0,4389062.0,15229.0,79.0,70.0,52.0,,2026-07-24T11:48:55.841922+08:00
2603,2026-06-29,-2424104.0,1083164.0,-393711.0,-1734651.0,16428.0,13.0,1199.0,-66.0,,2026-07-24T11:48:55.841922+08:00
2603,2026-06-30,-18290.0,2345621.0,-108720.0,2218611.0,16620.0,15.0,192.0,2.0,,2026-07-24T11:48:55.841922+08:00
2603,2026-07-01,-2432978.0,2365612.0,-1326053.0,-1393419.0,16250.0,12.0,,,,2026-07-30T01:54:05.829589+08:00
2603,2026-07-02,-449775.0,248067.0,-161267.0,-362975.0,16297.0,12.0,47.0,0.0,,2026-07-30T01:54:05.829589+08:00
2603,2026-07-03,643915.0,6656896.0,116395.0,7417206.0,15645.0,25.0,-652.0,13.0,,2026-07-30T01:54:05.829589+08:00
2603,2026-07-06,-83739.0,753156.0,9118.0,678535.0,15636.0,27.0,-9.0,2.0,,2026-07-30T01:54:05.829589+08:00
2603,2026-07-07,-62037.0,-7081198.0,10809.0,-7132426.0,17406.0,21.0,1770.0,-6.0,,2026-07-30T01:54:05.829589+08:00
2603,2026-07-08,225126.0,9202181.0,71974.0,9499281.0,16919.0,41.0,-487.0,20.0,,2026-07-30T01:54:05.829589+08:00
2603,2026-07-09,-53840.0,906046.0,-4969.0,847237.0,17045.0,41.0,126.0,0.0,,2026-07-30T01:54:05.829589+08:00
2603,2026-07-13,-178295.0,4445246.0,-1057451.0,3209500.0,16898.0,188.0,-147.0,147.0,,2026-07-30T01:54:05.829589+08:00
2603,2026-07-14,814242.0,1174676.0,-317807.0,1671111.0,16794.0,183.0,-104.0,-5.0,,2026-07-30T01:54:05.829589+08:00
2603,2026-07-15,178572.0,11430502.0,-644754.0,10964320.0,16340.0,196.0,-454.0,13.0,,2026-07-30T01:54:05.829589+08:00
2603,2026-07-16,138371.0,2738710.0,-375821.0,2501260.0,16286.0,196.0,-54.0,0.0,,2026-07-30T01:54:05.829589+08:00
2603,2026-07-17,917260.0,9613680.0,-1083218.0,9447722.0,15837.0,219.0,-449.0,23.0,,2026-07-30T01:54:05.829589+08:00
2603,2026-07-20,824817.0,1157175.0,-988263.0,993729.0,15795.0,210.0,-42.0,-9.0,,2026-07-30T01:54:05.829589+08:00
2603,2026-07-21,411142.0,10551368.0,-1359994.0,9602516.0,15513.0,239.0,-282.0,29.0,,2026-07-30T01:54:05.829589+08:00
2603,2026-07-22,-157414.0,6917525.0,-1035334.0,5724777.0,15265.0,254.0,-248.0,15.0,,2026-07-30T01:54:05.829589+08:00
2603,2026-07-23,-145333.0,772488.0,-1009677.0,-382522.0,15322.0,243.0,57.0,-11.0,,2026-07-30T01:54:05.829589+08:00
2603,2026-07-24,-41642.0,2823444.0,10000.0,2791802.0,15212.0,250.0,-110.0,7.0,,2026-07-30T01:54:05.829589+08:00
2603,2026-07-27,-91162.0,891153.0,78000.0,877991.0,15265.0,229.0,53.0,-21.0,,2026-07-30T01:54:05.829589+08:00
2603,2026-07-28,388917.0,1448739.0,77199.0,1914855.0,15134.0,207.0,-131.0,-22.0,,2026-07-30T01:54:05.829589+08:00
2603,2026-07-29,65587.0,3688870.0,147199.0,3901656.0,14931.0,348.0,-203.0,141.0,,2026-07-30T01:54:05.829589+08:00
2603,2026-08-03,-45475.0,4139627.0,-496258.0,3597894.0,14935.0,252.0,,,,2026-08-31T21:27:28.813949+08:00
2603,2026-08-04,-131581.0,-537306.0,-55000.0,-723887.0,15068.0,247.0,133.0,-5.0,,2026-08-31T21:27:28.813949+08:00
2603,2026-08-05,-227641.0,-677802.0,-73055.0,-978498.0,15162.0,230.0,94.0,-17.0,,2026-08-31T21:27:28.813949+08:00
2603,2026-08-06,-18008.0,397659.0,-3000.0,376651.0,15315.0,226.0,153.0,-4.0,,2026-08-31T21:27:28.813949+08:00
2603,2026-08-07,-71406.0,2472468.0,1183000.0,3584062.0,15177.0,230.0,-138.0,4.0,,2026-08-31T21:27:28.813949+08:00
2603,2026-08-10,289587.0,9011878.0,620648.0,9922113.0,15028.0,236.0,-149.0,6.0,,2026-08-31T21:27:28.813949+08:00
2603,2026-08-11,109531.0,7309417.0,45698.0,7464646.0,14683.0,259.0,-345.0,23.0,,2026-08-31T21:27:28.813949+08:00
2603,2026-08-12,-174795.0,-3143947.0,1991000.0,-1327742.0,14917.0,247.0,234.0,-12.0,,2026-08-31T21:27:28.813949+08:00
2603,2026-08-13,-39443.0,1349953.0,48751.0,1359261.0,15032.0,246.0,115.0,-1.0,,2026-08-31T21:27:28.813949+08:00
2603,2026-08-14,155482.0,7906374.0,7781.0,8069637.0,14153.0,260.0,-879.0,14.0,,2026-08-31T21:27:28.813949+08:00
2603,2026-08-17,1677933.0,24586239.0,122000.0,26386172.0,13616.0,318.0,-537.0,58.0,,2026-08-31T21:27:28.813949+08:00
2603,2026-08-18,-227064.0,15066712.0,-77000.0,14762648.0,13545.0,418.0,-71.0,100.0,,2026-08-31T21:27:28.813949+08:00
2603,2026-08-19,-843024.0,8541302.0,6000.0,7704278.0,13679.0,376.0,134.0,-42.0,,2026-08-31T21:27:28.813949+08:00
2603,2026-08-20,2649.0,16311964.0,728980.0,17043593.0,13058.0,415.0,-621.0,39.0,,2026-08-31T21:27:28.813949+08:00
2603,2026-08-21,199137.0,7318656.0,202601.0,7720394.0,12561.0,555.0,-497.0,140.0,,2026-08-31T21:27:28.813949+08:00
2603,2026-08-24,451307.0,9343268.0,12801.0,9807376.0,12117.0,569.0,-444.0,14.0,,2026-08-31T21:27:28.813949+08:00
2603,2026-08-25,-1750048.0,5595197.0,-926858.0,2918291.0,12165.0,556.0,48.0,-13.0,,2026-08-31T21:27:28.813949+08:00
2603,2026-08-26,-282072.0,1295959.0,260600.0,1274487.0,11876.0,411.0,-289.0,-145.0,,2026-08-31T21:27:28.813949+08:00
2603,2026-08-27,482463.0,8084773.0,-5320799.0,3246437.0,11942.0,342.0,66.0,-69.0,,2026-08-31T21:27:28.813949+08:00
2603,2026-08-28,-222406.0,-1284547.0,73801.0,-1433152.0,12005.0,323.0,63.0,-19.0,,2026-08-31T21:27:28.813949+08:00
2603,2026-08-31,-174107.0,-289998.0,202984.0,-261121.0,12011.0,336.0,6.0,13.0,,2026-08-31T21:27:28.813949+08:00
2603,2026-09-01,93101.0,5002115.0,-779601.0,4315615.0,,,,,,2026-09-01T19:32:18.811743+08:00
2603,2026-09-01,93101.0,5002115.0,-779601.0,4315615.0,11879.0,356.0,,,,2026-09-02T01:11:35.231494+08:00
