stock_id,trade_date,dealer_net,foreign_net,investment_trust_net,institutional_net,margin_balance,short_balance,margin_change,short_change,securities_lending,updated_at
2880,2016-01-04,74000.0,-8956280.0,0.0,-8882280.0,9840.0,109.0,,,,2026-07-24T11:48:56.404863+08:00
2880,2016-01-05,26000.0,-5335393.0,-11000.0,-5320393.0,9907.0,109.0,67.0,0.0,,2026-07-24T11:48:56.404863+08:00
2880,2016-01-06,39000.0,-749490.0,0.0,-710490.0,9901.0,113.0,-6.0,4.0,,2026-07-24T11:48:56.404863+08:00
2880,2016-01-07,273000.0,-8392549.0,-6000.0,-8125549.0,10501.0,128.0,600.0,15.0,,2026-07-24T11:48:56.404863+08:00
2880,2016-01-08,0.0,-5339149.0,0.0,-5339149.0,10523.0,128.0,22.0,0.0,,2026-07-24T11:48:56.404863+08:00
2880,2016-01-11,33000.0,-6132690.0,0.0,-6099690.0,10649.0,122.0,126.0,-6.0,,2026-07-24T11:48:56.404863+08:00
2880,2016-01-12,-34000.0,-1516000.0,-2000.0,-1552000.0,10599.0,121.0,-50.0,-1.0,,2026-07-24T11:48:56.404863+08:00
2880,2016-01-13,-17000.0,-761856.0,-1000.0,-779856.0,10641.0,122.0,42.0,1.0,,2026-07-24T11:48:56.404863+08:00
2880,2016-01-14,-21000.0,-551664.0,-242394.0,-815058.0,10294.0,134.0,-347.0,12.0,,2026-07-24T11:48:56.404863+08:00
2880,2016-01-15,-448000.0,-6993852.0,-79000.0,-7520852.0,10355.0,164.0,61.0,30.0,,2026-07-24T11:48:56.404863+08:00
2880,2016-01-18,-34000.0,-6044414.0,0.0,-6078414.0,10841.0,246.0,486.0,82.0,,2026-07-24T11:48:56.404863+08:00
2880,2016-01-19,102000.0,-2727644.0,0.0,-2625644.0,9994.0,245.0,-847.0,-1.0,,2026-07-24T11:48:56.404863+08:00
2880,2016-01-20,-40852.0,-343823.0,-80000.0,-464675.0,9827.0,291.0,-167.0,46.0,,2026-07-24T11:48:56.404863+08:00
2880,2016-01-21,-138000.0,-4296000.0,0.0,-4434000.0,9927.0,277.0,100.0,-14.0,,2026-07-24T11:48:56.404863+08:00
2880,2016-01-22,-20000.0,-1542567.0,0.0,-1562567.0,9742.0,276.0,-185.0,-1.0,,2026-07-24T11:48:56.404863+08:00
2880,2016-01-25,0.0,2050000.0,-7000.0,2043000.0,9005.0,184.0,-737.0,-92.0,,2026-07-24T11:48:56.404863+08:00
2880,2016-01-26,-392000.0,-955752.0,2000.0,-1345752.0,9127.0,290.0,122.0,106.0,,2026-07-24T11:48:56.404863+08:00
2880,2016-01-27,-10000.0,1980851.0,0.0,1970851.0,9165.0,394.0,38.0,104.0,,2026-07-24T11:48:56.404863+08:00
2880,2016-01-28,25000.0,-1237947.0,-3000.0,-1215947.0,9332.0,268.0,167.0,-126.0,,2026-07-24T11:48:56.404863+08:00
2880,2016-01-29,470000.0,4679148.0,2000.0,5151148.0,9169.0,159.0,-163.0,-109.0,,2026-07-24T11:48:56.404863+08:00
2880,2016-01-30,530000.0,1533000.0,96000.0,2159000.0,9189.0,153.0,20.0,-6.0,,2026-07-24T11:48:56.404863+08:00
2880,2016-02-01,-15000.0,1086247.0,0.0,1071247.0,9210.0,151.0,21.0,-2.0,,2026-07-24T11:48:56.404863+08:00
2880,2016-02-02,-29000.0,529397.0,0.0,500397.0,9149.0,156.0,-61.0,5.0,,2026-07-24T11:48:56.404863+08:00
2880,2016-02-03,-518140.0,-2379611.0,0.0,-2897751.0,9079.0,155.0,-70.0,-1.0,,2026-07-24T11:48:56.404863+08:00
2880,2016-02-05,-2000.0,-519184.0,0.0,-521184.0,,,,,,2026-07-24T11:48:56.404863+08:00
2880,2016-02-15,-4000.0,1322693.0,-1244.0,1317449.0,8989.0,174.0,,,,2026-07-24T11:48:56.404863+08:00
2880,2016-02-16,134000.0,5766000.0,0.0,5900000.0,8550.0,175.0,-439.0,1.0,,2026-07-24T11:48:56.404863+08:00
2880,2016-02-17,142000.0,-1824645.0,0.0,-1682645.0,8636.0,175.0,86.0,0.0,,2026-07-24T11:48:56.404863+08:00
2880,2016-02-18,-31000.0,2803943.0,0.0,2772943.0,8563.0,175.0,-73.0,0.0,,2026-07-24T11:48:56.404863+08:00
2880,2016-02-19,876.0,2799149.0,-281000.0,2519025.0,8789.0,179.0,226.0,4.0,,2026-07-24T11:48:56.404863+08:00
2880,2016-02-22,99000.0,-1444000.0,0.0,-1345000.0,8747.0,179.0,-42.0,0.0,,2026-07-24T11:48:56.404863+08:00
2880,2016-02-23,-183000.0,608918.0,0.0,425918.0,8748.0,179.0,1.0,0.0,,2026-07-24T11:48:56.404863+08:00
2880,2016-02-24,-112000.0,-898750.0,0.0,-1010750.0,8618.0,178.0,-130.0,-1.0,,2026-07-24T11:48:56.404863+08:00
2880,2016-02-25,-84000.0,2076904.0,0.0,1992904.0,8485.0,178.0,-133.0,0.0,,2026-07-24T11:48:56.404863+08:00
2880,2016-02-26,-330000.0,2264533.0,-8000.0,1926533.0,8421.0,179.0,-64.0,1.0,,2026-07-24T11:48:56.404863+08:00
2880,2016-03-01,100000.0,31019.0,0.0,131019.0,8217.0,176.0,-204.0,-3.0,,2026-07-24T11:48:56.404863+08:00
2880,2016-03-02,-85000.0,-5966.0,-45073.0,-136039.0,8306.0,176.0,89.0,0.0,,2026-07-24T11:48:56.404863+08:00
2880,2016-03-03,-58474.0,6268531.0,-280000.0,5930057.0,8126.0,182.0,-180.0,6.0,,2026-07-24T11:48:56.404863+08:00
2880,2016-03-04,0.0,5210178.0,-167000.0,5043178.0,7981.0,188.0,-145.0,6.0,,2026-07-24T11:48:56.404863+08:00
2880,2016-03-07,-17000.0,2387191.0,0.0,2370191.0,8065.0,187.0,84.0,-1.0,,2026-07-24T11:48:56.404863+08:00
2880,2016-03-08,-36000.0,3995416.0,-2000.0,3957416.0,8033.0,192.0,-32.0,5.0,,2026-07-24T11:48:56.404863+08:00
2880,2016-03-09,-20000.0,-285501.0,-49000.0,-354501.0,8159.0,152.0,126.0,-40.0,,2026-07-24T11:48:56.404863+08:00
2880,2016-03-10,89000.0,4178653.0,0.0,4267653.0,7460.0,159.0,-699.0,7.0,,2026-07-24T11:48:56.404863+08:00
2880,2016-03-11,0.0,4241000.0,0.0,4241000.0,7335.0,159.0,-125.0,0.0,,2026-07-24T11:48:56.404863+08:00
2880,2016-03-14,0.0,923558.0,0.0,923558.0,7394.0,153.0,59.0,-6.0,,2026-07-24T11:48:56.404863+08:00
2880,2016-03-15,0.0,-1893000.0,-1000.0,-1894000.0,7143.0,256.0,-251.0,103.0,,2026-07-24T11:48:56.404863+08:00
2880,2016-03-16,371055.0,1875736.0,0.0,2246791.0,7192.0,146.0,49.0,-110.0,,2026-07-24T11:48:56.404863+08:00
2880,2016-03-17,0.0,10317206.0,0.0,10317206.0,6939.0,197.0,-253.0,51.0,,2026-07-24T11:48:56.404863+08:00
2880,2016-03-18,0.0,7047299.0,67000.0,7114299.0,6737.0,145.0,-202.0,-52.0,,2026-07-24T11:48:56.404863+08:00
2880,2016-03-21,0.0,-1420000.0,0.0,-1420000.0,7066.0,244.0,329.0,99.0,,2026-07-24T11:48:56.404863+08:00
2880,2016-03-22,-35000.0,1965530.0,0.0,1930530.0,6706.0,287.0,-360.0,43.0,,2026-07-24T11:48:56.404863+08:00
2880,2016-03-23,-8000.0,3131318.0,-9000.0,3114318.0,6676.0,77.0,-30.0,-210.0,,2026-07-24T11:48:56.404863+08:00
2880,2016-03-24,0.0,423000.0,0.0,423000.0,6699.0,75.0,23.0,-2.0,,2026-07-24T11:48:56.404863+08:00
2880,2016-03-25,0.0,74000.0,0.0,74000.0,6682.0,76.0,-17.0,1.0,,2026-07-24T11:48:56.404863+08:00
2880,2016-03-28,0.0,1521000.0,2000.0,1523000.0,6670.0,74.0,-12.0,-2.0,,2026-07-24T11:48:56.404863+08:00
2880,2016-03-29,0.0,238018.0,-1000.0,237018.0,6465.0,74.0,-205.0,0.0,,2026-07-24T11:48:56.404863+08:00
2880,2016-03-30,0.0,7961611.0,0.0,7961611.0,6336.0,59.0,-129.0,-15.0,,2026-07-24T11:48:56.404863+08:00
2880,2016-03-31,17953.0,5296593.0,0.0,5314546.0,6208.0,59.0,-128.0,0.0,,2026-07-24T11:48:56.404863+08:00
2880,2016-04-01,-18000.0,-6494000.0,0.0,-6512000.0,6797.0,54.0,589.0,-5.0,,2026-07-24T11:48:56.404863+08:00
2880,2016-04-06,-23000.0,-1496135.0,0.0,-1519135.0,6790.0,53.0,-7.0,-1.0,,2026-07-24T11:48:56.404863+08:00
2880,2016-04-07,-147000.0,-5887933.0,-1000.0,-6035933.0,7122.0,37.0,332.0,-16.0,,2026-07-24T11:48:56.404863+08:00
2880,2016-04-08,21000.0,-2432636.0,0.0,-2411636.0,7176.0,34.0,54.0,-3.0,,2026-07-24T11:48:56.404863+08:00
2880,2016-04-11,0.0,707180.0,0.0,707180.0,7132.0,39.0,-44.0,5.0,,2026-07-24T11:48:56.404863+08:00
2880,2016-04-12,-7000.0,627001.0,1000.0,621001.0,7129.0,28.0,-3.0,-11.0,,2026-07-24T11:48:56.404863+08:00
2880,2016-04-13,0.0,9028801.0,-74000.0,8954801.0,6569.0,25.0,-560.0,-3.0,,2026-07-24T11:48:56.404863+08:00
2880,2016-04-14,18000.0,3513291.0,0.0,3531291.0,6520.0,25.0,-49.0,0.0,,2026-07-24T11:48:56.404863+08:00
2880,2016-04-15,-66000.0,2697425.0,-61000.0,2570425.0,6464.0,15.0,-56.0,-10.0,,2026-07-24T11:48:56.404863+08:00
2880,2016-04-18,-25000.0,1510000.0,0.0,1485000.0,6465.0,0.0,1.0,-15.0,,2026-07-24T11:48:56.404863+08:00
2880,2016-04-19,2000.0,920000.0,0.0,922000.0,6141.0,0.0,-324.0,0.0,,2026-07-24T11:48:56.404863+08:00
2880,2016-04-20,-65000.0,-475366.0,1000.0,-539366.0,6222.0,0.0,81.0,0.0,,2026-07-24T11:48:56.404863+08:00
2880,2016-04-21,-17000.0,2473000.0,-60060.0,2395940.0,5981.0,0.0,-241.0,0.0,,2026-07-24T11:48:56.404863+08:00
2880,2016-04-22,0.0,1634154.0,0.0,1634154.0,6129.0,1.0,148.0,1.0,,2026-07-24T11:48:56.404863+08:00
2880,2016-04-25,0.0,1891000.0,-2000.0,1889000.0,6027.0,1.0,-102.0,0.0,,2026-07-24T11:48:56.404863+08:00
2880,2016-04-26,7000.0,1144476.0,0.0,1151476.0,6032.0,7.0,5.0,6.0,,2026-07-24T11:48:56.404863+08:00
2880,2016-04-27,1000.0,687000.0,0.0,688000.0,6033.0,7.0,1.0,0.0,,2026-07-24T11:48:56.404863+08:00
2880,2016-04-28,-53000.0,-2762200.0,0.0,-2815200.0,6189.0,1.0,156.0,-6.0,,2026-07-24T11:48:56.404863+08:00
2880,2016-04-29,-23000.0,-2091000.0,0.0,-2114000.0,6172.0,22.0,-17.0,21.0,,2026-07-24T11:48:56.404863+08:00
2880,2016-05-03,15000.0,-5057658.0,0.0,-5042658.0,5851.0,47.0,-321.0,25.0,,2026-07-24T11:48:56.404863+08:00
2880,2016-05-04,0.0,-4289702.0,0.0,-4289702.0,5900.0,27.0,49.0,-20.0,,2026-07-24T11:48:56.404863+08:00
2880,2016-05-05,0.0,-6986000.0,3000.0,-6983000.0,5892.0,22.0,-8.0,-5.0,,2026-07-24T11:48:56.404863+08:00
2880,2016-05-06,1000.0,-9832692.0,-422000.0,-10253692.0,5893.0,24.0,1.0,2.0,,2026-07-24T11:48:56.404863+08:00
2880,2016-05-09,0.0,-4142000.0,0.0,-4142000.0,5883.0,26.0,-10.0,2.0,,2026-07-24T11:48:56.404863+08:00
2880,2016-05-10,10000.0,-2854847.0,1310.0,-2843537.0,5963.0,26.0,80.0,0.0,,2026-07-24T11:48:56.404863+08:00
2880,2016-05-11,0.0,-4377600.0,0.0,-4377600.0,6188.0,27.0,225.0,1.0,,2026-07-24T11:48:56.404863+08:00
2880,2016-05-12,-14000.0,498000.0,0.0,484000.0,6189.0,26.0,1.0,-1.0,,2026-07-24T11:48:56.404863+08:00
2880,2016-05-13,-159000.0,4496700.0,2000.0,4339700.0,5900.0,72.0,-289.0,46.0,,2026-07-24T11:48:56.404863+08:00
2880,2016-05-16,2000.0,-4110000.0,0.0,-4108000.0,5957.0,60.0,57.0,-12.0,,2026-07-24T11:48:56.404863+08:00
2880,2016-05-17,-2000.0,-1862919.0,0.0,-1864919.0,6021.0,33.0,64.0,-27.0,,2026-07-24T11:48:56.404863+08:00
2880,2016-05-18,-2000.0,3065568.0,0.0,3063568.0,6007.0,37.0,-14.0,4.0,,2026-07-24T11:48:56.404863+08:00
2880,2016-05-19,0.0,-4104166.0,0.0,-4104166.0,6072.0,21.0,65.0,-16.0,,2026-07-24T11:48:56.404863+08:00
2880,2016-05-20,-20000.0,-137030.0,0.0,-157030.0,5959.0,66.0,-113.0,45.0,,2026-07-24T11:48:56.404863+08:00
2880,2016-05-23,0.0,5706689.0,0.0,5706689.0,6057.0,66.0,98.0,0.0,,2026-07-24T11:48:56.404863+08:00
2880,2016-05-24,0.0,7238680.0,0.0,7238680.0,6035.0,73.0,-22.0,7.0,,2026-07-24T11:48:56.404863+08:00
2880,2016-05-25,0.0,3235153.0,0.0,3235153.0,6265.0,74.0,230.0,1.0,,2026-07-24T11:48:56.404863+08:00
2880,2016-05-26,0.0,2362000.0,-5000.0,2357000.0,6267.0,40.0,2.0,-34.0,,2026-07-24T11:48:56.404863+08:00
2880,2016-05-27,0.0,9760000.0,0.0,9760000.0,5999.0,51.0,-268.0,11.0,,2026-07-24T11:48:56.404863+08:00
2880,2016-05-30,48000.0,4327944.0,0.0,4375944.0,5962.0,52.0,-37.0,1.0,,2026-07-24T11:48:56.404863+08:00
2880,2016-05-31,128000.0,-206445.0,209000.0,130555.0,6016.0,40.0,54.0,-12.0,,2026-07-24T11:48:56.404863+08:00
2880,2016-06-01,165000.0,2796486.0,0.0,2961486.0,6097.0,42.0,81.0,2.0,,2026-07-24T11:48:56.404863+08:00
2880,2016-06-02,-243000.0,1822080.0,0.0,1579080.0,5958.0,42.0,-139.0,0.0,,2026-07-24T11:48:56.404863+08:00
2880,2016-06-03,0.0,3100785.0,-91000.0,3009785.0,5868.0,42.0,-90.0,0.0,,2026-07-24T11:48:56.404863+08:00
2880,2016-06-04,0.0,205000.0,0.0,205000.0,5835.0,42.0,-33.0,0.0,,2026-07-24T11:48:56.404863+08:00
2880,2016-06-06,-34000.0,1692906.0,0.0,1658906.0,5816.0,42.0,-19.0,0.0,,2026-07-24T11:48:56.404863+08:00
2880,2016-06-07,-174000.0,7519785.0,0.0,7345785.0,5715.0,48.0,-101.0,6.0,,2026-07-24T11:48:56.404863+08:00
2880,2016-06-08,-7000.0,10198585.0,-505000.0,9686585.0,5707.0,65.0,-8.0,17.0,,2026-07-24T11:48:56.404863+08:00
2880,2016-06-13,527000.0,-3646637.0,0.0,-3119637.0,5595.0,40.0,-112.0,-25.0,,2026-07-24T11:48:56.404863+08:00
2880,2016-06-14,4000.0,2656000.0,0.0,2660000.0,5600.0,43.0,5.0,3.0,,2026-07-24T11:48:56.404863+08:00
2880,2016-06-15,108000.0,3311196.0,0.0,3419196.0,5538.0,42.0,-62.0,-1.0,,2026-07-24T11:48:56.404863+08:00
2880,2016-06-16,-88000.0,-2588000.0,-29000.0,-2705000.0,5512.0,81.0,-26.0,39.0,,2026-07-24T11:48:56.404863+08:00
2880,2016-06-17,0.0,9200816.0,-84000.0,9116816.0,5440.0,84.0,-72.0,3.0,,2026-07-24T11:48:56.404863+08:00
2880,2016-06-20,45000.0,4779000.0,-15000.0,4809000.0,5423.0,80.0,-17.0,-4.0,,2026-07-24T11:48:56.404863+08:00
2880,2016-06-21,-120000.0,5091510.0,0.0,4971510.0,5353.0,281.0,-70.0,201.0,,2026-07-24T11:48:56.404863+08:00
2880,2016-06-22,0.0,2425196.0,0.0,2425196.0,5479.0,80.0,126.0,-201.0,,2026-07-24T11:48:56.404863+08:00
2880,2016-06-23,0.0,2715224.0,0.0,2715224.0,5494.0,72.0,15.0,-8.0,,2026-07-24T11:48:56.404863+08:00
2880,2016-06-24,-20000.0,-6202280.0,-40000.0,-6262280.0,5730.0,93.0,236.0,21.0,,2026-07-24T11:48:56.404863+08:00
2880,2016-06-27,0.0,1343000.0,7000.0,1350000.0,5691.0,151.0,-39.0,58.0,,2026-07-24T11:48:56.404863+08:00
2880,2016-06-28,0.0,-296000.0,3000.0,-293000.0,5636.0,140.0,-55.0,-11.0,,2026-07-24T11:48:56.404863+08:00
2880,2016-06-29,-38000.0,2825400.0,170000.0,2957400.0,5808.0,124.0,172.0,-16.0,,2026-07-24T11:48:56.404863+08:00
2880,2016-06-30,-7000.0,6877980.0,1000.0,6871980.0,5794.0,126.0,-14.0,2.0,,2026-07-24T11:48:56.404863+08:00
2880,2016-07-01,650000.0,4413739.0,0.0,5063739.0,5798.0,127.0,4.0,1.0,,2026-07-24T11:48:56.404863+08:00
2880,2016-07-04,0.0,1677000.0,0.0,1677000.0,5746.0,134.0,-52.0,7.0,,2026-07-24T11:48:56.404863+08:00
2880,2016-07-05,-1000.0,1093000.0,-63000.0,1029000.0,5735.0,97.0,-11.0,-37.0,,2026-07-24T11:48:56.404863+08:00
2880,2016-07-06,-23000.0,-3523907.0,-66000.0,-3612907.0,5730.0,84.0,-5.0,-13.0,,2026-07-24T11:48:56.404863+08:00
2880,2016-07-07,0.0,316671.0,-102822.0,213849.0,5652.0,94.0,-78.0,10.0,,2026-07-24T11:48:56.404863+08:00
2880,2016-07-11,36000.0,8320938.0,0.0,8356938.0,5561.0,87.0,-91.0,-7.0,,2026-07-24T11:48:56.404863+08:00
2880,2016-07-12,0.0,7244896.0,0.0,7244896.0,5611.0,106.0,50.0,19.0,,2026-07-24T11:48:56.404863+08:00
2880,2016-07-13,-25000.0,6587372.0,0.0,6562372.0,5416.0,120.0,-195.0,14.0,,2026-07-24T11:48:56.404863+08:00
2880,2016-07-14,1000.0,7629438.0,34000.0,7664438.0,5281.0,139.0,-135.0,19.0,,2026-07-24T11:48:56.404863+08:00
2880,2016-07-15,-39000.0,9169230.0,-255000.0,8875230.0,5253.0,153.0,-28.0,14.0,,2026-07-24T11:48:56.404863+08:00
2880,2016-07-18,-19000.0,6204000.0,0.0,6185000.0,5241.0,149.0,-12.0,-4.0,,2026-07-24T11:48:56.404863+08:00
2880,2016-07-19,44000.0,13269327.0,9000.0,13322327.0,5223.0,162.0,-18.0,13.0,,2026-07-24T11:48:56.404863+08:00
2880,2016-07-20,46000.0,8166000.0,35000.0,8247000.0,5162.0,163.0,-61.0,1.0,,2026-07-24T11:48:56.404863+08:00
2880,2016-07-21,67000.0,7311296.0,-330000.0,7048296.0,5189.0,163.0,27.0,0.0,,2026-07-24T11:48:56.404863+08:00
2880,2016-07-22,-14000.0,3203643.0,41000.0,3230643.0,4915.0,163.0,-274.0,0.0,,2026-07-24T11:48:56.404863+08:00
2880,2016-07-25,-21000.0,3794000.0,306000.0,4079000.0,4990.0,167.0,75.0,4.0,,2026-07-24T11:48:56.404863+08:00
2880,2016-07-26,-19000.0,4511000.0,102000.0,4594000.0,5026.0,167.0,36.0,0.0,,2026-07-24T11:48:56.404863+08:00
2880,2016-07-27,-72744.0,2381000.0,-6000.0,2302256.0,5046.0,167.0,20.0,0.0,,2026-07-24T11:48:56.404863+08:00
2880,2016-07-28,21000.0,5056000.0,-167000.0,4910000.0,5203.0,167.0,157.0,0.0,,2026-07-24T11:48:56.404863+08:00
2880,2016-07-29,5000.0,-249000.0,-29471.0,-273471.0,5447.0,158.0,244.0,-9.0,,2026-07-24T11:48:56.404863+08:00
2880,2016-08-01,-14000.0,3908456.0,0.0,3894456.0,5348.0,163.0,-99.0,5.0,,2026-07-24T11:48:56.404863+08:00
2880,2016-08-02,-20000.0,901901.0,-7000.0,874901.0,5352.0,159.0,4.0,-4.0,,2026-07-24T11:48:56.404863+08:00
2880,2016-08-03,-73000.0,-189752.0,2000.0,-260752.0,5319.0,154.0,-33.0,-5.0,,2026-07-24T11:48:56.404863+08:00
2880,2016-08-04,-76000.0,1007243.0,-188000.0,743243.0,5859.0,106.0,540.0,-48.0,,2026-07-24T11:48:56.404863+08:00
2880,2016-08-05,1000.0,8500260.0,-34000.0,8467260.0,5242.0,106.0,-617.0,0.0,,2026-07-24T11:48:56.404863+08:00
2880,2016-08-08,-5000.0,3414553.0,-10000.0,3399553.0,6417.0,62.0,1175.0,-44.0,,2026-07-24T11:48:56.404863+08:00
2880,2016-08-09,4000.0,5720438.0,0.0,5724438.0,6363.0,62.0,-54.0,0.0,,2026-07-24T11:48:56.404863+08:00
2880,2016-08-10,26000.0,8732905.0,2000.0,8760905.0,8139.0,62.0,1776.0,0.0,,2026-07-24T11:48:56.404863+08:00
2880,2016-08-11,-42000.0,5798803.0,-185000.0,5571803.0,9973.0,55.0,1834.0,-7.0,,2026-07-24T11:48:56.404863+08:00
2880,2016-08-12,-3000.0,6205000.0,-10000.0,6192000.0,10250.0,0.0,277.0,-55.0,,2026-07-24T11:48:56.404863+08:00
2880,2016-08-15,788000.0,1135000.0,17000.0,1940000.0,11992.0,0.0,1742.0,0.0,,2026-07-24T11:48:56.404863+08:00
2880,2016-08-16,3058000.0,4455365.0,-20000.0,7493365.0,10832.0,0.0,-1160.0,0.0,,2026-07-24T11:48:56.404863+08:00
2880,2016-08-17,7799388.0,3306827.0,4000.0,11110215.0,11607.0,0.0,775.0,0.0,,2026-07-24T11:48:56.404863+08:00
2880,2016-08-18,-11441000.0,10711965.0,-8000.0,-737035.0,11418.0,342.0,-189.0,342.0,,2026-07-24T11:48:56.404863+08:00
2880,2016-08-19,-23000.0,-189264.0,-213000.0,-425264.0,11521.0,357.0,103.0,15.0,,2026-07-24T11:48:56.404863+08:00
2880,2016-08-22,-12000.0,-2111070.0,0.0,-2123070.0,11240.0,394.0,-281.0,37.0,,2026-07-24T11:48:56.404863+08:00
2880,2016-08-23,-24000.0,3577930.0,0.0,3553930.0,10616.0,423.0,-624.0,29.0,,2026-07-24T11:48:56.404863+08:00
2880,2016-08-24,-4000.0,-823146.0,-17000.0,-844146.0,10401.0,426.0,-215.0,3.0,,2026-07-24T11:48:56.404863+08:00
2880,2016-08-25,-5000.0,3708992.0,0.0,3703992.0,9446.0,406.0,-955.0,-20.0,,2026-07-24T11:48:56.404863+08:00
2880,2016-08-26,-23000.0,3115801.0,2000.0,3094801.0,9160.0,427.0,-286.0,21.0,,2026-07-24T11:48:56.404863+08:00
2880,2016-08-29,-117000.0,4916897.0,0.0,4799897.0,9060.0,573.0,-100.0,146.0,,2026-07-24T11:48:56.404863+08:00
2880,2016-08-30,-106000.0,514899.0,54000.0,462899.0,9044.0,571.0,-16.0,-2.0,,2026-07-24T11:48:56.404863+08:00
2880,2016-08-31,-167000.0,-680592.0,79000.0,-768592.0,8949.0,572.0,-95.0,1.0,,2026-07-24T11:48:56.404863+08:00
2880,2016-09-01,-4000.0,-8574835.0,163000.0,-8415835.0,9274.0,554.0,325.0,-18.0,,2026-07-24T11:48:56.404863+08:00
2880,2016-09-02,33000.0,3052354.0,0.0,3085354.0,8574.0,571.0,-700.0,17.0,,2026-07-24T11:48:56.404863+08:00
2880,2016-09-05,8000.0,3318000.0,-5000.0,3321000.0,8455.0,572.0,-119.0,1.0,,2026-07-24T11:48:56.404863+08:00
2880,2016-09-06,-38000.0,4151425.0,0.0,4113425.0,7800.0,556.0,-655.0,-16.0,,2026-07-24T11:48:56.404863+08:00
2880,2016-09-07,-1000.0,3426720.0,18000.0,3443720.0,6632.0,597.0,-1168.0,41.0,,2026-07-24T11:48:56.404863+08:00
2880,2016-09-08,-21000.0,4153000.0,0.0,4132000.0,6497.0,620.0,-135.0,23.0,,2026-07-24T11:48:56.404863+08:00
2880,2016-09-09,-273000.0,-1696000.0,1000.0,-1968000.0,6726.0,613.0,229.0,-7.0,,2026-07-24T11:48:56.404863+08:00
2880,2016-09-10,-293000.0,-1380000.0,0.0,-1673000.0,6795.0,612.0,69.0,-1.0,,2026-07-24T11:48:56.404863+08:00
2880,2016-09-12,70000.0,-7087578.0,0.0,-7017578.0,6952.0,524.0,157.0,-88.0,,2026-07-24T11:48:56.404863+08:00
2880,2016-09-13,359000.0,-10000.0,8000.0,357000.0,7055.0,508.0,103.0,-16.0,,2026-07-24T11:48:56.404863+08:00
2880,2016-09-14,5000.0,-6915096.0,103000.0,-6807096.0,7142.0,499.0,87.0,-9.0,,2026-07-24T11:48:56.404863+08:00
2880,2016-09-19,-5000.0,6233636.0,0.0,6228636.0,6994.0,515.0,-148.0,16.0,,2026-07-24T11:48:56.404863+08:00
2880,2016-09-20,-291000.0,1000825.0,0.0,709825.0,6967.0,543.0,-27.0,28.0,,2026-07-24T11:48:56.404863+08:00
2880,2016-09-21,-201820.0,2877094.0,0.0,2675274.0,7132.0,252.0,165.0,-291.0,,2026-07-24T11:48:56.404863+08:00
2880,2016-09-22,100448.0,1298463.0,0.0,1398911.0,6982.0,213.0,-150.0,-39.0,,2026-07-24T11:48:56.404863+08:00
2880,2016-09-23,146000.0,4547089.0,0.0,4693089.0,6866.0,195.0,-116.0,-18.0,,2026-07-24T11:48:56.404863+08:00
2880,2016-09-26,0.0,-202000.0,0.0,-202000.0,6864.0,175.0,-2.0,-20.0,,2026-07-24T11:48:56.404863+08:00
2880,2016-09-29,-6141.0,5454780.0,0.0,5448639.0,6862.0,175.0,-2.0,0.0,,2026-07-24T11:48:56.404863+08:00
2880,2016-09-30,-25000.0,-4974320.0,102815.0,-4896505.0,6988.0,151.0,126.0,-24.0,,2026-07-24T11:48:56.404863+08:00
2880,2016-10-03,-94000.0,-394331.0,0.0,-488331.0,6961.0,151.0,-27.0,0.0,,2026-07-24T11:48:56.404863+08:00
2880,2016-10-04,-2000.0,2552675.0,0.0,2550675.0,6768.0,166.0,-193.0,15.0,,2026-07-24T11:48:56.404863+08:00
2880,2016-10-05,-281000.0,89975.0,0.0,-191025.0,6745.0,190.0,-23.0,24.0,,2026-07-24T11:48:56.404863+08:00
2880,2016-10-06,-39260.0,636262.0,0.0,597002.0,6748.0,190.0,3.0,0.0,,2026-07-24T11:48:56.404863+08:00
2880,2016-10-07,44000.0,-3879025.0,0.0,-3835025.0,6835.0,169.0,87.0,-21.0,,2026-07-24T11:48:56.404863+08:00
2880,2016-10-11,-32000.0,-134885.0,3000.0,-163885.0,6827.0,169.0,-8.0,0.0,,2026-07-24T11:48:56.404863+08:00
2880,2016-10-12,82000.0,553459.0,-2000.0,633459.0,6997.0,169.0,170.0,0.0,,2026-07-24T11:48:56.404863+08:00
2880,2016-10-13,-41000.0,9588.0,3000.0,-28412.0,7020.0,164.0,23.0,-5.0,,2026-07-24T11:48:56.404863+08:00
2880,2016-10-14,29000.0,-2328512.0,0.0,-2299512.0,7111.0,144.0,91.0,-20.0,,2026-07-24T11:48:56.404863+08:00
2880,2016-10-17,-169000.0,-1932062.0,0.0,-2101062.0,7190.0,146.0,79.0,2.0,,2026-07-24T11:48:56.404863+08:00
2880,2016-10-18,-10000.0,3217704.0,0.0,3207704.0,7050.0,146.0,-140.0,0.0,,2026-07-24T11:48:56.404863+08:00
2880,2016-10-19,-35000.0,3157605.0,0.0,3122605.0,7031.0,146.0,-19.0,0.0,,2026-07-24T11:48:56.404863+08:00
2880,2016-10-20,-221000.0,1291564.0,-2000.0,1068564.0,7024.0,100.0,-7.0,-46.0,,2026-07-24T11:48:56.404863+08:00
2880,2016-10-21,-706000.0,357789.0,-23000.0,-371211.0,6986.0,100.0,-38.0,0.0,,2026-07-24T11:48:56.404863+08:00
2880,2016-10-24,0.0,738840.0,0.0,738840.0,6918.0,100.0,-68.0,0.0,,2026-07-24T11:48:56.404863+08:00
2880,2016-10-25,2000.0,2058703.0,-407000.0,1653703.0,6930.0,100.0,12.0,0.0,,2026-07-24T11:48:56.404863+08:00
2880,2016-10-26,0.0,431509.0,-142000.0,289509.0,6887.0,100.0,-43.0,0.0,,2026-07-24T11:48:56.404863+08:00
2880,2016-10-27,-1000.0,-3546035.0,0.0,-3547035.0,6997.0,98.0,110.0,-2.0,,2026-07-24T11:48:56.404863+08:00
2880,2016-10-28,0.0,2267000.0,-119000.0,2148000.0,6916.0,101.0,-81.0,3.0,,2026-07-24T11:48:56.404863+08:00
2880,2016-10-31,0.0,-924079.0,-118000.0,-1042079.0,6872.0,101.0,-44.0,0.0,,2026-07-24T11:48:56.404863+08:00
2880,2016-11-01,8000.0,180528.0,-53000.0,135528.0,6861.0,101.0,-11.0,0.0,,2026-07-24T11:48:56.404863+08:00
2880,2016-11-02,114000.0,-134625.0,147.0,-20478.0,6759.0,99.0,-102.0,-2.0,,2026-07-24T11:48:56.404863+08:00
2880,2016-11-03,21000.0,-2411000.0,0.0,-2390000.0,6468.0,99.0,-291.0,0.0,,2026-07-24T11:48:56.404863+08:00
2880,2016-11-04,0.0,-3965000.0,-80000.0,-4045000.0,6572.0,97.0,104.0,-2.0,,2026-07-24T11:48:56.404863+08:00
2880,2016-11-07,66000.0,-2895156.0,0.0,-2829156.0,6589.0,97.0,17.0,0.0,,2026-07-24T11:48:56.404863+08:00
2880,2016-11-08,0.0,1305277.0,0.0,1305277.0,6553.0,95.0,-36.0,-2.0,,2026-07-24T11:48:56.404863+08:00
2880,2016-11-09,-160000.0,-7234000.0,0.0,-7394000.0,6585.0,94.0,32.0,-1.0,,2026-07-24T11:48:56.404863+08:00
2880,2016-11-10,16000.0,-1042000.0,0.0,-1026000.0,6609.0,97.0,24.0,3.0,,2026-07-24T11:48:56.404863+08:00
2880,2016-11-11,-43000.0,-11779172.0,-222404.0,-12044576.0,7233.0,95.0,624.0,-2.0,,2026-07-24T11:48:56.404863+08:00
2880,2016-11-14,-138000.0,-9229277.0,0.0,-9367277.0,7365.0,95.0,132.0,0.0,,2026-07-24T11:48:56.404863+08:00
2880,2016-11-15,-34000.0,-6217231.0,0.0,-6251231.0,7605.0,98.0,240.0,3.0,,2026-07-24T11:48:56.404863+08:00
2880,2016-11-16,-65000.0,-1902805.0,-14237.0,-1982042.0,7578.0,101.0,-27.0,3.0,,2026-07-24T11:48:56.404863+08:00
2880,2016-11-17,-394000.0,-4531000.0,0.0,-4925000.0,7604.0,99.0,26.0,-2.0,,2026-07-24T11:48:56.404863+08:00
2880,2016-11-18,1000.0,-4760119.0,1000.0,-4758119.0,7639.0,99.0,35.0,0.0,,2026-07-24T11:48:56.404863+08:00
2880,2016-11-21,-19294.0,-2254930.0,0.0,-2274224.0,7629.0,109.0,-10.0,10.0,,2026-07-24T11:48:56.404863+08:00
2880,2016-11-22,30000.0,-149004.0,0.0,-119004.0,7537.0,109.0,-92.0,0.0,,2026-07-24T11:48:56.404863+08:00
2880,2016-11-23,28000.0,1556824.0,0.0,1584824.0,7371.0,109.0,-166.0,0.0,,2026-07-24T11:48:56.404863+08:00
2880,2016-11-24,-21000.0,1209000.0,0.0,1188000.0,7623.0,109.0,252.0,0.0,,2026-07-24T11:48:56.404863+08:00
2880,2016-11-25,6000.0,1258680.0,0.0,1264680.0,7383.0,100.0,-240.0,-9.0,,2026-07-24T11:48:56.404863+08:00
2880,2016-11-28,10034.0,1315000.0,0.0,1325034.0,7517.0,100.0,134.0,0.0,,2026-07-24T11:48:56.404863+08:00
2880,2016-11-29,0.0,-1968549.0,-86000.0,-2054549.0,7532.0,100.0,15.0,0.0,,2026-07-24T11:48:56.404863+08:00
2880,2016-11-30,-3000.0,5690791.0,-1000.0,5686791.0,7363.0,102.0,-169.0,2.0,,2026-07-24T11:48:56.404863+08:00
2880,2016-12-01,3000.0,1980557.0,0.0,1983557.0,6718.0,102.0,-645.0,0.0,,2026-07-24T11:48:56.404863+08:00
2880,2016-12-02,-39000.0,-1049655.0,0.0,-1088655.0,6691.0,100.0,-27.0,-2.0,,2026-07-24T11:48:56.404863+08:00
2880,2016-12-05,-19000.0,-3980290.0,0.0,-3999290.0,6952.0,100.0,261.0,0.0,,2026-07-24T11:48:56.404863+08:00
2880,2016-12-06,51000.0,1435686.0,0.0,1486686.0,6910.0,100.0,-42.0,0.0,,2026-07-24T11:48:56.404863+08:00
2880,2016-12-07,-13000.0,772439.0,0.0,759439.0,6627.0,102.0,-283.0,2.0,,2026-07-24T11:48:56.404863+08:00
2880,2016-12-08,-98000.0,9175697.0,0.0,9077697.0,6787.0,106.0,160.0,4.0,,2026-07-24T11:48:56.404863+08:00
2880,2016-12-09,-3000.0,2700160.0,0.0,2697160.0,6604.0,106.0,-183.0,0.0,,2026-07-24T11:48:56.404863+08:00
2880,2016-12-12,103000.0,2026932.0,0.0,2129932.0,6422.0,104.0,-182.0,-2.0,,2026-07-24T11:48:56.404863+08:00
2880,2016-12-13,7000.0,-188241.0,0.0,-181241.0,6462.0,104.0,40.0,0.0,,2026-07-24T11:48:56.404863+08:00
2880,2016-12-14,-8000.0,-88574.0,0.0,-96574.0,7637.0,119.0,1175.0,15.0,,2026-07-24T11:48:56.404863+08:00
2880,2016-12-15,6000.0,4299000.0,0.0,4305000.0,6403.0,105.0,-1234.0,-14.0,,2026-07-24T11:48:56.404863+08:00
2880,2016-12-16,39000.0,-3641223.0,0.0,-3602223.0,6438.0,104.0,35.0,-1.0,,2026-07-24T11:48:56.404863+08:00
2880,2016-12-19,24000.0,-1429463.0,0.0,-1405463.0,5945.0,103.0,-493.0,-1.0,,2026-07-24T11:48:56.404863+08:00
2880,2016-12-20,-34000.0,-1511797.0,0.0,-1545797.0,5963.0,96.0,18.0,-7.0,,2026-07-24T11:48:56.404863+08:00
2880,2016-12-21,44000.0,-2886500.0,0.0,-2842500.0,6022.0,115.0,59.0,19.0,,2026-07-24T11:48:56.404863+08:00
2880,2016-12-22,0.0,-3654302.0,0.0,-3654302.0,6030.0,113.0,8.0,-2.0,,2026-07-24T11:48:56.404863+08:00
2880,2016-12-23,0.0,-3975000.0,0.0,-3975000.0,6126.0,59.0,96.0,-54.0,,2026-07-24T11:48:56.404863+08:00
2880,2016-12-26,0.0,81000.0,0.0,81000.0,6053.0,58.0,-73.0,-1.0,,2026-07-24T11:48:56.404863+08:00
2880,2016-12-27,-11000.0,-622000.0,0.0,-633000.0,6102.0,59.0,49.0,1.0,,2026-07-24T11:48:56.404863+08:00
2880,2016-12-28,0.0,1551000.0,0.0,1551000.0,6026.0,59.0,-76.0,0.0,,2026-07-24T11:48:56.404863+08:00
2880,2016-12-29,30000.0,-1099019.0,0.0,-1069019.0,6094.0,59.0,68.0,0.0,,2026-07-24T11:48:56.404863+08:00
2880,2016-12-30,0.0,2915528.0,0.0,2915528.0,5983.0,59.0,-111.0,0.0,,2026-07-24T11:48:56.404863+08:00
2880,2017-01-03,0.0,528000.0,0.0,528000.0,5985.0,59.0,2.0,0.0,,2026-07-24T11:48:56.404863+08:00
2880,2017-01-04,-38000.0,-1247550.0,0.0,-1285550.0,6045.0,60.0,60.0,1.0,,2026-07-24T11:48:56.404863+08:00
2880,2017-01-05,8000.0,364665.0,27000.0,399665.0,5942.0,59.0,-103.0,-1.0,,2026-07-24T11:48:56.404863+08:00
2880,2017-01-06,-33000.0,1984504.0,19000.0,1970504.0,5873.0,59.0,-69.0,0.0,,2026-07-24T11:48:56.404863+08:00
2880,2017-01-09,-4000.0,1449159.0,0.0,1445159.0,5839.0,59.0,-34.0,0.0,,2026-07-24T11:48:56.404863+08:00
2880,2017-01-10,0.0,103208.0,0.0,103208.0,5916.0,59.0,77.0,0.0,,2026-07-24T11:48:56.404863+08:00
2880,2017-01-11,0.0,1820494.0,0.0,1820494.0,5957.0,60.0,41.0,1.0,,2026-07-24T11:48:56.404863+08:00
2880,2017-01-12,12000.0,7326847.0,0.0,7338847.0,5690.0,67.0,-267.0,7.0,,2026-07-24T11:48:56.404863+08:00
2880,2017-01-13,-12000.0,2408493.0,0.0,2396493.0,5795.0,67.0,105.0,0.0,,2026-07-24T11:48:56.404863+08:00
2880,2017-01-16,-8000.0,253300.0,0.0,245300.0,5725.0,67.0,-70.0,0.0,,2026-07-24T11:48:56.404863+08:00
2880,2017-01-17,0.0,1332330.0,0.0,1332330.0,5704.0,67.0,-21.0,0.0,,2026-07-24T11:48:56.404863+08:00
2880,2017-01-18,9000.0,-1162985.0,0.0,-1153985.0,5744.0,67.0,40.0,0.0,,2026-07-24T11:48:56.404863+08:00
2880,2017-01-19,-45000.0,-2736891.0,1000.0,-2780891.0,5788.0,59.0,44.0,-8.0,,2026-07-24T11:48:56.404863+08:00
2880,2017-01-20,0.0,-1911618.0,0.0,-1911618.0,5800.0,59.0,12.0,0.0,,2026-07-24T11:48:56.404863+08:00
2880,2017-01-23,0.0,5253807.0,2184.0,5255991.0,5734.0,69.0,-66.0,10.0,,2026-07-24T11:48:56.404863+08:00
2880,2017-01-24,0.0,2147454.0,8000.0,2155454.0,5718.0,59.0,-16.0,-10.0,,2026-07-24T11:48:56.404863+08:00
2880,2017-02-02,-19000.0,-7007789.0,0.0,-7026789.0,5862.0,59.0,144.0,0.0,,2026-07-24T11:48:56.404863+08:00
2880,2017-02-03,-37000.0,353552.0,95000.0,411552.0,5810.0,74.0,-52.0,15.0,,2026-07-24T11:48:56.404863+08:00
2880,2017-02-06,65000.0,-1516933.0,0.0,-1451933.0,6140.0,69.0,330.0,-5.0,,2026-07-24T11:48:56.404863+08:00
2880,2017-02-07,-32000.0,2778867.0,-208000.0,2538867.0,6202.0,69.0,62.0,0.0,,2026-07-24T11:48:56.404863+08:00
2880,2017-02-08,-92000.0,-4337429.0,0.0,-4429429.0,6174.0,69.0,-28.0,0.0,,2026-07-24T11:48:56.404863+08:00
2880,2017-02-09,948000.0,-823705.0,3000.0,127295.0,6132.0,69.0,-42.0,0.0,,2026-07-24T11:48:56.404863+08:00
2880,2017-02-10,-1003000.0,4986025.0,0.0,3983025.0,5816.0,80.0,-316.0,11.0,,2026-07-24T11:48:56.404863+08:00
2880,2017-02-13,3000.0,2247862.0,0.0,2250862.0,5661.0,82.0,-155.0,2.0,,2026-07-24T11:48:56.404863+08:00
2880,2017-02-14,-12000.0,3882114.0,3000.0,3873114.0,5648.0,83.0,-13.0,1.0,,2026-07-24T11:48:56.404863+08:00
2880,2017-02-15,10000.0,8827755.0,0.0,8837755.0,5452.0,82.0,-196.0,-1.0,,2026-07-24T11:48:56.404863+08:00
2880,2017-02-16,-8000.0,2902000.0,0.0,2894000.0,5559.0,52.0,107.0,-30.0,,2026-07-24T11:48:56.404863+08:00
2880,2017-02-17,0.0,4805246.0,3000.0,4808246.0,5568.0,60.0,9.0,8.0,,2026-07-24T11:48:56.404863+08:00
2880,2017-02-18,293000.0,2000.0,0.0,295000.0,5642.0,60.0,74.0,0.0,,2026-07-24T11:48:56.404863+08:00
2880,2017-02-20,32000.0,3711366.0,0.0,3743366.0,5688.0,60.0,46.0,0.0,,2026-07-24T11:48:56.404863+08:00
2880,2017-02-21,2000.0,3079529.0,0.0,3081529.0,5772.0,51.0,84.0,-9.0,,2026-07-24T11:48:56.404863+08:00
2880,2017-02-22,-25000.0,4408267.0,0.0,4383267.0,5800.0,51.0,28.0,0.0,,2026-07-24T11:48:56.404863+08:00
2880,2017-02-23,-23000.0,5102414.0,2000.0,5081414.0,5851.0,51.0,51.0,0.0,,2026-07-24T11:48:56.404863+08:00
2880,2017-02-24,0.0,2302258.0,0.0,2302258.0,5887.0,51.0,36.0,0.0,,2026-07-24T11:48:56.404863+08:00
2880,2017-03-01,-56000.0,-1681866.0,0.0,-1737866.0,6138.0,49.0,251.0,-2.0,,2026-07-24T11:48:56.404863+08:00
2880,2017-03-02,31000.0,2226654.0,0.0,2257654.0,6247.0,49.0,109.0,0.0,,2026-07-24T11:48:56.404863+08:00
2880,2017-03-03,-4000.0,1259766.0,-12000.0,1243766.0,6275.0,49.0,28.0,0.0,,2026-07-24T11:48:56.404863+08:00
2880,2017-03-06,0.0,745990.0,0.0,745990.0,6256.0,49.0,-19.0,0.0,,2026-07-24T11:48:56.404863+08:00
2880,2017-03-07,-2150000.0,-303224.0,469000.0,-1984224.0,6340.0,52.0,84.0,3.0,,2026-07-24T11:48:56.404863+08:00
2880,2017-03-08,-48000.0,-626839.0,0.0,-674839.0,6213.0,52.0,-127.0,0.0,,2026-07-24T11:48:56.404863+08:00
2880,2017-03-09,-29000.0,-4105000.0,0.0,-4134000.0,6232.0,50.0,19.0,-2.0,,2026-07-24T11:48:56.404863+08:00
2880,2017-03-10,2000.0,-2797235.0,0.0,-2795235.0,6235.0,50.0,3.0,0.0,,2026-07-24T11:48:56.404863+08:00
2880,2017-03-13,-25000.0,846799.0,0.0,821799.0,6130.0,49.0,-105.0,-1.0,,2026-07-24T11:48:56.404863+08:00
2880,2017-03-14,-1000.0,1570415.0,-33000.0,1536415.0,6176.0,49.0,46.0,0.0,,2026-07-24T11:48:56.404863+08:00
2880,2017-03-15,-7000.0,-1724839.0,0.0,-1731839.0,6425.0,49.0,249.0,0.0,,2026-07-24T11:48:56.404863+08:00
2880,2017-03-16,219000.0,5922200.0,0.0,6141200.0,6399.0,49.0,-26.0,0.0,,2026-07-24T11:48:56.404863+08:00
2880,2017-03-17,24000.0,3216521.0,14000.0,3254521.0,6361.0,49.0,-38.0,0.0,,2026-07-24T11:48:56.404863+08:00
2880,2017-03-20,5000.0,-1542016.0,-2000.0,-1539016.0,6450.0,49.0,89.0,0.0,,2026-07-24T11:48:56.404863+08:00
2880,2017-03-21,31000.0,4245560.0,10000.0,4286560.0,6340.0,49.0,-110.0,0.0,,2026-07-24T11:48:56.404863+08:00
2880,2017-03-22,-34000.0,-723326.0,0.0,-757326.0,6353.0,57.0,13.0,8.0,,2026-07-24T11:48:56.404863+08:00
2880,2017-03-23,-20000.0,1325457.0,0.0,1305457.0,6364.0,57.0,11.0,0.0,,2026-07-24T11:48:56.404863+08:00
2880,2017-03-24,9000.0,1351576.0,2000.0,1362576.0,6345.0,57.0,-19.0,0.0,,2026-07-24T11:48:56.404863+08:00
2880,2017-03-27,-31000.0,3645096.0,0.0,3614096.0,6299.0,57.0,-46.0,0.0,,2026-07-24T11:48:56.404863+08:00
2880,2017-03-28,174000.0,4056434.0,0.0,4230434.0,6137.0,57.0,-162.0,0.0,,2026-07-24T11:48:56.404863+08:00
2880,2017-03-29,341000.0,55509.0,-3000.0,393509.0,6171.0,57.0,34.0,0.0,,2026-07-24T11:48:56.404863+08:00
2880,2017-03-30,249000.0,3325356.0,0.0,3574356.0,6100.0,99.0,-71.0,42.0,,2026-07-24T11:48:56.404863+08:00
2880,2017-03-31,233000.0,26000.0,0.0,259000.0,6196.0,79.0,96.0,-20.0,,2026-07-24T11:48:56.404863+08:00
2880,2017-04-05,16000.0,2397333.0,0.0,2413333.0,6049.0,79.0,-147.0,0.0,,2026-07-24T11:48:56.404863+08:00
2880,2017-04-06,262000.0,-180472.0,0.0,81528.0,6456.0,79.0,407.0,0.0,,2026-07-24T11:48:56.404863+08:00
2880,2017-04-07,-42000.0,-365606.0,5000.0,-402606.0,6383.0,8.0,-73.0,-71.0,,2026-07-24T11:48:56.404863+08:00
2880,2017-04-10,0.0,1520000.0,3000.0,1523000.0,6447.0,8.0,64.0,0.0,,2026-07-24T11:48:56.404863+08:00
2880,2017-04-11,-47000.0,3828146.0,0.0,3781146.0,6447.0,11.0,0.0,3.0,,2026-07-24T11:48:56.404863+08:00
2880,2017-04-12,-35000.0,2176628.0,0.0,2141628.0,6760.0,11.0,313.0,0.0,,2026-07-24T11:48:56.404863+08:00
2880,2017-04-13,0.0,341000.0,-2000.0,339000.0,6797.0,8.0,37.0,-3.0,,2026-07-24T11:48:56.404863+08:00
2880,2017-04-14,-21000.0,913000.0,-35000.0,857000.0,6764.0,8.0,-33.0,0.0,,2026-07-24T11:48:56.404863+08:00
2880,2017-04-17,4000.0,516000.0,0.0,520000.0,6645.0,7.0,-119.0,-1.0,,2026-07-24T11:48:56.404863+08:00
2880,2017-04-18,0.0,1709393.0,3000.0,1712393.0,6616.0,7.0,-29.0,0.0,,2026-07-24T11:48:56.404863+08:00
2880,2017-04-19,-26000.0,-3870545.0,0.0,-3896545.0,6702.0,7.0,86.0,0.0,,2026-07-24T11:48:56.404863+08:00
2880,2017-04-20,0.0,-1695888.0,3000.0,-1692888.0,6732.0,6.0,30.0,-1.0,,2026-07-24T11:48:56.404863+08:00
2880,2017-04-21,0.0,996594.0,0.0,996594.0,6728.0,0.0,-4.0,-6.0,,2026-07-24T11:48:56.404863+08:00
2880,2017-04-24,0.0,1133000.0,0.0,1133000.0,6782.0,0.0,54.0,0.0,,2026-07-24T11:48:56.404863+08:00
2880,2017-04-25,0.0,5303000.0,-329.0,5302671.0,6793.0,0.0,11.0,0.0,,2026-07-24T11:48:56.404863+08:00
2880,2017-04-26,10000.0,6366000.0,3000.0,6379000.0,7028.0,0.0,235.0,0.0,,2026-07-24T11:48:56.404863+08:00
2880,2017-04-27,0.0,4178586.0,-3000.0,4175586.0,6905.0,10.0,-123.0,10.0,,2026-07-24T11:48:56.404863+08:00
2880,2017-04-28,-3000.0,-1693240.0,-17000.0,-1713240.0,6855.0,12.0,-50.0,2.0,,2026-07-24T11:48:56.404863+08:00
2880,2017-05-02,0.0,8391000.0,-1000.0,8390000.0,6831.0,44.0,-24.0,32.0,,2026-07-24T11:48:56.404863+08:00
2880,2017-05-03,0.0,2742000.0,0.0,2742000.0,6864.0,64.0,33.0,20.0,,2026-07-24T11:48:56.404863+08:00
2880,2017-05-04,0.0,1963122.0,0.0,1963122.0,6913.0,105.0,49.0,41.0,,2026-07-24T11:48:56.404863+08:00
2880,2017-05-05,-20000.0,-1249966.0,0.0,-1269966.0,6869.0,355.0,-44.0,250.0,,2026-07-24T11:48:56.404863+08:00
2880,2017-05-08,1000.0,4613270.0,0.0,4614270.0,6587.0,411.0,-282.0,56.0,,2026-07-24T11:48:56.404863+08:00
2880,2017-05-09,-19920.0,694995.0,0.0,675075.0,6655.0,616.0,68.0,205.0,,2026-07-24T11:48:56.404863+08:00
2880,2017-05-10,0.0,3498573.0,0.0,3498573.0,6682.0,676.0,27.0,60.0,,2026-07-24T11:48:56.404863+08:00
2880,2017-05-11,0.0,3425535.0,0.0,3425535.0,6614.0,675.0,-68.0,-1.0,,2026-07-24T11:48:56.404863+08:00
2880,2017-05-12,0.0,1956850.0,0.0,1956850.0,6548.0,725.0,-66.0,50.0,,2026-07-24T11:48:56.404863+08:00
2880,2017-05-15,0.0,3582379.0,415000.0,3997379.0,6520.0,725.0,-28.0,0.0,,2026-07-24T11:48:56.404863+08:00
2880,2017-05-16,-29000.0,-4597688.0,1209000.0,-3417688.0,6891.0,725.0,371.0,0.0,,2026-07-24T11:48:56.404863+08:00
2880,2017-05-17,-47000.0,1317808.0,0.0,1270808.0,7031.0,726.0,140.0,1.0,,2026-07-24T11:48:56.404863+08:00
2880,2017-05-18,0.0,-1088978.0,-12000.0,-1100978.0,7028.0,726.0,-3.0,0.0,,2026-07-24T11:48:56.404863+08:00
2880,2017-05-19,0.0,3288472.0,0.0,3288472.0,7042.0,724.0,14.0,-2.0,,2026-07-24T11:48:56.404863+08:00
2880,2017-05-22,0.0,261512.0,-3000.0,258512.0,6857.0,724.0,-185.0,0.0,,2026-07-24T11:48:56.404863+08:00
2880,2017-05-23,-8000.0,1373853.0,0.0,1365853.0,6879.0,723.0,22.0,-1.0,,2026-07-24T11:48:56.404863+08:00
2880,2017-05-24,-8000.0,-1360486.0,0.0,-1368486.0,6864.0,723.0,-15.0,0.0,,2026-07-24T11:48:56.404863+08:00
2880,2017-05-25,4000.0,-2741166.0,-9000.0,-2746166.0,6938.0,721.0,74.0,-2.0,,2026-07-24T11:48:56.404863+08:00
2880,2017-05-26,3000.0,4920619.0,-57000.0,4866619.0,6977.0,721.0,39.0,0.0,,2026-07-24T11:48:56.404863+08:00
2880,2017-05-31,1000.0,-1583506.0,-147000.0,-1729506.0,6917.0,721.0,-60.0,0.0,,2026-07-24T11:48:56.404863+08:00
2880,2017-06-01,-35000.0,919263.0,0.0,884263.0,6944.0,721.0,27.0,0.0,,2026-07-24T11:48:56.404863+08:00
2880,2017-06-02,0.0,-1826912.0,-41000.0,-1867912.0,6845.0,721.0,-99.0,0.0,,2026-07-24T11:48:56.404863+08:00
2880,2017-06-03,-1000.0,0.0,-15000.0,-16000.0,7246.0,721.0,401.0,0.0,,2026-07-24T11:48:56.404863+08:00
2880,2017-06-05,10000.0,-429866.0,-54000.0,-473866.0,7563.0,721.0,317.0,0.0,,2026-07-24T11:48:56.404863+08:00
2880,2017-06-06,-407.0,-1034400.0,-54000.0,-1088807.0,7700.0,721.0,137.0,0.0,,2026-07-24T11:48:56.404863+08:00
2880,2017-06-07,-14000.0,-2804564.0,-15000.0,-2833564.0,7668.0,710.0,-32.0,-11.0,,2026-07-24T11:48:56.404863+08:00
2880,2017-06-08,0.0,-1718748.0,-4000.0,-1722748.0,7816.0,701.0,148.0,-9.0,,2026-07-24T11:48:56.404863+08:00
2880,2017-06-09,-19000.0,-2904748.0,-15000.0,-2938748.0,7794.0,701.0,-22.0,0.0,,2026-07-24T11:48:56.404863+08:00
2880,2017-06-12,0.0,-2564652.0,0.0,-2564652.0,7815.0,701.0,21.0,0.0,,2026-07-24T11:48:56.404863+08:00
2880,2017-06-13,2000.0,-352732.0,0.0,-350732.0,7808.0,700.0,-7.0,-1.0,,2026-07-24T11:48:56.404863+08:00
2880,2017-06-14,-2000.0,-148499.0,-3000.0,-153499.0,7784.0,700.0,-24.0,0.0,,2026-07-24T11:48:56.404863+08:00
2880,2017-06-15,0.0,1498000.0,0.0,1498000.0,7778.0,700.0,-6.0,0.0,,2026-07-24T11:48:56.404863+08:00
2880,2017-06-16,1336.0,-5510116.0,-49000.0,-5557780.0,7771.0,700.0,-7.0,0.0,,2026-07-24T11:48:56.404863+08:00
2880,2017-06-19,1500664.0,-2775138.0,-12000.0,-1286474.0,7797.0,700.0,26.0,0.0,,2026-07-24T11:48:56.404863+08:00
2880,2017-06-20,1505000.0,-1069000.0,-30000.0,406000.0,8001.0,700.0,204.0,0.0,,2026-07-24T11:48:56.404863+08:00
2880,2017-06-21,280000.0,-1628986.0,0.0,-1348986.0,8007.0,700.0,6.0,0.0,,2026-07-24T11:48:56.404863+08:00
2880,2017-06-22,8000.0,1600226.0,0.0,1608226.0,7972.0,700.0,-35.0,0.0,,2026-07-24T11:48:56.404863+08:00
2880,2017-06-23,0.0,-1673815.0,-11000.0,-1684815.0,7988.0,700.0,16.0,0.0,,2026-07-24T11:48:56.404863+08:00
2880,2017-06-26,1615000.0,8160970.0,-15000.0,9760970.0,8917.0,700.0,929.0,0.0,,2026-07-24T11:48:56.404863+08:00
2880,2017-06-27,255000.0,2880000.0,10000.0,3145000.0,9110.0,705.0,193.0,5.0,,2026-07-24T11:48:56.404863+08:00
2880,2017-06-28,234000.0,381865.0,0.0,615865.0,8223.0,706.0,-887.0,1.0,,2026-07-24T11:48:56.404863+08:00
2880,2017-06-29,1627000.0,5840161.0,-5000.0,7462161.0,8331.0,705.0,108.0,-1.0,,2026-07-24T11:48:56.404863+08:00
2880,2017-06-30,6000.0,-2270000.0,-2000.0,-2266000.0,9081.0,706.0,750.0,1.0,,2026-07-24T11:48:56.404863+08:00
2880,2017-07-03,-39000.0,-3557416.0,-29000.0,-3625416.0,8558.0,706.0,-523.0,0.0,,2026-07-24T11:48:56.404863+08:00
2880,2017-07-04,0.0,-3948719.0,-7000.0,-3955719.0,8614.0,705.0,56.0,-1.0,,2026-07-24T11:48:56.404863+08:00
2880,2017-07-05,646000.0,1079236.0,0.0,1725236.0,8534.0,706.0,-80.0,1.0,,2026-07-24T11:48:56.404863+08:00
2880,2017-07-06,0.0,-2861824.0,0.0,-2861824.0,8559.0,708.0,25.0,2.0,,2026-07-24T11:48:56.404863+08:00
2880,2017-07-07,0.0,375712.0,0.0,375712.0,8638.0,707.0,79.0,-1.0,,2026-07-24T11:48:56.404863+08:00
2880,2017-07-10,0.0,-1234109.0,-10000.0,-1244109.0,8618.0,706.0,-20.0,-1.0,,2026-07-24T11:48:56.404863+08:00
2880,2017-07-11,34000.0,-3488441.0,0.0,-3454441.0,8638.0,704.0,20.0,-2.0,,2026-07-24T11:48:56.404863+08:00
2880,2017-07-12,0.0,-5829007.0,-20000.0,-5849007.0,8599.0,704.0,-39.0,0.0,,2026-07-24T11:48:56.404863+08:00
2880,2017-07-13,-1000.0,-1728796.0,-21000.0,-1750796.0,8600.0,704.0,1.0,0.0,,2026-07-24T11:48:56.404863+08:00
2880,2017-07-14,80000.0,3259564.0,-21000.0,3318564.0,8607.0,704.0,7.0,0.0,,2026-07-24T11:48:56.404863+08:00
2880,2017-07-17,-69000.0,1613155.0,-2886.0,1541269.0,8488.0,705.0,-119.0,1.0,,2026-07-24T11:48:56.404863+08:00
2880,2017-07-18,-3000.0,-4622160.0,35000.0,-4590160.0,8601.0,705.0,113.0,0.0,,2026-07-24T11:48:56.404863+08:00
2880,2017-07-19,0.0,-5968762.0,0.0,-5968762.0,9041.0,705.0,440.0,0.0,,2026-07-24T11:48:56.404863+08:00
2880,2017-07-20,18000.0,-4700550.0,6000.0,-4676550.0,9101.0,705.0,60.0,0.0,,2026-07-24T11:48:56.404863+08:00
2880,2017-07-21,56000.0,-1086694.0,-1000.0,-1031694.0,9088.0,704.0,-13.0,-1.0,,2026-07-24T11:48:56.404863+08:00
2880,2017-07-24,136000.0,1015238.0,0.0,1151238.0,9027.0,704.0,-61.0,0.0,,2026-07-24T11:48:56.404863+08:00
2880,2017-07-25,0.0,1543598.0,4000.0,1547598.0,9114.0,704.0,87.0,0.0,,2026-07-24T11:48:56.404863+08:00
2880,2017-07-26,-365000.0,607911.0,-15000.0,227911.0,9100.0,654.0,-14.0,-50.0,,2026-07-24T11:48:56.404863+08:00
2880,2017-07-27,1000.0,2760000.0,0.0,2761000.0,8685.0,654.0,-415.0,0.0,,2026-07-24T11:48:56.404863+08:00
2880,2017-07-28,-51000.0,2939369.0,1000.0,2889369.0,8663.0,654.0,-22.0,0.0,,2026-07-24T11:48:56.404863+08:00
2880,2017-07-31,148000.0,-5828956.0,14000.0,-5666956.0,8673.0,654.0,10.0,0.0,,2026-07-24T11:48:56.404863+08:00
2880,2017-08-01,16000.0,-326560.0,-30000.0,-340560.0,8643.0,655.0,-30.0,1.0,,2026-07-24T11:48:56.404863+08:00
2880,2017-08-02,24000.0,8631205.0,-6000.0,8649205.0,10575.0,654.0,1932.0,-1.0,,2026-07-24T11:48:56.404863+08:00
2880,2017-08-03,1516000.0,-1788835.0,16000.0,-256835.0,10309.0,655.0,-266.0,1.0,,2026-07-24T11:48:56.404863+08:00
2880,2017-08-04,18000.0,984660.0,26000.0,1028660.0,10275.0,653.0,-34.0,-2.0,,2026-07-24T11:48:56.404863+08:00
2880,2017-08-07,717000.0,2244351.0,16000.0,2977351.0,10530.0,653.0,255.0,0.0,,2026-07-24T11:48:56.404863+08:00
2880,2017-08-08,130000.0,550445.0,18000.0,698445.0,10512.0,653.0,-18.0,0.0,,2026-07-24T11:48:56.404863+08:00
2880,2017-08-09,-240000.0,-4691563.0,30000.0,-4901563.0,11273.0,2.0,761.0,-651.0,,2026-07-24T11:48:56.404863+08:00
2880,2017-08-10,12000.0,-2207276.0,13000.0,-2182276.0,11334.0,0.0,61.0,-2.0,,2026-07-24T11:48:56.404863+08:00
2880,2017-08-11,30502.0,-1992000.0,6000.0,-1955498.0,11631.0,0.0,297.0,0.0,,2026-07-24T11:48:56.404863+08:00
2880,2017-08-14,0.0,-3948839.0,20000.0,-3928839.0,11621.0,0.0,-10.0,0.0,,2026-07-24T11:48:56.404863+08:00
2880,2017-08-15,0.0,-4835000.0,228000.0,-4607000.0,11366.0,0.0,-255.0,0.0,,2026-07-24T11:48:56.404863+08:00
2880,2017-08-16,2239233.0,-5713000.0,804000.0,-2669767.0,14252.0,0.0,2886.0,0.0,,2026-07-24T11:48:56.404863+08:00
2880,2017-08-17,-1896000.0,8756609.0,1000.0,6861609.0,11766.0,37.0,-2486.0,37.0,,2026-07-24T11:48:56.404863+08:00
2880,2017-08-18,-89000.0,-4647926.0,0.0,-4736926.0,11313.0,39.0,-453.0,2.0,,2026-07-24T11:48:56.404863+08:00
2880,2017-08-21,254000.0,-5102000.0,71000.0,-4777000.0,11338.0,38.0,25.0,-1.0,,2026-07-24T11:48:56.404863+08:00
2880,2017-08-22,205000.0,433049.0,0.0,638049.0,11235.0,38.0,-103.0,0.0,,2026-07-24T11:48:56.404863+08:00
2880,2017-08-23,-819000.0,-1378000.0,181000.0,-2016000.0,11145.0,90.0,-90.0,52.0,,2026-07-24T11:48:56.404863+08:00
2880,2017-08-24,-55000.0,253072.0,53000.0,251072.0,10916.0,145.0,-229.0,55.0,,2026-07-24T11:48:56.404863+08:00
2880,2017-08-25,-112000.0,-1950750.0,-6000.0,-2068750.0,10870.0,145.0,-46.0,0.0,,2026-07-24T11:48:56.404863+08:00
2880,2017-08-28,-162000.0,3040626.0,-10000.0,2868626.0,10813.0,145.0,-57.0,0.0,,2026-07-24T11:48:56.404863+08:00
2880,2017-08-29,-35000.0,415585.0,-12000.0,368585.0,10628.0,145.0,-185.0,0.0,,2026-07-24T11:48:56.404863+08:00
2880,2017-08-30,-204000.0,-1680000.0,-1000.0,-1885000.0,10643.0,145.0,15.0,0.0,,2026-07-24T11:48:56.404863+08:00
2880,2017-08-31,-21000.0,875663.0,-1000.0,853663.0,10460.0,145.0,-183.0,0.0,,2026-07-24T11:48:56.404863+08:00
2880,2017-09-01,0.0,-687000.0,-7000.0,-694000.0,10511.0,170.0,51.0,25.0,,2026-07-24T11:48:56.404863+08:00
2880,2017-09-04,0.0,-2390370.0,0.0,-2390370.0,10539.0,170.0,28.0,0.0,,2026-07-24T11:48:56.404863+08:00
2880,2017-09-05,-58649.0,631312.0,2000.0,574663.0,10609.0,195.0,70.0,25.0,,2026-07-24T11:48:56.404863+08:00
2880,2017-09-06,-187000.0,-5329000.0,-4000.0,-5520000.0,10591.0,193.0,-18.0,-2.0,,2026-07-24T11:48:56.404863+08:00
2880,2017-09-07,-74000.0,-283000.0,83000.0,-274000.0,10581.0,194.0,-10.0,1.0,,2026-07-24T11:48:56.404863+08:00
2880,2017-09-08,-76000.0,663519.0,-26000.0,561519.0,10577.0,194.0,-4.0,0.0,,2026-07-24T11:48:56.404863+08:00
2880,2017-09-11,0.0,447000.0,0.0,447000.0,10652.0,219.0,75.0,25.0,,2026-07-24T11:48:56.404863+08:00
2880,2017-09-12,-11000.0,192020.0,159000.0,340020.0,10604.0,219.0,-48.0,0.0,,2026-07-24T11:48:56.404863+08:00
2880,2017-09-13,-21000.0,-3574666.0,39000.0,-3556666.0,10535.0,219.0,-69.0,0.0,,2026-07-24T11:48:56.404863+08:00
2880,2017-09-14,-34000.0,-826201.0,13000.0,-847201.0,10424.0,219.0,-111.0,0.0,,2026-07-24T11:48:56.404863+08:00
2880,2017-09-15,-103000.0,-7189903.0,37000.0,-7255903.0,10463.0,192.0,39.0,-27.0,,2026-07-24T11:48:56.404863+08:00
2880,2017-09-18,-23000.0,2757427.0,113000.0,2847427.0,10407.0,142.0,-56.0,-50.0,,2026-07-24T11:48:56.404863+08:00
2880,2017-09-19,-21000.0,-154173.0,98000.0,-77173.0,10243.0,142.0,-164.0,0.0,,2026-07-24T11:48:56.404863+08:00
2880,2017-09-20,-313000.0,-2178631.0,0.0,-2491631.0,10205.0,138.0,-38.0,-4.0,,2026-07-24T11:48:56.404863+08:00
2880,2017-09-21,465000.0,-2931266.0,0.0,-2466266.0,10265.0,138.0,60.0,0.0,,2026-07-24T11:48:56.404863+08:00
2880,2017-09-22,-326007.0,-1350541.0,119000.0,-1557548.0,10105.0,138.0,-160.0,0.0,,2026-07-24T11:48:56.404863+08:00
2880,2017-09-25,-282000.0,576437.0,82000.0,376437.0,10077.0,136.0,-28.0,-2.0,,2026-07-24T11:48:56.404863+08:00
2880,2017-09-26,-57000.0,1509000.0,0.0,1452000.0,10024.0,136.0,-53.0,0.0,,2026-07-24T11:48:56.404863+08:00
2880,2017-09-27,-96000.0,728992.0,0.0,632992.0,9997.0,135.0,-27.0,-1.0,,2026-07-24T11:48:56.404863+08:00
2880,2017-09-28,-99000.0,-3188376.0,27000.0,-3260376.0,9963.0,135.0,-34.0,0.0,,2026-07-24T11:48:56.404863+08:00
2880,2017-09-29,0.0,-157951.0,-3000.0,-160951.0,9855.0,136.0,-108.0,1.0,,2026-07-24T11:48:56.404863+08:00
2880,2017-09-30,,,,,9851.0,81.0,-4.0,-55.0,,2026-07-24T11:48:56.404863+08:00
2880,2017-10-02,-10000.0,533550.0,83000.0,606550.0,9755.0,78.0,-96.0,-3.0,,2026-07-24T11:48:56.404863+08:00
2880,2017-10-03,0.0,175427.0,279.0,175706.0,9694.0,78.0,-61.0,0.0,,2026-07-24T11:48:56.404863+08:00
2880,2017-10-05,-21000.0,985000.0,124000.0,1088000.0,9709.0,78.0,15.0,0.0,,2026-07-24T11:48:56.404863+08:00
2880,2017-10-06,0.0,778136.0,0.0,778136.0,9526.0,78.0,-183.0,0.0,,2026-07-24T11:48:56.404863+08:00
2880,2017-10-11,361000.0,2405459.0,-10000.0,2756459.0,9444.0,78.0,-82.0,0.0,,2026-07-24T11:48:56.404863+08:00
2880,2017-10-12,-47000.0,5913833.0,61000.0,5927833.0,9276.0,78.0,-168.0,0.0,,2026-07-24T11:48:56.404863+08:00
2880,2017-10-13,-800.0,1770000.0,74000.0,1843200.0,9227.0,78.0,-49.0,0.0,,2026-07-24T11:48:56.404863+08:00
2880,2017-10-16,0.0,4293775.0,142000.0,4435775.0,9212.0,78.0,-15.0,0.0,,2026-07-24T11:48:56.404863+08:00
2880,2017-10-17,0.0,4090700.0,-6000.0,4084700.0,9085.0,80.0,-127.0,2.0,,2026-07-24T11:48:56.404863+08:00
2880,2017-10-18,-14000.0,-3437710.0,512000.0,-2939710.0,9029.0,78.0,-56.0,-2.0,,2026-07-24T11:48:56.404863+08:00
2880,2017-10-19,15000.0,-1084912.0,-69000.0,-1138912.0,9095.0,78.0,66.0,0.0,,2026-07-24T11:48:56.404863+08:00
2880,2017-10-20,207500.0,-1559395.0,0.0,-1351895.0,9071.0,78.0,-24.0,0.0,,2026-07-24T11:48:56.404863+08:00
2880,2017-10-23,207000.0,-90216.0,351000.0,467784.0,9196.0,79.0,125.0,1.0,,2026-07-24T11:48:56.404863+08:00
2880,2017-10-24,-1583000.0,1981244.0,-6000.0,392244.0,9336.0,80.0,140.0,1.0,,2026-07-24T11:48:56.404863+08:00
2880,2017-10-25,0.0,1045000.0,296000.0,1341000.0,9375.0,81.0,39.0,1.0,,2026-07-24T11:48:56.404863+08:00
2880,2017-10-26,-300.0,-1197000.0,-6000.0,-1203300.0,9395.0,81.0,20.0,0.0,,2026-07-24T11:48:56.404863+08:00
2880,2017-10-27,0.0,-1480700.0,1065000.0,-415700.0,9409.0,81.0,14.0,0.0,,2026-07-24T11:48:56.404863+08:00
2880,2017-10-30,-14000.0,-1971000.0,0.0,-1985000.0,9420.0,81.0,11.0,0.0,,2026-07-24T11:48:56.404863+08:00
2880,2017-10-31,-5000.0,-1589902.0,1000.0,-1593902.0,9434.0,82.0,14.0,1.0,,2026-07-24T11:48:56.404863+08:00
2880,2017-11-01,-71000.0,-1662600.0,-20000.0,-1753600.0,9448.0,80.0,14.0,-2.0,,2026-07-24T11:48:56.404863+08:00
2880,2017-11-02,0.0,-1580950.0,0.0,-1580950.0,9452.0,76.0,4.0,-4.0,,2026-07-24T11:48:56.404863+08:00
2880,2017-11-03,0.0,496545.0,0.0,496545.0,9442.0,76.0,-10.0,0.0,,2026-07-24T11:48:56.404863+08:00
2880,2017-11-06,0.0,-1788796.0,0.0,-1788796.0,9441.0,80.0,-1.0,4.0,,2026-07-24T11:48:56.404863+08:00
2880,2017-11-07,-5000.0,-1302672.0,0.0,-1307672.0,9457.0,80.0,16.0,0.0,,2026-07-24T11:48:56.404863+08:00
2880,2017-11-08,-5000.0,-2906000.0,0.0,-2911000.0,9454.0,80.0,-3.0,0.0,,2026-07-24T11:48:56.404863+08:00
2880,2017-11-09,-621000.0,482926.0,-18000.0,-156074.0,9428.0,80.0,-26.0,0.0,,2026-07-24T11:48:56.404863+08:00
2880,2017-11-10,2000.0,-1320902.0,0.0,-1318902.0,9424.0,83.0,-4.0,3.0,,2026-07-24T11:48:56.404863+08:00
2880,2017-11-13,-205000.0,-1488747.0,-3000.0,-1696747.0,9258.0,94.0,-166.0,11.0,,2026-07-24T11:48:56.404863+08:00
2880,2017-11-14,-500000.0,-428114.0,-16000.0,-944114.0,9251.0,93.0,-7.0,-1.0,,2026-07-24T11:48:56.404863+08:00
2880,2017-11-15,-203000.0,-2624600.0,0.0,-2827600.0,9251.0,93.0,0.0,0.0,,2026-07-24T11:48:56.404863+08:00
2880,2017-11-16,0.0,-1974186.0,0.0,-1974186.0,9220.0,78.0,-31.0,-15.0,,2026-07-24T11:48:56.404863+08:00
2880,2017-11-17,-45000.0,-1359724.0,-2000.0,-1406724.0,9161.0,78.0,-59.0,0.0,,2026-07-24T11:48:56.404863+08:00
2880,2017-11-20,-75000.0,-1475203.0,0.0,-1550203.0,9131.0,78.0,-30.0,0.0,,2026-07-24T11:48:56.404863+08:00
2880,2017-11-21,-2000.0,1936000.0,0.0,1934000.0,9228.0,123.0,97.0,45.0,,2026-07-24T11:48:56.404863+08:00
2880,2017-11-22,0.0,2517495.0,0.0,2517495.0,9994.0,83.0,766.0,-40.0,,2026-07-24T11:48:56.404863+08:00
2880,2017-11-23,14000.0,1686130.0,-92000.0,1608130.0,9738.0,83.0,-256.0,0.0,,2026-07-24T11:48:56.404863+08:00
2880,2017-11-24,-10000.0,-1807000.0,0.0,-1817000.0,9751.0,83.0,13.0,0.0,,2026-07-24T11:48:56.404863+08:00
2880,2017-11-27,-42000.0,-500630.0,0.0,-542630.0,9653.0,83.0,-98.0,0.0,,2026-07-24T11:48:56.404863+08:00
2880,2017-11-28,0.0,-448637.0,-14000.0,-462637.0,9576.0,81.0,-77.0,-2.0,,2026-07-24T11:48:56.404863+08:00
2880,2017-11-29,17000.0,-408417.0,-74000.0,-465417.0,9577.0,78.0,1.0,-3.0,,2026-07-24T11:48:56.404863+08:00
2880,2017-11-30,0.0,-4165053.0,-12000.0,-4177053.0,9579.0,79.0,2.0,1.0,,2026-07-24T11:48:56.404863+08:00
2880,2017-12-01,0.0,-407507.0,7000.0,-400507.0,9593.0,80.0,14.0,1.0,,2026-07-24T11:48:56.404863+08:00
2880,2017-12-04,-1000.0,472979.0,0.0,471979.0,9626.0,80.0,33.0,0.0,,2026-07-24T11:48:56.404863+08:00
2880,2017-12-05,-40000.0,1755578.0,0.0,1715578.0,9638.0,82.0,12.0,2.0,,2026-07-24T11:48:56.404863+08:00
2880,2017-12-06,38000.0,-4898431.0,22000.0,-4838431.0,9793.0,79.0,155.0,-3.0,,2026-07-24T11:48:56.404863+08:00
2880,2017-12-07,42000.0,-2022050.0,-3000.0,-1983050.0,9798.0,79.0,5.0,0.0,,2026-07-24T11:48:56.404863+08:00
2880,2017-12-08,56000.0,-2703560.0,0.0,-2647560.0,9729.0,79.0,-69.0,0.0,,2026-07-24T11:48:56.404863+08:00
2880,2017-12-11,0.0,-1895984.0,0.0,-1895984.0,9730.0,79.0,1.0,0.0,,2026-07-24T11:48:56.404863+08:00
2880,2017-12-12,0.0,-470080.0,5000.0,-465080.0,9708.0,79.0,-22.0,0.0,,2026-07-24T11:48:56.404863+08:00
2880,2017-12-13,0.0,398550.0,0.0,398550.0,9801.0,79.0,93.0,0.0,,2026-07-24T11:48:56.404863+08:00
2880,2017-12-14,13160.0,2264806.0,0.0,2277966.0,9776.0,79.0,-25.0,0.0,,2026-07-24T11:48:56.404863+08:00
2880,2017-12-15,0.0,-1086357.0,126000.0,-960357.0,9665.0,79.0,-111.0,0.0,,2026-07-24T11:48:56.404863+08:00
2880,2017-12-18,-2000.0,-519184.0,0.0,-521184.0,9629.0,79.0,-36.0,0.0,,2026-07-24T11:48:56.404863+08:00
2880,2017-12-19,-59000.0,-1703361.0,0.0,-1762361.0,9591.0,79.0,-38.0,0.0,,2026-07-24T11:48:56.404863+08:00
2880,2017-12-20,-19000.0,-1342953.0,0.0,-1361953.0,9849.0,79.0,258.0,0.0,,2026-07-24T11:48:56.404863+08:00
2880,2017-12-21,0.0,581353.0,0.0,581353.0,9817.0,79.0,-32.0,0.0,,2026-07-24T11:48:56.404863+08:00
2880,2017-12-22,0.0,1957000.0,0.0,1957000.0,9794.0,79.0,-23.0,0.0,,2026-07-24T11:48:56.404863+08:00
2880,2017-12-25,5000.0,390000.0,0.0,395000.0,9799.0,79.0,5.0,0.0,,2026-07-24T11:48:56.404863+08:00
2880,2017-12-26,-2000.0,74000.0,-82592.0,-10592.0,9794.0,79.0,-5.0,0.0,,2026-07-24T11:48:56.404863+08:00
2880,2017-12-27,-4000.0,910000.0,-80000.0,826000.0,9807.0,79.0,13.0,0.0,,2026-07-24T11:48:56.404863+08:00
2880,2017-12-28,0.0,1992000.0,-47000.0,1945000.0,9828.0,79.0,21.0,0.0,,2026-07-24T11:48:56.404863+08:00
2880,2017-12-29,-5000.0,3012395.0,-42000.0,2965395.0,9837.0,79.0,9.0,0.0,,2026-07-24T11:48:56.404863+08:00
2880,2018-01-02,0.0,1648749.0,0.0,1648749.0,10160.0,79.0,323.0,0.0,,2026-07-24T11:48:56.404863+08:00
2880,2018-01-03,0.0,1644701.0,0.0,1644701.0,9721.0,82.0,-439.0,3.0,,2026-07-24T11:48:56.404863+08:00
2880,2018-01-04,0.0,1148799.0,0.0,1148799.0,9660.0,83.0,-61.0,1.0,,2026-07-24T11:48:56.404863+08:00
2880,2018-01-05,-20000.0,752000.0,-41000.0,691000.0,10178.0,93.0,518.0,10.0,,2026-07-24T11:48:56.404863+08:00
2880,2018-01-08,-43000.0,1582631.0,-14000.0,1525631.0,10208.0,94.0,30.0,1.0,,2026-07-24T11:48:56.404863+08:00
2880,2018-01-09,-5000.0,1113744.0,0.0,1108744.0,10137.0,94.0,-71.0,0.0,,2026-07-24T11:48:56.404863+08:00
2880,2018-01-10,0.0,574003.0,-14000.0,560003.0,10101.0,95.0,-36.0,1.0,,2026-07-24T11:48:56.404863+08:00
2880,2018-01-11,0.0,-32082.0,0.0,-32082.0,8449.0,97.0,-1652.0,2.0,,2026-07-24T11:48:56.404863+08:00
2880,2018-01-12,0.0,1029600.0,0.0,1029600.0,8543.0,97.0,94.0,0.0,,2026-07-24T11:48:56.404863+08:00
2880,2018-01-15,0.0,1470600.0,-15000.0,1455600.0,8606.0,137.0,63.0,40.0,,2026-07-24T11:48:56.404863+08:00
2880,2018-01-16,250000.0,1812687.0,-18000.0,2044687.0,9120.0,141.0,514.0,4.0,,2026-07-24T11:48:56.404863+08:00
2880,2018-01-17,0.0,545643.0,0.0,545643.0,9046.0,141.0,-74.0,0.0,,2026-07-24T11:48:56.404863+08:00
2880,2018-01-18,232000.0,2766436.0,-1601000.0,1397436.0,8323.0,180.0,-723.0,39.0,,2026-07-24T11:48:56.404863+08:00
2880,2018-01-19,0.0,1564950.0,0.0,1564950.0,8273.0,182.0,-50.0,2.0,,2026-07-24T11:48:56.404863+08:00
2880,2018-01-22,-4000.0,-624050.0,-1252000.0,-1880050.0,8371.0,182.0,98.0,0.0,,2026-07-24T11:48:56.404863+08:00
2880,2018-01-23,-20000.0,1609335.0,0.0,1589335.0,8258.0,144.0,-113.0,-38.0,,2026-07-24T11:48:56.404863+08:00
2880,2018-01-24,-2111000.0,-692500.0,0.0,-2803500.0,8269.0,144.0,11.0,0.0,,2026-07-24T11:48:56.404863+08:00
2880,2018-01-25,0.0,5020332.0,15000.0,5035332.0,8211.0,144.0,-58.0,0.0,,2026-07-24T11:48:56.404863+08:00
2880,2018-01-26,-21000.0,452839.0,-495000.0,-63161.0,8212.0,145.0,1.0,1.0,,2026-07-24T11:48:56.404863+08:00
2880,2018-01-29,0.0,-718477.0,0.0,-718477.0,8076.0,145.0,-136.0,0.0,,2026-07-24T11:48:56.404863+08:00
2880,2018-01-30,0.0,-3827000.0,0.0,-3827000.0,8034.0,145.0,-42.0,0.0,,2026-07-24T11:48:56.404863+08:00
2880,2018-01-31,-1674000.0,2306846.0,0.0,632846.0,7723.0,110.0,-311.0,-35.0,,2026-07-24T11:48:56.404863+08:00
2880,2018-02-01,0.0,122326.0,0.0,122326.0,7702.0,110.0,-21.0,0.0,,2026-07-24T11:48:56.404863+08:00
2880,2018-02-02,-9000.0,916316.0,0.0,907316.0,7669.0,88.0,-33.0,-22.0,,2026-07-24T11:48:56.404863+08:00
2880,2018-02-05,15000.0,-1199535.0,0.0,-1184535.0,7694.0,88.0,25.0,0.0,,2026-07-24T11:48:56.404863+08:00
2880,2018-02-06,-473000.0,-15526877.0,0.0,-15999877.0,7701.0,85.0,7.0,-3.0,,2026-07-24T11:48:56.404863+08:00
2880,2018-02-07,-2227000.0,-5581208.0,46000.0,-7762208.0,7680.0,85.0,-21.0,0.0,,2026-07-24T11:48:56.404863+08:00
2880,2018-02-08,-1666000.0,-5013480.0,5000.0,-6674480.0,7567.0,87.0,-113.0,2.0,,2026-07-24T11:48:56.404863+08:00
2880,2018-02-09,-1520000.0,-6618000.0,0.0,-8138000.0,7803.0,22.0,236.0,-65.0,,2026-07-24T11:48:56.404863+08:00
2880,2018-02-12,-41000.0,-3900000.0,0.0,-3941000.0,7662.0,21.0,-141.0,-1.0,,2026-07-24T11:48:56.404863+08:00
2880,2018-02-21,17000.0,-1390330.0,0.0,-1373330.0,7635.0,21.0,-27.0,0.0,,2026-07-24T11:48:56.404863+08:00
2880,2018-02-22,0.0,-1840114.0,0.0,-1840114.0,7821.0,20.0,186.0,-1.0,,2026-07-24T11:48:56.404863+08:00
2880,2018-02-23,20000.0,-342000.0,0.0,-322000.0,7821.0,20.0,0.0,0.0,,2026-07-24T11:48:56.404863+08:00
2880,2018-02-26,8000.0,-1817000.0,5000.0,-1804000.0,7653.0,21.0,-168.0,1.0,,2026-07-24T11:48:56.404863+08:00
2880,2018-02-27,-3000.0,1755952.0,10000.0,1762952.0,7523.0,22.0,-130.0,1.0,,2026-07-24T11:48:56.404863+08:00
2880,2018-03-01,0.0,-6094805.0,0.0,-6094805.0,7588.0,21.0,65.0,-1.0,,2026-07-24T11:48:56.404863+08:00
2880,2018-03-02,-70000.0,-6551000.0,5000.0,-6616000.0,7502.0,21.0,-86.0,0.0,,2026-07-24T11:48:56.404863+08:00
2880,2018-03-05,-69000.0,-7206000.0,0.0,-7275000.0,7501.0,21.0,-1.0,0.0,,2026-07-24T11:48:56.404863+08:00
2880,2018-03-06,2000.0,-1701043.0,0.0,-1699043.0,7462.0,21.0,-39.0,0.0,,2026-07-24T11:48:56.404863+08:00
2880,2018-03-07,8000.0,-1787097.0,0.0,-1779097.0,7455.0,21.0,-7.0,0.0,,2026-07-24T11:48:56.404863+08:00
2880,2018-03-08,122000.0,-1350371.0,0.0,-1228371.0,7475.0,20.0,20.0,-1.0,,2026-07-24T11:48:56.404863+08:00
2880,2018-03-09,0.0,4362400.0,2000.0,4364400.0,7421.0,14.0,-54.0,-6.0,,2026-07-24T11:48:56.404863+08:00
2880,2018-03-12,101000.0,4139526.0,3000.0,4243526.0,7319.0,15.0,-102.0,1.0,,2026-07-24T11:48:56.404863+08:00
2880,2018-03-13,21000.0,5507652.0,0.0,5528652.0,7302.0,15.0,-17.0,0.0,,2026-07-24T11:48:56.404863+08:00
2880,2018-03-14,445000.0,2728400.0,0.0,3173400.0,7251.0,16.0,-51.0,1.0,,2026-07-24T11:48:56.404863+08:00
2880,2018-03-15,1000.0,406997.0,0.0,407997.0,7249.0,15.0,-2.0,-1.0,,2026-07-24T11:48:56.404863+08:00
2880,2018-03-16,-29000.0,6083947.0,-30000.0,6024947.0,7201.0,16.0,-48.0,1.0,,2026-07-24T11:48:56.404863+08:00
2880,2018-03-19,5000.0,2625373.0,-39000.0,2591373.0,7157.0,16.0,-44.0,0.0,,2026-07-24T11:48:56.404863+08:00
2880,2018-03-20,-5000.0,2306000.0,-11000.0,2290000.0,7126.0,14.0,-31.0,-2.0,,2026-07-24T11:48:56.404863+08:00
2880,2018-03-21,-15000.0,1651968.0,0.0,1636968.0,7086.0,12.0,-40.0,-2.0,,2026-07-24T11:48:56.404863+08:00
2880,2018-03-22,0.0,1551000.0,0.0,1551000.0,7056.0,14.0,-30.0,2.0,,2026-07-24T11:48:56.404863+08:00
2880,2018-03-23,-127000.0,718815.0,-14000.0,577815.0,7019.0,22.0,-37.0,8.0,,2026-07-24T11:48:56.404863+08:00
2880,2018-03-26,-52000.0,-6000.0,0.0,-58000.0,7059.0,12.0,40.0,-10.0,,2026-07-24T11:48:56.404863+08:00
2880,2018-03-27,4000.0,2299557.0,-129.0,2303428.0,7047.0,12.0,-12.0,0.0,,2026-07-24T11:48:56.404863+08:00
2880,2018-03-28,-219000.0,474500.0,0.0,255500.0,7049.0,12.0,2.0,0.0,,2026-07-24T11:48:56.404863+08:00
2880,2018-03-29,-3000.0,-1722268.0,0.0,-1725268.0,7045.0,11.0,-4.0,-1.0,,2026-07-24T11:48:56.404863+08:00
2880,2018-03-30,-19000.0,1145000.0,0.0,1126000.0,7035.0,10.0,-10.0,-1.0,,2026-07-24T11:48:56.404863+08:00
2880,2018-03-31,0.0,1000.0,-41000.0,-40000.0,7003.0,10.0,-32.0,0.0,,2026-07-24T11:48:56.404863+08:00
2880,2018-04-02,3000.0,-649688.0,-270000.0,-916688.0,6935.0,10.0,-68.0,0.0,,2026-07-24T11:48:56.404863+08:00
2880,2018-04-03,-1000.0,-521700.0,0.0,-522700.0,6937.0,9.0,2.0,-1.0,,2026-07-24T11:48:56.404863+08:00
2880,2018-04-09,-117000.0,3888700.0,5000.0,3776700.0,6937.0,9.0,0.0,0.0,,2026-07-24T11:48:56.404863+08:00
2880,2018-04-10,20000.0,5819846.0,0.0,5839846.0,6959.0,8.0,22.0,-1.0,,2026-07-24T11:48:56.404863+08:00
2880,2018-04-11,458000.0,125671.0,0.0,583671.0,6965.0,8.0,6.0,0.0,,2026-07-24T11:48:56.404863+08:00
2880,2018-04-12,-50000.0,1453272.0,0.0,1403272.0,6956.0,6.0,-9.0,-2.0,,2026-07-24T11:48:56.404863+08:00
2880,2018-04-13,-20000.0,-403170.0,11000.0,-412170.0,6944.0,0.0,-12.0,-6.0,,2026-07-24T11:48:56.404863+08:00
2880,2018-04-16,0.0,-1408640.0,0.0,-1408640.0,6938.0,0.0,-6.0,0.0,,2026-07-24T11:48:56.404863+08:00
2880,2018-04-17,-2000.0,-3089000.0,-111000.0,-3202000.0,6920.0,0.0,-18.0,0.0,,2026-07-24T11:48:56.404863+08:00
2880,2018-04-18,7000.0,766197.0,-25000.0,748197.0,6932.0,0.0,12.0,0.0,,2026-07-24T11:48:56.404863+08:00
2880,2018-04-19,4000.0,3032744.0,0.0,3036744.0,6968.0,0.0,36.0,0.0,,2026-07-24T11:48:56.404863+08:00
2880,2018-04-20,32000.0,-1203643.0,-4000.0,-1175643.0,6962.0,5.0,-6.0,5.0,,2026-07-24T11:48:56.404863+08:00
2880,2018-04-23,0.0,648100.0,-3000.0,645100.0,6926.0,5.0,-36.0,0.0,,2026-07-24T11:48:56.404863+08:00
2880,2018-04-24,2000.0,-431028.0,6000.0,-423028.0,6836.0,5.0,-90.0,0.0,,2026-07-24T11:48:56.404863+08:00
2880,2018-04-25,100000.0,-128000.0,37000.0,9000.0,6793.0,5.0,-43.0,0.0,,2026-07-24T11:48:56.404863+08:00
2880,2018-04-26,-420000.0,-76000.0,0.0,-496000.0,6802.0,5.0,9.0,0.0,,2026-07-24T11:48:56.404863+08:00
2880,2018-04-27,200000.0,-344304.0,-143000.0,-287304.0,6796.0,5.0,-6.0,0.0,,2026-07-24T11:48:56.404863+08:00
2880,2018-04-30,126000.0,644000.0,0.0,770000.0,6785.0,5.0,-11.0,0.0,,2026-07-24T11:48:56.404863+08:00
2880,2018-05-02,69000.0,2233610.0,0.0,2302610.0,6776.0,6.0,-9.0,1.0,,2026-07-24T11:48:56.404863+08:00
2880,2018-05-03,-1000.0,-2347246.0,15000.0,-2333246.0,6776.0,9.0,0.0,3.0,,2026-07-24T11:48:56.404863+08:00
2880,2018-05-04,-8000.0,-3828230.0,6000.0,-3830230.0,6768.0,10.0,-8.0,1.0,,2026-07-24T11:48:56.404863+08:00
2880,2018-05-07,-7000.0,-2878360.0,0.0,-2885360.0,6769.0,10.0,1.0,0.0,,2026-07-24T11:48:56.404863+08:00
2880,2018-05-08,0.0,-1680374.0,1000.0,-1679374.0,6764.0,9.0,-5.0,-1.0,,2026-07-24T11:48:56.404863+08:00
2880,2018-05-09,1000.0,-2635686.0,0.0,-2634686.0,6714.0,9.0,-50.0,0.0,,2026-07-24T11:48:56.404863+08:00
2880,2018-05-10,2000.0,654000.0,11000.0,667000.0,6701.0,6.0,-13.0,-3.0,,2026-07-24T11:48:56.404863+08:00
2880,2018-05-11,-5000.0,1889000.0,8000.0,1892000.0,6686.0,6.0,-15.0,0.0,,2026-07-24T11:48:56.404863+08:00
2880,2018-05-14,-21000.0,122000.0,0.0,101000.0,6687.0,6.0,1.0,0.0,,2026-07-24T11:48:56.404863+08:00
2880,2018-05-15,0.0,3038926.0,0.0,3038926.0,6733.0,7.0,46.0,1.0,,2026-07-24T11:48:56.404863+08:00
2880,2018-05-16,-2000.0,-1290004.0,0.0,-1292004.0,6676.0,6.0,-57.0,-1.0,,2026-07-24T11:48:56.404863+08:00
2880,2018-05-17,2000.0,-182916.0,6000.0,-174916.0,6724.0,6.0,48.0,0.0,,2026-07-24T11:48:56.404863+08:00
2880,2018-05-18,21000.0,-1405455.0,-6000.0,-1390455.0,6726.0,6.0,2.0,0.0,,2026-07-24T11:48:56.404863+08:00
2880,2018-05-21,-17000.0,89000.0,-14000.0,58000.0,6685.0,6.0,-41.0,0.0,,2026-07-24T11:48:56.404863+08:00
2880,2018-05-22,-11000.0,-1019000.0,0.0,-1030000.0,6704.0,6.0,19.0,0.0,,2026-07-24T11:48:56.404863+08:00
2880,2018-05-23,-9000.0,-2957212.0,-34191.0,-3000403.0,6643.0,6.0,-61.0,0.0,,2026-07-24T11:48:56.404863+08:00
2880,2018-05-24,-4000.0,-929906.0,0.0,-933906.0,6812.0,0.0,169.0,-6.0,,2026-07-24T11:48:56.404863+08:00
2880,2018-05-25,0.0,-266000.0,0.0,-266000.0,7077.0,0.0,265.0,0.0,,2026-07-24T11:48:56.404863+08:00
2880,2018-05-28,46000.0,-1025000.0,0.0,-979000.0,7149.0,0.0,72.0,0.0,,2026-07-24T11:48:56.404863+08:00
2880,2018-05-29,-21000.0,-603965.0,0.0,-624965.0,7028.0,0.0,-121.0,0.0,,2026-07-24T11:48:56.404863+08:00
2880,2018-05-30,16000.0,-9653000.0,-14000.0,-9651000.0,7026.0,0.0,-2.0,0.0,,2026-07-24T11:48:56.404863+08:00
2880,2018-05-31,-14000.0,-1743149.0,-19000.0,-1776149.0,7043.0,4.0,17.0,4.0,,2026-07-24T11:48:56.404863+08:00
2880,2018-06-01,0.0,-870807.0,0.0,-870807.0,7107.0,4.0,64.0,0.0,,2026-07-24T11:48:56.404863+08:00
2880,2018-06-04,0.0,335742.0,0.0,335742.0,7204.0,4.0,97.0,0.0,,2026-07-24T11:48:56.404863+08:00
2880,2018-06-05,1000.0,635700.0,0.0,636700.0,7231.0,4.0,27.0,0.0,,2026-07-24T11:48:56.404863+08:00
2880,2018-06-06,387000.0,330285.0,0.0,717285.0,7265.0,4.0,34.0,0.0,,2026-07-24T11:48:56.404863+08:00
2880,2018-06-07,-67000.0,7017008.0,0.0,6950008.0,7429.0,5.0,164.0,1.0,,2026-07-24T11:48:56.404863+08:00
2880,2018-06-08,-14000.0,288971.0,-13000.0,261971.0,7508.0,6.0,79.0,1.0,,2026-07-24T11:48:56.404863+08:00
2880,2018-06-11,-18000.0,2510000.0,0.0,2492000.0,7713.0,6.0,205.0,0.0,,2026-07-24T11:48:56.404863+08:00
2880,2018-06-12,-35000.0,-962439.0,-5000.0,-1002439.0,7712.0,6.0,-1.0,0.0,,2026-07-24T11:48:56.404863+08:00
2880,2018-06-13,0.0,-1659050.0,-14000.0,-1673050.0,7649.0,6.0,-63.0,0.0,,2026-07-24T11:48:56.404863+08:00
2880,2018-06-14,-20000.0,-7455872.0,0.0,-7475872.0,7866.0,5.0,217.0,-1.0,,2026-07-24T11:48:56.404863+08:00
2880,2018-06-15,-180000.0,-4500357.0,-253000.0,-4933357.0,7746.0,3.0,-120.0,-2.0,,2026-07-24T11:48:56.404863+08:00
2880,2018-06-19,-716000.0,-8059617.0,0.0,-8775617.0,7768.0,3.0,22.0,0.0,,2026-07-24T11:48:56.404863+08:00
2880,2018-06-20,616000.0,-2679912.0,33082.0,-2030830.0,7758.0,3.0,-10.0,0.0,,2026-07-24T11:48:56.404863+08:00
2880,2018-06-21,0.0,-3769000.0,0.0,-3769000.0,7745.0,3.0,-13.0,0.0,,2026-07-24T11:48:56.404863+08:00
2880,2018-06-22,1000.0,-5673259.0,-10000.0,-5682259.0,7527.0,3.0,-218.0,0.0,,2026-07-24T11:48:56.404863+08:00
2880,2018-06-25,0.0,-3279280.0,1000.0,-3278280.0,7847.0,4.0,320.0,1.0,,2026-07-24T11:48:56.404863+08:00
2880,2018-06-26,43000.0,-2307037.0,0.0,-2264037.0,7985.0,4.0,138.0,0.0,,2026-07-24T11:48:56.404863+08:00
2880,2018-06-27,20000.0,-5098282.0,12000.0,-5066282.0,7992.0,3.0,7.0,-1.0,,2026-07-24T11:48:56.404863+08:00
2880,2018-06-28,23000.0,-1777769.0,0.0,-1754769.0,8195.0,3.0,203.0,0.0,,2026-07-24T11:48:56.404863+08:00
2880,2018-06-29,-50000.0,1833733.0,3000.0,1786733.0,8138.0,3.0,-57.0,0.0,,2026-07-24T11:48:56.404863+08:00
2880,2018-07-02,28000.0,-2893354.0,4000.0,-2861354.0,8060.0,4.0,-78.0,1.0,,2026-07-24T11:48:56.404863+08:00
2880,2018-07-03,-20000.0,-2910650.0,5000.0,-2925650.0,8058.0,4.0,-2.0,0.0,,2026-07-24T11:48:56.404863+08:00
2880,2018-07-04,297000.0,590950.0,-21000.0,866950.0,7987.0,4.0,-71.0,0.0,,2026-07-24T11:48:56.404863+08:00
2880,2018-07-05,0.0,37142.0,10000.0,47142.0,8053.0,4.0,66.0,0.0,,2026-07-24T11:48:56.404863+08:00
2880,2018-07-06,0.0,-1735277.0,3000.0,-1732277.0,7679.0,4.0,-374.0,0.0,,2026-07-24T11:48:56.404863+08:00
2880,2018-07-09,0.0,752692.0,0.0,752692.0,7689.0,3.0,10.0,-1.0,,2026-07-24T11:48:56.404863+08:00
2880,2018-07-10,-2000.0,679185.0,0.0,677185.0,7631.0,3.0,-58.0,0.0,,2026-07-24T11:48:56.404863+08:00
2880,2018-07-11,-297000.0,-685527.0,-3000.0,-985527.0,7625.0,3.0,-6.0,0.0,,2026-07-24T11:48:56.404863+08:00
2880,2018-07-12,0.0,2630462.0,-10000.0,2620462.0,7577.0,23.0,-48.0,20.0,,2026-07-24T11:48:56.404863+08:00
2880,2018-07-13,-5000.0,617160.0,0.0,612160.0,6019.0,23.0,-1558.0,0.0,,2026-07-24T11:48:56.404863+08:00
2880,2018-07-16,-3000.0,-1311000.0,0.0,-1314000.0,5984.0,23.0,-35.0,0.0,,2026-07-24T11:48:56.404863+08:00
2880,2018-07-17,0.0,-826251.0,-25000.0,-851251.0,6004.0,23.0,20.0,0.0,,2026-07-24T11:48:56.404863+08:00
2880,2018-07-18,596000.0,-3475128.0,0.0,-2879128.0,6022.0,23.0,18.0,0.0,,2026-07-24T11:48:56.404863+08:00
2880,2018-07-19,1000.0,27240.0,1000.0,29240.0,6028.0,23.0,6.0,0.0,,2026-07-24T11:48:56.404863+08:00
2880,2018-07-20,0.0,1095262.0,0.0,1095262.0,6072.0,23.0,44.0,0.0,,2026-07-24T11:48:56.404863+08:00
2880,2018-07-23,-6000.0,88000.0,0.0,82000.0,6128.0,23.0,56.0,0.0,,2026-07-24T11:48:56.404863+08:00
2880,2018-07-24,0.0,465692.0,63000.0,528692.0,6169.0,23.0,41.0,0.0,,2026-07-24T11:48:56.404863+08:00
2880,2018-07-25,0.0,-4611000.0,42000.0,-4569000.0,6008.0,23.0,-161.0,0.0,,2026-07-24T11:48:56.404863+08:00
2880,2018-07-26,0.0,-2741000.0,4000.0,-2737000.0,5947.0,23.0,-61.0,0.0,,2026-07-24T11:48:56.404863+08:00
2880,2018-07-27,144000.0,-360331.0,-883.0,-217214.0,5983.0,23.0,36.0,0.0,,2026-07-24T11:48:56.404863+08:00
2880,2018-07-30,0.0,2958000.0,0.0,2958000.0,6160.0,23.0,177.0,0.0,,2026-07-24T11:48:56.404863+08:00
2880,2018-07-31,-50000.0,5395675.0,2000.0,5347675.0,6555.0,3.0,395.0,-20.0,,2026-07-24T11:48:56.404863+08:00
2880,2018-08-01,-210000.0,1285000.0,37000.0,1112000.0,6554.0,3.0,-1.0,0.0,,2026-07-24T11:48:56.404863+08:00
2880,2018-08-02,-83000.0,767484.0,-28000.0,656484.0,6194.0,3.0,-360.0,0.0,,2026-07-24T11:48:56.404863+08:00
2880,2018-08-03,10000.0,2363808.0,-40000.0,2333808.0,6277.0,5.0,83.0,2.0,,2026-07-24T11:48:56.404863+08:00
2880,2018-08-06,0.0,1011375.0,0.0,1011375.0,6344.0,5.0,67.0,0.0,,2026-07-24T11:48:56.404863+08:00
2880,2018-08-07,0.0,-246188.0,0.0,-246188.0,6346.0,2.0,2.0,-3.0,,2026-07-24T11:48:56.404863+08:00
2880,2018-08-08,0.0,4774000.0,-15000.0,4759000.0,6977.0,0.0,631.0,-2.0,,2026-07-24T11:48:56.404863+08:00
2880,2018-08-09,20000.0,2481000.0,69000.0,2570000.0,7053.0,0.0,76.0,0.0,,2026-07-24T11:48:56.404863+08:00
2880,2018-08-10,12000.0,5156000.0,0.0,5168000.0,7722.0,0.0,669.0,0.0,,2026-07-24T11:48:56.404863+08:00
2880,2018-08-13,28000.0,1108070.0,0.0,1136070.0,7288.0,0.0,-434.0,0.0,,2026-07-24T11:48:56.404863+08:00
2880,2018-08-14,22000.0,1022915.0,-3000.0,1041915.0,7727.0,0.0,439.0,0.0,,2026-07-24T11:48:56.404863+08:00
2880,2018-08-15,2302893.0,-652248.0,50000.0,1700645.0,12482.0,0.0,4755.0,0.0,,2026-07-24T11:48:56.404863+08:00
2880,2018-08-16,-2198000.0,-977000.0,0.0,-3175000.0,7598.0,206.0,-4884.0,206.0,,2026-07-24T11:48:56.404863+08:00
2880,2018-08-17,-38600.0,96042.0,0.0,57442.0,7466.0,218.0,-132.0,12.0,,2026-07-24T11:48:56.404863+08:00
2880,2018-08-20,-15000.0,451989.0,4000.0,440989.0,7124.0,214.0,-342.0,-4.0,,2026-07-24T11:48:56.404863+08:00
2880,2018-08-21,0.0,1980975.0,8000.0,1988975.0,6997.0,216.0,-127.0,2.0,,2026-07-24T11:48:56.404863+08:00
2880,2018-08-22,-607000.0,2050279.0,-8000.0,1435279.0,6704.0,228.0,-293.0,12.0,,2026-07-24T11:48:56.404863+08:00
2880,2018-08-23,-33000.0,667770.0,0.0,634770.0,6583.0,228.0,-121.0,0.0,,2026-07-24T11:48:56.404863+08:00
2880,2018-08-24,-322.0,-1114000.0,0.0,-1114322.0,6434.0,237.0,-149.0,9.0,,2026-07-24T11:48:56.404863+08:00
2880,2018-08-27,0.0,-589000.0,0.0,-589000.0,6407.0,236.0,-27.0,-1.0,,2026-07-24T11:48:56.404863+08:00
2880,2018-08-28,0.0,1893000.0,0.0,1893000.0,6404.0,236.0,-3.0,0.0,,2026-07-24T11:48:56.404863+08:00
2880,2018-08-29,-283000.0,2947000.0,0.0,2664000.0,6520.0,236.0,116.0,0.0,,2026-07-24T11:48:56.404863+08:00
2880,2018-08-30,-86000.0,-1027786.0,0.0,-1113786.0,6434.0,226.0,-86.0,-10.0,,2026-07-24T11:48:56.404863+08:00
2880,2018-08-31,0.0,4143275.0,3000.0,4146275.0,6395.0,226.0,-39.0,0.0,,2026-07-24T11:48:56.404863+08:00
2880,2018-09-03,-79000.0,-1490885.0,0.0,-1569885.0,6507.0,226.0,112.0,0.0,,2026-07-24T11:48:56.404863+08:00
2880,2018-09-04,0.0,-266444.0,0.0,-266444.0,6460.0,226.0,-47.0,0.0,,2026-07-24T11:48:56.404863+08:00
2880,2018-09-05,-661000.0,-4106220.0,0.0,-4767220.0,6511.0,226.0,51.0,0.0,,2026-07-24T11:48:56.404863+08:00
2880,2018-09-06,0.0,-1136142.0,0.0,-1136142.0,6409.0,236.0,-102.0,10.0,,2026-07-24T11:48:56.404863+08:00
2880,2018-09-07,0.0,2197000.0,1285.0,2198285.0,6311.0,226.0,-98.0,-10.0,,2026-07-24T11:48:56.404863+08:00
2880,2018-09-10,-92000.0,1871191.0,0.0,1779191.0,6288.0,236.0,-23.0,10.0,,2026-07-24T11:48:56.404863+08:00
2880,2018-09-11,258000.0,249023.0,231000.0,738023.0,6323.0,226.0,35.0,-10.0,,2026-07-24T11:48:56.404863+08:00
2880,2018-09-12,659000.0,42300.0,14000.0,715300.0,6291.0,226.0,-32.0,0.0,,2026-07-24T11:48:56.404863+08:00
2880,2018-09-13,0.0,6258627.0,26000.0,6284627.0,6172.0,217.0,-119.0,-9.0,,2026-07-24T11:48:56.404863+08:00
2880,2018-09-14,-63000.0,2570222.0,71000.0,2578222.0,6267.0,24.0,95.0,-193.0,,2026-07-24T11:48:56.404863+08:00
2880,2018-09-17,-27000.0,1538969.0,9000.0,1520969.0,6231.0,17.0,-36.0,-7.0,,2026-07-24T11:48:56.404863+08:00
2880,2018-09-18,-270.0,4233456.0,0.0,4233186.0,6191.0,9.0,-40.0,-8.0,,2026-07-24T11:48:56.404863+08:00
2880,2018-09-19,30000.0,3347540.0,0.0,3377540.0,6222.0,8.0,31.0,-1.0,,2026-07-24T11:48:56.404863+08:00
2880,2018-09-20,39225.0,2638352.0,-18000.0,2659577.0,6176.0,8.0,-46.0,0.0,,2026-07-24T11:48:56.404863+08:00
2880,2018-09-21,60000.0,6040847.0,4601000.0,10701847.0,6167.0,11.0,-9.0,3.0,,2026-07-24T11:48:56.404863+08:00
2880,2018-09-25,0.0,1034332.0,1375000.0,2409332.0,6174.0,19.0,7.0,8.0,,2026-07-24T11:48:56.404863+08:00
2880,2018-09-26,-303000.0,-134395.0,0.0,-437395.0,6169.0,26.0,-5.0,7.0,,2026-07-24T11:48:56.404863+08:00
2880,2018-09-27,-2000.0,3249910.0,0.0,3247910.0,6222.0,26.0,53.0,0.0,,2026-07-24T11:48:56.404863+08:00
2880,2018-09-28,-122000.0,2395653.0,911000.0,3184653.0,6229.0,27.0,7.0,1.0,,2026-07-24T11:48:56.404863+08:00
2880,2018-10-01,-51000.0,813802.0,0.0,762802.0,6282.0,28.0,53.0,1.0,,2026-07-24T11:48:56.404863+08:00
2880,2018-10-02,-146000.0,-3970540.0,-12540.0,-4129080.0,6302.0,28.0,20.0,0.0,,2026-07-24T11:48:56.404863+08:00
2880,2018-10-03,-80000.0,32506.0,6000.0,-41494.0,6214.0,28.0,-88.0,0.0,,2026-07-24T11:48:56.404863+08:00
2880,2018-10-04,-50000.0,-5812923.0,7000.0,-5855923.0,5893.0,25.0,-321.0,-3.0,,2026-07-24T11:48:56.404863+08:00
2880,2018-10-05,93000.0,-704330.0,953.0,-610377.0,5981.0,20.0,88.0,-5.0,,2026-07-24T11:48:56.404863+08:00
2880,2018-10-08,150000.0,1105000.0,27000.0,1282000.0,6002.0,21.0,21.0,1.0,,2026-07-24T11:48:56.404863+08:00
2880,2018-10-09,54000.0,-1403922.0,3000.0,-1346922.0,5990.0,20.0,-12.0,-1.0,,2026-07-24T11:48:56.404863+08:00
2880,2018-10-11,-555000.0,-15196255.0,508000.0,-15243255.0,6539.0,23.0,549.0,3.0,,2026-07-24T11:48:56.404863+08:00
2880,2018-10-12,39000.0,-4369994.0,492000.0,-3838994.0,6721.0,32.0,182.0,9.0,,2026-07-24T11:48:56.404863+08:00
2880,2018-10-15,88000.0,-8132927.0,0.0,-8044927.0,6806.0,30.0,85.0,-2.0,,2026-07-24T11:48:56.404863+08:00
2880,2018-10-16,32000.0,-5433441.0,12000.0,-5389441.0,6752.0,40.0,-54.0,10.0,,2026-07-24T11:48:56.404863+08:00
2880,2018-10-17,-64000.0,-4603562.0,161000.0,-4506562.0,6393.0,34.0,-359.0,-6.0,,2026-07-24T11:48:56.404863+08:00
2880,2018-10-18,0.0,-291578.0,7000.0,-284578.0,6213.0,54.0,-180.0,20.0,,2026-07-24T11:48:56.404863+08:00
2880,2018-10-19,0.0,537628.0,7000.0,544628.0,5866.0,48.0,-347.0,-6.0,,2026-07-24T11:48:56.404863+08:00
2880,2018-10-22,0.0,292064.0,-2329000.0,-2036936.0,5874.0,47.0,8.0,-1.0,,2026-07-24T11:48:56.404863+08:00
2880,2018-10-23,0.0,-3196127.0,-3000.0,-3199127.0,5716.0,45.0,-158.0,-2.0,,2026-07-24T11:48:56.404863+08:00
2880,2018-10-24,-46000.0,-2507000.0,6000.0,-2547000.0,5856.0,53.0,140.0,8.0,,2026-07-24T11:48:56.404863+08:00
2880,2018-10-25,-145000.0,-122882.0,17000.0,-250882.0,5578.0,49.0,-278.0,-4.0,,2026-07-24T11:48:56.404863+08:00
2880,2018-10-26,4000.0,-1149334.0,79000.0,-1066334.0,5463.0,49.0,-115.0,0.0,,2026-07-24T11:48:56.404863+08:00
2880,2018-10-29,113000.0,-696382.0,2000.0,-581382.0,5470.0,48.0,7.0,-1.0,,2026-07-24T11:48:56.404863+08:00
2880,2018-10-30,49000.0,914000.0,0.0,963000.0,5447.0,49.0,-23.0,1.0,,2026-07-24T11:48:56.404863+08:00
2880,2018-10-31,218000.0,2391690.0,11000.0,2620690.0,5487.0,48.0,40.0,-1.0,,2026-07-24T11:48:56.404863+08:00
2880,2018-11-01,-22000.0,-3680314.0,0.0,-3702314.0,5440.0,48.0,-47.0,0.0,,2026-07-24T11:48:56.404863+08:00
2880,2018-11-02,0.0,653925.0,799.0,654724.0,5312.0,49.0,-128.0,1.0,,2026-07-24T11:48:56.404863+08:00
2880,2018-11-05,-240000.0,2037650.0,20000.0,1817650.0,5401.0,49.0,89.0,0.0,,2026-07-24T11:48:56.404863+08:00
2880,2018-11-06,-9000.0,1595000.0,-467000.0,1119000.0,5329.0,59.0,-72.0,10.0,,2026-07-24T11:48:56.404863+08:00
2880,2018-11-07,-404117.0,3155833.0,65000.0,2816716.0,5296.0,51.0,-33.0,-8.0,,2026-07-24T11:48:56.404863+08:00
2880,2018-11-08,0.0,4198315.0,5000.0,4203315.0,5260.0,41.0,-36.0,-10.0,,2026-07-24T11:48:56.404863+08:00
2880,2018-11-09,160000.0,1382000.0,24000.0,1566000.0,5314.0,21.0,54.0,-20.0,,2026-07-24T11:48:56.404863+08:00
2880,2018-11-12,86000.0,2473249.0,0.0,2559249.0,5300.0,21.0,-14.0,0.0,,2026-07-24T11:48:56.404863+08:00
2880,2018-11-13,42000.0,747524.0,0.0,789524.0,5317.0,21.0,17.0,0.0,,2026-07-24T11:48:56.404863+08:00
2880,2018-11-14,0.0,2681286.0,6000.0,2687286.0,5317.0,24.0,0.0,3.0,,2026-07-24T11:48:56.404863+08:00
2880,2018-11-15,65000.0,2028000.0,6000.0,2099000.0,5313.0,24.0,-4.0,0.0,,2026-07-24T11:48:56.404863+08:00
2880,2018-11-16,79000.0,5175003.0,20000.0,5274003.0,5231.0,21.0,-82.0,-3.0,,2026-07-24T11:48:56.404863+08:00
2880,2018-11-19,85000.0,2982237.0,11000.0,3078237.0,5233.0,42.0,2.0,21.0,,2026-07-24T11:48:56.404863+08:00
2880,2018-11-20,135000.0,2301956.0,17000.0,2453956.0,5237.0,49.0,4.0,7.0,,2026-07-24T11:48:56.404863+08:00
2880,2018-11-21,335000.0,-1193719.0,-36000.0,-894719.0,5270.0,47.0,33.0,-2.0,,2026-07-24T11:48:56.404863+08:00
2880,2018-11-22,128000.0,320806.0,0.0,448806.0,5271.0,30.0,1.0,-17.0,,2026-07-24T11:48:56.404863+08:00
2880,2018-11-23,43000.0,1475055.0,13000.0,1531055.0,5194.0,33.0,-77.0,3.0,,2026-07-24T11:48:56.404863+08:00
2880,2018-11-26,8000.0,2617992.0,0.0,2625992.0,5179.0,39.0,-15.0,6.0,,2026-07-24T11:48:56.404863+08:00
2880,2018-11-27,21000.0,-2415331.0,0.0,-2394331.0,5166.0,37.0,-13.0,-2.0,,2026-07-24T11:48:56.404863+08:00
2880,2018-11-28,581000.0,1938238.0,-69000.0,2450238.0,5123.0,32.0,-43.0,-5.0,,2026-07-24T11:48:56.404863+08:00
2880,2018-11-29,94000.0,-762358.0,-445000.0,-1113358.0,5127.0,28.0,4.0,-4.0,,2026-07-24T11:48:56.404863+08:00
2880,2018-11-30,3000.0,-996983.0,-32000.0,-1025983.0,5173.0,18.0,46.0,-10.0,,2026-07-24T11:48:56.404863+08:00
2880,2018-12-03,70000.0,584588.0,22000.0,676588.0,5165.0,18.0,-8.0,0.0,,2026-07-24T11:48:56.404863+08:00
2880,2018-12-04,17000.0,2648659.0,5000.0,2670659.0,5125.0,16.0,-40.0,-2.0,,2026-07-24T11:48:56.404863+08:00
2880,2018-12-05,-369000.0,1249830.0,0.0,880830.0,5101.0,16.0,-24.0,0.0,,2026-07-24T11:48:56.404863+08:00
2880,2018-12-06,-223000.0,-2866846.0,22000.0,-3067846.0,5102.0,16.0,1.0,0.0,,2026-07-24T11:48:56.404863+08:00
2880,2018-12-07,269000.0,1117002.0,40000.0,1426002.0,5104.0,28.0,2.0,12.0,,2026-07-24T11:48:56.404863+08:00
2880,2018-12-10,21000.0,56000.0,-2572000.0,-2495000.0,5132.0,21.0,28.0,-7.0,,2026-07-24T11:48:56.404863+08:00
2880,2018-12-11,0.0,-154000.0,-37000.0,-191000.0,5136.0,23.0,4.0,2.0,,2026-07-24T11:48:56.404863+08:00
2880,2018-12-12,381000.0,1570389.0,-16000.0,1935389.0,5151.0,17.0,15.0,-6.0,,2026-07-24T11:48:56.404863+08:00
2880,2018-12-13,86000.0,-594084.0,-20000.0,-528084.0,5162.0,17.0,11.0,0.0,,2026-07-24T11:48:56.404863+08:00
2880,2018-12-14,-413000.0,-1282710.0,11000.0,-1684710.0,5166.0,17.0,4.0,0.0,,2026-07-24T11:48:56.404863+08:00
2880,2018-12-17,0.0,-183943.0,0.0,-183943.0,5167.0,15.0,1.0,-2.0,,2026-07-24T11:48:56.404863+08:00
2880,2018-12-18,151000.0,-3787731.0,-2050000.0,-5686731.0,5196.0,14.0,29.0,-1.0,,2026-07-24T11:48:56.404863+08:00
2880,2018-12-19,137000.0,4876759.0,0.0,5013759.0,5446.0,28.0,250.0,14.0,,2026-07-24T11:48:56.404863+08:00
2880,2018-12-20,-134000.0,1182902.0,23000.0,1071902.0,5512.0,28.0,66.0,0.0,,2026-07-24T11:48:56.404863+08:00
2880,2018-12-21,-2000.0,-102304.0,-116000.0,-220304.0,5515.0,28.0,3.0,0.0,,2026-07-24T11:48:56.404863+08:00
2880,2018-12-22,-78000.0,-234000.0,5000.0,-307000.0,5527.0,28.0,12.0,0.0,,2026-07-24T11:48:56.404863+08:00
2880,2018-12-24,0.0,2344000.0,0.0,2344000.0,5521.0,30.0,-6.0,2.0,,2026-07-24T11:48:56.404863+08:00
2880,2018-12-25,-436000.0,-1752000.0,-2904.0,-2190904.0,5549.0,34.0,28.0,4.0,,2026-07-24T11:48:56.404863+08:00
2880,2018-12-26,-403000.0,-771000.0,0.0,-1174000.0,5547.0,34.0,-2.0,0.0,,2026-07-24T11:48:56.404863+08:00
2880,2018-12-27,2000.0,4171145.0,0.0,4173145.0,5179.0,35.0,-368.0,1.0,,2026-07-24T11:48:56.404863+08:00
2880,2018-12-28,45000.0,2360968.0,0.0,2405968.0,5119.0,35.0,-60.0,0.0,,2026-07-24T11:48:56.404863+08:00
2880,2019-01-02,-590000.0,-1802400.0,22000.0,-2370400.0,5160.0,33.0,41.0,-2.0,,2026-07-24T11:48:56.404863+08:00
2880,2019-01-03,165000.0,2235600.0,0.0,2400600.0,5051.0,43.0,-109.0,10.0,,2026-07-24T11:48:56.404863+08:00
2880,2019-01-04,382000.0,282197.0,11000.0,675197.0,4985.0,47.0,-66.0,4.0,,2026-07-24T11:48:56.404863+08:00
2880,2019-01-07,314000.0,6254660.0,0.0,6568660.0,4979.0,46.0,-6.0,-1.0,,2026-07-24T11:48:56.404863+08:00
2880,2019-01-08,119000.0,259491.0,0.0,378491.0,4753.0,43.0,-226.0,-3.0,,2026-07-24T11:48:56.404863+08:00
2880,2019-01-09,965000.0,8498851.0,0.0,9463851.0,4661.0,45.0,-92.0,2.0,,2026-07-24T11:48:56.404863+08:00
2880,2019-01-10,0.0,1936135.0,0.0,1936135.0,4655.0,54.0,-6.0,9.0,,2026-07-24T11:48:56.404863+08:00
2880,2019-01-11,0.0,2460600.0,143000.0,2603600.0,4645.0,72.0,-10.0,18.0,,2026-07-24T11:48:56.404863+08:00
2880,2019-01-14,0.0,2134049.0,0.0,2134049.0,4633.0,73.0,-12.0,1.0,,2026-07-24T11:48:56.404863+08:00
2880,2019-01-15,42000.0,5390664.0,19000.0,5451664.0,4564.0,79.0,-69.0,6.0,,2026-07-24T11:48:56.404863+08:00
2880,2019-01-16,40000.0,-183946.0,0.0,-143946.0,4573.0,82.0,9.0,3.0,,2026-07-24T11:48:56.404863+08:00
2880,2019-01-17,19000.0,1525000.0,0.0,1544000.0,4541.0,85.0,-32.0,3.0,,2026-07-24T11:48:56.404863+08:00
2880,2019-01-18,1000.0,7864622.0,0.0,7865622.0,4376.0,88.0,-165.0,3.0,,2026-07-24T11:48:56.404863+08:00
2880,2019-01-21,98000.0,3521000.0,-576000.0,3043000.0,4341.0,88.0,-35.0,0.0,,2026-07-24T11:48:56.404863+08:00
2880,2019-01-22,0.0,1277000.0,-24000.0,1253000.0,4338.0,88.0,-3.0,0.0,,2026-07-24T11:48:56.404863+08:00
2880,2019-01-23,-100000.0,610679.0,-34000.0,476679.0,4487.0,88.0,149.0,0.0,,2026-07-24T11:48:56.404863+08:00
2880,2019-01-24,0.0,2469915.0,12000.0,2481915.0,4430.0,88.0,-57.0,0.0,,2026-07-24T11:48:56.404863+08:00
2880,2019-01-25,8000.0,10224593.0,0.0,10232593.0,4331.0,89.0,-99.0,1.0,,2026-07-24T11:48:56.404863+08:00
2880,2019-01-28,-4000.0,1074011.0,0.0,1070011.0,4378.0,87.0,47.0,-2.0,,2026-07-24T11:48:56.404863+08:00
2880,2019-01-29,0.0,405900.0,0.0,405900.0,4366.0,87.0,-12.0,0.0,,2026-07-24T11:48:56.404863+08:00
2880,2019-01-30,-9000.0,3624048.0,0.0,3615048.0,4456.0,87.0,90.0,0.0,,2026-07-24T11:48:56.404863+08:00
2880,2019-02-11,0.0,2778527.0,9000.0,2787527.0,3880.0,88.0,-576.0,1.0,,2026-07-24T11:48:56.404863+08:00
2880,2019-02-12,0.0,619738.0,0.0,619738.0,4279.0,76.0,399.0,-12.0,,2026-07-24T11:48:56.404863+08:00
2880,2019-02-13,18000.0,-5821228.0,5000.0,-5798228.0,4298.0,76.0,19.0,0.0,,2026-07-24T11:48:56.404863+08:00
2880,2019-02-14,-1000.0,-3307104.0,0.0,-3308104.0,4308.0,76.0,10.0,0.0,,2026-07-24T11:48:56.404863+08:00
2880,2019-02-15,-1000.0,-2596495.0,0.0,-2597495.0,4271.0,76.0,-37.0,0.0,,2026-07-24T11:48:56.404863+08:00
2880,2019-02-18,2000.0,1980076.0,0.0,1982076.0,4266.0,76.0,-5.0,0.0,,2026-07-24T11:48:56.404863+08:00
2880,2019-02-19,0.0,-419000.0,-38000.0,-457000.0,4213.0,77.0,-53.0,1.0,,2026-07-24T11:48:56.404863+08:00
2880,2019-02-20,0.0,2414712.0,-319524.0,2095188.0,4184.0,78.0,-29.0,1.0,,2026-07-24T11:48:56.404863+08:00
2880,2019-02-21,-25649.0,2590289.0,-37000.0,2527640.0,4171.0,54.0,-13.0,-24.0,,2026-07-24T11:48:56.404863+08:00
2880,2019-02-22,-106000.0,3968069.0,-56000.0,3806069.0,4169.0,55.0,-2.0,1.0,,2026-07-24T11:48:56.404863+08:00
2880,2019-02-25,-2000.0,2946000.0,-49000.0,2895000.0,4166.0,56.0,-3.0,1.0,,2026-07-24T11:48:56.404863+08:00
2880,2019-02-26,0.0,1585475.0,-40000.0,1545475.0,4165.0,57.0,-1.0,1.0,,2026-07-24T11:48:56.404863+08:00
2880,2019-02-27,1979000.0,5708382.0,-119000.0,7568382.0,4138.0,58.0,-27.0,1.0,,2026-07-24T11:48:56.404863+08:00
2880,2019-03-04,651000.0,-2307286.0,0.0,-1656286.0,4187.0,68.0,49.0,10.0,,2026-07-24T11:48:56.404863+08:00
2880,2019-03-05,-139000.0,-1358325.0,-19000.0,-1516325.0,4144.0,58.0,-43.0,-10.0,,2026-07-24T11:48:56.404863+08:00
2880,2019-03-06,-1243000.0,-579426.0,0.0,-1822426.0,4243.0,58.0,99.0,0.0,,2026-07-24T11:48:56.404863+08:00
2880,2019-03-07,-150000.0,-1590000.0,-19000.0,-1759000.0,4197.0,58.0,-46.0,0.0,,2026-07-24T11:48:56.404863+08:00
2880,2019-03-08,-8000.0,-1991296.0,0.0,-1999296.0,4195.0,58.0,-2.0,0.0,,2026-07-24T11:48:56.404863+08:00
2880,2019-03-11,152000.0,-3003000.0,0.0,-2851000.0,4126.0,58.0,-69.0,0.0,,2026-07-24T11:48:56.404863+08:00
2880,2019-03-12,-1998000.0,2114422.0,-18000.0,98422.0,4154.0,58.0,28.0,0.0,,2026-07-24T11:48:56.404863+08:00
2880,2019-03-13,0.0,1088795.0,-19000.0,1069795.0,4130.0,58.0,-24.0,0.0,,2026-07-24T11:48:56.404863+08:00
2880,2019-03-14,-1000.0,-1382999.0,-37000.0,-1420999.0,4039.0,65.0,-91.0,7.0,,2026-07-24T11:48:56.404863+08:00
2880,2019-03-15,0.0,2547576.0,-131000.0,2416576.0,4052.0,65.0,13.0,0.0,,2026-07-24T11:48:56.404863+08:00
2880,2019-03-18,-16000.0,714424.0,0.0,698424.0,4320.0,65.0,268.0,0.0,,2026-07-24T11:48:56.404863+08:00
2880,2019-03-19,0.0,1084573.0,0.0,1084573.0,4925.0,66.0,605.0,1.0,,2026-07-24T11:48:56.404863+08:00
2880,2019-03-20,0.0,3818000.0,0.0,3818000.0,4802.0,63.0,-123.0,-3.0,,2026-07-24T11:48:56.404863+08:00
2880,2019-03-21,0.0,1415851.0,0.0,1415851.0,5062.0,64.0,260.0,1.0,,2026-07-24T11:48:56.404863+08:00
2880,2019-03-22,0.0,-193643.0,0.0,-193643.0,5062.0,64.0,0.0,0.0,,2026-07-24T11:48:56.404863+08:00
2880,2019-03-25,-41000.0,242580.0,-24000.0,177580.0,5162.0,63.0,100.0,-1.0,,2026-07-24T11:48:56.404863+08:00
2880,2019-03-26,0.0,574523.0,0.0,574523.0,5196.0,63.0,34.0,0.0,,2026-07-24T11:48:56.404863+08:00
2880,2019-03-27,-63000.0,-629705.0,-6000.0,-698705.0,5201.0,59.0,5.0,-4.0,,2026-07-24T11:48:56.404863+08:00
2880,2019-03-28,-2000.0,228001.0,-19000.0,207001.0,5184.0,59.0,-17.0,0.0,,2026-07-24T11:48:56.404863+08:00
2880,2019-03-29,-36000.0,5902405.0,0.0,5866405.0,5098.0,37.0,-86.0,-22.0,,2026-07-24T11:48:56.404863+08:00
2880,2019-04-01,0.0,-2023601.0,-3055.0,-2026656.0,5098.0,35.0,0.0,-2.0,,2026-07-24T11:48:56.404863+08:00
2880,2019-04-02,0.0,-688093.0,-1000.0,-689093.0,5135.0,32.0,37.0,-3.0,,2026-07-24T11:48:56.404863+08:00
2880,2019-04-03,161000.0,-686000.0,0.0,-525000.0,5164.0,18.0,29.0,-14.0,,2026-07-24T11:48:56.404863+08:00
2880,2019-04-08,0.0,2024000.0,0.0,2024000.0,5157.0,0.0,-7.0,-18.0,,2026-07-24T11:48:56.404863+08:00
2880,2019-04-09,-20000.0,702000.0,-23000.0,659000.0,5158.0,0.0,1.0,0.0,,2026-07-24T11:48:56.404863+08:00
2880,2019-04-10,976000.0,2417652.0,0.0,3393652.0,5121.0,0.0,-37.0,0.0,,2026-07-24T11:48:56.404863+08:00
2880,2019-04-11,0.0,562500.0,-16000.0,546500.0,4343.0,0.0,-778.0,0.0,,2026-07-24T11:48:56.404863+08:00
2880,2019-04-12,0.0,2260001.0,-6000.0,2254001.0,4565.0,8.0,222.0,8.0,,2026-07-24T11:48:56.404863+08:00
2880,2019-04-15,0.0,4356372.0,0.0,4356372.0,4487.0,18.0,-78.0,10.0,,2026-07-24T11:48:56.404863+08:00
2880,2019-04-16,0.0,282395.0,0.0,282395.0,4410.0,18.0,-77.0,0.0,,2026-07-24T11:48:56.404863+08:00
2880,2019-04-17,-1000.0,1456000.0,0.0,1455000.0,4250.0,18.0,-160.0,0.0,,2026-07-24T11:48:56.404863+08:00
2880,2019-04-18,-83000.0,-729032.0,-30000.0,-842032.0,4264.0,38.0,14.0,20.0,,2026-07-24T11:48:56.404863+08:00
2880,2019-04-19,20000.0,1282000.0,-19000.0,1283000.0,4245.0,18.0,-19.0,-20.0,,2026-07-24T11:48:56.404863+08:00
2880,2019-04-22,0.0,238000.0,2011.0,240011.0,4241.0,18.0,-4.0,0.0,,2026-07-24T11:48:56.404863+08:00
2880,2019-04-23,-64000.0,1022380.0,0.0,958380.0,4222.0,18.0,-19.0,0.0,,2026-07-24T11:48:56.404863+08:00
2880,2019-04-24,-282000.0,2811435.0,0.0,2529435.0,4221.0,23.0,-1.0,5.0,,2026-07-24T11:48:56.404863+08:00
2880,2019-04-25,-900.0,4090144.0,0.0,4089244.0,4199.0,24.0,-22.0,1.0,,2026-07-24T11:48:56.404863+08:00
2880,2019-04-26,-40000.0,1277619.0,0.0,1237619.0,4256.0,24.0,57.0,0.0,,2026-07-24T11:48:56.404863+08:00
2880,2019-04-29,-179000.0,1715539.0,-10000.0,1526539.0,4291.0,25.0,35.0,1.0,,2026-07-24T11:48:56.404863+08:00
2880,2019-04-30,-4000.0,3438188.0,-5000.0,3429188.0,4499.0,53.0,208.0,28.0,,2026-07-24T11:48:56.404863+08:00
2880,2019-05-02,-356000.0,-114000.0,0.0,-470000.0,4722.0,49.0,223.0,-4.0,,2026-07-24T11:48:56.404863+08:00
2880,2019-05-03,0.0,-83000.0,0.0,-83000.0,4736.0,52.0,14.0,3.0,,2026-07-24T11:48:56.404863+08:00
2880,2019-05-06,-101000.0,-150964.0,0.0,-251964.0,4246.0,48.0,-490.0,-4.0,,2026-07-24T11:48:56.404863+08:00
2880,2019-05-07,-40000.0,1632933.0,0.0,1592933.0,4226.0,50.0,-20.0,2.0,,2026-07-24T11:48:56.404863+08:00
2880,2019-05-08,355000.0,31900.0,0.0,386900.0,4143.0,50.0,-83.0,0.0,,2026-07-24T11:48:56.404863+08:00
2880,2019-05-09,-102000.0,-3045588.0,0.0,-3147588.0,4031.0,44.0,-112.0,-6.0,,2026-07-24T11:48:56.404863+08:00
2880,2019-05-10,14000.0,4326165.0,0.0,4340165.0,4000.0,56.0,-31.0,12.0,,2026-07-24T11:48:56.404863+08:00
2880,2019-05-13,125000.0,1538950.0,13000.0,1676950.0,3993.0,55.0,-7.0,-1.0,,2026-07-24T11:48:56.404863+08:00
2880,2019-05-14,976000.0,-6083856.0,0.0,-5107856.0,4022.0,56.0,29.0,1.0,,2026-07-24T11:48:56.404863+08:00
2880,2019-05-15,-28000.0,-994265.0,0.0,-1022265.0,4022.0,55.0,0.0,-1.0,,2026-07-24T11:48:56.404863+08:00
2880,2019-05-16,6000.0,-1394551.0,12000.0,-1376551.0,4025.0,58.0,3.0,3.0,,2026-07-24T11:48:56.404863+08:00
2880,2019-05-17,61000.0,-268415.0,10000.0,-197415.0,4051.0,64.0,26.0,6.0,,2026-07-24T11:48:56.404863+08:00
2880,2019-05-20,1078000.0,880279.0,12000.0,1970279.0,4155.0,74.0,104.0,10.0,,2026-07-24T11:48:56.404863+08:00
2880,2019-05-21,220000.0,5593041.0,0.0,5813041.0,4313.0,67.0,158.0,-7.0,,2026-07-24T11:48:56.404863+08:00
2880,2019-05-22,89000.0,-2560000.0,24000.0,-2447000.0,4358.0,65.0,45.0,-2.0,,2026-07-24T11:48:56.404863+08:00
2880,2019-05-23,68000.0,1064727.0,0.0,1132727.0,4396.0,66.0,38.0,1.0,,2026-07-24T11:48:56.404863+08:00
2880,2019-05-24,-9000.0,2094000.0,5000.0,2090000.0,4417.0,66.0,21.0,0.0,,2026-07-24T11:48:56.404863+08:00
2880,2019-05-27,0.0,652000.0,0.0,652000.0,4481.0,67.0,64.0,1.0,,2026-07-24T11:48:56.404863+08:00
2880,2019-05-28,-175000.0,1313653.0,19000.0,1157653.0,4470.0,69.0,-11.0,2.0,,2026-07-24T11:48:56.404863+08:00
2880,2019-05-29,-38000.0,376000.0,12000.0,350000.0,4398.0,71.0,-72.0,2.0,,2026-07-24T11:48:56.404863+08:00
2880,2019-05-30,-4000.0,5319000.0,0.0,5315000.0,4404.0,75.0,6.0,4.0,,2026-07-24T11:48:56.404863+08:00
2880,2019-05-31,-32000.0,4930125.0,70000.0,4968125.0,4480.0,114.0,76.0,39.0,,2026-07-24T11:48:56.404863+08:00
2880,2019-06-03,40000.0,6077000.0,0.0,6117000.0,4298.0,117.0,-182.0,3.0,,2026-07-24T11:48:56.404863+08:00
2880,2019-06-04,-9000.0,1547000.0,-55000.0,1483000.0,4345.0,118.0,47.0,1.0,,2026-07-24T11:48:56.404863+08:00
2880,2019-06-05,-78000.0,5087440.0,0.0,5009440.0,4308.0,125.0,-37.0,7.0,,2026-07-24T11:48:56.404863+08:00
2880,2019-06-06,41000.0,2992000.0,0.0,3033000.0,4419.0,126.0,111.0,1.0,,2026-07-24T11:48:56.404863+08:00
2880,2019-06-10,47000.0,2697987.0,0.0,2744987.0,4616.0,137.0,197.0,11.0,,2026-07-24T11:48:56.404863+08:00
2880,2019-06-11,35000.0,-5424556.0,0.0,-5389556.0,4453.0,242.0,-163.0,105.0,,2026-07-24T11:48:56.404863+08:00
2880,2019-06-12,48000.0,-2507592.0,-51937.0,-2511529.0,4809.0,192.0,356.0,-50.0,,2026-07-24T11:48:56.404863+08:00
2880,2019-06-13,-6000.0,389000.0,31395.0,414395.0,4460.0,120.0,-349.0,-72.0,,2026-07-24T11:48:56.404863+08:00
2880,2019-06-14,-2000.0,-1109807.0,0.0,-1111807.0,4227.0,128.0,-233.0,8.0,,2026-07-24T11:48:56.404863+08:00
2880,2019-06-17,10000.0,643064.0,-38819.0,614245.0,4229.0,129.0,2.0,1.0,,2026-07-24T11:48:56.404863+08:00
2880,2019-06-18,1000.0,1099418.0,70000.0,1170418.0,4170.0,129.0,-59.0,0.0,,2026-07-24T11:48:56.404863+08:00
2880,2019-06-19,1528000.0,7347762.0,0.0,8875762.0,4170.0,125.0,0.0,-4.0,,2026-07-24T11:48:56.404863+08:00
2880,2019-06-20,101000.0,-1429000.0,62000.0,-1266000.0,4157.0,127.0,-13.0,2.0,,2026-07-24T11:48:56.404863+08:00
2880,2019-06-21,346000.0,-241030.0,-49000.0,55970.0,4196.0,124.0,39.0,-3.0,,2026-07-24T11:48:56.404863+08:00
2880,2019-06-24,-3000.0,3268000.0,4792.0,3269792.0,4166.0,126.0,-30.0,2.0,,2026-07-24T11:48:56.404863+08:00
2880,2019-06-25,0.0,1631775.0,0.0,1631775.0,4067.0,126.0,-99.0,0.0,,2026-07-24T11:48:56.404863+08:00
2880,2019-06-26,98000.0,-1453655.0,87000.0,-1268655.0,4077.0,126.0,10.0,0.0,,2026-07-24T11:48:56.404863+08:00
2880,2019-06-27,1000.0,6153000.0,23000.0,6177000.0,4093.0,126.0,16.0,0.0,,2026-07-24T11:48:56.404863+08:00
2880,2019-06-28,0.0,-363470.0,-1000.0,-364470.0,4101.0,126.0,8.0,0.0,,2026-07-24T11:48:56.404863+08:00
2880,2019-07-01,3000.0,-3017878.0,3000.0,-3011878.0,4133.0,116.0,32.0,-10.0,,2026-07-24T11:48:56.404863+08:00
2880,2019-07-02,0.0,-2253000.0,0.0,-2253000.0,4129.0,120.0,-4.0,4.0,,2026-07-24T11:48:56.404863+08:00
2880,2019-07-03,-385000.0,-338000.0,0.0,-723000.0,4124.0,101.0,-5.0,-19.0,,2026-07-24T11:48:56.404863+08:00
2880,2019-07-04,0.0,-273809.0,0.0,-273809.0,4123.0,100.0,-1.0,-1.0,,2026-07-24T11:48:56.404863+08:00
2880,2019-07-05,0.0,-1686000.0,-10000.0,-1696000.0,4119.0,96.0,-4.0,-4.0,,2026-07-24T11:48:56.404863+08:00
2880,2019-07-08,-10000.0,-1308312.0,0.0,-1318312.0,4128.0,97.0,9.0,1.0,,2026-07-24T11:48:56.404863+08:00
2880,2019-07-09,-2000.0,-1866000.0,-19000.0,-1887000.0,4126.0,97.0,-2.0,0.0,,2026-07-24T11:48:56.404863+08:00
2880,2019-07-10,718000.0,6351000.0,49000.0,7118000.0,4076.0,96.0,-50.0,-1.0,,2026-07-24T11:48:56.404863+08:00
2880,2019-07-11,5000.0,4443000.0,38000.0,4486000.0,4284.0,96.0,208.0,0.0,,2026-07-24T11:48:56.404863+08:00
2880,2019-07-12,0.0,2609000.0,-5000.0,2604000.0,4567.0,98.0,283.0,2.0,,2026-07-24T11:48:56.404863+08:00
2880,2019-07-15,-2000.0,1652000.0,0.0,1650000.0,4698.0,98.0,131.0,0.0,,2026-07-24T11:48:56.404863+08:00
2880,2019-07-16,-21000.0,2672580.0,11000.0,2662580.0,4746.0,98.0,48.0,0.0,,2026-07-24T11:48:56.404863+08:00
2880,2019-07-17,-25000.0,5089023.0,-33000.0,5031023.0,4650.0,98.0,-96.0,0.0,,2026-07-24T11:48:56.404863+08:00
2880,2019-07-18,-42000.0,89765.0,12155.0,59920.0,4568.0,97.0,-82.0,-1.0,,2026-07-24T11:48:56.404863+08:00
2880,2019-07-19,-20000.0,2688064.0,0.0,2668064.0,4630.0,98.0,62.0,1.0,,2026-07-24T11:48:56.404863+08:00
2880,2019-07-22,-42000.0,-432752.0,11000.0,-463752.0,4602.0,97.0,-28.0,-1.0,,2026-07-24T11:48:56.404863+08:00
2880,2019-07-23,-21000.0,-351000.0,49000.0,-323000.0,5192.0,97.0,590.0,0.0,,2026-07-24T11:48:56.404863+08:00
2880,2019-07-24,-901000.0,-1018215.0,17000.0,-1902215.0,6637.0,97.0,1445.0,0.0,,2026-07-24T11:48:56.404863+08:00
2880,2019-07-25,-40000.0,-782800.0,0.0,-822800.0,7255.0,105.0,618.0,8.0,,2026-07-24T11:48:56.404863+08:00
2880,2019-07-26,0.0,-1151071.0,3000.0,-1148071.0,7506.0,105.0,251.0,0.0,,2026-07-24T11:48:56.404863+08:00
2880,2019-07-29,-85000.0,582035.0,0.0,497035.0,7680.0,105.0,174.0,0.0,,2026-07-24T11:48:56.404863+08:00
2880,2019-07-30,0.0,2706829.0,63000.0,2769829.0,7946.0,106.0,266.0,1.0,,2026-07-24T11:48:56.404863+08:00
2880,2019-07-31,-837000.0,3670682.0,7000.0,2840682.0,7871.0,112.0,-75.0,6.0,,2026-07-24T11:48:56.404863+08:00
2880,2019-08-01,0.0,-6207861.0,0.0,-6207861.0,7684.0,118.0,-187.0,6.0,,2026-07-24T11:48:56.404863+08:00
2880,2019-08-02,0.0,-3469225.0,0.0,-3469225.0,7873.0,99.0,189.0,-19.0,,2026-07-24T11:48:56.404863+08:00
2880,2019-08-05,-28000.0,-1319000.0,12000.0,-1335000.0,7925.0,88.0,52.0,-11.0,,2026-07-24T11:48:56.404863+08:00
2880,2019-08-06,166000.0,177642.0,29000.0,372642.0,7918.0,52.0,-7.0,-36.0,,2026-07-24T11:48:56.404863+08:00
2880,2019-08-07,-611000.0,60720.0,-16000.0,-566280.0,6968.0,54.0,-950.0,2.0,,2026-07-24T11:48:56.404863+08:00
2880,2019-08-08,1000.0,363000.0,24155.0,388155.0,7335.0,20.0,367.0,-34.0,,2026-07-24T11:48:56.404863+08:00
2880,2019-08-12,3400000.0,-4195814.0,0.0,-795814.0,7239.0,0.0,-96.0,-20.0,,2026-07-24T11:48:56.404863+08:00
2880,2019-08-13,3574611.0,-8166797.0,-45316.0,-4637502.0,7590.0,0.0,351.0,0.0,,2026-07-24T11:48:56.404863+08:00
2880,2019-08-14,2807000.0,-930201.0,12000.0,1888799.0,9133.0,0.0,1543.0,0.0,,2026-07-24T11:48:56.404863+08:00
2880,2019-08-15,-9752000.0,3964000.0,-22000.0,-5810000.0,7823.0,68.0,-1310.0,68.0,,2026-07-24T11:48:56.404863+08:00
2880,2019-08-16,-4000.0,-7909389.0,-25000.0,-7938389.0,7815.0,106.0,-8.0,38.0,,2026-07-24T11:48:56.404863+08:00
2880,2019-08-19,-1000.0,-3208000.0,-4000.0,-3213000.0,6684.0,111.0,-1131.0,5.0,,2026-07-24T11:48:56.404863+08:00
2880,2019-08-20,0.0,-5246673.0,-18000.0,-5264673.0,6688.0,112.0,4.0,1.0,,2026-07-24T11:48:56.404863+08:00
2880,2019-08-21,-263630.0,-5017921.0,13000.0,-5268551.0,6597.0,120.0,-91.0,8.0,,2026-07-24T11:48:56.404863+08:00
2880,2019-08-22,4000.0,-97000.0,809000.0,716000.0,6851.0,134.0,254.0,14.0,,2026-07-24T11:48:56.404863+08:00
2880,2019-08-23,0.0,318000.0,123000.0,441000.0,6292.0,134.0,-559.0,0.0,,2026-07-24T11:48:56.404863+08:00
2880,2019-08-24,-2000.0,-519184.0,0.0,-521184.0,,,,,,2026-07-24T11:48:56.404863+08:00
2880,2019-08-26,5000.0,-4874245.0,74000.0,-4795245.0,5532.0,136.0,,,,2026-07-24T11:48:56.404863+08:00
2880,2019-08-27,0.0,-3099327.0,293000.0,-2806327.0,4651.0,135.0,-881.0,-1.0,,2026-07-24T11:48:56.404863+08:00
2880,2019-08-28,-110000.0,-3167128.0,66000.0,-3211128.0,4248.0,125.0,-403.0,-10.0,,2026-07-24T11:48:56.404863+08:00
2880,2019-08-29,-24000.0,-909792.0,54000.0,-879792.0,4231.0,136.0,-17.0,11.0,,2026-07-24T11:48:56.404863+08:00
2880,2019-08-30,0.0,1805602.0,0.0,1805602.0,4080.0,136.0,-151.0,0.0,,2026-07-24T11:48:56.404863+08:00
2880,2019-09-02,0.0,1327000.0,66000.0,1393000.0,4082.0,141.0,2.0,5.0,,2026-07-24T11:48:56.404863+08:00
2880,2019-09-03,0.0,-2769234.0,46000.0,-2723234.0,4109.0,131.0,27.0,-10.0,,2026-07-24T11:48:56.404863+08:00
2880,2019-09-04,767000.0,-802000.0,138000.0,103000.0,3966.0,131.0,-143.0,0.0,,2026-07-24T11:48:56.404863+08:00
2880,2019-09-05,-926.0,1718497.0,447000.0,2164571.0,3895.0,135.0,-71.0,4.0,,2026-07-24T11:48:56.404863+08:00
2880,2019-09-06,-16000.0,2317635.0,112000.0,2413635.0,3840.0,135.0,-55.0,0.0,,2026-07-24T11:48:56.404863+08:00
2880,2019-09-09,1000.0,228274.0,72000.0,301274.0,3787.0,124.0,-53.0,-11.0,,2026-07-24T11:48:56.404863+08:00
2880,2019-09-10,-256000.0,3795000.0,12000.0,3551000.0,3721.0,127.0,-66.0,3.0,,2026-07-24T11:48:56.404863+08:00
2880,2019-09-11,-790000.0,674816.0,38000.0,-77184.0,3674.0,132.0,-47.0,5.0,,2026-07-24T11:48:56.404863+08:00
2880,2019-09-12,-527000.0,3620762.0,34000.0,3127762.0,3667.0,105.0,-7.0,-27.0,,2026-07-24T11:48:56.404863+08:00
2880,2019-09-16,8000.0,798000.0,-10970.0,795030.0,3659.0,95.0,-8.0,-10.0,,2026-07-24T11:48:56.404863+08:00
2880,2019-09-17,-2850.0,2025292.0,21000.0,2043442.0,3607.0,105.0,-52.0,10.0,,2026-07-24T11:48:56.404863+08:00
2880,2019-09-18,-743000.0,5989382.0,55000.0,5301382.0,3673.0,110.0,66.0,5.0,,2026-07-24T11:48:56.404863+08:00
2880,2019-09-19,-12000.0,472639.0,206000.0,666639.0,3688.0,108.0,15.0,-2.0,,2026-07-24T11:48:56.404863+08:00
2880,2019-09-20,-31000.0,3009487.0,437000.0,3415487.0,3508.0,109.0,-180.0,1.0,,2026-07-24T11:48:56.404863+08:00
2880,2019-09-23,-1000.0,2102945.0,0.0,2101945.0,3465.0,109.0,-43.0,0.0,,2026-07-24T11:48:56.404863+08:00
2880,2019-09-24,-25241.0,1944216.0,12000.0,1930975.0,3408.0,107.0,-57.0,-2.0,,2026-07-24T11:48:56.404863+08:00
2880,2019-09-25,-367000.0,865675.0,844000.0,1342675.0,3320.0,111.0,-88.0,4.0,,2026-07-24T11:48:56.404863+08:00
2880,2019-09-26,-37000.0,8643.0,240000.0,211643.0,3305.0,110.0,-15.0,-1.0,,2026-07-24T11:48:56.404863+08:00
2880,2019-09-27,-575000.0,-302139.0,-25000.0,-902139.0,3264.0,102.0,-41.0,-8.0,,2026-07-24T11:48:56.404863+08:00
2880,2019-10-01,-1000.0,3305497.0,6000.0,3310497.0,2814.0,102.0,-450.0,0.0,,2026-07-24T11:48:56.404863+08:00
2880,2019-10-02,-8000.0,-272576.0,0.0,-280576.0,2777.0,104.0,-37.0,2.0,,2026-07-24T11:48:56.404863+08:00
2880,2019-10-03,1000.0,-1954920.0,-5900.0,-1959820.0,2807.0,112.0,30.0,8.0,,2026-07-24T11:48:56.404863+08:00
2880,2019-10-04,-7000.0,-201000.0,0.0,-208000.0,2813.0,112.0,6.0,0.0,,2026-07-24T11:48:56.404863+08:00
2880,2019-10-07,-67000.0,-690000.0,0.0,-757000.0,2807.0,112.0,-6.0,0.0,,2026-07-24T11:48:56.404863+08:00
2880,2019-10-08,0.0,2751393.0,-12000.0,2739393.0,2797.0,110.0,-10.0,-2.0,,2026-07-24T11:48:56.404863+08:00
2880,2019-10-09,-1247000.0,-1380026.0,-33000.0,-2660026.0,2879.0,109.0,82.0,-1.0,,2026-07-24T11:48:56.404863+08:00
2880,2019-10-14,0.0,3265286.0,0.0,3265286.0,2851.0,103.0,-28.0,-6.0,,2026-07-24T11:48:56.404863+08:00
2880,2019-10-15,0.0,1043562.0,1000.0,1044562.0,3343.0,105.0,492.0,2.0,,2026-07-24T11:48:56.404863+08:00
2880,2019-10-16,-351500.0,4365063.0,-59238.0,3954325.0,3353.0,107.0,10.0,2.0,,2026-07-24T11:48:56.404863+08:00
2880,2019-10-17,-24000.0,4066000.0,19659.0,4061659.0,3353.0,107.0,0.0,0.0,,2026-07-24T11:48:56.404863+08:00
2880,2019-10-18,0.0,393512.0,-60000.0,333512.0,3988.0,107.0,635.0,0.0,,2026-07-24T11:48:56.404863+08:00
2880,2019-10-21,0.0,4355000.0,0.0,4355000.0,3529.0,107.0,-459.0,0.0,,2026-07-24T11:48:56.404863+08:00
2880,2019-10-22,0.0,3498997.0,0.0,3498997.0,3090.0,109.0,-439.0,2.0,,2026-07-24T11:48:56.404863+08:00
2880,2019-10-23,-723000.0,943673.0,0.0,220673.0,3657.0,109.0,567.0,0.0,,2026-07-24T11:48:56.404863+08:00
2880,2019-10-24,0.0,5788027.0,0.0,5788027.0,2860.0,109.0,-797.0,0.0,,2026-07-24T11:48:56.404863+08:00
2880,2019-10-25,-68000.0,3256380.0,-7819.0,3180561.0,2849.0,110.0,-11.0,1.0,,2026-07-24T11:48:56.404863+08:00
2880,2019-10-26,-2000.0,-519184.0,0.0,-521184.0,,,,,,2026-07-24T11:48:56.404863+08:00
2880,2019-10-28,0.0,917000.0,0.0,917000.0,3255.0,112.0,,,,2026-07-24T11:48:56.404863+08:00
2880,2019-10-29,1000.0,2391000.0,0.0,2392000.0,3768.0,112.0,513.0,0.0,,2026-07-24T11:48:56.404863+08:00
2880,2019-10-30,46000.0,3588314.0,0.0,3634314.0,3861.0,117.0,93.0,5.0,,2026-07-24T11:48:56.404863+08:00
2880,2019-10-31,0.0,1680425.0,0.0,1680425.0,2829.0,120.0,-1032.0,3.0,,2026-07-24T11:48:56.404863+08:00
2880,2019-11-01,0.0,971000.0,20000.0,991000.0,3995.0,122.0,1166.0,2.0,,2026-07-24T11:48:56.404863+08:00
2880,2019-11-04,27000.0,2479310.0,-6000.0,2500310.0,3563.0,124.0,-432.0,2.0,,2026-07-24T11:48:56.404863+08:00
2880,2019-11-05,0.0,1016805.0,54000.0,1070805.0,3934.0,123.0,371.0,-1.0,,2026-07-24T11:48:56.404863+08:00
2880,2019-11-06,128000.0,269000.0,111000.0,508000.0,4032.0,124.0,98.0,1.0,,2026-07-24T11:48:56.404863+08:00
2880,2019-11-07,-66000.0,-148666.0,377000.0,162334.0,4048.0,124.0,16.0,0.0,,2026-07-24T11:48:56.404863+08:00
2880,2019-11-08,-4000.0,-658493.0,331000.0,-331493.0,4006.0,125.0,-42.0,1.0,,2026-07-24T11:48:56.404863+08:00
2880,2019-11-11,2000.0,1119025.0,0.0,1121025.0,3888.0,122.0,-118.0,-3.0,,2026-07-24T11:48:56.404863+08:00
2880,2019-11-12,0.0,-576745.0,93000.0,-483745.0,3794.0,122.0,-94.0,0.0,,2026-07-24T11:48:56.404863+08:00
2880,2019-11-13,121000.0,-2771701.0,0.0,-2650701.0,3797.0,98.0,3.0,-24.0,,2026-07-24T11:48:56.404863+08:00
2880,2019-11-14,2000.0,810542.0,18000.0,830542.0,3359.0,108.0,-438.0,10.0,,2026-07-24T11:48:56.404863+08:00
2880,2019-11-15,40000.0,2457000.0,0.0,2497000.0,3346.0,98.0,-13.0,-10.0,,2026-07-24T11:48:56.404863+08:00
2880,2019-11-18,0.0,663223.0,236000.0,899223.0,3436.0,88.0,90.0,-10.0,,2026-07-24T11:48:56.404863+08:00
2880,2019-11-19,26000.0,679000.0,-67000.0,638000.0,3415.0,90.0,-21.0,2.0,,2026-07-24T11:48:56.404863+08:00
2880,2019-11-20,-5000.0,827752.0,82000.0,904752.0,3407.0,90.0,-8.0,0.0,,2026-07-24T11:48:56.404863+08:00
2880,2019-11-21,0.0,-4765084.0,165000.0,-4600084.0,3417.0,88.0,10.0,-2.0,,2026-07-24T11:48:56.404863+08:00
2880,2019-11-22,0.0,-735565.0,65000.0,-670565.0,3423.0,88.0,6.0,0.0,,2026-07-24T11:48:56.404863+08:00
2880,2019-11-25,6000.0,1564231.0,12000.0,1582231.0,3399.0,88.0,-24.0,0.0,,2026-07-24T11:48:56.404863+08:00
2880,2019-11-26,0.0,-2414400.0,49000.0,-2365400.0,3642.0,89.0,243.0,1.0,,2026-07-24T11:48:56.404863+08:00
2880,2019-11-27,230000.0,1417752.0,55000.0,1702752.0,3572.0,89.0,-70.0,0.0,,2026-07-24T11:48:56.404863+08:00
2880,2019-11-28,1000.0,-257000.0,0.0,-256000.0,3544.0,89.0,-28.0,0.0,,2026-07-24T11:48:56.404863+08:00
2880,2019-11-29,0.0,-4799123.0,12000.0,-4787123.0,3581.0,89.0,37.0,0.0,,2026-07-24T11:48:56.404863+08:00
2880,2019-12-02,2000.0,557231.0,38000.0,597231.0,3287.0,93.0,-294.0,4.0,,2026-07-24T11:48:56.404863+08:00
2880,2019-12-03,2000.0,6059.0,24000.0,32059.0,3534.0,94.0,247.0,1.0,,2026-07-24T11:48:56.404863+08:00
2880,2019-12-04,-77000.0,-809980.0,18000.0,-868980.0,3545.0,98.0,11.0,4.0,,2026-07-24T11:48:56.404863+08:00
2880,2019-12-05,21000.0,-314247.0,36000.0,-257247.0,3546.0,98.0,1.0,0.0,,2026-07-24T11:48:56.404863+08:00
2880,2019-12-06,50000.0,-2723002.0,13000.0,-2660002.0,3528.0,112.0,-18.0,14.0,,2026-07-24T11:48:56.404863+08:00
2880,2019-12-09,12000.0,1657000.0,10000.0,1679000.0,3522.0,111.0,-6.0,-1.0,,2026-07-24T11:48:56.404863+08:00
2880,2019-12-10,0.0,-810422.0,6000.0,-804422.0,3551.0,111.0,29.0,0.0,,2026-07-24T11:48:56.404863+08:00
2880,2019-12-11,-12000.0,-578709.0,18000.0,-572709.0,3533.0,110.0,-18.0,-1.0,,2026-07-24T11:48:56.404863+08:00
2880,2019-12-12,79000.0,1990567.0,0.0,2069567.0,3493.0,110.0,-40.0,0.0,,2026-07-24T11:48:56.404863+08:00
2880,2019-12-13,-92000.0,3434354.0,-18000.0,3324354.0,2902.0,110.0,-591.0,0.0,,2026-07-24T11:48:56.404863+08:00
2880,2019-12-16,-100000.0,-2053746.0,0.0,-2153746.0,2947.0,109.0,45.0,-1.0,,2026-07-24T11:48:56.404863+08:00
2880,2019-12-17,101000.0,1935655.0,0.0,2036655.0,2813.0,121.0,-134.0,12.0,,2026-07-24T11:48:56.404863+08:00
2880,2019-12-18,-4000.0,5579386.0,130000.0,5705386.0,2884.0,125.0,71.0,4.0,,2026-07-24T11:48:56.404863+08:00
2880,2019-12-19,-1000.0,1900103.0,0.0,1899103.0,3143.0,121.0,259.0,-4.0,,2026-07-24T11:48:56.404863+08:00
2880,2019-12-20,380000.0,-1647675.0,262000.0,-1005675.0,3429.0,89.0,286.0,-32.0,,2026-07-24T11:48:56.404863+08:00
2880,2019-12-23,-116000.0,2709520.0,0.0,2593520.0,3292.0,90.0,-137.0,1.0,,2026-07-24T11:48:56.404863+08:00
2880,2019-12-24,0.0,-605135.0,0.0,-605135.0,2861.0,90.0,-431.0,0.0,,2026-07-24T11:48:56.404863+08:00
2880,2019-12-25,594000.0,-696000.0,-125801.0,-227801.0,2845.0,90.0,-16.0,0.0,,2026-07-24T11:48:56.404863+08:00
2880,2019-12-26,10000.0,378858.0,17000.0,405858.0,2891.0,90.0,46.0,0.0,,2026-07-24T11:48:56.404863+08:00
2880,2019-12-27,0.0,2807005.0,0.0,2807005.0,2833.0,89.0,-58.0,-1.0,,2026-07-24T11:48:56.404863+08:00
2880,2019-12-30,-4000.0,391976.0,77000.0,464976.0,2784.0,89.0,-49.0,0.0,,2026-07-24T11:48:56.404863+08:00
2880,2019-12-31,-2000.0,-2111000.0,66000.0,-2047000.0,2749.0,89.0,-35.0,0.0,,2026-07-24T11:48:56.404863+08:00
2880,2020-01-02,15000.0,-1914302.0,0.0,-1899302.0,2753.0,89.0,4.0,0.0,,2026-07-24T11:48:56.404863+08:00
2880,2020-01-03,-33000.0,-138064.0,25000.0,-146064.0,2620.0,93.0,-133.0,4.0,,2026-07-24T11:48:56.404863+08:00
2880,2020-01-06,0.0,-2082780.0,49000.0,-2033780.0,2580.0,91.0,-40.0,-2.0,,2026-07-24T11:48:56.404863+08:00
2880,2020-01-07,4000.0,1712935.0,177000.0,1893935.0,2547.0,87.0,-33.0,-4.0,,2026-07-24T11:48:56.404863+08:00
2880,2020-01-08,-54000.0,-3153600.0,178000.0,-3029600.0,2498.0,87.0,-49.0,0.0,,2026-07-24T11:48:56.404863+08:00
2880,2020-01-09,9000.0,747936.0,973000.0,1729936.0,2501.0,87.0,3.0,0.0,,2026-07-24T11:48:56.404863+08:00
2880,2020-01-10,2000.0,445544.0,1071000.0,1518544.0,2488.0,95.0,-13.0,8.0,,2026-07-24T11:48:56.404863+08:00
2880,2020-01-13,-9000.0,3635341.0,748000.0,4374341.0,2785.0,95.0,297.0,0.0,,2026-07-24T11:48:56.404863+08:00
2880,2020-01-14,15000.0,2818062.0,812000.0,3645062.0,2703.0,94.0,-82.0,-1.0,,2026-07-24T11:48:56.404863+08:00
2880,2020-01-15,-561000.0,148456.0,0.0,-412544.0,2714.0,95.0,11.0,1.0,,2026-07-24T11:48:56.404863+08:00
2880,2020-01-16,-20000.0,-539872.0,32000.0,-527872.0,2515.0,95.0,-199.0,0.0,,2026-07-24T11:48:56.404863+08:00
2880,2020-01-17,83000.0,2624728.0,18000.0,2725728.0,2483.0,95.0,-32.0,0.0,,2026-07-24T11:48:56.404863+08:00
2880,2020-01-20,199000.0,2250413.0,-244000.0,2205413.0,2491.0,97.0,8.0,2.0,,2026-07-24T11:48:56.404863+08:00
2880,2020-01-30,4000.0,-12850099.0,251000.0,-12595099.0,2784.0,93.0,293.0,-4.0,,2026-07-24T11:48:56.404863+08:00
2880,2020-01-31,43000.0,-4154611.0,48000.0,-4063611.0,2794.0,105.0,10.0,12.0,,2026-07-24T11:48:56.404863+08:00
2880,2020-02-03,121000.0,1836194.0,129000.0,2086194.0,2804.0,82.0,10.0,-23.0,,2026-07-24T11:48:56.404863+08:00
2880,2020-02-04,-8000.0,-2296916.0,-5000.0,-2309916.0,2753.0,82.0,-51.0,0.0,,2026-07-24T11:48:56.404863+08:00
2880,2020-02-05,-304000.0,135000.0,19000.0,-150000.0,2786.0,82.0,33.0,0.0,,2026-07-24T11:48:56.404863+08:00
2880,2020-02-06,75000.0,2118035.0,430000.0,2623035.0,2416.0,82.0,-370.0,0.0,,2026-07-24T11:48:56.404863+08:00
2880,2020-02-07,0.0,-81161.0,14000.0,-67161.0,2374.0,86.0,-42.0,4.0,,2026-07-24T11:48:56.404863+08:00
2880,2020-02-10,66000.0,2436000.0,0.0,2502000.0,2346.0,86.0,-28.0,0.0,,2026-07-24T11:48:56.404863+08:00
2880,2020-02-11,7000.0,-1133000.0,84000.0,-1042000.0,2414.0,86.0,68.0,0.0,,2026-07-24T11:48:56.404863+08:00
2880,2020-02-12,349000.0,-1735869.0,66000.0,-1320869.0,2399.0,85.0,-15.0,-1.0,,2026-07-24T11:48:56.404863+08:00
2880,2020-02-13,0.0,-785149.0,99000.0,-686149.0,2405.0,85.0,6.0,0.0,,2026-07-24T11:48:56.404863+08:00
2880,2020-02-14,1000.0,-469840.0,66000.0,-402840.0,2447.0,85.0,42.0,0.0,,2026-07-24T11:48:56.404863+08:00
2880,2020-02-17,1000.0,237000.0,2000.0,240000.0,2341.0,84.0,-106.0,-1.0,,2026-07-24T11:48:56.404863+08:00
2880,2020-02-18,-3000.0,-1246000.0,126000.0,-1123000.0,2290.0,84.0,-51.0,0.0,,2026-07-24T11:48:56.404863+08:00
2880,2020-02-19,132000.0,2971809.0,67000.0,3170809.0,2405.0,84.0,115.0,0.0,,2026-07-24T11:48:56.404863+08:00
2880,2020-02-20,-4000.0,-3949767.0,13000.0,-3940767.0,2470.0,84.0,65.0,0.0,,2026-07-24T11:48:56.404863+08:00
2880,2020-02-21,0.0,-5522900.0,93000.0,-5429900.0,2608.0,84.0,138.0,0.0,,2026-07-24T11:48:56.404863+08:00
2880,2020-02-24,9000.0,-9179700.0,438000.0,-8732700.0,2671.0,82.0,63.0,-2.0,,2026-07-24T11:48:56.404863+08:00
2880,2020-02-25,-4000.0,-3117378.0,49000.0,-3072378.0,2695.0,82.0,24.0,0.0,,2026-07-24T11:48:56.404863+08:00
2880,2020-02-26,-13000.0,-8237000.0,245000.0,-8005000.0,2683.0,82.0,-12.0,0.0,,2026-07-24T11:48:56.404863+08:00
2880,2020-02-27,-15000.0,-3768341.0,296000.0,-3487341.0,2571.0,90.0,-112.0,8.0,,2026-07-24T11:48:56.404863+08:00
2880,2020-03-02,241000.0,-5363745.0,165000.0,-4957745.0,2697.0,79.0,126.0,-11.0,,2026-07-24T11:48:56.404863+08:00
2880,2020-03-03,-79000.0,-2194003.0,70000.0,-2203003.0,2660.0,79.0,-37.0,0.0,,2026-07-24T11:48:56.404863+08:00
2880,2020-03-04,-126000.0,2558675.0,180000.0,2612675.0,2653.0,78.0,-7.0,-1.0,,2026-07-24T11:48:56.404863+08:00
2880,2020-03-05,-2000.0,276942.0,0.0,274942.0,2675.0,77.0,22.0,-1.0,,2026-07-24T11:48:56.404863+08:00
2880,2020-03-06,-400000.0,-7286163.0,12000.0,-7674163.0,2655.0,76.0,-20.0,-1.0,,2026-07-24T11:48:56.404863+08:00
2880,2020-03-09,-158000.0,-14685315.0,762000.0,-14081315.0,2539.0,81.0,-116.0,5.0,,2026-07-24T11:48:56.404863+08:00
2880,2020-03-10,27000.0,-1794872.0,12000.0,-1755872.0,2410.0,67.0,-129.0,-14.0,,2026-07-24T11:48:56.404863+08:00
2880,2020-03-11,-1233000.0,-6077887.0,0.0,-7310887.0,2405.0,101.0,-5.0,34.0,,2026-07-24T11:48:56.404863+08:00
2880,2020-03-12,-542000.0,-8480538.0,97000.0,-8925538.0,2568.0,121.0,163.0,20.0,,2026-07-24T11:48:56.404863+08:00
2880,2020-03-13,45000.0,-2545832.0,128000.0,-2372832.0,2956.0,90.0,388.0,-31.0,,2026-07-24T11:48:56.404863+08:00
2880,2020-03-16,-925000.0,-9256983.0,-17000.0,-10198983.0,2815.0,102.0,-141.0,12.0,,2026-07-24T11:48:56.404863+08:00
2880,2020-03-17,42000.0,-6159207.0,165000.0,-5952207.0,3223.0,113.0,408.0,11.0,,2026-07-24T11:48:56.404863+08:00
2880,2020-03-18,-976000.0,-12735429.0,83000.0,-13628429.0,3510.0,132.0,287.0,19.0,,2026-07-24T11:48:56.404863+08:00
2880,2020-03-19,-58000.0,-6256439.0,78000.0,-6236439.0,3199.0,209.0,-311.0,77.0,,2026-07-24T11:48:56.404863+08:00
2880,2020-03-20,-243000.0,-17972864.0,-65194.0,-18281058.0,3013.0,176.0,-186.0,-33.0,,2026-07-24T11:48:56.404863+08:00
2880,2020-03-23,-12000.0,-3858757.0,51000.0,-3819757.0,3002.0,174.0,-11.0,-2.0,,2026-07-24T11:48:56.404863+08:00
2880,2020-03-24,-176000.0,-3744673.0,0.0,-3920673.0,3121.0,202.0,119.0,28.0,,2026-07-24T11:48:56.404863+08:00
2880,2020-03-25,-169000.0,-3495786.0,1000.0,-3663786.0,3208.0,199.0,87.0,-3.0,,2026-07-24T11:48:56.404863+08:00
2880,2020-03-26,-71000.0,3998470.0,8844.0,3936314.0,3205.0,173.0,-3.0,-26.0,,2026-07-24T11:48:56.404863+08:00
2880,2020-03-27,-84000.0,-1666948.0,10000.0,-1740948.0,2836.0,180.0,-369.0,7.0,,2026-07-24T11:48:56.404863+08:00
2880,2020-03-30,4000.0,4087378.0,0.0,4091378.0,2810.0,240.0,-26.0,60.0,,2026-07-24T11:48:56.404863+08:00
2880,2020-03-31,-48000.0,-5393769.0,0.0,-5441769.0,2792.0,248.0,-18.0,8.0,,2026-07-24T11:48:56.404863+08:00
2880,2020-04-01,-110000.0,-5251968.0,16000.0,-5345968.0,2774.0,237.0,-18.0,-11.0,,2026-07-24T11:48:56.404863+08:00
2880,2020-04-06,165000.0,2423393.0,43000.0,2631393.0,2660.0,236.0,-114.0,-1.0,,2026-07-24T11:48:56.404863+08:00
2880,2020-04-07,-27000.0,838258.0,0.0,811258.0,2556.0,233.0,-104.0,-3.0,,2026-07-24T11:48:56.404863+08:00
2880,2020-04-08,-357000.0,636990.0,0.0,279990.0,2605.0,172.0,49.0,-61.0,,2026-07-24T11:48:56.404863+08:00
2880,2020-04-09,-31000.0,-2254288.0,8000.0,-2277288.0,2614.0,149.0,9.0,-23.0,,2026-07-24T11:48:56.404863+08:00
2880,2020-04-10,-75000.0,2874000.0,26000.0,2825000.0,2764.0,150.0,150.0,1.0,,2026-07-24T11:48:56.404863+08:00
2880,2020-04-13,-307000.0,-2969430.0,-23359.0,-3299789.0,2998.0,0.0,234.0,-150.0,,2026-07-24T11:48:56.404863+08:00
2880,2020-04-14,65000.0,7351533.0,26000.0,7442533.0,3320.0,0.0,322.0,0.0,,2026-07-24T11:48:56.404863+08:00
2880,2020-04-15,-104000.0,2594521.0,0.0,2490521.0,3827.0,0.0,507.0,0.0,,2026-07-24T11:48:56.404863+08:00
2880,2020-04-16,-55000.0,-6925793.0,-7000.0,-6987793.0,3991.0,0.0,164.0,0.0,,2026-07-24T11:48:56.404863+08:00
2880,2020-04-17,16316.0,-985169.0,0.0,-968853.0,3842.0,81.0,-149.0,81.0,,2026-07-24T11:48:56.404863+08:00
2880,2020-04-20,-36000.0,-2435870.0,15000.0,-2456870.0,3914.0,80.0,72.0,-1.0,,2026-07-24T11:48:56.404863+08:00
2880,2020-04-21,-490000.0,-15308875.0,-14000.0,-15812875.0,3681.0,134.0,-233.0,54.0,,2026-07-24T11:48:56.404863+08:00
2880,2020-04-22,-377000.0,-2567000.0,-10000.0,-2954000.0,3613.0,306.0,-68.0,172.0,,2026-07-24T11:48:56.404863+08:00
2880,2020-04-23,-11000.0,-3771939.0,-15000.0,-3797939.0,3625.0,233.0,12.0,-73.0,,2026-07-24T11:48:56.404863+08:00
2880,2020-04-24,-32000.0,-6837988.0,66000.0,-6803988.0,3597.0,237.0,-28.0,4.0,,2026-07-24T11:48:56.404863+08:00
2880,2020-04-27,-45000.0,620890.0,31000.0,606890.0,3598.0,214.0,1.0,-23.0,,2026-07-24T11:48:56.404863+08:00
2880,2020-04-28,-102000.0,-2680303.0,12000.0,-2770303.0,3471.0,238.0,-127.0,24.0,,2026-07-24T11:48:56.404863+08:00
2880,2020-04-29,-411000.0,626993.0,62000.0,277993.0,3328.0,265.0,-143.0,27.0,,2026-07-24T11:48:56.404863+08:00
2880,2020-04-30,2000.0,4167449.0,93000.0,4262449.0,3389.0,262.0,61.0,-3.0,,2026-07-24T11:48:56.404863+08:00
2880,2020-05-04,74000.0,-10250482.0,94000.0,-10082482.0,3340.0,222.0,-49.0,-40.0,,2026-07-24T11:48:56.404863+08:00
2880,2020-05-05,-20000.0,-3374000.0,12000.0,-3382000.0,3532.0,260.0,192.0,38.0,,2026-07-24T11:48:56.404863+08:00
2880,2020-05-06,-404000.0,-4771383.0,12000.0,-5163383.0,3573.0,235.0,41.0,-25.0,,2026-07-24T11:48:56.404863+08:00
2880,2020-05-07,40000.0,-1520105.0,66000.0,-1414105.0,3488.0,231.0,-85.0,-4.0,,2026-07-24T11:48:56.404863+08:00
2880,2020-05-08,28000.0,-1678667.0,13000.0,-1637667.0,3348.0,231.0,-140.0,0.0,,2026-07-24T11:48:56.404863+08:00
2880,2020-05-11,1000.0,-1304152.0,25000.0,-1278152.0,3070.0,251.0,-278.0,20.0,,2026-07-24T11:48:56.404863+08:00
2880,2020-05-12,-1000.0,-8143872.0,0.0,-8144872.0,3162.0,211.0,92.0,-40.0,,2026-07-24T11:48:56.404863+08:00
2880,2020-05-13,0.0,-2309927.0,43000.0,-2266927.0,3171.0,221.0,9.0,10.0,,2026-07-24T11:48:56.404863+08:00
2880,2020-05-14,-2000.0,-5898682.0,94000.0,-5806682.0,3181.0,219.0,10.0,-2.0,,2026-07-24T11:48:56.404863+08:00
2880,2020-05-15,26000.0,-5312375.0,0.0,-5286375.0,3226.0,201.0,45.0,-18.0,,2026-07-24T11:48:56.404863+08:00
2880,2020-05-18,76000.0,-3111982.0,0.0,-3035982.0,3109.0,196.0,-117.0,-5.0,,2026-07-24T11:48:56.404863+08:00
2880,2020-05-19,192000.0,3461479.0,0.0,3653479.0,3145.0,191.0,36.0,-5.0,,2026-07-24T11:48:56.404863+08:00
2880,2020-05-20,612000.0,939000.0,25000.0,1576000.0,3079.0,195.0,-66.0,4.0,,2026-07-24T11:48:56.404863+08:00
2880,2020-05-21,-24000.0,-1480345.0,0.0,-1504345.0,2943.0,195.0,-136.0,0.0,,2026-07-24T11:48:56.404863+08:00
2880,2020-05-22,0.0,-10819000.0,6000.0,-10813000.0,3049.0,190.0,106.0,-5.0,,2026-07-24T11:48:56.404863+08:00
2880,2020-05-25,2000.0,-2236000.0,27000.0,-2207000.0,3047.0,238.0,-2.0,48.0,,2026-07-24T11:48:56.404863+08:00
2880,2020-05-26,-38000.0,4601000.0,-4000.0,4559000.0,2996.0,234.0,-51.0,-4.0,,2026-07-24T11:48:56.404863+08:00
2880,2020-05-27,9000.0,-1995605.0,0.0,-1986605.0,2944.0,212.0,-52.0,-22.0,,2026-07-24T11:48:56.404863+08:00
2880,2020-05-28,-37000.0,-3909420.0,0.0,-3946420.0,2929.0,239.0,-15.0,27.0,,2026-07-24T11:48:56.404863+08:00
2880,2020-05-29,6000.0,-1521594.0,17000.0,-1498594.0,2900.0,230.0,-29.0,-9.0,,2026-07-24T11:48:56.404863+08:00
2880,2020-06-01,104000.0,4274375.0,-26000.0,4352375.0,2876.0,238.0,-24.0,8.0,,2026-07-24T11:48:56.404863+08:00
2880,2020-06-02,-28000.0,1240740.0,0.0,1212740.0,2854.0,255.0,-22.0,17.0,,2026-07-24T11:48:56.404863+08:00
2880,2020-06-03,1442000.0,4776573.0,-29000.0,6189573.0,2831.0,268.0,-23.0,13.0,,2026-07-24T11:48:56.404863+08:00
2880,2020-06-04,-7000.0,-1816657.0,0.0,-1823657.0,2877.0,249.0,46.0,-19.0,,2026-07-24T11:48:56.404863+08:00
2880,2020-06-05,-2000.0,44201.0,0.0,42201.0,2929.0,261.0,52.0,12.0,,2026-07-24T11:48:56.404863+08:00
2880,2020-06-08,17000.0,1845657.0,-103000.0,1759657.0,2887.0,237.0,-42.0,-24.0,,2026-07-24T11:48:56.404863+08:00
2880,2020-06-09,-34000.0,598800.0,-9000.0,555800.0,2882.0,247.0,-5.0,10.0,,2026-07-24T11:48:56.404863+08:00
2880,2020-06-10,21000.0,3912140.0,-42000.0,3891140.0,2909.0,242.0,27.0,-5.0,,2026-07-24T11:48:56.404863+08:00
2880,2020-06-11,-12000.0,-2974500.0,-32000.0,-3018500.0,2936.0,252.0,27.0,10.0,,2026-07-24T11:48:56.404863+08:00
2880,2020-06-12,44000.0,-1716029.0,-51000.0,-1723029.0,2842.0,189.0,-94.0,-63.0,,2026-07-24T11:48:56.404863+08:00
2880,2020-06-15,-244000.0,-6051250.0,-6000.0,-6301250.0,2865.0,187.0,23.0,-2.0,,2026-07-24T11:48:56.404863+08:00
2880,2020-06-16,35000.0,2606067.0,0.0,2641067.0,2959.0,202.0,94.0,15.0,,2026-07-24T11:48:56.404863+08:00
2880,2020-06-17,-658000.0,2103783.0,0.0,1445783.0,2856.0,203.0,-103.0,1.0,,2026-07-24T11:48:56.404863+08:00
2880,2020-06-18,120000.0,-6176969.0,0.0,-6056969.0,2872.0,194.0,16.0,-9.0,,2026-07-24T11:48:56.404863+08:00
2880,2020-06-19,20000.0,-4707249.0,-122000.0,-4809249.0,2856.0,192.0,-16.0,-2.0,,2026-07-24T11:48:56.404863+08:00
2880,2020-06-22,0.0,-203711.0,14000.0,-189711.0,2854.0,191.0,-2.0,-1.0,,2026-07-24T11:48:56.404863+08:00
2880,2020-06-23,-8000.0,-480248.0,141000.0,-347248.0,2841.0,189.0,-13.0,-2.0,,2026-07-24T11:48:56.404863+08:00
2880,2020-06-24,-58000.0,1008768.0,74000.0,1024768.0,2865.0,187.0,24.0,-2.0,,2026-07-24T11:48:56.404863+08:00
2880,2020-06-29,-20000.0,-2450332.0,-535000.0,-3005332.0,2808.0,197.0,-57.0,10.0,,2026-07-24T11:48:56.404863+08:00
2880,2020-06-30,-3881.0,2711250.0,0.0,2707369.0,2719.0,190.0,-89.0,-7.0,,2026-07-24T11:48:56.404863+08:00
2880,2020-07-01,-117000.0,33000.0,-39000.0,-123000.0,2780.0,190.0,61.0,0.0,,2026-07-24T11:48:56.404863+08:00
2880,2020-07-02,-23000.0,2598151.0,-24000.0,2551151.0,2782.0,184.0,2.0,-6.0,,2026-07-24T11:48:56.404863+08:00
2880,2020-07-03,-8000.0,1613473.0,-58000.0,1547473.0,2780.0,183.0,-2.0,-1.0,,2026-07-24T11:48:56.404863+08:00
2880,2020-07-06,63000.0,7428347.0,-99000.0,7392347.0,3397.0,183.0,617.0,0.0,,2026-07-24T11:48:56.404863+08:00
2880,2020-07-07,-1000.0,-175035.0,-61000.0,-237035.0,2848.0,182.0,-549.0,-1.0,,2026-07-24T11:48:56.404863+08:00
2880,2020-07-08,336000.0,735070.0,-47000.0,1024070.0,2845.0,182.0,-3.0,0.0,,2026-07-24T11:48:56.404863+08:00
2880,2020-07-09,0.0,-2602143.0,-40000.0,-2642143.0,2877.0,181.0,32.0,-1.0,,2026-07-24T11:48:56.404863+08:00
2880,2020-07-10,-37000.0,-202756.0,-50000.0,-289756.0,2837.0,181.0,-40.0,0.0,,2026-07-24T11:48:56.404863+08:00
2880,2020-07-13,2000.0,35257.0,-29000.0,8257.0,2846.0,178.0,9.0,-3.0,,2026-07-24T11:48:56.404863+08:00
2880,2020-07-14,-65000.0,1414283.0,-131000.0,1218283.0,2840.0,176.0,-6.0,-2.0,,2026-07-24T11:48:56.404863+08:00
2880,2020-07-15,52000.0,3057320.0,-115000.0,2994320.0,2825.0,176.0,-15.0,0.0,,2026-07-24T11:48:56.404863+08:00
2880,2020-07-16,-110000.0,-1194125.0,52000.0,-1252125.0,2884.0,176.0,59.0,0.0,,2026-07-24T11:48:56.404863+08:00
2880,2020-07-17,0.0,1147462.0,-84000.0,1063462.0,2877.0,176.0,-7.0,0.0,,2026-07-24T11:48:56.404863+08:00
2880,2020-07-20,18000.0,-1084278.0,-84000.0,-1150278.0,2877.0,176.0,0.0,0.0,,2026-07-24T11:48:56.404863+08:00
2880,2020-07-21,-18000.0,3469110.0,-129000.0,3322110.0,2821.0,176.0,-56.0,0.0,,2026-07-24T11:48:56.404863+08:00
2880,2020-07-22,-55000.0,516632.0,-86000.0,375632.0,2768.0,173.0,-53.0,-3.0,,2026-07-24T11:48:56.404863+08:00
2880,2020-07-23,-161000.0,-2267773.0,-150000.0,-2578773.0,2790.0,173.0,22.0,0.0,,2026-07-24T11:48:56.404863+08:00
2880,2020-07-24,-331000.0,-4235455.0,-110000.0,-4676455.0,2780.0,172.0,-10.0,-1.0,,2026-07-24T11:48:56.404863+08:00
2880,2020-07-27,-102000.0,-4932946.0,-79000.0,-5113946.0,2793.0,172.0,13.0,0.0,,2026-07-24T11:48:56.404863+08:00
2880,2020-07-28,53000.0,-803285.0,-92000.0,-842285.0,2744.0,131.0,-49.0,-41.0,,2026-07-24T11:48:56.404863+08:00
2880,2020-07-29,-1286000.0,1242867.0,-1000.0,-44133.0,2926.0,156.0,182.0,25.0,,2026-07-24T11:48:56.404863+08:00
2880,2020-07-30,0.0,-496071.0,-11000.0,-507071.0,2948.0,159.0,22.0,3.0,,2026-07-24T11:48:56.404863+08:00
2880,2020-07-31,-11000.0,-3290959.0,5000.0,-3296959.0,3046.0,170.0,98.0,11.0,,2026-07-24T11:48:56.404863+08:00
2880,2020-08-03,-18000.0,-7105961.0,39000.0,-7084961.0,3222.0,169.0,176.0,-1.0,,2026-07-24T11:48:56.404863+08:00
2880,2020-08-04,79000.0,-3857377.0,11000.0,-3767377.0,3311.0,151.0,89.0,-18.0,,2026-07-24T11:48:56.404863+08:00
2880,2020-08-05,-146000.0,-2191624.0,38000.0,-2299624.0,3355.0,127.0,44.0,-24.0,,2026-07-24T11:48:56.404863+08:00
2880,2020-08-06,-53000.0,3772107.0,13000.0,3732107.0,3713.0,120.0,358.0,-7.0,,2026-07-24T11:48:56.404863+08:00
2880,2020-08-07,118000.0,-1272130.0,5000.0,-1149130.0,3711.0,0.0,-2.0,-120.0,,2026-07-24T11:48:56.404863+08:00
2880,2020-08-10,7000.0,-3273108.0,39000.0,-3227108.0,4062.0,0.0,351.0,0.0,,2026-07-24T11:48:56.404863+08:00
2880,2020-08-11,19402.0,-7931416.0,58000.0,-7854014.0,4426.0,0.0,364.0,0.0,,2026-07-24T11:48:56.404863+08:00
2880,2020-08-12,3453000.0,-3879205.0,105000.0,-321205.0,5317.0,0.0,891.0,0.0,,2026-07-24T11:48:56.404863+08:00
2880,2020-08-13,-4060000.0,-2842691.0,173000.0,-6729691.0,4636.0,150.0,-681.0,150.0,,2026-07-24T11:48:56.404863+08:00
2880,2020-08-14,-8000.0,-8600557.0,0.0,-8608557.0,4496.0,146.0,-140.0,-4.0,,2026-07-24T11:48:56.404863+08:00
2880,2020-08-17,55000.0,-1177575.0,-22000.0,-1144575.0,4441.0,155.0,-55.0,9.0,,2026-07-24T11:48:56.404863+08:00
2880,2020-08-18,28000.0,-2015440.0,0.0,-1987440.0,4274.0,154.0,-167.0,-1.0,,2026-07-24T11:48:56.404863+08:00
2880,2020-08-19,143000.0,-1568747.0,-37000.0,-1462747.0,4174.0,135.0,-100.0,-19.0,,2026-07-24T11:48:56.404863+08:00
2880,2020-08-20,-306000.0,-12191249.0,36000.0,-12461249.0,4188.0,80.0,14.0,-55.0,,2026-07-24T11:48:56.404863+08:00
2880,2020-08-21,-12000.0,-514000.0,123000.0,-403000.0,4044.0,92.0,-144.0,12.0,,2026-07-24T11:48:56.404863+08:00
2880,2020-08-24,1000.0,-3217240.0,13006.0,-3203234.0,4070.0,92.0,26.0,0.0,,2026-07-24T11:48:56.404863+08:00
2880,2020-08-25,2000.0,-556135.0,0.0,-554135.0,4106.0,91.0,36.0,-1.0,,2026-07-24T11:48:56.404863+08:00
2880,2020-08-26,0.0,-1868272.0,7000.0,-1861272.0,4154.0,89.0,48.0,-2.0,,2026-07-24T11:48:56.404863+08:00
2880,2020-08-27,2000.0,-4738583.0,0.0,-4736583.0,4274.0,87.0,120.0,-2.0,,2026-07-24T11:48:56.404863+08:00
2880,2020-08-28,0.0,-1355070.0,9000.0,-1346070.0,4235.0,99.0,-39.0,12.0,,2026-07-24T11:48:56.404863+08:00
2880,2020-08-31,56000.0,-10689772.0,4000.0,-10629772.0,4389.0,89.0,154.0,-10.0,,2026-07-24T11:48:56.404863+08:00
2880,2020-09-01,-55000.0,-5394234.0,54000.0,-5395234.0,4416.0,140.0,27.0,51.0,,2026-07-24T11:48:56.404863+08:00
2880,2020-09-02,-91000.0,-6305075.0,16000.0,-6380075.0,4407.0,140.0,-9.0,0.0,,2026-07-24T11:48:56.404863+08:00
2880,2020-09-03,135000.0,-1212729.0,-3000.0,-1080729.0,4506.0,151.0,99.0,11.0,,2026-07-24T11:48:56.404863+08:00
2880,2020-09-04,12000.0,-8511471.0,3000.0,-8496471.0,4381.0,168.0,-125.0,17.0,,2026-07-24T11:48:56.404863+08:00
2880,2020-09-07,202000.0,-390664.0,4000.0,-184664.0,4426.0,189.0,45.0,21.0,,2026-07-24T11:48:56.404863+08:00
2880,2020-09-08,-14000.0,217062.0,0.0,203062.0,4434.0,188.0,8.0,-1.0,,2026-07-24T11:48:56.404863+08:00
2880,2020-09-09,-129000.0,-4218000.0,6000.0,-4341000.0,4493.0,118.0,59.0,-70.0,,2026-07-24T11:48:56.404863+08:00
2880,2020-09-10,21000.0,-1311052.0,1000.0,-1289052.0,4527.0,117.0,34.0,-1.0,,2026-07-24T11:48:56.404863+08:00
2880,2020-09-11,-200000.0,1749872.0,14000.0,1563872.0,4586.0,76.0,59.0,-41.0,,2026-07-24T11:48:56.404863+08:00
2880,2020-09-14,20648.0,1217719.0,0.0,1238367.0,4561.0,70.0,-25.0,-6.0,,2026-07-24T11:48:56.404863+08:00
2880,2020-09-15,64000.0,1092301.0,-7893.0,1148408.0,4540.0,67.0,-21.0,-3.0,,2026-07-24T11:48:56.404863+08:00
2880,2020-09-16,-130000.0,1226725.0,236000.0,1332725.0,4525.0,50.0,-15.0,-17.0,,2026-07-24T11:48:56.404863+08:00
2880,2020-09-17,-77000.0,-3437542.0,-27864.0,-3542406.0,4550.0,41.0,25.0,-9.0,,2026-07-24T11:48:56.404863+08:00
2880,2020-09-18,-63000.0,2909444.0,-268000.0,2578444.0,4535.0,45.0,-15.0,4.0,,2026-07-24T11:48:56.404863+08:00
2880,2020-09-21,-289847.0,-3300344.0,-7450.0,-3597641.0,4610.0,46.0,75.0,1.0,,2026-07-24T11:48:56.404863+08:00
2880,2020-09-22,-168592.0,-4290816.0,-43000.0,-4502408.0,4324.0,49.0,-286.0,3.0,,2026-07-24T11:48:56.404863+08:00
2880,2020-09-23,-1070000.0,-3537435.0,-26738.0,-4634173.0,4315.0,54.0,-9.0,5.0,,2026-07-24T11:48:56.404863+08:00
2880,2020-09-24,8000.0,-14286241.0,0.0,-14278241.0,4340.0,69.0,25.0,15.0,,2026-07-24T11:48:56.404863+08:00
2880,2020-09-25,-23000.0,1292036.0,79000.0,1348036.0,4019.0,200.0,-321.0,131.0,,2026-07-24T11:48:56.404863+08:00
2880,2020-09-28,-49000.0,777370.0,0.0,728370.0,4188.0,355.0,169.0,155.0,,2026-07-24T11:48:56.404863+08:00
2880,2020-09-29,0.0,-713166.0,0.0,-713166.0,4216.0,399.0,28.0,44.0,,2026-07-24T11:48:56.404863+08:00
2880,2020-09-30,51000.0,-253927.0,0.0,-202927.0,4137.0,399.0,-79.0,0.0,,2026-07-24T11:48:56.404863+08:00
2880,2020-10-05,50000.0,-861526.0,0.0,-811526.0,4087.0,306.0,-50.0,-93.0,,2026-07-24T11:48:56.404863+08:00
2880,2020-10-06,2000.0,69240.0,19000.0,90240.0,4093.0,307.0,6.0,1.0,,2026-07-24T11:48:56.404863+08:00
2880,2020-10-07,-36000.0,-2370894.0,-8000.0,-2414894.0,4084.0,283.0,-9.0,-24.0,,2026-07-24T11:48:56.404863+08:00
2880,2020-10-08,8000.0,-684439.0,-14000.0,-690439.0,3973.0,283.0,-111.0,0.0,,2026-07-24T11:48:56.404863+08:00
2880,2020-10-12,2000.0,-2263482.0,-57000.0,-2318482.0,4101.0,291.0,128.0,8.0,,2026-07-24T11:48:56.404863+08:00
2880,2020-10-13,-3000.0,-4690846.0,-8000.0,-4701846.0,4022.0,294.0,-79.0,3.0,,2026-07-24T11:48:56.404863+08:00
2880,2020-10-14,-322000.0,-653983.0,0.0,-975983.0,4022.0,305.0,0.0,11.0,,2026-07-24T11:48:56.404863+08:00
2880,2020-10-15,-71000.0,-2597351.0,0.0,-2668351.0,4047.0,76.0,25.0,-229.0,,2026-07-24T11:48:56.404863+08:00
2880,2020-10-16,-20000.0,-4655185.0,14000.0,-4661185.0,4084.0,76.0,37.0,0.0,,2026-07-24T11:48:56.404863+08:00
2880,2020-10-19,54000.0,-288720.0,0.0,-234720.0,4080.0,67.0,-4.0,-9.0,,2026-07-24T11:48:56.404863+08:00
2880,2020-10-20,6000.0,-3776049.0,0.0,-3770049.0,4085.0,60.0,5.0,-7.0,,2026-07-24T11:48:56.404863+08:00
2880,2020-10-21,-1051000.0,-2738000.0,271000.0,-3518000.0,4068.0,61.0,-17.0,1.0,,2026-07-24T11:48:56.404863+08:00
2880,2020-10-22,52000.0,-996617.0,0.0,-944617.0,4081.0,82.0,13.0,21.0,,2026-07-24T11:48:56.404863+08:00
2880,2020-10-23,-355000.0,-3018000.0,517000.0,-2856000.0,4086.0,62.0,5.0,-20.0,,2026-07-24T11:48:56.404863+08:00
2880,2020-10-26,-38600.0,20061.0,0.0,-18539.0,4198.0,62.0,112.0,0.0,,2026-07-24T11:48:56.404863+08:00
2880,2020-10-27,10824.0,-1850124.0,0.0,-1839300.0,4066.0,62.0,-132.0,0.0,,2026-07-24T11:48:56.404863+08:00
2880,2020-10-28,-1253002.0,-874426.0,-29000.0,-2156428.0,4055.0,62.0,-11.0,0.0,,2026-07-24T11:48:56.404863+08:00
2880,2020-10-29,3002.0,-7382563.0,17000.0,-7362561.0,4114.0,60.0,59.0,-2.0,,2026-07-24T11:48:56.404863+08:00
2880,2020-10-30,-366075.0,-5398995.0,0.0,-5765070.0,4118.0,60.0,4.0,0.0,,2026-07-24T11:48:56.404863+08:00
2880,2020-11-02,-29000.0,1619400.0,0.0,1590400.0,4095.0,78.0,-23.0,18.0,,2026-07-24T11:48:56.404863+08:00
2880,2020-11-03,-30000.0,1585207.0,2000.0,1557207.0,4053.0,78.0,-42.0,0.0,,2026-07-24T11:48:56.404863+08:00
2880,2020-11-04,-24000.0,-833569.0,47000.0,-810569.0,4167.0,78.0,114.0,0.0,,2026-07-24T11:48:56.404863+08:00
2880,2020-11-05,-149156.0,2696772.0,13000.0,2560616.0,4136.0,96.0,-31.0,18.0,,2026-07-24T11:48:56.404863+08:00
2880,2020-11-06,-20000.0,2651255.0,-6000.0,2625255.0,4124.0,96.0,-12.0,0.0,,2026-07-24T11:48:56.404863+08:00
2880,2020-11-09,-3000.0,4301600.0,-15000.0,4283600.0,4036.0,92.0,-88.0,-4.0,,2026-07-24T11:48:56.404863+08:00
2880,2020-11-10,-43000.0,4855937.0,0.0,4812937.0,4033.0,142.0,-3.0,50.0,,2026-07-24T11:48:56.404863+08:00
2880,2020-11-11,670000.0,7172725.0,-42000.0,7800725.0,4181.0,145.0,148.0,3.0,,2026-07-24T11:48:56.404863+08:00
2880,2020-11-12,516743.0,-516781.0,-22000.0,-22038.0,4153.0,147.0,-28.0,2.0,,2026-07-24T11:48:56.404863+08:00
2880,2020-11-13,12000.0,1788752.0,0.0,1800752.0,4149.0,136.0,-4.0,-11.0,,2026-07-24T11:48:56.404863+08:00
2880,2020-11-16,-15000.0,5305386.0,19000.0,5309386.0,4122.0,111.0,-27.0,-25.0,,2026-07-24T11:48:56.404863+08:00
2880,2020-11-17,-5000.0,2268000.0,0.0,2263000.0,4085.0,131.0,-37.0,20.0,,2026-07-24T11:48:56.404863+08:00
2880,2020-11-18,-49000.0,5945885.0,-15000.0,5881885.0,4067.0,139.0,-18.0,8.0,,2026-07-24T11:48:56.404863+08:00
2880,2020-11-19,13000.0,-343819.0,-87000.0,-417819.0,4058.0,139.0,-9.0,0.0,,2026-07-24T11:48:56.404863+08:00
2880,2020-11-20,4000.0,-1338400.0,70000.0,-1264400.0,4051.0,99.0,-7.0,-40.0,,2026-07-24T11:48:56.404863+08:00
2880,2020-11-23,1000.0,900860.0,49000.0,950860.0,4052.0,130.0,1.0,31.0,,2026-07-24T11:48:56.404863+08:00
2880,2020-11-24,82000.0,-2606371.0,19000.0,-2505371.0,4060.0,119.0,8.0,-11.0,,2026-07-24T11:48:56.404863+08:00
2880,2020-11-25,68000.0,-481700.0,6000.0,-407700.0,4065.0,87.0,5.0,-32.0,,2026-07-24T11:48:56.404863+08:00
2880,2020-11-26,-1000.0,-375300.0,70000.0,-306300.0,4069.0,88.0,4.0,1.0,,2026-07-24T11:48:56.404863+08:00
2880,2020-11-27,-156000.0,-2835515.0,6000.0,-2985515.0,4268.0,91.0,199.0,3.0,,2026-07-24T11:48:56.404863+08:00
2880,2020-11-30,197000.0,-8105888.0,17000.0,-7891888.0,4439.0,93.0,171.0,2.0,,2026-07-24T11:48:56.404863+08:00
2880,2020-12-01,-5000.0,-2041924.0,172000.0,-1874924.0,4448.0,92.0,9.0,-1.0,,2026-07-24T11:48:56.404863+08:00
2880,2020-12-02,98000.0,-1646000.0,3000.0,-1545000.0,4457.0,94.0,9.0,2.0,,2026-07-24T11:48:56.404863+08:00
2880,2020-12-03,-4000.0,-2122593.0,0.0,-2126593.0,4361.0,93.0,-96.0,-1.0,,2026-07-24T11:48:56.404863+08:00
2880,2020-12-04,-21000.0,2831344.0,0.0,2810344.0,4174.0,90.0,-187.0,-3.0,,2026-07-24T11:48:56.404863+08:00
2880,2020-12-07,-62000.0,-4316308.0,64000.0,-4314308.0,4332.0,87.0,158.0,-3.0,,2026-07-24T11:48:56.404863+08:00
2880,2020-12-08,522000.0,-8595900.0,6000.0,-8067900.0,4409.0,48.0,77.0,-39.0,,2026-07-24T11:48:56.404863+08:00
2880,2020-12-09,219579.0,-2145270.0,40000.0,-1885691.0,4438.0,61.0,29.0,13.0,,2026-07-24T11:48:56.404863+08:00
2880,2020-12-10,-344000.0,-1787802.0,32000.0,-2099802.0,4542.0,51.0,104.0,-10.0,,2026-07-24T11:48:56.404863+08:00
2880,2020-12-11,-76000.0,-2854724.0,12750.0,-2917974.0,4460.0,31.0,-82.0,-20.0,,2026-07-24T11:48:56.404863+08:00
2880,2020-12-14,-245000.0,-1867071.0,13230.0,-2098841.0,4472.0,31.0,12.0,0.0,,2026-07-24T11:48:56.404863+08:00
2880,2020-12-15,-88000.0,-8673804.0,39050.0,-8722754.0,4357.0,28.0,-115.0,-3.0,,2026-07-24T11:48:56.404863+08:00
2880,2020-12-16,-285415.0,1603931.0,0.0,1318516.0,4403.0,23.0,46.0,-5.0,,2026-07-24T11:48:56.404863+08:00
2880,2020-12-17,-87000.0,-679651.0,-6000.0,-772651.0,4350.0,34.0,-53.0,11.0,,2026-07-24T11:48:56.404863+08:00
2880,2020-12-18,-42081.0,-5863284.0,358450.0,-5546915.0,4450.0,89.0,100.0,55.0,,2026-07-24T11:48:56.404863+08:00
2880,2020-12-21,-85000.0,3183004.0,6000.0,3104004.0,4432.0,64.0,-18.0,-25.0,,2026-07-24T11:48:56.404863+08:00
2880,2020-12-22,-88000.0,-1861263.0,-3200.0,-1952463.0,4443.0,66.0,11.0,2.0,,2026-07-24T11:48:56.404863+08:00
2880,2020-12-23,-229000.0,-2526053.0,0.0,-2755053.0,4477.0,33.0,34.0,-33.0,,2026-07-24T11:48:56.404863+08:00
2880,2020-12-24,-72000.0,-145000.0,39740.0,-177260.0,4491.0,33.0,14.0,0.0,,2026-07-24T11:48:56.404863+08:00
2880,2020-12-25,-187000.0,1567000.0,40000.0,1420000.0,4457.0,33.0,-34.0,0.0,,2026-07-24T11:48:56.404863+08:00
2880,2020-12-28,-481000.0,1203944.0,0.0,722944.0,4506.0,33.0,49.0,0.0,,2026-07-24T11:48:56.404863+08:00
2880,2020-12-29,-143000.0,582489.0,11090.0,450579.0,4489.0,33.0,-17.0,0.0,,2026-07-24T11:48:56.404863+08:00
2880,2020-12-30,870231.0,10110799.0,0.0,10981030.0,4458.0,87.0,-31.0,54.0,,2026-07-24T11:48:56.404863+08:00
2880,2020-12-31,-26000.0,1970171.0,73000.0,2017171.0,4377.0,70.0,-81.0,-17.0,,2026-07-24T11:48:56.404863+08:00
2880,2021-01-04,66000.0,364212.0,12800.0,443012.0,4270.0,39.0,-107.0,-31.0,,2026-07-24T11:48:56.404863+08:00
2880,2021-01-05,-298000.0,714109.0,45840.0,461949.0,4271.0,38.0,1.0,-1.0,,2026-07-24T11:48:56.404863+08:00
2880,2021-01-06,-909000.0,-1564923.0,0.0,-2473923.0,4238.0,37.0,-33.0,-1.0,,2026-07-24T11:48:56.404863+08:00
2880,2021-01-07,-96000.0,3126500.0,31890.0,3062390.0,4275.0,37.0,37.0,0.0,,2026-07-24T11:48:56.404863+08:00
2880,2021-01-08,-187299.0,8653751.0,38920.0,8505372.0,4309.0,38.0,34.0,1.0,,2026-07-24T11:48:56.404863+08:00
2880,2021-01-11,-20392.0,2177700.0,45450.0,2202758.0,4291.0,38.0,-18.0,0.0,,2026-07-24T11:48:56.404863+08:00
2880,2021-01-12,249000.0,-2645886.0,0.0,-2396886.0,4292.0,37.0,1.0,-1.0,,2026-07-24T11:48:56.404863+08:00
2880,2021-01-13,424000.0,4020232.0,35000.0,4479232.0,4378.0,39.0,86.0,2.0,,2026-07-24T11:48:56.404863+08:00
2880,2021-01-14,-23000.0,1583461.0,61000.0,1621461.0,4331.0,41.0,-47.0,2.0,,2026-07-24T11:48:56.404863+08:00
2880,2021-01-15,434000.0,-4396700.0,7000.0,-3955700.0,4303.0,39.0,-28.0,-2.0,,2026-07-24T11:48:56.404863+08:00
2880,2021-01-18,194000.0,-2367796.0,67250.0,-2106546.0,4291.0,39.0,-12.0,0.0,,2026-07-24T11:48:56.404863+08:00
2880,2021-01-19,3000.0,-818469.0,119000.0,-696469.0,4411.0,39.0,120.0,0.0,,2026-07-24T11:48:56.404863+08:00
2880,2021-01-20,486591.0,-13685277.0,15000.0,-13183686.0,4333.0,36.0,-78.0,-3.0,,2026-07-24T11:48:56.404863+08:00
2880,2021-01-21,11000.0,-3235891.0,-425000.0,-3649891.0,4360.0,37.0,27.0,1.0,,2026-07-24T11:48:56.404863+08:00
2880,2021-01-22,725000.0,-9980100.0,25000.0,-9230100.0,4301.0,37.0,-59.0,0.0,,2026-07-24T11:48:56.404863+08:00
2880,2021-01-25,-69000.0,-777484.0,91990.0,-754494.0,4370.0,37.0,69.0,0.0,,2026-07-24T11:48:56.404863+08:00
2880,2021-01-26,-38000.0,-3920494.0,58000.0,-3900494.0,4362.0,37.0,-8.0,0.0,,2026-07-24T11:48:56.404863+08:00
2880,2021-01-27,81000.0,-8214338.0,16000.0,-8117338.0,4334.0,37.0,-28.0,0.0,,2026-07-24T11:48:56.404863+08:00
2880,2021-01-28,304000.0,-9536462.0,21000.0,-9211462.0,4392.0,37.0,58.0,0.0,,2026-07-24T11:48:56.404863+08:00
2880,2021-01-29,314000.0,-14907392.0,6000.0,-14587392.0,4342.0,35.0,-50.0,-2.0,,2026-07-24T11:48:56.404863+08:00
2880,2021-02-01,-27000.0,-819692.0,13000.0,-833692.0,4297.0,35.0,-45.0,0.0,,2026-07-24T11:48:56.404863+08:00
2880,2021-02-02,-83000.0,-2323474.0,13000.0,-2393474.0,4356.0,35.0,59.0,0.0,,2026-07-24T11:48:56.404863+08:00
2880,2021-02-03,-213000.0,-506217.0,0.0,-719217.0,4294.0,38.0,-62.0,3.0,,2026-07-24T11:48:56.404863+08:00
2880,2021-02-04,-40000.0,-1296223.0,32000.0,-1304223.0,4288.0,38.0,-6.0,0.0,,2026-07-24T11:48:56.404863+08:00
2880,2021-02-05,1000.0,-1209316.0,28000.0,-1180316.0,4199.0,37.0,-89.0,-1.0,,2026-07-24T11:48:56.404863+08:00
2880,2021-02-17,-295000.0,3520296.0,0.0,3225296.0,4380.0,37.0,181.0,0.0,,2026-07-24T11:48:56.404863+08:00
2880,2021-02-18,-176000.0,1714346.0,64000.0,1602346.0,4381.0,41.0,1.0,4.0,,2026-07-24T11:48:56.404863+08:00
2880,2021-02-19,-12319.0,-1810001.0,51000.0,-1771320.0,4365.0,41.0,-16.0,0.0,,2026-07-24T11:48:56.404863+08:00
2880,2021-02-22,80000.0,2080000.0,25000.0,2185000.0,4319.0,41.0,-46.0,0.0,,2026-07-24T11:48:56.404863+08:00
2880,2021-02-23,-475000.0,6768684.0,-64000.0,6229684.0,4324.0,44.0,5.0,3.0,,2026-07-24T11:48:56.404863+08:00
2880,2021-02-24,-146000.0,3472355.0,45000.0,3371355.0,4279.0,45.0,-45.0,1.0,,2026-07-24T11:48:56.404863+08:00
2880,2021-02-25,-85000.0,8083900.0,-128000.0,7870900.0,4270.0,45.0,-9.0,0.0,,2026-07-24T11:48:56.404863+08:00
2880,2021-02-26,26000.0,-7444778.0,207000.0,-7211778.0,4129.0,44.0,-141.0,-1.0,,2026-07-24T11:48:56.404863+08:00
2880,2021-03-02,245000.0,-3309725.0,77000.0,-2987725.0,4024.0,43.0,-105.0,-1.0,,2026-07-24T11:48:56.404863+08:00
2880,2021-03-03,696000.0,5907873.0,163000.0,6766873.0,4090.0,42.0,66.0,-1.0,,2026-07-24T11:48:56.404863+08:00
2880,2021-03-04,-60000.0,-6186300.0,33000.0,-6213300.0,4060.0,47.0,-30.0,5.0,,2026-07-24T11:48:56.404863+08:00
2880,2021-03-05,-18000.0,-4208671.0,222000.0,-4004671.0,4076.0,47.0,16.0,0.0,,2026-07-24T11:48:56.404863+08:00
2880,2021-03-08,-71000.0,-3395387.0,28000.0,-3438387.0,4081.0,47.0,5.0,0.0,,2026-07-24T11:48:56.404863+08:00
2880,2021-03-09,-437000.0,6026266.0,89000.0,5678266.0,4158.0,58.0,77.0,11.0,,2026-07-24T11:48:56.404863+08:00
2880,2021-03-10,-392000.0,-589934.0,13000.0,-968934.0,4181.0,58.0,23.0,0.0,,2026-07-24T11:48:56.404863+08:00
2880,2021-03-11,142436.0,432065.0,26000.0,600501.0,4156.0,58.0,-25.0,0.0,,2026-07-24T11:48:56.404863+08:00
2880,2021-03-12,-77480.0,559280.0,22000.0,503800.0,4161.0,58.0,5.0,0.0,,2026-07-24T11:48:56.404863+08:00
2880,2021-03-15,-159956.0,-1779595.0,12000.0,-1927551.0,4280.0,58.0,119.0,0.0,,2026-07-24T11:48:56.404863+08:00
2880,2021-03-16,-428070.0,6016312.0,31000.0,5619242.0,4312.0,62.0,32.0,4.0,,2026-07-24T11:48:56.404863+08:00
2880,2021-03-17,-425930.0,-6403654.0,0.0,-6829584.0,4372.0,59.0,60.0,-3.0,,2026-07-24T11:48:56.404863+08:00
2880,2021-03-18,-36000.0,-2945491.0,30000.0,-2951491.0,4359.0,59.0,-13.0,0.0,,2026-07-24T11:48:56.404863+08:00
2880,2021-03-19,70053.0,-6906935.0,156828.0,-6680054.0,4383.0,58.0,24.0,-1.0,,2026-07-24T11:48:56.404863+08:00
2880,2021-03-22,11947.0,-3756606.0,-124000.0,-3868659.0,4468.0,58.0,85.0,0.0,,2026-07-24T11:48:56.404863+08:00
2880,2021-03-23,-264000.0,-1539933.0,-203000.0,-2006933.0,4468.0,58.0,0.0,0.0,,2026-07-24T11:48:56.404863+08:00
2880,2021-03-24,-223000.0,-286246.0,-94000.0,-603246.0,4467.0,58.0,-1.0,0.0,,2026-07-24T11:48:56.404863+08:00
2880,2021-03-25,-244591.0,658433.0,-153000.0,260842.0,4553.0,56.0,86.0,-2.0,,2026-07-24T11:48:56.404863+08:00
2880,2021-03-26,63591.0,-2074526.0,6000.0,-2004935.0,4458.0,44.0,-95.0,-12.0,,2026-07-24T11:48:56.404863+08:00
2880,2021-03-29,-201000.0,1218570.0,0.0,1017570.0,4439.0,44.0,-19.0,0.0,,2026-07-24T11:48:56.404863+08:00
2880,2021-03-30,-194000.0,5581414.0,41477.0,5428891.0,4388.0,44.0,-51.0,0.0,,2026-07-24T11:48:56.404863+08:00
2880,2021-03-31,-61620.0,-1282130.0,-6646.0,-1350396.0,4380.0,69.0,-8.0,25.0,,2026-07-24T11:48:56.404863+08:00
2880,2021-04-01,-25000.0,2468330.0,14972.0,2458302.0,4367.0,67.0,-13.0,-2.0,,2026-07-24T11:48:56.404863+08:00
2880,2021-04-06,-132393.0,536300.0,-7457.0,396450.0,4395.0,62.0,28.0,-5.0,,2026-07-24T11:48:56.404863+08:00
2880,2021-04-07,145917.0,-338573.0,0.0,-192656.0,4348.0,62.0,-47.0,0.0,,2026-07-24T11:48:56.404863+08:00
2880,2021-04-08,-49000.0,-2691904.0,0.0,-2740904.0,4338.0,64.0,-10.0,2.0,,2026-07-24T11:48:56.404863+08:00
2880,2021-04-09,43000.0,-2798158.0,0.0,-2755158.0,4276.0,39.0,-62.0,-25.0,,2026-07-24T11:48:56.404863+08:00
2880,2021-04-12,-28000.0,-1109400.0,-163816.0,-1301216.0,4450.0,28.0,174.0,-11.0,,2026-07-24T11:48:56.404863+08:00
2880,2021-04-13,-449000.0,1956200.0,-16955.0,1490245.0,4413.0,48.0,-37.0,20.0,,2026-07-24T11:48:56.404863+08:00
2880,2021-04-14,-125000.0,6618895.0,1332.0,6495227.0,4528.0,58.0,115.0,10.0,,2026-07-24T11:48:56.404863+08:00
2880,2021-04-15,-45000.0,575640.0,0.0,530640.0,4666.0,63.0,138.0,5.0,,2026-07-24T11:48:56.404863+08:00
2880,2021-04-16,16000.0,-704818.0,0.0,-688818.0,4367.0,56.0,-299.0,-7.0,,2026-07-24T11:48:56.404863+08:00
2880,2021-04-19,-59000.0,5394385.0,35289.0,5370674.0,4507.0,0.0,140.0,-56.0,,2026-07-24T11:48:56.404863+08:00
2880,2021-04-20,-36000.0,4514687.0,-22422.0,4456265.0,4495.0,0.0,-12.0,0.0,,2026-07-24T11:48:56.404863+08:00
2880,2021-04-21,-50000.0,-4892665.0,9363.0,-4933302.0,4693.0,0.0,198.0,0.0,,2026-07-24T11:48:56.404863+08:00
2880,2021-04-22,-62904.0,5279001.0,2134.0,5218231.0,4617.0,0.0,-76.0,0.0,,2026-07-24T11:48:56.404863+08:00
2880,2021-04-23,0.0,-619952.0,298488.0,-321464.0,4637.0,0.0,20.0,0.0,,2026-07-24T11:48:56.404863+08:00
2880,2021-04-26,-172044.0,4452030.0,0.0,4279986.0,4621.0,3.0,-16.0,3.0,,2026-07-24T11:48:56.404863+08:00
2880,2021-04-27,20044.0,-6801279.0,-207000.0,-6988235.0,4882.0,20.0,261.0,17.0,,2026-07-24T11:48:56.404863+08:00
2880,2021-04-28,-244630.0,41008.0,-12422.0,-216044.0,4727.0,30.0,-155.0,10.0,,2026-07-24T11:48:56.404863+08:00
2880,2021-04-29,-88000.0,2391282.0,-36179.0,2267103.0,4949.0,29.0,222.0,-1.0,,2026-07-24T11:48:56.404863+08:00
2880,2021-05-03,215630.0,-814618.0,-163170.0,-762158.0,5030.0,26.0,81.0,-3.0,,2026-07-24T11:48:56.404863+08:00
2880,2021-05-04,221032.0,2687054.0,15251.0,2923337.0,4956.0,13.0,-74.0,-13.0,,2026-07-24T11:48:56.404863+08:00
2880,2021-05-05,-296488.0,-2911570.0,8021.0,-3200037.0,5012.0,23.0,56.0,10.0,,2026-07-24T11:48:56.404863+08:00
2880,2021-05-06,-171000.0,4755106.0,47099.0,4631205.0,5069.0,8.0,57.0,-15.0,,2026-07-24T11:48:56.404863+08:00
2880,2021-05-07,-21000.0,-142795.0,14078.0,-149717.0,5216.0,6.0,147.0,-2.0,,2026-07-24T11:48:56.404863+08:00
2880,2021-05-10,4000.0,6680725.0,-190461.0,6494264.0,4982.0,6.0,-234.0,0.0,,2026-07-24T11:48:56.404863+08:00
2880,2021-05-11,-246143.0,-1313409.0,184391.0,-1375161.0,4928.0,6.0,-54.0,0.0,,2026-07-24T11:48:56.404863+08:00
2880,2021-05-12,266599.0,-11015522.0,247356.0,-10501567.0,4780.0,3.0,-148.0,-3.0,,2026-07-24T11:48:56.404863+08:00
2880,2021-05-13,-150000.0,-6326339.0,52872.0,-6423467.0,4845.0,4.0,65.0,1.0,,2026-07-24T11:48:56.404863+08:00
2880,2021-05-14,-174461.0,-3111000.0,195721.0,-3089740.0,4695.0,4.0,-150.0,0.0,,2026-07-24T11:48:56.404863+08:00
2880,2021-05-17,595461.0,-2211860.0,39949.0,-1576450.0,4678.0,17.0,-17.0,13.0,,2026-07-24T11:48:56.404863+08:00
2880,2021-05-18,-137250.0,1784200.0,41000.0,1687950.0,5170.0,5.0,492.0,-12.0,,2026-07-24T11:48:56.404863+08:00
2880,2021-05-19,-77517.0,-2956073.0,-123458.0,-3157048.0,5193.0,0.0,23.0,-5.0,,2026-07-24T11:48:56.404863+08:00
2880,2021-05-20,-24233.0,-3074190.0,542.0,-3097881.0,5204.0,0.0,11.0,0.0,,2026-07-24T11:48:56.404863+08:00
2880,2021-05-21,-92000.0,775600.0,0.0,683600.0,4162.0,5.0,-1042.0,5.0,,2026-07-24T11:48:56.404863+08:00
2880,2021-05-24,10000.0,-3337745.0,542.0,-3327203.0,4276.0,9.0,114.0,4.0,,2026-07-24T11:48:56.404863+08:00
2880,2021-05-25,0.0,-1953700.0,-170000.0,-2123700.0,4294.0,3.0,18.0,-6.0,,2026-07-24T11:48:56.404863+08:00
2880,2021-05-26,190000.0,-625300.0,7000.0,-428300.0,4315.0,1.0,21.0,-2.0,,2026-07-24T11:48:56.404863+08:00
2880,2021-05-27,-90660.0,-3278426.0,10271.0,-3358815.0,4198.0,1.0,-117.0,0.0,,2026-07-24T11:48:56.404863+08:00
2880,2021-05-28,-36000.0,-535318.0,0.0,-571318.0,4273.0,85.0,75.0,84.0,,2026-07-24T11:48:56.404863+08:00
2880,2021-05-31,-88000.0,1778000.0,-160089.0,1529911.0,4437.0,85.0,164.0,0.0,,2026-07-24T11:48:56.404863+08:00
2880,2021-06-01,-24000.0,809400.0,0.0,785400.0,4241.0,85.0,-196.0,0.0,,2026-07-24T11:48:56.404863+08:00
2880,2021-06-02,797000.0,2939024.0,-118.0,3735906.0,4240.0,85.0,-1.0,0.0,,2026-07-24T11:48:56.404863+08:00
2880,2021-06-03,-2000.0,203230.0,-281.0,200949.0,4230.0,85.0,-10.0,0.0,,2026-07-24T11:48:56.404863+08:00
2880,2021-06-04,24000.0,-553200.0,-137.0,-529337.0,4217.0,85.0,-13.0,0.0,,2026-07-24T11:48:56.404863+08:00
2880,2021-06-07,49775.0,-4106572.0,8845.0,-4047952.0,4218.0,85.0,1.0,0.0,,2026-07-24T11:48:56.404863+08:00
2880,2021-06-08,-54000.0,189932.0,13000.0,148932.0,4230.0,85.0,12.0,0.0,,2026-07-24T11:48:56.404863+08:00
2880,2021-06-09,-23120.0,-2144269.0,0.0,-2167389.0,4217.0,85.0,-13.0,0.0,,2026-07-24T11:48:56.404863+08:00
2880,2021-06-10,31000.0,-640700.0,0.0,-609700.0,4183.0,85.0,-34.0,0.0,,2026-07-24T11:48:56.404863+08:00
2880,2021-06-11,-30000.0,-43709.0,53000.0,-20709.0,4120.0,84.0,-63.0,-1.0,,2026-07-24T11:48:56.404863+08:00
2880,2021-06-15,33000.0,-1056238.0,0.0,-1023238.0,4057.0,84.0,-63.0,0.0,,2026-07-24T11:48:56.404863+08:00
2880,2021-06-16,1563000.0,-3045000.0,-161000.0,-1643000.0,4260.0,2.0,203.0,-82.0,,2026-07-24T11:48:56.404863+08:00
2880,2021-06-17,0.0,-4376168.0,0.0,-4376168.0,4265.0,2.0,5.0,0.0,,2026-07-24T11:48:56.404863+08:00
2880,2021-06-18,22000.0,-6913005.0,-1778000.0,-8669005.0,4254.0,2.0,-11.0,0.0,,2026-07-24T11:48:56.404863+08:00
2880,2021-06-21,-269000.0,-5200785.0,107137.0,-5362648.0,4328.0,3.0,74.0,1.0,,2026-07-24T11:48:56.404863+08:00
2880,2021-06-22,47000.0,-1214680.0,-203000.0,-1370680.0,4345.0,4.0,17.0,1.0,,2026-07-24T11:48:56.404863+08:00
2880,2021-06-23,3131000.0,434889.0,51000.0,3616889.0,4347.0,1.0,2.0,-3.0,,2026-07-24T11:48:56.404863+08:00
2880,2021-06-24,563000.0,1035000.0,52000.0,1650000.0,4343.0,23.0,-4.0,22.0,,2026-07-24T11:48:56.404863+08:00
2880,2021-06-25,784000.0,1256715.0,25000.0,2065715.0,4323.0,25.0,-20.0,2.0,,2026-07-24T11:48:56.404863+08:00
2880,2021-06-28,127000.0,1153061.0,0.0,1280061.0,4233.0,28.0,-90.0,3.0,,2026-07-24T11:48:56.404863+08:00
2880,2021-06-29,116415.0,-2125377.0,9000.0,-1999962.0,4322.0,25.0,89.0,-3.0,,2026-07-24T11:48:56.404863+08:00
2880,2021-06-30,379000.0,-1306847.0,0.0,-927847.0,4343.0,27.0,21.0,2.0,,2026-07-24T11:48:56.404863+08:00
2880,2021-07-01,-15000.0,-1787485.0,3000.0,-1799485.0,4331.0,27.0,-12.0,0.0,,2026-07-24T11:48:56.404863+08:00
2880,2021-07-02,75000.0,-1386183.0,-6000.0,-1317183.0,4330.0,29.0,-1.0,2.0,,2026-07-24T11:48:56.404863+08:00
2880,2021-07-05,116000.0,2378749.0,-165416.0,2329333.0,4305.0,28.0,-25.0,-1.0,,2026-07-24T11:48:56.404863+08:00
2880,2021-07-06,461000.0,1385505.0,0.0,1846505.0,4198.0,28.0,-107.0,0.0,,2026-07-24T11:48:56.404863+08:00
2880,2021-07-07,-54000.0,-1848779.0,0.0,-1902779.0,4566.0,25.0,368.0,-3.0,,2026-07-24T11:48:56.404863+08:00
2880,2021-07-08,-23000.0,-38248.0,10365.0,-50883.0,4579.0,26.0,13.0,1.0,,2026-07-24T11:48:56.404863+08:00
2880,2021-07-09,-42000.0,966400.0,8000.0,932400.0,4598.0,7.0,19.0,-19.0,,2026-07-24T11:48:56.404863+08:00
2880,2021-07-12,26000.0,-3497114.0,-174000.0,-3645114.0,4468.0,15.0,-130.0,8.0,,2026-07-24T11:48:56.404863+08:00
2880,2021-07-13,303000.0,3122625.0,-853.0,3424772.0,4558.0,15.0,90.0,0.0,,2026-07-24T11:48:56.404863+08:00
2880,2021-07-14,207000.0,-1030808.0,-49000.0,-872808.0,4654.0,15.0,96.0,0.0,,2026-07-24T11:48:56.404863+08:00
2880,2021-07-15,-17720.0,-13969.0,-200528.0,-232217.0,4542.0,15.0,-112.0,0.0,,2026-07-24T11:48:56.404863+08:00
2880,2021-07-16,-9000.0,1965015.0,-132000.0,1824015.0,4638.0,15.0,96.0,0.0,,2026-07-24T11:48:56.404863+08:00
2880,2021-07-19,-5000.0,-450560.0,2000.0,-453560.0,4921.0,15.0,283.0,0.0,,2026-07-24T11:48:56.404863+08:00
2880,2021-07-20,10000.0,-848450.0,-115000.0,-953450.0,4871.0,15.0,-50.0,0.0,,2026-07-24T11:48:56.404863+08:00
2880,2021-07-21,1776000.0,1148401.0,58000.0,2982401.0,4724.0,31.0,-147.0,16.0,,2026-07-24T11:48:56.404863+08:00
2880,2021-07-22,256000.0,10269992.0,26140.0,10552132.0,4970.0,30.0,246.0,-1.0,,2026-07-24T11:48:56.404863+08:00
2880,2021-07-23,137000.0,977567.0,10000.0,1124567.0,4897.0,30.0,-73.0,0.0,,2026-07-24T11:48:56.404863+08:00
2880,2021-07-26,1000.0,-883080.0,-10000.0,-892080.0,5054.0,29.0,157.0,-1.0,,2026-07-24T11:48:56.404863+08:00
2880,2021-07-27,124000.0,2392575.0,101000.0,2617575.0,5183.0,30.0,129.0,1.0,,2026-07-24T11:48:56.404863+08:00
2880,2021-07-28,1277000.0,674193.0,238892.0,2190085.0,5125.0,31.0,-58.0,1.0,,2026-07-24T11:48:56.404863+08:00
2880,2021-07-29,5000.0,4170265.0,29000.0,4204265.0,5029.0,29.0,-96.0,-2.0,,2026-07-24T11:48:56.404863+08:00
2880,2021-07-30,3000.0,829004.0,1144.0,833148.0,5066.0,29.0,37.0,0.0,,2026-07-24T11:48:56.404863+08:00
2880,2021-08-02,437000.0,4884495.0,707.0,5322202.0,4758.0,29.0,-308.0,0.0,,2026-07-24T11:48:56.404863+08:00
2880,2021-08-03,0.0,1827869.0,-1982.0,1825887.0,4749.0,28.0,-9.0,-1.0,,2026-07-24T11:48:56.404863+08:00
2880,2021-08-04,137000.0,2306025.0,31550.0,2474575.0,4778.0,28.0,29.0,0.0,,2026-07-24T11:48:56.404863+08:00
2880,2021-08-05,26000.0,2613444.0,-1732.0,2637712.0,4803.0,30.0,25.0,2.0,,2026-07-24T11:48:56.404863+08:00
2880,2021-08-06,-296000.0,-1110469.0,0.0,-1406469.0,4850.0,31.0,47.0,1.0,,2026-07-24T11:48:56.404863+08:00
2880,2021-08-09,-45000.0,-1462000.0,2000.0,-1505000.0,4495.0,33.0,-355.0,2.0,,2026-07-24T11:48:56.404863+08:00
2880,2021-08-10,5000.0,183983.0,17000.0,205983.0,4497.0,33.0,2.0,0.0,,2026-07-24T11:48:56.404863+08:00
2880,2021-08-11,14000.0,12419780.0,85000.0,12518780.0,4740.0,39.0,243.0,6.0,,2026-07-24T11:48:56.404863+08:00
2880,2021-08-12,27000.0,6921586.0,42000.0,6990586.0,4610.0,41.0,-130.0,2.0,,2026-07-24T11:48:56.404863+08:00
2880,2021-08-13,-353000.0,3788563.0,40000.0,3475563.0,4581.0,48.0,-29.0,7.0,,2026-07-24T11:48:56.404863+08:00
2880,2021-08-16,-207999.0,7461940.0,75000.0,7328941.0,4348.0,38.0,-233.0,-10.0,,2026-07-24T11:48:56.404863+08:00
2880,2021-08-17,-15952.0,11472650.0,28000.0,11484698.0,3938.0,54.0,-410.0,16.0,,2026-07-24T11:48:56.404863+08:00
2880,2021-08-18,-507000.0,4224404.0,136000.0,3853404.0,4011.0,32.0,73.0,-22.0,,2026-07-24T11:48:56.404863+08:00
2880,2021-08-19,-194000.0,3281056.0,78000.0,3165056.0,4139.0,41.0,128.0,9.0,,2026-07-24T11:48:56.404863+08:00
2880,2021-08-20,71000.0,1479215.0,156513.0,1706728.0,3982.0,40.0,-157.0,-1.0,,2026-07-24T11:48:56.404863+08:00
2880,2021-08-23,56000.0,-1230640.0,88000.0,-1086640.0,4046.0,41.0,64.0,1.0,,2026-07-24T11:48:56.404863+08:00
2880,2021-08-24,91000.0,12784351.0,45000.0,12920351.0,4015.0,36.0,-31.0,-5.0,,2026-07-24T11:48:56.404863+08:00
2880,2021-08-25,130000.0,3127896.0,25305.0,3283201.0,3912.0,42.0,-103.0,6.0,,2026-07-24T11:48:56.404863+08:00
2880,2021-08-26,-94245.0,6522650.0,3000.0,6431405.0,3848.0,46.0,-64.0,4.0,,2026-07-24T11:48:56.404863+08:00
2880,2021-08-27,672000.0,18163620.0,2000.0,18837620.0,4527.0,72.0,679.0,26.0,,2026-07-24T11:48:56.404863+08:00
2880,2021-08-30,124108.0,6387997.0,30000.0,6542105.0,4705.0,90.0,178.0,18.0,,2026-07-24T11:48:56.404863+08:00
2880,2021-08-31,-40000.0,8757082.0,15000.0,8732082.0,4731.0,93.0,26.0,3.0,,2026-07-24T11:48:56.404863+08:00
2880,2021-09-01,-126658.0,1229198.0,0.0,1102540.0,4671.0,65.0,-60.0,-28.0,,2026-07-24T11:48:56.404863+08:00
2880,2021-09-02,-77270.0,6147872.0,7164.0,6077766.0,4493.0,65.0,-178.0,0.0,,2026-07-24T11:48:56.404863+08:00
2880,2021-09-03,765720.0,12318118.0,15284.0,13099122.0,4522.0,65.0,29.0,0.0,,2026-07-24T11:48:56.404863+08:00
2880,2021-09-06,-21000.0,2745276.0,-22416.0,2701860.0,4295.0,35.0,-227.0,-30.0,,2026-07-24T11:48:56.404863+08:00
2880,2021-09-07,-14000.0,2920142.0,-2568.0,2903574.0,4104.0,24.0,-191.0,-11.0,,2026-07-24T11:48:56.404863+08:00
2880,2021-09-08,-899000.0,7584745.0,-57000.0,6628745.0,4092.0,20.0,-12.0,-4.0,,2026-07-24T11:48:56.404863+08:00
2880,2021-09-09,-77000.0,786295.0,-14000.0,695295.0,4074.0,17.0,-18.0,-3.0,,2026-07-24T11:48:56.404863+08:00
2880,2021-09-10,136000.0,7959900.0,0.0,8095900.0,4090.0,0.0,16.0,-17.0,,2026-07-24T11:48:56.404863+08:00
2880,2021-09-13,90000.0,9660094.0,0.0,9750094.0,4341.0,0.0,251.0,0.0,,2026-07-24T11:48:56.404863+08:00
2880,2021-09-14,76719.0,5243500.0,0.0,5320219.0,4614.0,0.0,273.0,0.0,,2026-07-24T11:48:56.404863+08:00
2880,2021-09-15,-805000.0,4396000.0,144000.0,3735000.0,4792.0,0.0,178.0,0.0,,2026-07-24T11:48:56.404863+08:00
2880,2021-09-16,-431000.0,5461971.0,2000.0,5032971.0,4045.0,194.0,-747.0,194.0,,2026-07-24T11:48:56.404863+08:00
2880,2021-09-17,7000.0,3150422.0,-7628.0,3149794.0,3649.0,198.0,-396.0,4.0,,2026-07-24T11:48:56.404863+08:00
2880,2021-09-22,-1005074.0,-11133628.0,25890.0,-12112812.0,3472.0,21.0,-177.0,-177.0,,2026-07-24T11:48:56.404863+08:00
2880,2021-09-23,0.0,3955666.0,13000.0,3968666.0,3118.0,22.0,-354.0,1.0,,2026-07-24T11:48:56.404863+08:00
2880,2021-09-24,0.0,675000.0,-1000.0,674000.0,2938.0,22.0,-180.0,0.0,,2026-07-24T11:48:56.404863+08:00
2880,2021-09-27,67174.0,2001300.0,2860.0,2071334.0,2965.0,23.0,27.0,1.0,,2026-07-24T11:48:56.404863+08:00
2880,2021-09-28,-106000.0,-2570569.0,5947.0,-2670622.0,3022.0,21.0,57.0,-2.0,,2026-07-24T11:48:56.404863+08:00
2880,2021-09-29,-1524890.0,-4590120.0,38330.0,-6076680.0,3000.0,21.0,-22.0,0.0,,2026-07-24T11:48:56.404863+08:00
2880,2021-09-30,45000.0,1164466.0,129800.0,1339266.0,2985.0,21.0,-15.0,0.0,,2026-07-24T11:48:56.404863+08:00
2880,2021-10-01,88143.0,-7703669.0,42000.0,-7573526.0,3068.0,31.0,83.0,10.0,,2026-07-24T11:48:56.404863+08:00
2880,2021-10-04,357000.0,2027200.0,199527.0,2583727.0,3308.0,34.0,240.0,3.0,,2026-07-24T11:48:56.404863+08:00
2880,2021-10-05,172747.0,-1484662.0,236000.0,-1075915.0,3338.0,34.0,30.0,0.0,,2026-07-24T11:48:56.404863+08:00
2880,2021-10-06,-540233.0,1954841.0,150000.0,1564608.0,3022.0,31.0,-316.0,-3.0,,2026-07-24T11:48:56.404863+08:00
2880,2021-10-07,767250.0,1755000.0,70000.0,2592250.0,3038.0,31.0,16.0,0.0,,2026-07-24T11:48:56.404863+08:00
2880,2021-10-08,-96441.0,-3779299.0,45000.0,-3830740.0,3050.0,25.0,12.0,-6.0,,2026-07-24T11:48:56.404863+08:00
2880,2021-10-12,-101023.0,-2641087.0,135521.0,-2606589.0,3180.0,18.0,130.0,-7.0,,2026-07-24T11:48:56.404863+08:00
2880,2021-10-13,188000.0,1210922.0,182521.0,1581443.0,3203.0,17.0,23.0,-1.0,,2026-07-24T11:48:56.404863+08:00
2880,2021-10-14,97684.0,-1207554.0,521.0,-1109349.0,3171.0,19.0,-32.0,2.0,,2026-07-24T11:48:56.404863+08:00
2880,2021-10-15,130000.0,1346360.0,521.0,1476881.0,3116.0,21.0,-55.0,2.0,,2026-07-24T11:48:56.404863+08:00
2880,2021-10-18,-11937.0,2477338.0,11466.0,2476867.0,2907.0,19.0,-209.0,-2.0,,2026-07-24T11:48:56.404863+08:00
2880,2021-10-19,518000.0,-1526508.0,193399.0,-815109.0,2892.0,19.0,-15.0,0.0,,2026-07-24T11:48:56.404863+08:00
2880,2021-10-20,-13000.0,752144.0,1197.0,740341.0,2846.0,19.0,-46.0,0.0,,2026-07-24T11:48:56.404863+08:00
2880,2021-10-21,-23391.0,1933527.0,-8493.0,1901643.0,2919.0,19.0,73.0,0.0,,2026-07-24T11:48:56.404863+08:00
2880,2021-10-22,0.0,-142903.0,10134.0,-132769.0,2852.0,19.0,-67.0,0.0,,2026-07-24T11:48:56.404863+08:00
2880,2021-10-25,-19000.0,569916.0,-65000.0,485916.0,2841.0,19.0,-11.0,0.0,,2026-07-24T11:48:56.404863+08:00
2880,2021-10-26,25000.0,4468174.0,28000.0,4521174.0,2826.0,9.0,-15.0,-10.0,,2026-07-24T11:48:56.404863+08:00
2880,2021-10-27,97951.0,-3756520.0,0.0,-3658569.0,2811.0,9.0,-15.0,0.0,,2026-07-24T11:48:56.404863+08:00
2880,2021-10-28,0.0,-1587413.0,0.0,-1587413.0,2797.0,9.0,-14.0,0.0,,2026-07-24T11:48:56.404863+08:00
2880,2021-10-29,-245610.0,-3203890.0,0.0,-3449500.0,2794.0,9.0,-3.0,0.0,,2026-07-24T11:48:56.404863+08:00
2880,2021-11-01,36000.0,-1132414.0,28000.0,-1068414.0,2798.0,9.0,4.0,0.0,,2026-07-24T11:48:56.404863+08:00
2880,2021-11-02,96000.0,1308790.0,27000.0,1431790.0,2795.0,9.0,-3.0,0.0,,2026-07-24T11:48:56.404863+08:00
2880,2021-11-03,-41000.0,-3321960.0,6000.0,-3356960.0,2798.0,9.0,3.0,0.0,,2026-07-24T11:48:56.404863+08:00
2880,2021-11-04,104000.0,-5143507.0,20000.0,-5019507.0,2794.0,9.0,-4.0,0.0,,2026-07-24T11:48:56.404863+08:00
2880,2021-11-05,1000.0,-1214978.0,0.0,-1213978.0,2943.0,9.0,149.0,0.0,,2026-07-24T11:48:56.404863+08:00
2880,2021-11-08,59000.0,1177000.0,0.0,1236000.0,2874.0,9.0,-69.0,0.0,,2026-07-24T11:48:56.404863+08:00
2880,2021-11-09,84000.0,3214181.0,-29822.0,3268359.0,2906.0,9.0,32.0,0.0,,2026-07-24T11:48:56.404863+08:00
2880,2021-11-10,280000.0,2000000.0,0.0,2280000.0,3012.0,9.0,106.0,0.0,,2026-07-24T11:48:56.404863+08:00
2880,2021-11-11,131000.0,-1977581.0,14000.0,-1832581.0,3049.0,9.0,37.0,0.0,,2026-07-24T11:48:56.404863+08:00
2880,2021-11-12,185000.0,1441431.0,16000.0,1642431.0,3078.0,9.0,29.0,0.0,,2026-07-24T11:48:56.404863+08:00
2880,2021-11-15,126000.0,2162335.0,-250000.0,2038335.0,3181.0,19.0,103.0,10.0,,2026-07-24T11:48:56.404863+08:00
2880,2021-11-16,108000.0,-121000.0,199000.0,186000.0,3263.0,21.0,82.0,2.0,,2026-07-24T11:48:56.404863+08:00
2880,2021-11-17,340096.0,3887563.0,0.0,4227659.0,3303.0,23.0,40.0,2.0,,2026-07-24T11:48:56.404863+08:00
2880,2021-11-18,175308.0,-48077.0,-289000.0,-161769.0,3341.0,23.0,38.0,0.0,,2026-07-24T11:48:56.404863+08:00
2880,2021-11-19,194487.0,-3781601.0,9960.0,-3577154.0,3186.0,30.0,-155.0,7.0,,2026-07-24T11:48:56.404863+08:00
2880,2021-11-22,179000.0,-231162.0,0.0,-52162.0,3212.0,31.0,26.0,1.0,,2026-07-24T11:48:56.404863+08:00
2880,2021-11-23,62265.0,-2357894.0,0.0,-2295629.0,3169.0,21.0,-43.0,-10.0,,2026-07-24T11:48:56.404863+08:00
2880,2021-11-24,225000.0,-731005.0,93000.0,-413005.0,3150.0,21.0,-19.0,0.0,,2026-07-24T11:48:56.404863+08:00
2880,2021-11-25,47000.0,-3563238.0,18000.0,-3498238.0,3170.0,21.0,20.0,0.0,,2026-07-24T11:48:56.404863+08:00
2880,2021-11-26,-62736.0,-8109850.0,149000.0,-8023586.0,3240.0,14.0,70.0,-7.0,,2026-07-24T11:48:56.404863+08:00
2880,2021-11-29,199184.0,-3004361.0,245757.0,-2559420.0,3332.0,14.0,92.0,0.0,,2026-07-24T11:48:56.404863+08:00
2880,2021-11-30,-30629.0,-11401930.0,91000.0,-11341559.0,3295.0,16.0,-37.0,2.0,,2026-07-24T11:48:56.404863+08:00
2880,2021-12-01,476000.0,-569501.0,44000.0,-49501.0,3341.0,16.0,46.0,0.0,,2026-07-24T11:48:56.404863+08:00
2880,2021-12-02,-123000.0,2453872.0,0.0,2330872.0,3297.0,22.0,-44.0,6.0,,2026-07-24T11:48:56.404863+08:00
2880,2021-12-03,-64000.0,-59493.0,0.0,-123493.0,3277.0,22.0,-20.0,0.0,,2026-07-24T11:48:56.404863+08:00
2880,2021-12-06,-33248.0,258519.0,15000.0,240271.0,3213.0,26.0,-64.0,4.0,,2026-07-24T11:48:56.404863+08:00
2880,2021-12-07,-99616.0,-1366860.0,0.0,-1466476.0,3289.0,28.0,76.0,2.0,,2026-07-24T11:48:56.404863+08:00
2880,2021-12-08,133000.0,253369.0,27000.0,413369.0,3322.0,27.0,33.0,-1.0,,2026-07-24T11:48:56.404863+08:00
2880,2021-12-09,23000.0,1553000.0,0.0,1576000.0,3331.0,27.0,9.0,0.0,,2026-07-24T11:48:56.404863+08:00
2880,2021-12-10,-12000.0,107654.0,0.0,95654.0,3380.0,27.0,49.0,0.0,,2026-07-24T11:48:56.404863+08:00
2880,2021-12-13,-32000.0,-976765.0,0.0,-1008765.0,3406.0,27.0,26.0,0.0,,2026-07-24T11:48:56.404863+08:00
2880,2021-12-14,-20483.0,233700.0,12000.0,225217.0,3362.0,28.0,-44.0,1.0,,2026-07-24T11:48:56.404863+08:00
2880,2021-12-15,-29999.0,-5017410.0,161000.0,-4886409.0,3387.0,28.0,25.0,0.0,,2026-07-24T11:48:56.404863+08:00
2880,2021-12-16,-7000.0,-1115612.0,7000.0,-1115612.0,3287.0,30.0,-100.0,2.0,,2026-07-24T11:48:56.404863+08:00
2880,2021-12-17,-9000.0,2257099.0,-242000.0,2006099.0,3299.0,29.0,12.0,-1.0,,2026-07-24T11:48:56.404863+08:00
2880,2021-12-20,-537578.0,-5882930.0,5468.0,-6415040.0,3314.0,31.0,15.0,2.0,,2026-07-24T11:48:56.404863+08:00
2880,2021-12-21,5000.0,2099006.0,6702.0,2110708.0,3329.0,31.0,15.0,0.0,,2026-07-24T11:48:56.404863+08:00
2880,2021-12-22,-3000.0,-1880034.0,-26000.0,-1909034.0,3330.0,31.0,1.0,0.0,,2026-07-24T11:48:56.404863+08:00
2880,2021-12-23,8000.0,397800.0,0.0,405800.0,3315.0,31.0,-15.0,0.0,,2026-07-24T11:48:56.404863+08:00
2880,2021-12-24,14000.0,2126700.0,0.0,2140700.0,3330.0,26.0,15.0,-5.0,,2026-07-24T11:48:56.404863+08:00
2880,2021-12-27,-8000.0,67182.0,22000.0,81182.0,3322.0,26.0,-8.0,0.0,,2026-07-24T11:48:56.404863+08:00
2880,2021-12-28,-68539.0,5333000.0,-38000.0,5226461.0,3380.0,27.0,58.0,1.0,,2026-07-24T11:48:56.404863+08:00
2880,2021-12-29,116000.0,3098124.0,35000.0,3249124.0,3439.0,27.0,59.0,0.0,,2026-07-24T11:48:56.404863+08:00
2880,2021-12-30,20000.0,90848.0,0.0,110848.0,3343.0,27.0,-96.0,0.0,,2026-07-24T11:48:56.404863+08:00
2880,2022-01-03,51146.0,-16000.0,0.0,35146.0,3419.0,27.0,76.0,0.0,,2026-07-24T11:48:56.404863+08:00
2880,2022-01-04,22000.0,-1308916.0,149000.0,-1137916.0,3429.0,26.0,10.0,-1.0,,2026-07-24T11:48:56.404863+08:00
2880,2022-01-05,-117300.0,2492953.0,684702.0,3060355.0,3206.0,26.0,-223.0,0.0,,2026-07-24T11:48:56.404863+08:00
2880,2022-01-06,-48000.0,2732560.0,196000.0,2880560.0,3102.0,34.0,-104.0,8.0,,2026-07-24T11:48:56.404863+08:00
2880,2022-01-07,-40000.0,2012052.0,342000.0,2314052.0,3079.0,35.0,-23.0,1.0,,2026-07-24T11:48:56.404863+08:00
2880,2022-01-10,73500.0,-272672.0,473000.0,273828.0,3131.0,34.0,52.0,-1.0,,2026-07-24T11:48:56.404863+08:00
2880,2022-01-11,9000.0,-2256345.0,300000.0,-1947345.0,3631.0,35.0,500.0,1.0,,2026-07-24T11:48:56.404863+08:00
2880,2022-01-12,123000.0,-755674.0,594000.0,-38674.0,3731.0,37.0,100.0,2.0,,2026-07-24T11:48:56.404863+08:00
2880,2022-01-13,10000.0,4814340.0,668000.0,5492340.0,3876.0,49.0,145.0,12.0,,2026-07-24T11:48:56.404863+08:00
2880,2022-01-14,-23000.0,2755380.0,942601.0,3674981.0,3824.0,48.0,-52.0,-1.0,,2026-07-24T11:48:56.404863+08:00
2880,2022-01-17,-44000.0,-404784.0,1078521.0,629737.0,3367.0,33.0,-457.0,-15.0,,2026-07-24T11:48:56.404863+08:00
2880,2022-01-18,27999.0,2510746.0,-57551.0,2481194.0,3395.0,33.0,28.0,0.0,,2026-07-24T11:48:56.404863+08:00
2880,2022-01-19,-307000.0,142040.0,13000.0,-151960.0,3366.0,106.0,-29.0,73.0,,2026-07-24T11:48:56.404863+08:00
2880,2022-01-20,45299.0,4579408.0,-745000.0,3879707.0,3435.0,108.0,69.0,2.0,,2026-07-24T11:48:56.404863+08:00
2880,2022-01-21,412385.0,-1804501.0,226000.0,-1166116.0,3461.0,122.0,26.0,14.0,,2026-07-24T11:48:56.404863+08:00
2880,2022-01-24,135938.0,1479000.0,69000.0,1683938.0,3443.0,117.0,-18.0,-5.0,,2026-07-24T11:48:56.404863+08:00
2880,2022-01-25,-571170.0,-3793718.0,326000.0,-4038888.0,3315.0,116.0,-128.0,-1.0,,2026-07-24T11:48:56.404863+08:00
2880,2022-01-26,128000.0,-307432.0,429000.0,249568.0,3139.0,116.0,-176.0,0.0,,2026-07-24T11:48:56.404863+08:00
2880,2022-02-07,294000.0,-4588467.0,44000.0,-4250467.0,3362.0,116.0,223.0,0.0,,2026-07-24T11:48:56.404863+08:00
2880,2022-02-08,128691.0,5633906.0,340000.0,6102597.0,3841.0,121.0,479.0,5.0,,2026-07-24T11:48:56.404863+08:00
2880,2022-02-09,509303.0,2916000.0,31000.0,3456303.0,3747.0,123.0,-94.0,2.0,,2026-07-24T11:48:56.404863+08:00
2880,2022-02-10,-103999.0,1021770.0,0.0,917771.0,3743.0,125.0,-4.0,2.0,,2026-07-24T11:48:56.404863+08:00
2880,2022-02-11,-12000.0,3570000.0,0.0,3558000.0,3718.0,127.0,-25.0,2.0,,2026-07-24T11:48:56.404863+08:00
2880,2022-02-14,-16053.0,1026221.0,142000.0,1152168.0,3679.0,114.0,-39.0,-13.0,,2026-07-24T11:48:56.404863+08:00
2880,2022-02-15,59000.0,-999000.0,13000.0,-927000.0,3628.0,116.0,-51.0,2.0,,2026-07-24T11:48:56.404863+08:00
2880,2022-02-16,269000.0,-628477.0,60000.0,-299477.0,3601.0,106.0,-27.0,-10.0,,2026-07-24T11:48:56.404863+08:00
2880,2022-02-17,163000.0,1456500.0,9000.0,1628500.0,3566.0,106.0,-35.0,0.0,,2026-07-24T11:48:56.404863+08:00
2880,2022-02-18,29000.0,435172.0,20000.0,484172.0,3519.0,102.0,-47.0,-4.0,,2026-07-24T11:48:56.404863+08:00
2880,2022-02-21,26363.0,-971920.0,8861.0,-936696.0,3489.0,100.0,-30.0,-2.0,,2026-07-24T11:48:56.404863+08:00
2880,2022-02-22,-359970.0,-6567501.0,165000.0,-6762471.0,3600.0,97.0,111.0,-3.0,,2026-07-24T11:48:56.404863+08:00
2880,2022-02-23,226000.0,68374.0,100000.0,394374.0,3594.0,97.0,-6.0,0.0,,2026-07-24T11:48:56.404863+08:00
2880,2022-02-24,-13944.0,-5852224.0,345000.0,-5521168.0,3743.0,89.0,149.0,-8.0,,2026-07-24T11:48:56.404863+08:00
2880,2022-02-25,335091.0,-4647681.0,425000.0,-3887590.0,3751.0,90.0,8.0,1.0,,2026-07-24T11:48:56.404863+08:00
2880,2022-03-01,516998.0,4069347.0,173000.0,4759345.0,3510.0,90.0,-241.0,0.0,,2026-07-24T11:48:56.404863+08:00
2880,2022-03-02,456834.0,7040540.0,26000.0,7523374.0,3535.0,91.0,25.0,1.0,,2026-07-24T11:48:56.404863+08:00
2880,2022-03-03,-72552.0,-2733293.0,26000.0,-2779845.0,3515.0,91.0,-20.0,0.0,,2026-07-24T11:48:56.404863+08:00
2880,2022-03-04,-175934.0,-4526400.0,121000.0,-4581334.0,3533.0,89.0,18.0,-2.0,,2026-07-24T11:48:56.404863+08:00
2880,2022-03-07,-366779.0,-11798979.0,608000.0,-11557758.0,3687.0,84.0,154.0,-5.0,,2026-07-24T11:48:56.404863+08:00
2880,2022-03-08,675798.0,-5676203.0,367000.0,-4633405.0,3741.0,78.0,54.0,-6.0,,2026-07-24T11:48:56.404863+08:00
2880,2022-03-09,-218301.0,-4161738.0,271000.0,-4109039.0,3705.0,108.0,-36.0,30.0,,2026-07-24T11:48:56.404863+08:00
2880,2022-03-10,34565.0,2746368.0,52000.0,2832933.0,3613.0,97.0,-92.0,-11.0,,2026-07-24T11:48:56.404863+08:00
2880,2022-03-11,63448.0,667623.0,46000.0,777071.0,3630.0,97.0,17.0,0.0,,2026-07-24T11:48:56.404863+08:00
2880,2022-03-14,70979.0,1360407.0,85000.0,1516386.0,3626.0,97.0,-4.0,0.0,,2026-07-24T11:48:56.404863+08:00
2880,2022-03-15,49521.0,197043.0,163000.0,409564.0,3629.0,97.0,3.0,0.0,,2026-07-24T11:48:56.404863+08:00
2880,2022-03-16,250091.0,5534600.0,194000.0,5978691.0,3609.0,80.0,-20.0,-17.0,,2026-07-24T11:48:56.404863+08:00
2880,2022-03-17,21056.0,7619920.0,8000.0,7648976.0,3482.0,79.0,-127.0,-1.0,,2026-07-24T11:48:56.404863+08:00
2880,2022-03-18,86569.0,2845001.0,-501369.0,2430201.0,4048.0,17.0,566.0,-62.0,,2026-07-24T11:48:56.404863+08:00
2880,2022-03-21,1000.0,402100.0,33000.0,436100.0,3773.0,17.0,-275.0,0.0,,2026-07-24T11:48:56.404863+08:00
2880,2022-03-22,142000.0,752309.0,164000.0,1058309.0,3820.0,17.0,47.0,0.0,,2026-07-24T11:48:56.404863+08:00
2880,2022-03-23,438000.0,5173200.0,-2000.0,5609200.0,4175.0,17.0,355.0,0.0,,2026-07-24T11:48:56.404863+08:00
2880,2022-03-24,11000.0,3171000.0,0.0,3182000.0,4183.0,17.0,8.0,0.0,,2026-07-24T11:48:56.404863+08:00
2880,2022-03-25,-57626.0,-2005092.0,30000.0,-2032718.0,4006.0,17.0,-177.0,0.0,,2026-07-24T11:48:56.404863+08:00
2880,2022-03-28,2367.0,-735370.0,52000.0,-681003.0,4043.0,18.0,37.0,1.0,,2026-07-24T11:48:56.404863+08:00
2880,2022-03-29,-1000.0,-1561400.0,56000.0,-1506400.0,4016.0,18.0,-27.0,0.0,,2026-07-24T11:48:56.404863+08:00
2880,2022-03-30,715000.0,6862102.0,14000.0,7591102.0,4246.0,18.0,230.0,0.0,,2026-07-24T11:48:56.404863+08:00
2880,2022-03-31,266000.0,4536800.0,0.0,4802800.0,4414.0,21.0,168.0,3.0,,2026-07-24T11:48:56.404863+08:00
2880,2022-04-01,34002.0,-1400148.0,12000.0,-1354146.0,4403.0,20.0,-11.0,-1.0,,2026-07-24T11:48:56.404863+08:00
2880,2022-04-06,234000.0,313679.0,46000.0,593679.0,4827.0,37.0,424.0,17.0,,2026-07-24T11:48:56.404863+08:00
2880,2022-04-07,-193455.0,-1409724.0,39000.0,-1564179.0,4507.0,20.0,-320.0,-17.0,,2026-07-24T11:48:56.404863+08:00
2880,2022-04-08,17000.0,1550429.0,72000.0,1639429.0,4694.0,18.0,187.0,-2.0,,2026-07-24T11:48:56.404863+08:00
2880,2022-04-11,204750.0,-2814751.0,26000.0,-2584001.0,4827.0,0.0,133.0,-18.0,,2026-07-24T11:48:56.404863+08:00
2880,2022-04-12,-299673.0,2453246.0,507000.0,2660573.0,3923.0,0.0,-904.0,0.0,,2026-07-24T11:48:56.404863+08:00
2880,2022-04-13,364000.0,4270910.0,209000.0,4843910.0,3787.0,0.0,-136.0,0.0,,2026-07-24T11:48:56.404863+08:00
2880,2022-04-14,1664.0,2567421.0,26000.0,2595085.0,3682.0,0.0,-105.0,0.0,,2026-07-24T11:48:56.404863+08:00
2880,2022-04-15,16938.0,217017.0,229000.0,462955.0,3735.0,14.0,53.0,14.0,,2026-07-24T11:48:56.404863+08:00
2880,2022-04-18,-58863.0,798000.0,212000.0,951137.0,3760.0,20.0,25.0,6.0,,2026-07-24T11:48:56.404863+08:00
2880,2022-04-19,291680.0,-1258000.0,38000.0,-928320.0,3750.0,21.0,-10.0,1.0,,2026-07-24T11:48:56.404863+08:00
2880,2022-04-20,106024.0,-1583583.0,26000.0,-1451559.0,3801.0,18.0,51.0,-3.0,,2026-07-24T11:48:56.404863+08:00
2880,2022-04-21,154716.0,-9448239.0,33000.0,-9260523.0,3897.0,19.0,96.0,1.0,,2026-07-24T11:48:56.404863+08:00
2880,2022-04-22,-179039.0,-3187710.0,-130000.0,-3496749.0,4490.0,51.0,593.0,32.0,,2026-07-24T11:48:56.404863+08:00
2880,2022-04-25,-192104.0,-5146226.0,242000.0,-5096330.0,4855.0,37.0,365.0,-14.0,,2026-07-24T11:48:56.404863+08:00
2880,2022-04-26,212000.0,-2273499.0,183000.0,-1878499.0,4520.0,55.0,-335.0,18.0,,2026-07-24T11:48:56.404863+08:00
2880,2022-04-27,-292529.0,-4109809.0,321000.0,-4081338.0,4193.0,52.0,-327.0,-3.0,,2026-07-24T11:48:56.404863+08:00
2880,2022-04-28,275913.0,-2979829.0,28000.0,-2675916.0,4226.0,51.0,33.0,-1.0,,2026-07-24T11:48:56.404863+08:00
2880,2022-04-29,20423.0,-186300.0,60000.0,-105877.0,4224.0,54.0,-2.0,3.0,,2026-07-24T11:48:56.404863+08:00
2880,2022-05-03,-238289.0,-633030.0,47000.0,-824319.0,4198.0,67.0,-26.0,13.0,,2026-07-24T11:48:56.404863+08:00
2880,2022-05-04,28300.0,-1090840.0,14000.0,-1048540.0,4164.0,61.0,-34.0,-6.0,,2026-07-24T11:48:56.404863+08:00
2880,2022-05-05,18425.0,-2575604.0,-26000.0,-2583179.0,4172.0,62.0,8.0,1.0,,2026-07-24T11:48:56.404863+08:00
2880,2022-05-06,-15425.0,-4977153.0,53000.0,-4939578.0,4219.0,59.0,47.0,-3.0,,2026-07-24T11:48:56.404863+08:00
2880,2022-05-09,-225571.0,-2038000.0,-278000.0,-2541571.0,3942.0,65.0,-277.0,6.0,,2026-07-24T11:48:56.404863+08:00
2880,2022-05-10,296036.0,2431831.0,-108000.0,2619867.0,3839.0,61.0,-103.0,-4.0,,2026-07-24T11:48:56.404863+08:00
2880,2022-05-11,-22045.0,-1789718.0,-83000.0,-1894763.0,3939.0,56.0,100.0,-5.0,,2026-07-24T11:48:56.404863+08:00
2880,2022-05-12,-86095.0,-5138504.0,12000.0,-5212599.0,3435.0,64.0,-504.0,8.0,,2026-07-24T11:48:56.404863+08:00
2880,2022-05-13,816634.0,1284045.0,57000.0,2157679.0,3525.0,60.0,90.0,-4.0,,2026-07-24T11:48:56.404863+08:00
2880,2022-05-16,572119.0,-504507.0,37000.0,104612.0,3724.0,81.0,199.0,21.0,,2026-07-24T11:48:56.404863+08:00
2880,2022-05-17,436999.0,-726620.0,39000.0,-250621.0,3652.0,68.0,-72.0,-13.0,,2026-07-24T11:48:56.404863+08:00
2880,2022-05-18,85376.0,4330440.0,4000.0,4419816.0,3459.0,52.0,-193.0,-16.0,,2026-07-24T11:48:56.404863+08:00
2880,2022-05-19,-15102.0,-3145109.0,-3000.0,-3163211.0,3477.0,51.0,18.0,-1.0,,2026-07-24T11:48:56.404863+08:00
2880,2022-05-20,-2410.0,5992459.0,25000.0,6015049.0,3435.0,77.0,-42.0,26.0,,2026-07-24T11:48:56.404863+08:00
2880,2022-05-23,101967.0,-306538.0,1740098.0,1535527.0,3441.0,86.0,6.0,9.0,,2026-07-24T11:48:56.404863+08:00
2880,2022-05-24,-30000.0,4481234.0,-165895.0,4285339.0,3347.0,92.0,-94.0,6.0,,2026-07-24T11:48:56.404863+08:00
2880,2022-05-25,791891.0,5936656.0,31574.0,6760121.0,3154.0,108.0,-193.0,16.0,,2026-07-24T11:48:56.404863+08:00
2880,2022-05-26,103874.0,1779680.0,-72268.0,1811286.0,3231.0,112.0,77.0,4.0,,2026-07-24T11:48:56.404863+08:00
2880,2022-05-27,480188.0,5968000.0,-143204.0,6304984.0,3151.0,125.0,-80.0,13.0,,2026-07-24T11:48:56.404863+08:00
2880,2022-05-30,641365.0,4755499.0,-93453.0,5303411.0,3095.0,94.0,-56.0,-31.0,,2026-07-24T11:48:56.404863+08:00
2880,2022-05-31,-87034.0,881822.0,8432.0,803220.0,3080.0,66.0,-15.0,-28.0,,2026-07-24T11:48:56.404863+08:00
2880,2022-06-01,-76405.0,-138260.0,-79072.0,-293737.0,3157.0,66.0,77.0,0.0,,2026-07-24T11:48:56.404863+08:00
2880,2022-06-02,-155320.0,-196000.0,-17702.0,-369022.0,3472.0,65.0,315.0,-1.0,,2026-07-24T11:48:56.404863+08:00
2880,2022-06-06,116697.0,-260362.0,-36480.0,-180145.0,3575.0,66.0,103.0,1.0,,2026-07-24T11:48:56.404863+08:00
2880,2022-06-07,-30133.0,-1799822.0,-17990.0,-1847945.0,3559.0,66.0,-16.0,0.0,,2026-07-24T11:48:56.404863+08:00
2880,2022-06-08,419338.0,1297189.0,25000.0,1741527.0,3636.0,88.0,77.0,22.0,,2026-07-24T11:48:56.404863+08:00
2880,2022-06-09,-21110.0,-721424.0,13000.0,-729534.0,3581.0,85.0,-55.0,-3.0,,2026-07-24T11:48:56.404863+08:00
2880,2022-06-10,113964.0,-1628104.0,0.0,-1514140.0,3508.0,61.0,-73.0,-24.0,,2026-07-24T11:48:56.404863+08:00
2880,2022-06-13,-147436.0,-7553021.0,100000.0,-7600457.0,3749.0,42.0,241.0,-19.0,,2026-07-24T11:48:56.404863+08:00
2880,2022-06-14,86911.0,-711200.0,15330.0,-608959.0,3775.0,52.0,26.0,10.0,,2026-07-24T11:48:56.404863+08:00
2880,2022-06-15,-140400.0,1841453.0,11975.0,1713028.0,3731.0,48.0,-44.0,-4.0,,2026-07-24T11:48:56.404863+08:00
2880,2022-06-16,-96863.0,1659519.0,19000.0,1581656.0,3701.0,46.0,-30.0,-2.0,,2026-07-24T11:48:56.404863+08:00
2880,2022-06-17,141657.0,-429167.0,-78102.0,-365612.0,3683.0,37.0,-18.0,-9.0,,2026-07-24T11:48:56.404863+08:00
2880,2022-06-20,62781.0,4754000.0,120000.0,4936781.0,3654.0,36.0,-29.0,-1.0,,2026-07-24T11:48:56.404863+08:00
2880,2022-06-21,1490826.0,7041957.0,62046.0,8594829.0,3577.0,52.0,-77.0,16.0,,2026-07-24T11:48:56.404863+08:00
2880,2022-06-22,391907.0,-596832.0,44000.0,-160925.0,3538.0,62.0,-39.0,10.0,,2026-07-24T11:48:56.404863+08:00
2880,2022-06-23,2428276.0,492929.0,123000.0,3044205.0,3612.0,62.0,74.0,0.0,,2026-07-24T11:48:56.404863+08:00
2880,2022-06-24,4097000.0,2001321.0,83000.0,6181321.0,3578.0,63.0,-34.0,1.0,,2026-07-24T11:48:56.404863+08:00
2880,2022-06-27,903514.0,1155000.0,121000.0,2179514.0,3564.0,62.0,-14.0,-1.0,,2026-07-24T11:48:56.404863+08:00
2880,2022-06-28,207000.0,1156657.0,138000.0,1501657.0,2767.0,64.0,-797.0,2.0,,2026-07-24T11:48:56.404863+08:00
2880,2022-06-29,14008.0,-245471.0,2000.0,-229463.0,2721.0,64.0,-46.0,0.0,,2026-07-24T11:48:56.404863+08:00
2880,2022-06-30,52644.0,-781100.0,32000.0,-696456.0,2713.0,65.0,-8.0,1.0,,2026-07-24T11:48:56.404863+08:00
2880,2022-07-01,1760797.0,-451000.0,256000.0,1565797.0,2691.0,63.0,-22.0,-2.0,,2026-07-24T11:48:56.404863+08:00
2880,2022-07-04,1844289.0,-550574.0,-1000.0,1292715.0,2828.0,66.0,137.0,3.0,,2026-07-24T11:48:56.404863+08:00
2880,2022-07-05,1416439.0,984568.0,133000.0,2534007.0,2762.0,65.0,-66.0,-1.0,,2026-07-24T11:48:56.404863+08:00
2880,2022-07-06,-77033.0,-3900382.0,20000.0,-3957415.0,2851.0,87.0,89.0,22.0,,2026-07-24T11:48:56.404863+08:00
2880,2022-07-07,169556.0,-79000.0,28000.0,118556.0,2840.0,72.0,-11.0,-15.0,,2026-07-24T11:48:56.404863+08:00
2880,2022-07-08,68211.0,-1574002.0,22000.0,-1483791.0,3240.0,86.0,400.0,14.0,,2026-07-24T11:48:56.404863+08:00
2880,2022-07-11,-121558.0,-2235487.0,6000.0,-2351045.0,3547.0,82.0,307.0,-4.0,,2026-07-24T11:48:56.404863+08:00
2880,2022-07-12,-453381.0,-3279591.0,8000.0,-3724972.0,2974.0,103.0,-573.0,21.0,,2026-07-24T11:48:56.404863+08:00
2880,2022-07-13,904230.0,-1468600.0,18000.0,-546370.0,3147.0,236.0,173.0,133.0,,2026-07-24T11:48:56.404863+08:00
2880,2022-07-14,-5901.0,-1739572.0,0.0,-1745473.0,3159.0,233.0,12.0,-3.0,,2026-07-24T11:48:56.404863+08:00
2880,2022-07-15,-537924.0,-7545351.0,-171000.0,-8254275.0,3577.0,602.0,418.0,369.0,,2026-07-24T11:48:56.404863+08:00
2880,2022-07-18,148818.0,213000.0,24000.0,385818.0,3475.0,606.0,-102.0,4.0,,2026-07-24T11:48:56.404863+08:00
2880,2022-07-19,40458.0,489480.0,91000.0,620938.0,3467.0,450.0,-8.0,-156.0,,2026-07-24T11:48:56.404863+08:00
2880,2022-07-20,30976.0,-1909012.0,30060.0,-1847976.0,3982.0,365.0,515.0,-85.0,,2026-07-24T11:48:56.404863+08:00
2880,2022-07-21,-8095.0,2282353.0,37000.0,2311258.0,3997.0,338.0,15.0,-27.0,,2026-07-24T11:48:56.404863+08:00
2880,2022-07-22,-66362.0,-238600.0,20110.0,-284852.0,4043.0,302.0,46.0,-36.0,,2026-07-24T11:48:56.404863+08:00
2880,2022-07-25,127006.0,-36900.0,200000.0,290106.0,3963.0,292.0,-80.0,-10.0,,2026-07-24T11:48:56.404863+08:00
2880,2022-07-26,-3397.0,-1869400.0,291000.0,-1581797.0,3942.0,272.0,-21.0,-20.0,,2026-07-24T11:48:56.404863+08:00
2880,2022-07-27,47000.0,5481880.0,77000.0,5605880.0,3700.0,212.0,-242.0,-60.0,,2026-07-24T11:48:56.404863+08:00
2880,2022-07-28,206004.0,404324.0,178000.0,788328.0,3716.0,196.0,16.0,-16.0,,2026-07-24T11:48:56.404863+08:00
2880,2022-07-29,-51192.0,-2279382.0,158000.0,-2172574.0,3646.0,155.0,-70.0,-41.0,,2026-07-24T11:48:56.404863+08:00
2880,2022-08-01,-25000.0,976200.0,488000.0,1439200.0,3827.0,152.0,181.0,-3.0,,2026-07-24T11:48:56.404863+08:00
2880,2022-08-02,-54853.0,-888000.0,167000.0,-775853.0,4012.0,140.0,185.0,-12.0,,2026-07-24T11:48:56.404863+08:00
2880,2022-08-03,-45602.0,-497472.0,76000.0,-467074.0,4098.0,130.0,86.0,-10.0,,2026-07-24T11:48:56.404863+08:00
2880,2022-08-04,-417324.0,-2450920.0,30000.0,-2838244.0,4067.0,104.0,-31.0,-26.0,,2026-07-24T11:48:56.404863+08:00
2880,2022-08-05,239000.0,3452300.0,17000.0,3708300.0,4130.0,9.0,63.0,-95.0,,2026-07-24T11:48:56.404863+08:00
2880,2022-08-08,23000.0,2062125.0,98000.0,2183125.0,3426.0,0.0,-704.0,-9.0,,2026-07-24T11:48:56.404863+08:00
2880,2022-08-09,3216000.0,1914767.0,96000.0,5226767.0,3343.0,0.0,-83.0,0.0,,2026-07-24T11:48:56.404863+08:00
2880,2022-08-10,4134277.0,-723259.0,777000.0,4188018.0,4408.0,0.0,1065.0,0.0,,2026-07-24T11:48:56.404863+08:00
2880,2022-08-11,-6608112.0,7242671.0,90000.0,724559.0,4186.0,54.0,-222.0,54.0,,2026-07-24T11:48:56.404863+08:00
2880,2022-08-12,-168544.0,6912995.0,84000.0,6828451.0,3661.0,76.0,-525.0,22.0,,2026-07-24T11:48:56.404863+08:00
2880,2022-08-15,-185509.0,5513312.0,161000.0,5488803.0,3098.0,72.0,-563.0,-4.0,,2026-07-24T11:48:56.404863+08:00
2880,2022-08-16,-92000.0,2189556.0,179000.0,2276556.0,2977.0,72.0,-121.0,0.0,,2026-07-24T11:48:56.404863+08:00
2880,2022-08-17,-724480.0,2219600.0,-508000.0,987120.0,2944.0,135.0,-33.0,63.0,,2026-07-24T11:48:56.404863+08:00
2880,2022-08-18,-71607.0,672538.0,115000.0,715931.0,2966.0,171.0,22.0,36.0,,2026-07-24T11:48:56.404863+08:00
2880,2022-08-19,142125.0,363297.0,67000.0,572422.0,2958.0,176.0,-8.0,5.0,,2026-07-24T11:48:56.404863+08:00
2880,2022-08-22,11936.0,1779898.0,230000.0,2021834.0,2868.0,66.0,-90.0,-110.0,,2026-07-24T11:48:56.404863+08:00
2880,2022-08-23,-30423.0,-2924700.0,337000.0,-2618123.0,2725.0,46.0,-143.0,-20.0,,2026-07-24T11:48:56.404863+08:00
2880,2022-08-24,17500.0,-674812.0,18136.0,-639176.0,2723.0,39.0,-2.0,-7.0,,2026-07-24T11:48:56.404863+08:00
2880,2022-08-25,287000.0,1039732.0,50000.0,1376732.0,2715.0,38.0,-8.0,-1.0,,2026-07-24T11:48:56.404863+08:00
2880,2022-08-26,-35000.0,-253778.0,234000.0,-54778.0,2691.0,38.0,-24.0,0.0,,2026-07-24T11:48:56.404863+08:00
2880,2022-08-29,-962708.0,-1830138.0,124000.0,-2668846.0,2826.0,38.0,135.0,0.0,,2026-07-24T11:48:56.404863+08:00
2880,2022-08-30,-122042.0,-868520.0,272000.0,-718562.0,2855.0,42.0,29.0,4.0,,2026-07-24T11:48:56.404863+08:00
2880,2022-08-31,213000.0,2306983.0,62000.0,2581983.0,2845.0,43.0,-10.0,1.0,,2026-07-24T11:48:56.404863+08:00
2880,2022-09-01,-2982534.0,-3926036.0,46000.0,-6862570.0,3029.0,40.0,184.0,-3.0,,2026-07-24T11:48:56.404863+08:00
2880,2022-09-02,48817.0,-2113372.0,158000.0,-1906555.0,3097.0,44.0,68.0,4.0,,2026-07-24T11:48:56.404863+08:00
2880,2022-09-05,136972.0,1776461.0,114000.0,2027433.0,3061.0,42.0,-36.0,-2.0,,2026-07-24T11:48:56.404863+08:00
2880,2022-09-06,42000.0,3293528.0,148000.0,3483528.0,3002.0,72.0,-59.0,30.0,,2026-07-24T11:48:56.404863+08:00
2880,2022-09-07,-1391853.0,-3988711.0,82000.0,-5298564.0,3053.0,95.0,51.0,23.0,,2026-07-24T11:48:56.404863+08:00
2880,2022-09-08,-229889.0,1602422.0,137000.0,1509533.0,3066.0,93.0,13.0,-2.0,,2026-07-24T11:48:56.404863+08:00
2880,2022-09-12,134000.0,4879096.0,20000.0,5033096.0,2951.0,69.0,-115.0,-24.0,,2026-07-24T11:48:56.404863+08:00
2880,2022-09-13,45655.0,1768380.0,143000.0,1957035.0,2589.0,69.0,-362.0,0.0,,2026-07-24T11:48:56.404863+08:00
2880,2022-09-14,-519821.0,-1545876.0,217241.0,-1848456.0,2599.0,59.0,10.0,-10.0,,2026-07-24T11:48:56.404863+08:00
2880,2022-09-15,-327756.0,-169718.0,66000.0,-431474.0,2619.0,64.0,20.0,5.0,,2026-07-24T11:48:56.404863+08:00
2880,2022-09-16,-514636.0,4842954.0,2260405.0,6588723.0,2558.0,64.0,-61.0,0.0,,2026-07-24T11:48:56.404863+08:00
2880,2022-09-19,9000.0,531177.0,262000.0,802177.0,2670.0,64.0,112.0,0.0,,2026-07-24T11:48:56.404863+08:00
2880,2022-09-20,64743.0,105968.0,444000.0,614711.0,2672.0,65.0,2.0,1.0,,2026-07-24T11:48:56.404863+08:00
2880,2022-09-21,-476284.0,-641228.0,-40000.0,-1157512.0,2982.0,64.0,310.0,-1.0,,2026-07-24T11:48:56.404863+08:00
2880,2022-09-22,-396302.0,-5843177.0,125000.0,-6114479.0,3202.0,55.0,220.0,-9.0,,2026-07-24T11:48:56.404863+08:00
2880,2022-09-23,-6944.0,97000.0,130000.0,220056.0,3260.0,55.0,58.0,0.0,,2026-07-24T11:48:56.404863+08:00
2880,2022-09-26,-2098.0,949033.0,319000.0,1265935.0,3239.0,68.0,-21.0,13.0,,2026-07-24T11:48:56.404863+08:00
2880,2022-09-27,-87031.0,178561.0,210918.0,302448.0,3298.0,58.0,59.0,-10.0,,2026-07-24T11:48:56.404863+08:00
2880,2022-09-28,101699.0,6011624.0,182526.0,6295849.0,3173.0,80.0,-125.0,22.0,,2026-07-24T11:48:56.404863+08:00
2880,2022-09-29,295463.0,768075.0,123941.0,1187479.0,3181.0,82.0,8.0,2.0,,2026-07-24T11:48:56.404863+08:00
2880,2022-09-30,287453.0,729080.0,176000.0,1192533.0,2940.0,74.0,-241.0,-8.0,,2026-07-24T11:48:56.404863+08:00
2880,2022-10-03,-29827.0,2263991.0,116358.0,2350522.0,2951.0,91.0,11.0,17.0,,2026-07-24T11:48:56.404863+08:00
2880,2022-10-04,216000.0,2864358.0,147165.0,3227523.0,3071.0,82.0,120.0,-9.0,,2026-07-24T11:48:56.404863+08:00
2880,2022-10-05,29051.0,-1047277.0,2000.0,-1016226.0,3155.0,71.0,84.0,-11.0,,2026-07-24T11:48:56.404863+08:00
2880,2022-10-06,-26765.0,3727200.0,148000.0,3848435.0,3162.0,71.0,7.0,0.0,,2026-07-24T11:48:56.404863+08:00
2880,2022-10-07,2197.0,-1256000.0,134000.0,-1119803.0,3141.0,72.0,-21.0,1.0,,2026-07-24T11:48:56.404863+08:00
2880,2022-10-11,103517.0,-2948179.0,226677.0,-2617985.0,3152.0,67.0,11.0,-5.0,,2026-07-24T11:48:56.404863+08:00
2880,2022-10-12,326980.0,1286979.0,130000.0,1743959.0,3194.0,66.0,42.0,-1.0,,2026-07-24T11:48:56.404863+08:00
2880,2022-10-13,-67264.0,-2647226.0,59000.0,-2655490.0,3307.0,76.0,113.0,10.0,,2026-07-24T11:48:56.404863+08:00
2880,2022-10-14,708639.0,-1503326.0,162059.0,-632628.0,3366.0,76.0,59.0,0.0,,2026-07-24T11:48:56.404863+08:00
2880,2022-10-17,361626.0,35371.0,248407.0,645404.0,3395.0,48.0,29.0,-28.0,,2026-07-24T11:48:56.404863+08:00
2880,2022-10-18,909430.0,-860064.0,145000.0,194366.0,3395.0,54.0,0.0,6.0,,2026-07-24T11:48:56.404863+08:00
2880,2022-10-19,362463.0,-1425000.0,-1183000.0,-2245537.0,3145.0,56.0,-250.0,2.0,,2026-07-24T11:48:56.404863+08:00
2880,2022-10-20,-7914.0,4142687.0,-1015000.0,3119773.0,3052.0,70.0,-93.0,14.0,,2026-07-24T11:48:56.404863+08:00
2880,2022-10-21,139000.0,3590862.0,50000.0,3779862.0,2844.0,77.0,-208.0,7.0,,2026-07-24T11:48:56.404863+08:00
2880,2022-10-24,1555000.0,-908494.0,156000.0,802506.0,2814.0,78.0,-30.0,1.0,,2026-07-24T11:48:56.404863+08:00
2880,2022-10-25,2264824.0,2591853.0,130000.0,4986677.0,2756.0,78.0,-58.0,0.0,,2026-07-24T11:48:56.404863+08:00
2880,2022-10-26,1688000.0,514225.0,121000.0,2323225.0,2750.0,77.0,-6.0,-1.0,,2026-07-24T11:48:56.404863+08:00
2880,2022-10-27,157342.0,189256.0,15000.0,361598.0,2788.0,81.0,38.0,4.0,,2026-07-24T11:48:56.404863+08:00
2880,2022-10-28,79929.0,-670140.0,81000.0,-509211.0,2782.0,80.0,-6.0,-1.0,,2026-07-24T11:48:56.404863+08:00
2880,2022-10-31,88000.0,-627108.0,-15915.0,-555023.0,2797.0,76.0,15.0,-4.0,,2026-07-24T11:48:56.404863+08:00
2880,2022-11-01,574681.0,2182000.0,29000.0,2785681.0,2782.0,83.0,-15.0,7.0,,2026-07-24T11:48:56.404863+08:00
2880,2022-11-02,62344.0,-2183617.0,0.0,-2121273.0,2809.0,86.0,27.0,3.0,,2026-07-24T11:48:56.404863+08:00
2880,2022-11-03,18352.0,-3771307.0,0.0,-3752955.0,2885.0,80.0,76.0,-6.0,,2026-07-24T11:48:56.404863+08:00
2880,2022-11-04,-4603.0,1094000.0,9000.0,1098397.0,2802.0,96.0,-83.0,16.0,,2026-07-24T11:48:56.404863+08:00
2880,2022-11-07,71670.0,704635.0,0.0,776305.0,2801.0,100.0,-1.0,4.0,,2026-07-24T11:48:56.404863+08:00
2880,2022-11-08,13000.0,1385317.0,0.0,1398317.0,2766.0,90.0,-35.0,-10.0,,2026-07-24T11:48:56.404863+08:00
2880,2022-11-09,113000.0,2776900.0,53000.0,2942900.0,2707.0,88.0,-59.0,-2.0,,2026-07-24T11:48:56.404863+08:00
2880,2022-11-10,-6413.0,746358.0,9000.0,748945.0,2688.0,88.0,-19.0,0.0,,2026-07-24T11:48:56.404863+08:00
2880,2022-11-11,77000.0,10548005.0,-538000.0,10087005.0,2557.0,74.0,-131.0,-14.0,,2026-07-24T11:48:56.404863+08:00
2880,2022-11-14,-185476.0,1419120.0,0.0,1233644.0,2558.0,101.0,1.0,27.0,,2026-07-24T11:48:56.404863+08:00
2880,2022-11-15,-574147.0,2774494.0,-448000.0,1752347.0,2576.0,101.0,18.0,0.0,,2026-07-24T11:48:56.404863+08:00
2880,2022-11-16,-486262.0,-586062.0,30000.0,-1042324.0,2576.0,102.0,0.0,1.0,,2026-07-24T11:48:56.404863+08:00
2880,2022-11-17,-680153.0,208998.0,15000.0,-456155.0,2655.0,99.0,79.0,-3.0,,2026-07-24T11:48:56.404863+08:00
2880,2022-11-18,-45898.0,-2569000.0,11000.0,-2603898.0,2670.0,85.0,15.0,-14.0,,2026-07-24T11:48:56.404863+08:00
2880,2022-11-21,39396.0,2856180.0,10000.0,2905576.0,2710.0,86.0,40.0,1.0,,2026-07-24T11:48:56.404863+08:00
2880,2022-11-22,37653.0,1285200.0,0.0,1322853.0,2663.0,89.0,-47.0,3.0,,2026-07-24T11:48:56.404863+08:00
2880,2022-11-23,38000.0,-252343.0,0.0,-214343.0,2586.0,85.0,-77.0,-4.0,,2026-07-24T11:48:56.404863+08:00
2880,2022-11-24,157000.0,3684224.0,9000.0,3850224.0,2562.0,87.0,-24.0,2.0,,2026-07-24T11:48:56.404863+08:00
2880,2022-11-25,-6000.0,843708.0,-27000.0,810708.0,2544.0,87.0,-18.0,0.0,,2026-07-24T11:48:56.404863+08:00
2880,2022-11-28,-401637.0,-2276172.0,0.0,-2677809.0,2620.0,87.0,76.0,0.0,,2026-07-24T11:48:56.404863+08:00
2880,2022-11-29,-78031.0,2572162.0,0.0,2494131.0,2654.0,87.0,34.0,0.0,,2026-07-24T11:48:56.404863+08:00
2880,2022-11-30,-24000.0,5790350.0,-11234.0,5755116.0,2583.0,81.0,-71.0,-6.0,,2026-07-24T11:48:56.404863+08:00
2880,2022-12-01,-588000.0,1541508.0,10000.0,963508.0,2540.0,77.0,-43.0,-4.0,,2026-07-24T11:48:56.404863+08:00
2880,2022-12-02,-553646.0,-1917611.0,-104000.0,-2575257.0,2616.0,75.0,76.0,-2.0,,2026-07-24T11:48:56.404863+08:00
2880,2022-12-05,-69674.0,-788555.0,0.0,-858229.0,2898.0,75.0,282.0,0.0,,2026-07-24T11:48:56.404863+08:00
2880,2022-12-06,-79000.0,-1322439.0,0.0,-1401439.0,3118.0,75.0,220.0,0.0,,2026-07-24T11:48:56.404863+08:00
2880,2022-12-07,-100950.0,8948492.0,0.0,8847542.0,2829.0,87.0,-289.0,12.0,,2026-07-24T11:48:56.404863+08:00
2880,2022-12-08,2000.0,881285.0,33000.0,916285.0,2807.0,77.0,-22.0,-10.0,,2026-07-24T11:48:56.404863+08:00
2880,2022-12-09,-20752.0,2250766.0,0.0,2230014.0,2665.0,77.0,-142.0,0.0,,2026-07-24T11:48:56.404863+08:00
2880,2022-12-12,-19000.0,497431.0,0.0,478431.0,2666.0,77.0,1.0,0.0,,2026-07-24T11:48:56.404863+08:00
2880,2022-12-13,11492.0,-4102938.0,-53000.0,-4144446.0,3036.0,76.0,370.0,-1.0,,2026-07-24T11:48:56.404863+08:00
2880,2022-12-14,455000.0,3203447.0,885.0,3659332.0,2833.0,78.0,-203.0,2.0,,2026-07-24T11:48:56.404863+08:00
2880,2022-12-15,-173318.0,1030033.0,0.0,856715.0,2755.0,79.0,-78.0,1.0,,2026-07-24T11:48:56.404863+08:00
2880,2022-12-16,-713771.0,293012.0,125000.0,-295759.0,2642.0,78.0,-113.0,-1.0,,2026-07-24T11:48:56.404863+08:00
2880,2022-12-19,-224205.0,2639000.0,7740.0,2422535.0,2380.0,78.0,-262.0,0.0,,2026-07-24T11:48:56.404863+08:00
2880,2022-12-20,-246433.0,3154733.0,43000.0,2951300.0,2666.0,88.0,286.0,10.0,,2026-07-24T11:48:56.404863+08:00
2880,2022-12-21,-665000.0,818700.0,0.0,153700.0,2719.0,106.0,53.0,18.0,,2026-07-24T11:48:56.404863+08:00
2880,2022-12-22,-101000.0,1327873.0,0.0,1226873.0,2702.0,106.0,-17.0,0.0,,2026-07-24T11:48:56.404863+08:00
2880,2022-12-23,-512307.0,-695473.0,41000.0,-1166780.0,2637.0,106.0,-65.0,0.0,,2026-07-24T11:48:56.404863+08:00
2880,2022-12-26,-77940.0,2731986.0,93000.0,2747046.0,2050.0,110.0,-587.0,4.0,,2026-07-24T11:48:56.404863+08:00
2880,2022-12-27,92000.0,902972.0,27000.0,1021972.0,2067.0,114.0,17.0,4.0,,2026-07-24T11:48:56.404863+08:00
2880,2022-12-28,-736000.0,180917.0,78000.0,-477083.0,2216.0,113.0,149.0,-1.0,,2026-07-24T11:48:56.404863+08:00
2880,2022-12-29,-80897.0,-2418000.0,153000.0,-2345897.0,2309.0,104.0,93.0,-9.0,,2026-07-24T11:48:56.404863+08:00
2880,2022-12-30,0.0,1828441.0,13000.0,1841441.0,2260.0,104.0,-49.0,0.0,,2026-07-24T11:48:56.404863+08:00
2880,2023-01-03,69475.0,-2280820.0,52000.0,-2159345.0,2208.0,104.0,-52.0,0.0,,2026-07-24T11:48:56.404863+08:00
2880,2023-01-04,317000.0,332000.0,273000.0,922000.0,2243.0,104.0,35.0,0.0,,2026-07-24T11:48:56.404863+08:00
2880,2023-01-05,146834.0,2108959.0,13000.0,2268793.0,2204.0,104.0,-39.0,0.0,,2026-07-24T11:48:56.404863+08:00
2880,2023-01-06,186000.0,2146203.0,134000.0,2466203.0,2119.0,100.0,-85.0,-4.0,,2026-07-24T11:48:56.404863+08:00
2880,2023-01-09,176272.0,12892854.0,206000.0,13275126.0,1903.0,92.0,-216.0,-8.0,,2026-07-24T11:48:56.404863+08:00
2880,2023-01-10,-18364.0,4649900.0,10000.0,4641536.0,1863.0,92.0,-40.0,0.0,,2026-07-24T11:48:56.404863+08:00
2880,2023-01-11,432295.0,-5695599.0,32000.0,-5231304.0,1835.0,92.0,-28.0,0.0,,2026-07-24T11:48:56.404863+08:00
2880,2023-01-12,2610.0,-4694572.0,187000.0,-4504962.0,1895.0,91.0,60.0,-1.0,,2026-07-24T11:48:56.404863+08:00
2880,2023-01-13,70817.0,-2006123.0,1000.0,-1934306.0,1904.0,99.0,9.0,8.0,,2026-07-24T11:48:56.404863+08:00
2880,2023-01-16,39000.0,2681900.0,0.0,2720900.0,1804.0,82.0,-100.0,-17.0,,2026-07-24T11:48:56.404863+08:00
2880,2023-01-17,7.0,-1721083.0,-1894000.0,-3615076.0,1938.0,82.0,134.0,0.0,,2026-07-24T11:48:56.404863+08:00
2880,2023-01-30,-3908.0,2467378.0,132000.0,2595470.0,1839.0,82.0,-99.0,0.0,,2026-07-24T11:48:56.404863+08:00
2880,2023-01-31,7495.0,-8545332.0,12000.0,-8525837.0,1953.0,82.0,114.0,0.0,,2026-07-24T11:48:56.404863+08:00
2880,2023-02-01,-1824.0,-1130903.0,-3000.0,-1135727.0,1949.0,82.0,-4.0,0.0,,2026-07-24T11:48:56.404863+08:00
2880,2023-02-02,-53099.0,-4425000.0,14000.0,-4464099.0,1990.0,81.0,41.0,-1.0,,2026-07-24T11:48:56.404863+08:00
2880,2023-02-03,-32275.0,-1459423.0,0.0,-1491698.0,1987.0,82.0,-3.0,1.0,,2026-07-24T11:48:56.404863+08:00
2880,2023-02-06,-6055.0,-3903873.0,4000.0,-3905928.0,2001.0,84.0,14.0,2.0,,2026-07-24T11:48:56.404863+08:00
2880,2023-02-07,0.0,-2753636.0,6000.0,-2747636.0,2039.0,84.0,38.0,0.0,,2026-07-24T11:48:56.404863+08:00
2880,2023-02-08,-53000.0,-2691372.0,-5000.0,-2749372.0,2064.0,84.0,25.0,0.0,,2026-07-24T11:48:56.404863+08:00
2880,2023-02-09,-20000.0,-3640360.0,0.0,-3660360.0,2105.0,72.0,41.0,-12.0,,2026-07-24T11:48:56.404863+08:00
2880,2023-02-10,-284000.0,-1615703.0,-1000.0,-1900703.0,2044.0,65.0,-61.0,-7.0,,2026-07-24T11:48:56.404863+08:00
2880,2023-02-13,-254544.0,-1407000.0,0.0,-1661544.0,2140.0,65.0,96.0,0.0,,2026-07-24T11:48:56.404863+08:00
2880,2023-02-14,210000.0,3633972.0,0.0,3843972.0,2096.0,63.0,-44.0,-2.0,,2026-07-24T11:48:56.404863+08:00
2880,2023-02-15,40964.0,-3605782.0,39851.0,-3524967.0,2052.0,62.0,-44.0,-1.0,,2026-07-24T11:48:56.404863+08:00
2880,2023-02-16,136000.0,-1054923.0,73879.0,-845044.0,2140.0,62.0,88.0,0.0,,2026-07-24T11:48:56.404863+08:00
2880,2023-02-17,198100.0,-1082477.0,97164.0,-787213.0,2099.0,62.0,-41.0,0.0,,2026-07-24T11:48:56.404863+08:00
2880,2023-02-20,-132600.0,209000.0,49000.0,125400.0,1980.0,61.0,-119.0,-1.0,,2026-07-24T11:48:56.404863+08:00
2880,2023-02-21,-251152.0,-1397924.0,26000.0,-1623076.0,1972.0,60.0,-8.0,-1.0,,2026-07-24T11:48:56.404863+08:00
2880,2023-02-22,-507141.0,29791.0,26000.0,-451350.0,2013.0,60.0,41.0,0.0,,2026-07-24T11:48:56.404863+08:00
2880,2023-02-23,15268.0,1548954.0,53000.0,1617222.0,2012.0,60.0,-1.0,0.0,,2026-07-24T11:48:56.404863+08:00
2880,2023-02-24,-78000.0,-1337766.0,27000.0,-1388766.0,2015.0,60.0,3.0,0.0,,2026-07-24T11:48:56.404863+08:00
2880,2023-03-01,-790642.0,-1182243.0,148000.0,-1824885.0,2010.0,60.0,-5.0,0.0,,2026-07-24T11:48:56.404863+08:00
2880,2023-03-02,-440470.0,-1925220.0,26630.0,-2339060.0,2013.0,60.0,3.0,0.0,,2026-07-24T11:48:56.404863+08:00
2880,2023-03-03,-23227.0,-1274862.0,662000.0,-636089.0,2010.0,60.0,-3.0,0.0,,2026-07-24T11:48:56.404863+08:00
2880,2023-03-06,924892.0,498601.0,666000.0,2089493.0,2034.0,60.0,24.0,0.0,,2026-07-24T11:48:56.404863+08:00
2880,2023-03-07,193067.0,1333151.0,514000.0,2040218.0,2122.0,60.0,88.0,0.0,,2026-07-24T11:48:56.404863+08:00
2880,2023-03-08,459000.0,-3236954.0,147000.0,-2630954.0,2188.0,55.0,66.0,-5.0,,2026-07-24T11:48:56.404863+08:00
2880,2023-03-09,-39895.0,-3695986.0,-14076.0,-3749957.0,2210.0,43.0,22.0,-12.0,,2026-07-24T11:48:56.404863+08:00
2880,2023-03-10,-151181.0,-8324855.0,170851.0,-8305185.0,2223.0,49.0,13.0,6.0,,2026-07-24T11:48:56.404863+08:00
2880,2023-03-13,-232732.0,-2106520.0,138309.0,-2200943.0,2296.0,50.0,73.0,1.0,,2026-07-24T11:48:56.404863+08:00
2880,2023-03-14,-272913.0,-9280030.0,113223.0,-9439720.0,2374.0,52.0,78.0,2.0,,2026-07-24T11:48:56.404863+08:00
2880,2023-03-15,-694855.0,-6486316.0,111171.0,-7070000.0,2627.0,52.0,253.0,0.0,,2026-07-24T11:48:56.404863+08:00
2880,2023-03-16,-178751.0,-3407983.0,66397.0,-3520337.0,2756.0,70.0,129.0,18.0,,2026-07-24T11:48:56.404863+08:00
2880,2023-03-17,-104154.0,-1144296.0,-2804103.0,-4052553.0,2784.0,171.0,28.0,101.0,,2026-07-24T11:48:56.404863+08:00
2880,2023-03-20,17448.0,-3629000.0,20000.0,-3591552.0,2895.0,190.0,111.0,19.0,,2026-07-24T11:48:56.404863+08:00
2880,2023-03-21,46989.0,-856054.0,46000.0,-763065.0,2894.0,172.0,-1.0,-18.0,,2026-07-24T11:48:56.404863+08:00
2880,2023-03-22,87000.0,-315974.0,-34081.0,-263055.0,2863.0,172.0,-31.0,0.0,,2026-07-24T11:48:56.404863+08:00
2880,2023-03-23,-35023.0,2358691.0,546898.0,2870566.0,2879.0,72.0,16.0,-100.0,,2026-07-24T11:48:56.404863+08:00
2880,2023-03-24,81005.0,-984529.0,2034346.0,1130822.0,2685.0,72.0,-194.0,0.0,,2026-07-24T11:48:56.404863+08:00
2880,2023-03-27,44000.0,504000.0,0.0,548000.0,2574.0,71.0,-111.0,-1.0,,2026-07-24T11:48:56.404863+08:00
2880,2023-03-28,64000.0,317954.0,-19000.0,362954.0,2587.0,71.0,13.0,0.0,,2026-07-24T11:48:56.404863+08:00
2880,2023-03-29,2000.0,2203445.0,9000.0,2214445.0,2551.0,70.0,-36.0,-1.0,,2026-07-24T11:48:56.404863+08:00
2880,2023-03-30,-17000.0,-721943.0,0.0,-738943.0,2515.0,70.0,-36.0,0.0,,2026-07-24T11:48:56.404863+08:00
2880,2023-03-31,72000.0,3475797.0,28000.0,3575797.0,2309.0,71.0,-206.0,1.0,,2026-07-24T11:48:56.404863+08:00
2880,2023-04-06,16010.0,2461055.0,-10000.0,2467065.0,2264.0,65.0,-45.0,-6.0,,2026-07-24T11:48:56.404863+08:00
2880,2023-04-07,-29488.0,-644000.0,133942.0,-539546.0,2282.0,44.0,18.0,-21.0,,2026-07-24T11:48:56.404863+08:00
2880,2023-04-10,77001.0,355087.0,26978.0,459066.0,2228.0,0.0,-54.0,-44.0,,2026-07-24T11:48:56.404863+08:00
2880,2023-04-11,91000.0,2195982.0,59000.0,2345982.0,2246.0,0.0,18.0,0.0,,2026-07-24T11:48:56.404863+08:00
2880,2023-04-12,190000.0,-374579.0,29000.0,-155579.0,2210.0,0.0,-36.0,0.0,,2026-07-24T11:48:56.404863+08:00
2880,2023-04-13,4000.0,2701112.0,43000.0,2748112.0,2148.0,0.0,-62.0,0.0,,2026-07-24T11:48:56.404863+08:00
2880,2023-04-14,352000.0,2542225.0,29000.0,2923225.0,2110.0,0.0,-38.0,0.0,,2026-07-24T11:48:56.404863+08:00
2880,2023-04-17,64003.0,1374777.0,240000.0,1678780.0,1816.0,0.0,-294.0,0.0,,2026-07-24T11:48:56.404863+08:00
2880,2023-04-18,4000.0,1106002.0,20259.0,1130261.0,1756.0,0.0,-60.0,0.0,,2026-07-24T11:48:56.404863+08:00
2880,2023-04-19,466000.0,1072548.0,91000.0,1629548.0,1692.0,0.0,-64.0,0.0,,2026-07-24T11:48:56.404863+08:00
2880,2023-04-20,32000.0,-583549.0,84518.0,-467031.0,1674.0,2.0,-18.0,2.0,,2026-07-24T11:48:56.404863+08:00
2880,2023-04-21,-73000.0,331905.0,517000.0,775905.0,1638.0,3.0,-36.0,1.0,,2026-07-24T11:48:56.404863+08:00
2880,2023-04-24,-34000.0,806200.0,127000.0,899200.0,1638.0,3.0,0.0,0.0,,2026-07-24T11:48:56.404863+08:00
2880,2023-04-25,172000.0,952841.0,189000.0,1313841.0,1627.0,3.0,-11.0,0.0,,2026-07-24T11:48:56.404863+08:00
2880,2023-04-26,1378996.0,1367052.0,400000.0,3146048.0,1611.0,4.0,-16.0,1.0,,2026-07-24T11:48:56.404863+08:00
2880,2023-04-27,202756.0,-1447081.0,108000.0,-1136325.0,1610.0,4.0,-1.0,0.0,,2026-07-24T11:48:56.404863+08:00
2880,2023-04-28,407535.0,-6894916.0,54000.0,-6433381.0,2693.0,3.0,1083.0,-1.0,,2026-07-24T11:48:56.404863+08:00
2880,2023-05-02,65000.0,4395039.0,188000.0,4648039.0,3030.0,5.0,337.0,2.0,,2026-07-24T11:48:56.404863+08:00
2880,2023-05-03,140000.0,1192683.0,39000.0,1371683.0,2996.0,5.0,-34.0,0.0,,2026-07-24T11:48:56.404863+08:00
2880,2023-05-04,23000.0,2303192.0,26000.0,2352192.0,3014.0,5.0,18.0,0.0,,2026-07-24T11:48:56.404863+08:00
2880,2023-05-05,5000.0,1968410.0,55000.0,2028410.0,2979.0,5.0,-35.0,0.0,,2026-07-24T11:48:56.404863+08:00
2880,2023-05-08,90000.0,4088045.0,84000.0,4262045.0,2962.0,5.0,-17.0,0.0,,2026-07-24T11:48:56.404863+08:00
2880,2023-05-09,25000.0,2351353.0,28000.0,2404353.0,2920.0,5.0,-42.0,0.0,,2026-07-24T11:48:56.404863+08:00
2880,2023-05-10,59000.0,4226991.0,20000.0,4305991.0,3009.0,5.0,89.0,0.0,,2026-07-24T11:48:56.404863+08:00
2880,2023-05-11,-36000.0,-506429.0,40000.0,-502429.0,3002.0,5.0,-7.0,0.0,,2026-07-24T11:48:56.404863+08:00
2880,2023-05-12,-5080.0,-1529750.0,39000.0,-1495830.0,3227.0,5.0,225.0,0.0,,2026-07-24T11:48:56.404863+08:00
2880,2023-05-15,370000.0,-339911.0,219000.0,249089.0,3165.0,5.0,-62.0,0.0,,2026-07-24T11:48:56.404863+08:00
2880,2023-05-16,2427000.0,3237117.0,-25000.0,5639117.0,3075.0,2.0,-90.0,-3.0,,2026-07-24T11:48:56.404863+08:00
2880,2023-05-17,5989882.0,5954190.0,47000.0,11991072.0,2733.0,7.0,-342.0,5.0,,2026-07-24T11:48:56.404863+08:00
2880,2023-05-18,1507091.0,7271640.0,119000.0,8897731.0,2607.0,7.0,-126.0,0.0,,2026-07-24T11:48:56.404863+08:00
2880,2023-05-19,880355.0,10863744.0,-33000.0,11711099.0,2436.0,7.0,-171.0,0.0,,2026-07-24T11:48:56.404863+08:00
2880,2023-05-22,-13000.0,2643699.0,-9000.0,2621699.0,2436.0,7.0,0.0,0.0,,2026-07-24T11:48:56.404863+08:00
2880,2023-05-23,379997.0,2916317.0,-6000.0,3290314.0,2430.0,7.0,-6.0,0.0,,2026-07-24T11:48:56.404863+08:00
2880,2023-05-24,885020.0,828183.0,-3000.0,1710203.0,2332.0,7.0,-98.0,0.0,,2026-07-24T11:48:56.404863+08:00
2880,2023-05-25,9012.0,-1568900.0,-41000.0,-1600888.0,2627.0,10.0,295.0,3.0,,2026-07-24T11:48:56.404863+08:00
2880,2023-05-26,-72641.0,-819200.0,-137000.0,-1028841.0,2238.0,20.0,-389.0,10.0,,2026-07-24T11:48:56.404863+08:00
2880,2023-05-29,157000.0,1085155.0,-43000.0,1199155.0,2255.0,17.0,17.0,-3.0,,2026-07-24T11:48:56.404863+08:00
2880,2023-05-30,-136000.0,4609000.0,-51000.0,4422000.0,2250.0,17.0,-5.0,0.0,,2026-07-24T11:48:56.404863+08:00
2880,2023-05-31,1358842.0,-2060230.0,-77611.0,-778999.0,2314.0,17.0,64.0,0.0,,2026-07-24T11:48:56.404863+08:00
2880,2023-06-01,68809.0,-1360369.0,-47000.0,-1338560.0,2275.0,17.0,-39.0,0.0,,2026-07-24T11:48:56.404863+08:00
2880,2023-06-02,45000.0,3045273.0,-81000.0,3009273.0,2286.0,17.0,11.0,0.0,,2026-07-24T11:48:56.404863+08:00
2880,2023-06-05,71754.0,934156.0,-128570.0,877340.0,2396.0,17.0,110.0,0.0,,2026-07-24T11:48:56.404863+08:00
2880,2023-06-06,51000.0,1703358.0,-106358.0,1648000.0,2591.0,17.0,195.0,0.0,,2026-07-24T11:48:56.404863+08:00
2880,2023-06-07,112000.0,-285222.0,-55085.0,-228307.0,2590.0,17.0,-1.0,0.0,,2026-07-24T11:48:56.404863+08:00
2880,2023-06-08,16000.0,676888.0,-93092.0,599796.0,2579.0,17.0,-11.0,0.0,,2026-07-24T11:48:56.404863+08:00
2880,2023-06-09,144000.0,-503459.0,-59195.0,-418654.0,2614.0,17.0,35.0,0.0,,2026-07-24T11:48:56.404863+08:00
2880,2023-06-12,-2199.0,1693710.0,-51000.0,1640511.0,2621.0,17.0,7.0,0.0,,2026-07-24T11:48:56.404863+08:00
2880,2023-06-13,621000.0,4321274.0,-86000.0,4856274.0,2606.0,16.0,-15.0,-1.0,,2026-07-24T11:48:56.404863+08:00
2880,2023-06-14,333000.0,829470.0,-6000.0,1156470.0,2612.0,16.0,6.0,0.0,,2026-07-24T11:48:56.404863+08:00
2880,2023-06-15,-7999.0,-402183.0,-158000.0,-568182.0,2589.0,16.0,-23.0,0.0,,2026-07-24T11:48:56.404863+08:00
2880,2023-06-16,295000.0,-2359050.0,-415984.0,-2480034.0,2599.0,16.0,10.0,0.0,,2026-07-24T11:48:56.404863+08:00
2880,2023-06-19,-46522.0,1639353.0,12000.0,1604831.0,2418.0,6.0,-181.0,-10.0,,2026-07-24T11:48:56.404863+08:00
2880,2023-06-20,129697.0,-1005758.0,-87185.0,-963246.0,2258.0,7.0,-160.0,1.0,,2026-07-24T11:48:56.404863+08:00
2880,2023-06-21,426000.0,1647509.0,-7000.0,2066509.0,2173.0,7.0,-85.0,0.0,,2026-07-24T11:48:56.404863+08:00
2880,2023-06-26,131008.0,656891.0,12000.0,799899.0,2149.0,7.0,-24.0,0.0,,2026-07-24T11:48:56.404863+08:00
2880,2023-06-27,308000.0,237529.0,-25000.0,520529.0,2141.0,7.0,-8.0,0.0,,2026-07-24T11:48:56.404863+08:00
2880,2023-06-28,339001.0,-1889457.0,-31000.0,-1581456.0,2091.0,7.0,-50.0,0.0,,2026-07-24T11:48:56.404863+08:00
2880,2023-06-29,424000.0,177000.0,-5000.0,596000.0,2065.0,7.0,-26.0,0.0,,2026-07-24T11:48:56.404863+08:00
2880,2023-06-30,66000.0,-1996874.0,30756.0,-1900118.0,2113.0,7.0,48.0,0.0,,2026-07-24T11:48:56.404863+08:00
2880,2023-07-03,304034.0,-385842.0,0.0,-81808.0,2161.0,7.0,48.0,0.0,,2026-07-24T11:48:56.404863+08:00
2880,2023-07-04,-58000.0,-1315586.0,-145000.0,-1518586.0,2173.0,7.0,12.0,0.0,,2026-07-24T11:48:56.404863+08:00
2880,2023-07-05,-583780.0,-3771040.0,-81024.0,-4435844.0,2142.0,9.0,-31.0,2.0,,2026-07-24T11:48:56.404863+08:00
2880,2023-07-06,-860144.0,-16629453.0,-102000.0,-17591597.0,2225.0,9.0,83.0,0.0,,2026-07-24T11:48:56.404863+08:00
2880,2023-07-07,-228112.0,-6250264.0,-55000.0,-6533376.0,2217.0,8.0,-8.0,-1.0,,2026-07-24T11:48:56.404863+08:00
2880,2023-07-10,-497399.0,-1787000.0,0.0,-2284399.0,2228.0,8.0,11.0,0.0,,2026-07-24T11:48:56.404863+08:00
2880,2023-07-11,397010.0,662862.0,-9000.0,1050872.0,2155.0,6.0,-73.0,-2.0,,2026-07-24T11:48:56.404863+08:00
2880,2023-07-12,-655861.0,226126.0,-24000.0,-453735.0,2153.0,6.0,-2.0,0.0,,2026-07-24T11:48:56.404863+08:00
2880,2023-07-13,10000.0,822175.0,-79000.0,753175.0,2178.0,6.0,25.0,0.0,,2026-07-24T11:48:56.404863+08:00
2880,2023-07-14,71000.0,2841110.0,146000.0,3058110.0,2126.0,6.0,-52.0,0.0,,2026-07-24T11:48:56.404863+08:00
2880,2023-07-17,525000.0,3236010.0,-99000.0,3662010.0,2063.0,6.0,-63.0,0.0,,2026-07-24T11:48:56.404863+08:00
2880,2023-07-18,-82000.0,9628.0,-362000.0,-434372.0,2224.0,6.0,161.0,0.0,,2026-07-24T11:48:56.404863+08:00
2880,2023-07-19,-429000.0,875319.0,-47000.0,399319.0,2134.0,6.0,-90.0,0.0,,2026-07-24T11:48:56.404863+08:00
2880,2023-07-20,-46227.0,2612748.0,-37000.0,2529521.0,2135.0,6.0,1.0,0.0,,2026-07-24T11:48:56.404863+08:00
2880,2023-07-21,98000.0,-345993.0,-60000.0,-307993.0,2133.0,6.0,-2.0,0.0,,2026-07-24T11:48:56.404863+08:00
2880,2023-07-24,-57998.0,-2695737.0,-74000.0,-2827735.0,2152.0,6.0,19.0,0.0,,2026-07-24T11:48:56.404863+08:00
2880,2023-07-25,248917.0,1593476.0,-133000.0,1709393.0,2162.0,6.0,10.0,0.0,,2026-07-24T11:48:56.404863+08:00
2880,2023-07-26,28000.0,2333018.0,-104000.0,2257018.0,2175.0,6.0,13.0,0.0,,2026-07-24T11:48:56.404863+08:00
2880,2023-07-27,115000.0,1468115.0,138000.0,1721115.0,2184.0,6.0,9.0,0.0,,2026-07-24T11:48:56.404863+08:00
2880,2023-07-28,36007.0,1465.0,-80000.0,-42528.0,2225.0,6.0,41.0,0.0,,2026-07-24T11:48:56.404863+08:00
2880,2023-07-31,570000.0,1721171.0,-25000.0,2266171.0,2183.0,6.0,-42.0,0.0,,2026-07-24T11:48:56.404863+08:00
2880,2023-08-01,50717.0,2022882.0,908000.0,2981599.0,2430.0,6.0,247.0,0.0,,2026-07-24T11:48:56.404863+08:00
2880,2023-08-02,-509399.0,-6424176.0,590000.0,-6343575.0,2555.0,6.0,125.0,0.0,,2026-07-24T11:48:56.404863+08:00
2880,2023-08-04,-111288.0,97527.0,363867.0,350106.0,2551.0,6.0,-4.0,0.0,,2026-07-24T11:48:56.404863+08:00
2880,2023-08-07,-260881.0,-14810.0,390000.0,114309.0,2565.0,6.0,14.0,0.0,,2026-07-24T11:48:56.404863+08:00
2880,2023-08-08,-933856.0,-2112546.0,660000.0,-2386402.0,2329.0,6.0,-236.0,0.0,,2026-07-24T11:48:56.404863+08:00
2880,2023-08-09,-62000.0,-656566.0,2248000.0,1529434.0,2285.0,6.0,-44.0,0.0,,2026-07-24T11:48:56.404863+08:00
2880,2023-08-10,-63000.0,-903900.0,1513000.0,546100.0,2764.0,6.0,479.0,0.0,,2026-07-24T11:48:56.404863+08:00
2880,2023-08-11,-200411.0,3680.0,129000.0,-67731.0,2150.0,3.0,-614.0,-3.0,,2026-07-24T11:48:56.404863+08:00
2880,2023-08-14,-498269.0,-6707301.0,1410878.0,-5794692.0,2206.0,0.0,56.0,-3.0,,2026-07-24T11:48:56.404863+08:00
2880,2023-08-15,21692.0,-5066940.0,258000.0,-4787248.0,2284.0,0.0,78.0,0.0,,2026-07-24T11:48:56.404863+08:00
2880,2023-08-16,50831.0,-10629720.0,710630.0,-9868259.0,2570.0,0.0,286.0,0.0,,2026-07-24T11:48:56.404863+08:00
2880,2023-08-17,-201989.0,-9445809.0,456739.0,-9191059.0,2507.0,0.0,-63.0,0.0,,2026-07-24T11:48:56.404863+08:00
2880,2023-08-18,-306603.0,-4350339.0,72000.0,-4584942.0,2438.0,0.0,-69.0,0.0,,2026-07-24T11:48:56.404863+08:00
2880,2023-08-21,68000.0,-1702042.0,142393.0,-1491649.0,2450.0,0.0,12.0,0.0,,2026-07-24T11:48:56.404863+08:00
2880,2023-08-22,-20000.0,-2523310.0,100514.0,-2442796.0,2417.0,0.0,-33.0,0.0,,2026-07-24T11:48:56.404863+08:00
2880,2023-08-23,-93939.0,-5774911.0,102230.0,-5766620.0,2429.0,0.0,12.0,0.0,,2026-07-24T11:48:56.404863+08:00
2880,2023-08-24,-12534.0,-4572162.0,75467.0,-4509229.0,2421.0,0.0,-8.0,0.0,,2026-07-24T11:48:56.404863+08:00
2880,2023-08-25,-262000.0,-1685362.0,123766.0,-1823596.0,2514.0,6.0,93.0,6.0,,2026-07-24T11:48:56.404863+08:00
2880,2023-08-28,-36000.0,751760.0,88000.0,803760.0,2444.0,5.0,-70.0,-1.0,,2026-07-24T11:48:56.404863+08:00
2880,2023-08-29,-44000.0,-1221711.0,82000.0,-1183711.0,2463.0,5.0,19.0,0.0,,2026-07-24T11:48:56.404863+08:00
2880,2023-08-30,15000.0,1091010.0,15000.0,1121010.0,2553.0,0.0,90.0,-5.0,,2026-07-24T11:48:56.404863+08:00
2880,2023-08-31,56494.0,-5639515.0,-3955756.0,-9538777.0,2491.0,0.0,-62.0,0.0,,2026-07-24T11:48:56.404863+08:00
2880,2023-09-01,-9001.0,-1317000.0,2591.0,-1323410.0,2489.0,0.0,-2.0,0.0,,2026-07-24T11:48:56.404863+08:00
2880,2023-09-04,-88000.0,-1244524.0,46000.0,-1286524.0,2475.0,0.0,-14.0,0.0,,2026-07-24T11:48:56.404863+08:00
2880,2023-09-05,-1905.0,-2085669.0,-27188.0,-2114762.0,2484.0,0.0,9.0,0.0,,2026-07-24T11:48:56.404863+08:00
2880,2023-09-06,-513933.0,-6772134.0,61057.0,-7225010.0,2502.0,0.0,18.0,0.0,,2026-07-24T11:48:56.404863+08:00
2880,2023-09-07,-486493.0,-3527362.0,121606.0,-3892249.0,2499.0,5.0,-3.0,5.0,,2026-07-24T11:48:56.404863+08:00
2880,2023-09-08,-195843.0,-1979904.0,256000.0,-1919747.0,2500.0,6.0,1.0,1.0,,2026-07-24T11:48:56.404863+08:00
2880,2023-09-11,-83300.0,-1326057.0,94000.0,-1315357.0,2458.0,6.0,-42.0,0.0,,2026-07-24T11:48:56.404863+08:00
2880,2023-09-12,-130996.0,557081.0,79000.0,505085.0,2421.0,7.0,-37.0,1.0,,2026-07-24T11:48:56.404863+08:00
2880,2023-09-13,-19000.0,-2541288.0,34000.0,-2526288.0,2316.0,7.0,-105.0,0.0,,2026-07-24T11:48:56.404863+08:00
2880,2023-09-14,-2000.0,782715.0,0.0,780715.0,2273.0,2.0,-43.0,-5.0,,2026-07-24T11:48:56.404863+08:00
2880,2023-09-15,50044.0,-125517.0,-2758000.0,-2833473.0,2291.0,2.0,18.0,0.0,,2026-07-24T11:48:56.404863+08:00
2880,2023-09-18,-51147.0,-818950.0,63000.0,-807097.0,2295.0,3.0,4.0,1.0,,2026-07-24T11:48:56.404863+08:00
2880,2023-09-19,-190000.0,-2421110.0,7000.0,-2604110.0,2304.0,3.0,9.0,0.0,,2026-07-24T11:48:56.404863+08:00
2880,2023-09-20,-287417.0,-686456.0,41000.0,-932873.0,2295.0,7.0,-9.0,4.0,,2026-07-24T11:48:56.404863+08:00
2880,2023-09-21,-271081.0,-10549482.0,149000.0,-10671563.0,2295.0,7.0,0.0,0.0,,2026-07-24T11:48:56.404863+08:00
2880,2023-09-22,0.0,-764900.0,83000.0,-681900.0,2292.0,7.0,-3.0,0.0,,2026-07-24T11:48:56.404863+08:00
2880,2023-09-25,0.0,-1227563.0,44000.0,-1183563.0,2294.0,7.0,2.0,0.0,,2026-07-24T11:48:56.404863+08:00
2880,2023-09-26,-576630.0,-5031000.0,40000.0,-5567630.0,2299.0,7.0,5.0,0.0,,2026-07-24T11:48:56.404863+08:00
2880,2023-09-27,-575063.0,-2176000.0,124390.0,-2626673.0,2315.0,7.0,16.0,0.0,,2026-07-24T11:48:56.404863+08:00
2880,2023-09-28,-2080.0,-2854733.0,67000.0,-2789813.0,2343.0,7.0,28.0,0.0,,2026-07-24T11:48:56.404863+08:00
2880,2023-10-02,51000.0,-679447.0,166977.0,-461470.0,2320.0,6.0,-23.0,-1.0,,2026-07-24T11:48:56.404863+08:00
2880,2023-10-03,85001.0,-3796000.0,66999.0,-3644000.0,2288.0,5.0,-32.0,-1.0,,2026-07-24T11:48:56.404863+08:00
2880,2023-10-04,-593059.0,-11288106.0,140704.0,-11740461.0,2311.0,9.0,23.0,4.0,,2026-07-24T11:48:56.404863+08:00
2880,2023-10-05,-145990.0,-1384266.0,142673.0,-1387583.0,2312.0,10.0,1.0,1.0,,2026-07-24T11:48:56.404863+08:00
2880,2023-10-06,85351.0,72000.0,270000.0,427351.0,2320.0,10.0,8.0,0.0,,2026-07-24T11:48:56.404863+08:00
2880,2023-10-11,541000.0,4571978.0,21000.0,5133978.0,2358.0,10.0,38.0,0.0,,2026-07-24T11:48:56.404863+08:00
2880,2023-10-12,96000.0,4057000.0,20000.0,4173000.0,2320.0,6.0,-38.0,-4.0,,2026-07-24T11:48:56.404863+08:00
2880,2023-10-13,16000.0,-2296588.0,-1000.0,-2281588.0,2315.0,6.0,-5.0,0.0,,2026-07-24T11:48:56.404863+08:00
2880,2023-10-16,-2999.0,-997222.0,163370.0,-836851.0,2301.0,6.0,-14.0,0.0,,2026-07-24T11:48:56.404863+08:00
2880,2023-10-17,24264.0,-1755630.0,60000.0,-1671366.0,2269.0,7.0,-32.0,1.0,,2026-07-24T11:48:56.404863+08:00
2880,2023-10-18,842020.0,-1528106.0,75000.0,-611086.0,2216.0,7.0,-53.0,0.0,,2026-07-24T11:48:56.404863+08:00
2880,2023-10-19,121484.0,-2646086.0,598436.0,-1926166.0,2207.0,8.0,-9.0,1.0,,2026-07-24T11:48:56.404863+08:00
2880,2023-10-20,-161052.0,-4161573.0,592561.0,-3730064.0,2207.0,10.0,0.0,2.0,,2026-07-24T11:48:56.404863+08:00
2880,2023-10-23,-220381.0,-423500.0,33000.0,-610881.0,2205.0,10.0,-2.0,0.0,,2026-07-24T11:48:56.404863+08:00
2880,2023-10-24,-95918.0,-4620773.0,69983.0,-4646708.0,2229.0,11.0,24.0,1.0,,2026-07-24T11:48:56.404863+08:00
2880,2023-10-25,-43000.0,-3477314.0,77444.0,-3442870.0,2270.0,10.0,41.0,-1.0,,2026-07-24T11:48:56.404863+08:00
2880,2023-10-26,-574780.0,-3991736.0,68000.0,-4498516.0,2298.0,10.0,28.0,0.0,,2026-07-24T11:48:56.404863+08:00
2880,2023-10-27,10000.0,517988.0,188000.0,715988.0,2256.0,10.0,-42.0,0.0,,2026-07-24T11:48:56.404863+08:00
2880,2023-10-30,482369.0,-6626891.0,357319.0,-5787203.0,2259.0,10.0,3.0,0.0,,2026-07-24T11:48:56.404863+08:00
2880,2023-10-31,-43000.0,-839958.0,38000.0,-844958.0,2258.0,10.0,-1.0,0.0,,2026-07-24T11:48:56.404863+08:00
2880,2023-11-01,0.0,-87628.0,115000.0,27372.0,2246.0,10.0,-12.0,0.0,,2026-07-24T11:48:56.404863+08:00
2880,2023-11-02,71000.0,1451000.0,91000.0,1613000.0,2203.0,10.0,-43.0,0.0,,2026-07-24T11:48:56.404863+08:00
2880,2023-11-03,46000.0,3065000.0,55000.0,3166000.0,2197.0,10.0,-6.0,0.0,,2026-07-24T11:48:56.404863+08:00
2880,2023-11-06,5226.0,5303014.0,0.0,5308240.0,2162.0,9.0,-35.0,-1.0,,2026-07-24T11:48:56.404863+08:00
2880,2023-11-07,-65520.0,-227.0,10000.0,-55747.0,2170.0,10.0,8.0,1.0,,2026-07-24T11:48:56.404863+08:00
2880,2023-11-08,75000.0,-1255687.0,-21000.0,-1201687.0,2173.0,11.0,3.0,1.0,,2026-07-24T11:48:56.404863+08:00
2880,2023-11-09,63000.0,-125.0,-11000.0,51875.0,2162.0,12.0,-11.0,1.0,,2026-07-24T11:48:56.404863+08:00
2880,2023-11-10,-142998.0,1263000.0,8000.0,1128002.0,2129.0,12.0,-33.0,0.0,,2026-07-24T11:48:56.404863+08:00
2880,2023-11-13,217701.0,-839325.0,-37000.0,-658624.0,2146.0,12.0,17.0,0.0,,2026-07-24T11:48:56.404863+08:00
2880,2023-11-14,550000.0,2580608.0,-19000.0,3111608.0,2149.0,12.0,3.0,0.0,,2026-07-24T11:48:56.404863+08:00
2880,2023-11-15,716998.0,13358560.0,-543000.0,13532558.0,2114.0,13.0,-35.0,1.0,,2026-07-24T11:48:56.404863+08:00
2880,2023-11-16,179000.0,5169168.0,-46331.0,5301837.0,2124.0,12.0,10.0,-1.0,,2026-07-24T11:48:56.404863+08:00
2880,2023-11-17,43004.0,4965599.0,64822.0,5073425.0,2106.0,12.0,-18.0,0.0,,2026-07-24T11:48:56.404863+08:00
2880,2023-11-20,18002.0,994557.0,0.0,1012559.0,2126.0,13.0,20.0,1.0,,2026-07-24T11:48:56.404863+08:00
2880,2023-11-21,-124000.0,7534292.0,61000.0,7471292.0,2106.0,14.0,-20.0,1.0,,2026-07-24T11:48:56.404863+08:00
2880,2023-11-22,-107000.0,-242773.0,-88194.0,-437967.0,2089.0,15.0,-17.0,1.0,,2026-07-24T11:48:56.404863+08:00
2880,2023-11-23,-173000.0,-1491817.0,30522.0,-1634295.0,2098.0,15.0,9.0,0.0,,2026-07-24T11:48:56.404863+08:00
2880,2023-11-24,28000.0,764851.0,-15405.0,777446.0,2118.0,15.0,20.0,0.0,,2026-07-24T11:48:56.404863+08:00
2880,2023-11-27,998.0,270832.0,-45724.0,226106.0,2102.0,15.0,-16.0,0.0,,2026-07-24T11:48:56.404863+08:00
2880,2023-11-28,187997.0,7864015.0,-55000.0,7997012.0,2068.0,15.0,-34.0,0.0,,2026-07-24T11:48:56.404863+08:00
2880,2023-11-29,61003.0,1988364.0,-28000.0,2021367.0,2073.0,15.0,5.0,0.0,,2026-07-24T11:48:56.404863+08:00
2880,2023-11-30,-489614.0,6389775.0,-26363.0,5873798.0,2075.0,15.0,2.0,0.0,,2026-07-24T11:48:56.404863+08:00
2880,2023-12-01,-74000.0,-2323000.0,17000.0,-2380000.0,2028.0,15.0,-47.0,0.0,,2026-07-24T11:48:56.404863+08:00
2880,2023-12-04,132000.0,2334412.0,48000.0,2514412.0,2027.0,18.0,-1.0,3.0,,2026-07-24T11:48:56.404863+08:00
2880,2023-12-05,-39000.0,3867000.0,-21000.0,3807000.0,2017.0,19.0,-10.0,1.0,,2026-07-24T11:48:56.404863+08:00
2880,2023-12-06,2000.0,5366235.0,0.0,5368235.0,1990.0,22.0,-27.0,3.0,,2026-07-24T11:48:56.404863+08:00
2880,2023-12-07,-24000.0,1561511.0,-3000.0,1534511.0,1983.0,16.0,-7.0,-6.0,,2026-07-24T11:48:56.404863+08:00
2880,2023-12-08,21000.0,3693935.0,-35000.0,3679935.0,1908.0,16.0,-75.0,0.0,,2026-07-24T11:48:56.404863+08:00
2880,2023-12-11,-4059.0,1862066.0,-21000.0,1837007.0,1902.0,16.0,-6.0,0.0,,2026-07-24T11:48:56.404863+08:00
2880,2023-12-12,8000.0,2887502.0,0.0,2895502.0,1841.0,16.0,-61.0,0.0,,2026-07-24T11:48:56.404863+08:00
2880,2023-12-13,0.0,908900.0,30.0,908930.0,1809.0,16.0,-32.0,0.0,,2026-07-24T11:48:56.404863+08:00
2880,2023-12-14,88265.0,9617039.0,-7000.0,9698304.0,1841.0,16.0,32.0,0.0,,2026-07-24T11:48:56.404863+08:00
2880,2023-12-15,87000.0,1138635.0,-87124.0,1138511.0,1858.0,16.0,17.0,0.0,,2026-07-24T11:48:56.404863+08:00
2880,2023-12-18,-80000.0,3251140.0,-80392.0,3090748.0,1810.0,17.0,-48.0,1.0,,2026-07-24T11:48:56.404863+08:00
2880,2023-12-19,-458000.0,964831.0,-42000.0,464831.0,1815.0,16.0,5.0,-1.0,,2026-07-24T11:48:56.404863+08:00
2880,2023-12-20,-187000.0,-3415950.0,-5000.0,-3607950.0,1838.0,16.0,23.0,0.0,,2026-07-24T11:48:56.404863+08:00
2880,2023-12-21,31943.0,-341991.0,-105896.0,-415944.0,1872.0,16.0,34.0,0.0,,2026-07-24T11:48:56.404863+08:00
2880,2023-12-22,-140000.0,-604716.0,-59722.0,-804438.0,1848.0,16.0,-24.0,0.0,,2026-07-24T11:48:56.404863+08:00
2880,2023-12-25,-83.0,749000.0,-5000.0,743917.0,1902.0,16.0,54.0,0.0,,2026-07-24T11:48:56.404863+08:00
2880,2023-12-26,-1000.0,3395380.0,-50000.0,3344380.0,2894.0,16.0,992.0,0.0,,2026-07-24T11:48:56.404863+08:00
2880,2023-12-27,-271014.0,3769316.0,-164029.0,3334273.0,2837.0,4.0,-57.0,-12.0,,2026-07-24T11:48:56.404863+08:00
2880,2023-12-28,-202666.0,7566949.0,-19000.0,7345283.0,2815.0,4.0,-22.0,0.0,,2026-07-24T11:48:56.404863+08:00
2880,2023-12-29,-551242.0,1588926.0,-143000.0,894684.0,2862.0,4.0,47.0,0.0,,2026-07-24T11:48:56.404863+08:00
2880,2024-01-02,-323000.0,1790925.0,0.0,1467925.0,2856.0,4.0,-6.0,0.0,,2026-07-24T11:48:56.404863+08:00
2880,2024-01-03,-283256.0,-3266439.0,17905.0,-3531790.0,2909.0,4.0,53.0,0.0,,2026-07-24T11:48:56.404863+08:00
2880,2024-01-04,-321.0,409408.0,-123000.0,286087.0,2884.0,4.0,-25.0,0.0,,2026-07-24T11:48:56.404863+08:00
2880,2024-01-05,45343.0,1045052.0,-20000.0,1070395.0,2902.0,4.0,18.0,0.0,,2026-07-24T11:48:56.404863+08:00
2880,2024-01-08,20000.0,4033374.0,0.0,4053374.0,2874.0,4.0,-28.0,0.0,,2026-07-24T11:48:56.404863+08:00
2880,2024-01-09,117000.0,-1187836.0,103000.0,-967836.0,2858.0,4.0,-16.0,0.0,,2026-07-24T11:48:56.404863+08:00
2880,2024-01-10,-1001.0,-1738648.0,-423000.0,-2162649.0,2865.0,4.0,7.0,0.0,,2026-07-24T11:48:56.404863+08:00
2880,2024-01-11,81844.0,2473297.0,-327000.0,2228141.0,2850.0,4.0,-15.0,0.0,,2026-07-24T11:48:56.404863+08:00
2880,2024-01-12,-2578.0,-1864000.0,-288445.0,-2155023.0,3257.0,4.0,407.0,0.0,,2026-07-24T11:48:56.404863+08:00
2880,2024-01-15,-6115.0,-3084696.0,-11426.0,-3102237.0,3306.0,4.0,49.0,0.0,,2026-07-24T11:48:56.404863+08:00
2880,2024-01-16,-126155.0,-11479000.0,-901000.0,-12506155.0,3361.0,7.0,55.0,3.0,,2026-07-24T11:48:56.404863+08:00
2880,2024-01-17,1573117.0,-11680643.0,124000.0,-9983526.0,3441.0,27.0,80.0,20.0,,2026-07-24T11:48:56.404863+08:00
2880,2024-01-18,53103.0,-3156458.0,13000.0,-3090355.0,3611.0,26.0,170.0,-1.0,,2026-07-24T11:48:56.404863+08:00
2880,2024-01-19,-117191.0,-3445117.0,0.0,-3562308.0,3578.0,25.0,-33.0,-1.0,,2026-07-24T11:48:56.404863+08:00
2880,2024-01-22,-157042.0,-2030165.0,12858.0,-2174349.0,3805.0,5.0,227.0,-20.0,,2026-07-24T11:48:56.404863+08:00
2880,2024-01-23,-51000.0,-316148.0,74539.0,-292609.0,3816.0,5.0,11.0,0.0,,2026-07-24T11:48:56.404863+08:00
2880,2024-01-24,-230000.0,-260809.0,-11000.0,-501809.0,3774.0,5.0,-42.0,0.0,,2026-07-24T11:48:56.404863+08:00
2880,2024-01-25,499000.0,193208.0,49270.0,741478.0,3774.0,5.0,0.0,0.0,,2026-07-24T11:48:56.404863+08:00
2880,2024-01-26,27000.0,1840000.0,-27000.0,1840000.0,3728.0,5.0,-46.0,0.0,,2026-07-24T11:48:56.404863+08:00
2880,2024-01-29,-120000.0,1566000.0,6000.0,1452000.0,3692.0,5.0,-36.0,0.0,,2026-07-24T11:48:56.404863+08:00
2880,2024-01-30,97188.0,-1793553.0,-66000.0,-1762365.0,3626.0,5.0,-66.0,0.0,,2026-07-24T11:48:56.404863+08:00
2880,2024-01-31,20000.0,-362111.0,13304.0,-328807.0,3513.0,5.0,-113.0,0.0,,2026-07-24T11:48:56.404863+08:00
2880,2024-02-01,115575.0,2863263.0,15000.0,2993838.0,3557.0,5.0,44.0,0.0,,2026-07-24T11:48:56.404863+08:00
2880,2024-02-02,82122.0,-50248.0,21456.0,53330.0,4060.0,5.0,503.0,0.0,,2026-07-24T11:48:56.404863+08:00
2880,2024-02-05,-22997.0,-1637947.0,-7000.0,-1667944.0,3741.0,5.0,-319.0,0.0,,2026-07-24T11:48:56.404863+08:00
2880,2024-02-15,-352153.0,-680082.0,92054.0,-940181.0,3681.0,5.0,-60.0,0.0,,2026-07-24T11:48:56.404863+08:00
2880,2024-02-16,160763.0,-2423703.0,28516.0,-2234424.0,3645.0,29.0,-36.0,24.0,,2026-07-24T11:48:56.404863+08:00
2880,2024-02-19,520000.0,1978008.0,8285.0,2506293.0,3608.0,29.0,-37.0,0.0,,2026-07-24T11:48:56.404863+08:00
2880,2024-02-20,-145000.0,1169261.0,-27000.0,997261.0,3542.0,29.0,-66.0,0.0,,2026-07-24T11:48:56.404863+08:00
2880,2024-02-21,459000.0,-1297000.0,0.0,-838000.0,3560.0,30.0,18.0,1.0,,2026-07-24T11:48:56.404863+08:00
2880,2024-02-22,380000.0,-1182717.0,24373.0,-778344.0,3674.0,30.0,114.0,0.0,,2026-07-24T11:48:56.404863+08:00
2880,2024-02-23,150000.0,407048.0,-162000.0,395048.0,3775.0,30.0,101.0,0.0,,2026-07-24T11:48:56.404863+08:00
2880,2024-02-26,371832.0,-2094403.0,-125000.0,-1847571.0,3757.0,30.0,-18.0,0.0,,2026-07-24T11:48:56.404863+08:00
2880,2024-02-27,55000.0,1170035.0,9000.0,1234035.0,3844.0,30.0,87.0,0.0,,2026-07-24T11:48:56.404863+08:00
2880,2024-02-29,355000.0,3351655.0,-77000.0,3629655.0,3834.0,30.0,-10.0,0.0,,2026-07-24T11:48:56.404863+08:00
2880,2024-03-01,-244000.0,-1952975.0,-56000.0,-2252975.0,3943.0,30.0,109.0,0.0,,2026-07-24T11:48:56.404863+08:00
2880,2024-03-04,15000.0,-3420609.0,20000.0,-3385609.0,4159.0,30.0,216.0,0.0,,2026-07-24T11:48:56.404863+08:00
2880,2024-03-05,-538965.0,-4816888.0,-166000.0,-5521853.0,4190.0,30.0,31.0,0.0,,2026-07-24T11:48:56.404863+08:00
2880,2024-03-06,-98799.0,605000.0,-36000.0,470201.0,4193.0,30.0,3.0,0.0,,2026-07-24T11:48:56.404863+08:00
2880,2024-03-07,-205000.0,1121164.0,-180000.0,736164.0,4234.0,29.0,41.0,-1.0,,2026-07-24T11:48:56.404863+08:00
2880,2024-03-08,139639.0,6977361.0,-166594.0,6950406.0,4106.0,29.0,-128.0,0.0,,2026-07-24T11:48:56.404863+08:00
2880,2024-03-11,141815.0,637570.0,-17000.0,762385.0,4123.0,29.0,17.0,0.0,,2026-07-24T11:48:56.404863+08:00
2880,2024-03-12,185000.0,-40932.0,0.0,144068.0,4399.0,29.0,276.0,0.0,,2026-07-24T11:48:56.404863+08:00
2880,2024-03-13,-159000.0,1401970.0,-88000.0,1154970.0,4380.0,29.0,-19.0,0.0,,2026-07-24T11:48:56.404863+08:00
2880,2024-03-14,-46643.0,7772076.0,-290502.0,7434931.0,4622.0,37.0,242.0,8.0,,2026-07-24T11:48:56.404863+08:00
2880,2024-03-15,909463.0,5274962.0,-207920.0,5976505.0,4782.0,39.0,160.0,2.0,,2026-07-24T11:48:56.404863+08:00
2880,2024-03-18,62998.0,849473.0,-111238.0,801233.0,4656.0,40.0,-126.0,1.0,,2026-07-24T11:48:56.404863+08:00
2880,2024-03-19,2671000.0,-3464850.0,-330827.0,-1124677.0,4708.0,40.0,52.0,0.0,,2026-07-24T11:48:56.404863+08:00
2880,2024-03-20,-1808000.0,444342.0,-19000.0,-1382658.0,4999.0,32.0,291.0,-8.0,,2026-07-24T11:48:56.404863+08:00
2880,2024-03-21,370697.0,7180410.0,-44656.0,7506451.0,4932.0,32.0,-67.0,0.0,,2026-07-24T11:48:56.404863+08:00
2880,2024-03-22,174185.0,3065179.0,0.0,3239364.0,4104.0,30.0,-828.0,-2.0,,2026-07-24T11:48:56.404863+08:00
2880,2024-03-25,15000.0,-1099554.0,-64000.0,-1148554.0,4029.0,30.0,-75.0,0.0,,2026-07-24T11:48:56.404863+08:00
2880,2024-03-26,139700.0,5640928.0,-132397.0,5648231.0,4046.0,30.0,17.0,0.0,,2026-07-24T11:48:56.404863+08:00
2880,2024-03-27,54000.0,-1569283.0,-6000.0,-1521283.0,4042.0,30.0,-4.0,0.0,,2026-07-24T11:48:56.404863+08:00
2880,2024-03-28,335000.0,-5859002.0,-95000.0,-5619002.0,4061.0,30.0,19.0,0.0,,2026-07-24T11:48:56.404863+08:00
2880,2024-03-29,-122489.0,8510543.0,-232742.0,8155312.0,4251.0,38.0,190.0,8.0,,2026-07-24T11:48:56.404863+08:00
2880,2024-04-01,4215.0,-49000.0,-167383.0,-212168.0,3820.0,37.0,-431.0,-1.0,,2026-07-24T11:48:56.404863+08:00
2880,2024-04-02,-109000.0,340736.0,-75000.0,156736.0,3727.0,34.0,-93.0,-3.0,,2026-07-24T11:48:56.404863+08:00
2880,2024-04-03,21000.0,-6210514.0,-118472.0,-6307986.0,3234.0,33.0,-493.0,-1.0,,2026-07-24T11:48:56.404863+08:00
2880,2024-04-08,-299000.0,966732.0,-187786.0,479946.0,4673.0,35.0,1439.0,2.0,,2026-07-24T11:48:56.404863+08:00
2880,2024-04-09,214000.0,1988625.0,-50571.0,2152054.0,4761.0,33.0,88.0,-2.0,,2026-07-24T11:48:56.404863+08:00
2880,2024-04-10,-33000.0,2593445.0,-44679.0,2515766.0,4725.0,33.0,-36.0,0.0,,2026-07-24T11:48:56.404863+08:00
2880,2024-04-11,-185000.0,-450000.0,-8000.0,-643000.0,4887.0,33.0,162.0,0.0,,2026-07-24T11:48:56.404863+08:00
2880,2024-04-12,-1687000.0,-6820913.0,-50679.0,-8558592.0,4599.0,6.0,-288.0,-27.0,,2026-07-24T11:48:56.404863+08:00
2880,2024-04-15,-186110.0,906576.0,-58000.0,662466.0,4608.0,0.0,9.0,-6.0,,2026-07-24T11:48:56.404863+08:00
2880,2024-04-16,-502049.0,-10133228.0,-77000.0,-10712277.0,4867.0,0.0,259.0,0.0,,2026-07-24T11:48:56.404863+08:00
2880,2024-04-17,-206410.0,2502759.0,-70000.0,2226349.0,4921.0,0.0,54.0,0.0,,2026-07-24T11:48:56.404863+08:00
2880,2024-04-18,-25999.0,-183686.0,205000.0,-4685.0,4956.0,0.0,35.0,0.0,,2026-07-24T11:48:56.404863+08:00
2880,2024-04-19,-904605.0,-10020929.0,282000.0,-10643534.0,5456.0,20.0,500.0,20.0,,2026-07-24T11:48:56.404863+08:00
2880,2024-04-22,1195019.0,5457756.0,233000.0,6885775.0,4987.0,20.0,-469.0,0.0,,2026-07-24T11:48:56.404863+08:00
2880,2024-04-23,1121069.0,1849906.0,245579.0,3216554.0,4874.0,20.0,-113.0,0.0,,2026-07-24T11:48:56.404863+08:00
2880,2024-04-24,465882.0,-1577096.0,25000.0,-1086214.0,5260.0,0.0,386.0,-20.0,,2026-07-24T11:48:56.404863+08:00
2880,2024-04-25,-26906.0,-5628000.0,-120000.0,-5774906.0,5328.0,50.0,68.0,50.0,,2026-07-24T11:48:56.404863+08:00
2880,2024-04-26,-230406.0,-2973019.0,13000.0,-3190425.0,5349.0,50.0,21.0,0.0,,2026-07-24T11:48:56.404863+08:00
2880,2024-04-29,6118680.0,9480561.0,66000.0,15665241.0,6594.0,50.0,1245.0,0.0,,2026-07-24T11:48:56.404863+08:00
2880,2024-04-30,-3387393.0,-1927492.0,-22000.0,-5336885.0,5454.0,54.0,-1140.0,4.0,,2026-07-24T11:48:56.404863+08:00
2880,2024-05-02,-28333.0,19649214.0,-35000.0,19585881.0,5594.0,66.0,140.0,12.0,,2026-07-24T11:48:56.404863+08:00
2880,2024-05-03,505946.0,2124491.0,10000.0,2640437.0,5443.0,66.0,-151.0,0.0,,2026-07-24T11:48:56.404863+08:00
2880,2024-05-06,4893951.0,35761731.0,206000.0,40861682.0,8682.0,30.0,3239.0,-36.0,,2026-07-24T11:48:56.404863+08:00
2880,2024-05-07,1136425.0,14998260.0,-53000.0,16081685.0,9455.0,75.0,773.0,45.0,,2026-07-24T11:48:56.404863+08:00
2880,2024-05-08,-1378308.0,8171593.0,-38000.0,6755285.0,8435.0,87.0,-1020.0,12.0,,2026-07-24T11:48:56.404863+08:00
2880,2024-05-09,-519424.0,-60998.0,-34061.0,-614483.0,7652.0,84.0,-783.0,-3.0,,2026-07-24T11:48:56.404863+08:00
2880,2024-05-10,-655930.0,42918222.0,338771.0,42601063.0,7636.0,118.0,-16.0,34.0,,2026-07-24T11:48:56.404863+08:00
2880,2024-05-13,-774000.0,8790518.0,52931.0,8069449.0,7138.0,131.0,-498.0,13.0,,2026-07-24T11:48:56.404863+08:00
2880,2024-05-14,-351000.0,2778228.0,-9069.0,2418159.0,6994.0,135.0,-144.0,4.0,,2026-07-24T11:48:56.404863+08:00
2880,2024-05-15,656000.0,3700020.0,-188069.0,4167951.0,6985.0,146.0,-9.0,11.0,,2026-07-24T11:48:56.404863+08:00
2880,2024-05-16,235000.0,9129600.0,-3000.0,9361600.0,6414.0,145.0,-571.0,-1.0,,2026-07-24T11:48:56.404863+08:00
2880,2024-05-17,585477.0,-3087309.0,592931.0,-1908901.0,6402.0,143.0,-12.0,-2.0,,2026-07-24T11:48:56.404863+08:00
2880,2024-05-20,-1500060.0,716086.0,567000.0,-216974.0,5528.0,105.0,-874.0,-38.0,,2026-07-24T11:48:56.404863+08:00
2880,2024-05-21,-722422.0,-6037678.0,665931.0,-6094169.0,5487.0,65.0,-41.0,-40.0,,2026-07-24T11:48:56.404863+08:00
2880,2024-05-22,150241.0,4937402.0,89000.0,5176643.0,5830.0,65.0,343.0,0.0,,2026-07-24T11:48:56.404863+08:00
2880,2024-05-23,-479304.0,5563700.0,-25137.0,5059259.0,5813.0,59.0,-17.0,-6.0,,2026-07-24T11:48:56.404863+08:00
2880,2024-05-24,-514587.0,-1015967.0,-101137.0,-1631691.0,6742.0,75.0,929.0,16.0,,2026-07-24T11:48:56.404863+08:00
2880,2024-05-27,197352.0,-1189772.0,10931.0,-981489.0,7771.0,74.0,1029.0,-1.0,,2026-07-24T11:48:56.404863+08:00
2880,2024-05-28,271232.0,-2563000.0,-60000.0,-2351768.0,7607.0,64.0,-164.0,-10.0,,2026-07-24T11:48:56.404863+08:00
2880,2024-05-29,-266478.0,-11097988.0,-860137.0,-12224603.0,3121.0,31.0,-4486.0,-33.0,,2026-07-24T11:48:56.404863+08:00
2880,2024-05-30,-80846.0,-4663194.0,-649000.0,-5393040.0,2736.0,29.0,-385.0,-2.0,,2026-07-24T11:48:56.404863+08:00
2880,2024-05-31,-270274.0,2133502.0,-655259.0,1207969.0,2469.0,139.0,-267.0,110.0,,2026-07-24T11:48:56.404863+08:00
2880,2024-06-03,752630.0,-14120631.0,-1143458.0,-14511459.0,2530.0,140.0,61.0,1.0,,2026-07-24T11:48:56.404863+08:00
2880,2024-06-04,-249348.0,-9216550.0,116000.0,-9349898.0,2563.0,134.0,33.0,-6.0,,2026-07-24T11:48:56.404863+08:00
2880,2024-06-05,-12000.0,-2585991.0,139000.0,-2458991.0,2523.0,132.0,-40.0,-2.0,,2026-07-24T11:48:56.404863+08:00
2880,2024-06-06,444358.0,-1854248.0,-56000.0,-1465890.0,2620.0,133.0,97.0,1.0,,2026-07-24T11:48:56.404863+08:00
2880,2024-06-07,-238000.0,2702000.0,-351230.0,2112770.0,2254.0,129.0,-366.0,-4.0,,2026-07-24T11:48:56.404863+08:00
2880,2024-06-11,-814385.0,-1806009.0,28000.0,-2592394.0,2172.0,127.0,-82.0,-2.0,,2026-07-24T11:48:56.404863+08:00
2880,2024-06-12,244000.0,-2757380.0,79806.0,-2433574.0,2186.0,127.0,14.0,0.0,,2026-07-24T11:48:56.404863+08:00
2880,2024-06-13,37000.0,1181832.0,113230.0,1332062.0,2133.0,127.0,-53.0,0.0,,2026-07-24T11:48:56.404863+08:00
2880,2024-06-14,110000.0,-3767557.0,77000.0,-3580557.0,2024.0,128.0,-109.0,1.0,,2026-07-24T11:48:56.404863+08:00
2880,2024-06-17,156530.0,-7447374.0,6938000.0,-352844.0,3001.0,128.0,977.0,0.0,,2026-07-24T11:48:56.404863+08:00
2880,2024-06-18,436000.0,3278884.0,9684828.0,13399712.0,2913.0,128.0,-88.0,0.0,,2026-07-24T11:48:56.404863+08:00
2880,2024-06-19,804000.0,-7529268.0,27872162.0,21146894.0,2931.0,132.0,18.0,4.0,,2026-07-24T11:48:56.404863+08:00
2880,2024-06-20,976894.0,-23214128.0,23562472.0,1325238.0,2899.0,133.0,-32.0,1.0,,2026-07-24T11:48:56.404863+08:00
2880,2024-06-21,362826.0,-7348631.0,24720000.0,17734195.0,2800.0,146.0,-99.0,13.0,,2026-07-24T11:48:56.404863+08:00
2880,2024-06-24,134786.0,-17266000.0,32059727.0,14928513.0,2538.0,161.0,-262.0,15.0,,2026-07-24T11:48:56.404863+08:00
2880,2024-06-25,135000.0,-13748304.0,13094402.0,-518902.0,3038.0,165.0,500.0,4.0,,2026-07-24T11:48:56.404863+08:00
2880,2024-06-26,321000.0,-6058195.0,6103402.0,366207.0,2763.0,163.0,-275.0,-2.0,,2026-07-24T11:48:56.404863+08:00
2880,2024-06-27,126000.0,-2123459.0,2227201.0,229742.0,2714.0,154.0,-49.0,-9.0,,2026-07-24T11:48:56.404863+08:00
2880,2024-06-28,657000.0,-621343.0,46602.0,82259.0,3001.0,154.0,287.0,0.0,,2026-07-24T11:48:56.404863+08:00
2880,2024-07-01,184961.0,1418924.0,1275201.0,2879086.0,3215.0,48.0,214.0,-106.0,,2026-07-24T11:48:56.404863+08:00
2880,2024-07-02,72000.0,-2656746.0,475803.0,-2108943.0,3244.0,47.0,29.0,-1.0,,2026-07-24T11:48:56.404863+08:00
2880,2024-07-03,454950.0,3849000.0,5262799.0,9566749.0,3367.0,50.0,123.0,3.0,,2026-07-24T11:48:56.404863+08:00
2880,2024-07-04,167015.0,1901516.0,793841.0,2862372.0,3552.0,50.0,185.0,0.0,,2026-07-24T11:48:56.404863+08:00
2880,2024-07-05,122000.0,1304918.0,178833.0,1605751.0,3241.0,58.0,-311.0,8.0,,2026-07-24T11:48:56.404863+08:00
2880,2024-07-08,-125000.0,-1367765.0,2409394.0,916629.0,3481.0,63.0,240.0,5.0,,2026-07-24T11:48:56.404863+08:00
2880,2024-07-09,61000.0,-4610200.0,841000.0,-3708200.0,3533.0,63.0,52.0,0.0,,2026-07-24T11:48:56.404863+08:00
2880,2024-07-10,234001.0,-3082000.0,1120000.0,-1727999.0,4104.0,59.0,571.0,-4.0,,2026-07-24T11:48:56.404863+08:00
2880,2024-07-11,319131.0,4812000.0,1282000.0,6413131.0,4726.0,63.0,622.0,4.0,,2026-07-24T11:48:56.404863+08:00
2880,2024-07-12,254369.0,422120.0,683000.0,1359489.0,4645.0,61.0,-81.0,-2.0,,2026-07-24T11:48:56.404863+08:00
2880,2024-07-15,366000.0,2947849.0,1285000.0,4598849.0,4686.0,61.0,41.0,0.0,,2026-07-24T11:48:56.404863+08:00
2880,2024-07-16,54618.0,-12423470.0,11947600.0,-421252.0,4663.0,61.0,-23.0,0.0,,2026-07-24T11:48:56.404863+08:00
2880,2024-07-17,811000.0,-8624376.0,11224839.0,3411463.0,4070.0,58.0,-593.0,-3.0,,2026-07-24T11:48:56.404863+08:00
2880,2024-07-18,1238027.0,-3102799.0,10960675.0,9095903.0,3352.0,57.0,-718.0,-1.0,,2026-07-24T11:48:56.404863+08:00
2880,2024-07-19,1871904.0,-15891121.0,12275000.0,-1744217.0,3300.0,57.0,-52.0,0.0,,2026-07-24T11:48:56.404863+08:00
2880,2024-07-22,2583001.0,-6760597.0,11746318.0,7568722.0,2984.0,57.0,-316.0,0.0,,2026-07-24T11:48:56.404863+08:00
2880,2024-07-23,667669.0,6037862.0,2130920.0,8836451.0,3076.0,57.0,92.0,0.0,,2026-07-24T11:48:56.404863+08:00
2880,2024-07-26,478112.0,-2439173.0,279830.0,-1681231.0,3009.0,57.0,-67.0,0.0,,2026-07-24T11:48:56.404863+08:00
2880,2024-07-29,528249.0,9827705.0,1685000.0,12040954.0,2962.0,87.0,-47.0,30.0,,2026-07-24T11:48:56.404863+08:00
2880,2024-07-30,708052.0,-5304500.0,1962000.0,-2634448.0,3045.0,86.0,83.0,-1.0,,2026-07-24T11:48:56.404863+08:00
2880,2024-07-31,444119.0,8055563.0,1181000.0,9680682.0,2925.0,86.0,-120.0,0.0,,2026-07-24T11:48:56.404863+08:00
2880,2024-08-01,13869090.0,10560740.0,811000.0,25240830.0,3014.0,98.0,89.0,12.0,,2026-07-24T11:48:56.404863+08:00
2880,2024-08-02,6464754.0,-7858317.0,960000.0,-433563.0,3060.0,33.0,46.0,-65.0,,2026-07-24T11:48:56.404863+08:00
2880,2024-08-05,4432372.0,-13724292.0,2139000.0,-7152920.0,3117.0,50.0,57.0,17.0,,2026-07-24T11:48:56.404863+08:00
2880,2024-08-06,5797841.0,581086.0,2673332.0,9052259.0,3007.0,24.0,-110.0,-26.0,,2026-07-24T11:48:56.404863+08:00
2880,2024-08-07,2241272.0,-10207285.0,1216976.0,-6749037.0,3219.0,0.0,212.0,-24.0,,2026-07-24T11:48:56.404863+08:00
2880,2024-08-08,-885266.0,-7008923.0,1094988.0,-6799201.0,3369.0,0.0,150.0,0.0,,2026-07-24T11:48:56.404863+08:00
2880,2024-08-09,-2687410.0,6689022.0,322508.0,4324120.0,3332.0,0.0,-37.0,0.0,,2026-07-24T11:48:56.404863+08:00
2880,2024-08-12,-3240230.0,-6439908.0,1357827.0,-8322311.0,3976.0,0.0,644.0,0.0,,2026-07-24T11:48:56.404863+08:00
2880,2024-08-13,-19342908.0,11447610.0,2113264.0,-5782034.0,4389.0,3.0,413.0,3.0,,2026-07-24T11:48:56.404863+08:00
2880,2024-08-14,-9227439.0,19501342.0,1103000.0,11376903.0,4918.0,56.0,529.0,53.0,,2026-07-24T11:48:56.404863+08:00
2880,2024-08-15,-902224.0,3413611.0,-741859.0,1769528.0,4957.0,56.0,39.0,0.0,,2026-07-24T11:48:56.404863+08:00
2880,2024-08-16,-1660390.0,11548000.0,2003136.0,11890746.0,4879.0,65.0,-78.0,9.0,,2026-07-24T11:48:56.404863+08:00
2880,2024-08-19,-899939.0,2127760.0,277260.0,1505081.0,3738.0,66.0,-1141.0,1.0,,2026-07-24T11:48:56.404863+08:00
2880,2024-08-20,-1424538.0,8359253.0,839278.0,7773993.0,3366.0,69.0,-372.0,3.0,,2026-07-24T11:48:56.404863+08:00
2880,2024-08-21,-2884835.0,889558.0,632762.0,-1362515.0,3373.0,120.0,7.0,51.0,,2026-07-24T11:48:56.404863+08:00
2880,2024-08-22,-831452.0,2532370.0,615031.0,2315949.0,3291.0,121.0,-82.0,1.0,,2026-07-24T11:48:56.404863+08:00
2880,2024-08-23,-430518.0,-1026000.0,442000.0,-1014518.0,3322.0,109.0,31.0,-12.0,,2026-07-24T11:48:56.404863+08:00
2880,2024-08-26,41242.0,6066359.0,864505.0,6972106.0,3228.0,109.0,-94.0,0.0,,2026-07-24T11:48:56.404863+08:00
2880,2024-08-27,-237592.0,-694788.0,1084252.0,151872.0,3348.0,110.0,120.0,1.0,,2026-07-24T11:48:56.404863+08:00
2880,2024-08-28,4204.0,-890000.0,924000.0,38204.0,3345.0,110.0,-3.0,0.0,,2026-07-24T11:48:56.404863+08:00
2880,2024-08-29,-138140.0,1926266.0,172255.0,1960381.0,3395.0,150.0,50.0,40.0,,2026-07-24T11:48:56.404863+08:00
2880,2024-08-30,184971.0,3099638.0,992900.0,4277509.0,3361.0,130.0,-34.0,-20.0,,2026-07-24T11:48:56.404863+08:00
2880,2024-09-02,-85619.0,-407279.0,1763775.0,1270877.0,3393.0,109.0,32.0,-21.0,,2026-07-24T11:48:56.404863+08:00
2880,2024-09-03,124005.0,-1663223.0,1835875.0,296657.0,3353.0,109.0,-40.0,0.0,,2026-07-24T11:48:56.404863+08:00
2880,2024-09-04,-2352497.0,-12002287.0,3643568.0,-10711216.0,3392.0,118.0,39.0,9.0,,2026-07-24T11:48:56.404863+08:00
2880,2024-09-05,-1459594.0,4559556.0,2151171.0,5251133.0,3364.0,123.0,-28.0,5.0,,2026-07-24T11:48:56.404863+08:00
2880,2024-09-06,-421219.0,-832633.0,2539681.0,1285829.0,3376.0,88.0,12.0,-35.0,,2026-07-24T11:48:56.404863+08:00
2880,2024-09-09,-463695.0,-5437324.0,2169941.0,-3731078.0,3431.0,88.0,55.0,0.0,,2026-07-24T11:48:56.404863+08:00
2880,2024-09-10,-36300.0,2702372.0,909507.0,3575579.0,3353.0,87.0,-78.0,-1.0,,2026-07-24T11:48:56.404863+08:00
2880,2024-09-11,128003.0,91756.0,1320143.0,1539902.0,3331.0,87.0,-22.0,0.0,,2026-07-24T11:48:56.404863+08:00
2880,2024-09-12,484000.0,1017256.0,2603289.0,4104545.0,3251.0,57.0,-80.0,-30.0,,2026-07-24T11:48:56.404863+08:00
2880,2024-09-13,9653.0,257970.0,846864.0,1114487.0,3230.0,58.0,-21.0,1.0,,2026-07-24T11:48:56.404863+08:00
2880,2024-09-16,-32068.0,779000.0,251105.0,998037.0,3212.0,58.0,-18.0,0.0,,2026-07-24T11:48:56.404863+08:00
2880,2024-09-18,-268549.0,696970.0,1111221.0,1539642.0,3209.0,58.0,-3.0,0.0,,2026-07-24T11:48:56.404863+08:00
2880,2024-09-19,543000.0,2902960.0,2402690.0,5848650.0,3093.0,60.0,-116.0,2.0,,2026-07-24T11:48:56.404863+08:00
2880,2024-09-20,75001.0,2602862.0,435000.0,3112863.0,3074.0,60.0,-19.0,0.0,,2026-07-24T11:48:56.404863+08:00
2880,2024-09-23,506000.0,4355272.0,261000.0,5122272.0,3002.0,60.0,-72.0,0.0,,2026-07-24T11:48:56.404863+08:00
2880,2024-09-24,70197.0,2217434.0,-45000.0,2242631.0,2984.0,61.0,-18.0,1.0,,2026-07-24T11:48:56.404863+08:00
2880,2024-09-25,1040000.0,2384698.0,89000.0,3513698.0,2957.0,60.0,-27.0,-1.0,,2026-07-24T11:48:56.404863+08:00
2880,2024-09-26,474592.0,5078188.0,80769.0,5633549.0,2940.0,60.0,-17.0,0.0,,2026-07-24T11:48:56.404863+08:00
2880,2024-09-27,168033.0,568275.0,0.0,736308.0,2944.0,60.0,4.0,0.0,,2026-07-24T11:48:56.404863+08:00
2880,2024-09-30,-229000.0,965846.0,-124787.0,612059.0,2890.0,61.0,-54.0,1.0,,2026-07-24T11:48:56.404863+08:00
2880,2024-10-01,-615899.0,-1926000.0,-409000.0,-2950899.0,2875.0,58.0,-15.0,-3.0,,2026-07-24T11:48:56.404863+08:00
2880,2024-10-04,-432018.0,-1824231.0,-423000.0,-2679249.0,2906.0,58.0,31.0,0.0,,2026-07-24T11:48:56.404863+08:00
2880,2024-10-07,424632.0,-337000.0,363838.0,451470.0,2904.0,58.0,-2.0,0.0,,2026-07-24T11:48:56.404863+08:00
2880,2024-10-08,-402352.0,-3837569.0,140099.0,-4099822.0,2893.0,58.0,-11.0,0.0,,2026-07-24T11:48:56.404863+08:00
2880,2024-10-09,-392844.0,-1126659.0,166523.0,-1352980.0,2923.0,58.0,30.0,0.0,,2026-07-24T11:48:56.404863+08:00
2880,2024-10-11,-80795.0,714703.0,211828.0,845736.0,2926.0,59.0,3.0,1.0,,2026-07-24T11:48:56.404863+08:00
2880,2024-10-14,65970.0,2312236.0,287132.0,2665338.0,2816.0,59.0,-110.0,0.0,,2026-07-24T11:48:56.404863+08:00
2880,2024-10-15,232000.0,10950944.0,-456961.0,10725983.0,2743.0,76.0,-73.0,17.0,,2026-07-24T11:48:56.404863+08:00
2880,2024-10-16,802144.0,-5884139.0,-1114695.0,-6196690.0,2783.0,57.0,40.0,-19.0,,2026-07-24T11:48:56.404863+08:00
2880,2024-10-17,346107.0,-137486.0,217609.0,426230.0,2784.0,57.0,1.0,0.0,,2026-07-24T11:48:56.404863+08:00
2880,2024-10-18,758013.0,9953809.0,543000.0,11254822.0,2639.0,59.0,-145.0,2.0,,2026-07-24T11:48:56.404863+08:00
2880,2024-10-21,456329.0,-3691152.0,2231178.0,-1003645.0,2664.0,58.0,25.0,-1.0,,2026-07-24T11:48:56.404863+08:00
2880,2024-10-22,-212603.0,-1362000.0,4083406.0,2508803.0,2650.0,58.0,-14.0,0.0,,2026-07-24T11:48:56.404863+08:00
2880,2024-10-23,-792256.0,-3871726.0,-1401256.0,-6065238.0,2718.0,56.0,68.0,-2.0,,2026-07-24T11:48:56.404863+08:00
2880,2024-10-24,-429000.0,-107371.0,421172.0,-115199.0,2618.0,56.0,-100.0,0.0,,2026-07-24T11:48:56.404863+08:00
2880,2024-10-25,-363410.0,934000.0,-1300479.0,-729889.0,2670.0,56.0,52.0,0.0,,2026-07-24T11:48:56.404863+08:00
2880,2024-10-28,358541.0,482300.0,232684.0,1073525.0,2617.0,252.0,-53.0,196.0,,2026-07-24T11:48:56.404863+08:00
2880,2024-10-29,-653109.0,-9175957.0,3026028.0,-6803038.0,2629.0,252.0,12.0,0.0,,2026-07-24T11:48:56.404863+08:00
2880,2024-10-30,-73614.0,-851510.0,1249209.0,324085.0,2616.0,252.0,-13.0,0.0,,2026-07-24T11:48:56.404863+08:00
2880,2024-11-01,-317238.0,-10624067.0,2240144.0,-8701161.0,2887.0,56.0,271.0,-196.0,,2026-07-24T11:48:56.404863+08:00
2880,2024-11-04,-135000.0,1526725.0,998193.0,2389918.0,2815.0,106.0,-72.0,50.0,,2026-07-24T11:48:56.404863+08:00
2880,2024-11-05,-81703.0,-1144047.0,1855365.0,629615.0,2845.0,106.0,30.0,0.0,,2026-07-24T11:48:56.404863+08:00
2880,2024-11-06,88143.0,-1122000.0,1868380.0,834523.0,2728.0,106.0,-117.0,0.0,,2026-07-24T11:48:56.404863+08:00
2880,2024-11-07,67530.0,-34845.0,332642.0,365327.0,2680.0,106.0,-48.0,0.0,,2026-07-24T11:48:56.404863+08:00
2880,2024-11-08,32000.0,94885.0,2376607.0,2503492.0,2588.0,106.0,-92.0,0.0,,2026-07-24T11:48:56.404863+08:00
2880,2024-11-11,94759.0,-4719191.0,2723681.0,-1900751.0,2609.0,56.0,21.0,-50.0,,2026-07-24T11:48:56.404863+08:00
2880,2024-11-12,-424000.0,313090.0,689888.0,578978.0,2585.0,56.0,-24.0,0.0,,2026-07-24T11:48:56.404863+08:00
2880,2024-11-13,-242366.0,1988368.0,585046.0,2331048.0,2456.0,58.0,-129.0,2.0,,2026-07-24T11:48:56.404863+08:00
2880,2024-11-14,-974924.0,-2899000.0,1846088.0,-2027836.0,2578.0,56.0,122.0,-2.0,,2026-07-24T11:48:56.404863+08:00
2880,2024-11-15,-14069.0,-3736425.0,204333.0,-3546161.0,2707.0,42.0,129.0,-14.0,,2026-07-24T11:48:56.404863+08:00
2880,2024-11-18,355000.0,-2771199.0,2108889.0,-307310.0,2767.0,42.0,60.0,0.0,,2026-07-24T11:48:56.404863+08:00
2880,2024-11-19,199001.0,-1378808.0,2879632.0,1699825.0,2755.0,42.0,-12.0,0.0,,2026-07-24T11:48:56.404863+08:00
2880,2024-11-20,574927.0,-7988119.0,2146270.0,-5266922.0,2889.0,42.0,134.0,0.0,,2026-07-24T11:48:56.404863+08:00
2880,2024-11-21,-219467.0,-153363.0,4349289.0,3976459.0,2763.0,42.0,-126.0,0.0,,2026-07-24T11:48:56.404863+08:00
2880,2024-11-22,229000.0,-1425124.0,522878.0,-673246.0,2895.0,42.0,132.0,0.0,,2026-07-24T11:48:56.404863+08:00
2880,2024-11-25,758284.0,-326045.0,514505.0,946744.0,2862.0,405.0,-33.0,363.0,,2026-07-24T11:48:56.404863+08:00
2880,2024-11-26,-153787.0,-1897770.0,2478767.0,427210.0,2932.0,455.0,70.0,50.0,,2026-07-24T11:48:56.404863+08:00
2880,2024-11-27,-87885.0,28732211.0,-21169.0,28623157.0,2497.0,97.0,-435.0,-358.0,,2026-07-24T11:48:56.404863+08:00
2880,2024-11-28,134000.0,3598990.0,547655.0,4280645.0,2282.0,49.0,-215.0,-48.0,,2026-07-24T11:48:56.404863+08:00
2880,2024-11-29,39000.0,3590757.0,-2136789.0,1492968.0,2282.0,43.0,0.0,-6.0,,2026-07-24T11:48:56.404863+08:00
2880,2024-12-02,2373.0,13718000.0,-2679000.0,11041373.0,2221.0,43.0,-61.0,0.0,,2026-07-24T11:48:56.404863+08:00
2880,2024-12-03,197665.0,12663931.0,2114000.0,14975596.0,2290.0,50.0,69.0,7.0,,2026-07-24T11:48:56.404863+08:00
2880,2024-12-04,316915.0,1073340.0,2630662.0,4020917.0,2191.0,52.0,-99.0,2.0,,2026-07-24T11:48:56.404863+08:00
2880,2024-12-05,-46000.0,2829792.0,1075248.0,3859040.0,2262.0,72.0,71.0,20.0,,2026-07-24T11:48:56.404863+08:00
2880,2024-12-06,-85000.0,776987.0,3908915.0,4600902.0,2239.0,72.0,-23.0,0.0,,2026-07-24T11:48:56.404863+08:00
2880,2024-12-09,119529.0,10704099.0,2376000.0,13199628.0,2280.0,92.0,41.0,20.0,,2026-07-24T11:48:56.404863+08:00
2880,2024-12-10,-67388.0,-123803.0,-80423.0,-271614.0,2277.0,90.0,-3.0,-2.0,,2026-07-24T11:48:56.404863+08:00
2880,2024-12-11,-249000.0,2437801.0,127454.0,2316255.0,2158.0,111.0,-119.0,21.0,,2026-07-24T11:48:56.404863+08:00
2880,2024-12-12,61000.0,3591014.0,-1000.0,3651014.0,2171.0,132.0,13.0,21.0,,2026-07-24T11:48:56.404863+08:00
2880,2024-12-13,-5820.0,2087452.0,-1632675.0,448957.0,2103.0,110.0,-68.0,-22.0,,2026-07-24T11:48:56.404863+08:00
2880,2024-12-16,404000.0,6569100.0,-5037000.0,1936100.0,2141.0,107.0,38.0,-3.0,,2026-07-24T11:48:56.404863+08:00
2880,2024-12-17,18418.0,19367788.0,-22329047.0,-2942841.0,2159.0,49.0,18.0,-58.0,,2026-07-24T11:48:56.404863+08:00
2880,2024-12-18,-263249.0,14683695.0,-17430210.0,-3009764.0,2286.0,48.0,127.0,-1.0,,2026-07-24T11:48:56.404863+08:00
2880,2024-12-19,45195.0,6647738.0,-19127699.0,-12434766.0,3218.0,47.0,932.0,-1.0,,2026-07-24T11:48:56.404863+08:00
2880,2024-12-20,-70707.0,-38957375.0,31169341.0,-7858741.0,4116.0,42.0,898.0,-5.0,,2026-07-24T11:48:56.404863+08:00
2880,2024-12-23,503732.0,-46724882.0,51008299.0,4787149.0,2445.0,77.0,-1671.0,35.0,,2026-07-24T11:48:56.404863+08:00
2880,2024-12-24,1096915.0,-52462117.0,60923000.0,9557798.0,2343.0,92.0,-102.0,15.0,,2026-07-24T11:48:56.404863+08:00
2880,2024-12-25,817791.0,-47067441.0,39677000.0,-6572650.0,3764.0,44.0,1421.0,-48.0,,2026-07-24T11:48:56.404863+08:00
2880,2024-12-26,351002.0,-32430000.0,38689526.0,6610528.0,2796.0,72.0,-968.0,28.0,,2026-07-24T11:48:56.404863+08:00
2880,2024-12-27,646000.0,-8489125.0,7427000.0,-416125.0,2786.0,62.0,-10.0,-10.0,,2026-07-24T11:48:56.404863+08:00
2880,2024-12-30,836000.0,-4550938.0,6898491.0,3183553.0,2331.0,74.0,-455.0,12.0,,2026-07-24T11:48:56.404863+08:00
2880,2024-12-31,1583669.0,-13645052.0,5066979.0,-6994404.0,2501.0,64.0,170.0,-10.0,,2026-07-24T11:48:56.404863+08:00
2880,2025-01-02,1046742.0,-5110212.0,5286396.0,1222926.0,2490.0,94.0,-11.0,30.0,,2026-07-24T11:48:56.404863+08:00
2880,2025-01-03,1572602.0,-4770504.0,3894000.0,696098.0,2374.0,94.0,-116.0,0.0,,2026-07-24T11:48:56.404863+08:00
2880,2025-01-06,1224103.0,4771852.0,4937000.0,10932955.0,2210.0,153.0,-164.0,59.0,,2026-07-24T11:48:56.404863+08:00
2880,2025-01-07,295000.0,-2417414.0,4447000.0,2324586.0,2264.0,151.0,54.0,-2.0,,2026-07-24T11:48:56.404863+08:00
2880,2025-01-08,662000.0,-27236.0,423466.0,1058230.0,2268.0,152.0,4.0,1.0,,2026-07-24T11:48:56.404863+08:00
2880,2025-01-09,2553393.0,11680000.0,3698000.0,17931393.0,2075.0,174.0,-193.0,22.0,,2026-07-24T11:48:56.404863+08:00
2880,2025-01-10,2680000.0,-3918908.0,3649167.0,2410259.0,1931.0,172.0,-144.0,-2.0,,2026-07-24T11:48:56.404863+08:00
2880,2025-01-13,4523028.0,-1731168.0,839601.0,3631461.0,1973.0,175.0,42.0,3.0,,2026-07-24T11:48:56.404863+08:00
2880,2025-01-14,1241000.0,854128.0,6027000.0,8122128.0,1986.0,192.0,13.0,17.0,,2026-07-24T11:48:56.404863+08:00
2880,2025-01-15,2634000.0,-1642225.0,3325000.0,4316775.0,1962.0,192.0,-24.0,0.0,,2026-07-24T11:48:56.404863+08:00
2880,2025-01-16,2954000.0,3993269.0,-1124000.0,5823269.0,1976.0,192.0,14.0,0.0,,2026-07-24T11:48:56.404863+08:00
2880,2025-01-17,2962000.0,1465641.0,39602.0,4467243.0,1890.0,192.0,-86.0,0.0,,2026-07-24T11:48:56.404863+08:00
2880,2025-01-20,709000.0,-831851.0,-1000.0,-123851.0,1856.0,190.0,-34.0,-2.0,,2026-07-24T11:48:56.404863+08:00
2880,2025-01-21,390202.0,8148468.0,1032894.0,9571564.0,1810.0,190.0,-46.0,0.0,,2026-07-24T11:48:56.404863+08:00
2880,2025-01-22,541000.0,11973531.0,1582194.0,14096725.0,1817.0,211.0,7.0,21.0,,2026-07-24T11:48:56.404863+08:00
2880,2025-02-03,2879000.0,4047831.0,933162.0,7859993.0,1863.0,211.0,46.0,0.0,,2026-07-24T11:48:56.404863+08:00
2880,2025-02-04,1585751.0,-2474347.0,1577780.0,689184.0,1776.0,212.0,-87.0,1.0,,2026-07-24T11:48:56.404863+08:00
2880,2025-02-05,328700.0,1012996.0,162603.0,1504299.0,1740.0,211.0,-36.0,-1.0,,2026-07-24T11:48:56.404863+08:00
2880,2025-02-06,-59123.0,1800182.0,533591.0,2274650.0,1738.0,211.0,-2.0,0.0,,2026-07-24T11:48:56.404863+08:00
2880,2025-02-07,-43020.0,-1113108.0,82799.0,-1073329.0,1715.0,212.0,-23.0,1.0,,2026-07-24T11:48:56.404863+08:00
2880,2025-02-10,-320848.0,593746.0,1688883.0,1961781.0,1711.0,212.0,-4.0,0.0,,2026-07-24T11:48:56.404863+08:00
2880,2025-02-11,-15522.0,-2631878.0,473535.0,-2173865.0,1731.0,212.0,20.0,0.0,,2026-07-24T11:48:56.404863+08:00
2880,2025-02-12,-293543.0,3738978.0,1199749.0,4645184.0,1712.0,213.0,-19.0,1.0,,2026-07-24T11:48:56.404863+08:00
2880,2025-02-13,101000.0,779919.0,1192215.0,2073134.0,1695.0,213.0,-17.0,0.0,,2026-07-24T11:48:56.404863+08:00
2880,2025-02-14,-138075.0,-2493000.0,479318.0,-2151757.0,1727.0,212.0,32.0,-1.0,,2026-07-24T11:48:56.404863+08:00
2880,2025-02-17,127000.0,3054000.0,511756.0,3692756.0,1689.0,213.0,-38.0,1.0,,2026-07-24T11:48:56.404863+08:00
2880,2025-02-18,-232920.0,482491.0,808988.0,1058559.0,1685.0,214.0,-4.0,1.0,,2026-07-24T11:48:56.404863+08:00
2880,2025-02-19,219000.0,-388006.0,454193.0,285187.0,1691.0,212.0,6.0,-2.0,,2026-07-24T11:48:56.404863+08:00
2880,2025-02-20,242242.0,-38213.0,437531.0,641560.0,1682.0,212.0,-9.0,0.0,,2026-07-24T11:48:56.404863+08:00
2880,2025-02-21,-10000.0,700543.0,500589.0,1191132.0,1679.0,212.0,-3.0,0.0,,2026-07-24T11:48:56.404863+08:00
2880,2025-02-24,11433.0,-4908278.0,1535037.0,-3361808.0,1743.0,212.0,64.0,0.0,,2026-07-24T11:48:56.404863+08:00
2880,2025-02-25,-2801.0,-480734.0,242581.0,-240954.0,1726.0,192.0,-17.0,-20.0,,2026-07-24T11:48:56.404863+08:00
2880,2025-02-26,36000.0,1676939.0,15534.0,1728473.0,1667.0,192.0,-59.0,0.0,,2026-07-24T11:48:56.404863+08:00
2880,2025-02-27,1209937.0,304846.0,-342777.0,1172006.0,1654.0,192.0,-13.0,0.0,,2026-07-24T11:48:56.404863+08:00
2880,2025-03-03,1903870.0,14816.0,1248902.0,3167588.0,1641.0,192.0,-13.0,0.0,,2026-07-24T11:48:56.404863+08:00
2880,2025-03-04,1316546.0,-4533119.0,1129000.0,-2087573.0,1664.0,192.0,23.0,0.0,,2026-07-24T11:48:56.404863+08:00
2880,2025-03-05,3640.0,-2031351.0,751280.0,-1276431.0,1653.0,192.0,-11.0,0.0,,2026-07-24T11:48:56.404863+08:00
2880,2025-03-06,379182.0,-1882913.0,1496834.0,-6897.0,1493.0,192.0,-160.0,0.0,,2026-07-24T11:48:56.404863+08:00
2880,2025-03-07,455746.0,-2271278.0,1374233.0,-441299.0,1486.0,131.0,-7.0,-61.0,,2026-07-24T11:48:56.404863+08:00
2880,2025-03-10,597920.0,-1561655.0,2094000.0,1130265.0,1472.0,131.0,-14.0,0.0,,2026-07-24T11:48:56.404863+08:00
2880,2025-03-11,1909720.0,-4610083.0,1262000.0,-1438363.0,1491.0,96.0,19.0,-35.0,,2026-07-24T11:48:56.404863+08:00
2880,2025-03-12,136000.0,499033.0,356744.0,991777.0,1481.0,96.0,-10.0,0.0,,2026-07-24T11:48:56.404863+08:00
2880,2025-03-13,918000.0,100919.0,64000.0,1082919.0,1480.0,96.0,-1.0,0.0,,2026-07-24T11:48:56.404863+08:00
2880,2025-03-14,1568429.0,3319806.0,200000.0,5088235.0,1476.0,96.0,-4.0,0.0,,2026-07-24T11:48:56.404863+08:00
2880,2025-03-17,646001.0,251507.0,193000.0,1090508.0,1460.0,96.0,-16.0,0.0,,2026-07-24T11:48:56.404863+08:00
2880,2025-03-18,265478.0,3688566.0,82000.0,4036044.0,1458.0,96.0,-2.0,0.0,,2026-07-24T11:48:56.404863+08:00
2880,2025-03-19,1537000.0,7718226.0,1758000.0,11013226.0,1482.0,96.0,24.0,0.0,,2026-07-24T11:48:56.404863+08:00
2880,2025-03-20,398000.0,2063595.0,1636000.0,4097595.0,1472.0,96.0,-10.0,0.0,,2026-07-24T11:48:56.404863+08:00
2880,2025-03-21,407795.0,-7372250.0,12079372.0,5114917.0,1413.0,96.0,-59.0,0.0,,2026-07-24T11:48:56.404863+08:00
2880,2025-03-24,756000.0,-738264.0,4257496.0,4275232.0,1398.0,96.0,-15.0,0.0,,2026-07-24T11:48:56.404863+08:00
2880,2025-03-25,1136240.0,342589.0,4819000.0,6297829.0,1079.0,96.0,-319.0,0.0,,2026-07-24T11:48:56.404863+08:00
2880,2025-03-26,540000.0,-4412070.0,4870000.0,997930.0,1072.0,96.0,-7.0,0.0,,2026-07-24T11:48:56.404863+08:00
2880,2025-03-27,1811940.0,-3478006.0,2889000.0,1222934.0,1061.0,96.0,-11.0,0.0,,2026-07-24T11:48:56.404863+08:00
2880,2025-03-28,4637346.0,-2590717.0,58000.0,2104629.0,1077.0,96.0,16.0,0.0,,2026-07-24T11:48:56.404863+08:00
2880,2025-03-31,7966768.0,-4527895.0,711000.0,4149873.0,1111.0,75.0,34.0,-21.0,,2026-07-24T11:48:56.404863+08:00
2880,2025-04-01,2412021.0,-2832190.0,1083000.0,662831.0,1120.0,71.0,9.0,-4.0,,2026-07-24T11:48:56.404863+08:00
2880,2025-04-02,2108256.0,-228131.0,95000.0,1975125.0,1120.0,71.0,0.0,0.0,,2026-07-24T11:48:56.404863+08:00
2880,2025-04-07,-47608.0,-625848.0,0.0,-673456.0,1819.0,42.0,699.0,-29.0,,2026-07-24T11:48:56.404863+08:00
2880,2025-04-08,9808117.0,-4518284.0,605808.0,5895641.0,1894.0,0.0,75.0,-42.0,,2026-07-24T11:48:56.404863+08:00
2880,2025-04-09,12664543.0,-11611248.0,448561.0,1501856.0,1925.0,0.0,31.0,0.0,,2026-07-24T11:48:56.404863+08:00
2880,2025-04-10,510000.0,-5189614.0,1493000.0,-3186614.0,2594.0,0.0,669.0,0.0,,2026-07-24T11:48:56.404863+08:00
2880,2025-04-11,2484292.0,788992.0,2085026.0,5358310.0,1527.0,40.0,-1067.0,40.0,,2026-07-24T11:48:56.404863+08:00
2880,2025-04-14,262235.0,2408932.0,-814100.0,1857067.0,1315.0,38.0,-212.0,-2.0,,2026-07-24T11:48:56.404863+08:00
2880,2025-04-15,1298190.0,3962663.0,403634.0,5664487.0,1418.0,40.0,103.0,2.0,,2026-07-24T11:48:56.404863+08:00
2880,2025-04-16,2029333.0,679584.0,53372.0,2762289.0,1320.0,40.0,-98.0,0.0,,2026-07-24T11:48:56.404863+08:00
2880,2025-04-17,1434854.0,1888586.0,29056.0,3352496.0,1283.0,40.0,-37.0,0.0,,2026-07-24T11:48:56.404863+08:00
2880,2025-04-18,1401000.0,-97497.0,-75693.0,1227810.0,1267.0,40.0,-16.0,0.0,,2026-07-24T11:48:56.404863+08:00
2880,2025-04-21,3169642.0,4474000.0,213000.0,7856642.0,1201.0,87.0,-66.0,47.0,,2026-07-24T11:48:56.404863+08:00
2880,2025-04-22,4390822.0,-2911025.0,183000.0,1662797.0,1196.0,96.0,-5.0,9.0,,2026-07-24T11:48:56.404863+08:00
2880,2025-04-23,859352.0,-1294827.0,117334.0,-318141.0,1188.0,53.0,-8.0,-43.0,,2026-07-24T11:48:56.404863+08:00
2880,2025-04-24,614698.0,-2911154.0,-50938.0,-2347394.0,1226.0,51.0,38.0,-2.0,,2026-07-24T11:48:56.404863+08:00
2880,2025-04-25,215066.0,248475.0,-47244.0,416297.0,1272.0,51.0,46.0,0.0,,2026-07-24T11:48:56.404863+08:00
2880,2025-04-28,24539.0,-1173977.0,-62269.0,-1211707.0,1334.0,51.0,62.0,0.0,,2026-07-24T11:48:56.404863+08:00
2880,2025-04-29,-59000.0,4160267.0,-71192.0,4030075.0,1104.0,51.0,-230.0,0.0,,2026-07-24T11:48:56.404863+08:00
2880,2025-04-30,-795531.0,2034384.0,-643440.0,595413.0,1118.0,51.0,14.0,0.0,,2026-07-24T11:48:56.404863+08:00
2880,2025-05-02,-44680.0,-985265.0,-60202.0,-1090147.0,1113.0,51.0,-5.0,0.0,,2026-07-24T11:48:56.404863+08:00
2880,2025-05-05,-558777.0,7152555.0,-321048.0,6272730.0,1003.0,88.0,-110.0,37.0,,2026-07-24T11:48:56.404863+08:00
2880,2025-05-06,-1630308.0,12874249.0,-569188.0,10674753.0,915.0,91.0,-88.0,3.0,,2026-07-24T11:48:56.404863+08:00
2880,2025-05-07,-453393.0,6975747.0,-642464.0,5879890.0,835.0,74.0,-80.0,-17.0,,2026-07-24T11:48:56.404863+08:00
2880,2025-05-08,26461.0,1241827.0,-771944.0,496344.0,834.0,73.0,-1.0,-1.0,,2026-07-24T11:48:56.404863+08:00
2880,2025-05-09,-429000.0,4163494.0,-80838.0,3653656.0,844.0,74.0,10.0,1.0,,2026-07-24T11:48:56.404863+08:00
2880,2025-05-12,108000.0,1465144.0,-128059.0,1445085.0,801.0,76.0,-43.0,2.0,,2026-07-24T11:48:56.404863+08:00
2880,2025-05-13,-77471.0,-593362.0,-190504.0,-861337.0,918.0,76.0,117.0,0.0,,2026-07-24T11:48:56.404863+08:00
2880,2025-05-14,820809.0,612651.0,-31021.0,1402439.0,904.0,72.0,-14.0,-4.0,,2026-07-24T11:48:56.404863+08:00
2880,2025-05-15,47495.0,-1043208.0,194095.0,-801618.0,880.0,72.0,-24.0,0.0,,2026-07-24T11:48:56.404863+08:00
2880,2025-05-16,-17869.0,927199.0,-217440.0,691890.0,892.0,71.0,12.0,-1.0,,2026-07-24T11:48:56.404863+08:00
2880,2025-05-19,-228049.0,2292760.0,-140478.0,1924233.0,870.0,72.0,-22.0,1.0,,2026-07-24T11:48:56.404863+08:00
2880,2025-05-20,133293.0,-1915597.0,-695747.0,-2478051.0,923.0,70.0,53.0,-2.0,,2026-07-24T11:48:56.404863+08:00
2880,2025-05-21,82465.0,2184257.0,-1250391.0,1016331.0,877.0,70.0,-46.0,0.0,,2026-07-24T11:48:56.404863+08:00
2880,2025-05-22,-937234.0,-2898064.0,-2593344.0,-6428642.0,919.0,66.0,42.0,-4.0,,2026-07-24T11:48:56.404863+08:00
2880,2025-05-23,-374878.0,-1241293.0,-224945.0,-1841116.0,982.0,63.0,63.0,-3.0,,2026-07-24T11:48:56.404863+08:00
2880,2025-05-26,-534325.0,2837037.0,-1262793.0,1039919.0,917.0,62.0,-65.0,-1.0,,2026-07-24T11:48:56.404863+08:00
2880,2025-05-27,-373600.0,-2395611.0,-91659.0,-2860870.0,940.0,57.0,23.0,-5.0,,2026-07-24T11:48:56.404863+08:00
2880,2025-05-28,111584.0,-2983124.0,-66354.0,-2937894.0,951.0,47.0,11.0,-10.0,,2026-07-24T11:48:56.404863+08:00
2880,2025-05-29,1073901.0,-10527100.0,-520402.0,-9973601.0,1209.0,47.0,258.0,0.0,,2026-07-24T11:48:56.404863+08:00
2880,2025-06-02,505249.0,-3845314.0,-203071.0,-3543136.0,1200.0,537.0,-9.0,490.0,,2026-07-24T11:48:56.404863+08:00
2880,2025-06-03,-307403.0,-2335009.0,-171346.0,-2813758.0,1192.0,537.0,-8.0,0.0,,2026-07-24T11:48:56.404863+08:00
2880,2025-06-04,-32222.0,-957039.0,1327127.0,337866.0,1125.0,45.0,-67.0,-492.0,,2026-07-24T11:48:56.404863+08:00
2880,2025-06-05,155333.0,-6065454.0,-247816.0,-6157937.0,1132.0,45.0,7.0,0.0,,2026-07-24T11:48:56.404863+08:00
2880,2025-06-06,210000.0,-2460323.0,471658.0,-1778665.0,1074.0,44.0,-58.0,-1.0,,2026-07-24T11:48:56.404863+08:00
2880,2025-06-09,274636.0,-3534564.0,-78419.0,-3338347.0,1142.0,44.0,68.0,0.0,,2026-07-24T11:48:56.404863+08:00
2880,2025-06-10,789719.0,1325921.0,-197864.0,1917776.0,1094.0,44.0,-48.0,0.0,,2026-07-24T11:48:56.404863+08:00
2880,2025-06-11,-78656.0,-4120176.0,-218284.0,-4417116.0,1216.0,44.0,122.0,0.0,,2026-07-24T11:48:56.404863+08:00
2880,2025-06-12,2448.0,-52999.0,-368775.0,-419326.0,1223.0,44.0,7.0,0.0,,2026-07-24T11:48:56.404863+08:00
2880,2025-06-13,-972545.0,2985521.0,-171445.0,1841531.0,1174.0,44.0,-49.0,0.0,,2026-07-24T11:48:56.404863+08:00
2880,2025-06-16,451516.0,1777490.0,-4035529.0,-1806523.0,1305.0,44.0,131.0,0.0,,2026-07-24T11:48:56.404863+08:00
2880,2025-06-17,162882.0,18775376.0,-21147603.0,-2209345.0,1349.0,45.0,44.0,1.0,,2026-07-24T11:48:56.404863+08:00
2880,2025-06-18,2227461.0,9979849.0,-16762361.0,-4555051.0,1365.0,45.0,16.0,0.0,,2026-07-24T11:48:56.404863+08:00
2880,2025-06-19,311000.0,12373494.0,-19078700.0,-6394206.0,1421.0,49.0,56.0,4.0,,2026-07-24T11:48:56.404863+08:00
2880,2025-06-20,1243000.0,9155736.0,-14664715.0,-4265979.0,1340.0,51.0,-81.0,2.0,,2026-07-24T11:48:56.404863+08:00
2880,2025-06-23,1799961.0,8302017.0,-15459258.0,-5357280.0,1609.0,51.0,269.0,0.0,,2026-07-24T11:48:56.404863+08:00
2880,2025-06-24,675000.0,20188446.0,-16985849.0,3877597.0,1256.0,50.0,-353.0,-1.0,,2026-07-24T11:48:56.404863+08:00
2880,2025-06-25,924431.0,16143312.0,-9802700.0,7265043.0,994.0,71.0,-262.0,21.0,,2026-07-24T11:48:56.404863+08:00
2880,2025-06-26,2406282.0,12572943.0,-15686397.0,-707172.0,1016.0,71.0,22.0,0.0,,2026-07-24T11:48:56.404863+08:00
2880,2025-06-27,154781.0,14519774.0,-9805841.0,4868714.0,963.0,73.0,-53.0,2.0,,2026-07-24T11:48:56.404863+08:00
2880,2025-06-30,383014.0,-1337344.0,-6126291.0,-7080621.0,965.0,74.0,2.0,1.0,,2026-07-24T11:48:56.404863+08:00
2880,2025-07-01,1198042.0,17890980.0,-18301519.0,787503.0,809.0,75.0,-156.0,1.0,,2026-07-24T11:48:56.404863+08:00
2880,2025-07-02,-232994.0,3650380.0,-7456000.0,-4038614.0,811.0,75.0,2.0,0.0,,2026-07-24T11:48:56.404863+08:00
2880,2025-07-03,4000.0,8841370.0,-8967000.0,-121630.0,756.0,75.0,-55.0,0.0,,2026-07-24T11:48:56.404863+08:00
2880,2025-07-04,1054052.0,8418314.0,-7266000.0,2206366.0,735.0,78.0,-21.0,3.0,,2026-07-24T11:48:56.404863+08:00
2880,2025-07-07,1495866.0,2816384.0,560000.0,4872250.0,723.0,82.0,-12.0,4.0,,2026-07-24T11:48:56.404863+08:00
2880,2025-07-08,1414735.0,-420876.0,206579.0,1200438.0,710.0,81.0,-13.0,-1.0,,2026-07-24T11:48:56.404863+08:00
2880,2025-07-09,377252.0,-2711947.0,597000.0,-1737695.0,719.0,79.0,9.0,-2.0,,2026-07-24T11:48:56.404863+08:00
2880,2025-07-10,309016.0,13493.0,216000.0,538509.0,709.0,79.0,-10.0,0.0,,2026-07-24T11:48:56.404863+08:00
2880,2025-07-11,75089.0,2871143.0,77000.0,3023232.0,726.0,79.0,17.0,0.0,,2026-07-24T11:48:56.404863+08:00
2880,2025-07-14,1730073.0,3060861.0,-67450.0,4723484.0,733.0,79.0,7.0,0.0,,2026-07-24T11:48:56.404863+08:00
2880,2025-07-15,1154877.0,-4344304.0,-177960.0,-3367387.0,737.0,79.0,4.0,0.0,,2026-07-24T11:48:56.404863+08:00
2880,2025-07-16,2816033.0,-11321357.0,9708197.0,1202873.0,755.0,80.0,18.0,1.0,,2026-07-24T11:48:56.404863+08:00
2880,2025-07-17,1446661.0,-7997719.0,8950938.0,2399880.0,727.0,83.0,-28.0,3.0,,2026-07-24T11:48:56.404863+08:00
2880,2025-07-18,2505740.0,-15621110.0,9465000.0,-3650370.0,725.0,82.0,-2.0,-1.0,,2026-07-24T11:48:56.404863+08:00
2880,2025-07-21,1277529.0,-10692821.0,9628000.0,212708.0,722.0,82.0,-3.0,0.0,,2026-07-24T11:48:56.404863+08:00
2880,2025-07-22,1566144.0,-10129999.0,11626984.0,3063129.0,723.0,82.0,1.0,0.0,,2026-07-24T11:48:56.404863+08:00
2880,2025-07-23,1650536.0,-244955.0,487000.0,1892581.0,721.0,83.0,-2.0,1.0,,2026-07-24T11:48:56.404863+08:00
2880,2025-07-24,363809.0,-5073099.0,129000.0,-4580290.0,725.0,82.0,4.0,-1.0,,2026-07-24T11:48:56.404863+08:00
2880,2025-07-25,-98879.0,602288.0,-79000.0,424409.0,714.0,82.0,-11.0,0.0,,2026-07-24T11:48:56.404863+08:00
2880,2025-07-28,280874.0,-3740315.0,618000.0,-2841441.0,767.0,82.0,53.0,0.0,,2026-07-24T11:48:56.404863+08:00
2880,2025-07-29,1615269.0,-1146903.0,72000.0,540366.0,753.0,82.0,-14.0,0.0,,2026-07-24T11:48:56.404863+08:00
2880,2025-07-30,1134000.0,-588617.0,89000.0,634383.0,751.0,82.0,-2.0,0.0,,2026-07-24T11:48:56.404863+08:00
2880,2025-07-31,297000.0,-2615935.0,-292000.0,-2610935.0,774.0,81.0,23.0,-1.0,,2026-07-24T11:48:56.404863+08:00
2880,2025-08-01,2242356.0,-949547.0,663000.0,1955809.0,771.0,81.0,-3.0,0.0,,2026-07-24T11:48:56.404863+08:00
2880,2025-08-04,3412741.0,10998438.0,864000.0,15275179.0,799.0,83.0,28.0,2.0,,2026-07-24T11:48:56.404863+08:00
2880,2025-08-05,3421843.0,-4446815.0,537000.0,-487972.0,846.0,82.0,47.0,-1.0,,2026-07-24T11:48:56.404863+08:00
2880,2025-08-06,3073000.0,-3469455.0,1133807.0,737352.0,872.0,75.0,26.0,-7.0,,2026-07-24T11:48:56.404863+08:00
2880,2025-08-07,3495470.0,-10584947.0,335000.0,-6754477.0,950.0,0.0,78.0,-75.0,,2026-07-24T11:48:56.404863+08:00
2880,2025-08-08,1280517.0,-11405787.0,51010.0,-10074260.0,1063.0,0.0,113.0,0.0,,2026-07-24T11:48:56.404863+08:00
2880,2025-08-11,2349405.0,-24087301.0,917918.0,-20819978.0,1171.0,0.0,108.0,0.0,,2026-07-24T11:48:56.404863+08:00
2880,2025-08-12,2700333.0,-14183113.0,417011.0,-11065769.0,1443.0,0.0,272.0,0.0,,2026-07-24T11:48:56.404863+08:00
2880,2025-08-13,-6575868.0,12185346.0,27000.0,5636478.0,1444.0,26.0,1.0,26.0,,2026-07-24T11:48:56.404863+08:00
2880,2025-08-14,166292.0,23149811.0,94012.0,23410115.0,1470.0,161.0,26.0,135.0,,2026-07-24T11:48:56.404863+08:00
2880,2025-08-15,435145.0,-8679949.0,119000.0,-8125804.0,1419.0,90.0,-51.0,-71.0,,2026-07-24T11:48:56.404863+08:00
2880,2025-08-18,60607.0,5997984.0,646025.0,6704616.0,1165.0,143.0,-254.0,53.0,,2026-07-24T11:48:56.404863+08:00
2880,2025-08-19,-216000.0,3004316.0,-363988.0,2424328.0,1139.0,147.0,-26.0,4.0,,2026-07-24T11:48:56.404863+08:00
2880,2025-08-20,3807732.0,-2891495.0,883025.0,1799262.0,999.0,108.0,-140.0,-39.0,,2026-07-24T11:48:56.404863+08:00
2880,2025-08-21,19000.0,-130624.0,268014.0,156390.0,1002.0,97.0,3.0,-11.0,,2026-07-24T11:48:56.404863+08:00
2880,2025-08-22,173000.0,-1526057.0,126000.0,-1227057.0,977.0,93.0,-25.0,-4.0,,2026-07-24T11:48:56.404863+08:00
2880,2025-08-25,80912.0,-403824.0,165470.0,-157442.0,944.0,138.0,-33.0,45.0,,2026-07-24T11:48:56.404863+08:00
2880,2025-08-26,427513.0,-9068894.0,73385.0,-8567996.0,987.0,59.0,43.0,-79.0,,2026-07-24T11:48:56.404863+08:00
2880,2025-08-27,-54000.0,1049502.0,-19000.0,976502.0,958.0,89.0,-29.0,30.0,,2026-07-24T11:48:56.404863+08:00
2880,2025-08-28,-120681.0,860283.0,-85000.0,654602.0,946.0,97.0,-12.0,8.0,,2026-07-24T11:48:56.404863+08:00
2880,2025-08-29,-9938.0,4788917.0,-13000.0,4765979.0,815.0,171.0,-131.0,74.0,,2026-07-24T11:48:56.404863+08:00
2880,2025-09-01,-574622.0,9060795.0,2574295.0,11060468.0,854.0,173.0,39.0,2.0,,2026-07-24T11:48:56.404863+08:00
2880,2025-09-02,-593062.0,12306478.0,1585000.0,13298416.0,813.0,171.0,-41.0,-2.0,,2026-07-24T11:48:56.404863+08:00
2880,2025-09-03,-24258.0,4791724.0,345000.0,5112466.0,793.0,173.0,-20.0,2.0,,2026-07-24T11:48:56.404863+08:00
2880,2025-09-04,-46000.0,2126768.0,-33000.0,2047768.0,800.0,172.0,7.0,-1.0,,2026-07-24T11:48:56.404863+08:00
2880,2025-09-05,9839.0,2936938.0,-99000.0,2847777.0,767.0,172.0,-33.0,0.0,,2026-07-24T11:48:56.404863+08:00
2880,2025-09-08,-375962.0,1964880.0,-52000.0,1536918.0,656.0,173.0,-111.0,1.0,,2026-07-24T11:48:56.404863+08:00
2880,2025-09-09,-1868534.0,10509056.0,-43000.0,8597522.0,659.0,173.0,3.0,0.0,,2026-07-24T11:48:56.404863+08:00
2880,2025-09-10,-3965267.0,12632097.0,-298000.0,8368830.0,616.0,173.0,-43.0,0.0,,2026-07-24T11:48:56.404863+08:00
2880,2025-09-11,-1526009.0,3331645.0,72000.0,1877636.0,621.0,174.0,5.0,1.0,,2026-07-24T11:48:56.404863+08:00
2880,2025-09-12,-1976000.0,2935725.0,-230000.0,729725.0,601.0,174.0,-20.0,0.0,,2026-07-24T11:48:56.404863+08:00
2880,2025-09-15,-588377.0,1016862.0,-203000.0,225485.0,659.0,159.0,58.0,-15.0,,2026-07-24T11:48:56.404863+08:00
2880,2025-09-16,-819750.0,-1250172.0,2553061.0,483139.0,676.0,159.0,17.0,0.0,,2026-07-24T11:48:56.404863+08:00
2880,2025-09-17,-367501.0,-2708816.0,2698000.0,-378317.0,615.0,159.0,-61.0,0.0,,2026-07-24T11:48:56.404863+08:00
2880,2025-09-18,-1874550.0,4151139.0,2082000.0,4358589.0,594.0,141.0,-21.0,-18.0,,2026-07-24T11:48:56.404863+08:00
2880,2025-09-19,-977000.0,-2562799.0,2114418.0,-1425381.0,593.0,53.0,-1.0,-88.0,,2026-07-24T11:48:56.404863+08:00
2880,2025-09-22,-857502.0,-3002136.0,2931981.0,-927657.0,606.0,49.0,13.0,-4.0,,2026-07-24T11:48:56.404863+08:00
2880,2025-09-23,-1982367.0,-2994956.0,3418000.0,-1559323.0,571.0,50.0,-35.0,1.0,,2026-07-24T11:48:56.404863+08:00
2880,2025-09-24,-994000.0,-986.0,3226055.0,2231069.0,549.0,50.0,-22.0,0.0,,2026-07-24T11:48:56.404863+08:00
2880,2025-09-25,-1316265.0,-3283256.0,3261000.0,-1338521.0,575.0,50.0,26.0,0.0,,2026-07-24T11:48:56.404863+08:00
2880,2025-09-26,-699388.0,764627.0,1339000.0,1404239.0,555.0,52.0,-20.0,2.0,,2026-07-24T11:48:56.404863+08:00
2880,2025-09-30,330000.0,3249126.0,838991.0,4418117.0,530.0,52.0,-25.0,0.0,,2026-07-24T11:48:56.404863+08:00
2880,2025-10-01,-363360.0,-138576.0,1108000.0,606064.0,526.0,50.0,-4.0,-2.0,,2026-07-24T11:48:56.404863+08:00
2880,2025-10-02,-1530000.0,2434903.0,1223077.0,2127980.0,514.0,50.0,-12.0,0.0,,2026-07-24T11:48:56.404863+08:00
2880,2025-10-03,122875.0,-1632843.0,24000.0,-1485968.0,522.0,49.0,8.0,-1.0,,2026-07-24T11:48:56.404863+08:00
2880,2025-10-07,-8340.0,-274274.0,-160000.0,-442614.0,520.0,49.0,-2.0,0.0,,2026-07-24T11:48:56.404863+08:00
2880,2025-10-08,135396.0,2518804.0,55000.0,2709200.0,502.0,49.0,-18.0,0.0,,2026-07-24T11:48:56.404863+08:00
2880,2025-10-09,9018.0,2101382.0,-137000.0,1973400.0,511.0,49.0,9.0,0.0,,2026-07-24T11:48:56.404863+08:00
2880,2025-10-13,3467824.0,-3917917.0,356000.0,-94093.0,517.0,49.0,6.0,0.0,,2026-07-24T11:48:56.404863+08:00
2880,2025-10-14,-377000.0,6548688.0,252162.0,6423850.0,502.0,50.0,-15.0,1.0,,2026-07-24T11:48:56.404863+08:00
2880,2025-10-15,1199813.0,1383893.0,523000.0,3106706.0,495.0,50.0,-7.0,0.0,,2026-07-24T11:48:56.404863+08:00
2880,2025-10-16,427000.0,3210239.0,-58000.0,3579239.0,491.0,50.0,-4.0,0.0,,2026-07-24T11:48:56.404863+08:00
2880,2025-10-17,-1343000.0,3944063.0,-338000.0,2263063.0,491.0,50.0,0.0,0.0,,2026-07-24T11:48:56.404863+08:00
2880,2025-10-20,215781.0,566823.0,-218000.0,564604.0,499.0,51.0,8.0,1.0,,2026-07-24T11:48:56.404863+08:00
2880,2025-10-21,270816.0,1079352.0,-177000.0,1173168.0,501.0,51.0,2.0,0.0,,2026-07-24T11:48:56.404863+08:00
2880,2025-10-22,1615467.0,5438000.0,-1341000.0,5712467.0,488.0,51.0,-13.0,0.0,,2026-07-24T11:48:56.404863+08:00
2880,2025-10-23,2534546.0,3431681.0,-619000.0,5347227.0,483.0,47.0,-5.0,-4.0,,2026-07-24T11:48:56.404863+08:00
2880,2025-10-27,926548.0,1077009.0,-925725.0,1077832.0,489.0,47.0,6.0,0.0,,2026-07-24T11:48:56.404863+08:00
2880,2025-10-28,428000.0,1202324.0,-134000.0,1496324.0,486.0,47.0,-3.0,0.0,,2026-07-24T11:48:56.404863+08:00
2880,2025-10-29,-1882023.0,3423818.0,18000.0,1559795.0,479.0,47.0,-7.0,0.0,,2026-07-24T11:48:56.404863+08:00
2880,2025-10-30,-639626.0,964919.0,-50000.0,275293.0,456.0,47.0,-23.0,0.0,,2026-07-24T11:48:56.404863+08:00
2880,2025-10-31,-505453.0,2022618.0,-58000.0,1459165.0,467.0,46.0,11.0,-1.0,,2026-07-24T11:48:56.404863+08:00
2880,2025-11-03,-153000.0,933012.0,-14000.0,766012.0,463.0,46.0,-4.0,0.0,,2026-07-24T11:48:56.404863+08:00
2880,2025-11-04,-345440.0,2448718.0,197000.0,2300278.0,441.0,46.0,-22.0,0.0,,2026-07-24T11:48:56.404863+08:00
2880,2025-11-05,77058.0,174936.0,1227000.0,1478994.0,448.0,46.0,7.0,0.0,,2026-07-24T11:48:56.404863+08:00
2880,2025-11-06,3441.0,119528.0,414000.0,536969.0,455.0,47.0,7.0,1.0,,2026-07-24T11:48:56.404863+08:00
2880,2025-11-07,66136.0,2189016.0,373000.0,2628152.0,453.0,47.0,-2.0,0.0,,2026-07-24T11:48:56.404863+08:00
2880,2025-11-10,304709.0,-1416081.0,201035.0,-910337.0,481.0,47.0,28.0,0.0,,2026-07-24T11:48:56.404863+08:00
2880,2025-11-11,41000.0,1804050.0,-2000.0,1843050.0,485.0,47.0,4.0,0.0,,2026-07-24T11:48:56.404863+08:00
2880,2025-11-12,468717.0,-4534665.0,237000.0,-3828948.0,537.0,47.0,52.0,0.0,,2026-07-24T11:48:56.404863+08:00
2880,2025-11-13,5336.0,-2141835.0,30968.0,-2105531.0,548.0,46.0,11.0,-1.0,,2026-07-24T11:48:56.404863+08:00
2880,2025-11-14,1500368.0,-1499586.0,96000.0,96782.0,538.0,44.0,-10.0,-2.0,,2026-07-24T11:48:56.404863+08:00
2880,2025-11-17,2443782.0,-1338167.0,-980930.0,124685.0,530.0,44.0,-8.0,0.0,,2026-07-24T11:48:56.404863+08:00
2880,2025-11-18,5070037.0,-7671614.0,1814000.0,-787577.0,557.0,41.0,27.0,-3.0,,2026-07-24T11:48:56.404863+08:00
2880,2025-11-19,2224868.0,-4635030.0,630035.0,-1780127.0,560.0,39.0,3.0,-2.0,,2026-07-24T11:48:56.404863+08:00
2880,2025-11-20,409374.0,-1515618.0,1457068.0,350824.0,555.0,39.0,-5.0,0.0,,2026-07-24T11:48:56.404863+08:00
2880,2025-11-21,3169553.0,-1331066.0,2491000.0,4329487.0,480.0,63.0,-75.0,24.0,,2026-07-24T11:48:56.404863+08:00
2880,2025-11-24,1094071.0,-1047413.0,1882454.0,1929112.0,466.0,64.0,-14.0,1.0,,2026-07-24T11:48:56.404863+08:00
2880,2025-11-25,417856.0,-5788287.0,1814000.0,-3556431.0,490.0,54.0,24.0,-10.0,,2026-07-24T11:48:56.404863+08:00
2880,2025-11-26,-140391.0,89457.0,568034.0,517100.0,517.0,54.0,27.0,0.0,,2026-07-24T11:48:56.404863+08:00
2880,2025-11-27,-53000.0,46214.0,68000.0,61214.0,526.0,54.0,9.0,0.0,,2026-07-24T11:48:56.404863+08:00
2880,2025-11-28,474486.0,1224906.0,-269310.0,1430082.0,513.0,52.0,-13.0,-2.0,,2026-07-24T11:48:56.404863+08:00
2880,2025-12-01,149994.0,-1125461.0,60000.0,-915467.0,480.0,53.0,-33.0,1.0,,2026-07-24T11:48:56.404863+08:00
2880,2025-12-02,106402.0,19729545.0,-376000.0,19459947.0,525.0,45.0,45.0,-8.0,,2026-07-24T11:48:56.404863+08:00
2880,2025-12-03,-39000.0,1008585.0,-339000.0,630585.0,526.0,47.0,1.0,2.0,,2026-07-24T11:48:56.404863+08:00
2880,2025-12-04,22173.0,6994041.0,-110000.0,6906214.0,518.0,47.0,-8.0,0.0,,2026-07-24T11:48:56.404863+08:00
2880,2025-12-05,68005.0,43385.0,-61000.0,50390.0,517.0,49.0,-1.0,2.0,,2026-07-24T11:48:56.404863+08:00
2880,2025-12-08,-102446.0,5316384.0,-358000.0,4855938.0,554.0,49.0,37.0,0.0,,2026-07-24T11:48:56.404863+08:00
2880,2025-12-09,-156000.0,2370555.0,-212000.0,2002555.0,541.0,49.0,-13.0,0.0,,2026-07-24T11:48:56.404863+08:00
2880,2025-12-10,-112145.0,493785.0,-302066.0,79574.0,509.0,49.0,-32.0,0.0,,2026-07-24T11:48:56.404863+08:00
2880,2025-12-11,-47000.0,2504052.0,229966.0,2687018.0,431.0,46.0,-78.0,-3.0,,2026-07-24T11:48:56.404863+08:00
2880,2025-12-12,189242.0,2321851.0,-886000.0,1625093.0,421.0,46.0,-10.0,0.0,,2026-07-24T11:48:56.404863+08:00
2880,2025-12-15,316746.0,2389571.0,1555000.0,4261317.0,420.0,45.0,-1.0,-1.0,,2026-07-24T11:48:56.404863+08:00
2880,2025-12-16,2140625.0,-914059.0,5482000.0,6708566.0,416.0,59.0,-4.0,14.0,,2026-07-24T11:48:56.404863+08:00
2880,2025-12-17,207019.0,-6988025.0,11455000.0,4673994.0,414.0,45.0,-2.0,-14.0,,2026-07-24T11:48:56.404863+08:00
2880,2025-12-18,1736406.0,-11667334.0,15277000.0,5346072.0,411.0,45.0,-3.0,0.0,,2026-07-24T11:48:56.404863+08:00
2880,2025-12-19,327483.0,-1172840.0,9410474.0,8565117.0,439.0,44.0,28.0,-1.0,,2026-07-24T11:48:56.404863+08:00
2880,2025-12-22,45012.0,-15825790.0,20824000.0,5043222.0,430.0,44.0,-9.0,0.0,,2026-07-24T11:48:56.404863+08:00
2880,2025-12-23,520000.0,-25711107.0,26263000.0,1071893.0,469.0,44.0,39.0,0.0,,2026-07-24T11:48:56.404863+08:00
2880,2025-12-24,258000.0,-33272185.0,35094000.0,2079815.0,476.0,44.0,7.0,0.0,,2026-07-24T11:48:56.404863+08:00
2880,2025-12-26,559132.0,-31142410.0,38653000.0,8069722.0,481.0,45.0,5.0,1.0,,2026-07-24T11:48:56.404863+08:00
2880,2025-12-29,100808.0,-9669895.0,15672000.0,6102913.0,464.0,75.0,-17.0,30.0,,2026-07-24T11:48:56.404863+08:00
2880,2025-12-30,782000.0,-2346879.0,-1071000.0,-2635879.0,465.0,43.0,1.0,-32.0,,2026-07-24T11:48:56.404863+08:00
2880,2025-12-31,-234585.0,-1535360.0,-582125.0,-2352070.0,476.0,43.0,11.0,0.0,,2026-07-24T11:48:56.404863+08:00
2880,2026-01-02,170575.0,-1715078.0,3146061.0,1601558.0,455.0,43.0,-21.0,0.0,,2026-07-24T11:48:56.404863+08:00
2880,2026-01-05,-14000.0,2699070.0,-706000.0,1979070.0,462.0,43.0,7.0,0.0,,2026-07-24T11:48:56.404863+08:00
2880,2026-01-06,-113000.0,-2225065.0,-492000.0,-2830065.0,443.0,43.0,-19.0,0.0,,2026-07-24T11:48:56.404863+08:00
2880,2026-01-07,-1206000.0,2330753.0,-1034652.0,90101.0,437.0,43.0,-6.0,0.0,,2026-07-24T11:48:56.404863+08:00
2880,2026-01-08,280000.0,2527908.0,-1945000.0,862908.0,440.0,45.0,3.0,2.0,,2026-07-24T11:48:56.404863+08:00
2880,2026-01-09,179000.0,1956350.0,-668051.0,1467299.0,430.0,45.0,-10.0,0.0,,2026-07-24T11:48:56.404863+08:00
2880,2026-01-12,75000.0,122155.0,888870.0,1086025.0,457.0,45.0,27.0,0.0,,2026-07-24T11:48:56.404863+08:00
2880,2026-01-13,-108766.0,-2504338.0,365935.0,-2247169.0,375.0,45.0,-82.0,0.0,,2026-07-24T11:48:56.404863+08:00
2880,2026-01-14,-43609.0,1429674.0,1388000.0,2774065.0,431.0,45.0,56.0,0.0,,2026-07-24T11:48:56.404863+08:00
2880,2026-01-15,273396.0,5330169.0,724000.0,6327565.0,425.0,46.0,-6.0,1.0,,2026-07-24T11:48:56.404863+08:00
2880,2026-01-16,-130000.0,1866311.0,425949.0,2162260.0,383.0,48.0,-42.0,2.0,,2026-07-24T11:48:56.404863+08:00
2880,2026-01-19,-17552.0,2375000.0,-596064.0,1761384.0,398.0,47.0,15.0,-1.0,,2026-07-24T11:48:56.404863+08:00
2880,2026-01-20,-319000.0,790776.0,-281000.0,190776.0,396.0,49.0,-2.0,2.0,,2026-07-24T11:48:56.404863+08:00
2880,2026-01-21,1772431.0,2511479.0,-1147400.0,3136510.0,382.0,49.0,-14.0,0.0,,2026-07-24T11:48:56.404863+08:00
2880,2026-01-22,602000.0,895998.0,-215000.0,1282998.0,387.0,49.0,5.0,0.0,,2026-07-24T11:48:56.404863+08:00
2880,2026-01-23,-246000.0,174473.0,-109000.0,-180527.0,391.0,47.0,4.0,-2.0,,2026-07-24T11:48:56.404863+08:00
2880,2026-01-26,-2206257.0,3546224.0,496936.0,1836903.0,386.0,47.0,-5.0,0.0,,2026-07-24T11:48:56.404863+08:00
2880,2026-01-27,-1572343.0,2829297.0,341000.0,1597954.0,333.0,47.0,-53.0,0.0,,2026-07-24T11:48:56.404863+08:00
2880,2026-01-28,-523000.0,3906923.0,1022000.0,4405923.0,335.0,49.0,2.0,2.0,,2026-07-24T11:48:56.404863+08:00
2880,2026-01-29,-133000.0,5498501.0,658000.0,6023501.0,335.0,48.0,0.0,-1.0,,2026-07-24T11:48:56.404863+08:00
2880,2026-01-30,219191.0,-389580.0,-501000.0,-671389.0,337.0,47.0,2.0,-1.0,,2026-07-24T11:48:56.404863+08:00
2880,2026-02-02,-134381.0,2019857.0,627000.0,2512476.0,335.0,50.0,-2.0,3.0,,2026-07-24T11:48:56.404863+08:00
2880,2026-02-03,-28848.0,2312945.0,748000.0,3032097.0,335.0,50.0,0.0,0.0,,2026-07-24T11:48:56.404863+08:00
2880,2026-02-04,145000.0,549482.0,741000.0,1435482.0,340.0,50.0,5.0,0.0,,2026-07-24T11:48:56.404863+08:00
2880,2026-02-05,-66405.0,3313394.0,375000.0,3621989.0,353.0,50.0,13.0,0.0,,2026-07-24T11:48:56.404863+08:00
2880,2026-02-06,-921030.0,2486777.0,469000.0,2034747.0,377.0,50.0,24.0,0.0,,2026-07-24T11:48:56.404863+08:00
2880,2026-02-09,-936016.0,2655528.0,511000.0,2230512.0,347.0,46.0,-30.0,-4.0,,2026-07-24T11:48:56.404863+08:00
2880,2026-02-10,-1405000.0,6438542.0,-108000.0,4925542.0,346.0,46.0,-1.0,0.0,,2026-07-24T11:48:56.404863+08:00
2880,2026-02-11,-2453851.0,8434723.0,367000.0,6347872.0,352.0,46.0,6.0,0.0,,2026-07-24T11:48:56.404863+08:00
2880,2026-02-23,-2378420.0,13363360.0,920000.0,11904940.0,497.0,53.0,145.0,7.0,,2026-07-24T11:48:56.404863+08:00
2880,2026-02-24,-930061.0,4563972.0,1098000.0,4731911.0,528.0,61.0,31.0,8.0,,2026-07-24T11:48:56.404863+08:00
2880,2026-02-25,-1423243.0,4988883.0,3819000.0,7384640.0,334.0,67.0,-194.0,6.0,,2026-07-24T11:48:56.404863+08:00
2880,2026-02-26,-807209.0,-4135596.0,12620923.0,7678118.0,395.0,67.0,61.0,0.0,,2026-07-24T11:48:56.404863+08:00
2880,2026-03-02,545774.0,-5797918.0,1899000.0,-3353144.0,405.0,54.0,10.0,-13.0,,2026-07-24T11:48:56.404863+08:00
2880,2026-03-03,141808.0,-678460.0,1416000.0,879348.0,314.0,54.0,-91.0,0.0,,2026-07-24T11:48:56.404863+08:00
2880,2026-03-04,741775.0,-6625.0,1132000.0,1867150.0,339.0,45.0,25.0,-9.0,,2026-07-24T11:48:56.404863+08:00
2880,2026-03-05,275783.0,-949732.0,2444000.0,1770051.0,380.0,45.0,41.0,0.0,,2026-07-24T11:48:56.404863+08:00
2880,2026-03-06,385513.0,-249702.0,445000.0,580811.0,359.0,45.0,-21.0,0.0,,2026-07-24T11:48:56.404863+08:00
2880,2026-03-09,2826784.0,-4091698.0,3492063.0,2227149.0,351.0,45.0,-8.0,0.0,,2026-07-24T11:48:56.404863+08:00
2880,2026-03-10,396552.0,-2839221.0,664063.0,-1778606.0,329.0,44.0,-22.0,-1.0,,2026-07-24T11:48:56.404863+08:00
2880,2026-03-11,-288289.0,119725.0,1386000.0,1217436.0,336.0,44.0,7.0,0.0,,2026-07-24T11:48:56.404863+08:00
2880,2026-03-12,-306983.0,-3465387.0,1531000.0,-2241370.0,351.0,44.0,15.0,0.0,,2026-07-24T11:48:56.404863+08:00
2880,2026-03-13,-537386.0,1459605.0,203000.0,1125219.0,351.0,44.0,0.0,0.0,,2026-07-24T11:48:56.404863+08:00
2880,2026-03-16,-200747.0,924808.0,-902936.0,-178875.0,362.0,44.0,11.0,0.0,,2026-07-24T11:48:56.404863+08:00
2880,2026-03-17,576135.0,1758184.0,-726000.0,1608319.0,399.0,44.0,37.0,0.0,,2026-07-24T11:48:56.404863+08:00
2880,2026-03-18,54888.0,3279312.0,-111935.0,3222265.0,408.0,44.0,9.0,0.0,,2026-07-24T11:48:56.404863+08:00
2880,2026-03-19,360827.0,-408468.0,-191000.0,-238641.0,405.0,43.0,-3.0,-1.0,,2026-07-24T11:48:56.404863+08:00
2880,2026-03-20,274801.0,5102285.0,-4123935.0,1253151.0,411.0,43.0,6.0,0.0,,2026-07-24T11:48:56.404863+08:00
2880,2026-03-23,2546009.0,-4667992.0,580000.0,-1541983.0,457.0,42.0,46.0,-1.0,,2026-07-24T11:48:56.404863+08:00
2880,2026-03-24,813330.0,3290241.0,231000.0,4334571.0,532.0,42.0,75.0,0.0,,2026-07-24T11:48:56.404863+08:00
2880,2026-03-25,737822.0,1185600.0,636600.0,2560022.0,443.0,42.0,-89.0,0.0,,2026-07-24T11:48:56.404863+08:00
2880,2026-03-26,165342.0,-1691307.0,-30000.0,-1555965.0,445.0,42.0,2.0,0.0,,2026-07-24T11:48:56.404863+08:00
2880,2026-03-27,1311689.0,-1103000.0,885000.0,1093689.0,446.0,42.0,1.0,0.0,,2026-07-24T11:48:56.404863+08:00
2880,2026-03-30,2935473.0,21002.0,505093.0,3461568.0,512.0,41.0,66.0,-1.0,,2026-07-24T11:48:56.404863+08:00
2880,2026-03-31,5641074.0,-1585414.0,204000.0,4259660.0,509.0,41.0,-3.0,0.0,,2026-07-24T11:48:56.404863+08:00
2880,2026-04-01,-107279.0,1951071.0,124093.0,1967885.0,534.0,39.0,25.0,-2.0,,2026-07-24T11:48:56.404863+08:00
2880,2026-04-02,2902807.0,2523125.0,-50000.0,5375932.0,553.0,44.0,19.0,5.0,,2026-07-24T11:48:56.404863+08:00
2880,2026-04-07,1079815.0,-182998.0,925369.0,1822186.0,486.0,40.0,-67.0,-4.0,,2026-07-24T11:48:56.404863+08:00
2880,2026-04-08,-198814.0,22002.0,-121815.0,-298627.0,508.0,33.0,22.0,-7.0,,2026-07-24T11:48:56.404863+08:00
2880,2026-04-09,-287263.0,3280531.0,-146000.0,2847268.0,507.0,29.0,-1.0,-4.0,,2026-07-24T11:48:56.404863+08:00
2880,2026-04-10,16436.0,1950467.0,-1446000.0,520903.0,515.0,0.0,8.0,-29.0,,2026-07-24T11:48:56.404863+08:00
2880,2026-04-13,-276961.0,1675899.0,-2080816.0,-681878.0,532.0,0.0,17.0,0.0,,2026-07-24T11:48:56.404863+08:00
2880,2026-04-14,-590772.0,9617924.0,-829967.0,8197185.0,548.0,0.0,16.0,0.0,,2026-07-24T11:48:56.404863+08:00
2880,2026-04-15,-1274788.0,7027818.0,-1288166.0,4464864.0,586.0,0.0,38.0,0.0,,2026-07-24T11:48:56.404863+08:00
2880,2026-04-16,61616.0,2072270.0,-904921.0,1228965.0,543.0,0.0,-43.0,0.0,,2026-07-24T11:48:56.404863+08:00
2880,2026-04-17,-401921.0,4007990.0,-3145279.0,460790.0,491.0,3.0,-52.0,3.0,,2026-07-24T11:48:56.404863+08:00
2880,2026-04-20,164617.0,13136991.0,-10914854.0,2386754.0,486.0,3.0,-5.0,0.0,,2026-07-24T11:48:56.404863+08:00
2880,2026-04-21,186619.0,10127572.0,-11638000.0,-1323809.0,479.0,0.0,-7.0,-3.0,,2026-07-24T11:48:56.404863+08:00
2880,2026-04-22,302000.0,11453182.0,-12324954.0,-569772.0,455.0,0.0,-24.0,0.0,,2026-07-24T11:48:56.404863+08:00
2880,2026-04-23,720136.0,8565565.0,-9176953.0,108748.0,443.0,0.0,-12.0,0.0,,2026-07-24T11:48:56.404863+08:00
2880,2026-04-24,-461000.0,9184542.0,-9400613.0,-677071.0,456.0,0.0,13.0,0.0,,2026-07-24T11:48:56.404863+08:00
2880,2026-04-27,-2429434.0,6565888.0,-3158620.0,977834.0,427.0,1.0,-29.0,1.0,,2026-07-24T11:48:56.404863+08:00
2880,2026-04-28,-1690965.0,-20920698.0,-272720.0,-22884383.0,1132.0,0.0,705.0,-1.0,,2026-07-24T11:48:56.404863+08:00
2880,2026-04-29,-18570.0,-6513695.0,-3855000.0,-10387265.0,1050.0,0.0,-82.0,0.0,,2026-07-24T11:48:56.404863+08:00
2880,2026-04-30,256000.0,-12470662.0,-2069000.0,-14283662.0,1189.0,0.0,139.0,0.0,,2026-07-24T11:48:56.404863+08:00
2880,2026-05-04,-822053.0,-4271714.0,-178000.0,-5271767.0,1112.0,0.0,-77.0,0.0,,2026-07-24T11:48:56.404863+08:00
2880,2026-05-05,-805000.0,4353830.0,-497812.0,3051018.0,1065.0,3.0,-47.0,3.0,,2026-07-24T11:48:56.404863+08:00
2880,2026-05-06,-375405.0,1107255.0,-1714000.0,-982150.0,1049.0,3.0,-16.0,0.0,,2026-07-24T11:48:56.404863+08:00
2880,2026-05-07,48301.0,7611462.0,-83000.0,7576763.0,996.0,3.0,-53.0,0.0,,2026-07-24T11:48:56.404863+08:00
2880,2026-05-08,-412585.0,1948171.0,-1681000.0,-145414.0,1053.0,3.0,57.0,0.0,,2026-07-24T11:48:56.404863+08:00
2880,2026-05-11,-1043237.0,-1462581.0,32000.0,-2473818.0,4051.0,3.0,2998.0,0.0,,2026-07-24T11:48:56.404863+08:00
2880,2026-05-12,-1371846.0,-7671570.0,-690000.0,-9733416.0,4216.0,3.0,165.0,0.0,,2026-07-24T11:48:56.404863+08:00
2880,2026-05-13,-999615.0,939848.0,-591000.0,-650767.0,4137.0,0.0,-79.0,-3.0,,2026-07-24T11:48:56.404863+08:00
2880,2026-05-14,-282958.0,-2384528.0,-628000.0,-3295486.0,4117.0,0.0,-20.0,0.0,,2026-07-24T11:48:56.404863+08:00
2880,2026-05-15,-287228.0,1451416.0,-3476000.0,-2311812.0,4124.0,0.0,7.0,0.0,,2026-07-24T11:48:56.404863+08:00
2880,2026-05-18,138112.0,1752333.0,-6011000.0,-4120555.0,4077.0,0.0,-47.0,0.0,,2026-07-24T11:48:56.404863+08:00
2880,2026-05-19,195675.0,13565945.0,-12526000.0,1235620.0,4051.0,0.0,-26.0,0.0,,2026-07-24T11:48:56.404863+08:00
2880,2026-05-20,-200573.0,-1750035.0,-256179.0,-2206787.0,4057.0,0.0,6.0,0.0,,2026-07-24T11:48:56.404863+08:00
2880,2026-05-21,-910311.0,-6652098.0,5782000.0,-1780409.0,3939.0,0.0,-118.0,0.0,,2026-07-24T11:48:56.404863+08:00
2880,2026-05-22,-849062.0,-12352783.0,8433000.0,-4768845.0,4003.0,0.0,64.0,0.0,,2026-07-24T11:48:56.404863+08:00
2880,2026-05-25,-45523.0,-26168910.0,10066000.0,-16148433.0,4673.0,0.0,670.0,0.0,,2026-07-24T11:48:56.404863+08:00
2880,2026-05-26,-54292.0,-31853207.0,14856000.0,-17051499.0,1847.0,35.0,-2826.0,35.0,,2026-07-24T11:48:56.404863+08:00
2880,2026-05-27,-160148.0,-32439430.0,16766000.0,-15833578.0,1447.0,6.0,-400.0,-29.0,,2026-07-24T11:48:56.404863+08:00
2880,2026-05-28,-109608.0,-46412019.0,31452000.0,-15069627.0,1578.0,1.0,131.0,-5.0,,2026-07-24T11:48:56.404863+08:00
2880,2026-05-29,-404238.0,-43961910.0,42905400.0,-1460748.0,1525.0,1.0,-53.0,0.0,,2026-07-24T11:48:56.404863+08:00
2880,2026-06-01,-379252.0,-27362721.0,48387000.0,20645027.0,1240.0,6.0,-285.0,5.0,,2026-07-24T11:48:56.404863+08:00
2880,2026-06-02,-125022.0,-47652591.0,57949000.0,10171387.0,1064.0,35.0,-176.0,29.0,,2026-07-24T11:48:56.404863+08:00
2880,2026-06-03,563744.0,-24246323.0,47739047.0,24056468.0,850.0,66.0,-214.0,31.0,,2026-07-24T11:48:56.404863+08:00
2880,2026-06-04,-494079.0,-25643494.0,50923048.0,24785475.0,987.0,1786.0,137.0,1720.0,,2026-07-24T11:48:56.404863+08:00
2880,2026-06-05,-246281.0,-15823173.0,-3558000.0,-19627454.0,1028.0,59.0,41.0,-1727.0,,2026-07-24T11:48:56.404863+08:00
2880,2026-06-08,798165.0,4116890.0,1172000.0,6087055.0,1168.0,7.0,140.0,-52.0,,2026-07-24T11:48:56.404863+08:00
2880,2026-06-09,-439467.0,-764411.0,2280000.0,1076122.0,816.0,21.0,-352.0,14.0,,2026-07-24T11:48:56.404863+08:00
2880,2026-06-10,666726.0,-4329390.0,4241055.0,578391.0,847.0,20.0,31.0,-1.0,,2026-07-24T11:48:56.404863+08:00
2880,2026-06-11,1718148.0,-4529336.0,5931933.0,3120745.0,862.0,24.0,15.0,4.0,,2026-07-24T11:48:56.404863+08:00
2880,2026-06-12,86655.0,15171633.0,-10329944.0,4928344.0,784.0,29.0,-78.0,5.0,,2026-07-24T11:48:56.404863+08:00
2880,2026-06-15,185947.0,10182354.0,-5305000.0,5063301.0,731.0,28.0,-53.0,-1.0,,2026-07-24T11:48:56.404863+08:00
2880,2026-06-16,74042.0,10929904.0,-3017954.0,7985992.0,696.0,33.0,-35.0,5.0,,2026-07-24T11:48:56.404863+08:00
2880,2026-06-17,-239617.0,615519.0,4935093.0,5310995.0,714.0,33.0,18.0,0.0,,2026-07-24T11:48:56.404863+08:00
2880,2026-06-18,419760.0,-9125673.0,13666880.0,4960967.0,653.0,35.0,-61.0,2.0,,2026-07-24T11:48:56.404863+08:00
2880,2026-06-19,-2000.0,-519184.0,0.0,-521184.0,,,,,,2026-07-24T11:48:56.404863+08:00
2880,2026-06-22,-98896.0,-18882094.0,16158031.0,-2822959.0,568.0,33.0,,,,2026-07-24T11:48:56.404863+08:00
2880,2026-06-23,163668.0,-20709086.0,21572581.0,1027163.0,559.0,32.0,-9.0,-1.0,,2026-07-24T11:48:56.404863+08:00
2880,2026-06-24,80837.0,-29206914.0,26678000.0,-2448077.0,583.0,24.0,24.0,-8.0,,2026-07-24T11:48:56.404863+08:00
2880,2026-06-25,28368.0,-17042840.0,25343000.0,8328528.0,571.0,1641.0,-12.0,1617.0,,2026-07-24T11:48:56.404863+08:00
2880,2026-06-26,2417734.0,-7600329.0,392789.0,-4789806.0,639.0,21.0,68.0,-1620.0,,2026-07-24T11:48:56.404863+08:00
2880,2026-06-29,676169.0,-1294079.0,3708369.0,3090459.0,590.0,26.0,-49.0,5.0,,2026-07-24T11:48:56.404863+08:00
2880,2026-06-30,35148.0,2381727.0,2576000.0,4992875.0,569.0,31.0,-21.0,5.0,,2026-07-24T11:48:56.404863+08:00
2880,2026-07-01,1448572.0,1742253.0,-7713642.0,-4522817.0,642.0,21.0,,,,2026-07-30T01:54:12.744761+08:00
2880,2026-07-02,1730184.0,-6025428.0,2067586.0,-2227658.0,620.0,21.0,-22.0,0.0,,2026-07-30T01:54:12.744761+08:00
2880,2026-07-03,910736.0,1225471.0,3156547.0,5292754.0,611.0,32.0,-9.0,11.0,,2026-07-30T01:54:12.744761+08:00
2880,2026-07-06,941986.0,4764238.0,-1383223.0,4323001.0,708.0,37.0,97.0,5.0,,2026-07-30T01:54:12.744761+08:00
2880,2026-07-07,2643855.0,2832813.0,6000.0,5482668.0,619.0,41.0,-89.0,4.0,,2026-07-30T01:54:12.744761+08:00
2880,2026-07-08,723446.0,6181243.0,140164.0,7044853.0,641.0,47.0,22.0,6.0,,2026-07-30T01:54:12.744761+08:00
2880,2026-07-09,693361.0,-805918.0,-31201.0,-143758.0,611.0,45.0,-30.0,-2.0,,2026-07-30T01:54:12.744761+08:00
2880,2026-07-13,660226.0,2500543.0,1761221.0,4921990.0,489.0,45.0,-122.0,0.0,,2026-07-30T01:54:12.744761+08:00
2880,2026-07-14,6160153.0,-3398717.0,1587024.0,4348460.0,523.0,42.0,34.0,-3.0,,2026-07-30T01:54:12.744761+08:00
2880,2026-07-15,819639.0,835972.0,1849548.0,3505159.0,511.0,42.0,-12.0,0.0,,2026-07-30T01:54:12.744761+08:00
2880,2026-07-16,2139059.0,7865984.0,-5022398.0,4982645.0,500.0,46.0,-11.0,4.0,,2026-07-30T01:54:12.744761+08:00
2880,2026-07-17,9077896.0,-1225451.0,11454399.0,19306844.0,643.0,54.0,143.0,8.0,,2026-07-30T01:54:12.744761+08:00
2880,2026-07-20,7911688.0,-15752639.0,12696484.0,4855533.0,517.0,53.0,-126.0,-1.0,,2026-07-30T01:54:12.744761+08:00
2880,2026-07-21,2324574.0,-7097622.0,8414000.0,3640952.0,499.0,54.0,-18.0,1.0,,2026-07-30T01:54:12.744761+08:00
2880,2026-07-22,-409190.0,-10805003.0,10202259.0,-1011934.0,511.0,86.0,12.0,32.0,,2026-07-30T01:54:12.744761+08:00
2880,2026-07-23,748063.0,-14627039.0,10946315.0,-2932661.0,521.0,46.0,10.0,-40.0,,2026-07-30T01:54:12.744761+08:00
2880,2026-07-24,1825467.0,-10481843.0,3606000.0,-5050376.0,1081.0,27.0,560.0,-19.0,,2026-07-30T01:54:12.744761+08:00
2880,2026-07-27,4028636.0,685893.0,3955000.0,8669529.0,590.0,47.0,-491.0,20.0,,2026-07-30T01:54:12.744761+08:00
2880,2026-07-28,4175474.0,-9206765.0,4265686.0,-765605.0,730.0,29.0,140.0,-18.0,,2026-07-30T01:54:12.744761+08:00
2880,2026-07-29,4408123.0,-2227872.0,3181685.0,5361936.0,854.0,44.0,124.0,15.0,,2026-07-30T01:54:12.744761+08:00
2880,2026-08-03,828012.0,-9802919.0,8526000.0,-448907.0,634.0,21.0,,,,2026-08-04T16:11:12.029470+08:00
2880,2026-08-03,828012.0,-9802919.0,8526000.0,-448907.0,634.0,21.0,,,,2026-08-04T20:32:02.880131+08:00
2880,2026-08-04,-501209.0,-5928181.0,7874085.0,1444695.0,,,,,,2026-08-04T20:32:02.880131+08:00
