stock_id,trade_date,dealer_net,foreign_net,investment_trust_net,institutional_net,margin_balance,short_balance,margin_change,short_change,securities_lending,updated_at
2882,2016-01-04,-1276000.0,-17328702.0,-1319000.0,-19923702.0,44898.0,4996.0,,,,2026-07-24T11:48:57.602571+08:00
2882,2016-01-05,-257000.0,-3648187.0,-808250.0,-4713437.0,46150.0,5015.0,1252.0,19.0,,2026-07-24T11:48:57.602571+08:00
2882,2016-01-06,-984000.0,-783821.0,-319000.0,-2086821.0,46548.0,5260.0,398.0,245.0,,2026-07-24T11:48:57.602571+08:00
2882,2016-01-07,-797504.0,-6192259.0,-2449500.0,-9439263.0,47387.0,6604.0,839.0,1344.0,,2026-07-24T11:48:57.602571+08:00
2882,2016-01-08,1462000.0,-1769145.0,-309000.0,-616145.0,47543.0,5425.0,156.0,-1179.0,,2026-07-24T11:48:57.602571+08:00
2882,2016-01-11,-179000.0,-7907164.0,-76000.0,-8162164.0,48141.0,6012.0,598.0,587.0,,2026-07-24T11:48:57.602571+08:00
2882,2016-01-12,-434000.0,-6034000.0,96000.0,-6372000.0,48751.0,5556.0,610.0,-456.0,,2026-07-24T11:48:57.602571+08:00
2882,2016-01-13,-526000.0,-7878895.0,-879000.0,-9283895.0,50496.0,4648.0,1745.0,-908.0,,2026-07-24T11:48:57.602571+08:00
2882,2016-01-14,-479000.0,-14080282.0,-715000.0,-15274282.0,52128.0,3921.0,1632.0,-727.0,,2026-07-24T11:48:57.602571+08:00
2882,2016-01-15,-3251000.0,-27079171.0,-1683000.0,-32013171.0,54803.0,5003.0,2675.0,1082.0,,2026-07-24T11:48:57.602571+08:00
2882,2016-01-18,5166000.0,-27031439.0,-503000.0,-22368439.0,61449.0,3781.0,6646.0,-1222.0,,2026-07-24T11:48:57.602571+08:00
2882,2016-01-19,1522000.0,-7383783.0,-221911.0,-6083694.0,62831.0,3155.0,1382.0,-626.0,,2026-07-24T11:48:57.602571+08:00
2882,2016-01-20,-1554544.0,-11172778.0,-122000.0,-12849322.0,62164.0,4463.0,-667.0,1308.0,,2026-07-24T11:48:57.602571+08:00
2882,2016-01-21,-166000.0,-8492981.0,-609000.0,-9267981.0,63177.0,4759.0,1013.0,296.0,,2026-07-24T11:48:57.602571+08:00
2882,2016-01-22,-6000.0,-3104100.0,-650000.0,-3760100.0,63417.0,4761.0,240.0,2.0,,2026-07-24T11:48:57.602571+08:00
2882,2016-01-25,1582000.0,1212436.0,-397000.0,2397436.0,61528.0,3536.0,-1889.0,-1225.0,,2026-07-24T11:48:57.602571+08:00
2882,2016-01-26,-1207000.0,-15955720.0,105000.0,-17057720.0,63527.0,3327.0,1999.0,-209.0,,2026-07-24T11:48:57.602571+08:00
2882,2016-01-27,-1003000.0,-9441292.0,119000.0,-10325292.0,64231.0,3709.0,704.0,382.0,,2026-07-24T11:48:57.602571+08:00
2882,2016-01-28,568000.0,-10162772.0,-141000.0,-9735772.0,65865.0,3586.0,1634.0,-123.0,,2026-07-24T11:48:57.602571+08:00
2882,2016-01-29,3899000.0,11616960.0,1024000.0,16539960.0,61882.0,3377.0,-3983.0,-209.0,,2026-07-24T11:48:57.602571+08:00
2882,2016-01-30,2138000.0,-114000.0,342000.0,2366000.0,59237.0,3411.0,-2645.0,34.0,,2026-07-24T11:48:57.602571+08:00
2882,2016-02-01,-2264000.0,-9331941.0,240000.0,-11355941.0,59872.0,3320.0,635.0,-91.0,,2026-07-24T11:48:57.602571+08:00
2882,2016-02-02,612000.0,9012117.0,-72000.0,9552117.0,58356.0,3251.0,-1516.0,-69.0,,2026-07-24T11:48:57.602571+08:00
2882,2016-02-03,-1777437.0,-21090813.0,103000.0,-22765250.0,60485.0,3512.0,2129.0,261.0,,2026-07-24T11:48:57.602571+08:00
2882,2016-02-05,-268000.0,-1882000.0,146000.0,-2004000.0,,,,,,2026-07-24T11:48:57.602571+08:00
2882,2016-02-15,178000.0,-4619131.0,70936.0,-4370195.0,61514.0,3492.0,,,,2026-07-24T11:48:57.602571+08:00
2882,2016-02-16,3742000.0,12843520.0,0.0,16585520.0,59042.0,3927.0,-2472.0,435.0,,2026-07-24T11:48:57.602571+08:00
2882,2016-02-17,-2625000.0,-5666597.0,39000.0,-8252597.0,60421.0,3769.0,1379.0,-158.0,,2026-07-24T11:48:57.602571+08:00
2882,2016-02-18,714000.0,5512673.0,287000.0,6513673.0,58354.0,4140.0,-2067.0,371.0,,2026-07-24T11:48:57.602571+08:00
2882,2016-02-19,140000.0,1763386.0,-156000.0,1747386.0,58296.0,3960.0,-58.0,-180.0,,2026-07-24T11:48:57.602571+08:00
2882,2016-02-22,702000.0,-3894482.0,60000.0,-3132482.0,57941.0,3937.0,-355.0,-23.0,,2026-07-24T11:48:57.602571+08:00
2882,2016-02-23,-326000.0,-555239.0,80000.0,-801239.0,57760.0,4027.0,-181.0,90.0,,2026-07-24T11:48:57.602571+08:00
2882,2016-02-24,-456000.0,-2754990.0,50000.0,-3160990.0,57567.0,3933.0,-193.0,-94.0,,2026-07-24T11:48:57.602571+08:00
2882,2016-02-25,294000.0,-92402.0,0.0,201598.0,57276.0,3577.0,-291.0,-356.0,,2026-07-24T11:48:57.602571+08:00
2882,2016-02-26,-1207000.0,277481.0,-11000.0,-940519.0,56516.0,3622.0,-760.0,45.0,,2026-07-24T11:48:57.602571+08:00
2882,2016-03-01,70000.0,-4588099.0,0.0,-4518099.0,56048.0,3482.0,-468.0,-140.0,,2026-07-24T11:48:57.602571+08:00
2882,2016-03-02,2335000.0,8255006.0,-57377.0,10532629.0,54641.0,3338.0,-1407.0,-144.0,,2026-07-24T11:48:57.602571+08:00
2882,2016-03-03,-135000.0,17920542.0,470000.0,18255542.0,51847.0,3726.0,-2794.0,388.0,,2026-07-24T11:48:57.602571+08:00
2882,2016-03-04,-925000.0,2509198.0,1634000.0,3218198.0,52262.0,3330.0,415.0,-396.0,,2026-07-24T11:48:57.602571+08:00
2882,2016-03-07,572000.0,12220006.0,-5000.0,12787006.0,50749.0,3236.0,-1513.0,-94.0,,2026-07-24T11:48:57.602571+08:00
2882,2016-03-08,-796000.0,7091832.0,30000.0,6325832.0,50465.0,3132.0,-284.0,-104.0,,2026-07-24T11:48:57.602571+08:00
2882,2016-03-09,-789000.0,6161726.0,-53000.0,5319726.0,50199.0,3023.0,-266.0,-109.0,,2026-07-24T11:48:57.602571+08:00
2882,2016-03-10,972000.0,797668.0,-810742.0,958926.0,49751.0,2996.0,-448.0,-27.0,,2026-07-24T11:48:57.602571+08:00
2882,2016-03-11,-471907.0,8343254.0,0.0,7871347.0,49659.0,2876.0,-92.0,-120.0,,2026-07-24T11:48:57.602571+08:00
2882,2016-03-14,167000.0,2587093.0,0.0,2754093.0,49588.0,2667.0,-71.0,-209.0,,2026-07-24T11:48:57.602571+08:00
2882,2016-03-15,-1421000.0,-1398000.0,-13000.0,-2832000.0,49757.0,2732.0,169.0,65.0,,2026-07-24T11:48:57.602571+08:00
2882,2016-03-16,-558000.0,4502000.0,-120000.0,3824000.0,49585.0,2715.0,-172.0,-17.0,,2026-07-24T11:48:57.602571+08:00
2882,2016-03-17,1909000.0,3300414.0,0.0,5209414.0,49570.0,2447.0,-15.0,-268.0,,2026-07-24T11:48:57.602571+08:00
2882,2016-03-18,-693000.0,3140843.0,71000.0,2518843.0,49570.0,2523.0,0.0,76.0,,2026-07-24T11:48:57.602571+08:00
2882,2016-03-21,-285000.0,-10543205.0,0.0,-10828205.0,50647.0,2169.0,1077.0,-354.0,,2026-07-24T11:48:57.602571+08:00
2882,2016-03-22,-965000.0,-3953610.0,-1194000.0,-6112610.0,50598.0,2112.0,-49.0,-57.0,,2026-07-24T11:48:57.602571+08:00
2882,2016-03-23,-213000.0,-5495950.0,47000.0,-5661950.0,51051.0,1838.0,453.0,-274.0,,2026-07-24T11:48:57.602571+08:00
2882,2016-03-24,-396000.0,-17876040.0,-2270.0,-18274310.0,51902.0,1847.0,851.0,9.0,,2026-07-24T11:48:57.602571+08:00
2882,2016-03-25,387000.0,-4902000.0,-42000.0,-4557000.0,51077.0,1702.0,-825.0,-145.0,,2026-07-24T11:48:57.602571+08:00
2882,2016-03-28,726000.0,-2138536.0,-330000.0,-1742536.0,51040.0,1215.0,-37.0,-487.0,,2026-07-24T11:48:57.602571+08:00
2882,2016-03-29,-143000.0,-5522290.0,1000.0,-5664290.0,51253.0,722.0,213.0,-493.0,,2026-07-24T11:48:57.602571+08:00
2882,2016-03-30,-270000.0,2793492.0,-118000.0,2405492.0,50695.0,3.0,-558.0,-719.0,,2026-07-24T11:48:57.602571+08:00
2882,2016-03-31,1948156.0,-627043.0,50000.0,1371113.0,50657.0,0.0,-38.0,-3.0,,2026-07-24T11:48:57.602571+08:00
2882,2016-04-01,-1642000.0,-9264200.0,0.0,-10906200.0,51580.0,0.0,923.0,0.0,,2026-07-24T11:48:57.602571+08:00
2882,2016-04-06,-1582000.0,-15270351.0,-130000.0,-16982351.0,53083.0,0.0,1503.0,0.0,,2026-07-24T11:48:57.602571+08:00
2882,2016-04-07,-354000.0,-13345080.0,0.0,-13699080.0,54086.0,485.0,1003.0,485.0,,2026-07-24T11:48:57.602571+08:00
2882,2016-04-08,151000.0,-5113279.0,-243000.0,-5205279.0,54159.0,723.0,73.0,238.0,,2026-07-24T11:48:57.602571+08:00
2882,2016-04-11,120000.0,-8101695.0,-212000.0,-8193695.0,54738.0,1080.0,579.0,357.0,,2026-07-24T11:48:57.602571+08:00
2882,2016-04-12,-6000.0,-7827315.0,-591000.0,-8424315.0,55589.0,1054.0,851.0,-26.0,,2026-07-24T11:48:57.602571+08:00
2882,2016-04-13,507000.0,-4882000.0,-441000.0,-4816000.0,56138.0,1085.0,549.0,31.0,,2026-07-24T11:48:57.602571+08:00
2882,2016-04-14,1981000.0,-4073784.0,235000.0,-1857784.0,56258.0,903.0,120.0,-182.0,,2026-07-24T11:48:57.602571+08:00
2882,2016-04-15,-576000.0,812411.0,-38000.0,198411.0,56614.0,1121.0,356.0,218.0,,2026-07-24T11:48:57.602571+08:00
2882,2016-04-18,-283000.0,3326446.0,0.0,3043446.0,55646.0,1194.0,-968.0,73.0,,2026-07-24T11:48:57.602571+08:00
2882,2016-04-19,-17000.0,-11896200.0,-329000.0,-12242200.0,57412.0,1319.0,1766.0,125.0,,2026-07-24T11:48:57.602571+08:00
2882,2016-04-20,-562000.0,-2020314.0,18000.0,-2564314.0,56991.0,1440.0,-421.0,121.0,,2026-07-24T11:48:57.602571+08:00
2882,2016-04-21,-125000.0,3918904.0,-195000.0,3598904.0,56477.0,1391.0,-514.0,-49.0,,2026-07-24T11:48:57.602571+08:00
2882,2016-04-22,-640000.0,3608551.0,0.0,2968551.0,55614.0,1670.0,-863.0,279.0,,2026-07-24T11:48:57.602571+08:00
2882,2016-04-25,-114000.0,2520929.0,-2000.0,2404929.0,54920.0,1665.0,-694.0,-5.0,,2026-07-24T11:48:57.602571+08:00
2882,2016-04-26,762000.0,4515618.0,-283000.0,4994618.0,54650.0,1474.0,-270.0,-191.0,,2026-07-24T11:48:57.602571+08:00
2882,2016-04-27,280000.0,1068360.0,0.0,1348360.0,53863.0,1542.0,-787.0,68.0,,2026-07-24T11:48:57.602571+08:00
2882,2016-04-28,-105000.0,-6121775.0,0.0,-6226775.0,54297.0,1495.0,434.0,-47.0,,2026-07-24T11:48:57.602571+08:00
2882,2016-04-29,13000.0,-576845.0,0.0,-563845.0,53933.0,1612.0,-364.0,117.0,,2026-07-24T11:48:57.602571+08:00
2882,2016-05-03,-219000.0,-2593900.0,0.0,-2812900.0,53835.0,1480.0,-98.0,-132.0,,2026-07-24T11:48:57.602571+08:00
2882,2016-05-04,-224000.0,-14293858.0,0.0,-14517858.0,54033.0,1542.0,198.0,62.0,,2026-07-24T11:48:57.602571+08:00
2882,2016-05-05,436000.0,-3871061.0,0.0,-3435061.0,53916.0,1630.0,-117.0,88.0,,2026-07-24T11:48:57.602571+08:00
2882,2016-05-06,-766000.0,-11946550.0,0.0,-12712550.0,53331.0,1870.0,-585.0,240.0,,2026-07-24T11:48:57.602571+08:00
2882,2016-05-09,174000.0,-6102941.0,-170000.0,-6098941.0,53119.0,1879.0,-212.0,9.0,,2026-07-24T11:48:57.602571+08:00
2882,2016-05-10,459000.0,-10416075.0,-1027.0,-9958102.0,53795.0,1749.0,676.0,-130.0,,2026-07-24T11:48:57.602571+08:00
2882,2016-05-11,-71000.0,-6408200.0,0.0,-6479200.0,53557.0,1789.0,-238.0,40.0,,2026-07-24T11:48:57.602571+08:00
2882,2016-05-12,48000.0,-1703197.0,-748000.0,-2403197.0,53447.0,1819.0,-110.0,30.0,,2026-07-24T11:48:57.602571+08:00
2882,2016-05-13,323000.0,-17908056.0,0.0,-17585056.0,53497.0,1850.0,50.0,31.0,,2026-07-24T11:48:57.602571+08:00
2882,2016-05-16,672000.0,-3008855.0,0.0,-2336855.0,53530.0,1934.0,33.0,84.0,,2026-07-24T11:48:57.602571+08:00
2882,2016-05-17,354000.0,-9572325.0,-61000.0,-9279325.0,54094.0,1820.0,564.0,-114.0,,2026-07-24T11:48:57.602571+08:00
2882,2016-05-18,153000.0,-5190944.0,-435000.0,-5472944.0,54273.0,1830.0,179.0,10.0,,2026-07-24T11:48:57.602571+08:00
2882,2016-05-19,-248000.0,3082000.0,0.0,2834000.0,53411.0,1958.0,-862.0,128.0,,2026-07-24T11:48:57.602571+08:00
2882,2016-05-20,359000.0,-3105307.0,87000.0,-2659307.0,53329.0,1913.0,-82.0,-45.0,,2026-07-24T11:48:57.602571+08:00
2882,2016-05-23,518000.0,9776605.0,1080000.0,11374605.0,51300.0,1934.0,-2029.0,21.0,,2026-07-24T11:48:57.602571+08:00
2882,2016-05-24,143000.0,-1013933.0,1322000.0,451067.0,50550.0,1896.0,-750.0,-38.0,,2026-07-24T11:48:57.602571+08:00
2882,2016-05-25,854000.0,6570145.0,0.0,7424145.0,49511.0,1942.0,-1039.0,46.0,,2026-07-24T11:48:57.602571+08:00
2882,2016-05-26,-713000.0,-2047190.0,2888000.0,127810.0,49590.0,1912.0,79.0,-30.0,,2026-07-24T11:48:57.602571+08:00
2882,2016-05-27,447000.0,4886478.0,483000.0,5816478.0,49214.0,2158.0,-376.0,246.0,,2026-07-24T11:48:57.602571+08:00
2882,2016-05-30,1053000.0,4573126.0,354000.0,5980126.0,48682.0,2244.0,-532.0,86.0,,2026-07-24T11:48:57.602571+08:00
2882,2016-05-31,-742000.0,-4830224.0,5000.0,-5567224.0,48855.0,2203.0,173.0,-41.0,,2026-07-24T11:48:57.602571+08:00
2882,2016-06-01,0.0,5135306.0,650000.0,5785306.0,48364.0,2259.0,-491.0,56.0,,2026-07-24T11:48:57.602571+08:00
2882,2016-06-02,-819000.0,6445372.0,1538000.0,7164372.0,47253.0,2311.0,-1111.0,52.0,,2026-07-24T11:48:57.602571+08:00
2882,2016-06-03,-391000.0,1545000.0,-732000.0,422000.0,47213.0,2327.0,-40.0,16.0,,2026-07-24T11:48:57.602571+08:00
2882,2016-06-04,23000.0,-1427000.0,-233000.0,-1637000.0,47118.0,2302.0,-95.0,-25.0,,2026-07-24T11:48:57.602571+08:00
2882,2016-06-06,-200000.0,-1634620.0,0.0,-1834620.0,46992.0,2199.0,-126.0,-103.0,,2026-07-24T11:48:57.602571+08:00
2882,2016-06-07,7000.0,192000.0,0.0,199000.0,46844.0,2206.0,-148.0,7.0,,2026-07-24T11:48:57.602571+08:00
2882,2016-06-08,-137000.0,-6731000.0,739000.0,-6129000.0,47071.0,2147.0,227.0,-59.0,,2026-07-24T11:48:57.602571+08:00
2882,2016-06-13,618000.0,5481680.0,-1461000.0,4638680.0,46362.0,2151.0,-709.0,4.0,,2026-07-24T11:48:57.602571+08:00
2882,2016-06-14,978000.0,2680182.0,138000.0,3796182.0,46586.0,1993.0,224.0,-158.0,,2026-07-24T11:48:57.602571+08:00
2882,2016-06-15,1864000.0,-3461480.0,117000.0,-1480480.0,46340.0,1841.0,-246.0,-152.0,,2026-07-24T11:48:57.602571+08:00
2882,2016-06-16,1944000.0,-19433173.0,1000.0,-17488173.0,46875.0,1610.0,535.0,-231.0,,2026-07-24T11:48:57.602571+08:00
2882,2016-06-17,2662000.0,-5822990.0,-40000.0,-3200990.0,46832.0,1462.0,-43.0,-148.0,,2026-07-24T11:48:57.602571+08:00
2882,2016-06-20,2253000.0,-967000.0,-17000.0,1269000.0,45859.0,1244.0,-973.0,-218.0,,2026-07-24T11:48:57.602571+08:00
2882,2016-06-21,4230000.0,3966698.0,0.0,8196698.0,43588.0,0.0,-2271.0,-1244.0,,2026-07-24T11:48:57.602571+08:00
2882,2016-06-22,1539000.0,-1887043.0,30000.0,-318043.0,43631.0,0.0,43.0,0.0,,2026-07-24T11:48:57.602571+08:00
2882,2016-06-23,2896000.0,-2606376.0,0.0,289624.0,41427.0,0.0,-2204.0,0.0,,2026-07-24T11:48:57.602571+08:00
2882,2016-06-24,2633000.0,-15865948.0,-44000.0,-13276948.0,43702.0,0.0,2275.0,0.0,,2026-07-24T11:48:57.602571+08:00
2882,2016-06-27,-948000.0,-15425868.0,-537832.0,-16911700.0,41171.0,874.0,-2531.0,874.0,,2026-07-24T11:48:57.602571+08:00
2882,2016-06-28,-1154000.0,-18416065.0,-697000.0,-20267065.0,42995.0,1196.0,1824.0,322.0,,2026-07-24T11:48:57.602571+08:00
2882,2016-06-29,-1371000.0,-9518804.0,-105000.0,-10994804.0,43220.0,1219.0,225.0,23.0,,2026-07-24T11:48:57.602571+08:00
2882,2016-06-30,-342000.0,4864449.0,-321000.0,4201449.0,41958.0,1474.0,-1262.0,255.0,,2026-07-24T11:48:57.602571+08:00
2882,2016-07-01,562000.0,4784882.0,83000.0,5429882.0,40739.0,1484.0,-1219.0,10.0,,2026-07-24T11:48:57.602571+08:00
2882,2016-07-04,-155000.0,2729100.0,-276000.0,2298100.0,40618.0,1582.0,-121.0,98.0,,2026-07-24T11:48:57.602571+08:00
2882,2016-07-05,-185000.0,591630.0,-67000.0,339630.0,39916.0,1556.0,-702.0,-26.0,,2026-07-24T11:48:57.602571+08:00
2882,2016-07-06,-399000.0,-19607930.0,-251000.0,-20257930.0,41107.0,2174.0,1191.0,618.0,,2026-07-24T11:48:57.602571+08:00
2882,2016-07-07,63000.0,-4339318.0,-217000.0,-4493318.0,41371.0,3053.0,264.0,879.0,,2026-07-24T11:48:57.602571+08:00
2882,2016-07-11,677000.0,-690832.0,47000.0,33168.0,44067.0,2729.0,2696.0,-324.0,,2026-07-24T11:48:57.602571+08:00
2882,2016-07-12,-306000.0,593025.0,174000.0,461025.0,45248.0,2066.0,1181.0,-663.0,,2026-07-24T11:48:57.602571+08:00
2882,2016-07-13,273000.0,8033540.0,0.0,8306540.0,46282.0,2226.0,1034.0,160.0,,2026-07-24T11:48:57.602571+08:00
2882,2016-07-14,-347000.0,13624672.0,0.0,13277672.0,45796.0,2363.0,-486.0,137.0,,2026-07-24T11:48:57.602571+08:00
2882,2016-07-15,-1339000.0,19721129.0,0.0,18382129.0,44678.0,2633.0,-1118.0,270.0,,2026-07-24T11:48:57.602571+08:00
2882,2016-07-18,421000.0,7768869.0,239000.0,8428869.0,43040.0,2709.0,-1638.0,76.0,,2026-07-24T11:48:57.602571+08:00
2882,2016-07-19,521000.0,5945000.0,3057000.0,9523000.0,42463.0,2751.0,-577.0,42.0,,2026-07-24T11:48:57.602571+08:00
2882,2016-07-20,-574000.0,1091000.0,662000.0,1179000.0,42297.0,2724.0,-166.0,-27.0,,2026-07-24T11:48:57.602571+08:00
2882,2016-07-21,241000.0,8790271.0,-37000.0,8994271.0,41774.0,2806.0,-523.0,82.0,,2026-07-24T11:48:57.602571+08:00
2882,2016-07-22,246000.0,2112756.0,78000.0,2436756.0,42229.0,2755.0,455.0,-51.0,,2026-07-24T11:48:57.602571+08:00
2882,2016-07-25,-30000.0,1274279.0,628000.0,1872279.0,43049.0,2639.0,820.0,-116.0,,2026-07-24T11:48:57.602571+08:00
2882,2016-07-26,-41000.0,1794000.0,108000.0,1861000.0,43726.0,2836.0,677.0,197.0,,2026-07-24T11:48:57.602571+08:00
2882,2016-07-27,-302000.0,157460.0,-8000.0,-152540.0,44783.0,2748.0,1057.0,-88.0,,2026-07-24T11:48:57.602571+08:00
2882,2016-07-28,387000.0,6051000.0,-25000.0,6413000.0,45524.0,2772.0,741.0,24.0,,2026-07-24T11:48:57.602571+08:00
2882,2016-07-29,197000.0,-1810923.0,-471214.0,-2085137.0,45612.0,2735.0,88.0,-37.0,,2026-07-24T11:48:57.602571+08:00
2882,2016-08-01,198000.0,2852466.0,1000.0,3051466.0,47061.0,2704.0,1449.0,-31.0,,2026-07-24T11:48:57.602571+08:00
2882,2016-08-02,37000.0,1811373.0,-8000.0,1840373.0,47504.0,2602.0,443.0,-102.0,,2026-07-24T11:48:57.602571+08:00
2882,2016-08-03,178000.0,-1447214.0,3000.0,-1266214.0,47772.0,2673.0,268.0,71.0,,2026-07-24T11:48:57.602571+08:00
2882,2016-08-04,-208000.0,1261544.0,41000.0,1094544.0,47889.0,2640.0,117.0,-33.0,,2026-07-24T11:48:57.602571+08:00
2882,2016-08-05,60000.0,8494328.0,91000.0,8645328.0,48515.0,2631.0,626.0,-9.0,,2026-07-24T11:48:57.602571+08:00
2882,2016-08-08,1660000.0,18472247.0,-27000.0,20105247.0,48295.0,2772.0,-220.0,141.0,,2026-07-24T11:48:57.602571+08:00
2882,2016-08-09,-880000.0,7670000.0,1435000.0,8225000.0,48308.0,2999.0,13.0,227.0,,2026-07-24T11:48:57.602571+08:00
2882,2016-08-10,601000.0,6478575.0,156000.0,7235575.0,48829.0,3033.0,521.0,34.0,,2026-07-24T11:48:57.602571+08:00
2882,2016-08-11,532000.0,-416910.0,55000.0,170090.0,48452.0,2916.0,-377.0,-117.0,,2026-07-24T11:48:57.602571+08:00
2882,2016-08-12,-578000.0,5021000.0,-11000.0,4432000.0,48483.0,2772.0,31.0,-144.0,,2026-07-24T11:48:57.602571+08:00
2882,2016-08-15,-22000.0,1429000.0,-181000.0,1226000.0,47937.0,2778.0,-546.0,6.0,,2026-07-24T11:48:57.602571+08:00
2882,2016-08-16,-488170.0,888033.0,33000.0,432863.0,47453.0,2777.0,-484.0,-1.0,,2026-07-24T11:48:57.602571+08:00
2882,2016-08-17,-1131830.0,12181507.0,30000.0,11079677.0,46000.0,3154.0,-1453.0,377.0,,2026-07-24T11:48:57.602571+08:00
2882,2016-08-18,1215000.0,-2115760.0,-8000.0,-908760.0,46010.0,3124.0,10.0,-30.0,,2026-07-24T11:48:57.602571+08:00
2882,2016-08-19,-455000.0,-4600186.0,-432000.0,-5487186.0,45533.0,2941.0,-477.0,-183.0,,2026-07-24T11:48:57.602571+08:00
2882,2016-08-22,-1157000.0,-2594262.0,-45000.0,-3796262.0,45511.0,2811.0,-22.0,-130.0,,2026-07-24T11:48:57.602571+08:00
2882,2016-08-23,-63000.0,5249749.0,-3002000.0,2184749.0,45141.0,2988.0,-370.0,177.0,,2026-07-24T11:48:57.602571+08:00
2882,2016-08-24,427000.0,4613950.0,460000.0,5500950.0,44432.0,3230.0,-709.0,242.0,,2026-07-24T11:48:57.602571+08:00
2882,2016-08-25,3702000.0,19645160.0,1389000.0,24736160.0,43053.0,3772.0,-1379.0,542.0,,2026-07-24T11:48:57.602571+08:00
2882,2016-08-26,-1697000.0,42151722.0,383000.0,40837722.0,41384.0,4239.0,-1669.0,467.0,,2026-07-24T11:48:57.602571+08:00
2882,2016-08-29,-2479000.0,5144700.0,68000.0,2733700.0,41108.0,4297.0,-276.0,58.0,,2026-07-24T11:48:57.602571+08:00
2882,2016-08-30,1582000.0,20925846.0,1549000.0,24056846.0,42793.0,4722.0,1685.0,425.0,,2026-07-24T11:48:57.602571+08:00
2882,2016-08-31,-1579000.0,1783962.0,258000.0,462962.0,42431.0,4880.0,-362.0,158.0,,2026-07-24T11:48:57.602571+08:00
2882,2016-09-01,-553000.0,-5922869.0,1086000.0,-5389869.0,42201.0,4431.0,-230.0,-449.0,,2026-07-24T11:48:57.602571+08:00
2882,2016-09-02,-240000.0,3521588.0,652000.0,3933588.0,41888.0,4498.0,-313.0,67.0,,2026-07-24T11:48:57.602571+08:00
2882,2016-09-05,898000.0,2865000.0,436000.0,4199000.0,40639.0,4614.0,-1249.0,116.0,,2026-07-24T11:48:57.602571+08:00
2882,2016-09-06,913000.0,4648022.0,97000.0,5658022.0,40608.0,4685.0,-31.0,71.0,,2026-07-24T11:48:57.602571+08:00
2882,2016-09-07,168000.0,8089550.0,-27000.0,8230550.0,39846.0,4795.0,-762.0,110.0,,2026-07-24T11:48:57.602571+08:00
2882,2016-09-08,1639000.0,8663300.0,215000.0,10517300.0,39395.0,4914.0,-451.0,119.0,,2026-07-24T11:48:57.602571+08:00
2882,2016-09-09,-1750000.0,-6259444.0,302000.0,-7707444.0,39345.0,4515.0,-50.0,-399.0,,2026-07-24T11:48:57.602571+08:00
2882,2016-09-10,-925000.0,-984000.0,0.0,-1909000.0,39252.0,4220.0,-93.0,-295.0,,2026-07-24T11:48:57.602571+08:00
2882,2016-09-12,-426000.0,-2278551.0,95000.0,-2609551.0,39283.0,4243.0,31.0,23.0,,2026-07-24T11:48:57.602571+08:00
2882,2016-09-13,-702000.0,-8433000.0,-19000.0,-9154000.0,39365.0,3882.0,82.0,-361.0,,2026-07-24T11:48:57.602571+08:00
2882,2016-09-14,-978000.0,3382174.0,104000.0,2508174.0,38869.0,4357.0,-496.0,475.0,,2026-07-24T11:48:57.602571+08:00
2882,2016-09-19,780000.0,2898998.0,0.0,3678998.0,38737.0,4262.0,-132.0,-95.0,,2026-07-24T11:48:57.602571+08:00
2882,2016-09-20,-319000.0,225895.0,102000.0,8895.0,39474.0,4327.0,737.0,65.0,,2026-07-24T11:48:57.602571+08:00
2882,2016-09-21,-754000.0,7396600.0,0.0,6642600.0,39069.0,4415.0,-405.0,88.0,,2026-07-24T11:48:57.602571+08:00
2882,2016-09-22,-1689000.0,4764730.0,35000.0,3110730.0,38850.0,4527.0,-219.0,112.0,,2026-07-24T11:48:57.602571+08:00
2882,2016-09-23,-1778000.0,6501519.0,20000.0,4743519.0,38560.0,4636.0,-290.0,109.0,,2026-07-24T11:48:57.602571+08:00
2882,2016-09-26,-1883000.0,3616000.0,-180000.0,1553000.0,37108.0,4652.0,-1452.0,16.0,,2026-07-24T11:48:57.602571+08:00
2882,2016-09-29,-2472289.0,8085509.0,0.0,5613220.0,36852.0,4666.0,-256.0,14.0,,2026-07-24T11:48:57.602571+08:00
2882,2016-09-30,-4080000.0,-2786981.0,213955.0,-6653026.0,37030.0,4651.0,178.0,-15.0,,2026-07-24T11:48:57.602571+08:00
2882,2016-10-03,-242000.0,600558.0,-33000.0,325558.0,36814.0,4455.0,-216.0,-196.0,,2026-07-24T11:48:57.602571+08:00
2882,2016-10-04,-1409000.0,4226157.0,0.0,2817157.0,36429.0,4504.0,-385.0,49.0,,2026-07-24T11:48:57.602571+08:00
2882,2016-10-05,-1484000.0,906933.0,0.0,-577067.0,36388.0,4475.0,-41.0,-29.0,,2026-07-24T11:48:57.602571+08:00
2882,2016-10-06,-452000.0,619489.0,0.0,167489.0,36067.0,4482.0,-321.0,7.0,,2026-07-24T11:48:57.602571+08:00
2882,2016-10-07,-994000.0,-2023631.0,0.0,-3017631.0,35545.0,4469.0,-522.0,-13.0,,2026-07-24T11:48:57.602571+08:00
2882,2016-10-11,-1227000.0,1564000.0,14113.0,351113.0,35060.0,4510.0,-485.0,41.0,,2026-07-24T11:48:57.602571+08:00
2882,2016-10-12,-86000.0,10487824.0,259000.0,10660824.0,34383.0,4652.0,-677.0,142.0,,2026-07-24T11:48:57.602571+08:00
2882,2016-10-13,167000.0,-5225871.0,0.0,-5058871.0,33550.0,4645.0,-833.0,-7.0,,2026-07-24T11:48:57.602571+08:00
2882,2016-10-14,-15000.0,-909000.0,-393000.0,-1317000.0,31816.0,4532.0,-1734.0,-113.0,,2026-07-24T11:48:57.602571+08:00
2882,2016-10-17,-36000.0,756129.0,0.0,720129.0,31628.0,4528.0,-188.0,-4.0,,2026-07-24T11:48:57.602571+08:00
2882,2016-10-18,294000.0,12098696.0,-30000.0,12362696.0,30993.0,4730.0,-635.0,202.0,,2026-07-24T11:48:57.602571+08:00
2882,2016-10-19,-178000.0,6391933.0,15000.0,6228933.0,30335.0,4883.0,-658.0,153.0,,2026-07-24T11:48:57.602571+08:00
2882,2016-10-20,-88000.0,1225545.0,137000.0,1274545.0,28919.0,4822.0,-1416.0,-61.0,,2026-07-24T11:48:57.602571+08:00
2882,2016-10-21,248000.0,-938844.0,-11000.0,-701844.0,29076.0,4782.0,157.0,-40.0,,2026-07-24T11:48:57.602571+08:00
2882,2016-10-24,3000.0,1004001.0,0.0,1007001.0,27257.0,4807.0,-1819.0,25.0,,2026-07-24T11:48:57.602571+08:00
2882,2016-10-25,361000.0,-345438.0,804000.0,819562.0,27136.0,4720.0,-121.0,-87.0,,2026-07-24T11:48:57.602571+08:00
2882,2016-10-26,-67000.0,-115617.0,0.0,-182617.0,26614.0,4755.0,-522.0,35.0,,2026-07-24T11:48:57.602571+08:00
2882,2016-10-27,735000.0,532505.0,0.0,1267505.0,27014.0,4863.0,400.0,108.0,,2026-07-24T11:48:57.602571+08:00
2882,2016-10-28,493000.0,3658919.0,0.0,4151919.0,26166.0,3769.0,-848.0,-1094.0,,2026-07-24T11:48:57.602571+08:00
2882,2016-10-31,-509000.0,281575.0,-7000.0,-234425.0,25990.0,3012.0,-176.0,-757.0,,2026-07-24T11:48:57.602571+08:00
2882,2016-11-01,-580000.0,-1371986.0,70000.0,-1881986.0,25798.0,2053.0,-192.0,-959.0,,2026-07-24T11:48:57.602571+08:00
2882,2016-11-02,-173000.0,-508058.0,-359.0,-681417.0,25403.0,1241.0,-395.0,-812.0,,2026-07-24T11:48:57.602571+08:00
2882,2016-11-03,-416000.0,-2875023.0,-41000.0,-3332023.0,24874.0,23.0,-529.0,-1218.0,,2026-07-24T11:48:57.602571+08:00
2882,2016-11-04,-75000.0,1743000.0,0.0,1668000.0,24415.0,4.0,-459.0,-19.0,,2026-07-24T11:48:57.602571+08:00
2882,2016-11-07,391000.0,-620146.0,30000.0,-199146.0,24191.0,0.0,-224.0,-4.0,,2026-07-24T11:48:57.602571+08:00
2882,2016-11-08,-6000.0,605195.0,35000.0,634195.0,23856.0,0.0,-335.0,0.0,,2026-07-24T11:48:57.602571+08:00
2882,2016-11-09,-714000.0,-10429000.0,15000.0,-11128000.0,23786.0,129.0,-70.0,129.0,,2026-07-24T11:48:57.602571+08:00
2882,2016-11-10,3919000.0,28045185.0,1482000.0,33446185.0,20888.0,922.0,-2898.0,793.0,,2026-07-24T11:48:57.602571+08:00
2882,2016-11-11,1573000.0,53779236.0,2368000.0,57720236.0,20746.0,2509.0,-142.0,1587.0,,2026-07-24T11:48:57.602571+08:00
2882,2016-11-14,-631000.0,24031880.0,2185000.0,25585880.0,21784.0,3652.0,1038.0,1143.0,,2026-07-24T11:48:57.602571+08:00
2882,2016-11-15,-1724000.0,-7676180.0,1561000.0,-7839180.0,23516.0,3037.0,1732.0,-615.0,,2026-07-24T11:48:57.602571+08:00
2882,2016-11-16,-234000.0,6247840.0,2144000.0,8157840.0,25219.0,3358.0,1703.0,321.0,,2026-07-24T11:48:57.602571+08:00
2882,2016-11-17,284000.0,-5423800.0,270000.0,-4869800.0,25799.0,3170.0,580.0,-188.0,,2026-07-24T11:48:57.602571+08:00
2882,2016-11-18,92000.0,3681253.0,725000.0,4498253.0,25033.0,3038.0,-766.0,-132.0,,2026-07-24T11:48:57.602571+08:00
2882,2016-11-21,2008000.0,6859124.0,1674000.0,10541124.0,25158.0,3501.0,125.0,463.0,,2026-07-24T11:48:57.602571+08:00
2882,2016-11-22,-1499000.0,5243468.0,22000.0,3766468.0,24492.0,3363.0,-666.0,-138.0,,2026-07-24T11:48:57.602571+08:00
2882,2016-11-23,3321000.0,15904635.0,660000.0,19885635.0,24225.0,3758.0,-267.0,395.0,,2026-07-24T11:48:57.602571+08:00
2882,2016-11-24,-1483000.0,6951342.0,1811000.0,7279342.0,21964.0,3884.0,-2261.0,126.0,,2026-07-24T11:48:57.602571+08:00
2882,2016-11-25,3464000.0,16052360.0,1900000.0,21416360.0,22833.0,5153.0,869.0,1269.0,,2026-07-24T11:48:57.602571+08:00
2882,2016-11-28,-3873140.0,9260536.0,1564000.0,6951396.0,21836.0,5104.0,-997.0,-49.0,,2026-07-24T11:48:57.602571+08:00
2882,2016-11-29,1926000.0,-3496173.0,743000.0,-827173.0,24585.0,3968.0,2749.0,-1136.0,,2026-07-24T11:48:57.602571+08:00
2882,2016-11-30,1391000.0,-2693063.0,-992000.0,-2294063.0,27838.0,3504.0,3253.0,-464.0,,2026-07-24T11:48:57.602571+08:00
2882,2016-12-01,960000.0,17728406.0,-89000.0,18599406.0,25687.0,4278.0,-2151.0,774.0,,2026-07-24T11:48:57.602571+08:00
2882,2016-12-02,-1720000.0,-1705089.0,5628000.0,2202911.0,26419.0,4157.0,732.0,-121.0,,2026-07-24T11:48:57.602571+08:00
2882,2016-12-05,-588000.0,14819992.0,893000.0,15124992.0,25380.0,4469.0,-1039.0,312.0,,2026-07-24T11:48:57.602571+08:00
2882,2016-12-06,-954000.0,18583767.0,1469000.0,19098767.0,23646.0,5002.0,-1734.0,533.0,,2026-07-24T11:48:57.602571+08:00
2882,2016-12-07,-1413000.0,7039558.0,165000.0,5791558.0,22207.0,5179.0,-1439.0,177.0,,2026-07-24T11:48:57.602571+08:00
2882,2016-12-08,-58000.0,11074992.0,-240000.0,10776992.0,21766.0,5241.0,-441.0,62.0,,2026-07-24T11:48:57.602571+08:00
2882,2016-12-09,390000.0,10303772.0,161000.0,10854772.0,21135.0,5328.0,-631.0,87.0,,2026-07-24T11:48:57.602571+08:00
2882,2016-12-12,-234000.0,3276636.0,255000.0,3297636.0,20878.0,5368.0,-257.0,40.0,,2026-07-24T11:48:57.602571+08:00
2882,2016-12-13,334000.0,6230759.0,49000.0,6613759.0,20834.0,5348.0,-44.0,-20.0,,2026-07-24T11:48:57.602571+08:00
2882,2016-12-14,-3031000.0,-1097076.0,240000.0,-3888076.0,20832.0,5016.0,-2.0,-332.0,,2026-07-24T11:48:57.602571+08:00
2882,2016-12-15,929000.0,18750000.0,397000.0,20076000.0,19636.0,5483.0,-1196.0,467.0,,2026-07-24T11:48:57.602571+08:00
2882,2016-12-16,-1998000.0,13140929.0,790000.0,11932929.0,20323.0,5530.0,687.0,47.0,,2026-07-24T11:48:57.602571+08:00
2882,2016-12-19,-97000.0,-1755115.0,-200000.0,-2052115.0,20163.0,5071.0,-160.0,-459.0,,2026-07-24T11:48:57.602571+08:00
2882,2016-12-20,1601000.0,82452.0,588000.0,2271452.0,20643.0,4879.0,480.0,-192.0,,2026-07-24T11:48:57.602571+08:00
2882,2016-12-21,845000.0,1230222.0,275000.0,2350222.0,21108.0,4753.0,465.0,-126.0,,2026-07-24T11:48:57.602571+08:00
2882,2016-12-22,-669000.0,-1719864.0,-1198000.0,-3586864.0,20916.0,3687.0,-192.0,-1066.0,,2026-07-24T11:48:57.602571+08:00
2882,2016-12-23,41000.0,-368693.0,-130000.0,-457693.0,21900.0,3754.0,984.0,67.0,,2026-07-24T11:48:57.602571+08:00
2882,2016-12-26,1194000.0,641000.0,50000.0,1885000.0,22137.0,4818.0,237.0,1064.0,,2026-07-24T11:48:57.602571+08:00
2882,2016-12-27,-607000.0,-866000.0,550000.0,-923000.0,21436.0,4316.0,-701.0,-502.0,,2026-07-24T11:48:57.602571+08:00
2882,2016-12-28,925000.0,2908746.0,1037000.0,4870746.0,21110.0,4910.0,-326.0,594.0,,2026-07-24T11:48:57.602571+08:00
2882,2016-12-29,156000.0,44618.0,15000.0,215618.0,21904.0,4500.0,794.0,-410.0,,2026-07-24T11:48:57.602571+08:00
2882,2016-12-30,-259000.0,1588247.0,55000.0,1384247.0,21552.0,4513.0,-352.0,13.0,,2026-07-24T11:48:57.602571+08:00
2882,2017-01-03,-742000.0,-260000.0,-30000.0,-1032000.0,21667.0,4545.0,115.0,32.0,,2026-07-24T11:48:57.602571+08:00
2882,2017-01-04,-266000.0,178546.0,-179000.0,-266454.0,21563.0,4422.0,-104.0,-123.0,,2026-07-24T11:48:57.602571+08:00
2882,2017-01-05,1095000.0,912490.0,20000.0,2027490.0,21917.0,4401.0,354.0,-21.0,,2026-07-24T11:48:57.602571+08:00
2882,2017-01-06,-822000.0,6658670.0,121000.0,5957670.0,21405.0,4448.0,-512.0,47.0,,2026-07-24T11:48:57.602571+08:00
2882,2017-01-09,-779000.0,5650784.0,-100000.0,4771784.0,21180.0,4634.0,-225.0,186.0,,2026-07-24T11:48:57.602571+08:00
2882,2017-01-10,-361000.0,5937564.0,-315000.0,5261564.0,20973.0,4838.0,-207.0,204.0,,2026-07-24T11:48:57.602571+08:00
2882,2017-01-11,-31000.0,7274848.0,-625000.0,6618848.0,20479.0,4859.0,-494.0,21.0,,2026-07-24T11:48:57.602571+08:00
2882,2017-01-12,57000.0,1753802.0,200000.0,2010802.0,20610.0,4831.0,131.0,-28.0,,2026-07-24T11:48:57.602571+08:00
2882,2017-01-13,-104000.0,2970526.0,-647000.0,2219526.0,20915.0,4670.0,305.0,-161.0,,2026-07-24T11:48:57.602571+08:00
2882,2017-01-16,-157000.0,-8258050.0,-548000.0,-8963050.0,20770.0,4248.0,-145.0,-422.0,,2026-07-24T11:48:57.602571+08:00
2882,2017-01-17,289000.0,346299.0,149000.0,784299.0,20938.0,4247.0,168.0,-1.0,,2026-07-24T11:48:57.602571+08:00
2882,2017-01-18,37000.0,-2280583.0,-459000.0,-2702583.0,21623.0,3909.0,685.0,-338.0,,2026-07-24T11:48:57.602571+08:00
2882,2017-01-19,446000.0,1013534.0,-364000.0,1095534.0,22316.0,3763.0,693.0,-146.0,,2026-07-24T11:48:57.602571+08:00
2882,2017-01-20,271000.0,5900015.0,-692000.0,5479015.0,22712.0,3645.0,396.0,-118.0,,2026-07-24T11:48:57.602571+08:00
2882,2017-01-23,-176000.0,5387793.0,-797535.0,4414258.0,22757.0,3366.0,45.0,-279.0,,2026-07-24T11:48:57.602571+08:00
2882,2017-01-24,51000.0,5295809.0,-247000.0,5099809.0,22456.0,3435.0,-301.0,69.0,,2026-07-24T11:48:57.602571+08:00
2882,2017-02-02,-516000.0,-2222095.0,-75000.0,-2813095.0,21981.0,3288.0,-475.0,-147.0,,2026-07-24T11:48:57.602571+08:00
2882,2017-02-03,-244000.0,-3672322.0,-1671000.0,-5587322.0,21901.0,3125.0,-80.0,-163.0,,2026-07-24T11:48:57.602571+08:00
2882,2017-02-06,2599000.0,10861094.0,-110000.0,13350094.0,21242.0,3167.0,-659.0,42.0,,2026-07-24T11:48:57.602571+08:00
2882,2017-02-07,-1558000.0,3212082.0,759000.0,2413082.0,21595.0,3137.0,353.0,-30.0,,2026-07-24T11:48:57.602571+08:00
2882,2017-02-08,-178000.0,3084884.0,891000.0,3797884.0,20800.0,3150.0,-795.0,13.0,,2026-07-24T11:48:57.602571+08:00
2882,2017-02-09,49000.0,-330025.0,-375000.0,-656025.0,20892.0,3076.0,92.0,-74.0,,2026-07-24T11:48:57.602571+08:00
2882,2017-02-10,3055000.0,12049935.0,-166000.0,14938935.0,21364.0,3152.0,472.0,76.0,,2026-07-24T11:48:57.602571+08:00
2882,2017-02-13,-472000.0,-1262024.0,-112000.0,-1846024.0,21509.0,3087.0,145.0,-65.0,,2026-07-24T11:48:57.602571+08:00
2882,2017-02-14,437000.0,3093070.0,-1077000.0,2453070.0,21563.0,3118.0,54.0,31.0,,2026-07-24T11:48:57.602571+08:00
2882,2017-02-15,9000.0,9294270.0,-150000.0,9153270.0,21115.0,3208.0,-448.0,90.0,,2026-07-24T11:48:57.602571+08:00
2882,2017-02-16,494000.0,8758030.0,-13000.0,9239030.0,21548.0,3283.0,433.0,75.0,,2026-07-24T11:48:57.602571+08:00
2882,2017-02-17,640000.0,8551473.0,-117000.0,9074473.0,20732.0,3326.0,-816.0,43.0,,2026-07-24T11:48:57.602571+08:00
2882,2017-02-18,807000.0,-10000.0,29000.0,826000.0,20447.0,3300.0,-285.0,-26.0,,2026-07-24T11:48:57.602571+08:00
2882,2017-02-20,358000.0,1119955.0,-755000.0,722955.0,20041.0,3329.0,-406.0,29.0,,2026-07-24T11:48:57.602571+08:00
2882,2017-02-21,320000.0,5791908.0,-90000.0,6021908.0,19190.0,3340.0,-851.0,11.0,,2026-07-24T11:48:57.602571+08:00
2882,2017-02-22,613000.0,-527368.0,-50000.0,35632.0,19501.0,3288.0,311.0,-52.0,,2026-07-24T11:48:57.602571+08:00
2882,2017-02-23,488000.0,3300580.0,-694000.0,3094580.0,18532.0,3297.0,-969.0,9.0,,2026-07-24T11:48:57.602571+08:00
2882,2017-02-24,928000.0,-6450444.0,-183633.0,-5706077.0,18635.0,3103.0,103.0,-194.0,,2026-07-24T11:48:57.602571+08:00
2882,2017-03-01,-92000.0,-3169675.0,100000.0,-3161675.0,18167.0,3057.0,-468.0,-46.0,,2026-07-24T11:48:57.602571+08:00
2882,2017-03-02,2624000.0,3439344.0,289000.0,6352344.0,19234.0,3220.0,1067.0,163.0,,2026-07-24T11:48:57.602571+08:00
2882,2017-03-03,-442000.0,-3454428.0,1111000.0,-2785428.0,19617.0,3143.0,383.0,-77.0,,2026-07-24T11:48:57.602571+08:00
2882,2017-03-06,-336000.0,4402096.0,170000.0,4236096.0,19217.0,3094.0,-400.0,-49.0,,2026-07-24T11:48:57.602571+08:00
2882,2017-03-07,-1234000.0,1676819.0,886000.0,1328819.0,19165.0,3106.0,-52.0,12.0,,2026-07-24T11:48:57.602571+08:00
2882,2017-03-08,3359000.0,9837128.0,0.0,13196128.0,18148.0,3456.0,-1017.0,350.0,,2026-07-24T11:48:57.602571+08:00
2882,2017-03-09,-168000.0,2213194.0,343000.0,2388194.0,18439.0,3461.0,291.0,5.0,,2026-07-24T11:48:57.602571+08:00
2882,2017-03-10,751000.0,10767853.0,1647000.0,13165853.0,18833.0,3487.0,394.0,26.0,,2026-07-24T11:48:57.602571+08:00
2882,2017-03-13,913000.0,11812405.0,663000.0,13388405.0,17558.0,3642.0,-1275.0,155.0,,2026-07-24T11:48:57.602571+08:00
2882,2017-03-14,-2237000.0,16262730.0,391000.0,14416730.0,15993.0,3754.0,-1565.0,112.0,,2026-07-24T11:48:57.602571+08:00
2882,2017-03-15,-1606000.0,7032895.0,223000.0,5649895.0,15927.0,3832.0,-66.0,78.0,,2026-07-24T11:48:57.602571+08:00
2882,2017-03-16,-1551000.0,2461731.0,0.0,910731.0,15598.0,3741.0,-329.0,-91.0,,2026-07-24T11:48:57.602571+08:00
2882,2017-03-17,-118000.0,1394719.0,-426000.0,850719.0,15843.0,3695.0,245.0,-46.0,,2026-07-24T11:48:57.602571+08:00
2882,2017-03-20,193000.0,445000.0,0.0,638000.0,15837.0,3728.0,-6.0,33.0,,2026-07-24T11:48:57.602571+08:00
2882,2017-03-21,-372000.0,-3906253.0,-72000.0,-4350253.0,16314.0,3420.0,477.0,-308.0,,2026-07-24T11:48:57.602571+08:00
2882,2017-03-22,-176000.0,-6959600.0,-390000.0,-7525600.0,16353.0,3259.0,39.0,-161.0,,2026-07-24T11:48:57.602571+08:00
2882,2017-03-23,574000.0,3703254.0,-103000.0,4174254.0,15723.0,3259.0,-630.0,0.0,,2026-07-24T11:48:57.602571+08:00
2882,2017-03-24,-434000.0,-1100136.0,-136000.0,-1670136.0,15845.0,3234.0,122.0,-25.0,,2026-07-24T11:48:57.602571+08:00
2882,2017-03-27,-447000.0,4437555.0,-157000.0,3833555.0,15457.0,3295.0,-388.0,61.0,,2026-07-24T11:48:57.602571+08:00
2882,2017-03-28,-424000.0,1981299.0,45000.0,1602299.0,15029.0,3118.0,-428.0,-177.0,,2026-07-24T11:48:57.602571+08:00
2882,2017-03-29,282000.0,-1203759.0,392185.0,-529574.0,15380.0,2854.0,351.0,-264.0,,2026-07-24T11:48:57.602571+08:00
2882,2017-03-30,-48000.0,-1832047.0,-784134.0,-2664181.0,15621.0,2564.0,241.0,-290.0,,2026-07-24T11:48:57.602571+08:00
2882,2017-03-31,110000.0,-8764850.0,-33776.0,-8688626.0,16000.0,2046.0,379.0,-518.0,,2026-07-24T11:48:57.602571+08:00
2882,2017-04-05,168000.0,-3830462.0,92740.0,-3569722.0,16156.0,1917.0,156.0,-129.0,,2026-07-24T11:48:57.602571+08:00
2882,2017-04-06,572000.0,-4897405.0,114000.0,-4211405.0,16196.0,1710.0,40.0,-207.0,,2026-07-24T11:48:57.602571+08:00
2882,2017-04-07,-587000.0,-13720659.0,-26000.0,-14333659.0,16902.0,931.0,706.0,-779.0,,2026-07-24T11:48:57.602571+08:00
2882,2017-04-10,125000.0,-4795700.0,-571000.0,-5241700.0,17147.0,25.0,245.0,-906.0,,2026-07-24T11:48:57.602571+08:00
2882,2017-04-11,-786000.0,-9264163.0,-66000.0,-10116163.0,17326.0,0.0,179.0,-25.0,,2026-07-24T11:48:57.602571+08:00
2882,2017-04-12,336000.0,-3329130.0,-20000.0,-3013130.0,17074.0,0.0,-252.0,0.0,,2026-07-24T11:48:57.602571+08:00
2882,2017-04-13,504000.0,-5792829.0,295000.0,-4993829.0,17248.0,0.0,174.0,0.0,,2026-07-24T11:48:57.602571+08:00
2882,2017-04-14,-497000.0,-1090000.0,66000.0,-1521000.0,17035.0,129.0,-213.0,129.0,,2026-07-24T11:48:57.602571+08:00
2882,2017-04-17,221000.0,-604280.0,-1243000.0,-1626280.0,16886.0,151.0,-149.0,22.0,,2026-07-24T11:48:57.602571+08:00
2882,2017-04-18,-126000.0,-12986225.0,-1528000.0,-14640225.0,17531.0,340.0,645.0,189.0,,2026-07-24T11:48:57.602571+08:00
2882,2017-04-19,169000.0,-7684929.0,-1963264.0,-9479193.0,18241.0,306.0,710.0,-34.0,,2026-07-24T11:48:57.602571+08:00
2882,2017-04-20,110000.0,-1322182.0,-336000.0,-1548182.0,18120.0,376.0,-121.0,70.0,,2026-07-24T11:48:57.602571+08:00
2882,2017-04-21,-110000.0,1791141.0,-85000.0,1596141.0,17457.0,409.0,-663.0,33.0,,2026-07-24T11:48:57.602571+08:00
2882,2017-04-24,-53000.0,13308.0,70000.0,30308.0,17449.0,398.0,-8.0,-11.0,,2026-07-24T11:48:57.602571+08:00
2882,2017-04-25,454000.0,5844196.0,34852.0,6333048.0,17592.0,499.0,143.0,101.0,,2026-07-24T11:48:57.602571+08:00
2882,2017-04-26,-145000.0,4085900.0,17000.0,3957900.0,16940.0,577.0,-652.0,78.0,,2026-07-24T11:48:57.602571+08:00
2882,2017-04-27,-174000.0,110631.0,47000.0,-16369.0,16736.0,572.0,-204.0,-5.0,,2026-07-24T11:48:57.602571+08:00
2882,2017-04-28,-58000.0,-457969.0,-237000.0,-752969.0,16545.0,595.0,-191.0,23.0,,2026-07-24T11:48:57.602571+08:00
2882,2017-05-02,836000.0,5148044.0,258000.0,6242044.0,16644.0,772.0,99.0,177.0,,2026-07-24T11:48:57.602571+08:00
2882,2017-05-03,-332000.0,1214822.0,0.0,882822.0,16346.0,835.0,-298.0,63.0,,2026-07-24T11:48:57.602571+08:00
2882,2017-05-04,720000.0,2403100.0,213711.0,3336811.0,15975.0,962.0,-371.0,127.0,,2026-07-24T11:48:57.602571+08:00
2882,2017-05-05,-337000.0,61630.0,-769470.0,-1044840.0,15902.0,901.0,-73.0,-61.0,,2026-07-24T11:48:57.602571+08:00
2882,2017-05-08,156000.0,398652.0,227000.0,781652.0,15815.0,939.0,-87.0,38.0,,2026-07-24T11:48:57.602571+08:00
2882,2017-05-09,-170090.0,-1549145.0,76000.0,-1643235.0,15495.0,963.0,-320.0,24.0,,2026-07-24T11:48:57.602571+08:00
2882,2017-05-10,-28000.0,-579058.0,-1105000.0,-1712058.0,15597.0,969.0,102.0,6.0,,2026-07-24T11:48:57.602571+08:00
2882,2017-05-11,7000.0,19644.0,-94000.0,-67356.0,15408.0,966.0,-189.0,-3.0,,2026-07-24T11:48:57.602571+08:00
2882,2017-05-12,197000.0,613316.0,-139000.0,671316.0,15146.0,920.0,-262.0,-46.0,,2026-07-24T11:48:57.602571+08:00
2882,2017-05-15,758000.0,1831696.0,528000.0,3117696.0,15153.0,920.0,7.0,0.0,,2026-07-24T11:48:57.602571+08:00
2882,2017-05-16,1459000.0,4951518.0,1364000.0,7774518.0,16276.0,960.0,1123.0,40.0,,2026-07-24T11:48:57.602571+08:00
2882,2017-05-17,616000.0,1847437.0,-49000.0,2414437.0,16483.0,980.0,207.0,20.0,,2026-07-24T11:48:57.602571+08:00
2882,2017-05-18,341000.0,-7413947.0,-1000.0,-7073947.0,16773.0,929.0,290.0,-51.0,,2026-07-24T11:48:57.602571+08:00
2882,2017-05-19,444000.0,-64292.0,-407000.0,-27292.0,16668.0,833.0,-105.0,-96.0,,2026-07-24T11:48:57.602571+08:00
2882,2017-05-22,20000.0,-744411.0,-2364000.0,-3088411.0,17045.0,754.0,377.0,-79.0,,2026-07-24T11:48:57.602571+08:00
2882,2017-05-23,806000.0,-3638159.0,-1536000.0,-4368159.0,17185.0,696.0,140.0,-58.0,,2026-07-24T11:48:57.602571+08:00
2882,2017-05-24,252000.0,-146368.0,-201000.0,-95368.0,17369.0,681.0,184.0,-15.0,,2026-07-24T11:48:57.602571+08:00
2882,2017-05-25,846000.0,-792429.0,-154000.0,-100429.0,18108.0,635.0,739.0,-46.0,,2026-07-24T11:48:57.602571+08:00
2882,2017-05-26,148000.0,-5098118.0,-495000.0,-5445118.0,18253.0,547.0,145.0,-88.0,,2026-07-24T11:48:57.602571+08:00
2882,2017-05-31,726000.0,-9747140.0,-795000.0,-9816140.0,18645.0,431.0,392.0,-116.0,,2026-07-24T11:48:57.602571+08:00
2882,2017-06-01,359000.0,-270418.0,-638000.0,-549418.0,18725.0,454.0,80.0,23.0,,2026-07-24T11:48:57.602571+08:00
2882,2017-06-02,58000.0,1741992.0,-1134000.0,665992.0,18915.0,539.0,190.0,85.0,,2026-07-24T11:48:57.602571+08:00
2882,2017-06-03,524000.0,-60000.0,-1880000.0,-1416000.0,19096.0,518.0,181.0,-21.0,,2026-07-24T11:48:57.602571+08:00
2882,2017-06-05,235000.0,-4411174.0,-174000.0,-4350174.0,19338.0,573.0,242.0,55.0,,2026-07-24T11:48:57.602571+08:00
2882,2017-06-06,798983.0,-10329071.0,-542000.0,-10072088.0,19585.0,369.0,247.0,-204.0,,2026-07-24T11:48:57.602571+08:00
2882,2017-06-07,383000.0,-979816.0,-617000.0,-1213816.0,19958.0,341.0,373.0,-28.0,,2026-07-24T11:48:57.602571+08:00
2882,2017-06-08,1397000.0,-5352206.0,-362000.0,-4317206.0,19683.0,333.0,-275.0,-8.0,,2026-07-24T11:48:57.602571+08:00
2882,2017-06-09,980000.0,-3024700.0,-2229000.0,-4273700.0,19547.0,278.0,-136.0,-55.0,,2026-07-24T11:48:57.602571+08:00
2882,2017-06-12,-86000.0,557294.0,-50000.0,421294.0,21596.0,386.0,2049.0,108.0,,2026-07-24T11:48:57.602571+08:00
2882,2017-06-13,456000.0,-633900.0,0.0,-177900.0,21272.0,394.0,-324.0,8.0,,2026-07-24T11:48:57.602571+08:00
2882,2017-06-14,106000.0,-3282242.0,-217000.0,-3393242.0,21077.0,353.0,-195.0,-41.0,,2026-07-24T11:48:57.602571+08:00
2882,2017-06-15,217000.0,2580311.0,-229000.0,2568311.0,21040.0,406.0,-37.0,53.0,,2026-07-24T11:48:57.602571+08:00
2882,2017-06-16,193000.0,-1933897.0,-217000.0,-1957897.0,21341.0,408.0,301.0,2.0,,2026-07-24T11:48:57.602571+08:00
2882,2017-06-19,1656000.0,3769411.0,-630000.0,4795411.0,21323.0,280.0,-18.0,-128.0,,2026-07-24T11:48:57.602571+08:00
2882,2017-06-20,19000.0,-189792.0,-49268.0,-220060.0,20765.0,221.0,-558.0,-59.0,,2026-07-24T11:48:57.602571+08:00
2882,2017-06-21,-49000.0,-2954667.0,-517000.0,-3520667.0,20049.0,211.0,-716.0,-10.0,,2026-07-24T11:48:57.602571+08:00
2882,2017-06-22,2194000.0,81289.0,-31000.0,2244289.0,19654.0,212.0,-395.0,1.0,,2026-07-24T11:48:57.602571+08:00
2882,2017-06-23,949000.0,-2612628.0,-262000.0,-1925628.0,19554.0,182.0,-100.0,-30.0,,2026-07-24T11:48:57.602571+08:00
2882,2017-06-26,5980000.0,8876749.0,-34000.0,14822749.0,19256.0,142.0,-298.0,-40.0,,2026-07-24T11:48:57.602571+08:00
2882,2017-06-27,1279000.0,135298.0,-151000.0,1263298.0,18099.0,11.0,-1157.0,-131.0,,2026-07-24T11:48:57.602571+08:00
2882,2017-06-28,924000.0,3242533.0,-385159.0,3781374.0,17687.0,0.0,-412.0,-11.0,,2026-07-24T11:48:57.602571+08:00
2882,2017-06-29,2212000.0,5929865.0,-101000.0,8040865.0,17432.0,0.0,-255.0,0.0,,2026-07-24T11:48:57.602571+08:00
2882,2017-06-30,3375000.0,2081500.0,-37000.0,5419500.0,17827.0,0.0,395.0,0.0,,2026-07-24T11:48:57.602571+08:00
2882,2017-07-03,-3088000.0,1084472.0,-139000.0,-2142528.0,18069.0,92.0,242.0,92.0,,2026-07-24T11:48:57.602571+08:00
2882,2017-07-04,-1000.0,12459680.0,370000.0,12828680.0,17546.0,462.0,-523.0,370.0,,2026-07-24T11:48:57.602571+08:00
2882,2017-07-05,-454000.0,2984000.0,0.0,2530000.0,18238.0,282.0,692.0,-180.0,,2026-07-24T11:48:57.602571+08:00
2882,2017-07-06,-1999000.0,2845864.0,-461000.0,385864.0,18454.0,239.0,216.0,-43.0,,2026-07-24T11:48:57.602571+08:00
2882,2017-07-07,-750000.0,-239219.0,-44000.0,-1033219.0,18305.0,281.0,-149.0,42.0,,2026-07-24T11:48:57.602571+08:00
2882,2017-07-10,-508000.0,-829270.0,-17000.0,-1354270.0,19077.0,349.0,772.0,68.0,,2026-07-24T11:48:57.602571+08:00
2882,2017-07-11,111000.0,7648758.0,-5000.0,7754758.0,19297.0,385.0,220.0,36.0,,2026-07-24T11:48:57.602571+08:00
2882,2017-07-12,-425000.0,9790675.0,-38453.0,9327222.0,17215.0,505.0,-2082.0,120.0,,2026-07-24T11:48:57.602571+08:00
2882,2017-07-13,-198000.0,1689546.0,-168000.0,1323546.0,17186.0,503.0,-29.0,-2.0,,2026-07-24T11:48:57.602571+08:00
2882,2017-07-14,-64000.0,866830.0,-625000.0,177830.0,16827.0,511.0,-359.0,8.0,,2026-07-24T11:48:57.602571+08:00
2882,2017-07-17,-41000.0,-2880700.0,-348578.0,-3270278.0,18125.0,423.0,1298.0,-88.0,,2026-07-24T11:48:57.602571+08:00
2882,2017-07-18,-85000.0,-564424.0,41000.0,-608424.0,18841.0,361.0,716.0,-62.0,,2026-07-24T11:48:57.602571+08:00
2882,2017-07-19,-90000.0,1384000.0,-551000.0,743000.0,19175.0,384.0,334.0,23.0,,2026-07-24T11:48:57.602571+08:00
2882,2017-07-20,-13000.0,-387548.0,-290000.0,-690548.0,18985.0,399.0,-190.0,15.0,,2026-07-24T11:48:57.602571+08:00
2882,2017-07-21,150000.0,485793.0,-1000.0,634793.0,18650.0,393.0,-335.0,-6.0,,2026-07-24T11:48:57.602571+08:00
2882,2017-07-24,332000.0,942155.0,-399000.0,875155.0,18619.0,364.0,-31.0,-29.0,,2026-07-24T11:48:57.602571+08:00
2882,2017-07-25,105000.0,1080896.0,-332000.0,853896.0,18569.0,366.0,-50.0,2.0,,2026-07-24T11:48:57.602571+08:00
2882,2017-07-26,-368000.0,171912.0,-195000.0,-391088.0,18579.0,364.0,10.0,-2.0,,2026-07-24T11:48:57.602571+08:00
2882,2017-07-27,759000.0,5046906.0,-136000.0,5669906.0,18564.0,306.0,-15.0,-58.0,,2026-07-24T11:48:57.602571+08:00
2882,2017-07-28,-1172000.0,365622.0,-158000.0,-964378.0,18640.0,319.0,76.0,13.0,,2026-07-24T11:48:57.602571+08:00
2882,2017-07-31,35000.0,-1748186.0,-128000.0,-1841186.0,18950.0,308.0,310.0,-11.0,,2026-07-24T11:48:57.602571+08:00
2882,2017-08-01,88000.0,-2103553.0,-25000.0,-2040553.0,19105.0,263.0,155.0,-45.0,,2026-07-24T11:48:57.602571+08:00
2882,2017-08-02,345000.0,-301497.0,-129000.0,-85497.0,18765.0,255.0,-340.0,-8.0,,2026-07-24T11:48:57.602571+08:00
2882,2017-08-03,-678000.0,-1461941.0,-84000.0,-2223941.0,19015.0,272.0,250.0,17.0,,2026-07-24T11:48:57.602571+08:00
2882,2017-08-04,-32000.0,-1977318.0,-446000.0,-2455318.0,19244.0,263.0,229.0,-9.0,,2026-07-24T11:48:57.602571+08:00
2882,2017-08-07,392000.0,-4847406.0,16000.0,-4439406.0,19539.0,260.0,295.0,-3.0,,2026-07-24T11:48:57.602571+08:00
2882,2017-08-08,328000.0,-47109.0,41000.0,321891.0,19651.0,273.0,112.0,13.0,,2026-07-24T11:48:57.602571+08:00
2882,2017-08-09,-615000.0,-3212651.0,101000.0,-3726651.0,20267.0,280.0,616.0,7.0,,2026-07-24T11:48:57.602571+08:00
2882,2017-08-10,-541000.0,-1840820.0,-259000.0,-2640820.0,20210.0,375.0,-57.0,95.0,,2026-07-24T11:48:57.602571+08:00
2882,2017-08-11,-659966.0,-237518.0,-94000.0,-991484.0,19566.0,370.0,-644.0,-5.0,,2026-07-24T11:48:57.602571+08:00
2882,2017-08-14,-148000.0,1537196.0,-7000.0,1382196.0,19329.0,404.0,-237.0,34.0,,2026-07-24T11:48:57.602571+08:00
2882,2017-08-15,-350000.0,607219.0,-1590000.0,-1332781.0,19373.0,398.0,44.0,-6.0,,2026-07-24T11:48:57.602571+08:00
2882,2017-08-16,-349000.0,-2334061.0,987000.0,-1696061.0,19411.0,422.0,38.0,24.0,,2026-07-24T11:48:57.602571+08:00
2882,2017-08-17,78000.0,1869167.0,1000.0,1948167.0,19320.0,430.0,-91.0,8.0,,2026-07-24T11:48:57.602571+08:00
2882,2017-08-18,-130000.0,-6172579.0,-126000.0,-6428579.0,19689.0,423.0,369.0,-7.0,,2026-07-24T11:48:57.602571+08:00
2882,2017-08-21,2000.0,-2264276.0,-39000.0,-2301276.0,19731.0,396.0,42.0,-27.0,,2026-07-24T11:48:57.602571+08:00
2882,2017-08-22,107000.0,-2288008.0,-309000.0,-2490008.0,19913.0,366.0,182.0,-30.0,,2026-07-24T11:48:57.602571+08:00
2882,2017-08-23,-884000.0,-601291.0,-525000.0,-2010291.0,19632.0,367.0,-281.0,1.0,,2026-07-24T11:48:57.602571+08:00
2882,2017-08-24,-51000.0,-2059016.0,-128000.0,-2238016.0,20178.0,366.0,546.0,-1.0,,2026-07-24T11:48:57.602571+08:00
2882,2017-08-25,-749000.0,-981988.0,-145000.0,-1875988.0,19969.0,345.0,-209.0,-21.0,,2026-07-24T11:48:57.602571+08:00
2882,2017-08-28,-43000.0,-1108813.0,-27000.0,-1178813.0,20025.0,347.0,56.0,2.0,,2026-07-24T11:48:57.602571+08:00
2882,2017-08-29,-431000.0,-799702.0,-216000.0,-1446702.0,19487.0,342.0,-538.0,-5.0,,2026-07-24T11:48:57.602571+08:00
2882,2017-08-30,-261000.0,9617096.0,0.0,9356096.0,19873.0,342.0,386.0,0.0,,2026-07-24T11:48:57.602571+08:00
2882,2017-08-31,32000.0,-2146095.0,-58000.0,-2172095.0,20149.0,337.0,276.0,-5.0,,2026-07-24T11:48:57.602571+08:00
2882,2017-09-01,187000.0,-1440000.0,-7000.0,-1260000.0,20425.0,328.0,276.0,-9.0,,2026-07-24T11:48:57.602571+08:00
2882,2017-09-04,30000.0,-1236188.0,-150000.0,-1356188.0,20391.0,524.0,-34.0,196.0,,2026-07-24T11:48:57.602571+08:00
2882,2017-09-05,303000.0,221430.0,-78000.0,446430.0,20321.0,513.0,-70.0,-11.0,,2026-07-24T11:48:57.602571+08:00
2882,2017-09-06,-271328.0,-6149193.0,-107000.0,-6527521.0,19337.0,457.0,-984.0,-56.0,,2026-07-24T11:48:57.602571+08:00
2882,2017-09-07,5000.0,-4618829.0,-79000.0,-4692829.0,19321.0,457.0,-16.0,0.0,,2026-07-24T11:48:57.602571+08:00
2882,2017-09-08,95000.0,1763446.0,-175000.0,1683446.0,18621.0,317.0,-700.0,-140.0,,2026-07-24T11:48:57.602571+08:00
2882,2017-09-11,-300000.0,-7290993.0,-163000.0,-7753993.0,18569.0,307.0,-52.0,-10.0,,2026-07-24T11:48:57.602571+08:00
2882,2017-09-12,181000.0,591613.0,-28000.0,744613.0,18509.0,424.0,-60.0,117.0,,2026-07-24T11:48:57.602571+08:00
2882,2017-09-13,237000.0,1700274.0,41000.0,1978274.0,18074.0,473.0,-435.0,49.0,,2026-07-24T11:48:57.602571+08:00
2882,2017-09-14,157000.0,-3907913.0,-251000.0,-4001913.0,18125.0,386.0,51.0,-87.0,,2026-07-24T11:48:57.602571+08:00
2882,2017-09-15,-29000.0,-504475.0,200000.0,-333475.0,18156.0,515.0,31.0,129.0,,2026-07-24T11:48:57.602571+08:00
2882,2017-09-18,-51000.0,5839688.0,121000.0,5909688.0,17486.0,527.0,-670.0,12.0,,2026-07-24T11:48:57.602571+08:00
2882,2017-09-19,-13000.0,-3257355.0,93000.0,-3177355.0,17645.0,567.0,159.0,40.0,,2026-07-24T11:48:57.602571+08:00
2882,2017-09-20,-643000.0,294054.0,-177000.0,-525946.0,17422.0,596.0,-223.0,29.0,,2026-07-24T11:48:57.602571+08:00
2882,2017-09-21,1627000.0,5807184.0,-50000.0,7384184.0,18319.0,522.0,897.0,-74.0,,2026-07-24T11:48:57.602571+08:00
2882,2017-09-22,-1378000.0,-5209514.0,65000.0,-6522514.0,17834.0,464.0,-485.0,-58.0,,2026-07-24T11:48:57.602571+08:00
2882,2017-09-25,-23000.0,-525990.0,66000.0,-482990.0,18048.0,479.0,214.0,15.0,,2026-07-24T11:48:57.602571+08:00
2882,2017-09-26,-27000.0,-2417122.0,0.0,-2444122.0,17997.0,488.0,-51.0,9.0,,2026-07-24T11:48:57.602571+08:00
2882,2017-09-27,-131000.0,2116593.0,-1000.0,1984593.0,17133.0,520.0,-864.0,32.0,,2026-07-24T11:48:57.602571+08:00
2882,2017-09-28,469000.0,-9386392.0,-51000.0,-8968392.0,17664.0,492.0,531.0,-28.0,,2026-07-24T11:48:57.602571+08:00
2882,2017-09-29,45000.0,902632.0,32000.0,979632.0,17407.0,513.0,-257.0,21.0,,2026-07-24T11:48:57.602571+08:00
2882,2017-09-30,-132000.0,-163900.0,0.0,-295900.0,17415.0,509.0,8.0,-4.0,,2026-07-24T11:48:57.602571+08:00
2882,2017-10-02,-154000.0,-202000.0,94000.0,-262000.0,17287.0,501.0,-128.0,-8.0,,2026-07-24T11:48:57.602571+08:00
2882,2017-10-03,212000.0,997090.0,24324.0,1233414.0,16911.0,484.0,-376.0,-17.0,,2026-07-24T11:48:57.602571+08:00
2882,2017-10-05,-614000.0,1645423.0,71000.0,1102423.0,16738.0,484.0,-173.0,0.0,,2026-07-24T11:48:57.602571+08:00
2882,2017-10-06,-9000.0,2088044.0,-40000.0,2039044.0,16578.0,492.0,-160.0,8.0,,2026-07-24T11:48:57.602571+08:00
2882,2017-10-11,-342000.0,6202847.0,-9000.0,5851847.0,17251.0,584.0,673.0,92.0,,2026-07-24T11:48:57.602571+08:00
2882,2017-10-12,114000.0,-351299.0,215000.0,-22299.0,17105.0,585.0,-146.0,1.0,,2026-07-24T11:48:57.602571+08:00
2882,2017-10-13,280000.0,1726000.0,84000.0,2090000.0,16962.0,592.0,-143.0,7.0,,2026-07-24T11:48:57.602571+08:00
2882,2017-10-16,139000.0,5309000.0,159000.0,5607000.0,16785.0,574.0,-177.0,-18.0,,2026-07-24T11:48:57.602571+08:00
2882,2017-10-17,480000.0,4532918.0,-493000.0,4519918.0,17587.0,730.0,802.0,156.0,,2026-07-24T11:48:57.602571+08:00
2882,2017-10-18,128000.0,-3135474.0,795000.0,-2212474.0,17299.0,690.0,-288.0,-40.0,,2026-07-24T11:48:57.602571+08:00
2882,2017-10-19,238000.0,3313375.0,-56000.0,3495375.0,17034.0,689.0,-265.0,-1.0,,2026-07-24T11:48:57.602571+08:00
2882,2017-10-20,-148000.0,9074.0,0.0,-138926.0,17129.0,646.0,95.0,-43.0,,2026-07-24T11:48:57.602571+08:00
2882,2017-10-23,-79000.0,5046194.0,399000.0,5366194.0,17755.0,706.0,626.0,60.0,,2026-07-24T11:48:57.602571+08:00
2882,2017-10-24,-270000.0,219256.0,5000.0,-45744.0,17102.0,695.0,-653.0,-11.0,,2026-07-24T11:48:57.602571+08:00
2882,2017-10-25,389000.0,3635623.0,1573000.0,5597623.0,16932.0,749.0,-170.0,54.0,,2026-07-24T11:48:57.602571+08:00
2882,2017-10-26,135000.0,611186.0,309000.0,1055186.0,16956.0,745.0,24.0,-4.0,,2026-07-24T11:48:57.602571+08:00
2882,2017-10-27,1568000.0,6453760.0,1419000.0,9440760.0,17508.0,857.0,552.0,112.0,,2026-07-24T11:48:57.602571+08:00
2882,2017-10-30,1369000.0,-630288.0,1283000.0,2021712.0,18258.0,893.0,750.0,36.0,,2026-07-24T11:48:57.602571+08:00
2882,2017-10-31,211000.0,-1712152.0,436000.0,-1065152.0,17871.0,897.0,-387.0,4.0,,2026-07-24T11:48:57.602571+08:00
2882,2017-11-01,-191000.0,880593.0,-23000.0,666593.0,18432.0,914.0,561.0,17.0,,2026-07-24T11:48:57.602571+08:00
2882,2017-11-02,-193000.0,-1949760.0,-164690.0,-2307450.0,18245.0,916.0,-187.0,2.0,,2026-07-24T11:48:57.602571+08:00
2882,2017-11-03,-267000.0,2110000.0,-250000.0,1593000.0,17760.0,915.0,-485.0,-1.0,,2026-07-24T11:48:57.602571+08:00
2882,2017-11-06,-264000.0,316511.0,0.0,52511.0,16771.0,915.0,-989.0,0.0,,2026-07-24T11:48:57.602571+08:00
2882,2017-11-07,-327000.0,-1742754.0,0.0,-2069754.0,16473.0,883.0,-298.0,-32.0,,2026-07-24T11:48:57.602571+08:00
2882,2017-11-08,-192000.0,-1585000.0,59000.0,-1718000.0,16325.0,812.0,-148.0,-71.0,,2026-07-24T11:48:57.602571+08:00
2882,2017-11-09,-882000.0,-2520146.0,-598000.0,-4000146.0,15941.0,770.0,-384.0,-42.0,,2026-07-24T11:48:57.602571+08:00
2882,2017-11-10,-514000.0,50070.0,11000.0,-452930.0,15962.0,752.0,21.0,-18.0,,2026-07-24T11:48:57.602571+08:00
2882,2017-11-13,2397000.0,-4554062.0,30000.0,-2127062.0,17065.0,807.0,1103.0,55.0,,2026-07-24T11:48:57.602571+08:00
2882,2017-11-14,-1887000.0,-4589976.0,-17000.0,-6493976.0,17453.0,792.0,388.0,-15.0,,2026-07-24T11:48:57.602571+08:00
2882,2017-11-15,-771000.0,-2069610.0,0.0,-2840610.0,17707.0,870.0,254.0,78.0,,2026-07-24T11:48:57.602571+08:00
2882,2017-11-16,-126000.0,-1276020.0,-168000.0,-1570020.0,17483.0,867.0,-224.0,-3.0,,2026-07-24T11:48:57.602571+08:00
2882,2017-11-17,-218000.0,-1944704.0,-2000.0,-2164704.0,17607.0,867.0,124.0,0.0,,2026-07-24T11:48:57.602571+08:00
2882,2017-11-20,533000.0,10857810.0,297000.0,11687810.0,17642.0,977.0,35.0,110.0,,2026-07-24T11:48:57.602571+08:00
2882,2017-11-21,7800000.0,23353470.0,1093000.0,32246470.0,19462.0,1287.0,1820.0,310.0,,2026-07-24T11:48:57.602571+08:00
2882,2017-11-22,-3987000.0,5147346.0,4789000.0,5949346.0,21003.0,1396.0,1541.0,109.0,,2026-07-24T11:48:57.602571+08:00
2882,2017-11-23,2407000.0,4499339.0,1379000.0,8285339.0,22596.0,1446.0,1593.0,50.0,,2026-07-24T11:48:57.602571+08:00
2882,2017-11-24,-1191000.0,-818907.0,-30000.0,-2039907.0,22358.0,1253.0,-238.0,-193.0,,2026-07-24T11:48:57.602571+08:00
2882,2017-11-27,-1161000.0,-1950372.0,0.0,-3111372.0,21993.0,950.0,-365.0,-303.0,,2026-07-24T11:48:57.602571+08:00
2882,2017-11-28,643000.0,3523900.0,-1149000.0,3017900.0,23167.0,790.0,1174.0,-160.0,,2026-07-24T11:48:57.602571+08:00
2882,2017-11-29,-217000.0,3973347.0,-2000.0,3754347.0,22982.0,914.0,-185.0,124.0,,2026-07-24T11:48:57.602571+08:00
2882,2017-11-30,218000.0,-731755.0,805000.0,291245.0,24172.0,730.0,1190.0,-184.0,,2026-07-24T11:48:57.602571+08:00
2882,2017-12-01,2389000.0,11268430.0,732000.0,14389430.0,26405.0,1409.0,2233.0,679.0,,2026-07-24T11:48:57.602571+08:00
2882,2017-12-04,-3024000.0,-502259.0,2009000.0,-1517259.0,27056.0,1666.0,651.0,257.0,,2026-07-24T11:48:57.602571+08:00
2882,2017-12-05,2443000.0,8201467.0,8879000.0,19523467.0,25970.0,1732.0,-1086.0,66.0,,2026-07-24T11:48:57.602571+08:00
2882,2017-12-06,-2944000.0,1540120.0,754000.0,-649880.0,25770.0,1314.0,-200.0,-418.0,,2026-07-24T11:48:57.602571+08:00
2882,2017-12-07,-1192000.0,3548049.0,770000.0,3126049.0,26255.0,1069.0,485.0,-245.0,,2026-07-24T11:48:57.602571+08:00
2882,2017-12-08,-553000.0,3525215.0,319000.0,3291215.0,26173.0,1090.0,-82.0,21.0,,2026-07-24T11:48:57.602571+08:00
2882,2017-12-11,-808000.0,-771278.0,30000.0,-1549278.0,26608.0,1128.0,435.0,38.0,,2026-07-24T11:48:57.602571+08:00
2882,2017-12-12,-1032000.0,-2397868.0,694000.0,-2735868.0,26292.0,1006.0,-316.0,-122.0,,2026-07-24T11:48:57.602571+08:00
2882,2017-12-13,-47000.0,-104037.0,902000.0,750963.0,26558.0,1069.0,266.0,63.0,,2026-07-24T11:48:57.602571+08:00
2882,2017-12-14,665000.0,10136126.0,62000.0,10863126.0,25194.0,1277.0,-1364.0,208.0,,2026-07-24T11:48:57.602571+08:00
2882,2017-12-15,-1110000.0,1326493.0,1210000.0,1426493.0,24278.0,1126.0,-916.0,-151.0,,2026-07-24T11:48:57.602571+08:00
2882,2017-12-18,-268000.0,-1882000.0,146000.0,-2004000.0,24652.0,1084.0,374.0,-42.0,,2026-07-24T11:48:57.602571+08:00
2882,2017-12-19,-644000.0,7861725.0,2190000.0,9407725.0,24030.0,1302.0,-622.0,218.0,,2026-07-24T11:48:57.602571+08:00
2882,2017-12-20,3000.0,3635.0,-400000.0,-393365.0,23900.0,1267.0,-130.0,-35.0,,2026-07-24T11:48:57.602571+08:00
2882,2017-12-21,-316000.0,3119224.0,0.0,2803224.0,23607.0,1169.0,-293.0,-98.0,,2026-07-24T11:48:57.602571+08:00
2882,2017-12-22,-206000.0,-287000.0,0.0,-493000.0,23638.0,1112.0,31.0,-57.0,,2026-07-24T11:48:57.602571+08:00
2882,2017-12-25,-1332000.0,622000.0,-465000.0,-1175000.0,23684.0,1094.0,46.0,-18.0,,2026-07-24T11:48:57.602571+08:00
2882,2017-12-26,-1334000.0,-245000.0,554679.0,-1024321.0,23061.0,1005.0,-623.0,-89.0,,2026-07-24T11:48:57.602571+08:00
2882,2017-12-27,81000.0,3659000.0,-415000.0,3325000.0,22455.0,1032.0,-606.0,27.0,,2026-07-24T11:48:57.602571+08:00
2882,2017-12-28,-168000.0,2220000.0,-1257000.0,795000.0,22868.0,1047.0,413.0,15.0,,2026-07-24T11:48:57.602571+08:00
2882,2017-12-29,913000.0,641010.0,1158000.0,2712010.0,23166.0,1015.0,298.0,-32.0,,2026-07-24T11:48:57.602571+08:00
2882,2018-01-02,48000.0,3100605.0,85000.0,3233605.0,22037.0,1126.0,-1129.0,111.0,,2026-07-24T11:48:57.602571+08:00
2882,2018-01-03,929000.0,9507192.0,-566000.0,9870192.0,20979.0,1397.0,-1058.0,271.0,,2026-07-24T11:48:57.602571+08:00
2882,2018-01-04,-1113000.0,1874613.0,423000.0,1184613.0,20701.0,1431.0,-278.0,34.0,,2026-07-24T11:48:57.602571+08:00
2882,2018-01-05,507000.0,3066459.0,-1057000.0,2516459.0,20601.0,1460.0,-100.0,29.0,,2026-07-24T11:48:57.602571+08:00
2882,2018-01-08,-596000.0,1902647.0,16000.0,1322647.0,19793.0,1505.0,-808.0,45.0,,2026-07-24T11:48:57.602571+08:00
2882,2018-01-09,134000.0,-236649.0,80000.0,-22649.0,19538.0,1512.0,-255.0,7.0,,2026-07-24T11:48:57.602571+08:00
2882,2018-01-10,579000.0,3841436.0,3589000.0,8009436.0,18663.0,1401.0,-875.0,-111.0,,2026-07-24T11:48:57.602571+08:00
2882,2018-01-11,-736000.0,1929297.0,66000.0,1259297.0,19018.0,1365.0,355.0,-36.0,,2026-07-24T11:48:57.602571+08:00
2882,2018-01-12,139000.0,2083187.0,42000.0,2264187.0,18792.0,1379.0,-226.0,14.0,,2026-07-24T11:48:57.602571+08:00
2882,2018-01-15,658000.0,7011827.0,1259000.0,8928827.0,19017.0,1501.0,225.0,122.0,,2026-07-24T11:48:57.602571+08:00
2882,2018-01-16,202000.0,16277.0,-51000.0,167277.0,18756.0,1521.0,-261.0,20.0,,2026-07-24T11:48:57.602571+08:00
2882,2018-01-17,-1126000.0,2127171.0,0.0,1001171.0,18741.0,1444.0,-15.0,-77.0,,2026-07-24T11:48:57.602571+08:00
2882,2018-01-18,9000.0,3061048.0,-1799000.0,1271048.0,18636.0,1267.0,-105.0,-177.0,,2026-07-24T11:48:57.602571+08:00
2882,2018-01-19,-784000.0,-255233.0,31000.0,-1008233.0,17945.0,1259.0,-691.0,-8.0,,2026-07-24T11:48:57.602571+08:00
2882,2018-01-22,-286000.0,1062000.0,-1452000.0,-676000.0,16949.0,1239.0,-996.0,-20.0,,2026-07-24T11:48:57.602571+08:00
2882,2018-01-23,-856000.0,7064474.0,90000.0,6298474.0,16774.0,1285.0,-175.0,46.0,,2026-07-24T11:48:57.602571+08:00
2882,2018-01-24,-1533000.0,5106520.0,99843.0,3673363.0,16698.0,1236.0,-76.0,-49.0,,2026-07-24T11:48:57.602571+08:00
2882,2018-01-25,225000.0,4321102.0,-908000.0,3638102.0,16406.0,1240.0,-292.0,4.0,,2026-07-24T11:48:57.602571+08:00
2882,2018-01-26,-1220000.0,-5331000.0,-809000.0,-7360000.0,16588.0,933.0,182.0,-307.0,,2026-07-24T11:48:57.602571+08:00
2882,2018-01-29,183000.0,1877669.0,150000.0,2210669.0,16318.0,941.0,-270.0,8.0,,2026-07-24T11:48:57.602571+08:00
2882,2018-01-30,-819000.0,-694062.0,37000.0,-1476062.0,16182.0,929.0,-136.0,-12.0,,2026-07-24T11:48:57.602571+08:00
2882,2018-01-31,-333000.0,1606545.0,-503000.0,770545.0,16053.0,951.0,-129.0,22.0,,2026-07-24T11:48:57.602571+08:00
2882,2018-02-01,-573000.0,1078571.0,-61000.0,444571.0,15618.0,982.0,-435.0,31.0,,2026-07-24T11:48:57.602571+08:00
2882,2018-02-02,-124000.0,-577353.0,-348000.0,-1049353.0,15504.0,985.0,-114.0,3.0,,2026-07-24T11:48:57.602571+08:00
2882,2018-02-05,-1004000.0,1107777.0,91000.0,194777.0,15200.0,1016.0,-304.0,31.0,,2026-07-24T11:48:57.602571+08:00
2882,2018-02-06,-2586000.0,-7333200.0,252000.0,-9667200.0,13902.0,738.0,-1298.0,-278.0,,2026-07-24T11:48:57.602571+08:00
2882,2018-02-07,49000.0,6940713.0,-46000.0,6943713.0,12929.0,827.0,-973.0,89.0,,2026-07-24T11:48:57.602571+08:00
2882,2018-02-08,-201000.0,-518131.0,1069000.0,349869.0,13510.0,966.0,581.0,139.0,,2026-07-24T11:48:57.602571+08:00
2882,2018-02-09,-593000.0,-10234701.0,873000.0,-9954701.0,14184.0,897.0,674.0,-69.0,,2026-07-24T11:48:57.602571+08:00
2882,2018-02-12,-121000.0,-8747443.0,958000.0,-7910443.0,14261.0,835.0,77.0,-62.0,,2026-07-24T11:48:57.602571+08:00
2882,2018-02-21,-423000.0,1327607.0,1418000.0,2322607.0,13554.0,851.0,-707.0,16.0,,2026-07-24T11:48:57.602571+08:00
2882,2018-02-22,-147000.0,-4957877.0,872000.0,-4232877.0,13761.0,928.0,207.0,77.0,,2026-07-24T11:48:57.602571+08:00
2882,2018-02-23,-192000.0,918278.0,896000.0,1622278.0,13772.0,953.0,11.0,25.0,,2026-07-24T11:48:57.602571+08:00
2882,2018-02-26,-75000.0,-4317080.0,86000.0,-4306080.0,13868.0,980.0,96.0,27.0,,2026-07-24T11:48:57.602571+08:00
2882,2018-02-27,-613000.0,833724.0,-9000.0,211724.0,13558.0,1006.0,-310.0,26.0,,2026-07-24T11:48:57.602571+08:00
2882,2018-03-01,450000.0,-7341255.0,-115000.0,-7006255.0,13855.0,922.0,297.0,-84.0,,2026-07-24T11:48:57.602571+08:00
2882,2018-03-02,-238000.0,-5873208.0,-477000.0,-6588208.0,13692.0,842.0,-163.0,-80.0,,2026-07-24T11:48:57.602571+08:00
2882,2018-03-05,-164000.0,-8050850.0,-153000.0,-8367850.0,13830.0,719.0,138.0,-123.0,,2026-07-24T11:48:57.602571+08:00
2882,2018-03-06,-26000.0,-2236563.0,-600000.0,-2862563.0,14108.0,685.0,278.0,-34.0,,2026-07-24T11:48:57.602571+08:00
2882,2018-03-07,317000.0,-1621226.0,-480000.0,-1784226.0,14177.0,639.0,69.0,-46.0,,2026-07-24T11:48:57.602571+08:00
2882,2018-03-08,111000.0,-743990.0,-1628000.0,-2260990.0,14405.0,592.0,228.0,-47.0,,2026-07-24T11:48:57.602571+08:00
2882,2018-03-09,383000.0,-6429559.0,-1267000.0,-7313559.0,14898.0,521.0,493.0,-71.0,,2026-07-24T11:48:57.602571+08:00
2882,2018-03-12,1057000.0,14383000.0,-34000.0,15406000.0,14366.0,773.0,-532.0,252.0,,2026-07-24T11:48:57.602571+08:00
2882,2018-03-13,-933000.0,-3186424.0,-77000.0,-4196424.0,14778.0,673.0,412.0,-100.0,,2026-07-24T11:48:57.602571+08:00
2882,2018-03-14,468000.0,-3402925.0,-30000.0,-2964925.0,14810.0,726.0,32.0,53.0,,2026-07-24T11:48:57.602571+08:00
2882,2018-03-15,-62000.0,-2265000.0,-1241000.0,-3568000.0,14769.0,694.0,-41.0,-32.0,,2026-07-24T11:48:57.602571+08:00
2882,2018-03-16,-200000.0,-1086526.0,-2073000.0,-3359526.0,14820.0,584.0,51.0,-110.0,,2026-07-24T11:48:57.602571+08:00
2882,2018-03-19,103000.0,3161000.0,-580000.0,2684000.0,14960.0,594.0,140.0,10.0,,2026-07-24T11:48:57.602571+08:00
2882,2018-03-20,-13000.0,-3383280.0,-790000.0,-4186280.0,14978.0,563.0,18.0,-31.0,,2026-07-24T11:48:57.602571+08:00
2882,2018-03-21,211000.0,2831034.0,-868000.0,2174034.0,15290.0,569.0,312.0,6.0,,2026-07-24T11:48:57.602571+08:00
2882,2018-03-22,967000.0,831554.0,-621000.0,1177554.0,15516.0,491.0,226.0,-78.0,,2026-07-24T11:48:57.602571+08:00
2882,2018-03-23,-1665000.0,-8648535.0,-431000.0,-10744535.0,15310.0,367.0,-206.0,-124.0,,2026-07-24T11:48:57.602571+08:00
2882,2018-03-26,-79000.0,-497251.0,-443180.0,-1019431.0,15320.0,311.0,10.0,-56.0,,2026-07-24T11:48:57.602571+08:00
2882,2018-03-27,24000.0,2737000.0,-111257.0,2649743.0,14900.0,300.0,-420.0,-11.0,,2026-07-24T11:48:57.602571+08:00
2882,2018-03-28,-700000.0,-1640153.0,-35000.0,-2375153.0,15206.0,170.0,306.0,-130.0,,2026-07-24T11:48:57.602571+08:00
2882,2018-03-29,127000.0,-7790563.0,-603000.0,-8266563.0,15756.0,71.0,550.0,-99.0,,2026-07-24T11:48:57.602571+08:00
2882,2018-03-30,-1000.0,-1201568.0,-32000.0,-1234568.0,15832.0,0.0,76.0,-71.0,,2026-07-24T11:48:57.602571+08:00
2882,2018-03-31,145000.0,246000.0,-177000.0,214000.0,15616.0,0.0,-216.0,0.0,,2026-07-24T11:48:57.602571+08:00
2882,2018-04-02,-144000.0,-1569169.0,-256000.0,-1969169.0,15603.0,0.0,-13.0,0.0,,2026-07-24T11:48:57.602571+08:00
2882,2018-04-03,-40000.0,-3225545.0,0.0,-3265545.0,15645.0,28.0,42.0,28.0,,2026-07-24T11:48:57.602571+08:00
2882,2018-04-09,351000.0,3780184.0,6000.0,4137184.0,15443.0,96.0,-202.0,68.0,,2026-07-24T11:48:57.602571+08:00
2882,2018-04-10,986000.0,3366944.0,-16000.0,4336944.0,15381.0,113.0,-62.0,17.0,,2026-07-24T11:48:57.602571+08:00
2882,2018-04-11,273000.0,3043594.0,0.0,3316594.0,15532.0,137.0,151.0,24.0,,2026-07-24T11:48:57.602571+08:00
2882,2018-04-12,-406000.0,329414.0,-458000.0,-534586.0,15433.0,145.0,-99.0,8.0,,2026-07-24T11:48:57.602571+08:00
2882,2018-04-13,-291000.0,-1476664.0,-1094000.0,-2861664.0,15660.0,114.0,227.0,-31.0,,2026-07-24T11:48:57.602571+08:00
2882,2018-04-16,-70000.0,-1173468.0,-1004000.0,-2247468.0,15711.0,89.0,51.0,-25.0,,2026-07-24T11:48:57.602571+08:00
2882,2018-04-17,-5000.0,-7429527.0,-276000.0,-7710527.0,15221.0,94.0,-490.0,5.0,,2026-07-24T11:48:57.602571+08:00
2882,2018-04-18,79000.0,-1196129.0,18000.0,-1099129.0,15434.0,94.0,213.0,0.0,,2026-07-24T11:48:57.602571+08:00
2882,2018-04-19,282000.0,6704983.0,75000.0,7061983.0,15485.0,98.0,51.0,4.0,,2026-07-24T11:48:57.602571+08:00
2882,2018-04-20,-243000.0,217156.0,399895.0,374051.0,15390.0,104.0,-95.0,6.0,,2026-07-24T11:48:57.602571+08:00
2882,2018-04-23,-86000.0,-696000.0,683000.0,-99000.0,15429.0,116.0,39.0,12.0,,2026-07-24T11:48:57.602571+08:00
2882,2018-04-24,415000.0,-1048640.0,1707000.0,1073360.0,14980.0,118.0,-449.0,2.0,,2026-07-24T11:48:57.602571+08:00
2882,2018-04-25,-257000.0,-1947109.0,862000.0,-1342109.0,15262.0,129.0,282.0,11.0,,2026-07-24T11:48:57.602571+08:00
2882,2018-04-26,-52000.0,12138798.0,483000.0,12569798.0,15176.0,173.0,-86.0,44.0,,2026-07-24T11:48:57.602571+08:00
2882,2018-04-27,-35000.0,9455128.0,70000.0,9490128.0,14472.0,233.0,-704.0,60.0,,2026-07-24T11:48:57.602571+08:00
2882,2018-04-30,389000.0,2886384.0,128000.0,3403384.0,14472.0,227.0,0.0,-6.0,,2026-07-24T11:48:57.602571+08:00
2882,2018-05-02,-11000.0,3372297.0,449000.0,3810297.0,14431.0,217.0,-41.0,-10.0,,2026-07-24T11:48:57.602571+08:00
2882,2018-05-03,-69000.0,-268562.0,-314000.0,-651562.0,14512.0,204.0,81.0,-13.0,,2026-07-24T11:48:57.602571+08:00
2882,2018-05-04,724000.0,-1077804.0,230000.0,-123804.0,14496.0,184.0,-16.0,-20.0,,2026-07-24T11:48:57.602571+08:00
2882,2018-05-07,593000.0,3950420.0,-1118424.0,3424996.0,14159.0,186.0,-337.0,2.0,,2026-07-24T11:48:57.602571+08:00
2882,2018-05-08,559000.0,1531381.0,-373377.0,1717004.0,14204.0,192.0,45.0,6.0,,2026-07-24T11:48:57.602571+08:00
2882,2018-05-09,665000.0,4311000.0,-351000.0,4625000.0,13882.0,208.0,-322.0,16.0,,2026-07-24T11:48:57.602571+08:00
2882,2018-05-10,264000.0,-2402504.0,12000.0,-2126504.0,14264.0,216.0,382.0,8.0,,2026-07-24T11:48:57.602571+08:00
2882,2018-05-11,1382000.0,14755737.0,-55000.0,16082737.0,13494.0,307.0,-770.0,91.0,,2026-07-24T11:48:57.602571+08:00
2882,2018-05-14,545000.0,3838000.0,-31000.0,4352000.0,13649.0,330.0,155.0,23.0,,2026-07-24T11:48:57.602571+08:00
2882,2018-05-15,373000.0,-1252452.0,397000.0,-482452.0,13437.0,304.0,-212.0,-26.0,,2026-07-24T11:48:57.602571+08:00
2882,2018-05-16,465000.0,5304525.0,-8000.0,5761525.0,13017.0,328.0,-420.0,24.0,,2026-07-24T11:48:57.602571+08:00
2882,2018-05-17,328000.0,2041547.0,339000.0,2708547.0,12662.0,336.0,-355.0,8.0,,2026-07-24T11:48:57.602571+08:00
2882,2018-05-18,67000.0,-1688266.0,25000.0,-1596266.0,12497.0,336.0,-165.0,0.0,,2026-07-24T11:48:57.602571+08:00
2882,2018-05-21,174000.0,3151109.0,42000.0,3367109.0,12219.0,344.0,-278.0,8.0,,2026-07-24T11:48:57.602571+08:00
2882,2018-05-22,-93000.0,257111.0,48000.0,212111.0,11879.0,347.0,-340.0,3.0,,2026-07-24T11:48:57.602571+08:00
2882,2018-05-23,-118000.0,-2921622.0,25211.0,-3014411.0,12014.0,321.0,135.0,-26.0,,2026-07-24T11:48:57.602571+08:00
2882,2018-05-24,-331000.0,2068560.0,-625000.0,1112560.0,12082.0,313.0,68.0,-8.0,,2026-07-24T11:48:57.602571+08:00
2882,2018-05-25,-209000.0,-715000.0,-427000.0,-1351000.0,12326.0,298.0,244.0,-15.0,,2026-07-24T11:48:57.602571+08:00
2882,2018-05-28,389000.0,-2030585.0,-730000.0,-2371585.0,12533.0,289.0,207.0,-9.0,,2026-07-24T11:48:57.602571+08:00
2882,2018-05-29,-7000.0,-1823681.0,-600000.0,-2430681.0,12824.0,269.0,291.0,-20.0,,2026-07-24T11:48:57.602571+08:00
2882,2018-05-30,-958000.0,-14549183.0,-193000.0,-15700183.0,13200.0,91.0,376.0,-178.0,,2026-07-24T11:48:57.602571+08:00
2882,2018-05-31,661000.0,20410.0,-492000.0,189410.0,13055.0,76.0,-145.0,-15.0,,2026-07-24T11:48:57.602571+08:00
2882,2018-06-01,-344000.0,207500.0,-1039000.0,-1175500.0,13197.0,61.0,142.0,-15.0,,2026-07-24T11:48:57.602571+08:00
2882,2018-06-04,31000.0,1046479.0,-571000.0,506479.0,13089.0,1.0,-108.0,-60.0,,2026-07-24T11:48:57.602571+08:00
2882,2018-06-05,101000.0,2904756.0,-265000.0,2740756.0,12820.0,0.0,-269.0,-1.0,,2026-07-24T11:48:57.602571+08:00
2882,2018-06-06,24000.0,5747412.0,-139000.0,5632412.0,12260.0,0.0,-560.0,0.0,,2026-07-24T11:48:57.602571+08:00
2882,2018-06-07,-165000.0,2941800.0,0.0,2776800.0,12340.0,0.0,80.0,0.0,,2026-07-24T11:48:57.602571+08:00
2882,2018-06-08,17000.0,3409000.0,-62000.0,3364000.0,12164.0,37.0,-176.0,37.0,,2026-07-24T11:48:57.602571+08:00
2882,2018-06-11,167000.0,3160398.0,-138000.0,3189398.0,11797.0,60.0,-367.0,23.0,,2026-07-24T11:48:57.602571+08:00
2882,2018-06-12,453000.0,-3147838.0,-102000.0,-2796838.0,11460.0,57.0,-337.0,-3.0,,2026-07-24T11:48:57.602571+08:00
2882,2018-06-13,-42000.0,-1130389.0,-130000.0,-1302389.0,11039.0,99.0,-421.0,42.0,,2026-07-24T11:48:57.602571+08:00
2882,2018-06-14,-693000.0,-6773424.0,-270000.0,-7736424.0,10742.0,55.0,-297.0,-44.0,,2026-07-24T11:48:57.602571+08:00
2882,2018-06-15,-118000.0,-3129151.0,-1243000.0,-4490151.0,10526.0,48.0,-216.0,-7.0,,2026-07-24T11:48:57.602571+08:00
2882,2018-06-19,399000.0,-8311455.0,-92000.0,-8004455.0,10658.0,36.0,132.0,-12.0,,2026-07-24T11:48:57.602571+08:00
2882,2018-06-20,-515000.0,9463348.0,264073.0,9212421.0,10622.0,4.0,-36.0,-32.0,,2026-07-24T11:48:57.602571+08:00
2882,2018-06-21,245000.0,4622000.0,-26000.0,4841000.0,10650.0,0.0,28.0,-4.0,,2026-07-24T11:48:57.602571+08:00
2882,2018-06-22,-121000.0,2453195.0,742000.0,3074195.0,10245.0,0.0,-405.0,0.0,,2026-07-24T11:48:57.602571+08:00
2882,2018-06-25,2687000.0,1867276.0,427000.0,4981276.0,10463.0,0.0,218.0,0.0,,2026-07-24T11:48:57.602571+08:00
2882,2018-06-26,-1595000.0,-3026867.0,-174000.0,-4795867.0,10508.0,58.0,45.0,58.0,,2026-07-24T11:48:57.602571+08:00
2882,2018-06-27,-212000.0,-7019854.0,12000.0,-7219854.0,10616.0,93.0,108.0,35.0,,2026-07-24T11:48:57.602571+08:00
2882,2018-06-28,-173000.0,-1605547.0,0.0,-1778547.0,10694.0,150.0,78.0,57.0,,2026-07-24T11:48:57.602571+08:00
2882,2018-06-29,73000.0,2356315.0,70000.0,2499315.0,10570.0,264.0,-124.0,114.0,,2026-07-24T11:48:57.602571+08:00
2882,2018-07-02,-458000.0,-2257000.0,47000.0,-2668000.0,10471.0,234.0,-99.0,-30.0,,2026-07-24T11:48:57.602571+08:00
2882,2018-07-03,663000.0,-7647500.0,50000.0,-6934500.0,10557.0,198.0,86.0,-36.0,,2026-07-24T11:48:57.602571+08:00
2882,2018-07-04,302000.0,-1753500.0,-717000.0,-2168500.0,10611.0,219.0,54.0,21.0,,2026-07-24T11:48:57.602571+08:00
2882,2018-07-05,453000.0,-3479157.0,-930000.0,-3956157.0,10797.0,250.0,186.0,31.0,,2026-07-24T11:48:57.602571+08:00
2882,2018-07-06,-35000.0,-851654.0,-101000.0,-987654.0,10279.0,270.0,-518.0,20.0,,2026-07-24T11:48:57.602571+08:00
2882,2018-07-09,-394000.0,3684628.0,100000.0,3390628.0,10416.0,297.0,137.0,27.0,,2026-07-24T11:48:57.602571+08:00
2882,2018-07-10,133000.0,2369484.0,0.0,2502484.0,10600.0,287.0,184.0,-10.0,,2026-07-24T11:48:57.602571+08:00
2882,2018-07-11,-445032.0,850218.0,-436000.0,-30814.0,10787.0,289.0,187.0,2.0,,2026-07-24T11:48:57.602571+08:00
2882,2018-07-12,-221000.0,10455877.0,-10000.0,10224877.0,10981.0,312.0,194.0,23.0,,2026-07-24T11:48:57.602571+08:00
2882,2018-07-13,-25000.0,3554053.0,-296000.0,3233053.0,11261.0,289.0,280.0,-23.0,,2026-07-24T11:48:57.602571+08:00
2882,2018-07-16,5000.0,1176000.0,-298000.0,883000.0,11241.0,267.0,-20.0,-22.0,,2026-07-24T11:48:57.602571+08:00
2882,2018-07-17,-90000.0,3297694.0,-27000.0,3180694.0,11132.0,281.0,-109.0,14.0,,2026-07-24T11:48:57.602571+08:00
2882,2018-07-18,173000.0,3593951.0,-65000.0,3701951.0,10812.0,290.0,-320.0,9.0,,2026-07-24T11:48:57.602571+08:00
2882,2018-07-19,-32000.0,-1333891.0,22000.0,-1343891.0,10876.0,293.0,64.0,3.0,,2026-07-24T11:48:57.602571+08:00
2882,2018-07-20,13000.0,-502180.0,-225000.0,-714180.0,10879.0,287.0,3.0,-6.0,,2026-07-24T11:48:57.602571+08:00
2882,2018-07-23,14000.0,182340.0,240000.0,436340.0,10901.0,283.0,22.0,-4.0,,2026-07-24T11:48:57.602571+08:00
2882,2018-07-24,123000.0,-4861786.0,61000.0,-4677786.0,10959.0,284.0,58.0,1.0,,2026-07-24T11:48:57.602571+08:00
2882,2018-07-25,394000.0,-2510537.0,-93000.0,-2209537.0,11215.0,277.0,256.0,-7.0,,2026-07-24T11:48:57.602571+08:00
2882,2018-07-26,-452000.0,-1894120.0,-1845000.0,-4191120.0,11517.0,282.0,302.0,5.0,,2026-07-24T11:48:57.602571+08:00
2882,2018-07-27,71000.0,2178623.0,-876000.0,1373623.0,11491.0,319.0,-26.0,37.0,,2026-07-24T11:48:57.602571+08:00
2882,2018-07-30,24000.0,1005000.0,-9000.0,1020000.0,11416.0,307.0,-75.0,-12.0,,2026-07-24T11:48:57.602571+08:00
2882,2018-07-31,-278000.0,1226554.0,1000.0,949554.0,11583.0,320.0,167.0,13.0,,2026-07-24T11:48:57.602571+08:00
2882,2018-08-01,-40000.0,180000.0,-1504000.0,-1364000.0,11761.0,348.0,178.0,28.0,,2026-07-24T11:48:57.602571+08:00
2882,2018-08-02,-102000.0,-2024278.0,-396000.0,-2522278.0,11758.0,303.0,-3.0,-45.0,,2026-07-24T11:48:57.602571+08:00
2882,2018-08-03,-597000.0,5739355.0,362000.0,5504355.0,11308.0,347.0,-450.0,44.0,,2026-07-24T11:48:57.602571+08:00
2882,2018-08-06,-48000.0,1925000.0,90000.0,1967000.0,11296.0,332.0,-12.0,-15.0,,2026-07-24T11:48:57.602571+08:00
2882,2018-08-07,-48000.0,-433690.0,141000.0,-340690.0,11401.0,331.0,105.0,-1.0,,2026-07-24T11:48:57.602571+08:00
2882,2018-08-08,12000.0,4664026.0,-16000.0,4660026.0,11589.0,355.0,188.0,24.0,,2026-07-24T11:48:57.602571+08:00
2882,2018-08-09,7000.0,2969000.0,147000.0,3123000.0,11654.0,367.0,65.0,12.0,,2026-07-24T11:48:57.602571+08:00
2882,2018-08-10,99000.0,1876000.0,153000.0,2128000.0,11649.0,376.0,-5.0,9.0,,2026-07-24T11:48:57.602571+08:00
2882,2018-08-13,-327000.0,812107.0,670000.0,1155107.0,11433.0,358.0,-216.0,-18.0,,2026-07-24T11:48:57.602571+08:00
2882,2018-08-14,155000.0,2346705.0,130000.0,2631705.0,11391.0,370.0,-42.0,12.0,,2026-07-24T11:48:57.602571+08:00
2882,2018-08-15,-288000.0,-51584.0,295000.0,-44584.0,11524.0,392.0,133.0,22.0,,2026-07-24T11:48:57.602571+08:00
2882,2018-08-16,303000.0,1429000.0,0.0,1732000.0,11415.0,282.0,-109.0,-110.0,,2026-07-24T11:48:57.602571+08:00
2882,2018-08-17,-225000.0,2984126.0,29000.0,2788126.0,11299.0,275.0,-116.0,-7.0,,2026-07-24T11:48:57.602571+08:00
2882,2018-08-20,-189000.0,-2412628.0,918000.0,-1683628.0,11548.0,252.0,249.0,-23.0,,2026-07-24T11:48:57.602571+08:00
2882,2018-08-21,103000.0,5796290.0,0.0,5899290.0,11581.0,254.0,33.0,2.0,,2026-07-24T11:48:57.602571+08:00
2882,2018-08-22,-409000.0,1046273.0,208000.0,845273.0,11667.0,258.0,86.0,4.0,,2026-07-24T11:48:57.602571+08:00
2882,2018-08-23,-111000.0,1439742.0,461000.0,1789742.0,11576.0,281.0,-91.0,23.0,,2026-07-24T11:48:57.602571+08:00
2882,2018-08-24,64000.0,6093000.0,360000.0,6517000.0,11357.0,524.0,-219.0,243.0,,2026-07-24T11:48:57.602571+08:00
2882,2018-08-27,-107000.0,951650.0,300000.0,1144650.0,11409.0,535.0,52.0,11.0,,2026-07-24T11:48:57.602571+08:00
2882,2018-08-28,0.0,29663.0,0.0,29663.0,11388.0,533.0,-21.0,-2.0,,2026-07-24T11:48:57.602571+08:00
2882,2018-08-29,-232000.0,-775912.0,-618000.0,-1625912.0,11280.0,510.0,-108.0,-23.0,,2026-07-24T11:48:57.602571+08:00
2882,2018-08-30,-77000.0,-2195000.0,0.0,-2272000.0,11420.0,381.0,140.0,-129.0,,2026-07-24T11:48:57.602571+08:00
2882,2018-08-31,-553000.0,-393830.0,-97000.0,-1043830.0,11430.0,322.0,10.0,-59.0,,2026-07-24T11:48:57.602571+08:00
2882,2018-09-03,-80000.0,-2449471.0,-131000.0,-2660471.0,10820.0,228.0,-610.0,-94.0,,2026-07-24T11:48:57.602571+08:00
2882,2018-09-04,2000.0,-1807691.0,265000.0,-1540691.0,9995.0,229.0,-825.0,1.0,,2026-07-24T11:48:57.602571+08:00
2882,2018-09-05,-654000.0,-2747129.0,-42000.0,-3443129.0,9890.0,231.0,-105.0,2.0,,2026-07-24T11:48:57.602571+08:00
2882,2018-09-06,18000.0,-4100188.0,0.0,-4082188.0,9939.0,251.0,49.0,20.0,,2026-07-24T11:48:57.602571+08:00
2882,2018-09-07,-26000.0,-4309790.0,24508.0,-4311282.0,10028.0,243.0,89.0,-8.0,,2026-07-24T11:48:57.602571+08:00
2882,2018-09-10,-50000.0,-1080893.0,-234000.0,-1364893.0,10061.0,330.0,33.0,87.0,,2026-07-24T11:48:57.602571+08:00
2882,2018-09-11,188000.0,-10368911.0,217000.0,-9963911.0,10345.0,332.0,284.0,2.0,,2026-07-24T11:48:57.602571+08:00
2882,2018-09-12,736000.0,-964223.0,16000.0,-212223.0,10353.0,352.0,8.0,20.0,,2026-07-24T11:48:57.602571+08:00
2882,2018-09-13,187000.0,-5162680.0,-154000.0,-5129680.0,10931.0,349.0,578.0,-3.0,,2026-07-24T11:48:57.602571+08:00
2882,2018-09-14,-267000.0,-18691.0,-302000.0,-587691.0,11034.0,323.0,103.0,-26.0,,2026-07-24T11:48:57.602571+08:00
2882,2018-09-17,2000.0,-2576139.0,9000.0,-2565139.0,11046.0,324.0,12.0,1.0,,2026-07-24T11:48:57.602571+08:00
2882,2018-09-18,-45000.0,-4112282.0,658000.0,-3499282.0,11073.0,320.0,27.0,-4.0,,2026-07-24T11:48:57.602571+08:00
2882,2018-09-19,-134000.0,1846541.0,-59000.0,1653541.0,10959.0,326.0,-114.0,6.0,,2026-07-24T11:48:57.602571+08:00
2882,2018-09-20,149000.0,1547425.0,2108000.0,3804425.0,10459.0,371.0,-500.0,45.0,,2026-07-24T11:48:57.602571+08:00
2882,2018-09-21,-286000.0,5679999.0,-36000.0,5357999.0,10307.0,466.0,-152.0,95.0,,2026-07-24T11:48:57.602571+08:00
2882,2018-09-25,-284000.0,4011162.0,50000.0,3777162.0,10297.0,477.0,-10.0,11.0,,2026-07-24T11:48:57.602571+08:00
2882,2018-09-26,-17000.0,3391320.0,120000.0,3494320.0,10044.0,475.0,-253.0,-2.0,,2026-07-24T11:48:57.602571+08:00
2882,2018-09-27,362000.0,808954.0,329000.0,1499954.0,9927.0,454.0,-117.0,-21.0,,2026-07-24T11:48:57.602571+08:00
2882,2018-09-28,-112000.0,-499122.0,755000.0,143878.0,10070.0,467.0,143.0,13.0,,2026-07-24T11:48:57.602571+08:00
2882,2018-10-01,164000.0,2019000.0,300000.0,2483000.0,10012.0,437.0,-58.0,-30.0,,2026-07-24T11:48:57.602571+08:00
2882,2018-10-02,39000.0,-4289980.0,1936000.0,-2314980.0,9961.0,468.0,-51.0,31.0,,2026-07-24T11:48:57.602571+08:00
2882,2018-10-03,393000.0,3627000.0,791000.0,4811000.0,9950.0,400.0,-11.0,-68.0,,2026-07-24T11:48:57.602571+08:00
2882,2018-10-04,53000.0,-2360024.0,113000.0,-2194024.0,9942.0,379.0,-8.0,-21.0,,2026-07-24T11:48:57.602571+08:00
2882,2018-10-05,-397000.0,3417295.0,795318.0,3815613.0,9802.0,400.0,-140.0,21.0,,2026-07-24T11:48:57.602571+08:00
2882,2018-10-08,139000.0,2993363.0,227000.0,3359363.0,9935.0,438.0,133.0,38.0,,2026-07-24T11:48:57.602571+08:00
2882,2018-10-09,182000.0,3443171.0,516000.0,4141171.0,9852.0,562.0,-83.0,124.0,,2026-07-24T11:48:57.602571+08:00
2882,2018-10-11,-1349000.0,-13709141.0,5607.0,-15052534.0,10652.0,1004.0,800.0,442.0,,2026-07-24T11:48:57.602571+08:00
2882,2018-10-12,736000.0,-9928386.0,0.0,-9192386.0,10744.0,1040.0,92.0,36.0,,2026-07-24T11:48:57.602571+08:00
2882,2018-10-15,-141000.0,-9169147.0,-358000.0,-9668147.0,10910.0,1350.0,166.0,310.0,,2026-07-24T11:48:57.602571+08:00
2882,2018-10-16,205000.0,-5211295.0,-147000.0,-5153295.0,10893.0,1495.0,-17.0,145.0,,2026-07-24T11:48:57.602571+08:00
2882,2018-10-17,-851000.0,-3023620.0,-2091000.0,-5965620.0,10959.0,1465.0,66.0,-30.0,,2026-07-24T11:48:57.602571+08:00
2882,2018-10-18,-132000.0,-2758593.0,-1771000.0,-4661593.0,10910.0,1496.0,-49.0,31.0,,2026-07-24T11:48:57.602571+08:00
2882,2018-10-19,749000.0,-2997866.0,-164000.0,-2412866.0,10512.0,1643.0,-398.0,147.0,,2026-07-24T11:48:57.602571+08:00
2882,2018-10-22,-534000.0,-359893.0,6000.0,-887893.0,10419.0,1626.0,-93.0,-17.0,,2026-07-24T11:48:57.602571+08:00
2882,2018-10-23,-183000.0,-9797033.0,9993.0,-9970040.0,10600.0,1821.0,181.0,195.0,,2026-07-24T11:48:57.602571+08:00
2882,2018-10-24,-12000.0,-2396000.0,6000.0,-2402000.0,10422.0,2065.0,-178.0,244.0,,2026-07-24T11:48:57.602571+08:00
2882,2018-10-25,55000.0,-5256959.0,-1668006.0,-6869965.0,10359.0,1883.0,-63.0,-182.0,,2026-07-24T11:48:57.602571+08:00
2882,2018-10-26,-328000.0,-11909047.0,-1240000.0,-13477047.0,10228.0,2359.0,-131.0,476.0,,2026-07-24T11:48:57.602571+08:00
2882,2018-10-29,184000.0,7088986.0,-2173000.0,5099986.0,10039.0,2237.0,-189.0,-122.0,,2026-07-24T11:48:57.602571+08:00
2882,2018-10-30,59000.0,5272000.0,-67000.0,5264000.0,9696.0,2224.0,-343.0,-13.0,,2026-07-24T11:48:57.602571+08:00
2882,2018-10-31,273000.0,3765505.0,-3392000.0,646505.0,9457.0,2176.0,-239.0,-48.0,,2026-07-24T11:48:57.602571+08:00
2882,2018-11-01,407000.0,-219000.0,-2907000.0,-2719000.0,9493.0,2064.0,36.0,-112.0,,2026-07-24T11:48:57.602571+08:00
2882,2018-11-02,8000.0,5490200.0,-1786073.0,3712127.0,9185.0,2040.0,-308.0,-24.0,,2026-07-24T11:48:57.602571+08:00
2882,2018-11-05,-276000.0,256000.0,18000.0,-2000.0,9099.0,2046.0,-86.0,6.0,,2026-07-24T11:48:57.602571+08:00
2882,2018-11-06,-24000.0,-412702.0,-760000.0,-1196702.0,9072.0,2043.0,-27.0,-3.0,,2026-07-24T11:48:57.602571+08:00
2882,2018-11-07,65000.0,237028.0,-648000.0,-345972.0,9087.0,2114.0,15.0,71.0,,2026-07-24T11:48:57.602571+08:00
2882,2018-11-08,181000.0,1667940.0,-494000.0,1354940.0,8725.0,2214.0,-362.0,100.0,,2026-07-24T11:48:57.602571+08:00
2882,2018-11-09,-40000.0,-5749557.0,2000.0,-5787557.0,8532.0,2347.0,-193.0,133.0,,2026-07-24T11:48:57.602571+08:00
2882,2018-11-12,-238000.0,1822049.0,0.0,1584049.0,8339.0,2461.0,-193.0,114.0,,2026-07-24T11:48:57.602571+08:00
2882,2018-11-13,111000.0,-374935.0,-620000.0,-883935.0,8455.0,2746.0,116.0,285.0,,2026-07-24T11:48:57.602571+08:00
2882,2018-11-14,-21000.0,803846.0,-527000.0,255846.0,8328.0,2859.0,-127.0,113.0,,2026-07-24T11:48:57.602571+08:00
2882,2018-11-15,77000.0,807000.0,-747000.0,137000.0,8415.0,2915.0,87.0,56.0,,2026-07-24T11:48:57.602571+08:00
2882,2018-11-16,13000.0,-736978.0,42993.0,-680985.0,8420.0,2880.0,5.0,-35.0,,2026-07-24T11:48:57.602571+08:00
2882,2018-11-19,67000.0,2932654.0,-743000.0,2256654.0,8270.0,2858.0,-150.0,-22.0,,2026-07-24T11:48:57.602571+08:00
2882,2018-11-20,142000.0,-2224793.0,-488007.0,-2570800.0,8283.0,2929.0,13.0,71.0,,2026-07-24T11:48:57.602571+08:00
2882,2018-11-21,-74000.0,-1186368.0,-65000.0,-1325368.0,8327.0,2839.0,44.0,-90.0,,2026-07-24T11:48:57.602571+08:00
2882,2018-11-22,-65000.0,396684.0,0.0,331684.0,8162.0,2881.0,-165.0,42.0,,2026-07-24T11:48:57.602571+08:00
2882,2018-11-23,-10000.0,-707039.0,13000.0,-704039.0,8145.0,3159.0,-17.0,278.0,,2026-07-24T11:48:57.602571+08:00
2882,2018-11-26,100000.0,-10917612.0,-1558000.0,-12375612.0,8694.0,3050.0,549.0,-109.0,,2026-07-24T11:48:57.602571+08:00
2882,2018-11-27,-126000.0,-6757862.0,-1527000.0,-8410862.0,9304.0,2886.0,610.0,-164.0,,2026-07-24T11:48:57.602571+08:00
2882,2018-11-28,639000.0,-10088683.0,-218323.0,-9668006.0,9748.0,2858.0,444.0,-28.0,,2026-07-24T11:48:57.602571+08:00
2882,2018-11-29,32000.0,-6955174.0,-195000.0,-7118174.0,10092.0,2314.0,344.0,-544.0,,2026-07-24T11:48:57.602571+08:00
2882,2018-11-30,245000.0,-6408377.0,-660566.0,-6823943.0,10290.0,2158.0,198.0,-156.0,,2026-07-24T11:48:57.602571+08:00
2882,2018-12-03,191000.0,-3139110.0,-253000.0,-3201110.0,10659.0,1953.0,369.0,-205.0,,2026-07-24T11:48:57.602571+08:00
2882,2018-12-04,19000.0,-4083334.0,-220000.0,-4284334.0,10838.0,1728.0,179.0,-225.0,,2026-07-24T11:48:57.602571+08:00
2882,2018-12-05,-562000.0,-6766497.0,-148000.0,-7476497.0,10556.0,1696.0,-282.0,-32.0,,2026-07-24T11:48:57.602571+08:00
2882,2018-12-06,-425000.0,-4976248.0,-99000.0,-5500248.0,10522.0,1700.0,-34.0,4.0,,2026-07-24T11:48:57.602571+08:00
2882,2018-12-07,266000.0,-3805189.0,-146000.0,-3685189.0,10647.0,1692.0,125.0,-8.0,,2026-07-24T11:48:57.602571+08:00
2882,2018-12-10,30000.0,-4206100.0,-852367.0,-5028467.0,10741.0,1581.0,94.0,-111.0,,2026-07-24T11:48:57.602571+08:00
2882,2018-12-11,-9000.0,-3527741.0,-88000.0,-3624741.0,10895.0,1584.0,154.0,3.0,,2026-07-24T11:48:57.602571+08:00
2882,2018-12-12,398000.0,-17566789.0,-806000.0,-17974789.0,11511.0,1326.0,616.0,-258.0,,2026-07-24T11:48:57.602571+08:00
2882,2018-12-13,325000.0,4219917.0,-78000.0,4466917.0,11132.0,1123.0,-379.0,-203.0,,2026-07-24T11:48:57.602571+08:00
2882,2018-12-14,-467000.0,-6654644.0,-182000.0,-7303644.0,11477.0,1082.0,345.0,-41.0,,2026-07-24T11:48:57.602571+08:00
2882,2018-12-17,38000.0,129858.0,-32000.0,135858.0,11349.0,1091.0,-128.0,9.0,,2026-07-24T11:48:57.602571+08:00
2882,2018-12-18,48000.0,-7650333.0,140000.0,-7462333.0,11247.0,1083.0,-102.0,-8.0,,2026-07-24T11:48:57.602571+08:00
2882,2018-12-19,-10000.0,-2137279.0,5000.0,-2142279.0,11545.0,1080.0,298.0,-3.0,,2026-07-24T11:48:57.602571+08:00
2882,2018-12-20,-59000.0,-1145465.0,-16000.0,-1220465.0,11458.0,1098.0,-87.0,18.0,,2026-07-24T11:48:57.602571+08:00
2882,2018-12-21,-18000.0,-4815896.0,-241500.0,-5075396.0,11561.0,1144.0,103.0,46.0,,2026-07-24T11:48:57.602571+08:00
2882,2018-12-22,-87000.0,-227000.0,6000.0,-308000.0,11538.0,1170.0,-23.0,26.0,,2026-07-24T11:48:57.602571+08:00
2882,2018-12-24,-47000.0,-3123000.0,-766000.0,-3936000.0,11725.0,1263.0,187.0,93.0,,2026-07-24T11:48:57.602571+08:00
2882,2018-12-25,-494000.0,-1859000.0,-177908.0,-2530908.0,11860.0,1371.0,135.0,108.0,,2026-07-24T11:48:57.602571+08:00
2882,2018-12-26,-424000.0,-225000.0,-336000.0,-985000.0,11858.0,1496.0,-2.0,125.0,,2026-07-24T11:48:57.602571+08:00
2882,2018-12-27,-16000.0,1567104.0,-306000.0,1245104.0,11733.0,1384.0,-125.0,-112.0,,2026-07-24T11:48:57.602571+08:00
2882,2018-12-28,41000.0,1782231.0,-50000.0,1773231.0,11327.0,1384.0,-406.0,0.0,,2026-07-24T11:48:57.602571+08:00
2882,2019-01-02,-716000.0,-7556800.0,24000.0,-8248800.0,11898.0,1442.0,571.0,58.0,,2026-07-24T11:48:57.602571+08:00
2882,2019-01-03,135000.0,-6592000.0,-155000.0,-6612000.0,12369.0,1418.0,471.0,-24.0,,2026-07-24T11:48:57.602571+08:00
2882,2019-01-04,327000.0,-4639570.0,-609000.0,-4921570.0,12366.0,1201.0,-3.0,-217.0,,2026-07-24T11:48:57.602571+08:00
2882,2019-01-07,311000.0,-2454556.0,0.0,-2143556.0,12351.0,1337.0,-15.0,136.0,,2026-07-24T11:48:57.602571+08:00
2882,2019-01-08,85000.0,-1574284.0,66000.0,-1423284.0,12155.0,1388.0,-196.0,51.0,,2026-07-24T11:48:57.602571+08:00
2882,2019-01-09,1437000.0,-1862808.0,-68000.0,-493808.0,12158.0,1397.0,3.0,9.0,,2026-07-24T11:48:57.602571+08:00
2882,2019-01-10,-112000.0,-2462000.0,20000.0,-2554000.0,12021.0,1305.0,-137.0,-92.0,,2026-07-24T11:48:57.602571+08:00
2882,2019-01-11,41000.0,-2079557.0,-287000.0,-2325557.0,12035.0,1111.0,14.0,-194.0,,2026-07-24T11:48:57.602571+08:00
2882,2019-01-14,-192000.0,-15337187.0,-525000.0,-16054187.0,12428.0,1399.0,393.0,288.0,,2026-07-24T11:48:57.602571+08:00
2882,2019-01-15,226000.0,-24343352.0,-37373.0,-24154725.0,13921.0,1416.0,1493.0,17.0,,2026-07-24T11:48:57.602571+08:00
2882,2019-01-16,264000.0,-18457955.0,-188000.0,-18381955.0,14531.0,1421.0,610.0,5.0,,2026-07-24T11:48:57.602571+08:00
2882,2019-01-17,168000.0,-5887365.0,304000.0,-5415365.0,14422.0,1312.0,-109.0,-109.0,,2026-07-24T11:48:57.602571+08:00
2882,2019-01-18,67000.0,-13850709.0,54000.0,-13729709.0,15074.0,1291.0,652.0,-21.0,,2026-07-24T11:48:57.602571+08:00
2882,2019-01-21,183000.0,-4052124.0,-513000.0,-4382124.0,15355.0,1272.0,281.0,-19.0,,2026-07-24T11:48:57.602571+08:00
2882,2019-01-22,-3000.0,-1483301.0,-152000.0,-1638301.0,14933.0,1299.0,-422.0,27.0,,2026-07-24T11:48:57.602571+08:00
2882,2019-01-23,-196000.0,-8546673.0,-43000.0,-8785673.0,15020.0,1222.0,87.0,-77.0,,2026-07-24T11:48:57.602571+08:00
2882,2019-01-24,-98000.0,-7024786.0,-283000.0,-7405786.0,15355.0,1223.0,335.0,1.0,,2026-07-24T11:48:57.602571+08:00
2882,2019-01-25,-202000.0,-7544000.0,-340000.0,-8086000.0,15602.0,1267.0,247.0,44.0,,2026-07-24T11:48:57.602571+08:00
2882,2019-01-28,553000.0,-11130532.0,-356000.0,-10933532.0,16480.0,855.0,878.0,-412.0,,2026-07-24T11:48:57.602571+08:00
2882,2019-01-29,991000.0,-1913987.0,-759000.0,-1681987.0,16015.0,765.0,-465.0,-90.0,,2026-07-24T11:48:57.602571+08:00
2882,2019-01-30,565000.0,-15429345.0,-133000.0,-14997345.0,16298.0,743.0,283.0,-22.0,,2026-07-24T11:48:57.602571+08:00
2882,2019-02-11,-20000.0,-3805814.0,9000.0,-3816814.0,16182.0,757.0,-116.0,14.0,,2026-07-24T11:48:57.602571+08:00
2882,2019-02-12,153000.0,-2514061.0,-200000.0,-2561061.0,15970.0,735.0,-212.0,-22.0,,2026-07-24T11:48:57.602571+08:00
2882,2019-02-13,176000.0,-4785545.0,6000.0,-4603545.0,15836.0,624.0,-134.0,-111.0,,2026-07-24T11:48:57.602571+08:00
2882,2019-02-14,970000.0,-1349399.0,0.0,-379399.0,15598.0,594.0,-238.0,-30.0,,2026-07-24T11:48:57.602571+08:00
2882,2019-02-15,-173000.0,-3657972.0,0.0,-3830972.0,15745.0,658.0,147.0,64.0,,2026-07-24T11:48:57.602571+08:00
2882,2019-02-18,107000.0,-7823508.0,-147000.0,-7863508.0,16189.0,635.0,444.0,-23.0,,2026-07-24T11:48:57.602571+08:00
2882,2019-02-19,-73000.0,1420000.0,-258000.0,1089000.0,16099.0,656.0,-90.0,21.0,,2026-07-24T11:48:57.602571+08:00
2882,2019-02-20,49000.0,889587.0,1355000.0,2293587.0,15279.0,620.0,-820.0,-36.0,,2026-07-24T11:48:57.602571+08:00
2882,2019-02-21,315000.0,-1960393.0,-34000.0,-1679393.0,15079.0,602.0,-200.0,-18.0,,2026-07-24T11:48:57.602571+08:00
2882,2019-02-22,-887000.0,153204.0,-52000.0,-785796.0,14867.0,602.0,-212.0,0.0,,2026-07-24T11:48:57.602571+08:00
2882,2019-02-25,-101000.0,-272100.0,-46622.0,-419722.0,14294.0,595.0,-573.0,-7.0,,2026-07-24T11:48:57.602571+08:00
2882,2019-02-26,225000.0,-2406250.0,-122000.0,-2303250.0,14232.0,598.0,-62.0,3.0,,2026-07-24T11:48:57.602571+08:00
2882,2019-02-27,-180000.0,-3795244.0,-124000.0,-4099244.0,13954.0,601.0,-278.0,3.0,,2026-07-24T11:48:57.602571+08:00
2882,2019-03-04,1113000.0,-12512503.0,-138622.0,-11538125.0,14175.0,525.0,221.0,-76.0,,2026-07-24T11:48:57.602571+08:00
2882,2019-03-05,-372000.0,-6531235.0,-18000.0,-6921235.0,13999.0,517.0,-176.0,-8.0,,2026-07-24T11:48:57.602571+08:00
2882,2019-03-06,-427000.0,-652904.0,-117000.0,-1196904.0,13954.0,362.0,-45.0,-155.0,,2026-07-24T11:48:57.602571+08:00
2882,2019-03-07,351000.0,-9718000.0,-558000.0,-9925000.0,14372.0,389.0,418.0,27.0,,2026-07-24T11:48:57.602571+08:00
2882,2019-03-08,590000.0,-7388301.0,-130000.0,-6928301.0,14175.0,380.0,-197.0,-9.0,,2026-07-24T11:48:57.602571+08:00
2882,2019-03-11,307000.0,-7101287.0,-1000000.0,-7794287.0,14196.0,380.0,21.0,0.0,,2026-07-24T11:48:57.602571+08:00
2882,2019-03-12,160000.0,2134143.0,99000.0,2393143.0,14195.0,361.0,-1.0,-19.0,,2026-07-24T11:48:57.602571+08:00
2882,2019-03-13,6000.0,-1590206.0,-17000.0,-1601206.0,14188.0,361.0,-7.0,0.0,,2026-07-24T11:48:57.602571+08:00
2882,2019-03-14,-22000.0,-1060513.0,-40000.0,-1122513.0,14028.0,404.0,-160.0,43.0,,2026-07-24T11:48:57.602571+08:00
2882,2019-03-15,-284000.0,1010887.0,4441000.0,5167887.0,13908.0,359.0,-120.0,-45.0,,2026-07-24T11:48:57.602571+08:00
2882,2019-03-18,-257000.0,1366925.0,-2000.0,1107925.0,13713.0,301.0,-195.0,-58.0,,2026-07-24T11:48:57.602571+08:00
2882,2019-03-19,552000.0,11890700.0,18000.0,12460700.0,13674.0,342.0,-39.0,41.0,,2026-07-24T11:48:57.602571+08:00
2882,2019-03-20,-159000.0,7584673.0,0.0,7425673.0,13023.0,371.0,-651.0,29.0,,2026-07-24T11:48:57.602571+08:00
2882,2019-03-21,-197000.0,-3821070.0,-21000.0,-4039070.0,13208.0,347.0,185.0,-24.0,,2026-07-24T11:48:57.602571+08:00
2882,2019-03-22,-581000.0,-10784784.0,7380.0,-11358404.0,13392.0,277.0,184.0,-70.0,,2026-07-24T11:48:57.602571+08:00
2882,2019-03-25,270000.0,-7939498.0,-59000.0,-7728498.0,13490.0,276.0,98.0,-1.0,,2026-07-24T11:48:57.602571+08:00
2882,2019-03-26,360000.0,-5880026.0,0.0,-5520026.0,13751.0,268.0,261.0,-8.0,,2026-07-24T11:48:57.602571+08:00
2882,2019-03-27,187000.0,-17872722.0,-136000.0,-17821722.0,14907.0,148.0,1156.0,-120.0,,2026-07-24T11:48:57.602571+08:00
2882,2019-03-28,179000.0,-17995020.0,-16000.0,-17832020.0,16411.0,128.0,1504.0,-20.0,,2026-07-24T11:48:57.602571+08:00
2882,2019-03-29,198000.0,2260000.0,0.0,2458000.0,16315.0,123.0,-96.0,-5.0,,2026-07-24T11:48:57.602571+08:00
2882,2019-04-01,259000.0,-3502476.0,-107620.0,-3351096.0,16566.0,113.0,251.0,-10.0,,2026-07-24T11:48:57.602571+08:00
2882,2019-04-02,147000.0,3356978.0,-61000.0,3442978.0,16413.0,49.0,-153.0,-64.0,,2026-07-24T11:48:57.602571+08:00
2882,2019-04-03,583000.0,-3162000.0,-196000.0,-2775000.0,16659.0,36.0,246.0,-13.0,,2026-07-24T11:48:57.602571+08:00
2882,2019-04-08,241000.0,-23451000.0,0.0,-23210000.0,16761.0,0.0,102.0,-36.0,,2026-07-24T11:48:57.602571+08:00
2882,2019-04-09,354000.0,-16541973.0,-36000.0,-16223973.0,17851.0,0.0,1090.0,0.0,,2026-07-24T11:48:57.602571+08:00
2882,2019-04-10,1206000.0,-10534950.0,0.0,-9328950.0,18166.0,0.0,315.0,0.0,,2026-07-24T11:48:57.602571+08:00
2882,2019-04-11,61000.0,-12066000.0,-16000.0,-12021000.0,18314.0,0.0,148.0,0.0,,2026-07-24T11:48:57.602571+08:00
2882,2019-04-12,98000.0,-7941952.0,-6000.0,-7849952.0,18459.0,3.0,145.0,3.0,,2026-07-24T11:48:57.602571+08:00
2882,2019-04-15,-50000.0,-6746000.0,-31000.0,-6827000.0,18789.0,2.0,330.0,-1.0,,2026-07-24T11:48:57.602571+08:00
2882,2019-04-16,45000.0,-7628551.0,-85000.0,-7668551.0,18831.0,94.0,42.0,92.0,,2026-07-24T11:48:57.602571+08:00
2882,2019-04-17,36000.0,-8162902.0,-125000.0,-8251902.0,19988.0,45.0,1157.0,-49.0,,2026-07-24T11:48:57.602571+08:00
2882,2019-04-18,-84000.0,-1430269.0,-728000.0,-2242269.0,19649.0,103.0,-339.0,58.0,,2026-07-24T11:48:57.602571+08:00
2882,2019-04-19,28000.0,-104686.0,76000.0,-686.0,19574.0,58.0,-75.0,-45.0,,2026-07-24T11:48:57.602571+08:00
2882,2019-04-22,0.0,-1315000.0,55078.0,-1259922.0,19264.0,44.0,-310.0,-14.0,,2026-07-24T11:48:57.602571+08:00
2882,2019-04-23,19000.0,-2577950.0,0.0,-2558950.0,19539.0,44.0,275.0,0.0,,2026-07-24T11:48:57.602571+08:00
2882,2019-04-24,-332000.0,-1233627.0,0.0,-1565627.0,19579.0,44.0,40.0,0.0,,2026-07-24T11:48:57.602571+08:00
2882,2019-04-25,231000.0,242608.0,-16000.0,457608.0,19478.0,49.0,-101.0,5.0,,2026-07-24T11:48:57.602571+08:00
2882,2019-04-26,-73000.0,-607837.0,0.0,-680837.0,19412.0,60.0,-66.0,11.0,,2026-07-24T11:48:57.602571+08:00
2882,2019-04-29,170000.0,-1919011.0,-10000.0,-1759011.0,19544.0,60.0,132.0,0.0,,2026-07-24T11:48:57.602571+08:00
2882,2019-04-30,100000.0,2725290.0,-6000.0,2819290.0,19535.0,71.0,-9.0,11.0,,2026-07-24T11:48:57.602571+08:00
2882,2019-05-02,3276000.0,3641066.0,-2000.0,6915066.0,19708.0,104.0,173.0,33.0,,2026-07-24T11:48:57.602571+08:00
2882,2019-05-03,2240000.0,-3609650.0,-45396.0,-1415046.0,19558.0,70.0,-150.0,-34.0,,2026-07-24T11:48:57.602571+08:00
2882,2019-05-06,336000.0,-4011628.0,0.0,-3675628.0,18593.0,34.0,-965.0,-36.0,,2026-07-24T11:48:57.602571+08:00
2882,2019-05-07,-4680.0,-5081335.0,-514344.0,-5600359.0,18638.0,31.0,45.0,-3.0,,2026-07-24T11:48:57.602571+08:00
2882,2019-05-08,200000.0,-8136344.0,-21364.0,-7957708.0,18511.0,54.0,-127.0,23.0,,2026-07-24T11:48:57.602571+08:00
2882,2019-05-09,-319000.0,-19539179.0,-25000.0,-19883179.0,18154.0,84.0,-357.0,30.0,,2026-07-24T11:48:57.602571+08:00
2882,2019-05-10,-199000.0,-14701000.0,0.0,-14900000.0,18527.0,117.0,373.0,33.0,,2026-07-24T11:48:57.602571+08:00
2882,2019-05-13,-286000.0,-23370338.0,-188000.0,-23844338.0,19279.0,88.0,752.0,-29.0,,2026-07-24T11:48:57.602571+08:00
2882,2019-05-14,1178000.0,-52568770.0,0.0,-51390770.0,20537.0,198.0,1258.0,110.0,,2026-07-24T11:48:57.602571+08:00
2882,2019-05-15,-346000.0,-11908019.0,0.0,-12254019.0,20859.0,220.0,322.0,22.0,,2026-07-24T11:48:57.602571+08:00
2882,2019-05-16,242000.0,-22811049.0,71000.0,-22498049.0,21488.0,217.0,629.0,-3.0,,2026-07-24T11:48:57.602571+08:00
2882,2019-05-17,118000.0,-12067356.0,24000.0,-11925356.0,21719.0,202.0,231.0,-15.0,,2026-07-24T11:48:57.602571+08:00
2882,2019-05-20,1250000.0,-4379786.0,-1029000.0,-4158786.0,21972.0,191.0,253.0,-11.0,,2026-07-24T11:48:57.602571+08:00
2882,2019-05-21,569000.0,-2090703.0,793000.0,-728703.0,21878.0,279.0,-94.0,88.0,,2026-07-24T11:48:57.602571+08:00
2882,2019-05-22,54000.0,-4529174.0,22000.0,-4453174.0,22073.0,202.0,195.0,-77.0,,2026-07-24T11:48:57.602571+08:00
2882,2019-05-23,-46000.0,294960.0,-26000.0,222960.0,21454.0,200.0,-619.0,-2.0,,2026-07-24T11:48:57.602571+08:00
2882,2019-05-24,66000.0,-6691787.0,-85000.0,-6710787.0,21866.0,178.0,412.0,-22.0,,2026-07-24T11:48:57.602571+08:00
2882,2019-05-27,-42000.0,-258000.0,100000.0,-200000.0,21394.0,169.0,-472.0,-9.0,,2026-07-24T11:48:57.602571+08:00
2882,2019-05-28,-17000.0,-7653274.0,-126000.0,-7796274.0,21957.0,162.0,563.0,-7.0,,2026-07-24T11:48:57.602571+08:00
2882,2019-05-29,196000.0,-3301460.0,11000.0,-3094460.0,21620.0,190.0,-337.0,28.0,,2026-07-24T11:48:57.602571+08:00
2882,2019-05-30,78000.0,-3744722.0,0.0,-3666722.0,21779.0,238.0,159.0,48.0,,2026-07-24T11:48:57.602571+08:00
2882,2019-05-31,73000.0,4729561.0,34000.0,4836561.0,21985.0,234.0,206.0,-4.0,,2026-07-24T11:48:57.602571+08:00
2882,2019-06-03,-25000.0,1625000.0,0.0,1600000.0,21647.0,245.0,-338.0,11.0,,2026-07-24T11:48:57.602571+08:00
2882,2019-06-04,-126000.0,3072000.0,231000.0,3177000.0,21263.0,377.0,-384.0,132.0,,2026-07-24T11:48:57.602571+08:00
2882,2019-06-05,-105000.0,-3767208.0,0.0,-3872208.0,21183.0,275.0,-80.0,-102.0,,2026-07-24T11:48:57.602571+08:00
2882,2019-06-06,97000.0,-4847077.0,0.0,-4750077.0,21289.0,269.0,106.0,-6.0,,2026-07-24T11:48:57.602571+08:00
2882,2019-06-10,-162000.0,-2404845.0,0.0,-2566845.0,21411.0,298.0,122.0,29.0,,2026-07-24T11:48:57.602571+08:00
2882,2019-06-11,55000.0,9262546.0,189000.0,9506546.0,20308.0,340.0,-1103.0,42.0,,2026-07-24T11:48:57.602571+08:00
2882,2019-06-12,-25000.0,-490602.0,83173.0,-432429.0,19760.0,442.0,-548.0,102.0,,2026-07-24T11:48:57.602571+08:00
2882,2019-06-13,-20000.0,-4995000.0,246270.0,-4768730.0,19967.0,447.0,207.0,5.0,,2026-07-24T11:48:57.602571+08:00
2882,2019-06-14,-40000.0,-4191796.0,-430000.0,-4661796.0,20128.0,387.0,161.0,-60.0,,2026-07-24T11:48:57.602571+08:00
2882,2019-06-17,78000.0,1053853.0,-34619.0,1097234.0,19969.0,345.0,-159.0,-42.0,,2026-07-24T11:48:57.602571+08:00
2882,2019-06-18,29000.0,2175678.0,274000.0,2478678.0,19456.0,386.0,-513.0,41.0,,2026-07-24T11:48:57.602571+08:00
2882,2019-06-19,1079000.0,4969800.0,-385000.0,5663800.0,18998.0,389.0,-458.0,3.0,,2026-07-24T11:48:57.602571+08:00
2882,2019-06-20,-44000.0,2772869.0,-404000.0,2324869.0,18873.0,381.0,-125.0,-8.0,,2026-07-24T11:48:57.602571+08:00
2882,2019-06-21,21000.0,-771737.0,-561500.0,-1312237.0,18891.0,183.0,18.0,-198.0,,2026-07-24T11:48:57.602571+08:00
2882,2019-06-24,-52000.0,1182299.0,14530.0,1144829.0,19363.0,128.0,472.0,-55.0,,2026-07-24T11:48:57.602571+08:00
2882,2019-06-25,-55000.0,1896576.0,0.0,1841576.0,19393.0,0.0,30.0,-128.0,,2026-07-24T11:48:57.602571+08:00
2882,2019-06-26,291000.0,2646079.0,72000.0,3009079.0,19330.0,0.0,-63.0,0.0,,2026-07-24T11:48:57.602571+08:00
2882,2019-06-27,1650000.0,10215300.0,20000.0,11885300.0,18890.0,0.0,-440.0,0.0,,2026-07-24T11:48:57.602571+08:00
2882,2019-06-28,4152000.0,1953525.0,-2000.0,6103525.0,19166.0,0.0,276.0,0.0,,2026-07-24T11:48:57.602571+08:00
2882,2019-07-01,-1762000.0,3601157.0,4000.0,1843157.0,18528.0,151.0,-638.0,151.0,,2026-07-24T11:48:57.602571+08:00
2882,2019-07-02,-248000.0,-5093500.0,-141000.0,-5482500.0,19530.0,184.0,1002.0,33.0,,2026-07-24T11:48:57.602571+08:00
2882,2019-07-03,-630000.0,-1030884.0,0.0,-1660884.0,19617.0,245.0,87.0,61.0,,2026-07-24T11:48:57.602571+08:00
2882,2019-07-04,-241000.0,657000.0,-9459.0,406541.0,19875.0,287.0,258.0,42.0,,2026-07-24T11:48:57.602571+08:00
2882,2019-07-05,-2000.0,-1255001.0,-255000.0,-1512001.0,20195.0,263.0,320.0,-24.0,,2026-07-24T11:48:57.602571+08:00
2882,2019-07-08,-205000.0,-1703028.0,-10000.0,-1918028.0,20241.0,259.0,46.0,-4.0,,2026-07-24T11:48:57.602571+08:00
2882,2019-07-09,-34000.0,1165630.0,-17000.0,1114630.0,20296.0,264.0,55.0,5.0,,2026-07-24T11:48:57.602571+08:00
2882,2019-07-10,791000.0,-1335000.0,44000.0,-500000.0,20593.0,270.0,297.0,6.0,,2026-07-24T11:48:57.602571+08:00
2882,2019-07-11,-18000.0,-5632652.0,12000.0,-5638652.0,20895.0,265.0,302.0,-5.0,,2026-07-24T11:48:57.602571+08:00
2882,2019-07-12,-37000.0,-8441241.0,-6000.0,-8484241.0,20954.0,265.0,59.0,0.0,,2026-07-24T11:48:57.602571+08:00
2882,2019-07-15,104000.0,-6541122.0,0.0,-6437122.0,21128.0,327.0,174.0,62.0,,2026-07-24T11:48:57.602571+08:00
2882,2019-07-16,-66000.0,-9361606.0,23000.0,-9404606.0,21446.0,325.0,318.0,-2.0,,2026-07-24T11:48:57.602571+08:00
2882,2019-07-17,-159000.0,-9979841.0,-35000.0,-10173841.0,21428.0,332.0,-18.0,7.0,,2026-07-24T11:48:57.602571+08:00
2882,2019-07-18,-101000.0,-9190155.0,11127.0,-9280028.0,21333.0,260.0,-95.0,-72.0,,2026-07-24T11:48:57.602571+08:00
2882,2019-07-19,-29000.0,-4736616.0,0.0,-4765616.0,21577.0,254.0,244.0,-6.0,,2026-07-24T11:48:57.602571+08:00
2882,2019-07-22,59000.0,-3893430.0,9000.0,-3825430.0,21855.0,261.0,278.0,7.0,,2026-07-24T11:48:57.602571+08:00
2882,2019-07-23,-35000.0,-4625047.0,48000.0,-4612047.0,21898.0,259.0,43.0,-2.0,,2026-07-24T11:48:57.602571+08:00
2882,2019-07-24,-910000.0,-5535678.0,17000.0,-6428678.0,22387.0,260.0,489.0,1.0,,2026-07-24T11:48:57.602571+08:00
2882,2019-07-25,-34000.0,-2268392.0,0.0,-2302392.0,22480.0,261.0,93.0,1.0,,2026-07-24T11:48:57.602571+08:00
2882,2019-07-26,-41000.0,-4202918.0,2000.0,-4241918.0,22509.0,214.0,29.0,-47.0,,2026-07-24T11:48:57.602571+08:00
2882,2019-07-29,-23000.0,-2053399.0,0.0,-2076399.0,22635.0,213.0,126.0,-1.0,,2026-07-24T11:48:57.602571+08:00
2882,2019-07-30,-8000.0,-2841528.0,67000.0,-2782528.0,22584.0,218.0,-51.0,5.0,,2026-07-24T11:48:57.602571+08:00
2882,2019-07-31,-890000.0,-7480165.0,-4000.0,-8374165.0,22721.0,221.0,137.0,3.0,,2026-07-24T11:48:57.602571+08:00
2882,2019-08-01,-37000.0,-8329953.0,0.0,-8366953.0,22825.0,231.0,104.0,10.0,,2026-07-24T11:48:57.602571+08:00
2882,2019-08-02,-92000.0,-8849000.0,0.0,-8941000.0,22946.0,238.0,121.0,7.0,,2026-07-24T11:48:57.602571+08:00
2882,2019-08-05,-22000.0,-8676359.0,12000.0,-8686359.0,22995.0,233.0,49.0,-5.0,,2026-07-24T11:48:57.602571+08:00
2882,2019-08-06,225000.0,-6806622.0,29000.0,-6552622.0,22971.0,216.0,-24.0,-17.0,,2026-07-24T11:48:57.602571+08:00
2882,2019-08-07,-723000.0,-9966000.0,-18000.0,-10707000.0,23402.0,212.0,431.0,-4.0,,2026-07-24T11:48:57.602571+08:00
2882,2019-08-08,0.0,-2513858.0,26170.0,-2487688.0,23374.0,229.0,-28.0,17.0,,2026-07-24T11:48:57.602571+08:00
2882,2019-08-12,106000.0,-7503990.0,0.0,-7397990.0,23529.0,206.0,155.0,-23.0,,2026-07-24T11:48:57.602571+08:00
2882,2019-08-13,41000.0,-11849608.0,-51354.0,-11859962.0,23723.0,200.0,194.0,-6.0,,2026-07-24T11:48:57.602571+08:00
2882,2019-08-14,-11000.0,-3557392.0,12000.0,-3556392.0,23761.0,211.0,38.0,11.0,,2026-07-24T11:48:57.602571+08:00
2882,2019-08-15,-99000.0,-11547000.0,28000.0,-11618000.0,23806.0,219.0,45.0,8.0,,2026-07-24T11:48:57.602571+08:00
2882,2019-08-16,1000.0,-25192367.0,-17000.0,-25208367.0,24592.0,286.0,786.0,67.0,,2026-07-24T11:48:57.602571+08:00
2882,2019-08-19,-6000.0,-1853516.0,-4000.0,-1863516.0,24357.0,271.0,-235.0,-15.0,,2026-07-24T11:48:57.602571+08:00
2882,2019-08-20,-21000.0,-7695052.0,11000.0,-7705052.0,24552.0,269.0,195.0,-2.0,,2026-07-24T11:48:57.602571+08:00
2882,2019-08-21,-185000.0,-4694020.0,12000.0,-4867020.0,24841.0,265.0,289.0,-4.0,,2026-07-24T11:48:57.602571+08:00
2882,2019-08-22,64000.0,-5202000.0,702000.0,-4436000.0,25016.0,256.0,175.0,-9.0,,2026-07-24T11:48:57.602571+08:00
2882,2019-08-23,32000.0,193226.0,40000.0,265226.0,24965.0,282.0,-51.0,26.0,,2026-07-24T11:48:57.602571+08:00
2882,2019-08-24,-268000.0,-1882000.0,146000.0,-2004000.0,,,,,,2026-07-24T11:48:57.602571+08:00
2882,2019-08-26,-18000.0,-5908350.0,63000.0,-5863350.0,24985.0,134.0,,,,2026-07-24T11:48:57.602571+08:00
2882,2019-08-27,2000.0,-1746784.0,262000.0,-1482784.0,24924.0,126.0,-61.0,-8.0,,2026-07-24T11:48:57.602571+08:00
2882,2019-08-28,-28000.0,-176164.0,58000.0,-146164.0,24727.0,134.0,-197.0,8.0,,2026-07-24T11:48:57.602571+08:00
2882,2019-08-29,12000.0,-3540202.0,47000.0,-3481202.0,24726.0,141.0,-1.0,7.0,,2026-07-24T11:48:57.602571+08:00
2882,2019-08-30,205000.0,6460140.0,0.0,6665140.0,24581.0,147.0,-145.0,6.0,,2026-07-24T11:48:57.602571+08:00
2882,2019-09-02,-78000.0,-549000.0,57000.0,-570000.0,24956.0,125.0,375.0,-22.0,,2026-07-24T11:48:57.602571+08:00
2882,2019-09-03,92000.0,-1869320.0,39000.0,-1738320.0,25086.0,117.0,130.0,-8.0,,2026-07-24T11:48:57.602571+08:00
2882,2019-09-04,854000.0,1523527.0,121000.0,2498527.0,25325.0,118.0,239.0,1.0,,2026-07-24T11:48:57.602571+08:00
2882,2019-09-05,302000.0,7421234.0,389000.0,8112234.0,25062.0,133.0,-263.0,15.0,,2026-07-24T11:48:57.602571+08:00
2882,2019-09-06,-89000.0,3080581.0,90000.0,3081581.0,24135.0,125.0,-927.0,-8.0,,2026-07-24T11:48:57.602571+08:00
2882,2019-09-09,16000.0,1165607.0,63000.0,1244607.0,23976.0,134.0,-159.0,9.0,,2026-07-24T11:48:57.602571+08:00
2882,2019-09-10,64000.0,6442000.0,85000.0,6591000.0,23815.0,173.0,-161.0,39.0,,2026-07-24T11:48:57.602571+08:00
2882,2019-09-11,-926000.0,1353500.0,35000.0,462500.0,23526.0,178.0,-289.0,5.0,,2026-07-24T11:48:57.602571+08:00
2882,2019-09-12,-21000.0,4180322.0,-108000.0,4051322.0,23121.0,215.0,-405.0,37.0,,2026-07-24T11:48:57.602571+08:00
2882,2019-09-16,-67000.0,-333000.0,-10943.0,-410943.0,23147.0,211.0,26.0,-4.0,,2026-07-24T11:48:57.602571+08:00
2882,2019-09-17,41000.0,8606193.0,19000.0,8666193.0,22813.0,240.0,-334.0,29.0,,2026-07-24T11:48:57.602571+08:00
2882,2019-09-18,-873000.0,2715827.0,37319.0,1880146.0,22728.0,225.0,-85.0,-15.0,,2026-07-24T11:48:57.602571+08:00
2882,2019-09-19,-224000.0,4215194.0,179000.0,4170194.0,22397.0,243.0,-331.0,18.0,,2026-07-24T11:48:57.602571+08:00
2882,2019-09-20,-48000.0,-3510185.0,382000.0,-3176185.0,22353.0,240.0,-44.0,-3.0,,2026-07-24T11:48:57.602571+08:00
2882,2019-09-23,-4000.0,-2704000.0,0.0,-2708000.0,22584.0,227.0,231.0,-13.0,,2026-07-24T11:48:57.602571+08:00
2882,2019-09-24,-86000.0,4129722.0,-42710.0,4001012.0,22248.0,270.0,-336.0,43.0,,2026-07-24T11:48:57.602571+08:00
2882,2019-09-25,-304000.0,-2295000.0,410000.0,-2189000.0,22242.0,269.0,-6.0,-1.0,,2026-07-24T11:48:57.602571+08:00
2882,2019-09-26,1139000.0,918755.0,225000.0,2282755.0,22163.0,322.0,-79.0,53.0,,2026-07-24T11:48:57.602571+08:00
2882,2019-09-27,602000.0,-4146721.0,0.0,-3544721.0,21825.0,260.0,-338.0,-62.0,,2026-07-24T11:48:57.602571+08:00
2882,2019-10-01,877000.0,1348892.0,14000.0,2239892.0,21745.0,387.0,-80.0,127.0,,2026-07-24T11:48:57.602571+08:00
2882,2019-10-02,692000.0,-3807679.0,-25000.0,-3140679.0,21855.0,395.0,110.0,8.0,,2026-07-24T11:48:57.602571+08:00
2882,2019-10-03,75000.0,-7475958.0,-7000.0,-7407958.0,21992.0,582.0,137.0,187.0,,2026-07-24T11:48:57.602571+08:00
2882,2019-10-04,69000.0,-161020.0,0.0,-92020.0,21749.0,1.0,-243.0,-581.0,,2026-07-24T11:48:57.602571+08:00
2882,2019-10-07,-64000.0,-2711000.0,0.0,-2775000.0,22728.0,0.0,979.0,-1.0,,2026-07-24T11:48:57.602571+08:00
2882,2019-10-08,236000.0,1754403.0,-10000.0,1980403.0,22889.0,0.0,161.0,0.0,,2026-07-24T11:48:57.602571+08:00
2882,2019-10-09,38000.0,-1642908.0,178600.0,-1426308.0,22888.0,0.0,-1.0,0.0,,2026-07-24T11:48:57.602571+08:00
2882,2019-10-14,-21000.0,-2095221.0,0.0,-2116221.0,23109.0,306.0,221.0,306.0,,2026-07-24T11:48:57.602571+08:00
2882,2019-10-15,-54000.0,-992802.0,-236000.0,-1282802.0,23019.0,379.0,-90.0,73.0,,2026-07-24T11:48:57.602571+08:00
2882,2019-10-16,-4333000.0,6629075.0,-78723.0,2217352.0,22773.0,479.0,-246.0,100.0,,2026-07-24T11:48:57.602571+08:00
2882,2019-10-17,-78000.0,4757000.0,19498.0,4698498.0,23066.0,521.0,293.0,42.0,,2026-07-24T11:48:57.602571+08:00
2882,2019-10-18,-495000.0,-723505.0,-27000.0,-1245505.0,22679.0,596.0,-387.0,75.0,,2026-07-24T11:48:57.602571+08:00
2882,2019-10-21,19000.0,-413000.0,-22000.0,-416000.0,22773.0,611.0,94.0,15.0,,2026-07-24T11:48:57.602571+08:00
2882,2019-10-22,5000.0,3505291.0,0.0,3510291.0,22782.0,659.0,9.0,48.0,,2026-07-24T11:48:57.602571+08:00
2882,2019-10-23,-706000.0,-6666000.0,-53759.0,-7425759.0,23099.0,655.0,317.0,-4.0,,2026-07-24T11:48:57.602571+08:00
2882,2019-10-24,40000.0,-890206.0,0.0,-850206.0,23135.0,688.0,36.0,33.0,,2026-07-24T11:48:57.602571+08:00
2882,2019-10-25,148000.0,-1645466.0,-15607.0,-1513073.0,23144.0,691.0,9.0,3.0,,2026-07-24T11:48:57.602571+08:00
2882,2019-10-26,-268000.0,-1882000.0,146000.0,-2004000.0,,,,,,2026-07-24T11:48:57.602571+08:00
2882,2019-10-28,327000.0,-3784126.0,406000.0,-3051126.0,23164.0,748.0,,,,2026-07-24T11:48:57.602571+08:00
2882,2019-10-29,-783000.0,2407916.0,-10000.0,1614916.0,22730.0,778.0,-434.0,30.0,,2026-07-24T11:48:57.602571+08:00
2882,2019-10-30,11000.0,-7315709.0,0.0,-7304709.0,22557.0,951.0,-173.0,173.0,,2026-07-24T11:48:57.602571+08:00
2882,2019-10-31,55000.0,-3390249.0,-29000.0,-3364249.0,22583.0,948.0,26.0,-3.0,,2026-07-24T11:48:57.602571+08:00
2882,2019-11-01,225000.0,-7474406.0,96000.0,-7153406.0,22878.0,916.0,295.0,-32.0,,2026-07-24T11:48:57.602571+08:00
2882,2019-11-04,419000.0,5958133.0,-7000.0,6370133.0,22890.0,1057.0,12.0,141.0,,2026-07-24T11:48:57.602571+08:00
2882,2019-11-05,588000.0,7091918.0,-56000.0,7623918.0,23275.0,1213.0,385.0,156.0,,2026-07-24T11:48:57.602571+08:00
2882,2019-11-06,3678000.0,25305200.0,585000.0,29568200.0,25843.0,1926.0,2568.0,713.0,,2026-07-24T11:48:57.602571+08:00
2882,2019-11-07,-1980000.0,3297308.0,994000.0,2311308.0,28776.0,2003.0,2933.0,77.0,,2026-07-24T11:48:57.602571+08:00
2882,2019-11-08,-1453000.0,1897208.0,945000.0,1389208.0,27960.0,2032.0,-816.0,29.0,,2026-07-24T11:48:57.602571+08:00
2882,2019-11-11,-687000.0,5347928.0,40000.0,4700928.0,27286.0,1942.0,-674.0,-90.0,,2026-07-24T11:48:57.602571+08:00
2882,2019-11-12,-15000.0,-2056832.0,289000.0,-1782832.0,29409.0,2046.0,2123.0,104.0,,2026-07-24T11:48:57.602571+08:00
2882,2019-11-13,146000.0,-2673604.0,-4000.0,-2531604.0,28655.0,2005.0,-754.0,-41.0,,2026-07-24T11:48:57.602571+08:00
2882,2019-11-14,-249000.0,-922.0,25000.0,-224922.0,28598.0,2689.0,-57.0,684.0,,2026-07-24T11:48:57.602571+08:00
2882,2019-11-15,181000.0,-382600.0,0.0,-201600.0,28629.0,2992.0,31.0,303.0,,2026-07-24T11:48:57.602571+08:00
2882,2019-11-18,161000.0,1073699.0,559000.0,1793699.0,28680.0,3179.0,51.0,187.0,,2026-07-24T11:48:57.602571+08:00
2882,2019-11-19,-128000.0,-2247801.0,-103000.0,-2478801.0,28651.0,3673.0,-29.0,494.0,,2026-07-24T11:48:57.602571+08:00
2882,2019-11-20,-366000.0,-3739303.0,85000.0,-4020303.0,28426.0,3758.0,-225.0,85.0,,2026-07-24T11:48:57.602571+08:00
2882,2019-11-21,70000.0,-4615274.0,112703.0,-4432571.0,28186.0,3923.0,-240.0,165.0,,2026-07-24T11:48:57.602571+08:00
2882,2019-11-22,-88000.0,-457441.0,33000.0,-512441.0,27833.0,4054.0,-353.0,131.0,,2026-07-24T11:48:57.602571+08:00
2882,2019-11-25,4000.0,2359.0,248000.0,254359.0,28410.0,4392.0,577.0,338.0,,2026-07-24T11:48:57.602571+08:00
2882,2019-11-26,49000.0,-8550932.0,51000.0,-8450932.0,27984.0,5770.0,-426.0,1378.0,,2026-07-24T11:48:57.602571+08:00
2882,2019-11-27,481000.0,1315830.0,56000.0,1852830.0,28004.0,6082.0,20.0,312.0,,2026-07-24T11:48:57.602571+08:00
2882,2019-11-28,-202000.0,2169544.0,213213.0,2180757.0,28016.0,6296.0,12.0,214.0,,2026-07-24T11:48:57.602571+08:00
2882,2019-11-29,-158000.0,-4740763.0,13000.0,-4885763.0,27067.0,6363.0,-949.0,67.0,,2026-07-24T11:48:57.602571+08:00
2882,2019-12-02,-303000.0,1212647.0,91000.0,1000647.0,26971.0,6498.0,-96.0,135.0,,2026-07-24T11:48:57.602571+08:00
2882,2019-12-03,-457000.0,1909131.0,24000.0,1476131.0,27067.0,7673.0,96.0,1175.0,,2026-07-24T11:48:57.602571+08:00
2882,2019-12-04,-1607542.0,8125421.0,19000.0,6536879.0,27051.0,926.0,-16.0,-6747.0,,2026-07-24T11:48:57.602571+08:00
2882,2019-12-05,-1340817.0,3367877.0,39000.0,2066060.0,27453.0,577.0,402.0,-349.0,,2026-07-24T11:48:57.602571+08:00
2882,2019-12-06,-959000.0,-3131936.0,4000.0,-4086936.0,27318.0,406.0,-135.0,-171.0,,2026-07-24T11:48:57.602571+08:00
2882,2019-12-09,-643510.0,1507587.0,12000.0,876077.0,26155.0,246.0,-1163.0,-160.0,,2026-07-24T11:48:57.602571+08:00
2882,2019-12-10,-1188000.0,1605635.0,7000.0,424635.0,25875.0,223.0,-280.0,-23.0,,2026-07-24T11:48:57.602571+08:00
2882,2019-12-11,483000.0,13904356.0,17000.0,14404356.0,25645.0,226.0,-230.0,3.0,,2026-07-24T11:48:57.602571+08:00
2882,2019-12-12,-373000.0,10057141.0,148384.0,9832525.0,25478.0,214.0,-167.0,-12.0,,2026-07-24T11:48:57.602571+08:00
2882,2019-12-13,895000.0,10625451.0,18000.0,11538451.0,26293.0,226.0,815.0,12.0,,2026-07-24T11:48:57.602571+08:00
2882,2019-12-16,-424000.0,4559958.0,0.0,4135958.0,26162.0,235.0,-131.0,9.0,,2026-07-24T11:48:57.602571+08:00
2882,2019-12-17,7000.0,918006.0,30000.0,955006.0,25994.0,242.0,-168.0,7.0,,2026-07-24T11:48:57.602571+08:00
2882,2019-12-18,-220000.0,6313887.0,229000.0,6322887.0,26283.0,237.0,289.0,-5.0,,2026-07-24T11:48:57.602571+08:00
2882,2019-12-19,-139000.0,48159.0,-7000.0,-97841.0,26155.0,224.0,-128.0,-13.0,,2026-07-24T11:48:57.602571+08:00
2882,2019-12-20,8000.0,2926739.0,571000.0,3505739.0,25582.0,222.0,-573.0,-2.0,,2026-07-24T11:48:57.602571+08:00
2882,2019-12-23,44000.0,1685347.0,-142000.0,1587347.0,25191.0,222.0,-391.0,0.0,,2026-07-24T11:48:57.602571+08:00
2882,2019-12-24,-4000.0,-147781.0,0.0,-151781.0,25120.0,226.0,-71.0,4.0,,2026-07-24T11:48:57.602571+08:00
2882,2019-12-25,542000.0,-1067068.0,-127905.0,-652973.0,25065.0,227.0,-55.0,1.0,,2026-07-24T11:48:57.602571+08:00
2882,2019-12-26,143000.0,884881.0,7000.0,1034881.0,24548.0,217.0,-517.0,-10.0,,2026-07-24T11:48:57.602571+08:00
2882,2019-12-27,30000.0,2423359.0,0.0,2453359.0,23874.0,208.0,-674.0,-9.0,,2026-07-24T11:48:57.602571+08:00
2882,2019-12-30,51685.0,-1477402.0,-751772.0,-2177489.0,23866.0,187.0,-8.0,-21.0,,2026-07-24T11:48:57.602571+08:00
2882,2019-12-31,-8000.0,-1683000.0,60000.0,-1631000.0,23747.0,186.0,-119.0,-1.0,,2026-07-24T11:48:57.602571+08:00
2882,2020-01-02,152402.0,48390.0,-129050.0,71742.0,23452.0,194.0,-295.0,8.0,,2026-07-24T11:48:57.602571+08:00
2882,2020-01-03,-95000.0,2023113.0,23000.0,1951113.0,23657.0,199.0,205.0,5.0,,2026-07-24T11:48:57.602571+08:00
2882,2020-01-06,-230000.0,-6067797.0,45000.0,-6252797.0,23556.0,178.0,-101.0,-21.0,,2026-07-24T11:48:57.602571+08:00
2882,2020-01-07,-15234.0,337452.0,162000.0,484218.0,23654.0,169.0,98.0,-9.0,,2026-07-24T11:48:57.602571+08:00
2882,2020-01-08,119000.0,-2332579.0,-166000.0,-2379579.0,23702.0,155.0,48.0,-14.0,,2026-07-24T11:48:57.602571+08:00
2882,2020-01-09,47000.0,-1133906.0,694000.0,-392906.0,23677.0,150.0,-25.0,-5.0,,2026-07-24T11:48:57.602571+08:00
2882,2020-01-10,127000.0,-4718693.0,1004000.0,-3587693.0,24018.0,149.0,341.0,-1.0,,2026-07-24T11:48:57.602571+08:00
2882,2020-01-13,342000.0,7524038.0,514000.0,8380038.0,24505.0,151.0,487.0,2.0,,2026-07-24T11:48:57.602571+08:00
2882,2020-01-14,-133825.0,671653.0,611000.0,1148828.0,24830.0,149.0,325.0,-2.0,,2026-07-24T11:48:57.602571+08:00
2882,2020-01-15,-1120000.0,4957859.0,-10225.0,3827634.0,24718.0,150.0,-112.0,1.0,,2026-07-24T11:48:57.602571+08:00
2882,2020-01-16,-106000.0,5862766.0,-162000.0,5594766.0,24395.0,152.0,-323.0,2.0,,2026-07-24T11:48:57.602571+08:00
2882,2020-01-17,13000.0,5943993.0,4000.0,5960993.0,24612.0,150.0,217.0,-2.0,,2026-07-24T11:48:57.602571+08:00
2882,2020-01-20,176000.0,1432197.0,-241000.0,1367197.0,24617.0,150.0,5.0,0.0,,2026-07-24T11:48:57.602571+08:00
2882,2020-01-30,-645000.0,-21154672.0,287000.0,-21512672.0,24564.0,61.0,-53.0,-89.0,,2026-07-24T11:48:57.602571+08:00
2882,2020-01-31,14000.0,-9539749.0,189000.0,-9336749.0,24500.0,58.0,-64.0,-3.0,,2026-07-24T11:48:57.602571+08:00
2882,2020-02-03,98000.0,-5053654.0,161000.0,-4794654.0,23322.0,95.0,-1178.0,37.0,,2026-07-24T11:48:57.602571+08:00
2882,2020-02-04,62000.0,-3089680.0,-4000.0,-3031680.0,23187.0,100.0,-135.0,5.0,,2026-07-24T11:48:57.602571+08:00
2882,2020-02-05,-319000.0,3304657.0,18000.0,3003657.0,22825.0,99.0,-362.0,-1.0,,2026-07-24T11:48:57.602571+08:00
2882,2020-02-06,84000.0,3953151.0,414128.0,4451279.0,22477.0,102.0,-348.0,3.0,,2026-07-24T11:48:57.602571+08:00
2882,2020-02-07,20000.0,-2862336.0,14000.0,-2828336.0,22470.0,104.0,-7.0,2.0,,2026-07-24T11:48:57.602571+08:00
2882,2020-02-10,172000.0,709000.0,0.0,881000.0,22405.0,118.0,-65.0,14.0,,2026-07-24T11:48:57.602571+08:00
2882,2020-02-11,391000.0,-424440.0,-37272.0,-70712.0,22381.0,156.0,-24.0,38.0,,2026-07-24T11:48:57.602571+08:00
2882,2020-02-12,209000.0,458732.0,62000.0,729732.0,22249.0,169.0,-132.0,13.0,,2026-07-24T11:48:57.602571+08:00
2882,2020-02-13,-327000.0,-2590512.0,92000.0,-2825512.0,22681.0,150.0,432.0,-19.0,,2026-07-24T11:48:57.602571+08:00
2882,2020-02-14,11000.0,-1259190.0,63000.0,-1185190.0,22898.0,156.0,217.0,6.0,,2026-07-24T11:48:57.602571+08:00
2882,2020-02-17,-1000.0,-644000.0,8000.0,-637000.0,22827.0,146.0,-71.0,-10.0,,2026-07-24T11:48:57.602571+08:00
2882,2020-02-18,-91000.0,-2166000.0,120000.0,-2137000.0,22977.0,156.0,150.0,10.0,,2026-07-24T11:48:57.602571+08:00
2882,2020-02-19,268000.0,890950.0,-137000.0,1021950.0,22626.0,150.0,-351.0,-6.0,,2026-07-24T11:48:57.602571+08:00
2882,2020-02-20,-196000.0,-2825144.0,12000.0,-3009144.0,22421.0,153.0,-205.0,3.0,,2026-07-24T11:48:57.602571+08:00
2882,2020-02-21,-86000.0,-3763146.0,87000.0,-3762146.0,22583.0,145.0,162.0,-8.0,,2026-07-24T11:48:57.602571+08:00
2882,2020-02-24,-54000.0,-10934517.0,415000.0,-10573517.0,22781.0,127.0,198.0,-18.0,,2026-07-24T11:48:57.602571+08:00
2882,2020-02-25,67000.0,-3009827.0,47000.0,-2895827.0,22817.0,132.0,36.0,5.0,,2026-07-24T11:48:57.602571+08:00
2882,2020-02-26,-49000.0,-5396000.0,235000.0,-5210000.0,22827.0,129.0,10.0,-3.0,,2026-07-24T11:48:57.602571+08:00
2882,2020-02-27,-512071.0,-8480019.0,135673.0,-8856417.0,22648.0,113.0,-179.0,-16.0,,2026-07-24T11:48:57.602571+08:00
2882,2020-03-02,59000.0,-20768835.0,156000.0,-20553835.0,23115.0,83.0,467.0,-30.0,,2026-07-24T11:48:57.602571+08:00
2882,2020-03-03,-2000.0,-8880853.0,69000.0,-8813853.0,23765.0,129.0,650.0,46.0,,2026-07-24T11:48:57.602571+08:00
2882,2020-03-04,-142000.0,-2444709.0,164000.0,-2422709.0,23522.0,139.0,-243.0,10.0,,2026-07-24T11:48:57.602571+08:00
2882,2020-03-05,77000.0,-43361.0,0.0,33639.0,23442.0,153.0,-80.0,14.0,,2026-07-24T11:48:57.602571+08:00
2882,2020-03-06,-413000.0,-24870785.0,12000.0,-25271785.0,23492.0,140.0,50.0,-13.0,,2026-07-24T11:48:57.602571+08:00
2882,2020-03-09,-200000.0,-31968144.0,724000.0,-31444144.0,23879.0,276.0,387.0,136.0,,2026-07-24T11:48:57.602571+08:00
2882,2020-03-10,842000.0,-991897.0,14000.0,-135897.0,23811.0,297.0,-68.0,21.0,,2026-07-24T11:48:57.602571+08:00
2882,2020-03-11,-1331000.0,-13042039.0,10214.0,-14362825.0,23678.0,319.0,-133.0,22.0,,2026-07-24T11:48:57.602571+08:00
2882,2020-03-12,-421000.0,-22855971.0,92000.0,-23184971.0,23289.0,220.0,-389.0,-99.0,,2026-07-24T11:48:57.602571+08:00
2882,2020-03-13,16000.0,-10524232.0,55000.0,-10453232.0,22297.0,506.0,-992.0,286.0,,2026-07-24T11:48:57.602571+08:00
2882,2020-03-16,-2674000.0,-10480957.0,-8000.0,-13162957.0,22397.0,953.0,100.0,447.0,,2026-07-24T11:48:57.602571+08:00
2882,2020-03-17,-1135000.0,-9570505.0,72000.0,-10633505.0,22524.0,583.0,127.0,-370.0,,2026-07-24T11:48:57.602571+08:00
2882,2020-03-18,-1217990.0,-11045213.0,84000.0,-12179203.0,22506.0,1088.0,-18.0,505.0,,2026-07-24T11:48:57.602571+08:00
2882,2020-03-19,-402489.0,6635237.0,-111508.0,6121240.0,20961.0,1178.0,-1545.0,90.0,,2026-07-24T11:48:57.602571+08:00
2882,2020-03-20,-640000.0,-5262066.0,-5125482.0,-11027548.0,21765.0,1041.0,804.0,-137.0,,2026-07-24T11:48:57.602571+08:00
2882,2020-03-23,-222000.0,-550302.0,-30224.0,-802526.0,21771.0,979.0,6.0,-62.0,,2026-07-24T11:48:57.602571+08:00
2882,2020-03-24,-616000.0,494801.0,0.0,-121199.0,22267.0,960.0,496.0,-19.0,,2026-07-24T11:48:57.602571+08:00
2882,2020-03-25,-419000.0,2306331.0,-114000.0,1773331.0,21825.0,838.0,-442.0,-122.0,,2026-07-24T11:48:57.602571+08:00
2882,2020-03-26,-169740.0,3502269.0,20458.0,3352987.0,21545.0,788.0,-280.0,-50.0,,2026-07-24T11:48:57.602571+08:00
2882,2020-03-27,-409000.0,4346771.0,9000.0,3946771.0,20843.0,588.0,-702.0,-200.0,,2026-07-24T11:48:57.602571+08:00
2882,2020-03-30,-257000.0,1196128.0,0.0,939128.0,21104.0,517.0,261.0,-71.0,,2026-07-24T11:48:57.602571+08:00
2882,2020-03-31,-10000.0,-10271600.0,0.0,-10281600.0,21202.0,371.0,98.0,-146.0,,2026-07-24T11:48:57.602571+08:00
2882,2020-04-01,-125000.0,-2196567.0,15000.0,-2306567.0,20985.0,281.0,-217.0,-90.0,,2026-07-24T11:48:57.602571+08:00
2882,2020-04-06,84000.0,-4152051.0,44000.0,-4024051.0,21474.0,1.0,489.0,-280.0,,2026-07-24T11:48:57.602571+08:00
2882,2020-04-07,57000.0,568256.0,0.0,625256.0,21652.0,0.0,178.0,-1.0,,2026-07-24T11:48:57.602571+08:00
2882,2020-04-08,-363000.0,2435381.0,0.0,2072381.0,21591.0,0.0,-61.0,0.0,,2026-07-24T11:48:57.602571+08:00
2882,2020-04-09,44000.0,1753537.0,7000.0,1804537.0,21646.0,0.0,55.0,0.0,,2026-07-24T11:48:57.602571+08:00
2882,2020-04-10,464000.0,8938000.0,23000.0,9425000.0,21730.0,192.0,84.0,192.0,,2026-07-24T11:48:57.602571+08:00
2882,2020-04-13,-905000.0,-4273000.0,-25339.0,-5203339.0,21997.0,169.0,267.0,-23.0,,2026-07-24T11:48:57.602571+08:00
2882,2020-04-14,30000.0,1143022.0,23000.0,1196022.0,22529.0,225.0,532.0,56.0,,2026-07-24T11:48:57.602571+08:00
2882,2020-04-15,-266000.0,804492.0,0.0,538492.0,22489.0,249.0,-40.0,24.0,,2026-07-24T11:48:57.602571+08:00
2882,2020-04-16,-167000.0,-4239512.0,-7000.0,-4413512.0,22180.0,286.0,-309.0,37.0,,2026-07-24T11:48:57.602571+08:00
2882,2020-04-17,-17000.0,9622189.0,-1000.0,9604189.0,21411.0,309.0,-769.0,23.0,,2026-07-24T11:48:57.602571+08:00
2882,2020-04-20,-121000.0,240240.0,16000.0,135240.0,21135.0,335.0,-276.0,26.0,,2026-07-24T11:48:57.602571+08:00
2882,2020-04-21,-507000.0,-6674276.0,-12000.0,-7193276.0,20852.0,369.0,-283.0,34.0,,2026-07-24T11:48:57.602571+08:00
2882,2020-04-22,-177000.0,-1105000.0,-9000.0,-1291000.0,21301.0,383.0,449.0,14.0,,2026-07-24T11:48:57.602571+08:00
2882,2020-04-23,57000.0,-1233332.0,47000.0,-1129332.0,21222.0,375.0,-79.0,-8.0,,2026-07-24T11:48:57.602571+08:00
2882,2020-04-24,-20000.0,-2296681.0,63000.0,-2253681.0,21436.0,397.0,214.0,22.0,,2026-07-24T11:48:57.602571+08:00
2882,2020-04-27,124000.0,8885059.0,31000.0,9040059.0,21140.0,449.0,-296.0,52.0,,2026-07-24T11:48:57.602571+08:00
2882,2020-04-28,-161000.0,-748443.0,11000.0,-898443.0,21345.0,462.0,205.0,13.0,,2026-07-24T11:48:57.602571+08:00
2882,2020-04-29,-504000.0,8615458.0,56000.0,8167458.0,20576.0,545.0,-769.0,83.0,,2026-07-24T11:48:57.602571+08:00
2882,2020-04-30,-346000.0,13794575.0,78000.0,13526575.0,20041.0,688.0,-535.0,143.0,,2026-07-24T11:48:57.602571+08:00
2882,2020-05-04,-351000.0,-16013158.0,86000.0,-16278158.0,20323.0,553.0,282.0,-135.0,,2026-07-24T11:48:57.602571+08:00
2882,2020-05-05,-140000.0,-4930000.0,23492.0,-5046508.0,20330.0,582.0,7.0,29.0,,2026-07-24T11:48:57.602571+08:00
2882,2020-05-06,-406000.0,-3586769.0,12000.0,-3980769.0,19650.0,580.0,-680.0,-2.0,,2026-07-24T11:48:57.602571+08:00
2882,2020-05-07,65000.0,75000.0,62000.0,202000.0,19181.0,630.0,-469.0,50.0,,2026-07-24T11:48:57.602571+08:00
2882,2020-05-08,-135000.0,2215284.0,11000.0,2091284.0,19382.0,635.0,201.0,5.0,,2026-07-24T11:48:57.602571+08:00
2882,2020-05-11,277000.0,3587918.0,23000.0,3887918.0,18967.0,671.0,-415.0,36.0,,2026-07-24T11:48:57.602571+08:00
2882,2020-05-12,-189000.0,-3017317.0,0.0,-3206317.0,19008.0,697.0,41.0,26.0,,2026-07-24T11:48:57.602571+08:00
2882,2020-05-13,8000.0,-2074541.0,42000.0,-2024541.0,19078.0,663.0,70.0,-34.0,,2026-07-24T11:48:57.602571+08:00
2882,2020-05-14,-34000.0,-3164119.0,88000.0,-3110119.0,18769.0,728.0,-309.0,65.0,,2026-07-24T11:48:57.602571+08:00
2882,2020-05-15,-291047.0,-2523582.0,0.0,-2814629.0,18625.0,729.0,-144.0,1.0,,2026-07-24T11:48:57.602571+08:00
2882,2020-05-18,35000.0,-2087000.0,0.0,-2052000.0,18720.0,757.0,95.0,28.0,,2026-07-24T11:48:57.602571+08:00
2882,2020-05-19,145000.0,4038075.0,0.0,4183075.0,18493.0,732.0,-227.0,-25.0,,2026-07-24T11:48:57.602571+08:00
2882,2020-05-20,358000.0,4175157.0,23000.0,4556157.0,17759.0,681.0,-734.0,-51.0,,2026-07-24T11:48:57.602571+08:00
2882,2020-05-21,3000.0,2523866.0,0.0,2526866.0,18192.0,693.0,433.0,12.0,,2026-07-24T11:48:57.602571+08:00
2882,2020-05-22,-252000.0,-8811097.0,7000.0,-9056097.0,18356.0,666.0,164.0,-27.0,,2026-07-24T11:48:57.602571+08:00
2882,2020-05-25,60000.0,-3592000.0,34597.0,-3497403.0,17949.0,643.0,-407.0,-23.0,,2026-07-24T11:48:57.602571+08:00
2882,2020-05-26,424000.0,17475000.0,-30000.0,17869000.0,17117.0,674.0,-832.0,31.0,,2026-07-24T11:48:57.602571+08:00
2882,2020-05-27,-199000.0,3460648.0,0.0,3261648.0,17384.0,695.0,267.0,21.0,,2026-07-24T11:48:57.602571+08:00
2882,2020-05-28,-74000.0,-11395270.0,0.0,-11469270.0,17367.0,666.0,-17.0,-29.0,,2026-07-24T11:48:57.602571+08:00
2882,2020-05-29,297000.0,-2868605.0,42000.0,-2529605.0,17259.0,705.0,-108.0,39.0,,2026-07-24T11:48:57.602571+08:00
2882,2020-06-01,-175000.0,4794540.0,-24000.0,4595540.0,17006.0,671.0,-253.0,-34.0,,2026-07-24T11:48:57.602571+08:00
2882,2020-06-02,-60000.0,-3060824.0,0.0,-3120824.0,16636.0,680.0,-370.0,9.0,,2026-07-24T11:48:57.602571+08:00
2882,2020-06-03,2024000.0,14157469.0,-27000.0,16154469.0,14959.0,622.0,-1677.0,-58.0,,2026-07-24T11:48:57.602571+08:00
2882,2020-06-04,-561000.0,-336635.0,0.0,-897635.0,14681.0,648.0,-278.0,26.0,,2026-07-24T11:48:57.602571+08:00
2882,2020-06-05,146000.0,3824129.0,0.0,3970129.0,14284.0,631.0,-397.0,-17.0,,2026-07-24T11:48:57.602571+08:00
2882,2020-06-08,110000.0,6345442.0,-93000.0,6362442.0,14163.0,593.0,-121.0,-38.0,,2026-07-24T11:48:57.602571+08:00
2882,2020-06-09,71000.0,6024505.0,-9000.0,6086505.0,13932.0,590.0,-231.0,-3.0,,2026-07-24T11:48:57.602571+08:00
2882,2020-06-10,76000.0,11238047.0,-40000.0,11274047.0,14152.0,611.0,220.0,21.0,,2026-07-24T11:48:57.602571+08:00
2882,2020-06-11,-251000.0,-11553226.0,-31000.0,-11835226.0,14600.0,579.0,448.0,-32.0,,2026-07-24T11:48:57.602571+08:00
2882,2020-06-12,182000.0,-2448251.0,-48000.0,-2314251.0,14739.0,670.0,139.0,91.0,,2026-07-24T11:48:57.602571+08:00
2882,2020-06-15,164000.0,-470585.0,-6000.0,-312585.0,14061.0,705.0,-678.0,35.0,,2026-07-24T11:48:57.602571+08:00
2882,2020-06-16,366000.0,5500904.0,2167405.0,8034309.0,14014.0,681.0,-47.0,-24.0,,2026-07-24T11:48:57.602571+08:00
2882,2020-06-17,-449000.0,7461387.0,3711000.0,10723387.0,14009.0,642.0,-5.0,-39.0,,2026-07-24T11:48:57.602571+08:00
2882,2020-06-18,340000.0,-1941137.0,2395000.0,793863.0,13943.0,552.0,-66.0,-90.0,,2026-07-24T11:48:57.602571+08:00
2882,2020-06-19,445000.0,1342446.0,-91000.0,1696446.0,13726.0,504.0,-217.0,-48.0,,2026-07-24T11:48:57.602571+08:00
2882,2020-06-22,482000.0,4985922.0,3000.0,5470922.0,13665.0,256.0,-61.0,-248.0,,2026-07-24T11:48:57.602571+08:00
2882,2020-06-23,685000.0,7956153.0,145000.0,8786153.0,13271.0,16.0,-394.0,-240.0,,2026-07-24T11:48:57.602571+08:00
2882,2020-06-24,327000.0,3484096.0,66000.0,3877096.0,12143.0,0.0,-1128.0,-16.0,,2026-07-24T11:48:57.602571+08:00
2882,2020-06-29,432000.0,-486566.0,0.0,-54566.0,12334.0,0.0,191.0,0.0,,2026-07-24T11:48:57.602571+08:00
2882,2020-06-30,1681000.0,-2736632.0,0.0,-1055632.0,13220.0,0.0,886.0,0.0,,2026-07-24T11:48:57.602571+08:00
2882,2020-07-01,-1545000.0,1436585.0,-39000.0,-147415.0,13369.0,290.0,149.0,290.0,,2026-07-24T11:48:57.602571+08:00
2882,2020-07-02,-14000.0,-2915758.0,-23000.0,-2952758.0,13437.0,290.0,68.0,0.0,,2026-07-24T11:48:57.602571+08:00
2882,2020-07-03,288000.0,4857154.0,-57000.0,5088154.0,13353.0,313.0,-84.0,23.0,,2026-07-24T11:48:57.602571+08:00
2882,2020-07-06,-35000.0,10272644.0,-97000.0,10140644.0,12924.0,324.0,-429.0,11.0,,2026-07-24T11:48:57.602571+08:00
2882,2020-07-07,-218000.0,-1974747.0,-59000.0,-2251747.0,12615.0,319.0,-309.0,-5.0,,2026-07-24T11:48:57.602571+08:00
2882,2020-07-08,481000.0,-315668.0,-68000.0,97332.0,12526.0,327.0,-89.0,8.0,,2026-07-24T11:48:57.602571+08:00
2882,2020-07-09,-29000.0,-2055895.0,-137000.0,-2221895.0,12494.0,315.0,-32.0,-12.0,,2026-07-24T11:48:57.602571+08:00
2882,2020-07-10,-51000.0,-1690942.0,-56787.0,-1798729.0,12183.0,302.0,-311.0,-13.0,,2026-07-24T11:48:57.602571+08:00
2882,2020-07-13,-37000.0,5754229.0,235000.0,5952229.0,12261.0,327.0,78.0,25.0,,2026-07-24T11:48:57.602571+08:00
2882,2020-07-14,-183000.0,3189377.0,341000.0,3347377.0,12143.0,329.0,-118.0,2.0,,2026-07-24T11:48:57.602571+08:00
2882,2020-07-15,63000.0,3663479.0,381167.0,4107646.0,11686.0,342.0,-457.0,13.0,,2026-07-24T11:48:57.602571+08:00
2882,2020-07-16,-46000.0,1482028.0,1379000.0,2815028.0,11561.0,345.0,-125.0,3.0,,2026-07-24T11:48:57.602571+08:00
2882,2020-07-17,-1975000.0,1444274.0,1714000.0,1183274.0,11382.0,345.0,-179.0,0.0,,2026-07-24T11:48:57.602571+08:00
2882,2020-07-20,-2705000.0,3261407.0,358000.0,914407.0,11500.0,335.0,118.0,-10.0,,2026-07-24T11:48:57.602571+08:00
2882,2020-07-21,172000.0,-1258832.0,591000.0,-495832.0,12146.0,328.0,646.0,-7.0,,2026-07-24T11:48:57.602571+08:00
2882,2020-07-22,25000.0,2754361.0,-143444.0,2635917.0,12708.0,326.0,562.0,-2.0,,2026-07-24T11:48:57.602571+08:00
2882,2020-07-23,-345000.0,-1944704.0,359000.0,-1930704.0,12454.0,329.0,-254.0,3.0,,2026-07-24T11:48:57.602571+08:00
2882,2020-07-24,-250000.0,1387691.0,122000.0,1259691.0,12096.0,78.0,-358.0,-251.0,,2026-07-24T11:48:57.602571+08:00
2882,2020-07-27,-1909000.0,-3460313.0,426147.0,-4943166.0,12299.0,174.0,203.0,96.0,,2026-07-24T11:48:57.602571+08:00
2882,2020-07-28,16000.0,-4803026.0,424000.0,-4363026.0,12407.0,195.0,108.0,21.0,,2026-07-24T11:48:57.602571+08:00
2882,2020-07-29,-1268000.0,3929826.0,183000.0,2844826.0,12555.0,211.0,148.0,16.0,,2026-07-24T11:48:57.602571+08:00
2882,2020-07-30,-85000.0,-7867425.0,499000.0,-7453425.0,13145.0,209.0,590.0,-2.0,,2026-07-24T11:48:57.602571+08:00
2882,2020-07-31,106000.0,-10997194.0,105000.0,-10786194.0,13647.0,227.0,502.0,18.0,,2026-07-24T11:48:57.602571+08:00
2882,2020-08-03,598000.0,-11394424.0,37000.0,-10759424.0,14139.0,256.0,492.0,29.0,,2026-07-24T11:48:57.602571+08:00
2882,2020-08-04,-156000.0,1810234.0,787000.0,2441234.0,14042.0,298.0,-97.0,42.0,,2026-07-24T11:48:57.602571+08:00
2882,2020-08-05,-364000.0,158683.0,908142.0,702825.0,13811.0,299.0,-231.0,1.0,,2026-07-24T11:48:57.602571+08:00
2882,2020-08-06,-53000.0,5599890.0,210000.0,5756890.0,13570.0,315.0,-241.0,16.0,,2026-07-24T11:48:57.602571+08:00
2882,2020-08-07,72000.0,-2445855.0,-46000.0,-2419855.0,13822.0,317.0,252.0,2.0,,2026-07-24T11:48:57.602571+08:00
2882,2020-08-10,439000.0,6580000.0,77000.0,7096000.0,13785.0,325.0,-37.0,8.0,,2026-07-24T11:48:57.602571+08:00
2882,2020-08-11,-458000.0,-2639190.0,55000.0,-3042190.0,14035.0,315.0,250.0,-10.0,,2026-07-24T11:48:57.602571+08:00
2882,2020-08-12,-678000.0,10691165.0,151000.0,10164165.0,13766.0,305.0,-269.0,-10.0,,2026-07-24T11:48:57.602571+08:00
2882,2020-08-13,-197000.0,10390762.0,95000.0,10288762.0,13187.0,311.0,-579.0,6.0,,2026-07-24T11:48:57.602571+08:00
2882,2020-08-14,-104000.0,-271407.0,0.0,-375407.0,13401.0,314.0,214.0,3.0,,2026-07-24T11:48:57.602571+08:00
2882,2020-08-17,163000.0,5436353.0,-34000.0,5565353.0,13266.0,312.0,-135.0,-2.0,,2026-07-24T11:48:57.602571+08:00
2882,2020-08-18,-220000.0,1558755.0,-68000.0,1270755.0,13323.0,290.0,57.0,-22.0,,2026-07-24T11:48:57.602571+08:00
2882,2020-08-19,-61000.0,5897262.0,-21075.0,5815187.0,13592.0,285.0,269.0,-5.0,,2026-07-24T11:48:57.602571+08:00
2882,2020-08-20,-210000.0,-6576436.0,41000.0,-6745436.0,13718.0,443.0,126.0,158.0,,2026-07-24T11:48:57.602571+08:00
2882,2020-08-21,-82000.0,-1551000.0,800000.0,-833000.0,13468.0,553.0,-250.0,110.0,,2026-07-24T11:48:57.602571+08:00
2882,2020-08-24,44000.0,146956.0,363292.0,554248.0,13475.0,555.0,7.0,2.0,,2026-07-24T11:48:57.602571+08:00
2882,2020-08-25,393000.0,3715932.0,0.0,4108932.0,14004.0,568.0,529.0,13.0,,2026-07-24T11:48:57.602571+08:00
2882,2020-08-26,-249000.0,-758826.0,133926.0,-873900.0,14207.0,553.0,203.0,-15.0,,2026-07-24T11:48:57.602571+08:00
2882,2020-08-27,-84000.0,-2084967.0,-300000.0,-2468967.0,13931.0,528.0,-276.0,-25.0,,2026-07-24T11:48:57.602571+08:00
2882,2020-08-28,-58000.0,-2292236.0,7000.0,-2343236.0,14198.0,530.0,267.0,2.0,,2026-07-24T11:48:57.602571+08:00
2882,2020-08-31,-163000.0,-2998665.0,14002.0,-3147663.0,14107.0,530.0,-91.0,0.0,,2026-07-24T11:48:57.602571+08:00
2882,2020-09-01,-151000.0,-2538787.0,1004142.0,-1685645.0,13969.0,531.0,-138.0,1.0,,2026-07-24T11:48:57.602571+08:00
2882,2020-09-02,-174000.0,-9325050.0,190000.0,-9309050.0,14205.0,341.0,236.0,-190.0,,2026-07-24T11:48:57.602571+08:00
2882,2020-09-03,-19000.0,2310738.0,-9927.0,2281811.0,14246.0,367.0,41.0,26.0,,2026-07-24T11:48:57.602571+08:00
2882,2020-09-04,-576000.0,-3724360.0,159000.0,-4141360.0,14326.0,366.0,80.0,-1.0,,2026-07-24T11:48:57.602571+08:00
2882,2020-09-07,-78000.0,-2045335.0,3000.0,-2120335.0,14424.0,369.0,98.0,3.0,,2026-07-24T11:48:57.602571+08:00
2882,2020-09-08,-39000.0,-1301338.0,147934.0,-1192404.0,14615.0,305.0,191.0,-64.0,,2026-07-24T11:48:57.602571+08:00
2882,2020-09-09,-265000.0,-2891655.0,287000.0,-2869655.0,14568.0,273.0,-47.0,-32.0,,2026-07-24T11:48:57.602571+08:00
2882,2020-09-10,100000.0,1999626.0,1000.0,2100626.0,14692.0,235.0,124.0,-38.0,,2026-07-24T11:48:57.602571+08:00
2882,2020-09-11,-79000.0,2023645.0,13000.0,1957645.0,14736.0,209.0,44.0,-26.0,,2026-07-24T11:48:57.602571+08:00
2882,2020-09-14,-182000.0,6381641.0,0.0,6199641.0,14206.0,211.0,-530.0,2.0,,2026-07-24T11:48:57.602571+08:00
2882,2020-09-15,-227000.0,4384890.0,-9360.0,4148530.0,14356.0,321.0,150.0,110.0,,2026-07-24T11:48:57.602571+08:00
2882,2020-09-16,-329000.0,8390000.0,185000.0,8246000.0,14078.0,352.0,-278.0,31.0,,2026-07-24T11:48:57.602571+08:00
2882,2020-09-17,-1953000.0,-4261138.0,-23724.0,-6237862.0,14437.0,396.0,359.0,44.0,,2026-07-24T11:48:57.602571+08:00
2882,2020-09-18,-75000.0,-1786538.0,-230000.0,-2091538.0,14711.0,379.0,274.0,-17.0,,2026-07-24T11:48:57.602571+08:00
2882,2020-09-21,-233957.0,-9051052.0,-4048.0,-9289057.0,15104.0,514.0,393.0,135.0,,2026-07-24T11:48:57.602571+08:00
2882,2020-09-22,-427000.0,-3820441.0,-49950.0,-4297391.0,15152.0,613.0,48.0,99.0,,2026-07-24T11:48:57.602571+08:00
2882,2020-09-23,-1337000.0,-3233565.0,96824.0,-4473741.0,15157.0,672.0,5.0,59.0,,2026-07-24T11:48:57.602571+08:00
2882,2020-09-24,-269000.0,-17702999.0,267000.0,-17704999.0,15471.0,919.0,314.0,247.0,,2026-07-24T11:48:57.602571+08:00
2882,2020-09-25,-344000.0,1336950.0,354000.0,1346950.0,15338.0,900.0,-133.0,-19.0,,2026-07-24T11:48:57.602571+08:00
2882,2020-09-28,-465000.0,3412078.0,0.0,2947078.0,15396.0,784.0,58.0,-116.0,,2026-07-24T11:48:57.602571+08:00
2882,2020-09-29,-322000.0,2335848.0,0.0,2013848.0,15209.0,769.0,-187.0,-15.0,,2026-07-24T11:48:57.602571+08:00
2882,2020-09-30,-301000.0,2232783.0,-95000.0,1836783.0,15161.0,829.0,-48.0,60.0,,2026-07-24T11:48:57.602571+08:00
2882,2020-10-05,-325000.0,-2147121.0,0.0,-2472121.0,15332.0,786.0,171.0,-43.0,,2026-07-24T11:48:57.602571+08:00
2882,2020-10-06,-283000.0,105262.0,20000.0,-157738.0,15393.0,770.0,61.0,-16.0,,2026-07-24T11:48:57.602571+08:00
2882,2020-10-07,-221000.0,-1940407.0,-7000.0,-2168407.0,15330.0,790.0,-63.0,20.0,,2026-07-24T11:48:57.602571+08:00
2882,2020-10-08,-305000.0,-5233100.0,-146000.0,-5684100.0,15412.0,668.0,82.0,-122.0,,2026-07-24T11:48:57.602571+08:00
2882,2020-10-12,-433000.0,1071653.0,-49000.0,589653.0,15279.0,631.0,-133.0,-37.0,,2026-07-24T11:48:57.602571+08:00
2882,2020-10-13,-284000.0,-4411715.0,-7000.0,-4702715.0,15375.0,723.0,96.0,92.0,,2026-07-24T11:48:57.602571+08:00
2882,2020-10-14,-430000.0,-2409719.0,0.0,-2839719.0,15589.0,622.0,214.0,-101.0,,2026-07-24T11:48:57.602571+08:00
2882,2020-10-15,-231000.0,-8223974.0,-70000.0,-8524974.0,15589.0,592.0,0.0,-30.0,,2026-07-24T11:48:57.602571+08:00
2882,2020-10-16,-143000.0,-4632268.0,-23000.0,-4798268.0,15526.0,588.0,-63.0,-4.0,,2026-07-24T11:48:57.602571+08:00
2882,2020-10-19,-202000.0,1176920.0,0.0,974920.0,15571.0,589.0,45.0,1.0,,2026-07-24T11:48:57.602571+08:00
2882,2020-10-20,-242000.0,-2928205.0,0.0,-3170205.0,15216.0,590.0,-355.0,1.0,,2026-07-24T11:48:57.602571+08:00
2882,2020-10-21,-1447000.0,-581719.0,241000.0,-1787719.0,15123.0,578.0,-93.0,-12.0,,2026-07-24T11:48:57.602571+08:00
2882,2020-10-22,-200000.0,1751573.0,1000.0,1552573.0,14992.0,499.0,-131.0,-79.0,,2026-07-24T11:48:57.602571+08:00
2882,2020-10-23,-96000.0,-2257320.0,459000.0,-1894320.0,14853.0,491.0,-139.0,-8.0,,2026-07-24T11:48:57.602571+08:00
2882,2020-10-26,-121114.0,1009120.0,0.0,888006.0,14770.0,437.0,-83.0,-54.0,,2026-07-24T11:48:57.602571+08:00
2882,2020-10-27,-134000.0,-3022600.0,0.0,-3156600.0,14937.0,360.0,167.0,-77.0,,2026-07-24T11:48:57.602571+08:00
2882,2020-10-28,-990838.0,-1059650.0,-25000.0,-2075488.0,14950.0,367.0,13.0,7.0,,2026-07-24T11:48:57.602571+08:00
2882,2020-10-29,54212.0,-12335804.0,-43000.0,-12324592.0,14998.0,190.0,48.0,-177.0,,2026-07-24T11:48:57.602571+08:00
2882,2020-10-30,-385000.0,-1517344.0,0.0,-1902344.0,14763.0,198.0,-235.0,8.0,,2026-07-24T11:48:57.602571+08:00
2882,2020-11-02,-21399.0,2131000.0,200000.0,2309601.0,14601.0,198.0,-162.0,0.0,,2026-07-24T11:48:57.602571+08:00
2882,2020-11-03,44000.0,3914407.0,2000.0,3960407.0,14435.0,135.0,-166.0,-63.0,,2026-07-24T11:48:57.602571+08:00
2882,2020-11-04,67000.0,6723763.0,43000.0,6833763.0,14459.0,121.0,24.0,-14.0,,2026-07-24T11:48:57.602571+08:00
2882,2020-11-05,23000.0,1588664.0,12000.0,1623664.0,14339.0,274.0,-120.0,153.0,,2026-07-24T11:48:57.602571+08:00
2882,2020-11-06,100000.0,3195200.0,-5000.0,3290200.0,14253.0,110.0,-86.0,-164.0,,2026-07-24T11:48:57.602571+08:00
2882,2020-11-09,241641.0,6684404.0,-166000.0,6760045.0,14201.0,107.0,-52.0,-3.0,,2026-07-24T11:48:57.602571+08:00
2882,2020-11-10,228892.0,17648671.0,1705000.0,19582563.0,13780.0,151.0,-421.0,44.0,,2026-07-24T11:48:57.602571+08:00
2882,2020-11-11,823000.0,21400307.0,1188000.0,23411307.0,13410.0,205.0,-370.0,54.0,,2026-07-24T11:48:57.602571+08:00
2882,2020-11-12,-269000.0,6436932.0,-200000.0,5967932.0,13372.0,165.0,-38.0,-40.0,,2026-07-24T11:48:57.602571+08:00
2882,2020-11-13,-28157.0,3376494.0,-188000.0,3160337.0,13399.0,165.0,27.0,0.0,,2026-07-24T11:48:57.602571+08:00
2882,2020-11-16,-16000.0,7275335.0,16000.0,7275335.0,13201.0,159.0,-198.0,-6.0,,2026-07-24T11:48:57.602571+08:00
2882,2020-11-17,208000.0,14798154.0,1993108.0,16999262.0,15304.0,201.0,2103.0,42.0,,2026-07-24T11:48:57.602571+08:00
2882,2020-11-18,-206000.0,13450456.0,-462000.0,12782456.0,15330.0,252.0,26.0,51.0,,2026-07-24T11:48:57.602571+08:00
2882,2020-11-19,-26000.0,4670663.0,-661000.0,3983663.0,15150.0,257.0,-180.0,5.0,,2026-07-24T11:48:57.602571+08:00
2882,2020-11-20,-233120.0,-3697193.0,-152000.0,-4082313.0,15387.0,268.0,237.0,11.0,,2026-07-24T11:48:57.602571+08:00
2882,2020-11-23,75455.0,4708659.0,-164000.0,4620114.0,15459.0,328.0,72.0,60.0,,2026-07-24T11:48:57.602571+08:00
2882,2020-11-24,88000.0,1113276.0,-497000.0,704276.0,15133.0,343.0,-326.0,15.0,,2026-07-24T11:48:57.602571+08:00
2882,2020-11-25,35383.0,4319944.0,5000.0,4360327.0,15207.0,351.0,74.0,8.0,,2026-07-24T11:48:57.602571+08:00
2882,2020-11-26,-71000.0,101880.0,-103000.0,-72120.0,15743.0,291.0,536.0,-60.0,,2026-07-24T11:48:57.602571+08:00
2882,2020-11-27,-74000.0,-3802942.0,6000.0,-3870942.0,16203.0,337.0,460.0,46.0,,2026-07-24T11:48:57.602571+08:00
2882,2020-11-30,30921.0,-17945154.0,-290000.0,-18204233.0,17173.0,276.0,970.0,-61.0,,2026-07-24T11:48:57.602571+08:00
2882,2020-12-01,43589.0,-4333457.0,-485000.0,-4774868.0,17077.0,213.0,-96.0,-63.0,,2026-07-24T11:48:57.602571+08:00
2882,2020-12-02,100157.0,-4455347.0,-467000.0,-4822190.0,17259.0,204.0,182.0,-9.0,,2026-07-24T11:48:57.602571+08:00
2882,2020-12-03,-18496.0,-9013501.0,-1317000.0,-10348997.0,17137.0,197.0,-122.0,-7.0,,2026-07-24T11:48:57.602571+08:00
2882,2020-12-04,183000.0,-4900400.0,-4008000.0,-8725400.0,16878.0,170.0,-259.0,-27.0,,2026-07-24T11:48:57.602571+08:00
2882,2020-12-07,-62689.0,-4989012.0,58000.0,-4993701.0,17419.0,154.0,541.0,-16.0,,2026-07-24T11:48:57.602571+08:00
2882,2020-12-08,-339229.0,4107597.0,-207000.0,3561368.0,17779.0,167.0,360.0,13.0,,2026-07-24T11:48:57.602571+08:00
2882,2020-12-09,39116.0,7072294.0,-213000.0,6898410.0,17401.0,182.0,-378.0,15.0,,2026-07-24T11:48:57.602571+08:00
2882,2020-12-10,-47314.0,17878789.0,-206000.0,17625475.0,16468.0,207.0,-933.0,25.0,,2026-07-24T11:48:57.602571+08:00
2882,2020-12-11,1135741.0,6425384.0,-223470.0,7337655.0,18218.0,217.0,1750.0,10.0,,2026-07-24T11:48:57.602571+08:00
2882,2020-12-14,-848000.0,-1675864.0,-276580.0,-2800444.0,17306.0,212.0,-912.0,-5.0,,2026-07-24T11:48:57.602571+08:00
2882,2020-12-15,-439262.0,-8187709.0,35490.0,-8591481.0,17221.0,193.0,-85.0,-19.0,,2026-07-24T11:48:57.602571+08:00
2882,2020-12-16,-347000.0,4698225.0,-266000.0,4085225.0,16987.0,196.0,-234.0,3.0,,2026-07-24T11:48:57.602571+08:00
2882,2020-12-17,-127000.0,175701.0,-264620.0,-215919.0,17027.0,205.0,40.0,9.0,,2026-07-24T11:48:57.602571+08:00
2882,2020-12-18,-62000.0,-2938428.0,17340.0,-2983088.0,17259.0,204.0,232.0,-1.0,,2026-07-24T11:48:57.602571+08:00
2882,2020-12-21,35094.0,4518699.0,-486000.0,4067793.0,16867.0,189.0,-392.0,-15.0,,2026-07-24T11:48:57.602571+08:00
2882,2020-12-22,-334000.0,-804024.0,-2500.0,-1140524.0,16610.0,192.0,-257.0,3.0,,2026-07-24T11:48:57.602571+08:00
2882,2020-12-23,-246000.0,-1231961.0,-100000.0,-1577961.0,16550.0,180.0,-60.0,-12.0,,2026-07-24T11:48:57.602571+08:00
2882,2020-12-24,14000.0,810126.0,207000.0,1031126.0,16411.0,178.0,-139.0,-2.0,,2026-07-24T11:48:57.602571+08:00
2882,2020-12-25,-328000.0,2002000.0,35000.0,1709000.0,16600.0,174.0,189.0,-4.0,,2026-07-24T11:48:57.602571+08:00
2882,2020-12-28,-339000.0,2069000.0,-65000.0,1665000.0,16819.0,183.0,219.0,9.0,,2026-07-24T11:48:57.602571+08:00
2882,2020-12-29,-117000.0,213511.0,-340700.0,-244189.0,16803.0,184.0,-16.0,1.0,,2026-07-24T11:48:57.602571+08:00
2882,2020-12-30,2611767.0,17705173.0,0.0,20316940.0,16751.0,192.0,-52.0,8.0,,2026-07-24T11:48:57.602571+08:00
2882,2020-12-31,-578000.0,1394115.0,66000.0,882115.0,18187.0,199.0,1436.0,7.0,,2026-07-24T11:48:57.602571+08:00
2882,2021-01-04,-832999.0,-951346.0,-425950.0,-2210295.0,18432.0,197.0,245.0,-2.0,,2026-07-24T11:48:57.602571+08:00
2882,2021-01-05,181999.0,-1108076.0,39530.0,-886547.0,18748.0,198.0,316.0,1.0,,2026-07-24T11:48:57.602571+08:00
2882,2021-01-06,-2061000.0,-5518119.0,-383793.0,-7962912.0,18220.0,241.0,-528.0,43.0,,2026-07-24T11:48:57.602571+08:00
2882,2021-01-07,987000.0,-3139561.0,-20650.0,-2173211.0,19613.0,245.0,1393.0,4.0,,2026-07-24T11:48:57.602571+08:00
2882,2021-01-08,7645792.0,8670328.0,-138400.0,16177720.0,21117.0,181.0,1504.0,-64.0,,2026-07-24T11:48:57.602571+08:00
2882,2021-01-11,-265437.0,-8549116.0,92050.0,-8722503.0,21121.0,174.0,4.0,-7.0,,2026-07-24T11:48:57.602571+08:00
2882,2021-01-12,-2610114.0,-700837.0,0.0,-3310951.0,20801.0,170.0,-320.0,-4.0,,2026-07-24T11:48:57.602571+08:00
2882,2021-01-13,47000.0,1110426.0,31000.0,1188426.0,20981.0,175.0,180.0,5.0,,2026-07-24T11:48:57.602571+08:00
2882,2021-01-14,-123000.0,1895740.0,-26000.0,1746740.0,21153.0,170.0,172.0,-5.0,,2026-07-24T11:48:57.602571+08:00
2882,2021-01-15,-309593.0,-2734957.0,57000.0,-2987550.0,21020.0,168.0,-133.0,-2.0,,2026-07-24T11:48:57.602571+08:00
2882,2021-01-18,-2148128.0,-2415965.0,58030.0,-4506063.0,22141.0,140.0,1121.0,-28.0,,2026-07-24T11:48:57.602571+08:00
2882,2021-01-19,-625000.0,1626120.0,106000.0,1107120.0,22191.0,132.0,50.0,-8.0,,2026-07-24T11:48:57.602571+08:00
2882,2021-01-20,-1880181.0,-19833966.0,-21632.0,-21735779.0,20703.0,127.0,-1488.0,-5.0,,2026-07-24T11:48:57.602571+08:00
2882,2021-01-21,-73571.0,-7948919.0,-365000.0,-8387490.0,20801.0,129.0,98.0,2.0,,2026-07-24T11:48:57.602571+08:00
2882,2021-01-22,291000.0,-8407718.0,22000.0,-8094718.0,20929.0,130.0,128.0,1.0,,2026-07-24T11:48:57.602571+08:00
2882,2021-01-25,234000.0,-3109273.0,-36700.0,-2911973.0,21063.0,152.0,134.0,22.0,,2026-07-24T11:48:57.602571+08:00
2882,2021-01-26,-22773.0,-17348172.0,54000.0,-17316945.0,21354.0,130.0,291.0,-22.0,,2026-07-24T11:48:57.602571+08:00
2882,2021-01-27,32000.0,-8004772.0,14000.0,-7958772.0,22345.0,433.0,991.0,303.0,,2026-07-24T11:48:57.602571+08:00
2882,2021-01-28,-100304.0,-13255002.0,98000.0,-13257306.0,22040.0,918.0,-305.0,485.0,,2026-07-24T11:48:57.602571+08:00
2882,2021-01-29,-194000.0,-19085856.0,7000.0,-19272856.0,22189.0,924.0,149.0,6.0,,2026-07-24T11:48:57.602571+08:00
2882,2021-02-01,-50000.0,-9104224.0,11000.0,-9143224.0,22309.0,928.0,120.0,4.0,,2026-07-24T11:48:57.602571+08:00
2882,2021-02-02,101000.0,-1814731.0,11000.0,-1702731.0,22416.0,925.0,107.0,-3.0,,2026-07-24T11:48:57.602571+08:00
2882,2021-02-03,-1274000.0,-4764496.0,0.0,-6038496.0,21932.0,674.0,-484.0,-251.0,,2026-07-24T11:48:57.602571+08:00
2882,2021-02-04,-109000.0,1846644.0,-102000.0,1635644.0,21893.0,674.0,-39.0,0.0,,2026-07-24T11:48:57.602571+08:00
2882,2021-02-05,-107000.0,-4183612.0,-336629.0,-4627241.0,20877.0,653.0,-1016.0,-21.0,,2026-07-24T11:48:57.602571+08:00
2882,2021-02-17,1327098.0,7189545.0,0.0,8516643.0,24508.0,181.0,3631.0,-472.0,,2026-07-24T11:48:57.602571+08:00
2882,2021-02-18,709000.0,4370010.0,57000.0,5136010.0,24821.0,184.0,313.0,3.0,,2026-07-24T11:48:57.602571+08:00
2882,2021-02-19,44905.0,-9559282.0,48000.0,-9466377.0,25121.0,173.0,300.0,-11.0,,2026-07-24T11:48:57.602571+08:00
2882,2021-02-22,-106577.0,534786.0,-187000.0,241209.0,24426.0,133.0,-695.0,-40.0,,2026-07-24T11:48:57.602571+08:00
2882,2021-02-23,387000.0,14389940.0,117000.0,14893940.0,24084.0,147.0,-342.0,14.0,,2026-07-24T11:48:57.602571+08:00
2882,2021-02-24,-653000.0,4431764.0,210000.0,3988764.0,23569.0,156.0,-515.0,9.0,,2026-07-24T11:48:57.602571+08:00
2882,2021-02-25,616741.0,22091220.0,2526000.0,25233961.0,24069.0,182.0,500.0,26.0,,2026-07-24T11:48:57.602571+08:00
2882,2021-02-26,115764.0,-36673824.0,960000.0,-35598060.0,23538.0,146.0,-531.0,-36.0,,2026-07-24T11:48:57.602571+08:00
2882,2021-03-02,-96845.0,-2503645.0,732000.0,-1868490.0,22928.0,146.0,-610.0,0.0,,2026-07-24T11:48:57.602571+08:00
2882,2021-03-03,1098000.0,-1004657.0,533000.0,626343.0,23612.0,162.0,684.0,16.0,,2026-07-24T11:48:57.602571+08:00
2882,2021-03-04,102570.0,-8450342.0,599000.0,-7748772.0,24110.0,139.0,498.0,-23.0,,2026-07-24T11:48:57.602571+08:00
2882,2021-03-05,594176.0,2646045.0,197000.0,3437221.0,22712.0,142.0,-1398.0,3.0,,2026-07-24T11:48:57.602571+08:00
2882,2021-03-08,762301.0,-480628.0,403000.0,684673.0,22861.0,151.0,149.0,9.0,,2026-07-24T11:48:57.602571+08:00
2882,2021-03-09,1397232.0,29723561.0,987000.0,32107793.0,28511.0,223.0,5650.0,72.0,,2026-07-24T11:48:57.602571+08:00
2882,2021-03-10,-835979.0,9122874.0,1344000.0,9630895.0,28491.0,276.0,-20.0,53.0,,2026-07-24T11:48:57.602571+08:00
2882,2021-03-11,315436.0,30390140.0,343000.0,31048576.0,28028.0,315.0,-463.0,39.0,,2026-07-24T11:48:57.602571+08:00
2882,2021-03-12,-56732.0,1620795.0,29000.0,1593063.0,27521.0,319.0,-507.0,4.0,,2026-07-24T11:48:57.602571+08:00
2882,2021-03-15,1291143.0,11698399.0,673000.0,13662542.0,25501.0,327.0,-2020.0,8.0,,2026-07-24T11:48:57.602571+08:00
2882,2021-03-16,-54000.0,-924640.0,45000.0,-933640.0,25075.0,313.0,-426.0,-14.0,,2026-07-24T11:48:57.602571+08:00
2882,2021-03-17,-992740.0,-86725.0,-305000.0,-1384465.0,23867.0,265.0,-1208.0,-48.0,,2026-07-24T11:48:57.602571+08:00
2882,2021-03-18,-47957.0,-3677054.0,-113000.0,-3838011.0,24231.0,281.0,364.0,16.0,,2026-07-24T11:48:57.602571+08:00
2882,2021-03-19,-675940.0,-9554891.0,1060630.0,-9170201.0,25292.0,198.0,1061.0,-83.0,,2026-07-24T11:48:57.602571+08:00
2882,2021-03-22,355520.0,9280503.0,-81000.0,9555023.0,25342.0,219.0,50.0,21.0,,2026-07-24T11:48:57.602571+08:00
2882,2021-03-23,42994.0,34305353.0,-31000.0,34317347.0,23445.0,252.0,-1897.0,33.0,,2026-07-24T11:48:57.602571+08:00
2882,2021-03-24,-844788.0,-3711146.0,-80000.0,-4635934.0,23471.0,189.0,26.0,-63.0,,2026-07-24T11:48:57.602571+08:00
2882,2021-03-25,179018.0,8217939.0,210000.0,8606957.0,24445.0,208.0,974.0,19.0,,2026-07-24T11:48:57.602571+08:00
2882,2021-03-26,2043044.0,9666298.0,687000.0,12396342.0,23996.0,202.0,-449.0,-6.0,,2026-07-24T11:48:57.602571+08:00
2882,2021-03-29,235000.0,-6793407.0,89000.0,-6469407.0,23109.0,143.0,-887.0,-59.0,,2026-07-24T11:48:57.602571+08:00
2882,2021-03-30,19000.0,-3149026.0,1515442.0,-1614584.0,21886.0,110.0,-1223.0,-33.0,,2026-07-24T11:48:57.602571+08:00
2882,2021-03-31,-177467.0,6157939.0,187801.0,6168273.0,20360.0,115.0,-1526.0,5.0,,2026-07-24T11:48:57.602571+08:00
2882,2021-04-01,-360000.0,2283300.0,61967.0,1985267.0,20307.0,2.0,-53.0,-113.0,,2026-07-24T11:48:57.602571+08:00
2882,2021-04-06,-518000.0,1305343.0,-42843.0,744500.0,19905.0,0.0,-402.0,-2.0,,2026-07-24T11:48:57.602571+08:00
2882,2021-04-07,-183000.0,2442282.0,-285000.0,1974282.0,19339.0,0.0,-566.0,0.0,,2026-07-24T11:48:57.602571+08:00
2882,2021-04-08,-1259744.0,-782200.0,-424000.0,-2465944.0,18561.0,0.0,-778.0,0.0,,2026-07-24T11:48:57.602571+08:00
2882,2021-04-09,-61561.0,-1678996.0,-242000.0,-1982557.0,18977.0,54.0,416.0,54.0,,2026-07-24T11:48:57.602571+08:00
2882,2021-04-12,1024813.0,7370600.0,-287972.0,8107441.0,19335.0,86.0,358.0,32.0,,2026-07-24T11:48:57.602571+08:00
2882,2021-04-13,-531160.0,432000.0,153562.0,54402.0,19407.0,137.0,72.0,51.0,,2026-07-24T11:48:57.602571+08:00
2882,2021-04-14,-564909.0,-262613.0,241057.0,-586465.0,19661.0,85.0,254.0,-52.0,,2026-07-24T11:48:57.602571+08:00
2882,2021-04-15,925176.0,10467672.0,26000.0,11418848.0,24994.0,138.0,5333.0,53.0,,2026-07-24T11:48:57.602571+08:00
2882,2021-04-16,-300455.0,-4604677.0,-39000.0,-4944132.0,25535.0,122.0,541.0,-16.0,,2026-07-24T11:48:57.602571+08:00
2882,2021-04-19,2603496.0,13834614.0,-18743.0,16419367.0,26853.0,358.0,1318.0,236.0,,2026-07-24T11:48:57.602571+08:00
2882,2021-04-20,-288000.0,-11097265.0,702514.0,-10682751.0,28093.0,200.0,1240.0,-158.0,,2026-07-24T11:48:57.602571+08:00
2882,2021-04-21,-299000.0,2249489.0,61116.0,2011605.0,26178.0,171.0,-1915.0,-29.0,,2026-07-24T11:48:57.602571+08:00
2882,2021-04-22,248699.0,10146550.0,-424851.0,9970398.0,25107.0,165.0,-1071.0,-6.0,,2026-07-24T11:48:57.602571+08:00
2882,2021-04-23,-363000.0,1891056.0,519003.0,2047059.0,25334.0,139.0,227.0,-26.0,,2026-07-24T11:48:57.602571+08:00
2882,2021-04-26,578557.0,7348289.0,0.0,7926846.0,26624.0,145.0,1290.0,6.0,,2026-07-24T11:48:57.602571+08:00
2882,2021-04-27,-40744.0,19232781.0,-675000.0,18517037.0,27492.0,267.0,868.0,122.0,,2026-07-24T11:48:57.602571+08:00
2882,2021-04-28,375000.0,410068.0,8510.0,793578.0,28176.0,148.0,684.0,-119.0,,2026-07-24T11:48:57.602571+08:00
2882,2021-04-29,-671000.0,1873841.0,185985.0,1388826.0,27048.0,150.0,-1128.0,2.0,,2026-07-24T11:48:57.602571+08:00
2882,2021-05-03,356190.0,9526830.0,-910738.0,8972282.0,28772.0,171.0,1724.0,21.0,,2026-07-24T11:48:57.602571+08:00
2882,2021-05-04,-1122001.0,12264000.0,67664.0,11209663.0,24368.0,292.0,-4404.0,121.0,,2026-07-24T11:48:57.602571+08:00
2882,2021-05-05,4951784.0,49355493.0,502243.0,54809520.0,27236.0,416.0,2868.0,124.0,,2026-07-24T11:48:57.602571+08:00
2882,2021-05-06,-875189.0,-2420425.0,1317755.0,-1977859.0,27881.0,411.0,645.0,-5.0,,2026-07-24T11:48:57.602571+08:00
2882,2021-05-07,1086235.0,15126781.0,626736.0,16839752.0,29005.0,452.0,1124.0,41.0,,2026-07-24T11:48:57.602571+08:00
2882,2021-05-10,4068702.0,8663704.0,2842157.0,15574563.0,37247.0,670.0,8242.0,218.0,,2026-07-24T11:48:57.602571+08:00
2882,2021-05-11,-3296811.0,5405282.0,7024400.0,9132871.0,33256.0,914.0,-3991.0,244.0,,2026-07-24T11:48:57.602571+08:00
2882,2021-05-12,-4079333.0,-10607945.0,2606128.0,-12081150.0,33676.0,665.0,420.0,-249.0,,2026-07-24T11:48:57.602571+08:00
2882,2021-05-13,-605526.0,-12061259.0,1258244.0,-11408541.0,31550.0,652.0,-2126.0,-13.0,,2026-07-24T11:48:57.602571+08:00
2882,2021-05-14,-2386224.0,-4109751.0,786294.0,-5709681.0,30896.0,1224.0,-654.0,572.0,,2026-07-24T11:48:57.602571+08:00
2882,2021-05-17,-925780.0,10903350.0,190265.0,10167835.0,28623.0,1278.0,-2273.0,54.0,,2026-07-24T11:48:57.602571+08:00
2882,2021-05-18,1011762.0,19368300.0,2368000.0,22748062.0,30851.0,2059.0,2228.0,781.0,,2026-07-24T11:48:57.602571+08:00
2882,2021-05-19,250573.0,13631900.0,666294.0,14548767.0,25846.0,2162.0,-5005.0,103.0,,2026-07-24T11:48:57.602571+08:00
2882,2021-05-20,-476203.0,4489230.0,167294.0,4180321.0,26345.0,2033.0,499.0,-129.0,,2026-07-24T11:48:57.602571+08:00
2882,2021-05-21,946607.0,13449700.0,744000.0,15140307.0,29912.0,2118.0,3567.0,85.0,,2026-07-24T11:48:57.602571+08:00
2882,2021-05-24,305422.0,-3216223.0,296294.0,-2614507.0,31582.0,2088.0,1670.0,-30.0,,2026-07-24T11:48:57.602571+08:00
2882,2021-05-25,-417795.0,5856539.0,-143000.0,5295744.0,29606.0,2088.0,-1976.0,0.0,,2026-07-24T11:48:57.602571+08:00
2882,2021-05-26,-153019.0,4522300.0,-277000.0,4092281.0,29492.0,2078.0,-114.0,-10.0,,2026-07-24T11:48:57.602571+08:00
2882,2021-05-27,-343355.0,5008042.0,-1987353.0,2677334.0,28679.0,2037.0,-813.0,-41.0,,2026-07-24T11:48:57.602571+08:00
2882,2021-05-28,109607.0,15862100.0,-318000.0,15653707.0,28075.0,2047.0,-604.0,10.0,,2026-07-24T11:48:57.602571+08:00
2882,2021-05-31,341198.0,5513000.0,-183771.0,5670427.0,27587.0,1657.0,-488.0,-390.0,,2026-07-24T11:48:57.602571+08:00
2882,2021-06-01,30000.0,-3188500.0,-36000.0,-3194500.0,26858.0,1745.0,-729.0,88.0,,2026-07-24T11:48:57.602571+08:00
2882,2021-06-02,1154013.0,3307631.0,1210366.0,5672010.0,25695.0,1757.0,-1163.0,12.0,,2026-07-24T11:48:57.602571+08:00
2882,2021-06-03,869000.0,-5367943.0,-11048.0,-4509991.0,25797.0,1754.0,102.0,-3.0,,2026-07-24T11:48:57.602571+08:00
2882,2021-06-04,578000.0,-262740.0,-2565382.0,-2250122.0,25043.0,1748.0,-754.0,-6.0,,2026-07-24T11:48:57.602571+08:00
2882,2021-06-07,-277518.0,949186.0,-322073.0,349595.0,24576.0,1780.0,-467.0,32.0,,2026-07-24T11:48:57.602571+08:00
2882,2021-06-08,151000.0,5881859.0,11000.0,6043859.0,24676.0,1762.0,100.0,-18.0,,2026-07-24T11:48:57.602571+08:00
2882,2021-06-09,290240.0,-3635077.0,-790000.0,-4134837.0,24698.0,1710.0,22.0,-52.0,,2026-07-24T11:48:57.602571+08:00
2882,2021-06-10,-575000.0,10212106.0,167000.0,9804106.0,24089.0,1713.0,-609.0,3.0,,2026-07-24T11:48:57.602571+08:00
2882,2021-06-11,-218000.0,2682600.0,-1254000.0,1210600.0,23539.0,1887.0,-550.0,174.0,,2026-07-24T11:48:57.602571+08:00
2882,2021-06-15,-19000.0,-311451.0,-737000.0,-1067451.0,22861.0,1875.0,-678.0,-12.0,,2026-07-24T11:48:57.602571+08:00
2882,2021-06-16,1574329.0,5476762.0,-1336293.0,5714798.0,22123.0,1775.0,-738.0,-100.0,,2026-07-24T11:48:57.602571+08:00
2882,2021-06-17,10625.0,-4858200.0,-1096000.0,-5943575.0,22543.0,1742.0,420.0,-33.0,,2026-07-24T11:48:57.602571+08:00
2882,2021-06-18,-37097.0,-1828126.0,-3860000.0,-5725223.0,22506.0,1756.0,-37.0,14.0,,2026-07-24T11:48:57.602571+08:00
2882,2021-06-21,62159.0,-10581970.0,-1142619.0,-11662430.0,23015.0,1662.0,509.0,-94.0,,2026-07-24T11:48:57.602571+08:00
2882,2021-06-22,305000.0,4656791.0,-1308000.0,3653791.0,23020.0,1625.0,5.0,-37.0,,2026-07-24T11:48:57.602571+08:00
2882,2021-06-23,3782000.0,-773005.0,-1131000.0,1877995.0,22432.0,1557.0,-588.0,-68.0,,2026-07-24T11:48:57.602571+08:00
2882,2021-06-24,797994.0,-7792418.0,25000.0,-6969424.0,22218.0,1552.0,-214.0,-5.0,,2026-07-24T11:48:57.602571+08:00
2882,2021-06-25,1138000.0,3206787.0,23000.0,4367787.0,22019.0,1562.0,-199.0,10.0,,2026-07-24T11:48:57.602571+08:00
2882,2021-06-28,231000.0,1612041.0,27000.0,1870041.0,22201.0,1161.0,182.0,-401.0,,2026-07-24T11:48:57.602571+08:00
2882,2021-06-29,1127000.0,-4433685.0,-742000.0,-4048685.0,22257.0,1058.0,56.0,-103.0,,2026-07-24T11:48:57.602571+08:00
2882,2021-06-30,2070000.0,-1505205.0,0.0,564795.0,23590.0,1058.0,1333.0,0.0,,2026-07-24T11:48:57.602571+08:00
2882,2021-07-01,877000.0,-1884204.0,-302000.0,-1309204.0,23334.0,1042.0,-256.0,-16.0,,2026-07-24T11:48:57.602571+08:00
2882,2021-07-02,274260.0,-4098289.0,-6000.0,-3830029.0,23443.0,1037.0,109.0,-5.0,,2026-07-24T11:48:57.602571+08:00
2882,2021-07-05,155000.0,-661000.0,-291345.0,-797345.0,23229.0,1024.0,-214.0,-13.0,,2026-07-24T11:48:57.602571+08:00
2882,2021-07-06,731000.0,-3255868.0,-130000.0,-2654868.0,23893.0,1042.0,664.0,18.0,,2026-07-24T11:48:57.602571+08:00
2882,2021-07-07,33000.0,-3459494.0,1000.0,-3425494.0,23395.0,1015.0,-498.0,-27.0,,2026-07-24T11:48:57.602571+08:00
2882,2021-07-08,327000.0,-53793.0,-273482.0,-275.0,23873.0,358.0,478.0,-657.0,,2026-07-24T11:48:57.602571+08:00
2882,2021-07-09,1776265.0,-9288841.0,33000.0,-7479576.0,24239.0,359.0,366.0,1.0,,2026-07-24T11:48:57.602571+08:00
2882,2021-07-12,1460006.0,16533297.0,-148000.0,17845303.0,23311.0,369.0,-928.0,10.0,,2026-07-24T11:48:57.602571+08:00
2882,2021-07-13,2204000.0,-5030975.0,2166517.0,-660458.0,22020.0,366.0,-1291.0,-3.0,,2026-07-24T11:48:57.602571+08:00
2882,2021-07-14,278014.0,3491637.0,1356000.0,5125651.0,22684.0,370.0,664.0,4.0,,2026-07-24T11:48:57.602571+08:00
2882,2021-07-15,598352.0,591423.0,-260736.0,929039.0,25506.0,369.0,2822.0,-1.0,,2026-07-24T11:48:57.602571+08:00
2882,2021-07-16,468000.0,8888673.0,20000.0,9376673.0,28171.0,331.0,2665.0,-38.0,,2026-07-24T11:48:57.602571+08:00
2882,2021-07-19,-642996.0,-18893874.0,1551000.0,-17985870.0,28404.0,134.0,233.0,-197.0,,2026-07-24T11:48:57.602571+08:00
2882,2021-07-20,-820944.0,-2937978.0,-101000.0,-3859922.0,26139.0,3.0,-2265.0,-131.0,,2026-07-24T11:48:57.602571+08:00
2882,2021-07-21,2078144.0,-1820973.0,49000.0,306171.0,25357.0,0.0,-782.0,-3.0,,2026-07-24T11:48:57.602571+08:00
2882,2021-07-22,1198333.0,9201665.0,31511.0,10431509.0,22864.0,0.0,-2493.0,0.0,,2026-07-24T11:48:57.602571+08:00
2882,2021-07-23,2029542.0,-9174242.0,-342000.0,-7486700.0,20946.0,0.0,-1918.0,0.0,,2026-07-24T11:48:57.602571+08:00
2882,2021-07-26,-9909484.0,-17685124.0,-21031.0,-27615639.0,21696.0,327.0,750.0,327.0,,2026-07-24T11:48:57.602571+08:00
2882,2021-07-27,-3436255.0,2883122.0,-1796000.0,-2349133.0,21479.0,35.0,-217.0,-292.0,,2026-07-24T11:48:57.602571+08:00
2882,2021-07-28,2579195.0,-563065.0,519276.0,2535406.0,24149.0,151.0,2670.0,116.0,,2026-07-24T11:48:57.602571+08:00
2882,2021-07-29,125404.0,-5919354.0,14542.0,-5779408.0,23748.0,259.0,-401.0,108.0,,2026-07-24T11:48:57.602571+08:00
2882,2021-07-30,-397453.0,2701162.0,-230259.0,2073450.0,22919.0,255.0,-829.0,-4.0,,2026-07-24T11:48:57.602571+08:00
2882,2021-08-02,558651.0,-4095265.0,-10506.0,-3547120.0,22485.0,294.0,-434.0,39.0,,2026-07-24T11:48:57.602571+08:00
2882,2021-08-03,-317003.0,-4824381.0,46181.0,-5095203.0,22975.0,253.0,490.0,-41.0,,2026-07-24T11:48:57.602571+08:00
2882,2021-08-04,-44790.0,2027074.0,-4250921.0,-2268637.0,22865.0,255.0,-110.0,2.0,,2026-07-24T11:48:57.602571+08:00
2882,2021-08-05,14912.0,1463089.0,-22988.0,1455013.0,22182.0,249.0,-683.0,-6.0,,2026-07-24T11:48:57.602571+08:00
2882,2021-08-06,-1083565.0,4612191.0,1000.0,3529626.0,22723.0,248.0,541.0,-1.0,,2026-07-24T11:48:57.602571+08:00
2882,2021-08-09,318002.0,8018941.0,1000.0,8337943.0,22162.0,243.0,-561.0,-5.0,,2026-07-24T11:48:57.602571+08:00
2882,2021-08-10,68321.0,4942735.0,269000.0,5280056.0,22375.0,244.0,213.0,1.0,,2026-07-24T11:48:57.602571+08:00
2882,2021-08-11,185365.0,20044950.0,862000.0,21092315.0,19307.0,479.0,-3068.0,235.0,,2026-07-24T11:48:57.602571+08:00
2882,2021-08-12,-326919.0,-1392000.0,615000.0,-1103919.0,19230.0,510.0,-77.0,31.0,,2026-07-24T11:48:57.602571+08:00
2882,2021-08-13,-368590.0,-1863523.0,1449000.0,-783113.0,18521.0,386.0,-709.0,-124.0,,2026-07-24T11:48:57.602571+08:00
2882,2021-08-16,-290490.0,10485398.0,570000.0,10764908.0,18553.0,376.0,32.0,-10.0,,2026-07-24T11:48:57.602571+08:00
2882,2021-08-17,-234858.0,12677715.0,373000.0,12815857.0,18647.0,378.0,94.0,2.0,,2026-07-24T11:48:57.602571+08:00
2882,2021-08-18,-577769.0,1732690.0,122000.0,1276921.0,19316.0,413.0,669.0,35.0,,2026-07-24T11:48:57.602571+08:00
2882,2021-08-19,-691804.0,11478618.0,441000.0,11227814.0,18983.0,229.0,-333.0,-184.0,,2026-07-24T11:48:57.602571+08:00
2882,2021-08-20,-271833.0,2714854.0,1085136.0,3528157.0,19055.0,241.0,72.0,12.0,,2026-07-24T11:48:57.602571+08:00
2882,2021-08-23,683536.0,13349660.0,913000.0,14946196.0,18699.0,286.0,-356.0,45.0,,2026-07-24T11:48:57.602571+08:00
2882,2021-08-24,116029.0,9686706.0,245000.0,10047735.0,18981.0,270.0,282.0,-16.0,,2026-07-24T11:48:57.602571+08:00
2882,2021-08-25,190000.0,3161125.0,45965.0,3397090.0,19313.0,323.0,332.0,53.0,,2026-07-24T11:48:57.602571+08:00
2882,2021-08-26,-85537.0,6917540.0,309000.0,7141003.0,19176.0,536.0,-137.0,213.0,,2026-07-24T11:48:57.602571+08:00
2882,2021-08-27,2134499.0,25422108.0,911000.0,28467607.0,19774.0,615.0,598.0,79.0,,2026-07-24T11:48:57.602571+08:00
2882,2021-08-30,615522.0,19096083.0,1647000.0,21358605.0,21335.0,848.0,1561.0,233.0,,2026-07-24T11:48:57.602571+08:00
2882,2021-08-31,-310641.0,6708155.0,1859000.0,8256514.0,21434.0,763.0,99.0,-85.0,,2026-07-24T11:48:57.602571+08:00
2882,2021-09-01,-1629672.0,8045425.0,3000.0,6418753.0,21431.0,772.0,-3.0,9.0,,2026-07-24T11:48:57.602571+08:00
2882,2021-09-02,-740789.0,11816939.0,-29137.0,11047013.0,20366.0,782.0,-1065.0,10.0,,2026-07-24T11:48:57.602571+08:00
2882,2021-09-03,1750234.0,8271603.0,-52376.0,9969461.0,20657.0,834.0,291.0,52.0,,2026-07-24T11:48:57.602571+08:00
2882,2021-09-06,-333988.0,3538200.0,792148.0,3996360.0,20160.0,1029.0,-497.0,195.0,,2026-07-24T11:48:57.602571+08:00
2882,2021-09-07,-397000.0,2872861.0,1023682.0,3499543.0,20116.0,835.0,-44.0,-194.0,,2026-07-24T11:48:57.602571+08:00
2882,2021-09-08,-2211739.0,1455413.0,946000.0,189674.0,19076.0,811.0,-1040.0,-24.0,,2026-07-24T11:48:57.602571+08:00
2882,2021-09-09,-85938.0,3425927.0,-18000.0,3321989.0,18749.0,794.0,-327.0,-17.0,,2026-07-24T11:48:57.602571+08:00
2882,2021-09-10,202000.0,170692.0,1047000.0,1419692.0,19664.0,772.0,915.0,-22.0,,2026-07-24T11:48:57.602571+08:00
2882,2021-09-13,1259047.0,6989411.0,3787000.0,12035458.0,20089.0,808.0,425.0,36.0,,2026-07-24T11:48:57.602571+08:00
2882,2021-09-14,-601845.0,554361.0,22000.0,-25484.0,20256.0,823.0,167.0,15.0,,2026-07-24T11:48:57.602571+08:00
2882,2021-09-15,-936146.0,4924300.0,176000.0,4164154.0,19358.0,848.0,-898.0,25.0,,2026-07-24T11:48:57.602571+08:00
2882,2021-09-16,-246664.0,5366178.0,2000.0,5121514.0,18719.0,926.0,-639.0,78.0,,2026-07-24T11:48:57.602571+08:00
2882,2021-09-17,-523272.0,-1252992.0,-1434042.0,-3210306.0,19120.0,901.0,401.0,-25.0,,2026-07-24T11:48:57.602571+08:00
2882,2021-09-22,-1650723.0,-23473555.0,1430197.0,-23694081.0,17495.0,872.0,-1625.0,-29.0,,2026-07-24T11:48:57.602571+08:00
2882,2021-09-23,333245.0,7368679.0,-1489000.0,6212924.0,17089.0,781.0,-406.0,-91.0,,2026-07-24T11:48:57.602571+08:00
2882,2021-09-24,334620.0,2320070.0,0.0,2654690.0,16616.0,635.0,-473.0,-146.0,,2026-07-24T11:48:57.602571+08:00
2882,2021-09-27,12105.0,9520150.0,209812.0,9742067.0,17651.0,609.0,1035.0,-26.0,,2026-07-24T11:48:57.602571+08:00
2882,2021-09-28,-433441.0,8554929.0,106379.0,8227867.0,17890.0,654.0,239.0,45.0,,2026-07-24T11:48:57.602571+08:00
2882,2021-09-29,-1800874.0,-5398101.0,2249443.0,-4949532.0,17997.0,635.0,107.0,-19.0,,2026-07-24T11:48:57.602571+08:00
2882,2021-09-30,-31847.0,-1656878.0,189724.0,-1499001.0,18017.0,583.0,20.0,-52.0,,2026-07-24T11:48:57.602571+08:00
2882,2021-10-01,-747585.0,-4837770.0,1000000.0,-4585355.0,17812.0,566.0,-205.0,-17.0,,2026-07-24T11:48:57.602571+08:00
2882,2021-10-04,319671.0,2617962.0,723453.0,3661086.0,17756.0,593.0,-56.0,27.0,,2026-07-24T11:48:57.602571+08:00
2882,2021-10-05,93177.0,-10066762.0,210000.0,-9763585.0,18887.0,519.0,1131.0,-74.0,,2026-07-24T11:48:57.602571+08:00
2882,2021-10-06,-479084.0,-2919361.0,550000.0,-2848445.0,18523.0,668.0,-364.0,149.0,,2026-07-24T11:48:57.602571+08:00
2882,2021-10-07,1338744.0,-1627943.0,123000.0,-166199.0,18502.0,660.0,-21.0,-8.0,,2026-07-24T11:48:57.602571+08:00
2882,2021-10-08,54000.0,-782369.0,40000.0,-688369.0,18241.0,644.0,-261.0,-16.0,,2026-07-24T11:48:57.602571+08:00
2882,2021-10-12,-156491.0,-6809141.0,116424.0,-6849208.0,18696.0,668.0,455.0,24.0,,2026-07-24T11:48:57.602571+08:00
2882,2021-10-13,-431617.0,3590100.0,158424.0,3316907.0,18392.0,669.0,-304.0,1.0,,2026-07-24T11:48:57.602571+08:00
2882,2021-10-14,103090.0,5935720.0,-43576.0,5995234.0,17839.0,685.0,-553.0,16.0,,2026-07-24T11:48:57.602571+08:00
2882,2021-10-15,599958.0,20792388.0,494424.0,21886770.0,17020.0,563.0,-819.0,-122.0,,2026-07-24T11:48:57.602571+08:00
2882,2021-10-18,-596581.0,5702850.0,349818.0,5456087.0,17508.0,582.0,488.0,19.0,,2026-07-24T11:48:57.602571+08:00
2882,2021-10-19,970246.0,1389099.0,-1737105.0,622240.0,17608.0,596.0,100.0,14.0,,2026-07-24T11:48:57.602571+08:00
2882,2021-10-20,-407000.0,908489.0,-2360425.0,-1858936.0,17424.0,537.0,-184.0,-59.0,,2026-07-24T11:48:57.602571+08:00
2882,2021-10-21,227933.0,5302864.0,477986.0,6008783.0,17172.0,576.0,-252.0,39.0,,2026-07-24T11:48:57.602571+08:00
2882,2021-10-22,101925.0,-1805641.0,151844.0,-1551872.0,17244.0,556.0,72.0,-20.0,,2026-07-24T11:48:57.602571+08:00
2882,2021-10-25,115198.0,533410.0,104000.0,752608.0,16958.0,438.0,-286.0,-118.0,,2026-07-24T11:48:57.602571+08:00
2882,2021-10-26,-265692.0,5052112.0,-3000.0,4783420.0,17235.0,472.0,277.0,34.0,,2026-07-24T11:48:57.602571+08:00
2882,2021-10-27,63784.0,-3498313.0,-236000.0,-3670529.0,17531.0,438.0,296.0,-34.0,,2026-07-24T11:48:57.602571+08:00
2882,2021-10-28,120882.0,-3135197.0,-100000.0,-3114315.0,17777.0,424.0,246.0,-14.0,,2026-07-24T11:48:57.602571+08:00
2882,2021-10-29,-133901.0,-1791432.0,264000.0,-1661333.0,17506.0,420.0,-271.0,-4.0,,2026-07-24T11:48:57.602571+08:00
2882,2021-11-01,-93792.0,-4565000.0,-1686000.0,-6344792.0,17813.0,420.0,307.0,0.0,,2026-07-24T11:48:57.602571+08:00
2882,2021-11-02,-11488.0,-575425.0,357000.0,-229913.0,17518.0,415.0,-295.0,-5.0,,2026-07-24T11:48:57.602571+08:00
2882,2021-11-03,64005.0,423654.0,43000.0,530659.0,17736.0,404.0,218.0,-11.0,,2026-07-24T11:48:57.602571+08:00
2882,2021-11-04,24724.0,4958851.0,5000.0,4988575.0,17406.0,448.0,-330.0,44.0,,2026-07-24T11:48:57.602571+08:00
2882,2021-11-05,-150026.0,2840267.0,580000.0,3270241.0,17202.0,440.0,-204.0,-8.0,,2026-07-24T11:48:57.602571+08:00
2882,2021-11-08,101000.0,310000.0,544000.0,955000.0,18944.0,414.0,1742.0,-26.0,,2026-07-24T11:48:57.602571+08:00
2882,2021-11-09,443000.0,358091.0,462773.0,1263864.0,18167.0,414.0,-777.0,0.0,,2026-07-24T11:48:57.602571+08:00
2882,2021-11-10,348000.0,-388000.0,495000.0,455000.0,18373.0,417.0,206.0,3.0,,2026-07-24T11:48:57.602571+08:00
2882,2021-11-11,-176300.0,-3785707.0,1088000.0,-2874007.0,18650.0,331.0,277.0,-86.0,,2026-07-24T11:48:57.602571+08:00
2882,2021-11-12,549000.0,4864000.0,619000.0,6032000.0,18841.0,331.0,191.0,0.0,,2026-07-24T11:48:57.602571+08:00
2882,2021-11-15,-375789.0,10604706.0,-54000.0,10174917.0,19511.0,386.0,670.0,55.0,,2026-07-24T11:48:57.602571+08:00
2882,2021-11-16,438765.0,-99672.0,362000.0,701093.0,20274.0,406.0,763.0,20.0,,2026-07-24T11:48:57.602571+08:00
2882,2021-11-17,2940447.0,16327472.0,1224000.0,20491919.0,22036.0,621.0,1762.0,215.0,,2026-07-24T11:48:57.602571+08:00
2882,2021-11-18,1518752.0,-9385133.0,436000.0,-7430381.0,21688.0,573.0,-348.0,-48.0,,2026-07-24T11:48:57.602571+08:00
2882,2021-11-19,-851813.0,-9095012.0,2768503.0,-7178322.0,20342.0,543.0,-1346.0,-30.0,,2026-07-24T11:48:57.602571+08:00
2882,2021-11-22,-522452.0,-8016501.0,35000.0,-8503953.0,21545.0,526.0,1203.0,-17.0,,2026-07-24T11:48:57.602571+08:00
2882,2021-11-23,22000.0,-3717834.0,298000.0,-3397834.0,21400.0,569.0,-145.0,43.0,,2026-07-24T11:48:57.602571+08:00
2882,2021-11-24,565447.0,-3692165.0,36000.0,-3090718.0,22355.0,575.0,955.0,6.0,,2026-07-24T11:48:57.602571+08:00
2882,2021-11-25,-545603.0,2866282.0,18000.0,2338679.0,22480.0,465.0,125.0,-110.0,,2026-07-24T11:48:57.602571+08:00
2882,2021-11-26,-1089787.0,-19279160.0,135000.0,-20233947.0,22616.0,459.0,136.0,-6.0,,2026-07-24T11:48:57.602571+08:00
2882,2021-11-29,-487253.0,-7194512.0,418525.0,-7263240.0,22726.0,323.0,110.0,-136.0,,2026-07-24T11:48:57.602571+08:00
2882,2021-11-30,-408562.0,-4384792.0,-1067000.0,-5860354.0,22986.0,492.0,260.0,169.0,,2026-07-24T11:48:57.602571+08:00
2882,2021-12-01,707708.0,-2886365.0,-126000.0,-2304657.0,23353.0,306.0,367.0,-186.0,,2026-07-24T11:48:57.602571+08:00
2882,2021-12-02,-205274.0,-3286269.0,-172000.0,-3663543.0,23433.0,301.0,80.0,-5.0,,2026-07-24T11:48:57.602571+08:00
2882,2021-12-03,-309634.0,1159916.0,300000.0,1150282.0,23276.0,303.0,-157.0,2.0,,2026-07-24T11:48:57.602571+08:00
2882,2021-12-06,475709.0,1717964.0,14000.0,2207673.0,22510.0,305.0,-766.0,2.0,,2026-07-24T11:48:57.602571+08:00
2882,2021-12-07,54928.0,28301.0,-139000.0,-55771.0,22958.0,300.0,448.0,-5.0,,2026-07-24T11:48:57.602571+08:00
2882,2021-12-08,172617.0,-331147.0,-260000.0,-418530.0,22000.0,302.0,-958.0,2.0,,2026-07-24T11:48:57.602571+08:00
2882,2021-12-09,127860.0,2005480.0,-90289.0,2043051.0,21974.0,304.0,-26.0,2.0,,2026-07-24T11:48:57.602571+08:00
2882,2021-12-10,31984.0,2378850.0,0.0,2410834.0,21972.0,303.0,-2.0,-1.0,,2026-07-24T11:48:57.602571+08:00
2882,2021-12-13,253986.0,1603871.0,0.0,1857857.0,21805.0,300.0,-167.0,-3.0,,2026-07-24T11:48:57.602571+08:00
2882,2021-12-14,-139025.0,-2993880.0,12000.0,-3120905.0,20909.0,301.0,-896.0,1.0,,2026-07-24T11:48:57.602571+08:00
2882,2021-12-15,-380831.0,-6980744.0,640000.0,-6721575.0,21027.0,288.0,118.0,-13.0,,2026-07-24T11:48:57.602571+08:00
2882,2021-12-16,-132340.0,713868.0,-893000.0,-311472.0,21117.0,296.0,90.0,8.0,,2026-07-24T11:48:57.602571+08:00
2882,2021-12-17,-214000.0,1724344.0,-1382000.0,128344.0,21363.0,293.0,246.0,-3.0,,2026-07-24T11:48:57.602571+08:00
2882,2021-12-20,-590580.0,-5654302.0,-1217819.0,-7462701.0,21194.0,289.0,-169.0,-4.0,,2026-07-24T11:48:57.602571+08:00
2882,2021-12-21,18000.0,1384517.0,259269.0,1661786.0,21216.0,295.0,22.0,6.0,,2026-07-24T11:48:57.602571+08:00
2882,2021-12-22,-42000.0,-68131.0,13000.0,-97131.0,21066.0,300.0,-150.0,5.0,,2026-07-24T11:48:57.602571+08:00
2882,2021-12-23,-254000.0,2537464.0,17000.0,2300464.0,21041.0,294.0,-25.0,-6.0,,2026-07-24T11:48:57.602571+08:00
2882,2021-12-24,145884.0,6525517.0,0.0,6671401.0,19981.0,340.0,-1060.0,46.0,,2026-07-24T11:48:57.602571+08:00
2882,2021-12-27,-52000.0,3340253.0,566000.0,3854253.0,19802.0,342.0,-179.0,2.0,,2026-07-24T11:48:57.602571+08:00
2882,2021-12-28,-224001.0,17766386.0,2449000.0,19991385.0,17460.0,347.0,-2342.0,5.0,,2026-07-24T11:48:57.602571+08:00
2882,2021-12-29,651000.0,-3517381.0,2005000.0,-861381.0,20270.0,360.0,2810.0,13.0,,2026-07-24T11:48:57.602571+08:00
2882,2021-12-30,70000.0,-665970.0,-351000.0,-946970.0,20516.0,353.0,246.0,-7.0,,2026-07-24T11:48:57.602571+08:00
2882,2022-01-03,-465309.0,-1180500.0,-1000749.0,-2646558.0,20380.0,337.0,-136.0,-16.0,,2026-07-24T11:48:57.602571+08:00
2882,2022-01-04,-566000.0,-13520.0,-117000.0,-696520.0,20270.0,338.0,-110.0,1.0,,2026-07-24T11:48:57.602571+08:00
2882,2022-01-05,-80055.0,1190146.0,-111325.0,998766.0,20241.0,322.0,-29.0,-16.0,,2026-07-24T11:48:57.602571+08:00
2882,2022-01-06,-72722.0,4250190.0,44000.0,4221468.0,20043.0,330.0,-198.0,8.0,,2026-07-24T11:48:57.602571+08:00
2882,2022-01-07,131778.0,3236282.0,-195000.0,3173060.0,19603.0,342.0,-440.0,12.0,,2026-07-24T11:48:57.602571+08:00
2882,2022-01-10,94340.0,3285811.0,-13000.0,3367151.0,19793.0,343.0,190.0,1.0,,2026-07-24T11:48:57.602571+08:00
2882,2022-01-11,6405618.0,5773317.0,-78000.0,12100935.0,27551.0,394.0,7758.0,51.0,,2026-07-24T11:48:57.602571+08:00
2882,2022-01-12,-1292473.0,3005721.0,2745000.0,4458248.0,26882.0,436.0,-669.0,42.0,,2026-07-24T11:48:57.602571+08:00
2882,2022-01-13,2600646.0,13539732.0,1837000.0,17977378.0,29179.0,874.0,2297.0,438.0,,2026-07-24T11:48:57.602571+08:00
2882,2022-01-14,-2671304.0,7574948.0,4424721.0,9328365.0,29087.0,1007.0,-92.0,133.0,,2026-07-24T11:48:57.602571+08:00
2882,2022-01-17,-705058.0,-4071087.0,-389888.0,-5166033.0,29794.0,919.0,707.0,-88.0,,2026-07-24T11:48:57.602571+08:00
2882,2022-01-18,603302.0,5378243.0,-132880.0,5848665.0,30393.0,815.0,599.0,-104.0,,2026-07-24T11:48:57.602571+08:00
2882,2022-01-19,-741505.0,-7404842.0,-258000.0,-8404347.0,30215.0,625.0,-178.0,-190.0,,2026-07-24T11:48:57.602571+08:00
2882,2022-01-20,-409486.0,6839991.0,-506000.0,5924505.0,29121.0,617.0,-1094.0,-8.0,,2026-07-24T11:48:57.602571+08:00
2882,2022-01-21,-1530180.0,-5533272.0,436000.0,-6627452.0,27809.0,481.0,-1312.0,-136.0,,2026-07-24T11:48:57.602571+08:00
2882,2022-01-24,-1001538.0,6655813.0,-834000.0,4820275.0,25578.0,447.0,-2231.0,-34.0,,2026-07-24T11:48:57.602571+08:00
2882,2022-01-25,-1689128.0,-7801976.0,-884000.0,-10375104.0,24601.0,427.0,-977.0,-20.0,,2026-07-24T11:48:57.602571+08:00
2882,2022-01-26,-30927.0,5274616.0,173000.0,5416689.0,23602.0,424.0,-999.0,-3.0,,2026-07-24T11:48:57.602571+08:00
2882,2022-02-07,1711787.0,6811755.0,1227000.0,9750542.0,25867.0,456.0,2265.0,32.0,,2026-07-24T11:48:57.602571+08:00
2882,2022-02-08,288605.0,-2022684.0,1310000.0,-424079.0,25360.0,454.0,-507.0,-2.0,,2026-07-24T11:48:57.602571+08:00
2882,2022-02-09,-779154.0,6436115.0,379000.0,6035961.0,24703.0,443.0,-657.0,-11.0,,2026-07-24T11:48:57.602571+08:00
2882,2022-02-10,384211.0,-1983453.0,241000.0,-1358242.0,24389.0,423.0,-314.0,-20.0,,2026-07-24T11:48:57.602571+08:00
2882,2022-02-11,-912292.0,1056900.0,228000.0,372608.0,23426.0,429.0,-963.0,6.0,,2026-07-24T11:48:57.602571+08:00
2882,2022-02-14,-407638.0,-5126524.0,439000.0,-5095162.0,21329.0,385.0,-2097.0,-44.0,,2026-07-24T11:48:57.602571+08:00
2882,2022-02-15,51959.0,412991.0,-68000.0,396950.0,21809.0,395.0,480.0,10.0,,2026-07-24T11:48:57.602571+08:00
2882,2022-02-16,68327.0,-5159892.0,440000.0,-4651565.0,22029.0,406.0,220.0,11.0,,2026-07-24T11:48:57.602571+08:00
2882,2022-02-17,-59845.0,3900850.0,-5784000.0,-1942995.0,22910.0,412.0,881.0,6.0,,2026-07-24T11:48:57.602571+08:00
2882,2022-02-18,188000.0,4842283.0,-1626000.0,3404283.0,22649.0,412.0,-261.0,0.0,,2026-07-24T11:48:57.602571+08:00
2882,2022-02-21,257957.0,-2185960.0,461380.0,-1466623.0,22822.0,379.0,173.0,-33.0,,2026-07-24T11:48:57.602571+08:00
2882,2022-02-22,232585.0,-12085345.0,926000.0,-10926760.0,22985.0,372.0,163.0,-7.0,,2026-07-24T11:48:57.602571+08:00
2882,2022-02-23,373000.0,-2453304.0,261000.0,-1819304.0,23121.0,363.0,136.0,-9.0,,2026-07-24T11:48:57.602571+08:00
2882,2022-02-24,553717.0,-8241120.0,-384000.0,-8071403.0,22662.0,361.0,-459.0,-2.0,,2026-07-24T11:48:57.602571+08:00
2882,2022-02-25,1248764.0,-15977939.0,-1584291.0,-16313466.0,24665.0,1123.0,2003.0,762.0,,2026-07-24T11:48:57.602571+08:00
2882,2022-03-01,1092557.0,5179605.0,88000.0,6360162.0,23465.0,500.0,-1200.0,-623.0,,2026-07-24T11:48:57.602571+08:00
2882,2022-03-02,796829.0,-2243596.0,-294000.0,-1740767.0,23265.0,375.0,-200.0,-125.0,,2026-07-24T11:48:57.602571+08:00
2882,2022-03-03,217340.0,558446.0,-2455000.0,-1679214.0,23354.0,395.0,89.0,20.0,,2026-07-24T11:48:57.602571+08:00
2882,2022-03-04,937876.0,-6976400.0,105000.0,-5933524.0,22960.0,326.0,-394.0,-69.0,,2026-07-24T11:48:57.602571+08:00
2882,2022-03-07,-996413.0,-12692423.0,327000.0,-13361836.0,22281.0,365.0,-679.0,39.0,,2026-07-24T11:48:57.602571+08:00
2882,2022-03-08,590613.0,-8366125.0,1016000.0,-6759512.0,22233.0,351.0,-48.0,-14.0,,2026-07-24T11:48:57.602571+08:00
2882,2022-03-09,77520.0,1610172.0,-199000.0,1488692.0,22094.0,405.0,-139.0,54.0,,2026-07-24T11:48:57.602571+08:00
2882,2022-03-10,243710.0,175217.0,-32000.0,386927.0,22175.0,363.0,81.0,-42.0,,2026-07-24T11:48:57.602571+08:00
2882,2022-03-11,245410.0,4819310.0,-150000.0,4914720.0,21930.0,400.0,-245.0,37.0,,2026-07-24T11:48:57.602571+08:00
2882,2022-03-14,136670.0,5092392.0,208000.0,5437062.0,21773.0,414.0,-157.0,14.0,,2026-07-24T11:48:57.602571+08:00
2882,2022-03-15,-16914.0,6077299.0,268000.0,6328385.0,21768.0,425.0,-5.0,11.0,,2026-07-24T11:48:57.602571+08:00
2882,2022-03-16,127623.0,6941922.0,171000.0,7240545.0,21185.0,439.0,-583.0,14.0,,2026-07-24T11:48:57.602571+08:00
2882,2022-03-17,309042.0,10491725.0,7000.0,10807767.0,19840.0,652.0,-1345.0,213.0,,2026-07-24T11:48:57.602571+08:00
2882,2022-03-18,-141000.0,2123470.0,1676030.0,3658500.0,19034.0,671.0,-806.0,19.0,,2026-07-24T11:48:57.602571+08:00
2882,2022-03-21,-11000.0,5972200.0,-277000.0,5684200.0,18894.0,672.0,-140.0,1.0,,2026-07-24T11:48:57.602571+08:00
2882,2022-03-22,462241.0,252126.0,304000.0,1018367.0,18926.0,655.0,32.0,-17.0,,2026-07-24T11:48:57.602571+08:00
2882,2022-03-23,1152362.0,11733635.0,-50000.0,12835997.0,18184.0,695.0,-742.0,40.0,,2026-07-24T11:48:57.602571+08:00
2882,2022-03-24,31002.0,-4148951.0,-31000.0,-4148949.0,18488.0,659.0,304.0,-36.0,,2026-07-24T11:48:57.602571+08:00
2882,2022-03-25,-166000.0,-2442714.0,28000.0,-2580714.0,18555.0,608.0,67.0,-51.0,,2026-07-24T11:48:57.602571+08:00
2882,2022-03-28,-71994.0,330998.0,172000.0,431004.0,18525.0,382.0,-30.0,-226.0,,2026-07-24T11:48:57.602571+08:00
2882,2022-03-29,-35000.0,2986024.0,50000.0,3001024.0,18220.0,388.0,-305.0,6.0,,2026-07-24T11:48:57.602571+08:00
2882,2022-03-30,789356.0,3938777.0,13000.0,4741133.0,17838.0,385.0,-382.0,-3.0,,2026-07-24T11:48:57.602571+08:00
2882,2022-03-31,82374.0,5350768.0,-67000.0,5366142.0,17826.0,389.0,-12.0,4.0,,2026-07-24T11:48:57.602571+08:00
2882,2022-04-01,84701.0,8617542.0,-32000.0,8670243.0,17190.0,396.0,-636.0,7.0,,2026-07-24T11:48:57.602571+08:00
2882,2022-04-06,108417.0,6585781.0,-3934000.0,2760198.0,17290.0,351.0,100.0,-45.0,,2026-07-24T11:48:57.602571+08:00
2882,2022-04-07,-47400.0,4862709.0,-76000.0,4739309.0,16840.0,323.0,-450.0,-28.0,,2026-07-24T11:48:57.602571+08:00
2882,2022-04-08,-62940.0,2373529.0,287000.0,2597589.0,17182.0,131.0,342.0,-192.0,,2026-07-24T11:48:57.602571+08:00
2882,2022-04-11,-333133.0,2675898.0,211000.0,2553765.0,17118.0,3.0,-64.0,-128.0,,2026-07-24T11:48:57.602571+08:00
2882,2022-04-12,-364959.0,4195310.0,-556000.0,3274351.0,16868.0,0.0,-250.0,-3.0,,2026-07-24T11:48:57.602571+08:00
2882,2022-04-13,175000.0,9554818.0,43000.0,9772818.0,16416.0,0.0,-452.0,0.0,,2026-07-24T11:48:57.602571+08:00
2882,2022-04-14,-251000.0,2637484.0,12000.0,2398484.0,16283.0,0.0,-133.0,0.0,,2026-07-24T11:48:57.602571+08:00
2882,2022-04-15,487903.0,751647.0,-143000.0,1096550.0,16065.0,130.0,-218.0,130.0,,2026-07-24T11:48:57.602571+08:00
2882,2022-04-18,1113086.0,-3207521.0,880000.0,-1214435.0,16256.0,125.0,191.0,-5.0,,2026-07-24T11:48:57.602571+08:00
2882,2022-04-19,467000.0,191553.0,125000.0,783553.0,16226.0,134.0,-30.0,9.0,,2026-07-24T11:48:57.602571+08:00
2882,2022-04-20,-47009.0,-2771681.0,4070000.0,1251310.0,16103.0,198.0,-123.0,64.0,,2026-07-24T11:48:57.602571+08:00
2882,2022-04-21,-749322.0,-2324928.0,4306000.0,1231750.0,16019.0,359.0,-84.0,161.0,,2026-07-24T11:48:57.602571+08:00
2882,2022-04-22,242804.0,-2697977.0,4782000.0,2326827.0,16091.0,379.0,72.0,20.0,,2026-07-24T11:48:57.602571+08:00
2882,2022-04-25,-450369.0,-2104417.0,5337000.0,2782214.0,15969.0,833.0,-122.0,454.0,,2026-07-24T11:48:57.602571+08:00
2882,2022-04-26,-139000.0,-2589940.0,5021000.0,2292060.0,16187.0,821.0,218.0,-12.0,,2026-07-24T11:48:57.602571+08:00
2882,2022-04-27,-819748.0,-8805507.0,412000.0,-9213255.0,16513.0,845.0,326.0,24.0,,2026-07-24T11:48:57.602571+08:00
2882,2022-04-28,-22072.0,-3894715.0,-185000.0,-4101787.0,16556.0,1085.0,43.0,240.0,,2026-07-24T11:48:57.602571+08:00
2882,2022-04-29,147000.0,1981700.0,298000.0,2426700.0,16705.0,1163.0,149.0,78.0,,2026-07-24T11:48:57.602571+08:00
2882,2022-05-03,-41635.0,1093165.0,504000.0,1555530.0,16734.0,1320.0,29.0,157.0,,2026-07-24T11:48:57.602571+08:00
2882,2022-05-04,-722398.0,515945.0,481000.0,274547.0,16973.0,1331.0,239.0,11.0,,2026-07-24T11:48:57.602571+08:00
2882,2022-05-05,275158.0,-4510458.0,-961406.0,-5196706.0,17244.0,1467.0,271.0,136.0,,2026-07-24T11:48:57.602571+08:00
2882,2022-05-06,-764423.0,-1911358.0,462000.0,-2213781.0,17126.0,1408.0,-118.0,-59.0,,2026-07-24T11:48:57.602571+08:00
2882,2022-05-09,-836385.0,-4257050.0,874000.0,-4219435.0,17138.0,1640.0,12.0,232.0,,2026-07-24T11:48:57.602571+08:00
2882,2022-05-10,1050389.0,1118994.0,-5278000.0,-3108617.0,17432.0,1255.0,294.0,-385.0,,2026-07-24T11:48:57.602571+08:00
2882,2022-05-11,-277968.0,-9292535.0,77000.0,-9493503.0,18404.0,2368.0,972.0,1113.0,,2026-07-24T11:48:57.602571+08:00
2882,2022-05-12,-4332705.0,6327681.0,346000.0,2340976.0,15680.0,2240.0,-2724.0,-128.0,,2026-07-24T11:48:57.602571+08:00
2882,2022-05-13,706730.0,-135832.0,-2207000.0,-1636102.0,16261.0,2128.0,581.0,-112.0,,2026-07-24T11:48:57.602571+08:00
2882,2022-05-16,-1446946.0,-874655.0,536000.0,-1785601.0,16178.0,2354.0,-83.0,226.0,,2026-07-24T11:48:57.602571+08:00
2882,2022-05-17,980316.0,-4018719.0,-49000.0,-3087403.0,17021.0,2107.0,843.0,-247.0,,2026-07-24T11:48:57.602571+08:00
2882,2022-05-18,-2238204.0,-2688851.0,850000.0,-4077055.0,16305.0,1564.0,-716.0,-543.0,,2026-07-24T11:48:57.602571+08:00
2882,2022-05-19,-1619473.0,-12748112.0,-5000.0,-14372585.0,16594.0,1719.0,289.0,155.0,,2026-07-24T11:48:57.602571+08:00
2882,2022-05-20,-1017627.0,-42364.0,79000.0,-980991.0,16594.0,1722.0,0.0,3.0,,2026-07-24T11:48:57.602571+08:00
2882,2022-05-23,395954.0,-9069422.0,2568414.0,-6105054.0,16802.0,1889.0,208.0,167.0,,2026-07-24T11:48:57.602571+08:00
2882,2022-05-24,553329.0,-13124932.0,907881.0,-11663722.0,17200.0,2536.0,398.0,647.0,,2026-07-24T11:48:57.602571+08:00
2882,2022-05-25,1546303.0,-10511148.0,283444.0,-8681401.0,18387.0,1923.0,1187.0,-613.0,,2026-07-24T11:48:57.602571+08:00
2882,2022-05-26,762872.0,-9519121.0,-49211.0,-8805460.0,18025.0,1742.0,-362.0,-181.0,,2026-07-24T11:48:57.602571+08:00
2882,2022-05-27,-1250095.0,-912350.0,494869.0,-1667576.0,19172.0,1624.0,1147.0,-118.0,,2026-07-24T11:48:57.602571+08:00
2882,2022-05-30,659469.0,1149257.0,337543.0,2146269.0,18119.0,1169.0,-1053.0,-455.0,,2026-07-24T11:48:57.602571+08:00
2882,2022-05-31,-511597.0,8808295.0,11318.0,8308016.0,17444.0,1389.0,-675.0,220.0,,2026-07-24T11:48:57.602571+08:00
2882,2022-06-01,-333991.0,-13018403.0,-94745.0,-13447139.0,17552.0,1307.0,108.0,-82.0,,2026-07-24T11:48:57.602571+08:00
2882,2022-06-02,201365.0,-5519027.0,-21166.0,-5338828.0,17122.0,1257.0,-430.0,-50.0,,2026-07-24T11:48:57.602571+08:00
2882,2022-06-06,672572.0,-674349.0,-42556.0,-44333.0,17193.0,1222.0,71.0,-35.0,,2026-07-24T11:48:57.602571+08:00
2882,2022-06-07,778170.0,-5942877.0,-20494.0,-5185201.0,17204.0,1243.0,11.0,21.0,,2026-07-24T11:48:57.602571+08:00
2882,2022-06-08,784212.0,-3980615.0,-118000.0,-3314403.0,17172.0,1239.0,-32.0,-4.0,,2026-07-24T11:48:57.602571+08:00
2882,2022-06-09,40650.0,-2915934.0,11000.0,-2864284.0,16686.0,1263.0,-486.0,24.0,,2026-07-24T11:48:57.602571+08:00
2882,2022-06-10,335820.0,-3899092.0,11000.0,-3552272.0,15936.0,1267.0,-750.0,4.0,,2026-07-24T11:48:57.602571+08:00
2882,2022-06-13,318205.0,-13572160.0,930000.0,-12323955.0,15771.0,1239.0,-165.0,-28.0,,2026-07-24T11:48:57.602571+08:00
2882,2022-06-14,582313.0,-4449624.0,145000.0,-3722311.0,16008.0,1169.0,237.0,-70.0,,2026-07-24T11:48:57.602571+08:00
2882,2022-06-15,1178795.0,-903664.0,-26454.0,248677.0,15865.0,1155.0,-143.0,-14.0,,2026-07-24T11:48:57.602571+08:00
2882,2022-06-16,240987.0,-2895706.0,153000.0,-2501719.0,16219.0,1117.0,354.0,-38.0,,2026-07-24T11:48:57.602571+08:00
2882,2022-06-17,136218.0,-9451096.0,2363329.0,-6951549.0,16157.0,1063.0,-62.0,-54.0,,2026-07-24T11:48:57.602571+08:00
2882,2022-06-20,57933.0,7546855.0,1656000.0,9260788.0,16121.0,1095.0,-36.0,32.0,,2026-07-24T11:48:57.602571+08:00
2882,2022-06-21,1852345.0,4628702.0,-545962.0,5935085.0,15659.0,1031.0,-462.0,-64.0,,2026-07-24T11:48:57.602571+08:00
2882,2022-06-22,159779.0,-6385101.0,2308000.0,-3917322.0,15682.0,1056.0,23.0,25.0,,2026-07-24T11:48:57.602571+08:00
2882,2022-06-23,2340729.0,-8955828.0,321000.0,-6294099.0,15815.0,798.0,133.0,-258.0,,2026-07-24T11:48:57.602571+08:00
2882,2022-06-24,3583059.0,-3614057.0,299978.0,268980.0,15686.0,670.0,-129.0,-128.0,,2026-07-24T11:48:57.602571+08:00
2882,2022-06-27,1338002.0,-4301000.0,553000.0,-2409998.0,15838.0,412.0,152.0,-258.0,,2026-07-24T11:48:57.602571+08:00
2882,2022-06-28,555854.0,-5668320.0,350000.0,-4762466.0,15689.0,11.0,-149.0,-401.0,,2026-07-24T11:48:57.602571+08:00
2882,2022-06-29,936473.0,-16153007.0,256000.0,-14960534.0,15983.0,0.0,294.0,-11.0,,2026-07-24T11:48:57.602571+08:00
2882,2022-06-30,6599625.0,-18338787.0,1580000.0,-10159162.0,14895.0,0.0,-1088.0,0.0,,2026-07-24T11:48:57.602571+08:00
2882,2022-07-01,9651698.0,-14046166.0,1283000.0,-3111468.0,14365.0,0.0,-530.0,0.0,,2026-07-24T11:48:57.602571+08:00
2882,2022-07-04,-17646322.0,18307071.0,3000.0,663749.0,15137.0,856.0,772.0,856.0,,2026-07-24T11:48:57.602571+08:00
2882,2022-07-05,1668322.0,13043041.0,72000.0,14783363.0,14873.0,958.0,-264.0,102.0,,2026-07-24T11:48:57.602571+08:00
2882,2022-07-06,-622089.0,-13276629.0,-202000.0,-14100718.0,15112.0,1187.0,239.0,229.0,,2026-07-24T11:48:57.602571+08:00
2882,2022-07-07,866233.0,56435.0,23000.0,945668.0,15701.0,834.0,589.0,-353.0,,2026-07-24T11:48:57.602571+08:00
2882,2022-07-08,-232126.0,-1220245.0,78000.0,-1374371.0,16652.0,914.0,951.0,80.0,,2026-07-24T11:48:57.602571+08:00
2882,2022-07-11,-429079.0,4053746.0,-6000.0,3618667.0,16476.0,1233.0,-176.0,319.0,,2026-07-24T11:48:57.602571+08:00
2882,2022-07-12,-1506150.0,-6106450.0,561000.0,-7051600.0,15856.0,2159.0,-620.0,926.0,,2026-07-24T11:48:57.602571+08:00
2882,2022-07-13,1624000.0,4584813.0,398000.0,6606813.0,15738.0,1635.0,-118.0,-524.0,,2026-07-24T11:48:57.602571+08:00
2882,2022-07-14,-240791.0,-5871931.0,-234000.0,-6346722.0,15923.0,1677.0,185.0,42.0,,2026-07-24T11:48:57.602571+08:00
2882,2022-07-15,-208480.0,-10731927.0,-263000.0,-11203407.0,16489.0,1650.0,566.0,-27.0,,2026-07-24T11:48:57.602571+08:00
2882,2022-07-18,456649.0,5287148.0,-3810000.0,1933797.0,16656.0,1570.0,167.0,-80.0,,2026-07-24T11:48:57.602571+08:00
2882,2022-07-19,264561.0,786812.0,-4495000.0,-3443627.0,16920.0,1519.0,264.0,-51.0,,2026-07-24T11:48:57.602571+08:00
2882,2022-07-20,-130118.0,2568398.0,-4539921.0,-2101641.0,16774.0,1576.0,-146.0,57.0,,2026-07-24T11:48:57.602571+08:00
2882,2022-07-21,-1550052.0,2378222.0,-5265000.0,-4436830.0,17346.0,1724.0,572.0,148.0,,2026-07-24T11:48:57.602571+08:00
2882,2022-07-22,-201995.0,1024606.0,-5171000.0,-4348389.0,17705.0,1679.0,359.0,-45.0,,2026-07-24T11:48:57.602571+08:00
2882,2022-07-25,1164539.0,2638600.0,-62000.0,3741139.0,17222.0,1669.0,-483.0,-10.0,,2026-07-24T11:48:57.602571+08:00
2882,2022-07-26,105638.0,-758200.0,567000.0,-85562.0,16962.0,1733.0,-260.0,64.0,,2026-07-24T11:48:57.602571+08:00
2882,2022-07-27,72291.0,-2002331.0,262000.0,-1668040.0,17245.0,2084.0,283.0,351.0,,2026-07-24T11:48:57.602571+08:00
2882,2022-07-28,-318400.0,4112780.0,-483000.0,3311380.0,17141.0,2282.0,-104.0,198.0,,2026-07-24T11:48:57.602571+08:00
2882,2022-07-29,-546653.0,-6563250.0,25000.0,-7084903.0,17405.0,2190.0,264.0,-92.0,,2026-07-24T11:48:57.602571+08:00
2882,2022-08-01,508692.0,-8914010.0,431000.0,-7974318.0,17580.0,2251.0,175.0,61.0,,2026-07-24T11:48:57.602571+08:00
2882,2022-08-02,-184121.0,-15927050.0,784000.0,-15327171.0,17574.0,2162.0,-6.0,-89.0,,2026-07-24T11:48:57.602571+08:00
2882,2022-08-03,-239042.0,-3195937.0,265000.0,-3169979.0,17431.0,2183.0,-143.0,21.0,,2026-07-24T11:48:57.602571+08:00
2882,2022-08-04,-468748.0,-2953198.0,1282000.0,-2139946.0,17049.0,2242.0,-382.0,59.0,,2026-07-24T11:48:57.602571+08:00
2882,2022-08-05,131417.0,6461728.0,2407000.0,9000145.0,16431.0,2298.0,-618.0,56.0,,2026-07-24T11:48:57.602571+08:00
2882,2022-08-08,646639.0,-1629969.0,2569000.0,1585670.0,16730.0,2158.0,299.0,-140.0,,2026-07-24T11:48:57.602571+08:00
2882,2022-08-09,1007730.0,-1994124.0,207411.0,-778983.0,16542.0,2183.0,-188.0,25.0,,2026-07-24T11:48:57.602571+08:00
2882,2022-08-10,-863788.0,59309.0,319000.0,-485479.0,16479.0,2226.0,-63.0,43.0,,2026-07-24T11:48:57.602571+08:00
2882,2022-08-11,390000.0,2396236.0,261000.0,3047236.0,16377.0,2026.0,-102.0,-200.0,,2026-07-24T11:48:57.602571+08:00
2882,2022-08-12,-314289.0,-1419037.0,-157000.0,-1890326.0,16219.0,1510.0,-158.0,-516.0,,2026-07-24T11:48:57.602571+08:00
2882,2022-08-15,-382643.0,-1943852.0,-31000.0,-2357495.0,16324.0,1485.0,105.0,-25.0,,2026-07-24T11:48:57.602571+08:00
2882,2022-08-16,-296359.0,-3525641.0,904000.0,-2918000.0,16267.0,1479.0,-57.0,-6.0,,2026-07-24T11:48:57.602571+08:00
2882,2022-08-17,134141.0,4485605.0,165000.0,4784746.0,16210.0,1447.0,-57.0,-32.0,,2026-07-24T11:48:57.602571+08:00
2882,2022-08-18,-83587.0,-2076530.0,82000.0,-2078117.0,15993.0,1446.0,-217.0,-1.0,,2026-07-24T11:48:57.602571+08:00
2882,2022-08-19,61001.0,983000.0,327000.0,1371001.0,15908.0,1486.0,-85.0,40.0,,2026-07-24T11:48:57.602571+08:00
2882,2022-08-22,-406484.0,-1496009.0,675000.0,-1227493.0,15840.0,1511.0,-68.0,25.0,,2026-07-24T11:48:57.602571+08:00
2882,2022-08-23,-67996.0,-2857470.0,358000.0,-2567466.0,16035.0,1585.0,195.0,74.0,,2026-07-24T11:48:57.602571+08:00
2882,2022-08-24,-464255.0,-709937.0,474223.0,-699969.0,16050.0,1920.0,15.0,335.0,,2026-07-24T11:48:57.602571+08:00
2882,2022-08-25,125939.0,-728828.0,510000.0,-92889.0,16086.0,1570.0,36.0,-350.0,,2026-07-24T11:48:57.602571+08:00
2882,2022-08-26,136415.0,-607057.0,304000.0,-166642.0,16289.0,1595.0,203.0,25.0,,2026-07-24T11:48:57.602571+08:00
2882,2022-08-29,-709564.0,-9018456.0,904000.0,-8824020.0,16518.0,1400.0,229.0,-195.0,,2026-07-24T11:48:57.602571+08:00
2882,2022-08-30,-858295.0,-40894833.0,703000.0,-41050128.0,17788.0,1503.0,1270.0,103.0,,2026-07-24T11:48:57.602571+08:00
2882,2022-08-31,178045.0,-3887968.0,266000.0,-3443923.0,17891.0,1522.0,103.0,19.0,,2026-07-24T11:48:57.602571+08:00
2882,2022-09-01,-2809594.0,-9320742.0,952000.0,-11178336.0,18194.0,1401.0,303.0,-121.0,,2026-07-24T11:48:57.602571+08:00
2882,2022-09-02,-942672.0,-8726960.0,610000.0,-9059632.0,18319.0,1350.0,125.0,-51.0,,2026-07-24T11:48:57.602571+08:00
2882,2022-09-05,247523.0,184911.0,342000.0,774434.0,18253.0,1328.0,-66.0,-22.0,,2026-07-24T11:48:57.602571+08:00
2882,2022-09-06,-241035.0,984116.0,401000.0,1144081.0,18160.0,1359.0,-93.0,31.0,,2026-07-24T11:48:57.602571+08:00
2882,2022-09-07,-2354785.0,-14845590.0,1504000.0,-15696375.0,18342.0,2525.0,182.0,1166.0,,2026-07-24T11:48:57.602571+08:00
2882,2022-09-08,-1084950.0,-6138702.0,336000.0,-6887652.0,18793.0,2641.0,451.0,116.0,,2026-07-24T11:48:57.602571+08:00
2882,2022-09-12,63327.0,5192930.0,-69000.0,5187257.0,18430.0,2193.0,-363.0,-448.0,,2026-07-24T11:48:57.602571+08:00
2882,2022-09-13,237736.0,-5498286.0,77000.0,-5183550.0,18442.0,2382.0,12.0,189.0,,2026-07-24T11:48:57.602571+08:00
2882,2022-09-14,-384713.0,-10815322.0,-794785.0,-11994820.0,18904.0,2773.0,462.0,391.0,,2026-07-24T11:48:57.602571+08:00
2882,2022-09-15,-685651.0,-1405744.0,57000.0,-2034395.0,18912.0,2913.0,8.0,140.0,,2026-07-24T11:48:57.602571+08:00
2882,2022-09-16,-869279.0,-3174876.0,1269336.0,-2774819.0,19044.0,3366.0,132.0,453.0,,2026-07-24T11:48:57.602571+08:00
2882,2022-09-19,-182025.0,-1493095.0,538000.0,-1137120.0,19048.0,3631.0,4.0,265.0,,2026-07-24T11:48:57.602571+08:00
2882,2022-09-20,-74939.0,542001.0,273000.0,740062.0,19065.0,3723.0,17.0,92.0,,2026-07-24T11:48:57.602571+08:00
2882,2022-09-21,-1432658.0,-5165760.0,179000.0,-6419418.0,19230.0,3986.0,165.0,263.0,,2026-07-24T11:48:57.602571+08:00
2882,2022-09-22,499981.0,-25498753.0,1047000.0,-23951772.0,20089.0,4142.0,859.0,156.0,,2026-07-24T11:48:57.602571+08:00
2882,2022-09-23,-383205.0,4553181.0,295000.0,4464976.0,19808.0,5003.0,-281.0,861.0,,2026-07-24T11:48:57.602571+08:00
2882,2022-09-26,-377223.0,-8979686.0,879000.0,-8477909.0,18202.0,5609.0,-1606.0,606.0,,2026-07-24T11:48:57.602571+08:00
2882,2022-09-27,-700720.0,-9403042.0,-801724.0,-10905486.0,19469.0,4572.0,1267.0,-1037.0,,2026-07-24T11:48:57.602571+08:00
2882,2022-09-28,-2437362.0,-14469921.0,-2772981.0,-19680264.0,19729.0,5336.0,260.0,764.0,,2026-07-24T11:48:57.602571+08:00
2882,2022-09-29,108545.0,-3609588.0,-90309.0,-3591352.0,20006.0,4157.0,277.0,-1179.0,,2026-07-24T11:48:57.602571+08:00
2882,2022-09-30,342110.0,-13444604.0,517000.0,-12585494.0,20532.0,4570.0,526.0,413.0,,2026-07-24T11:48:57.602571+08:00
2882,2022-10-03,-747434.0,-11308384.0,821712.0,-11234106.0,20906.0,5528.0,374.0,958.0,,2026-07-24T11:48:57.602571+08:00
2882,2022-10-04,-231724.0,5709229.0,-354138.0,5123367.0,21165.0,5970.0,259.0,442.0,,2026-07-24T11:48:57.602571+08:00
2882,2022-10-05,1648668.0,5123151.0,93000.0,6864819.0,21046.0,6178.0,-119.0,208.0,,2026-07-24T11:48:57.602571+08:00
2882,2022-10-06,-140116.0,472686.0,160315.0,492885.0,21339.0,6049.0,293.0,-129.0,,2026-07-24T11:48:57.602571+08:00
2882,2022-10-07,462791.0,1294490.0,269315.0,2026596.0,20737.0,6263.0,-602.0,214.0,,2026-07-24T11:48:57.602571+08:00
2882,2022-10-11,1258550.0,-4719393.0,1361716.0,-2099127.0,20148.0,6114.0,-589.0,-149.0,,2026-07-24T11:48:57.602571+08:00
2882,2022-10-12,1888413.0,-7610391.0,390000.0,-5331978.0,20372.0,6074.0,224.0,-40.0,,2026-07-24T11:48:57.602571+08:00
2882,2022-10-13,-1102200.0,-41485966.0,423000.0,-42165166.0,21460.0,6888.0,1088.0,814.0,,2026-07-24T11:48:57.602571+08:00
2882,2022-10-14,1017521.0,-3683237.0,380302.0,-2285414.0,21988.0,5886.0,528.0,-1002.0,,2026-07-24T11:48:57.602571+08:00
2882,2022-10-17,879622.0,-8459285.0,4214105.0,-3365558.0,21547.0,5903.0,-441.0,17.0,,2026-07-24T11:48:57.602571+08:00
2882,2022-10-18,1739000.0,-1757330.0,-219000.0,-237330.0,21810.0,5487.0,263.0,-416.0,,2026-07-24T11:48:57.602571+08:00
2882,2022-10-19,800026.0,-35251.0,-111000.0,653775.0,21520.0,5358.0,-290.0,-129.0,,2026-07-24T11:48:57.602571+08:00
2882,2022-10-20,-735986.0,-10529739.0,297000.0,-10968725.0,21723.0,4537.0,203.0,-821.0,,2026-07-24T11:48:57.602571+08:00
2882,2022-10-21,-2508290.0,-19062143.0,67000.0,-21503433.0,22364.0,6304.0,641.0,1767.0,,2026-07-24T11:48:57.602571+08:00
2882,2022-10-24,1385100.0,5856480.0,-639693.0,6601887.0,22169.0,6967.0,-195.0,663.0,,2026-07-24T11:48:57.602571+08:00
2882,2022-10-25,2123694.0,1138978.0,-528000.0,2734672.0,22194.0,7089.0,25.0,122.0,,2026-07-24T11:48:57.602571+08:00
2882,2022-10-26,1882689.0,5738762.0,376000.0,7997451.0,22284.0,6567.0,90.0,-522.0,,2026-07-24T11:48:57.602571+08:00
2882,2022-10-27,161309.0,-4203880.0,155000.0,-3887571.0,22464.0,6566.0,180.0,-1.0,,2026-07-24T11:48:57.602571+08:00
2882,2022-10-28,193381.0,-2694108.0,145000.0,-2355727.0,22144.0,7226.0,-320.0,660.0,,2026-07-24T11:48:57.602571+08:00
2882,2022-10-31,101699.0,-7214316.0,-30827.0,-7143444.0,22952.0,7399.0,808.0,173.0,,2026-07-24T11:48:57.602571+08:00
2882,2022-11-01,869378.0,-1263632.0,78000.0,-316254.0,22524.0,7546.0,-428.0,147.0,,2026-07-24T11:48:57.602571+08:00
2882,2022-11-02,86810.0,1200003.0,537944.0,1824757.0,22159.0,7270.0,-365.0,-276.0,,2026-07-24T11:48:57.602571+08:00
2882,2022-11-03,802661.0,2436168.0,466058.0,3704887.0,21946.0,7123.0,-213.0,-147.0,,2026-07-24T11:48:57.602571+08:00
2882,2022-11-04,177357.0,-2100880.0,371454.0,-1552069.0,22840.0,6983.0,894.0,-140.0,,2026-07-24T11:48:57.602571+08:00
2882,2022-11-07,542823.0,3168630.0,162000.0,3873453.0,22416.0,5886.0,-424.0,-1097.0,,2026-07-24T11:48:57.602571+08:00
2882,2022-11-08,-1083492.0,1459742.0,1371000.0,1747250.0,21663.0,5909.0,-753.0,23.0,,2026-07-24T11:48:57.602571+08:00
2882,2022-11-09,-553050.0,4585398.0,37000.0,4069348.0,21698.0,5169.0,35.0,-740.0,,2026-07-24T11:48:57.602571+08:00
2882,2022-11-10,-843972.0,-1625277.0,217000.0,-2252249.0,21903.0,5174.0,205.0,5.0,,2026-07-24T11:48:57.602571+08:00
2882,2022-11-11,-594734.0,33866463.0,-92000.0,33179729.0,19202.0,5197.0,-2701.0,23.0,,2026-07-24T11:48:57.602571+08:00
2882,2022-11-14,-819403.0,607672.0,2752000.0,2540269.0,18280.0,5366.0,-922.0,169.0,,2026-07-24T11:48:57.602571+08:00
2882,2022-11-15,-862075.0,11419840.0,564000.0,11121765.0,17466.0,5435.0,-814.0,69.0,,2026-07-24T11:48:57.602571+08:00
2882,2022-11-16,-1550186.0,-221412.0,336000.0,-1435598.0,17136.0,5151.0,-330.0,-284.0,,2026-07-24T11:48:57.602571+08:00
2882,2022-11-17,-7970.0,625927.0,-450000.0,167957.0,17165.0,5405.0,29.0,254.0,,2026-07-24T11:48:57.602571+08:00
2882,2022-11-18,-744090.0,4499181.0,24000.0,3779091.0,16271.0,5129.0,-894.0,-276.0,,2026-07-24T11:48:57.602571+08:00
2882,2022-11-21,-967399.0,3545958.0,-1132000.0,1446559.0,15870.0,5082.0,-401.0,-47.0,,2026-07-24T11:48:57.602571+08:00
2882,2022-11-22,-4437520.0,621575.0,3278000.0,-537945.0,15872.0,5214.0,2.0,132.0,,2026-07-24T11:48:57.602571+08:00
2882,2022-11-23,-1069449.0,1293412.0,5292000.0,5515963.0,16249.0,4560.0,377.0,-654.0,,2026-07-24T11:48:57.602571+08:00
2882,2022-11-24,-1592000.0,49449.0,2832000.0,1289449.0,16237.0,4490.0,-12.0,-70.0,,2026-07-24T11:48:57.602571+08:00
2882,2022-11-25,-3247476.0,-701257.0,3226000.0,-722733.0,15937.0,3698.0,-300.0,-792.0,,2026-07-24T11:48:57.602571+08:00
2882,2022-11-28,-1176958.0,-5668978.0,2788471.0,-4057465.0,16880.0,2288.0,943.0,-1410.0,,2026-07-24T11:48:57.602571+08:00
2882,2022-11-29,-5734542.0,20915709.0,3719738.0,18900905.0,16805.0,6.0,-75.0,-2282.0,,2026-07-24T11:48:57.602571+08:00
2882,2022-11-30,-3763533.0,-9160011.0,2584272.0,-10339272.0,17402.0,0.0,597.0,-6.0,,2026-07-24T11:48:57.602571+08:00
2882,2022-12-01,-3432269.0,5408727.0,3391000.0,5367458.0,18034.0,0.0,632.0,0.0,,2026-07-24T11:48:57.602571+08:00
2882,2022-12-02,-5299801.0,-3871049.0,2027189.0,-7143661.0,19205.0,0.0,1171.0,0.0,,2026-07-24T11:48:57.602571+08:00
2882,2022-12-05,-3277580.0,-6825963.0,144000.0,-9959543.0,19167.0,8022.0,-38.0,8022.0,,2026-07-24T11:48:57.602571+08:00
2882,2022-12-06,-4113882.0,-12761943.0,1743.0,-16874082.0,20191.0,9993.0,1024.0,1971.0,,2026-07-24T11:48:57.602571+08:00
2882,2022-12-07,-2881479.0,3220850.0,49000.0,388371.0,19563.0,12021.0,-628.0,2028.0,,2026-07-24T11:48:57.602571+08:00
2882,2022-12-08,-1614767.0,-8206837.0,55000.0,-9766604.0,19386.0,12609.0,-177.0,588.0,,2026-07-24T11:48:57.602571+08:00
2882,2022-12-09,-505796.0,1351541.0,21000.0,866745.0,19724.0,12903.0,338.0,294.0,,2026-07-24T11:48:57.602571+08:00
2882,2022-12-12,-348314.0,-9676805.0,-282260.0,-10307379.0,19555.0,13003.0,-169.0,100.0,,2026-07-24T11:48:57.602571+08:00
2882,2022-12-13,-198346.0,-1755495.0,203000.0,-1750841.0,19711.0,13295.0,156.0,292.0,,2026-07-24T11:48:57.602571+08:00
2882,2022-12-14,-282561.0,-4568338.0,-304025.0,-5154924.0,20066.0,13517.0,355.0,222.0,,2026-07-24T11:48:57.602571+08:00
2882,2022-12-15,-2104150.0,-6887842.0,-237518.0,-9229510.0,20429.0,13798.0,363.0,281.0,,2026-07-24T11:48:57.602571+08:00
2882,2022-12-16,-1008831.0,-2426485.0,-992277.0,-4427593.0,20470.0,14439.0,41.0,641.0,,2026-07-24T11:48:57.602571+08:00
2882,2022-12-19,-490999.0,2520362.0,-1184000.0,845363.0,20626.0,14731.0,156.0,292.0,,2026-07-24T11:48:57.602571+08:00
2882,2022-12-20,-1783909.0,-3419996.0,-2860000.0,-8063905.0,20343.0,14593.0,-283.0,-138.0,,2026-07-24T11:48:57.602571+08:00
2882,2022-12-21,-3090390.0,1312662.0,588000.0,-1189728.0,20341.0,14740.0,-2.0,147.0,,2026-07-24T11:48:57.602571+08:00
2882,2022-12-22,-745000.0,4687552.0,76000.0,4018552.0,20214.0,14393.0,-127.0,-347.0,,2026-07-24T11:48:57.602571+08:00
2882,2022-12-23,14379298.0,1478607.0,11000.0,15868905.0,19059.0,12357.0,-1155.0,-2036.0,,2026-07-24T11:48:57.602571+08:00
2882,2022-12-26,1456000.0,-2951416.0,465000.0,-1030416.0,19317.0,12421.0,258.0,64.0,,2026-07-24T11:48:57.602571+08:00
2882,2022-12-27,1634870.0,2282100.0,-25129.0,3891841.0,19257.0,12766.0,-60.0,345.0,,2026-07-24T11:48:57.602571+08:00
2882,2022-12-28,319807.0,-619753.0,318000.0,18054.0,19154.0,13247.0,-103.0,481.0,,2026-07-24T11:48:57.602571+08:00
2882,2022-12-29,-1001410.0,-1218609.0,774000.0,-1446019.0,19139.0,14177.0,-15.0,930.0,,2026-07-24T11:48:57.602571+08:00
2882,2022-12-30,27202169.0,21839597.0,412000.0,49453766.0,19573.0,11059.0,434.0,-3118.0,,2026-07-24T11:48:57.602571+08:00
2882,2023-01-03,-368212.0,-195310.0,300000.0,-263522.0,19910.0,10933.0,337.0,-126.0,,2026-07-24T11:48:57.602571+08:00
2882,2023-01-04,1073206.0,-3393512.0,-4000.0,-2324306.0,20281.0,4516.0,371.0,-6417.0,,2026-07-24T11:48:57.602571+08:00
2882,2023-01-05,-470000.0,3997351.0,10218.0,3537569.0,20464.0,2865.0,183.0,-1651.0,,2026-07-24T11:48:57.602571+08:00
2882,2023-01-06,1290808.0,9774972.0,96000.0,11161780.0,20103.0,2746.0,-361.0,-119.0,,2026-07-24T11:48:57.602571+08:00
2882,2023-01-09,47223.0,24541040.0,858966.0,25447229.0,19561.0,2824.0,-542.0,78.0,,2026-07-24T11:48:57.602571+08:00
2882,2023-01-10,-132352.0,-2864204.0,15000.0,-2981556.0,19498.0,2536.0,-63.0,-288.0,,2026-07-24T11:48:57.602571+08:00
2882,2023-01-11,806919.0,126356.0,26000.0,959275.0,19271.0,2021.0,-227.0,-515.0,,2026-07-24T11:48:57.602571+08:00
2882,2023-01-12,657375.0,1986178.0,132000.0,2775553.0,19135.0,2051.0,-136.0,30.0,,2026-07-24T11:48:57.602571+08:00
2882,2023-01-13,96028.0,6305281.0,-425000.0,5976309.0,19034.0,2103.0,-101.0,52.0,,2026-07-24T11:48:57.602571+08:00
2882,2023-01-16,209000.0,-1407271.0,-567376.0,-1765647.0,18603.0,2071.0,-431.0,-32.0,,2026-07-24T11:48:57.602571+08:00
2882,2023-01-17,652161.0,3596506.0,-2352057.0,1896610.0,18430.0,2039.0,-173.0,-32.0,,2026-07-24T11:48:57.602571+08:00
2882,2023-01-30,304419.0,7736961.0,198075.0,8239455.0,17436.0,2153.0,-994.0,114.0,,2026-07-24T11:48:57.602571+08:00
2882,2023-01-31,30000.0,-717430.0,916070.0,228640.0,17126.0,2146.0,-310.0,-7.0,,2026-07-24T11:48:57.602571+08:00
2882,2023-02-01,-1053001.0,4227599.0,466000.0,3640598.0,17025.0,2136.0,-101.0,-10.0,,2026-07-24T11:48:57.602571+08:00
2882,2023-02-02,80483.0,16827870.0,963000.0,17871353.0,17364.0,2203.0,339.0,67.0,,2026-07-24T11:48:57.602571+08:00
2882,2023-02-03,-329092.0,-15306133.0,486000.0,-15149225.0,17360.0,2161.0,-4.0,-42.0,,2026-07-24T11:48:57.602571+08:00
2882,2023-02-06,89932.0,-8437471.0,732000.0,-7615539.0,17314.0,2127.0,-46.0,-34.0,,2026-07-24T11:48:57.602571+08:00
2882,2023-02-07,170013.0,-2417372.0,872000.0,-1375359.0,17063.0,2135.0,-251.0,8.0,,2026-07-24T11:48:57.602571+08:00
2882,2023-02-08,9078.0,-3047804.0,-151000.0,-3189726.0,16998.0,1557.0,-65.0,-578.0,,2026-07-24T11:48:57.602571+08:00
2882,2023-02-09,-13676.0,-3828464.0,501000.0,-3341140.0,16988.0,1542.0,-10.0,-15.0,,2026-07-24T11:48:57.602571+08:00
2882,2023-02-10,-467287.0,-498475.0,711000.0,-254762.0,16984.0,1592.0,-4.0,50.0,,2026-07-24T11:48:57.602571+08:00
2882,2023-02-13,-197252.0,-1174428.0,1571726.0,200046.0,17128.0,1529.0,144.0,-63.0,,2026-07-24T11:48:57.602571+08:00
2882,2023-02-14,-24801.0,11808259.0,700000.0,12483458.0,17056.0,1555.0,-72.0,26.0,,2026-07-24T11:48:57.602571+08:00
2882,2023-02-15,-116503.0,-3693454.0,-2046928.0,-5856885.0,17563.0,1532.0,507.0,-23.0,,2026-07-24T11:48:57.602571+08:00
2882,2023-02-16,-265457.0,-1966821.0,328620.0,-1903658.0,17682.0,1512.0,119.0,-20.0,,2026-07-24T11:48:57.602571+08:00
2882,2023-02-17,349290.0,12864636.0,830033.0,14043959.0,16887.0,1560.0,-795.0,48.0,,2026-07-24T11:48:57.602571+08:00
2882,2023-02-20,-130627.0,10311087.0,458000.0,10638460.0,16641.0,1583.0,-246.0,23.0,,2026-07-24T11:48:57.602571+08:00
2882,2023-02-21,-496936.0,-2852935.0,90000.0,-3259871.0,16879.0,1582.0,238.0,-1.0,,2026-07-24T11:48:57.602571+08:00
2882,2023-02-22,-709459.0,-881697.0,1438000.0,-153156.0,16425.0,1575.0,-454.0,-7.0,,2026-07-24T11:48:57.602571+08:00
2882,2023-02-23,196356.0,-2080440.0,-309000.0,-2193084.0,16457.0,1572.0,32.0,-3.0,,2026-07-24T11:48:57.602571+08:00
2882,2023-02-24,-61336.0,3204276.0,12000.0,3154940.0,16558.0,1589.0,101.0,17.0,,2026-07-24T11:48:57.602571+08:00
2882,2023-03-01,-683120.0,-13378395.0,915000.0,-13146515.0,16873.0,1550.0,315.0,-39.0,,2026-07-24T11:48:57.602571+08:00
2882,2023-03-02,-384654.0,-1382404.0,1464121.0,-302937.0,17442.0,1500.0,569.0,-50.0,,2026-07-24T11:48:57.602571+08:00
2882,2023-03-03,34000.0,1522448.0,604000.0,2160448.0,17410.0,1492.0,-32.0,-8.0,,2026-07-24T11:48:57.602571+08:00
2882,2023-03-06,-129000.0,5825179.0,598728.0,6294907.0,17547.0,1508.0,137.0,16.0,,2026-07-24T11:48:57.602571+08:00
2882,2023-03-07,173768.0,966821.0,538728.0,1679317.0,17534.0,1509.0,-13.0,1.0,,2026-07-24T11:48:57.602571+08:00
2882,2023-03-08,374631.0,-686835.0,-58000.0,-370204.0,17155.0,1500.0,-379.0,-9.0,,2026-07-24T11:48:57.602571+08:00
2882,2023-03-09,-267460.0,3522159.0,187630.0,3442329.0,16929.0,1334.0,-226.0,-166.0,,2026-07-24T11:48:57.602571+08:00
2882,2023-03-10,-906147.0,-13529743.0,955588.0,-13480302.0,16905.0,1660.0,-24.0,326.0,,2026-07-24T11:48:57.602571+08:00
2882,2023-03-13,-335072.0,-401050.0,1823669.0,1087547.0,16836.0,1701.0,-69.0,41.0,,2026-07-24T11:48:57.602571+08:00
2882,2023-03-14,-82861.0,-8541350.0,2235557.0,-6388654.0,17019.0,1487.0,183.0,-214.0,,2026-07-24T11:48:57.602571+08:00
2882,2023-03-15,-2027804.0,-4637270.0,1364229.0,-5300845.0,17267.0,1186.0,248.0,-301.0,,2026-07-24T11:48:57.602571+08:00
2882,2023-03-16,-592442.0,-11847737.0,802799.0,-11637380.0,17409.0,3410.0,142.0,2224.0,,2026-07-24T11:48:57.602571+08:00
2882,2023-03-17,-349152.0,-8091829.0,7666505.0,-774476.0,17593.0,3477.0,184.0,67.0,,2026-07-24T11:48:57.602571+08:00
2882,2023-03-20,-592043.0,-20945575.0,778000.0,-20759618.0,18027.0,3487.0,434.0,10.0,,2026-07-24T11:48:57.602571+08:00
2882,2023-03-21,376768.0,-3459965.0,98000.0,-2985197.0,18065.0,3177.0,38.0,-310.0,,2026-07-24T11:48:57.602571+08:00
2882,2023-03-22,218000.0,-1588432.0,53131.0,-1317301.0,18309.0,2528.0,244.0,-649.0,,2026-07-24T11:48:57.602571+08:00
2882,2023-03-23,24000.0,3981573.0,412369.0,4417942.0,18298.0,2238.0,-11.0,-290.0,,2026-07-24T11:48:57.602571+08:00
2882,2023-03-24,-122564.0,-4424599.0,1408088.0,-3139075.0,18484.0,2076.0,186.0,-162.0,,2026-07-24T11:48:57.602571+08:00
2882,2023-03-27,-211303.0,152690.0,-939000.0,-997613.0,18246.0,218.0,-238.0,-1858.0,,2026-07-24T11:48:57.602571+08:00
2882,2023-03-28,61764.0,3389872.0,-16911.0,3434725.0,18007.0,186.0,-239.0,-32.0,,2026-07-24T11:48:57.602571+08:00
2882,2023-03-29,-1039730.0,6312570.0,25618.0,5298458.0,17863.0,3.0,-144.0,-183.0,,2026-07-24T11:48:57.602571+08:00
2882,2023-03-30,-112618.0,1256999.0,-15291.0,1129090.0,17898.0,0.0,35.0,-3.0,,2026-07-24T11:48:57.602571+08:00
2882,2023-03-31,-738455.0,5374294.0,-16000.0,4619839.0,16941.0,0.0,-957.0,0.0,,2026-07-24T11:48:57.602571+08:00
2882,2023-04-06,-1014403.0,5524576.0,-976000.0,3534173.0,16817.0,0.0,-124.0,0.0,,2026-07-24T11:48:57.602571+08:00
2882,2023-04-07,-97699.0,10123832.0,108534.0,10134667.0,16679.0,37.0,-138.0,37.0,,2026-07-24T11:48:57.602571+08:00
2882,2023-04-10,224301.0,5658849.0,7772.0,5890922.0,16884.0,56.0,205.0,19.0,,2026-07-24T11:48:57.602571+08:00
2882,2023-04-11,-281000.0,4369807.0,41000.0,4129807.0,16974.0,92.0,90.0,36.0,,2026-07-24T11:48:57.602571+08:00
2882,2023-04-12,223999.0,7474322.0,57000.0,7755321.0,17026.0,139.0,52.0,47.0,,2026-07-24T11:48:57.602571+08:00
2882,2023-04-13,-122675.0,3016114.0,128000.0,3021439.0,17133.0,178.0,107.0,39.0,,2026-07-24T11:48:57.602571+08:00
2882,2023-04-14,101394.0,12027255.0,10000.0,12138649.0,16792.0,215.0,-341.0,37.0,,2026-07-24T11:48:57.602571+08:00
2882,2023-04-17,-4000.0,3362562.0,59000.0,3417562.0,16710.0,215.0,-82.0,0.0,,2026-07-24T11:48:57.602571+08:00
2882,2023-04-18,69998.0,2616064.0,9684.0,2695746.0,16670.0,229.0,-40.0,14.0,,2026-07-24T11:48:57.602571+08:00
2882,2023-04-19,-426362.0,329413.0,-530001.0,-626950.0,16736.0,222.0,66.0,-7.0,,2026-07-24T11:48:57.602571+08:00
2882,2023-04-20,174832.0,3263699.0,-451252.0,2987279.0,16546.0,260.0,-190.0,38.0,,2026-07-24T11:48:57.602571+08:00
2882,2023-04-21,53830.0,877028.0,-1119441.0,-188583.0,16378.0,267.0,-168.0,7.0,,2026-07-24T11:48:57.602571+08:00
2882,2023-04-24,-776885.0,1241452.0,131000.0,595567.0,16428.0,274.0,50.0,7.0,,2026-07-24T11:48:57.602571+08:00
2882,2023-04-25,-128405.0,2910446.0,180000.0,2962041.0,16270.0,315.0,-158.0,41.0,,2026-07-24T11:48:57.602571+08:00
2882,2023-04-26,1283041.0,-3071082.0,375000.0,-1413041.0,16315.0,333.0,45.0,18.0,,2026-07-24T11:48:57.602571+08:00
2882,2023-04-27,53190.0,306347.0,88000.0,447537.0,16380.0,379.0,65.0,46.0,,2026-07-24T11:48:57.602571+08:00
2882,2023-04-28,660815.0,3890468.0,43000.0,4594283.0,16359.0,470.0,-21.0,91.0,,2026-07-24T11:48:57.602571+08:00
2882,2023-05-02,166703.0,322571.0,199000.0,688274.0,16465.0,410.0,106.0,-60.0,,2026-07-24T11:48:57.602571+08:00
2882,2023-05-03,101302.0,460178.0,778068.0,1339548.0,16592.0,430.0,127.0,20.0,,2026-07-24T11:48:57.602571+08:00
2882,2023-05-04,-203082.0,-19240.0,929307.0,706985.0,16683.0,365.0,91.0,-65.0,,2026-07-24T11:48:57.602571+08:00
2882,2023-05-05,105708.0,1883777.0,555166.0,2544651.0,16590.0,372.0,-93.0,7.0,,2026-07-24T11:48:57.602571+08:00
2882,2023-05-08,126999.0,8461140.0,811334.0,9399473.0,16589.0,371.0,-1.0,-1.0,,2026-07-24T11:48:57.602571+08:00
2882,2023-05-09,247822.0,11188199.0,66804.0,11502825.0,16268.0,407.0,-321.0,36.0,,2026-07-24T11:48:57.602571+08:00
2882,2023-05-10,-145263.0,-5945189.0,716027.0,-5374425.0,16532.0,397.0,264.0,-10.0,,2026-07-24T11:48:57.602571+08:00
2882,2023-05-11,323308.0,17295568.0,643237.0,18262113.0,15873.0,436.0,-659.0,39.0,,2026-07-24T11:48:57.602571+08:00
2882,2023-05-12,-315667.0,-12242377.0,773163.0,-11784881.0,16510.0,404.0,637.0,-32.0,,2026-07-24T11:48:57.602571+08:00
2882,2023-05-15,734762.0,6362405.0,1039981.0,8137148.0,16198.0,442.0,-312.0,38.0,,2026-07-24T11:48:57.602571+08:00
2882,2023-05-16,2619996.0,6066111.0,1335330.0,10021437.0,16356.0,483.0,158.0,41.0,,2026-07-24T11:48:57.602571+08:00
2882,2023-05-17,6898575.0,7321165.0,369905.0,14589645.0,16196.0,603.0,-160.0,120.0,,2026-07-24T11:48:57.602571+08:00
2882,2023-05-18,2892666.0,12238880.0,431559.0,15563105.0,15595.0,638.0,-601.0,35.0,,2026-07-24T11:48:57.602571+08:00
2882,2023-05-19,1154280.0,20129106.0,1461882.0,22745268.0,14653.0,663.0,-942.0,25.0,,2026-07-24T11:48:57.602571+08:00
2882,2023-05-22,-196005.0,2213744.0,1994669.0,4012408.0,14247.0,564.0,-406.0,-99.0,,2026-07-24T11:48:57.602571+08:00
2882,2023-05-23,626092.0,4266412.0,1741000.0,6633504.0,14379.0,645.0,132.0,81.0,,2026-07-24T11:48:57.602571+08:00
2882,2023-05-24,806382.0,155515.0,1720502.0,2682399.0,14482.0,806.0,103.0,161.0,,2026-07-24T11:48:57.602571+08:00
2882,2023-05-25,-238690.0,-8531244.0,1572000.0,-7197934.0,14708.0,675.0,226.0,-131.0,,2026-07-24T11:48:57.602571+08:00
2882,2023-05-26,209980.0,-6362800.0,1414000.0,-4738820.0,14760.0,661.0,52.0,-14.0,,2026-07-24T11:48:57.602571+08:00
2882,2023-05-29,922451.0,12075796.0,1471168.0,14469415.0,14137.0,815.0,-623.0,154.0,,2026-07-24T11:48:57.602571+08:00
2882,2023-05-30,-61889.0,-7274376.0,1361169.0,-5975096.0,14248.0,806.0,111.0,-9.0,,2026-07-24T11:48:57.602571+08:00
2882,2023-05-31,1531215.0,-6690569.0,2174623.0,-2984731.0,14295.0,779.0,47.0,-27.0,,2026-07-24T11:48:57.602571+08:00
2882,2023-06-01,66837.0,-7951870.0,1618169.0,-6266864.0,14546.0,771.0,251.0,-8.0,,2026-07-24T11:48:57.602571+08:00
2882,2023-06-02,197572.0,282464.0,1706168.0,2186204.0,14475.0,771.0,-71.0,0.0,,2026-07-24T11:48:57.602571+08:00
2882,2023-06-05,835749.0,15116865.0,1483932.0,17436546.0,14199.0,802.0,-276.0,31.0,,2026-07-24T11:48:57.602571+08:00
2882,2023-06-06,44000.0,-48809.0,1245163.0,1240354.0,14064.0,804.0,-135.0,2.0,,2026-07-24T11:48:57.602571+08:00
2882,2023-06-07,401815.0,7757866.0,1270836.0,9430517.0,14221.0,803.0,157.0,-1.0,,2026-07-24T11:48:57.602571+08:00
2882,2023-06-08,-669912.0,-7026721.0,76184.0,-7620449.0,14971.0,780.0,750.0,-23.0,,2026-07-24T11:48:57.602571+08:00
2882,2023-06-09,233203.0,1029669.0,-113322.0,1149550.0,15334.0,775.0,363.0,-5.0,,2026-07-24T11:48:57.602571+08:00
2882,2023-06-12,21352.0,-787230.0,-1443000.0,-2208878.0,15378.0,640.0,44.0,-135.0,,2026-07-24T11:48:57.602571+08:00
2882,2023-06-13,825004.0,987579.0,-132335.0,1680248.0,15675.0,323.0,297.0,-317.0,,2026-07-24T11:48:57.602571+08:00
2882,2023-06-14,487998.0,5292915.0,-31664.0,5749249.0,15718.0,413.0,43.0,90.0,,2026-07-24T11:48:57.602571+08:00
2882,2023-06-15,-199266.0,-2553558.0,-108664.0,-2861488.0,15818.0,373.0,100.0,-40.0,,2026-07-24T11:48:57.602571+08:00
2882,2023-06-16,15299.0,-6088592.0,-1886346.0,-7959639.0,16131.0,187.0,313.0,-186.0,,2026-07-24T11:48:57.602571+08:00
2882,2023-06-19,-467457.0,-6059710.0,-79221.0,-6606388.0,16332.0,164.0,201.0,-23.0,,2026-07-24T11:48:57.602571+08:00
2882,2023-06-20,250000.0,3816021.0,-66853.0,3999168.0,16245.0,0.0,-87.0,-164.0,,2026-07-24T11:48:57.602571+08:00
2882,2023-06-21,325000.0,2165158.0,-348595.0,2141563.0,16416.0,0.0,171.0,0.0,,2026-07-24T11:48:57.602571+08:00
2882,2023-06-26,282666.0,-4309186.0,12000.0,-4014520.0,16485.0,0.0,69.0,0.0,,2026-07-24T11:48:57.602571+08:00
2882,2023-06-27,590570.0,-200177.0,2901001.0,3291394.0,16429.0,0.0,-56.0,0.0,,2026-07-24T11:48:57.602571+08:00
2882,2023-06-28,1441215.0,-3758455.0,-1273801.0,-3591041.0,16211.0,57.0,-218.0,57.0,,2026-07-24T11:48:57.602571+08:00
2882,2023-06-29,315765.0,-6674594.0,83951.0,-6274878.0,16258.0,69.0,47.0,12.0,,2026-07-24T11:48:57.602571+08:00
2882,2023-06-30,-31461.0,-5175052.0,-521690.0,-5728203.0,16465.0,74.0,207.0,5.0,,2026-07-24T11:48:57.602571+08:00
2882,2023-07-03,39596.0,187379.0,-1216128.0,-989153.0,16526.0,92.0,61.0,18.0,,2026-07-24T11:48:57.602571+08:00
2882,2023-07-04,-625132.0,-1867390.0,-4178000.0,-6670522.0,16751.0,91.0,225.0,-1.0,,2026-07-24T11:48:57.602571+08:00
2882,2023-07-05,-355189.0,-549231.0,5449.0,-898971.0,17580.0,224.0,829.0,133.0,,2026-07-24T11:48:57.602571+08:00
2882,2023-07-06,-1309166.0,-15270899.0,-15000.0,-16595065.0,17584.0,82.0,4.0,-142.0,,2026-07-24T11:48:57.602571+08:00
2882,2023-07-07,-269791.0,-8119162.0,-18000.0,-8406953.0,17618.0,124.0,34.0,42.0,,2026-07-24T11:48:57.602571+08:00
2882,2023-07-10,-553343.0,433341.0,0.0,-120002.0,17719.0,157.0,101.0,33.0,,2026-07-24T11:48:57.602571+08:00
2882,2023-07-11,271009.0,7998225.0,-1132000.0,7137234.0,17907.0,229.0,188.0,72.0,,2026-07-24T11:48:57.602571+08:00
2882,2023-07-12,-1528000.0,4932155.0,-1268000.0,2136155.0,17750.0,381.0,-157.0,152.0,,2026-07-24T11:48:57.602571+08:00
2882,2023-07-13,-17375.0,838440.0,-2405000.0,-1583935.0,17477.0,307.0,-273.0,-74.0,,2026-07-24T11:48:57.602571+08:00
2882,2023-07-14,224000.0,4058100.0,139621.0,4421721.0,17530.0,364.0,53.0,57.0,,2026-07-24T11:48:57.602571+08:00
2882,2023-07-17,1317742.0,13278334.0,-49385.0,14546691.0,17032.0,394.0,-498.0,30.0,,2026-07-24T11:48:57.602571+08:00
2882,2023-07-18,-540000.0,5467000.0,1224808.0,6151808.0,15384.0,449.0,-1648.0,55.0,,2026-07-24T11:48:57.602571+08:00
2882,2023-07-19,-660015.0,-2011064.0,-659193.0,-3330272.0,15453.0,517.0,69.0,68.0,,2026-07-24T11:48:57.602571+08:00
2882,2023-07-20,55000.0,4292604.0,-731000.0,3616604.0,15153.0,535.0,-300.0,18.0,,2026-07-24T11:48:57.602571+08:00
2882,2023-07-21,-7700.0,-3053454.0,-592000.0,-3653154.0,15687.0,567.0,534.0,32.0,,2026-07-24T11:48:57.602571+08:00
2882,2023-07-24,-106463.0,-1173639.0,-895000.0,-2175102.0,15875.0,557.0,188.0,-10.0,,2026-07-24T11:48:57.602571+08:00
2882,2023-07-25,-446000.0,2780097.0,14000.0,2348097.0,16110.0,557.0,235.0,0.0,,2026-07-24T11:48:57.602571+08:00
2882,2023-07-26,486130.0,16986897.0,8000.0,17481027.0,16301.0,636.0,191.0,79.0,,2026-07-24T11:48:57.602571+08:00
2882,2023-07-27,343000.0,18112126.0,164772.0,18619898.0,16424.0,555.0,123.0,-81.0,,2026-07-24T11:48:57.602571+08:00
2882,2023-07-28,142000.0,-3533153.0,-134000.0,-3525153.0,17256.0,456.0,832.0,-99.0,,2026-07-24T11:48:57.602571+08:00
2882,2023-07-31,674981.0,-2402766.0,15771.0,-1712014.0,17514.0,438.0,258.0,-18.0,,2026-07-24T11:48:57.602571+08:00
2882,2023-08-01,525358.0,18598970.0,92000.0,19216328.0,17706.0,341.0,192.0,-97.0,,2026-07-24T11:48:57.602571+08:00
2882,2023-08-02,-1150071.0,-16949791.0,4953000.0,-13146862.0,18036.0,279.0,330.0,-62.0,,2026-07-24T11:48:57.602571+08:00
2882,2023-08-04,175107.0,1084031.0,390697.0,1649835.0,19597.0,280.0,1561.0,1.0,,2026-07-24T11:48:57.602571+08:00
2882,2023-08-07,530854.0,1526077.0,277000.0,2333931.0,17645.0,278.0,-1952.0,-2.0,,2026-07-24T11:48:57.602571+08:00
2882,2023-08-08,870165.0,8373812.0,452000.0,9695977.0,17703.0,556.0,58.0,278.0,,2026-07-24T11:48:57.602571+08:00
2882,2023-08-09,-316440.0,-6353184.0,191765.0,-6477859.0,16956.0,279.0,-747.0,-277.0,,2026-07-24T11:48:57.602571+08:00
2882,2023-08-10,537972.0,2034900.0,1862000.0,4434872.0,16709.0,434.0,-247.0,155.0,,2026-07-24T11:48:57.602571+08:00
2882,2023-08-11,-632821.0,-3247803.0,691000.0,-3189624.0,16826.0,338.0,117.0,-96.0,,2026-07-24T11:48:57.602571+08:00
2882,2023-08-14,-1534497.0,-1384055.0,971445.0,-1947107.0,16117.0,233.0,-709.0,-105.0,,2026-07-24T11:48:57.602571+08:00
2882,2023-08-15,60946.0,2845161.0,347000.0,3253107.0,15996.0,272.0,-121.0,39.0,,2026-07-24T11:48:57.602571+08:00
2882,2023-08-16,520817.0,1159452.0,576191.0,2256460.0,16187.0,359.0,191.0,87.0,,2026-07-24T11:48:57.602571+08:00
2882,2023-08-17,438131.0,-486703.0,548106.0,499534.0,16269.0,281.0,82.0,-78.0,,2026-07-24T11:48:57.602571+08:00
2882,2023-08-18,393289.0,831632.0,122000.0,1346921.0,16351.0,319.0,82.0,38.0,,2026-07-24T11:48:57.602571+08:00
2882,2023-08-21,81744.0,2058479.0,118593.0,2258816.0,16291.0,487.0,-60.0,168.0,,2026-07-24T11:48:57.602571+08:00
2882,2023-08-22,-442730.0,-3183080.0,-217209.0,-3843019.0,16519.0,539.0,228.0,52.0,,2026-07-24T11:48:57.602571+08:00
2882,2023-08-23,652311.0,-1388025.0,-5441953.0,-6177667.0,16774.0,523.0,255.0,-16.0,,2026-07-24T11:48:57.602571+08:00
2882,2023-08-24,442226.0,-1069177.0,32192.0,-594759.0,16889.0,535.0,115.0,12.0,,2026-07-24T11:48:57.602571+08:00
2882,2023-08-25,56961.0,636553.0,55233.0,748747.0,16894.0,541.0,5.0,6.0,,2026-07-24T11:48:57.602571+08:00
2882,2023-08-28,266000.0,5753027.0,140714.0,6159741.0,16989.0,524.0,95.0,-17.0,,2026-07-24T11:48:57.602571+08:00
2882,2023-08-29,328361.0,4945341.0,401000.0,5674702.0,17011.0,534.0,22.0,10.0,,2026-07-24T11:48:57.602571+08:00
2882,2023-08-30,1397000.0,732000.0,116793.0,2245793.0,16679.0,533.0,-332.0,-1.0,,2026-07-24T11:48:57.602571+08:00
2882,2023-08-31,109229.0,-2781636.0,482035.0,-2190372.0,16627.0,473.0,-52.0,-60.0,,2026-07-24T11:48:57.602571+08:00
2882,2023-09-01,1111774.0,11652916.0,88946.0,12853636.0,16401.0,756.0,-226.0,283.0,,2026-07-24T11:48:57.602571+08:00
2882,2023-09-04,-310371.0,-48153.0,73559.0,-284965.0,16427.0,524.0,26.0,-232.0,,2026-07-24T11:48:57.602571+08:00
2882,2023-09-05,-18000.0,-119169.0,43420.0,-93749.0,16536.0,517.0,109.0,-7.0,,2026-07-24T11:48:57.602571+08:00
2882,2023-09-06,-722454.0,-4947142.0,175828.0,-5493768.0,16312.0,504.0,-224.0,-13.0,,2026-07-24T11:48:57.602571+08:00
2882,2023-09-07,-479080.0,-510353.0,263753.0,-725680.0,15493.0,501.0,-819.0,-3.0,,2026-07-24T11:48:57.602571+08:00
2882,2023-09-08,103998.0,3254824.0,302178.0,3661000.0,14992.0,510.0,-501.0,9.0,,2026-07-24T11:48:57.602571+08:00
2882,2023-09-11,145654.0,3069674.0,199973.0,3415301.0,14990.0,523.0,-2.0,13.0,,2026-07-24T11:48:57.602571+08:00
2882,2023-09-12,-196000.0,1902353.0,85000.0,1791353.0,14911.0,526.0,-79.0,3.0,,2026-07-24T11:48:57.602571+08:00
2882,2023-09-13,-5000.0,2009794.0,41159.0,2045953.0,14898.0,724.0,-13.0,198.0,,2026-07-24T11:48:57.602571+08:00
2882,2023-09-14,1000.0,3021311.0,0.0,3022311.0,14824.0,703.0,-74.0,-21.0,,2026-07-24T11:48:57.602571+08:00
2882,2023-09-15,-116999.0,11730.0,-412008.0,-517277.0,14690.0,503.0,-134.0,-200.0,,2026-07-24T11:48:57.602571+08:00
2882,2023-09-18,48117.0,-898405.0,65212.0,-785076.0,14763.0,503.0,73.0,0.0,,2026-07-24T11:48:57.602571+08:00
2882,2023-09-19,136000.0,-1338896.0,144737.0,-1058159.0,14753.0,504.0,-10.0,1.0,,2026-07-24T11:48:57.602571+08:00
2882,2023-09-20,-1550449.0,-5337611.0,90675.0,-6797385.0,14933.0,492.0,180.0,-12.0,,2026-07-24T11:48:57.602571+08:00
2882,2023-09-21,-840942.0,-15989419.0,315721.0,-16514640.0,15248.0,905.0,315.0,413.0,,2026-07-24T11:48:57.602571+08:00
2882,2023-09-22,-126966.0,-5511768.0,135676.0,-5503058.0,15277.0,946.0,29.0,41.0,,2026-07-24T11:48:57.602571+08:00
2882,2023-09-25,122984.0,-3912029.0,26740.0,-3762305.0,15406.0,1010.0,129.0,64.0,,2026-07-24T11:48:57.602571+08:00
2882,2023-09-26,-669075.0,-5218319.0,175701.0,-5711693.0,15463.0,1036.0,57.0,26.0,,2026-07-24T11:48:57.602571+08:00
2882,2023-09-27,-734207.0,-2718011.0,722854.0,-2729364.0,15017.0,1041.0,-446.0,5.0,,2026-07-24T11:48:57.602571+08:00
2882,2023-09-28,132000.0,-4423925.0,547000.0,-3744925.0,15072.0,1051.0,55.0,10.0,,2026-07-24T11:48:57.602571+08:00
2882,2023-10-02,149178.0,-5188987.0,473417.0,-4566392.0,15052.0,1022.0,-20.0,-29.0,,2026-07-24T11:48:57.602571+08:00
2882,2023-10-03,-465977.0,-9054657.0,-823672.0,-10344306.0,15320.0,1065.0,268.0,43.0,,2026-07-24T11:48:57.602571+08:00
2882,2023-10-04,-1391591.0,-3145871.0,-620384.0,-5157846.0,15189.0,1114.0,-131.0,49.0,,2026-07-24T11:48:57.602571+08:00
2882,2023-10-05,-93612.0,-1719915.0,71017.0,-1742510.0,15321.0,1122.0,132.0,8.0,,2026-07-24T11:48:57.602571+08:00
2882,2023-10-06,523000.0,744118.0,648000.0,1915118.0,14710.0,1161.0,-611.0,39.0,,2026-07-24T11:48:57.602571+08:00
2882,2023-10-11,1360794.0,18623230.0,243000.0,20227024.0,13952.0,876.0,-758.0,-285.0,,2026-07-24T11:48:57.602571+08:00
2882,2023-10-12,-89550.0,4852977.0,345053.0,5108480.0,13664.0,862.0,-288.0,-14.0,,2026-07-24T11:48:57.602571+08:00
2882,2023-10-13,-363000.0,-3919087.0,390476.0,-3891611.0,13849.0,825.0,185.0,-37.0,,2026-07-24T11:48:57.602571+08:00
2882,2023-10-16,46001.0,1263237.0,565147.0,1874385.0,13667.0,833.0,-182.0,8.0,,2026-07-24T11:48:57.602571+08:00
2882,2023-10-17,16017.0,-1115079.0,130748.0,-968314.0,13636.0,772.0,-31.0,-61.0,,2026-07-24T11:48:57.602571+08:00
2882,2023-10-18,865618.0,2263095.0,1382719.0,4511432.0,13479.0,783.0,-157.0,11.0,,2026-07-24T11:48:57.602571+08:00
2882,2023-10-19,96966.0,-5756570.0,4746959.0,-912645.0,13570.0,773.0,91.0,-10.0,,2026-07-24T11:48:57.602571+08:00
2882,2023-10-20,-503866.0,-10205274.0,5253803.0,-5455337.0,13631.0,827.0,61.0,54.0,,2026-07-24T11:48:57.602571+08:00
2882,2023-10-23,-238169.0,-6811235.0,2001052.0,-5048352.0,13861.0,804.0,230.0,-23.0,,2026-07-24T11:48:57.602571+08:00
2882,2023-10-24,-247871.0,-2584121.0,700313.0,-2131679.0,13915.0,804.0,54.0,0.0,,2026-07-24T11:48:57.602571+08:00
2882,2023-10-25,59365.0,-2431957.0,789667.0,-1582925.0,14060.0,787.0,145.0,-17.0,,2026-07-24T11:48:57.602571+08:00
2882,2023-10-26,-413755.0,-2704604.0,275252.0,-2843107.0,14056.0,767.0,-4.0,-20.0,,2026-07-24T11:48:57.602571+08:00
2882,2023-10-27,107341.0,224815.0,481113.0,813269.0,14039.0,795.0,-17.0,28.0,,2026-07-24T11:48:57.602571+08:00
2882,2023-10-30,219252.0,-4822540.0,1163185.0,-3440103.0,14135.0,790.0,96.0,-5.0,,2026-07-24T11:48:57.602571+08:00
2882,2023-10-31,-115748.0,-149847.0,976742.0,711147.0,14026.0,789.0,-109.0,-1.0,,2026-07-24T11:48:57.602571+08:00
2882,2023-11-01,-133508.0,1950724.0,1350816.0,3168032.0,13840.0,754.0,-186.0,-35.0,,2026-07-24T11:48:57.602571+08:00
2882,2023-11-02,403979.0,2020721.0,473033.0,2897733.0,13767.0,737.0,-73.0,-17.0,,2026-07-24T11:48:57.602571+08:00
2882,2023-11-03,163525.0,5799439.0,555000.0,6517964.0,13678.0,718.0,-89.0,-19.0,,2026-07-24T11:48:57.602571+08:00
2882,2023-11-06,-153045.0,5024232.0,184984.0,5056171.0,13674.0,716.0,-4.0,-2.0,,2026-07-24T11:48:57.602571+08:00
2882,2023-11-07,-573978.0,-742937.0,391494.0,-925421.0,13682.0,700.0,8.0,-16.0,,2026-07-24T11:48:57.602571+08:00
2882,2023-11-08,47000.0,-680345.0,-23500.0,-656845.0,13707.0,706.0,25.0,6.0,,2026-07-24T11:48:57.602571+08:00
2882,2023-11-09,72636.0,215531.0,537750.0,825917.0,13657.0,696.0,-50.0,-10.0,,2026-07-24T11:48:57.602571+08:00
2882,2023-11-10,-109956.0,43964.0,612964.0,546972.0,13419.0,659.0,-238.0,-37.0,,2026-07-24T11:48:57.602571+08:00
2882,2023-11-13,230912.0,-1225293.0,777750.0,-216631.0,13124.0,638.0,-295.0,-21.0,,2026-07-24T11:48:57.602571+08:00
2882,2023-11-14,859815.0,429076.0,462250.0,1751141.0,13202.0,661.0,78.0,23.0,,2026-07-24T11:48:57.602571+08:00
2882,2023-11-15,312269.0,2393396.0,-1331999.0,1373666.0,13687.0,622.0,485.0,-39.0,,2026-07-24T11:48:57.602571+08:00
2882,2023-11-16,165000.0,3972375.0,-1471719.0,2665656.0,14053.0,624.0,366.0,2.0,,2026-07-24T11:48:57.602571+08:00
2882,2023-11-17,107994.0,4488533.0,-701398.0,3895129.0,14115.0,600.0,62.0,-24.0,,2026-07-24T11:48:57.602571+08:00
2882,2023-11-20,-215322.0,-2012935.0,58716.0,-2169541.0,14284.0,593.0,169.0,-7.0,,2026-07-24T11:48:57.602571+08:00
2882,2023-11-21,90683.0,9715954.0,1175396.0,10982033.0,14042.0,566.0,-242.0,-27.0,,2026-07-24T11:48:57.602571+08:00
2882,2023-11-22,-52000.0,5084467.0,610357.0,5642824.0,14042.0,572.0,0.0,6.0,,2026-07-24T11:48:57.602571+08:00
2882,2023-11-23,-392963.0,5508448.0,-20601.0,5094884.0,13805.0,576.0,-237.0,4.0,,2026-07-24T11:48:57.602571+08:00
2882,2023-11-24,-17001.0,2787530.0,-74300.0,2696229.0,13546.0,579.0,-259.0,3.0,,2026-07-24T11:48:57.602571+08:00
2882,2023-11-27,-182978.0,-3253474.0,-60790.0,-3497242.0,13986.0,577.0,440.0,-2.0,,2026-07-24T11:48:57.602571+08:00
2882,2023-11-28,275000.0,-39343.0,-1019000.0,-783343.0,14089.0,585.0,103.0,8.0,,2026-07-24T11:48:57.602571+08:00
2882,2023-11-29,92000.0,-577010.0,-23247.0,-508257.0,14097.0,580.0,8.0,-5.0,,2026-07-24T11:48:57.602571+08:00
2882,2023-11-30,65206.0,7637631.0,-21391.0,7681446.0,13911.0,615.0,-186.0,35.0,,2026-07-24T11:48:57.602571+08:00
2882,2023-12-01,-241873.0,-4083841.0,750754.0,-3574960.0,13877.0,578.0,-34.0,-37.0,,2026-07-24T11:48:57.602571+08:00
2882,2023-12-04,-76619.0,2416106.0,-612071.0,1727416.0,14485.0,576.0,608.0,-2.0,,2026-07-24T11:48:57.602571+08:00
2882,2023-12-05,-625786.0,-9587273.0,-19000.0,-10232059.0,14237.0,557.0,-248.0,-19.0,,2026-07-24T11:48:57.602571+08:00
2882,2023-12-06,208840.0,-3763482.0,1000.0,-3553642.0,14106.0,557.0,-131.0,0.0,,2026-07-24T11:48:57.602571+08:00
2882,2023-12-07,-248888.0,-12588948.0,-1613.0,-12839449.0,13900.0,615.0,-206.0,58.0,,2026-07-24T11:48:57.602571+08:00
2882,2023-12-08,260391.0,-8941479.0,-72373.0,-8753461.0,14123.0,538.0,223.0,-77.0,,2026-07-24T11:48:57.602571+08:00
2882,2023-12-11,-103912.0,-5440336.0,-37726.0,-5581974.0,14431.0,511.0,308.0,-27.0,,2026-07-24T11:48:57.602571+08:00
2882,2023-12-12,-118343.0,-4603825.0,-9735.0,-4731903.0,14601.0,486.0,170.0,-25.0,,2026-07-24T11:48:57.602571+08:00
2882,2023-12-13,121163.0,-7869074.0,795.0,-7747116.0,14671.0,474.0,70.0,-12.0,,2026-07-24T11:48:57.602571+08:00
2882,2023-12-14,1177998.0,16607008.0,-58691.0,17726315.0,14764.0,490.0,93.0,16.0,,2026-07-24T11:48:57.602571+08:00
2882,2023-12-15,-1429000.0,1968509.0,-217651.0,321858.0,14587.0,479.0,-177.0,-11.0,,2026-07-24T11:48:57.602571+08:00
2882,2023-12-18,-674400.0,-2684635.0,-95835.0,-3454870.0,14716.0,482.0,129.0,3.0,,2026-07-24T11:48:57.602571+08:00
2882,2023-12-19,-927255.0,-11636070.0,-43244.0,-12606569.0,15057.0,466.0,341.0,-16.0,,2026-07-24T11:48:57.602571+08:00
2882,2023-12-20,-1249059.0,-5350351.0,-942000.0,-7541410.0,15702.0,483.0,645.0,17.0,,2026-07-24T11:48:57.602571+08:00
2882,2023-12-21,-96081.0,-4345195.0,-88280.0,-4529556.0,16278.0,496.0,576.0,13.0,,2026-07-24T11:48:57.602571+08:00
2882,2023-12-22,231894.0,-6487830.0,-79696.0,-6335632.0,16170.0,493.0,-108.0,-3.0,,2026-07-24T11:48:57.602571+08:00
2882,2023-12-25,62000.0,960758.0,-1178352.0,-155594.0,16312.0,497.0,142.0,4.0,,2026-07-24T11:48:57.602571+08:00
2882,2023-12-26,425000.0,4528281.0,-56732.0,4896549.0,16055.0,494.0,-257.0,-3.0,,2026-07-24T11:48:57.602571+08:00
2882,2023-12-27,-218004.0,5302264.0,-267628.0,4816632.0,16426.0,502.0,371.0,8.0,,2026-07-24T11:48:57.602571+08:00
2882,2023-12-28,-70633.0,9497824.0,-43612.0,9383579.0,16263.0,504.0,-163.0,2.0,,2026-07-24T11:48:57.602571+08:00
2882,2023-12-29,-450950.0,854262.0,-127244.0,276068.0,16107.0,376.0,-156.0,-128.0,,2026-07-24T11:48:57.602571+08:00
2882,2024-01-02,-359802.0,209519.0,0.0,-150283.0,16026.0,371.0,-81.0,-5.0,,2026-07-24T11:48:57.602571+08:00
2882,2024-01-03,-333560.0,-9799325.0,30568.0,-10102317.0,16163.0,371.0,137.0,0.0,,2026-07-24T11:48:57.602571+08:00
2882,2024-01-04,149000.0,-5404463.0,-131243.0,-5386706.0,16155.0,371.0,-8.0,0.0,,2026-07-24T11:48:57.602571+08:00
2882,2024-01-05,52166.0,-2353497.0,-20000.0,-2321331.0,16369.0,376.0,214.0,5.0,,2026-07-24T11:48:57.602571+08:00
2882,2024-01-08,258000.0,1862712.0,-22491.0,2098221.0,16475.0,364.0,106.0,-12.0,,2026-07-24T11:48:57.602571+08:00
2882,2024-01-09,-217123.0,-5508684.0,98958.0,-5626849.0,16410.0,369.0,-65.0,5.0,,2026-07-24T11:48:57.602571+08:00
2882,2024-01-10,-59293.0,-2509985.0,-389246.0,-2958524.0,16272.0,374.0,-138.0,5.0,,2026-07-24T11:48:57.602571+08:00
2882,2024-01-11,119961.0,-7422039.0,-296000.0,-7598078.0,16480.0,350.0,208.0,-24.0,,2026-07-24T11:48:57.602571+08:00
2882,2024-01-12,-57055.0,-4112335.0,-259097.0,-4428487.0,16321.0,336.0,-159.0,-14.0,,2026-07-24T11:48:57.602571+08:00
2882,2024-01-15,-72140.0,-6415320.0,-3844.0,-6491304.0,16822.0,334.0,501.0,-2.0,,2026-07-24T11:48:57.602571+08:00
2882,2024-01-16,-174000.0,-16435575.0,-2644887.0,-19254462.0,16772.0,338.0,-50.0,4.0,,2026-07-24T11:48:57.602571+08:00
2882,2024-01-17,1692871.0,-26203519.0,52148.0,-24458500.0,16467.0,337.0,-305.0,-1.0,,2026-07-24T11:48:57.602571+08:00
2882,2024-01-18,87000.0,-5189147.0,-1243649.0,-6345796.0,16849.0,333.0,382.0,-4.0,,2026-07-24T11:48:57.602571+08:00
2882,2024-01-19,10365.0,-3956513.0,-1803000.0,-5749148.0,17894.0,277.0,1045.0,-56.0,,2026-07-24T11:48:57.602571+08:00
2882,2024-01-22,-55914.0,-1795857.0,-102993.0,-1954764.0,18332.0,271.0,438.0,-6.0,,2026-07-24T11:48:57.602571+08:00
2882,2024-01-23,-113296.0,2945109.0,39579.0,2871392.0,18371.0,269.0,39.0,-2.0,,2026-07-24T11:48:57.602571+08:00
2882,2024-01-24,-275395.0,2163241.0,-51766.0,1836080.0,17903.0,246.0,-468.0,-23.0,,2026-07-24T11:48:57.602571+08:00
2882,2024-01-25,-87424.0,6426480.0,-40131.0,6298925.0,17844.0,246.0,-59.0,0.0,,2026-07-24T11:48:57.602571+08:00
2882,2024-01-26,700.0,3345491.0,-98558.0,3247633.0,18576.0,246.0,732.0,0.0,,2026-07-24T11:48:57.602571+08:00
2882,2024-01-29,66410.0,-277133.0,-9248.0,-219971.0,18897.0,247.0,321.0,1.0,,2026-07-24T11:48:57.602571+08:00
2882,2024-01-30,-22480.0,-5082737.0,-331082.0,-5436299.0,18665.0,254.0,-232.0,7.0,,2026-07-24T11:48:57.602571+08:00
2882,2024-01-31,-16000.0,3195911.0,-113078.0,3066833.0,18218.0,262.0,-447.0,8.0,,2026-07-24T11:48:57.602571+08:00
2882,2024-02-01,398000.0,3041648.0,80358.0,3520006.0,17871.0,258.0,-347.0,-4.0,,2026-07-24T11:48:57.602571+08:00
2882,2024-02-02,-152266.0,-613245.0,-95409.0,-860920.0,17833.0,255.0,-38.0,-3.0,,2026-07-24T11:48:57.602571+08:00
2882,2024-02-05,-242706.0,-5732903.0,-81322.0,-6056931.0,18051.0,258.0,218.0,3.0,,2026-07-24T11:48:57.602571+08:00
2882,2024-02-15,423762.0,-3250898.0,-157126.0,-2984262.0,18550.0,251.0,499.0,-7.0,,2026-07-24T11:48:57.602571+08:00
2882,2024-02-16,348000.0,3057422.0,-77851.0,3327571.0,17767.0,126.0,-783.0,-125.0,,2026-07-24T11:48:57.602571+08:00
2882,2024-02-19,832927.0,5953100.0,-6752.0,6779275.0,18401.0,136.0,634.0,10.0,,2026-07-24T11:48:57.602571+08:00
2882,2024-02-20,-76000.0,1603004.0,-84547.0,1442457.0,18322.0,140.0,-79.0,4.0,,2026-07-24T11:48:57.602571+08:00
2882,2024-02-21,793497.0,-5514799.0,211713.0,-4509589.0,18653.0,145.0,331.0,5.0,,2026-07-24T11:48:57.602571+08:00
2882,2024-02-22,586000.0,-532988.0,103790.0,156802.0,18135.0,134.0,-518.0,-11.0,,2026-07-24T11:48:57.602571+08:00
2882,2024-02-23,271103.0,-7874812.0,-286202.0,-7889911.0,18320.0,121.0,185.0,-13.0,,2026-07-24T11:48:57.602571+08:00
2882,2024-02-26,1599618.0,-9257252.0,-140479.0,-7798113.0,18495.0,115.0,175.0,-6.0,,2026-07-24T11:48:57.602571+08:00
2882,2024-02-27,289266.0,-376306.0,-738443.0,-825483.0,18959.0,116.0,464.0,1.0,,2026-07-24T11:48:57.602571+08:00
2882,2024-02-29,795248.0,3341773.0,3091095.0,7228116.0,19054.0,143.0,95.0,27.0,,2026-07-24T11:48:57.602571+08:00
2882,2024-03-01,-433750.0,-2895717.0,-55815.0,-3385282.0,18965.0,130.0,-89.0,-13.0,,2026-07-24T11:48:57.602571+08:00
2882,2024-03-04,972000.0,-4474400.0,-78299.0,-3580699.0,18805.0,130.0,-160.0,0.0,,2026-07-24T11:48:57.602571+08:00
2882,2024-03-05,-266243.0,-2472110.0,-365694.0,-3104047.0,18704.0,135.0,-101.0,5.0,,2026-07-24T11:48:57.602571+08:00
2882,2024-03-06,348000.0,-4040941.0,-143824.0,-3836765.0,18580.0,142.0,-124.0,7.0,,2026-07-24T11:48:57.602571+08:00
2882,2024-03-07,227650.0,3622833.0,-437042.0,3413441.0,18455.0,142.0,-125.0,0.0,,2026-07-24T11:48:57.602571+08:00
2882,2024-03-08,-1117675.0,12817555.0,-326996.0,11372884.0,18322.0,142.0,-133.0,0.0,,2026-07-24T11:48:57.602571+08:00
2882,2024-03-11,53923.0,-323313.0,-17000.0,-286390.0,18533.0,173.0,211.0,31.0,,2026-07-24T11:48:57.602571+08:00
2882,2024-03-12,-6361.0,2228682.0,-142707.0,2079614.0,21727.0,165.0,3194.0,-8.0,,2026-07-24T11:48:57.602571+08:00
2882,2024-03-13,-45032.0,7841620.0,-90795.0,7705793.0,21866.0,178.0,139.0,13.0,,2026-07-24T11:48:57.602571+08:00
2882,2024-03-14,1235750.0,21857935.0,78984.0,23172669.0,21904.0,231.0,38.0,53.0,,2026-07-24T11:48:57.602571+08:00
2882,2024-03-15,-299769.0,-7407769.0,-3115033.0,-10822571.0,18458.0,242.0,-3446.0,11.0,,2026-07-24T11:48:57.602571+08:00
2882,2024-03-18,-48290.0,-4304801.0,-139312.0,-4492403.0,17405.0,243.0,-1053.0,1.0,,2026-07-24T11:48:57.602571+08:00
2882,2024-03-19,161457.0,1405047.0,-431901.0,1134603.0,18106.0,244.0,701.0,1.0,,2026-07-24T11:48:57.602571+08:00
2882,2024-03-20,-98942.0,-5765226.0,-818002.0,-6682170.0,18511.0,226.0,405.0,-18.0,,2026-07-24T11:48:57.602571+08:00
2882,2024-03-21,2520851.0,13563195.0,-26567.0,16057479.0,21422.0,258.0,2911.0,32.0,,2026-07-24T11:48:57.602571+08:00
2882,2024-03-22,806523.0,-4136670.0,-824153.0,-4154300.0,21123.0,343.0,-299.0,85.0,,2026-07-24T11:48:57.602571+08:00
2882,2024-03-25,-110148.0,-485052.0,277567.0,-317633.0,17877.0,335.0,-3246.0,-8.0,,2026-07-24T11:48:57.602571+08:00
2882,2024-03-26,41722.0,7220875.0,-128658.0,7133939.0,18399.0,339.0,522.0,4.0,,2026-07-24T11:48:57.602571+08:00
2882,2024-03-27,-439000.0,-3839332.0,382504.0,-3895828.0,18571.0,338.0,172.0,-1.0,,2026-07-24T11:48:57.602571+08:00
2882,2024-03-28,26215.0,-311601.0,-590057.0,-875443.0,18761.0,312.0,190.0,-26.0,,2026-07-24T11:48:57.602571+08:00
2882,2024-03-29,-503827.0,9763515.0,-574803.0,8684885.0,18848.0,314.0,87.0,2.0,,2026-07-24T11:48:57.602571+08:00
2882,2024-04-01,-4000.0,-346023.0,596247.0,246224.0,18858.0,311.0,10.0,-3.0,,2026-07-24T11:48:57.602571+08:00
2882,2024-04-02,-502000.0,1961551.0,-27082.0,1432469.0,18075.0,277.0,-783.0,-34.0,,2026-07-24T11:48:57.602571+08:00
2882,2024-04-03,315451.0,-8661380.0,-137190.0,-8483119.0,18184.0,228.0,109.0,-49.0,,2026-07-24T11:48:57.602571+08:00
2882,2024-04-08,331221.0,2961443.0,-235738.0,3056926.0,18130.0,0.0,-54.0,-228.0,,2026-07-24T11:48:57.602571+08:00
2882,2024-04-09,1095188.0,17855088.0,1600426.0,20550702.0,19444.0,0.0,1314.0,0.0,,2026-07-24T11:48:57.602571+08:00
2882,2024-04-10,-359987.0,-15119830.0,-159888.0,-15639705.0,20163.0,0.0,719.0,0.0,,2026-07-24T11:48:57.602571+08:00
2882,2024-04-11,-84000.0,-6650200.0,-9000.0,-6743200.0,19802.0,0.0,-361.0,0.0,,2026-07-24T11:48:57.602571+08:00
2882,2024-04-12,-786425.0,-14229996.0,-477861.0,-15494282.0,19592.0,67.0,-210.0,67.0,,2026-07-24T11:48:57.602571+08:00
2882,2024-04-15,-371285.0,5317707.0,-42439.0,4903983.0,15909.0,70.0,-3683.0,3.0,,2026-07-24T11:48:57.602571+08:00
2882,2024-04-16,-2102438.0,-3932761.0,-77508.0,-6112707.0,15594.0,94.0,-315.0,24.0,,2026-07-24T11:48:57.602571+08:00
2882,2024-04-17,-919892.0,-5333793.0,-90723.0,-6344408.0,15229.0,115.0,-365.0,21.0,,2026-07-24T11:48:57.602571+08:00
2882,2024-04-18,1358200.0,4737874.0,-2469254.0,3626820.0,15013.0,129.0,-216.0,14.0,,2026-07-24T11:48:57.602571+08:00
2882,2024-04-19,-944553.0,-7387150.0,270000.0,-8061703.0,14777.0,116.0,-236.0,-13.0,,2026-07-24T11:48:57.602571+08:00
2882,2024-04-22,1366283.0,11755922.0,672000.0,13794205.0,14495.0,156.0,-282.0,40.0,,2026-07-24T11:48:57.602571+08:00
2882,2024-04-23,592594.0,3981622.0,213241.0,4787457.0,14703.0,174.0,208.0,18.0,,2026-07-24T11:48:57.602571+08:00
2882,2024-04-24,1259003.0,4972994.0,-28620.0,6203377.0,17506.0,177.0,2803.0,3.0,,2026-07-24T11:48:57.602571+08:00
2882,2024-04-25,-68560.0,-5324132.0,544000.0,-4848692.0,14267.0,172.0,-3239.0,-5.0,,2026-07-24T11:48:57.602571+08:00
2882,2024-04-26,55998.0,3894789.0,15000.0,3965787.0,13289.0,175.0,-978.0,3.0,,2026-07-24T11:48:57.602571+08:00
2882,2024-04-29,4290497.0,28247610.0,193000.0,32731107.0,13600.0,225.0,311.0,50.0,,2026-07-24T11:48:57.602571+08:00
2882,2024-04-30,-742000.0,8898952.0,-8437.0,8148515.0,13662.0,186.0,62.0,-39.0,,2026-07-24T11:48:57.602571+08:00
2882,2024-05-02,-669000.0,-668357.0,1026624.0,-310733.0,13976.0,177.0,314.0,-9.0,,2026-07-24T11:48:57.602571+08:00
2882,2024-05-03,-61635.0,1272088.0,-1523906.0,-313453.0,14512.0,192.0,536.0,15.0,,2026-07-24T11:48:57.602571+08:00
2882,2024-05-06,699258.0,11841172.0,547621.0,13088051.0,14804.0,175.0,292.0,-17.0,,2026-07-24T11:48:57.602571+08:00
2882,2024-05-07,-1422000.0,456649.0,776262.0,-189089.0,14507.0,171.0,-297.0,-4.0,,2026-07-24T11:48:57.602571+08:00
2882,2024-05-08,3000.0,1501488.0,-36000.0,1468488.0,14394.0,155.0,-113.0,-16.0,,2026-07-24T11:48:57.602571+08:00
2882,2024-05-09,855184.0,11301333.0,540420.0,12696937.0,14338.0,184.0,-56.0,29.0,,2026-07-24T11:48:57.602571+08:00
2882,2024-05-10,4065414.0,21294103.0,871548.0,26231065.0,28428.0,351.0,14090.0,167.0,,2026-07-24T11:48:57.602571+08:00
2882,2024-05-13,-1636026.0,-12705380.0,1840444.0,-12500962.0,26411.0,354.0,-2017.0,3.0,,2026-07-24T11:48:57.602571+08:00
2882,2024-05-14,-1830697.0,-3530909.0,386023.0,-4975583.0,20985.0,293.0,-5426.0,-61.0,,2026-07-24T11:48:57.602571+08:00
2882,2024-05-15,2512505.0,8569811.0,2832393.0,13914709.0,21866.0,435.0,881.0,142.0,,2026-07-24T11:48:57.602571+08:00
2882,2024-05-16,94000.0,-569737.0,527159.0,51422.0,21533.0,433.0,-333.0,-2.0,,2026-07-24T11:48:57.602571+08:00
2882,2024-05-17,1064159.0,2241324.0,241285.0,3546768.0,22246.0,438.0,713.0,5.0,,2026-07-24T11:48:57.602571+08:00
2882,2024-05-20,-204566.0,-2842685.0,284571.0,-2762680.0,21109.0,413.0,-1137.0,-25.0,,2026-07-24T11:48:57.602571+08:00
2882,2024-05-21,-409000.0,2622947.0,2065427.0,4279374.0,20294.0,330.0,-815.0,-83.0,,2026-07-24T11:48:57.602571+08:00
2882,2024-05-22,-157000.0,3863480.0,478854.0,4185334.0,19903.0,368.0,-391.0,38.0,,2026-07-24T11:48:57.602571+08:00
2882,2024-05-23,-725000.0,-5819971.0,-560502.0,-7105473.0,20097.0,343.0,194.0,-25.0,,2026-07-24T11:48:57.602571+08:00
2882,2024-05-24,-191393.0,127280.0,-150502.0,-214615.0,20316.0,334.0,219.0,-9.0,,2026-07-24T11:48:57.602571+08:00
2882,2024-05-27,-81251.0,4364150.0,-110436.0,4172463.0,20238.0,339.0,-78.0,5.0,,2026-07-24T11:48:57.602571+08:00
2882,2024-05-28,1919997.0,14115560.0,-65215.0,15970342.0,21649.0,379.0,1411.0,40.0,,2026-07-24T11:48:57.602571+08:00
2882,2024-05-29,-1607858.0,-5847960.0,-1972073.0,-9427891.0,21699.0,446.0,50.0,67.0,,2026-07-24T11:48:57.602571+08:00
2882,2024-05-30,-277578.0,8517810.0,453000.0,8693232.0,21090.0,547.0,-609.0,101.0,,2026-07-24T11:48:57.602571+08:00
2882,2024-05-31,-180003.0,350548.0,694085.0,864630.0,21169.0,517.0,79.0,-30.0,,2026-07-24T11:48:57.602571+08:00
2882,2024-06-03,598311.0,2309041.0,373000.0,3280352.0,21069.0,369.0,-100.0,-148.0,,2026-07-24T11:48:57.602571+08:00
2882,2024-06-04,-921946.0,-4751772.0,444000.0,-5229718.0,21159.0,322.0,90.0,-47.0,,2026-07-24T11:48:57.602571+08:00
2882,2024-06-05,155000.0,457193.0,-147000.0,465193.0,20792.0,328.0,-367.0,6.0,,2026-07-24T11:48:57.602571+08:00
2882,2024-06-06,1342785.0,21014096.0,383000.0,22739881.0,16805.0,335.0,-3987.0,7.0,,2026-07-24T11:48:57.602571+08:00
2882,2024-06-07,16995.0,7281100.0,308111.0,7606206.0,16516.0,323.0,-289.0,-12.0,,2026-07-24T11:48:57.602571+08:00
2882,2024-06-11,-194574.0,4256539.0,316571.0,4378536.0,17085.0,313.0,569.0,-10.0,,2026-07-24T11:48:57.602571+08:00
2882,2024-06-12,-404426.0,-8493823.0,-36318.0,-8934567.0,18172.0,289.0,1087.0,-24.0,,2026-07-24T11:48:57.602571+08:00
2882,2024-06-13,-864000.0,8573997.0,-46398.0,7663599.0,16999.0,310.0,-1173.0,21.0,,2026-07-24T11:48:57.602571+08:00
2882,2024-06-14,-498000.0,570224.0,-132000.0,-59776.0,17088.0,297.0,89.0,-13.0,,2026-07-24T11:48:57.602571+08:00
2882,2024-06-17,-736634.0,-6377623.0,54785.0,-7059472.0,16446.0,248.0,-642.0,-49.0,,2026-07-24T11:48:57.602571+08:00
2882,2024-06-18,1116562.0,13993404.0,2572212.0,17682178.0,15856.0,268.0,-590.0,20.0,,2026-07-24T11:48:57.602571+08:00
2882,2024-06-19,929403.0,3683159.0,2361538.0,6974100.0,15712.0,276.0,-144.0,8.0,,2026-07-24T11:48:57.602571+08:00
2882,2024-06-20,2230507.0,12567240.0,1973208.0,16770955.0,15824.0,308.0,112.0,32.0,,2026-07-24T11:48:57.602571+08:00
2882,2024-06-21,265828.0,-1343001.0,1596785.0,519612.0,16523.0,266.0,699.0,-42.0,,2026-07-24T11:48:57.602571+08:00
2882,2024-06-24,-217477.0,10041955.0,-505723.0,9318755.0,15660.0,235.0,-863.0,-31.0,,2026-07-24T11:48:57.602571+08:00
2882,2024-06-25,-396347.0,2564986.0,323097.0,2491736.0,15758.0,1.0,98.0,-234.0,,2026-07-24T11:48:57.602571+08:00
2882,2024-06-26,559879.0,467805.0,38097.0,1065781.0,15588.0,0.0,-170.0,-1.0,,2026-07-24T11:48:57.602571+08:00
2882,2024-06-27,403010.0,8918410.0,1767549.0,11088969.0,15326.0,0.0,-262.0,0.0,,2026-07-24T11:48:57.602571+08:00
2882,2024-06-28,1291653.0,5217849.0,1784646.0,8294148.0,16662.0,0.0,1336.0,0.0,,2026-07-24T11:48:57.602571+08:00
2882,2024-07-01,-781215.0,26860571.0,-5698880.0,20380476.0,17224.0,61.0,562.0,61.0,,2026-07-24T11:48:57.602571+08:00
2882,2024-07-02,12783.0,6130371.0,226336.0,6369490.0,17039.0,69.0,-185.0,8.0,,2026-07-24T11:48:57.602571+08:00
2882,2024-07-03,2321077.0,26778738.0,24700283.0,53800098.0,15585.0,234.0,-1454.0,165.0,,2026-07-24T11:48:57.602571+08:00
2882,2024-07-04,-758609.0,11485184.0,-236073.0,10490502.0,14225.0,216.0,-1360.0,-18.0,,2026-07-24T11:48:57.602571+08:00
2882,2024-07-05,20995.0,18979481.0,398142.0,19398618.0,14656.0,222.0,431.0,6.0,,2026-07-24T11:48:57.602571+08:00
2882,2024-07-08,782381.0,18534812.0,975680.0,20292873.0,16241.0,249.0,1585.0,27.0,,2026-07-24T11:48:57.602571+08:00
2882,2024-07-09,-717618.0,10485100.0,3036904.0,12804386.0,16913.0,262.0,672.0,13.0,,2026-07-24T11:48:57.602571+08:00
2882,2024-07-10,-110163.0,20885795.0,406000.0,21181632.0,16153.0,373.0,-760.0,111.0,,2026-07-24T11:48:57.602571+08:00
2882,2024-07-11,1068187.0,12106195.0,1058000.0,14232382.0,18564.0,462.0,2411.0,89.0,,2026-07-24T11:48:57.602571+08:00
2882,2024-07-12,-1272449.0,8903542.0,-358000.0,7273093.0,18033.0,531.0,-531.0,69.0,,2026-07-24T11:48:57.602571+08:00
2882,2024-07-15,-1324379.0,3553405.0,-553000.0,1676026.0,16456.0,443.0,-1577.0,-88.0,,2026-07-24T11:48:57.602571+08:00
2882,2024-07-16,-1321002.0,10319637.0,2836000.0,11834635.0,13713.0,463.0,-2743.0,20.0,,2026-07-24T11:48:57.602571+08:00
2882,2024-07-17,-2081592.0,4389295.0,759000.0,3066703.0,17926.0,436.0,4213.0,-27.0,,2026-07-24T11:48:57.602571+08:00
2882,2024-07-18,-236811.0,15929030.0,103000.0,15795219.0,16396.0,385.0,-1530.0,-51.0,,2026-07-24T11:48:57.602571+08:00
2882,2024-07-19,-1918957.0,7363366.0,-1963000.0,3481409.0,14693.0,250.0,-1703.0,-135.0,,2026-07-24T11:48:57.602571+08:00
2882,2024-07-22,590058.0,12534410.0,-59733.0,13064735.0,13948.0,208.0,-745.0,-42.0,,2026-07-24T11:48:57.602571+08:00
2882,2024-07-23,187427.0,4938600.0,171000.0,5297027.0,13375.0,238.0,-573.0,30.0,,2026-07-24T11:48:57.602571+08:00
2882,2024-07-26,-679284.0,9848549.0,825000.0,9994265.0,13164.0,230.0,-211.0,-8.0,,2026-07-24T11:48:57.602571+08:00
2882,2024-07-29,-58068.0,1977663.0,2443000.0,4362595.0,13532.0,508.0,368.0,278.0,,2026-07-24T11:48:57.602571+08:00
2882,2024-07-30,-416512.0,-5482800.0,1538000.0,-4361312.0,13892.0,446.0,360.0,-62.0,,2026-07-24T11:48:57.602571+08:00
2882,2024-07-31,769721.0,4463171.0,248000.0,5480892.0,13918.0,531.0,26.0,85.0,,2026-07-24T11:48:57.602571+08:00
2882,2024-08-01,-254001.0,5991758.0,2160000.0,7897757.0,13670.0,576.0,-248.0,45.0,,2026-07-24T11:48:57.602571+08:00
2882,2024-08-02,-1786088.0,-910558.0,1330000.0,-1366646.0,13207.0,563.0,-463.0,-13.0,,2026-07-24T11:48:57.602571+08:00
2882,2024-08-05,-5856912.0,-3919957.0,3085000.0,-6691869.0,13224.0,605.0,17.0,42.0,,2026-07-24T11:48:57.602571+08:00
2882,2024-08-06,1099449.0,-4610146.0,738939.0,-2771758.0,13848.0,569.0,624.0,-36.0,,2026-07-24T11:48:57.602571+08:00
2882,2024-08-07,709982.0,7683736.0,1039627.0,9433345.0,13567.0,545.0,-281.0,-24.0,,2026-07-24T11:48:57.602571+08:00
2882,2024-08-08,-146931.0,-3591102.0,2444913.0,-1293120.0,13920.0,598.0,353.0,53.0,,2026-07-24T11:48:57.602571+08:00
2882,2024-08-09,-960111.0,485990.0,3136264.0,2662143.0,15385.0,594.0,1465.0,-4.0,,2026-07-24T11:48:57.602571+08:00
2882,2024-08-12,-61000.0,-3286635.0,880747.0,-2466888.0,15611.0,567.0,226.0,-27.0,,2026-07-24T11:48:57.602571+08:00
2882,2024-08-13,391163.0,5960500.0,940978.0,7292641.0,15271.0,560.0,-340.0,-7.0,,2026-07-24T11:48:57.602571+08:00
2882,2024-08-14,177124.0,10766376.0,291099.0,11234599.0,14739.0,597.0,-532.0,37.0,,2026-07-24T11:48:57.602571+08:00
2882,2024-08-15,-788310.0,-28814.0,-232511.0,-1049635.0,15217.0,584.0,478.0,-13.0,,2026-07-24T11:48:57.602571+08:00
2882,2024-08-16,1118652.0,21170952.0,174790.0,22464394.0,14833.0,625.0,-384.0,41.0,,2026-07-24T11:48:57.602571+08:00
2882,2024-08-19,-1400420.0,721060.0,-1220533.0,-1899893.0,14992.0,597.0,159.0,-28.0,,2026-07-24T11:48:57.602571+08:00
2882,2024-08-20,-287026.0,-4997007.0,-44500.0,-5328533.0,15090.0,637.0,98.0,40.0,,2026-07-24T11:48:57.602571+08:00
2882,2024-08-21,-1191031.0,1076498.0,468470.0,353937.0,14464.0,694.0,-626.0,57.0,,2026-07-24T11:48:57.602571+08:00
2882,2024-08-22,-230980.0,-1548782.0,-372696.0,-2152458.0,14228.0,708.0,-236.0,14.0,,2026-07-24T11:48:57.602571+08:00
2882,2024-08-23,60041.0,-428510.0,502754.0,134285.0,14026.0,708.0,-202.0,0.0,,2026-07-24T11:48:57.602571+08:00
2882,2024-08-26,724573.0,28016638.0,-303246.0,28437965.0,13985.0,874.0,-41.0,166.0,,2026-07-24T11:48:57.602571+08:00
2882,2024-08-27,-818536.0,-2829539.0,92754.0,-3555321.0,14372.0,842.0,387.0,-32.0,,2026-07-24T11:48:57.602571+08:00
2882,2024-08-28,-131005.0,924151.0,542754.0,1335900.0,14600.0,859.0,228.0,17.0,,2026-07-24T11:48:57.602571+08:00
2882,2024-08-29,-73999.0,-389463.0,771000.0,307538.0,14691.0,910.0,91.0,51.0,,2026-07-24T11:48:57.602571+08:00
2882,2024-08-30,460000.0,3463769.0,490100.0,4413869.0,14591.0,932.0,-100.0,22.0,,2026-07-24T11:48:57.602571+08:00
2882,2024-09-02,372290.0,11661932.0,1657509.0,13691731.0,14501.0,1046.0,-90.0,114.0,,2026-07-24T11:48:57.602571+08:00
2882,2024-09-03,578582.0,-8700214.0,1067000.0,-7054632.0,14691.0,982.0,190.0,-64.0,,2026-07-24T11:48:57.602571+08:00
2882,2024-09-04,-1921995.0,-13437010.0,3526039.0,-11832966.0,14622.0,890.0,-69.0,-92.0,,2026-07-24T11:48:57.602571+08:00
2882,2024-09-05,-922620.0,4107148.0,2332557.0,5517085.0,14361.0,1144.0,-261.0,254.0,,2026-07-24T11:48:57.602571+08:00
2882,2024-09-06,-309326.0,10265811.0,580655.0,10537140.0,14148.0,1233.0,-213.0,89.0,,2026-07-24T11:48:57.602571+08:00
2882,2024-09-09,-813758.0,-10433120.0,2629110.0,-8617768.0,14789.0,1080.0,641.0,-153.0,,2026-07-24T11:48:57.602571+08:00
2882,2024-09-10,-21688.0,5799483.0,-1505201.0,4272594.0,14575.0,1087.0,-214.0,7.0,,2026-07-24T11:48:57.602571+08:00
2882,2024-09-11,45385.0,1637018.0,1976612.0,3659015.0,14517.0,1037.0,-58.0,-50.0,,2026-07-24T11:48:57.602571+08:00
2882,2024-09-12,924999.0,5113145.0,614509.0,6652653.0,14790.0,1035.0,273.0,-2.0,,2026-07-24T11:48:57.602571+08:00
2882,2024-09-13,52000.0,6637903.0,807000.0,7496903.0,14553.0,1038.0,-237.0,3.0,,2026-07-24T11:48:57.602571+08:00
2882,2024-09-16,607300.0,-107990.0,1332754.0,1832064.0,14676.0,1033.0,123.0,-5.0,,2026-07-24T11:48:57.602571+08:00
2882,2024-09-18,-7805.0,2916200.0,434000.0,3342395.0,14452.0,1023.0,-224.0,-10.0,,2026-07-24T11:48:57.602571+08:00
2882,2024-09-19,1188010.0,23104617.0,282000.0,24574627.0,14473.0,1118.0,21.0,95.0,,2026-07-24T11:48:57.602571+08:00
2882,2024-09-20,495889.0,8325895.0,676637.0,9498421.0,13949.0,1123.0,-524.0,5.0,,2026-07-24T11:48:57.602571+08:00
2882,2024-09-23,1142000.0,14330940.0,493000.0,15965940.0,13886.0,1152.0,-63.0,29.0,,2026-07-24T11:48:57.602571+08:00
2882,2024-09-24,1036850.0,24910240.0,818443.0,26765533.0,14182.0,1231.0,296.0,79.0,,2026-07-24T11:48:57.602571+08:00
2882,2024-09-25,637000.0,14951435.0,252066.0,15840501.0,14213.0,1194.0,31.0,-37.0,,2026-07-24T11:48:57.602571+08:00
2882,2024-09-26,1244923.0,20576735.0,105700.0,21927358.0,14028.0,1206.0,-185.0,12.0,,2026-07-24T11:48:57.602571+08:00
2882,2024-09-27,-1376703.0,3965332.0,540377.0,3129006.0,15337.0,1200.0,1309.0,-6.0,,2026-07-24T11:48:57.602571+08:00
2882,2024-09-30,-543000.0,4304673.0,477446.0,4239119.0,13491.0,1168.0,-1846.0,-32.0,,2026-07-24T11:48:57.602571+08:00
2882,2024-10-01,97000.0,-421001.0,1041690.0,717689.0,13424.0,1164.0,-67.0,-4.0,,2026-07-24T11:48:57.602571+08:00
2882,2024-10-04,-569001.0,-19226.0,393443.0,-194784.0,12761.0,1168.0,-663.0,4.0,,2026-07-24T11:48:57.602571+08:00
2882,2024-10-07,1400828.0,10569879.0,1259499.0,13230206.0,12400.0,1236.0,-361.0,68.0,,2026-07-24T11:48:57.602571+08:00
2882,2024-10-08,-676195.0,-1181938.0,790042.0,-1068091.0,12660.0,1258.0,260.0,22.0,,2026-07-24T11:48:57.602571+08:00
2882,2024-10-09,-692468.0,2781112.0,354309.0,2442953.0,12757.0,1272.0,97.0,14.0,,2026-07-24T11:48:57.602571+08:00
2882,2024-10-11,365000.0,1770520.0,472634.0,2608154.0,12950.0,1286.0,193.0,14.0,,2026-07-24T11:48:57.602571+08:00
2882,2024-10-14,48000.0,-1631901.0,910958.0,-672943.0,12930.0,1334.0,-20.0,48.0,,2026-07-24T11:48:57.602571+08:00
2882,2024-10-15,1579527.0,14567001.0,1288349.0,17434877.0,12277.0,1369.0,-653.0,35.0,,2026-07-24T11:48:57.602571+08:00
2882,2024-10-16,491177.0,-3246595.0,-748544.0,-3503962.0,12741.0,1313.0,464.0,-56.0,,2026-07-24T11:48:57.602571+08:00
2882,2024-10-17,980477.0,5202134.0,-48352.0,6134259.0,12154.0,1363.0,-587.0,50.0,,2026-07-24T11:48:57.602571+08:00
2882,2024-10-18,2641473.0,26994017.0,-750623.0,28884867.0,11203.0,1466.0,-951.0,103.0,,2026-07-24T11:48:57.602571+08:00
2882,2024-10-21,-1373869.0,-12671878.0,-434801.0,-14480548.0,12478.0,1396.0,1275.0,-70.0,,2026-07-24T11:48:57.602571+08:00
2882,2024-10-22,-270676.0,13049100.0,-497319.0,12281105.0,11973.0,1413.0,-505.0,17.0,,2026-07-24T11:48:57.602571+08:00
2882,2024-10-23,-1619992.0,2638768.0,116541.0,1135317.0,11924.0,1408.0,-49.0,-5.0,,2026-07-24T11:48:57.602571+08:00
2882,2024-10-24,-1369256.0,-1776303.0,450994.0,-2694565.0,12429.0,1324.0,505.0,-84.0,,2026-07-24T11:48:57.602571+08:00
2882,2024-10-25,-330437.0,1832576.0,1565689.0,3067828.0,12132.0,1330.0,-297.0,6.0,,2026-07-24T11:48:57.602571+08:00
2882,2024-10-28,104000.0,5361700.0,5959703.0,11425403.0,12212.0,1365.0,80.0,35.0,,2026-07-24T11:48:57.602571+08:00
2882,2024-10-29,-535452.0,-8217191.0,1793727.0,-6958916.0,12290.0,1321.0,78.0,-44.0,,2026-07-24T11:48:57.602571+08:00
2882,2024-10-30,301000.0,4868781.0,789727.0,5959508.0,12082.0,1329.0,-208.0,8.0,,2026-07-24T11:48:57.602571+08:00
2882,2024-11-01,-536995.0,-6513087.0,1937000.0,-5113082.0,12359.0,1340.0,277.0,11.0,,2026-07-24T11:48:57.602571+08:00
2882,2024-11-04,148212.0,15854649.0,4052000.0,20054861.0,11569.0,1368.0,-790.0,28.0,,2026-07-24T11:48:57.602571+08:00
2882,2024-11-05,-359969.0,1110828.0,636320.0,1387179.0,12066.0,1374.0,497.0,6.0,,2026-07-24T11:48:57.602571+08:00
2882,2024-11-06,156555.0,-2076200.0,652000.0,-1267645.0,12128.0,1367.0,62.0,-7.0,,2026-07-24T11:48:57.602571+08:00
2882,2024-11-07,520414.0,12217424.0,-97000.0,12640838.0,12223.0,1361.0,95.0,-6.0,,2026-07-24T11:48:57.602571+08:00
2882,2024-11-08,66000.0,5238602.0,486000.0,5790602.0,11924.0,1345.0,-299.0,-16.0,,2026-07-24T11:48:57.602571+08:00
2882,2024-11-11,179931.0,-10592613.0,1445000.0,-8967682.0,12855.0,1285.0,931.0,-60.0,,2026-07-24T11:48:57.602571+08:00
2882,2024-11-12,-798447.0,-12719222.0,2795000.0,-10722669.0,13145.0,1121.0,290.0,-164.0,,2026-07-24T11:48:57.602571+08:00
2882,2024-11-13,-789936.0,-12605814.0,924124.0,-12471626.0,13490.0,1085.0,345.0,-36.0,,2026-07-24T11:48:57.602571+08:00
2882,2024-11-14,-983450.0,-374169.0,3538000.0,2180381.0,12907.0,1070.0,-583.0,-15.0,,2026-07-24T11:48:57.602571+08:00
2882,2024-11-15,20133.0,16028821.0,-9682112.0,6366842.0,12518.0,1094.0,-389.0,24.0,,2026-07-24T11:48:57.602571+08:00
2882,2024-11-18,69603.0,1778080.0,1015000.0,2862683.0,12443.0,1075.0,-75.0,-19.0,,2026-07-24T11:48:57.602571+08:00
2882,2024-11-19,784114.0,9874109.0,-9491000.0,1167223.0,12715.0,1111.0,272.0,36.0,,2026-07-24T11:48:57.602571+08:00
2882,2024-11-20,693192.0,2164624.0,-7067537.0,-4209721.0,12983.0,1167.0,268.0,56.0,,2026-07-24T11:48:57.602571+08:00
2882,2024-11-21,210069.0,-7121125.0,-7536000.0,-14447056.0,13997.0,1196.0,1014.0,29.0,,2026-07-24T11:48:57.602571+08:00
2882,2024-11-22,590000.0,6594772.0,-4972000.0,2212772.0,13794.0,1204.0,-203.0,8.0,,2026-07-24T11:48:57.602571+08:00
2882,2024-11-25,787850.0,8192769.0,-2270628.0,6709991.0,13651.0,1187.0,-143.0,-17.0,,2026-07-24T11:48:57.602571+08:00
2882,2024-11-26,-413477.0,1563650.0,-1188000.0,-37827.0,13556.0,1198.0,-95.0,11.0,,2026-07-24T11:48:57.602571+08:00
2882,2024-11-27,-384308.0,-2943576.0,317642.0,-3010242.0,13824.0,1169.0,268.0,-29.0,,2026-07-24T11:48:57.602571+08:00
2882,2024-11-28,79651.0,-3652692.0,1097000.0,-2476041.0,14263.0,1134.0,439.0,-35.0,,2026-07-24T11:48:57.602571+08:00
2882,2024-11-29,-34311.0,-7126691.0,2351000.0,-4810002.0,14608.0,1135.0,345.0,1.0,,2026-07-24T11:48:57.602571+08:00
2882,2024-12-02,275968.0,5409187.0,6435000.0,12120155.0,13322.0,1213.0,-1286.0,78.0,,2026-07-24T11:48:57.602571+08:00
2882,2024-12-03,-148056.0,17187355.0,3677000.0,20716299.0,12535.0,1274.0,-787.0,61.0,,2026-07-24T11:48:57.602571+08:00
2882,2024-12-04,-712.0,3293709.0,974284.0,4267281.0,12648.0,1282.0,113.0,8.0,,2026-07-24T11:48:57.602571+08:00
2882,2024-12-05,-411000.0,3113366.0,687463.0,3389829.0,12589.0,1189.0,-59.0,-93.0,,2026-07-24T11:48:57.602571+08:00
2882,2024-12-06,84001.0,-363812.0,33821.0,-245990.0,12808.0,1178.0,219.0,-11.0,,2026-07-24T11:48:57.602571+08:00
2882,2024-12-09,274105.0,7332719.0,934000.0,8540824.0,12353.0,1190.0,-455.0,12.0,,2026-07-24T11:48:57.602571+08:00
2882,2024-12-10,-184002.0,-3018044.0,581837.0,-2620209.0,12618.0,1199.0,265.0,9.0,,2026-07-24T11:48:57.602571+08:00
2882,2024-12-11,-60663.0,820740.0,885150.0,1645227.0,11963.0,1196.0,-655.0,-3.0,,2026-07-24T11:48:57.602571+08:00
2882,2024-12-12,390337.0,18303225.0,815000.0,19508562.0,14759.0,1268.0,2796.0,72.0,,2026-07-24T11:48:57.602571+08:00
2882,2024-12-13,-331575.0,-1082281.0,1095480.0,-318376.0,14606.0,1299.0,-153.0,31.0,,2026-07-24T11:48:57.602571+08:00
2882,2024-12-16,469724.0,18028812.0,635000.0,19133536.0,14621.0,1376.0,15.0,77.0,,2026-07-24T11:48:57.602571+08:00
2882,2024-12-17,-326651.0,-14354661.0,1206480.0,-13474832.0,14936.0,1310.0,315.0,-66.0,,2026-07-24T11:48:57.602571+08:00
2882,2024-12-18,-708151.0,2326958.0,578740.0,2197547.0,11662.0,1305.0,-3274.0,-5.0,,2026-07-24T11:48:57.602571+08:00
2882,2024-12-19,-219156.0,-16982900.0,1170554.0,-16031502.0,12060.0,1248.0,398.0,-57.0,,2026-07-24T11:48:57.602571+08:00
2882,2024-12-20,98003.0,-3266353.0,745149.0,-2423201.0,12128.0,1255.0,68.0,7.0,,2026-07-24T11:48:57.602571+08:00
2882,2024-12-23,140629.0,5244360.0,6362000.0,11746989.0,11559.0,1277.0,-569.0,22.0,,2026-07-24T11:48:57.602571+08:00
2882,2024-12-24,284380.0,-1231687.0,2510000.0,1562693.0,11452.0,1272.0,-107.0,-5.0,,2026-07-24T11:48:57.602571+08:00
2882,2024-12-25,423322.0,-1901162.0,2277000.0,799160.0,11174.0,1265.0,-278.0,-7.0,,2026-07-24T11:48:57.602571+08:00
2882,2024-12-26,-24000.0,-717024.0,204000.0,-537024.0,11448.0,1260.0,274.0,-5.0,,2026-07-24T11:48:57.602571+08:00
2882,2024-12-27,17565.0,5876641.0,18740.0,5912946.0,11023.0,1282.0,-425.0,22.0,,2026-07-24T11:48:57.602571+08:00
2882,2024-12-30,-360009.0,7811251.0,1721390.0,9172632.0,10749.0,1293.0,-274.0,11.0,,2026-07-24T11:48:57.602571+08:00
2882,2024-12-31,-148433.0,-5509217.0,61002.0,-5596648.0,11269.0,1222.0,520.0,-71.0,,2026-07-24T11:48:57.602571+08:00
2882,2025-01-02,-1035996.0,5052082.0,-11619520.0,-7603434.0,11365.0,1133.0,96.0,-89.0,,2026-07-24T11:48:57.602571+08:00
2882,2025-01-03,70480.0,7237169.0,-11772000.0,-4464351.0,11533.0,1082.0,168.0,-51.0,,2026-07-24T11:48:57.602571+08:00
2882,2025-01-06,621450.0,18808787.0,-11779000.0,7651237.0,11212.0,1082.0,-321.0,0.0,,2026-07-24T11:48:57.602571+08:00
2882,2025-01-07,590955.0,14015971.0,-12515000.0,2091926.0,11046.0,1073.0,-166.0,-9.0,,2026-07-24T11:48:57.602571+08:00
2882,2025-01-08,-890180.0,15013377.0,-10717532.0,3405665.0,10691.0,1069.0,-355.0,-4.0,,2026-07-24T11:48:57.602571+08:00
2882,2025-01-09,-590098.0,3138234.0,2000.0,2550136.0,10702.0,1082.0,11.0,13.0,,2026-07-24T11:48:57.602571+08:00
2882,2025-01-10,153456.0,-45317055.0,-803009.0,-45966608.0,11853.0,1143.0,1151.0,61.0,,2026-07-24T11:48:57.602571+08:00
2882,2025-01-13,-872193.0,-2644874.0,1047000.0,-2470067.0,11322.0,1140.0,-531.0,-3.0,,2026-07-24T11:48:57.602571+08:00
2882,2025-01-14,14066.0,1792614.0,1317000.0,3123680.0,10857.0,1137.0,-465.0,-3.0,,2026-07-24T11:48:57.602571+08:00
2882,2025-01-15,159114.0,-3230086.0,175000.0,-2895972.0,11125.0,1211.0,268.0,74.0,,2026-07-24T11:48:57.602571+08:00
2882,2025-01-16,914692.0,954308.0,-654000.0,1215000.0,10958.0,1225.0,-167.0,14.0,,2026-07-24T11:48:57.602571+08:00
2882,2025-01-17,-347616.0,809596.0,173000.0,634980.0,10721.0,1187.0,-237.0,-38.0,,2026-07-24T11:48:57.602571+08:00
2882,2025-01-20,77483.0,-3167608.0,1492221.0,-1597904.0,10715.0,1141.0,-6.0,-46.0,,2026-07-24T11:48:57.602571+08:00
2882,2025-01-21,1994.0,4430284.0,132006.0,4564284.0,10539.0,1123.0,-176.0,-18.0,,2026-07-24T11:48:57.602571+08:00
2882,2025-01-22,648832.0,4447999.0,175480.0,5272311.0,10372.0,1086.0,-167.0,-37.0,,2026-07-24T11:48:57.602571+08:00
2882,2025-02-03,699495.0,-3419200.0,2394971.0,-324734.0,10179.0,1116.0,-193.0,30.0,,2026-07-24T11:48:57.602571+08:00
2882,2025-02-04,95670.0,-6544560.0,703000.0,-5745890.0,10410.0,1148.0,231.0,32.0,,2026-07-24T11:48:57.602571+08:00
2882,2025-02-05,-490057.0,5156057.0,591000.0,5257000.0,10043.0,1096.0,-367.0,-52.0,,2026-07-24T11:48:57.602571+08:00
2882,2025-02-06,115339.0,-593968.0,757000.0,278371.0,10170.0,1132.0,127.0,36.0,,2026-07-24T11:48:57.602571+08:00
2882,2025-02-07,55588.0,-1248849.0,225348.0,-967913.0,9774.0,1162.0,-396.0,30.0,,2026-07-24T11:48:57.602571+08:00
2882,2025-02-10,-680995.0,5401532.0,658094.0,5378631.0,10025.0,1205.0,251.0,43.0,,2026-07-24T11:48:57.602571+08:00
2882,2025-02-11,-112478.0,6879993.0,524173.0,7291688.0,10274.0,1232.0,249.0,27.0,,2026-07-24T11:48:57.602571+08:00
2882,2025-02-12,-318460.0,3852282.0,246013.0,3779835.0,10162.0,1270.0,-112.0,38.0,,2026-07-24T11:48:57.602571+08:00
2882,2025-02-13,544010.0,-1036267.0,400000.0,-92257.0,10163.0,1270.0,1.0,0.0,,2026-07-24T11:48:57.602571+08:00
2882,2025-02-14,-80999.0,3113298.0,1456354.0,4488653.0,10230.0,1289.0,67.0,19.0,,2026-07-24T11:48:57.602571+08:00
2882,2025-02-17,310350.0,10912688.0,-69484.0,11153554.0,10069.0,1308.0,-161.0,19.0,,2026-07-24T11:48:57.602571+08:00
2882,2025-02-18,-210961.0,4146876.0,237839.0,4173754.0,9874.0,1299.0,-195.0,-9.0,,2026-07-24T11:48:57.602571+08:00
2882,2025-02-19,202361.0,5004437.0,-2325000.0,2881798.0,9874.0,1194.0,0.0,-105.0,,2026-07-24T11:48:57.602571+08:00
2882,2025-02-20,370918.0,7395994.0,-131907.0,7635005.0,9695.0,1198.0,-179.0,4.0,,2026-07-24T11:48:57.602571+08:00
2882,2025-02-21,-796417.0,5059069.0,36000.0,4298652.0,9353.0,1198.0,-342.0,0.0,,2026-07-24T11:48:57.602571+08:00
2882,2025-02-24,-215000.0,1491531.0,197000.0,1473531.0,9277.0,1203.0,-76.0,5.0,,2026-07-24T11:48:57.602571+08:00
2882,2025-02-25,-212301.0,3438750.0,-2427360.0,799089.0,9296.0,1188.0,19.0,-15.0,,2026-07-24T11:48:57.602571+08:00
2882,2025-02-26,92996.0,10041438.0,138875.0,10273309.0,9239.0,1197.0,-57.0,9.0,,2026-07-24T11:48:57.602571+08:00
2882,2025-02-27,158000.0,-1697739.0,723408.0,-816331.0,9348.0,1181.0,109.0,-16.0,,2026-07-24T11:48:57.602571+08:00
2882,2025-03-03,853000.0,737150.0,2165897.0,3756047.0,9395.0,1152.0,47.0,-29.0,,2026-07-24T11:48:57.602571+08:00
2882,2025-03-04,127347.0,-8411499.0,1668000.0,-6616152.0,9695.0,948.0,300.0,-204.0,,2026-07-24T11:48:57.602571+08:00
2882,2025-03-05,-117921.0,2040619.0,117794.0,2040492.0,9748.0,962.0,53.0,14.0,,2026-07-24T11:48:57.602571+08:00
2882,2025-03-06,152078.0,2339205.0,237794.0,2729077.0,9675.0,956.0,-73.0,-6.0,,2026-07-24T11:48:57.602571+08:00
2882,2025-03-07,-106358.0,-7408999.0,-5611619.0,-13126976.0,10044.0,962.0,369.0,6.0,,2026-07-24T11:48:57.602571+08:00
2882,2025-03-10,-258957.0,-464209.0,1005000.0,281834.0,10058.0,984.0,14.0,22.0,,2026-07-24T11:48:57.602571+08:00
2882,2025-03-11,-823941.0,-19246483.0,2504000.0,-17566424.0,10412.0,830.0,354.0,-154.0,,2026-07-24T11:48:57.602571+08:00
2882,2025-03-12,-257178.0,927881.0,1265794.0,1936497.0,10169.0,789.0,-243.0,-41.0,,2026-07-24T11:48:57.602571+08:00
2882,2025-03-13,52818.0,-465674.0,432000.0,19144.0,10176.0,799.0,7.0,10.0,,2026-07-24T11:48:57.602571+08:00
2882,2025-03-14,145755.0,2038219.0,1626000.0,3809974.0,10216.0,779.0,40.0,-20.0,,2026-07-24T11:48:57.602571+08:00
2882,2025-03-17,183933.0,-12023028.0,5035000.0,-6804095.0,10275.0,803.0,59.0,24.0,,2026-07-24T11:48:57.602571+08:00
2882,2025-03-18,422164.0,-3205974.0,5759000.0,2975190.0,10336.0,790.0,61.0,-13.0,,2026-07-24T11:48:57.602571+08:00
2882,2025-03-19,778038.0,-9435786.0,519000.0,-8138748.0,10468.0,781.0,132.0,-9.0,,2026-07-24T11:48:57.602571+08:00
2882,2025-03-20,555033.0,-476799.0,388000.0,466234.0,10515.0,781.0,47.0,0.0,,2026-07-24T11:48:57.602571+08:00
2882,2025-03-21,-111717.0,-7430197.0,1577420.0,-5964494.0,10604.0,768.0,89.0,-13.0,,2026-07-24T11:48:57.602571+08:00
2882,2025-03-24,-96393.0,-2954566.0,409000.0,-2641959.0,10637.0,774.0,33.0,6.0,,2026-07-24T11:48:57.602571+08:00
2882,2025-03-25,138798.0,-4531694.0,447000.0,-3945896.0,10634.0,759.0,-3.0,-15.0,,2026-07-24T11:48:57.602571+08:00
2882,2025-03-26,303702.0,-749125.0,1439000.0,993577.0,10583.0,742.0,-51.0,-17.0,,2026-07-24T11:48:57.602571+08:00
2882,2025-03-27,-133984.0,-5163321.0,1819637.0,-3477668.0,10618.0,726.0,35.0,-16.0,,2026-07-24T11:48:57.602571+08:00
2882,2025-03-28,-235288.0,-10480951.0,2730000.0,-7986239.0,10830.0,659.0,212.0,-67.0,,2026-07-24T11:48:57.602571+08:00
2882,2025-03-31,-148485.0,-14467126.0,3209000.0,-11406611.0,10958.0,592.0,128.0,-67.0,,2026-07-24T11:48:57.602571+08:00
2882,2025-04-01,2533108.0,-9113357.0,592000.0,-5988249.0,10575.0,555.0,-383.0,-37.0,,2026-07-24T11:48:57.602571+08:00
2882,2025-04-02,99742.0,-3535114.0,394000.0,-3041372.0,10006.0,460.0,-569.0,-95.0,,2026-07-24T11:48:57.602571+08:00
2882,2025-04-07,-11079.0,1498592.0,0.0,1487513.0,9509.0,47.0,-497.0,-413.0,,2026-07-24T11:48:57.602571+08:00
2882,2025-04-08,382671.0,-10493033.0,6959992.0,-3150370.0,9915.0,0.0,406.0,-47.0,,2026-07-24T11:48:57.602571+08:00
2882,2025-04-09,-738035.0,-10627515.0,-753491.0,-12119041.0,10436.0,0.0,521.0,0.0,,2026-07-24T11:48:57.602571+08:00
2882,2025-04-10,37165.0,3217157.0,0.0,3254322.0,10649.0,0.0,213.0,0.0,,2026-07-24T11:48:57.602571+08:00
2882,2025-04-11,-10034.0,-10117550.0,4157646.0,-5969938.0,11693.0,31.0,1044.0,31.0,,2026-07-24T11:48:57.602571+08:00
2882,2025-04-14,-594674.0,142618.0,285942.0,-166114.0,11698.0,37.0,5.0,6.0,,2026-07-24T11:48:57.602571+08:00
2882,2025-04-15,-232475.0,546091.0,337257.0,650873.0,11029.0,170.0,-669.0,133.0,,2026-07-24T11:48:57.602571+08:00
2882,2025-04-16,-559753.0,-4508948.0,834208.0,-4234493.0,11191.0,45.0,162.0,-125.0,,2026-07-24T11:48:57.602571+08:00
2882,2025-04-17,64613.0,-3018948.0,-6194000.0,-9148335.0,11238.0,46.0,47.0,1.0,,2026-07-24T11:48:57.602571+08:00
2882,2025-04-18,137386.0,2707396.0,-4436835.0,-1592053.0,11311.0,59.0,73.0,13.0,,2026-07-24T11:48:57.602571+08:00
2882,2025-04-21,-916503.0,-178002.0,4653000.0,3558495.0,10830.0,106.0,-481.0,47.0,,2026-07-24T11:48:57.602571+08:00
2882,2025-04-22,-470948.0,-11465933.0,4564000.0,-7372881.0,11676.0,482.0,846.0,376.0,,2026-07-24T11:48:57.602571+08:00
2882,2025-04-23,-139809.0,-3052864.0,4620226.0,1427553.0,11812.0,365.0,136.0,-117.0,,2026-07-24T11:48:57.602571+08:00
2882,2025-04-24,-184868.0,-6959355.0,4624403.0,-2519820.0,11791.0,708.0,-21.0,343.0,,2026-07-24T11:48:57.602571+08:00
2882,2025-04-25,285026.0,2299602.0,68117.0,2652745.0,11606.0,558.0,-185.0,-150.0,,2026-07-24T11:48:57.602571+08:00
2882,2025-04-28,25729.0,-1403162.0,326751.0,-1050682.0,11686.0,566.0,80.0,8.0,,2026-07-24T11:48:57.602571+08:00
2882,2025-04-29,-134.0,3053000.0,-141768.0,2911098.0,13771.0,722.0,2085.0,156.0,,2026-07-24T11:48:57.602571+08:00
2882,2025-04-30,-733282.0,-4416662.0,1620924.0,-3529020.0,13186.0,1198.0,-585.0,476.0,,2026-07-24T11:48:57.602571+08:00
2882,2025-05-02,88537.0,-5965613.0,1325131.0,-4551945.0,13522.0,1174.0,336.0,-24.0,,2026-07-24T11:48:57.602571+08:00
2882,2025-05-05,-1061109.0,-23876002.0,1718134.0,-23218977.0,12487.0,1732.0,-1035.0,558.0,,2026-07-24T11:48:57.602571+08:00
2882,2025-05-06,-1587850.0,14880311.0,-1080908.0,12211553.0,13168.0,2493.0,681.0,761.0,,2026-07-24T11:48:57.602571+08:00
2882,2025-05-07,-858428.0,10873323.0,-1921572.0,8093323.0,11721.0,2289.0,-1447.0,-204.0,,2026-07-24T11:48:57.602571+08:00
2882,2025-05-08,399225.0,-5334718.0,798038.0,-4137455.0,11946.0,2009.0,225.0,-280.0,,2026-07-24T11:48:57.602571+08:00
2882,2025-05-09,127578.0,-4471262.0,-4401962.0,-8745646.0,12279.0,1966.0,333.0,-43.0,,2026-07-24T11:48:57.602571+08:00
2882,2025-05-12,109428.0,10789440.0,-24921.0,10873947.0,11706.0,2196.0,-573.0,230.0,,2026-07-24T11:48:57.602571+08:00
2882,2025-05-13,196961.0,13186680.0,4816095.0,18199736.0,10942.0,2140.0,-764.0,-56.0,,2026-07-24T11:48:57.602571+08:00
2882,2025-05-14,1390094.0,7016486.0,-362145.0,8044435.0,10158.0,2134.0,-784.0,-6.0,,2026-07-24T11:48:57.602571+08:00
2882,2025-05-15,229028.0,10725406.0,2320141.0,13274575.0,9886.0,2282.0,-272.0,148.0,,2026-07-24T11:48:57.602571+08:00
2882,2025-05-16,317694.0,29729881.0,-138484.0,29909091.0,10157.0,2133.0,271.0,-149.0,,2026-07-24T11:48:57.602571+08:00
2882,2025-05-19,-489051.0,-6329205.0,-828034.0,-7646290.0,9046.0,2046.0,-1111.0,-87.0,,2026-07-24T11:48:57.602571+08:00
2882,2025-05-20,661099.0,4218247.0,-265922.0,4613424.0,8912.0,2073.0,-134.0,27.0,,2026-07-24T11:48:57.602571+08:00
2882,2025-05-21,-478082.0,25176537.0,-493072.0,24205383.0,10619.0,2138.0,1707.0,65.0,,2026-07-24T11:48:57.602571+08:00
2882,2025-05-22,-755029.0,27636580.0,26415562.0,53297113.0,10361.0,2015.0,-258.0,-123.0,,2026-07-24T11:48:57.602571+08:00
2882,2025-05-23,-791591.0,-4774548.0,29791855.0,24225716.0,10091.0,1932.0,-270.0,-83.0,,2026-07-24T11:48:57.602571+08:00
2882,2025-05-26,-2811268.0,-32550740.0,33135821.0,-2226187.0,11630.0,1928.0,1539.0,-4.0,,2026-07-24T11:48:57.602571+08:00
2882,2025-05-27,-2698896.0,-40223189.0,46022724.0,3100639.0,10498.0,2168.0,-1132.0,240.0,,2026-07-24T11:48:57.602571+08:00
2882,2025-05-28,-903305.0,-58062837.0,50036000.0,-8930142.0,10582.0,2228.0,84.0,60.0,,2026-07-24T11:48:57.602571+08:00
2882,2025-05-29,830759.0,-100117172.0,89672638.0,-9613775.0,12494.0,2270.0,1912.0,42.0,,2026-07-24T11:48:57.602571+08:00
2882,2025-06-02,-704629.0,-81639104.0,87490294.0,5146561.0,11058.0,2368.0,-1436.0,98.0,,2026-07-24T11:48:57.602571+08:00
2882,2025-06-03,-1212755.0,-99933820.0,126375882.0,25229307.0,8731.0,4706.0,-2327.0,2338.0,,2026-07-24T11:48:57.602571+08:00
2882,2025-06-04,-458787.0,-99574734.0,168623575.0,68590054.0,11923.0,4314.0,3192.0,-392.0,,2026-07-24T11:48:57.602571+08:00
2882,2025-06-05,-982976.0,-66491665.0,105515913.0,38041272.0,8593.0,3299.0,-3330.0,-1015.0,,2026-07-24T11:48:57.602571+08:00
2882,2025-06-06,-794271.0,-80719268.0,105666646.0,24153107.0,8606.0,3122.0,13.0,-177.0,,2026-07-24T11:48:57.602571+08:00
2882,2025-06-09,-2577653.0,-79513926.0,105548756.0,23457177.0,8082.0,3951.0,-524.0,829.0,,2026-07-24T11:48:57.602571+08:00
2882,2025-06-10,275457.0,-82852180.0,58202863.0,-24373860.0,8718.0,3747.0,636.0,-204.0,,2026-07-24T11:48:57.602571+08:00
2882,2025-06-11,-751931.0,-99446737.0,96885788.0,-3312880.0,8104.0,4911.0,-614.0,1164.0,,2026-07-24T11:48:57.602571+08:00
2882,2025-06-12,-2199671.0,-66797051.0,87985879.0,18989157.0,7975.0,5980.0,-129.0,1069.0,,2026-07-24T11:48:57.602571+08:00
2882,2025-06-13,-5427562.0,-31726590.0,92306582.0,55152430.0,7476.0,6484.0,-499.0,504.0,,2026-07-24T11:48:57.602571+08:00
2882,2025-06-16,1941612.0,-24359487.0,25894050.0,3476175.0,8175.0,5557.0,699.0,-927.0,,2026-07-24T11:48:57.602571+08:00
2882,2025-06-17,87898.0,-24859480.0,15586208.0,-9185374.0,7837.0,4475.0,-338.0,-1082.0,,2026-07-24T11:48:57.602571+08:00
2882,2025-06-18,4035640.0,-14259989.0,6935449.0,-3288900.0,7386.0,3464.0,-451.0,-1011.0,,2026-07-24T11:48:57.602571+08:00
2882,2025-06-19,2704959.0,-23885263.0,9526000.0,-11654304.0,7385.0,2861.0,-1.0,-603.0,,2026-07-24T11:48:57.602571+08:00
2882,2025-06-20,-26271.0,-14722029.0,12079250.0,-2669050.0,6868.0,2550.0,-517.0,-311.0,,2026-07-24T11:48:57.602571+08:00
2882,2025-06-23,1974218.0,-16164516.0,11796937.0,-2393361.0,6862.0,1031.0,-6.0,-1519.0,,2026-07-24T11:48:57.602571+08:00
2882,2025-06-24,2919125.0,-13894311.0,10396449.0,-578737.0,6899.0,55.0,37.0,-976.0,,2026-07-24T11:48:57.602571+08:00
2882,2025-06-25,758024.0,-9254071.0,10604724.0,2108677.0,6929.0,0.0,30.0,-55.0,,2026-07-24T11:48:57.602571+08:00
2882,2025-06-26,-509935.0,-15131695.0,14926724.0,-714906.0,6086.0,0.0,-843.0,0.0,,2026-07-24T11:48:57.602571+08:00
2882,2025-06-27,-5205730.0,-13750512.0,41117000.0,22160758.0,7255.0,0.0,1169.0,0.0,,2026-07-24T11:48:57.602571+08:00
2882,2025-06-30,-8550588.0,-8494522.0,880483.0,-16164627.0,7204.0,585.0,-51.0,585.0,,2026-07-24T11:48:57.602571+08:00
2882,2025-07-01,673704.0,4028596.0,1754897.0,6457197.0,7064.0,998.0,-140.0,413.0,,2026-07-24T11:48:57.602571+08:00
2882,2025-07-02,508029.0,-4382392.0,-1228402.0,-5102765.0,7711.0,1232.0,647.0,234.0,,2026-07-24T11:48:57.602571+08:00
2882,2025-07-03,79223.0,5112976.0,-1985000.0,3207199.0,7946.0,1266.0,235.0,34.0,,2026-07-24T11:48:57.602571+08:00
2882,2025-07-04,556977.0,-1009204.0,-1357276.0,-1809503.0,7880.0,1209.0,-66.0,-57.0,,2026-07-24T11:48:57.602571+08:00
2882,2025-07-07,337694.0,-1601431.0,3103449.0,1839712.0,7808.0,1416.0,-72.0,207.0,,2026-07-24T11:48:57.602571+08:00
2882,2025-07-08,165700.0,147804.0,-2750082.0,-2436578.0,7901.0,1321.0,93.0,-95.0,,2026-07-24T11:48:57.602571+08:00
2882,2025-07-09,94146.0,-510288.0,-3187525.0,-3603667.0,7945.0,1267.0,44.0,-54.0,,2026-07-24T11:48:57.602571+08:00
2882,2025-07-10,-850701.0,10297699.0,-3189985.0,6257013.0,7881.0,1311.0,-64.0,44.0,,2026-07-24T11:48:57.602571+08:00
2882,2025-07-11,999646.0,1806272.0,-3904000.0,-1098082.0,7686.0,1354.0,-195.0,43.0,,2026-07-24T11:48:57.602571+08:00
2882,2025-07-14,756429.0,5666946.0,2907262.0,9330637.0,7362.0,1402.0,-324.0,48.0,,2026-07-24T11:48:57.602571+08:00
2882,2025-07-15,1905258.0,-2256047.0,-2085131.0,-2435920.0,7411.0,1379.0,49.0,-23.0,,2026-07-24T11:48:57.602571+08:00
2882,2025-07-16,-81428.0,10770843.0,-4203182.0,6486233.0,6696.0,1489.0,-715.0,110.0,,2026-07-24T11:48:57.602571+08:00
2882,2025-07-17,230294.0,-5470910.0,615806.0,-4624810.0,6784.0,1616.0,88.0,127.0,,2026-07-24T11:48:57.602571+08:00
2882,2025-07-18,630117.0,-414932.0,-4088050.0,-3872865.0,6805.0,1554.0,21.0,-62.0,,2026-07-24T11:48:57.602571+08:00
2882,2025-07-21,843607.0,2516005.0,-7494637.0,-4135025.0,6794.0,1674.0,-11.0,120.0,,2026-07-24T11:48:57.602571+08:00
2882,2025-07-22,196537.0,4752848.0,-7900771.0,-2951386.0,6675.0,1514.0,-119.0,-160.0,,2026-07-24T11:48:57.602571+08:00
2882,2025-07-23,857717.0,836052.0,-1353000.0,340769.0,6682.0,1478.0,7.0,-36.0,,2026-07-24T11:48:57.602571+08:00
2882,2025-07-24,-14031.0,2123554.0,-3344000.0,-1234477.0,6650.0,1472.0,-32.0,-6.0,,2026-07-24T11:48:57.602571+08:00
2882,2025-07-25,-362337.0,3112970.0,-2006000.0,744633.0,6555.0,1480.0,-95.0,8.0,,2026-07-24T11:48:57.602571+08:00
2882,2025-07-28,14080.0,-5511215.0,-362000.0,-5859135.0,6699.0,1484.0,144.0,4.0,,2026-07-24T11:48:57.602571+08:00
2882,2025-07-29,509124.0,-5164921.0,1433724.0,-3222073.0,6692.0,1282.0,-7.0,-202.0,,2026-07-24T11:48:57.602571+08:00
2882,2025-07-30,524726.0,-920909.0,-176000.0,-572183.0,6964.0,1234.0,272.0,-48.0,,2026-07-24T11:48:57.602571+08:00
2882,2025-07-31,629094.0,-6761617.0,-725299.0,-6857822.0,7141.0,1214.0,177.0,-20.0,,2026-07-24T11:48:57.602571+08:00
2882,2025-08-01,669182.0,-3557744.0,1208621.0,-1679941.0,7142.0,1186.0,1.0,-28.0,,2026-07-24T11:48:57.602571+08:00
2882,2025-08-04,-635431.0,740371.0,6250935.0,6355875.0,6876.0,1219.0,-266.0,33.0,,2026-07-24T11:48:57.602571+08:00
2882,2025-08-05,-669204.0,-2047427.0,5185657.0,2469026.0,6769.0,1252.0,-107.0,33.0,,2026-07-24T11:48:57.602571+08:00
2882,2025-08-06,-20512.0,-1103999.0,5022787.0,3898276.0,6700.0,1254.0,-69.0,2.0,,2026-07-24T11:48:57.602571+08:00
2882,2025-08-07,-308865.0,-839663.0,3282924.0,2134396.0,6609.0,1240.0,-91.0,-14.0,,2026-07-24T11:48:57.602571+08:00
2882,2025-08-08,-176312.0,3917897.0,224977.0,3966562.0,6563.0,1232.0,-46.0,-8.0,,2026-07-24T11:48:57.602571+08:00
2882,2025-08-11,-117198.0,4755668.0,5062933.0,9701403.0,6591.0,1256.0,28.0,24.0,,2026-07-24T11:48:57.602571+08:00
2882,2025-08-12,107074.0,621489.0,-145022.0,583541.0,6616.0,1237.0,25.0,-19.0,,2026-07-24T11:48:57.602571+08:00
2882,2025-08-13,139181.0,-1003890.0,3489380.0,2624671.0,6642.0,1241.0,26.0,4.0,,2026-07-24T11:48:57.602571+08:00
2882,2025-08-14,640736.0,7213260.0,1684715.0,9538711.0,6491.0,1269.0,-151.0,28.0,,2026-07-24T11:48:57.602571+08:00
2882,2025-08-15,317446.0,2457973.0,-648310.0,2127109.0,6332.0,1267.0,-159.0,-2.0,,2026-07-24T11:48:57.602571+08:00
2882,2025-08-18,598049.0,-5358631.0,3377741.0,-1382841.0,6415.0,1270.0,83.0,3.0,,2026-07-24T11:48:57.602571+08:00
2882,2025-08-19,352707.0,1954088.0,639844.0,2946639.0,6402.0,1268.0,-13.0,-2.0,,2026-07-24T11:48:57.602571+08:00
2882,2025-08-20,3474859.0,-9037952.0,2790872.0,-2772221.0,6473.0,1231.0,71.0,-37.0,,2026-07-24T11:48:57.602571+08:00
2882,2025-08-21,-42321.0,3122339.0,4249027.0,7329045.0,6174.0,1293.0,-299.0,62.0,,2026-07-24T11:48:57.602571+08:00
2882,2025-08-22,184547.0,-5932004.0,3357509.0,-2389948.0,6198.0,1281.0,24.0,-12.0,,2026-07-24T11:48:57.602571+08:00
2882,2025-08-25,-15579.0,2671423.0,1891879.0,4547723.0,6065.0,1244.0,-133.0,-37.0,,2026-07-24T11:48:57.602571+08:00
2882,2025-08-26,70942.0,-5680711.0,-122595.0,-5732364.0,6109.0,1219.0,44.0,-25.0,,2026-07-24T11:48:57.602571+08:00
2882,2025-08-27,198479.0,-5817122.0,-409000.0,-6027643.0,6358.0,1208.0,249.0,-11.0,,2026-07-24T11:48:57.602571+08:00
2882,2025-08-28,275936.0,-3431291.0,386176.0,-2769179.0,6320.0,1209.0,-38.0,1.0,,2026-07-24T11:48:57.602571+08:00
2882,2025-08-29,661068.0,-8306043.0,-171189.0,-7816164.0,6417.0,1133.0,97.0,-76.0,,2026-07-24T11:48:57.602571+08:00
2882,2025-09-01,-20015.0,-352427.0,2927209.0,2554767.0,6328.0,1131.0,-89.0,-2.0,,2026-07-24T11:48:57.602571+08:00
2882,2025-09-02,-412495.0,3271512.0,3811621.0,6670638.0,6306.0,1149.0,-22.0,18.0,,2026-07-24T11:48:57.602571+08:00
2882,2025-09-03,-4259.0,-402489.0,1782434.0,1375686.0,6234.0,1157.0,-72.0,8.0,,2026-07-24T11:48:57.602571+08:00
2882,2025-09-04,204901.0,9428377.0,-264317.0,9368961.0,5966.0,1174.0,-268.0,17.0,,2026-07-24T11:48:57.602571+08:00
2882,2025-09-05,-32179.0,5274759.0,2549469.0,7792049.0,5807.0,1211.0,-159.0,37.0,,2026-07-24T11:48:57.602571+08:00
2882,2025-09-08,-186415.0,-1354298.0,710623.0,-830090.0,5858.0,1206.0,51.0,-5.0,,2026-07-24T11:48:57.602571+08:00
2882,2025-09-09,-26566.0,827050.0,199042.0,999526.0,5918.0,1205.0,60.0,-1.0,,2026-07-24T11:48:57.602571+08:00
2882,2025-09-10,-290977.0,5566488.0,3436575.0,8712086.0,5844.0,1210.0,-74.0,5.0,,2026-07-24T11:48:57.602571+08:00
2882,2025-09-11,-290053.0,492384.0,544940.0,747271.0,5887.0,1208.0,43.0,-2.0,,2026-07-24T11:48:57.602571+08:00
2882,2025-09-12,-249972.0,14414496.0,449941.0,14614465.0,5813.0,1221.0,-74.0,13.0,,2026-07-24T11:48:57.602571+08:00
2882,2025-09-15,308517.0,8863539.0,-981419.0,8190637.0,5786.0,1328.0,-27.0,107.0,,2026-07-24T11:48:57.602571+08:00
2882,2025-09-16,-132970.0,11055360.0,-2062038.0,8860352.0,5741.0,1391.0,-45.0,63.0,,2026-07-24T11:48:57.602571+08:00
2882,2025-09-17,234301.0,-4042400.0,-483880.0,-4291979.0,5789.0,1424.0,48.0,33.0,,2026-07-24T11:48:57.602571+08:00
2882,2025-09-18,134434.0,-6284560.0,327116.0,-5823010.0,6005.0,1347.0,216.0,-77.0,,2026-07-24T11:48:57.602571+08:00
2882,2025-09-19,10475.0,7000134.0,-407051.0,6603558.0,5872.0,1345.0,-133.0,-2.0,,2026-07-24T11:48:57.602571+08:00
2882,2025-09-22,212274.0,6086367.0,-396434.0,5902207.0,5837.0,1345.0,-35.0,0.0,,2026-07-24T11:48:57.602571+08:00
2882,2025-09-23,106482.0,5660571.0,-229337.0,5537716.0,5861.0,1362.0,24.0,17.0,,2026-07-24T11:48:57.602571+08:00
2882,2025-09-24,384236.0,4694555.0,-2754175.0,2324616.0,5827.0,1359.0,-34.0,-3.0,,2026-07-24T11:48:57.602571+08:00
2882,2025-09-25,857421.0,748058.0,-1098000.0,507479.0,5831.0,1357.0,4.0,-2.0,,2026-07-24T11:48:57.602571+08:00
2882,2025-09-26,1012096.0,-1348515.0,-150163.0,-486582.0,5882.0,1344.0,51.0,-13.0,,2026-07-24T11:48:57.602571+08:00
2882,2025-09-30,469074.0,121968.0,-49983.0,541059.0,5944.0,1346.0,62.0,2.0,,2026-07-24T11:48:57.602571+08:00
2882,2025-10-01,671268.0,6251095.0,-2437929.0,4484434.0,5821.0,1352.0,-123.0,6.0,,2026-07-24T11:48:57.602571+08:00
2882,2025-10-02,292188.0,-3006396.0,-135909.0,-2850117.0,6004.0,1345.0,183.0,-7.0,,2026-07-24T11:48:57.602571+08:00
2882,2025-10-03,-211508.0,328264.0,-296000.0,-179244.0,6036.0,1338.0,32.0,-7.0,,2026-07-24T11:48:57.602571+08:00
2882,2025-10-07,937734.0,6322134.0,-4360135.0,2899733.0,6058.0,1329.0,22.0,-9.0,,2026-07-24T11:48:57.602571+08:00
2882,2025-10-08,181955.0,1675166.0,-1948341.0,-91220.0,6338.0,1330.0,280.0,1.0,,2026-07-24T11:48:57.602571+08:00
2882,2025-10-09,244600.0,16502072.0,-3390026.0,13356646.0,5619.0,666.0,-719.0,-664.0,,2026-07-24T11:48:57.602571+08:00
2882,2025-10-13,453796.0,-3129999.0,-646170.0,-3322373.0,5904.0,637.0,285.0,-29.0,,2026-07-24T11:48:57.602571+08:00
2882,2025-10-14,-121267.0,7931995.0,-1526999.0,6283729.0,5667.0,655.0,-237.0,18.0,,2026-07-24T11:48:57.602571+08:00
2882,2025-10-15,6176469.0,-6092178.0,229655.0,313946.0,5676.0,1037.0,9.0,382.0,,2026-07-24T11:48:57.602571+08:00
2882,2025-10-16,718123.0,1588359.0,162000.0,2468482.0,5726.0,653.0,50.0,-384.0,,2026-07-24T11:48:57.602571+08:00
2882,2025-10-17,346907.0,-4501604.0,-1316000.0,-5470697.0,5818.0,649.0,92.0,-4.0,,2026-07-24T11:48:57.602571+08:00
2882,2025-10-20,473976.0,371436.0,-217620.0,627792.0,5728.0,651.0,-90.0,2.0,,2026-07-24T11:48:57.602571+08:00
2882,2025-10-21,592319.0,8298835.0,-2994247.0,5896907.0,5430.0,657.0,-298.0,6.0,,2026-07-24T11:48:57.602571+08:00
2882,2025-10-22,500142.0,556688.0,-1314849.0,-258019.0,5391.0,660.0,-39.0,3.0,,2026-07-24T11:48:57.602571+08:00
2882,2025-10-23,423879.0,1597088.0,-152000.0,1868967.0,5568.0,3384.0,177.0,2724.0,,2026-07-24T11:48:57.602571+08:00
2882,2025-10-27,1178987.0,1788722.0,-715589.0,2252120.0,5765.0,3375.0,197.0,-9.0,,2026-07-24T11:48:57.602571+08:00
2882,2025-10-28,192319.0,-9910970.0,1059792.0,-8658859.0,5875.0,494.0,110.0,-2881.0,,2026-07-24T11:48:57.602571+08:00
2882,2025-10-29,-263323.0,3029261.0,-14415.0,2751523.0,5861.0,493.0,-14.0,-1.0,,2026-07-24T11:48:57.602571+08:00
2882,2025-10-30,247405.0,2112709.0,-3178413.0,-818299.0,6029.0,482.0,168.0,-11.0,,2026-07-24T11:48:57.602571+08:00
2882,2025-10-31,818905.0,-6148487.0,-560111.0,-5889693.0,6106.0,461.0,77.0,-21.0,,2026-07-24T11:48:57.602571+08:00
2882,2025-11-03,517718.0,-1123963.0,91183.0,-515062.0,6144.0,463.0,38.0,2.0,,2026-07-24T11:48:57.602571+08:00
2882,2025-11-04,66439.0,2591013.0,448584.0,3106036.0,6094.0,467.0,-50.0,4.0,,2026-07-24T11:48:57.602571+08:00
2882,2025-11-05,165018.0,-4763783.0,283051.0,-4315714.0,6158.0,461.0,64.0,-6.0,,2026-07-24T11:48:57.602571+08:00
2882,2025-11-06,130546.0,1626478.0,493073.0,2250097.0,6094.0,469.0,-64.0,8.0,,2026-07-24T11:48:57.602571+08:00
2882,2025-11-07,486133.0,-6119258.0,-325192.0,-5958317.0,6356.0,442.0,262.0,-27.0,,2026-07-24T11:48:57.602571+08:00
2882,2025-11-10,35501.0,569652.0,614048.0,1219201.0,6375.0,438.0,19.0,-4.0,,2026-07-24T11:48:57.602571+08:00
2882,2025-11-11,-145105.0,2114016.0,-1324376.0,644535.0,7165.0,498.0,790.0,60.0,,2026-07-24T11:48:57.602571+08:00
2882,2025-11-12,-38530.0,5339058.0,-2458216.0,2842312.0,6928.0,502.0,-237.0,4.0,,2026-07-24T11:48:57.602571+08:00
2882,2025-11-13,164160.0,9544533.0,-3998850.0,5709843.0,6630.0,506.0,-298.0,4.0,,2026-07-24T11:48:57.602571+08:00
2882,2025-11-14,1116474.0,18420982.0,-8636752.0,10900704.0,6333.0,523.0,-297.0,17.0,,2026-07-24T11:48:57.602571+08:00
2882,2025-11-17,-421540.0,6554024.0,-6962412.0,-829928.0,6527.0,525.0,194.0,2.0,,2026-07-24T11:48:57.602571+08:00
2882,2025-11-18,221454.0,3890133.0,-6363678.0,-2252091.0,6541.0,534.0,14.0,9.0,,2026-07-24T11:48:57.602571+08:00
2882,2025-11-19,336104.0,3534899.0,-4927252.0,-1056249.0,6588.0,556.0,47.0,22.0,,2026-07-24T11:48:57.602571+08:00
2882,2025-11-20,291061.0,-67164.0,-5710045.0,-5486148.0,6623.0,553.0,35.0,-3.0,,2026-07-24T11:48:57.602571+08:00
2882,2025-11-21,2039795.0,-4868089.0,-6003000.0,-8831294.0,6780.0,552.0,157.0,-1.0,,2026-07-24T11:48:57.602571+08:00
2882,2025-11-24,1027222.0,10211167.0,-5256575.0,5981814.0,6425.0,578.0,-355.0,26.0,,2026-07-24T11:48:57.602571+08:00
2882,2025-11-25,-413238.0,7710685.0,-5663139.0,1634308.0,6193.0,571.0,-232.0,-7.0,,2026-07-24T11:48:57.602571+08:00
2882,2025-11-26,-211797.0,10094288.0,-5141395.0,4741096.0,5929.0,572.0,-264.0,1.0,,2026-07-24T11:48:57.602571+08:00
2882,2025-11-27,-126767.0,2477850.0,-3980278.0,-1629195.0,5472.0,563.0,-457.0,-9.0,,2026-07-24T11:48:57.602571+08:00
2882,2025-11-28,825206.0,-19478991.0,-78236.0,-18732021.0,6360.0,543.0,888.0,-20.0,,2026-07-24T11:48:57.602571+08:00
2882,2025-12-01,1832.0,7523616.0,247000.0,7772448.0,6147.0,1522.0,-213.0,979.0,,2026-07-24T11:48:57.602571+08:00
2882,2025-12-02,127319.0,30011046.0,-41000.0,30097365.0,5133.0,1569.0,-1014.0,47.0,,2026-07-24T11:48:57.602571+08:00
2882,2025-12-03,134323.0,12978515.0,3085624.0,16198462.0,4955.0,1622.0,-178.0,53.0,,2026-07-24T11:48:57.602571+08:00
2882,2025-12-04,294992.0,18374576.0,-402395.0,18267173.0,5674.0,1318.0,719.0,-304.0,,2026-07-24T11:48:57.602571+08:00
2882,2025-12-05,586639.0,-1082097.0,-65237.0,-560695.0,5727.0,698.0,53.0,-620.0,,2026-07-24T11:48:57.602571+08:00
2882,2025-12-08,92506.0,1430148.0,-139822.0,1382832.0,5254.0,697.0,-473.0,-1.0,,2026-07-24T11:48:57.602571+08:00
2882,2025-12-09,43842.0,6022208.0,-316916.0,5749134.0,5071.0,729.0,-183.0,32.0,,2026-07-24T11:48:57.602571+08:00
2882,2025-12-10,-184932.0,-363362.0,-299520.0,-847814.0,5264.0,613.0,193.0,-116.0,,2026-07-24T11:48:57.602571+08:00
2882,2025-12-11,122039.0,5552632.0,-142302.0,5532369.0,5260.0,1274.0,-4.0,661.0,,2026-07-24T11:48:57.602571+08:00
2882,2025-12-12,15968.0,12969835.0,1023843.0,14009646.0,5512.0,1273.0,252.0,-1.0,,2026-07-24T11:48:57.602571+08:00
2882,2025-12-15,244455.0,4522742.0,-1031000.0,3736197.0,5410.0,1290.0,-102.0,17.0,,2026-07-24T11:48:57.602571+08:00
2882,2025-12-16,1208283.0,23384550.0,-33522256.0,-8929423.0,5112.0,867.0,-298.0,-423.0,,2026-07-24T11:48:57.602571+08:00
2882,2025-12-17,781354.0,36555168.0,-19031119.0,18305403.0,5355.0,1056.0,243.0,189.0,,2026-07-24T11:48:57.602571+08:00
2882,2025-12-18,441280.0,19214461.0,-18807139.0,848602.0,5397.0,1101.0,42.0,45.0,,2026-07-24T11:48:57.602571+08:00
2882,2025-12-19,102046.0,24252198.0,-20587174.0,3767070.0,4244.0,1058.0,-1153.0,-43.0,,2026-07-24T11:48:57.602571+08:00
2882,2025-12-22,-152024.0,28756306.0,-22335395.0,6268887.0,4198.0,1083.0,-46.0,25.0,,2026-07-24T11:48:57.602571+08:00
2882,2025-12-23,-327119.0,20945410.0,-20623130.0,-4839.0,4346.0,1093.0,148.0,10.0,,2026-07-24T11:48:57.602571+08:00
2882,2025-12-24,-163412.0,23877057.0,-25306389.0,-1592744.0,4314.0,1056.0,-32.0,-37.0,,2026-07-24T11:48:57.602571+08:00
2882,2025-12-26,-176868.0,17777247.0,-22106131.0,-4505752.0,4272.0,936.0,-42.0,-120.0,,2026-07-24T11:48:57.602571+08:00
2882,2025-12-29,-363891.0,8454136.0,-624403.0,7465842.0,4046.0,959.0,-226.0,23.0,,2026-07-24T11:48:57.602571+08:00
2882,2025-12-30,-403175.0,-6303740.0,10039000.0,3332085.0,3974.0,960.0,-72.0,1.0,,2026-07-24T11:48:57.602571+08:00
2882,2025-12-31,-129483.0,-23590092.0,18647893.0,-5071682.0,4195.0,953.0,221.0,-7.0,,2026-07-24T11:48:57.602571+08:00
2882,2026-01-02,253808.0,-8064087.0,8743674.0,933395.0,4076.0,898.0,-119.0,-55.0,,2026-07-24T11:48:57.602571+08:00
2882,2026-01-05,526221.0,4106732.0,3936448.0,8569401.0,3868.0,917.0,-208.0,19.0,,2026-07-24T11:48:57.602571+08:00
2882,2026-01-06,98859.0,2123844.0,-3277457.0,-1054754.0,3948.0,919.0,80.0,2.0,,2026-07-24T11:48:57.602571+08:00
2882,2026-01-07,90622.0,2071958.0,-3511407.0,-1348827.0,3990.0,844.0,42.0,-75.0,,2026-07-24T11:48:57.602571+08:00
2882,2026-01-08,441363.0,6468658.0,-1008800.0,5901221.0,4017.0,845.0,27.0,1.0,,2026-07-24T11:48:57.602571+08:00
2882,2026-01-09,88029.0,2764511.0,-3360293.0,-507753.0,3983.0,840.0,-34.0,-5.0,,2026-07-24T11:48:57.602571+08:00
2882,2026-01-12,187090.0,5409195.0,-6267437.0,-671152.0,3925.0,858.0,-58.0,18.0,,2026-07-24T11:48:57.602571+08:00
2882,2026-01-13,703122.0,15050136.0,-4505145.0,11248113.0,3689.0,880.0,-236.0,22.0,,2026-07-24T11:48:57.602571+08:00
2882,2026-01-14,-657776.0,-12080009.0,-7546472.0,-20284257.0,4354.0,832.0,665.0,-48.0,,2026-07-24T11:48:57.602571+08:00
2882,2026-01-15,198938.0,7204885.0,-2931812.0,4472011.0,4095.0,830.0,-259.0,-2.0,,2026-07-24T11:48:57.602571+08:00
2882,2026-01-16,237079.0,13653689.0,-4100874.0,9789894.0,3888.0,867.0,-207.0,37.0,,2026-07-24T11:48:57.602571+08:00
2882,2026-01-19,-253841.0,14878013.0,-1385112.0,13239060.0,3657.0,880.0,-231.0,13.0,,2026-07-24T11:48:57.602571+08:00
2882,2026-01-20,-508971.0,2795622.0,-3714030.0,-1427379.0,3760.0,872.0,103.0,-8.0,,2026-07-24T11:48:57.602571+08:00
2882,2026-01-21,-51634.0,2216051.0,-4010425.0,-1846008.0,3864.0,886.0,104.0,14.0,,2026-07-24T11:48:57.602571+08:00
2882,2026-01-22,382889.0,-208898.0,-1280921.0,-1106930.0,3954.0,886.0,90.0,0.0,,2026-07-24T11:48:57.602571+08:00
2882,2026-01-23,226625.0,7397522.0,-680849.0,6943298.0,3861.0,890.0,-93.0,4.0,,2026-07-24T11:48:57.602571+08:00
2882,2026-01-26,-136089.0,11422304.0,-5099003.0,6187212.0,3550.0,899.0,-311.0,9.0,,2026-07-24T11:48:57.602571+08:00
2882,2026-01-27,319108.0,5339930.0,-8733615.0,-3074577.0,3805.0,877.0,255.0,-22.0,,2026-07-24T11:48:57.602571+08:00
2882,2026-01-28,-194418.0,805719.0,-3014280.0,-2402979.0,3703.0,877.0,-102.0,0.0,,2026-07-24T11:48:57.602571+08:00
2882,2026-01-29,174893.0,9848612.0,-3555422.0,6468083.0,3671.0,889.0,-32.0,12.0,,2026-07-24T11:48:57.602571+08:00
2882,2026-01-30,347479.0,410207.0,-3161042.0,-2403356.0,3748.0,868.0,77.0,-21.0,,2026-07-24T11:48:57.602571+08:00
2882,2026-02-02,-94507.0,8430507.0,289857.0,8625857.0,3786.0,884.0,38.0,16.0,,2026-07-24T11:48:57.602571+08:00
2882,2026-02-03,88268.0,6794024.0,14473.0,6896765.0,3738.0,882.0,-48.0,-2.0,,2026-07-24T11:48:57.602571+08:00
2882,2026-02-04,46223.0,4620666.0,201000.0,4867889.0,3518.0,868.0,-220.0,-14.0,,2026-07-24T11:48:57.602571+08:00
2882,2026-02-05,-178014.0,2437504.0,-133277.0,2126213.0,3604.0,850.0,86.0,-18.0,,2026-07-24T11:48:57.602571+08:00
2882,2026-02-06,-243779.0,-1951958.0,448000.0,-1747737.0,3570.0,790.0,-34.0,-60.0,,2026-07-24T11:48:57.602571+08:00
2882,2026-02-09,-53694.0,12910855.0,-828000.0,12029161.0,3396.0,782.0,-174.0,-8.0,,2026-07-24T11:48:57.602571+08:00
2882,2026-02-10,217945.0,7912240.0,-736070.0,7394115.0,3344.0,795.0,-52.0,13.0,,2026-07-24T11:48:57.602571+08:00
2882,2026-02-11,70417.0,17379783.0,-1080000.0,16370200.0,3289.0,823.0,-55.0,28.0,,2026-07-24T11:48:57.602571+08:00
2882,2026-02-23,-213661.0,6965474.0,-6838778.0,-86965.0,3377.0,816.0,88.0,-7.0,,2026-07-24T11:48:57.602571+08:00
2882,2026-02-24,534623.0,-3257898.0,-3402062.0,-6125337.0,3476.0,803.0,99.0,-13.0,,2026-07-24T11:48:57.602571+08:00
2882,2026-02-25,1507743.0,-4011422.0,-6304443.0,-8808122.0,3482.0,775.0,6.0,-28.0,,2026-07-24T11:48:57.602571+08:00
2882,2026-02-26,119234.0,9422914.0,2149577.0,11691725.0,3242.0,785.0,-240.0,10.0,,2026-07-24T11:48:57.602571+08:00
2882,2026-03-02,65605.0,-5604656.0,1665711.0,-3873340.0,3820.0,777.0,578.0,-8.0,,2026-07-24T11:48:57.602571+08:00
2882,2026-03-03,1305306.0,2907312.0,447834.0,4660452.0,4095.0,773.0,275.0,-4.0,,2026-07-24T11:48:57.602571+08:00
2882,2026-03-04,1170988.0,-13030332.0,4307537.0,-7551807.0,4469.0,422.0,374.0,-351.0,,2026-07-24T11:48:57.602571+08:00
2882,2026-03-05,-584771.0,-7958736.0,7393822.0,-1149685.0,4948.0,433.0,479.0,11.0,,2026-07-24T11:48:57.602571+08:00
2882,2026-03-06,124347.0,-2679756.0,2770815.0,215406.0,5000.0,421.0,52.0,-12.0,,2026-07-24T11:48:57.602571+08:00
2882,2026-03-09,382969.0,-5098647.0,5791966.0,1076288.0,5137.0,351.0,137.0,-70.0,,2026-07-24T11:48:57.602571+08:00
2882,2026-03-10,120085.0,-3486144.0,650077.0,-2715982.0,4592.0,337.0,-545.0,-14.0,,2026-07-24T11:48:57.602571+08:00
2882,2026-03-11,-60050.0,-989284.0,396854.0,-652480.0,4613.0,331.0,21.0,-6.0,,2026-07-24T11:48:57.602571+08:00
2882,2026-03-12,-229989.0,-4082865.0,283604.0,-4029250.0,4820.0,342.0,207.0,11.0,,2026-07-24T11:48:57.602571+08:00
2882,2026-03-13,-115057.0,-9479471.0,6584816.0,-3009712.0,5007.0,337.0,187.0,-5.0,,2026-07-24T11:48:57.602571+08:00
2882,2026-03-16,-182983.0,-2312219.0,6468906.0,3973704.0,5017.0,1489.0,10.0,1152.0,,2026-07-24T11:48:57.602571+08:00
2882,2026-03-17,564962.0,-45878.0,3134600.0,3653684.0,5031.0,1505.0,14.0,16.0,,2026-07-24T11:48:57.602571+08:00
2882,2026-03-18,434415.0,3614312.0,-903248.0,3145479.0,5001.0,1504.0,-30.0,-1.0,,2026-07-24T11:48:57.602571+08:00
2882,2026-03-19,291387.0,-12705053.0,5175783.0,-7237883.0,5217.0,1490.0,216.0,-14.0,,2026-07-24T11:48:57.602571+08:00
2882,2026-03-20,-240165.0,-105300.0,5824737.0,5479272.0,4975.0,299.0,-242.0,-1191.0,,2026-07-24T11:48:57.602571+08:00
2882,2026-03-23,100906.0,-6985849.0,9964633.0,3079690.0,4952.0,298.0,-23.0,-1.0,,2026-07-24T11:48:57.602571+08:00
2882,2026-03-24,135690.0,-7125525.0,4522000.0,-2467835.0,5035.0,273.0,83.0,-25.0,,2026-07-24T11:48:57.602571+08:00
2882,2026-03-25,392780.0,1087798.0,739000.0,2219578.0,4951.0,252.0,-84.0,-21.0,,2026-07-24T11:48:57.602571+08:00
2882,2026-03-26,88683.0,-5129178.0,1823923.0,-3216572.0,5007.0,196.0,56.0,-56.0,,2026-07-24T11:48:57.602571+08:00
2882,2026-03-27,104207.0,-11746684.0,2613000.0,-9029477.0,4877.0,183.0,-130.0,-13.0,,2026-07-24T11:48:57.602571+08:00
2882,2026-03-30,-94073.0,1087566.0,2675106.0,3668599.0,4889.0,184.0,12.0,1.0,,2026-07-24T11:48:57.602571+08:00
2882,2026-03-31,2049901.0,-2188825.0,1911000.0,1772076.0,4839.0,156.0,-50.0,-28.0,,2026-07-24T11:48:57.602571+08:00
2882,2026-04-01,661280.0,-864958.0,3977106.0,3773428.0,4743.0,143.0,-96.0,-13.0,,2026-07-24T11:48:57.602571+08:00
2882,2026-04-02,-566949.0,-1193596.0,1643586.0,-116959.0,4654.0,0.0,-89.0,-143.0,,2026-07-24T11:48:57.602571+08:00
2882,2026-04-07,-280183.0,-4385765.0,4778943.0,112995.0,4674.0,0.0,20.0,0.0,,2026-07-24T11:48:57.602571+08:00
2882,2026-04-08,757923.0,4848078.0,2575595.0,8181596.0,4523.0,0.0,-151.0,0.0,,2026-07-24T11:48:57.602571+08:00
2882,2026-04-09,61871.0,-1652310.0,2320399.0,729960.0,4426.0,0.0,-97.0,0.0,,2026-07-24T11:48:57.602571+08:00
2882,2026-04-10,126627.0,-6756557.0,1214691.0,-5415239.0,4546.0,61.0,120.0,61.0,,2026-07-24T11:48:57.602571+08:00
2882,2026-04-13,-11051.0,-2623828.0,-3874715.0,-6509594.0,4715.0,60.0,169.0,-1.0,,2026-07-24T11:48:57.602571+08:00
2882,2026-04-14,431265.0,1628611.0,-2789752.0,-729876.0,4640.0,60.0,-75.0,0.0,,2026-07-24T11:48:57.602571+08:00
2882,2026-04-15,-386567.0,-6428366.0,-2746214.0,-9561147.0,4892.0,99.0,252.0,39.0,,2026-07-24T11:48:57.602571+08:00
2882,2026-04-16,551979.0,6411508.0,-2383635.0,4579852.0,4650.0,99.0,-242.0,0.0,,2026-07-24T11:48:57.602571+08:00
2882,2026-04-17,69500.0,-2361448.0,-4589782.0,-6881730.0,4541.0,114.0,-109.0,15.0,,2026-07-24T11:48:57.602571+08:00
2882,2026-04-20,383847.0,-5315169.0,-3414616.0,-8345938.0,4493.0,90.0,-48.0,-24.0,,2026-07-24T11:48:57.602571+08:00
2882,2026-04-21,448044.0,2074810.0,-487697.0,2035157.0,4470.0,109.0,-23.0,19.0,,2026-07-24T11:48:57.602571+08:00
2882,2026-04-22,-188029.0,-4023904.0,-1281281.0,-5493214.0,4361.0,111.0,-109.0,2.0,,2026-07-24T11:48:57.602571+08:00
2882,2026-04-23,-145738.0,-8154048.0,-827005.0,-9126791.0,4410.0,102.0,49.0,-9.0,,2026-07-24T11:48:57.602571+08:00
2882,2026-04-24,-24077.0,-14645532.0,1440470.0,-13229139.0,4308.0,115.0,-102.0,13.0,,2026-07-24T11:48:57.602571+08:00
2882,2026-04-27,-69686.0,-5716371.0,-4255062.0,-10041119.0,4324.0,109.0,16.0,-6.0,,2026-07-24T11:48:57.602571+08:00
2882,2026-04-28,408159.0,2614021.0,-5168719.0,-2146539.0,4525.0,111.0,201.0,2.0,,2026-07-24T11:48:57.602571+08:00
2882,2026-04-29,392729.0,42577179.0,-11917000.0,31052908.0,3800.0,134.0,-725.0,23.0,,2026-07-24T11:48:57.602571+08:00
2882,2026-04-30,360360.0,5844363.0,-6703226.0,-498503.0,3786.0,122.0,-14.0,-12.0,,2026-07-24T11:48:57.602571+08:00
2882,2026-05-04,-78653.0,427028.0,-10132702.0,-9784327.0,3888.0,112.0,102.0,-10.0,,2026-07-24T11:48:57.602571+08:00
2882,2026-05-05,187656.0,9878020.0,-7022087.0,3043589.0,3784.0,115.0,-104.0,3.0,,2026-07-24T11:48:57.602571+08:00
2882,2026-05-06,-68550.0,13256045.0,-3143039.0,10044456.0,3645.0,120.0,-139.0,5.0,,2026-07-24T11:48:57.602571+08:00
2882,2026-05-07,-88647.0,-5849266.0,175073.0,-5762840.0,3751.0,119.0,106.0,-1.0,,2026-07-24T11:48:57.602571+08:00
2882,2026-05-08,661231.0,16243801.0,-6258078.0,10646954.0,3372.0,126.0,-379.0,7.0,,2026-07-24T11:48:57.602571+08:00
2882,2026-05-11,-519274.0,-5061278.0,-4342749.0,-9923301.0,3833.0,115.0,461.0,-11.0,,2026-07-24T11:48:57.602571+08:00
2882,2026-05-12,-737195.0,-8338133.0,-3319807.0,-12395135.0,4477.0,109.0,644.0,-6.0,,2026-07-24T11:48:57.602571+08:00
2882,2026-05-13,616597.0,-478232.0,4349000.0,4487365.0,4247.0,120.0,-230.0,11.0,,2026-07-24T11:48:57.602571+08:00
2882,2026-05-14,170555.0,3955255.0,-8315307.0,-4189497.0,4439.0,125.0,192.0,5.0,,2026-07-24T11:48:57.602571+08:00
2882,2026-05-15,-270083.0,29280568.0,-20902490.0,8107995.0,4094.0,119.0,-345.0,-6.0,,2026-07-24T11:48:57.602571+08:00
2882,2026-05-18,425960.0,2814220.0,-9571309.0,-6331129.0,4413.0,1412.0,319.0,1293.0,,2026-07-24T11:48:57.602571+08:00
2882,2026-05-19,405388.0,25404170.0,-17966158.0,7843400.0,3945.0,1412.0,-468.0,0.0,,2026-07-24T11:48:57.602571+08:00
2882,2026-05-20,-979673.0,73504.0,-954077.0,-1860246.0,3956.0,1013.0,11.0,-399.0,,2026-07-24T11:48:57.602571+08:00
2882,2026-05-21,60855.0,25763577.0,-21947360.0,3877072.0,3887.0,282.0,-69.0,-731.0,,2026-07-24T11:48:57.602571+08:00
2882,2026-05-22,136237.0,27782473.0,-22136936.0,5781774.0,3403.0,163.0,-484.0,-119.0,,2026-07-24T11:48:57.602571+08:00
2882,2026-05-25,119134.0,21264433.0,-15598000.0,5785567.0,3125.0,210.0,-278.0,47.0,,2026-07-24T11:48:57.602571+08:00
2882,2026-05-26,-104147.0,23552099.0,-17889450.0,5558502.0,3311.0,197.0,186.0,-13.0,,2026-07-24T11:48:57.602571+08:00
2882,2026-05-27,787980.0,23092038.0,-19875149.0,4004869.0,3654.0,178.0,343.0,-19.0,,2026-07-24T11:48:57.602571+08:00
2882,2026-05-28,147209.0,17727281.0,-21169128.0,-3294638.0,3703.0,175.0,49.0,-3.0,,2026-07-24T11:48:57.602571+08:00
2882,2026-05-29,-83666.0,17605309.0,-19634577.0,-2112934.0,3901.0,161.0,198.0,-14.0,,2026-07-24T11:48:57.602571+08:00
2882,2026-06-01,638911.0,26002979.0,-22290000.0,4351890.0,3711.0,180.0,-190.0,19.0,,2026-07-24T11:48:57.602571+08:00
2882,2026-06-02,541334.0,9164669.0,-11502000.0,-1795997.0,3705.0,181.0,-6.0,1.0,,2026-07-24T11:48:57.602571+08:00
2882,2026-06-03,1337619.0,22605208.0,-22053335.0,1889492.0,3908.0,200.0,203.0,19.0,,2026-07-24T11:48:57.602571+08:00
2882,2026-06-04,635947.0,25038574.0,-19920965.0,5753556.0,3992.0,220.0,84.0,20.0,,2026-07-24T11:48:57.602571+08:00
2882,2026-06-05,98866.0,10810614.0,-278827.0,10630653.0,4988.0,263.0,996.0,43.0,,2026-07-24T11:48:57.602571+08:00
2882,2026-06-08,229170.0,-7524591.0,1030000.0,-6265421.0,4794.0,240.0,-194.0,-23.0,,2026-07-24T11:48:57.602571+08:00
2882,2026-06-09,730908.0,4854481.0,-652887.0,4932502.0,5739.0,273.0,945.0,33.0,,2026-07-24T11:48:57.602571+08:00
2882,2026-06-10,341433.0,-5083064.0,-1813941.0,-6555572.0,4790.0,252.0,-949.0,-21.0,,2026-07-24T11:48:57.602571+08:00
2882,2026-06-11,,,,,4388.0,250.0,-402.0,-2.0,,2026-07-24T11:48:57.602571+08:00
2882,2026-06-12,-110604.0,10927741.0,-9667900.0,1149237.0,4556.0,268.0,168.0,18.0,,2026-07-24T11:48:57.602571+08:00
2882,2026-06-15,816250.0,12274093.0,-6401000.0,6689343.0,4394.0,245.0,-162.0,-23.0,,2026-07-24T11:48:57.602571+08:00
2882,2026-06-16,1138526.0,-147329.0,7719686.0,8710883.0,4712.0,253.0,318.0,8.0,,2026-07-24T11:48:57.602571+08:00
2882,2026-06-17,-1259582.0,-5810605.0,2452547.0,-4617640.0,4795.0,268.0,83.0,15.0,,2026-07-24T11:48:57.602571+08:00
2882,2026-06-18,222446.0,-4087465.0,-2676746.0,-6541765.0,4265.0,296.0,-530.0,28.0,,2026-07-24T11:48:57.602571+08:00
2882,2026-06-19,-268000.0,-1882000.0,146000.0,-2004000.0,,,,,,2026-07-24T11:48:57.602571+08:00
2882,2026-06-22,81312.0,910354.0,-982372.0,9294.0,3748.0,246.0,,,,2026-07-24T11:48:57.602571+08:00
2882,2026-06-23,212293.0,-2285166.0,-212349.0,-2285222.0,3787.0,118.0,39.0,-128.0,,2026-07-24T11:48:57.602571+08:00
2882,2026-06-24,505604.0,-8222871.0,-349338.0,-8066605.0,3820.0,0.0,33.0,-118.0,,2026-07-24T11:48:57.602571+08:00
2882,2026-06-25,-361505.0,-990440.0,78217.0,-1273728.0,3671.0,0.0,-149.0,0.0,,2026-07-24T11:48:57.602571+08:00
2882,2026-06-26,102949.0,-9845916.0,2843380.0,-6899587.0,3888.0,0.0,217.0,0.0,,2026-07-24T11:48:57.602571+08:00
2882,2026-06-29,-225731.0,-12158610.0,-30490.0,-12414831.0,6864.0,0.0,2976.0,0.0,,2026-07-24T11:48:57.602571+08:00
2882,2026-06-30,-3824199.0,49061944.0,-5952420.0,39285325.0,5353.0,75.0,-1511.0,75.0,,2026-07-24T11:48:57.602571+08:00
2882,2026-07-01,-793597.0,27510116.0,-30750476.0,-4033957.0,5010.0,4.0,,,,2026-07-30T01:54:16.981831+08:00
2882,2026-07-02,675592.0,25492148.0,-22601950.0,3565790.0,5322.0,7.0,312.0,3.0,,2026-07-30T01:54:16.981831+08:00
2882,2026-07-03,283317.0,10200458.0,-1761384.0,8722391.0,5568.0,6.0,246.0,-1.0,,2026-07-30T01:54:16.981831+08:00
2882,2026-07-06,184342.0,20450802.0,-2760925.0,17874219.0,5801.0,5.0,233.0,-1.0,,2026-07-30T01:54:16.981831+08:00
2882,2026-07-07,126904.0,17042015.0,-3276307.0,13892612.0,6283.0,27.0,482.0,22.0,,2026-07-30T01:54:16.981831+08:00
2882,2026-07-08,-311405.0,-5962105.0,292192.0,-5981318.0,6796.0,20.0,513.0,-7.0,,2026-07-30T01:54:16.981831+08:00
2882,2026-07-09,-626601.0,-4776987.0,146466.0,-5257122.0,7033.0,40.0,237.0,20.0,,2026-07-30T01:54:16.981831+08:00
2882,2026-07-13,185352.0,5057316.0,-1846792.0,3395876.0,6568.0,15.0,-465.0,-25.0,,2026-07-30T01:54:16.981831+08:00
2882,2026-07-14,1861886.0,-1333626.0,197185.0,725445.0,6490.0,18.0,-78.0,3.0,,2026-07-30T01:54:16.981831+08:00
2882,2026-07-15,-368664.0,2215706.0,-1528536.0,318506.0,6394.0,16.0,-96.0,-2.0,,2026-07-30T01:54:16.981831+08:00
2882,2026-07-16,377210.0,4941.0,-194367.0,187784.0,6416.0,26.0,22.0,10.0,,2026-07-30T01:54:16.981831+08:00
2882,2026-07-17,1848346.0,8077522.0,-2638351.0,7287517.0,6512.0,150.0,96.0,124.0,,2026-07-30T01:54:16.981831+08:00
2882,2026-07-20,1907715.0,8311903.0,-2505887.0,7713731.0,6446.0,181.0,-66.0,31.0,,2026-07-30T01:54:16.981831+08:00
2882,2026-07-21,-124653.0,12384602.0,-1619366.0,10640583.0,4872.0,182.0,-1574.0,1.0,,2026-07-30T01:54:16.981831+08:00
2882,2026-07-22,-295246.0,9647963.0,-2762337.0,6590380.0,5151.0,194.0,279.0,12.0,,2026-07-30T01:54:16.981831+08:00
2882,2026-07-23,171995.0,5057671.0,-2826390.0,2403276.0,5221.0,191.0,70.0,-3.0,,2026-07-30T01:54:16.981831+08:00
2882,2026-07-24,79087.0,621414.0,874696.0,1575197.0,5266.0,192.0,45.0,1.0,,2026-07-30T01:54:16.981831+08:00
2882,2026-07-27,866964.0,3891956.0,510405.0,5269325.0,5125.0,221.0,-141.0,29.0,,2026-07-30T01:54:16.981831+08:00
2882,2026-07-28,2542830.0,-12248782.0,3850749.0,-5855203.0,5336.0,196.0,211.0,-25.0,,2026-07-30T01:54:16.981831+08:00
2882,2026-07-29,1690694.0,-3446605.0,3211224.0,1455313.0,5290.0,808.0,-46.0,612.0,,2026-07-30T01:54:16.981831+08:00
2882,2026-08-03,-532814.0,-5442173.0,6596709.0,621722.0,4844.0,383.0,,,,2026-08-12T17:48:22.260000+08:00
2882,2026-08-04,-1617279.0,-1200409.0,4519000.0,1701312.0,4624.0,351.0,-220.0,-32.0,,2026-08-12T17:48:22.260000+08:00
2882,2026-08-05,-70526.0,3166290.0,-631512.0,2464252.0,4644.0,250.0,20.0,-101.0,,2026-08-12T17:48:22.260000+08:00
2882,2026-08-06,-298154.0,-8171795.0,35000.0,-8434949.0,4689.0,229.0,45.0,-21.0,,2026-08-12T17:48:22.260000+08:00
2882,2026-08-07,60866.0,4316898.0,-2000.0,4375764.0,4338.0,244.0,-351.0,15.0,,2026-08-12T17:48:22.260000+08:00
2882,2026-08-10,-195806.0,2899706.0,-5284.0,2698616.0,4251.0,258.0,-87.0,14.0,,2026-08-12T17:48:22.260000+08:00
2882,2026-08-11,-75940.0,-42969.0,-181060.0,-299969.0,4276.0,249.0,25.0,-9.0,,2026-08-12T17:48:22.260000+08:00
2882,2026-08-12,187882.0,2361816.0,1163316.0,3713014.0,,,,,,2026-08-12T17:48:22.260000+08:00
2882,2026-08-03,-532814.0,-5442173.0,6596709.0,621722.0,4844.0,383.0,,,,2026-08-13T00:13:16.901472+08:00
2882,2026-08-04,-1617279.0,-1200409.0,4519000.0,1701312.0,4624.0,351.0,-220.0,-32.0,,2026-08-13T00:13:16.901472+08:00
2882,2026-08-05,-70526.0,3166290.0,-631512.0,2464252.0,4644.0,250.0,20.0,-101.0,,2026-08-13T00:13:16.901472+08:00
2882,2026-08-06,-298154.0,-8171795.0,35000.0,-8434949.0,4689.0,229.0,45.0,-21.0,,2026-08-13T00:13:16.901472+08:00
2882,2026-08-07,60866.0,4316898.0,-2000.0,4375764.0,4338.0,244.0,-351.0,15.0,,2026-08-13T00:13:16.901472+08:00
2882,2026-08-10,-195806.0,2899706.0,-5284.0,2698616.0,4251.0,258.0,-87.0,14.0,,2026-08-13T00:13:16.901472+08:00
2882,2026-08-11,-75940.0,-42969.0,-181060.0,-299969.0,4276.0,249.0,25.0,-9.0,,2026-08-13T00:13:16.901472+08:00
2882,2026-08-12,187882.0,2361816.0,1163316.0,3713014.0,4297.0,231.0,21.0,-18.0,,2026-08-13T00:13:16.901472+08:00
