stock_id,trade_date,dealer_net,foreign_net,investment_trust_net,institutional_net,margin_balance,short_balance,margin_change,short_change,securities_lending,updated_at
2890,2016-01-04,-228000,-11650652,-667113,-12545765,46827.0,184.0,,,,2026-07-24T11:49:01.984606+08:00
2890,2016-01-05,-144000,-7916702,-12000,-8072702,47832.0,243.0,1005.0,59.0,,2026-07-24T11:49:01.984606+08:00
2890,2016-01-06,-274000,-8337683,1000,-8610683,47847.0,217.0,15.0,-26.0,,2026-07-24T11:49:01.984606+08:00
2890,2016-01-07,201000,-13832816,-8000,-13639816,49289.0,255.0,1442.0,38.0,,2026-07-24T11:49:01.984606+08:00
2890,2016-01-08,-61000,-5197586,50000,-5208586,51480.0,233.0,2191.0,-22.0,,2026-07-24T11:49:01.984606+08:00
2890,2016-01-11,-72000,-17811522,0,-17883522,53598.0,280.0,2118.0,47.0,,2026-07-24T11:49:01.984606+08:00
2890,2016-01-12,-22000,-8556000,-4000,-8582000,53792.0,286.0,194.0,6.0,,2026-07-24T11:49:01.984606+08:00
2890,2016-01-13,-218000,3156081,-3000,2935081,53166.0,521.0,-626.0,235.0,,2026-07-24T11:49:01.984606+08:00
2890,2016-01-14,-5000,-2001791,0,-2006791,48431.0,522.0,-4735.0,1.0,,2026-07-24T11:49:01.984606+08:00
2890,2016-01-15,-1354000,-10033890,-69000,-11456890,47424.0,509.0,-1007.0,-13.0,,2026-07-24T11:49:01.984606+08:00
2890,2016-01-18,54000,-1374428,0,-1320428,47828.0,565.0,404.0,56.0,,2026-07-24T11:49:01.984606+08:00
2890,2016-01-19,64000,549961,0,613961,47241.0,565.0,-587.0,0.0,,2026-07-24T11:49:01.984606+08:00
2890,2016-01-20,-564000,-8500056,-71000,-9135056,47881.0,583.0,640.0,18.0,,2026-07-24T11:49:01.984606+08:00
2890,2016-01-21,-108000,-5187302,0,-5295302,47688.0,689.0,-193.0,106.0,,2026-07-24T11:49:01.984606+08:00
2890,2016-01-22,1217000,-9866195,0,-8649195,46995.0,688.0,-693.0,-1.0,,2026-07-24T11:49:01.984606+08:00
2890,2016-01-25,714000,8731645,-9000,9436645,45085.0,750.0,-1910.0,62.0,,2026-07-24T11:49:01.984606+08:00
2890,2016-01-26,-84000,-9949331,-49000,-10082331,46123.0,624.0,1038.0,-126.0,,2026-07-24T11:49:01.984606+08:00
2890,2016-01-27,-235000,-5238726,0,-5473726,46357.0,594.0,234.0,-30.0,,2026-07-24T11:49:01.984606+08:00
2890,2016-01-28,388000,-137867,749000,999133,47194.0,608.0,837.0,14.0,,2026-07-24T11:49:01.984606+08:00
2890,2016-01-29,-675000,10767049,455000,10547049,47435.0,750.0,241.0,142.0,,2026-07-24T11:49:01.984606+08:00
2890,2016-01-30,884000,2813000,585000,4282000,46912.0,793.0,-523.0,43.0,,2026-07-24T11:49:01.984606+08:00
2890,2016-02-01,-252000,-2603006,0,-2855006,45338.0,721.0,-1574.0,-72.0,,2026-07-24T11:49:01.984606+08:00
2890,2016-02-02,18000,454496,0,472496,44616.0,676.0,-722.0,-45.0,,2026-07-24T11:49:01.984606+08:00
2890,2016-02-03,-1614000,-951981,-896000,-3461981,43634.0,590.0,-982.0,-86.0,,2026-07-24T11:49:01.984606+08:00
2890,2016-02-05,139000,240735,0,379735,,,,,,2026-07-24T11:49:01.984606+08:00
2890,2016-02-15,-493000,-665313,-4436,-1162749,43947.0,702.0,,,,2026-07-24T11:49:01.984606+08:00
2890,2016-02-16,45000,10258775,0,10303775,43368.0,862.0,-579.0,160.0,,2026-07-24T11:49:01.984606+08:00
2890,2016-02-17,-243000,-4458118,2000,-4699118,43801.0,847.0,433.0,-15.0,,2026-07-24T11:49:01.984606+08:00
2890,2016-02-18,285000,1546246,0,1831246,43403.0,870.0,-398.0,23.0,,2026-07-24T11:49:01.984606+08:00
2890,2016-02-19,59000,-3336532,10000,-3267532,43331.0,875.0,-72.0,5.0,,2026-07-24T11:49:01.984606+08:00
2890,2016-02-22,126000,-5587674,0,-5461674,43994.0,810.0,663.0,-65.0,,2026-07-24T11:49:01.984606+08:00
2890,2016-02-23,892000,-4933706,0,-4041706,44222.0,819.0,228.0,9.0,,2026-07-24T11:49:01.984606+08:00
2890,2016-02-24,-104000,-5230933,0,-5334933,44474.0,807.0,252.0,-12.0,,2026-07-24T11:49:01.984606+08:00
2890,2016-02-25,155000,190113,0,345113,44276.0,805.0,-198.0,-2.0,,2026-07-24T11:49:01.984606+08:00
2890,2016-02-26,-69000,2445840,-172382,2204458,43527.0,802.0,-749.0,-3.0,,2026-07-24T11:49:01.984606+08:00
2890,2016-03-01,-47000,-2462411,0,-2509411,45232.0,805.0,1705.0,3.0,,2026-07-24T11:49:01.984606+08:00
2890,2016-03-02,-72000,3493000,-47203,3373797,43983.0,794.0,-1249.0,-11.0,,2026-07-24T11:49:01.984606+08:00
2890,2016-03-03,971072,8669802,0,9640874,42862.0,924.0,-1121.0,130.0,,2026-07-24T11:49:01.984606+08:00
2890,2016-03-04,-1078000,-9198000,300000,-9976000,43741.0,923.0,879.0,-1.0,,2026-07-24T11:49:01.984606+08:00
2890,2016-03-07,-487000,7856383,0,7369383,42060.0,939.0,-1681.0,16.0,,2026-07-24T11:49:01.984606+08:00
2890,2016-03-08,-100000,1933472,-4000,1829472,42036.0,1009.0,-24.0,70.0,,2026-07-24T11:49:01.984606+08:00
2890,2016-03-09,-38000,185719,-62000,85719,41500.0,974.0,-536.0,-35.0,,2026-07-24T11:49:01.984606+08:00
2890,2016-03-10,-130000,3991320,1000,3862320,40649.0,985.0,-851.0,11.0,,2026-07-24T11:49:01.984606+08:00
2890,2016-03-11,-21649,8157000,0,8135351,41437.0,1021.0,788.0,36.0,,2026-07-24T11:49:01.984606+08:00
2890,2016-03-14,39000,4503704,0,4542704,41061.0,1000.0,-376.0,-21.0,,2026-07-24T11:49:01.984606+08:00
2890,2016-03-15,-364000,-3072098,-2000,-3438098,38682.0,970.0,-2379.0,-30.0,,2026-07-24T11:49:01.984606+08:00
2890,2016-03-16,84000,3198984,1000,3283984,38302.0,976.0,-380.0,6.0,,2026-07-24T11:49:01.984606+08:00
2890,2016-03-17,-299000,7482667,0,7183667,37919.0,977.0,-383.0,1.0,,2026-07-24T11:49:01.984606+08:00
2890,2016-03-18,57000,7200081,84000,7341081,36822.0,1126.0,-1097.0,149.0,,2026-07-24T11:49:01.984606+08:00
2890,2016-03-21,184000,-6075427,0,-5891427,37083.0,1053.0,261.0,-73.0,,2026-07-24T11:49:01.984606+08:00
2890,2016-03-22,-355000,-1363638,0,-1718638,37090.0,1079.0,7.0,26.0,,2026-07-24T11:49:01.984606+08:00
2890,2016-03-23,-318000,509000,-9000,182000,36987.0,911.0,-103.0,-168.0,,2026-07-24T11:49:01.984606+08:00
2890,2016-03-24,91000,9237000,0,9328000,36071.0,968.0,-916.0,57.0,,2026-07-24T11:49:01.984606+08:00
2890,2016-03-25,105000,-754000,0,-649000,36152.0,964.0,81.0,-4.0,,2026-07-24T11:49:01.984606+08:00
2890,2016-03-28,-51000,1146000,2000,1097000,35211.0,952.0,-941.0,-12.0,,2026-07-24T11:49:01.984606+08:00
2890,2016-03-29,-65000,-4414102,-3000,-4482102,32597.0,953.0,-2614.0,1.0,,2026-07-24T11:49:01.984606+08:00
2890,2016-03-30,168000,2185000,-1767000,586000,32428.0,995.0,-169.0,42.0,,2026-07-24T11:49:01.984606+08:00
2890,2016-03-31,1004825,473114,-438000,1039939,32324.0,1016.0,-104.0,21.0,,2026-07-24T11:49:01.984606+08:00
2890,2016-04-01,-81000,-12122993,0,-12203993,32793.0,760.0,469.0,-256.0,,2026-07-24T11:49:01.984606+08:00
2890,2016-04-06,-92000,-10569727,0,-10661727,33710.0,739.0,917.0,-21.0,,2026-07-24T11:49:01.984606+08:00
2890,2016-04-07,-251000,-8135921,-1000,-8387921,34465.0,742.0,755.0,3.0,,2026-07-24T11:49:01.984606+08:00
2890,2016-04-08,-96000,-2747387,0,-2843387,34194.0,694.0,-271.0,-48.0,,2026-07-24T11:49:01.984606+08:00
2890,2016-04-11,-9000,-285060,0,-294060,33818.0,0.0,-376.0,-694.0,,2026-07-24T11:49:01.984606+08:00
2890,2016-04-12,-22000,-1320633,-482000,-1824633,33953.0,0.0,135.0,0.0,,2026-07-24T11:49:01.984606+08:00
2890,2016-04-13,0,6393000,-708000,5685000,33781.0,0.0,-172.0,0.0,,2026-07-24T11:49:01.984606+08:00
2890,2016-04-14,585000,9562574,0,10147574,32310.0,0.0,-1471.0,0.0,,2026-07-24T11:49:01.984606+08:00
2890,2016-04-15,212000,4291984,70000,4573984,31996.0,76.0,-314.0,76.0,,2026-07-24T11:49:01.984606+08:00
2890,2016-04-18,18000,887914,0,905914,31550.0,119.0,-446.0,43.0,,2026-07-24T11:49:01.984606+08:00
2890,2016-04-19,120000,1231357,0,1351357,31552.0,329.0,2.0,210.0,,2026-07-24T11:49:01.984606+08:00
2890,2016-04-20,-193000,-3305970,1000,-3497970,32248.0,404.0,696.0,75.0,,2026-07-24T11:49:01.984606+08:00
2890,2016-04-21,-62000,-3229000,0,-3291000,32983.0,371.0,735.0,-33.0,,2026-07-24T11:49:01.984606+08:00
2890,2016-04-22,-495000,504454,0,9454,33024.0,412.0,41.0,41.0,,2026-07-24T11:49:01.984606+08:00
2890,2016-04-25,-465000,933000,-2000,466000,33167.0,427.0,143.0,15.0,,2026-07-24T11:49:01.984606+08:00
2890,2016-04-26,146000,-3916593,553000,-3217593,33252.0,429.0,85.0,2.0,,2026-07-24T11:49:01.984606+08:00
2890,2016-04-27,320000,-1807461,0,-1487461,32953.0,424.0,-299.0,-5.0,,2026-07-24T11:49:01.984606+08:00
2890,2016-04-28,136000,-12426832,0,-12290832,33404.0,381.0,451.0,-43.0,,2026-07-24T11:49:01.984606+08:00
2890,2016-04-29,-135000,-4125000,0,-4260000,33681.0,417.0,277.0,36.0,,2026-07-24T11:49:01.984606+08:00
2890,2016-05-03,13000,-6274000,0,-6261000,33317.0,342.0,-364.0,-75.0,,2026-07-24T11:49:01.984606+08:00
2890,2016-05-04,733000,-12999683,0,-12266683,33635.0,453.0,318.0,111.0,,2026-07-24T11:49:01.984606+08:00
2890,2016-05-05,17000,-9557073,3000,-9537073,33890.0,519.0,255.0,66.0,,2026-07-24T11:49:01.984606+08:00
2890,2016-05-06,-121000,-6852092,219000,-6754092,34422.0,647.0,532.0,128.0,,2026-07-24T11:49:01.984606+08:00
2890,2016-05-09,-1000,-12219000,0,-12220000,34881.0,444.0,459.0,-203.0,,2026-07-24T11:49:01.984606+08:00
2890,2016-05-10,52000,-6422523,143294,-6227229,34778.0,384.0,-103.0,-60.0,,2026-07-24T11:49:01.984606+08:00
2890,2016-05-11,-154000,-10547000,0,-10701000,35462.0,279.0,684.0,-105.0,,2026-07-24T11:49:01.984606+08:00
2890,2016-05-12,-6000,-1187150,0,-1193150,35711.0,298.0,249.0,19.0,,2026-07-24T11:49:01.984606+08:00
2890,2016-05-13,487000,-7552000,2000,-7063000,35867.0,293.0,156.0,-5.0,,2026-07-24T11:49:01.984606+08:00
2890,2016-05-16,563000,-8001248,0,-7438248,36267.0,246.0,400.0,-47.0,,2026-07-24T11:49:01.984606+08:00
2890,2016-05-17,379000,-4435621,0,-4056621,35994.0,246.0,-273.0,0.0,,2026-07-24T11:49:01.984606+08:00
2890,2016-05-18,198000,-2631827,0,-2433827,35851.0,258.0,-143.0,12.0,,2026-07-24T11:49:01.984606+08:00
2890,2016-05-19,-49000,-12875811,-1036000,-13960811,36455.0,263.0,604.0,5.0,,2026-07-24T11:49:01.984606+08:00
2890,2016-05-20,-47000,4817479,0,4770479,35825.0,261.0,-630.0,-2.0,,2026-07-24T11:49:01.984606+08:00
2890,2016-05-23,511000,4442452,0,4953452,35393.0,94.0,-432.0,-167.0,,2026-07-24T11:49:01.984606+08:00
2890,2016-05-24,75000,-1288547,-863174,-2076721,36319.0,92.0,926.0,-2.0,,2026-07-24T11:49:01.984606+08:00
2890,2016-05-25,136000,-15547,0,120453,37698.0,92.0,1379.0,0.0,,2026-07-24T11:49:01.984606+08:00
2890,2016-05-26,-80000,2450000,-4000,2366000,37130.0,86.0,-568.0,-6.0,,2026-07-24T11:49:01.984606+08:00
2890,2016-05-27,0,3072000,421000,3493000,37164.0,198.0,34.0,112.0,,2026-07-24T11:49:01.984606+08:00
2890,2016-05-30,52000,964000,0,1016000,37186.0,264.0,22.0,66.0,,2026-07-24T11:49:01.984606+08:00
2890,2016-05-31,162000,3394036,-415000,3141036,37461.0,271.0,275.0,7.0,,2026-07-24T11:49:01.984606+08:00
2890,2016-06-01,32000,-658034,0,-626034,37142.0,286.0,-319.0,15.0,,2026-07-24T11:49:01.984606+08:00
2890,2016-06-02,350000,3039168,-1250000,2139168,36517.0,290.0,-625.0,4.0,,2026-07-24T11:49:01.984606+08:00
2890,2016-06-03,-231000,-109000,0,-340000,36565.0,303.0,48.0,13.0,,2026-07-24T11:49:01.984606+08:00
2890,2016-06-04,-129000,286000,361000,518000,36507.0,303.0,-58.0,0.0,,2026-07-24T11:49:01.984606+08:00
2890,2016-06-06,-21000,1022348,217000,1218348,36194.0,301.0,-313.0,-2.0,,2026-07-24T11:49:01.984606+08:00
2890,2016-06-07,0,4931460,0,4931460,35396.0,297.0,-798.0,-4.0,,2026-07-24T11:49:01.984606+08:00
2890,2016-06-08,-1000,12240466,0,12239466,33836.0,358.0,-1560.0,61.0,,2026-07-24T11:49:01.984606+08:00
2890,2016-06-13,0,-2731771,0,-2731771,33258.0,237.0,-578.0,-121.0,,2026-07-24T11:49:01.984606+08:00
2890,2016-06-14,21000,-1900332,0,-1879332,33923.0,235.0,665.0,-2.0,,2026-07-24T11:49:01.984606+08:00
2890,2016-06-15,0,417081,0,417081,34605.0,240.0,682.0,5.0,,2026-07-24T11:49:01.984606+08:00
2890,2016-06-16,6000,-4791398,-37000,-4822398,34783.0,126.0,178.0,-114.0,,2026-07-24T11:49:01.984606+08:00
2890,2016-06-17,-105000,2704633,-110000,2489633,34540.0,109.0,-243.0,-17.0,,2026-07-24T11:49:01.984606+08:00
2890,2016-06-20,-10000,3931146,-20000,3901146,33999.0,93.0,-541.0,-16.0,,2026-07-24T11:49:01.984606+08:00
2890,2016-06-21,0,3255627,0,3255627,33630.0,158.0,-369.0,65.0,,2026-07-24T11:49:01.984606+08:00
2890,2016-06-22,32000,2059696,0,2091696,33561.0,135.0,-69.0,-23.0,,2026-07-24T11:49:01.984606+08:00
2890,2016-06-23,-67000,-391406,0,-458406,33531.0,127.0,-30.0,-8.0,,2026-07-24T11:49:01.984606+08:00
2890,2016-06-24,-264000,-11663748,191000,-11736748,34252.0,94.0,721.0,-33.0,,2026-07-24T11:49:01.984606+08:00
2890,2016-06-27,-76000,-727000,222000,-581000,34182.0,87.0,-70.0,-7.0,,2026-07-24T11:49:01.984606+08:00
2890,2016-06-28,-12000,-1589000,4000,-1597000,34005.0,62.0,-177.0,-25.0,,2026-07-24T11:49:01.984606+08:00
2890,2016-06-29,-191000,56000,0,-135000,33893.0,93.0,-112.0,31.0,,2026-07-24T11:49:01.984606+08:00
2890,2016-06-30,46000,2443925,1000,2490925,32946.0,131.0,-947.0,38.0,,2026-07-24T11:49:01.984606+08:00
2890,2016-07-01,-145000,7400115,0,7255115,32436.0,176.0,-510.0,45.0,,2026-07-24T11:49:01.984606+08:00
2890,2016-07-04,1578000,1977000,0,3555000,32281.0,180.0,-155.0,4.0,,2026-07-24T11:49:01.984606+08:00
2890,2016-07-05,3539000,1536000,-80000,4995000,32950.0,181.0,669.0,1.0,,2026-07-24T11:49:01.984606+08:00
2890,2016-07-06,1354000,-11115355,-84000,-9845355,33597.0,132.0,647.0,-49.0,,2026-07-24T11:49:01.984606+08:00
2890,2016-07-07,0,1813963,0,1813963,33453.0,132.0,-144.0,0.0,,2026-07-24T11:49:01.984606+08:00
2890,2016-07-11,199000,1395742,0,1594742,33535.0,134.0,82.0,2.0,,2026-07-24T11:49:01.984606+08:00
2890,2016-07-12,13000,8937247,0,8950247,33080.0,226.0,-455.0,92.0,,2026-07-24T11:49:01.984606+08:00
2890,2016-07-13,190575,14076879,0,14267454,32850.0,357.0,-230.0,131.0,,2026-07-24T11:49:01.984606+08:00
2890,2016-07-14,-46000,7673168,30000,7657168,32308.0,466.0,-542.0,109.0,,2026-07-24T11:49:01.984606+08:00
2890,2016-07-15,495000,14893717,0,15388717,35205.0,710.0,2897.0,244.0,,2026-07-24T11:49:01.984606+08:00
2890,2016-07-18,-52000,3906889,0,3854889,36114.0,734.0,909.0,24.0,,2026-07-24T11:49:01.984606+08:00
2890,2016-07-19,615000,10167043,12000,10794043,36028.0,730.0,-86.0,-4.0,,2026-07-24T11:49:01.984606+08:00
2890,2016-07-20,-81000,4988688,41000,4948688,35378.0,718.0,-650.0,-12.0,,2026-07-24T11:49:01.984606+08:00
2890,2016-07-21,14000,8603125,-46000,8571125,33952.0,819.0,-1426.0,101.0,,2026-07-24T11:49:01.984606+08:00
2890,2016-07-22,-21000,5645179,55000,5679179,33235.0,832.0,-717.0,13.0,,2026-07-24T11:49:01.984606+08:00
2890,2016-07-25,-118000,6002000,390000,6274000,33378.0,732.0,143.0,-100.0,,2026-07-24T11:49:01.984606+08:00
2890,2016-07-26,-27000,5597000,129000,5699000,33748.0,738.0,370.0,6.0,,2026-07-24T11:49:01.984606+08:00
2890,2016-07-27,-82000,4141000,-9000,4050000,33710.0,736.0,-38.0,-2.0,,2026-07-24T11:49:01.984606+08:00
2890,2016-07-28,53000,11137900,3000,11193900,33704.0,738.0,-6.0,2.0,,2026-07-24T11:49:01.984606+08:00
2890,2016-07-29,-290000,-1879000,-42612,-2211612,34361.0,731.0,657.0,-7.0,,2026-07-24T11:49:01.984606+08:00
2890,2016-08-01,-94000,-25932544,0,-26026544,33148.0,731.0,-1213.0,0.0,,2026-07-24T11:49:01.984606+08:00
2890,2016-08-02,174000,2028215,-10000,2192215,33158.0,642.0,10.0,-89.0,,2026-07-24T11:49:01.984606+08:00
2890,2016-08-03,-69000,3364421,2000,3297421,33243.0,610.0,85.0,-32.0,,2026-07-24T11:49:01.984606+08:00
2890,2016-08-04,144000,1389734,43000,1576734,33295.0,601.0,52.0,-9.0,,2026-07-24T11:49:01.984606+08:00
2890,2016-08-05,48000,8462863,-37000,8473863,33433.0,0.0,138.0,-601.0,,2026-07-24T11:49:01.984606+08:00
2890,2016-08-08,519000,4030057,-14000,4535057,33980.0,0.0,547.0,0.0,,2026-07-24T11:49:01.984606+08:00
2890,2016-08-09,2818000,7859000,1000,10678000,32564.0,0.0,-1416.0,0.0,,2026-07-24T11:49:01.984606+08:00
2890,2016-08-10,23169707,10384877,1000,33555584,37481.0,0.0,4917.0,0.0,,2026-07-24T11:49:01.984606+08:00
2890,2016-08-11,-20641000,-5932450,5000,-26568450,37052.0,558.0,-429.0,558.0,,2026-07-24T11:49:01.984606+08:00
2890,2016-08-12,-2645000,-12005561,-14000,-14664561,35186.0,597.0,-1866.0,39.0,,2026-07-24T11:49:01.984606+08:00
2890,2016-08-15,-95000,-685000,26000,-754000,36276.0,1075.0,1090.0,478.0,,2026-07-24T11:49:01.984606+08:00
2890,2016-08-16,-284000,-2962765,-29000,-3275765,36123.0,1075.0,-153.0,0.0,,2026-07-24T11:49:01.984606+08:00
2890,2016-08-17,-584000,-1302180,8000,-1878180,34871.0,1104.0,-1252.0,29.0,,2026-07-24T11:49:01.984606+08:00
2890,2016-08-18,-259000,1473800,-11000,1203800,35007.0,1611.0,136.0,507.0,,2026-07-24T11:49:01.984606+08:00
2890,2016-08-19,-30000,-3204283,-378000,-3612283,36219.0,1274.0,1212.0,-337.0,,2026-07-24T11:49:01.984606+08:00
2890,2016-08-22,-100000,-1868000,0,-1968000,35185.0,1293.0,-1034.0,19.0,,2026-07-24T11:49:01.984606+08:00
2890,2016-08-23,-28000,1959257,0,1931257,36728.0,2224.0,1543.0,931.0,,2026-07-24T11:49:01.984606+08:00
2890,2016-08-24,0,-4180000,-23000,-4203000,37269.0,2316.0,541.0,92.0,,2026-07-24T11:49:01.984606+08:00
2890,2016-08-25,-278000,1649655,0,1371655,36744.0,2657.0,-525.0,341.0,,2026-07-24T11:49:01.984606+08:00
2890,2016-08-26,49000,2123849,3000,2175849,36766.0,2590.0,22.0,-67.0,,2026-07-24T11:49:01.984606+08:00
2890,2016-08-29,-74000,2802000,0,2728000,36576.0,2582.0,-190.0,-8.0,,2026-07-24T11:49:01.984606+08:00
2890,2016-08-30,-45000,696279,68000,719279,37278.0,2572.0,702.0,-10.0,,2026-07-24T11:49:01.984606+08:00
2890,2016-08-31,-114000,-6559944,104000,-6569944,37714.0,2581.0,436.0,9.0,,2026-07-24T11:49:01.984606+08:00
2890,2016-09-01,3000,-5887853,207000,-5677853,36835.0,2570.0,-879.0,-11.0,,2026-07-24T11:49:01.984606+08:00
2890,2016-09-02,1000,-1060234,0,-1059234,37308.0,2588.0,473.0,18.0,,2026-07-24T11:49:01.984606+08:00
2890,2016-09-05,-57000,3842000,-7000,3778000,37049.0,2621.0,-259.0,33.0,,2026-07-24T11:49:01.984606+08:00
2890,2016-09-06,-174000,8087753,0,7913753,36592.0,2655.0,-457.0,34.0,,2026-07-24T11:49:01.984606+08:00
2890,2016-09-07,-10000,1478000,21000,1489000,36790.0,2658.0,198.0,3.0,,2026-07-24T11:49:01.984606+08:00
2890,2016-09-08,-31000,1175000,0,1144000,36916.0,2657.0,126.0,-1.0,,2026-07-24T11:49:01.984606+08:00
2890,2016-09-09,-14000,-2039000,2000,-2051000,37049.0,2651.0,133.0,-6.0,,2026-07-24T11:49:01.984606+08:00
2890,2016-09-10,-472000,-1978000,0,-2450000,36745.0,2647.0,-304.0,-4.0,,2026-07-24T11:49:01.984606+08:00
2890,2016-09-12,-19000,-8632315,0,-8651315,37277.0,2603.0,532.0,-44.0,,2026-07-24T11:49:01.984606+08:00
2890,2016-09-13,96000,-7651000,7000,-7548000,37797.0,2601.0,520.0,-2.0,,2026-07-24T11:49:01.984606+08:00
2890,2016-09-14,-1200,-4675234,131000,-4545434,37744.0,2243.0,-53.0,-358.0,,2026-07-24T11:49:01.984606+08:00
2890,2016-09-19,-790450,1676019,0,885569,38207.0,1974.0,463.0,-269.0,,2026-07-24T11:49:01.984606+08:00
2890,2016-09-20,-644550,-413685,0,-1058235,38450.0,1968.0,243.0,-6.0,,2026-07-24T11:49:01.984606+08:00
2890,2016-09-21,-780000,-2678867,0,-3458867,38645.0,1959.0,195.0,-9.0,,2026-07-24T11:49:01.984606+08:00
2890,2016-09-22,-117801,2271345,0,2153544,38657.0,1963.0,12.0,4.0,,2026-07-24T11:49:01.984606+08:00
2890,2016-09-23,61000,4211504,0,4272504,39364.0,1963.0,707.0,0.0,,2026-07-24T11:49:01.984606+08:00
2890,2016-09-26,-50000,-738000,0,-788000,39478.0,1958.0,114.0,-5.0,,2026-07-24T11:49:01.984606+08:00
2890,2016-09-29,-52544,9592363,0,9539819,39215.0,2107.0,-263.0,149.0,,2026-07-24T11:49:01.984606+08:00
2890,2016-09-30,-51000,-2648913,126753,-2573160,39425.0,2060.0,210.0,-47.0,,2026-07-24T11:49:01.984606+08:00
2890,2016-10-03,0,-1747542,0,-1747542,39240.0,1958.0,-185.0,-102.0,,2026-07-24T11:49:01.984606+08:00
2890,2016-10-04,-1000,4122423,0,4121423,39073.0,1999.0,-167.0,41.0,,2026-07-24T11:49:01.984606+08:00
2890,2016-10-05,-13000,-719274,0,-732274,39274.0,1965.0,201.0,-34.0,,2026-07-24T11:49:01.984606+08:00
2890,2016-10-06,-40000,-125246,0,-165246,38563.0,1964.0,-711.0,-1.0,,2026-07-24T11:49:01.984606+08:00
2890,2016-10-07,35000,1772511,0,1807511,38527.0,1960.0,-36.0,-4.0,,2026-07-24T11:49:01.984606+08:00
2890,2016-10-11,-451000,177290,3000,-270710,38834.0,1960.0,307.0,0.0,,2026-07-24T11:49:01.984606+08:00
2890,2016-10-12,88000,661462,-3000,746462,38644.0,1982.0,-190.0,22.0,,2026-07-24T11:49:01.984606+08:00
2890,2016-10-13,-58000,-4785000,4000,-4839000,39127.0,1979.0,483.0,-3.0,,2026-07-24T11:49:01.984606+08:00
2890,2016-10-14,-90000,-1427127,0,-1517127,39101.0,1977.0,-26.0,-2.0,,2026-07-24T11:49:01.984606+08:00
2890,2016-10-17,-51000,-4780668,0,-4831668,39337.0,1941.0,236.0,-36.0,,2026-07-24T11:49:01.984606+08:00
2890,2016-10-18,-3000,3441367,0,3438367,39150.0,1966.0,-187.0,25.0,,2026-07-24T11:49:01.984606+08:00
2890,2016-10-19,-4000,1128870,0,1124870,39190.0,1966.0,40.0,0.0,,2026-07-24T11:49:01.984606+08:00
2890,2016-10-20,-76000,479714,49000,452714,39299.0,1941.0,109.0,-25.0,,2026-07-24T11:49:01.984606+08:00
2890,2016-10-21,-22000,852300,29000,859300,39312.0,1941.0,13.0,0.0,,2026-07-24T11:49:01.984606+08:00
2890,2016-10-24,0,-383251,0,-383251,39385.0,1941.0,73.0,0.0,,2026-07-24T11:49:01.984606+08:00
2890,2016-10-25,0,2483115,-1426000,1057115,39513.0,1941.0,128.0,0.0,,2026-07-24T11:49:01.984606+08:00
2890,2016-10-26,-55000,-1185573,0,-1240573,39771.0,1941.0,258.0,0.0,,2026-07-24T11:49:01.984606+08:00
2890,2016-10-27,89000,-2406233,0,-2317233,39572.0,1942.0,-199.0,1.0,,2026-07-24T11:49:01.984606+08:00
2890,2016-10-28,6000,1096000,0,1102000,39290.0,1896.0,-282.0,-46.0,,2026-07-24T11:49:01.984606+08:00
2890,2016-10-31,-149000,-273373,0,-422373,39145.0,1889.0,-145.0,-7.0,,2026-07-24T11:49:01.984606+08:00
2890,2016-11-01,-19000,1277000,-3000,1255000,38919.0,1869.0,-226.0,-20.0,,2026-07-24T11:49:01.984606+08:00
2890,2016-11-02,-32000,-720716,150,-752566,38897.0,1869.0,-22.0,0.0,,2026-07-24T11:49:01.984606+08:00
2890,2016-11-03,-1082000,-5302000,2000,-6382000,39087.0,1870.0,190.0,1.0,,2026-07-24T11:49:01.984606+08:00
2890,2016-11-04,0,-6269000,0,-6269000,39194.0,1866.0,107.0,-4.0,,2026-07-24T11:49:01.984606+08:00
2890,2016-11-07,66000,-4255153,0,-4189153,39739.0,1865.0,545.0,-1.0,,2026-07-24T11:49:01.984606+08:00
2890,2016-11-08,-55000,830064,0,775064,39415.0,1886.0,-324.0,21.0,,2026-07-24T11:49:01.984606+08:00
2890,2016-11-09,-233000,-12287529,0,-12520529,38636.0,1876.0,-779.0,-10.0,,2026-07-24T11:49:01.984606+08:00
2890,2016-11-10,23000,-5670000,-619000,-6266000,38824.0,1856.0,188.0,-20.0,,2026-07-24T11:49:01.984606+08:00
2890,2016-11-11,-1911000,-15151187,-1006000,-18068187,38999.0,1853.0,175.0,-3.0,,2026-07-24T11:49:01.984606+08:00
2890,2016-11-14,13000,-10087991,-420000,-10494991,38931.0,1851.0,-68.0,-2.0,,2026-07-24T11:49:01.984606+08:00
2890,2016-11-15,-225000,-3267388,200000,-3292388,39280.0,1852.0,349.0,1.0,,2026-07-24T11:49:01.984606+08:00
2890,2016-11-16,-28350,-9434037,-14416,-9476803,39483.0,1853.0,203.0,1.0,,2026-07-24T11:49:01.984606+08:00
2890,2016-11-17,-511000,-10302000,-684520,-11497520,39344.0,1854.0,-139.0,1.0,,2026-07-24T11:49:01.984606+08:00
2890,2016-11-18,-1000,-12518000,400000,-12119000,39320.0,1861.0,-24.0,7.0,,2026-07-24T11:49:01.984606+08:00
2890,2016-11-21,29000,-4244145,0,-4215145,40203.0,1864.0,883.0,3.0,,2026-07-24T11:49:01.984606+08:00
2890,2016-11-22,14000,4879294,280000,5173294,39283.0,1865.0,-920.0,1.0,,2026-07-24T11:49:01.984606+08:00
2890,2016-11-23,-60000,4307978,0,4247978,39228.0,1875.0,-55.0,10.0,,2026-07-24T11:49:01.984606+08:00
2890,2016-11-24,705000,2356000,0,3061000,39737.0,1886.0,509.0,11.0,,2026-07-24T11:49:01.984606+08:00
2890,2016-11-25,100000,-130000,0,-30000,39434.0,1875.0,-303.0,-11.0,,2026-07-24T11:49:01.984606+08:00
2890,2016-11-28,-317500,3716228,0,3398728,39042.0,1884.0,-392.0,9.0,,2026-07-24T11:49:01.984606+08:00
2890,2016-11-29,50000,-3049568,-107000,-3106568,38935.0,1880.0,-107.0,-4.0,,2026-07-24T11:49:01.984606+08:00
2890,2016-11-30,199000,-3060156,1000,-2860156,39109.0,1889.0,174.0,9.0,,2026-07-24T11:49:01.984606+08:00
2890,2016-12-01,-553000,2477795,78000,2002795,39123.0,1890.0,14.0,1.0,,2026-07-24T11:49:01.984606+08:00
2890,2016-12-02,-166000,-821424,0,-987424,39224.0,1890.0,101.0,0.0,,2026-07-24T11:49:01.984606+08:00
2890,2016-12-05,-4000,-5630210,0,-5634210,39022.0,1890.0,-202.0,0.0,,2026-07-24T11:49:01.984606+08:00
2890,2016-12-06,-133000,2776263,0,2643263,38978.0,1890.0,-44.0,0.0,,2026-07-24T11:49:01.984606+08:00
2890,2016-12-07,0,568290,0,568290,38929.0,1890.0,-49.0,0.0,,2026-07-24T11:49:01.984606+08:00
2890,2016-12-08,358000,9118708,0,9476708,38570.0,1898.0,-359.0,8.0,,2026-07-24T11:49:01.984606+08:00
2890,2016-12-09,162000,4853563,0,5015563,37994.0,1897.0,-576.0,-1.0,,2026-07-24T11:49:01.984606+08:00
2890,2016-12-12,-715000,1422000,0,707000,38128.0,1892.0,134.0,-5.0,,2026-07-24T11:49:01.984606+08:00
2890,2016-12-13,-235000,4937003,0,4702003,38112.0,1864.0,-16.0,-28.0,,2026-07-24T11:49:01.984606+08:00
2890,2016-12-14,-200000,-971740,0,-1171740,38191.0,1864.0,79.0,0.0,,2026-07-24T11:49:01.984606+08:00
2890,2016-12-15,140000,3834950,0,3974950,37725.0,1866.0,-466.0,2.0,,2026-07-24T11:49:01.984606+08:00
2890,2016-12-16,-6000,-662300,0,-668300,37936.0,1863.0,211.0,-3.0,,2026-07-24T11:49:01.984606+08:00
2890,2016-12-19,102000,614746,0,716746,38169.0,1874.0,233.0,11.0,,2026-07-24T11:49:01.984606+08:00
2890,2016-12-20,3000,993946,0,996946,38150.0,1874.0,-19.0,0.0,,2026-07-24T11:49:01.984606+08:00
2890,2016-12-21,4000,-2340000,0,-2336000,38111.0,1874.0,-39.0,0.0,,2026-07-24T11:49:01.984606+08:00
2890,2016-12-22,0,-3639900,0,-3639900,36636.0,1879.0,-1475.0,5.0,,2026-07-24T11:49:01.984606+08:00
2890,2016-12-23,40000,-4849175,0,-4809175,36332.0,1876.0,-304.0,-3.0,,2026-07-24T11:49:01.984606+08:00
2890,2016-12-26,23000,195000,0,218000,36321.0,1876.0,-11.0,0.0,,2026-07-24T11:49:01.984606+08:00
2890,2016-12-27,10000,-1299000,0,-1289000,36292.0,1876.0,-29.0,0.0,,2026-07-24T11:49:01.984606+08:00
2890,2016-12-28,0,189324,0,189324,36263.0,1876.0,-29.0,0.0,,2026-07-24T11:49:01.984606+08:00
2890,2016-12-29,0,-2419823,0,-2419823,36191.0,1878.0,-72.0,2.0,,2026-07-24T11:49:01.984606+08:00
2890,2016-12-30,-20000,4259180,0,4239180,36181.0,1879.0,-10.0,1.0,,2026-07-24T11:49:01.984606+08:00
2890,2017-01-03,0,-33000,0,-33000,36052.0,1869.0,-129.0,-10.0,,2026-07-24T11:49:01.984606+08:00
2890,2017-01-04,-53000,-1370494,0,-1423494,35737.0,1868.0,-315.0,-1.0,,2026-07-24T11:49:01.984606+08:00
2890,2017-01-05,0,1837353,36000,1873353,36072.0,1869.0,335.0,1.0,,2026-07-24T11:49:01.984606+08:00
2890,2017-01-06,-1467000,760000,19000,-688000,36213.0,1870.0,141.0,1.0,,2026-07-24T11:49:01.984606+08:00
2890,2017-01-09,0,-3678256,0,-3678256,36239.0,1873.0,26.0,3.0,,2026-07-24T11:49:01.984606+08:00
2890,2017-01-10,0,-3954396,0,-3954396,35327.0,1870.0,-912.0,-3.0,,2026-07-24T11:49:01.984606+08:00
2890,2017-01-11,-554000,-92534,0,-646534,35161.0,1870.0,-166.0,0.0,,2026-07-24T11:49:01.984606+08:00
2890,2017-01-12,0,2201284,0,2201284,34112.0,1870.0,-1049.0,0.0,,2026-07-24T11:49:01.984606+08:00
2890,2017-01-13,0,-1454873,0,-1454873,34454.0,1870.0,342.0,0.0,,2026-07-24T11:49:01.984606+08:00
2890,2017-01-16,0,-1939000,0,-1939000,34602.0,1870.0,148.0,0.0,,2026-07-24T11:49:01.984606+08:00
2890,2017-01-17,-7000,-1677075,0,-1684075,34705.0,1871.0,103.0,1.0,,2026-07-24T11:49:01.984606+08:00
2890,2017-01-18,-175000,-4198140,0,-4373140,35081.0,1869.0,376.0,-2.0,,2026-07-24T11:49:01.984606+08:00
2890,2017-01-19,-602000,-5364311,0,-5966311,35300.0,1869.0,219.0,0.0,,2026-07-24T11:49:01.984606+08:00
2890,2017-01-20,-20000,-3570770,0,-3590770,35640.0,1869.0,340.0,0.0,,2026-07-24T11:49:01.984606+08:00
2890,2017-01-23,0,3656693,1681,3658374,35527.0,1870.0,-113.0,1.0,,2026-07-24T11:49:01.984606+08:00
2890,2017-01-24,6000,673689,12000,691689,35052.0,1871.0,-475.0,1.0,,2026-07-24T11:49:01.984606+08:00
2890,2017-02-02,171000,-3713156,0,-3542156,34855.0,1871.0,-197.0,0.0,,2026-07-24T11:49:01.984606+08:00
2890,2017-02-03,-80000,-10775990,137000,-10718990,35172.0,1871.0,317.0,0.0,,2026-07-24T11:49:01.984606+08:00
2890,2017-02-06,197000,-3636403,0,-3439403,35557.0,1872.0,385.0,1.0,,2026-07-24T11:49:01.984606+08:00
2890,2017-02-07,52000,-597495,-263000,-808495,35032.0,1857.0,-525.0,-15.0,,2026-07-24T11:49:01.984606+08:00
2890,2017-02-08,472000,-1610662,0,-1138662,35410.0,1859.0,378.0,2.0,,2026-07-24T11:49:01.984606+08:00
2890,2017-02-09,-142000,1080324,3000,941324,33724.0,1906.0,-1686.0,47.0,,2026-07-24T11:49:01.984606+08:00
2890,2017-02-10,231000,-5617883,0,-5386883,31457.0,1914.0,-2267.0,8.0,,2026-07-24T11:49:01.984606+08:00
2890,2017-02-13,6000,-3019383,0,-3013383,30575.0,1934.0,-882.0,20.0,,2026-07-24T11:49:01.984606+08:00
2890,2017-02-14,0,2254765,4000,2258765,29936.0,1934.0,-639.0,0.0,,2026-07-24T11:49:01.984606+08:00
2890,2017-02-15,-1000,4535511,-228000,4306511,29133.0,1933.0,-803.0,-1.0,,2026-07-24T11:49:01.984606+08:00
2890,2017-02-16,973000,-4812000,0,-3839000,29325.0,1940.0,192.0,7.0,,2026-07-24T11:49:01.984606+08:00
2890,2017-02-17,-471000,2527756,4000,2060756,29825.0,1941.0,500.0,1.0,,2026-07-24T11:49:01.984606+08:00
2890,2017-02-18,0,10000,0,10000,29814.0,257.0,-11.0,-1684.0,,2026-07-24T11:49:01.984606+08:00
2890,2017-02-20,-77000,-3425191,0,-3502191,28375.0,134.0,-1439.0,-123.0,,2026-07-24T11:49:01.984606+08:00
2890,2017-02-21,-13000,-2739986,0,-2752986,28681.0,143.0,306.0,9.0,,2026-07-24T11:49:01.984606+08:00
2890,2017-02-22,-111000,-6366456,0,-6477456,28538.0,112.0,-143.0,-31.0,,2026-07-24T11:49:01.984606+08:00
2890,2017-02-23,-163000,-7909901,3000,-8069901,28650.0,61.0,112.0,-51.0,,2026-07-24T11:49:01.984606+08:00
2890,2017-02-24,-438000,-11203858,0,-11641858,29132.0,44.0,482.0,-17.0,,2026-07-24T11:49:01.984606+08:00
2890,2017-03-01,3000,-11184718,0,-11181718,29376.0,56.0,244.0,12.0,,2026-07-24T11:49:01.984606+08:00
2890,2017-03-02,80000,-5345902,0,-5265902,29719.0,57.0,343.0,1.0,,2026-07-24T11:49:01.984606+08:00
2890,2017-03-03,-4000,-5874035,-13000,-5891035,29686.0,57.0,-33.0,0.0,,2026-07-24T11:49:01.984606+08:00
2890,2017-03-06,0,-2499748,0,-2499748,29456.0,37.0,-230.0,-20.0,,2026-07-24T11:49:01.984606+08:00
2890,2017-03-07,1000,-3374866,590000,-2783866,29125.0,37.0,-331.0,0.0,,2026-07-24T11:49:01.984606+08:00
2890,2017-03-08,-101000,-5835329,0,-5936329,29245.0,38.0,120.0,1.0,,2026-07-24T11:49:01.984606+08:00
2890,2017-03-09,-269000,-15131000,0,-15400000,29017.0,46.0,-228.0,8.0,,2026-07-24T11:49:01.984606+08:00
2890,2017-03-10,-62000,-12391288,0,-12453288,29439.0,40.0,422.0,-6.0,,2026-07-24T11:49:01.984606+08:00
2890,2017-03-13,-29000,-1690778,0,-1719778,29885.0,40.0,446.0,0.0,,2026-07-24T11:49:01.984606+08:00
2890,2017-03-14,721000,-5438836,-42000,-4759836,30347.0,30.0,462.0,-10.0,,2026-07-24T11:49:01.984606+08:00
2890,2017-03-15,-111000,-3415656,0,-3526656,30502.0,120.0,155.0,90.0,,2026-07-24T11:49:01.984606+08:00
2890,2017-03-16,-92000,-3583430,235000,-3440430,30456.0,122.0,-46.0,2.0,,2026-07-24T11:49:01.984606+08:00
2890,2017-03-17,183000,-4912022,18000,-4711022,30599.0,29.0,143.0,-93.0,,2026-07-24T11:49:01.984606+08:00
2890,2017-03-20,0,3172000,-7000,3165000,30608.0,29.0,9.0,0.0,,2026-07-24T11:49:01.984606+08:00
2890,2017-03-21,24000,-1291731,8000,-1259731,30362.0,30.0,-246.0,1.0,,2026-07-24T11:49:01.984606+08:00
2890,2017-03-22,-37000,-2156030,0,-2193030,30104.0,29.0,-258.0,-1.0,,2026-07-24T11:49:01.984606+08:00
2890,2017-03-23,-18000,-1940977,0,-1958977,30195.0,29.0,91.0,0.0,,2026-07-24T11:49:01.984606+08:00
2890,2017-03-24,-100000,-1537373,3000,-1634373,30158.0,29.0,-37.0,0.0,,2026-07-24T11:49:01.984606+08:00
2890,2017-03-27,59000,-2326375,0,-2267375,30322.0,379.0,164.0,350.0,,2026-07-24T11:49:01.984606+08:00
2890,2017-03-28,102000,-4780013,0,-4678013,30184.0,279.0,-138.0,-100.0,,2026-07-24T11:49:01.984606+08:00
2890,2017-03-29,333000,-12906470,-371000,-12944470,30292.0,277.0,108.0,-2.0,,2026-07-24T11:49:01.984606+08:00
2890,2017-03-30,80000,-27222500,0,-27142500,30317.0,278.0,25.0,1.0,,2026-07-24T11:49:01.984606+08:00
2890,2017-03-31,-170000,-8218000,0,-8388000,30286.0,277.0,-31.0,-1.0,,2026-07-24T11:49:01.984606+08:00
2890,2017-04-05,301000,-11176776,0,-10875776,29995.0,27.0,-291.0,-250.0,,2026-07-24T11:49:01.984606+08:00
2890,2017-04-06,-68000,-2384050,0,-2452050,29615.0,76.0,-380.0,49.0,,2026-07-24T11:49:01.984606+08:00
2890,2017-04-07,-65000,-6418559,6000,-6477559,29946.0,6.0,331.0,-70.0,,2026-07-24T11:49:01.984606+08:00
2890,2017-04-10,-1000,4900000,5000,4904000,29886.0,0.0,-60.0,-6.0,,2026-07-24T11:49:01.984606+08:00
2890,2017-04-11,-22000,-4182000,0,-4204000,29406.0,0.0,-480.0,0.0,,2026-07-24T11:49:01.984606+08:00
2890,2017-04-12,-236000,-1215000,0,-1451000,29193.0,0.0,-213.0,0.0,,2026-07-24T11:49:01.984606+08:00
2890,2017-04-13,0,-1876000,-132000,-2008000,29677.0,16.0,484.0,16.0,,2026-07-24T11:49:01.984606+08:00
2890,2017-04-14,-29000,-847176,-50000,-926176,29420.0,320.0,-257.0,304.0,,2026-07-24T11:49:01.984606+08:00
2890,2017-04-17,3000,-2954000,0,-2951000,29253.0,325.0,-167.0,5.0,,2026-07-24T11:49:01.984606+08:00
2890,2017-04-18,-15000,-2521045,4000,-2532045,29288.0,348.0,35.0,23.0,,2026-07-24T11:49:01.984606+08:00
2890,2017-04-19,-514000,-10173615,0,-10687615,28835.0,348.0,-453.0,0.0,,2026-07-24T11:49:01.984606+08:00
2890,2017-04-20,0,-3588450,4000,-3584450,29167.0,334.0,332.0,-14.0,,2026-07-24T11:49:01.984606+08:00
2890,2017-04-21,-2000,-520650,0,-522650,29057.0,383.0,-110.0,49.0,,2026-07-24T11:49:01.984606+08:00
2890,2017-04-24,123000,-2516000,0,-2393000,28700.0,391.0,-357.0,8.0,,2026-07-24T11:49:01.984606+08:00
2890,2017-04-25,277000,-4760351,546,-4482805,28521.0,379.0,-179.0,-12.0,,2026-07-24T11:49:01.984606+08:00
2890,2017-04-26,-251000,3980450,4000,3733450,28484.0,507.0,-37.0,128.0,,2026-07-24T11:49:01.984606+08:00
2890,2017-04-27,11000,-3129172,-5000,-3123172,28669.0,441.0,185.0,-66.0,,2026-07-24T11:49:01.984606+08:00
2890,2017-04-28,-19000,-2577320,-20000,-2616320,28500.0,431.0,-169.0,-10.0,,2026-07-24T11:49:01.984606+08:00
2890,2017-05-02,-229000,7710000,-1000,7480000,28533.0,411.0,33.0,-20.0,,2026-07-24T11:49:01.984606+08:00
2890,2017-05-03,0,7152000,0,7152000,28243.0,468.0,-290.0,57.0,,2026-07-24T11:49:01.984606+08:00
2890,2017-05-04,-48000,-762000,0,-810000,28374.0,457.0,131.0,-11.0,,2026-07-24T11:49:01.984606+08:00
2890,2017-05-05,-78000,-14134474,0,-14212474,28426.0,460.0,52.0,3.0,,2026-07-24T11:49:01.984606+08:00
2890,2017-05-08,-25000,-3627370,0,-3652370,28463.0,435.0,37.0,-25.0,,2026-07-24T11:49:01.984606+08:00
2890,2017-05-09,-278436,-2221318,0,-2499754,27031.0,444.0,-1432.0,9.0,,2026-07-24T11:49:01.984606+08:00
2890,2017-05-10,-4000,-344092,0,-348092,27963.0,464.0,932.0,20.0,,2026-07-24T11:49:01.984606+08:00
2890,2017-05-11,0,3130327,0,3130327,28247.0,454.0,284.0,-10.0,,2026-07-24T11:49:01.984606+08:00
2890,2017-05-12,0,806992,0,806992,28261.0,424.0,14.0,-30.0,,2026-07-24T11:49:01.984606+08:00
2890,2017-05-15,168000,-860519,421000,-271519,27456.0,339.0,-805.0,-85.0,,2026-07-24T11:49:01.984606+08:00
2890,2017-05-16,-163000,3318384,1226000,4381384,27204.0,353.0,-252.0,14.0,,2026-07-24T11:49:01.984606+08:00
2890,2017-05-17,-77000,-1004000,0,-1081000,26026.0,360.0,-1178.0,7.0,,2026-07-24T11:49:01.984606+08:00
2890,2017-05-18,-98000,-12457400,-159000,-12714400,26229.0,360.0,203.0,0.0,,2026-07-24T11:49:01.984606+08:00
2890,2017-05-19,88000,-1174742,0,-1086742,26430.0,360.0,201.0,0.0,,2026-07-24T11:49:01.984606+08:00
2890,2017-05-22,0,1373627,-5000,1368627,26357.0,363.0,-73.0,3.0,,2026-07-24T11:49:01.984606+08:00
2890,2017-05-23,0,3465411,0,3465411,26295.0,364.0,-62.0,1.0,,2026-07-24T11:49:01.984606+08:00
2890,2017-05-24,0,3644465,0,3644465,26830.0,134.0,535.0,-230.0,,2026-07-24T11:49:01.984606+08:00
2890,2017-05-25,19000,2925562,-10000,2934562,27228.0,136.0,398.0,2.0,,2026-07-24T11:49:01.984606+08:00
2890,2017-05-26,302000,2103947,-58000,2347947,29000.0,136.0,1772.0,0.0,,2026-07-24T11:49:01.984606+08:00
2890,2017-05-31,-192000,1881204,16000,1705204,30330.0,140.0,1330.0,4.0,,2026-07-24T11:49:01.984606+08:00
2890,2017-06-01,65000,-8466478,0,-8401478,30400.0,142.0,70.0,2.0,,2026-07-24T11:49:01.984606+08:00
2890,2017-06-02,-1000,-10101161,-42000,-10144161,30495.0,142.0,95.0,0.0,,2026-07-24T11:49:01.984606+08:00
2890,2017-06-03,5000,0,-16000,-11000,30200.0,141.0,-295.0,-1.0,,2026-07-24T11:49:01.984606+08:00
2890,2017-06-05,-103000,752420,-197000,452420,30329.0,141.0,129.0,0.0,,2026-07-24T11:49:01.984606+08:00
2890,2017-06-06,29661,-7140450,-269000,-7379789,30683.0,120.0,354.0,-21.0,,2026-07-24T11:49:01.984606+08:00
2890,2017-06-07,3000,-3508000,-15000,-3520000,30802.0,140.0,119.0,20.0,,2026-07-24T11:49:01.984606+08:00
2890,2017-06-08,-3000,-7497400,-7000,-7507400,30933.0,119.0,131.0,-21.0,,2026-07-24T11:49:01.984606+08:00
2890,2017-06-09,-39000,-3775000,-15000,-3829000,30858.0,119.0,-75.0,0.0,,2026-07-24T11:49:01.984606+08:00
2890,2017-06-12,-33000,-6682988,0,-6715988,31196.0,116.0,338.0,-3.0,,2026-07-24T11:49:01.984606+08:00
2890,2017-06-13,-10000,996000,0,986000,31046.0,119.0,-150.0,3.0,,2026-07-24T11:49:01.984606+08:00
2890,2017-06-14,-228000,-1004601,-4000,-1236601,30004.0,118.0,-1042.0,-1.0,,2026-07-24T11:49:01.984606+08:00
2890,2017-06-15,56000,-4550000,0,-4494000,30082.0,97.0,78.0,-21.0,,2026-07-24T11:49:01.984606+08:00
2890,2017-06-16,211000,-2161660,250000,-1700660,31127.0,117.0,1045.0,20.0,,2026-07-24T11:49:01.984606+08:00
2890,2017-06-19,800000,2644218,-1615000,1829218,32172.0,1322.0,1045.0,1205.0,,2026-07-24T11:49:01.984606+08:00
2890,2017-06-20,-243000,801000,-30000,528000,33343.0,1316.0,1171.0,-6.0,,2026-07-24T11:49:01.984606+08:00
2890,2017-06-21,369000,-795218,-856000,-1282218,34563.0,1425.0,1220.0,109.0,,2026-07-24T11:49:01.984606+08:00
2890,2017-06-22,666000,2504222,-649000,2521222,35384.0,1299.0,821.0,-126.0,,2026-07-24T11:49:01.984606+08:00
2890,2017-06-23,-410000,-7018500,-219195,-7647695,35524.0,1282.0,140.0,-17.0,,2026-07-24T11:49:01.984606+08:00
2890,2017-06-26,356000,5070500,-15000,5411500,36068.0,1470.0,544.0,188.0,,2026-07-24T11:49:01.984606+08:00
2890,2017-06-27,101000,-9906700,-11000,-9816700,36307.0,1455.0,239.0,-15.0,,2026-07-24T11:49:01.984606+08:00
2890,2017-06-28,179000,3046018,0,3225018,36754.0,1446.0,447.0,-9.0,,2026-07-24T11:49:01.984606+08:00
2890,2017-06-29,48000,-3375269,-5000,-3332269,37703.0,1407.0,949.0,-39.0,,2026-07-24T11:49:01.984606+08:00
2890,2017-06-30,-108000,3720956,-2000,3610956,36367.0,1359.0,-1336.0,-48.0,,2026-07-24T11:49:01.984606+08:00
2890,2017-07-03,71000,-3570900,-37000,-3536900,35874.0,1350.0,-493.0,-9.0,,2026-07-24T11:49:01.984606+08:00
2890,2017-07-04,365000,-6247800,-7000,-5889800,35198.0,1427.0,-676.0,77.0,,2026-07-24T11:49:01.984606+08:00
2890,2017-07-05,771000,1359802,0,2130802,35151.0,1430.0,-47.0,3.0,,2026-07-24T11:49:01.984606+08:00
2890,2017-07-06,-196000,-2503267,0,-2699267,35409.0,1379.0,258.0,-51.0,,2026-07-24T11:49:01.984606+08:00
2890,2017-07-07,27000,1861351,0,1888351,34850.0,1397.0,-559.0,18.0,,2026-07-24T11:49:01.984606+08:00
2890,2017-07-10,47000,-2506200,-10000,-2469200,35024.0,1415.0,174.0,18.0,,2026-07-24T11:49:01.984606+08:00
2890,2017-07-11,1248000,1863482,0,3111482,35233.0,1415.0,209.0,0.0,,2026-07-24T11:49:01.984606+08:00
2890,2017-07-12,699000,-1644295,-21000,-966295,34967.0,1408.0,-266.0,-7.0,,2026-07-24T11:49:01.984606+08:00
2890,2017-07-13,288000,-8588576,-22000,-8322576,35175.0,1348.0,208.0,-60.0,,2026-07-24T11:49:01.984606+08:00
2890,2017-07-14,217000,-8112715,-21000,-7916715,36216.0,1307.0,1041.0,-41.0,,2026-07-24T11:49:01.984606+08:00
2890,2017-07-17,-23000,-8685000,293,-8707707,36354.0,3095.0,138.0,1788.0,,2026-07-24T11:49:01.984606+08:00
2890,2017-07-18,-876000,329291,-1296000,-1842709,37071.0,4101.0,717.0,1006.0,,2026-07-24T11:49:01.984606+08:00
2890,2017-07-19,211000,-1151610,0,-940610,37101.0,2309.0,30.0,-1792.0,,2026-07-24T11:49:01.984606+08:00
2890,2017-07-20,-167000,-1193511,8000,-1352511,37628.0,1286.0,527.0,-1023.0,,2026-07-24T11:49:01.984606+08:00
2890,2017-07-21,-178000,-3777934,0,-3955934,37935.0,1361.0,307.0,75.0,,2026-07-24T11:49:01.984606+08:00
2890,2017-07-24,40000,-4443084,0,-4403084,37659.0,1354.0,-276.0,-7.0,,2026-07-24T11:49:01.984606+08:00
2890,2017-07-25,280000,-6747878,0,-6467878,36876.0,1344.0,-783.0,-10.0,,2026-07-24T11:49:01.984606+08:00
2890,2017-07-26,-476000,-1112000,-18000,-1606000,36960.0,1325.0,84.0,-19.0,,2026-07-24T11:49:01.984606+08:00
2890,2017-07-27,-109000,3742000,0,3633000,35853.0,1327.0,-1107.0,2.0,,2026-07-24T11:49:01.984606+08:00
2890,2017-07-28,-187000,1453091,2000,1268091,34936.0,1327.0,-917.0,0.0,,2026-07-24T11:49:01.984606+08:00
2890,2017-07-31,-42600,-2551151,19000,-2574751,34615.0,1306.0,-321.0,-21.0,,2026-07-24T11:49:01.984606+08:00
2890,2017-08-01,29000,-5456853,-33000,-5460853,34544.0,1270.0,-71.0,-36.0,,2026-07-24T11:49:01.984606+08:00
2890,2017-08-02,-76000,-6287549,15000,-6348549,33330.0,1261.0,-1214.0,-9.0,,2026-07-24T11:49:01.984606+08:00
2890,2017-08-03,1099000,-4352581,20000,-3233581,33210.0,1205.0,-120.0,-56.0,,2026-07-24T11:49:01.984606+08:00
2890,2017-08-04,-19000,209759,0,190759,33079.0,1206.0,-131.0,1.0,,2026-07-24T11:49:01.984606+08:00
2890,2017-08-07,0,-1773994,20000,-1753994,33232.0,1191.0,153.0,-15.0,,2026-07-24T11:49:01.984606+08:00
2890,2017-08-08,-43000,-4413731,35000,-4421731,34869.0,1186.0,1637.0,-5.0,,2026-07-24T11:49:01.984606+08:00
2890,2017-08-09,-422000,-6451073,37000,-6836073,34670.0,1184.0,-199.0,-2.0,,2026-07-24T11:49:01.984606+08:00
2890,2017-08-10,11000,-3975564,20000,-3944564,32771.0,1165.0,-1899.0,-19.0,,2026-07-24T11:49:01.984606+08:00
2890,2017-08-11,29000,-7671000,-52000,-7694000,32868.0,1017.0,97.0,-148.0,,2026-07-24T11:49:01.984606+08:00
2890,2017-08-14,-46000,-4587000,20000,-4613000,31910.0,1015.0,-958.0,-2.0,,2026-07-24T11:49:01.984606+08:00
2890,2017-08-15,-105000,-2406000,240000,-2271000,31899.0,895.0,-11.0,-120.0,,2026-07-24T11:49:01.984606+08:00
2890,2017-08-16,1405000,-2285000,851000,-29000,32690.0,257.0,791.0,-638.0,,2026-07-24T11:49:01.984606+08:00
2890,2017-08-17,-260000,-1761845,1000,-2020845,32969.0,249.0,279.0,-8.0,,2026-07-24T11:49:01.984606+08:00
2890,2017-08-18,-119000,-3790300,0,-3909300,33240.0,246.0,271.0,-3.0,,2026-07-24T11:49:01.984606+08:00
2890,2017-08-21,-392000,-1006000,68000,-1330000,33241.0,251.0,1.0,5.0,,2026-07-24T11:49:01.984606+08:00
2890,2017-08-22,-27000,6643246,0,6616246,33060.0,258.0,-181.0,7.0,,2026-07-24T11:49:01.984606+08:00
2890,2017-08-23,-667000,-1725000,131000,-2261000,33241.0,259.0,181.0,1.0,,2026-07-24T11:49:01.984606+08:00
2890,2017-08-24,74000,-958105,0,-884105,33496.0,259.0,255.0,0.0,,2026-07-24T11:49:01.984606+08:00
2890,2017-08-25,439000,-2756000,-175000,-2492000,33663.0,255.0,167.0,-4.0,,2026-07-24T11:49:01.984606+08:00
2890,2017-08-28,-270000,1943202,-6000,1667202,33000.0,255.0,-663.0,0.0,,2026-07-24T11:49:01.984606+08:00
2890,2017-08-29,-393000,-516066,-10000,-919066,32236.0,256.0,-764.0,1.0,,2026-07-24T11:49:01.984606+08:00
2890,2017-08-30,1326000,171000,0,1497000,32119.0,257.0,-117.0,1.0,,2026-07-24T11:49:01.984606+08:00
2890,2017-08-31,116000,-1514000,0,-1398000,31851.0,258.0,-268.0,1.0,,2026-07-24T11:49:01.984606+08:00
2890,2017-09-01,-70000,-5613000,-4000,-5687000,32335.0,259.0,484.0,1.0,,2026-07-24T11:49:01.984606+08:00
2890,2017-09-04,-254000,-2231366,0,-2485366,32855.0,256.0,520.0,-3.0,,2026-07-24T11:49:01.984606+08:00
2890,2017-09-05,-179000,-5287564,-54684,-5521248,31516.0,285.0,-1339.0,29.0,,2026-07-24T11:49:01.984606+08:00
2890,2017-09-06,-239000,-895000,0,-1134000,35614.0,310.0,4098.0,25.0,,2026-07-24T11:49:01.984606+08:00
2890,2017-09-07,-226000,-12790049,101000,-12915049,39148.0,264.0,3534.0,-46.0,,2026-07-24T11:49:01.984606+08:00
2890,2017-09-08,-234000,-2528794,-11000,-2773794,43277.0,236.0,4129.0,-28.0,,2026-07-24T11:49:01.984606+08:00
2890,2017-09-11,41000,-6625114,0,-6584114,42150.0,93.0,-1127.0,-143.0,,2026-07-24T11:49:01.984606+08:00
2890,2017-09-12,0,-6244000,191000,-6053000,42259.0,4.0,109.0,-89.0,,2026-07-24T11:49:01.984606+08:00
2890,2017-09-13,-19000,-7969160,54000,-7934160,30899.0,0.0,-11360.0,-4.0,,2026-07-24T11:49:01.984606+08:00
2890,2017-09-14,-16000,-7126000,15000,-7127000,28022.0,0.0,-2877.0,0.0,,2026-07-24T11:49:01.984606+08:00
2890,2017-09-15,3264617,-18754840,48000,-15442223,23780.0,0.0,-4242.0,0.0,,2026-07-24T11:49:01.984606+08:00
2890,2017-09-18,-2350000,33431725,152000,31233725,24274.0,17.0,494.0,17.0,,2026-07-24T11:49:01.984606+08:00
2890,2017-09-19,-706000,-8382029,128000,-8960029,25105.0,18.0,831.0,1.0,,2026-07-24T11:49:01.984606+08:00
2890,2017-09-20,6000,-13777542,0,-13771542,23122.0,37.0,-1983.0,19.0,,2026-07-24T11:49:01.984606+08:00
2890,2017-09-21,-128000,-5971387,0,-6099387,25347.0,40.0,2225.0,3.0,,2026-07-24T11:49:01.984606+08:00
2890,2017-09-22,-291000,-13321589,102000,-13510589,25250.0,157.0,-97.0,117.0,,2026-07-24T11:49:01.984606+08:00
2890,2017-09-25,3000,-14099400,87000,-14009400,24056.0,157.0,-1194.0,0.0,,2026-07-24T11:49:01.984606+08:00
2890,2017-09-26,86000,-2933999,0,-2847999,22210.0,159.0,-1846.0,2.0,,2026-07-24T11:49:01.984606+08:00
2890,2017-09-27,-394050,-3852246,0,-4246296,22437.0,170.0,227.0,11.0,,2026-07-24T11:49:01.984606+08:00
2890,2017-09-28,-32000,-12157087,29000,-12160087,22352.0,187.0,-85.0,17.0,,2026-07-24T11:49:01.984606+08:00
2890,2017-09-29,32000,-8005386,-4000,-7977386,22266.0,186.0,-86.0,-1.0,,2026-07-24T11:49:01.984606+08:00
2890,2017-09-30,-20000,0,0,-20000,22329.0,176.0,63.0,-10.0,,2026-07-24T11:49:01.984606+08:00
2890,2017-10-02,417000,-4164000,84000,-3663000,22111.0,176.0,-218.0,0.0,,2026-07-24T11:49:01.984606+08:00
2890,2017-10-03,1000,-7855000,6266,-7847734,21713.0,176.0,-398.0,0.0,,2026-07-24T11:49:01.984606+08:00
2890,2017-10-05,70000,672000,123000,865000,22201.0,149.0,488.0,-27.0,,2026-07-24T11:49:01.984606+08:00
2890,2017-10-06,-40000,2358396,0,2318396,22066.0,149.0,-135.0,0.0,,2026-07-24T11:49:01.984606+08:00
2890,2017-10-11,-309000,1347061,-13000,1025061,22208.0,149.0,142.0,0.0,,2026-07-24T11:49:01.984606+08:00
2890,2017-10-12,-126000,1470315,62000,1406315,21725.0,149.0,-483.0,0.0,,2026-07-24T11:49:01.984606+08:00
2890,2017-10-13,33000,-2602910,73000,-2496910,21559.0,149.0,-166.0,0.0,,2026-07-24T11:49:01.984606+08:00
2890,2017-10-16,-90000,-894000,148000,-836000,21430.0,149.0,-129.0,0.0,,2026-07-24T11:49:01.984606+08:00
2890,2017-10-17,248000,-9547156,0,-9299156,21437.0,137.0,7.0,-12.0,,2026-07-24T11:49:01.984606+08:00
2890,2017-10-18,-350000,-4646360,519000,-4477360,21600.0,139.0,163.0,2.0,,2026-07-24T11:49:01.984606+08:00
2890,2017-10-19,41000,-15011649,-63000,-15033649,21625.0,139.0,25.0,0.0,,2026-07-24T11:49:01.984606+08:00
2890,2017-10-20,-16650,-1909921,0,-1926571,21378.0,140.0,-247.0,1.0,,2026-07-24T11:49:01.984606+08:00
2890,2017-10-23,-48000,689030,393000,1034030,20762.0,140.0,-616.0,0.0,,2026-07-24T11:49:01.984606+08:00
2890,2017-10-24,-162000,1227799,0,1065799,20408.0,142.0,-354.0,2.0,,2026-07-24T11:49:01.984606+08:00
2890,2017-10-25,11000,760323,258000,1029323,20415.0,31.0,7.0,-111.0,,2026-07-24T11:49:01.984606+08:00
2890,2017-10-26,15325,-1565672,0,-1550347,20989.0,31.0,574.0,0.0,,2026-07-24T11:49:01.984606+08:00
2890,2017-10-27,-77000,-2934766,1088000,-1923766,20748.0,32.0,-241.0,1.0,,2026-07-24T11:49:01.984606+08:00
2890,2017-10-30,-31835,-730836,0,-762671,20729.0,32.0,-19.0,0.0,,2026-07-24T11:49:01.984606+08:00
2890,2017-10-31,19000,663497,2000,684497,20573.0,32.0,-156.0,0.0,,2026-07-24T11:49:01.984606+08:00
2890,2017-11-01,-11000,-516859,0,-527859,20633.0,32.0,60.0,0.0,,2026-07-24T11:49:01.984606+08:00
2890,2017-11-02,5000,797094,0,802094,20613.0,32.0,-20.0,0.0,,2026-07-24T11:49:01.984606+08:00
2890,2017-11-03,14000,2191168,0,2205168,19638.0,32.0,-975.0,0.0,,2026-07-24T11:49:01.984606+08:00
2890,2017-11-06,-3000,-2699804,0,-2702804,19185.0,32.0,-453.0,0.0,,2026-07-24T11:49:01.984606+08:00
2890,2017-11-07,-10000,534542,0,524542,19035.0,32.0,-150.0,0.0,,2026-07-24T11:49:01.984606+08:00
2890,2017-11-08,5000,-1317000,0,-1312000,18995.0,32.0,-40.0,0.0,,2026-07-24T11:49:01.984606+08:00
2890,2017-11-09,-23000,1397405,0,1374405,19043.0,32.0,48.0,0.0,,2026-07-24T11:49:01.984606+08:00
2890,2017-11-10,-17000,604440,0,587440,19005.0,32.0,-38.0,0.0,,2026-07-24T11:49:01.984606+08:00
2890,2017-11-13,0,-1887179,-3000,-1890179,18946.0,32.0,-59.0,0.0,,2026-07-24T11:49:01.984606+08:00
2890,2017-11-14,-7000,-186889,0,-193889,18951.0,32.0,5.0,0.0,,2026-07-24T11:49:01.984606+08:00
2890,2017-11-15,-110000,-1310965,0,-1420965,18770.0,32.0,-181.0,0.0,,2026-07-24T11:49:01.984606+08:00
2890,2017-11-16,8000,-1925000,0,-1917000,18732.0,28.0,-38.0,-4.0,,2026-07-24T11:49:01.984606+08:00
2890,2017-11-17,-63000,960328,-2000,895328,18611.0,28.0,-121.0,0.0,,2026-07-24T11:49:01.984606+08:00
2890,2017-11-20,1000,-653350,0,-652350,18614.0,27.0,3.0,-1.0,,2026-07-24T11:49:01.984606+08:00
2890,2017-11-21,2000,6108468,0,6110468,19713.0,27.0,1099.0,0.0,,2026-07-24T11:49:01.984606+08:00
2890,2017-11-22,10000,8904145,0,8914145,19864.0,28.0,151.0,1.0,,2026-07-24T11:49:01.984606+08:00
2890,2017-11-23,20000,3511225,-66000,3465225,19904.0,29.0,40.0,1.0,,2026-07-24T11:49:01.984606+08:00
2890,2017-11-24,3000,-1063215,0,-1060215,20060.0,26.0,156.0,-3.0,,2026-07-24T11:49:01.984606+08:00
2890,2017-11-27,-31000,-2124586,0,-2155586,19662.0,23.0,-398.0,-3.0,,2026-07-24T11:49:01.984606+08:00
2890,2017-11-28,-14000,-3091066,0,-3105066,19538.0,23.0,-124.0,0.0,,2026-07-24T11:49:01.984606+08:00
2890,2017-11-29,24000,-1349689,-19000,-1344689,19563.0,22.0,25.0,-1.0,,2026-07-24T11:49:01.984606+08:00
2890,2017-11-30,9000,8474356,-17000,8466356,19554.0,22.0,-9.0,0.0,,2026-07-24T11:49:01.984606+08:00
2890,2017-12-01,3000,3755728,171000,3929728,19640.0,22.0,86.0,0.0,,2026-07-24T11:49:01.984606+08:00
2890,2017-12-04,-4000,18475194,272000,18743194,20736.0,24.0,1096.0,2.0,,2026-07-24T11:49:01.984606+08:00
2890,2017-12-05,-57000,13910479,297000,14150479,21219.0,22.0,483.0,-2.0,,2026-07-24T11:49:01.984606+08:00
2890,2017-12-06,20781,10572581,96000,10689362,21815.0,22.0,596.0,0.0,,2026-07-24T11:49:01.984606+08:00
2890,2017-12-07,90000,5828960,78000,5996960,21736.0,22.0,-79.0,0.0,,2026-07-24T11:49:01.984606+08:00
2890,2017-12-08,38000,940230,480000,1458230,22211.0,22.0,475.0,0.0,,2026-07-24T11:49:01.984606+08:00
2890,2017-12-11,0,1361296,80000,1441296,22068.0,22.0,-143.0,0.0,,2026-07-24T11:49:01.984606+08:00
2890,2017-12-12,0,12863315,0,12863315,22110.0,22.0,42.0,0.0,,2026-07-24T11:49:01.984606+08:00
2890,2017-12-13,-165000,9470265,0,9305265,21979.0,39.0,-131.0,17.0,,2026-07-24T11:49:01.984606+08:00
2890,2017-12-14,207000,5244020,0,5451020,21925.0,39.0,-54.0,0.0,,2026-07-24T11:49:01.984606+08:00
2890,2017-12-15,-200000,709594,158000,667594,21378.0,39.0,-547.0,0.0,,2026-07-24T11:49:01.984606+08:00
2890,2017-12-18,139000,240735,0,379735,21397.0,39.0,19.0,0.0,,2026-07-24T11:49:01.984606+08:00
2890,2017-12-19,90000,1871620,0,1961620,21317.0,39.0,-80.0,0.0,,2026-07-24T11:49:01.984606+08:00
2890,2017-12-20,-31000,-1428079,0,-1459079,22122.0,39.0,805.0,0.0,,2026-07-24T11:49:01.984606+08:00
2890,2017-12-21,5000,5222423,0,5227423,21668.0,39.0,-454.0,0.0,,2026-07-24T11:49:01.984606+08:00
2890,2017-12-22,0,851000,0,851000,22391.0,52.0,723.0,13.0,,2026-07-24T11:49:01.984606+08:00
2890,2017-12-25,49000,-386000,0,-337000,22397.0,54.0,6.0,2.0,,2026-07-24T11:49:01.984606+08:00
2890,2017-12-26,0,33000,-54134,-21134,22269.0,47.0,-128.0,-7.0,,2026-07-24T11:49:01.984606+08:00
2890,2017-12-27,0,-286000,-57000,-343000,22571.0,39.0,302.0,-8.0,,2026-07-24T11:49:01.984606+08:00
2890,2017-12-28,1000,3690000,-14000,3677000,22471.0,39.0,-100.0,0.0,,2026-07-24T11:49:01.984606+08:00
2890,2017-12-29,352000,2236034,-42000,2546034,22513.0,39.0,42.0,0.0,,2026-07-24T11:49:01.984606+08:00
2890,2018-01-02,0,1972809,0,1972809,22308.0,37.0,-205.0,-2.0,,2026-07-24T11:49:01.984606+08:00
2890,2018-01-03,-22000,4634428,0,4612428,21572.0,38.0,-736.0,1.0,,2026-07-24T11:49:01.984606+08:00
2890,2018-01-04,5000,-272000,0,-267000,21244.0,38.0,-328.0,0.0,,2026-07-24T11:49:01.984606+08:00
2890,2018-01-05,-327000,6800369,-41000,6432369,20646.0,38.0,-598.0,0.0,,2026-07-24T11:49:01.984606+08:00
2890,2018-01-08,860000,2615000,-14000,3461000,20069.0,52.0,-577.0,14.0,,2026-07-24T11:49:01.984606+08:00
2890,2018-01-09,-9000,-2078425,0,-2087425,20154.0,52.0,85.0,0.0,,2026-07-24T11:49:01.984606+08:00
2890,2018-01-10,-557000,5993000,-14000,5422000,20533.0,55.0,379.0,3.0,,2026-07-24T11:49:01.984606+08:00
2890,2018-01-11,-2000,1058901,0,1056901,20996.0,46.0,463.0,-9.0,,2026-07-24T11:49:01.984606+08:00
2890,2018-01-12,0,6877000,0,6877000,21549.0,46.0,553.0,0.0,,2026-07-24T11:49:01.984606+08:00
2890,2018-01-15,2202000,129485,-16000,2315485,22294.0,48.0,745.0,2.0,,2026-07-24T11:49:01.984606+08:00
2890,2018-01-16,1575000,3898807,-19000,5454807,22790.0,48.0,496.0,0.0,,2026-07-24T11:49:01.984606+08:00
2890,2018-01-17,-1587000,6910778,0,5323778,22935.0,47.0,145.0,-1.0,,2026-07-24T11:49:01.984606+08:00
2890,2018-01-18,-28000,6247063,-1601000,4618063,22898.0,48.0,-37.0,1.0,,2026-07-24T11:49:01.984606+08:00
2890,2018-01-19,1000,8703748,0,8704748,22598.0,49.0,-300.0,1.0,,2026-07-24T11:49:01.984606+08:00
2890,2018-01-22,-24000,4907000,-1253000,3630000,22121.0,59.0,-477.0,10.0,,2026-07-24T11:49:01.984606+08:00
2890,2018-01-23,15000,840412,0,855412,22053.0,59.0,-68.0,0.0,,2026-07-24T11:49:01.984606+08:00
2890,2018-01-24,3000,-3441035,0,-3438035,22540.0,33.0,487.0,-26.0,,2026-07-24T11:49:01.984606+08:00
2890,2018-01-25,0,4859000,16000,4875000,22110.0,31.0,-430.0,-2.0,,2026-07-24T11:49:01.984606+08:00
2890,2018-01-26,177000,2140000,-618000,1699000,22122.0,31.0,12.0,0.0,,2026-07-24T11:49:01.984606+08:00
2890,2018-01-29,0,-960763,0,-960763,21614.0,31.0,-508.0,0.0,,2026-07-24T11:49:01.984606+08:00
2890,2018-01-30,-207000,-194000,0,-401000,20128.0,31.0,-1486.0,0.0,,2026-07-24T11:49:01.984606+08:00
2890,2018-01-31,470000,6844416,0,7314416,19316.0,31.0,-812.0,0.0,,2026-07-24T11:49:01.984606+08:00
2890,2018-02-01,-182000,1757755,0,1575755,19129.0,29.0,-187.0,-2.0,,2026-07-24T11:49:01.984606+08:00
2890,2018-02-02,-123000,-2458635,0,-2581635,18663.0,28.0,-466.0,-1.0,,2026-07-24T11:49:01.984606+08:00
2890,2018-02-05,-12000,-4690125,0,-4702125,16733.0,29.0,-1930.0,1.0,,2026-07-24T11:49:01.984606+08:00
2890,2018-02-06,10544000,-20061047,-1000,-9518047,15976.0,68.0,-757.0,39.0,,2026-07-24T11:49:01.984606+08:00
2890,2018-02-07,-82000,-1698326,-2000,-1782326,15286.0,70.0,-690.0,2.0,,2026-07-24T11:49:01.984606+08:00
2890,2018-02-08,-1179000,-5793013,0,-6972013,15228.0,71.0,-58.0,1.0,,2026-07-24T11:49:01.984606+08:00
2890,2018-02-09,2145000,-6503500,0,-4358500,13852.0,69.0,-1376.0,-2.0,,2026-07-24T11:49:01.984606+08:00
2890,2018-02-12,-112000,-5232866,0,-5344866,14201.0,68.0,349.0,-1.0,,2026-07-24T11:49:01.984606+08:00
2890,2018-02-21,678000,9328392,0,10006392,13881.0,109.0,-320.0,41.0,,2026-07-24T11:49:01.984606+08:00
2890,2018-02-22,434000,1714847,0,2148847,14522.0,76.0,641.0,-33.0,,2026-07-24T11:49:01.984606+08:00
2890,2018-02-23,-150000,3189386,0,3039386,15185.0,76.0,663.0,0.0,,2026-07-24T11:49:01.984606+08:00
2890,2018-02-26,-424000,6597222,0,6173222,17459.0,75.0,2274.0,-1.0,,2026-07-24T11:49:01.984606+08:00
2890,2018-02-27,-340000,1188114,14000,862114,17706.0,125.0,247.0,50.0,,2026-07-24T11:49:01.984606+08:00
2890,2018-03-01,6000,-3826240,0,-3820240,17909.0,79.0,203.0,-46.0,,2026-07-24T11:49:01.984606+08:00
2890,2018-03-02,69000,-6603163,0,-6534163,17335.0,77.0,-574.0,-2.0,,2026-07-24T11:49:01.984606+08:00
2890,2018-03-05,-208000,-5678000,0,-5886000,17333.0,72.0,-2.0,-5.0,,2026-07-24T11:49:01.984606+08:00
2890,2018-03-06,-75000,-1264818,0,-1339818,17359.0,72.0,26.0,0.0,,2026-07-24T11:49:01.984606+08:00
2890,2018-03-07,-195000,4448903,0,4253903,17574.0,74.0,215.0,2.0,,2026-07-24T11:49:01.984606+08:00
2890,2018-03-08,0,-3071000,0,-3071000,17817.0,72.0,243.0,-2.0,,2026-07-24T11:49:01.984606+08:00
2890,2018-03-09,2000,5684000,0,5686000,17873.0,72.0,56.0,0.0,,2026-07-24T11:49:01.984606+08:00
2890,2018-03-12,-68000,9496000,0,9428000,18490.0,69.0,617.0,-3.0,,2026-07-24T11:49:01.984606+08:00
2890,2018-03-13,76000,37020878,0,37096878,17783.0,2111.0,-707.0,2042.0,,2026-07-24T11:49:01.984606+08:00
2890,2018-03-14,319000,9354225,0,9673225,17512.0,2110.0,-271.0,-1.0,,2026-07-24T11:49:01.984606+08:00
2890,2018-03-15,-428000,4976105,0,4548105,17260.0,2168.0,-252.0,58.0,,2026-07-24T11:49:01.984606+08:00
2890,2018-03-16,-154000,20753904,-38000,20561904,15520.0,923.0,-1740.0,-1245.0,,2026-07-24T11:49:01.984606+08:00
2890,2018-03-19,-8000,262000,-43000,211000,15716.0,839.0,196.0,-84.0,,2026-07-24T11:49:01.984606+08:00
2890,2018-03-20,-10000,1367000,0,1357000,15260.0,116.0,-456.0,-723.0,,2026-07-24T11:49:01.984606+08:00
2890,2018-03-21,-119000,-1331493,0,-1450493,14302.0,51.0,-958.0,-65.0,,2026-07-24T11:49:01.984606+08:00
2890,2018-03-22,-2000,10427220,0,10425220,13862.0,52.0,-440.0,1.0,,2026-07-24T11:49:01.984606+08:00
2890,2018-03-23,-265000,-5125000,-15000,-5405000,13642.0,50.0,-220.0,-2.0,,2026-07-24T11:49:01.984606+08:00
2890,2018-03-26,-87000,71000,0,-16000,13506.0,49.0,-136.0,-1.0,,2026-07-24T11:49:01.984606+08:00
2890,2018-03-27,-239000,-1763179,-799,-2002978,13718.0,48.0,212.0,-1.0,,2026-07-24T11:49:01.984606+08:00
2890,2018-03-28,-2000,-5867296,0,-5869296,13803.0,48.0,85.0,0.0,,2026-07-24T11:49:01.984606+08:00
2890,2018-03-29,-3000,-8360164,0,-8363164,12497.0,49.0,-1306.0,1.0,,2026-07-24T11:49:01.984606+08:00
2890,2018-03-30,-11000,-4022000,0,-4033000,12618.0,48.0,121.0,-1.0,,2026-07-24T11:49:01.984606+08:00
2890,2018-03-31,16000,103000,-41000,78000,12574.0,48.0,-44.0,0.0,,2026-07-24T11:49:01.984606+08:00
2890,2018-04-02,0,-3131025,-270000,-3401025,12476.0,45.0,-98.0,-3.0,,2026-07-24T11:49:01.984606+08:00
2890,2018-04-03,-422000,-6048710,0,-6470710,11388.0,43.0,-1088.0,-2.0,,2026-07-24T11:49:01.984606+08:00
2890,2018-04-09,475000,729170,0,1204170,11227.0,6.0,-161.0,-37.0,,2026-07-24T11:49:01.984606+08:00
2890,2018-04-10,97000,7830351,0,7927351,11205.0,0.0,-22.0,-6.0,,2026-07-24T11:49:01.984606+08:00
2890,2018-04-11,252000,114084,0,366084,11034.0,0.0,-171.0,0.0,,2026-07-24T11:49:01.984606+08:00
2890,2018-04-12,-28000,612737,0,584737,10762.0,0.0,-272.0,0.0,,2026-07-24T11:49:01.984606+08:00
2890,2018-04-13,-262000,3280297,15000,3033297,10437.0,1.0,-325.0,1.0,,2026-07-24T11:49:01.984606+08:00
2890,2018-04-16,21000,1339412,0,1360412,10295.0,9.0,-142.0,8.0,,2026-07-24T11:49:01.984606+08:00
2890,2018-04-17,0,-2701734,-139000,-2840734,10057.0,11.0,-238.0,2.0,,2026-07-24T11:49:01.984606+08:00
2890,2018-04-18,-9000,6056565,-28000,6019565,10136.0,13.0,79.0,2.0,,2026-07-24T11:49:01.984606+08:00
2890,2018-04-19,573000,9151276,0,9724276,9889.0,13.0,-247.0,0.0,,2026-07-24T11:49:01.984606+08:00
2890,2018-04-20,11000,7227517,0,7238517,9741.0,13.0,-148.0,0.0,,2026-07-24T11:49:01.984606+08:00
2890,2018-04-23,129000,1157000,0,1286000,9583.0,13.0,-158.0,0.0,,2026-07-24T11:49:01.984606+08:00
2890,2018-04-24,2000,2301296,0,2303296,9558.0,13.0,-25.0,0.0,,2026-07-24T11:49:01.984606+08:00
2890,2018-04-25,-364000,7523000,0,7159000,9651.0,12.0,93.0,-1.0,,2026-07-24T11:49:01.984606+08:00
2890,2018-04-26,99000,3725849,0,3824849,10256.0,12.0,605.0,0.0,,2026-07-24T11:49:01.984606+08:00
2890,2018-04-27,248000,-157312,-143000,-52312,10327.0,12.0,71.0,0.0,,2026-07-24T11:49:01.984606+08:00
2890,2018-04-30,-1488000,3702000,0,2214000,10031.0,11.0,-296.0,-1.0,,2026-07-24T11:49:01.984606+08:00
2890,2018-05-02,-6000,-797618,0,-803618,10096.0,59.0,65.0,48.0,,2026-07-24T11:49:01.984606+08:00
2890,2018-05-03,0,-3909063,1374000,-2535063,10132.0,7.0,36.0,-52.0,,2026-07-24T11:49:01.984606+08:00
2890,2018-05-04,-6000,-5910704,0,-5916704,10262.0,17.0,130.0,10.0,,2026-07-24T11:49:01.984606+08:00
2890,2018-05-07,492000,-3297648,0,-2805648,10375.0,17.0,113.0,0.0,,2026-07-24T11:49:01.984606+08:00
2890,2018-05-08,0,-564000,0,-564000,10294.0,17.0,-81.0,0.0,,2026-07-24T11:49:01.984606+08:00
2890,2018-05-09,1421000,-5000044,0,-3579044,10316.0,17.0,22.0,0.0,,2026-07-24T11:49:01.984606+08:00
2890,2018-05-10,0,2953000,0,2953000,10530.0,17.0,214.0,0.0,,2026-07-24T11:49:01.984606+08:00
2890,2018-05-11,2000000,6005000,8000,8013000,10414.0,17.0,-116.0,0.0,,2026-07-24T11:49:01.984606+08:00
2890,2018-05-14,-30000,5748000,0,5718000,10348.0,17.0,-66.0,0.0,,2026-07-24T11:49:01.984606+08:00
2890,2018-05-15,46000,-1332129,0,-1286129,10669.0,7.0,321.0,-10.0,,2026-07-24T11:49:01.984606+08:00
2890,2018-05-16,0,-2246843,-25000,-2271843,11130.0,8.0,461.0,1.0,,2026-07-24T11:49:01.984606+08:00
2890,2018-05-17,-57000,640883,0,583883,9854.0,8.0,-1276.0,0.0,,2026-07-24T11:49:01.984606+08:00
2890,2018-05-18,26000,6953904,-56000,6923904,9868.0,28.0,14.0,20.0,,2026-07-24T11:49:01.984606+08:00
2890,2018-05-21,49000,3485000,-14000,3520000,9692.0,28.0,-176.0,0.0,,2026-07-24T11:49:01.984606+08:00
2890,2018-05-22,-21000,53000,0,32000,9645.0,30.0,-47.0,2.0,,2026-07-24T11:49:01.984606+08:00
2890,2018-05-23,-792000,-1064729,-28767,-1885496,9552.0,30.0,-93.0,0.0,,2026-07-24T11:49:01.984606+08:00
2890,2018-05-24,-1257000,-336354,-46000,-1639354,9744.0,30.0,192.0,0.0,,2026-07-24T11:49:01.984606+08:00
2890,2018-05-25,-5000,2831000,0,2826000,9451.0,81.0,-293.0,51.0,,2026-07-24T11:49:01.984606+08:00
2890,2018-05-28,47000,-2787005,0,-2740005,9653.0,99.0,202.0,18.0,,2026-07-24T11:49:01.984606+08:00
2890,2018-05-29,-32000,-4298115,0,-4330115,10600.0,99.0,947.0,0.0,,2026-07-24T11:49:01.984606+08:00
2890,2018-05-30,10000,-7906710,-60000,-7956710,11247.0,51.0,647.0,-48.0,,2026-07-24T11:49:01.984606+08:00
2890,2018-05-31,-48000,9517457,-29000,9440457,11129.0,56.0,-118.0,5.0,,2026-07-24T11:49:01.984606+08:00
2890,2018-06-01,66000,2724912,2000,2792912,11157.0,58.0,28.0,2.0,,2026-07-24T11:49:01.984606+08:00
2890,2018-06-04,49000,2793842,0,2842842,11186.0,58.0,29.0,0.0,,2026-07-24T11:49:01.984606+08:00
2890,2018-06-05,-756000,10734555,634000,10612555,11106.0,57.0,-80.0,-1.0,,2026-07-24T11:49:01.984606+08:00
2890,2018-06-06,440000,1240283,-85000,1595283,10882.0,56.0,-224.0,-1.0,,2026-07-24T11:49:01.984606+08:00
2890,2018-06-07,-26000,7718219,0,7692219,10625.0,56.0,-257.0,0.0,,2026-07-24T11:49:01.984606+08:00
2890,2018-06-08,-84000,-2304000,-111000,-2499000,10536.0,54.0,-89.0,-2.0,,2026-07-24T11:49:01.984606+08:00
2890,2018-06-11,97000,-358318,0,-261318,10888.0,53.0,352.0,-1.0,,2026-07-24T11:49:01.984606+08:00
2890,2018-06-12,-93000,-332445,0,-425445,10890.0,53.0,2.0,0.0,,2026-07-24T11:49:01.984606+08:00
2890,2018-06-13,-37000,493362,-134000,322362,8851.0,55.0,-2039.0,2.0,,2026-07-24T11:49:01.984606+08:00
2890,2018-06-14,146000,-4530305,0,-4384305,8801.0,63.0,-50.0,8.0,,2026-07-24T11:49:01.984606+08:00
2890,2018-06-15,34000,3076538,-317000,2793538,8332.0,68.0,-469.0,5.0,,2026-07-24T11:49:01.984606+08:00
2890,2018-06-19,-169000,-1160000,0,-1329000,8278.0,70.0,-54.0,2.0,,2026-07-24T11:49:01.984606+08:00
2890,2018-06-20,380000,2964850,-126731,3218119,8251.0,70.0,-27.0,0.0,,2026-07-24T11:49:01.984606+08:00
2890,2018-06-21,-1000,-4281000,0,-4282000,9009.0,74.0,758.0,4.0,,2026-07-24T11:49:01.984606+08:00
2890,2018-06-22,1502000,-794000,-9000,699000,8443.0,72.0,-566.0,-2.0,,2026-07-24T11:49:01.984606+08:00
2890,2018-06-25,0,-286580,-28000,-314580,8442.0,74.0,-1.0,2.0,,2026-07-24T11:49:01.984606+08:00
2890,2018-06-26,665000,995431,0,1660431,8382.0,72.0,-60.0,-2.0,,2026-07-24T11:49:01.984606+08:00
2890,2018-06-27,1115000,-4306344,15000,-3176344,8529.0,70.0,147.0,-2.0,,2026-07-24T11:49:01.984606+08:00
2890,2018-06-28,214775,-4222591,0,-4007816,8942.0,69.0,413.0,-1.0,,2026-07-24T11:49:01.984606+08:00
2890,2018-06-29,94000,10221605,0,10315605,9109.0,70.0,167.0,1.0,,2026-07-24T11:49:01.984606+08:00
2890,2018-07-02,-210000,-689719,471000,-428719,9110.0,74.0,1.0,4.0,,2026-07-24T11:49:01.984606+08:00
2890,2018-07-03,-266000,-3010240,0,-3276240,9235.0,75.0,125.0,1.0,,2026-07-24T11:49:01.984606+08:00
2890,2018-07-04,-4000,1004000,-24000,976000,9376.0,85.0,141.0,10.0,,2026-07-24T11:49:01.984606+08:00
2890,2018-07-05,0,-1947757,13000,-1934757,9379.0,89.0,3.0,4.0,,2026-07-24T11:49:01.984606+08:00
2890,2018-07-06,0,2937826,-50000,2887826,8177.0,70.0,-1202.0,-19.0,,2026-07-24T11:49:01.984606+08:00
2890,2018-07-09,268000,5195702,-79000,5384702,9263.0,73.0,1086.0,3.0,,2026-07-24T11:49:01.984606+08:00
2890,2018-07-10,-2000,3481016,0,3479016,9395.0,72.0,132.0,-1.0,,2026-07-24T11:49:01.984606+08:00
2890,2018-07-11,-17000,-1481265,-4000,-1502265,9515.0,72.0,120.0,0.0,,2026-07-24T11:49:01.984606+08:00
2890,2018-07-12,10000,1631891,-14000,1627891,9818.0,71.0,303.0,-1.0,,2026-07-24T11:49:01.984606+08:00
2890,2018-07-13,149000,2494965,0,2643965,10644.0,71.0,826.0,0.0,,2026-07-24T11:49:01.984606+08:00
2890,2018-07-16,246000,226000,0,472000,10500.0,72.0,-144.0,1.0,,2026-07-24T11:49:01.984606+08:00
2890,2018-07-17,-4000,3483440,0,3479440,11483.0,63.0,983.0,-9.0,,2026-07-24T11:49:01.984606+08:00
2890,2018-07-18,765000,-277000,-70000,418000,11469.0,63.0,-14.0,0.0,,2026-07-24T11:49:01.984606+08:00
2890,2018-07-19,199000,-1502250,1000,-1302250,11162.0,77.0,-307.0,14.0,,2026-07-24T11:49:01.984606+08:00
2890,2018-07-20,-5000,1751440,0,1746440,10805.0,78.0,-357.0,1.0,,2026-07-24T11:49:01.984606+08:00
2890,2018-07-23,-7000,3913050,0,3906050,8538.0,79.0,-2267.0,1.0,,2026-07-24T11:49:01.984606+08:00
2890,2018-07-24,0,219702,80000,299702,8498.0,79.0,-40.0,0.0,,2026-07-24T11:49:01.984606+08:00
2890,2018-07-25,4000,1003995,53000,1060995,8492.0,79.0,-6.0,0.0,,2026-07-24T11:49:01.984606+08:00
2890,2018-07-26,1131000,5852256,6000,6989256,8545.0,76.0,53.0,-3.0,,2026-07-24T11:49:01.984606+08:00
2890,2018-07-27,211000,852177,0,1063177,8535.0,73.0,-10.0,-3.0,,2026-07-24T11:49:01.984606+08:00
2890,2018-07-30,26000,1854000,-63000,1817000,8342.0,73.0,-193.0,0.0,,2026-07-24T11:49:01.984606+08:00
2890,2018-07-31,1000,6118635,2000,6121635,8293.0,66.0,-49.0,-7.0,,2026-07-24T11:49:01.984606+08:00
2890,2018-08-01,130000,954933,49000,1133933,7638.0,65.0,-655.0,-1.0,,2026-07-24T11:49:01.984606+08:00
2890,2018-08-02,-386000,-2592861,-146000,-3124861,7876.0,64.0,238.0,-1.0,,2026-07-24T11:49:01.984606+08:00
2890,2018-08-03,222000,580806,-40000,762806,7948.0,64.0,72.0,0.0,,2026-07-24T11:49:01.984606+08:00
2890,2018-08-06,-360000,7235000,0,6875000,9319.0,189.0,1371.0,125.0,,2026-07-24T11:49:01.984606+08:00
2890,2018-08-07,288000,2443434,48000,2779434,9750.0,59.0,431.0,-130.0,,2026-07-24T11:49:01.984606+08:00
2890,2018-08-08,450000,7633000,-15000,8068000,10635.0,53.0,885.0,-6.0,,2026-07-24T11:49:01.984606+08:00
2890,2018-08-09,50000,-758100,84000,-624100,11143.0,0.0,508.0,-53.0,,2026-07-24T11:49:01.984606+08:00
2890,2018-08-10,132000,-72530369,-79000,-72477369,11620.0,0.0,477.0,0.0,,2026-07-24T11:49:01.984606+08:00
2890,2018-08-13,944000,-1146342,0,-202342,11701.0,0.0,81.0,0.0,,2026-07-24T11:49:01.984606+08:00
2890,2018-08-14,5765480,5404831,0,11170311,12764.0,0.0,1063.0,0.0,,2026-07-24T11:49:01.984606+08:00
2890,2018-08-15,-4879990,-5017536,47000,-9850526,11140.0,77.0,-1624.0,77.0,,2026-07-24T11:49:01.984606+08:00
2890,2018-08-16,-822000,-885625,0,-1707625,10561.0,97.0,-579.0,20.0,,2026-07-24T11:49:01.984606+08:00
2890,2018-08-17,-281000,1403000,0,1122000,10375.0,98.0,-186.0,1.0,,2026-07-24T11:49:01.984606+08:00
2890,2018-08-20,-329000,7781526,4000,7456526,9680.0,150.0,-695.0,52.0,,2026-07-24T11:49:01.984606+08:00
2890,2018-08-21,-23000,1277570,-124000,1130570,9404.0,151.0,-276.0,1.0,,2026-07-24T11:49:01.984606+08:00
2890,2018-08-22,-393000,5249471,-108000,4748471,9656.0,153.0,252.0,2.0,,2026-07-24T11:49:01.984606+08:00
2890,2018-08-23,-247000,1862361,-200000,1415361,10929.0,103.0,1273.0,-50.0,,2026-07-24T11:49:01.984606+08:00
2890,2018-08-24,90000,4383496,0,4473496,11165.0,101.0,236.0,-2.0,,2026-07-24T11:49:01.984606+08:00
2890,2018-08-27,-76000,3569000,0,3493000,11227.0,101.0,62.0,0.0,,2026-07-24T11:49:01.984606+08:00
2890,2018-08-28,809000,6751700,0,7560700,11205.0,103.0,-22.0,2.0,,2026-07-24T11:49:01.984606+08:00
2890,2018-08-29,-343000,4616756,0,4273756,10731.0,106.0,-474.0,3.0,,2026-07-24T11:49:01.984606+08:00
2890,2018-08-30,-57000,-1286043,0,-1343043,10827.0,106.0,96.0,0.0,,2026-07-24T11:49:01.984606+08:00
2890,2018-08-31,-2000,6424600,5000,6427600,10624.0,168.0,-203.0,62.0,,2026-07-24T11:49:01.984606+08:00
2890,2018-09-03,-100000,-2598120,0,-2698120,10829.0,125.0,205.0,-43.0,,2026-07-24T11:49:01.984606+08:00
2890,2018-09-04,62000,-295135,0,-233135,10118.0,125.0,-711.0,0.0,,2026-07-24T11:49:01.984606+08:00
2890,2018-09-05,-581000,-2818097,0,-3399097,9645.0,105.0,-473.0,-20.0,,2026-07-24T11:49:01.984606+08:00
2890,2018-09-06,1042000,2154662,-100000,3096662,9567.0,112.0,-78.0,7.0,,2026-07-24T11:49:01.984606+08:00
2890,2018-09-07,-23000,-2136720,5464,-2154256,9716.0,112.0,149.0,0.0,,2026-07-24T11:49:01.984606+08:00
2890,2018-09-10,-882000,5459638,0,4577638,9760.0,109.0,44.0,-3.0,,2026-07-24T11:49:01.984606+08:00
2890,2018-09-11,762000,2129080,286000,3177080,9684.0,112.0,-76.0,3.0,,2026-07-24T11:49:01.984606+08:00
2890,2018-09-12,453000,5604205,2074000,8131205,9729.0,116.0,45.0,4.0,,2026-07-24T11:49:01.984606+08:00
2890,2018-09-13,-403000,9437699,1082000,10116699,9721.0,141.0,-8.0,25.0,,2026-07-24T11:49:01.984606+08:00
2890,2018-09-14,201000,11430005,4865000,16496005,9787.0,153.0,66.0,12.0,,2026-07-24T11:49:01.984606+08:00
2890,2018-09-17,4000,3333585,3908000,7245585,10062.0,154.0,275.0,1.0,,2026-07-24T11:49:01.984606+08:00
2890,2018-09-18,0,2443502,982000,3425502,10060.0,175.0,-2.0,21.0,,2026-07-24T11:49:01.984606+08:00
2890,2018-09-19,205000,8080748,0,8285748,9645.0,135.0,-415.0,-40.0,,2026-07-24T11:49:01.984606+08:00
2890,2018-09-20,-71380,6147693,-1000,6075313,9591.0,69.0,-54.0,-66.0,,2026-07-24T11:49:01.984606+08:00
2890,2018-09-21,154161,8664392,-52000,8766553,9611.0,64.0,20.0,-5.0,,2026-07-24T11:49:01.984606+08:00
2890,2018-09-25,-49000,4754084,0,4705084,9745.0,64.0,134.0,0.0,,2026-07-24T11:49:01.984606+08:00
2890,2018-09-26,-1286000,794793,0,-491207,9606.0,63.0,-139.0,-1.0,,2026-07-24T11:49:01.984606+08:00
2890,2018-09-27,147000,12316821,0,12463821,9708.0,196.0,102.0,133.0,,2026-07-24T11:49:01.984606+08:00
2890,2018-09-28,-273000,6135524,0,5862524,10181.0,61.0,473.0,-135.0,,2026-07-24T11:49:01.984606+08:00
2890,2018-10-01,-104000,1939340,0,1835340,10207.0,59.0,26.0,-2.0,,2026-07-24T11:49:01.984606+08:00
2890,2018-10-02,-229000,-5337338,-15300,-5581638,10929.0,59.0,722.0,0.0,,2026-07-24T11:49:01.984606+08:00
2890,2018-10-03,-141000,902362,0,761362,11024.0,57.0,95.0,-2.0,,2026-07-24T11:49:01.984606+08:00
2890,2018-10-04,-199000,-7442104,0,-7641104,11170.0,87.0,146.0,30.0,,2026-07-24T11:49:01.984606+08:00
2890,2018-10-05,59000,1122000,-7752,1173248,9646.0,101.0,-1524.0,14.0,,2026-07-24T11:49:01.984606+08:00
2890,2018-10-08,570000,-1361010,15000,-776010,9181.0,100.0,-465.0,-1.0,,2026-07-24T11:49:01.984606+08:00
2890,2018-10-09,63000,-626140,-45000,-608140,9287.0,110.0,106.0,10.0,,2026-07-24T11:49:01.984606+08:00
2890,2018-10-11,-938000,-16429231,-1684000,-19051231,9017.0,119.0,-270.0,9.0,,2026-07-24T11:49:01.984606+08:00
2890,2018-10-12,62000,-7292811,0,-7230811,8557.0,214.0,-460.0,95.0,,2026-07-24T11:49:01.984606+08:00
2890,2018-10-15,65000,-9387406,-380000,-9702406,8826.0,316.0,269.0,102.0,,2026-07-24T11:49:01.984606+08:00
2890,2018-10-16,667000,-1505209,-3704000,-4542209,8913.0,325.0,87.0,9.0,,2026-07-24T11:49:01.984606+08:00
2890,2018-10-17,-625000,-6760001,339000,-7046001,8892.0,371.0,-21.0,46.0,,2026-07-24T11:49:01.984606+08:00
2890,2018-10-18,155000,-4939120,-1000000,-5784120,8864.0,370.0,-28.0,-1.0,,2026-07-24T11:49:01.984606+08:00
2890,2018-10-19,-31000,-398127,0,-429127,8794.0,381.0,-70.0,11.0,,2026-07-24T11:49:01.984606+08:00
2890,2018-10-22,95000,-1276362,0,-1181362,8748.0,401.0,-46.0,20.0,,2026-07-24T11:49:01.984606+08:00
2890,2018-10-23,-320000,-4476885,0,-4796885,8765.0,645.0,17.0,244.0,,2026-07-24T11:49:01.984606+08:00
2890,2018-10-24,-2015000,-3521187,0,-5536187,8845.0,683.0,80.0,38.0,,2026-07-24T11:49:01.984606+08:00
2890,2018-10-25,12000,313636,-6171000,-5845364,7714.0,794.0,-1131.0,111.0,,2026-07-24T11:49:01.984606+08:00
2890,2018-10-26,-565000,-5207843,71000,-5701843,7596.0,874.0,-118.0,80.0,,2026-07-24T11:49:01.984606+08:00
2890,2018-10-29,82000,-3515012,2000,-3431012,7567.0,876.0,-29.0,2.0,,2026-07-24T11:49:01.984606+08:00
2890,2018-10-30,85000,803000,0,888000,7553.0,871.0,-14.0,-5.0,,2026-07-24T11:49:01.984606+08:00
2890,2018-10-31,789000,5664207,13000,6466207,7370.0,1036.0,-183.0,165.0,,2026-07-24T11:49:01.984606+08:00
2890,2018-11-01,-358000,-3389982,0,-3747982,7391.0,855.0,21.0,-181.0,,2026-07-24T11:49:01.984606+08:00
2890,2018-11-02,-88000,1429000,-1121,1339879,7398.0,859.0,7.0,4.0,,2026-07-24T11:49:01.984606+08:00
2890,2018-11-05,-333000,-784000,24000,-1093000,7218.0,868.0,-180.0,9.0,,2026-07-24T11:49:01.984606+08:00
2890,2018-11-06,-27000,-1495004,24000,-1498004,7165.0,862.0,-53.0,-6.0,,2026-07-24T11:49:01.984606+08:00
2890,2018-11-07,-62100,3468841,-357000,3049741,7194.0,871.0,29.0,9.0,,2026-07-24T11:49:01.984606+08:00
2890,2018-11-08,10000,3007980,0,3017980,7177.0,946.0,-17.0,75.0,,2026-07-24T11:49:01.984606+08:00
2890,2018-11-09,58000,2014000,22000,2094000,7072.0,945.0,-105.0,-1.0,,2026-07-24T11:49:01.984606+08:00
2890,2018-11-12,-300000,2059213,0,1759213,7325.0,948.0,253.0,3.0,,2026-07-24T11:49:01.984606+08:00
2890,2018-11-13,294000,3241999,0,3535999,6657.0,968.0,-668.0,20.0,,2026-07-24T11:49:01.984606+08:00
2890,2018-11-14,-145000,406533,0,261533,6677.0,968.0,20.0,0.0,,2026-07-24T11:49:01.984606+08:00
2890,2018-11-15,-47000,1482000,0,1435000,6710.0,997.0,33.0,29.0,,2026-07-24T11:49:01.984606+08:00
2890,2018-11-16,-587000,1074880,24000,511880,6347.0,1003.0,-363.0,6.0,,2026-07-24T11:49:01.984606+08:00
2890,2018-11-19,104000,4776104,0,4880104,6271.0,1016.0,-76.0,13.0,,2026-07-24T11:49:01.984606+08:00
2890,2018-11-20,269000,47721,0,316721,6481.0,1017.0,210.0,1.0,,2026-07-24T11:49:01.984606+08:00
2890,2018-11-21,331000,250000,-67000,514000,6398.0,1016.0,-83.0,-1.0,,2026-07-24T11:49:01.984606+08:00
2890,2018-11-22,163000,-526510,0,-363510,6399.0,1021.0,1.0,5.0,,2026-07-24T11:49:01.984606+08:00
2890,2018-11-23,44000,503140,17000,564140,6218.0,1023.0,-181.0,2.0,,2026-07-24T11:49:01.984606+08:00
2890,2018-11-26,-17000,1950180,0,1933180,6140.0,1036.0,-78.0,13.0,,2026-07-24T11:49:01.984606+08:00
2890,2018-11-27,29000,-4507091,0,-4478091,6160.0,889.0,20.0,-147.0,,2026-07-24T11:49:01.984606+08:00
2890,2018-11-28,582000,3754798,-335000,4001798,6132.0,889.0,-28.0,0.0,,2026-07-24T11:49:01.984606+08:00
2890,2018-11-29,87000,-1885245,23000,-1775245,6469.0,887.0,337.0,-2.0,,2026-07-24T11:49:01.984606+08:00
2890,2018-11-30,156000,2655077,-32000,2779077,6539.0,885.0,70.0,-2.0,,2026-07-24T11:49:01.984606+08:00
2890,2018-12-03,345000,5178456,0,5523456,6534.0,887.0,-5.0,2.0,,2026-07-24T11:49:01.984606+08:00
2890,2018-12-04,61000,2799120,0,2860120,6499.0,937.0,-35.0,50.0,,2026-07-24T11:49:01.984606+08:00
2890,2018-12-05,-390000,697856,0,307856,6489.0,937.0,-10.0,0.0,,2026-07-24T11:49:01.984606+08:00
2890,2018-12-06,-301000,-4799626,0,-5100626,6446.0,916.0,-43.0,-21.0,,2026-07-24T11:49:01.984606+08:00
2890,2018-12-07,294000,39394,23000,356394,6720.0,937.0,274.0,21.0,,2026-07-24T11:49:01.984606+08:00
2890,2018-12-10,128000,-626000,0,-498000,6541.0,932.0,-179.0,-5.0,,2026-07-24T11:49:01.984606+08:00
2890,2018-12-11,208000,-7062000,22000,-6832000,6768.0,698.0,227.0,-234.0,,2026-07-24T11:49:01.984606+08:00
2890,2018-12-12,369000,502073,-286000,585073,6643.0,712.0,-125.0,14.0,,2026-07-24T11:49:01.984606+08:00
2890,2018-12-13,105000,671420,0,776420,6672.0,712.0,29.0,0.0,,2026-07-24T11:49:01.984606+08:00
2890,2018-12-14,-421000,-849480,15000,-1255480,6676.0,707.0,4.0,-5.0,,2026-07-24T11:49:01.984606+08:00
2890,2018-12-17,-18000,4237701,0,4219701,6681.0,707.0,5.0,0.0,,2026-07-24T11:49:01.984606+08:00
2890,2018-12-18,165000,1374025,0,1539025,6575.0,703.0,-106.0,-4.0,,2026-07-24T11:49:01.984606+08:00
2890,2018-12-19,127000,4171962,0,4298962,6438.0,702.0,-137.0,-1.0,,2026-07-24T11:49:01.984606+08:00
2890,2018-12-20,-112000,1263170,0,1151170,6087.0,703.0,-351.0,1.0,,2026-07-24T11:49:01.984606+08:00
2890,2018-12-21,0,378401,-143000,235401,6054.0,689.0,-33.0,-14.0,,2026-07-24T11:49:01.984606+08:00
2890,2018-12-22,-76000,-331000,0,-407000,6053.0,689.0,-1.0,0.0,,2026-07-24T11:49:01.984606+08:00
2890,2018-12-24,0,716000,0,716000,6055.0,689.0,2.0,0.0,,2026-07-24T11:49:01.984606+08:00
2890,2018-12-25,-523000,-2246000,0,-2769000,6036.0,729.0,-19.0,40.0,,2026-07-24T11:49:01.984606+08:00
2890,2018-12-26,-394000,-532000,-456,-926456,6225.0,699.0,189.0,-30.0,,2026-07-24T11:49:01.984606+08:00
2890,2018-12-27,6000,3450000,0,3456000,5734.0,665.0,-491.0,-34.0,,2026-07-24T11:49:01.984606+08:00
2890,2018-12-28,54000,3054547,0,3108547,5705.0,671.0,-29.0,6.0,,2026-07-24T11:49:01.984606+08:00
2890,2019-01-02,-563000,-2620128,0,-3183128,5785.0,710.0,80.0,39.0,,2026-07-24T11:49:01.984606+08:00
2890,2019-01-03,210000,1236140,0,1446140,5773.0,711.0,-12.0,1.0,,2026-07-24T11:49:01.984606+08:00
2890,2019-01-04,466000,-560808,0,-94808,5787.0,718.0,14.0,7.0,,2026-07-24T11:49:01.984606+08:00
2890,2019-01-07,486000,10302420,0,10788420,5668.0,726.0,-119.0,8.0,,2026-07-24T11:49:01.984606+08:00
2890,2019-01-08,74000,-344240,0,-270240,5669.0,746.0,1.0,20.0,,2026-07-24T11:49:01.984606+08:00
2890,2019-01-09,924000,9841263,0,10765263,5410.0,753.0,-259.0,7.0,,2026-07-24T11:49:01.984606+08:00
2890,2019-01-10,2000,593593,0,595593,5488.0,752.0,78.0,-1.0,,2026-07-24T11:49:01.984606+08:00
2890,2019-01-11,0,3561789,174000,3735789,5530.0,733.0,42.0,-19.0,,2026-07-24T11:49:01.984606+08:00
2890,2019-01-14,-2000,942525,0,940525,5516.0,733.0,-14.0,0.0,,2026-07-24T11:49:01.984606+08:00
2890,2019-01-15,59000,7746638,24000,7829638,5509.0,733.0,-7.0,0.0,,2026-07-24T11:49:01.984606+08:00
2890,2019-01-16,82694,499000,0,581694,5560.0,733.0,51.0,0.0,,2026-07-24T11:49:01.984606+08:00
2890,2019-01-17,-40000,1535000,0,1495000,5860.0,734.0,300.0,1.0,,2026-07-24T11:49:01.984606+08:00
2890,2019-01-18,0,4744000,0,4744000,5855.0,763.0,-5.0,29.0,,2026-07-24T11:49:01.984606+08:00
2890,2019-01-21,137000,2269965,-720000,1686965,5975.0,709.0,120.0,-54.0,,2026-07-24T11:49:01.984606+08:00
2890,2019-01-22,0,7926000,-30000,7896000,6004.0,760.0,29.0,51.0,,2026-07-24T11:49:01.984606+08:00
2890,2019-01-23,-97000,3040000,0,2943000,5976.0,769.0,-28.0,9.0,,2026-07-24T11:49:01.984606+08:00
2890,2019-01-24,0,3198269,14000,3212269,6457.0,736.0,481.0,-33.0,,2026-07-24T11:49:01.984606+08:00
2890,2019-01-25,0,8879060,0,8879060,6276.0,736.0,-181.0,0.0,,2026-07-24T11:49:01.984606+08:00
2890,2019-01-28,-3000,-1814844,0,-1817844,6209.0,735.0,-67.0,-1.0,,2026-07-24T11:49:01.984606+08:00
2890,2019-01-29,0,739465,0,739465,6206.0,735.0,-3.0,0.0,,2026-07-24T11:49:01.984606+08:00
2890,2019-01-30,-5775000,6751924,-420000,556924,6160.0,504.0,-46.0,-231.0,,2026-07-24T11:49:01.984606+08:00
2890,2019-02-11,-4315240,4620770,12000,317530,6111.0,508.0,-49.0,4.0,,2026-07-24T11:49:01.984606+08:00
2890,2019-02-12,-4300000,834856,0,-3465144,6242.0,512.0,131.0,4.0,,2026-07-24T11:49:01.984606+08:00
2890,2019-02-13,-6656000,4128000,0,-2528000,6596.0,512.0,354.0,0.0,,2026-07-24T11:49:01.984606+08:00
2890,2019-02-14,0,-3712592,0,-3712592,6596.0,180.0,0.0,-332.0,,2026-07-24T11:49:01.984606+08:00
2890,2019-02-15,920,-4022481,0,-4021561,6399.0,200.0,-197.0,20.0,,2026-07-24T11:49:01.984606+08:00
2890,2019-02-18,0,1268000,0,1268000,6420.0,300.0,21.0,100.0,,2026-07-24T11:49:01.984606+08:00
2890,2019-02-19,300000,-1127000,-46000,-873000,6311.0,300.0,-109.0,0.0,,2026-07-24T11:49:01.984606+08:00
2890,2019-02-20,48000,37035,-696690,-611655,6432.0,354.0,121.0,54.0,,2026-07-24T11:49:01.984606+08:00
2890,2019-02-21,700000,1973716,-102000,2571716,5846.0,364.0,-586.0,10.0,,2026-07-24T11:49:01.984606+08:00
2890,2019-02-22,-1000,3053246,211000,3263246,5745.0,364.0,-101.0,0.0,,2026-07-24T11:49:01.984606+08:00
2890,2019-02-25,0,5318038,-60000,5258038,5831.0,364.0,86.0,0.0,,2026-07-24T11:49:01.984606+08:00
2890,2019-02-26,0,308300,-207000,101300,5844.0,364.0,13.0,0.0,,2026-07-24T11:49:01.984606+08:00
2890,2019-02-27,70000,1582185,-163000,1489185,5800.0,364.0,-44.0,0.0,,2026-07-24T11:49:01.984606+08:00
2890,2019-03-04,-116000,870484,0,754484,5597.0,355.0,-203.0,-9.0,,2026-07-24T11:49:01.984606+08:00
2890,2019-03-05,-141000,-2615329,-23000,-2779329,5883.0,355.0,286.0,0.0,,2026-07-24T11:49:01.984606+08:00
2890,2019-03-06,-463000,-2046409,0,-2509409,6008.0,365.0,125.0,10.0,,2026-07-24T11:49:01.984606+08:00
2890,2019-03-07,-176000,-5506140,-23000,-5705140,6093.0,365.0,85.0,0.0,,2026-07-24T11:49:01.984606+08:00
2890,2019-03-08,-7000,-3922140,0,-3929140,6223.0,365.0,130.0,0.0,,2026-07-24T11:49:01.984606+08:00
2890,2019-03-11,-40000,-4166782,0,-4206782,6248.0,321.0,25.0,-44.0,,2026-07-24T11:49:01.984606+08:00
2890,2019-03-12,1000,-1034905,-23000,-1056905,6295.0,321.0,47.0,0.0,,2026-07-24T11:49:01.984606+08:00
2890,2019-03-13,100000,-3602032,-22000,-3524032,5977.0,321.0,-318.0,0.0,,2026-07-24T11:49:01.984606+08:00
2890,2019-03-14,7000,-2546560,-46000,-2585560,6040.0,321.0,63.0,0.0,,2026-07-24T11:49:01.984606+08:00
2890,2019-03-15,107000,3835752,-149665,3793087,7610.0,321.0,1570.0,0.0,,2026-07-24T11:49:01.984606+08:00
2890,2019-03-18,0,7466934,0,7466934,5946.0,322.0,-1664.0,1.0,,2026-07-24T11:49:01.984606+08:00
2890,2019-03-19,100000,3055660,0,3155660,6476.0,322.0,530.0,0.0,,2026-07-24T11:49:01.984606+08:00
2890,2019-03-20,-32000,7161220,0,7129220,6203.0,322.0,-273.0,0.0,,2026-07-24T11:49:01.984606+08:00
2890,2019-03-21,4500000,12169276,0,16669276,5342.0,332.0,-861.0,10.0,,2026-07-24T11:49:01.984606+08:00
2890,2019-03-22,-998000,7850290,0,6852290,5163.0,312.0,-179.0,-20.0,,2026-07-24T11:49:01.984606+08:00
2890,2019-03-25,-3047000,10306479,-22000,7237479,5063.0,311.0,-100.0,-1.0,,2026-07-24T11:49:01.984606+08:00
2890,2019-03-26,0,4909706,0,4909706,5002.0,315.0,-61.0,4.0,,2026-07-24T11:49:01.984606+08:00
2890,2019-03-27,-62000,1152205,0,1090205,4970.0,119.0,-32.0,-196.0,,2026-07-24T11:49:01.984606+08:00
2890,2019-03-28,-8000,3636001,-24000,3604001,5002.0,119.0,32.0,0.0,,2026-07-24T11:49:01.984606+08:00
2890,2019-03-29,-38000,5433380,0,5395380,4876.0,120.0,-126.0,1.0,,2026-07-24T11:49:01.984606+08:00
2890,2019-04-01,716,-2324565,-157,-2324006,4929.0,121.0,53.0,1.0,,2026-07-24T11:49:01.984606+08:00
2890,2019-04-02,0,4143005,14000,4157005,4747.0,122.0,-182.0,1.0,,2026-07-24T11:49:01.984606+08:00
2890,2019-04-03,171000,3081987,-455260,2797727,4627.0,111.0,-120.0,-11.0,,2026-07-24T11:49:01.984606+08:00
2890,2019-04-08,0,6975000,0,6975000,4573.0,0.0,-54.0,-111.0,,2026-07-24T11:49:01.984606+08:00
2890,2019-04-09,-28000,2582000,-69000,2485000,4520.0,0.0,-53.0,0.0,,2026-07-24T11:49:01.984606+08:00
2890,2019-04-10,974000,1468960,0,2442960,4518.0,0.0,-2.0,0.0,,2026-07-24T11:49:01.984606+08:00
2890,2019-04-11,-992001,10320000,0,9327999,4407.0,0.0,-111.0,0.0,,2026-07-24T11:49:01.984606+08:00
2890,2019-04-12,-1000,-85999,0,-86999,4402.0,8.0,-5.0,8.0,,2026-07-24T11:49:01.984606+08:00
2890,2019-04-15,1764993,3025000,0,4789993,4362.0,10.0,-40.0,2.0,,2026-07-24T11:49:01.984606+08:00
2890,2019-04-16,494000,1400771,0,1894771,4317.0,10.0,-45.0,0.0,,2026-07-24T11:49:01.984606+08:00
2890,2019-04-17,100000,-958000,0,-858000,4389.0,9.0,72.0,-1.0,,2026-07-24T11:49:01.984606+08:00
2890,2019-04-18,-1098000,623713,-23000,-497287,4156.0,8.0,-233.0,-1.0,,2026-07-24T11:49:01.984606+08:00
2890,2019-04-19,-80000,1221000,-23000,1118000,4184.0,11.0,28.0,3.0,,2026-07-24T11:49:01.984606+08:00
2890,2019-04-22,0,842000,2131,844131,4226.0,7.0,42.0,-4.0,,2026-07-24T11:49:01.984606+08:00
2890,2019-04-23,-62743,5717900,0,5655157,4217.0,7.0,-9.0,0.0,,2026-07-24T11:49:01.984606+08:00
2890,2019-04-24,-335965,740000,72000,476035,4257.0,7.0,40.0,0.0,,2026-07-24T11:49:01.984606+08:00
2890,2019-04-25,-86000,469005,0,383005,4180.0,6.0,-77.0,-1.0,,2026-07-24T11:49:01.984606+08:00
2890,2019-04-26,943000,3641928,0,4584928,4176.0,18.0,-4.0,12.0,,2026-07-24T11:49:01.984606+08:00
2890,2019-04-29,108000,9064554,0,9172554,4506.0,20.0,330.0,2.0,,2026-07-24T11:49:01.984606+08:00
2890,2019-04-30,450000,-662503,0,-212503,5328.0,20.0,822.0,0.0,,2026-07-24T11:49:01.984606+08:00
2890,2019-05-02,-545001,5569160,14000,5038159,5280.0,21.0,-48.0,1.0,,2026-07-24T11:49:01.984606+08:00
2890,2019-05-03,3605999,394455,0,4000454,4612.0,20.0,-668.0,-1.0,,2026-07-24T11:49:01.984606+08:00
2890,2019-05-06,1140001,228592,0,1368593,4546.0,22.0,-66.0,2.0,,2026-07-24T11:49:01.984606+08:00
2890,2019-05-07,2451000,1653355,0,4104355,4974.0,17.0,428.0,-5.0,,2026-07-24T11:49:01.984606+08:00
2890,2019-05-08,950000,948,0,950948,4485.0,17.0,-489.0,0.0,,2026-07-24T11:49:01.984606+08:00
2890,2019-05-09,1563001,-6775473,0,-5212472,4776.0,17.0,291.0,0.0,,2026-07-24T11:49:01.984606+08:00
2890,2019-05-10,-127000,3629000,0,3502000,4566.0,17.0,-210.0,0.0,,2026-07-24T11:49:01.984606+08:00
2890,2019-05-13,387000,-2017697,15000,-1615697,4546.0,17.0,-20.0,0.0,,2026-07-24T11:49:01.984606+08:00
2890,2019-05-14,978000,-2813561,0,-1835561,4669.0,18.0,123.0,1.0,,2026-07-24T11:49:01.984606+08:00
2890,2019-05-15,-137000,-3219194,0,-3356194,4703.0,15.0,34.0,-3.0,,2026-07-24T11:49:01.984606+08:00
2890,2019-05-16,-1000,-3591714,15000,-3577714,4917.0,17.0,214.0,2.0,,2026-07-24T11:49:01.984606+08:00
2890,2019-05-17,0,-3144960,0,-3144960,4993.0,7.0,76.0,-10.0,,2026-07-24T11:49:01.984606+08:00
2890,2019-05-20,1196750,203605,14000,1414355,4603.0,7.0,-390.0,0.0,,2026-07-24T11:49:01.984606+08:00
2890,2019-05-21,-100000,3780000,400000,4080000,3896.0,10.0,-707.0,3.0,,2026-07-24T11:49:01.984606+08:00
2890,2019-05-22,1100000,-5993000,27000,-4866000,3776.0,10.0,-120.0,0.0,,2026-07-24T11:49:01.984606+08:00
2890,2019-05-23,1202000,-3984608,250000,-2532608,3754.0,19.0,-22.0,9.0,,2026-07-24T11:49:01.984606+08:00
2890,2019-05-24,372000,13990000,0,14362000,4248.0,34.0,494.0,15.0,,2026-07-24T11:49:01.984606+08:00
2890,2019-05-27,0,3718000,0,3718000,3767.0,15.0,-481.0,-19.0,,2026-07-24T11:49:01.984606+08:00
2890,2019-05-28,20000,-3581277,17000,-3544277,4273.0,6.0,506.0,-9.0,,2026-07-24T11:49:01.984606+08:00
2890,2019-05-29,-66000,1498000,14000,1446000,3924.0,6.0,-349.0,0.0,,2026-07-24T11:49:01.984606+08:00
2890,2019-05-30,-50000,15910000,0,15860000,4004.0,6.0,80.0,0.0,,2026-07-24T11:49:01.984606+08:00
2890,2019-05-31,11998,4363506,-15000,4360504,4533.0,6.0,529.0,0.0,,2026-07-24T11:49:01.984606+08:00
2890,2019-06-03,-144000,9335000,0,9191000,4482.0,6.0,-51.0,0.0,,2026-07-24T11:49:01.984606+08:00
2890,2019-06-04,-8000,5239242,-67000,5164242,4406.0,6.0,-76.0,0.0,,2026-07-24T11:49:01.984606+08:00
2890,2019-06-05,-72000,1894800,0,1822800,4606.0,6.0,200.0,0.0,,2026-07-24T11:49:01.984606+08:00
2890,2019-06-06,-341000,7034000,0,6693000,4373.0,6.0,-233.0,0.0,,2026-07-24T11:49:01.984606+08:00
2890,2019-06-10,100000,884601,110000,1094601,4665.0,6.0,292.0,0.0,,2026-07-24T11:49:01.984606+08:00
2890,2019-06-11,-198000,1692295,0,1494295,4645.0,7.0,-20.0,1.0,,2026-07-24T11:49:01.984606+08:00
2890,2019-06-12,-166000,4734924,-65205,4503719,4603.0,9.0,-42.0,2.0,,2026-07-24T11:49:01.984606+08:00
2890,2019-06-13,57998,1859280,33962,1951240,4523.0,9.0,-80.0,0.0,,2026-07-24T11:49:01.984606+08:00
2890,2019-06-14,49000,901325,0,950325,4593.0,9.0,70.0,0.0,,2026-07-24T11:49:01.984606+08:00
2890,2019-06-17,530000,-491762,-51370,-13132,4527.0,9.0,-66.0,0.0,,2026-07-24T11:49:01.984606+08:00
2890,2019-06-18,-115000,4859136,15000,4759136,4533.0,8.0,6.0,-1.0,,2026-07-24T11:49:01.984606+08:00
2890,2019-06-19,-2003002,12082220,329000,10408218,4225.0,11.0,-308.0,3.0,,2026-07-24T11:49:01.984606+08:00
2890,2019-06-20,-1120000,5870000,2114000,6864000,4114.0,12.0,-111.0,1.0,,2026-07-24T11:49:01.984606+08:00
2890,2019-06-21,950000,4153613,-85000,5018613,3979.0,12.0,-135.0,0.0,,2026-07-24T11:49:01.984606+08:00
2890,2019-06-24,-196721,2897500,-1706,2699073,3854.0,12.0,-125.0,0.0,,2026-07-24T11:49:01.984606+08:00
2890,2019-06-25,0,638816,0,638816,3905.0,12.0,51.0,0.0,,2026-07-24T11:49:01.984606+08:00
2890,2019-06-26,96000,-1369413,0,-1273413,3993.0,12.0,88.0,0.0,,2026-07-24T11:49:01.984606+08:00
2890,2019-06-27,1517,6220429,28000,6249946,4109.0,12.0,116.0,0.0,,2026-07-24T11:49:01.984606+08:00
2890,2019-06-28,730000,-531349,0,198651,4014.0,12.0,-95.0,0.0,,2026-07-24T11:49:01.984606+08:00
2890,2019-07-01,3000,-3776784,4000,-3769784,4323.0,11.0,309.0,-1.0,,2026-07-24T11:49:01.984606+08:00
2890,2019-07-02,2000,-2749000,471000,-2276000,3978.0,16.0,-345.0,5.0,,2026-07-24T11:49:01.984606+08:00
2890,2019-07-03,-905000,-4056788,0,-4961788,4324.0,10.0,346.0,-6.0,,2026-07-24T11:49:01.984606+08:00
2890,2019-07-04,-400000,41358,0,-358642,3977.0,5.0,-347.0,-5.0,,2026-07-24T11:49:01.984606+08:00
2890,2019-07-05,0,174000,-13000,161000,4450.0,0.0,473.0,-5.0,,2026-07-24T11:49:01.984606+08:00
2890,2019-07-08,-318000,-3162479,0,-3480479,4501.0,0.0,51.0,0.0,,2026-07-24T11:49:01.984606+08:00
2890,2019-07-09,875000,-4331075,-23000,-3479075,4468.0,0.0,-33.0,0.0,,2026-07-24T11:49:01.984606+08:00
2890,2019-07-10,2585000,5333292,56000,7974292,6017.0,0.0,1549.0,0.0,,2026-07-24T11:49:01.984606+08:00
2890,2019-07-11,850000,8280000,0,9130000,3519.0,26.0,-2498.0,26.0,,2026-07-24T11:49:01.984606+08:00
2890,2019-07-12,1000460,-4846000,0,-3845540,3832.0,21.0,313.0,-5.0,,2026-07-24T11:49:01.984606+08:00
2890,2019-07-15,40000,-1301000,0,-1261000,3453.0,48.0,-379.0,27.0,,2026-07-24T11:49:01.984606+08:00
2890,2019-07-16,14999,-1346488,2301000,969511,4214.0,44.0,761.0,-4.0,,2026-07-24T11:49:01.984606+08:00
2890,2019-07-17,533000,4695787,315000,5543787,3823.0,19.0,-391.0,-25.0,,2026-07-24T11:49:01.984606+08:00
2890,2019-07-18,-50000,468199,16216,434415,4006.0,46.0,183.0,27.0,,2026-07-24T11:49:01.984606+08:00
2890,2019-07-19,-40999,2249258,300000,2508259,4621.0,18.0,615.0,-28.0,,2026-07-24T11:49:01.984606+08:00
2890,2019-07-22,-51000,404654,13000,366654,5657.0,36.0,1036.0,18.0,,2026-07-24T11:49:01.984606+08:00
2890,2019-07-23,-1170000,2538000,59000,1427000,6016.0,19.0,359.0,-17.0,,2026-07-24T11:49:01.984606+08:00
2890,2019-07-24,-2073000,4648096,16000,2591096,6229.0,29.0,213.0,10.0,,2026-07-24T11:49:01.984606+08:00
2890,2019-07-25,-1052000,6072000,0,5020000,6097.0,29.0,-132.0,0.0,,2026-07-24T11:49:01.984606+08:00
2890,2019-07-26,-603000,214000,-117000,-506000,6599.0,29.0,502.0,0.0,,2026-07-24T11:49:01.984606+08:00
2890,2019-07-29,-103000,1096415,0,993415,6633.0,80.0,34.0,51.0,,2026-07-24T11:49:01.984606+08:00
2890,2019-07-30,-1501000,-1812278,76000,-3237278,6761.0,81.0,128.0,1.0,,2026-07-24T11:49:01.984606+08:00
2890,2019-07-31,-705000,3199973,8000,2502973,6847.0,33.0,86.0,-48.0,,2026-07-24T11:49:01.984606+08:00
2890,2019-08-01,40000,-10693958,0,-10653958,7386.0,69.0,539.0,36.0,,2026-07-24T11:49:01.984606+08:00
2890,2019-08-02,-106000,-8429851,0,-8535851,5953.0,186.0,-1433.0,117.0,,2026-07-24T11:49:01.984606+08:00
2890,2019-08-05,-32000,-408000,15000,-425000,5877.0,236.0,-76.0,50.0,,2026-07-24T11:49:01.984606+08:00
2890,2019-08-06,-531000,1111490,31000,611490,5684.0,125.0,-193.0,-111.0,,2026-07-24T11:49:01.984606+08:00
2890,2019-08-07,-601000,-2243000,-16000,-2860000,5689.0,80.0,5.0,-45.0,,2026-07-24T11:49:01.984606+08:00
2890,2019-08-08,1000,3304568,-20918,3284650,5926.0,90.0,237.0,10.0,,2026-07-24T11:49:01.984606+08:00
2890,2019-08-12,19000,9685300,0,9704300,4927.0,192.0,-999.0,102.0,,2026-07-24T11:49:01.984606+08:00
2890,2019-08-13,-44000,-455925,-46088,-546013,4950.0,315.0,23.0,123.0,,2026-07-24T11:49:01.984606+08:00
2890,2019-08-14,86000,-3006724,72000,-2848724,4989.0,246.0,39.0,-69.0,,2026-07-24T11:49:01.984606+08:00
2890,2019-08-15,86000,-3706000,-1720000,-5340000,5116.0,191.0,127.0,-55.0,,2026-07-24T11:49:01.984606+08:00
2890,2019-08-16,-67000,-276112,-17000,-360112,4840.0,194.0,-276.0,3.0,,2026-07-24T11:49:01.984606+08:00
2890,2019-08-19,-80000,-2918220,0,-2998220,4870.0,130.0,30.0,-64.0,,2026-07-24T11:49:01.984606+08:00
2890,2019-08-20,0,-3628853,12000,-3616853,4935.0,135.0,65.0,5.0,,2026-07-24T11:49:01.984606+08:00
2890,2019-08-21,-119000,7634423,-215000,7300423,4901.0,170.0,-34.0,35.0,,2026-07-24T11:49:01.984606+08:00
2890,2019-08-22,97000,1909000,935000,2941000,4897.0,198.0,-4.0,28.0,,2026-07-24T11:49:01.984606+08:00
2890,2019-08-23,131000,-2801000,-165000,-2835000,5311.0,102.0,414.0,-96.0,,2026-07-24T11:49:01.984606+08:00
2890,2019-08-24,139000,240735,0,379735,,,,,,2026-07-24T11:49:01.984606+08:00
2890,2019-08-26,-3000,-4239740,101000,-4141740,5749.0,86.0,,,,2026-07-24T11:49:01.984606+08:00
2890,2019-08-27,6000,-4127916,317000,-3804916,5721.0,86.0,-28.0,0.0,,2026-07-24T11:49:01.984606+08:00
2890,2019-08-28,20000,-2282724,245000,-2017724,6187.0,86.0,466.0,0.0,,2026-07-24T11:49:01.984606+08:00
2890,2019-08-29,11000,1166974,59000,1236974,6284.0,85.0,97.0,-1.0,,2026-07-24T11:49:01.984606+08:00
2890,2019-08-30,0,21168960,0,21168960,6301.0,36.0,17.0,-49.0,,2026-07-24T11:49:01.984606+08:00
2890,2019-09-02,1000,3161576,76000,3238576,6432.0,35.0,131.0,-1.0,,2026-07-24T11:49:01.984606+08:00
2890,2019-09-03,29000,-396621,53000,-314621,6421.0,29.0,-11.0,-6.0,,2026-07-24T11:49:01.984606+08:00
2890,2019-09-04,712000,2558704,160000,3430704,6209.0,39.0,-212.0,10.0,,2026-07-24T11:49:01.984606+08:00
2890,2019-09-05,-1000,3402187,517000,3918187,6214.0,39.0,5.0,0.0,,2026-07-24T11:49:01.984606+08:00
2890,2019-09-06,104000,1431746,118000,1653746,5803.0,39.0,-411.0,0.0,,2026-07-24T11:49:01.984606+08:00
2890,2019-09-09,121000,-420000,83000,-216000,5569.0,41.0,-234.0,2.0,,2026-07-24T11:49:01.984606+08:00
2890,2019-09-10,-31000,1824142,14000,1807142,5450.0,41.0,-119.0,0.0,,2026-07-24T11:49:01.984606+08:00
2890,2019-09-11,-730000,2152000,45000,1467000,5369.0,52.0,-81.0,11.0,,2026-07-24T11:49:01.984606+08:00
2890,2019-09-12,376000,-2520648,40000,-2104648,5478.0,41.0,109.0,-11.0,,2026-07-24T11:49:01.984606+08:00
2890,2019-09-16,0,1831000,-3719,1827281,5082.0,41.0,-396.0,0.0,,2026-07-24T11:49:01.984606+08:00
2890,2019-09-17,1000,288027,24000,313027,5056.0,41.0,-26.0,0.0,,2026-07-24T11:49:01.984606+08:00
2890,2019-09-18,-757000,5984638,91000,5318638,4589.0,42.0,-467.0,1.0,,2026-07-24T11:49:01.984606+08:00
2890,2019-09-19,-1000,-371748,236000,-136748,4529.0,42.0,-60.0,0.0,,2026-07-24T11:49:01.984606+08:00
2890,2019-09-20,1000,5629914,514000,6144914,4836.0,104.0,307.0,62.0,,2026-07-24T11:49:01.984606+08:00
2890,2019-09-23,-2184363,2928000,1000,744637,6120.0,42.0,1284.0,-62.0,,2026-07-24T11:49:01.984606+08:00
2890,2019-09-24,-1623965,11031518,14000,9421553,6181.0,43.0,61.0,1.0,,2026-07-24T11:49:01.984606+08:00
2890,2019-09-25,-5128000,10324000,1026000,6222000,6336.0,63.0,155.0,20.0,,2026-07-24T11:49:01.984606+08:00
2890,2019-09-26,-52000,3746795,307000,4001795,6265.0,64.0,-71.0,1.0,,2026-07-24T11:49:01.984606+08:00
2890,2019-09-27,-523000,-430514,0,-953514,6895.0,32.0,630.0,-32.0,,2026-07-24T11:49:01.984606+08:00
2890,2019-10-01,-759000,999397,6000,246397,6704.0,98.0,-191.0,66.0,,2026-07-24T11:49:01.984606+08:00
2890,2019-10-02,-9000,-948000,71000,-886000,6623.0,98.0,-81.0,0.0,,2026-07-24T11:49:01.984606+08:00
2890,2019-10-03,-4000,-3838715,-7200,-3849915,6671.0,98.0,48.0,0.0,,2026-07-24T11:49:01.984606+08:00
2890,2019-10-04,-42000,-2272000,0,-2314000,6674.0,111.0,3.0,13.0,,2026-07-24T11:49:01.984606+08:00
2890,2019-10-07,162000,-1216918,10000,-1044918,6583.0,111.0,-91.0,0.0,,2026-07-24T11:49:01.984606+08:00
2890,2019-10-08,-36000,5883261,-14000,5833261,6358.0,215.0,-225.0,104.0,,2026-07-24T11:49:01.984606+08:00
2890,2019-10-09,-1145000,-3516319,-37000,-4698319,6682.0,215.0,324.0,0.0,,2026-07-24T11:49:01.984606+08:00
2890,2019-10-14,-104000,887638,0,783638,6230.0,215.0,-452.0,0.0,,2026-07-24T11:49:01.984606+08:00
2890,2019-10-15,-10000,-2713135,0,-2723135,6230.0,219.0,0.0,4.0,,2026-07-24T11:49:01.984606+08:00
2890,2019-10-16,-456000,1219000,-62294,700706,6245.0,219.0,15.0,0.0,,2026-07-24T11:49:01.984606+08:00
2890,2019-10-17,78000,-943666,19654,-846012,6235.0,241.0,-10.0,22.0,,2026-07-24T11:49:01.984606+08:00
2890,2019-10-18,0,-4086508,-71000,-4157508,5931.0,229.0,-304.0,-12.0,,2026-07-24T11:49:01.984606+08:00
2890,2019-10-21,-60000,243261,0,183261,5769.0,258.0,-162.0,29.0,,2026-07-24T11:49:01.984606+08:00
2890,2019-10-22,-12000,4064150,-68000,3984150,5578.0,239.0,-191.0,-19.0,,2026-07-24T11:49:01.984606+08:00
2890,2019-10-23,-679000,-2742046,0,-3421046,5775.0,239.0,197.0,0.0,,2026-07-24T11:49:01.984606+08:00
2890,2019-10-24,-26000,2368000,0,2342000,5714.0,267.0,-61.0,28.0,,2026-07-24T11:49:01.984606+08:00
2890,2019-10-25,-87000,2747036,-8122,2651914,5439.0,272.0,-275.0,5.0,,2026-07-24T11:49:01.984606+08:00
2890,2019-10-26,139000,240735,0,379735,,,,,,2026-07-24T11:49:01.984606+08:00
2890,2019-10-28,-16000,-2394950,0,-2410950,5833.0,270.0,,,,2026-07-24T11:49:01.984606+08:00
2890,2019-10-29,134000,905760,0,1039760,5866.0,255.0,33.0,-15.0,,2026-07-24T11:49:01.984606+08:00
2890,2019-10-30,25000,337869,0,362869,6082.0,266.0,216.0,11.0,,2026-07-24T11:49:01.984606+08:00
2890,2019-10-31,-5000,-697000,0,-702000,6590.0,226.0,508.0,-40.0,,2026-07-24T11:49:01.984606+08:00
2890,2019-11-01,-20000,-1981000,-48000,-2049000,7012.0,226.0,422.0,0.0,,2026-07-24T11:49:01.984606+08:00
2890,2019-11-04,174000,1228601,-6000,1396601,6892.0,226.0,-120.0,0.0,,2026-07-24T11:49:01.984606+08:00
2890,2019-11-05,175000,-4366234,60000,-4131234,6367.0,268.0,-525.0,42.0,,2026-07-24T11:49:01.984606+08:00
2890,2019-11-06,228000,2155000,128000,2511000,6138.0,149.0,-229.0,-119.0,,2026-07-24T11:49:01.984606+08:00
2890,2019-11-07,-138000,-228750,451000,84250,6694.0,124.0,556.0,-25.0,,2026-07-24T11:49:01.984606+08:00
2890,2019-11-08,-146000,286674,382000,522674,6370.0,151.0,-324.0,27.0,,2026-07-24T11:49:01.984606+08:00
2890,2019-11-11,69000,94798,0,163798,5734.0,153.0,-636.0,2.0,,2026-07-24T11:49:01.984606+08:00
2890,2019-11-12,2000,237701,87000,326701,5714.0,161.0,-20.0,8.0,,2026-07-24T11:49:01.984606+08:00
2890,2019-11-13,156000,4446395,0,4602395,5720.0,166.0,6.0,5.0,,2026-07-24T11:49:01.984606+08:00
2890,2019-11-14,20000,4215838,21000,4256838,5732.0,177.0,12.0,11.0,,2026-07-24T11:49:01.984606+08:00
2890,2019-11-15,44000,9221000,0,9265000,4819.0,211.0,-913.0,34.0,,2026-07-24T11:49:01.984606+08:00
2890,2019-11-18,-1000,2961375,273000,3233375,4828.0,202.0,9.0,-9.0,,2026-07-24T11:49:01.984606+08:00
2890,2019-11-19,0,1805000,-93000,1712000,4833.0,211.0,5.0,9.0,,2026-07-24T11:49:01.984606+08:00
2890,2019-11-20,33000,2493300,78000,2604300,4775.0,211.0,-58.0,0.0,,2026-07-24T11:49:01.984606+08:00
2890,2019-11-21,-315000,430195,102000,217195,4166.0,220.0,-609.0,9.0,,2026-07-24T11:49:01.984606+08:00
2890,2019-11-22,-8000,-2438000,68000,-2378000,4747.0,195.0,581.0,-25.0,,2026-07-24T11:49:01.984606+08:00
2890,2019-11-25,27000,403200,14000,444200,4666.0,196.0,-81.0,1.0,,2026-07-24T11:49:01.984606+08:00
2890,2019-11-26,8000,3663343,48000,3719343,4550.0,184.0,-116.0,-12.0,,2026-07-24T11:49:01.984606+08:00
2890,2019-11-27,-171000,2087000,57000,1973000,4385.0,197.0,-165.0,13.0,,2026-07-24T11:49:01.984606+08:00
2890,2019-11-28,14000,4689500,-23000,4680500,4488.0,199.0,103.0,2.0,,2026-07-24T11:49:01.984606+08:00
2890,2019-11-29,-24000,-4838839,-12000,-4874839,4575.0,189.0,87.0,-10.0,,2026-07-24T11:49:01.984606+08:00
2890,2019-12-02,-20000,4339000,34000,4353000,4034.0,198.0,-541.0,9.0,,2026-07-24T11:49:01.984606+08:00
2890,2019-12-03,0,8058000,26000,8084000,3885.0,234.0,-149.0,36.0,,2026-07-24T11:49:01.984606+08:00
2890,2019-12-04,-79000,5169049,873000,5963049,3892.0,229.0,7.0,-5.0,,2026-07-24T11:49:01.984606+08:00
2890,2019-12-05,4000,9875755,34000,9913755,3563.0,229.0,-329.0,0.0,,2026-07-24T11:49:01.984606+08:00
2890,2019-12-06,0,574764,14000,588764,3866.0,231.0,303.0,2.0,,2026-07-24T11:49:01.984606+08:00
2890,2019-12-09,2000,-1166000,15000,-1149000,4381.0,222.0,515.0,-9.0,,2026-07-24T11:49:01.984606+08:00
2890,2019-12-10,-2000,-2636496,6000,-2632496,4657.0,203.0,276.0,-19.0,,2026-07-24T11:49:01.984606+08:00
2890,2019-12-11,-11000,299593,20000,308593,4173.0,203.0,-484.0,0.0,,2026-07-24T11:49:01.984606+08:00
2890,2019-12-12,14000,8036165,587000,8637165,3985.0,200.0,-188.0,-3.0,,2026-07-24T11:49:01.984606+08:00
2890,2019-12-13,4353000,18036270,-61000,22328270,3580.0,182.0,-405.0,-18.0,,2026-07-24T11:49:01.984606+08:00
2890,2019-12-16,990000,-2855959,0,-1865959,4295.0,182.0,715.0,0.0,,2026-07-24T11:49:01.984606+08:00
2890,2019-12-17,0,3342608,-841000,2501608,4329.0,175.0,34.0,-7.0,,2026-07-24T11:49:01.984606+08:00
2890,2019-12-18,-123000,4337503,-692000,3522503,4044.0,176.0,-285.0,1.0,,2026-07-24T11:49:01.984606+08:00
2890,2019-12-19,-14000,3176248,-826000,2336248,4091.0,195.0,47.0,19.0,,2026-07-24T11:49:01.984606+08:00
2890,2019-12-20,1041000,4877394,586000,6504394,4394.0,303.0,303.0,108.0,,2026-07-24T11:49:01.984606+08:00
2890,2019-12-23,-56000,364764,0,308764,5187.0,176.0,793.0,-127.0,,2026-07-24T11:49:01.984606+08:00
2890,2019-12-24,-40000,-857755,0,-897755,5155.0,176.0,-32.0,0.0,,2026-07-24T11:49:01.984606+08:00
2890,2019-12-25,562000,265000,-116959,710041,5106.0,186.0,-49.0,10.0,,2026-07-24T11:49:01.984606+08:00
2890,2019-12-26,-20000,-462645,22000,-460645,5123.0,177.0,17.0,-9.0,,2026-07-24T11:49:01.984606+08:00
2890,2019-12-27,0,773503,0,773503,5362.0,176.0,239.0,-1.0,,2026-07-24T11:49:01.984606+08:00
2890,2019-12-30,2000,-1113000,92000,-1019000,5433.0,176.0,71.0,0.0,,2026-07-24T11:49:01.984606+08:00
2890,2019-12-31,-21000,-4102000,77000,-4046000,5517.0,176.0,84.0,0.0,,2026-07-24T11:49:01.984606+08:00
2890,2020-01-02,2000,-3980661,0,-3978661,5517.0,176.0,0.0,0.0,,2026-07-24T11:49:01.984606+08:00
2890,2020-01-03,31000,-2842330,29000,-2782330,5749.0,174.0,232.0,-2.0,,2026-07-24T11:49:01.984606+08:00
2890,2020-01-06,-84000,-4846490,57000,-4873490,6045.0,176.0,296.0,2.0,,2026-07-24T11:49:01.984606+08:00
2890,2020-01-07,20000,-1588636,205000,-1363636,5635.0,173.0,-410.0,-3.0,,2026-07-24T11:49:01.984606+08:00
2890,2020-01-08,-12000,-5396000,206000,-5202000,5270.0,187.0,-365.0,14.0,,2026-07-24T11:49:01.984606+08:00
2890,2020-01-09,15000,2286620,1129000,3430620,5193.0,211.0,-77.0,24.0,,2026-07-24T11:49:01.984606+08:00
2890,2020-01-10,4000,805546,1212000,2021546,4969.0,228.0,-224.0,17.0,,2026-07-24T11:49:01.984606+08:00
2890,2020-01-13,2980000,5608551,867000,9455551,5325.0,229.0,356.0,1.0,,2026-07-24T11:49:01.984606+08:00
2890,2020-01-14,2014000,2970106,943000,5927106,5280.0,230.0,-45.0,1.0,,2026-07-24T11:49:01.984606+08:00
2890,2020-01-15,1353000,5847965,232000,7432965,5232.0,230.0,-48.0,0.0,,2026-07-24T11:49:01.984606+08:00
2890,2020-01-16,1584000,4902581,33000,6519581,5239.0,237.0,7.0,7.0,,2026-07-24T11:49:01.984606+08:00
2890,2020-01-17,1677000,9409659,11000,11097659,4651.0,220.0,-588.0,-17.0,,2026-07-24T11:49:01.984606+08:00
2890,2020-01-20,234000,4847199,-293000,4788199,4198.0,220.0,-453.0,0.0,,2026-07-24T11:49:01.984606+08:00
2890,2020-01-30,988000,-22017077,270000,-20759077,4738.0,224.0,540.0,4.0,,2026-07-24T11:49:01.984606+08:00
2890,2020-01-31,-36000,-9712375,48000,-9700375,4682.0,223.0,-56.0,-1.0,,2026-07-24T11:49:01.984606+08:00
2890,2020-02-03,219000,7257000,145000,7621000,4438.0,292.0,-244.0,69.0,,2026-07-24T11:49:01.984606+08:00
2890,2020-02-04,-23000,6207753,0,6184753,4148.0,292.0,-290.0,0.0,,2026-07-24T11:49:01.984606+08:00
2890,2020-02-05,-274000,-1092000,8000,-1358000,4456.0,292.0,308.0,0.0,,2026-07-24T11:49:01.984606+08:00
2890,2020-02-06,87000,13944635,495000,14526635,4795.0,203.0,339.0,-89.0,,2026-07-24T11:49:01.984606+08:00
2890,2020-02-07,-3000,-1042000,14000,-1031000,4811.0,203.0,16.0,0.0,,2026-07-24T11:49:01.984606+08:00
2890,2020-02-10,80000,573000,0,653000,4873.0,348.0,62.0,145.0,,2026-07-24T11:49:01.984606+08:00
2890,2020-02-11,81000,-706000,97000,-528000,4990.0,348.0,117.0,0.0,,2026-07-24T11:49:01.984606+08:00
2890,2020-02-12,320000,-388180,73000,4820,5269.0,303.0,279.0,-45.0,,2026-07-24T11:49:01.984606+08:00
2890,2020-02-13,0,-1287900,114000,-1173900,5203.0,310.0,-66.0,7.0,,2026-07-24T11:49:01.984606+08:00
2890,2020-02-14,5000,-946542,77000,-864542,4923.0,320.0,-280.0,10.0,,2026-07-24T11:49:01.984606+08:00
2890,2020-02-17,0,-219000,2000,-217000,4876.0,320.0,-47.0,0.0,,2026-07-24T11:49:01.984606+08:00
2890,2020-02-18,-3000,-2009000,139000,-1873000,4839.0,320.0,-37.0,0.0,,2026-07-24T11:49:01.984606+08:00
2890,2020-02-19,445000,5136000,77000,5658000,4464.0,357.0,-375.0,37.0,,2026-07-24T11:49:01.984606+08:00
2890,2020-02-20,-302000,-5556413,15000,-5843413,4486.0,222.0,22.0,-135.0,,2026-07-24T11:49:01.984606+08:00
2890,2020-02-21,0,1627496,106000,1733496,4708.0,222.0,222.0,0.0,,2026-07-24T11:49:01.984606+08:00
2890,2020-02-24,15000,-6984000,495000,-6474000,4886.0,221.0,178.0,-1.0,,2026-07-24T11:49:01.984606+08:00
2890,2020-02-25,2000,-7030248,61000,-6967248,4727.0,219.0,-159.0,-2.0,,2026-07-24T11:49:01.984606+08:00
2890,2020-02-26,3000,-7834436,271000,-7560436,4349.0,303.0,-378.0,84.0,,2026-07-24T11:49:01.984606+08:00
2890,2020-02-27,-15000,-9414916,329000,-9100916,4230.0,303.0,-119.0,0.0,,2026-07-24T11:49:01.984606+08:00
2890,2020-03-02,199000,-9305397,204000,-8902397,4062.0,258.0,-168.0,-45.0,,2026-07-24T11:49:01.984606+08:00
2890,2020-03-03,-104000,128175,73000,97175,3831.0,211.0,-231.0,-47.0,,2026-07-24T11:49:01.984606+08:00
2890,2020-03-04,-92000,7284401,208000,7400401,4245.0,192.0,414.0,-19.0,,2026-07-24T11:49:01.984606+08:00
2890,2020-03-05,-6000,-4743422,0,-4749422,4303.0,157.0,58.0,-35.0,,2026-07-24T11:49:01.984606+08:00
2890,2020-03-06,-33000,-7326495,10000,-7349495,3914.0,0.0,-389.0,-157.0,,2026-07-24T11:49:01.984606+08:00
2890,2020-03-09,-272000,-3447169,860000,-2859169,3854.0,0.0,-60.0,0.0,,2026-07-24T11:49:01.984606+08:00
2890,2020-03-10,30000,3238000,12000,3280000,4421.0,0.0,567.0,0.0,,2026-07-24T11:49:01.984606+08:00
2890,2020-03-11,-1179000,-6408785,0,-7587785,4294.0,0.0,-127.0,0.0,,2026-07-24T11:49:01.984606+08:00
2890,2020-03-12,-983000,-4394288,103000,-5274288,3778.0,50.0,-516.0,50.0,,2026-07-24T11:49:01.984606+08:00
2890,2020-03-13,-444000,-5951933,150000,-6245933,4093.0,107.0,315.0,57.0,,2026-07-24T11:49:01.984606+08:00
2890,2020-03-16,-578000,-14828943,-10000,-15416943,4336.0,87.0,243.0,-20.0,,2026-07-24T11:49:01.984606+08:00
2890,2020-03-17,121000,-11074805,168000,-10785805,3834.0,192.0,-502.0,105.0,,2026-07-24T11:49:01.984606+08:00
2890,2020-03-18,-228000,-14793656,91000,-14930656,3598.0,185.0,-236.0,-7.0,,2026-07-24T11:49:01.984606+08:00
2890,2020-03-19,-392000,-18124102,-194000,-18710102,3627.0,718.0,29.0,533.0,,2026-07-24T11:49:01.984606+08:00
2890,2020-03-20,-58000,-8801721,3516607,-5343114,3740.0,693.0,113.0,-25.0,,2026-07-24T11:49:01.984606+08:00
2890,2020-03-23,17000,-12468827,3350000,-9101827,3917.0,703.0,177.0,10.0,,2026-07-24T11:49:01.984606+08:00
2890,2020-03-24,601000,-3620522,0,-3019522,4992.0,621.0,1075.0,-82.0,,2026-07-24T11:49:01.984606+08:00
2890,2020-03-25,-123000,1104559,1000,982559,4168.0,504.0,-824.0,-117.0,,2026-07-24T11:49:01.984606+08:00
2890,2020-03-26,-183000,2270526,17248,2104774,4038.0,445.0,-130.0,-59.0,,2026-07-24T11:49:01.984606+08:00
2890,2020-03-27,-137000,-1455431,18000,-1574431,4257.0,508.0,219.0,63.0,,2026-07-24T11:49:01.984606+08:00
2890,2020-03-30,123000,-2030810,0,-1907810,3663.0,510.0,-594.0,2.0,,2026-07-24T11:49:01.984606+08:00
2890,2020-03-31,-170000,-1677845,0,-1847845,3491.0,558.0,-172.0,48.0,,2026-07-24T11:49:01.984606+08:00
2890,2020-04-01,-37000,-2461672,19000,-2479672,3426.0,561.0,-65.0,3.0,,2026-07-24T11:49:01.984606+08:00
2890,2020-04-06,-633000,3074309,45000,2486309,3788.0,574.0,362.0,13.0,,2026-07-24T11:49:01.984606+08:00
2890,2020-04-07,1000,1565790,0,1566790,3739.0,519.0,-49.0,-55.0,,2026-07-24T11:49:01.984606+08:00
2890,2020-04-08,-351000,2291330,2000000,3940330,3731.0,509.0,-8.0,-10.0,,2026-07-24T11:49:01.984606+08:00
2890,2020-04-09,-42000,-1574421,2035000,418579,3764.0,497.0,33.0,-12.0,,2026-07-24T11:49:01.984606+08:00
2890,2020-04-10,-64000,2718000,29000,2683000,4339.0,501.0,575.0,4.0,,2026-07-24T11:49:01.984606+08:00
2890,2020-04-13,-361000,-1961560,1976335,-346225,4405.0,499.0,66.0,-2.0,,2026-07-24T11:49:01.984606+08:00
2890,2020-04-14,77000,8619982,-1697000,6999982,4289.0,503.0,-116.0,4.0,,2026-07-24T11:49:01.984606+08:00
2890,2020-04-15,-137000,5493257,1000000,6356257,3269.0,508.0,-1020.0,5.0,,2026-07-24T11:49:01.984606+08:00
2890,2020-04-16,-12000,-6530000,1989000,-4553000,3299.0,508.0,30.0,0.0,,2026-07-24T11:49:01.984606+08:00
2890,2020-04-17,-386283,4433276,1684000,5730993,3065.0,494.0,-234.0,-14.0,,2026-07-24T11:49:01.984606+08:00
2890,2020-04-20,-504000,495692,1238000,1229692,3122.0,494.0,57.0,0.0,,2026-07-24T11:49:01.984606+08:00
2890,2020-04-21,-481000,-9014648,-12000,-9507648,2970.0,484.0,-152.0,-10.0,,2026-07-24T11:49:01.984606+08:00
2890,2020-04-22,-1128000,1337000,111000,320000,3612.0,484.0,642.0,0.0,,2026-07-24T11:49:01.984606+08:00
2890,2020-04-23,-500000,-234375,42000,-692375,3711.0,477.0,99.0,-7.0,,2026-07-24T11:49:01.984606+08:00
2890,2020-04-24,-36000,748007,83000,795007,3645.0,477.0,-66.0,0.0,,2026-07-24T11:49:01.984606+08:00
2890,2020-04-27,46000,3897500,163000,4106500,3559.0,479.0,-86.0,2.0,,2026-07-24T11:49:01.984606+08:00
2890,2020-04-28,24000,-400956,14000,-362956,3497.0,475.0,-62.0,-4.0,,2026-07-24T11:49:01.984606+08:00
2890,2020-04-29,-154000,4831203,71000,4748203,3083.0,468.0,-414.0,-7.0,,2026-07-24T11:49:01.984606+08:00
2890,2020-04-30,-388000,13536816,0,13148816,3138.0,472.0,55.0,4.0,,2026-07-24T11:49:01.984606+08:00
2890,2020-05-04,-22000,-18807860,109000,-18720860,3604.0,463.0,466.0,-9.0,,2026-07-24T11:49:01.984606+08:00
2890,2020-05-05,0,-4302501,14000,-4288501,3637.0,465.0,33.0,2.0,,2026-07-24T11:49:01.984606+08:00
2890,2020-05-06,-352000,-12768027,15000,-13105027,4121.0,464.0,484.0,-1.0,,2026-07-24T11:49:01.984606+08:00
2890,2020-05-07,7000,-1355000,58000,-1290000,4016.0,468.0,-105.0,4.0,,2026-07-24T11:49:01.984606+08:00
2890,2020-05-08,10000,-2125000,15000,-2100000,4052.0,470.0,36.0,2.0,,2026-07-24T11:49:01.984606+08:00
2890,2020-05-11,3000,1068562,2029000,3100562,4137.0,468.0,85.0,-2.0,,2026-07-24T11:49:01.984606+08:00
2890,2020-05-12,22000,-8482280,0,-8460280,4385.0,466.0,248.0,-2.0,,2026-07-24T11:49:01.984606+08:00
2890,2020-05-13,41000,-4011414,45000,-3925414,4394.0,466.0,9.0,0.0,,2026-07-24T11:49:01.984606+08:00
2890,2020-05-14,-4000,-6974468,1110000,-5868468,4417.0,342.0,23.0,-124.0,,2026-07-24T11:49:01.984606+08:00
2890,2020-05-15,-49000,-4290290,0,-4339290,4379.0,352.0,-38.0,10.0,,2026-07-24T11:49:01.984606+08:00
2890,2020-05-18,56000,-10455000,0,-10399000,4407.0,323.0,28.0,-29.0,,2026-07-24T11:49:01.984606+08:00
2890,2020-05-19,91000,3884955,60000,4035955,4237.0,262.0,-170.0,-61.0,,2026-07-24T11:49:01.984606+08:00
2890,2020-05-20,-181000,136172,-104000,-148828,4185.0,260.0,-52.0,-2.0,,2026-07-24T11:49:01.984606+08:00
2890,2020-05-21,65000,1853200,0,1918200,4419.0,265.0,234.0,5.0,,2026-07-24T11:49:01.984606+08:00
2890,2020-05-22,74000,-19830000,-69000,-19825000,4905.0,252.0,486.0,-13.0,,2026-07-24T11:49:01.984606+08:00
2890,2020-05-25,0,-6714000,31000,-6683000,4969.0,252.0,64.0,0.0,,2026-07-24T11:49:01.984606+08:00
2890,2020-05-26,14000,693000,2853000,3560000,4918.0,202.0,-51.0,-50.0,,2026-07-24T11:49:01.984606+08:00
2890,2020-05-27,34000,-4493753,3000000,-1459753,5000.0,193.0,82.0,-9.0,,2026-07-24T11:49:01.984606+08:00
2890,2020-05-28,-46000,-7951362,0,-7997362,6163.0,159.0,1163.0,-34.0,,2026-07-24T11:49:01.984606+08:00
2890,2020-05-29,0,-2158479,-104000,-2262479,6526.0,106.0,363.0,-53.0,,2026-07-24T11:49:01.984606+08:00
2890,2020-06-01,52000,2116590,-31000,2137590,6336.0,106.0,-190.0,0.0,,2026-07-24T11:49:01.984606+08:00
2890,2020-06-02,122000,-5959756,-5000,-5842756,6209.0,101.0,-127.0,-5.0,,2026-07-24T11:49:01.984606+08:00
2890,2020-06-03,1668000,-4361002,-32000,-2725002,6491.0,48.0,282.0,-53.0,,2026-07-24T11:49:01.984606+08:00
2890,2020-06-04,206000,-9300846,0,-9094846,6492.0,41.0,1.0,-7.0,,2026-07-24T11:49:01.984606+08:00
2890,2020-06-05,250000,-5722580,0,-5472580,6407.0,4.0,-85.0,-37.0,,2026-07-24T11:49:01.984606+08:00
2890,2020-06-08,-15000,-4445064,-118000,-4578064,6505.0,0.0,98.0,-4.0,,2026-07-24T11:49:01.984606+08:00
2890,2020-06-09,556000,-15222948,1484000,-13182948,6941.0,0.0,436.0,0.0,,2026-07-24T11:49:01.984606+08:00
2890,2020-06-10,1171000,-13141112,-45000,-12015112,7316.0,0.0,375.0,0.0,,2026-07-24T11:49:01.984606+08:00
2890,2020-06-11,-591000,-10810334,-3535000,-14936334,6374.0,60.0,-942.0,60.0,,2026-07-24T11:49:01.984606+08:00
2890,2020-06-12,-1585000,-13853662,-5057000,-20495662,7441.0,88.0,1067.0,28.0,,2026-07-24T11:49:01.984606+08:00
2890,2020-06-15,-273000,-12274820,-7000,-12554820,6817.0,132.0,-624.0,44.0,,2026-07-24T11:49:01.984606+08:00
2890,2020-06-16,-2047000,1584714,0,-462286,6100.0,161.0,-717.0,29.0,,2026-07-24T11:49:01.984606+08:00
2890,2020-06-17,-753000,-53532,-108000,-914532,6261.0,160.0,161.0,-1.0,,2026-07-24T11:49:01.984606+08:00
2890,2020-06-18,0,-14285606,-56000,-14341606,6788.0,104.0,527.0,-56.0,,2026-07-24T11:49:01.984606+08:00
2890,2020-06-19,0,-21820305,-109000,-21929305,7100.0,120.0,312.0,16.0,,2026-07-24T11:49:01.984606+08:00
2890,2020-06-22,1000,-809956,-41000,-849956,7552.0,130.0,452.0,10.0,,2026-07-24T11:49:01.984606+08:00
2890,2020-06-23,-2000,-8791489,147000,-8646489,7884.0,98.0,332.0,-32.0,,2026-07-24T11:49:01.984606+08:00
2890,2020-06-24,-54000,-562380,277000,-339380,8454.0,98.0,570.0,0.0,,2026-07-24T11:49:01.984606+08:00
2890,2020-06-29,-10000,-12591376,0,-12601376,8787.0,115.0,333.0,17.0,,2026-07-24T11:49:01.984606+08:00
2890,2020-06-30,31781,-7264451,0,-7232670,8931.0,98.0,144.0,-17.0,,2026-07-24T11:49:01.984606+08:00
2890,2020-07-01,-109000,-1736000,-42000,-1887000,8814.0,98.0,-117.0,0.0,,2026-07-24T11:49:01.984606+08:00
2890,2020-07-02,54000,3026806,0,3080806,9164.0,115.0,350.0,17.0,,2026-07-24T11:49:01.984606+08:00
2890,2020-07-03,1000,1329196,-62000,1268196,9188.0,125.0,24.0,10.0,,2026-07-24T11:49:01.984606+08:00
2890,2020-07-06,-1080000,9658798,-106000,8472798,7820.0,185.0,-1368.0,60.0,,2026-07-24T11:49:01.984606+08:00
2890,2020-07-07,-501000,-2807139,-68000,-3376139,7949.0,145.0,129.0,-40.0,,2026-07-24T11:49:01.984606+08:00
2890,2020-07-08,413000,-2598013,-5626000,-7811013,8023.0,111.0,74.0,-34.0,,2026-07-24T11:49:01.984606+08:00
2890,2020-07-09,-823000,-2784513,-3942000,-7549513,8150.0,130.0,127.0,19.0,,2026-07-24T11:49:01.984606+08:00
2890,2020-07-10,-130000,3110227,-54000,2926227,8148.0,129.0,-2.0,-1.0,,2026-07-24T11:49:01.984606+08:00
2890,2020-07-13,-497000,4052797,-1336000,2219797,8542.0,101.0,394.0,-28.0,,2026-07-24T11:49:01.984606+08:00
2890,2020-07-14,-1920000,-6821114,1374000,-7367114,8446.0,127.0,-96.0,26.0,,2026-07-24T11:49:01.984606+08:00
2890,2020-07-15,-1959000,-1705820,1657000,-2007820,8848.0,127.0,402.0,0.0,,2026-07-24T11:49:01.984606+08:00
2890,2020-07-16,-1655000,-2015812,4528000,857188,8976.0,127.0,128.0,0.0,,2026-07-24T11:49:01.984606+08:00
2890,2020-07-17,-805000,-4720583,3822000,-1703583,8948.0,127.0,-28.0,0.0,,2026-07-24T11:49:01.984606+08:00
2890,2020-07-20,-2000,-1627484,1442000,-187484,8896.0,145.0,-52.0,18.0,,2026-07-24T11:49:01.984606+08:00
2890,2020-07-21,-1977000,-20066454,2245000,-19798454,9166.0,103.0,270.0,-42.0,,2026-07-24T11:49:01.984606+08:00
2890,2020-07-22,-2751000,3337593,3134000,3720593,8993.0,103.0,-173.0,0.0,,2026-07-24T11:49:01.984606+08:00
2890,2020-07-23,-119000,-1682284,1539000,-262284,9211.0,123.0,218.0,20.0,,2026-07-24T11:49:01.984606+08:00
2890,2020-07-24,-331000,-11773084,1766000,-10338084,9288.0,108.0,77.0,-15.0,,2026-07-24T11:49:01.984606+08:00
2890,2020-07-27,-24000,-7756842,1648000,-6132842,9370.0,146.0,82.0,38.0,,2026-07-24T11:49:01.984606+08:00
2890,2020-07-28,-150000,-12473830,1643000,-10980830,9852.0,157.0,482.0,11.0,,2026-07-24T11:49:01.984606+08:00
2890,2020-07-29,-1075000,-7777134,623000,-8229134,9644.0,165.0,-208.0,8.0,,2026-07-24T11:49:01.984606+08:00
2890,2020-07-30,-1981000,-6328116,1717000,-6592116,9852.0,177.0,208.0,12.0,,2026-07-24T11:49:01.984606+08:00
2890,2020-07-31,-444000,-8464662,346000,-8562662,10331.0,174.0,479.0,-3.0,,2026-07-24T11:49:01.984606+08:00
2890,2020-08-03,-823000,-11121929,46000,-11898929,10329.0,180.0,-2.0,6.0,,2026-07-24T11:49:01.984606+08:00
2890,2020-08-04,288000,-4394553,2639000,-1467553,10240.0,142.0,-89.0,-38.0,,2026-07-24T11:49:01.984606+08:00
2890,2020-08-05,79000,-5336349,3038000,-2219349,10143.0,200.0,-97.0,58.0,,2026-07-24T11:49:01.984606+08:00
2890,2020-08-06,130000,-706633,662000,85367,10569.0,239.0,426.0,39.0,,2026-07-24T11:49:01.984606+08:00
2890,2020-08-07,12000,-4970490,6000,-4952490,10186.0,208.0,-383.0,-31.0,,2026-07-24T11:49:01.984606+08:00
2890,2020-08-10,24000,693199,45000,762199,9842.0,207.0,-344.0,-1.0,,2026-07-24T11:49:01.984606+08:00
2890,2020-08-11,93000,-1499304,66000,-1340304,9785.0,173.0,-57.0,-34.0,,2026-07-24T11:49:01.984606+08:00
2890,2020-08-12,-743000,-4496483,328000,-4911483,9698.0,170.0,-87.0,-3.0,,2026-07-24T11:49:01.984606+08:00
2890,2020-08-13,-168000,985968,202000,1019968,9360.0,169.0,-338.0,-1.0,,2026-07-24T11:49:01.984606+08:00
2890,2020-08-14,62000,2155000,0,2217000,8593.0,147.0,-767.0,-22.0,,2026-07-24T11:49:01.984606+08:00
2890,2020-08-17,-248000,87995,-35000,-195005,8785.0,158.0,192.0,11.0,,2026-07-24T11:49:01.984606+08:00
2890,2020-08-18,67000,-1294420,0,-1227420,8671.0,155.0,-114.0,-3.0,,2026-07-24T11:49:01.984606+08:00
2890,2020-08-19,-53000,-2327896,-41000,-2421896,9373.0,108.0,702.0,-47.0,,2026-07-24T11:49:01.984606+08:00
2890,2020-08-20,-248000,-8856486,48000,-9056486,8934.0,108.0,-439.0,0.0,,2026-07-24T11:49:01.984606+08:00
2890,2020-08-21,-21000,1373000,2487000,3839000,9378.0,144.0,444.0,36.0,,2026-07-24T11:49:01.984606+08:00
2890,2020-08-24,0,-968656,1194427,225771,9578.0,200.0,200.0,56.0,,2026-07-24T11:49:01.984606+08:00
2890,2020-08-25,36000,-3307489,0,-3271489,9648.0,120.0,70.0,-80.0,,2026-07-24T11:49:01.984606+08:00
2890,2020-08-26,-49000,-4584130,7000,-4626130,10018.0,102.0,370.0,-18.0,,2026-07-24T11:49:01.984606+08:00
2890,2020-08-27,-373000,-2365495,0,-2738495,10525.0,102.0,507.0,0.0,,2026-07-24T11:49:01.984606+08:00
2890,2020-08-28,0,-2205685,8000,-2197685,10724.0,120.0,199.0,18.0,,2026-07-24T11:49:01.984606+08:00
2890,2020-08-31,0,-7955005,2750000,-5205005,10764.0,120.0,40.0,0.0,,2026-07-24T11:49:01.984606+08:00
2890,2020-09-01,-22000,-3565000,2806000,-781000,9945.0,210.0,-819.0,90.0,,2026-07-24T11:49:01.984606+08:00
2890,2020-09-02,-86000,-4323630,2585000,-1824630,9934.0,202.0,-11.0,-8.0,,2026-07-24T11:49:01.984606+08:00
2890,2020-09-03,-5000,-1355825,2577000,1216175,10222.0,152.0,288.0,-50.0,,2026-07-24T11:49:01.984606+08:00
2890,2020-09-04,8000,-8820945,2572000,-6240945,10250.0,142.0,28.0,-10.0,,2026-07-24T11:49:01.984606+08:00
2890,2020-09-07,-14000,-1561024,1061000,-514024,10255.0,142.0,5.0,0.0,,2026-07-24T11:49:01.984606+08:00
2890,2020-09-08,-9000,68024,207000,266024,10151.0,157.0,-104.0,15.0,,2026-07-24T11:49:01.984606+08:00
2890,2020-09-09,-133000,-7493245,1153000,-6473245,10780.0,166.0,629.0,9.0,,2026-07-24T11:49:01.984606+08:00
2890,2020-09-10,-4000,-1171744,1000,-1174744,10819.0,166.0,39.0,0.0,,2026-07-24T11:49:01.984606+08:00
2890,2020-09-11,0,-123000,14000,-109000,10831.0,166.0,12.0,0.0,,2026-07-24T11:49:01.984606+08:00
2890,2020-09-14,8000,-1444000,0,-1436000,10811.0,166.0,-20.0,0.0,,2026-07-24T11:49:01.984606+08:00
2890,2020-09-15,31000,365970,-10474,386496,10772.0,125.0,-39.0,-41.0,,2026-07-24T11:49:01.984606+08:00
2890,2020-09-16,-222000,1313000,259000,1350000,10740.0,143.0,-32.0,18.0,,2026-07-24T11:49:01.984606+08:00
2890,2020-09-17,-7000,-2225642,-25858,-2258500,10753.0,143.0,13.0,0.0,,2026-07-24T11:49:01.984606+08:00
2890,2020-09-18,115000,5270210,-293000,5092210,10322.0,123.0,-431.0,-20.0,,2026-07-24T11:49:01.984606+08:00
2890,2020-09-21,-225000,-1813159,-4982,-2043141,10361.0,87.0,39.0,-36.0,,2026-07-24T11:49:01.984606+08:00
2890,2020-09-22,-200000,-6365372,-34000,-6599372,9098.0,98.0,-1263.0,11.0,,2026-07-24T11:49:01.984606+08:00
2890,2020-09-23,-1060000,-3780533,1103732,-3736801,8949.0,118.0,-149.0,20.0,,2026-07-24T11:49:01.984606+08:00
2890,2020-09-24,-56000,-16209418,1092000,-15173418,9016.0,86.0,67.0,-32.0,,2026-07-24T11:49:01.984606+08:00
2890,2020-09-25,16000,2041680,1248000,3305680,7888.0,135.0,-1128.0,49.0,,2026-07-24T11:49:01.984606+08:00
2890,2020-09-28,337000,3442519,0,3779519,7837.0,194.0,-51.0,59.0,,2026-07-24T11:49:01.984606+08:00
2890,2020-09-29,560000,3420887,0,3980887,7817.0,194.0,-20.0,0.0,,2026-07-24T11:49:01.984606+08:00
2890,2020-09-30,164000,1607354,0,1771354,7727.0,198.0,-90.0,4.0,,2026-07-24T11:49:01.984606+08:00
2890,2020-10-05,96000,-2346448,0,-2250448,8096.0,173.0,369.0,-25.0,,2026-07-24T11:49:01.984606+08:00
2890,2020-10-06,174000,-5488097,17000,-5297097,8231.0,124.0,135.0,-49.0,,2026-07-24T11:49:01.984606+08:00
2890,2020-10-07,110000,-5159644,-9000,-5058644,8234.0,95.0,3.0,-29.0,,2026-07-24T11:49:01.984606+08:00
2890,2020-10-08,0,724751,-16000,708751,8202.0,133.0,-32.0,38.0,,2026-07-24T11:49:01.984606+08:00
2890,2020-10-12,-5000,-5787061,-63000,-5855061,8284.0,133.0,82.0,0.0,,2026-07-24T11:49:01.984606+08:00
2890,2020-10-13,-19000,-2666855,-8000,-2693855,8205.0,133.0,-79.0,0.0,,2026-07-24T11:49:01.984606+08:00
2890,2020-10-14,-471000,-2153373,0,-2624373,8190.0,189.0,-15.0,56.0,,2026-07-24T11:49:01.984606+08:00
2890,2020-10-15,-117000,-4834600,0,-4951600,8008.0,180.0,-182.0,-9.0,,2026-07-24T11:49:01.984606+08:00
2890,2020-10-16,-98000,-2170285,38000,-2230285,7914.0,143.0,-94.0,-37.0,,2026-07-24T11:49:01.984606+08:00
2890,2020-10-19,-3000,6708609,0,6705609,7327.0,198.0,-587.0,55.0,,2026-07-24T11:49:01.984606+08:00
2890,2020-10-20,-35000,-2392346,0,-2427346,7405.0,101.0,78.0,-97.0,,2026-07-24T11:49:01.984606+08:00
2890,2020-10-21,-1745000,-3010000,377000,-4378000,7493.0,100.0,88.0,-1.0,,2026-07-24T11:49:01.984606+08:00
2890,2020-10-22,-73000,-2177883,126000,-2124883,7457.0,101.0,-36.0,1.0,,2026-07-24T11:49:01.984606+08:00
2890,2020-10-23,-42000,-3793000,639000,-3196000,7524.0,128.0,67.0,27.0,,2026-07-24T11:49:01.984606+08:00
2890,2020-10-26,0,3115910,0,3115910,7087.0,372.0,-437.0,244.0,,2026-07-24T11:49:01.984606+08:00
2890,2020-10-27,0,-1340246,0,-1340246,5590.0,303.0,-1497.0,-69.0,,2026-07-24T11:49:01.984606+08:00
2890,2020-10-28,-897000,-372954,-32000,-1301954,5643.0,302.0,53.0,-1.0,,2026-07-24T11:49:01.984606+08:00
2890,2020-10-29,-39000,-3554601,19000,-3574601,5673.0,100.0,30.0,-202.0,,2026-07-24T11:49:01.984606+08:00
2890,2020-10-30,-414000,-9920515,0,-10334515,5692.0,87.0,19.0,-13.0,,2026-07-24T11:49:01.984606+08:00
2890,2020-11-02,184000,4847186,0,5031186,5565.0,88.0,-127.0,1.0,,2026-07-24T11:49:01.984606+08:00
2890,2020-11-03,201000,1755600,0,1956600,5565.0,88.0,0.0,0.0,,2026-07-24T11:49:01.984606+08:00
2890,2020-11-04,-2000,4428240,52000,4478240,5559.0,93.0,-6.0,5.0,,2026-07-24T11:49:01.984606+08:00
2890,2020-11-05,151000,7448600,15000,7614600,5396.0,101.0,-163.0,8.0,,2026-07-24T11:49:01.984606+08:00
2890,2020-11-06,31000,560600,0,591600,5776.0,105.0,380.0,4.0,,2026-07-24T11:49:01.984606+08:00
2890,2020-11-09,91000,6870514,-641000,6320514,6298.0,110.0,522.0,5.0,,2026-07-24T11:49:01.984606+08:00
2890,2020-11-10,134993,13242012,0,13377005,5228.0,111.0,-1070.0,1.0,,2026-07-24T11:49:01.984606+08:00
2890,2020-11-11,1193120,7970016,-1223000,7940136,5130.0,109.0,-98.0,-2.0,,2026-07-24T11:49:01.984606+08:00
2890,2020-11-12,359000,-1612757,-942000,-2195757,4191.0,109.0,-939.0,0.0,,2026-07-24T11:49:01.984606+08:00
2890,2020-11-13,378000,-2648457,-765000,-3035457,4352.0,109.0,161.0,0.0,,2026-07-24T11:49:01.984606+08:00
2890,2020-11-16,191000,3584000,19000,3794000,4606.0,109.0,254.0,0.0,,2026-07-24T11:49:01.984606+08:00
2890,2020-11-17,-86000,-46000,-2133000,-2265000,4653.0,109.0,47.0,0.0,,2026-07-24T11:49:01.984606+08:00
2890,2020-11-18,-36000,3669171,-1855000,1778171,4645.0,109.0,-8.0,0.0,,2026-07-24T11:49:01.984606+08:00
2890,2020-11-19,-13000,22131370,-1110000,21008370,4599.0,122.0,-46.0,13.0,,2026-07-24T11:49:01.984606+08:00
2890,2020-11-20,0,-3133000,-796000,-3929000,4771.0,111.0,172.0,-11.0,,2026-07-24T11:49:01.984606+08:00
2890,2020-11-23,12000,1018048,-803000,227048,5050.0,112.0,279.0,1.0,,2026-07-24T11:49:01.984606+08:00
2890,2020-11-24,-176000,-6344246,-765000,-7285246,5444.0,112.0,394.0,0.0,,2026-07-24T11:49:01.984606+08:00
2890,2020-11-25,-38000,5301573,6000,5269573,5710.0,112.0,266.0,0.0,,2026-07-24T11:49:01.984606+08:00
2890,2020-11-26,-97000,2194183,-595000,1502183,6054.0,112.0,344.0,0.0,,2026-07-24T11:49:01.984606+08:00
2890,2020-11-27,-388000,7093597,6000,6711597,6090.0,122.0,36.0,10.0,,2026-07-24T11:49:01.984606+08:00
2890,2020-11-30,116000,-17211445,-797000,-17892445,6007.0,121.0,-83.0,-1.0,,2026-07-24T11:49:01.984606+08:00
2890,2020-12-01,-199000,-4403206,-1464000,-6066206,6222.0,119.0,215.0,-2.0,,2026-07-24T11:49:01.984606+08:00
2890,2020-12-02,-425000,-1678000,2000,-2101000,6416.0,109.0,194.0,-10.0,,2026-07-24T11:49:01.984606+08:00
2890,2020-12-03,81000,3416116,-1315000,2182116,6396.0,109.0,-20.0,0.0,,2026-07-24T11:49:01.984606+08:00
2890,2020-12-04,-286000,1314691,-211000,817691,6201.0,109.0,-195.0,0.0,,2026-07-24T11:49:01.984606+08:00
2890,2020-12-07,-94000,-10683052,74000,-10703052,7096.0,74.0,895.0,-35.0,,2026-07-24T11:49:01.984606+08:00
2890,2020-12-08,-108000,-29326489,-1378000,-30812489,7491.0,111.0,395.0,37.0,,2026-07-24T11:49:01.984606+08:00
2890,2020-12-09,-122000,-3965013,-1008000,-5095013,8106.0,100.0,615.0,-11.0,,2026-07-24T11:49:01.984606+08:00
2890,2020-12-10,-419000,-2057746,-378000,-2854746,7371.0,100.0,-735.0,0.0,,2026-07-24T11:49:01.984606+08:00
2890,2020-12-11,-301000,4622500,-104770,4216730,7351.0,113.0,-20.0,13.0,,2026-07-24T11:49:01.984606+08:00
2890,2020-12-14,-188000,-4180000,-1183510,-5551510,7417.0,113.0,66.0,0.0,,2026-07-24T11:49:01.984606+08:00
2890,2020-12-15,-40000,-9998000,39550,-9998450,6971.0,108.0,-446.0,-5.0,,2026-07-24T11:49:01.984606+08:00
2890,2020-12-16,-102000,873493,926000,1697493,6925.0,108.0,-46.0,0.0,,2026-07-24T11:49:01.984606+08:00
2890,2020-12-17,-378000,537403,1145000,1304403,6910.0,108.0,-15.0,0.0,,2026-07-24T11:49:01.984606+08:00
2890,2020-12-18,-68000,-4683890,722820,-4029070,6959.0,108.0,49.0,0.0,,2026-07-24T11:49:01.984606+08:00
2890,2020-12-21,-36000,-307869,-65000,-408869,6882.0,108.0,-77.0,0.0,,2026-07-24T11:49:01.984606+08:00
2890,2020-12-22,-560000,-152314,3500,-708814,7052.0,108.0,170.0,0.0,,2026-07-24T11:49:01.984606+08:00
2890,2020-12-23,-127000,-2369593,0,-2496593,7000.0,108.0,-52.0,0.0,,2026-07-24T11:49:01.984606+08:00
2890,2020-12-24,-177000,-478000,-492030,-1147030,6989.0,108.0,-11.0,0.0,,2026-07-24T11:49:01.984606+08:00
2890,2020-12-25,3000,-242000,160000,-79000,7025.0,109.0,36.0,1.0,,2026-07-24T11:49:01.984606+08:00
2890,2020-12-28,-422130,1066000,411000,1054870,7096.0,109.0,71.0,0.0,,2026-07-24T11:49:01.984606+08:00
2890,2020-12-29,-306000,3389942,-884670,2199272,7271.0,109.0,175.0,0.0,,2026-07-24T11:49:01.984606+08:00
2890,2020-12-30,310000,15806600,0,16116600,8157.0,117.0,886.0,8.0,,2026-07-24T11:49:01.984606+08:00
2890,2020-12-31,-28000,1462831,68000,1502831,7872.0,148.0,-285.0,31.0,,2026-07-24T11:49:01.984606+08:00
2890,2021-01-04,389000,156850,-1576970,-1031120,7821.0,148.0,-51.0,0.0,,2026-07-24T11:49:01.984606+08:00
2890,2021-01-05,134000,-2925393,-358450,-3149843,7632.0,148.0,-189.0,0.0,,2026-07-24T11:49:01.984606+08:00
2890,2021-01-06,-1558000,-419300,-821000,-2798300,9067.0,148.0,1435.0,0.0,,2026-07-24T11:49:01.984606+08:00
2890,2021-01-07,-56000,2576982,34380,2555362,9051.0,148.0,-16.0,0.0,,2026-07-24T11:49:01.984606+08:00
2890,2021-01-08,-60000,16552341,-2079360,14412981,8420.0,149.0,-631.0,1.0,,2026-07-24T11:49:01.984606+08:00
2890,2021-01-11,-62000,2368855,-444780,1862075,7486.0,148.0,-934.0,-1.0,,2026-07-24T11:49:01.984606+08:00
2890,2021-01-12,-29000,-6059448,0,-6088448,8002.0,148.0,516.0,0.0,,2026-07-24T11:49:01.984606+08:00
2890,2021-01-13,295000,1557685,39000,1891685,7561.0,148.0,-441.0,0.0,,2026-07-24T11:49:01.984606+08:00
2890,2021-01-14,-4000,5345148,-477000,4864148,8319.0,113.0,758.0,-35.0,,2026-07-24T11:49:01.984606+08:00
2890,2021-01-15,117000,-1445359,5000,-1323359,8722.0,114.0,403.0,1.0,,2026-07-24T11:49:01.984606+08:00
2890,2021-01-18,79000,-5338331,73000,-5186331,8518.0,99.0,-204.0,-15.0,,2026-07-24T11:49:01.984606+08:00
2890,2021-01-19,1000,-2639884,132000,-2506884,8670.0,99.0,152.0,0.0,,2026-07-24T11:49:01.984606+08:00
2890,2021-01-20,-375000,-16977684,16000,-17336684,7276.0,64.0,-1394.0,-35.0,,2026-07-24T11:49:01.984606+08:00
2890,2021-01-21,-36000,826006,-457000,333006,7805.0,64.0,529.0,0.0,,2026-07-24T11:49:01.984606+08:00
2890,2021-01-22,307000,-9327272,27000,-8993272,7754.0,64.0,-51.0,0.0,,2026-07-24T11:49:01.984606+08:00
2890,2021-01-25,0,-3318458,-384120,-3702578,7803.0,91.0,49.0,27.0,,2026-07-24T11:49:01.984606+08:00
2890,2021-01-26,-40000,-6787786,60000,-6767786,7288.0,91.0,-515.0,0.0,,2026-07-24T11:49:01.984606+08:00
2890,2021-01-27,-1000,-5336506,18000,-5319506,7299.0,91.0,11.0,0.0,,2026-07-24T11:49:01.984606+08:00
2890,2021-01-28,18178,-10695264,21000,-10656086,7106.0,90.0,-193.0,-1.0,,2026-07-24T11:49:01.984606+08:00
2890,2021-01-29,-8000,-13188948,5000,-13191948,7081.0,80.0,-25.0,-10.0,,2026-07-24T11:49:01.984606+08:00
2890,2021-02-01,-114000,4542886,14000,4442886,6263.0,80.0,-818.0,0.0,,2026-07-24T11:49:01.984606+08:00
2890,2021-02-02,72000,-1556581,14000,-1470581,6205.0,80.0,-58.0,0.0,,2026-07-24T11:49:01.984606+08:00
2890,2021-02-03,-123000,-1818533,0,-1941533,6182.0,80.0,-23.0,0.0,,2026-07-24T11:49:01.984606+08:00
2890,2021-02-04,-175000,-363935,-514000,-1052935,6174.0,80.0,-8.0,0.0,,2026-07-24T11:49:01.984606+08:00
2890,2021-02-05,16000,-4555758,32000,-4507758,6098.0,80.0,-76.0,0.0,,2026-07-24T11:49:01.984606+08:00
2890,2021-02-17,-343090,26072405,0,25729315,5616.0,146.0,-482.0,66.0,,2026-07-24T11:49:01.984606+08:00
2890,2021-02-18,132169,7056056,14000,7202225,5557.0,146.0,-59.0,0.0,,2026-07-24T11:49:01.984606+08:00
2890,2021-02-19,7921,-3590000,50000,-3532079,5563.0,146.0,6.0,0.0,,2026-07-24T11:49:01.984606+08:00
2890,2021-02-22,64000,4445000,25000,4534000,5576.0,145.0,13.0,-1.0,,2026-07-24T11:49:01.984606+08:00
2890,2021-02-23,7000,12259677,-79000,12187677,5538.0,147.0,-38.0,2.0,,2026-07-24T11:49:01.984606+08:00
2890,2021-02-24,-40000,5573874,49000,5582874,5548.0,149.0,10.0,2.0,,2026-07-24T11:49:01.984606+08:00
2890,2021-02-25,-14000,7113674,-150000,6949674,5498.0,158.0,-50.0,9.0,,2026-07-24T11:49:01.984606+08:00
2890,2021-02-26,226000,-13922069,2164000,-11532069,5494.0,101.0,-4.0,-57.0,,2026-07-24T11:49:01.984606+08:00
2890,2021-03-02,32000,-4864153,2001000,-2831153,5027.0,100.0,-467.0,-1.0,,2026-07-24T11:49:01.984606+08:00
2890,2021-03-03,1927586,7990686,1206000,11124272,4996.0,107.0,-31.0,7.0,,2026-07-24T11:49:01.984606+08:00
2890,2021-03-04,-169586,-3350619,35000,-3485205,5473.0,89.0,477.0,-18.0,,2026-07-24T11:49:01.984606+08:00
2890,2021-03-05,-151000,-4467842,237000,-4381842,5511.0,70.0,38.0,-19.0,,2026-07-24T11:49:01.984606+08:00
2890,2021-03-08,-14322,-2759518,184000,-2589840,5751.0,45.0,240.0,-25.0,,2026-07-24T11:49:01.984606+08:00
2890,2021-03-09,192000,8771637,94000,9057637,5814.0,43.0,63.0,-2.0,,2026-07-24T11:49:01.984606+08:00
2890,2021-03-10,-468000,6126587,14000,5672587,6018.0,49.0,204.0,6.0,,2026-07-24T11:49:01.984606+08:00
2890,2021-03-11,131579,-6216246,25000,-6059667,6561.0,30.0,543.0,-19.0,,2026-07-24T11:49:01.984606+08:00
2890,2021-03-12,337000,8353389,0,8690389,6491.0,32.0,-70.0,2.0,,2026-07-24T11:49:01.984606+08:00
2890,2021-03-15,39000,5784332,428000,6251332,6702.0,25.0,211.0,-7.0,,2026-07-24T11:49:01.984606+08:00
2890,2021-03-16,-100000,3842624,-31000,3711624,6347.0,23.0,-355.0,-2.0,,2026-07-24T11:49:01.984606+08:00
2890,2021-03-17,-647193,-7229000,0,-7876193,6620.0,23.0,273.0,0.0,,2026-07-24T11:49:01.984606+08:00
2890,2021-03-18,-70000,39800,13000,-17200,6787.0,48.0,167.0,25.0,,2026-07-24T11:49:01.984606+08:00
2890,2021-03-19,2480393,32527364,-51094886,-16087129,6246.0,116.0,-541.0,68.0,,2026-07-24T11:49:01.984606+08:00
2890,2021-03-22,159633,10554464,-156000,10558097,6086.0,6.0,-160.0,-110.0,,2026-07-24T11:49:01.984606+08:00
2890,2021-03-23,-151186,-1177323,-232000,-1560509,6255.0,0.0,169.0,-6.0,,2026-07-24T11:49:01.984606+08:00
2890,2021-03-24,-410002,-166028,-71000,-647030,6496.0,0.0,241.0,0.0,,2026-07-24T11:49:01.984606+08:00
2890,2021-03-25,105000,6666184,-157000,6614184,5985.0,0.0,-511.0,0.0,,2026-07-24T11:49:01.984606+08:00
2890,2021-03-26,112000,-52956,6000,65044,5932.0,1.0,-53.0,1.0,,2026-07-24T11:49:01.984606+08:00
2890,2021-03-29,2300000,87427,0,2387427,5874.0,3.0,-58.0,2.0,,2026-07-24T11:49:01.984606+08:00
2890,2021-03-30,1034000,5093354,696727,6824081,5825.0,10.0,-49.0,7.0,,2026-07-24T11:49:01.984606+08:00
2890,2021-03-31,285000,4074795,44117,4403912,5715.0,10.0,-110.0,0.0,,2026-07-24T11:49:01.984606+08:00
2890,2021-04-01,1558000,-13322400,27843,-11736557,6897.0,10.0,1182.0,0.0,,2026-07-24T11:49:01.984606+08:00
2890,2021-04-06,330000,-6285534,-24896,-5980430,6532.0,16.0,-365.0,6.0,,2026-07-24T11:49:01.984606+08:00
2890,2021-04-07,520000,-2182544,491000,-1171544,6474.0,18.0,-58.0,2.0,,2026-07-24T11:49:01.984606+08:00
2890,2021-04-08,-206000,-3284476,298000,-3192476,6394.0,75.0,-80.0,57.0,,2026-07-24T11:49:01.984606+08:00
2890,2021-04-09,3000,-3769987,-30000,-3796987,6680.0,18.0,286.0,-57.0,,2026-07-24T11:49:01.984606+08:00
2890,2021-04-12,127000,1644500,-191285,1580215,6792.0,37.0,112.0,19.0,,2026-07-24T11:49:01.984606+08:00
2890,2021-04-13,95007,-2408700,-32368,-2346061,6782.0,39.0,-10.0,2.0,,2026-07-24T11:49:01.984606+08:00
2890,2021-04-14,-263000,4220100,18804,3975904,6836.0,42.0,54.0,3.0,,2026-07-24T11:49:01.984606+08:00
2890,2021-04-15,114000,5565696,-15000,5664696,6260.0,44.0,-576.0,2.0,,2026-07-24T11:49:01.984606+08:00
2890,2021-04-16,14000,5100947,0,5114947,6663.0,44.0,403.0,0.0,,2026-07-24T11:49:01.984606+08:00
2890,2021-04-19,370000,8682354,10079,9062433,6849.0,76.0,186.0,32.0,,2026-07-24T11:49:01.984606+08:00
2890,2021-04-20,-276000,2887230,-16842,2594388,6582.0,91.0,-267.0,15.0,,2026-07-24T11:49:01.984606+08:00
2890,2021-04-21,-592000,-4352653,26246,-4918407,6631.0,71.0,49.0,-20.0,,2026-07-24T11:49:01.984606+08:00
2890,2021-04-22,-36049,5872900,30128,5866979,6929.0,24.0,298.0,-47.0,,2026-07-24T11:49:01.984606+08:00
2890,2021-04-23,1000,-2678349,209885,-2467464,7131.0,28.0,202.0,4.0,,2026-07-24T11:49:01.984606+08:00
2890,2021-04-26,75000,8837134,0,8912134,8671.0,33.0,1540.0,5.0,,2026-07-24T11:49:01.984606+08:00
2890,2021-04-27,82000,5677479,-230000,5529479,8930.0,28.0,259.0,-5.0,,2026-07-24T11:49:01.984606+08:00
2890,2021-04-28,-87000,3218613,-5844,3125769,8202.0,29.0,-728.0,1.0,,2026-07-24T11:49:01.984606+08:00
2890,2021-04-29,21000,-2610532,64589,-2524943,7810.0,28.0,-392.0,-1.0,,2026-07-24T11:49:01.984606+08:00
2890,2021-05-03,-869000,2750930,-574917,1307013,8425.0,29.0,615.0,1.0,,2026-07-24T11:49:01.984606+08:00
2890,2021-05-04,269961,6439000,30026,6738987,7535.0,28.0,-890.0,-1.0,,2026-07-24T11:49:01.984606+08:00
2890,2021-05-05,281517,3995139,537535,4814191,6962.0,41.0,-573.0,13.0,,2026-07-24T11:49:01.984606+08:00
2890,2021-05-06,-43737,13401772,49754,13407789,7842.0,73.0,880.0,32.0,,2026-07-24T11:49:01.984606+08:00
2890,2021-05-07,-228000,729236,26219,527455,7313.0,68.0,-529.0,-5.0,,2026-07-24T11:49:01.984606+08:00
2890,2021-05-10,603000,13531916,-213391,13921525,7866.0,164.0,553.0,96.0,,2026-07-24T11:49:01.984606+08:00
2890,2021-05-11,-475780,-2360900,1912004,-924676,7324.0,79.0,-542.0,-85.0,,2026-07-24T11:49:01.984606+08:00
2890,2021-05-12,8901000,-17507871,1659478,-6947393,7046.0,32.0,-278.0,-47.0,,2026-07-24T11:49:01.984606+08:00
2890,2021-05-13,3361431,-11732186,24316,-8346439,7231.0,38.0,185.0,6.0,,2026-07-24T11:49:01.984606+08:00
2890,2021-05-14,-83790,-3648760,2345176,-1387374,6851.0,23.0,-380.0,-15.0,,2026-07-24T11:49:01.984606+08:00
2890,2021-05-17,170359,-4353100,25402,-4157339,7336.0,46.0,485.0,23.0,,2026-07-24T11:49:01.984606+08:00
2890,2021-05-18,390744,11247843,17000,11655587,6706.0,52.0,-630.0,6.0,,2026-07-24T11:49:01.984606+08:00
2890,2021-05-19,-283000,1546280,-133341,1129939,6854.0,49.0,148.0,-3.0,,2026-07-24T11:49:01.984606+08:00
2890,2021-05-20,-259000,5928796,7659,5677455,6702.0,50.0,-152.0,1.0,,2026-07-24T11:49:01.984606+08:00
2890,2021-05-21,-87000,-4068040,0,-4155040,6571.0,51.0,-131.0,1.0,,2026-07-24T11:49:01.984606+08:00
2890,2021-05-24,-38000,2732000,659,2694659,7031.0,55.0,460.0,4.0,,2026-07-24T11:49:01.984606+08:00
2890,2021-05-25,-9000,-320509,-194000,-523509,6620.0,55.0,-411.0,0.0,,2026-07-24T11:49:01.984606+08:00
2890,2021-05-26,450218,7976800,593000,9020018,6328.0,55.0,-292.0,0.0,,2026-07-24T11:49:01.984606+08:00
2890,2021-05-27,-75004,3074468,-5171,2994293,6239.0,56.0,-89.0,1.0,,2026-07-24T11:49:01.984606+08:00
2890,2021-05-28,10000,-6666823,950000,-5706823,6317.0,66.0,78.0,10.0,,2026-07-24T11:49:01.984606+08:00
2890,2021-05-31,-131000,5530000,-195383,5203617,5897.0,61.0,-420.0,-5.0,,2026-07-24T11:49:01.984606+08:00
2890,2021-06-01,-46000,1046500,-46000,954500,5832.0,61.0,-65.0,0.0,,2026-07-24T11:49:01.984606+08:00
2890,2021-06-02,1644000,4343153,-1667,5985486,5807.0,61.0,-25.0,0.0,,2026-07-24T11:49:01.984606+08:00
2890,2021-06-03,108000,-232361,-3974,-128335,6051.0,61.0,244.0,0.0,,2026-07-24T11:49:01.984606+08:00
2890,2021-06-04,96000,-431620,-1936,-337556,6203.0,69.0,152.0,8.0,,2026-07-24T11:49:01.984606+08:00
2890,2021-06-07,-339533,-5613961,-3184,-5956678,6441.0,75.0,238.0,6.0,,2026-07-24T11:49:01.984606+08:00
2890,2021-06-08,-28000,-632100,0,-660100,5884.0,78.0,-557.0,3.0,,2026-07-24T11:49:01.984606+08:00
2890,2021-06-09,-16000,-3671600,0,-3687600,5565.0,76.0,-319.0,-2.0,,2026-07-24T11:49:01.984606+08:00
2890,2021-06-10,46000,851050,825000,1722050,5648.0,83.0,83.0,7.0,,2026-07-24T11:49:01.984606+08:00
2890,2021-06-11,-70000,12678306,0,12608306,6293.0,95.0,645.0,12.0,,2026-07-24T11:49:01.984606+08:00
2890,2021-06-15,144000,-18709675,-30000,-18595675,6605.0,84.0,312.0,-11.0,,2026-07-24T11:49:01.984606+08:00
2890,2021-06-16,2422000,2251000,-183000,4490000,6393.0,82.0,-212.0,-2.0,,2026-07-24T11:49:01.984606+08:00
2890,2021-06-17,-52010,-6943000,-16000,-7011010,5176.0,76.0,-1217.0,-6.0,,2026-07-24T11:49:01.984606+08:00
2890,2021-06-18,-25877,-361971,-367000,-754848,5083.0,79.0,-93.0,3.0,,2026-07-24T11:49:01.984606+08:00
2890,2021-06-21,-310132,-2519786,181935,-2647983,4849.0,69.0,-234.0,-10.0,,2026-07-24T11:49:01.984606+08:00
2890,2021-06-22,47000,390786,1124000,1561786,4887.0,69.0,38.0,0.0,,2026-07-24T11:49:01.984606+08:00
2890,2021-06-23,3591000,4281150,0,7872150,5165.0,73.0,278.0,4.0,,2026-07-24T11:49:01.984606+08:00
2890,2021-06-24,195000,1330414,-17000,1508414,5418.0,83.0,253.0,10.0,,2026-07-24T11:49:01.984606+08:00
2890,2021-06-25,711000,6846845,0,7557845,5778.0,94.0,360.0,11.0,,2026-07-24T11:49:01.984606+08:00
2890,2021-06-28,210000,-680600,134000,-336600,5880.0,82.0,102.0,-12.0,,2026-07-24T11:49:01.984606+08:00
2890,2021-06-29,87000,-1083900,7000,-989900,5768.0,78.0,-112.0,-4.0,,2026-07-24T11:49:01.984606+08:00
2890,2021-06-30,215000,481320,0,696320,5133.0,78.0,-635.0,0.0,,2026-07-24T11:49:01.984606+08:00
2890,2021-07-01,54000,-775319,4000,-717319,4558.0,76.0,-575.0,-2.0,,2026-07-24T11:49:01.984606+08:00
2890,2021-07-02,55000,-642546,-5000,-592546,5418.0,81.0,860.0,5.0,,2026-07-24T11:49:01.984606+08:00
2890,2021-07-05,147000,4247614,-184879,4209735,5643.0,81.0,225.0,0.0,,2026-07-24T11:49:01.984606+08:00
2890,2021-07-06,378000,6134354,0,6512354,5093.0,101.0,-550.0,20.0,,2026-07-24T11:49:01.984606+08:00
2890,2021-07-07,56000,5639949,1000,5696949,5421.0,96.0,328.0,-5.0,,2026-07-24T11:49:01.984606+08:00
2890,2021-07-08,-87000,6942475,18917,6874392,4944.0,102.0,-477.0,6.0,,2026-07-24T11:49:01.984606+08:00
2890,2021-07-09,-89000,13618020,0,13529020,6945.0,102.0,2001.0,0.0,,2026-07-24T11:49:01.984606+08:00
2890,2021-07-12,16000,4586953,-171000,4431953,7106.0,101.0,161.0,-1.0,,2026-07-24T11:49:01.984606+08:00
2890,2021-07-13,401000,15941850,-12042,16330808,6927.0,103.0,-179.0,2.0,,2026-07-24T11:49:01.984606+08:00
2890,2021-07-14,154000,2347566,-43000,2458566,5962.0,100.0,-965.0,-3.0,,2026-07-24T11:49:01.984606+08:00
2890,2021-07-15,-73783,8925000,-238458,8612759,6033.0,100.0,71.0,0.0,,2026-07-24T11:49:01.984606+08:00
2890,2021-07-16,35000,7760646,-115000,7680646,6846.0,100.0,813.0,0.0,,2026-07-24T11:49:01.984606+08:00
2890,2021-07-19,28000,2984980,2000,3014980,8396.0,100.0,1550.0,0.0,,2026-07-24T11:49:01.984606+08:00
2890,2021-07-20,-64000,2528200,-136000,2328200,6651.0,92.0,-1745.0,-8.0,,2026-07-24T11:49:01.984606+08:00
2890,2021-07-21,2006000,-242588,89000,1852412,6860.0,88.0,209.0,-4.0,,2026-07-24T11:49:01.984606+08:00
2890,2021-07-22,305000,5775086,21982,6102068,7557.0,69.0,697.0,-19.0,,2026-07-24T11:49:01.984606+08:00
2890,2021-07-23,113000,1561925,11000,1685925,6080.0,69.0,-1477.0,0.0,,2026-07-24T11:49:01.984606+08:00
2890,2021-07-26,0,2920760,-7000,2913760,5073.0,72.0,-1007.0,3.0,,2026-07-24T11:49:01.984606+08:00
2890,2021-07-27,184000,97325,1375000,1656325,4953.0,70.0,-120.0,-2.0,,2026-07-24T11:49:01.984606+08:00
2890,2021-07-28,-8323000,8528884,1151714,1357598,4867.0,68.0,-86.0,-2.0,,2026-07-24T11:49:01.984606+08:00
2890,2021-07-29,-3737000,11093798,0,7356798,5948.0,67.0,1081.0,-1.0,,2026-07-24T11:49:01.984606+08:00
2890,2021-07-30,1494113,16083801,-9083,17568831,4677.0,59.0,-1271.0,-8.0,,2026-07-24T11:49:01.984606+08:00
2890,2021-08-02,-133000,3966705,-3138,3830567,5309.0,52.0,632.0,-7.0,,2026-07-24T11:49:01.984606+08:00
2890,2021-08-03,-548000,2259382,579012,2290394,4994.0,53.0,-315.0,1.0,,2026-07-24T11:49:01.984606+08:00
2890,2021-08-04,3675000,10449810,-18472,14106338,5187.0,55.0,193.0,2.0,,2026-07-24T11:49:01.984606+08:00
2890,2021-08-05,1934000,7266044,-24452,9175592,5530.0,24.0,343.0,-31.0,,2026-07-24T11:49:01.984606+08:00
2890,2021-08-06,1741000,7162420,231000,9134420,5288.0,0.0,-242.0,-24.0,,2026-07-24T11:49:01.984606+08:00
2890,2021-08-09,79000,2098000,2000,2179000,5512.0,0.0,224.0,0.0,,2026-07-24T11:49:01.984606+08:00
2890,2021-08-10,5820000,3787000,1869000,11476000,5337.0,0.0,-175.0,0.0,,2026-07-24T11:49:01.984606+08:00
2890,2021-08-11,4473000,3448000,965000,8886000,5824.0,0.0,487.0,0.0,,2026-07-24T11:49:01.984606+08:00
2890,2021-08-12,-17017785,7431700,35000,-9551085,5188.0,221.0,-636.0,221.0,,2026-07-24T11:49:01.984606+08:00
2890,2021-08-13,-493182,4146016,1116000,4768834,5228.0,244.0,40.0,23.0,,2026-07-24T11:49:01.984606+08:00
2890,2021-08-16,-96571,8289077,647000,8839506,5290.0,47.0,62.0,-197.0,,2026-07-24T11:49:01.984606+08:00
2890,2021-08-17,-257060,8836424,1719000,10298364,4497.0,54.0,-793.0,7.0,,2026-07-24T11:49:01.984606+08:00
2890,2021-08-18,-697950,11623632,33000,10958682,4020.0,52.0,-477.0,-2.0,,2026-07-24T11:49:01.984606+08:00
2890,2021-08-19,-129274,8092990,1846000,9809716,3845.0,55.0,-175.0,3.0,,2026-07-24T11:49:01.984606+08:00
2890,2021-08-20,-11634,-4395250,532242,-3874642,3849.0,46.0,4.0,-9.0,,2026-07-24T11:49:01.984606+08:00
2890,2021-08-23,-12158,-7147306,38000,-7121464,4428.0,42.0,579.0,-4.0,,2026-07-24T11:49:01.984606+08:00
2890,2021-08-24,56514,3396456,13000,3465970,3763.0,40.0,-665.0,-2.0,,2026-07-24T11:49:01.984606+08:00
2890,2021-08-25,0,343384,30303,373687,4097.0,40.0,334.0,0.0,,2026-07-24T11:49:01.984606+08:00
2890,2021-08-26,-940653,623470,1514000,1196817,4005.0,40.0,-92.0,0.0,,2026-07-24T11:49:01.984606+08:00
2890,2021-08-27,947914,5045116,2000,5995030,3893.0,64.0,-112.0,24.0,,2026-07-24T11:49:01.984606+08:00
2890,2021-08-30,-219957,4292700,8000,4080743,3927.0,68.0,34.0,4.0,,2026-07-24T11:49:01.984606+08:00
2890,2021-08-31,-88030,-989354,19000,-1058384,4045.0,68.0,118.0,0.0,,2026-07-24T11:49:01.984606+08:00
2890,2021-09-01,-200003,77841,0,-122162,4579.0,60.0,534.0,-8.0,,2026-07-24T11:49:01.984606+08:00
2890,2021-09-02,38160,5488599,-16862,5509897,4717.0,41.0,138.0,-19.0,,2026-07-24T11:49:01.984606+08:00
2890,2021-09-03,229671,13422407,-33232,13618846,4790.0,43.0,73.0,2.0,,2026-07-24T11:49:01.984606+08:00
2890,2021-09-06,-19296,1185090,-35114,1130680,4500.0,43.0,-290.0,0.0,,2026-07-24T11:49:01.984606+08:00
2890,2021-09-07,-11555,-167000,-20027,-198582,4875.0,43.0,375.0,0.0,,2026-07-24T11:49:01.984606+08:00
2890,2021-09-08,-1567839,2955298,372000,1759459,5076.0,44.0,201.0,1.0,,2026-07-24T11:49:01.984606+08:00
2890,2021-09-09,-207166,701395,137000,631229,4700.0,44.0,-376.0,0.0,,2026-07-24T11:49:01.984606+08:00
2890,2021-09-10,-11718,1158200,0,1146482,4665.0,44.0,-35.0,0.0,,2026-07-24T11:49:01.984606+08:00
2890,2021-09-13,0,5330538,0,5330538,4787.0,44.0,122.0,0.0,,2026-07-24T11:49:01.984606+08:00
2890,2021-09-14,-4521162,1768193,21000,-2731969,5736.0,75.0,949.0,31.0,,2026-07-24T11:49:01.984606+08:00
2890,2021-09-15,-1298379,4949000,12000,3662621,5443.0,49.0,-293.0,-26.0,,2026-07-24T11:49:01.984606+08:00
2890,2021-09-16,-281167,1405000,3000,1126833,5230.0,49.0,-213.0,0.0,,2026-07-24T11:49:01.984606+08:00
2890,2021-09-17,64962,-5239507,7271451,2096906,5176.0,49.0,-54.0,0.0,,2026-07-24T11:49:01.984606+08:00
2890,2021-09-22,-1787578,-6122135,2593783,-5315930,5672.0,66.0,496.0,17.0,,2026-07-24T11:49:01.984606+08:00
2890,2021-09-23,545,-3218385,14000,-3203840,5733.0,66.0,61.0,0.0,,2026-07-24T11:49:01.984606+08:00
2890,2021-09-24,-400000,81160,0,-318840,6009.0,65.0,276.0,-1.0,,2026-07-24T11:49:01.984606+08:00
2890,2021-09-27,14000,3323676,160147,3497823,6040.0,65.0,31.0,0.0,,2026-07-24T11:49:01.984606+08:00
2890,2021-09-28,-92556,-6169309,224008,-6037857,6046.0,65.0,6.0,0.0,,2026-07-24T11:49:01.984606+08:00
2890,2021-09-29,-2077315,417753,1238409,-421153,6125.0,67.0,79.0,2.0,,2026-07-24T11:49:01.984606+08:00
2890,2021-09-30,-115999,-2144027,83778,-2176248,6034.0,66.0,-91.0,-1.0,,2026-07-24T11:49:01.984606+08:00
2890,2021-10-01,-282159,-13107013,1251000,-12138172,5516.0,45.0,-518.0,-21.0,,2026-07-24T11:49:01.984606+08:00
2890,2021-10-04,310,-784000,1304497,520807,5332.0,50.0,-184.0,5.0,,2026-07-24T11:49:01.984606+08:00
2890,2021-10-05,87665,1288000,180000,1555665,5788.0,45.0,456.0,-5.0,,2026-07-24T11:49:01.984606+08:00
2890,2021-10-06,-838995,2062425,1682000,2905430,5181.0,47.0,-607.0,2.0,,2026-07-24T11:49:01.984606+08:00
2890,2021-10-07,516000,3556000,38000,4110000,5668.0,46.0,487.0,-1.0,,2026-07-24T11:49:01.984606+08:00
2890,2021-10-08,23036,-5566400,36000,-5507364,6080.0,46.0,412.0,0.0,,2026-07-24T11:49:01.984606+08:00
2890,2021-10-12,-110099,-1953086,38152,-2025033,6056.0,47.0,-24.0,1.0,,2026-07-24T11:49:01.984606+08:00
2890,2021-10-13,253000,3328000,65152,3646152,6009.0,58.0,-47.0,11.0,,2026-07-24T11:49:01.984606+08:00
2890,2021-10-14,50550,-1977280,29152,-1897578,6107.0,47.0,98.0,-11.0,,2026-07-24T11:49:01.984606+08:00
2890,2021-10-15,126768,-1459329,29152,-1303409,6128.0,38.0,21.0,-9.0,,2026-07-24T11:49:01.984606+08:00
2890,2021-10-18,117160,2295260,41233,2453653,6110.0,49.0,-18.0,11.0,,2026-07-24T11:49:01.984606+08:00
2890,2021-10-19,251000,2588450,1827192,4666642,6439.0,48.0,329.0,-1.0,,2026-07-24T11:49:01.984606+08:00
2890,2021-10-20,18000,-2669400,67037,-2584363,7040.0,48.0,601.0,0.0,,2026-07-24T11:49:01.984606+08:00
2890,2021-10-21,11538,2449355,238357,2699250,6841.0,52.0,-199.0,4.0,,2026-07-24T11:49:01.984606+08:00
2890,2021-10-22,-158,-918585,1589436,670693,6478.0,43.0,-363.0,-9.0,,2026-07-24T11:49:01.984606+08:00
2890,2021-10-25,-16797,3869216,-128000,3724419,6239.0,43.0,-239.0,0.0,,2026-07-24T11:49:01.984606+08:00
2890,2021-10-26,6000,3822260,0,3828260,6130.0,42.0,-109.0,-1.0,,2026-07-24T11:49:01.984606+08:00
2890,2021-10-27,172889,-89603,0,83286,6089.0,42.0,-41.0,0.0,,2026-07-24T11:49:01.984606+08:00
2890,2021-10-28,4305,86387,0,90692,5987.0,41.0,-102.0,-1.0,,2026-07-24T11:49:01.984606+08:00
2890,2021-10-29,-197269,-1048264,1094000,-151533,5907.0,42.0,-80.0,1.0,,2026-07-24T11:49:01.984606+08:00
2890,2021-11-01,156000,-611476,121000,-334476,5747.0,42.0,-160.0,0.0,,2026-07-24T11:49:01.984606+08:00
2890,2021-11-02,151000,-3537035,1366000,-2020035,5458.0,42.0,-289.0,0.0,,2026-07-24T11:49:01.984606+08:00
2890,2021-11-03,-32000,-1020227,49000,-1003227,5430.0,42.0,-28.0,0.0,,2026-07-24T11:49:01.984606+08:00
2890,2021-11-04,121000,-868433,-149000,-896433,5307.0,42.0,-123.0,0.0,,2026-07-24T11:49:01.984606+08:00
2890,2021-11-05,-52,-2182396,1928000,-254448,5102.0,44.0,-205.0,2.0,,2026-07-24T11:49:01.984606+08:00
2890,2021-11-08,-54000,2007593,520000,2473593,5000.0,44.0,-102.0,0.0,,2026-07-24T11:49:01.984606+08:00
2890,2021-11-09,214524,1098614,364951,1678089,4899.0,44.0,-101.0,0.0,,2026-07-24T11:49:01.984606+08:00
2890,2021-11-10,340000,1944000,1505000,3789000,4896.0,44.0,-3.0,0.0,,2026-07-24T11:49:01.984606+08:00
2890,2021-11-11,-4633,10683000,905000,11583367,4726.0,42.0,-170.0,-2.0,,2026-07-24T11:49:01.984606+08:00
2890,2021-11-12,263660,11057000,677000,11997660,4616.0,83.0,-110.0,41.0,,2026-07-24T11:49:01.984606+08:00
2890,2021-11-15,378000,2090653,560000,3028653,4728.0,44.0,112.0,-39.0,,2026-07-24T11:49:01.984606+08:00
2890,2021-11-16,-81000,-2279060,3011000,650940,4713.0,44.0,-15.0,0.0,,2026-07-24T11:49:01.984606+08:00
2890,2021-11-17,304000,5384000,1347000,7035000,4897.0,60.0,184.0,16.0,,2026-07-24T11:49:01.984606+08:00
2890,2021-11-18,55488,5567691,136000,5759179,5640.0,70.0,743.0,10.0,,2026-07-24T11:49:01.984606+08:00
2890,2021-11-19,289000,-2392873,152795,-1951078,5509.0,84.0,-131.0,14.0,,2026-07-24T11:49:01.984606+08:00
2890,2021-11-22,240832,1978400,46000,2265232,6118.0,80.0,609.0,-4.0,,2026-07-24T11:49:01.984606+08:00
2890,2021-11-23,215911,2913012,82000,3210923,5485.0,82.0,-633.0,2.0,,2026-07-24T11:49:01.984606+08:00
2890,2021-11-24,490281,3090481,50000,3630762,5301.0,84.0,-184.0,2.0,,2026-07-24T11:49:01.984606+08:00
2890,2021-11-25,197728,-4096025,16000,-3882297,5299.0,84.0,-2.0,0.0,,2026-07-24T11:49:01.984606+08:00
2890,2021-11-26,282360,-722091,74000,-365731,5162.0,86.0,-137.0,2.0,,2026-07-24T11:49:01.984606+08:00
2890,2021-11-29,343083,3092317,109390,3544790,5444.0,53.0,282.0,-33.0,,2026-07-24T11:49:01.984606+08:00
2890,2021-11-30,760610,3336082,-6738000,-2641308,5317.0,101.0,-127.0,48.0,,2026-07-24T11:49:01.984606+08:00
2890,2021-12-01,1339368,2581378,-1487000,2433746,5195.0,56.0,-122.0,-45.0,,2026-07-24T11:49:01.984606+08:00
2890,2021-12-02,-1289,595652,0,594363,5129.0,56.0,-66.0,0.0,,2026-07-24T11:49:01.984606+08:00
2890,2021-12-03,-56168,2479441,0,2423273,5369.0,56.0,240.0,0.0,,2026-07-24T11:49:01.984606+08:00
2890,2021-12-06,-130389,2170664,12000,2052275,5343.0,56.0,-26.0,0.0,,2026-07-24T11:49:01.984606+08:00
2890,2021-12-07,-129501,-231718,-3000,-364219,5471.0,56.0,128.0,0.0,,2026-07-24T11:49:01.984606+08:00
2890,2021-12-08,134000,-81265,-2000,50735,5455.0,56.0,-16.0,0.0,,2026-07-24T11:49:01.984606+08:00
2890,2021-12-09,-80000,5590000,-2000,5508000,5284.0,57.0,-171.0,1.0,,2026-07-24T11:49:01.984606+08:00
2890,2021-12-10,-274000,6808000,150000,6684000,5466.0,57.0,182.0,0.0,,2026-07-24T11:49:01.984606+08:00
2890,2021-12-13,-79000,-9159945,0,-9238945,5501.0,57.0,35.0,0.0,,2026-07-24T11:49:01.984606+08:00
2890,2021-12-14,79383,-1300000,11000,-1209617,5269.0,53.0,-232.0,-4.0,,2026-07-24T11:49:01.984606+08:00
2890,2021-12-15,15015,-5470976,26000,-5429961,8890.0,53.0,3621.0,0.0,,2026-07-24T11:49:01.984606+08:00
2890,2021-12-16,-40006,-4350707,-217000,-4607713,5857.0,53.0,-3033.0,0.0,,2026-07-24T11:49:01.984606+08:00
2890,2021-12-17,-8000,-2115292,-310000,-2433292,5755.0,57.0,-102.0,4.0,,2026-07-24T11:49:01.984606+08:00
2890,2021-12-20,-448996,-6607063,-225770,-7281829,5718.0,60.0,-37.0,3.0,,2026-07-24T11:49:01.984606+08:00
2890,2021-12-21,-142,1321000,44306,1365164,5409.0,58.0,-309.0,-2.0,,2026-07-24T11:49:01.984606+08:00
2890,2021-12-22,56000,-2969274,30000,-2883274,5591.0,58.0,182.0,0.0,,2026-07-24T11:49:01.984606+08:00
2890,2021-12-23,0,3124257,28000,3152257,5210.0,64.0,-381.0,6.0,,2026-07-24T11:49:01.984606+08:00
2890,2021-12-24,60000,285900,0,345900,5094.0,65.0,-116.0,1.0,,2026-07-24T11:49:01.984606+08:00
2890,2021-12-27,-273,224026,-124000,99753,5078.0,65.0,-16.0,0.0,,2026-07-24T11:49:01.984606+08:00
2890,2021-12-28,11000,3090000,-38000,3063000,5330.0,67.0,252.0,2.0,,2026-07-24T11:49:01.984606+08:00
2890,2021-12-29,248000,4080575,12000,4340575,5316.0,72.0,-14.0,5.0,,2026-07-24T11:49:01.984606+08:00
2890,2021-12-30,14067,-4130300,-42000,-4158233,5175.0,74.0,-141.0,2.0,,2026-07-24T11:49:01.984606+08:00
2890,2022-01-03,42000,-125000,-73000,-156000,5150.0,74.0,-25.0,0.0,,2026-07-24T11:49:01.984606+08:00
2890,2022-01-04,-74000,-1662700,164000,-1572700,5168.0,75.0,18.0,1.0,,2026-07-24T11:49:01.984606+08:00
2890,2022-01-05,-30319,-1134246,422360,-742205,5165.0,75.0,-3.0,0.0,,2026-07-24T11:49:01.984606+08:00
2890,2022-01-06,82000,5322038,-45000,5359038,5498.0,79.0,333.0,4.0,,2026-07-24T11:49:01.984606+08:00
2890,2022-01-07,-85143,-514323,766000,166534,6397.0,86.0,899.0,7.0,,2026-07-24T11:49:01.984606+08:00
2890,2022-01-10,-380990,-14041938,526000,-13896928,6602.0,151.0,205.0,65.0,,2026-07-24T11:49:01.984606+08:00
2890,2022-01-11,34491,-14323256,208000,-14080765,9032.0,85.0,2430.0,-66.0,,2026-07-24T11:49:01.984606+08:00
2890,2022-01-12,83086,-12240609,639000,-11518523,9225.0,85.0,193.0,0.0,,2026-07-24T11:49:01.984606+08:00
2890,2022-01-13,185000,3873980,1232000,5290980,10328.0,108.0,1103.0,23.0,,2026-07-24T11:49:01.984606+08:00
2890,2022-01-14,-251000,934394,1171352,1854746,10784.0,103.0,456.0,-5.0,,2026-07-24T11:49:01.984606+08:00
2890,2022-01-17,-120791,-2818000,1082173,-1856618,10768.0,106.0,-16.0,3.0,,2026-07-24T11:49:01.984606+08:00
2890,2022-01-18,215000,7142766,-219857,7137909,10201.0,130.0,-567.0,24.0,,2026-07-24T11:49:01.984606+08:00
2890,2022-01-19,336000,2054732,69000,2459732,9489.0,275.0,-712.0,145.0,,2026-07-24T11:49:01.984606+08:00
2890,2022-01-20,126926,-5599555,1200000,-4272629,9048.0,223.0,-441.0,-52.0,,2026-07-24T11:49:01.984606+08:00
2890,2022-01-21,-479000,-2968615,1360000,-2087615,8291.0,199.0,-757.0,-24.0,,2026-07-24T11:49:01.984606+08:00
2890,2022-01-24,104000,1466900,195000,1765900,8012.0,161.0,-279.0,-38.0,,2026-07-24T11:49:01.984606+08:00
2890,2022-01-25,-1114799,-3946756,1520000,-3541555,8082.0,156.0,70.0,-5.0,,2026-07-24T11:49:01.984606+08:00
2890,2022-01-26,5627,491169,382000,878796,7973.0,166.0,-109.0,10.0,,2026-07-24T11:49:01.984606+08:00
2890,2022-02-07,-181359,-1513472,778000,-916831,8091.0,189.0,118.0,23.0,,2026-07-24T11:49:01.984606+08:00
2890,2022-02-08,-123000,4650317,2096000,6623317,7749.0,196.0,-342.0,7.0,,2026-07-24T11:49:01.984606+08:00
2890,2022-02-09,310000,367000,1271000,1948000,7671.0,179.0,-78.0,-17.0,,2026-07-24T11:49:01.984606+08:00
2890,2022-02-10,-120000,-3362455,1365000,-2117455,7662.0,179.0,-9.0,0.0,,2026-07-24T11:49:01.984606+08:00
2890,2022-02-11,3223,-477800,1115000,640423,7516.0,179.0,-146.0,0.0,,2026-07-24T11:49:01.984606+08:00
2890,2022-02-14,-18000,1728943,2366000,4076943,7827.0,189.0,311.0,10.0,,2026-07-24T11:49:01.984606+08:00
2890,2022-02-15,832000,-7220999,1855000,-4533999,7449.0,186.0,-378.0,-3.0,,2026-07-24T11:49:01.984606+08:00
2890,2022-02-16,206000,-1429156,1890000,666844,7420.0,177.0,-29.0,-9.0,,2026-07-24T11:49:01.984606+08:00
2890,2022-02-17,195000,-859700,1002000,337300,7777.0,170.0,357.0,-7.0,,2026-07-24T11:49:01.984606+08:00
2890,2022-02-18,19000,-3136766,1153000,-1964766,7515.0,169.0,-262.0,-1.0,,2026-07-24T11:49:01.984606+08:00
2890,2022-02-21,22000,-401120,2191431,1812311,7185.0,169.0,-330.0,0.0,,2026-07-24T11:49:01.984606+08:00
2890,2022-02-22,-298030,-8078365,4084000,-4292395,6591.0,158.0,-594.0,-11.0,,2026-07-24T11:49:01.984606+08:00
2890,2022-02-23,328000,-5781700,2873000,-2580700,6686.0,162.0,95.0,4.0,,2026-07-24T11:49:01.984606+08:00
2890,2022-02-24,-213000,-8706000,3671000,-5248000,6276.0,191.0,-410.0,29.0,,2026-07-24T11:49:01.984606+08:00
2890,2022-02-25,74000,-11582451,4618000,-6890451,6861.0,194.0,585.0,3.0,,2026-07-24T11:49:01.984606+08:00
2890,2022-03-01,321000,-4627727,2351000,-1955727,6654.0,203.0,-207.0,9.0,,2026-07-24T11:49:01.984606+08:00
2890,2022-03-02,1075000,3094083,1110000,5279083,6276.0,192.0,-378.0,-11.0,,2026-07-24T11:49:01.984606+08:00
2890,2022-03-03,28000,1093817,-45000,1076817,6011.0,192.0,-265.0,0.0,,2026-07-24T11:49:01.984606+08:00
2890,2022-03-04,-105065,-13385331,15000,-13475396,6096.0,194.0,85.0,2.0,,2026-07-24T11:49:01.984606+08:00
2890,2022-03-07,-202081,-13174000,4174000,-9202081,5608.0,172.0,-488.0,-22.0,,2026-07-24T11:49:01.984606+08:00
2890,2022-03-08,260394,-18251037,3777000,-14213643,5521.0,177.0,-87.0,5.0,,2026-07-24T11:49:01.984606+08:00
2890,2022-03-09,-21000,-9887878,782000,-9126878,5475.0,172.0,-46.0,-5.0,,2026-07-24T11:49:01.984606+08:00
2890,2022-03-10,4000,3464970,24000,3492970,5535.0,161.0,60.0,-11.0,,2026-07-24T11:49:01.984606+08:00
2890,2022-03-11,18000,-848200,-28000,-858200,5503.0,165.0,-32.0,4.0,,2026-07-24T11:49:01.984606+08:00
2890,2022-03-14,0,2238754,745000,2983754,5930.0,161.0,427.0,-4.0,,2026-07-24T11:49:01.984606+08:00
2890,2022-03-15,-336000,2027110,788000,2479110,6049.0,162.0,119.0,1.0,,2026-07-24T11:49:01.984606+08:00
2890,2022-03-16,-22000,3611589,44000,3633589,6026.0,166.0,-23.0,4.0,,2026-07-24T11:49:01.984606+08:00
2890,2022-03-17,-6000,10524182,6000,10524182,6624.0,142.0,598.0,-24.0,,2026-07-24T11:49:01.984606+08:00
2890,2022-03-18,-1000,-12881050,1181000,-11701050,6905.0,17.0,281.0,-125.0,,2026-07-24T11:49:01.984606+08:00
2890,2022-03-21,-5000,-1852300,-20000,-1877300,7322.0,0.0,417.0,-17.0,,2026-07-24T11:49:01.984606+08:00
2890,2022-03-22,31000,5070463,1389000,6490463,6151.0,0.0,-1171.0,0.0,,2026-07-24T11:49:01.984606+08:00
2890,2022-03-23,148408,837000,-63000,922408,6328.0,0.0,177.0,0.0,,2026-07-24T11:49:01.984606+08:00
2890,2022-03-24,47000,8689000,-4000,8732000,6329.0,0.0,1.0,0.0,,2026-07-24T11:49:01.984606+08:00
2890,2022-03-25,-13198,-2170169,21000,-2162367,6110.0,0.0,-219.0,0.0,,2026-07-24T11:49:01.984606+08:00
2890,2022-03-28,4073,4243275,740000,4987348,6677.0,13.0,567.0,13.0,,2026-07-24T11:49:01.984606+08:00
2890,2022-03-29,-227000,-7122304,16000,-7333304,6889.0,13.0,212.0,0.0,,2026-07-24T11:49:01.984606+08:00
2890,2022-03-30,422990,55915228,10000,56348218,6365.0,119.0,-524.0,106.0,,2026-07-24T11:49:01.984606+08:00
2890,2022-03-31,758000,3801429,-65000,4494429,6929.0,271.0,564.0,152.0,,2026-07-24T11:49:01.984606+08:00
2890,2022-04-01,68000,2794989,497000,3359989,6696.0,309.0,-233.0,38.0,,2026-07-24T11:49:01.984606+08:00
2890,2022-04-06,448000,-5840656,1103000,-4289656,7793.0,309.0,1097.0,0.0,,2026-07-24T11:49:01.984606+08:00
2890,2022-04-07,-280675,-6503739,669000,-6115414,7941.0,286.0,148.0,-23.0,,2026-07-24T11:49:01.984606+08:00
2890,2022-04-08,-327999,2988850,1113000,3773851,7820.0,324.0,-121.0,38.0,,2026-07-24T11:49:01.984606+08:00
2890,2022-04-11,-57826,-3574194,943000,-2689020,7705.0,318.0,-115.0,-6.0,,2026-07-24T11:49:01.984606+08:00
2890,2022-04-12,-277969,-1500923,424000,-1354892,8386.0,317.0,681.0,-1.0,,2026-07-24T11:49:01.984606+08:00
2890,2022-04-13,317000,4741248,27000,5085248,7928.0,325.0,-458.0,8.0,,2026-07-24T11:49:01.984606+08:00
2890,2022-04-14,182047,-4052090,246000,-3624043,6000.0,303.0,-1928.0,-22.0,,2026-07-24T11:49:01.984606+08:00
2890,2022-04-15,166000,286175,2090000,2542175,5830.0,158.0,-170.0,-145.0,,2026-07-24T11:49:01.984606+08:00
2890,2022-04-18,297000,-5275750,3300000,-1678750,4883.0,242.0,-947.0,84.0,,2026-07-24T11:49:01.984606+08:00
2890,2022-04-19,110000,4465000,680000,5255000,5498.0,235.0,615.0,-7.0,,2026-07-24T11:49:01.984606+08:00
2890,2022-04-20,32003,-4762768,469000,-4261765,5543.0,35.0,45.0,-200.0,,2026-07-24T11:49:01.984606+08:00
2890,2022-04-21,-144997,-3796534,270000,-3671531,4982.0,35.0,-561.0,0.0,,2026-07-24T11:49:01.984606+08:00
2890,2022-04-22,-11318,-1672513,1048000,-635831,5473.0,26.0,491.0,-9.0,,2026-07-24T11:49:01.984606+08:00
2890,2022-04-25,-14552,-12485416,2933000,-9566968,5757.0,30.0,284.0,4.0,,2026-07-24T11:49:01.984606+08:00
2890,2022-04-26,-105000,474875,816000,1185875,5761.0,28.0,4.0,-2.0,,2026-07-24T11:49:01.984606+08:00
2890,2022-04-27,-458280,-6684802,2159000,-4984082,5867.0,52.0,106.0,24.0,,2026-07-24T11:49:01.984606+08:00
2890,2022-04-28,25699,-7183342,289000,-6868643,5824.0,39.0,-43.0,-13.0,,2026-07-24T11:49:01.984606+08:00
2890,2022-04-29,-91000,542000,1157000,1608000,5771.0,44.0,-53.0,5.0,,2026-07-24T11:49:01.984606+08:00
2890,2022-05-03,-69000,-3653100,1728000,-1994100,5784.0,51.0,13.0,7.0,,2026-07-24T11:49:01.984606+08:00
2890,2022-05-04,18000,-2210100,2267000,74900,5720.0,51.0,-64.0,0.0,,2026-07-24T11:49:01.984606+08:00
2890,2022-05-05,15981,-5480795,2104000,-3360814,4992.0,50.0,-728.0,-1.0,,2026-07-24T11:49:01.984606+08:00
2890,2022-05-06,92643,-8410292,2200000,-6117649,5067.0,65.0,75.0,15.0,,2026-07-24T11:49:01.984606+08:00
2890,2022-05-09,248633,557144,4239000,5044777,4930.0,65.0,-137.0,0.0,,2026-07-24T11:49:01.984606+08:00
2890,2022-05-10,187000,1470601,3812000,5469601,4356.0,65.0,-574.0,0.0,,2026-07-24T11:49:01.984606+08:00
2890,2022-05-11,-62789,-2475883,3467000,928328,4339.0,92.0,-17.0,27.0,,2026-07-24T11:49:01.984606+08:00
2890,2022-05-12,-66506,-6995179,2004000,-5057685,4260.0,80.0,-79.0,-12.0,,2026-07-24T11:49:01.984606+08:00
2890,2022-05-13,562000,-2755556,2405000,211444,4195.0,99.0,-65.0,19.0,,2026-07-24T11:49:01.984606+08:00
2890,2022-05-16,558931,-3495382,3585000,648549,4321.0,112.0,126.0,13.0,,2026-07-24T11:49:01.984606+08:00
2890,2022-05-17,926000,-3039896,13000,-2100896,4621.0,91.0,300.0,-21.0,,2026-07-24T11:49:01.984606+08:00
2890,2022-05-18,423000,3976982,1635000,6034982,4177.0,90.0,-444.0,-1.0,,2026-07-24T11:49:01.984606+08:00
2890,2022-05-19,246497,112728,-10000,349225,4721.0,87.0,544.0,-3.0,,2026-07-24T11:49:01.984606+08:00
2890,2022-05-20,-526000,10616140,278000,10368140,4754.0,90.0,33.0,3.0,,2026-07-24T11:49:01.984606+08:00
2890,2022-05-23,-16000,-6514857,8864782,2333925,4016.0,676.0,-738.0,586.0,,2026-07-24T11:49:01.984606+08:00
2890,2022-05-24,250000,-1565900,-771353,-2087253,4139.0,675.0,123.0,-1.0,,2026-07-24T11:49:01.984606+08:00
2890,2022-05-25,747000,6406264,-5333381,1819883,4085.0,675.0,-54.0,0.0,,2026-07-24T11:49:01.984606+08:00
2890,2022-05-26,-157000,7111774,-7006419,-51645,4072.0,674.0,-13.0,-1.0,,2026-07-24T11:49:01.984606+08:00
2890,2022-05-27,180772,19626000,-7262714,12544058,3980.0,659.0,-92.0,-15.0,,2026-07-24T11:49:01.984606+08:00
2890,2022-05-30,160751,9842418,-5447478,4555691,3956.0,658.0,-24.0,-1.0,,2026-07-24T11:49:01.984606+08:00
2890,2022-05-31,-366413,13001973,-8216833,4418727,3995.0,63.0,39.0,-595.0,,2026-07-24T11:49:01.984606+08:00
2890,2022-06-01,-591243,-2533987,-421461,-3546691,3990.0,62.0,-5.0,-1.0,,2026-07-24T11:49:01.984606+08:00
2890,2022-06-02,62335,1002302,-851922,212715,3995.0,62.0,5.0,0.0,,2026-07-24T11:49:01.984606+08:00
2890,2022-06-06,-47989,-4121050,-168822,-4337861,4056.0,63.0,61.0,1.0,,2026-07-24T11:49:01.984606+08:00
2890,2022-06-07,82604,-3812586,-83255,-3813237,4000.0,65.0,-56.0,2.0,,2026-07-24T11:49:01.984606+08:00
2890,2022-06-08,280000,-486160,-16000,-222160,3959.0,65.0,-41.0,0.0,,2026-07-24T11:49:01.984606+08:00
2890,2022-06-09,-22387,-2448000,0,-2470387,3996.0,92.0,37.0,27.0,,2026-07-24T11:49:01.984606+08:00
2890,2022-06-10,118000,-4933736,0,-4815736,3979.0,100.0,-17.0,8.0,,2026-07-24T11:49:01.984606+08:00
2890,2022-06-13,-113968,-9668570,2511000,-7271538,4447.0,100.0,468.0,0.0,,2026-07-24T11:49:01.984606+08:00
2890,2022-06-14,-27804,-2808300,477000,-2359104,4392.0,54.0,-55.0,-46.0,,2026-07-24T11:49:01.984606+08:00
2890,2022-06-15,159548,340086,-248369,251265,4068.0,54.0,-324.0,0.0,,2026-07-24T11:49:01.984606+08:00
2890,2022-06-16,-178976,-373000,466000,-85976,4068.0,54.0,0.0,0.0,,2026-07-24T11:49:01.984606+08:00
2890,2022-06-17,42316,-769151,-1428760,-2155595,4073.0,96.0,5.0,42.0,,2026-07-24T11:49:01.984606+08:00
2890,2022-06-20,69436,5881040,-808000,5142476,4098.0,96.0,25.0,0.0,,2026-07-24T11:49:01.984606+08:00
2890,2022-06-21,1209000,5177056,-1858949,4527107,4031.0,114.0,-67.0,18.0,,2026-07-24T11:49:01.984606+08:00
2890,2022-06-22,309953,-3470308,1134000,-2026355,4072.0,105.0,41.0,-9.0,,2026-07-24T11:49:01.984606+08:00
2890,2022-06-23,1540000,-4036992,692000,-1804992,4055.0,105.0,-17.0,0.0,,2026-07-24T11:49:01.984606+08:00
2890,2022-06-24,2839000,-2855048,-1478029,-1494077,4145.0,84.0,90.0,-21.0,,2026-07-24T11:49:01.984606+08:00
2890,2022-06-27,483000,-2760970,-1022000,-3299970,4162.0,77.0,17.0,-7.0,,2026-07-24T11:49:01.984606+08:00
2890,2022-06-28,-128935,-733855,475000,-387790,4197.0,78.0,35.0,1.0,,2026-07-24T11:49:01.984606+08:00
2890,2022-06-29,-21000,-595739,1065000,448261,4206.0,83.0,9.0,5.0,,2026-07-24T11:49:01.984606+08:00
2890,2022-06-30,97154,-7678400,3226000,-4355246,4127.0,84.0,-79.0,1.0,,2026-07-24T11:49:01.984606+08:00
2890,2022-07-01,1246908,-4610186,1262000,-2101278,4305.0,88.0,178.0,4.0,,2026-07-24T11:49:01.984606+08:00
2890,2022-07-04,1421000,-2756225,1641000,305775,4379.0,119.0,74.0,31.0,,2026-07-24T11:49:01.984606+08:00
2890,2022-07-05,998073,-413487,1238000,1822586,4338.0,126.0,-41.0,7.0,,2026-07-24T11:49:01.984606+08:00
2890,2022-07-06,55134,-3249469,993000,-2201335,4465.0,114.0,127.0,-12.0,,2026-07-24T11:49:01.984606+08:00
2890,2022-07-07,198124,-582961,1402000,1017163,4545.0,103.0,80.0,-11.0,,2026-07-24T11:49:01.984606+08:00
2890,2022-07-08,-18900,-2551800,795000,-1775700,4472.0,100.0,-73.0,-3.0,,2026-07-24T11:49:01.984606+08:00
2890,2022-07-11,-70426,-3491919,345000,-3217345,4637.0,77.0,165.0,-23.0,,2026-07-24T11:49:01.984606+08:00
2890,2022-07-12,-123976,-928580,2391000,1338444,4773.0,125.0,136.0,48.0,,2026-07-24T11:49:01.984606+08:00
2890,2022-07-13,787805,-2326400,997000,-541595,4919.0,128.0,146.0,3.0,,2026-07-24T11:49:01.984606+08:00
2890,2022-07-14,40635,1809647,454000,2304282,4844.0,189.0,-75.0,61.0,,2026-07-24T11:49:01.984606+08:00
2890,2022-07-15,-22512,-3571895,-925000,-4519407,5048.0,207.0,204.0,18.0,,2026-07-24T11:49:01.984606+08:00
2890,2022-07-18,35023,-6407244,12409000,6036779,4905.0,188.0,-143.0,-19.0,,2026-07-24T11:49:01.984606+08:00
2890,2022-07-19,214000,1856731,12250000,14320731,4628.0,154.0,-277.0,-34.0,,2026-07-24T11:49:01.984606+08:00
2890,2022-07-20,-154319,-9840373,11291103,1296411,5404.0,155.0,776.0,1.0,,2026-07-24T11:49:01.984606+08:00
2890,2022-07-21,-8373,-7276851,11269000,3983776,5433.0,162.0,29.0,7.0,,2026-07-24T11:49:01.984606+08:00
2890,2022-07-22,95000,-5223379,10439132,5310753,4773.0,140.0,-660.0,-22.0,,2026-07-24T11:49:01.984606+08:00
2890,2022-07-25,185004,-3800,795000,976204,4785.0,139.0,12.0,-1.0,,2026-07-24T11:49:01.984606+08:00
2890,2022-07-26,8219,-3166120,1109000,-2048901,4784.0,145.0,-1.0,6.0,,2026-07-24T11:49:01.984606+08:00
2890,2022-07-27,-449,-289362,996000,706189,4648.0,135.0,-136.0,-10.0,,2026-07-24T11:49:01.984606+08:00
2890,2022-07-28,296556,-3219323,157000,-2765767,4580.0,128.0,-68.0,-7.0,,2026-07-24T11:49:01.984606+08:00
2890,2022-07-29,166000,-4348200,1019000,-3163200,4442.0,322.0,-138.0,194.0,,2026-07-24T11:49:01.984606+08:00
2890,2022-08-01,100451,-5813700,1462000,-4251249,4425.0,115.0,-17.0,-207.0,,2026-07-24T11:49:01.984606+08:00
2890,2022-08-02,108143,-6446178,4820000,-1518035,4347.0,91.0,-78.0,-24.0,,2026-07-24T11:49:01.984606+08:00
2890,2022-08-03,-46859,-6643391,1290000,-5400250,4228.0,77.0,-119.0,-14.0,,2026-07-24T11:49:01.984606+08:00
2890,2022-08-04,-92188,-2181315,2166000,-107503,4081.0,2.0,-147.0,-75.0,,2026-07-24T11:49:01.984606+08:00
2890,2022-08-05,109122,-1752000,2959000,1316122,3758.0,0.0,-323.0,-2.0,,2026-07-24T11:49:01.984606+08:00
2890,2022-08-08,215000,-5304000,3590000,-1499000,3555.0,0.0,-203.0,0.0,,2026-07-24T11:49:01.984606+08:00
2890,2022-08-09,6717000,-4724266,3598000,5590734,3182.0,0.0,-373.0,0.0,,2026-07-24T11:49:01.984606+08:00
2890,2022-08-10,-6000,12614550,407000,13015550,3037.0,12.0,-145.0,12.0,,2026-07-24T11:49:01.984606+08:00
2890,2022-08-11,233648,4845531,-41000,5038179,3372.0,24.0,335.0,12.0,,2026-07-24T11:49:01.984606+08:00
2890,2022-08-12,40000,-187000,2600000,2453000,3374.0,24.0,2.0,0.0,,2026-07-24T11:49:01.984606+08:00
2890,2022-08-15,62407,865250,257000,1184657,4312.0,21.0,938.0,-3.0,,2026-07-24T11:49:01.984606+08:00
2890,2022-08-16,-1517173,3428176,4759000,6670003,3168.0,21.0,-1144.0,0.0,,2026-07-24T11:49:01.984606+08:00
2890,2022-08-17,-524000,4035100,1442000,4953100,3075.0,21.0,-93.0,0.0,,2026-07-24T11:49:01.984606+08:00
2890,2022-08-18,-4201000,2102007,817000,-1281993,3104.0,22.0,29.0,1.0,,2026-07-24T11:49:01.984606+08:00
2890,2022-08-19,-1800669,2276439,2012000,2487770,3094.0,24.0,-10.0,2.0,,2026-07-24T11:49:01.984606+08:00
2890,2022-08-22,137999,-441548,2576000,2272451,3081.0,25.0,-13.0,1.0,,2026-07-24T11:49:01.984606+08:00
2890,2022-08-23,-136000,-1292570,3043000,1614430,3147.0,54.0,66.0,29.0,,2026-07-24T11:49:01.984606+08:00
2890,2022-08-24,19606,-3023215,2106156,-897453,3184.0,52.0,37.0,-2.0,,2026-07-24T11:49:01.984606+08:00
2890,2022-08-25,-28000,2394976,2962000,5328976,2934.0,61.0,-250.0,9.0,,2026-07-24T11:49:01.984606+08:00
2890,2022-08-26,145000,-894140,1549000,799860,2896.0,62.0,-38.0,1.0,,2026-07-24T11:49:01.984606+08:00
2890,2022-08-29,-1353292,-4675912,3227000,-2802204,3396.0,61.0,500.0,-1.0,,2026-07-24T11:49:01.984606+08:00
2890,2022-08-30,-182861,-2861386,1939000,-1105247,2949.0,65.0,-447.0,4.0,,2026-07-24T11:49:01.984606+08:00
2890,2022-08-31,39000,1069369,664000,1772369,2868.0,66.0,-81.0,1.0,,2026-07-24T11:49:01.984606+08:00
2890,2022-09-01,-1635431,-5357056,2936000,-4056487,2825.0,66.0,-43.0,0.0,,2026-07-24T11:49:01.984606+08:00
2890,2022-09-02,133016,-3454865,2249000,-1072849,2837.0,67.0,12.0,1.0,,2026-07-24T11:49:01.984606+08:00
2890,2022-09-05,523000,11603622,1106000,13232622,2786.0,112.0,-51.0,45.0,,2026-07-24T11:49:01.984606+08:00
2890,2022-09-06,-5000,974870,1828000,2797870,2730.0,109.0,-56.0,-3.0,,2026-07-24T11:49:01.984606+08:00
2890,2022-09-07,-1322000,646898,2648000,1972898,2660.0,107.0,-70.0,-2.0,,2026-07-24T11:49:01.984606+08:00
2890,2022-09-08,170985,9207727,1147000,10525712,2638.0,87.0,-22.0,-20.0,,2026-07-24T11:49:01.984606+08:00
2890,2022-09-12,238000,7312379,262000,7812379,2851.0,92.0,213.0,5.0,,2026-07-24T11:49:01.984606+08:00
2890,2022-09-13,349000,3303380,120000,3772380,2838.0,102.0,-13.0,10.0,,2026-07-24T11:49:01.984606+08:00
2890,2022-09-14,-312630,1322920,368277,1378567,2816.0,88.0,-22.0,-14.0,,2026-07-24T11:49:01.984606+08:00
2890,2022-09-15,-209853,3091901,21000,2903048,2964.0,91.0,148.0,3.0,,2026-07-24T11:49:01.984606+08:00
2890,2022-09-16,-333497,-90399262,118604825,27872066,3280.0,151.0,316.0,60.0,,2026-07-24T11:49:01.984606+08:00
2890,2022-09-19,-427291,-9577023,5087000,-4917314,2495.0,98.0,-785.0,-53.0,,2026-07-24T11:49:01.984606+08:00
2890,2022-09-20,188004,-6997469,1433000,-5376465,2449.0,103.0,-46.0,5.0,,2026-07-24T11:49:01.984606+08:00
2890,2022-09-21,-847173,-1241834,-591000,-2680007,2530.0,124.0,81.0,21.0,,2026-07-24T11:49:01.984606+08:00
2890,2022-09-22,-127065,-10430574,3829000,-6728639,2623.0,114.0,93.0,-10.0,,2026-07-24T11:49:01.984606+08:00
2890,2022-09-23,-246000,696310,319000,769310,2592.0,120.0,-31.0,6.0,,2026-07-24T11:49:01.984606+08:00
2890,2022-09-26,21352,-2827996,5561000,2754356,2707.0,113.0,115.0,-7.0,,2026-07-24T11:49:01.984606+08:00
2890,2022-09-27,-17942,-1947096,2177219,212181,2765.0,115.0,58.0,2.0,,2026-07-24T11:49:01.984606+08:00
2890,2022-09-28,132156,-386036,2934608,2680728,2690.0,131.0,-75.0,16.0,,2026-07-24T11:49:01.984606+08:00
2890,2022-09-29,130360,2807966,2025418,4963744,2719.0,146.0,29.0,15.0,,2026-07-24T11:49:01.984606+08:00
2890,2022-09-30,114320,4582142,2464000,7160462,2887.0,146.0,168.0,0.0,,2026-07-24T11:49:01.984606+08:00
2890,2022-10-03,119399,-4450140,2784335,-1546406,2880.0,182.0,-7.0,36.0,,2026-07-24T11:49:01.984606+08:00
2890,2022-10-04,203745,4194138,712926,5110809,2686.0,235.0,-194.0,53.0,,2026-07-24T11:49:01.984606+08:00
2890,2022-10-05,122000,1434390,487000,2043390,2622.0,233.0,-64.0,-2.0,,2026-07-24T11:49:01.984606+08:00
2890,2022-10-06,-207957,3010349,812000,3614392,2584.0,238.0,-38.0,5.0,,2026-07-24T11:49:01.984606+08:00
2890,2022-10-07,-19000,1683393,659000,2323393,2534.0,240.0,-50.0,2.0,,2026-07-24T11:49:01.984606+08:00
2890,2022-10-11,96338,-5170933,4560713,-513882,2502.0,235.0,-32.0,-5.0,,2026-07-24T11:49:01.984606+08:00
2890,2022-10-12,672000,649724,1253000,2574724,2590.0,247.0,88.0,12.0,,2026-07-24T11:49:01.984606+08:00
2890,2022-10-13,-86218,-5457331,3903000,-1640549,2070.0,265.0,-520.0,18.0,,2026-07-24T11:49:01.984606+08:00
2890,2022-10-14,479627,-1224711,341836,-403248,2254.0,199.0,184.0,-66.0,,2026-07-24T11:49:01.984606+08:00
2890,2022-10-17,522000,5315401,734727,6572128,2156.0,253.0,-98.0,54.0,,2026-07-24T11:49:01.984606+08:00
2890,2022-10-18,516364,126698,939472,1582534,2124.0,246.0,-32.0,-7.0,,2026-07-24T11:49:01.984606+08:00
2890,2022-10-19,78038,2024800,-3215000,-1112162,2057.0,505.0,-67.0,259.0,,2026-07-24T11:49:01.984606+08:00
2890,2022-10-20,109695,7325305,-8190000,-755000,2232.0,435.0,175.0,-70.0,,2026-07-24T11:49:01.984606+08:00
2890,2022-10-21,80000,7099404,-485000,6694404,2107.0,351.0,-125.0,-84.0,,2026-07-24T11:49:01.984606+08:00
2890,2022-10-24,1258050,-2352898,1149000,54152,2235.0,441.0,128.0,90.0,,2026-07-24T11:49:01.984606+08:00
2890,2022-10-25,1463050,3868429,899000,6230479,2290.0,414.0,55.0,-27.0,,2026-07-24T11:49:01.984606+08:00
2890,2022-10-26,1178260,6698560,645000,8521820,2232.0,347.0,-58.0,-67.0,,2026-07-24T11:49:01.984606+08:00
2890,2022-10-27,198843,4521405,189000,4909248,2254.0,336.0,22.0,-11.0,,2026-07-24T11:49:01.984606+08:00
2890,2022-10-28,287000,2835137,365000,3487137,2259.0,334.0,5.0,-2.0,,2026-07-24T11:49:01.984606+08:00
2890,2022-10-31,320996,488561,-308283,501274,2244.0,329.0,-15.0,-5.0,,2026-07-24T11:49:01.984606+08:00
2890,2022-11-01,376000,9426002,229000,10031002,2295.0,319.0,51.0,-10.0,,2026-07-24T11:49:01.984606+08:00
2890,2022-11-02,37101,-1982202,1070000,-875101,2528.0,294.0,233.0,-25.0,,2026-07-24T11:49:01.984606+08:00
2890,2022-11-03,56229,3466979,1307000,4830208,2544.0,300.0,16.0,6.0,,2026-07-24T11:49:01.984606+08:00
2890,2022-11-04,9671,16027660,1062000,17099331,2529.0,303.0,-15.0,3.0,,2026-07-24T11:49:01.984606+08:00
2890,2022-11-07,27382,4949789,640000,5617171,2853.0,309.0,324.0,6.0,,2026-07-24T11:49:01.984606+08:00
2890,2022-11-08,68000,13257608,1235000,14560608,2712.0,294.0,-141.0,-15.0,,2026-07-24T11:49:01.984606+08:00
2890,2022-11-09,31000,8530639,54000,8615639,2710.0,271.0,-2.0,-23.0,,2026-07-24T11:49:01.984606+08:00
2890,2022-11-10,85818,2414930,776000,3276748,2730.0,268.0,20.0,-3.0,,2026-07-24T11:49:01.984606+08:00
2890,2022-11-11,-159672,21448973,58000,21347301,2531.0,339.0,-199.0,71.0,,2026-07-24T11:49:01.984606+08:00
2890,2022-11-14,-85000,16759815,-918000,15756815,2495.0,392.0,-36.0,53.0,,2026-07-24T11:49:01.984606+08:00
2890,2022-11-15,-286000,8078565,-722000,7070565,2597.0,352.0,102.0,-40.0,,2026-07-24T11:49:01.984606+08:00
2890,2022-11-16,-901133,5846063,-13000,4931930,2593.0,353.0,-4.0,1.0,,2026-07-24T11:49:01.984606+08:00
2890,2022-11-17,75000,1628854,-422000,1281854,2383.0,349.0,-210.0,-4.0,,2026-07-24T11:49:01.984606+08:00
2890,2022-11-18,129793,6191251,-290000,6031044,2352.0,339.0,-31.0,-10.0,,2026-07-24T11:49:01.984606+08:00
2890,2022-11-21,389990,2327637,-59000,2658627,2363.0,660.0,11.0,321.0,,2026-07-24T11:49:01.984606+08:00
2890,2022-11-22,-66000,19622205,-2808000,16748205,2242.0,660.0,-121.0,0.0,,2026-07-24T11:49:01.984606+08:00
2890,2022-11-23,360000,15684930,-2431000,13613930,2092.0,378.0,-150.0,-282.0,,2026-07-24T11:49:01.984606+08:00
2890,2022-11-24,160000,11999001,-2563000,9596001,2128.0,375.0,36.0,-3.0,,2026-07-24T11:49:01.984606+08:00
2890,2022-11-25,235000,24535354,-2715000,22055354,2009.0,375.0,-119.0,0.0,,2026-07-24T11:49:01.984606+08:00
2890,2022-11-28,-548000,13845640,-2543000,10754640,1985.0,360.0,-24.0,-15.0,,2026-07-24T11:49:01.984606+08:00
2890,2022-11-29,41000,19347191,-2272000,17116191,1955.0,366.0,-30.0,6.0,,2026-07-24T11:49:01.984606+08:00
2890,2022-11-30,-92220,20153600,-3506272,16555108,1924.0,660.0,-31.0,294.0,,2026-07-24T11:49:01.984606+08:00
2890,2022-12-01,-128000,5063096,-2518000,2417096,2307.0,427.0,383.0,-233.0,,2026-07-24T11:49:01.984606+08:00
2890,2022-12-02,-1231000,10939522,-2648000,7060522,2593.0,340.0,286.0,-87.0,,2026-07-24T11:49:01.984606+08:00
2890,2022-12-05,265954,11293891,-1446000,10113845,2510.0,334.0,-83.0,-6.0,,2026-07-24T11:49:01.984606+08:00
2890,2022-12-06,232000,2573140,-578640,2226500,2533.0,331.0,23.0,-3.0,,2026-07-24T11:49:01.984606+08:00
2890,2022-12-07,-268000,9932500,0,9664500,2317.0,340.0,-216.0,9.0,,2026-07-24T11:49:01.984606+08:00
2890,2022-12-08,-310000,232750,674000,596750,2222.0,347.0,-95.0,7.0,,2026-07-24T11:49:01.984606+08:00
2890,2022-12-09,46000,2202903,0,2248903,2273.0,411.0,51.0,64.0,,2026-07-24T11:49:01.984606+08:00
2890,2022-12-12,-117000,3716181,941000,4540181,2280.0,376.0,7.0,-35.0,,2026-07-24T11:49:01.984606+08:00
2890,2022-12-13,72905,-9919220,565000,-9281315,2953.0,393.0,673.0,17.0,,2026-07-24T11:49:01.984606+08:00
2890,2022-12-14,326000,3025195,-28132,3323063,2906.0,367.0,-47.0,-26.0,,2026-07-24T11:49:01.984606+08:00
2890,2022-12-15,-154293,-2189430,-1028000,-3371723,3030.0,365.0,124.0,-2.0,,2026-07-24T11:49:01.984606+08:00
2890,2022-12-16,-225734,-45494929,26493000,-19227663,3369.0,361.0,339.0,-4.0,,2026-07-24T11:49:01.984606+08:00
2890,2022-12-19,11860,-46727330,26761000,-19954470,3215.0,510.0,-154.0,149.0,,2026-07-24T11:49:01.984606+08:00
2890,2022-12-20,241000,-35681457,28530000,-6910457,3381.0,570.0,166.0,60.0,,2026-07-24T11:49:01.984606+08:00
2890,2022-12-21,-266168,-37083859,30585000,-6765027,3436.0,336.0,55.0,-234.0,,2026-07-24T11:49:01.984606+08:00
2890,2022-12-22,-832100,-23245282,28812310,4734928,4055.0,1124.0,619.0,788.0,,2026-07-24T11:49:01.984606+08:00
2890,2022-12-23,234951,-16989673,546000,-16208722,4038.0,341.0,-17.0,-783.0,,2026-07-24T11:49:01.984606+08:00
2890,2022-12-26,187510,436999,974000,1598509,3657.0,375.0,-381.0,34.0,,2026-07-24T11:49:01.984606+08:00
2890,2022-12-27,481000,-1101784,438000,-182784,3623.0,374.0,-34.0,-1.0,,2026-07-24T11:49:01.984606+08:00
2890,2022-12-28,-62000,971944,1637000,2546944,3559.0,374.0,-64.0,0.0,,2026-07-24T11:49:01.984606+08:00
2890,2022-12-29,381000,-4083000,1810000,-1892000,3279.0,372.0,-280.0,-2.0,,2026-07-24T11:49:01.984606+08:00
2890,2022-12-30,297000,684963,13000,994963,3199.0,374.0,-80.0,2.0,,2026-07-24T11:49:01.984606+08:00
2890,2023-01-03,312537,-3014000,1103000,-1598463,3348.0,375.0,149.0,1.0,,2026-07-24T11:49:01.984606+08:00
2890,2023-01-04,262270,5212840,59000,5534110,3310.0,375.0,-38.0,0.0,,2026-07-24T11:49:01.984606+08:00
2890,2023-01-05,-10000,4061415,13000,4064415,3277.0,374.0,-33.0,-1.0,,2026-07-24T11:49:01.984606+08:00
2890,2023-01-06,422000,3251421,138000,3811421,3117.0,375.0,-160.0,1.0,,2026-07-24T11:49:01.984606+08:00
2890,2023-01-09,-255000,6918388,1782000,8445388,2806.0,341.0,-311.0,-34.0,,2026-07-24T11:49:01.984606+08:00
2890,2023-01-10,-253000,7322702,-19000,7050702,2731.0,341.0,-75.0,0.0,,2026-07-24T11:49:01.984606+08:00
2890,2023-01-11,268000,2412526,33000,2713526,2658.0,334.0,-73.0,-7.0,,2026-07-24T11:49:01.984606+08:00
2890,2023-01-12,36000,1156593,192000,1384593,2643.0,318.0,-15.0,-16.0,,2026-07-24T11:49:01.984606+08:00
2890,2023-01-13,-171000,4182171,-115000,3896171,2554.0,289.0,-89.0,-29.0,,2026-07-24T11:49:01.984606+08:00
2890,2023-01-16,407000,6760680,0,7167680,2366.0,179.0,-188.0,-110.0,,2026-07-24T11:49:01.984606+08:00
2890,2023-01-17,-304218,15004678,-1735000,12965460,2147.0,140.0,-219.0,-39.0,,2026-07-24T11:49:01.984606+08:00
2890,2023-01-30,-113000,10283174,-854430,9315744,2178.0,84.0,31.0,-56.0,,2026-07-24T11:49:01.984606+08:00
2890,2023-01-31,352126,-12067735,190000,-11525609,2559.0,40.0,381.0,-44.0,,2026-07-24T11:49:01.984606+08:00
2890,2023-02-01,217000,-2785163,53000,-2515163,2758.0,0.0,199.0,-40.0,,2026-07-24T11:49:01.984606+08:00
2890,2023-02-02,-298796,-1873768,2331000,158436,2837.0,0.0,79.0,0.0,,2026-07-24T11:49:01.984606+08:00
2890,2023-02-03,-104000,1122464,1133000,2151464,2799.0,0.0,-38.0,0.0,,2026-07-24T11:49:01.984606+08:00
2890,2023-02-06,126390,-2724072,4349000,1751318,2914.0,0.0,115.0,0.0,,2026-07-24T11:49:01.984606+08:00
2890,2023-02-07,-451000,-1487513,2031000,92487,2916.0,292.0,2.0,292.0,,2026-07-24T11:49:01.984606+08:00
2890,2023-02-08,-127000,-9964440,613365,-9478075,2845.0,324.0,-71.0,32.0,,2026-07-24T11:49:01.984606+08:00
2890,2023-02-09,-72000,-1650790,1728000,5210,2840.0,417.0,-5.0,93.0,,2026-07-24T11:49:01.984606+08:00
2890,2023-02-10,-233003,-2914882,2177000,-970885,2863.0,535.0,23.0,118.0,,2026-07-24T11:49:01.984606+08:00
2890,2023-02-13,-153998,2800550,3774000,6420552,2963.0,647.0,100.0,112.0,,2026-07-24T11:49:01.984606+08:00
2890,2023-02-14,39000,-2144098,-101000,-2206098,3062.0,658.0,99.0,11.0,,2026-07-24T11:49:01.984606+08:00
2890,2023-02-15,163211,-1513455,73209,-1277035,3055.0,658.0,-7.0,0.0,,2026-07-24T11:49:01.984606+08:00
2890,2023-02-16,412000,125229,2978794,3516023,2963.0,677.0,-92.0,19.0,,2026-07-24T11:49:01.984606+08:00
2890,2023-02-17,11000,-52102,2164413,2123311,3084.0,688.0,121.0,11.0,,2026-07-24T11:49:01.984606+08:00
2890,2023-02-20,2473,-2343000,525000,-1815527,3108.0,693.0,24.0,5.0,,2026-07-24T11:49:01.984606+08:00
2890,2023-02-21,229000,-293528,29000,-35528,3110.0,693.0,2.0,0.0,,2026-07-24T11:49:01.984606+08:00
2890,2023-02-22,-147000,-402487,3353000,2803513,3055.0,634.0,-55.0,-59.0,,2026-07-24T11:49:01.984606+08:00
2890,2023-02-23,85000,4657617,52000,4794617,3078.0,648.0,23.0,14.0,,2026-07-24T11:49:01.984606+08:00
2890,2023-02-24,1026000,-1374184,28954,-319230,3133.0,659.0,55.0,11.0,,2026-07-24T11:49:01.984606+08:00
2890,2023-03-01,-491119,-3074947,2094000,-1472066,3166.0,658.0,33.0,-1.0,,2026-07-24T11:49:01.984606+08:00
2890,2023-03-02,-78000,-5062895,26899,-5113996,3125.0,662.0,-41.0,4.0,,2026-07-24T11:49:01.984606+08:00
2890,2023-03-03,-23998,-3254527,-627000,-3905525,3141.0,845.0,16.0,183.0,,2026-07-24T11:49:01.984606+08:00
2890,2023-03-06,-10000,-157144,268000,100856,3243.0,717.0,102.0,-128.0,,2026-07-24T11:49:01.984606+08:00
2890,2023-03-07,986000,2727989,-2838000,875989,3140.0,820.0,-103.0,103.0,,2026-07-24T11:49:01.984606+08:00
2890,2023-03-08,1079000,-3647491,-466000,-3034491,3297.0,830.0,157.0,10.0,,2026-07-24T11:49:01.984606+08:00
2890,2023-03-09,1393000,-15232109,-235880,-14074989,3447.0,683.0,150.0,-147.0,,2026-07-24T11:49:01.984606+08:00
2890,2023-03-10,1715000,-10107659,464119,-7928540,3466.0,786.0,19.0,103.0,,2026-07-24T11:49:01.984606+08:00
2890,2023-03-13,1346283,-5914789,201510,-4366996,3428.0,720.0,-38.0,-66.0,,2026-07-24T11:49:01.984606+08:00
2890,2023-03-14,1898478,-15310940,5281397,-8131065,3428.0,753.0,0.0,33.0,,2026-07-24T11:49:01.984606+08:00
2890,2023-03-15,-610360,-6111840,2673566,-4048634,3409.0,870.0,-19.0,117.0,,2026-07-24T11:49:01.984606+08:00
2890,2023-03-16,-155164,-2306433,3003264,541667,3290.0,874.0,-119.0,4.0,,2026-07-24T11:49:01.984606+08:00
2890,2023-03-17,164826,-5461367,212066,-5084475,3376.0,467.0,86.0,-407.0,,2026-07-24T11:49:01.984606+08:00
2890,2023-03-20,1074043,-2129003,2416000,1361040,3468.0,0.0,92.0,-467.0,,2026-07-24T11:49:01.984606+08:00
2890,2023-03-21,-566000,3752915,52928,3239843,3483.0,0.0,15.0,0.0,,2026-07-24T11:49:01.984606+08:00
2890,2023-03-22,-251000,7270154,118454,7137608,3518.0,0.0,35.0,0.0,,2026-07-24T11:49:01.984606+08:00
2890,2023-03-23,-246000,954693,771059,1479752,3582.0,43.0,64.0,43.0,,2026-07-24T11:49:01.984606+08:00
2890,2023-03-24,-642000,1523310,2681604,3562914,3711.0,47.0,129.0,4.0,,2026-07-24T11:49:01.984606+08:00
2890,2023-03-27,-585999,188277,-13000,-410722,3601.0,33.0,-110.0,-14.0,,2026-07-24T11:49:01.984606+08:00
2890,2023-03-28,-254000,-99537,63503,-290034,3625.0,61.0,24.0,28.0,,2026-07-24T11:49:01.984606+08:00
2890,2023-03-29,-351000,3178888,53443,2881331,3622.0,61.0,-3.0,0.0,,2026-07-24T11:49:01.984606+08:00
2890,2023-03-30,-401388,-9886412,-5000,-10292800,3781.0,74.0,159.0,13.0,,2026-07-24T11:49:01.984606+08:00
2890,2023-03-31,-804000,117033,18000,-668967,3962.0,68.0,181.0,-6.0,,2026-07-24T11:49:01.984606+08:00
2890,2023-04-06,-171000,-2834115,23000,-2982115,3966.0,59.0,4.0,-9.0,,2026-07-24T11:49:01.984606+08:00
2890,2023-04-07,-178000,89782,195998,107780,4499.0,72.0,533.0,13.0,,2026-07-24T11:49:01.984606+08:00
2890,2023-04-10,-493655,1893000,49762,1449107,4465.0,72.0,-34.0,0.0,,2026-07-24T11:49:01.984606+08:00
2890,2023-04-11,-327000,-5426268,72000,-5681268,3958.0,74.0,-507.0,2.0,,2026-07-24T11:49:01.984606+08:00
2890,2023-04-12,-156000,-1963652,159000,-1960652,3966.0,75.0,8.0,1.0,,2026-07-24T11:49:01.984606+08:00
2890,2023-04-13,-834000,9075688,105000,8346688,3644.0,76.0,-322.0,1.0,,2026-07-24T11:49:01.984606+08:00
2890,2023-04-14,-309000,4373632,38000,4102632,3876.0,70.0,232.0,-6.0,,2026-07-24T11:49:01.984606+08:00
2890,2023-04-17,-105998,-3267903,124000,-3249901,3968.0,70.0,92.0,0.0,,2026-07-24T11:49:01.984606+08:00
2890,2023-04-18,-377218,3242508,44009,2909299,3968.0,70.0,0.0,0.0,,2026-07-24T11:49:01.984606+08:00
2890,2023-04-19,-240362,-1725889,1352928,-613323,3816.0,70.0,-152.0,0.0,,2026-07-24T11:49:01.984606+08:00
2890,2023-04-20,-418,-8231426,818137,-7413707,4146.0,68.0,330.0,-2.0,,2026-07-24T11:49:01.984606+08:00
2890,2023-04-21,134873,1759245,-14680,1879438,4047.0,69.0,-99.0,1.0,,2026-07-24T11:49:01.984606+08:00
2890,2023-04-24,-374856,1102156,139000,866300,4036.0,70.0,-11.0,1.0,,2026-07-24T11:49:01.984606+08:00
2890,2023-04-25,1251000,-1596173,308000,-37173,4003.0,70.0,-33.0,0.0,,2026-07-24T11:49:01.984606+08:00
2890,2023-04-26,1238000,931150,436000,2605150,3898.0,69.0,-105.0,-1.0,,2026-07-24T11:49:01.984606+08:00
2890,2023-04-27,-600000,1796615,121000,1317615,3592.0,69.0,-306.0,0.0,,2026-07-24T11:49:01.984606+08:00
2890,2023-04-28,-246000,-2110491,68000,-2288491,4133.0,69.0,541.0,0.0,,2026-07-24T11:49:01.984606+08:00
2890,2023-05-02,-283000,6937103,224000,6878103,3588.0,69.0,-545.0,0.0,,2026-07-24T11:49:01.984606+08:00
2890,2023-05-03,-102999,1212493,1409000,2518494,3610.0,69.0,22.0,0.0,,2026-07-24T11:49:01.984606+08:00
2890,2023-05-04,-345000,5241494,1992277,6888771,3696.0,71.0,86.0,2.0,,2026-07-24T11:49:01.984606+08:00
2890,2023-05-05,-325000,791285,1081277,1547562,3719.0,71.0,23.0,0.0,,2026-07-24T11:49:01.984606+08:00
2890,2023-05-08,-425052,10527643,1600728,11703319,3600.0,87.0,-119.0,16.0,,2026-07-24T11:49:01.984606+08:00
2890,2023-05-09,-331000,2508122,49000,2226122,3805.0,75.0,205.0,-12.0,,2026-07-24T11:49:01.984606+08:00
2890,2023-05-10,-347000,-740830,1529349,441519,3927.0,77.0,122.0,2.0,,2026-07-24T11:49:01.984606+08:00
2890,2023-05-11,-404000,-8432156,1329000,-7507156,3988.0,213.0,61.0,136.0,,2026-07-24T11:49:01.984606+08:00
2890,2023-05-12,-52000,-17684662,1494712,-16241950,4167.0,134.0,179.0,-79.0,,2026-07-24T11:49:01.984606+08:00
2890,2023-05-15,161000,-2883507,2458482,-264025,4203.0,91.0,36.0,-43.0,,2026-07-24T11:49:01.984606+08:00
2890,2023-05-16,1644000,2509025,43310,4196335,4217.0,91.0,14.0,0.0,,2026-07-24T11:49:01.984606+08:00
2890,2023-05-17,4237000,2311299,125000,6673299,4183.0,72.0,-34.0,-19.0,,2026-07-24T11:49:01.984606+08:00
2890,2023-05-18,949635,759761,11000,1720396,4369.0,53.0,186.0,-19.0,,2026-07-24T11:49:01.984606+08:00
2890,2023-05-19,-168469,2244492,-38000,2038023,4390.0,56.0,21.0,3.0,,2026-07-24T11:49:01.984606+08:00
2890,2023-05-22,-336000,6734352,1768000,8166352,4338.0,59.0,-52.0,3.0,,2026-07-24T11:49:01.984606+08:00
2890,2023-05-23,-121000,144691,2364000,2387691,4111.0,61.0,-227.0,2.0,,2026-07-24T11:49:01.984606+08:00
2890,2023-05-24,712422,-4994206,2206000,-2075784,4953.0,93.0,842.0,32.0,,2026-07-24T11:49:01.984606+08:00
2890,2023-05-25,-554648,-6959200,2095000,-5418848,5106.0,104.0,153.0,11.0,,2026-07-24T11:49:01.984606+08:00
2890,2023-05-26,-444000,-10021782,1856000,-8609782,5250.0,104.0,144.0,0.0,,2026-07-24T11:49:01.984606+08:00
2890,2023-05-29,174000,-3414917,1396000,-1844917,5832.0,60.0,582.0,-44.0,,2026-07-24T11:49:01.984606+08:00
2890,2023-05-30,-132000,470438,1436000,1774438,5182.0,60.0,-650.0,0.0,,2026-07-24T11:49:01.984606+08:00
2890,2023-05-31,995000,-1754273,-282753,-1042026,4949.0,60.0,-233.0,0.0,,2026-07-24T11:49:01.984606+08:00
2890,2023-06-01,128000,-6499347,-48000,-6419347,4874.0,60.0,-75.0,0.0,,2026-07-24T11:49:01.984606+08:00
2890,2023-06-02,-34000,-1553025,-56000,-1643025,4752.0,60.0,-122.0,0.0,,2026-07-24T11:49:01.984606+08:00
2890,2023-06-05,-13900,2276187,97839,2360126,4527.0,61.0,-225.0,1.0,,2026-07-24T11:49:01.984606+08:00
2890,2023-06-06,-82000,2628434,-293151,2253283,4527.0,61.0,0.0,0.0,,2026-07-24T11:49:01.984606+08:00
2890,2023-06-07,124000,376217,-123471,376746,4209.0,73.0,-318.0,12.0,,2026-07-24T11:49:01.984606+08:00
2890,2023-06-08,-51000,-2061904,-110918,-2223822,4192.0,72.0,-17.0,-1.0,,2026-07-24T11:49:01.984606+08:00
2890,2023-06-09,-291000,-18643,-104722,-414365,3756.0,74.0,-436.0,2.0,,2026-07-24T11:49:01.984606+08:00
2890,2023-06-12,-331000,529906,-917000,-718094,3708.0,76.0,-48.0,2.0,,2026-07-24T11:49:01.984606+08:00
2890,2023-06-13,-316053,-5682692,-1849000,-7847745,3575.0,76.0,-133.0,0.0,,2026-07-24T11:49:01.984606+08:00
2890,2023-06-14,-402000,-956220,-646000,-2004220,3632.0,76.0,57.0,0.0,,2026-07-24T11:49:01.984606+08:00
2890,2023-06-15,-815998,2150827,-1906911,-572082,3547.0,76.0,-85.0,0.0,,2026-07-24T11:49:01.984606+08:00
2890,2023-06-16,325190,-15180077,474397,-14380490,3794.0,75.0,247.0,-1.0,,2026-07-24T11:49:01.984606+08:00
2890,2023-06-19,-147000,-14083748,7004403,-7226345,3750.0,76.0,-44.0,1.0,,2026-07-24T11:49:01.984606+08:00
2890,2023-06-20,-282544,-12679486,3510232,-9451798,3606.0,77.0,-144.0,1.0,,2026-07-24T11:49:01.984606+08:00
2890,2023-06-21,-353000,-9499244,6266388,-3585856,3493.0,77.0,-113.0,0.0,,2026-07-24T11:49:01.984606+08:00
2890,2023-06-26,-162000,-5217040,7458000,2078960,3425.0,76.0,-68.0,-1.0,,2026-07-24T11:49:01.984606+08:00
2890,2023-06-27,321037,-4637125,-333553,-4649641,3513.0,76.0,88.0,0.0,,2026-07-24T11:49:01.984606+08:00
2890,2023-06-28,222000,-732235,674922,164687,3384.0,76.0,-129.0,0.0,,2026-07-24T11:49:01.984606+08:00
2890,2023-06-29,410000,2248831,-22626,2636205,3324.0,76.0,-60.0,0.0,,2026-07-24T11:49:01.984606+08:00
2890,2023-06-30,35000,-3419289,51736,-3332553,3299.0,66.0,-25.0,-10.0,,2026-07-24T11:49:01.984606+08:00
2890,2023-07-03,-98000,798914,0,700914,3262.0,66.0,-37.0,0.0,,2026-07-24T11:49:01.984606+08:00
2890,2023-07-04,341000,6182571,5763000,12286571,3362.0,68.0,100.0,2.0,,2026-07-24T11:49:01.984606+08:00
2890,2023-07-05,-54000,-1247026,2656363,1355337,3255.0,68.0,-107.0,0.0,,2026-07-24T11:49:01.984606+08:00
2890,2023-07-06,572192,-12198519,446720,-11179607,3437.0,65.0,182.0,-3.0,,2026-07-24T11:49:01.984606+08:00
2890,2023-07-07,833000,-9128228,-1000,-8296228,3675.0,65.0,238.0,0.0,,2026-07-24T11:49:01.984606+08:00
2890,2023-07-10,402000,709000,6000,1117000,3659.0,65.0,-16.0,0.0,,2026-07-24T11:49:01.984606+08:00
2890,2023-07-11,-114000,3219526,12000,3117526,3622.0,65.0,-37.0,0.0,,2026-07-24T11:49:01.984606+08:00
2890,2023-07-12,-700000,1496165,47000,843165,3653.0,66.0,31.0,1.0,,2026-07-24T11:49:01.984606+08:00
2890,2023-07-13,-1090000,6766128,85000,5761128,3667.0,68.0,14.0,2.0,,2026-07-24T11:49:01.984606+08:00
2890,2023-07-14,-1266000,6993400,193000,5920400,3660.0,68.0,-7.0,0.0,,2026-07-24T11:49:01.984606+08:00
2890,2023-07-17,-376867,3702635,-19000,3306768,3629.0,68.0,-31.0,0.0,,2026-07-24T11:49:01.984606+08:00
2890,2023-07-18,-703000,-9387429,8528000,-1562429,3694.0,78.0,65.0,10.0,,2026-07-24T11:49:01.984606+08:00
2890,2023-07-19,-1286000,-14803293,8821000,-7268293,3594.0,83.0,-100.0,5.0,,2026-07-24T11:49:01.984606+08:00
2890,2023-07-20,-469998,-11964500,12018000,-416498,3543.0,93.0,-51.0,10.0,,2026-07-24T11:49:01.984606+08:00
2890,2023-07-21,-1374000,-15188981,15650000,-912981,3453.0,93.0,-90.0,0.0,,2026-07-24T11:49:01.984606+08:00
2890,2023-07-24,-4355000,-16548482,13699000,-7204482,3114.0,87.0,-339.0,-6.0,,2026-07-24T11:49:01.984606+08:00
2890,2023-07-25,-2069000,-890269,-19000,-2978269,3029.0,87.0,-85.0,0.0,,2026-07-24T11:49:01.984606+08:00
2890,2023-07-26,-1010000,9253000,-1369000,6874000,2650.0,81.0,-379.0,-6.0,,2026-07-24T11:49:01.984606+08:00
2890,2023-07-27,-132000,-652961,1029000,244039,2823.0,78.0,173.0,-3.0,,2026-07-24T11:49:01.984606+08:00
2890,2023-07-28,-2142985,-2831019,424000,-4550004,3568.0,78.0,745.0,0.0,,2026-07-24T11:49:01.984606+08:00
2890,2023-07-31,-26000,-2351860,2191000,-186860,2816.0,50.0,-752.0,-28.0,,2026-07-24T11:49:01.984606+08:00
2890,2023-08-01,-260000,-1222332,1091000,-391332,2758.0,50.0,-58.0,0.0,,2026-07-24T11:49:01.984606+08:00
2890,2023-08-02,-407785,-9684260,2653000,-7439045,3826.0,33.0,1068.0,-17.0,,2026-07-24T11:49:01.984606+08:00
2890,2023-08-04,-281000,-10013238,2438771,-7855467,3837.0,0.0,11.0,-33.0,,2026-07-24T11:49:01.984606+08:00
2890,2023-08-07,-268375,-11444902,6567000,-5146277,4208.0,0.0,371.0,0.0,,2026-07-24T11:49:01.984606+08:00
2890,2023-08-08,-226999,-20472778,5652000,-15047777,5479.0,0.0,1271.0,0.0,,2026-07-24T11:49:01.984606+08:00
2890,2023-08-09,-696454,20197000,-1737000,17763546,2694.0,19.0,-2785.0,19.0,,2026-07-24T11:49:01.984606+08:00
2890,2023-08-10,236079,-3086413,2556000,-294334,2664.0,37.0,-30.0,18.0,,2026-07-24T11:49:01.984606+08:00
2890,2023-08-11,54000,-4769339,2027000,-2688339,2558.0,49.0,-106.0,12.0,,2026-07-24T11:49:01.984606+08:00
2890,2023-08-14,-683617,-12667906,5983737,-7367786,2653.0,51.0,95.0,2.0,,2026-07-24T11:49:01.984606+08:00
2890,2023-08-15,61467,-2433973,-2024000,-4396506,2771.0,36.0,118.0,-15.0,,2026-07-24T11:49:01.984606+08:00
2890,2023-08-16,74000,-5212363,2727602,-2410761,2991.0,74.0,220.0,38.0,,2026-07-24T11:49:01.984606+08:00
2890,2023-08-17,-4546,-6491567,1434708,-5061405,2849.0,68.0,-142.0,-6.0,,2026-07-24T11:49:01.984606+08:00
2890,2023-08-18,215533,-2150490,1113000,-821957,2827.0,67.0,-22.0,-1.0,,2026-07-24T11:49:01.984606+08:00
2890,2023-08-21,117000,949089,387519,1453608,2827.0,67.0,0.0,0.0,,2026-07-24T11:49:01.984606+08:00
2890,2023-08-22,-274000,-4984713,262836,-4995877,3456.0,67.0,629.0,0.0,,2026-07-24T11:49:01.984606+08:00
2890,2023-08-23,-212000,-3479773,392039,-3299734,3025.0,67.0,-431.0,0.0,,2026-07-24T11:49:01.984606+08:00
2890,2023-08-24,-951000,-988260,-2193657,-4132917,3062.0,67.0,37.0,0.0,,2026-07-24T11:49:01.984606+08:00
2890,2023-08-25,-253000,-4807638,263588,-4797050,3105.0,68.0,43.0,1.0,,2026-07-24T11:49:01.984606+08:00
2890,2023-08-28,82000,1271823,69131,1422954,2987.0,68.0,-118.0,0.0,,2026-07-24T11:49:01.984606+08:00
2890,2023-08-29,-78000,-3276846,365000,-2989846,2994.0,68.0,7.0,0.0,,2026-07-24T11:49:01.984606+08:00
2890,2023-08-30,203000,-317000,685164,571164,3042.0,48.0,48.0,-20.0,,2026-07-24T11:49:01.984606+08:00
2890,2023-08-31,199901,-11827392,-2210928,-13838419,3409.0,24.0,367.0,-24.0,,2026-07-24T11:49:01.984606+08:00
2890,2023-09-01,16000,3402040,-3386247,31793,3251.0,25.0,-158.0,1.0,,2026-07-24T11:49:01.984606+08:00
2890,2023-09-04,-60000,-619715,1787000,1107285,3185.0,24.0,-66.0,-1.0,,2026-07-24T11:49:01.984606+08:00
2890,2023-09-05,-123998,-2332493,1911779,-544712,3211.0,24.0,26.0,0.0,,2026-07-24T11:49:01.984606+08:00
2890,2023-09-06,-700000,-8069006,2322127,-6446879,3167.0,35.0,-44.0,11.0,,2026-07-24T11:49:01.984606+08:00
2890,2023-09-07,-388000,-4305738,2200280,-2493458,3171.0,43.0,4.0,8.0,,2026-07-24T11:49:01.984606+08:00
2890,2023-09-08,-112117,-2956985,1940000,-1129102,3257.0,53.0,86.0,10.0,,2026-07-24T11:49:01.984606+08:00
2890,2023-09-11,271000,-5429826,2584000,-2574826,5712.0,71.0,2455.0,18.0,,2026-07-24T11:49:01.984606+08:00
2890,2023-09-12,0,-1360288,902000,-458288,5849.0,71.0,137.0,0.0,,2026-07-24T11:49:01.984606+08:00
2890,2023-09-13,24966,1915383,-4313000,-2372651,5864.0,67.0,15.0,-4.0,,2026-07-24T11:49:01.984606+08:00
2890,2023-09-14,23000,8534501,-7363000,1194501,5861.0,67.0,-3.0,0.0,,2026-07-24T11:49:01.984606+08:00
2890,2023-09-15,-380800,7374208,-14944138,-7950730,5862.0,61.0,1.0,-6.0,,2026-07-24T11:49:01.984606+08:00
2890,2023-09-18,-48000,3294445,-309000,2937445,3219.0,61.0,-2643.0,0.0,,2026-07-24T11:49:01.984606+08:00
2890,2023-09-19,-184240,2639306,-287000,2168066,3295.0,61.0,76.0,0.0,,2026-07-24T11:49:01.984606+08:00
2890,2023-09-20,-138000,3640841,-479000,3023841,3258.0,61.0,-37.0,0.0,,2026-07-24T11:49:01.984606+08:00
2890,2023-09-21,474562,-12589439,-73000,-12187877,3573.0,56.0,315.0,-5.0,,2026-07-24T11:49:01.984606+08:00
2890,2023-09-22,109000,-667893,-256000,-814893,3597.0,54.0,24.0,-2.0,,2026-07-24T11:49:01.984606+08:00
2890,2023-09-25,150000,92052,50000,292052,3577.0,54.0,-20.0,0.0,,2026-07-24T11:49:01.984606+08:00
2890,2023-09-26,-365000,-2979000,428945,-2915055,3532.0,54.0,-45.0,0.0,,2026-07-24T11:49:01.984606+08:00
2890,2023-09-27,-907000,-333000,635683,-604317,3443.0,54.0,-89.0,0.0,,2026-07-24T11:49:01.984606+08:00
2890,2023-09-28,-203000,-129348,773000,440652,3307.0,54.0,-136.0,0.0,,2026-07-24T11:49:01.984606+08:00
2890,2023-10-02,90000,-1574663,694292,-790371,3279.0,54.0,-28.0,0.0,,2026-07-24T11:49:01.984606+08:00
2890,2023-10-03,1555000,-3647200,77933,-2014267,3240.0,54.0,-39.0,0.0,,2026-07-24T11:49:01.984606+08:00
2890,2023-10-04,313020,-5276585,284547,-4679018,3196.0,57.0,-44.0,3.0,,2026-07-24T11:49:01.984606+08:00
2890,2023-10-05,153000,4127936,328250,4609186,3069.0,60.0,-127.0,3.0,,2026-07-24T11:49:01.984606+08:00
2890,2023-10-06,551300,11377644,1025000,12953944,2896.0,82.0,-173.0,22.0,,2026-07-24T11:49:01.984606+08:00
2890,2023-10-11,986577,27758363,630000,29374940,2793.0,65.0,-103.0,-17.0,,2026-07-24T11:49:01.984606+08:00
2890,2023-10-12,326000,11275202,1325000,12926202,2815.0,58.0,22.0,-7.0,,2026-07-24T11:49:01.984606+08:00
2890,2023-10-13,2007000,1468746,892000,4367746,2822.0,69.0,7.0,11.0,,2026-07-24T11:49:01.984606+08:00
2890,2023-10-16,2191075,2109257,929439,5229771,2802.0,72.0,-20.0,3.0,,2026-07-24T11:49:01.984606+08:00
2890,2023-10-17,2973000,8199094,547000,11719094,2797.0,73.0,-5.0,1.0,,2026-07-24T11:49:01.984606+08:00
2890,2023-10-18,5932000,-1252810,-247000,4432190,2816.0,82.0,19.0,9.0,,2026-07-24T11:49:01.984606+08:00
2890,2023-10-19,3780637,-899553,6230031,9111115,2836.0,83.0,20.0,1.0,,2026-07-24T11:49:01.984606+08:00
2890,2023-10-20,754299,-7156242,7210019,808076,3072.0,88.0,236.0,5.0,,2026-07-24T11:49:01.984606+08:00
2890,2023-10-23,650000,509700,976000,2135700,3076.0,88.0,4.0,0.0,,2026-07-24T11:49:01.984606+08:00
2890,2023-10-24,14000,-1909402,982302,-913100,3285.0,89.0,209.0,1.0,,2026-07-24T11:49:01.984606+08:00
2890,2023-10-25,252000,-2728883,1311920,-1164963,3654.0,89.0,369.0,0.0,,2026-07-24T11:49:01.984606+08:00
2890,2023-10-26,566335,-1533867,199000,-768532,3502.0,90.0,-152.0,1.0,,2026-07-24T11:49:01.984606+08:00
2890,2023-10-27,217000,-1318494,529000,-572494,3515.0,90.0,13.0,0.0,,2026-07-24T11:49:01.984606+08:00
2890,2023-10-30,433975,-5788863,1855289,-3499599,3392.0,136.0,-123.0,46.0,,2026-07-24T11:49:01.984606+08:00
2890,2023-10-31,736000,1323196,1575000,3634196,3034.0,135.0,-358.0,-1.0,,2026-07-24T11:49:01.984606+08:00
2890,2023-11-01,240923,-418589,2002578,1824912,3402.0,103.0,368.0,-32.0,,2026-07-24T11:49:01.984606+08:00
2890,2023-11-02,235000,1105535,405000,1745535,3184.0,128.0,-218.0,25.0,,2026-07-24T11:49:01.984606+08:00
2890,2023-11-03,112000,4577366,854000,5543366,3102.0,128.0,-82.0,0.0,,2026-07-24T11:49:01.984606+08:00
2890,2023-11-06,-59352,4489604,-522000,3908252,3085.0,141.0,-17.0,13.0,,2026-07-24T11:49:01.984606+08:00
2890,2023-11-07,-178000,-1663411,277000,-1564411,3632.0,149.0,547.0,8.0,,2026-07-24T11:49:01.984606+08:00
2890,2023-11-08,-54000,1855907,-693000,1108907,3402.0,149.0,-230.0,0.0,,2026-07-24T11:49:01.984606+08:00
2890,2023-11-09,-4000,1716274,730000,2442274,3328.0,150.0,-74.0,1.0,,2026-07-24T11:49:01.984606+08:00
2890,2023-11-10,-78001,3138460,707000,3767459,3088.0,170.0,-240.0,20.0,,2026-07-24T11:49:01.984606+08:00
2890,2023-11-13,20000,3181000,1633000,4834000,3125.0,173.0,37.0,3.0,,2026-07-24T11:49:01.984606+08:00
2890,2023-11-14,273000,8361339,894000,9528339,3098.0,194.0,-27.0,21.0,,2026-07-24T11:49:01.984606+08:00
2890,2023-11-15,350000,8777740,-4201000,4926740,2746.0,210.0,-352.0,16.0,,2026-07-24T11:49:01.984606+08:00
2890,2023-11-16,-28000,10919972,-609297,10282675,2684.0,406.0,-62.0,196.0,,2026-07-24T11:49:01.984606+08:00
2890,2023-11-17,73000,3526705,-448199,3151506,2633.0,407.0,-51.0,1.0,,2026-07-24T11:49:01.984606+08:00
2890,2023-11-20,-29000,2368972,-243000,2096972,2627.0,405.0,-6.0,-2.0,,2026-07-24T11:49:01.984606+08:00
2890,2023-11-21,-1911063,9222500,2607000,9918437,2602.0,405.0,-25.0,0.0,,2026-07-24T11:49:01.984606+08:00
2890,2023-11-22,433000,-1900367,2647762,1180395,2621.0,413.0,19.0,8.0,,2026-07-24T11:49:01.984606+08:00
2890,2023-11-23,-105000,-3306449,2942079,-469370,2360.0,226.0,-261.0,-187.0,,2026-07-24T11:49:01.984606+08:00
2890,2023-11-24,69000,-1906500,1256081,-581419,2186.0,231.0,-174.0,5.0,,2026-07-24T11:49:01.984606+08:00
2890,2023-11-27,102247,1426200,1392842,2921289,2223.0,232.0,37.0,1.0,,2026-07-24T11:49:01.984606+08:00
2890,2023-11-28,481742,6009744,985000,7476486,2208.0,245.0,-15.0,13.0,,2026-07-24T11:49:01.984606+08:00
2890,2023-11-29,-368000,-49085,1253000,835915,2328.0,251.0,120.0,6.0,,2026-07-24T11:49:01.984606+08:00
2890,2023-11-30,208360,2442146,1076568,3727074,2346.0,251.0,18.0,0.0,,2026-07-24T11:49:01.984606+08:00
2890,2023-12-01,-267000,-666000,1223000,290000,2368.0,252.0,22.0,1.0,,2026-07-24T11:49:01.984606+08:00
2890,2023-12-04,-69000,3740006,3215190,6886196,2416.0,262.0,48.0,10.0,,2026-07-24T11:49:01.984606+08:00
2890,2023-12-05,64000,1469800,1625000,3158800,2430.0,263.0,14.0,1.0,,2026-07-24T11:49:01.984606+08:00
2890,2023-12-06,-428000,3579519,5615000,8766519,2027.0,268.0,-403.0,5.0,,2026-07-24T11:49:01.984606+08:00
2890,2023-12-07,-140658,-3600251,729982,-3010927,2308.0,266.0,281.0,-2.0,,2026-07-24T11:49:01.984606+08:00
2890,2023-12-08,-278000,988634,37107,747741,2331.0,276.0,23.0,10.0,,2026-07-24T11:49:01.984606+08:00
2890,2023-12-11,26183,9112042,705035,9843260,2212.0,291.0,-119.0,15.0,,2026-07-24T11:49:01.984606+08:00
2890,2023-12-12,-624000,2279461,4328000,5983461,1835.0,294.0,-377.0,3.0,,2026-07-24T11:49:01.984606+08:00
2890,2023-12-13,-1554247,688518,2078040,1212311,1914.0,294.0,79.0,0.0,,2026-07-24T11:49:01.984606+08:00
2890,2023-12-14,-1215000,8396411,1522169,8703580,2009.0,296.0,95.0,2.0,,2026-07-24T11:49:01.984606+08:00
2890,2023-12-15,-390000,2138708,4654887,6403595,1984.0,297.0,-25.0,1.0,,2026-07-24T11:49:01.984606+08:00
2890,2023-12-18,-71600,5740363,-11111676,-5442913,2126.0,298.0,142.0,1.0,,2026-07-24T11:49:01.984606+08:00
2890,2023-12-19,-561317,9733980,-10740680,-1568017,2108.0,298.0,-18.0,0.0,,2026-07-24T11:49:01.984606+08:00
2890,2023-12-20,-134000,7183313,-10483000,-3433687,2045.0,300.0,-63.0,2.0,,2026-07-24T11:49:01.984606+08:00
2890,2023-12-21,-31435,4561142,-10758573,-6228866,1961.0,299.0,-84.0,-1.0,,2026-07-24T11:49:01.984606+08:00
2890,2023-12-22,-273104,15886144,-13818084,1794956,2004.0,295.0,43.0,-4.0,,2026-07-24T11:49:01.984606+08:00
2890,2023-12-25,-142586,609000,34070,500484,1984.0,295.0,-20.0,0.0,,2026-07-24T11:49:01.984606+08:00
2890,2023-12-26,-901000,5014944,-3579000,534944,2044.0,295.0,60.0,0.0,,2026-07-24T11:49:01.984606+08:00
2890,2023-12-27,-1084232,8703526,-3837659,3781635,1919.0,298.0,-125.0,3.0,,2026-07-24T11:49:01.984606+08:00
2890,2023-12-28,-453112,5671051,-3598000,1619939,1937.0,300.0,18.0,2.0,,2026-07-24T11:49:01.984606+08:00
2890,2023-12-29,-369224,3429898,-3780000,-719326,1934.0,302.0,-3.0,2.0,,2026-07-24T11:49:01.984606+08:00
2890,2024-01-02,19579,8552126,-14243740,-5672035,1993.0,300.0,59.0,-2.0,,2026-07-24T11:49:01.984606+08:00
2890,2024-01-03,983000,11648125,-10547614,2083511,2045.0,301.0,52.0,1.0,,2026-07-24T11:49:01.984606+08:00
2890,2024-01-04,390996,3154683,-148000,3397679,2038.0,302.0,-7.0,1.0,,2026-07-24T11:49:01.984606+08:00
2890,2024-01-05,520000,3138047,-25000,3633047,2033.0,302.0,-5.0,0.0,,2026-07-24T11:49:01.984606+08:00
2890,2024-01-08,1231000,4698880,-14000,5915880,2374.0,301.0,341.0,-1.0,,2026-07-24T11:49:01.984606+08:00
2890,2024-01-09,695000,2185379,98000,2978379,2407.0,303.0,33.0,2.0,,2026-07-24T11:49:01.984606+08:00
2890,2024-01-10,823844,-392363,-317000,114481,2356.0,300.0,-51.0,-3.0,,2026-07-24T11:49:01.984606+08:00
2890,2024-01-11,720841,3075758,-585000,3211599,2358.0,300.0,2.0,0.0,,2026-07-24T11:49:01.984606+08:00
2890,2024-01-12,904305,-4396676,-336294,-3828665,2483.0,302.0,125.0,2.0,,2026-07-24T11:49:01.984606+08:00
2890,2024-01-15,1473221,-1928700,-144255,-599734,2515.0,300.0,32.0,-2.0,,2026-07-24T11:49:01.984606+08:00
2890,2024-01-16,4747196,-11865405,-1304000,-8422209,2352.0,298.0,-163.0,-2.0,,2026-07-24T11:49:01.984606+08:00
2890,2024-01-17,5963583,-10687205,1655965,-3067657,2451.0,260.0,99.0,-38.0,,2026-07-24T11:49:01.984606+08:00
2890,2024-01-18,1088319,-1639506,1510010,958823,2471.0,285.0,20.0,25.0,,2026-07-24T11:49:01.984606+08:00
2890,2024-01-19,246000,-2508971,0,-2262971,2519.0,265.0,48.0,-20.0,,2026-07-24T11:49:01.984606+08:00
2890,2024-01-22,-160020,-668720,-265416,-1094156,2553.0,266.0,34.0,1.0,,2026-07-24T11:49:01.984606+08:00
2890,2024-01-23,-25717,-1391471,100214,-1316974,2628.0,266.0,75.0,0.0,,2026-07-24T11:49:01.984606+08:00
2890,2024-01-24,-654000,-958716,-17829,-1630545,2575.0,266.0,-53.0,0.0,,2026-07-24T11:49:01.984606+08:00
2890,2024-01-25,-239000,574736,45550,381286,2517.0,266.0,-58.0,0.0,,2026-07-24T11:49:01.984606+08:00
2890,2024-01-26,-6000,4372751,-233635,4133116,2530.0,266.0,13.0,0.0,,2026-07-24T11:49:01.984606+08:00
2890,2024-01-29,-108000,1026512,16000,934512,2428.0,266.0,-102.0,0.0,,2026-07-24T11:49:01.984606+08:00
2890,2024-01-30,-362000,-3666388,-806967,-4835355,2569.0,266.0,141.0,0.0,,2026-07-24T11:49:01.984606+08:00
2890,2024-01-31,-48000,341891,-628110,-334219,2535.0,267.0,-34.0,1.0,,2026-07-24T11:49:01.984606+08:00
2890,2024-02-01,11000,2597679,1501000,4109679,2433.0,265.0,-102.0,-2.0,,2026-07-24T11:49:01.984606+08:00
2890,2024-02-02,-350000,-54056,43636,-360420,2401.0,265.0,-32.0,0.0,,2026-07-24T11:49:01.984606+08:00
2890,2024-02-05,-60749,-4374749,-541838,-4977336,2468.0,266.0,67.0,1.0,,2026-07-24T11:49:01.984606+08:00
2890,2024-02-15,-718075,358744,82632,-276699,2402.0,267.0,-66.0,1.0,,2026-07-24T11:49:01.984606+08:00
2890,2024-02-16,-332000,-967312,65556,-1233756,2521.0,268.0,119.0,1.0,,2026-07-24T11:49:01.984606+08:00
2890,2024-02-19,581000,1819266,2692309,5092575,2180.0,275.0,-341.0,7.0,,2026-07-24T11:49:01.984606+08:00
2890,2024-02-20,-873000,1995089,-142570,979519,2106.0,277.0,-74.0,2.0,,2026-07-24T11:49:01.984606+08:00
2890,2024-02-21,263651,-2911470,1726000,-921819,1929.0,280.0,-177.0,3.0,,2026-07-24T11:49:01.984606+08:00
2890,2024-02-22,-616000,-3161015,1240330,-2536685,1954.0,280.0,25.0,0.0,,2026-07-24T11:49:01.984606+08:00
2890,2024-02-23,-278000,4298356,-728584,3291772,1958.0,285.0,4.0,5.0,,2026-07-24T11:49:01.984606+08:00
2890,2024-02-26,449846,-2231346,-142700,-1924200,1991.0,274.0,33.0,-11.0,,2026-07-24T11:49:01.984606+08:00
2890,2024-02-27,-39000,2098504,3000,2062504,2420.0,277.0,429.0,3.0,,2026-07-24T11:49:01.984606+08:00
2890,2024-02-29,-236000,7429018,978906,8171924,2937.0,278.0,517.0,1.0,,2026-07-24T11:49:01.984606+08:00
2890,2024-03-01,-190000,-1123936,-83956,-1397892,3003.0,278.0,66.0,0.0,,2026-07-24T11:49:01.984606+08:00
2890,2024-03-04,-641085,1371775,-7459,723231,2936.0,277.0,-67.0,-1.0,,2026-07-24T11:49:01.984606+08:00
2890,2024-03-05,-846000,1647470,-203858,597612,2916.0,279.0,-20.0,2.0,,2026-07-24T11:49:01.984606+08:00
2890,2024-03-06,-307000,2163418,-298519,1557899,2996.0,258.0,80.0,-21.0,,2026-07-24T11:49:01.984606+08:00
2890,2024-03-07,-537000,4247054,-565254,3144800,2990.0,259.0,-6.0,1.0,,2026-07-24T11:49:01.984606+08:00
2890,2024-03-08,-316962,4739128,-440671,3981495,3331.0,253.0,341.0,-6.0,,2026-07-24T11:49:01.984606+08:00
2890,2024-03-11,-90000,-1832924,-166000,-2088924,3216.0,254.0,-115.0,1.0,,2026-07-24T11:49:01.984606+08:00
2890,2024-03-12,-339605,-833182,-233088,-1405875,3090.0,254.0,-126.0,0.0,,2026-07-24T11:49:01.984606+08:00
2890,2024-03-13,-118000,4772266,-208504,4445762,3142.0,254.0,52.0,0.0,,2026-07-24T11:49:01.984606+08:00
2890,2024-03-14,-98896,3868947,-522143,3247908,2813.0,230.0,-329.0,-24.0,,2026-07-24T11:49:01.984606+08:00
2890,2024-03-15,-544000,3488321,2126526,5070847,2834.0,197.0,21.0,-33.0,,2026-07-24T11:49:01.984606+08:00
2890,2024-03-18,-343861,-7601776,-168088,-8113725,3062.0,199.0,228.0,2.0,,2026-07-24T11:49:01.984606+08:00
2890,2024-03-19,-385061,-878588,-579392,-1843041,3154.0,196.0,92.0,-3.0,,2026-07-24T11:49:01.984606+08:00
2890,2024-03-20,-1266815,-1502896,-1878451,-4648162,3106.0,195.0,-48.0,-1.0,,2026-07-24T11:49:01.984606+08:00
2890,2024-03-21,-1129989,7617599,-204555,6283055,2728.0,196.0,-378.0,1.0,,2026-07-24T11:49:01.984606+08:00
2890,2024-03-22,-1876000,1273285,-2004001,-2606716,3028.0,196.0,300.0,0.0,,2026-07-24T11:49:01.984606+08:00
2890,2024-03-25,174477,-5644594,-256433,-5726550,3350.0,193.0,322.0,-3.0,,2026-07-24T11:49:01.984606+08:00
2890,2024-03-26,1416487,20209163,-349576,21276074,2980.0,114.0,-370.0,-79.0,,2026-07-24T11:49:01.984606+08:00
2890,2024-03-27,-192000,-4543757,-134000,-4869757,3137.0,103.0,157.0,-11.0,,2026-07-24T11:49:01.984606+08:00
2890,2024-03-28,380000,-4170439,-259000,-4049439,3197.0,0.0,60.0,-103.0,,2026-07-24T11:49:01.984606+08:00
2890,2024-03-29,-565000,1085994,-1591003,-1070009,3003.0,0.0,-194.0,0.0,,2026-07-24T11:49:01.984606+08:00
2890,2024-04-01,118000,-1601972,-805293,-2289265,3059.0,0.0,56.0,0.0,,2026-07-24T11:49:01.984606+08:00
2890,2024-04-02,-52714,-2479382,-11045,-2543141,3189.0,0.0,130.0,0.0,,2026-07-24T11:49:01.984606+08:00
2890,2024-04-03,202908,-5985134,-487993,-6270219,3450.0,70.0,261.0,70.0,,2026-07-24T11:49:01.984606+08:00
2890,2024-04-08,240964,-383946,-181661,-324643,3143.0,92.0,-307.0,22.0,,2026-07-24T11:49:01.984606+08:00
2890,2024-04-09,208000,-2147481,-89484,-2028965,3035.0,93.0,-108.0,1.0,,2026-07-24T11:49:01.984606+08:00
2890,2024-04-10,324645,-1877291,-466148,-2018794,2953.0,110.0,-82.0,17.0,,2026-07-24T11:49:01.984606+08:00
2890,2024-04-11,233000,78050,-6000,305050,2949.0,110.0,-4.0,0.0,,2026-07-24T11:49:01.984606+08:00
2890,2024-04-12,89881,-6069316,-114781,-6094216,2958.0,110.0,9.0,0.0,,2026-07-24T11:49:01.984606+08:00
2890,2024-04-15,1290893,-1736371,-534000,-979478,2314.0,113.0,-644.0,3.0,,2026-07-24T11:49:01.984606+08:00
2890,2024-04-16,2657600,-7943645,-366000,-5652045,2654.0,120.0,340.0,7.0,,2026-07-24T11:49:01.984606+08:00
2890,2024-04-17,2272000,-453864,-1221951,596185,2415.0,127.0,-239.0,7.0,,2026-07-24T11:49:01.984606+08:00
2890,2024-04-18,1724450,-1026796,-274000,423654,2336.0,125.0,-79.0,-2.0,,2026-07-24T11:49:01.984606+08:00
2890,2024-04-19,1544058,-4511162,310000,-2657104,1634.0,128.0,-702.0,3.0,,2026-07-24T11:49:01.984606+08:00
2890,2024-04-22,1651208,2658250,1463000,5772458,1382.0,163.0,-252.0,35.0,,2026-07-24T11:49:01.984606+08:00
2890,2024-04-23,522492,-992501,1052344,582335,1395.0,178.0,13.0,15.0,,2026-07-24T11:49:01.984606+08:00
2890,2024-04-24,394752,-14107972,-819930,-14533150,1777.0,179.0,382.0,1.0,,2026-07-24T11:49:01.984606+08:00
2890,2024-04-25,226777,-6744910,1282000,-5236133,1768.0,180.0,-9.0,1.0,,2026-07-24T11:49:01.984606+08:00
2890,2024-04-26,16037,-2192715,1000,-2175678,1915.0,174.0,147.0,-6.0,,2026-07-24T11:49:01.984606+08:00
2890,2024-04-29,422811,7924494,-418000,7929305,2656.0,183.0,741.0,9.0,,2026-07-24T11:49:01.984606+08:00
2890,2024-04-30,-152000,1807118,-26000,1629118,2956.0,184.0,300.0,1.0,,2026-07-24T11:49:01.984606+08:00
2890,2024-05-02,17118,4560768,2101000,6678886,5051.0,185.0,2095.0,1.0,,2026-07-24T11:49:01.984606+08:00
2890,2024-05-03,152,268535,-634000,-365313,5040.0,178.0,-11.0,-7.0,,2026-07-24T11:49:01.984606+08:00
2890,2024-05-06,812386,11540000,1468000,13820386,4311.0,179.0,-729.0,1.0,,2026-07-24T11:49:01.984606+08:00
2890,2024-05-07,-297000,1057878,2754022,3514900,4122.0,180.0,-189.0,1.0,,2026-07-24T11:49:01.984606+08:00
2890,2024-05-08,-642000,513086,766000,637086,3622.0,182.0,-500.0,2.0,,2026-07-24T11:49:01.984606+08:00
2890,2024-05-09,-43401,-4935019,1018681,-3959739,4649.0,181.0,1027.0,-1.0,,2026-07-24T11:49:01.984606+08:00
2890,2024-05-10,845000,4968408,21668,5835076,3667.0,181.0,-982.0,0.0,,2026-07-24T11:49:01.984606+08:00
2890,2024-05-13,-32000,1121127,407321,1496448,3199.0,181.0,-468.0,0.0,,2026-07-24T11:49:01.984606+08:00
2890,2024-05-14,-511444,-7498133,-1661,-8011238,3307.0,181.0,108.0,0.0,,2026-07-24T11:49:01.984606+08:00
2890,2024-05-15,810453,7800525,-261634,8349344,2738.0,182.0,-569.0,1.0,,2026-07-24T11:49:01.984606+08:00
2890,2024-05-16,-676000,6494221,99037,5917258,2663.0,186.0,-75.0,4.0,,2026-07-24T11:49:01.984606+08:00
2890,2024-05-17,572923,-27334233,41263284,14501974,2559.0,189.0,-104.0,3.0,,2026-07-24T11:49:01.984606+08:00
2890,2024-05-20,894548,-14740605,31841010,17994953,1520.0,196.0,-1039.0,7.0,,2026-07-24T11:49:01.984606+08:00
2890,2024-05-21,-770321,-36183497,20863304,-16090514,1799.0,168.0,279.0,-28.0,,2026-07-24T11:49:01.984606+08:00
2890,2024-05-22,-310915,-22053279,13356050,-9008144,2192.0,160.0,393.0,-8.0,,2026-07-24T11:49:01.984606+08:00
2890,2024-05-23,-404632,-29550690,27610592,-2344730,2234.0,162.0,42.0,2.0,,2026-07-24T11:49:01.984606+08:00
2890,2024-05-24,-199007,-2741974,7060592,4119611,2117.0,162.0,-117.0,0.0,,2026-07-24T11:49:01.984606+08:00
2890,2024-05-27,79127,63089,5897395,6039611,2081.0,162.0,-36.0,0.0,,2026-07-24T11:49:01.984606+08:00
2890,2024-05-28,-115000,4684535,-2399995,2169540,1595.0,164.0,-486.0,2.0,,2026-07-24T11:49:01.984606+08:00
2890,2024-05-29,-225551,-2262191,-5312418,-7800160,1989.0,161.0,394.0,-3.0,,2026-07-24T11:49:01.984606+08:00
2890,2024-05-30,41190,8066854,-4925000,3183044,2061.0,154.0,72.0,-7.0,,2026-07-24T11:49:01.984606+08:00
2890,2024-05-31,118968,14522938,-4560936,10080970,2047.0,153.0,-14.0,-1.0,,2026-07-24T11:49:01.984606+08:00
2890,2024-06-03,381569,14039754,-6205943,8215380,2027.0,156.0,-20.0,3.0,,2026-07-24T11:49:01.984606+08:00
2890,2024-06-04,-411000,6646270,-5119000,1116270,2027.0,153.0,0.0,-3.0,,2026-07-24T11:49:01.984606+08:00
2890,2024-06-05,-129375,7451250,-1839000,5482875,2033.0,150.0,6.0,-3.0,,2026-07-24T11:49:01.984606+08:00
2890,2024-06-06,-121000,8352260,-71000,8160260,1999.0,156.0,-34.0,6.0,,2026-07-24T11:49:01.984606+08:00
2890,2024-06-07,-214000,4646415,221010,4653425,2050.0,157.0,51.0,1.0,,2026-07-24T11:49:01.984606+08:00
2890,2024-06-11,235000,6577146,275010,7087156,1891.0,156.0,-159.0,-1.0,,2026-07-24T11:49:01.984606+08:00
2890,2024-06-12,-192000,4943932,251284,5003216,1874.0,158.0,-17.0,2.0,,2026-07-24T11:49:01.984606+08:00
2890,2024-06-13,161090,13311051,62527,13534668,1865.0,160.0,-9.0,2.0,,2026-07-24T11:49:01.984606+08:00
2890,2024-06-14,8000,9410634,-458000,8960634,1739.0,161.0,-126.0,1.0,,2026-07-24T11:49:01.984606+08:00
2890,2024-06-17,-301643,2352590,30005,2080952,1773.0,161.0,34.0,0.0,,2026-07-24T11:49:01.984606+08:00
2890,2024-06-18,688211,19631669,-948207,19371673,1726.0,178.0,-47.0,17.0,,2026-07-24T11:49:01.984606+08:00
2890,2024-06-19,496000,9180760,-1162683,8514077,1820.0,186.0,94.0,8.0,,2026-07-24T11:49:01.984606+08:00
2890,2024-06-20,782112,6277826,355574,7415512,1730.0,193.0,-90.0,7.0,,2026-07-24T11:49:01.984606+08:00
2890,2024-06-21,-55538,9173137,3659005,12776604,1902.0,207.0,172.0,14.0,,2026-07-24T11:49:01.984606+08:00
2890,2024-06-24,-231000,-3129100,4840040,1479940,1792.0,205.0,-110.0,-2.0,,2026-07-24T11:49:01.984606+08:00
2890,2024-06-25,497859,3068769,4271965,7838593,1776.0,219.0,-16.0,14.0,,2026-07-24T11:49:01.984606+08:00
2890,2024-06-26,-113042,-6105143,4233965,-1984220,1914.0,216.0,138.0,-3.0,,2026-07-24T11:49:01.984606+08:00
2890,2024-06-27,96809,-3232199,4307482,1172092,1918.0,214.0,4.0,-2.0,,2026-07-24T11:49:01.984606+08:00
2890,2024-06-28,791014,1829242,314447,2934703,1772.0,216.0,-146.0,2.0,,2026-07-24T11:49:01.984606+08:00
2890,2024-07-01,2111628,1850569,271492,4233689,1795.0,221.0,23.0,5.0,,2026-07-24T11:49:01.984606+08:00
2890,2024-07-02,2202000,-2322725,1001950,881225,1848.0,225.0,53.0,4.0,,2026-07-24T11:49:01.984606+08:00
2890,2024-07-03,1159000,3583000,-292960,4449040,2560.0,226.0,712.0,1.0,,2026-07-24T11:49:01.984606+08:00
2890,2024-07-04,740000,2489674,754025,3983699,2818.0,230.0,258.0,4.0,,2026-07-24T11:49:01.984606+08:00
2890,2024-07-05,846702,-1180433,140020,-193711,2642.0,230.0,-176.0,0.0,,2026-07-24T11:49:01.984606+08:00
2890,2024-07-08,558468,774150,887186,2219804,2242.0,231.0,-400.0,1.0,,2026-07-24T11:49:01.984606+08:00
2890,2024-07-09,690575,-771900,191609,110284,2283.0,218.0,41.0,-13.0,,2026-07-24T11:49:01.984606+08:00
2890,2024-07-10,146058,-118424,-95000,-67366,2323.0,217.0,40.0,-1.0,,2026-07-24T11:49:01.984606+08:00
2890,2024-07-11,417031,1137411,1087000,2641442,2313.0,215.0,-10.0,-2.0,,2026-07-24T11:49:01.984606+08:00
2890,2024-07-12,1485144,4650000,152000,6287144,2115.0,204.0,-198.0,-11.0,,2026-07-24T11:49:01.984606+08:00
2890,2024-07-15,1478000,1512961,771000,3761961,2126.0,214.0,11.0,10.0,,2026-07-24T11:49:01.984606+08:00
2890,2024-07-16,1605689,-2259976,754000,99713,2140.0,213.0,14.0,-1.0,,2026-07-24T11:49:01.984606+08:00
2890,2024-07-17,1289629,-1326110,2717000,2680519,2121.0,189.0,-19.0,-24.0,,2026-07-24T11:49:01.984606+08:00
2890,2024-07-18,1483088,5661772,1809000,8953860,2018.0,189.0,-103.0,0.0,,2026-07-24T11:49:01.984606+08:00
2890,2024-07-19,1051189,-1940679,3680000,2790510,1960.0,180.0,-58.0,-9.0,,2026-07-24T11:49:01.984606+08:00
2890,2024-07-22,2159571,5278871,4071467,11509909,1973.0,160.0,13.0,-20.0,,2026-07-24T11:49:01.984606+08:00
2890,2024-07-23,744210,8599430,5952000,15295640,1985.0,160.0,12.0,0.0,,2026-07-24T11:49:01.984606+08:00
2890,2024-07-26,2250394,5210870,2503000,9964264,2120.0,166.0,135.0,6.0,,2026-07-24T11:49:01.984606+08:00
2890,2024-07-29,1112737,8890379,2359000,12362116,2116.0,165.0,-4.0,-1.0,,2026-07-24T11:49:01.984606+08:00
2890,2024-07-30,802276,-2566895,7835000,6070381,1944.0,150.0,-172.0,-15.0,,2026-07-24T11:49:01.984606+08:00
2890,2024-07-31,112000,6201940,6015000,12328940,1913.0,150.0,-31.0,0.0,,2026-07-24T11:49:01.984606+08:00
2890,2024-08-01,707000,-209344,3682000,4179656,1912.0,150.0,-1.0,0.0,,2026-07-24T11:49:01.984606+08:00
2890,2024-08-02,1134591,-5015450,8161000,4280141,1929.0,160.0,17.0,10.0,,2026-07-24T11:49:01.984606+08:00
2890,2024-08-05,-721499,-13570871,17010000,2717630,2204.0,139.0,275.0,-21.0,,2026-07-24T11:49:01.984606+08:00
2890,2024-08-06,1968231,-2285819,7446209,7128621,2361.0,181.0,157.0,42.0,,2026-07-24T11:49:01.984606+08:00
2890,2024-08-07,480000,-6249699,9750581,3980882,2335.0,159.0,-26.0,-22.0,,2026-07-24T11:49:01.984606+08:00
2890,2024-08-08,366382,-246531,2203270,2323121,2318.0,163.0,-17.0,4.0,,2026-07-24T11:49:01.984606+08:00
2890,2024-08-09,285544,753356,9383300,10422200,2248.0,163.0,-70.0,0.0,,2026-07-24T11:49:01.984606+08:00
2890,2024-08-12,1414564,-1832496,5393123,4975191,2227.0,178.0,-21.0,15.0,,2026-07-24T11:49:01.984606+08:00
2890,2024-08-13,994853,-3960811,6406310,3440352,2110.0,163.0,-117.0,-15.0,,2026-07-24T11:49:01.984606+08:00
2890,2024-08-14,500730,4921548,3236980,8659258,2068.0,141.0,-42.0,-22.0,,2026-07-24T11:49:01.984606+08:00
2890,2024-08-15,808407,-4049515,1234305,-2006803,1948.0,79.0,-120.0,-62.0,,2026-07-24T11:49:01.984606+08:00
2890,2024-08-16,1079812,1274078,5806075,8159965,2011.0,1.0,63.0,-78.0,,2026-07-24T11:49:01.984606+08:00
2890,2024-08-19,65292,-3512989,2663350,-784347,2447.0,0.0,436.0,-1.0,,2026-07-24T11:49:01.984606+08:00
2890,2024-08-20,-1638295,8210295,6126865,12698865,2090.0,0.0,-357.0,0.0,,2026-07-24T11:49:01.984606+08:00
2890,2024-08-21,-1418641,596391,2861338,2039088,2414.0,0.0,324.0,0.0,,2026-07-24T11:49:01.984606+08:00
2890,2024-08-22,283182,-22120930,-2096920,-23934668,2952.0,64.0,538.0,64.0,,2026-07-24T11:49:01.984606+08:00
2890,2024-08-23,-1630385,8227540,-2428125,4169030,2988.0,65.0,36.0,1.0,,2026-07-24T11:49:01.984606+08:00
2890,2024-08-26,-145192,-1219971,-1919125,-3284288,3128.0,28.0,140.0,-37.0,,2026-07-24T11:49:01.984606+08:00
2890,2024-08-27,-281080,6068102,-3718125,2068897,3194.0,28.0,66.0,0.0,,2026-07-24T11:49:01.984606+08:00
2890,2024-08-28,-3464,-318988,-3651125,-3973577,3412.0,32.0,218.0,4.0,,2026-07-24T11:49:01.984606+08:00
2890,2024-08-29,-201033,-382253,-4461000,-5044286,3388.0,57.0,-24.0,25.0,,2026-07-24T11:49:01.984606+08:00
2890,2024-08-30,196255,2261194,-2176900,280549,3347.0,47.0,-41.0,-10.0,,2026-07-24T11:49:01.984606+08:00
2890,2024-09-02,-69573,-1496870,-20250,-1586693,3484.0,47.0,137.0,0.0,,2026-07-24T11:49:01.984606+08:00
2890,2024-09-03,324749,-1992534,70000,-1597785,3607.0,47.0,123.0,0.0,,2026-07-24T11:49:01.984606+08:00
2890,2024-09-04,1198475,-7700148,212426,-6289247,3320.0,43.0,-287.0,-4.0,,2026-07-24T11:49:01.984606+08:00
2890,2024-09-05,-60429,3424007,-2008195,1355383,3238.0,37.0,-82.0,-6.0,,2026-07-24T11:49:01.984606+08:00
2890,2024-09-06,77535,1784858,-1639790,222603,3169.0,31.0,-69.0,-6.0,,2026-07-24T11:49:01.984606+08:00
2890,2024-09-09,499825,-3295892,1457973,-1338094,3213.0,27.0,44.0,-4.0,,2026-07-24T11:49:01.984606+08:00
2890,2024-09-10,1009160,2893611,-552162,3350609,3212.0,45.0,-1.0,18.0,,2026-07-24T11:49:01.984606+08:00
2890,2024-09-11,647611,883779,292794,1824184,3200.0,48.0,-12.0,3.0,,2026-07-24T11:49:01.984606+08:00
2890,2024-09-12,280926,538881,352750,1172557,3099.0,50.0,-101.0,2.0,,2026-07-24T11:49:01.984606+08:00
2890,2024-09-13,326122,-652876,-772000,-1098754,3224.0,46.0,125.0,-4.0,,2026-07-24T11:49:01.984606+08:00
2890,2024-09-16,260160,-472125,384875,172910,3217.0,44.0,-7.0,-2.0,,2026-07-24T11:49:01.984606+08:00
2890,2024-09-18,605000,-735485,459000,328515,3186.0,63.0,-31.0,19.0,,2026-07-24T11:49:01.984606+08:00
2890,2024-09-19,579982,-102015,184000,661967,3142.0,55.0,-44.0,-8.0,,2026-07-24T11:49:01.984606+08:00
2890,2024-09-20,17000,-2431736,6006135,3591399,3065.0,53.0,-77.0,-2.0,,2026-07-24T11:49:01.984606+08:00
2890,2024-09-23,702000,-7301827,8103000,1503173,3051.0,53.0,-14.0,0.0,,2026-07-24T11:49:01.984606+08:00
2890,2024-09-24,398749,-16527881,6080387,-10048745,3070.0,53.0,19.0,0.0,,2026-07-24T11:49:01.984606+08:00
2890,2024-09-25,857201,-17222901,6854232,-9511468,3044.0,51.0,-26.0,-2.0,,2026-07-24T11:49:01.984606+08:00
2890,2024-09-26,950925,-8289135,9043889,1705679,2972.0,394.0,-72.0,343.0,,2026-07-24T11:49:01.984606+08:00
2890,2024-09-27,256426,-5469176,180155,-5032595,2942.0,419.0,-30.0,25.0,,2026-07-24T11:49:01.984606+08:00
2890,2024-09-30,869650,4994423,431753,6295826,2628.0,422.0,-314.0,3.0,,2026-07-24T11:49:01.984606+08:00
2890,2024-10-01,1757686,-5074483,973080,-2343717,2662.0,53.0,34.0,-369.0,,2026-07-24T11:49:01.984606+08:00
2890,2024-10-04,2315693,-12097165,-125713,-9907185,2710.0,44.0,48.0,-9.0,,2026-07-24T11:49:01.984606+08:00
2890,2024-10-07,1504500,-673494,1544125,2375131,2623.0,50.0,-87.0,6.0,,2026-07-24T11:49:01.984606+08:00
2890,2024-10-08,1393754,-5129260,-797918,-4533424,2561.0,46.0,-62.0,-4.0,,2026-07-24T11:49:01.984606+08:00
2890,2024-10-09,101091,-12443460,67905,-12274464,2643.0,44.0,82.0,-2.0,,2026-07-24T11:49:01.984606+08:00
2890,2024-10-11,813602,-9078954,257071,-8008281,2846.0,45.0,203.0,1.0,,2026-07-24T11:49:01.984606+08:00
2890,2024-10-14,1264125,-1233830,692236,722531,2672.0,71.0,-174.0,26.0,,2026-07-24T11:49:01.984606+08:00
2890,2024-10-15,325251,-859316,389652,-144413,2637.0,418.0,-35.0,347.0,,2026-07-24T11:49:01.984606+08:00
2890,2024-10-16,4315964,-2875487,-5461369,-4020892,2687.0,399.0,50.0,-19.0,,2026-07-24T11:49:01.984606+08:00
2890,2024-10-17,2078712,-7551240,1629331,-3843197,2764.0,295.0,77.0,-104.0,,2026-07-24T11:49:01.984606+08:00
2890,2024-10-18,317985,7019217,-4039845,3297357,2669.0,301.0,-95.0,6.0,,2026-07-24T11:49:01.984606+08:00
2890,2024-10-21,299664,-8803811,1514893,-6989254,2788.0,507.0,119.0,206.0,,2026-07-24T11:49:01.984606+08:00
2890,2024-10-22,-226159,-4087632,1684416,-2629375,2778.0,716.0,-10.0,209.0,,2026-07-24T11:49:01.984606+08:00
2890,2024-10-23,348035,-5462814,-2218061,-7332840,2834.0,369.0,56.0,-347.0,,2026-07-24T11:49:01.984606+08:00
2890,2024-10-24,1444547,-2816934,530319,-842068,2843.0,369.0,9.0,0.0,,2026-07-24T11:49:01.984606+08:00
2890,2024-10-25,204249,-765775,-2675923,-3237449,2865.0,368.0,22.0,-1.0,,2026-07-24T11:49:01.984606+08:00
2890,2024-10-28,921985,-16675,-2351923,-1446613,2984.0,368.0,119.0,0.0,,2026-07-24T11:49:01.984606+08:00
2890,2024-10-29,481167,-5130954,2586077,-2063710,2852.0,54.0,-132.0,-314.0,,2026-07-24T11:49:01.984606+08:00
2890,2024-10-30,1187544,-618470,-1247923,-678849,2887.0,58.0,35.0,4.0,,2026-07-24T11:49:01.984606+08:00
2890,2024-11-01,1271657,-3399509,-474000,-2601852,2834.0,61.0,-53.0,3.0,,2026-07-24T11:49:01.984606+08:00
2890,2024-11-04,231106,2683630,-255000,2659736,2783.0,66.0,-51.0,5.0,,2026-07-24T11:49:01.984606+08:00
2890,2024-11-05,189795,4524045,-2771713,1942127,2805.0,67.0,22.0,1.0,,2026-07-24T11:49:01.984606+08:00
2890,2024-11-06,84851,-92718,226000,218133,2825.0,66.0,20.0,-1.0,,2026-07-24T11:49:01.984606+08:00
2890,2024-11-07,58759,1793639,660000,2512398,2824.0,66.0,-1.0,0.0,,2026-07-24T11:49:01.984606+08:00
2890,2024-11-08,22265,1815086,-647000,1190351,2826.0,63.0,2.0,-3.0,,2026-07-24T11:49:01.984606+08:00
2890,2024-11-11,494798,3052327,737000,4284125,2752.0,62.0,-74.0,-1.0,,2026-07-24T11:49:01.984606+08:00
2890,2024-11-12,1875136,736246,971000,3582382,2711.0,58.0,-41.0,-4.0,,2026-07-24T11:49:01.984606+08:00
2890,2024-11-13,520159,-6506709,3808159,-2178391,2724.0,52.0,13.0,-6.0,,2026-07-24T11:49:01.984606+08:00
2890,2024-11-14,1576990,1727280,-95000,3209270,2736.0,53.0,12.0,1.0,,2026-07-24T11:49:01.984606+08:00
2890,2024-11-15,460685,25765332,-1782897,24443120,2621.0,56.0,-115.0,3.0,,2026-07-24T11:49:01.984606+08:00
2890,2024-11-18,2191000,4242968,-3495325,2938643,2560.0,60.0,-61.0,4.0,,2026-07-24T11:49:01.984606+08:00
2890,2024-11-19,1161946,-1600037,-7196000,-7634091,2729.0,48.0,169.0,-12.0,,2026-07-24T11:49:01.984606+08:00
2890,2024-11-20,864820,6977722,-6504941,1337601,2742.0,48.0,13.0,0.0,,2026-07-24T11:49:01.984606+08:00
2890,2024-11-21,521122,-13516264,-3805000,-16800142,2934.0,50.0,192.0,2.0,,2026-07-24T11:49:01.984606+08:00
2890,2024-11-22,426865,5413805,-7094000,-1253330,2920.0,50.0,-14.0,0.0,,2026-07-24T11:49:01.984606+08:00
2890,2024-11-25,875010,16676799,-2214682,15337127,2680.0,52.0,-240.0,2.0,,2026-07-24T11:49:01.984606+08:00
2890,2024-11-26,205233,-7328503,196000,-6927270,2798.0,48.0,118.0,-4.0,,2026-07-24T11:49:01.984606+08:00
2890,2024-11-27,3107000,11490666,-4652960,9944706,2774.0,49.0,-24.0,1.0,,2026-07-24T11:49:01.984606+08:00
2890,2024-11-28,1817000,5039970,861000,7717970,2744.0,65.0,-30.0,16.0,,2026-07-24T11:49:01.984606+08:00
2890,2024-11-29,680967,-4782083,482000,-3619116,2749.0,51.0,5.0,-14.0,,2026-07-24T11:49:01.984606+08:00
2890,2024-12-02,470430,8821500,9559000,18850930,2645.0,70.0,-104.0,19.0,,2026-07-24T11:49:01.984606+08:00
2890,2024-12-03,486728,4186959,1346000,6019687,2616.0,80.0,-29.0,10.0,,2026-07-24T11:49:01.984606+08:00
2890,2024-12-04,415000,-1249877,426079,-408798,2609.0,97.0,-7.0,17.0,,2026-07-24T11:49:01.984606+08:00
2890,2024-12-05,409000,-174542,166059,400517,2631.0,102.0,22.0,5.0,,2026-07-24T11:49:01.984606+08:00
2890,2024-12-06,291160,2070866,152020,2514046,2594.0,102.0,-37.0,0.0,,2026-07-24T11:49:01.984606+08:00
2890,2024-12-09,959000,-1716547,-551786,-1309333,2641.0,92.0,47.0,-10.0,,2026-07-24T11:49:01.984606+08:00
2890,2024-12-10,644999,296067,-1002822,-61756,2734.0,75.0,93.0,-17.0,,2026-07-24T11:49:01.984606+08:00
2890,2024-12-11,839830,-185858,102219,756191,2747.0,74.0,13.0,-1.0,,2026-07-24T11:49:01.984606+08:00
2890,2024-12-12,46409,2178573,403000,2627982,2754.0,71.0,7.0,-3.0,,2026-07-24T11:49:01.984606+08:00
2890,2024-12-13,1353761,-7208880,947167,-4907952,2808.0,71.0,54.0,0.0,,2026-07-24T11:49:01.984606+08:00
2890,2024-12-16,2129865,-3823326,-2069000,-3762461,2863.0,51.0,55.0,-20.0,,2026-07-24T11:49:01.984606+08:00
2890,2024-12-17,1368392,-13587938,9023167,-3196379,3021.0,52.0,158.0,1.0,,2026-07-24T11:49:01.984606+08:00
2890,2024-12-18,27005,-9020221,5415083,-3578133,3038.0,52.0,17.0,0.0,,2026-07-24T11:49:01.984606+08:00
2890,2024-12-19,1062256,-14208632,8165048,-4981328,3109.0,53.0,71.0,1.0,,2026-07-24T11:49:01.984606+08:00
2890,2024-12-20,865710,-1266361,-8710718,-9111369,3048.0,57.0,-61.0,4.0,,2026-07-24T11:49:01.984606+08:00
2890,2024-12-23,164136,12496582,-11630000,1030718,3022.0,54.0,-26.0,-3.0,,2026-07-24T11:49:01.984606+08:00
2890,2024-12-24,179993,10657860,-10657000,180853,3003.0,54.0,-19.0,0.0,,2026-07-24T11:49:01.984606+08:00
2890,2024-12-25,541594,7032597,-10177000,-2602809,3095.0,53.0,92.0,-1.0,,2026-07-24T11:49:01.984606+08:00
2890,2024-12-26,84459,11317000,-9233293,2168166,3113.0,54.0,18.0,1.0,,2026-07-24T11:49:01.984606+08:00
2890,2024-12-27,70000,-364542,-807917,-1102459,3149.0,55.0,36.0,1.0,,2026-07-24T11:49:01.984606+08:00
2890,2024-12-30,586347,-12233425,-366831,-12013909,3475.0,69.0,326.0,14.0,,2026-07-24T11:49:01.984606+08:00
2890,2024-12-31,1153215,-6722304,-2962825,-8531914,3399.0,111.0,-76.0,42.0,,2026-07-24T11:49:01.984606+08:00
2890,2025-01-02,1206649,-6994639,234167,-5553823,3354.0,121.0,-45.0,10.0,,2026-07-24T11:49:01.984606+08:00
2890,2025-01-03,1054298,-5096305,688000,-3354007,3349.0,128.0,-5.0,7.0,,2026-07-24T11:49:01.984606+08:00
2890,2025-01-06,897000,4704116,-3609000,1992116,3290.0,133.0,-59.0,5.0,,2026-07-24T11:49:01.984606+08:00
2890,2025-01-07,189444,-4020817,592000,-3239373,3280.0,129.0,-10.0,-4.0,,2026-07-24T11:49:01.984606+08:00
2890,2025-01-08,618102,-2609673,602161,-1389410,3335.0,78.0,55.0,-51.0,,2026-07-24T11:49:01.984606+08:00
2890,2025-01-09,2013000,253604,-2260000,6604,3281.0,110.0,-54.0,32.0,,2026-07-24T11:49:01.984606+08:00
2890,2025-01-10,2098332,-10820435,-587943,-9310046,3261.0,113.0,-20.0,3.0,,2026-07-24T11:49:01.984606+08:00
2890,2025-01-13,3563092,-9909625,3672000,-2674533,3108.0,126.0,-153.0,13.0,,2026-07-24T11:49:01.984606+08:00
2890,2025-01-14,1056948,-2577131,2673000,1152817,3125.0,125.0,17.0,-1.0,,2026-07-24T11:49:01.984606+08:00
2890,2025-01-15,1923146,-1655369,630000,897777,3124.0,129.0,-1.0,4.0,,2026-07-24T11:49:01.984606+08:00
2890,2025-01-16,2102629,2610780,-2622000,2091409,3016.0,129.0,-108.0,0.0,,2026-07-24T11:49:01.984606+08:00
2890,2025-01-17,2290675,-312898,838000,2815777,3003.0,107.0,-13.0,-22.0,,2026-07-24T11:49:01.984606+08:00
2890,2025-01-20,611855,-1895348,-2226750,-3510243,3061.0,106.0,58.0,-1.0,,2026-07-24T11:49:01.984606+08:00
2890,2025-01-21,-117340,3689541,-2270877,1301324,3069.0,102.0,8.0,-4.0,,2026-07-24T11:49:01.984606+08:00
2890,2025-01-22,496002,-1803173,-938833,-2246004,3068.0,100.0,-1.0,-2.0,,2026-07-24T11:49:01.984606+08:00
2890,2025-02-03,2842090,-4034011,4884489,3692568,3098.0,100.0,30.0,0.0,,2026-07-24T11:49:01.984606+08:00
2890,2025-02-04,770519,-10946190,1140000,-9035671,3273.0,84.0,175.0,-16.0,,2026-07-24T11:49:01.984606+08:00
2890,2025-02-05,-52281,-1002049,719000,-335330,3265.0,84.0,-8.0,0.0,,2026-07-24T11:49:01.984606+08:00
2890,2025-02-06,-181199,-42870,1605000,1380931,3221.0,89.0,-44.0,5.0,,2026-07-24T11:49:01.984606+08:00
2890,2025-02-07,-316350,-6596946,689308,-6223988,3350.0,89.0,129.0,0.0,,2026-07-24T11:49:01.984606+08:00
2890,2025-02-10,-214538,-7447495,-3034757,-10696790,3394.0,94.0,44.0,5.0,,2026-07-24T11:49:01.984606+08:00
2890,2025-02-11,4918,-5924875,-6198434,-12118391,3640.0,93.0,246.0,-1.0,,2026-07-24T11:49:01.984606+08:00
2890,2025-02-12,-547000,-1991496,-3220331,-5758827,3635.0,89.0,-5.0,-4.0,,2026-07-24T11:49:01.984606+08:00
2890,2025-02-13,126736,565600,-3531000,-2838664,3705.0,89.0,70.0,0.0,,2026-07-24T11:49:01.984606+08:00
2890,2025-02-14,140006,-10986875,333401,-10513468,3795.0,77.0,90.0,-12.0,,2026-07-24T11:49:01.984606+08:00
2890,2025-02-17,-308000,6938761,220301,6851062,3780.0,78.0,-15.0,1.0,,2026-07-24T11:49:01.984606+08:00
2890,2025-02-18,-460057,-148321,-1115900,-1724278,3826.0,82.0,46.0,4.0,,2026-07-24T11:49:01.984606+08:00
2890,2025-02-19,143120,-8914410,-3999000,-12770290,3925.0,76.0,99.0,-6.0,,2026-07-24T11:49:01.984606+08:00
2890,2025-02-20,256369,-4026628,-1546489,-5316748,4218.0,78.0,293.0,2.0,,2026-07-24T11:49:01.984606+08:00
2890,2025-02-21,-2998,-600216,-583000,-1186214,4234.0,59.0,16.0,-19.0,,2026-07-24T11:49:01.984606+08:00
2890,2025-02-24,-37560,-9865781,-2240000,-12143341,4447.0,60.0,213.0,1.0,,2026-07-24T11:49:01.984606+08:00
2890,2025-02-25,-8026,-6839275,445211,-6402090,4536.0,53.0,89.0,-7.0,,2026-07-24T11:49:01.984606+08:00
2890,2025-02-26,-42997,995760,-3246727,-2293964,4762.0,54.0,226.0,1.0,,2026-07-24T11:49:01.984606+08:00
2890,2025-02-27,925000,-5436169,476405,-4034764,4832.0,54.0,70.0,0.0,,2026-07-24T11:49:01.984606+08:00
2890,2025-03-03,1581695,-5654929,4556339,483105,4881.0,50.0,49.0,-4.0,,2026-07-24T11:49:01.984606+08:00
2890,2025-03-04,634415,-9535010,4064000,-4836595,5052.0,47.0,171.0,-3.0,,2026-07-24T11:49:01.984606+08:00
2890,2025-03-05,-63716,-18885553,355679,-18593590,5384.0,27.0,332.0,-20.0,,2026-07-24T11:49:01.984606+08:00
2890,2025-03-06,255725,-5948750,-1178321,-6871346,5488.0,19.0,104.0,-8.0,,2026-07-24T11:49:01.984606+08:00
2890,2025-03-07,153185,-8279468,533036,-7593247,5794.0,24.0,306.0,5.0,,2026-07-24T11:49:01.984606+08:00
2890,2025-03-10,275662,-6378011,-848000,-6950349,5903.0,29.0,109.0,5.0,,2026-07-24T11:49:01.984606+08:00
2890,2025-03-11,1448680,-34530301,6544000,-26537621,5893.0,39.0,-10.0,10.0,,2026-07-24T11:49:01.984606+08:00
2890,2025-03-12,-33925,-13211959,775679,-12470205,5971.0,35.0,78.0,-4.0,,2026-07-24T11:49:01.984606+08:00
2890,2025-03-13,833178,-10037551,1038000,-8166373,5810.0,27.0,-161.0,-8.0,,2026-07-24T11:49:01.984606+08:00
2890,2025-03-14,872000,-6112216,3707000,-1533216,5866.0,32.0,56.0,5.0,,2026-07-24T11:49:01.984606+08:00
2890,2025-03-17,385850,-2043495,1995000,337355,5960.0,36.0,94.0,4.0,,2026-07-24T11:49:01.984606+08:00
2890,2025-03-18,145766,-4030672,338000,-3546906,6028.0,36.0,68.0,0.0,,2026-07-24T11:49:01.984606+08:00
2890,2025-03-19,855000,-1797422,-883000,-1825422,6146.0,30.0,118.0,-6.0,,2026-07-24T11:49:01.984606+08:00
2890,2025-03-20,332839,-4175021,303000,-3539182,6196.0,21.0,50.0,-9.0,,2026-07-24T11:49:01.984606+08:00
2890,2025-03-21,83000,-15725841,4670044,-10972797,6844.0,0.0,648.0,-21.0,,2026-07-24T11:49:01.984606+08:00
2890,2025-03-24,793396,-1033501,-3825000,-4065105,7002.0,0.0,158.0,0.0,,2026-07-24T11:49:01.984606+08:00
2890,2025-03-25,659000,-9507108,-1595000,-10443108,6882.0,0.0,-120.0,0.0,,2026-07-24T11:49:01.984606+08:00
2890,2025-03-26,418003,-4903158,-1770000,-6255155,6704.0,0.0,-178.0,0.0,,2026-07-24T11:49:01.984606+08:00
2890,2025-03-27,1264901,-15061625,2156000,-11640724,6497.0,0.0,-207.0,0.0,,2026-07-24T11:49:01.984606+08:00
2890,2025-03-28,3803905,-14460230,3231000,-7425325,6489.0,1.0,-8.0,1.0,,2026-07-24T11:49:01.984606+08:00
2890,2025-03-31,6538251,-14576475,8223000,184776,6187.0,7.0,-302.0,6.0,,2026-07-24T11:49:01.984606+08:00
2890,2025-04-01,1654398,-7375700,2179000,-3542302,6096.0,7.0,-91.0,0.0,,2026-07-24T11:49:01.984606+08:00
2890,2025-04-02,1823860,-2482448,333000,-325588,6038.0,7.0,-58.0,0.0,,2026-07-24T11:49:01.984606+08:00
2890,2025-04-07,-65310,796355,103000,834045,5770.0,40.0,-268.0,33.0,,2026-07-24T11:49:01.984606+08:00
2890,2025-04-08,6878342,4889790,6350639,18118771,6455.0,56.0,685.0,16.0,,2026-07-24T11:49:01.984606+08:00
2890,2025-04-09,10315007,2163915,4820751,17299673,6542.0,150.0,87.0,94.0,,2026-07-24T11:49:01.984606+08:00
2890,2025-04-10,66996,9576382,0,9643378,5885.0,105.0,-657.0,-45.0,,2026-07-24T11:49:01.984606+08:00
2890,2025-04-11,1629609,-10032329,11313338,2910618,5591.0,111.0,-294.0,6.0,,2026-07-24T11:49:01.984606+08:00
2890,2025-04-14,78053,-279417,1442189,1240825,5711.0,100.0,120.0,-11.0,,2026-07-24T11:49:01.984606+08:00
2890,2025-04-15,699121,1387642,-48515,2038248,5628.0,87.0,-83.0,-13.0,,2026-07-24T11:49:01.984606+08:00
2890,2025-04-16,967821,-6036169,2244877,-2823471,5866.0,59.0,238.0,-28.0,,2026-07-24T11:49:01.984606+08:00
2890,2025-04-17,1414106,-1035630,1089000,1467476,5972.0,749.0,106.0,690.0,,2026-07-24T11:49:01.984606+08:00
2890,2025-04-18,937811,139008,335387,1412206,6130.0,1221.0,158.0,472.0,,2026-07-24T11:49:01.984606+08:00
2890,2025-04-21,2350644,-4534143,795000,-1388499,6067.0,1209.0,-63.0,-12.0,,2026-07-24T11:49:01.984606+08:00
2890,2025-04-22,3366607,-3596897,-2437000,-2667290,6226.0,1322.0,159.0,113.0,,2026-07-24T11:49:01.984606+08:00
2890,2025-04-23,-280000,5598258,-2107100,3211158,6111.0,1336.0,-115.0,14.0,,2026-07-24T11:49:01.984606+08:00
2890,2025-04-24,-712935,-1228152,-2497255,-4438342,6185.0,1342.0,74.0,6.0,,2026-07-24T11:49:01.984606+08:00
2890,2025-04-25,29000,7486385,-3609168,3906217,5710.0,262.0,-475.0,-1080.0,,2026-07-24T11:49:01.984606+08:00
2890,2025-04-28,-32343,1250454,-916092,302019,5754.0,252.0,44.0,-10.0,,2026-07-24T11:49:01.984606+08:00
2890,2025-04-29,25000,10140068,-824500,9340568,5567.0,90.0,-187.0,-162.0,,2026-07-24T11:49:01.984606+08:00
2890,2025-04-30,-375540,2474633,-2570328,-471235,5594.0,90.0,27.0,0.0,,2026-07-24T11:49:01.984606+08:00
2890,2025-05-02,99219,5260588,-64525,5295282,5438.0,78.0,-156.0,-12.0,,2026-07-24T11:49:01.984606+08:00
2890,2025-05-05,-494442,784928,-37923,252563,5348.0,72.0,-90.0,-6.0,,2026-07-24T11:49:01.984606+08:00
2890,2025-05-06,-1843501,8548597,-1972150,4732946,5046.0,80.0,-302.0,8.0,,2026-07-24T11:49:01.984606+08:00
2890,2025-05-07,-207170,-1527810,-1328850,-3063830,5045.0,1286.0,-1.0,1206.0,,2026-07-24T11:49:01.984606+08:00
2890,2025-05-08,131238,9909802,-1919517,8121523,5129.0,1335.0,84.0,49.0,,2026-07-24T11:49:01.984606+08:00
2890,2025-05-09,-1213242,24649293,-1470517,21965534,4227.0,249.0,-902.0,-1086.0,,2026-07-24T11:49:01.984606+08:00
2890,2025-05-12,-149057,-855000,-156656,-1160713,4439.0,261.0,212.0,12.0,,2026-07-24T11:49:01.984606+08:00
2890,2025-05-13,-1502484,-8483181,-1145349,-11131014,4127.0,340.0,-312.0,79.0,,2026-07-24T11:49:01.984606+08:00
2890,2025-05-14,-682233,-2808612,-2339180,-5830025,4144.0,436.0,17.0,96.0,,2026-07-24T11:49:01.984606+08:00
2890,2025-05-15,-460000,6068893,-11300232,-5691339,4113.0,331.0,-31.0,-105.0,,2026-07-24T11:49:01.984606+08:00
2890,2025-05-16,-629000,10558565,-19902609,-9973044,4111.0,220.0,-2.0,-111.0,,2026-07-24T11:49:01.984606+08:00
2890,2025-05-19,-513952,15748819,-29338106,-14103239,4333.0,206.0,222.0,-14.0,,2026-07-24T11:49:01.984606+08:00
2890,2025-05-20,-170533,14245202,-21819030,-7744361,4456.0,223.0,123.0,17.0,,2026-07-24T11:49:01.984606+08:00
2890,2025-05-21,-564020,8409201,-19458590,-11613409,4283.0,187.0,-173.0,-36.0,,2026-07-24T11:49:01.984606+08:00
2890,2025-05-22,-971342,25480550,-38468902,-13959694,4534.0,163.0,251.0,-24.0,,2026-07-24T11:49:01.984606+08:00
2890,2025-05-23,-464516,44927043,-38057180,6405347,4474.0,243.0,-60.0,80.0,,2026-07-24T11:49:01.984606+08:00
2890,2025-05-26,-284904,18311680,-37148312,-19121536,4723.0,230.0,249.0,-13.0,,2026-07-24T11:49:01.984606+08:00
2890,2025-05-27,-528970,23293818,-40548740,-17783892,4732.0,229.0,9.0,-1.0,,2026-07-24T11:49:01.984606+08:00
2890,2025-05-28,42979,567057,-54479000,-53868964,5430.0,173.0,698.0,-56.0,,2026-07-24T11:49:01.984606+08:00
2890,2025-05-29,441662,45989423,-78207556,-31776471,5393.0,168.0,-37.0,-5.0,,2026-07-24T11:49:01.984606+08:00
2890,2025-06-02,523658,54308285,-83095920,-28263977,5548.0,134.0,155.0,-34.0,,2026-07-24T11:49:01.984606+08:00
2890,2025-06-03,-73621,73737598,-96194022,-22530045,6028.0,183.0,480.0,49.0,,2026-07-24T11:49:01.984606+08:00
2890,2025-06-04,-209858,25418788,-67357702,-42148772,6257.0,246.0,229.0,63.0,,2026-07-24T11:49:01.984606+08:00
2890,2025-06-05,-1054550,17459231,-332297,16072384,5514.0,356.0,-743.0,110.0,,2026-07-24T11:49:01.984606+08:00
2890,2025-06-06,-3311399,-22876120,-200934,-26388453,5535.0,258.0,21.0,-98.0,,2026-07-24T11:49:01.984606+08:00
2890,2025-06-09,-1900029,69217290,-215862,67101399,5400.0,457.0,-135.0,199.0,,2026-07-24T11:49:01.984606+08:00
2890,2025-06-10,435897,-4476803,-207794,-4248700,5249.0,490.0,-151.0,33.0,,2026-07-24T11:49:01.984606+08:00
2890,2025-06-11,-1063971,-468641,-75760,-1608372,4909.0,361.0,-340.0,-129.0,,2026-07-24T11:49:01.984606+08:00
2890,2025-06-12,-773105,-6373067,-194640,-7340812,4816.0,351.0,-93.0,-10.0,,2026-07-24T11:49:01.984606+08:00
2890,2025-06-13,-1183540,14581113,2087,13399660,4733.0,356.0,-83.0,5.0,,2026-07-24T11:49:01.984606+08:00
2890,2025-06-16,275676,5477111,2296869,8049656,4936.0,359.0,203.0,3.0,,2026-07-24T11:49:01.984606+08:00
2890,2025-06-17,57982,5944444,-234821,5767605,4972.0,371.0,36.0,12.0,,2026-07-24T11:49:01.984606+08:00
2890,2025-06-18,3027664,-5747909,1840402,-879843,4755.0,376.0,-217.0,5.0,,2026-07-24T11:49:01.984606+08:00
2890,2025-06-19,460113,1856100,1784013,4100226,4765.0,382.0,10.0,6.0,,2026-07-24T11:49:01.984606+08:00
2890,2025-06-20,540669,8078101,-11234185,-2615415,5261.0,261.0,496.0,-121.0,,2026-07-24T11:49:01.984606+08:00
2890,2025-06-23,1194134,-4984124,11812647,8022657,5233.0,252.0,-28.0,-9.0,,2026-07-24T11:49:01.984606+08:00
2890,2025-06-24,647331,-9544258,12401519,3504592,5125.0,214.0,-108.0,-38.0,,2026-07-24T11:49:01.984606+08:00
2890,2025-06-25,552661,-7314479,10406019,3644201,5103.0,215.0,-22.0,1.0,,2026-07-24T11:49:01.984606+08:00
2890,2025-06-26,1355153,-6527667,9723243,4550729,5178.0,214.0,75.0,-1.0,,2026-07-24T11:49:01.984606+08:00
2890,2025-06-27,-192001,6295352,2020991,8124342,5052.0,216.0,-126.0,2.0,,2026-07-24T11:49:01.984606+08:00
2890,2025-06-30,369000,-2869620,691275,-1809345,5052.0,217.0,0.0,1.0,,2026-07-24T11:49:01.984606+08:00
2890,2025-07-01,924425,8878007,7030731,16833163,4765.0,240.0,-287.0,23.0,,2026-07-24T11:49:01.984606+08:00
2890,2025-07-02,-183274,-8816472,406982,-8592764,4776.0,238.0,11.0,-2.0,,2026-07-24T11:49:01.984606+08:00
2890,2025-07-03,-818,-5732742,556455,-5177105,4769.0,233.0,-7.0,-5.0,,2026-07-24T11:49:01.984606+08:00
2890,2025-07-04,839000,-5822050,3724759,-1258291,4795.0,235.0,26.0,2.0,,2026-07-24T11:49:01.984606+08:00
2890,2025-07-07,1043395,1219063,155519,2417977,4772.0,231.0,-23.0,-4.0,,2026-07-24T11:49:01.984606+08:00
2890,2025-07-08,792000,-1051255,345851,86596,4697.0,229.0,-75.0,-2.0,,2026-07-24T11:49:01.984606+08:00
2890,2025-07-09,-148425,-13730776,2060529,-11818672,4727.0,230.0,30.0,1.0,,2026-07-24T11:49:01.984606+08:00
2890,2025-07-10,89745,2553144,2591000,5233889,4664.0,209.0,-63.0,-21.0,,2026-07-24T11:49:01.984606+08:00
2890,2025-07-11,-131000,8286248,1433000,9588248,4729.0,218.0,65.0,9.0,,2026-07-24T11:49:01.984606+08:00
2890,2025-07-14,1345000,-1209065,648277,784212,5453.0,215.0,724.0,-3.0,,2026-07-24T11:49:01.984606+08:00
2890,2025-07-15,774000,-9374792,267812,-8332980,4427.0,207.0,-1026.0,-8.0,,2026-07-24T11:49:01.984606+08:00
2890,2025-07-16,1072406,-9347709,9819030,1543727,4520.0,226.0,93.0,19.0,,2026-07-24T11:49:01.984606+08:00
2890,2025-07-17,960978,-15650377,9875257,-4814142,4309.0,223.0,-211.0,-3.0,,2026-07-24T11:49:01.984606+08:00
2890,2025-07-18,2164534,-18155801,10134558,-5856709,4162.0,237.0,-147.0,14.0,,2026-07-24T11:49:01.984606+08:00
2890,2025-07-21,1471851,-11978330,10314000,-192479,3987.0,237.0,-175.0,0.0,,2026-07-24T11:49:01.984606+08:00
2890,2025-07-22,1081923,-12919575,10365094,-1472558,3739.0,224.0,-248.0,-13.0,,2026-07-24T11:49:01.984606+08:00
2890,2025-07-23,1484000,343187,478000,2305187,4011.0,224.0,272.0,0.0,,2026-07-24T11:49:01.984606+08:00
2890,2025-07-24,574203,-11665313,22617,-11068493,4013.0,222.0,2.0,-2.0,,2026-07-24T11:49:01.984606+08:00
2890,2025-07-25,-39637,-5416640,2206713,-3249564,3932.0,233.0,-81.0,11.0,,2026-07-24T11:49:01.984606+08:00
2890,2025-07-28,-1808081,-6439717,1761904,-6485894,3931.0,236.0,-1.0,3.0,,2026-07-24T11:49:01.984606+08:00
2890,2025-07-29,-459887,-5638370,5537,-6092720,4113.0,229.0,182.0,-7.0,,2026-07-24T11:49:01.984606+08:00
2890,2025-07-30,-352743,1071425,193000,911682,4093.0,175.0,-20.0,-54.0,,2026-07-24T11:49:01.984606+08:00
2890,2025-07-31,-743149,-4060299,-526740,-5330188,4120.0,207.0,27.0,32.0,,2026-07-24T11:49:01.984606+08:00
2890,2025-08-01,-1640132,894175,592298,-153659,4131.0,203.0,11.0,-4.0,,2026-07-24T11:49:01.984606+08:00
2890,2025-08-04,-1815000,3972589,5037000,7194589,4125.0,210.0,-6.0,7.0,,2026-07-24T11:49:01.984606+08:00
2890,2025-08-05,-2359504,-312286,4024718,1352928,4114.0,209.0,-11.0,-1.0,,2026-07-24T11:49:01.984606+08:00
2890,2025-08-06,-856000,7668645,2266617,9079262,4234.0,546.0,120.0,337.0,,2026-07-24T11:49:01.984606+08:00
2890,2025-08-07,715000,-504439,1245528,1456089,4344.0,556.0,110.0,10.0,,2026-07-24T11:49:01.984606+08:00
2890,2025-08-08,432516,-4702455,1355693,-2914246,4222.0,406.0,-122.0,-150.0,,2026-07-24T11:49:01.984606+08:00
2890,2025-08-11,-74927,-2464792,937553,-1602166,4234.0,513.0,12.0,107.0,,2026-07-24T11:49:01.984606+08:00
2890,2025-08-12,-962479,1204852,49694,292067,3966.0,239.0,-268.0,-274.0,,2026-07-24T11:49:01.984606+08:00
2890,2025-08-13,-521000,3672493,99491,3250984,3830.0,206.0,-136.0,-33.0,,2026-07-24T11:49:01.984606+08:00
2890,2025-08-14,-396580,3836389,92555,3532364,3834.0,101.0,4.0,-105.0,,2026-07-24T11:49:01.984606+08:00
2890,2025-08-15,4234020,-20795684,359234,-16202430,3899.0,0.0,65.0,-101.0,,2026-07-24T11:49:01.984606+08:00
2890,2025-08-18,5860097,-19854878,2079865,-11914916,3674.0,0.0,-225.0,0.0,,2026-07-24T11:49:01.984606+08:00
2890,2025-08-19,4782257,-23766164,-378691,-19362598,3993.0,0.0,319.0,0.0,,2026-07-24T11:49:01.984606+08:00
2890,2025-08-20,8916392,-37091828,1468619,-26706817,6521.0,0.0,2528.0,0.0,,2026-07-24T11:49:01.984606+08:00
2890,2025-08-21,-21825894,6134200,605311,-15086383,6892.0,478.0,371.0,478.0,,2026-07-24T11:49:01.984606+08:00
2890,2025-08-22,-1220267,4025709,329186,3134628,7119.0,478.0,227.0,0.0,,2026-07-24T11:49:01.984606+08:00
2890,2025-08-25,-450952,-10765484,-86324,-11302760,7365.0,441.0,246.0,-37.0,,2026-07-24T11:49:01.984606+08:00
2890,2025-08-26,150312,-393231,82478,-160441,7698.0,560.0,333.0,119.0,,2026-07-24T11:49:01.984606+08:00
2890,2025-08-27,-970937,9902658,-243000,8688721,7346.0,876.0,-352.0,316.0,,2026-07-24T11:49:01.984606+08:00
2890,2025-08-28,-181090,-2965267,-185808,-3332165,7620.0,905.0,274.0,29.0,,2026-07-24T11:49:01.984606+08:00
2890,2025-08-29,-461430,-1393512,111000,-1743942,7678.0,866.0,58.0,-39.0,,2026-07-24T11:49:01.984606+08:00
2890,2025-09-01,-525434,9440668,776378,9691612,7636.0,1033.0,-42.0,167.0,,2026-07-24T11:49:01.984606+08:00
2890,2025-09-02,-3710863,9641630,836000,6766767,7575.0,1106.0,-61.0,73.0,,2026-07-24T11:49:01.984606+08:00
2890,2025-09-03,-596634,-4413003,97000,-4912637,7550.0,1027.0,-25.0,-79.0,,2026-07-24T11:49:01.984606+08:00
2890,2025-09-04,-2558922,12543171,-2102469,7881780,7497.0,1039.0,-53.0,12.0,,2026-07-24T11:49:01.984606+08:00
2890,2025-09-05,-304586,3858098,-184817,3368695,7652.0,1105.0,155.0,66.0,,2026-07-24T11:49:01.984606+08:00
2890,2025-09-08,-3457107,13959201,-159407,10342687,7304.0,1263.0,-348.0,158.0,,2026-07-24T11:49:01.984606+08:00
2890,2025-09-09,-3678901,18475332,-210469,14585962,6946.0,1291.0,-358.0,28.0,,2026-07-24T11:49:01.984606+08:00
2890,2025-09-10,-4487252,12822729,-419652,7915825,7145.0,1318.0,199.0,27.0,,2026-07-24T11:49:01.984606+08:00
2890,2025-09-11,-3431000,17989826,-5062652,9496174,6816.0,1327.0,-329.0,9.0,,2026-07-24T11:49:01.984606+08:00
2890,2025-09-12,-4561000,20215070,-8165286,7488784,6709.0,1348.0,-107.0,21.0,,2026-07-24T11:49:01.984606+08:00
2890,2025-09-15,-1915681,-50017,-580652,-2546350,6639.0,1352.0,-70.0,4.0,,2026-07-24T11:49:01.984606+08:00
2890,2025-09-16,-3933297,6902367,-603926,2365144,6394.0,1351.0,-245.0,-1.0,,2026-07-24T11:49:01.984606+08:00
2890,2025-09-17,-180326,-24227563,14193841,-10214048,6885.0,1320.0,491.0,-31.0,,2026-07-24T11:49:01.984606+08:00
2890,2025-09-18,-469793,-6548575,-789000,-7807368,6332.0,1246.0,-553.0,-74.0,,2026-07-24T11:49:01.984606+08:00
2890,2025-09-19,-279411,-19042213,3505878,-15815746,6440.0,1246.0,108.0,0.0,,2026-07-24T11:49:01.984606+08:00
2890,2025-09-22,-152063,529894,1699179,2077010,4437.0,1083.0,-2003.0,-163.0,,2026-07-24T11:49:01.984606+08:00
2890,2025-09-23,-806600,4819842,2126351,6139593,4415.0,1083.0,-22.0,0.0,,2026-07-24T11:49:01.984606+08:00
2890,2025-09-24,354082,-3746924,1857900,-1534942,4481.0,1127.0,66.0,44.0,,2026-07-24T11:49:01.984606+08:00
2890,2025-09-25,-940209,-15243527,2494351,-13689385,4644.0,1127.0,163.0,0.0,,2026-07-24T11:49:01.984606+08:00
2890,2025-09-26,471944,2091409,874351,3437704,4584.0,1147.0,-60.0,20.0,,2026-07-24T11:49:01.984606+08:00
2890,2025-09-30,287126,18815830,546112,19649068,4491.0,1492.0,-93.0,345.0,,2026-07-24T11:49:01.984606+08:00
2890,2025-10-01,-1646616,2910256,-797649,465991,4598.0,426.0,107.0,-1066.0,,2026-07-24T11:49:01.984606+08:00
2890,2025-10-02,181022,25587200,1627012,27395234,3799.0,242.0,-799.0,-184.0,,2026-07-24T11:49:01.984606+08:00
2890,2025-10-03,213735,-13005745,-265000,-13057010,3852.0,228.0,53.0,-14.0,,2026-07-24T11:49:01.984606+08:00
2890,2025-10-07,281839,7448670,-108105,7622404,3794.0,192.0,-58.0,-36.0,,2026-07-24T11:49:01.984606+08:00
2890,2025-10-08,210832,18678401,-401296,18487937,3685.0,207.0,-109.0,15.0,,2026-07-24T11:49:01.984606+08:00
2890,2025-10-09,-450382,11112075,-206313,10455380,3556.0,62.0,-129.0,-145.0,,2026-07-24T11:49:01.984606+08:00
2890,2025-10-13,2791083,1563979,244899,4599961,3359.0,60.0,-197.0,-2.0,,2026-07-24T11:49:01.984606+08:00
2890,2025-10-14,2271405,17382643,1546574,21200622,3283.0,59.0,-76.0,-1.0,,2026-07-24T11:49:01.984606+08:00
2890,2025-10-15,1974812,10519929,2789000,15283741,3371.0,60.0,88.0,1.0,,2026-07-24T11:49:01.984606+08:00
2890,2025-10-16,221595,-9075235,-310000,-9163640,3731.0,58.0,360.0,-2.0,,2026-07-24T11:49:01.984606+08:00
2890,2025-10-17,-1259449,12997437,-801000,10936988,3596.0,101.0,-135.0,43.0,,2026-07-24T11:49:01.984606+08:00
2890,2025-10-20,206393,1119018,322881,1648292,3635.0,53.0,39.0,-48.0,,2026-07-24T11:49:01.984606+08:00
2890,2025-10-21,319000,5330873,-40000,5609873,3614.0,53.0,-21.0,0.0,,2026-07-24T11:49:01.984606+08:00
2890,2025-10-22,1428935,4440502,411303,6280740,3449.0,53.0,-165.0,0.0,,2026-07-24T11:49:01.984606+08:00
2890,2025-10-23,2238236,5030474,-814040,6454670,3363.0,53.0,-86.0,0.0,,2026-07-24T11:49:01.984606+08:00
2890,2025-10-27,986183,6917831,-371755,7532259,3114.0,55.0,-249.0,2.0,,2026-07-24T11:49:01.984606+08:00
2890,2025-10-28,551665,-9599646,-249000,-9296981,3232.0,49.0,118.0,-6.0,,2026-07-24T11:49:01.984606+08:00
2890,2025-10-29,-1597000,5033404,-521000,2915404,3164.0,48.0,-68.0,-1.0,,2026-07-24T11:49:01.984606+08:00
2890,2025-10-30,-472480,-3114058,-481697,-4068235,3143.0,50.0,-21.0,2.0,,2026-07-24T11:49:01.984606+08:00
2890,2025-10-31,-391900,-9071510,-60305,-9523715,3189.0,49.0,46.0,-1.0,,2026-07-24T11:49:01.984606+08:00
2890,2025-11-03,317641,25808911,109390,26235942,3059.0,64.0,-130.0,15.0,,2026-07-24T11:49:01.984606+08:00
2890,2025-11-04,-142605,5745390,132303,5735088,3032.0,65.0,-27.0,1.0,,2026-07-24T11:49:01.984606+08:00
2890,2025-11-05,124489,7716411,1288390,9129290,3033.0,64.0,1.0,-1.0,,2026-07-24T11:49:01.984606+08:00
2890,2025-11-06,25293,4700368,1429000,6154661,3006.0,64.0,-27.0,0.0,,2026-07-24T11:49:01.984606+08:00
2890,2025-11-07,-26286,7916541,1177000,9067255,3025.0,65.0,19.0,1.0,,2026-07-24T11:49:01.984606+08:00
2890,2025-11-10,308055,2506474,440606,3255135,3022.0,64.0,-3.0,-1.0,,2026-07-24T11:49:01.984606+08:00
2890,2025-11-11,76345,26080020,77605,26233970,2997.0,65.0,-25.0,1.0,,2026-07-24T11:49:01.984606+08:00
2890,2025-11-12,241670,3968227,273605,4483502,2957.0,68.0,-40.0,3.0,,2026-07-24T11:49:01.984606+08:00
2890,2025-11-13,85437,1754996,290261,2130694,2916.0,68.0,-41.0,0.0,,2026-07-24T11:49:01.984606+08:00
2890,2025-11-14,914107,2842879,440000,4196986,2912.0,66.0,-4.0,-2.0,,2026-07-24T11:49:01.984606+08:00
2890,2025-11-17,1953334,-2128155,-132010,-306831,2904.0,64.0,-8.0,-2.0,,2026-07-24T11:49:01.984606+08:00
2890,2025-11-18,4045971,-6949776,8282000,5378195,2890.0,63.0,-14.0,-1.0,,2026-07-24T11:49:01.984606+08:00
2890,2025-11-19,1710410,-4101383,8031607,5640634,2874.0,64.0,-16.0,1.0,,2026-07-24T11:49:01.984606+08:00
2890,2025-11-20,451078,10409861,9336211,20197150,2767.0,64.0,-107.0,0.0,,2026-07-24T11:49:01.984606+08:00
2890,2025-11-21,3136519,-14172367,10069000,-966848,2917.0,53.0,150.0,-11.0,,2026-07-24T11:49:01.984606+08:00
2890,2025-11-24,1170823,-9246440,13449256,5373639,2732.0,54.0,-185.0,1.0,,2026-07-24T11:49:01.984606+08:00
2890,2025-11-25,394689,-16158758,12137000,-3627069,2636.0,53.0,-96.0,-1.0,,2026-07-24T11:49:01.984606+08:00
2890,2025-11-26,-159607,10601189,7475468,17917050,2637.0,76.0,1.0,23.0,,2026-07-24T11:49:01.984606+08:00
2890,2025-11-27,-161158,-3528094,4465911,776659,2647.0,58.0,10.0,-18.0,,2026-07-24T11:49:01.984606+08:00
2890,2025-11-28,486641,-2263573,1358000,-418932,2610.0,56.0,-37.0,-2.0,,2026-07-24T11:49:01.984606+08:00
2890,2025-12-01,36799,75771,18000,130570,2593.0,52.0,-17.0,-4.0,,2026-07-24T11:49:01.984606+08:00
2890,2025-12-02,239349,13853189,-431000,13661538,2536.0,51.0,-57.0,-1.0,,2026-07-24T11:49:01.984606+08:00
2890,2025-12-03,72009,-3607578,-1201000,-4736569,2565.0,52.0,29.0,1.0,,2026-07-24T11:49:01.984606+08:00
2890,2025-12-04,82849,5225987,-780000,4528836,2576.0,52.0,11.0,0.0,,2026-07-24T11:49:01.984606+08:00
2890,2025-12-05,373450,6979688,-51000,7302138,2630.0,52.0,54.0,0.0,,2026-07-24T11:49:01.984606+08:00
2890,2025-12-08,165179,-2639623,-323305,-2797749,2908.0,52.0,278.0,0.0,,2026-07-24T11:49:01.984606+08:00
2890,2025-12-09,-216546,4591144,-2144000,2230598,2649.0,62.0,-259.0,10.0,,2026-07-24T11:49:01.984606+08:00
2890,2025-12-10,-102846,-734844,-181884,-1019574,2630.0,62.0,-19.0,0.0,,2026-07-24T11:49:01.984606+08:00
2890,2025-12-11,216089,3331791,-1825695,1722185,2701.0,62.0,71.0,0.0,,2026-07-24T11:49:01.984606+08:00
2890,2025-12-12,298018,14206404,407390,14911812,2507.0,61.0,-194.0,-1.0,,2026-07-24T11:49:01.984606+08:00
2890,2025-12-15,200512,10428688,-2400000,8229200,2494.0,96.0,-13.0,35.0,,2026-07-24T11:49:01.984606+08:00
2890,2025-12-16,1214734,3225503,-746000,3694237,2803.0,94.0,309.0,-2.0,,2026-07-24T11:49:01.984606+08:00
2890,2025-12-17,2163760,16504483,-459696,18208547,2227.0,212.0,-576.0,118.0,,2026-07-24T11:49:01.984606+08:00
2890,2025-12-18,659328,-9199337,-1464000,-10004009,2352.0,214.0,125.0,2.0,,2026-07-24T11:49:01.984606+08:00
2890,2025-12-19,431210,6322541,1882259,8636010,2687.0,238.0,335.0,24.0,,2026-07-24T11:49:01.984606+08:00
2890,2025-12-22,372818,-7119587,2699304,-4047465,2722.0,215.0,35.0,-23.0,,2026-07-24T11:49:01.984606+08:00
2890,2025-12-23,221008,-19096211,4974000,-13901203,2718.0,215.0,-4.0,0.0,,2026-07-24T11:49:01.984606+08:00
2890,2025-12-24,343458,-8693984,7911797,-438729,2689.0,181.0,-29.0,-34.0,,2026-07-24T11:49:01.984606+08:00
2890,2025-12-26,779566,-8436664,6382000,-1275098,2641.0,177.0,-48.0,-4.0,,2026-07-24T11:49:01.984606+08:00
2890,2025-12-29,538458,-3232524,697390,-1996676,2501.0,175.0,-140.0,-2.0,,2026-07-24T11:49:01.984606+08:00
2890,2025-12-30,-184921,1141342,-920000,36421,2417.0,140.0,-84.0,-35.0,,2026-07-24T11:49:01.984606+08:00
2890,2025-12-31,-332353,-3474693,100066,-3706980,2411.0,120.0,-6.0,-20.0,,2026-07-24T11:49:01.984606+08:00
2890,2026-01-02,314398,-3096024,-161360,-2942986,2546.0,124.0,135.0,4.0,,2026-07-24T11:49:01.984606+08:00
2890,2026-01-05,118357,2270321,-480721,1907957,2436.0,114.0,-110.0,-10.0,,2026-07-24T11:49:01.984606+08:00
2890,2026-01-06,200437,-1850772,-482000,-2132335,2405.0,114.0,-31.0,0.0,,2026-07-24T11:49:01.984606+08:00
2890,2026-01-07,-1811945,-2492621,-423913,-4728479,2500.0,114.0,95.0,0.0,,2026-07-24T11:49:01.984606+08:00
2890,2026-01-08,-67291,5599443,-430594,5101558,2482.0,129.0,-18.0,15.0,,2026-07-24T11:49:01.984606+08:00
2890,2026-01-09,339610,70089,-882315,-472616,2526.0,132.0,44.0,3.0,,2026-07-24T11:49:01.984606+08:00
2890,2026-01-12,53397,-12422135,-765290,-13134028,2433.0,80.0,-93.0,-52.0,,2026-07-24T11:49:01.984606+08:00
2890,2026-01-13,-468925,-132014,-3014833,-3615772,2396.0,36.0,-37.0,-44.0,,2026-07-24T11:49:01.984606+08:00
2890,2026-01-14,-618094,-1327268,-3248782,-5194144,2318.0,36.0,-78.0,0.0,,2026-07-24T11:49:01.984606+08:00
2890,2026-01-15,221171,14906263,1152812,16280246,2336.0,49.0,18.0,13.0,,2026-07-24T11:49:01.984606+08:00
2890,2026-01-16,148720,5542707,1470185,7161612,2307.0,49.0,-29.0,0.0,,2026-07-24T11:49:01.984606+08:00
2890,2026-01-19,10128,6081739,-1137426,4954441,2182.0,49.0,-125.0,0.0,,2026-07-24T11:49:01.984606+08:00
2890,2026-01-20,-191758,-508399,-349543,-1049700,2228.0,49.0,46.0,0.0,,2026-07-24T11:49:01.984606+08:00
2890,2026-01-21,1300862,-2407204,-1342589,-2448931,2260.0,49.0,32.0,0.0,,2026-07-24T11:49:01.984606+08:00
2890,2026-01-22,536076,-1678944,-502178,-1645046,2234.0,53.0,-26.0,4.0,,2026-07-24T11:49:01.984606+08:00
2890,2026-01-23,-230857,-3737309,-334298,-4302464,2238.0,53.0,4.0,0.0,,2026-07-24T11:49:01.984606+08:00
2890,2026-01-26,-1982840,4511223,-841410,1686973,2191.0,53.0,-47.0,0.0,,2026-07-24T11:49:01.984606+08:00
2890,2026-01-27,-1799294,2255525,-1149781,-693550,2079.0,53.0,-112.0,0.0,,2026-07-24T11:49:01.984606+08:00
2890,2026-01-28,-693606,-5789631,-44589,-6527826,2076.0,52.0,-3.0,-1.0,,2026-07-24T11:49:01.984606+08:00
2890,2026-01-29,43853,2175207,-356000,1863060,2025.0,52.0,-51.0,0.0,,2026-07-24T11:49:01.984606+08:00
2890,2026-01-30,112760,-13288157,-1754000,-14929397,2223.0,33.0,198.0,-19.0,,2026-07-24T11:49:01.984606+08:00
2890,2026-02-02,-88874,-1480183,751702,-817355,1990.0,43.0,-233.0,10.0,,2026-07-24T11:49:01.984606+08:00
2890,2026-02-03,4615,4377981,169524,4552120,2060.0,43.0,70.0,0.0,,2026-07-24T11:49:01.984606+08:00
2890,2026-02-04,93278,9569485,-217000,9445763,1872.0,55.0,-188.0,12.0,,2026-07-24T11:49:01.984606+08:00
2890,2026-02-05,-660437,5853259,631411,5824233,1811.0,58.0,-61.0,3.0,,2026-07-24T11:49:01.984606+08:00
2890,2026-02-06,-217091,2790407,1068000,3641316,1773.0,50.0,-38.0,-8.0,,2026-07-24T11:49:01.984606+08:00
2890,2026-02-09,-1153430,14233941,-877000,12203511,1677.0,51.0,-96.0,1.0,,2026-07-24T11:49:01.984606+08:00
2890,2026-02-10,-1269835,3799235,194411,2723811,1743.0,56.0,66.0,5.0,,2026-07-24T11:49:01.984606+08:00
2890,2026-02-11,-2067000,19285671,-73000,17145671,2363.0,40.0,620.0,-16.0,,2026-07-24T11:49:01.984606+08:00
2890,2026-02-23,-1482859,18930543,107822,17555506,2328.0,41.0,-35.0,1.0,,2026-07-24T11:49:01.984606+08:00
2890,2026-02-24,-1677494,8271028,382113,6975647,2346.0,51.0,18.0,10.0,,2026-07-24T11:49:01.984606+08:00
2890,2026-02-25,-1812222,7351415,4549822,10089015,2212.0,42.0,-134.0,-9.0,,2026-07-24T11:49:01.984606+08:00
2890,2026-02-26,-178851,-1352420,10904923,9373652,2142.0,157.0,-70.0,115.0,,2026-07-24T11:49:01.984606+08:00
2890,2026-03-02,-491793,-7941792,3754238,-4679347,2205.0,42.0,63.0,-115.0,,2026-07-24T11:49:01.984606+08:00
2890,2026-03-03,81559,6040591,1543000,7665150,2107.0,131.0,-98.0,89.0,,2026-07-24T11:49:01.984606+08:00
2890,2026-03-04,644429,-7204767,1754000,-4806338,1778.0,40.0,-329.0,-91.0,,2026-07-24T11:49:01.984606+08:00
2890,2026-03-05,118384,-3360626,728000,-2514242,1819.0,40.0,41.0,0.0,,2026-07-24T11:49:01.984606+08:00
2890,2026-03-06,784627,-32139,768000,1520488,1786.0,40.0,-33.0,0.0,,2026-07-24T11:49:01.984606+08:00
2890,2026-03-09,2697031,-4281394,3560354,1975991,1792.0,39.0,6.0,-1.0,,2026-07-24T11:49:01.984606+08:00
2890,2026-03-10,-224785,-4757856,915643,-4066998,1701.0,41.0,-91.0,2.0,,2026-07-24T11:49:01.984606+08:00
2890,2026-03-11,-733574,4999168,-256479,4009115,1637.0,38.0,-64.0,-3.0,,2026-07-24T11:49:01.984606+08:00
2890,2026-03-12,-117178,2766630,-291479,2357973,1651.0,38.0,14.0,0.0,,2026-07-24T11:49:01.984606+08:00
2890,2026-03-13,-356360,1134991,387000,1165631,1672.0,38.0,21.0,0.0,,2026-07-24T11:49:01.984606+08:00
2890,2026-03-16,-246875,-2115605,-722916,-3085396,1692.0,38.0,20.0,0.0,,2026-07-24T11:49:01.984606+08:00
2890,2026-03-17,596229,2043129,-867000,1772358,1700.0,38.0,8.0,0.0,,2026-07-24T11:49:01.984606+08:00
2890,2026-03-18,-720207,3859575,-334834,2804534,1740.0,33.0,40.0,-5.0,,2026-07-24T11:49:01.984606+08:00
2890,2026-03-19,-92051,-10100353,-196000,-10388404,1921.0,30.0,181.0,-3.0,,2026-07-24T11:49:01.984606+08:00
2890,2026-03-20,551897,-1140783,12002021,11413135,1872.0,0.0,-49.0,-30.0,,2026-07-24T11:49:01.984606+08:00
2890,2026-03-23,1880137,-18054778,2324099,-13850542,1913.0,0.0,41.0,0.0,,2026-07-24T11:49:01.984606+08:00
2890,2026-03-24,516673,179245,362000,1057918,1926.0,0.0,13.0,0.0,,2026-07-24T11:49:01.984606+08:00
2890,2026-03-25,659924,6959258,-908871,6710311,2059.0,0.0,133.0,0.0,,2026-07-24T11:49:01.984606+08:00
2890,2026-03-26,-28529,-921937,19000,-931466,2052.0,5.0,-7.0,5.0,,2026-07-24T11:49:01.984606+08:00
2890,2026-03-27,1318863,1520270,95000,2934133,1652.0,5.0,-400.0,0.0,,2026-07-24T11:49:01.984606+08:00
2890,2026-03-30,2612293,-12352996,638851,-9101852,1787.0,4.0,135.0,-1.0,,2026-07-24T11:49:01.984606+08:00
2890,2026-03-31,5457100,-3634300,-54000,1768800,1730.0,11.0,-57.0,7.0,,2026-07-24T11:49:01.984606+08:00
2890,2026-04-01,-446689,6009582,-195148,5367745,1622.0,12.0,-108.0,1.0,,2026-07-24T11:49:01.984606+08:00
2890,2026-04-02,2132938,1505274,226809,3865021,1592.0,8.0,-30.0,-4.0,,2026-07-24T11:49:01.984606+08:00
2890,2026-04-07,810390,9053631,870900,10734921,1506.0,14.0,-86.0,6.0,,2026-07-24T11:49:01.984606+08:00
2890,2026-04-08,-1238,9775343,-619009,9155096,1494.0,15.0,-12.0,1.0,,2026-07-24T11:49:01.984606+08:00
2890,2026-04-09,-271906,8128433,-1507951,6348576,1473.0,14.0,-21.0,-1.0,,2026-07-24T11:49:01.984606+08:00
2890,2026-04-10,-391213,3685355,-1789762,1504380,1444.0,14.0,-29.0,0.0,,2026-07-24T11:49:01.984606+08:00
2890,2026-04-13,-427169,6594562,-2511726,3655667,1496.0,14.0,52.0,0.0,,2026-07-24T11:49:01.984606+08:00
2890,2026-04-14,-380576,13676723,-2322065,10974082,1621.0,18.0,125.0,4.0,,2026-07-24T11:49:01.984606+08:00
2890,2026-04-15,-1402956,8159746,-1867436,4889354,1569.0,19.0,-52.0,1.0,,2026-07-24T11:49:01.984606+08:00
2890,2026-04-16,-315256,8955479,-4237886,4402337,1559.0,21.0,-10.0,2.0,,2026-07-24T11:49:01.984606+08:00
2890,2026-04-17,-489357,44447,-4601703,-5046613,1610.0,19.0,51.0,-2.0,,2026-07-24T11:49:01.984606+08:00
2890,2026-04-20,-4748,4504653,-9250249,-4750344,1698.0,10.0,88.0,-9.0,,2026-07-24T11:49:01.984606+08:00
2890,2026-04-21,35015,4069819,-11189363,-7084529,2060.0,10.0,362.0,0.0,,2026-07-24T11:49:01.984606+08:00
2890,2026-04-22,-146191,10472762,-12424482,-2097911,2095.0,10.0,35.0,0.0,,2026-07-24T11:49:01.984606+08:00
2890,2026-04-23,790799,15378729,-9743889,6425639,2142.0,10.0,47.0,0.0,,2026-07-24T11:49:01.984606+08:00
2890,2026-04-24,11185,15450629,-10403601,5058213,2063.0,11.0,-79.0,1.0,,2026-07-24T11:49:01.984606+08:00
2890,2026-04-27,-2709555,5401189,-418291,2273343,2031.0,11.0,-32.0,0.0,,2026-07-24T11:49:01.984606+08:00
2890,2026-04-28,-2367515,1436710,-347399,-1278204,2065.0,11.0,34.0,0.0,,2026-07-24T11:49:01.984606+08:00
2890,2026-04-29,-206737,-1344324,-965000,-2516061,1971.0,7.0,-94.0,-4.0,,2026-07-24T11:49:01.984606+08:00
2890,2026-04-30,-44734,-17768767,-710338,-18523839,2181.0,5.0,210.0,-2.0,,2026-07-24T11:49:01.984606+08:00
2890,2026-05-04,-621707,-3841261,-218380,-4681348,2508.0,16.0,327.0,11.0,,2026-07-24T11:49:01.984606+08:00
2890,2026-05-05,-404332,2012492,-282791,1325369,2765.0,16.0,257.0,0.0,,2026-07-24T11:49:01.984606+08:00
2890,2026-05-06,-377316,16726471,812000,17161155,2894.0,13.0,129.0,-3.0,,2026-07-24T11:49:01.984606+08:00
2890,2026-05-07,303241,4703424,719416,5726081,3282.0,13.0,388.0,0.0,,2026-07-24T11:49:01.984606+08:00
2890,2026-05-08,-453886,12193582,392662,12132358,3264.0,14.0,-18.0,1.0,,2026-07-24T11:49:01.984606+08:00
2890,2026-05-11,-1154956,1346565,-4230,187379,3738.0,14.0,474.0,0.0,,2026-07-24T11:49:01.984606+08:00
2890,2026-05-12,-1655771,2098143,-1039428,-597056,3682.0,13.0,-56.0,-1.0,,2026-07-24T11:49:01.984606+08:00
2890,2026-05-13,-254568,6242421,-256000,5731853,3642.0,13.0,-40.0,0.0,,2026-07-24T11:49:01.984606+08:00
2890,2026-05-14,-422981,-2389349,-646338,-3458668,3641.0,12.0,-1.0,-1.0,,2026-07-24T11:49:01.984606+08:00
2890,2026-05-15,-504731,9355914,-5903971,2947212,3528.0,12.0,-113.0,0.0,,2026-07-24T11:49:01.984606+08:00
2890,2026-05-18,-313247,2480666,-4967000,-2799581,3547.0,13.0,19.0,1.0,,2026-07-24T11:49:01.984606+08:00
2890,2026-05-19,-73129,30861646,-13086000,17702517,3477.0,11.0,-70.0,-2.0,,2026-07-24T11:49:01.984606+08:00
2890,2026-05-20,-283522,-9888391,1667000,-8504913,3786.0,11.0,309.0,0.0,,2026-07-24T11:49:01.984606+08:00
2890,2026-05-21,-964764,-5808379,234000,-6539143,3710.0,14.0,-76.0,3.0,,2026-07-24T11:49:01.984606+08:00
2890,2026-05-22,-992131,-21852748,-75584,-22920463,3238.0,15.0,-472.0,1.0,,2026-07-24T11:49:01.984606+08:00
2890,2026-05-25,-289888,-4530428,841000,-3979316,3525.0,14.0,287.0,-1.0,,2026-07-24T11:49:01.984606+08:00
2890,2026-05-26,-230183,3218884,-109338,2879363,3292.0,17.0,-233.0,3.0,,2026-07-24T11:49:01.984606+08:00
2890,2026-05-27,-291330,-1994213,134323,-2151220,3285.0,11.0,-7.0,-6.0,,2026-07-24T11:49:01.984606+08:00
2890,2026-05-28,-18422,-1664875,189493,-1493804,3214.0,3.0,-71.0,-8.0,,2026-07-24T11:49:01.984606+08:00
2890,2026-05-29,-344385,13119336,178930,12953881,3118.0,6.0,-96.0,3.0,,2026-07-24T11:49:01.984606+08:00
2890,2026-06-01,-161689,21154028,149662,21142001,3788.0,6.0,670.0,0.0,,2026-07-24T11:49:01.984606+08:00
2890,2026-06-02,-263390,23190549,1085985,24013144,3875.0,5.0,87.0,-1.0,,2026-07-24T11:49:01.984606+08:00
2890,2026-06-03,177644,55408665,1220662,56806971,3695.0,7.0,-180.0,2.0,,2026-07-24T11:49:01.984606+08:00
2890,2026-06-04,804554,21935579,739987,23480120,3695.0,9.0,0.0,2.0,,2026-07-24T11:49:01.984606+08:00
2890,2026-06-05,-388300,9106873,399091,9117664,3709.0,10.0,14.0,1.0,,2026-07-24T11:49:01.984606+08:00
2890,2026-06-08,-25893,8354205,836000,9164312,3795.0,8.0,86.0,-2.0,,2026-07-24T11:49:01.984606+08:00
2890,2026-06-09,797744,36082570,143530,37023844,3571.0,41.0,-224.0,33.0,,2026-07-24T11:49:01.984606+08:00
2890,2026-06-10,365546,-843449,43614,-434289,3863.0,11.0,292.0,-30.0,,2026-07-24T11:49:01.984606+08:00
2890,2026-06-11,1847706,13608053,877634,16333393,3754.0,12.0,-109.0,1.0,,2026-07-24T11:49:01.984606+08:00
2890,2026-06-12,-38002,30857736,-15556,30804178,3345.0,38.0,-409.0,26.0,,2026-07-24T11:49:01.984606+08:00
2890,2026-06-15,106360,24604307,-574806,24135861,3201.0,385.0,-144.0,347.0,,2026-07-24T11:49:01.984606+08:00
2890,2026-06-16,-11534,13679725,-1374967,12293224,3085.0,385.0,-116.0,0.0,,2026-07-24T11:49:01.984606+08:00
2890,2026-06-17,-158543,9936432,7737936,17515825,2915.0,435.0,-170.0,50.0,,2026-07-24T11:49:01.984606+08:00
2890,2026-06-18,-333768,23485793,22670088,45822113,3174.0,448.0,259.0,13.0,,2026-07-24T11:49:01.984606+08:00
2890,2026-06-19,139000,240735,0,379735,,,,,,2026-07-24T11:49:01.984606+08:00
2890,2026-06-22,-259743,-1129752,23851011,22461516,1756.0,471.0,,,,2026-07-24T11:49:01.984606+08:00
2890,2026-06-23,154829,-13711235,24827248,11270842,1599.0,460.0,-157.0,-11.0,,2026-07-24T11:49:01.984606+08:00
2890,2026-06-24,216613,-27646655,30210097,2780055,1624.0,431.0,25.0,-29.0,,2026-07-24T11:49:01.984606+08:00
2890,2026-06-25,57018,-18369976,30661000,12348042,1638.0,431.0,14.0,0.0,,2026-07-24T11:49:01.984606+08:00
2890,2026-06-26,2061566,415717,6708224,9185507,1746.0,405.0,108.0,-26.0,,2026-07-24T11:49:01.984606+08:00
2890,2026-06-29,114444,5684181,5203004,11001629,1716.0,405.0,-30.0,0.0,,2026-07-24T11:49:01.984606+08:00
2890,2026-06-30,57161,-20955044,36854324,15956441,1694.0,403.0,-22.0,-2.0,,2026-07-24T11:49:01.984606+08:00
2890,2026-07-01,390453,-53579625,63471268,10282096,1829.0,402.0,,,,2026-07-30T01:54:36.793077+08:00
2890,2026-07-02,1572899,-27691057,24039379,-2078779,1901.0,392.0,72.0,-10.0,,2026-07-30T01:54:36.793077+08:00
2890,2026-07-03,689629,3879981,2258178,6827788,1640.0,392.0,-261.0,0.0,,2026-07-30T01:54:36.793077+08:00
2890,2026-07-06,338082,21846843,2671655,24856580,1704.0,392.0,64.0,0.0,,2026-07-30T01:54:36.793077+08:00
2890,2026-07-07,2003991,8333437,2423254,12760682,1645.0,391.0,-59.0,-1.0,,2026-07-30T01:54:36.793077+08:00
2890,2026-07-08,242563,14113964,661541,15018068,1769.0,391.0,124.0,0.0,,2026-07-30T01:54:36.793077+08:00
2890,2026-07-09,90271,-4675009,388354,-4196384,1723.0,379.0,-46.0,-12.0,,2026-07-30T01:54:36.793077+08:00
2890,2026-07-13,193389,4802758,-35429,4960718,1725.0,379.0,2.0,0.0,,2026-07-30T01:54:36.793077+08:00
2890,2026-07-14,3986597,-3678658,1083893,1391832,2081.0,346.0,356.0,-33.0,,2026-07-30T01:54:36.793077+08:00
2890,2026-07-15,1143517,9067723,-994554,9216686,2077.0,346.0,-4.0,0.0,,2026-07-30T01:54:36.793077+08:00
2890,2026-07-16,3299506,4165444,-6779624,685326,2095.0,312.0,18.0,-34.0,,2026-07-30T01:54:36.793077+08:00
2890,2026-07-17,9513856,-9758663,8953778,8708971,2320.0,0.0,225.0,-312.0,,2026-07-30T01:54:36.793077+08:00
2890,2026-07-20,5301648,-21031702,12085510,-3644544,2538.0,0.0,218.0,0.0,,2026-07-30T01:54:36.793077+08:00
2890,2026-07-21,239668,-7225992,11795360,4809036,2550.0,0.0,12.0,0.0,,2026-07-30T01:54:36.793077+08:00
2890,2026-07-22,-723161,-3056183,6462233,2682889,2703.0,0.0,153.0,0.0,,2026-07-30T01:54:36.793077+08:00
2890,2026-07-23,-7662787,-3283107,6667503,-4278391,3051.0,18.0,348.0,18.0,,2026-07-30T01:54:36.793077+08:00
2890,2026-07-24,-172077,9501039,60710,9389672,3198.0,26.0,147.0,8.0,,2026-07-30T01:54:36.793077+08:00
2890,2026-07-27,1381664,15105571,1137487,17624722,2954.0,52.0,-244.0,26.0,,2026-07-30T01:54:36.793077+08:00
2890,2026-07-28,3325813,-4410111,2887402,1803104,2371.0,49.0,-583.0,-3.0,,2026-07-30T01:54:36.793077+08:00
2890,2026-07-29,2960647,2923198,2142995,8026840,2289.0,60.0,-82.0,11.0,,2026-07-30T01:54:36.793077+08:00
2890,2026-08-03,366724,2710853,-94858,2982719,,,,,,2026-08-03T20:01:51.896956+08:00
