stock_id,trade_date,dealer_net,foreign_net,investment_trust_net,institutional_net,margin_balance,short_balance,margin_change,short_change,securities_lending,updated_at
2892,2016-01-04,-58000,-9964960,-908000,-10930960,40370.0,1027.0,,,,2026-07-24T11:49:03.332230+08:00
2892,2016-01-05,62000,-19833,-13000,29167,40780.0,1023.0,410.0,-4.0,,2026-07-24T11:49:03.332230+08:00
2892,2016-01-06,-26000,-5831043,1000,-5856043,42147.0,1011.0,1367.0,-12.0,,2026-07-24T11:49:03.332230+08:00
2892,2016-01-07,370000,-4888122,-8000,-4526122,44198.0,539.0,2051.0,-472.0,,2026-07-24T11:49:03.332230+08:00
2892,2016-01-08,39000,-8391952,0,-8352952,44321.0,498.0,123.0,-41.0,,2026-07-24T11:49:03.332230+08:00
2892,2016-01-11,20000,-9188085,0,-9168085,45313.0,503.0,992.0,5.0,,2026-07-24T11:49:03.332230+08:00
2892,2016-01-12,-100000,-4589000,-3000,-4692000,45145.0,508.0,-168.0,5.0,,2026-07-24T11:49:03.332230+08:00
2892,2016-01-13,37000,-4973452,-4000,-4940452,44833.0,423.0,-312.0,-85.0,,2026-07-24T11:49:03.332230+08:00
2892,2016-01-14,-19000,-133616,0,-152616,44706.0,434.0,-127.0,11.0,,2026-07-24T11:49:03.332230+08:00
2892,2016-01-15,-171000,-11922942,-61000,-12154942,44634.0,615.0,-72.0,181.0,,2026-07-24T11:49:03.332230+08:00
2892,2016-01-18,324000,-7186882,0,-6862882,44772.0,644.0,138.0,29.0,,2026-07-24T11:49:03.332230+08:00
2892,2016-01-19,-69000,-7058613,0,-7127613,45524.0,566.0,752.0,-78.0,,2026-07-24T11:49:03.332230+08:00
2892,2016-01-20,-107139,-5879799,908000,-5078938,46495.0,616.0,971.0,50.0,,2026-07-24T11:49:03.332230+08:00
2892,2016-01-21,255482,-9071865,0,-8816383,46679.0,625.0,184.0,9.0,,2026-07-24T11:49:03.332230+08:00
2892,2016-01-22,39000,-7079166,-150000,-7190166,46672.0,607.0,-7.0,-18.0,,2026-07-24T11:49:03.332230+08:00
2892,2016-01-25,134000,-2995478,-8000,-2869478,45675.0,463.0,-997.0,-144.0,,2026-07-24T11:49:03.332230+08:00
2892,2016-01-26,-90000,-1227672,470000,-847672,45534.0,500.0,-141.0,37.0,,2026-07-24T11:49:03.332230+08:00
2892,2016-01-27,-37000,-632724,0,-669724,45328.0,564.0,-206.0,64.0,,2026-07-24T11:49:03.332230+08:00
2892,2016-01-28,42000,4384978,657000,5083978,44997.0,542.0,-331.0,-22.0,,2026-07-24T11:49:03.332230+08:00
2892,2016-01-29,428000,11663711,4000,12095711,44848.0,370.0,-149.0,-172.0,,2026-07-24T11:49:03.332230+08:00
2892,2016-01-30,435000,1986650,76000,2497650,44411.0,463.0,-437.0,93.0,,2026-07-24T11:49:03.332230+08:00
2892,2016-02-01,162000,3719694,0,3881694,44086.0,473.0,-325.0,10.0,,2026-07-24T11:49:03.332230+08:00
2892,2016-02-02,23000,1675324,0,1698324,44291.0,422.0,205.0,-51.0,,2026-07-24T11:49:03.332230+08:00
2892,2016-02-03,-716852,-5924704,0,-6641556,44438.0,392.0,147.0,-30.0,,2026-07-24T11:49:03.332230+08:00
2892,2016-02-05,-7000,65408,0,58408,,,,,,2026-07-24T11:49:03.332230+08:00
2892,2016-02-15,112000,2360584,-668712,1803872,44110.0,391.0,,,,2026-07-24T11:49:03.332230+08:00
2892,2016-02-16,155000,7639500,0,7794500,43815.0,413.0,-295.0,22.0,,2026-07-24T11:49:03.332230+08:00
2892,2016-02-17,-203000,-923911,2000,-1124911,43810.0,413.0,-5.0,0.0,,2026-07-24T11:49:03.332230+08:00
2892,2016-02-18,195000,2687811,0,2882811,43591.0,441.0,-219.0,28.0,,2026-07-24T11:49:03.332230+08:00
2892,2016-02-19,-148867,7889929,-230000,7511062,42514.0,485.0,-1077.0,44.0,,2026-07-24T11:49:03.332230+08:00
2892,2016-02-22,10000,-376000,0,-366000,41995.0,450.0,-519.0,-35.0,,2026-07-24T11:49:03.332230+08:00
2892,2016-02-23,-93000,790028,0,697028,41953.0,348.0,-42.0,-102.0,,2026-07-24T11:49:03.332230+08:00
2892,2016-02-24,-162380,1763113,0,1600733,41582.0,353.0,-371.0,5.0,,2026-07-24T11:49:03.332230+08:00
2892,2016-02-25,121000,2518725,0,2639725,41465.0,335.0,-117.0,-18.0,,2026-07-24T11:49:03.332230+08:00
2892,2016-02-26,-316000,4510736,-11000,4183736,41363.0,329.0,-102.0,-6.0,,2026-07-24T11:49:03.332230+08:00
2892,2016-03-01,364000,3578041,0,3942041,40993.0,440.0,-370.0,111.0,,2026-07-24T11:49:03.332230+08:00
2892,2016-03-02,-49000,5326677,88781,5366458,41007.0,652.0,14.0,212.0,,2026-07-24T11:49:03.332230+08:00
2892,2016-03-03,-85000,6913811,-277000,6551811,41607.0,674.0,600.0,22.0,,2026-07-24T11:49:03.332230+08:00
2892,2016-03-04,-4000,5425423,-166000,5255423,41329.0,543.0,-278.0,-131.0,,2026-07-24T11:49:03.332230+08:00
2892,2016-03-07,-57570,7292980,-383000,6852410,41247.0,933.0,-82.0,390.0,,2026-07-24T11:49:03.332230+08:00
2892,2016-03-08,-72000,2957000,-5000,2880000,41351.0,936.0,104.0,3.0,,2026-07-24T11:49:03.332230+08:00
2892,2016-03-09,-112000,9001808,-60000,8829808,41281.0,821.0,-70.0,-115.0,,2026-07-24T11:49:03.332230+08:00
2892,2016-03-10,5000,12638214,0,12643214,40443.0,926.0,-838.0,105.0,,2026-07-24T11:49:03.332230+08:00
2892,2016-03-11,-83000,7830000,0,7747000,40478.0,965.0,35.0,39.0,,2026-07-24T11:49:03.332230+08:00
2892,2016-03-14,10000,10217022,0,10227022,39829.0,916.0,-649.0,-49.0,,2026-07-24T11:49:03.332230+08:00
2892,2016-03-15,0,16086000,0,16086000,39082.0,906.0,-747.0,-10.0,,2026-07-24T11:49:03.332230+08:00
2892,2016-03-16,-29000,6885852,-1000,6855852,39467.0,1421.0,385.0,515.0,,2026-07-24T11:49:03.332230+08:00
2892,2016-03-17,120000,20500039,0,20620039,39287.0,1451.0,-180.0,30.0,,2026-07-24T11:49:03.332230+08:00
2892,2016-03-18,-102000,11710368,-372000,11236368,39561.0,1450.0,274.0,-1.0,,2026-07-24T11:49:03.332230+08:00
2892,2016-03-21,0,1124000,-601,1123399,39646.0,1649.0,85.0,199.0,,2026-07-24T11:49:03.332230+08:00
2892,2016-03-22,-185000,8504000,0,8319000,39411.0,1642.0,-235.0,-7.0,,2026-07-24T11:49:03.332230+08:00
2892,2016-03-23,-20000,3542000,-10000,3512000,38699.0,1650.0,-712.0,8.0,,2026-07-24T11:49:03.332230+08:00
2892,2016-03-24,-40000,6987000,-162000,6785000,38718.0,1803.0,19.0,153.0,,2026-07-24T11:49:03.332230+08:00
2892,2016-03-25,0,-151000,0,-151000,38725.0,1783.0,7.0,-20.0,,2026-07-24T11:49:03.332230+08:00
2892,2016-03-28,12000,1937000,2000,1951000,38456.0,1804.0,-269.0,21.0,,2026-07-24T11:49:03.332230+08:00
2892,2016-03-29,-20000,4735700,-1000,4714700,38041.0,1639.0,-415.0,-165.0,,2026-07-24T11:49:03.332230+08:00
2892,2016-03-30,0,10034000,-18000,10016000,37974.0,1658.0,-67.0,19.0,,2026-07-24T11:49:03.332230+08:00
2892,2016-03-31,40533,1956827,0,1997360,38092.0,1657.0,118.0,-1.0,,2026-07-24T11:49:03.332230+08:00
2892,2016-04-01,-106000,-3250980,0,-3356980,38197.0,1599.0,105.0,-58.0,,2026-07-24T11:49:03.332230+08:00
2892,2016-04-06,126000,-9399298,-515000,-9788298,38243.0,1601.0,46.0,2.0,,2026-07-24T11:49:03.332230+08:00
2892,2016-04-07,-29000,-5981526,-111000,-6121526,38534.0,1576.0,291.0,-25.0,,2026-07-24T11:49:03.332230+08:00
2892,2016-04-08,50000,-4004000,-18000,-3972000,38589.0,1488.0,55.0,-88.0,,2026-07-24T11:49:03.332230+08:00
2892,2016-04-11,0,5051850,0,5051850,38504.0,1419.0,-85.0,-69.0,,2026-07-24T11:49:03.332230+08:00
2892,2016-04-12,40000,1331000,1000,1372000,38445.0,472.0,-59.0,-947.0,,2026-07-24T11:49:03.332230+08:00
2892,2016-04-13,650000,6723517,-88000,7285517,37911.0,549.0,-534.0,77.0,,2026-07-24T11:49:03.332230+08:00
2892,2016-04-14,-545000,-9877711,0,-10422711,38143.0,508.0,232.0,-41.0,,2026-07-24T11:49:03.332230+08:00
2892,2016-04-15,-255000,960429,-61000,644429,38071.0,138.0,-72.0,-370.0,,2026-07-24T11:49:03.332230+08:00
2892,2016-04-18,-37000,-3145000,0,-3182000,38072.0,0.0,1.0,-138.0,,2026-07-24T11:49:03.332230+08:00
2892,2016-04-19,3000,-8849000,0,-8846000,38097.0,0.0,25.0,0.0,,2026-07-24T11:49:03.332230+08:00
2892,2016-04-20,-85000,-62824,2000,-145824,38141.0,0.0,44.0,0.0,,2026-07-24T11:49:03.332230+08:00
2892,2016-04-21,-6000,4469000,0,4463000,38250.0,0.0,109.0,0.0,,2026-07-24T11:49:03.332230+08:00
2892,2016-04-22,123000,828726,0,951726,38267.0,1.0,17.0,1.0,,2026-07-24T11:49:03.332230+08:00
2892,2016-04-25,-49000,2744000,-2000,2693000,38160.0,2.0,-107.0,1.0,,2026-07-24T11:49:03.332230+08:00
2892,2016-04-26,-14000,293137,0,279137,38005.0,1.0,-155.0,-1.0,,2026-07-24T11:49:03.332230+08:00
2892,2016-04-27,143000,2504597,0,2647597,37772.0,2.0,-233.0,1.0,,2026-07-24T11:49:03.332230+08:00
2892,2016-04-28,-178000,-8111248,0,-8289248,37912.0,21.0,140.0,19.0,,2026-07-24T11:49:03.332230+08:00
2892,2016-04-29,-51000,-937000,0,-988000,37766.0,21.0,-146.0,0.0,,2026-07-24T11:49:03.332230+08:00
2892,2016-05-03,591000,17479003,0,18070003,37393.0,214.0,-373.0,193.0,,2026-07-24T11:49:03.332230+08:00
2892,2016-05-04,-374000,-1497665,-207000,-2078665,37299.0,203.0,-94.0,-11.0,,2026-07-24T11:49:03.332230+08:00
2892,2016-05-05,-62000,-7775027,3000,-7834027,37595.0,120.0,296.0,-83.0,,2026-07-24T11:49:03.332230+08:00
2892,2016-05-06,-26000,-10767548,0,-10793548,37589.0,95.0,-6.0,-25.0,,2026-07-24T11:49:03.332230+08:00
2892,2016-05-09,-92640,-6728000,0,-6820640,37406.0,103.0,-183.0,8.0,,2026-07-24T11:49:03.332230+08:00
2892,2016-05-10,18000,-5077274,428,-5058846,36746.0,99.0,-660.0,-4.0,,2026-07-24T11:49:03.332230+08:00
2892,2016-05-11,-14000,-8866000,0,-8880000,36625.0,80.0,-121.0,-19.0,,2026-07-24T11:49:03.332230+08:00
2892,2016-05-12,-100000,1043160,0,943160,35200.0,80.0,-1425.0,0.0,,2026-07-24T11:49:03.332230+08:00
2892,2016-05-13,-37000,-8439000,2000,-8474000,34948.0,77.0,-252.0,-3.0,,2026-07-24T11:49:03.332230+08:00
2892,2016-05-16,3000,-866000,0,-863000,34529.0,80.0,-419.0,3.0,,2026-07-24T11:49:03.332230+08:00
2892,2016-05-17,-15000,991147,0,976147,34223.0,80.0,-306.0,0.0,,2026-07-24T11:49:03.332230+08:00
2892,2016-05-18,-93000,5705320,0,5612320,33386.0,190.0,-837.0,110.0,,2026-07-24T11:49:03.332230+08:00
2892,2016-05-19,-156000,-6573452,-446000,-7175452,32853.0,87.0,-533.0,-103.0,,2026-07-24T11:49:03.332230+08:00
2892,2016-05-20,0,699372,0,699372,32992.0,88.0,139.0,1.0,,2026-07-24T11:49:03.332230+08:00
2892,2016-05-23,341000,5133903,0,5474903,32777.0,70.0,-215.0,-18.0,,2026-07-24T11:49:03.332230+08:00
2892,2016-05-24,-195000,3052835,0,2857835,32722.0,70.0,-55.0,0.0,,2026-07-24T11:49:03.332230+08:00
2892,2016-05-25,98000,4650726,0,4748726,32720.0,70.0,-2.0,0.0,,2026-07-24T11:49:03.332230+08:00
2892,2016-05-26,-40000,7424263,-5000,7379263,32557.0,73.0,-163.0,3.0,,2026-07-24T11:49:03.332230+08:00
2892,2016-05-27,7000,12421000,0,12428000,32576.0,73.0,19.0,0.0,,2026-07-24T11:49:03.332230+08:00
2892,2016-05-30,522000,13186027,0,13708027,32420.0,284.0,-156.0,211.0,,2026-07-24T11:49:03.332230+08:00
2892,2016-05-31,0,13244509,-51000,13193509,32425.0,388.0,5.0,104.0,,2026-07-24T11:49:03.332230+08:00
2892,2016-06-01,355000,17052580,0,17407580,33425.0,384.0,1000.0,-4.0,,2026-07-24T11:49:03.332230+08:00
2892,2016-06-02,-248000,19576850,0,19328850,33386.0,399.0,-39.0,15.0,,2026-07-24T11:49:03.332230+08:00
2892,2016-06-03,82000,13577108,1000,13660108,33233.0,400.0,-153.0,1.0,,2026-07-24T11:49:03.332230+08:00
2892,2016-06-04,40000,215000,0,255000,32987.0,390.0,-246.0,-10.0,,2026-07-24T11:49:03.332230+08:00
2892,2016-06-06,-5000,4075361,0,4070361,32223.0,380.0,-764.0,-10.0,,2026-07-24T11:49:03.332230+08:00
2892,2016-06-07,2327000,20369108,0,22696108,32324.0,394.0,101.0,14.0,,2026-07-24T11:49:03.332230+08:00
2892,2016-06-08,2992000,23579108,-503000,26068108,32835.0,705.0,511.0,311.0,,2026-07-24T11:49:03.332230+08:00
2892,2016-06-13,-6000,1376289,-49000,1321289,32419.0,713.0,-416.0,8.0,,2026-07-24T11:49:03.332230+08:00
2892,2016-06-14,2769000,4438000,500000,7707000,32292.0,210.0,-127.0,-503.0,,2026-07-24T11:49:03.332230+08:00
2892,2016-06-15,3009000,4084928,632000,7725928,31652.0,210.0,-640.0,0.0,,2026-07-24T11:49:03.332230+08:00
2892,2016-06-16,2170000,-3168846,-286000,-1284846,30743.0,206.0,-909.0,-4.0,,2026-07-24T11:49:03.332230+08:00
2892,2016-06-17,0,7129477,84000,7213477,31455.0,206.0,712.0,0.0,,2026-07-24T11:49:03.332230+08:00
2892,2016-06-20,35000,937000,-18000,954000,31170.0,206.0,-285.0,0.0,,2026-07-24T11:49:03.332230+08:00
2892,2016-06-21,38000,19455591,-207000,19286591,30676.0,219.0,-494.0,13.0,,2026-07-24T11:49:03.332230+08:00
2892,2016-06-22,200000,3091966,0,3291966,30469.0,223.0,-207.0,4.0,,2026-07-24T11:49:03.332230+08:00
2892,2016-06-23,3549000,-2975936,0,573064,31837.0,239.0,1368.0,16.0,,2026-07-24T11:49:03.332230+08:00
2892,2016-06-24,742000,-11444509,-115000,-10817509,29491.0,211.0,-2346.0,-28.0,,2026-07-24T11:49:03.332230+08:00
2892,2016-06-27,-515000,832000,-4000,313000,29228.0,239.0,-263.0,28.0,,2026-07-24T11:49:03.332230+08:00
2892,2016-06-28,1295000,650000,-246000,1699000,26494.0,217.0,-2734.0,-22.0,,2026-07-24T11:49:03.332230+08:00
2892,2016-06-29,2440000,4045000,633000,7118000,24859.0,229.0,-1635.0,12.0,,2026-07-24T11:49:03.332230+08:00
2892,2016-06-30,1985000,5722394,2000,7709394,21303.0,212.0,-3556.0,-17.0,,2026-07-24T11:49:03.332230+08:00
2892,2016-07-01,2620000,6371903,0,8991903,21032.0,207.0,-271.0,-5.0,,2026-07-24T11:49:03.332230+08:00
2892,2016-07-04,5071000,-1532000,0,3539000,20672.0,205.0,-360.0,-2.0,,2026-07-24T11:49:03.332230+08:00
2892,2016-07-05,3440000,-3526816,-76000,-162816,20502.0,197.0,-170.0,-8.0,,2026-07-24T11:49:03.332230+08:00
2892,2016-07-06,1125000,-6936000,-81000,-5892000,20548.0,196.0,46.0,-1.0,,2026-07-24T11:49:03.332230+08:00
2892,2016-07-07,1000,-2833602,0,-2832602,20468.0,195.0,-80.0,-1.0,,2026-07-24T11:49:03.332230+08:00
2892,2016-07-11,33000,15735359,0,15768359,20494.0,203.0,26.0,8.0,,2026-07-24T11:49:03.332230+08:00
2892,2016-07-12,90000,4799045,0,4889045,20516.0,299.0,22.0,96.0,,2026-07-24T11:49:03.332230+08:00
2892,2016-07-13,121000,16746552,643000,17510552,20348.0,319.0,-168.0,20.0,,2026-07-24T11:49:03.332230+08:00
2892,2016-07-14,55000,17110904,39000,17204904,20358.0,311.0,10.0,-8.0,,2026-07-24T11:49:03.332230+08:00
2892,2016-07-15,62000,19904070,0,19966070,20220.0,316.0,-138.0,5.0,,2026-07-24T11:49:03.332230+08:00
2892,2016-07-18,9759,9167050,0,9176809,21249.0,327.0,1029.0,11.0,,2026-07-24T11:49:03.332230+08:00
2892,2016-07-19,-53000,27128003,13000,27088003,20109.0,336.0,-1140.0,9.0,,2026-07-24T11:49:03.332230+08:00
2892,2016-07-20,1284000,17737000,56000,19077000,20137.0,343.0,28.0,7.0,,2026-07-24T11:49:03.332230+08:00
2892,2016-07-21,131000,10632227,-27000,10736227,20727.0,334.0,590.0,-9.0,,2026-07-24T11:49:03.332230+08:00
2892,2016-07-22,-113000,6143540,-27000,6003540,20454.0,329.0,-273.0,-5.0,,2026-07-24T11:49:03.332230+08:00
2892,2016-07-25,2500000,7880000,373000,10753000,20556.0,286.0,102.0,-43.0,,2026-07-24T11:49:03.332230+08:00
2892,2016-07-26,3675000,5630000,-1383000,7922000,21030.0,278.0,474.0,-8.0,,2026-07-24T11:49:03.332230+08:00
2892,2016-07-27,5126000,8502000,-4000,13624000,23153.0,262.0,2123.0,-16.0,,2026-07-24T11:49:03.332230+08:00
2892,2016-07-28,7508000,7693000,116000,15317000,23027.0,254.0,-126.0,-8.0,,2026-07-24T11:49:03.332230+08:00
2892,2016-07-29,8892000,1842000,-17942,10716058,25192.0,245.0,2165.0,-9.0,,2026-07-24T11:49:03.332230+08:00
2892,2016-08-01,7441000,-57344,0,7383656,25661.0,3.0,469.0,-242.0,,2026-07-24T11:49:03.332230+08:00
2892,2016-08-02,6109000,-5836653,-10000,262347,26247.0,0.0,586.0,-3.0,,2026-07-24T11:49:03.332230+08:00
2892,2016-08-03,13026000,-9961087,159000,3223913,27380.0,0.0,1133.0,0.0,,2026-07-24T11:49:03.332230+08:00
2892,2016-08-04,13725079,-9734794,17000,4007285,32779.0,0.0,5399.0,0.0,,2026-07-24T11:49:03.332230+08:00
2892,2016-08-05,-18979000,19139342,-13000,147342,27148.0,830.0,-5631.0,830.0,,2026-07-24T11:49:03.332230+08:00
2892,2016-08-08,-3823000,-3431682,-7000,-7261682,25703.0,969.0,-1445.0,139.0,,2026-07-24T11:49:03.332230+08:00
2892,2016-08-09,-2987000,2115620,-5000,-876380,23025.0,1057.0,-2678.0,88.0,,2026-07-24T11:49:03.332230+08:00
2892,2016-08-10,-788000,6790192,19000,6021192,21696.0,1068.0,-1329.0,11.0,,2026-07-24T11:49:03.332230+08:00
2892,2016-08-11,-1327000,2045742,50000,768742,21472.0,1084.0,-224.0,16.0,,2026-07-24T11:49:03.332230+08:00
2892,2016-08-12,-4134000,1106000,-11000,-3039000,21337.0,1086.0,-135.0,2.0,,2026-07-24T11:49:03.332230+08:00
2892,2016-08-15,-3306000,-8253550,24000,-11535550,21259.0,982.0,-78.0,-104.0,,2026-07-24T11:49:03.332230+08:00
2892,2016-08-16,-4802000,1619000,-17000,-3200000,20656.0,965.0,-603.0,-17.0,,2026-07-24T11:49:03.332230+08:00
2892,2016-08-17,-408000,5695486,3000,5290486,21814.0,953.0,1158.0,-12.0,,2026-07-24T11:49:03.332230+08:00
2892,2016-08-18,-467000,3867301,-6000,3394301,23137.0,942.0,1323.0,-11.0,,2026-07-24T11:49:03.332230+08:00
2892,2016-08-19,-96000,-3869166,-264000,-4229166,24624.0,934.0,1487.0,-8.0,,2026-07-24T11:49:03.332230+08:00
2892,2016-08-22,-87000,-2609000,0,-2696000,24942.0,772.0,318.0,-162.0,,2026-07-24T11:49:03.332230+08:00
2892,2016-08-23,-102000,4504000,0,4402000,24905.0,773.0,-37.0,1.0,,2026-07-24T11:49:03.332230+08:00
2892,2016-08-24,-24000,-183289,-13000,-220289,24850.0,770.0,-55.0,-3.0,,2026-07-24T11:49:03.332230+08:00
2892,2016-08-25,48000,4193244,0,4241244,25790.0,791.0,940.0,21.0,,2026-07-24T11:49:03.332230+08:00
2892,2016-08-26,-35000,1191747,3000,1159747,26127.0,795.0,337.0,4.0,,2026-07-24T11:49:03.332230+08:00
2892,2016-08-29,-30000,-1467000,0,-1497000,25975.0,798.0,-152.0,3.0,,2026-07-24T11:49:03.332230+08:00
2892,2016-08-30,-145000,907900,64000,826900,25958.0,802.0,-17.0,4.0,,2026-07-24T11:49:03.332230+08:00
2892,2016-08-31,-131000,-797777,-210000,-1138777,25892.0,810.0,-66.0,8.0,,2026-07-24T11:49:03.332230+08:00
2892,2016-09-01,-90000,-440720,197000,-333720,25761.0,809.0,-131.0,-1.0,,2026-07-24T11:49:03.332230+08:00
2892,2016-09-02,-207000,9534245,0,9327245,25438.0,896.0,-323.0,87.0,,2026-07-24T11:49:03.332230+08:00
2892,2016-09-05,-239000,6723209,-6000,6478209,25275.0,867.0,-163.0,-29.0,,2026-07-24T11:49:03.332230+08:00
2892,2016-09-06,-33000,14024300,0,13991300,25083.0,977.0,-192.0,110.0,,2026-07-24T11:49:03.332230+08:00
2892,2016-09-07,-3061000,9219052,20000,6178052,25280.0,959.0,197.0,-18.0,,2026-07-24T11:49:03.332230+08:00
2892,2016-09-08,183000,13124868,0,13307868,25371.0,976.0,91.0,17.0,,2026-07-24T11:49:03.332230+08:00
2892,2016-09-09,-759000,3462507,277000,2980507,25374.0,990.0,3.0,14.0,,2026-07-24T11:49:03.332230+08:00
2892,2016-09-10,-288035,-1816000,0,-2104035,26498.0,793.0,1124.0,-197.0,,2026-07-24T11:49:03.332230+08:00
2892,2016-09-12,-1424000,-1541776,0,-2965776,26432.0,732.0,-66.0,-61.0,,2026-07-24T11:49:03.332230+08:00
2892,2016-09-13,-729822,423306,8000,-298516,26350.0,734.0,-82.0,2.0,,2026-07-24T11:49:03.332230+08:00
2892,2016-09-14,-1522000,648441,93860,-779699,26280.0,674.0,-70.0,-60.0,,2026-07-24T11:49:03.332230+08:00
2892,2016-09-19,-106500,30071022,0,29964522,25879.0,690.0,-401.0,16.0,,2026-07-24T11:49:03.332230+08:00
2892,2016-09-20,180000,7295675,0,7475675,24732.0,699.0,-1147.0,9.0,,2026-07-24T11:49:03.332230+08:00
2892,2016-09-21,-243110,6834465,0,6591355,24902.0,710.0,170.0,11.0,,2026-07-24T11:49:03.332230+08:00
2892,2016-09-22,-114000,5073635,0,4959635,24105.0,711.0,-797.0,1.0,,2026-07-24T11:49:03.332230+08:00
2892,2016-09-23,-1525000,7459456,0,5934456,23881.0,704.0,-224.0,-7.0,,2026-07-24T11:49:03.332230+08:00
2892,2016-09-26,-543000,-325568,0,-868568,23946.0,716.0,65.0,12.0,,2026-07-24T11:49:03.332230+08:00
2892,2016-09-29,-30737,15089623,0,15058886,23412.0,724.0,-534.0,8.0,,2026-07-24T11:49:03.332230+08:00
2892,2016-09-30,-546000,-3355216,14713,-3886503,23385.0,710.0,-27.0,-14.0,,2026-07-24T11:49:03.332230+08:00
2892,2016-10-03,43000,-702389,186000,-473389,23555.0,682.0,170.0,-28.0,,2026-07-24T11:49:03.332230+08:00
2892,2016-10-04,52000,4502311,-526000,4028311,23052.0,697.0,-503.0,15.0,,2026-07-24T11:49:03.332230+08:00
2892,2016-10-05,-393165,1068642,0,675477,23256.0,690.0,204.0,-7.0,,2026-07-24T11:49:03.332230+08:00
2892,2016-10-06,-44000,4883742,0,4839742,23122.0,696.0,-134.0,6.0,,2026-07-24T11:49:03.332230+08:00
2892,2016-10-07,-1340000,-1753710,-518000,-3611710,22992.0,495.0,-130.0,-201.0,,2026-07-24T11:49:03.332230+08:00
2892,2016-10-11,-703000,4636210,3000,3936210,22859.0,495.0,-133.0,0.0,,2026-07-24T11:49:03.332230+08:00
2892,2016-10-12,127300,-895432,-3000,-771132,23707.0,496.0,848.0,1.0,,2026-07-24T11:49:03.332230+08:00
2892,2016-10-13,-1872000,-2586000,4000,-4454000,23685.0,486.0,-22.0,-10.0,,2026-07-24T11:49:03.332230+08:00
2892,2016-10-14,-40000,-3445062,124000,-3361062,23654.0,485.0,-31.0,-1.0,,2026-07-24T11:49:03.332230+08:00
2892,2016-10-17,-181000,-1271185,0,-1452185,23553.0,481.0,-101.0,-4.0,,2026-07-24T11:49:03.332230+08:00
2892,2016-10-18,-8000,5137955,0,5129955,23508.0,485.0,-45.0,4.0,,2026-07-24T11:49:03.332230+08:00
2892,2016-10-19,-62000,1820962,0,1758962,23479.0,484.0,-29.0,-1.0,,2026-07-24T11:49:03.332230+08:00
2892,2016-10-20,-360000,1446949,18000,1104949,21467.0,484.0,-2012.0,0.0,,2026-07-24T11:49:03.332230+08:00
2892,2016-10-21,-1895000,-1233152,7000,-3121152,21280.0,484.0,-187.0,0.0,,2026-07-24T11:49:03.332230+08:00
2892,2016-10-24,0,-379763,5000,-374763,20631.0,479.0,-649.0,-5.0,,2026-07-24T11:49:03.332230+08:00
2892,2016-10-25,5000,5567994,-67000,5505994,20350.0,477.0,-281.0,-2.0,,2026-07-24T11:49:03.332230+08:00
2892,2016-10-26,-169000,-3582850,0,-3751850,17550.0,478.0,-2800.0,1.0,,2026-07-24T11:49:03.332230+08:00
2892,2016-10-27,-86000,-2939247,-60000,-3085247,15837.0,435.0,-1713.0,-43.0,,2026-07-24T11:49:03.332230+08:00
2892,2016-10-28,-193000,2010616,0,1817616,15602.0,432.0,-235.0,-3.0,,2026-07-24T11:49:03.332230+08:00
2892,2016-10-31,67000,95640,0,162640,15497.0,432.0,-105.0,0.0,,2026-07-24T11:49:03.332230+08:00
2892,2016-11-01,58000,-4135000,-3000,-4080000,15521.0,431.0,24.0,-1.0,,2026-07-24T11:49:03.332230+08:00
2892,2016-11-02,96000,-502892,-876,-407768,15626.0,441.0,105.0,10.0,,2026-07-24T11:49:03.332230+08:00
2892,2016-11-03,-130000,-1811621,-1000,-1942621,15659.0,440.0,33.0,-1.0,,2026-07-24T11:49:03.332230+08:00
2892,2016-11-04,-5000,1825000,0,1820000,15652.0,440.0,-7.0,0.0,,2026-07-24T11:49:03.332230+08:00
2892,2016-11-07,108000,-1370607,0,-1262607,15646.0,434.0,-6.0,-6.0,,2026-07-24T11:49:03.332230+08:00
2892,2016-11-08,-957000,6718831,0,5761831,15503.0,484.0,-143.0,50.0,,2026-07-24T11:49:03.332230+08:00
2892,2016-11-09,-1008000,-2486871,0,-3494871,15465.0,457.0,-38.0,-27.0,,2026-07-24T11:49:03.332230+08:00
2892,2016-11-10,-2070000,858000,0,-1212000,15425.0,458.0,-40.0,1.0,,2026-07-24T11:49:03.332230+08:00
2892,2016-11-11,-2698000,-11403378,0,-14101378,15628.0,493.0,203.0,35.0,,2026-07-24T11:49:03.332230+08:00
2892,2016-11-14,-376000,-7450602,0,-7826602,16337.0,785.0,709.0,292.0,,2026-07-24T11:49:03.332230+08:00
2892,2016-11-15,-1142000,-6377003,380000,-7139003,16335.0,785.0,-2.0,0.0,,2026-07-24T11:49:03.332230+08:00
2892,2016-11-16,-2055630,1718704,-12315,-349241,16113.0,798.0,-222.0,13.0,,2026-07-24T11:49:03.332230+08:00
2892,2016-11-17,-519079,2485466,0,1966387,15794.0,794.0,-319.0,-4.0,,2026-07-24T11:49:03.332230+08:00
2892,2016-11-18,196000,-3038601,1000,-2841601,15975.0,794.0,181.0,0.0,,2026-07-24T11:49:03.332230+08:00
2892,2016-11-21,-437000,596425,0,159425,15922.0,784.0,-53.0,-10.0,,2026-07-24T11:49:03.332230+08:00
2892,2016-11-22,-3073633,7890424,0,4816791,15925.0,784.0,3.0,0.0,,2026-07-24T11:49:03.332230+08:00
2892,2016-11-23,-984000,8160806,0,7176806,16149.0,794.0,224.0,10.0,,2026-07-24T11:49:03.332230+08:00
2892,2016-11-24,-1065000,3405996,0,2340996,16258.0,797.0,109.0,3.0,,2026-07-24T11:49:03.332230+08:00
2892,2016-11-25,-1186000,944861,0,-241139,16448.0,781.0,190.0,-16.0,,2026-07-24T11:49:03.332230+08:00
2892,2016-11-28,-1093978,-2968627,0,-4062605,17020.0,808.0,572.0,27.0,,2026-07-24T11:49:03.332230+08:00
2892,2016-11-29,-1463000,4812114,-102000,3247114,17004.0,809.0,-16.0,1.0,,2026-07-24T11:49:03.332230+08:00
2892,2016-11-30,-5000,1042024,0,1037024,16898.0,805.0,-106.0,-4.0,,2026-07-24T11:49:03.332230+08:00
2892,2016-12-01,21000,3789583,20000,3830583,16968.0,823.0,70.0,18.0,,2026-07-24T11:49:03.332230+08:00
2892,2016-12-02,-40000,6857991,0,6817991,16954.0,860.0,-14.0,37.0,,2026-07-24T11:49:03.332230+08:00
2892,2016-12-05,2000,2130533,0,2132533,17051.0,867.0,97.0,7.0,,2026-07-24T11:49:03.332230+08:00
2892,2016-12-06,187000,8666339,0,8853339,17246.0,873.0,195.0,6.0,,2026-07-24T11:49:03.332230+08:00
2892,2016-12-07,-591000,5740688,0,5149688,16899.0,896.0,-347.0,23.0,,2026-07-24T11:49:03.332230+08:00
2892,2016-12-08,212000,16580280,0,16792280,17189.0,911.0,290.0,15.0,,2026-07-24T11:49:03.332230+08:00
2892,2016-12-09,-142000,1050079,0,908079,17234.0,916.0,45.0,5.0,,2026-07-24T11:49:03.332230+08:00
2892,2016-12-12,-74000,4650657,0,4576657,17052.0,919.0,-182.0,3.0,,2026-07-24T11:49:03.332230+08:00
2892,2016-12-13,-66000,12360137,5000,12299137,16747.0,925.0,-305.0,6.0,,2026-07-24T11:49:03.332230+08:00
2892,2016-12-14,-96000,-1416170,324000,-1188170,16722.0,927.0,-25.0,2.0,,2026-07-24T11:49:03.332230+08:00
2892,2016-12-15,-69000,-4755444,0,-4824444,16219.0,925.0,-503.0,-2.0,,2026-07-24T11:49:03.332230+08:00
2892,2016-12-16,-2000,122925,0,120925,16162.0,919.0,-57.0,-6.0,,2026-07-24T11:49:03.332230+08:00
2892,2016-12-19,-23000,-1990116,0,-2013116,15679.0,910.0,-483.0,-9.0,,2026-07-24T11:49:03.332230+08:00
2892,2016-12-20,-6000,-712363,0,-718363,15787.0,894.0,108.0,-16.0,,2026-07-24T11:49:03.332230+08:00
2892,2016-12-21,63000,-2902545,0,-2839545,15837.0,892.0,50.0,-2.0,,2026-07-24T11:49:03.332230+08:00
2892,2016-12-22,-48000,-5047440,4000,-5091440,16119.0,888.0,282.0,-4.0,,2026-07-24T11:49:03.332230+08:00
2892,2016-12-23,-51630,-2083000,0,-2134630,16236.0,892.0,117.0,4.0,,2026-07-24T11:49:03.332230+08:00
2892,2016-12-26,-24000,1930000,0,1906000,16161.0,892.0,-75.0,0.0,,2026-07-24T11:49:03.332230+08:00
2892,2016-12-27,-30000,-723225,0,-753225,16010.0,684.0,-151.0,-208.0,,2026-07-24T11:49:03.332230+08:00
2892,2016-12-28,1000,2571606,1156000,3728606,15838.0,685.0,-172.0,1.0,,2026-07-24T11:49:03.332230+08:00
2892,2016-12-29,0,-1117733,1144000,26267,15812.0,685.0,-26.0,0.0,,2026-07-24T11:49:03.332230+08:00
2892,2016-12-30,-1000,4472560,0,4471560,15689.0,685.0,-123.0,0.0,,2026-07-24T11:49:03.332230+08:00
2892,2017-01-03,0,-1317000,0,-1317000,15523.0,684.0,-166.0,-1.0,,2026-07-24T11:49:03.332230+08:00
2892,2017-01-04,-47000,1218606,0,1171606,15247.0,683.0,-276.0,-1.0,,2026-07-24T11:49:03.332230+08:00
2892,2017-01-05,175000,6426718,22000,6623718,14943.0,701.0,-304.0,18.0,,2026-07-24T11:49:03.332230+08:00
2892,2017-01-06,-25000,-1526301,-8000,-1559301,14836.0,687.0,-107.0,-14.0,,2026-07-24T11:49:03.332230+08:00
2892,2017-01-09,-1000,-1493668,0,-1494668,14835.0,778.0,-1.0,91.0,,2026-07-24T11:49:03.332230+08:00
2892,2017-01-10,-150000,2161308,0,2011308,14788.0,780.0,-47.0,2.0,,2026-07-24T11:49:03.332230+08:00
2892,2017-01-11,20000,1509399,-183000,1346399,15371.0,793.0,583.0,13.0,,2026-07-24T11:49:03.332230+08:00
2892,2017-01-12,-4000,4567864,-57000,4506864,15404.0,701.0,33.0,-92.0,,2026-07-24T11:49:03.332230+08:00
2892,2017-01-13,-46000,1015445,0,969445,15164.0,704.0,-240.0,3.0,,2026-07-24T11:49:03.332230+08:00
2892,2017-01-16,-8000,-1258965,0,-1266965,15052.0,690.0,-112.0,-14.0,,2026-07-24T11:49:03.332230+08:00
2892,2017-01-17,10000,1408098,0,1418098,14921.0,746.0,-131.0,56.0,,2026-07-24T11:49:03.332230+08:00
2892,2017-01-18,-52000,-642335,-188000,-882335,14536.0,750.0,-385.0,4.0,,2026-07-24T11:49:03.332230+08:00
2892,2017-01-19,-4740000,-5641013,-51000,-10432013,14660.0,750.0,124.0,0.0,,2026-07-24T11:49:03.332230+08:00
2892,2017-01-20,-4599000,960210,0,-3638790,14543.0,750.0,-117.0,0.0,,2026-07-24T11:49:03.332230+08:00
2892,2017-01-23,-2650000,7959079,2201,5311280,14528.0,749.0,-15.0,-1.0,,2026-07-24T11:49:03.332230+08:00
2892,2017-01-24,-2267135,4227181,11000,1971046,14183.0,746.0,-345.0,-3.0,,2026-07-24T11:49:03.332230+08:00
2892,2017-02-02,-24000,3058503,0,3034503,13671.0,748.0,-512.0,2.0,,2026-07-24T11:49:03.332230+08:00
2892,2017-02-03,-66000,-5802286,74000,-5794286,13682.0,781.0,11.0,33.0,,2026-07-24T11:49:03.332230+08:00
2892,2017-02-06,-7000,6885010,-29000,6849010,13746.0,772.0,64.0,-9.0,,2026-07-24T11:49:03.332230+08:00
2892,2017-02-07,-27000,4285310,-250000,4008310,13817.0,798.0,71.0,26.0,,2026-07-24T11:49:03.332230+08:00
2892,2017-02-08,-114000,-5349365,0,-5463365,13980.0,801.0,163.0,3.0,,2026-07-24T11:49:03.332230+08:00
2892,2017-02-09,-86000,111395,3000,28395,13815.0,836.0,-165.0,35.0,,2026-07-24T11:49:03.332230+08:00
2892,2017-02-10,590000,633632,0,1223632,13773.0,844.0,-42.0,8.0,,2026-07-24T11:49:03.332230+08:00
2892,2017-02-13,332000,71900,0,403900,13833.0,864.0,60.0,20.0,,2026-07-24T11:49:03.332230+08:00
2892,2017-02-14,-8000,3659213,-23000,3628213,13819.0,864.0,-14.0,0.0,,2026-07-24T11:49:03.332230+08:00
2892,2017-02-15,192000,9983409,-45000,10130409,13874.0,868.0,55.0,4.0,,2026-07-24T11:49:03.332230+08:00
2892,2017-02-16,-305000,6987398,0,6682398,13791.0,870.0,-83.0,2.0,,2026-07-24T11:49:03.332230+08:00
2892,2017-02-17,-852000,466129,4000,-381871,13774.0,898.0,-17.0,28.0,,2026-07-24T11:49:03.332230+08:00
2892,2017-02-18,335000,1000,0,336000,13088.0,898.0,-686.0,0.0,,2026-07-24T11:49:03.332230+08:00
2892,2017-02-20,672000,-207755,0,464245,12925.0,904.0,-163.0,6.0,,2026-07-24T11:49:03.332230+08:00
2892,2017-02-21,-19000,1992000,0,1973000,12948.0,904.0,23.0,0.0,,2026-07-24T11:49:03.332230+08:00
2892,2017-02-22,-249000,-224455,-40000,-513455,12596.0,904.0,-352.0,0.0,,2026-07-24T11:49:03.332230+08:00
2892,2017-02-23,1430000,-5721320,2000,-4289320,12488.0,863.0,-108.0,-41.0,,2026-07-24T11:49:03.332230+08:00
2892,2017-02-24,-31000,6687399,-775695,5880704,12486.0,855.0,-2.0,-8.0,,2026-07-24T11:49:03.332230+08:00
2892,2017-03-01,7000,-558914,-2000,-553914,12592.0,859.0,106.0,4.0,,2026-07-24T11:49:03.332230+08:00
2892,2017-03-02,-6000,517436,0,511436,12445.0,866.0,-147.0,7.0,,2026-07-24T11:49:03.332230+08:00
2892,2017-03-03,-7000,2543104,-12000,2524104,12521.0,859.0,76.0,-7.0,,2026-07-24T11:49:03.332230+08:00
2892,2017-03-06,0,-735880,0,-735880,12408.0,864.0,-113.0,5.0,,2026-07-24T11:49:03.332230+08:00
2892,2017-03-07,0,1663577,562000,2225577,12398.0,863.0,-10.0,-1.0,,2026-07-24T11:49:03.332230+08:00
2892,2017-03-08,9000,4156859,0,4165859,12517.0,859.0,119.0,-4.0,,2026-07-24T11:49:03.332230+08:00
2892,2017-03-09,-117000,3159000,-28920,3013080,12455.0,866.0,-62.0,7.0,,2026-07-24T11:49:03.332230+08:00
2892,2017-03-10,3000,-281014,0,-278014,12491.0,856.0,36.0,-10.0,,2026-07-24T11:49:03.332230+08:00
2892,2017-03-13,-27000,3530088,0,3503088,12569.0,865.0,78.0,9.0,,2026-07-24T11:49:03.332230+08:00
2892,2017-03-14,25000,6691066,-40000,6676066,12631.0,807.0,62.0,-58.0,,2026-07-24T11:49:03.332230+08:00
2892,2017-03-15,159000,-167856,0,-8856,12607.0,830.0,-24.0,23.0,,2026-07-24T11:49:03.332230+08:00
2892,2017-03-16,190000,6037000,0,6227000,12501.0,788.0,-106.0,-42.0,,2026-07-24T11:49:03.332230+08:00
2892,2017-03-17,-27000,-9876943,16000,-9887943,12662.0,641.0,161.0,-147.0,,2026-07-24T11:49:03.332230+08:00
2892,2017-03-20,3000,1191141,-13000,1181141,12618.0,631.0,-44.0,-10.0,,2026-07-24T11:49:03.332230+08:00
2892,2017-03-21,13000,4666640,-1000,4678640,12469.0,608.0,-149.0,-23.0,,2026-07-24T11:49:03.332230+08:00
2892,2017-03-22,-20000,465102,0,445102,12532.0,604.0,63.0,-4.0,,2026-07-24T11:49:03.332230+08:00
2892,2017-03-23,-69000,5004743,0,4935743,12521.0,600.0,-11.0,-4.0,,2026-07-24T11:49:03.332230+08:00
2892,2017-03-24,0,-4691711,-90000,-4781711,12523.0,580.0,2.0,-20.0,,2026-07-24T11:49:03.332230+08:00
2892,2017-03-27,-26000,2695151,0,2669151,12626.0,580.0,103.0,0.0,,2026-07-24T11:49:03.332230+08:00
2892,2017-03-28,152000,4602101,0,4754101,12513.0,566.0,-113.0,-14.0,,2026-07-24T11:49:03.332230+08:00
2892,2017-03-29,-1648000,1748185,-3000,97185,12278.0,411.0,-235.0,-155.0,,2026-07-24T11:49:03.332230+08:00
2892,2017-03-30,-16000,376727,0,360727,12302.0,411.0,24.0,0.0,,2026-07-24T11:49:03.332230+08:00
2892,2017-03-31,-2014000,-170162,0,-2184162,12429.0,397.0,127.0,-14.0,,2026-07-24T11:49:03.332230+08:00
2892,2017-04-05,-147000,11577038,33000,11463038,12418.0,375.0,-11.0,-22.0,,2026-07-24T11:49:03.332230+08:00
2892,2017-04-06,263000,321425,0,584425,12080.0,311.0,-338.0,-64.0,,2026-07-24T11:49:03.332230+08:00
2892,2017-04-07,-35000,1797464,77000,1839464,11717.0,233.0,-363.0,-78.0,,2026-07-24T11:49:03.332230+08:00
2892,2017-04-10,0,891604,5000,896604,11706.0,0.0,-11.0,-233.0,,2026-07-24T11:49:03.332230+08:00
2892,2017-04-11,-54000,8988430,0,8934430,11589.0,0.0,-117.0,0.0,,2026-07-24T11:49:03.332230+08:00
2892,2017-04-12,-50000,2879512,35000,2864512,11575.0,0.0,-14.0,0.0,,2026-07-24T11:49:03.332230+08:00
2892,2017-04-13,1000,5929604,-2000,5928604,11572.0,0.0,-3.0,0.0,,2026-07-24T11:49:03.332230+08:00
2892,2017-04-14,-251000,-1151396,-27000,-1429396,11265.0,327.0,-307.0,327.0,,2026-07-24T11:49:03.332230+08:00
2892,2017-04-17,3000,644604,0,647604,11024.0,344.0,-241.0,17.0,,2026-07-24T11:49:03.332230+08:00
2892,2017-04-18,-1000,1919159,3000,1921159,10939.0,358.0,-85.0,14.0,,2026-07-24T11:49:03.332230+08:00
2892,2017-04-19,-173000,-7162429,0,-7335429,10776.0,373.0,-163.0,15.0,,2026-07-24T11:49:03.332230+08:00
2892,2017-04-20,0,215671,4000,219671,10770.0,364.0,-6.0,-9.0,,2026-07-24T11:49:03.332230+08:00
2892,2017-04-21,-500000,3251445,0,2751445,10632.0,373.0,-138.0,9.0,,2026-07-24T11:49:03.332230+08:00
2892,2017-04-24,-500000,7648351,0,7148351,10576.0,415.0,-56.0,42.0,,2026-07-24T11:49:03.332230+08:00
2892,2017-04-25,2000,8356490,-605,8357885,10602.0,398.0,26.0,-17.0,,2026-07-24T11:49:03.332230+08:00
2892,2017-04-26,-497000,13093272,1476000,14072272,10643.0,411.0,41.0,13.0,,2026-07-24T11:49:03.332230+08:00
2892,2017-04-27,-343000,-10908399,-7000,-11258399,10915.0,403.0,272.0,-8.0,,2026-07-24T11:49:03.332230+08:00
2892,2017-04-28,-3005000,-3002890,-19000,-6026890,10946.0,409.0,31.0,6.0,,2026-07-24T11:49:03.332230+08:00
2892,2017-05-02,92000,6737350,-1000,6828350,10159.0,443.0,-787.0,34.0,,2026-07-24T11:49:03.332230+08:00
2892,2017-05-03,-15000,-375130,0,-390130,10174.0,475.0,15.0,32.0,,2026-07-24T11:49:03.332230+08:00
2892,2017-05-04,1000,3689921,0,3690921,10241.0,587.0,67.0,112.0,,2026-07-24T11:49:03.332230+08:00
2892,2017-05-05,-27000,-1922154,0,-1949154,9990.0,794.0,-251.0,207.0,,2026-07-24T11:49:03.332230+08:00
2892,2017-05-08,2000,-916770,0,-914770,10013.0,954.0,23.0,160.0,,2026-07-24T11:49:03.332230+08:00
2892,2017-05-09,25082,-5668909,0,-5643827,10250.0,1309.0,237.0,355.0,,2026-07-24T11:49:03.332230+08:00
2892,2017-05-10,0,461309,0,461309,10004.0,1354.0,-246.0,45.0,,2026-07-24T11:49:03.332230+08:00
2892,2017-05-11,0,8867532,0,8867532,10091.0,1396.0,87.0,42.0,,2026-07-24T11:49:03.332230+08:00
2892,2017-05-12,0,-1419474,-28000,-1447474,10269.0,1402.0,178.0,6.0,,2026-07-24T11:49:03.332230+08:00
2892,2017-05-15,682000,4893963,472000,6047963,10245.0,1034.0,-24.0,-368.0,,2026-07-24T11:49:03.332230+08:00
2892,2017-05-16,0,-14812507,1376000,-13436507,10566.0,1152.0,321.0,118.0,,2026-07-24T11:49:03.332230+08:00
2892,2017-05-17,-234000,1201997,0,967997,10611.0,1163.0,45.0,11.0,,2026-07-24T11:49:03.332230+08:00
2892,2017-05-18,-1000,-681545,-38000,-720545,10371.0,1206.0,-240.0,43.0,,2026-07-24T11:49:03.332230+08:00
2892,2017-05-19,1000000,-3572888,0,-2572888,10295.0,1256.0,-76.0,50.0,,2026-07-24T11:49:03.332230+08:00
2892,2017-05-22,1600000,-4319829,-4000,-2723829,10407.0,1309.0,112.0,53.0,,2026-07-24T11:49:03.332230+08:00
2892,2017-05-23,-3000,-3885638,0,-3888638,10403.0,1310.0,-4.0,1.0,,2026-07-24T11:49:03.332230+08:00
2892,2017-05-24,200000,-3797648,0,-3597648,10557.0,1363.0,154.0,53.0,,2026-07-24T11:49:03.332230+08:00
2892,2017-05-25,591000,76998,-10000,657998,10686.0,1364.0,129.0,1.0,,2026-07-24T11:49:03.332230+08:00
2892,2017-05-26,302000,985694,-66000,1221694,10823.0,1349.0,137.0,-15.0,,2026-07-24T11:49:03.332230+08:00
2892,2017-05-31,752000,-1516046,-166000,-930046,10589.0,1255.0,-234.0,-94.0,,2026-07-24T11:49:03.332230+08:00
2892,2017-06-01,1404000,-1004846,-135000,264154,10543.0,1255.0,-46.0,0.0,,2026-07-24T11:49:03.332230+08:00
2892,2017-06-02,1182000,-3191149,-46000,-2055149,10357.0,1140.0,-186.0,-115.0,,2026-07-24T11:49:03.332230+08:00
2892,2017-06-03,526000,-841725,-17000,-332725,10407.0,1110.0,50.0,-30.0,,2026-07-24T11:49:03.332230+08:00
2892,2017-06-05,300000,-3640707,-39000,-3379707,10422.0,1110.0,15.0,0.0,,2026-07-24T11:49:03.332230+08:00
2892,2017-06-06,299064,-4850500,-27000,-4578436,10278.0,1110.0,-144.0,0.0,,2026-07-24T11:49:03.332230+08:00
2892,2017-06-07,1268000,-2729390,-16000,-1477390,10234.0,1117.0,-44.0,7.0,,2026-07-24T11:49:03.332230+08:00
2892,2017-06-08,122000,7192731,-6000,7308731,10217.0,1148.0,-17.0,31.0,,2026-07-24T11:49:03.332230+08:00
2892,2017-06-09,75000,-4358066,-51000,-4334066,10319.0,1145.0,102.0,-3.0,,2026-07-24T11:49:03.332230+08:00
2892,2017-06-12,270000,-4096982,-65000,-3891982,10274.0,1148.0,-45.0,3.0,,2026-07-24T11:49:03.332230+08:00
2892,2017-06-13,1681000,857361,0,2538361,10363.0,1149.0,89.0,1.0,,2026-07-24T11:49:03.332230+08:00
2892,2017-06-14,1100000,-6268472,-4000,-5172472,10080.0,1134.0,-283.0,-15.0,,2026-07-24T11:49:03.332230+08:00
2892,2017-06-15,2826000,-4687786,0,-1861786,10006.0,1118.0,-74.0,-16.0,,2026-07-24T11:49:03.332230+08:00
2892,2017-06-16,264000,1493741,126000,1883741,9963.0,1140.0,-43.0,22.0,,2026-07-24T11:49:03.332230+08:00
2892,2017-06-19,4236000,3544860,-15000,7765860,10002.0,1154.0,39.0,14.0,,2026-07-24T11:49:03.332230+08:00
2892,2017-06-20,3347000,3822927,-32000,7137927,10709.0,1170.0,707.0,16.0,,2026-07-24T11:49:03.332230+08:00
2892,2017-06-21,3603000,-1098935,0,2504065,10572.0,1172.0,-137.0,2.0,,2026-07-24T11:49:03.332230+08:00
2892,2017-06-22,768000,2829727,0,3597727,10910.0,1174.0,338.0,2.0,,2026-07-24T11:49:03.332230+08:00
2892,2017-06-23,100000,5004687,137000,5241687,10388.0,1196.0,-522.0,22.0,,2026-07-24T11:49:03.332230+08:00
2892,2017-06-26,573000,8593828,-17000,9149828,10398.0,1209.0,10.0,13.0,,2026-07-24T11:49:03.332230+08:00
2892,2017-06-27,1058000,4464000,0,5522000,10368.0,1217.0,-30.0,8.0,,2026-07-24T11:49:03.332230+08:00
2892,2017-06-28,1020000,1099436,0,2119436,9961.0,1191.0,-407.0,-26.0,,2026-07-24T11:49:03.332230+08:00
2892,2017-06-29,1046000,5884816,44000,6974816,9840.0,1205.0,-121.0,14.0,,2026-07-24T11:49:03.332230+08:00
2892,2017-06-30,518000,1909240,-2000,2425240,9727.0,1216.0,-113.0,11.0,,2026-07-24T11:49:03.332230+08:00
2892,2017-07-03,270000,1920457,-5000,2185457,9923.0,1218.0,196.0,2.0,,2026-07-24T11:49:03.332230+08:00
2892,2017-07-04,508000,-2506261,-8000,-2006261,9402.0,1210.0,-521.0,-8.0,,2026-07-24T11:49:03.332230+08:00
2892,2017-07-05,1040000,4851530,0,5891530,9247.0,1225.0,-155.0,15.0,,2026-07-24T11:49:03.332230+08:00
2892,2017-07-06,415000,4112485,0,4527485,9248.0,1227.0,1.0,2.0,,2026-07-24T11:49:03.332230+08:00
2892,2017-07-07,411000,1726896,30000,2167896,9298.0,1229.0,50.0,2.0,,2026-07-24T11:49:03.332230+08:00
2892,2017-07-10,569000,-1062537,-12000,-505537,9231.0,1222.0,-67.0,-7.0,,2026-07-24T11:49:03.332230+08:00
2892,2017-07-11,504000,-636112,-118000,-250112,9177.0,1224.0,-54.0,2.0,,2026-07-24T11:49:03.332230+08:00
2892,2017-07-12,1278000,-951398,-23000,303602,9171.0,1222.0,-6.0,-2.0,,2026-07-24T11:49:03.332230+08:00
2892,2017-07-13,1513000,1798679,-25000,3286679,9311.0,1223.0,140.0,1.0,,2026-07-24T11:49:03.332230+08:00
2892,2017-07-14,446000,4837324,-23000,5260324,9298.0,1227.0,-13.0,4.0,,2026-07-24T11:49:03.332230+08:00
2892,2017-07-17,448000,-1943582,-2956,-1498538,9534.0,1197.0,236.0,-30.0,,2026-07-24T11:49:03.332230+08:00
2892,2017-07-18,2656000,-3826443,39000,-1131443,9929.0,1193.0,395.0,-4.0,,2026-07-24T11:49:03.332230+08:00
2892,2017-07-19,1950000,-8434281,-67000,-6551281,10025.0,1189.0,96.0,-4.0,,2026-07-24T11:49:03.332230+08:00
2892,2017-07-20,2712000,-4361037,-67000,-1716037,10234.0,1186.0,209.0,-3.0,,2026-07-24T11:49:03.332230+08:00
2892,2017-07-21,2363000,-1065511,-721000,576489,10487.0,1182.0,253.0,-4.0,,2026-07-24T11:49:03.332230+08:00
2892,2017-07-24,1780000,3651653,0,5431653,10361.0,1182.0,-126.0,0.0,,2026-07-24T11:49:03.332230+08:00
2892,2017-07-25,1664000,-9495197,5000,-7826197,11449.0,1164.0,1088.0,-18.0,,2026-07-24T11:49:03.332230+08:00
2892,2017-07-26,763000,-3783326,-370000,-3390326,12359.0,170.0,910.0,-994.0,,2026-07-24T11:49:03.332230+08:00
2892,2017-07-27,582000,6292871,0,6874871,12843.0,168.0,484.0,-2.0,,2026-07-24T11:49:03.332230+08:00
2892,2017-07-28,-237000,-4684553,2000,-4919553,13366.0,106.0,523.0,-62.0,,2026-07-24T11:49:03.332230+08:00
2892,2017-07-31,2492000,3675523,18000,6185523,13731.0,0.0,365.0,-106.0,,2026-07-24T11:49:03.332230+08:00
2892,2017-08-01,2098000,2176741,-21000,4253741,16306.0,0.0,2575.0,0.0,,2026-07-24T11:49:03.332230+08:00
2892,2017-08-02,4195000,11793482,-12000,15976482,19622.0,0.0,3316.0,0.0,,2026-07-24T11:49:03.332230+08:00
2892,2017-08-03,8757382,-1954741,-108000,6694641,21640.0,0.0,2018.0,0.0,,2026-07-24T11:49:03.332230+08:00
2892,2017-08-04,-10039000,22302622,59000,12322622,16091.0,94.0,-5549.0,94.0,,2026-07-24T11:49:03.332230+08:00
2892,2017-08-07,-2548000,-9570574,20000,-12098574,15707.0,146.0,-384.0,52.0,,2026-07-24T11:49:03.332230+08:00
2892,2017-08-08,-516000,-4723993,-8000,-5247993,15241.0,147.0,-466.0,1.0,,2026-07-24T11:49:03.332230+08:00
2892,2017-08-09,-715000,-7888921,36000,-8567921,15004.0,147.0,-237.0,0.0,,2026-07-24T11:49:03.332230+08:00
2892,2017-08-10,-653000,118232,17000,-517768,14531.0,184.0,-473.0,37.0,,2026-07-24T11:49:03.332230+08:00
2892,2017-08-11,33555,-1890999,7000,-1850444,14565.0,455.0,34.0,271.0,,2026-07-24T11:49:03.332230+08:00
2892,2017-08-14,-44000,-777244,22000,-799244,14340.0,461.0,-225.0,6.0,,2026-07-24T11:49:03.332230+08:00
2892,2017-08-15,9000,2116200,-164000,1961200,14259.0,454.0,-81.0,-7.0,,2026-07-24T11:49:03.332230+08:00
2892,2017-08-16,-933000,-2476000,470000,-2939000,13988.0,237.0,-271.0,-217.0,,2026-07-24T11:49:03.332230+08:00
2892,2017-08-17,-586000,11902238,1000,11317238,13615.0,373.0,-373.0,136.0,,2026-07-24T11:49:03.332230+08:00
2892,2017-08-18,-53000,-1700000,0,-1753000,13576.0,1021.0,-39.0,648.0,,2026-07-24T11:49:03.332230+08:00
2892,2017-08-21,-383000,932000,78000,627000,13405.0,1021.0,-171.0,0.0,,2026-07-24T11:49:03.332230+08:00
2892,2017-08-22,-40000,-350000,0,-390000,13555.0,536.0,150.0,-485.0,,2026-07-24T11:49:03.332230+08:00
2892,2017-08-23,-1056000,-1650000,142000,-2564000,13423.0,539.0,-132.0,3.0,,2026-07-24T11:49:03.332230+08:00
2892,2017-08-24,75000,2017913,9000,2101913,12953.0,353.0,-470.0,-186.0,,2026-07-24T11:49:03.332230+08:00
2892,2017-08-25,-2248000,962841,-7000,-1292159,12864.0,353.0,-89.0,0.0,,2026-07-24T11:49:03.332230+08:00
2892,2017-08-28,-256000,3219860,-43000,2920860,12642.0,356.0,-222.0,3.0,,2026-07-24T11:49:03.332230+08:00
2892,2017-08-29,-66000,-2136928,-24000,-2226928,12558.0,355.0,-84.0,-1.0,,2026-07-24T11:49:03.332230+08:00
2892,2017-08-30,-207000,3795581,0,3588581,12338.0,361.0,-220.0,6.0,,2026-07-24T11:49:03.332230+08:00
2892,2017-08-31,-431000,3714770,-12000,3271770,12639.0,426.0,301.0,65.0,,2026-07-24T11:49:03.332230+08:00
2892,2017-09-01,-83000,7460658,-8000,7369658,12338.0,502.0,-301.0,76.0,,2026-07-24T11:49:03.332230+08:00
2892,2017-09-04,-293000,567976,0,274976,12163.0,456.0,-175.0,-46.0,,2026-07-24T11:49:03.332230+08:00
2892,2017-09-05,-66860,1460232,2000,1395372,12016.0,485.0,-147.0,29.0,,2026-07-24T11:49:03.332230+08:00
2892,2017-09-06,-151000,4796044,-5000,4640044,11776.0,493.0,-240.0,8.0,,2026-07-24T11:49:03.332230+08:00
2892,2017-09-07,-197000,814710,97000,714710,11430.0,494.0,-346.0,1.0,,2026-07-24T11:49:03.332230+08:00
2892,2017-09-08,16000,1870355,21000,1907355,11324.0,505.0,-106.0,11.0,,2026-07-24T11:49:03.332230+08:00
2892,2017-09-11,971080,505580,0,1476660,11166.0,461.0,-158.0,-44.0,,2026-07-24T11:49:03.332230+08:00
2892,2017-09-12,-88000,3607737,216000,3735737,11086.0,419.0,-80.0,-42.0,,2026-07-24T11:49:03.332230+08:00
2892,2017-09-13,-122000,-1339793,54000,-1407793,10910.0,418.0,-176.0,-1.0,,2026-07-24T11:49:03.332230+08:00
2892,2017-09-14,-257760,-2404966,528000,-2134726,10883.0,426.0,-27.0,8.0,,2026-07-24T11:49:03.332230+08:00
2892,2017-09-15,-115000,2066886,1002000,2953886,10697.0,424.0,-186.0,-2.0,,2026-07-24T11:49:03.332230+08:00
2892,2017-09-18,322000,10331543,373000,11026543,10676.0,424.0,-21.0,0.0,,2026-07-24T11:49:03.332230+08:00
2892,2017-09-19,-288000,992420,114000,818420,10695.0,420.0,19.0,-4.0,,2026-07-24T11:49:03.332230+08:00
2892,2017-09-20,-32000,-527077,6000,-553077,10492.0,423.0,-203.0,3.0,,2026-07-24T11:49:03.332230+08:00
2892,2017-09-21,207000,-444882,0,-237882,10602.0,411.0,110.0,-12.0,,2026-07-24T11:49:03.332230+08:00
2892,2017-09-22,-266340,2322738,112000,2168398,10617.0,437.0,15.0,26.0,,2026-07-24T11:49:03.332230+08:00
2892,2017-09-25,37000,1480635,100000,1617635,10553.0,430.0,-64.0,-7.0,,2026-07-24T11:49:03.332230+08:00
2892,2017-09-26,357800,16169280,0,16527080,9923.0,457.0,-630.0,27.0,,2026-07-24T11:49:03.332230+08:00
2892,2017-09-27,-133000,5026009,619000,5512009,9640.0,457.0,-283.0,0.0,,2026-07-24T11:49:03.332230+08:00
2892,2017-09-28,195000,3152833,30000,3377833,9456.0,464.0,-184.0,7.0,,2026-07-24T11:49:03.332230+08:00
2892,2017-09-29,-58000,-88801,-4000,-150801,9433.0,440.0,-23.0,-24.0,,2026-07-24T11:49:03.332230+08:00
2892,2017-09-30,-230000,1000,0,-229000,9451.0,440.0,18.0,0.0,,2026-07-24T11:49:03.332230+08:00
2892,2017-10-02,-88000,-1110900,97000,-1101900,9341.0,442.0,-110.0,2.0,,2026-07-24T11:49:03.332230+08:00
2892,2017-10-03,-219440,517764,-799585,-501261,9289.0,443.0,-52.0,1.0,,2026-07-24T11:49:03.332230+08:00
2892,2017-10-05,-41000,2012000,-770000,1201000,9268.0,434.0,-21.0,-9.0,,2026-07-24T11:49:03.332230+08:00
2892,2017-10-06,-85000,5268434,32000,5215434,9060.0,466.0,-208.0,32.0,,2026-07-24T11:49:03.332230+08:00
2892,2017-10-11,-751000,9166639,-12000,8403639,8938.0,501.0,-122.0,35.0,,2026-07-24T11:49:03.332230+08:00
2892,2017-10-12,-161000,6663569,775000,7277569,8897.0,503.0,-41.0,2.0,,2026-07-24T11:49:03.332230+08:00
2892,2017-10-13,-1000,3374050,95000,3468050,8798.0,545.0,-99.0,42.0,,2026-07-24T11:49:03.332230+08:00
2892,2017-10-16,-5590000,3370248,155000,-2064752,8974.0,539.0,176.0,-6.0,,2026-07-24T11:49:03.332230+08:00
2892,2017-10-17,-1500000,5381060,-6000,3875060,8939.0,533.0,-35.0,-6.0,,2026-07-24T11:49:03.332230+08:00
2892,2017-10-18,-516000,-1579589,864000,-1231589,8938.0,534.0,-1.0,1.0,,2026-07-24T11:49:03.332230+08:00
2892,2017-10-19,10000,-166132,-51000,-207132,8953.0,533.0,15.0,-1.0,,2026-07-24T11:49:03.332230+08:00
2892,2017-10-20,24000,1251695,0,1275695,8922.0,545.0,-31.0,12.0,,2026-07-24T11:49:03.332230+08:00
2892,2017-10-23,-91000,2429036,388000,2726036,8935.0,545.0,13.0,0.0,,2026-07-24T11:49:03.332230+08:00
2892,2017-10-24,10000,6502064,-7000,6505064,8775.0,581.0,-160.0,36.0,,2026-07-24T11:49:03.332230+08:00
2892,2017-10-25,-60000,4137959,254000,4331959,8923.0,580.0,148.0,-1.0,,2026-07-24T11:49:03.332230+08:00
2892,2017-10-26,-2033040,-3829000,-110000,-5972040,9157.0,607.0,234.0,27.0,,2026-07-24T11:49:03.332230+08:00
2892,2017-10-27,11000,-2713075,1216000,-1486075,10067.0,562.0,910.0,-45.0,,2026-07-24T11:49:03.332230+08:00
2892,2017-10-30,106000,3803100,0,3909100,10236.0,567.0,169.0,5.0,,2026-07-24T11:49:03.332230+08:00
2892,2017-10-31,-4621000,-641888,-6000,-5268888,9725.0,559.0,-511.0,-8.0,,2026-07-24T11:49:03.332230+08:00
2892,2017-11-01,-7068000,7065654,-22000,-24346,9657.0,539.0,-68.0,-20.0,,2026-07-24T11:49:03.332230+08:00
2892,2017-11-02,-4000,-282780,-61200,-347980,9657.0,541.0,0.0,2.0,,2026-07-24T11:49:03.332230+08:00
2892,2017-11-03,-1000998,242968,-698000,-1456030,8987.0,575.0,-670.0,34.0,,2026-07-24T11:49:03.332230+08:00
2892,2017-11-06,0,-2251807,-553722,-2805529,8971.0,516.0,-16.0,-59.0,,2026-07-24T11:49:03.332230+08:00
2892,2017-11-07,0,1816296,0,1816296,8935.0,491.0,-36.0,-25.0,,2026-07-24T11:49:03.332230+08:00
2892,2017-11-08,0,-2104104,2028000,-76104,8818.0,464.0,-117.0,-27.0,,2026-07-24T11:49:03.332230+08:00
2892,2017-11-09,-9000,-832733,-814000,-1655733,8818.0,455.0,0.0,-9.0,,2026-07-24T11:49:03.332230+08:00
2892,2017-11-10,0,-1158047,-792000,-1950047,8799.0,421.0,-19.0,-34.0,,2026-07-24T11:49:03.332230+08:00
2892,2017-11-13,-51000,-4157354,182000,-4026354,8815.0,421.0,16.0,0.0,,2026-07-24T11:49:03.332230+08:00
2892,2017-11-14,0,-6478325,-1985300,-8463625,8814.0,414.0,-1.0,-7.0,,2026-07-24T11:49:03.332230+08:00
2892,2017-11-15,-284000,-8582349,0,-8866349,8834.0,411.0,20.0,-3.0,,2026-07-24T11:49:03.332230+08:00
2892,2017-11-16,-316000,-3244158,0,-3560158,8852.0,431.0,18.0,20.0,,2026-07-24T11:49:03.332230+08:00
2892,2017-11-17,-56000,685139,-3000,626139,8931.0,416.0,79.0,-15.0,,2026-07-24T11:49:03.332230+08:00
2892,2017-11-20,-215000,-1349197,0,-1564197,9052.0,410.0,121.0,-6.0,,2026-07-24T11:49:03.332230+08:00
2892,2017-11-21,-445000,4211685,0,3766685,8983.0,440.0,-69.0,30.0,,2026-07-24T11:49:03.332230+08:00
2892,2017-11-22,-8000,4144835,0,4136835,8813.0,432.0,-170.0,-8.0,,2026-07-24T11:49:03.332230+08:00
2892,2017-11-23,-52000,-11070,-149000,-212070,8830.0,441.0,17.0,9.0,,2026-07-24T11:49:03.332230+08:00
2892,2017-11-24,-18000,-2674726,0,-2692726,8809.0,437.0,-21.0,-4.0,,2026-07-24T11:49:03.332230+08:00
2892,2017-11-27,-3166000,-749321,0,-3915321,8836.0,433.0,27.0,-4.0,,2026-07-24T11:49:03.332230+08:00
2892,2017-11-28,-3653000,-4043521,-22000,-7718521,8977.0,409.0,141.0,-24.0,,2026-07-24T11:49:03.332230+08:00
2892,2017-11-29,-3625000,1559452,-82000,-2147548,8687.0,409.0,-290.0,0.0,,2026-07-24T11:49:03.332230+08:00
2892,2017-11-30,-201295,-3231038,-15000,-3447333,8707.0,401.0,20.0,-8.0,,2026-07-24T11:49:03.332230+08:00
2892,2017-12-01,40000,-2405856,8000,-2357856,8708.0,374.0,1.0,-27.0,,2026-07-24T11:49:03.332230+08:00
2892,2017-12-04,-34000,-782898,0,-816898,8599.0,389.0,-109.0,15.0,,2026-07-24T11:49:03.332230+08:00
2892,2017-12-05,-50000,-2819848,-586000,-3455848,8591.0,392.0,-8.0,3.0,,2026-07-24T11:49:03.332230+08:00
2892,2017-12-06,-9000,-15430846,24000,-15415846,8544.0,384.0,-47.0,-8.0,,2026-07-24T11:49:03.332230+08:00
2892,2017-12-07,28000,-5352101,-2000,-5326101,8571.0,386.0,27.0,2.0,,2026-07-24T11:49:03.332230+08:00
2892,2017-12-08,-18000,-8631471,-11000,-8660471,8624.0,386.0,53.0,0.0,,2026-07-24T11:49:03.332230+08:00
2892,2017-12-11,-10000,-6122001,0,-6132001,8641.0,387.0,17.0,1.0,,2026-07-24T11:49:03.332230+08:00
2892,2017-12-12,-208000,-3388082,-1000,-3597082,8594.0,387.0,-47.0,0.0,,2026-07-24T11:49:03.332230+08:00
2892,2017-12-13,74000,-3501654,-6000,-3433654,8593.0,387.0,-1.0,0.0,,2026-07-24T11:49:03.332230+08:00
2892,2017-12-14,0,-1044476,0,-1044476,8691.0,387.0,98.0,0.0,,2026-07-24T11:49:03.332230+08:00
2892,2017-12-15,-87000,-7910935,147000,-7850935,8076.0,387.0,-615.0,0.0,,2026-07-24T11:49:03.332230+08:00
2892,2017-12-18,-7000,65408,0,58408,8070.0,380.0,-6.0,-7.0,,2026-07-24T11:49:03.332230+08:00
2892,2017-12-19,-68000,-3844596,-35000,-3947596,7999.0,370.0,-71.0,-10.0,,2026-07-24T11:49:03.332230+08:00
2892,2017-12-20,-2045000,-581370,0,-2626370,7964.0,368.0,-35.0,-2.0,,2026-07-24T11:49:03.332230+08:00
2892,2017-12-21,1000,44753,0,45753,7946.0,362.0,-18.0,-6.0,,2026-07-24T11:49:03.332230+08:00
2892,2017-12-22,-5000,1616000,0,1611000,7632.0,355.0,-314.0,-7.0,,2026-07-24T11:49:03.332230+08:00
2892,2017-12-25,5000,399000,0,404000,7512.0,355.0,-120.0,0.0,,2026-07-24T11:49:03.332230+08:00
2892,2017-12-26,-1000,-222000,-79294,-302294,7555.0,350.0,43.0,-5.0,,2026-07-24T11:49:03.332230+08:00
2892,2017-12-27,-2040000,747000,-70000,-1363000,7562.0,350.0,7.0,0.0,,2026-07-24T11:49:03.332230+08:00
2892,2017-12-28,10000,3363290,-35000,3338290,7503.0,348.0,-59.0,-2.0,,2026-07-24T11:49:03.332230+08:00
2892,2017-12-29,5000,3699283,-46000,3658283,7587.0,341.0,84.0,-7.0,,2026-07-24T11:49:03.332230+08:00
2892,2018-01-02,20000,570079,0,590079,7552.0,349.0,-35.0,8.0,,2026-07-24T11:49:03.332230+08:00
2892,2018-01-03,-2030000,2437954,0,407954,7538.0,351.0,-14.0,2.0,,2026-07-24T11:49:03.332230+08:00
2892,2018-01-04,0,1142971,-473000,669971,7607.0,351.0,69.0,0.0,,2026-07-24T11:49:03.332230+08:00
2892,2018-01-05,-10000,1721483,-98000,1613483,7669.0,364.0,62.0,13.0,,2026-07-24T11:49:03.332230+08:00
2892,2018-01-08,-514000,4871033,-16000,4341033,7796.0,305.0,127.0,-59.0,,2026-07-24T11:49:03.332230+08:00
2892,2018-01-09,0,2187621,0,2187621,7624.0,307.0,-172.0,2.0,,2026-07-24T11:49:03.332230+08:00
2892,2018-01-10,-2005000,1597944,-69000,-476056,7604.0,301.0,-20.0,-6.0,,2026-07-24T11:49:03.332230+08:00
2892,2018-01-11,60000,-110275,0,-50275,7656.0,313.0,52.0,12.0,,2026-07-24T11:49:03.332230+08:00
2892,2018-01-12,-1043000,1414830,0,371830,7403.0,315.0,-253.0,2.0,,2026-07-24T11:49:03.332230+08:00
2892,2018-01-15,53000,1598585,-16000,1635585,7244.0,322.0,-159.0,7.0,,2026-07-24T11:49:03.332230+08:00
2892,2018-01-16,-300000,2432731,-101000,2031731,7271.0,314.0,27.0,-8.0,,2026-07-24T11:49:03.332230+08:00
2892,2018-01-17,-3260000,4973858,-19000,1694858,7563.0,318.0,292.0,4.0,,2026-07-24T11:49:03.332230+08:00
2892,2018-01-18,-576000,2750427,-1770000,404427,7597.0,307.0,34.0,-11.0,,2026-07-24T11:49:03.332230+08:00
2892,2018-01-19,-380000,1420579,0,1040579,7483.0,305.0,-114.0,-2.0,,2026-07-24T11:49:03.332230+08:00
2892,2018-01-22,-641000,-2357000,-1384000,-4382000,7391.0,295.0,-92.0,-10.0,,2026-07-24T11:49:03.332230+08:00
2892,2018-01-23,470000,-170428,0,299572,7278.0,295.0,-113.0,0.0,,2026-07-24T11:49:03.332230+08:00
2892,2018-01-24,-10000,-742000,-60000,-812000,6995.0,316.0,-283.0,21.0,,2026-07-24T11:49:03.332230+08:00
2892,2018-01-25,-48000,3630878,16000,3598878,7010.0,327.0,15.0,11.0,,2026-07-24T11:49:03.332230+08:00
2892,2018-01-26,-26000,3860760,-645000,3189760,6945.0,328.0,-65.0,1.0,,2026-07-24T11:49:03.332230+08:00
2892,2018-01-29,0,827746,0,827746,7066.0,303.0,121.0,-25.0,,2026-07-24T11:49:03.332230+08:00
2892,2018-01-30,-2391000,-3064116,0,-5455116,7137.0,277.0,71.0,-26.0,,2026-07-24T11:49:03.332230+08:00
2892,2018-01-31,425000,968527,-283000,1110527,7135.0,277.0,-2.0,0.0,,2026-07-24T11:49:03.332230+08:00
2892,2018-02-01,0,-465978,0,-465978,7128.0,278.0,-7.0,1.0,,2026-07-24T11:49:03.332230+08:00
2892,2018-02-02,-9000,-2486434,0,-2495434,7128.0,278.0,0.0,0.0,,2026-07-24T11:49:03.332230+08:00
2892,2018-02-05,10000,-2494214,-15000,-2499214,7124.0,326.0,-4.0,48.0,,2026-07-24T11:49:03.332230+08:00
2892,2018-02-06,3852000,-25698867,0,-21846867,6814.0,353.0,-310.0,27.0,,2026-07-24T11:49:03.332230+08:00
2892,2018-02-07,1449000,-7486174,52000,-5985174,6777.0,345.0,-37.0,-8.0,,2026-07-24T11:49:03.332230+08:00
2892,2018-02-08,305000,-6010109,5000,-5700109,6783.0,359.0,6.0,14.0,,2026-07-24T11:49:03.332230+08:00
2892,2018-02-09,772000,-13919375,0,-13147375,7546.0,368.0,763.0,9.0,,2026-07-24T11:49:03.332230+08:00
2892,2018-02-12,52000,-9001281,0,-8949281,7552.0,354.0,6.0,-14.0,,2026-07-24T11:49:03.332230+08:00
2892,2018-02-21,-24000,-449953,0,-473953,6987.0,358.0,-565.0,4.0,,2026-07-24T11:49:03.332230+08:00
2892,2018-02-22,47000,-5288118,-19000,-5260118,6975.0,347.0,-12.0,-11.0,,2026-07-24T11:49:03.332230+08:00
2892,2018-02-23,-90000,75872,0,-14128,6952.0,350.0,-23.0,3.0,,2026-07-24T11:49:03.332230+08:00
2892,2018-02-26,1000,1137021,6000,1144021,6676.0,358.0,-276.0,8.0,,2026-07-24T11:49:03.332230+08:00
2892,2018-02-27,87000,-869262,12000,-770262,6708.0,361.0,32.0,3.0,,2026-07-24T11:49:03.332230+08:00
2892,2018-03-01,7000,-5937541,0,-5930541,6771.0,361.0,63.0,0.0,,2026-07-24T11:49:03.332230+08:00
2892,2018-03-02,83000,-12526000,6000,-12437000,6768.0,351.0,-3.0,-10.0,,2026-07-24T11:49:03.332230+08:00
2892,2018-03-05,-43000,-5609730,-207000,-5859730,6738.0,350.0,-30.0,-1.0,,2026-07-24T11:49:03.332230+08:00
2892,2018-03-06,2000,-4154000,-13000,-4165000,6801.0,350.0,63.0,0.0,,2026-07-24T11:49:03.332230+08:00
2892,2018-03-07,7000,-2599400,0,-2592400,6748.0,355.0,-53.0,5.0,,2026-07-24T11:49:03.332230+08:00
2892,2018-03-08,0,-608260,0,-608260,6648.0,355.0,-100.0,0.0,,2026-07-24T11:49:03.332230+08:00
2892,2018-03-09,0,104968,1000,105968,6654.0,350.0,6.0,-5.0,,2026-07-24T11:49:03.332230+08:00
2892,2018-03-12,60000,2082140,6000,2148140,6701.0,352.0,47.0,2.0,,2026-07-24T11:49:03.332230+08:00
2892,2018-03-13,18000,5818944,-24000,5812944,6714.0,356.0,13.0,4.0,,2026-07-24T11:49:03.332230+08:00
2892,2018-03-14,515000,543155,0,1058155,6566.0,364.0,-148.0,8.0,,2026-07-24T11:49:03.332230+08:00
2892,2018-03-15,2000,-4199859,0,-4197859,6579.0,366.0,13.0,2.0,,2026-07-24T11:49:03.332230+08:00
2892,2018-03-16,-26000,3090567,-36000,3028567,6477.0,370.0,-102.0,4.0,,2026-07-24T11:49:03.332230+08:00
2892,2018-03-19,-6000,4625551,-28000,4591551,6445.0,371.0,-32.0,1.0,,2026-07-24T11:49:03.332230+08:00
2892,2018-03-20,-1234000,-184220,-38000,-1456220,6369.0,371.0,-76.0,0.0,,2026-07-24T11:49:03.332230+08:00
2892,2018-03-21,-202000,-3996076,0,-4198076,6290.0,370.0,-79.0,-1.0,,2026-07-24T11:49:03.332230+08:00
2892,2018-03-22,-391000,-1429000,0,-1820000,6340.0,370.0,50.0,0.0,,2026-07-24T11:49:03.332230+08:00
2892,2018-03-23,-5000,-65101,-27000,-97101,6317.0,366.0,-23.0,-4.0,,2026-07-24T11:49:03.332230+08:00
2892,2018-03-26,-717000,1838000,0,1121000,6312.0,366.0,-5.0,0.0,,2026-07-24T11:49:03.332230+08:00
2892,2018-03-27,-1533000,6634819,1094,5102913,6096.0,366.0,-216.0,0.0,,2026-07-24T11:49:03.332230+08:00
2892,2018-03-28,-1142000,5922882,0,4780882,5884.0,378.0,-212.0,12.0,,2026-07-24T11:49:03.332230+08:00
2892,2018-03-29,-606000,-397072,0,-1003072,5787.0,380.0,-97.0,2.0,,2026-07-24T11:49:03.332230+08:00
2892,2018-03-30,-676000,2670732,-13000,1981732,5738.0,381.0,-49.0,1.0,,2026-07-24T11:49:03.332230+08:00
2892,2018-03-31,-36000,-33000,-46000,-115000,5727.0,382.0,-11.0,1.0,,2026-07-24T11:49:03.332230+08:00
2892,2018-04-02,-687000,343037,-577000,-920963,5760.0,360.0,33.0,-22.0,,2026-07-24T11:49:03.332230+08:00
2892,2018-04-03,1000,-2614179,0,-2613179,5943.0,372.0,183.0,12.0,,2026-07-24T11:49:03.332230+08:00
2892,2018-04-09,-9000,-1100047,5000,-1104047,5996.0,213.0,53.0,-159.0,,2026-07-24T11:49:03.332230+08:00
2892,2018-04-10,145000,2426057,-11000,2560057,5967.0,211.0,-29.0,-2.0,,2026-07-24T11:49:03.332230+08:00
2892,2018-04-11,1024000,-726399,0,297601,5931.0,210.0,-36.0,-1.0,,2026-07-24T11:49:03.332230+08:00
2892,2018-04-12,-25000,583843,0,558843,5781.0,190.0,-150.0,-20.0,,2026-07-24T11:49:03.332230+08:00
2892,2018-04-13,-2000,-4932399,1038000,-3896399,5906.0,23.0,125.0,-167.0,,2026-07-24T11:49:03.332230+08:00
2892,2018-04-16,-537000,-732758,1076000,-193758,6206.0,0.0,300.0,-23.0,,2026-07-24T11:49:03.332230+08:00
2892,2018-04-17,469000,-3691033,903000,-2319033,6223.0,0.0,17.0,0.0,,2026-07-24T11:49:03.332230+08:00
2892,2018-04-18,-340000,-1262279,1030000,-572279,6280.0,0.0,57.0,0.0,,2026-07-24T11:49:03.332230+08:00
2892,2018-04-19,3000,6711392,458000,7172392,6215.0,0.0,-65.0,0.0,,2026-07-24T11:49:03.332230+08:00
2892,2018-04-20,94000,-808629,988000,273371,6290.0,8.0,75.0,8.0,,2026-07-24T11:49:03.332230+08:00
2892,2018-04-23,0,1706000,987000,2693000,6287.0,9.0,-3.0,1.0,,2026-07-24T11:49:03.332230+08:00
2892,2018-04-24,11000,1401392,-4000,1408392,6193.0,15.0,-94.0,6.0,,2026-07-24T11:49:03.332230+08:00
2892,2018-04-25,117000,751000,40000,908000,6095.0,15.0,-98.0,0.0,,2026-07-24T11:49:03.332230+08:00
2892,2018-04-26,44000,1022760,0,1066760,6118.0,18.0,23.0,3.0,,2026-07-24T11:49:03.332230+08:00
2892,2018-04-27,233000,1258032,-428000,1063032,6111.0,28.0,-7.0,10.0,,2026-07-24T11:49:03.332230+08:00
2892,2018-04-30,148000,91885,844000,1083885,5833.0,29.0,-278.0,1.0,,2026-07-24T11:49:03.332230+08:00
2892,2018-05-02,-24000,1574914,36907,1587821,5686.0,29.0,-147.0,0.0,,2026-07-24T11:49:03.332230+08:00
2892,2018-05-03,-500000,-1338205,-113000,-1951205,5776.0,28.0,90.0,-1.0,,2026-07-24T11:49:03.332230+08:00
2892,2018-05-04,-15000,-4447896,1039000,-3423896,5784.0,24.0,8.0,-4.0,,2026-07-24T11:49:03.332230+08:00
2892,2018-05-07,-5000,-1864692,0,-1869692,5778.0,23.0,-6.0,-1.0,,2026-07-24T11:49:03.332230+08:00
2892,2018-05-08,0,-1885600,0,-1885600,5774.0,25.0,-4.0,2.0,,2026-07-24T11:49:03.332230+08:00
2892,2018-05-09,200000,-3988725,0,-3788725,5781.0,25.0,7.0,0.0,,2026-07-24T11:49:03.332230+08:00
2892,2018-05-10,178000,547777,12000,737777,5767.0,25.0,-14.0,0.0,,2026-07-24T11:49:03.332230+08:00
2892,2018-05-11,6000,5313482,10000,5329482,5740.0,25.0,-27.0,0.0,,2026-07-24T11:49:03.332230+08:00
2892,2018-05-14,-201000,2980640,0,2779640,5745.0,30.0,5.0,5.0,,2026-07-24T11:49:03.332230+08:00
2892,2018-05-15,-200000,1629217,0,1429217,5782.0,33.0,37.0,3.0,,2026-07-24T11:49:03.332230+08:00
2892,2018-05-16,65000,-973375,-2000,-910375,5678.0,34.0,-104.0,1.0,,2026-07-24T11:49:03.332230+08:00
2892,2018-05-17,-62000,-616687,7000,-671687,5614.0,34.0,-64.0,0.0,,2026-07-24T11:49:03.332230+08:00
2892,2018-05-18,33000,3311901,-13000,3331901,5586.0,68.0,-28.0,34.0,,2026-07-24T11:49:03.332230+08:00
2892,2018-05-21,103000,-2445003,-16000,-2358003,5506.0,68.0,-80.0,0.0,,2026-07-24T11:49:03.332230+08:00
2892,2018-05-22,-308000,-1589000,0,-1897000,5412.0,54.0,-94.0,-14.0,,2026-07-24T11:49:03.332230+08:00
2892,2018-05-23,-103000,-3440483,31234,-3512249,5424.0,44.0,12.0,-10.0,,2026-07-24T11:49:03.332230+08:00
2892,2018-05-24,-60000,1043620,-4000,979620,5408.0,47.0,-16.0,3.0,,2026-07-24T11:49:03.332230+08:00
2892,2018-05-25,-41000,3504424,0,3463424,5406.0,47.0,-2.0,0.0,,2026-07-24T11:49:03.332230+08:00
2892,2018-05-28,55000,539000,0,594000,5417.0,51.0,11.0,4.0,,2026-07-24T11:49:03.332230+08:00
2892,2018-05-29,74000,169371,0,243371,5377.0,52.0,-40.0,1.0,,2026-07-24T11:49:03.332230+08:00
2892,2018-05-30,522000,-13261063,-19000,-12758063,5389.0,48.0,12.0,-4.0,,2026-07-24T11:49:03.332230+08:00
2892,2018-05-31,1408000,-19289380,107000,-17774380,5506.0,44.0,117.0,-4.0,,2026-07-24T11:49:03.332230+08:00
2892,2018-06-01,0,-989723,0,-989723,5428.0,22.0,-78.0,-22.0,,2026-07-24T11:49:03.332230+08:00
2892,2018-06-04,500000,-1407571,0,-907571,5412.0,21.0,-16.0,-1.0,,2026-07-24T11:49:03.332230+08:00
2892,2018-06-05,100000,1502180,-114000,1488180,5399.0,26.0,-13.0,5.0,,2026-07-24T11:49:03.332230+08:00
2892,2018-06-06,299000,4678043,0,4977043,5398.0,32.0,-1.0,6.0,,2026-07-24T11:49:03.332230+08:00
2892,2018-06-07,314000,7084355,0,7398355,5346.0,35.0,-52.0,3.0,,2026-07-24T11:49:03.332230+08:00
2892,2018-06-08,64000,-766289,-16000,-718289,5354.0,37.0,8.0,2.0,,2026-07-24T11:49:03.332230+08:00
2892,2018-06-11,-41000,802000,273000,1034000,5355.0,37.0,1.0,0.0,,2026-07-24T11:49:03.332230+08:00
2892,2018-06-12,50000,-2351218,-6000,-2307218,5453.0,37.0,98.0,0.0,,2026-07-24T11:49:03.332230+08:00
2892,2018-06-13,-8000,-2664665,-15000,-2687665,5414.0,35.0,-39.0,-2.0,,2026-07-24T11:49:03.332230+08:00
2892,2018-06-14,213000,-6909720,0,-6696720,5406.0,26.0,-8.0,-9.0,,2026-07-24T11:49:03.332230+08:00
2892,2018-06-15,223000,-5609065,-297000,-5683065,5407.0,28.0,1.0,2.0,,2026-07-24T11:49:03.332230+08:00
2892,2018-06-19,1028000,-14199992,216000,-12955992,5438.0,19.0,31.0,-9.0,,2026-07-24T11:49:03.332230+08:00
2892,2018-06-20,1246000,-491105,-40991,713904,5422.0,16.0,-16.0,-3.0,,2026-07-24T11:49:03.332230+08:00
2892,2018-06-21,-1000,-4064015,0,-4065015,5419.0,16.0,-3.0,0.0,,2026-07-24T11:49:03.332230+08:00
2892,2018-06-22,1000,-3470446,-11000,-3480446,5385.0,25.0,-34.0,9.0,,2026-07-24T11:49:03.332230+08:00
2892,2018-06-25,4000,-7967146,-31000,-7994146,5419.0,25.0,34.0,0.0,,2026-07-24T11:49:03.332230+08:00
2892,2018-06-26,49000,-6717075,0,-6668075,5482.0,27.0,63.0,2.0,,2026-07-24T11:49:03.332230+08:00
2892,2018-06-27,22000,-6378957,14000,-6342957,5464.0,27.0,-18.0,0.0,,2026-07-24T11:49:03.332230+08:00
2892,2018-06-28,31000,-4830846,0,-4799846,5481.0,53.0,17.0,26.0,,2026-07-24T11:49:03.332230+08:00
2892,2018-06-29,-20000,-124315,4000,-140315,5415.0,53.0,-66.0,0.0,,2026-07-24T11:49:03.332230+08:00
2892,2018-07-02,-242000,-7668002,6000,-7904002,5556.0,21.0,141.0,-32.0,,2026-07-24T11:49:03.332230+08:00
2892,2018-07-03,-24000,-5474000,6000,-5492000,5624.0,20.0,68.0,-1.0,,2026-07-24T11:49:03.332230+08:00
2892,2018-07-04,329000,218381,-15000,532381,5500.0,26.0,-124.0,6.0,,2026-07-24T11:49:03.332230+08:00
2892,2018-07-05,0,-2407892,12000,-2395892,5501.0,27.0,1.0,1.0,,2026-07-24T11:49:03.332230+08:00
2892,2018-07-06,-50000,-4184739,4000,-4230739,5501.0,28.0,0.0,1.0,,2026-07-24T11:49:03.332230+08:00
2892,2018-07-09,0,167153,0,167153,5449.0,29.0,-52.0,1.0,,2026-07-24T11:49:03.332230+08:00
2892,2018-07-10,-6000,361567,0,355567,5441.0,23.0,-8.0,-6.0,,2026-07-24T11:49:03.332230+08:00
2892,2018-07-11,-330000,-270534,-4000,-604534,5431.0,23.0,-10.0,0.0,,2026-07-24T11:49:03.332230+08:00
2892,2018-07-12,-1000,4520829,-12000,4507829,5392.0,22.0,-39.0,-1.0,,2026-07-24T11:49:03.332230+08:00
2892,2018-07-13,33000,1197982,0,1230982,5420.0,22.0,28.0,0.0,,2026-07-24T11:49:03.332230+08:00
2892,2018-07-16,39000,510000,0,549000,5419.0,22.0,-1.0,0.0,,2026-07-24T11:49:03.332230+08:00
2892,2018-07-17,-8000,1228454,-27000,1193454,5376.0,22.0,-43.0,0.0,,2026-07-24T11:49:03.332230+08:00
2892,2018-07-18,658000,3167152,0,3825152,5252.0,22.0,-124.0,0.0,,2026-07-24T11:49:03.332230+08:00
2892,2018-07-19,-150400,-1774480,1000,-1923880,5162.0,22.0,-90.0,0.0,,2026-07-24T11:49:03.332230+08:00
2892,2018-07-20,0,1965816,0,1965816,5153.0,11.0,-9.0,-11.0,,2026-07-24T11:49:03.332230+08:00
2892,2018-07-23,-5000,237600,0,232600,5178.0,11.0,25.0,0.0,,2026-07-24T11:49:03.332230+08:00
2892,2018-07-24,4000,-1708734,73000,-1631734,5128.0,16.0,-50.0,5.0,,2026-07-24T11:49:03.332230+08:00
2892,2018-07-25,0,-3924000,51000,-3873000,5129.0,15.0,1.0,-1.0,,2026-07-24T11:49:03.332230+08:00
2892,2018-07-26,0,-3213400,6000,-3207400,5227.0,15.0,98.0,0.0,,2026-07-24T11:49:03.332230+08:00
2892,2018-07-27,196000,-1064104,0,-868104,5348.0,20.0,121.0,5.0,,2026-07-24T11:49:03.332230+08:00
2892,2018-07-30,371000,-2880000,0,-2509000,5414.0,20.0,66.0,0.0,,2026-07-24T11:49:03.332230+08:00
2892,2018-07-31,720000,-1384985,2000,-662985,5507.0,16.0,93.0,-4.0,,2026-07-24T11:49:03.332230+08:00
2892,2018-08-01,500000,-1710740,44000,-1166740,5609.0,16.0,102.0,0.0,,2026-07-24T11:49:03.332230+08:00
2892,2018-08-02,703000,-3382652,-31000,-2710652,5523.0,17.0,-86.0,1.0,,2026-07-24T11:49:03.332230+08:00
2892,2018-08-03,1015000,-772236,-45000,197764,5660.0,13.0,137.0,-4.0,,2026-07-24T11:49:03.332230+08:00
2892,2018-08-06,1049000,1768810,0,2817810,5778.0,0.0,118.0,-13.0,,2026-07-24T11:49:03.332230+08:00
2892,2018-08-07,1600000,-4373156,0,-2773156,5928.0,0.0,150.0,0.0,,2026-07-24T11:49:03.332230+08:00
2892,2018-08-08,2134000,1381677,-16000,3499677,6293.0,0.0,365.0,0.0,,2026-07-24T11:49:03.332230+08:00
2892,2018-08-09,6982446,-2734000,-280000,3968446,9755.0,0.0,3462.0,0.0,,2026-07-24T11:49:03.332230+08:00
2892,2018-08-10,-4627000,4827040,0,200040,8571.0,45.0,-1184.0,45.0,,2026-07-24T11:49:03.332230+08:00
2892,2018-08-13,-743000,577438,-11000,-176562,7761.0,57.0,-810.0,12.0,,2026-07-24T11:49:03.332230+08:00
2892,2018-08-14,0,-4441085,-3000,-4444085,7684.0,57.0,-77.0,0.0,,2026-07-24T11:49:03.332230+08:00
2892,2018-08-15,-38000,-4723238,32000,-4729238,7482.0,52.0,-202.0,-5.0,,2026-07-24T11:49:03.332230+08:00
2892,2018-08-16,-38000,-1166177,0,-1204177,7414.0,55.0,-68.0,3.0,,2026-07-24T11:49:03.332230+08:00
2892,2018-08-17,-8240,-612052,0,-620292,7429.0,55.0,15.0,0.0,,2026-07-24T11:49:03.332230+08:00
2892,2018-08-20,-50000,-1976480,5000,-2021480,7425.0,53.0,-4.0,-2.0,,2026-07-24T11:49:03.332230+08:00
2892,2018-08-21,525000,1922628,9000,2456628,5399.0,55.0,-2026.0,2.0,,2026-07-24T11:49:03.332230+08:00
2892,2018-08-22,-1891000,5617713,-8000,3718713,5484.0,61.0,85.0,6.0,,2026-07-24T11:49:03.332230+08:00
2892,2018-08-23,-2962000,3335000,0,373000,5492.0,51.0,8.0,-10.0,,2026-07-24T11:49:03.332230+08:00
2892,2018-08-24,-1403000,-513000,0,-1916000,5358.0,52.0,-134.0,1.0,,2026-07-24T11:49:03.332230+08:00
2892,2018-08-27,-1675000,75264,0,-1599736,5368.0,84.0,10.0,32.0,,2026-07-24T11:49:03.332230+08:00
2892,2018-08-28,-1860000,3640360,0,1780360,5411.0,83.0,43.0,-1.0,,2026-07-24T11:49:03.332230+08:00
2892,2018-08-29,-2033000,3713374,186000,1866374,5307.0,83.0,-104.0,0.0,,2026-07-24T11:49:03.332230+08:00
2892,2018-08-30,-103000,594120,0,491120,5497.0,83.0,190.0,0.0,,2026-07-24T11:49:03.332230+08:00
2892,2018-08-31,0,4244935,-783000,3461935,5503.0,83.0,6.0,0.0,,2026-07-24T11:49:03.332230+08:00
2892,2018-09-03,-109000,730470,0,621470,5616.0,84.0,113.0,1.0,,2026-07-24T11:49:03.332230+08:00
2892,2018-09-04,0,119027,0,119027,5679.0,78.0,63.0,-6.0,,2026-07-24T11:49:03.332230+08:00
2892,2018-09-05,-673000,-3406407,0,-4079407,5681.0,75.0,2.0,-3.0,,2026-07-24T11:49:03.332230+08:00
2892,2018-09-06,-10000,2234658,-10000,2214658,5635.0,75.0,-46.0,0.0,,2026-07-24T11:49:03.332230+08:00
2892,2018-09-07,0,2254939,2052,2256991,5628.0,76.0,-7.0,1.0,,2026-07-24T11:49:03.332230+08:00
2892,2018-09-10,-17000,-477822,0,-494822,5859.0,84.0,231.0,8.0,,2026-07-24T11:49:03.332230+08:00
2892,2018-09-11,234000,-238610,2783000,2778390,5899.0,85.0,40.0,1.0,,2026-07-24T11:49:03.332230+08:00
2892,2018-09-12,767000,1599444,2821000,5187444,5902.0,88.0,3.0,3.0,,2026-07-24T11:49:03.332230+08:00
2892,2018-09-13,0,6152888,2557000,8709888,5878.0,89.0,-24.0,1.0,,2026-07-24T11:49:03.332230+08:00
2892,2018-09-14,-455000,3108660,75000,2728660,5821.0,86.0,-57.0,-3.0,,2026-07-24T11:49:03.332230+08:00
2892,2018-09-17,-893000,-967917,8000,-1852917,5791.0,85.0,-30.0,-1.0,,2026-07-24T11:49:03.332230+08:00
2892,2018-09-18,-1200000,3512030,679000,2991030,5783.0,87.0,-8.0,2.0,,2026-07-24T11:49:03.332230+08:00
2892,2018-09-19,-1066000,3482930,0,2416930,5741.0,82.0,-42.0,-5.0,,2026-07-24T11:49:03.332230+08:00
2892,2018-09-20,-513580,1368145,14000,868565,5883.0,73.0,142.0,-9.0,,2026-07-24T11:49:03.332230+08:00
2892,2018-09-21,-626980,5728833,-11000,5090853,5840.0,73.0,-43.0,0.0,,2026-07-24T11:49:03.332230+08:00
2892,2018-09-25,-13000,-1754,12000,-2754,5959.0,77.0,119.0,4.0,,2026-07-24T11:49:03.332230+08:00
2892,2018-09-26,-359000,1842881,1412000,2895881,5827.0,73.0,-132.0,-4.0,,2026-07-24T11:49:03.332230+08:00
2892,2018-09-27,79000,5476710,0,5555710,5866.0,83.0,39.0,10.0,,2026-07-24T11:49:03.332230+08:00
2892,2018-09-28,-96000,128556,6000,38556,5885.0,83.0,19.0,0.0,,2026-07-24T11:49:03.332230+08:00
2892,2018-10-01,-48000,-5666,121000,67334,5856.0,84.0,-29.0,1.0,,2026-07-24T11:49:03.332230+08:00
2892,2018-10-02,-187000,-8416198,-600140,-9203338,5780.0,78.0,-76.0,-6.0,,2026-07-24T11:49:03.332230+08:00
2892,2018-10-03,-166000,807434,7000,648434,5858.0,77.0,78.0,-1.0,,2026-07-24T11:49:03.332230+08:00
2892,2018-10-04,-100000,-3142804,7000,-3235804,5785.0,73.0,-73.0,-4.0,,2026-07-24T11:49:03.332230+08:00
2892,2018-10-05,-63000,412361,3568140,3917501,5850.0,72.0,65.0,-1.0,,2026-07-24T11:49:03.332230+08:00
2892,2018-10-08,1075000,-1662770,1280000,692230,5796.0,81.0,-54.0,9.0,,2026-07-24T11:49:03.332230+08:00
2892,2018-10-09,1584000,-1257310,1837000,2163690,5707.0,80.0,-89.0,-1.0,,2026-07-24T11:49:03.332230+08:00
2892,2018-10-11,-3053000,-19575745,5985000,-16643745,5578.0,191.0,-129.0,111.0,,2026-07-24T11:49:03.332230+08:00
2892,2018-10-12,849000,-6431525,0,-5582525,5612.0,180.0,34.0,-11.0,,2026-07-24T11:49:03.332230+08:00
2892,2018-10-15,-461000,-12753922,0,-13214922,5915.0,152.0,303.0,-28.0,,2026-07-24T11:49:03.332230+08:00
2892,2018-10-16,-838494,-7527236,13000,-8352730,5784.0,139.0,-131.0,-13.0,,2026-07-24T11:49:03.332230+08:00
2892,2018-10-17,-138000,-5108006,235000,-5011006,5832.0,137.0,48.0,-2.0,,2026-07-24T11:49:03.332230+08:00
2892,2018-10-18,-5000,-697010,7000,-695010,5756.0,186.0,-76.0,49.0,,2026-07-24T11:49:03.332230+08:00
2892,2018-10-19,-78000,3457890,7000,3386890,5785.0,254.0,29.0,68.0,,2026-07-24T11:49:03.332230+08:00
2892,2018-10-22,-39000,92469,6000,59469,5817.0,228.0,32.0,-26.0,,2026-07-24T11:49:03.332230+08:00
2892,2018-10-23,-4000,-6204978,-4000,-6212978,5778.0,181.0,-39.0,-47.0,,2026-07-24T11:49:03.332230+08:00
2892,2018-10-24,-25000,-1989954,6000,-2008954,5778.0,174.0,0.0,-7.0,,2026-07-24T11:49:03.332230+08:00
2892,2018-10-25,44000,2639105,3664000,6347105,5861.0,253.0,83.0,79.0,,2026-07-24T11:49:03.332230+08:00
2892,2018-10-26,-87000,816393,88000,817393,5576.0,279.0,-285.0,26.0,,2026-07-24T11:49:03.332230+08:00
2892,2018-10-29,108000,-742646,2000,-632646,5543.0,340.0,-33.0,61.0,,2026-07-24T11:49:03.332230+08:00
2892,2018-10-30,74000,-2890035,-321000,-3137035,5761.0,343.0,218.0,3.0,,2026-07-24T11:49:03.332230+08:00
2892,2018-10-31,242000,-3446184,12000,-3192184,5738.0,222.0,-23.0,-121.0,,2026-07-24T11:49:03.332230+08:00
2892,2018-11-01,369000,-3770267,-1850000,-5251267,5728.0,205.0,-10.0,-17.0,,2026-07-24T11:49:03.332230+08:00
2892,2018-11-02,192000,1388000,3417,1583417,5584.0,206.0,-144.0,1.0,,2026-07-24T11:49:03.332230+08:00
2892,2018-11-05,-369000,292000,23000,-54000,5520.0,205.0,-64.0,-1.0,,2026-07-24T11:49:03.332230+08:00
2892,2018-11-06,-22000,1307002,22000,1307002,5633.0,213.0,113.0,8.0,,2026-07-24T11:49:03.332230+08:00
2892,2018-11-07,-2208382,4836605,70000,2698223,5597.0,218.0,-36.0,5.0,,2026-07-24T11:49:03.332230+08:00
2892,2018-11-08,265000,5043044,4856000,10164044,5525.0,209.0,-72.0,-9.0,,2026-07-24T11:49:03.332230+08:00
2892,2018-11-09,-155000,-1599000,5030000,3276000,5669.0,161.0,144.0,-48.0,,2026-07-24T11:49:03.332230+08:00
2892,2018-11-12,-43000,1054123,1650000,2661123,5436.0,167.0,-233.0,6.0,,2026-07-24T11:49:03.332230+08:00
2892,2018-11-13,243000,2451804,0,2694804,5434.0,180.0,-2.0,13.0,,2026-07-24T11:49:03.332230+08:00
2892,2018-11-14,-686000,4879231,7000,4200231,5369.0,188.0,-65.0,8.0,,2026-07-24T11:49:03.332230+08:00
2892,2018-11-15,-585000,1754000,619000,1788000,5347.0,193.0,-22.0,5.0,,2026-07-24T11:49:03.332230+08:00
2892,2018-11-16,15000,7216231,460000,7691231,5230.0,248.0,-117.0,55.0,,2026-07-24T11:49:03.332230+08:00
2892,2018-11-19,-885000,4478292,992000,4585292,5105.0,270.0,-125.0,22.0,,2026-07-24T11:49:03.332230+08:00
2892,2018-11-20,-811000,3513712,1028000,3730712,5072.0,277.0,-33.0,7.0,,2026-07-24T11:49:03.332230+08:00
2892,2018-11-21,301000,3106309,603000,4010309,4953.0,245.0,-119.0,-32.0,,2026-07-24T11:49:03.332230+08:00
2892,2018-11-22,82000,3128847,-887000,2323847,4936.0,265.0,-17.0,20.0,,2026-07-24T11:49:03.332230+08:00
2892,2018-11-23,41000,2635000,1424000,4100000,4893.0,266.0,-43.0,1.0,,2026-07-24T11:49:03.332230+08:00
2892,2018-11-26,20000,1560894,864000,2444894,4851.0,271.0,-42.0,5.0,,2026-07-24T11:49:03.332230+08:00
2892,2018-11-27,-178000,444880,0,266880,4860.0,245.0,9.0,-26.0,,2026-07-24T11:49:03.332230+08:00
2892,2018-11-28,629000,173626,-78000,724626,4899.0,237.0,39.0,-8.0,,2026-07-24T11:49:03.332230+08:00
2892,2018-11-29,66000,1424345,46000,1536345,4907.0,279.0,8.0,42.0,,2026-07-24T11:49:03.332230+08:00
2892,2018-11-30,516000,2909747,-1548000,1877747,5206.0,221.0,299.0,-58.0,,2026-07-24T11:49:03.332230+08:00
2892,2018-12-03,164000,-11476719,-3751000,-15063719,5293.0,202.0,87.0,-19.0,,2026-07-24T11:49:03.332230+08:00
2892,2018-12-04,-17000,-3661250,-652000,-4330250,5273.0,183.0,-20.0,-19.0,,2026-07-24T11:49:03.332230+08:00
2892,2018-12-05,-561000,-4217288,-311000,-5089288,5231.0,186.0,-42.0,3.0,,2026-07-24T11:49:03.332230+08:00
2892,2018-12-06,-558000,-7896819,23000,-8431819,5147.0,185.0,-84.0,-1.0,,2026-07-24T11:49:03.332230+08:00
2892,2018-12-07,284000,-4968648,46000,-4638648,5134.0,204.0,-13.0,19.0,,2026-07-24T11:49:03.332230+08:00
2892,2018-12-10,25000,-5530160,0,-5505160,5151.0,216.0,17.0,12.0,,2026-07-24T11:49:03.332230+08:00
2892,2018-12-11,126000,-2939608,-379000,-3192608,5156.0,197.0,5.0,-19.0,,2026-07-24T11:49:03.332230+08:00
2892,2018-12-12,370000,-2024033,-6000,-1660033,5182.0,194.0,26.0,-3.0,,2026-07-24T11:49:03.332230+08:00
2892,2018-12-13,95000,-455847,-8000,-368847,5165.0,189.0,-17.0,-5.0,,2026-07-24T11:49:03.332230+08:00
2892,2018-12-14,-608000,-2332335,14000,-2926335,5161.0,176.0,-4.0,-13.0,,2026-07-24T11:49:03.332230+08:00
2892,2018-12-17,0,-242716,0,-242716,5178.0,176.0,17.0,0.0,,2026-07-24T11:49:03.332230+08:00
2892,2018-12-18,150000,-5702355,0,-5552355,5113.0,176.0,-65.0,0.0,,2026-07-24T11:49:03.332230+08:00
2892,2018-12-19,36000,-62844,0,-26844,5068.0,171.0,-45.0,-5.0,,2026-07-24T11:49:03.332230+08:00
2892,2018-12-20,-145000,1482946,-436000,901946,5021.0,175.0,-47.0,4.0,,2026-07-24T11:49:03.332230+08:00
2892,2018-12-21,2000,-2313597,-897000,-3208597,5025.0,174.0,4.0,-1.0,,2026-07-24T11:49:03.332230+08:00
2892,2018-12-22,-64000,-305000,-765000,-1134000,5052.0,170.0,27.0,-4.0,,2026-07-24T11:49:03.332230+08:00
2892,2018-12-24,3000,774308,-449000,328308,4975.0,170.0,-77.0,0.0,,2026-07-24T11:49:03.332230+08:00
2892,2018-12-25,-469000,-1699000,-6623,-2174623,4930.0,166.0,-45.0,-4.0,,2026-07-24T11:49:03.332230+08:00
2892,2018-12-26,-431000,-387000,0,-818000,4909.0,165.0,-21.0,-1.0,,2026-07-24T11:49:03.332230+08:00
2892,2018-12-27,1000,2072268,0,2073268,4876.0,190.0,-33.0,25.0,,2026-07-24T11:49:03.332230+08:00
2892,2018-12-28,57000,3742209,0,3799209,4867.0,194.0,-9.0,4.0,,2026-07-24T11:49:03.332230+08:00
2892,2019-01-02,-337000,-3458000,23000,-3772000,4897.0,185.0,30.0,-9.0,,2026-07-24T11:49:03.332230+08:00
2892,2019-01-03,443000,131398,0,574398,4879.0,188.0,-18.0,3.0,,2026-07-24T11:49:03.332230+08:00
2892,2019-01-04,879000,-1657802,12000,-766802,4857.0,228.0,-22.0,40.0,,2026-07-24T11:49:03.332230+08:00
2892,2019-01-07,363000,1973990,0,2336990,4702.0,229.0,-155.0,1.0,,2026-07-24T11:49:03.332230+08:00
2892,2019-01-08,375000,222865,0,597865,4721.0,231.0,19.0,2.0,,2026-07-24T11:49:03.332230+08:00
2892,2019-01-09,1044000,10233548,0,11277548,4603.0,224.0,-118.0,-7.0,,2026-07-24T11:49:03.332230+08:00
2892,2019-01-10,-10000,6246364,-716000,5520364,4594.0,228.0,-9.0,4.0,,2026-07-24T11:49:03.332230+08:00
2892,2019-01-11,0,4428275,164000,4592275,4592.0,228.0,-2.0,0.0,,2026-07-24T11:49:03.332230+08:00
2892,2019-01-14,400000,1850845,-2000000,250845,4539.0,228.0,-53.0,0.0,,2026-07-24T11:49:03.332230+08:00
2892,2019-01-15,369000,2083168,-5925000,-3472832,4600.0,530.0,61.0,302.0,,2026-07-24T11:49:03.332230+08:00
2892,2019-01-16,149000,-1076873,-570870,-1498743,4639.0,525.0,39.0,-5.0,,2026-07-24T11:49:03.332230+08:00
2892,2019-01-17,144000,-2544000,0,-2400000,4615.0,510.0,-24.0,-15.0,,2026-07-24T11:49:03.332230+08:00
2892,2019-01-18,-3000,5675269,0,5672269,4525.0,467.0,-90.0,-43.0,,2026-07-24T11:49:03.332230+08:00
2892,2019-01-21,130000,4185000,-972000,3343000,4516.0,223.0,-9.0,-244.0,,2026-07-24T11:49:03.332230+08:00
2892,2019-01-22,0,4027000,-896000,3131000,4490.0,231.0,-26.0,8.0,,2026-07-24T11:49:03.332230+08:00
2892,2019-01-23,-7000,-2636045,-36000,-2679045,4515.0,220.0,25.0,-11.0,,2026-07-24T11:49:03.332230+08:00
2892,2019-01-24,0,820009,-793000,27009,4499.0,217.0,-16.0,-3.0,,2026-07-24T11:49:03.332230+08:00
2892,2019-01-25,2000,2460128,0,2462128,4514.0,217.0,15.0,0.0,,2026-07-24T11:49:03.332230+08:00
2892,2019-01-28,-3000,-192917,0,-195917,4467.0,210.0,-47.0,-7.0,,2026-07-24T11:49:03.332230+08:00
2892,2019-01-29,-5000,630734,0,625734,4437.0,210.0,-30.0,0.0,,2026-07-24T11:49:03.332230+08:00
2892,2019-01-30,-52000,2639757,0,2587757,4175.0,209.0,-262.0,-1.0,,2026-07-24T11:49:03.332230+08:00
2892,2019-02-11,-950,-273531,10000,-264481,4067.0,209.0,-108.0,0.0,,2026-07-24T11:49:03.332230+08:00
2892,2019-02-12,2254000,1189328,0,3443328,4058.0,207.0,-9.0,-2.0,,2026-07-24T11:49:03.332230+08:00
2892,2019-02-13,2289000,-8724849,5000,-6430849,4027.0,201.0,-31.0,-6.0,,2026-07-24T11:49:03.332230+08:00
2892,2019-02-14,4052000,-2744030,0,1307970,4003.0,202.0,-24.0,1.0,,2026-07-24T11:49:03.332230+08:00
2892,2019-02-15,2300000,-5480754,0,-3180754,3984.0,201.0,-19.0,-1.0,,2026-07-24T11:49:03.332230+08:00
2892,2019-02-18,2101000,1077000,0,3178000,3973.0,205.0,-11.0,4.0,,2026-07-24T11:49:03.332230+08:00
2892,2019-02-19,784000,-189000,-43000,552000,3958.0,205.0,-15.0,0.0,,2026-07-24T11:49:03.332230+08:00
2892,2019-02-20,100000,-764323,-1143000,-1807323,3880.0,204.0,-78.0,-1.0,,2026-07-24T11:49:03.332230+08:00
2892,2019-02-21,601000,569366,-43000,1127366,3847.0,204.0,-33.0,0.0,,2026-07-24T11:49:03.332230+08:00
2892,2019-02-22,-78000,4524212,-65000,4381212,3751.0,204.0,-96.0,0.0,,2026-07-24T11:49:03.332230+08:00
2892,2019-02-25,150000,-1350000,-56000,-1256000,3697.0,198.0,-54.0,-6.0,,2026-07-24T11:49:03.332230+08:00
2892,2019-02-26,0,-199335,-695000,-894335,3805.0,199.0,108.0,1.0,,2026-07-24T11:49:03.332230+08:00
2892,2019-02-27,72000,1085370,-149000,1008370,3795.0,197.0,-10.0,-2.0,,2026-07-24T11:49:03.332230+08:00
2892,2019-03-04,-109000,2025646,-650000,1266646,3760.0,195.0,-35.0,-2.0,,2026-07-24T11:49:03.332230+08:00
2892,2019-03-05,-115000,-4416161,-22000,-4553161,3780.0,195.0,20.0,0.0,,2026-07-24T11:49:03.332230+08:00
2892,2019-03-06,-467000,640875,0,173875,3726.0,193.0,-54.0,-2.0,,2026-07-24T11:49:03.332230+08:00
2892,2019-03-07,-56000,-2207560,-22000,-2285560,3620.0,191.0,-106.0,-2.0,,2026-07-24T11:49:03.332230+08:00
2892,2019-03-08,42000,-4703830,0,-4661830,3609.0,191.0,-11.0,0.0,,2026-07-24T11:49:03.332230+08:00
2892,2019-03-11,-39000,-3554832,0,-3593832,3595.0,166.0,-14.0,-25.0,,2026-07-24T11:49:03.332230+08:00
2892,2019-03-12,3000,3704760,-21000,3686760,3575.0,169.0,-20.0,3.0,,2026-07-24T11:49:03.332230+08:00
2892,2019-03-13,0,61139,-812000,-750861,3587.0,167.0,12.0,-2.0,,2026-07-24T11:49:03.332230+08:00
2892,2019-03-14,-2000,479254,-393000,84254,3458.0,172.0,-129.0,5.0,,2026-07-24T11:49:03.332230+08:00
2892,2019-03-15,20000,-1202871,-5935000,-7117871,3449.0,172.0,-9.0,0.0,,2026-07-24T11:49:03.332230+08:00
2892,2019-03-18,-11000,2140557,-170,2129387,3420.0,178.0,-29.0,6.0,,2026-07-24T11:49:03.332230+08:00
2892,2019-03-19,30000,294235,0,324235,3445.0,175.0,25.0,-3.0,,2026-07-24T11:49:03.332230+08:00
2892,2019-03-20,50000,2205377,0,2255377,3391.0,177.0,-54.0,2.0,,2026-07-24T11:49:03.332230+08:00
2892,2019-03-21,0,998918,0,998918,3300.0,182.0,-91.0,5.0,,2026-07-24T11:49:03.332230+08:00
2892,2019-03-22,20000,315510,0,335510,3270.0,179.0,-30.0,-3.0,,2026-07-24T11:49:03.332230+08:00
2892,2019-03-25,-47000,-1148888,-27000,-1222888,3153.0,167.0,-117.0,-12.0,,2026-07-24T11:49:03.332230+08:00
2892,2019-03-26,0,5966147,0,5966147,2989.0,164.0,-164.0,-3.0,,2026-07-24T11:49:03.332230+08:00
2892,2019-03-27,-67000,-2005827,-7000,-2079827,3008.0,159.0,19.0,-5.0,,2026-07-24T11:49:03.332230+08:00
2892,2019-03-28,50000,-1748000,-22000,-1720000,3022.0,156.0,14.0,-3.0,,2026-07-24T11:49:03.332230+08:00
2892,2019-03-29,-4000,701350,0,697350,3032.0,153.0,10.0,-3.0,,2026-07-24T11:49:03.332230+08:00
2892,2019-04-01,30000,-128916,-70,-98986,3023.0,143.0,-9.0,-10.0,,2026-07-24T11:49:03.332230+08:00
2892,2019-04-02,60000,548094,-650000,-41906,2919.0,100.0,-104.0,-43.0,,2026-07-24T11:49:03.332230+08:00
2892,2019-04-03,186000,7012000,0,7198000,2722.0,96.0,-197.0,-4.0,,2026-07-24T11:49:03.332230+08:00
2892,2019-04-08,30000,-572000,0,-542000,2726.0,81.0,4.0,-15.0,,2026-07-24T11:49:03.332230+08:00
2892,2019-04-09,544000,4589000,-30000,5103000,2732.0,60.0,6.0,-21.0,,2026-07-24T11:49:03.332230+08:00
2892,2019-04-10,1033000,1248536,0,2281536,2729.0,55.0,-3.0,-5.0,,2026-07-24T11:49:03.332230+08:00
2892,2019-04-11,1000,-1325000,-517000,-1841000,2728.0,53.0,-1.0,-2.0,,2026-07-24T11:49:03.332230+08:00
2892,2019-04-12,0,848000,-1346000,-498000,2724.0,29.0,-4.0,-24.0,,2026-07-24T11:49:03.332230+08:00
2892,2019-04-15,-13000,3101345,-1300000,1788345,2733.0,0.0,9.0,-29.0,,2026-07-24T11:49:03.332230+08:00
2892,2019-04-16,-1000,1222841,-500000,721841,2718.0,0.0,-15.0,0.0,,2026-07-24T11:49:03.332230+08:00
2892,2019-04-17,0,3922640,-1002000,2920640,2753.0,0.0,35.0,0.0,,2026-07-24T11:49:03.332230+08:00
2892,2019-04-18,-355000,-1779750,-1533000,-3667750,2742.0,0.0,-11.0,0.0,,2026-07-24T11:49:03.332230+08:00
2892,2019-04-19,-59000,10609242,-1522000,9028242,2726.0,112.0,-16.0,112.0,,2026-07-24T11:49:03.332230+08:00
2892,2019-04-22,-35000,-1243000,465,-1277535,2707.0,109.0,-19.0,-3.0,,2026-07-24T11:49:03.332230+08:00
2892,2019-04-23,0,1487420,0,1487420,2706.0,109.0,-1.0,0.0,,2026-07-24T11:49:03.332230+08:00
2892,2019-04-24,-358000,4311000,-1012000,2941000,2688.0,113.0,-18.0,4.0,,2026-07-24T11:49:03.332230+08:00
2892,2019-04-25,52596,1984192,0,2036788,2692.0,113.0,4.0,0.0,,2026-07-24T11:49:03.332230+08:00
2892,2019-04-26,-53000,3466042,0,3413042,2636.0,113.0,-56.0,0.0,,2026-07-24T11:49:03.332230+08:00
2892,2019-04-29,144000,5908688,-10000,6042688,2634.0,121.0,-2.0,8.0,,2026-07-24T11:49:03.332230+08:00
2892,2019-04-30,0,2361012,-5000,2356012,2605.0,125.0,-29.0,4.0,,2026-07-24T11:49:03.332230+08:00
2892,2019-05-02,6333000,-6246579,0,86421,2682.0,127.0,77.0,2.0,,2026-07-24T11:49:03.332230+08:00
2892,2019-05-03,2346000,-2100000,0,246000,2616.0,131.0,-66.0,4.0,,2026-07-24T11:49:03.332230+08:00
2892,2019-05-06,-97000,197942,0,100942,2638.0,138.0,22.0,7.0,,2026-07-24T11:49:03.332230+08:00
2892,2019-05-07,729000,1770826,0,2499826,2620.0,142.0,-18.0,4.0,,2026-07-24T11:49:03.332230+08:00
2892,2019-05-08,672000,-699470,89000,61530,2560.0,152.0,-60.0,10.0,,2026-07-24T11:49:03.332230+08:00
2892,2019-05-09,1374000,-4985615,0,-3611615,2522.0,140.0,-38.0,-12.0,,2026-07-24T11:49:03.332230+08:00
2892,2019-05-10,83000,-2221216,417000,-1721216,2353.0,138.0,-169.0,-2.0,,2026-07-24T11:49:03.332230+08:00
2892,2019-05-13,196000,-1813864,433000,-1184864,2315.0,135.0,-38.0,-3.0,,2026-07-24T11:49:03.332230+08:00
2892,2019-05-14,1054000,-2763710,1300000,-409710,2294.0,139.0,-21.0,4.0,,2026-07-24T11:49:03.332230+08:00
2892,2019-05-15,-23000,-1494086,-8000,-1525086,2271.0,155.0,-23.0,16.0,,2026-07-24T11:49:03.332230+08:00
2892,2019-05-16,7000,-954810,14000,-933810,2271.0,144.0,0.0,-11.0,,2026-07-24T11:49:03.332230+08:00
2892,2019-05-17,-39000,-239147,1205000,926853,2270.0,144.0,-1.0,0.0,,2026-07-24T11:49:03.332230+08:00
2892,2019-05-20,1160000,1508420,3466000,6134420,2312.0,167.0,42.0,23.0,,2026-07-24T11:49:03.332230+08:00
2892,2019-05-21,213000,11253068,1594000,13060068,2361.0,168.0,49.0,1.0,,2026-07-24T11:49:03.332230+08:00
2892,2019-05-22,337000,-6638574,33000,-6268574,2423.0,166.0,62.0,-2.0,,2026-07-24T11:49:03.332230+08:00
2892,2019-05-23,22000,-2992928,1230000,-1740928,2427.0,167.0,4.0,1.0,,2026-07-24T11:49:03.332230+08:00
2892,2019-05-24,11000,3897398,782000,4690398,2355.0,168.0,-72.0,1.0,,2026-07-24T11:49:03.332230+08:00
2892,2019-05-27,0,2436000,376000,2812000,2463.0,168.0,108.0,0.0,,2026-07-24T11:49:03.332230+08:00
2892,2019-05-28,-52000,139985,15000,102985,2386.0,168.0,-77.0,0.0,,2026-07-24T11:49:03.332230+08:00
2892,2019-05-29,-70000,5261951,154000,5345951,2424.0,168.0,38.0,0.0,,2026-07-24T11:49:03.332230+08:00
2892,2019-05-30,40000,4646000,0,4686000,2363.0,169.0,-61.0,1.0,,2026-07-24T11:49:03.332230+08:00
2892,2019-05-31,-115000,2649197,73000,2607197,2676.0,204.0,313.0,35.0,,2026-07-24T11:49:03.332230+08:00
2892,2019-06-03,-135000,636990,0,501990,2539.0,190.0,-137.0,-14.0,,2026-07-24T11:49:03.332230+08:00
2892,2019-06-04,-10000,3459260,-62000,3387260,2653.0,209.0,114.0,19.0,,2026-07-24T11:49:03.332230+08:00
2892,2019-06-05,-84000,578000,0,494000,2477.0,192.0,-176.0,-17.0,,2026-07-24T11:49:03.332230+08:00
2892,2019-06-06,46000,10112000,0,10158000,2483.0,199.0,6.0,7.0,,2026-07-24T11:49:03.332230+08:00
2892,2019-06-10,546000,4777265,0,5323265,2424.0,199.0,-59.0,0.0,,2026-07-24T11:49:03.332230+08:00
2892,2019-06-11,81000,-3308006,0,-3227006,2384.0,179.0,-40.0,-20.0,,2026-07-24T11:49:03.332230+08:00
2892,2019-06-12,-590000,176310,-560058,-973748,2453.0,189.0,69.0,10.0,,2026-07-24T11:49:03.332230+08:00
2892,2019-06-13,-5000,2929242,234221,3158463,2385.0,196.0,-68.0,7.0,,2026-07-24T11:49:03.332230+08:00
2892,2019-06-14,13000,2339565,-522000,1830565,2373.0,196.0,-12.0,0.0,,2026-07-24T11:49:03.332230+08:00
2892,2019-06-17,117000,309277,-45179,381098,2342.0,193.0,-31.0,-3.0,,2026-07-24T11:49:03.332230+08:00
2892,2019-06-18,5000,3447690,60000,3512690,2351.0,197.0,9.0,4.0,,2026-07-24T11:49:03.332230+08:00
2892,2019-06-19,1654000,16178009,179000,18011009,2237.0,197.0,-114.0,0.0,,2026-07-24T11:49:03.332230+08:00
2892,2019-06-20,149000,1907459,50000,2106459,2239.0,194.0,2.0,-3.0,,2026-07-24T11:49:03.332230+08:00
2892,2019-06-21,8000,629640,-362000,275640,2160.0,190.0,-79.0,-4.0,,2026-07-24T11:49:03.332230+08:00
2892,2019-06-24,-42000,5730435,8746,5697181,2158.0,190.0,-2.0,0.0,,2026-07-24T11:49:03.332230+08:00
2892,2019-06-25,0,1106365,0,1106365,2144.0,189.0,-14.0,-1.0,,2026-07-24T11:49:03.332230+08:00
2892,2019-06-26,103000,1803872,69000,1975872,2126.0,188.0,-18.0,-1.0,,2026-07-24T11:49:03.332230+08:00
2892,2019-06-27,0,5986000,-275000,5711000,2139.0,186.0,13.0,-2.0,,2026-07-24T11:49:03.332230+08:00
2892,2019-06-28,0,1797247,-2000,1795247,2126.0,185.0,-13.0,-1.0,,2026-07-24T11:49:03.332230+08:00
2892,2019-07-01,2000,-2555524,4000,-2549524,2126.0,194.0,0.0,9.0,,2026-07-24T11:49:03.332230+08:00
2892,2019-07-02,-103000,-1710700,0,-1813700,2071.0,192.0,-55.0,-2.0,,2026-07-24T11:49:03.332230+08:00
2892,2019-07-03,-412000,-2952000,-15000,-3379000,2065.0,179.0,-6.0,-13.0,,2026-07-24T11:49:03.332230+08:00
2892,2019-07-04,-1199000,255990,1000,-942010,2067.0,173.0,2.0,-6.0,,2026-07-24T11:49:03.332230+08:00
2892,2019-07-05,-399000,-161000,-13000,-573000,2087.0,183.0,20.0,10.0,,2026-07-24T11:49:03.332230+08:00
2892,2019-07-08,40000,-1815952,0,-1775952,2070.0,162.0,-17.0,-21.0,,2026-07-24T11:49:03.332230+08:00
2892,2019-07-09,98000,-1656093,-48753,-1606846,2065.0,168.0,-5.0,6.0,,2026-07-24T11:49:03.332230+08:00
2892,2019-07-10,366000,1356139,209000,1931139,2060.0,173.0,-5.0,5.0,,2026-07-24T11:49:03.332230+08:00
2892,2019-07-11,-499000,1865000,31000,1397000,2027.0,182.0,-33.0,9.0,,2026-07-24T11:49:03.332230+08:00
2892,2019-07-12,120000,-742000,-5000,-627000,2007.0,173.0,-20.0,-9.0,,2026-07-24T11:49:03.332230+08:00
2892,2019-07-15,-1053000,799000,0,-254000,1992.0,176.0,-15.0,3.0,,2026-07-24T11:49:03.332230+08:00
2892,2019-07-16,-124000,2176105,-210860,1841245,1992.0,176.0,0.0,0.0,,2026-07-24T11:49:03.332230+08:00
2892,2019-07-17,-322000,3504645,-62000,3120645,1938.0,193.0,-54.0,17.0,,2026-07-24T11:49:03.332230+08:00
2892,2019-07-18,46000,688930,14200,749130,1943.0,193.0,5.0,0.0,,2026-07-24T11:49:03.332230+08:00
2892,2019-07-19,-371000,855184,0,484184,1938.0,193.0,-5.0,0.0,,2026-07-24T11:49:03.332230+08:00
2892,2019-07-22,-406000,-561166,12000,-955166,2209.0,185.0,271.0,-8.0,,2026-07-24T11:49:03.332230+08:00
2892,2019-07-23,-3105000,-704514,56000,-3753514,2491.0,165.0,282.0,-20.0,,2026-07-24T11:49:03.332230+08:00
2892,2019-07-24,-1820000,259826,-1000,-1561174,2479.0,165.0,-12.0,0.0,,2026-07-24T11:49:03.332230+08:00
2892,2019-07-25,-2669000,1346000,0,-1323000,2473.0,165.0,-6.0,0.0,,2026-07-24T11:49:03.332230+08:00
2892,2019-07-26,-970000,442420,3000,-524580,2746.0,164.0,273.0,-1.0,,2026-07-24T11:49:03.332230+08:00
2892,2019-07-29,-1068000,2825383,-300000,1457383,2452.0,164.0,-294.0,0.0,,2026-07-24T11:49:03.332230+08:00
2892,2019-07-30,-300000,7868992,71000,7639992,2504.0,61.0,52.0,-103.0,,2026-07-24T11:49:03.332230+08:00
2892,2019-07-31,-622000,8824429,7871,8210300,2675.0,61.0,171.0,0.0,,2026-07-24T11:49:03.332230+08:00
2892,2019-08-01,270000,-6622288,0,-6352288,2929.0,49.0,254.0,-12.0,,2026-07-24T11:49:03.332230+08:00
2892,2019-08-02,100000,-6072070,0,-5972070,3071.0,40.0,142.0,-9.0,,2026-07-24T11:49:03.332230+08:00
2892,2019-08-05,68000,749988,14000,831988,3369.0,0.0,298.0,-40.0,,2026-07-24T11:49:03.332230+08:00
2892,2019-08-06,202000,-1344937,88000,-1054937,3321.0,0.0,-48.0,0.0,,2026-07-24T11:49:03.332230+08:00
2892,2019-08-07,-501000,-7818151,-18000,-8337151,2482.0,0.0,-839.0,0.0,,2026-07-24T11:49:03.332230+08:00
2892,2019-08-08,1047000,-1891633,37864,-806769,8101.0,0.0,5619.0,0.0,,2026-07-24T11:49:03.332230+08:00
2892,2019-08-12,-1041000,-882436,0,-1923436,2450.0,11.0,-5651.0,11.0,,2026-07-24T11:49:03.332230+08:00
2892,2019-08-13,-1300000,-386736,-291274,-1978010,2455.0,24.0,5.0,13.0,,2026-07-24T11:49:03.332230+08:00
2892,2019-08-14,-1997000,-430218,-218000,-2645218,2434.0,36.0,-21.0,12.0,,2026-07-24T11:49:03.332230+08:00
2892,2019-08-15,-299000,-2107220,-815000,-3221220,2419.0,30.0,-15.0,-6.0,,2026-07-24T11:49:03.332230+08:00
2892,2019-08-16,-1253000,-5226113,-255000,-6734113,2420.0,30.0,1.0,0.0,,2026-07-24T11:49:03.332230+08:00
2892,2019-08-19,-700000,-2393999,-5000,-3098999,2367.0,31.0,-53.0,1.0,,2026-07-24T11:49:03.332230+08:00
2892,2019-08-20,-996000,-1997414,12000,-2981414,2071.0,31.0,-296.0,0.0,,2026-07-24T11:49:03.332230+08:00
2892,2019-08-21,-782000,-5302785,14000,-6070785,2278.0,33.0,207.0,2.0,,2026-07-24T11:49:03.332230+08:00
2892,2019-08-22,-917000,-825940,875000,-867940,2054.0,33.0,-224.0,0.0,,2026-07-24T11:49:03.332230+08:00
2892,2019-08-23,-800000,-1027213,50000,-1777213,2049.0,33.0,-5.0,0.0,,2026-07-24T11:49:03.332230+08:00
2892,2019-08-24,-7000,65408,0,58408,,,,,,2026-07-24T11:49:03.332230+08:00
2892,2019-08-26,-120000,-2571821,79000,-2612821,2156.0,39.0,,,,2026-07-24T11:49:03.332230+08:00
2892,2019-08-27,-573000,-1333657,-2095000,-4001657,2183.0,48.0,27.0,9.0,,2026-07-24T11:49:03.332230+08:00
2892,2019-08-28,-300000,-669538,72000,-897538,2195.0,48.0,12.0,0.0,,2026-07-24T11:49:03.332230+08:00
2892,2019-08-29,0,-1685567,56000,-1629567,2166.0,48.0,-29.0,0.0,,2026-07-24T11:49:03.332230+08:00
2892,2019-08-30,0,8063580,0,8063580,2045.0,61.0,-121.0,13.0,,2026-07-24T11:49:03.332230+08:00
2892,2019-09-02,-160,298101,72000,369941,2051.0,113.0,6.0,52.0,,2026-07-24T11:49:03.332230+08:00
2892,2019-09-03,13000,-4092215,49000,-4030215,2065.0,46.0,14.0,-67.0,,2026-07-24T11:49:03.332230+08:00
2892,2019-09-04,784000,-1512000,151000,-577000,2101.0,46.0,36.0,0.0,,2026-07-24T11:49:03.332230+08:00
2892,2019-09-05,1000,2680893,-549000,2132893,2103.0,46.0,2.0,0.0,,2026-07-24T11:49:03.332230+08:00
2892,2019-09-06,-2668000,3687174,109000,1128174,2194.0,46.0,91.0,0.0,,2026-07-24T11:49:03.332230+08:00
2892,2019-09-09,-5565000,7058300,78000,1571300,2318.0,46.0,124.0,0.0,,2026-07-24T11:49:03.332230+08:00
2892,2019-09-10,-10669000,8098000,836000,-1735000,2603.0,58.0,285.0,12.0,,2026-07-24T11:49:03.332230+08:00
2892,2019-09-11,-7012000,4458399,222000,-2331601,2591.0,63.0,-12.0,5.0,,2026-07-24T11:49:03.332230+08:00
2892,2019-09-12,-21000,124369,37000,140369,2601.0,56.0,10.0,-7.0,,2026-07-24T11:49:03.332230+08:00
2892,2019-09-16,-7000,4282000,841123,5116123,2473.0,57.0,-128.0,1.0,,2026-07-24T11:49:03.332230+08:00
2892,2019-09-17,5000,2698345,18000,2721345,2450.0,58.0,-23.0,1.0,,2026-07-24T11:49:03.332230+08:00
2892,2019-09-18,-911500,4452542,59000,3600042,2476.0,58.0,26.0,0.0,,2026-07-24T11:49:03.332230+08:00
2892,2019-09-19,-9000,182043,218680,391723,2326.0,59.0,-150.0,1.0,,2026-07-24T11:49:03.332230+08:00
2892,2019-09-20,4000,2789603,52000,2845603,2183.0,60.0,-143.0,1.0,,2026-07-24T11:49:03.332230+08:00
2892,2019-09-23,-233687,2420883,423000,2610196,1995.0,63.0,-188.0,3.0,,2026-07-24T11:49:03.332230+08:00
2892,2019-09-24,-590,1449642,13000,1462052,1990.0,63.0,-5.0,0.0,,2026-07-24T11:49:03.332230+08:00
2892,2019-09-25,-394000,3763424,511000,3880424,1966.0,61.0,-24.0,-2.0,,2026-07-24T11:49:03.332230+08:00
2892,2019-09-26,-48000,1883256,288000,2123256,1894.0,63.0,-72.0,2.0,,2026-07-24T11:49:03.332230+08:00
2892,2019-09-27,-600000,2198882,7000,1605882,1876.0,108.0,-18.0,45.0,,2026-07-24T11:49:03.332230+08:00
2892,2019-10-01,196000,6175979,6000,6377979,1905.0,106.0,29.0,-2.0,,2026-07-24T11:49:03.332230+08:00
2892,2019-10-02,-9000,-1813771,0,-1822771,1935.0,104.0,30.0,-2.0,,2026-07-24T11:49:03.332230+08:00
2892,2019-10-03,-8000,-3164742,-7400,-3180142,1957.0,104.0,22.0,0.0,,2026-07-24T11:49:03.332230+08:00
2892,2019-10-04,-3000,-559970,0,-562970,1941.0,104.0,-16.0,0.0,,2026-07-24T11:49:03.332230+08:00
2892,2019-10-07,-73000,-1623560,0,-1696560,1954.0,104.0,13.0,0.0,,2026-07-24T11:49:03.332230+08:00
2892,2019-10-08,0,4153244,-2224840,1928404,1939.0,106.0,-15.0,2.0,,2026-07-24T11:49:03.332230+08:00
2892,2019-10-09,-1277000,-2789959,-35000,-4101959,2157.0,104.0,218.0,-2.0,,2026-07-24T11:49:03.332230+08:00
2892,2019-10-14,0,1207991,0,1207991,1924.0,104.0,-233.0,0.0,,2026-07-24T11:49:03.332230+08:00
2892,2019-10-15,-5000,-241102,2000,-244102,1898.0,104.0,-26.0,0.0,,2026-07-24T11:49:03.332230+08:00
2892,2019-10-16,-361840,1111000,-61254,687906,1852.0,105.0,-46.0,1.0,,2026-07-24T11:49:03.332230+08:00
2892,2019-10-17,-24000,983000,19669,978669,1846.0,105.0,-6.0,0.0,,2026-07-24T11:49:03.332230+08:00
2892,2019-10-18,0,-656711,-67000,-723711,1848.0,105.0,2.0,0.0,,2026-07-24T11:49:03.332230+08:00
2892,2019-10-21,0,2716600,0,2716600,1840.0,105.0,-8.0,0.0,,2026-07-24T11:49:03.332230+08:00
2892,2019-10-22,0,2567481,-1776000,791481,1855.0,108.0,15.0,3.0,,2026-07-24T11:49:03.332230+08:00
2892,2019-10-23,-740000,-4057050,0,-4797050,1954.0,110.0,99.0,2.0,,2026-07-24T11:49:03.332230+08:00
2892,2019-10-24,-23,2916000,0,2915977,1948.0,113.0,-6.0,3.0,,2026-07-24T11:49:03.332230+08:00
2892,2019-10-25,-72000,2408470,1324,2337794,1931.0,113.0,-17.0,0.0,,2026-07-24T11:49:03.332230+08:00
2892,2019-10-26,-7000,65408,0,58408,,,,,,2026-07-24T11:49:03.332230+08:00
2892,2019-10-28,0,1528000,-500000,1028000,1924.0,115.0,,,,2026-07-24T11:49:03.332230+08:00
2892,2019-10-29,0,612623,0,612623,2212.0,115.0,288.0,0.0,,2026-07-24T11:49:03.332230+08:00
2892,2019-10-30,48000,900943,0,948943,2282.0,115.0,70.0,0.0,,2026-07-24T11:49:03.332230+08:00
2892,2019-10-31,0,-2558064,-1600000,-4158064,2319.0,117.0,37.0,2.0,,2026-07-24T11:49:03.332230+08:00
2892,2019-11-01,-400,3678000,20000,3697600,2314.0,119.0,-5.0,2.0,,2026-07-24T11:49:03.332230+08:00
2892,2019-11-04,-24000,6216792,-607000,5585792,2315.0,124.0,1.0,5.0,,2026-07-24T11:49:03.332230+08:00
2892,2019-11-05,0,870580,-2991000,-2120420,2348.0,125.0,33.0,1.0,,2026-07-24T11:49:03.332230+08:00
2892,2019-11-06,131000,-3378050,-2055890,-5302940,2403.0,168.0,55.0,43.0,,2026-07-24T11:49:03.332230+08:00
2892,2019-11-07,-82000,-2032122,413000,-1701122,2396.0,172.0,-7.0,4.0,,2026-07-24T11:49:03.332230+08:00
2892,2019-11-08,0,-1609475,359000,-1250475,2384.0,172.0,-12.0,0.0,,2026-07-24T11:49:03.332230+08:00
2892,2019-11-11,1000,-902005,0,-901005,2383.0,170.0,-1.0,-2.0,,2026-07-24T11:49:03.332230+08:00
2892,2019-11-12,-14000,-1540076,-985000,-2539076,2425.0,170.0,42.0,0.0,,2026-07-24T11:49:03.332230+08:00
2892,2019-11-13,169000,-8601350,-1347430,-9779780,2380.0,170.0,-45.0,0.0,,2026-07-24T11:49:03.332230+08:00
2892,2019-11-14,-15000,-1029406,19000,-1025406,2295.0,170.0,-85.0,0.0,,2026-07-24T11:49:03.332230+08:00
2892,2019-11-15,27000,-1182288,0,-1155288,2280.0,181.0,-15.0,11.0,,2026-07-24T11:49:03.332230+08:00
2892,2019-11-18,4000,-222261,255000,36739,2251.0,180.0,-29.0,-1.0,,2026-07-24T11:49:03.332230+08:00
2892,2019-11-19,0,1140173,-68000,1072173,2213.0,180.0,-38.0,0.0,,2026-07-24T11:49:03.332230+08:00
2892,2019-11-20,40000,1117665,83000,1240665,2202.0,180.0,-11.0,0.0,,2026-07-24T11:49:03.332230+08:00
2892,2019-11-21,-2000,-6321374,168000,-6155374,2224.0,180.0,22.0,0.0,,2026-07-24T11:49:03.332230+08:00
2892,2019-11-22,0,1108565,69000,1177565,2247.0,142.0,23.0,-38.0,,2026-07-24T11:49:03.332230+08:00
2892,2019-11-25,6000,-1458861,13000,-1439861,2347.0,142.0,100.0,0.0,,2026-07-24T11:49:03.332230+08:00
2892,2019-11-26,-202000,5645766,50000,5493766,2342.0,158.0,-5.0,16.0,,2026-07-24T11:49:03.332230+08:00
2892,2019-11-27,249000,1023709,58000,1330709,2188.0,163.0,-154.0,5.0,,2026-07-24T11:49:03.332230+08:00
2892,2019-11-28,0,1066500,0,1066500,2134.0,163.0,-54.0,0.0,,2026-07-24T11:49:03.332230+08:00
2892,2019-11-29,0,-2569486,12000,-2557486,2121.0,163.0,-13.0,0.0,,2026-07-24T11:49:03.332230+08:00
2892,2019-12-02,-15000,1211784,40000,1236784,2099.0,163.0,-22.0,0.0,,2026-07-24T11:49:03.332230+08:00
2892,2019-12-03,0,1900962,25000,1925962,2098.0,163.0,-1.0,0.0,,2026-07-24T11:49:03.332230+08:00
2892,2019-12-04,-79000,-647524,822000,95476,2099.0,164.0,1.0,1.0,,2026-07-24T11:49:03.332230+08:00
2892,2019-12-05,27000,-2422932,37000,-2358932,2118.0,203.0,19.0,39.0,,2026-07-24T11:49:03.332230+08:00
2892,2019-12-06,0,-2341000,7200,-2333800,2123.0,188.0,5.0,-15.0,,2026-07-24T11:49:03.332230+08:00
2892,2019-12-09,0,1914000,16000,1930000,2118.0,178.0,-5.0,-10.0,,2026-07-24T11:49:03.332230+08:00
2892,2019-12-10,0,1625803,1000,1626803,2044.0,164.0,-74.0,-14.0,,2026-07-24T11:49:03.332230+08:00
2892,2019-12-11,-12000,777328,19000,784328,2045.0,164.0,1.0,0.0,,2026-07-24T11:49:03.332230+08:00
2892,2019-12-12,10000,7290697,332000,7632697,2002.0,155.0,-43.0,-9.0,,2026-07-24T11:49:03.332230+08:00
2892,2019-12-13,-93000,9214924,-19000,9102924,2012.0,155.0,10.0,0.0,,2026-07-24T11:49:03.332230+08:00
2892,2019-12-16,17000,-1078220,0,-1061220,2002.0,155.0,-10.0,0.0,,2026-07-24T11:49:03.332230+08:00
2892,2019-12-17,-19000,6163274,4612000,10756274,2001.0,166.0,-1.0,11.0,,2026-07-24T11:49:03.332230+08:00
2892,2019-12-18,-29000,3161120,4667000,7799120,2206.0,170.0,205.0,4.0,,2026-07-24T11:49:03.332230+08:00
2892,2019-12-19,0,1424754,4498000,5922754,2219.0,169.0,13.0,-1.0,,2026-07-24T11:49:03.332230+08:00
2892,2019-12-20,100000,741806,253700,1095506,2186.0,169.0,-33.0,0.0,,2026-07-24T11:49:03.332230+08:00
2892,2019-12-23,-69000,2641150,0,2572150,2122.0,169.0,-64.0,0.0,,2026-07-24T11:49:03.332230+08:00
2892,2019-12-24,-4000,860228,77000,933228,2122.0,170.0,0.0,1.0,,2026-07-24T11:49:03.332230+08:00
2892,2019-12-25,616000,513000,-129195,999805,2067.0,170.0,-55.0,0.0,,2026-07-24T11:49:03.332230+08:00
2892,2019-12-26,11000,1575657,8000,1594657,2047.0,171.0,-20.0,1.0,,2026-07-24T11:49:03.332230+08:00
2892,2019-12-27,0,2039215,-5000,2034215,2087.0,171.0,40.0,0.0,,2026-07-24T11:49:03.332230+08:00
2892,2019-12-30,-33000,924000,83000,974000,2096.0,171.0,9.0,0.0,,2026-07-24T11:49:03.332230+08:00
2892,2019-12-31,-1000,-3619000,72000,-3548000,2142.0,171.0,46.0,0.0,,2026-07-24T11:49:03.332230+08:00
2892,2020-01-02,16000,-3114298,0,-3098298,2106.0,169.0,-36.0,-2.0,,2026-07-24T11:49:03.332230+08:00
2892,2020-01-03,2000,849360,28000,879360,2099.0,169.0,-7.0,0.0,,2026-07-24T11:49:03.332230+08:00
2892,2020-01-06,0,-1769171,53000,-1716171,2088.0,165.0,-11.0,-4.0,,2026-07-24T11:49:03.332230+08:00
2892,2020-01-07,25000,-2027170,146210,-1855960,2103.0,164.0,15.0,-1.0,,2026-07-24T11:49:03.332230+08:00
2892,2020-01-08,949000,308000,197000,1454000,2046.0,202.0,-57.0,38.0,,2026-07-24T11:49:03.332230+08:00
2892,2020-01-09,43000,2868525,441000,3352525,2038.0,203.0,-8.0,1.0,,2026-07-24T11:49:03.332230+08:00
2892,2020-01-10,6000,3989270,1184000,5179270,2033.0,204.0,-5.0,1.0,,2026-07-24T11:49:03.332230+08:00
2892,2020-01-13,0,2434426,839000,3273426,2067.0,204.0,34.0,0.0,,2026-07-24T11:49:03.332230+08:00
2892,2020-01-14,2015000,576173,1023000,3614173,2034.0,205.0,-33.0,1.0,,2026-07-24T11:49:03.332230+08:00
2892,2020-01-15,2532000,279334,0,2811334,1929.0,214.0,-105.0,9.0,,2026-07-24T11:49:03.332230+08:00
2892,2020-01-16,1491000,2674280,34000,4199280,1971.0,214.0,42.0,0.0,,2026-07-24T11:49:03.332230+08:00
2892,2020-01-17,701000,3608396,12000,4321396,1973.0,220.0,2.0,6.0,,2026-07-24T11:49:03.332230+08:00
2892,2020-01-20,1011000,2766668,-276000,3501668,2024.0,201.0,51.0,-19.0,,2026-07-24T11:49:03.332230+08:00
2892,2020-01-30,6714000,-15046794,284000,-8048794,2133.0,195.0,109.0,-6.0,,2026-07-24T11:49:03.332230+08:00
2892,2020-01-31,438000,-5330270,137000,-4755270,2070.0,197.0,-63.0,2.0,,2026-07-24T11:49:03.332230+08:00
2892,2020-02-03,155000,4252000,409000,4816000,2052.0,193.0,-18.0,-4.0,,2026-07-24T11:49:03.332230+08:00
2892,2020-02-04,-5000,-1114067,-14000,-1133067,2067.0,189.0,15.0,-4.0,,2026-07-24T11:49:03.332230+08:00
2892,2020-02-05,-323000,-1130096,64000,-1389096,1654.0,189.0,-413.0,0.0,,2026-07-24T11:49:03.332230+08:00
2892,2020-02-06,-42000,2250521,472000,2680521,1708.0,189.0,54.0,0.0,,2026-07-24T11:49:03.332230+08:00
2892,2020-02-07,-2000,788281,14000,800281,1704.0,189.0,-4.0,0.0,,2026-07-24T11:49:03.332230+08:00
2892,2020-02-10,67000,701000,0,768000,1704.0,189.0,0.0,0.0,,2026-07-24T11:49:03.332230+08:00
2892,2020-02-11,5000,-895000,93000,-797000,1682.0,189.0,-22.0,0.0,,2026-07-24T11:49:03.332230+08:00
2892,2020-02-12,348000,-6499718,73000,-6078718,1656.0,189.0,-26.0,0.0,,2026-07-24T11:49:03.332230+08:00
2892,2020-02-13,-8000,362076,109000,463076,1643.0,189.0,-13.0,0.0,,2026-07-24T11:49:03.332230+08:00
2892,2020-02-14,942000,-1158552,73000,-143552,1622.0,189.0,-21.0,0.0,,2026-07-24T11:49:03.332230+08:00
2892,2020-02-17,2465000,1926000,-836000,3555000,1620.0,190.0,-2.0,1.0,,2026-07-24T11:49:03.332230+08:00
2892,2020-02-18,481000,1189658,135860,1806518,1626.0,195.0,6.0,5.0,,2026-07-24T11:49:03.332230+08:00
2892,2020-02-19,152000,4795197,75000,5022197,1551.0,222.0,-75.0,27.0,,2026-07-24T11:49:03.332230+08:00
2892,2020-02-20,-4000,-3684340,14000,-3674340,1585.0,236.0,34.0,14.0,,2026-07-24T11:49:03.332230+08:00
2892,2020-02-21,0,-3277661,100000,-3177661,1602.0,238.0,17.0,2.0,,2026-07-24T11:49:03.332230+08:00
2892,2020-02-24,6000,-6467928,476000,-5985928,1674.0,232.0,72.0,-6.0,,2026-07-24T11:49:03.332230+08:00
2892,2020-02-25,0,-1805313,58000,-1747313,1731.0,232.0,57.0,0.0,,2026-07-24T11:49:03.332230+08:00
2892,2020-02-26,7000,-7719482,332000,-7380482,1744.0,228.0,13.0,-4.0,,2026-07-24T11:49:03.332230+08:00
2892,2020-02-27,-4000,-5636150,388000,-5252150,1753.0,224.0,9.0,-4.0,,2026-07-24T11:49:03.332230+08:00
2892,2020-03-02,249000,-11534698,179000,-11106698,1854.0,171.0,101.0,-53.0,,2026-07-24T11:49:03.332230+08:00
2892,2020-03-03,-74000,-3305374,73000,-3306374,1889.0,173.0,35.0,2.0,,2026-07-24T11:49:03.332230+08:00
2892,2020-03-04,-173000,5383000,195000,5405000,1843.0,171.0,-46.0,-2.0,,2026-07-24T11:49:03.332230+08:00
2892,2020-03-05,193000,-3043910,0,-2850910,1913.0,169.0,70.0,-2.0,,2026-07-24T11:49:03.332230+08:00
2892,2020-03-06,-198000,-9443850,11000,-9630850,1861.0,175.0,-52.0,6.0,,2026-07-24T11:49:03.332230+08:00
2892,2020-03-09,88000,-19420021,830000,-18502021,1955.0,168.0,94.0,-7.0,,2026-07-24T11:49:03.332230+08:00
2892,2020-03-10,33000,1738457,80000,1851457,1968.0,156.0,13.0,-12.0,,2026-07-24T11:49:03.332230+08:00
2892,2020-03-11,-1475000,-3908594,0,-5383594,1918.0,163.0,-50.0,7.0,,2026-07-24T11:49:03.332230+08:00
2892,2020-03-12,-554000,-12795011,103000,-13246011,2221.0,164.0,303.0,1.0,,2026-07-24T11:49:03.332230+08:00
2892,2020-03-13,-366520,-2626117,142000,-2850637,2669.0,196.0,448.0,32.0,,2026-07-24T11:49:03.332230+08:00
2892,2020-03-16,-802000,-12573393,-7000,-13382393,2841.0,237.0,172.0,41.0,,2026-07-24T11:49:03.332230+08:00
2892,2020-03-17,153000,-9151322,171000,-8827322,3184.0,275.0,343.0,38.0,,2026-07-24T11:49:03.332230+08:00
2892,2020-03-18,-552000,-32486634,88000,-32950634,3562.0,431.0,378.0,156.0,,2026-07-24T11:49:03.332230+08:00
2892,2020-03-19,1418000,-42700781,523000,-40759781,4232.0,448.0,670.0,17.0,,2026-07-24T11:49:03.332230+08:00
2892,2020-03-20,-1615000,-12922390,-56901,-14594291,3728.0,359.0,-504.0,-89.0,,2026-07-24T11:49:03.332230+08:00
2892,2020-03-23,217000,-4663338,54000,-4392338,3655.0,500.0,-73.0,141.0,,2026-07-24T11:49:03.332230+08:00
2892,2020-03-24,312000,-1650596,0,-1338596,3550.0,389.0,-105.0,-111.0,,2026-07-24T11:49:03.332230+08:00
2892,2020-03-25,-741000,-4200548,1000,-4940548,3419.0,436.0,-131.0,47.0,,2026-07-24T11:49:03.332230+08:00
2892,2020-03-26,-395000,-320070,-9601,-724671,3377.0,342.0,-42.0,-94.0,,2026-07-24T11:49:03.332230+08:00
2892,2020-03-27,-169000,5392897,52000,5275897,3079.0,401.0,-298.0,59.0,,2026-07-24T11:49:03.332230+08:00
2892,2020-03-30,104000,3705689,0,3809689,3070.0,425.0,-9.0,24.0,,2026-07-24T11:49:03.332230+08:00
2892,2020-03-31,-300000,-5534938,1084000,-4750938,3058.0,438.0,-12.0,13.0,,2026-07-24T11:49:03.332230+08:00
2892,2020-04-01,-60000,-7041857,3199000,-3902857,3095.0,426.0,37.0,-12.0,,2026-07-24T11:49:03.332230+08:00
2892,2020-04-06,154000,1264728,708000,2126728,3042.0,423.0,-53.0,-3.0,,2026-07-24T11:49:03.332230+08:00
2892,2020-04-07,-8000,-2514333,0,-2522333,3204.0,423.0,162.0,0.0,,2026-07-24T11:49:03.332230+08:00
2892,2020-04-08,-317000,-4512489,75000,-4754489,3545.0,420.0,341.0,-3.0,,2026-07-24T11:49:03.332230+08:00
2892,2020-04-09,-751000,-3658403,9000,-4400403,3505.0,356.0,-40.0,-64.0,,2026-07-24T11:49:03.332230+08:00
2892,2020-04-10,-58000,1074000,1778000,2794000,3308.0,313.0,-197.0,-43.0,,2026-07-24T11:49:03.332230+08:00
2892,2020-04-13,-450000,-1834000,185404,-2098596,3246.0,1.0,-62.0,-312.0,,2026-07-24T11:49:03.332230+08:00
2892,2020-04-14,10000,8865098,9000,8884098,2903.0,0.0,-343.0,-1.0,,2026-07-24T11:49:03.332230+08:00
2892,2020-04-15,-133000,1450582,0,1317582,2990.0,0.0,87.0,0.0,,2026-07-24T11:49:03.332230+08:00
2892,2020-04-16,-132000,-6802644,-10000,-6944644,3142.0,0.0,152.0,0.0,,2026-07-24T11:49:03.332230+08:00
2892,2020-04-17,17503,-4277971,2998000,-1262468,3012.0,50.0,-130.0,50.0,,2026-07-24T11:49:03.332230+08:00
2892,2020-04-20,-47000,-2682380,16000,-2713380,3063.0,112.0,51.0,62.0,,2026-07-24T11:49:03.332230+08:00
2892,2020-04-21,-453000,-9422961,-3828000,-13703961,3189.0,96.0,126.0,-16.0,,2026-07-24T11:49:03.332230+08:00
2892,2020-04-22,-1506000,-3686586,-486000,-5678586,3333.0,88.0,144.0,-8.0,,2026-07-24T11:49:03.332230+08:00
2892,2020-04-23,-511000,-8965606,-37000,-9513606,3343.0,249.0,10.0,161.0,,2026-07-24T11:49:03.332230+08:00
2892,2020-04-24,-4768000,-10229896,-1920000,-16917896,3478.0,142.0,135.0,-107.0,,2026-07-24T11:49:03.332230+08:00
2892,2020-04-27,-110000,-207885,-4088000,-4405885,3229.0,200.0,-249.0,58.0,,2026-07-24T11:49:03.332230+08:00
2892,2020-04-28,-32000,89788,13000,70788,3065.0,216.0,-164.0,16.0,,2026-07-24T11:49:03.332230+08:00
2892,2020-04-29,-387000,6141720,43000,5797720,2877.0,257.0,-188.0,41.0,,2026-07-24T11:49:03.332230+08:00
2892,2020-04-30,16000,8323738,194000,8533738,2791.0,242.0,-86.0,-15.0,,2026-07-24T11:49:03.332230+08:00
2892,2020-05-04,44000,-13130322,104000,-12982322,2992.0,248.0,201.0,6.0,,2026-07-24T11:49:03.332230+08:00
2892,2020-05-05,-40000,-4910000,93000,-4857000,2980.0,308.0,-12.0,60.0,,2026-07-24T11:49:03.332230+08:00
2892,2020-05-06,-397000,-9796639,13000,-10180639,3155.0,297.0,175.0,-11.0,,2026-07-24T11:49:03.332230+08:00
2892,2020-05-07,43000,-605837,72000,-490837,3167.0,327.0,12.0,30.0,,2026-07-24T11:49:03.332230+08:00
2892,2020-05-08,19000,-3811333,14000,-3778333,2968.0,360.0,-199.0,33.0,,2026-07-24T11:49:03.332230+08:00
2892,2020-05-11,-41000,-317275,28000,-330275,2879.0,364.0,-89.0,4.0,,2026-07-24T11:49:03.332230+08:00
2892,2020-05-12,-11000,-9253768,0,-9264768,2832.0,383.0,-47.0,19.0,,2026-07-24T11:49:03.332230+08:00
2892,2020-05-13,34000,-3877971,45000,-3798971,2868.0,393.0,36.0,10.0,,2026-07-24T11:49:03.332230+08:00
2892,2020-05-14,32000,-7721917,105000,-7584917,2877.0,398.0,9.0,5.0,,2026-07-24T11:49:03.332230+08:00
2892,2020-05-15,-25000,-5386773,0,-5411773,2934.0,397.0,57.0,-1.0,,2026-07-24T11:49:03.332230+08:00
2892,2020-05-18,64000,-4324789,0,-4260789,2769.0,403.0,-165.0,6.0,,2026-07-24T11:49:03.332230+08:00
2892,2020-05-19,67000,6974702,0,7041702,2756.0,405.0,-13.0,2.0,,2026-07-24T11:49:03.332230+08:00
2892,2020-05-20,383000,-1390207,27000,-980207,2672.0,409.0,-84.0,4.0,,2026-07-24T11:49:03.332230+08:00
2892,2020-05-21,3000,1971506,0,1974506,2612.0,414.0,-60.0,5.0,,2026-07-24T11:49:03.332230+08:00
2892,2020-05-22,0,-11719219,6000,-11713219,2629.0,412.0,17.0,-2.0,,2026-07-24T11:49:03.332230+08:00
2892,2020-05-25,8000,-727010,29000,-690010,2632.0,393.0,3.0,-19.0,,2026-07-24T11:49:03.332230+08:00
2892,2020-05-26,91000,9882000,-5000,9968000,2494.0,393.0,-138.0,0.0,,2026-07-24T11:49:03.332230+08:00
2892,2020-05-27,35000,-1645479,0,-1610479,2355.0,409.0,-139.0,16.0,,2026-07-24T11:49:03.332230+08:00
2892,2020-05-28,-68000,-4148382,80000,-4136382,2303.0,409.0,-52.0,0.0,,2026-07-24T11:49:03.332230+08:00
2892,2020-05-29,-93000,3418595,23000,3348595,2265.0,407.0,-38.0,-2.0,,2026-07-24T11:49:03.332230+08:00
2892,2020-06-01,58000,4962200,-28000,4992200,2369.0,413.0,104.0,6.0,,2026-07-24T11:49:03.332230+08:00
2892,2020-06-02,2000,4226540,0,4228540,2376.0,423.0,7.0,10.0,,2026-07-24T11:49:03.332230+08:00
2892,2020-06-03,1445000,1586398,-32000,2999398,2480.0,422.0,104.0,-1.0,,2026-07-24T11:49:03.332230+08:00
2892,2020-06-04,-8000,3910897,0,3902897,2521.0,429.0,41.0,7.0,,2026-07-24T11:49:03.332230+08:00
2892,2020-06-05,-3000,2972363,0,2969363,2507.0,429.0,-14.0,0.0,,2026-07-24T11:49:03.332230+08:00
2892,2020-06-08,6000,3503779,-111160,3398619,2532.0,436.0,25.0,7.0,,2026-07-24T11:49:03.332230+08:00
2892,2020-06-09,2000,-1163115,-11000,-1172115,2703.0,436.0,171.0,0.0,,2026-07-24T11:49:03.332230+08:00
2892,2020-06-10,59000,7921437,-44000,7936437,2814.0,437.0,111.0,1.0,,2026-07-24T11:49:03.332230+08:00
2892,2020-06-11,-26000,-6107892,-711000,-6844892,2429.0,435.0,-385.0,-2.0,,2026-07-24T11:49:03.332230+08:00
2892,2020-06-12,75000,-4273855,-54000,-4252855,2661.0,441.0,232.0,6.0,,2026-07-24T11:49:03.332230+08:00
2892,2020-06-15,197000,-10257600,-2176000,-12236600,2688.0,426.0,27.0,-15.0,,2026-07-24T11:49:03.332230+08:00
2892,2020-06-16,12000,3590313,-3688000,-85687,2582.0,435.0,-106.0,9.0,,2026-07-24T11:49:03.332230+08:00
2892,2020-06-17,-382000,1417915,-4176000,-3140085,2672.0,419.0,90.0,-16.0,,2026-07-24T11:49:03.332230+08:00
2892,2020-06-18,284000,-6151519,-4430000,-10297519,3081.0,380.0,409.0,-39.0,,2026-07-24T11:49:03.332230+08:00
2892,2020-06-19,401000,-9207113,-120000,-8926113,3385.0,362.0,304.0,-18.0,,2026-07-24T11:49:03.332230+08:00
2892,2020-06-22,202000,655708,-7000,850708,3315.0,362.0,-70.0,0.0,,2026-07-24T11:49:03.332230+08:00
2892,2020-06-23,-18000,-2321366,156000,-2183366,3573.0,361.0,258.0,-1.0,,2026-07-24T11:49:03.332230+08:00
2892,2020-06-24,40000,14787,108000,162787,2950.0,359.0,-623.0,-2.0,,2026-07-24T11:49:03.332230+08:00
2892,2020-06-29,483000,-4518966,0,-4035966,3078.0,358.0,128.0,-1.0,,2026-07-24T11:49:03.332230+08:00
2892,2020-06-30,227960,1301502,0,1529462,3077.0,316.0,-1.0,-42.0,,2026-07-24T11:49:03.332230+08:00
2892,2020-07-01,-18000,-1615000,-42000,-1675000,3102.0,276.0,25.0,-40.0,,2026-07-24T11:49:03.332230+08:00
2892,2020-07-02,-23000,930655,-26000,881655,3059.0,283.0,-43.0,7.0,,2026-07-24T11:49:03.332230+08:00
2892,2020-07-03,-4000,-254569,-60000,-318569,3040.0,286.0,-19.0,3.0,,2026-07-24T11:49:03.332230+08:00
2892,2020-07-06,108000,9330960,-105000,9333960,2841.0,288.0,-199.0,2.0,,2026-07-24T11:49:03.332230+08:00
2892,2020-07-07,-4000,-205690,-66000,-275690,2898.0,286.0,57.0,-2.0,,2026-07-24T11:49:03.332230+08:00
2892,2020-07-08,348000,-200014,-52000,95986,2885.0,286.0,-13.0,0.0,,2026-07-24T11:49:03.332230+08:00
2892,2020-07-09,0,-1947346,-42000,-1989346,2909.0,286.0,24.0,0.0,,2026-07-24T11:49:03.332230+08:00
2892,2020-07-10,194000,3721154,-53000,3862154,2981.0,256.0,72.0,-30.0,,2026-07-24T11:49:03.332230+08:00
2892,2020-07-13,169000,-2925750,507000,-2249750,2971.0,256.0,-10.0,0.0,,2026-07-24T11:49:03.332230+08:00
2892,2020-07-14,129000,-1596152,759000,-708152,2976.0,256.0,5.0,0.0,,2026-07-24T11:49:03.332230+08:00
2892,2020-07-15,94000,1642042,955000,2691042,3014.0,246.0,38.0,-10.0,,2026-07-24T11:49:03.332230+08:00
2892,2020-07-16,-103000,-66803,2747000,2577197,3029.0,246.0,15.0,0.0,,2026-07-24T11:49:03.332230+08:00
2892,2020-07-17,0,-2835448,3588000,752552,3327.0,246.0,298.0,0.0,,2026-07-24T11:49:03.332230+08:00
2892,2020-07-20,302000,-1341185,846000,-193185,3546.0,256.0,219.0,10.0,,2026-07-24T11:49:03.332230+08:00
2892,2020-07-21,7000,1920611,1325000,3252611,3551.0,256.0,5.0,0.0,,2026-07-24T11:49:03.332230+08:00
2892,2020-07-22,-87000,-247304,1850000,1515696,3624.0,259.0,73.0,3.0,,2026-07-24T11:49:03.332230+08:00
2892,2020-07-23,564000,-6418021,887000,-4967021,3620.0,260.0,-4.0,1.0,,2026-07-24T11:49:03.332230+08:00
2892,2020-07-24,1169000,-5455187,1015000,-3271187,3178.0,257.0,-442.0,-3.0,,2026-07-24T11:49:03.332230+08:00
2892,2020-07-27,966000,-8231691,955000,-6310691,3230.0,232.0,52.0,-25.0,,2026-07-24T11:49:03.332230+08:00
2892,2020-07-28,199000,-6425180,925000,-5301180,3241.0,228.0,11.0,-4.0,,2026-07-24T11:49:03.332230+08:00
2892,2020-07-29,-985000,5253760,375000,4643760,3339.0,227.0,98.0,-1.0,,2026-07-24T11:49:03.332230+08:00
2892,2020-07-30,312000,-6351631,6027000,-12631,3761.0,193.0,422.0,-34.0,,2026-07-24T11:49:03.332230+08:00
2892,2020-07-31,484000,-8192313,2210000,-5498313,4276.0,177.0,515.0,-16.0,,2026-07-24T11:49:03.332230+08:00
2892,2020-08-03,6568000,-15521133,102000,-8851133,4229.0,0.0,-47.0,-177.0,,2026-07-24T11:49:03.332230+08:00
2892,2020-08-04,6164000,-9720801,2012000,-1544801,5215.0,0.0,986.0,0.0,,2026-07-24T11:49:03.332230+08:00
2892,2020-08-05,6079000,-4676696,1921000,3323304,5747.0,0.0,532.0,0.0,,2026-07-24T11:49:03.332230+08:00
2892,2020-08-06,651849,-2769309,601000,-1516460,6407.0,0.0,660.0,0.0,,2026-07-24T11:49:03.332230+08:00
2892,2020-08-07,-31892000,14593280,6000,-17292720,5619.0,70.0,-788.0,70.0,,2026-07-24T11:49:03.332230+08:00
2892,2020-08-10,-125000,-950090,44000,-1031090,5459.0,66.0,-160.0,-4.0,,2026-07-24T11:49:03.332230+08:00
2892,2020-08-11,-99000,-3122415,2000,-3219415,5340.0,73.0,-119.0,7.0,,2026-07-24T11:49:03.332230+08:00
2892,2020-08-12,-583000,-1109031,-420000,-2112031,5297.0,86.0,-43.0,13.0,,2026-07-24T11:49:03.332230+08:00
2892,2020-08-13,-129000,-941904,196000,-874904,5115.0,88.0,-182.0,2.0,,2026-07-24T11:49:03.332230+08:00
2892,2020-08-14,-1000,-9055574,0,-9056574,5109.0,92.0,-6.0,4.0,,2026-07-24T11:49:03.332230+08:00
2892,2020-08-17,109000,3466350,-878000,2697350,5394.0,98.0,285.0,6.0,,2026-07-24T11:49:03.332230+08:00
2892,2020-08-18,62000,-818991,0,-756991,5177.0,98.0,-217.0,0.0,,2026-07-24T11:49:03.332230+08:00
2892,2020-08-19,-88000,1164357,-40000,1036357,4848.0,65.0,-329.0,-33.0,,2026-07-24T11:49:03.332230+08:00
2892,2020-08-20,-129000,-19946171,49000,-20026171,4763.0,68.0,-85.0,3.0,,2026-07-24T11:49:03.332230+08:00
2892,2020-08-21,-47000,2069000,1587000,3609000,4729.0,92.0,-34.0,24.0,,2026-07-24T11:49:03.332230+08:00
2892,2020-08-24,-1500000,-3199908,735769,-3964139,4705.0,88.0,-24.0,-4.0,,2026-07-24T11:49:03.332230+08:00
2892,2020-08-25,-1080000,2286116,-1336000,-129884,4673.0,77.0,-32.0,-11.0,,2026-07-24T11:49:03.332230+08:00
2892,2020-08-26,-1500000,-835637,7000,-2328637,4688.0,78.0,15.0,1.0,,2026-07-24T11:49:03.332230+08:00
2892,2020-08-27,-484000,-8511372,0,-8995372,4650.0,78.0,-38.0,0.0,,2026-07-24T11:49:03.332230+08:00
2892,2020-08-28,0,352807,5000,357807,4663.0,79.0,13.0,1.0,,2026-07-24T11:49:03.332230+08:00
2892,2020-08-31,1000,-5336316,4000,-5331316,4620.0,78.0,-43.0,-1.0,,2026-07-24T11:49:03.332230+08:00
2892,2020-09-01,100000,-6441329,2238000,-4103329,4590.0,93.0,-30.0,15.0,,2026-07-24T11:49:03.332230+08:00
2892,2020-09-02,-150000,-17476162,-288000,-17914162,4651.0,120.0,61.0,27.0,,2026-07-24T11:49:03.332230+08:00
2892,2020-09-03,-37000,628655,6000,597655,4598.0,105.0,-53.0,-15.0,,2026-07-24T11:49:03.332230+08:00
2892,2020-09-04,14000,-6935409,544000,-6377409,4547.0,104.0,-51.0,-1.0,,2026-07-24T11:49:03.332230+08:00
2892,2020-09-07,-14000,-1263840,4000,-1273840,4608.0,93.0,61.0,-11.0,,2026-07-24T11:49:03.332230+08:00
2892,2020-09-08,-33000,-338653,108000,-263653,4587.0,93.0,-21.0,0.0,,2026-07-24T11:49:03.332230+08:00
2892,2020-09-09,-152000,-6308321,599000,-5861321,4550.0,103.0,-37.0,10.0,,2026-07-24T11:49:03.332230+08:00
2892,2020-09-10,0,-725450,1000,-724450,4596.0,91.0,46.0,-12.0,,2026-07-24T11:49:03.332230+08:00
2892,2020-09-11,-8000,1085300,15000,1092300,4547.0,81.0,-49.0,-10.0,,2026-07-24T11:49:03.332230+08:00
2892,2020-09-14,-6000,551000,0,545000,4577.0,80.0,30.0,-1.0,,2026-07-24T11:49:03.332230+08:00
2892,2020-09-15,-29000,1363965,-9653,1325312,3892.0,89.0,-685.0,9.0,,2026-07-24T11:49:03.332230+08:00
2892,2020-09-16,-1068450,2556187,249000,1736737,3763.0,63.0,-129.0,-26.0,,2026-07-24T11:49:03.332230+08:00
2892,2020-09-17,-1573000,-4719168,-278189,-6570357,3815.0,61.0,52.0,-2.0,,2026-07-24T11:49:03.332230+08:00
2892,2020-09-18,-1791420,1059892,-577900,-1309428,3811.0,83.0,-4.0,22.0,,2026-07-24T11:49:03.332230+08:00
2892,2020-09-21,-255320,-4396892,-6619,-4658831,3779.0,141.0,-32.0,58.0,,2026-07-24T11:49:03.332230+08:00
2892,2020-09-22,-228600,-7687882,-37000,-7953482,3842.0,170.0,63.0,29.0,,2026-07-24T11:49:03.332230+08:00
2892,2020-09-23,-1154000,-6316680,555410,-6915270,3832.0,295.0,-10.0,125.0,,2026-07-24T11:49:03.332230+08:00
2892,2020-09-24,1000,-15990494,564000,-15425494,3838.0,507.0,6.0,212.0,,2026-07-24T11:49:03.332230+08:00
2892,2020-09-25,10000,1814034,684000,2508034,3834.0,560.0,-4.0,53.0,,2026-07-24T11:49:03.332230+08:00
2892,2020-09-28,-33000,6243107,0,6210107,3799.0,562.0,-35.0,2.0,,2026-07-24T11:49:03.332230+08:00
2892,2020-09-29,14000,1590953,0,1604953,3731.0,566.0,-68.0,4.0,,2026-07-24T11:49:03.332230+08:00
2892,2020-09-30,342000,-527859,0,-185859,3724.0,552.0,-7.0,-14.0,,2026-07-24T11:49:03.332230+08:00
2892,2020-10-05,1000,1853312,0,1854312,3724.0,512.0,0.0,-40.0,,2026-07-24T11:49:03.332230+08:00
2892,2020-10-06,-17000,1335089,19000,1337089,3727.0,507.0,3.0,-5.0,,2026-07-24T11:49:03.332230+08:00
2892,2020-10-07,62000,-4146326,-12000,-4096326,3717.0,432.0,-10.0,-75.0,,2026-07-24T11:49:03.332230+08:00
2892,2020-10-08,-44000,2358913,-15000,2299913,3678.0,413.0,-39.0,-19.0,,2026-07-24T11:49:03.332230+08:00
2892,2020-10-12,0,-9757,-61000,-70757,3656.0,423.0,-22.0,10.0,,2026-07-24T11:49:03.332230+08:00
2892,2020-10-13,-352000,-1064194,-441000,-1857194,3674.0,498.0,18.0,75.0,,2026-07-24T11:49:03.332230+08:00
2892,2020-10-14,-341000,-650161,0,-991161,3661.0,508.0,-13.0,10.0,,2026-07-24T11:49:03.332230+08:00
2892,2020-10-15,-81000,-3455600,0,-3536600,3727.0,548.0,66.0,40.0,,2026-07-24T11:49:03.332230+08:00
2892,2020-10-16,-38990,-3313911,14000,-3338901,3757.0,544.0,30.0,-4.0,,2026-07-24T11:49:03.332230+08:00
2892,2020-10-19,3000,931323,1000,935323,3894.0,519.0,137.0,-25.0,,2026-07-24T11:49:03.332230+08:00
2892,2020-10-20,-28000,-4385832,0,-4413832,3937.0,534.0,43.0,15.0,,2026-07-24T11:49:03.332230+08:00
2892,2020-10-21,-1133000,-1100594,291000,-1942594,3910.0,462.0,-27.0,-72.0,,2026-07-24T11:49:03.332230+08:00
2892,2020-10-22,-70000,4095641,1000,4026641,3949.0,458.0,39.0,-4.0,,2026-07-24T11:49:03.332230+08:00
2892,2020-10-23,23000,-2296474,558000,-1715474,3954.0,256.0,5.0,-202.0,,2026-07-24T11:49:03.332230+08:00
2892,2020-10-26,-284200,277481,0,-6719,3966.0,238.0,12.0,-18.0,,2026-07-24T11:49:03.332230+08:00
2892,2020-10-27,26729,-1450892,0,-1424163,3952.0,235.0,-14.0,-3.0,,2026-07-24T11:49:03.332230+08:00
2892,2020-10-28,-1025890,-3374326,-30000,-4430216,3980.0,233.0,28.0,-2.0,,2026-07-24T11:49:03.332230+08:00
2892,2020-10-29,-33000,-7501478,18000,-7516478,3975.0,208.0,-5.0,-25.0,,2026-07-24T11:49:03.332230+08:00
2892,2020-10-30,-395000,-9182897,0,-9577897,4001.0,202.0,26.0,-6.0,,2026-07-24T11:49:03.332230+08:00
2892,2020-11-02,-246000,2349100,0,2103100,3976.0,200.0,-25.0,-2.0,,2026-07-24T11:49:03.332230+08:00
2892,2020-11-03,-6000,4957410,2000,4953410,3942.0,192.0,-34.0,-8.0,,2026-07-24T11:49:03.332230+08:00
2892,2020-11-04,-10000,-587636,51000,-546636,3906.0,192.0,-36.0,0.0,,2026-07-24T11:49:03.332230+08:00
2892,2020-11-05,-16450,8044308,14000,8041858,3812.0,193.0,-94.0,1.0,,2026-07-24T11:49:03.332230+08:00
2892,2020-11-06,20000,830200,-7000,843200,3845.0,163.0,33.0,-30.0,,2026-07-24T11:49:03.332230+08:00
2892,2020-11-09,111000,1407444,-339000,1179444,3815.0,155.0,-30.0,-8.0,,2026-07-24T11:49:03.332230+08:00
2892,2020-11-10,56995,9808746,0,9865741,3697.0,138.0,-118.0,-17.0,,2026-07-24T11:49:03.332230+08:00
2892,2020-11-11,914000,9405820,-652000,9667820,3765.0,96.0,68.0,-42.0,,2026-07-24T11:49:03.332230+08:00
2892,2020-11-12,482000,-741860,-1005000,-1264860,3729.0,86.0,-36.0,-10.0,,2026-07-24T11:49:03.332230+08:00
2892,2020-11-13,53000,1585036,-395000,1243036,3813.0,86.0,84.0,0.0,,2026-07-24T11:49:03.332230+08:00
2892,2020-11-16,6000,8105695,-365000,7746695,3647.0,78.0,-166.0,-8.0,,2026-07-24T11:49:03.332230+08:00
2892,2020-11-17,0,6127607,-1011000,5116607,3718.0,84.0,71.0,6.0,,2026-07-24T11:49:03.332230+08:00
2892,2020-11-18,-94000,11274830,-963000,10217830,3571.0,94.0,-147.0,10.0,,2026-07-24T11:49:03.332230+08:00
2892,2020-11-19,64000,169181,-1146000,-912819,3550.0,95.0,-21.0,1.0,,2026-07-24T11:49:03.332230+08:00
2892,2020-11-20,0,-1354898,-376000,-1730898,3550.0,94.0,0.0,-1.0,,2026-07-24T11:49:03.332230+08:00
2892,2020-11-23,9000,2511020,-817000,1703020,3549.0,83.0,-1.0,-11.0,,2026-07-24T11:49:03.332230+08:00
2892,2020-11-24,14000,-2233716,-379000,-2598716,3553.0,81.0,4.0,-2.0,,2026-07-24T11:49:03.332230+08:00
2892,2020-11-25,70000,3837140,-269000,3638140,3552.0,79.0,-1.0,-2.0,,2026-07-24T11:49:03.332230+08:00
2892,2020-11-26,2000,-444920,-272000,-714920,3516.0,77.0,-36.0,-2.0,,2026-07-24T11:49:03.332230+08:00
2892,2020-11-27,-218000,-3048667,4000,-3262667,3532.0,76.0,16.0,-1.0,,2026-07-24T11:49:03.332230+08:00
2892,2020-11-30,-1000,-6601307,-533000,-7135307,3223.0,79.0,-309.0,3.0,,2026-07-24T11:49:03.332230+08:00
2892,2020-12-01,33000,-770459,-293000,-1030459,3242.0,77.0,19.0,-2.0,,2026-07-24T11:49:03.332230+08:00
2892,2020-12-02,86000,-2935090,3000,-2846090,3263.0,74.0,21.0,-3.0,,2026-07-24T11:49:03.332230+08:00
2892,2020-12-03,-14000,-2200772,-626000,-2840772,3273.0,73.0,10.0,-1.0,,2026-07-24T11:49:03.332230+08:00
2892,2020-12-04,-17000,2844812,0,2827812,3328.0,72.0,55.0,-1.0,,2026-07-24T11:49:03.332230+08:00
2892,2020-12-07,-80000,-5491142,-336000,-5907142,3384.0,77.0,56.0,5.0,,2026-07-24T11:49:03.332230+08:00
2892,2020-12-08,-298476,-4596000,-718000,-5612476,3483.0,102.0,99.0,25.0,,2026-07-24T11:49:03.332230+08:00
2892,2020-12-09,115000,284900,-567343,-167443,3566.0,101.0,83.0,-1.0,,2026-07-24T11:49:03.332230+08:00
2892,2020-12-10,-436000,-1474104,-25304,-1935408,3689.0,74.0,123.0,-27.0,,2026-07-24T11:49:03.332230+08:00
2892,2020-12-11,-73000,5077620,13360,5017980,3621.0,55.0,-68.0,-19.0,,2026-07-24T11:49:03.332230+08:00
2892,2020-12-14,-217000,-6682920,-981020,-7880940,3648.0,54.0,27.0,-1.0,,2026-07-24T11:49:03.332230+08:00
2892,2020-12-15,-116000,-6365270,40540,-6440730,3634.0,54.0,-14.0,0.0,,2026-07-24T11:49:03.332230+08:00
2892,2020-12-16,-262000,2769489,0,2507489,3627.0,18.0,-7.0,-36.0,,2026-07-24T11:49:03.332230+08:00
2892,2020-12-17,-111000,-1712699,-7000,-1830699,3618.0,27.0,-9.0,9.0,,2026-07-24T11:49:03.332230+08:00
2892,2020-12-18,-108000,-2704181,377080,-2435101,3616.0,32.0,-2.0,5.0,,2026-07-24T11:49:03.332230+08:00
2892,2020-12-21,-58000,345889,4000,291889,3813.0,42.0,197.0,10.0,,2026-07-24T11:49:03.332230+08:00
2892,2020-12-22,-40000,-1544760,-3600,-1588360,3759.0,42.0,-54.0,0.0,,2026-07-24T11:49:03.332230+08:00
2892,2020-12-23,-150000,159749,0,9749,3770.0,42.0,11.0,0.0,,2026-07-24T11:49:03.332230+08:00
2892,2020-12-24,-162000,-1660300,-237530,-2059830,3765.0,47.0,-5.0,5.0,,2026-07-24T11:49:03.332230+08:00
2892,2020-12-25,-145000,681000,42000,578000,3754.0,47.0,-11.0,0.0,,2026-07-24T11:49:03.332230+08:00
2892,2020-12-28,-215000,2140000,0,1925000,3545.0,46.0,-209.0,-1.0,,2026-07-24T11:49:03.332230+08:00
2892,2020-12-29,-39000,2461137,-458170,1963967,3570.0,44.0,25.0,-2.0,,2026-07-24T11:49:03.332230+08:00
2892,2020-12-30,664000,7474578,0,8138578,3644.0,42.0,74.0,-2.0,,2026-07-24T11:49:03.332230+08:00
2892,2020-12-31,-41000,2974551,80000,3013551,3656.0,42.0,12.0,0.0,,2026-07-24T11:49:03.332230+08:00
2892,2021-01-04,-200000,-4893927,13530,-5080397,3631.0,42.0,-25.0,0.0,,2026-07-24T11:49:03.332230+08:00
2892,2021-01-05,-279000,2006877,-582960,1144917,3451.0,42.0,-180.0,0.0,,2026-07-24T11:49:03.332230+08:00
2892,2021-01-06,-1472990,-2912112,-402000,-4787102,3688.0,42.0,237.0,0.0,,2026-07-24T11:49:03.332230+08:00
2892,2021-01-07,-28000,5856788,33370,5862158,3669.0,42.0,-19.0,0.0,,2026-07-24T11:49:03.332230+08:00
2892,2021-01-08,2000,9996538,-331870,9666668,3266.0,42.0,-403.0,0.0,,2026-07-24T11:49:03.332230+08:00
2892,2021-01-11,-23000,2196290,-210310,1962980,3128.0,42.0,-138.0,0.0,,2026-07-24T11:49:03.332230+08:00
2892,2021-01-12,0,-1346324,0,-1346324,3022.0,45.0,-106.0,3.0,,2026-07-24T11:49:03.332230+08:00
2892,2021-01-13,515000,473582,37000,1025582,3031.0,44.0,9.0,-1.0,,2026-07-24T11:49:03.332230+08:00
2892,2021-01-14,0,2265651,-221000,2044651,2993.0,42.0,-38.0,-2.0,,2026-07-24T11:49:03.332230+08:00
2892,2021-01-15,102000,-4313800,7000,-4204800,2969.0,42.0,-24.0,0.0,,2026-07-24T11:49:03.332230+08:00
2892,2021-01-18,222000,-3413700,70840,-3120860,2975.0,43.0,6.0,1.0,,2026-07-24T11:49:03.332230+08:00
2892,2021-01-19,12000,-2097394,127000,-1958394,2999.0,52.0,24.0,9.0,,2026-07-24T11:49:03.332230+08:00
2892,2021-01-20,-177130,-18620323,16000,-18781453,3019.0,56.0,20.0,4.0,,2026-07-24T11:49:03.332230+08:00
2892,2021-01-21,-16000,-5794570,-451000,-6261570,3102.0,58.0,83.0,2.0,,2026-07-24T11:49:03.332230+08:00
2892,2021-01-22,307000,-10926788,26000,-10593788,3104.0,59.0,2.0,1.0,,2026-07-24T11:49:03.332230+08:00
2892,2021-01-25,0,1533406,-160570,1372836,3114.0,79.0,10.0,20.0,,2026-07-24T11:49:03.332230+08:00
2892,2021-01-26,-44000,-9449861,61000,-9432861,3115.0,71.0,1.0,-8.0,,2026-07-24T11:49:03.332230+08:00
2892,2021-01-27,0,-5414005,15000,-5399005,3199.0,71.0,84.0,0.0,,2026-07-24T11:49:03.332230+08:00
2892,2021-01-28,26986,-9756700,22000,-9707714,3315.0,30.0,116.0,-41.0,,2026-07-24T11:49:03.332230+08:00
2892,2021-01-29,40,-17335135,-18000,-17353095,3738.0,30.0,423.0,0.0,,2026-07-24T11:49:03.332230+08:00
2892,2021-02-01,62000,-2874455,12000,-2800455,3662.0,29.0,-76.0,-1.0,,2026-07-24T11:49:03.332230+08:00
2892,2021-02-02,93000,-2867443,-222000,-2996443,3647.0,29.0,-15.0,0.0,,2026-07-24T11:49:03.332230+08:00
2892,2021-02-03,-22000,-3869125,0,-3891125,3631.0,29.0,-16.0,0.0,,2026-07-24T11:49:03.332230+08:00
2892,2021-02-04,-80000,-3765714,-241000,-4086714,3609.0,34.0,-22.0,5.0,,2026-07-24T11:49:03.332230+08:00
2892,2021-02-05,20000,-827347,32000,-775347,3520.0,42.0,-89.0,8.0,,2026-07-24T11:49:03.332230+08:00
2892,2021-02-17,463000,-3975339,-2000,-3514339,3172.0,41.0,-348.0,-1.0,,2026-07-24T11:49:03.332230+08:00
2892,2021-02-18,-70000,-69435,66000,-73435,3108.0,63.0,-64.0,22.0,,2026-07-24T11:49:03.332230+08:00
2892,2021-02-19,-73000,-3093000,52000,-3114000,3070.0,54.0,-38.0,-9.0,,2026-07-24T11:49:03.332230+08:00
2892,2021-02-22,1000,-4239348,26000,-4212348,3110.0,38.0,40.0,-16.0,,2026-07-24T11:49:03.332230+08:00
2892,2021-02-23,5000,740322,-72000,673322,3867.0,41.0,757.0,3.0,,2026-07-24T11:49:03.332230+08:00
2892,2021-02-24,-136000,2595082,48000,2507082,3792.0,43.0,-75.0,2.0,,2026-07-24T11:49:03.332230+08:00
2892,2021-02-25,-16000,7103944,-145000,6942944,3052.0,60.0,-740.0,17.0,,2026-07-24T11:49:03.332230+08:00
2892,2021-02-26,-183671,-18670587,1794000,-17060258,3549.0,44.0,497.0,-16.0,,2026-07-24T11:49:03.332230+08:00
2892,2021-03-02,79000,7438960,1664000,9181960,2981.0,67.0,-568.0,23.0,,2026-07-24T11:49:03.332230+08:00
2892,2021-03-03,1120000,1270365,742000,3132365,2989.0,43.0,8.0,-24.0,,2026-07-24T11:49:03.332230+08:00
2892,2021-03-04,-111409,-5200300,35000,-5276709,2967.0,40.0,-22.0,-3.0,,2026-07-24T11:49:03.332230+08:00
2892,2021-03-05,24250,178578,233000,435828,2933.0,40.0,-34.0,0.0,,2026-07-24T11:49:03.332230+08:00
2892,2021-03-08,-70000,-2870153,373000,-2567153,2965.0,39.0,32.0,-1.0,,2026-07-24T11:49:03.332230+08:00
2892,2021-03-09,119000,14642426,93000,14854426,2895.0,98.0,-70.0,59.0,,2026-07-24T11:49:03.332230+08:00
2892,2021-03-10,-388000,4092770,9442,3714212,2851.0,98.0,-44.0,0.0,,2026-07-24T11:49:03.332230+08:00
2892,2021-03-11,121000,1207747,26000,1354747,2889.0,99.0,38.0,1.0,,2026-07-24T11:49:03.332230+08:00
2892,2021-03-12,-152599,2878159,36000,2761560,2876.0,100.0,-13.0,1.0,,2026-07-24T11:49:03.332230+08:00
2892,2021-03-15,-67000,6330600,12000,6275600,2922.0,104.0,46.0,4.0,,2026-07-24T11:49:03.332230+08:00
2892,2021-03-16,-59000,8091132,33000,8065132,2989.0,106.0,67.0,2.0,,2026-07-24T11:49:03.332230+08:00
2892,2021-03-17,-619054,-6991772,0,-7610826,3028.0,56.0,39.0,-50.0,,2026-07-24T11:49:03.332230+08:00
2892,2021-03-18,-27000,-1918972,610000,-1335972,3027.0,55.0,-1.0,-1.0,,2026-07-24T11:49:03.332230+08:00
2892,2021-03-19,49000,-10853064,727179,-10076885,2950.0,51.0,-77.0,-4.0,,2026-07-24T11:49:03.332230+08:00
2892,2021-03-22,-44000,62852,-133000,-114148,3037.0,54.0,87.0,3.0,,2026-07-24T11:49:03.332230+08:00
2892,2021-03-23,-255191,-2257438,-220000,-2732629,3154.0,59.0,117.0,5.0,,2026-07-24T11:49:03.332230+08:00
2892,2021-03-24,-217000,1168104,-102000,849104,3103.0,54.0,-51.0,-5.0,,2026-07-24T11:49:03.332230+08:00
2892,2021-03-25,-105000,3363712,-171000,3087712,2946.0,54.0,-157.0,0.0,,2026-07-24T11:49:03.332230+08:00
2892,2021-03-26,-62000,-1127900,6000,-1183900,2988.0,40.0,42.0,-14.0,,2026-07-24T11:49:03.332230+08:00
2892,2021-03-29,-47000,4492806,0,4445806,3027.0,39.0,39.0,-1.0,,2026-07-24T11:49:03.332230+08:00
2892,2021-03-30,1000,3145030,331029,3477059,2905.0,37.0,-122.0,-2.0,,2026-07-24T11:49:03.332230+08:00
2892,2021-03-31,-6000,-2040158,1772,-2044386,2911.0,37.0,6.0,0.0,,2026-07-24T11:49:03.332230+08:00
2892,2021-04-01,0,-306300,29688,-276612,2866.0,37.0,-45.0,0.0,,2026-07-24T11:49:03.332230+08:00
2892,2021-04-06,4000,1709600,-8278,1705322,2813.0,37.0,-53.0,0.0,,2026-07-24T11:49:03.332230+08:00
2892,2021-04-07,131000,4383918,270000,4784918,2817.0,37.0,4.0,0.0,,2026-07-24T11:49:03.332230+08:00
2892,2021-04-08,-50000,-1715964,164000,-1601964,2616.0,36.0,-201.0,-1.0,,2026-07-24T11:49:03.332230+08:00
2892,2021-04-09,1000,89751,0,90751,2595.0,35.0,-21.0,-1.0,,2026-07-24T11:49:03.332230+08:00
2892,2021-04-12,-35000,-1409821,-167582,-1612403,2658.0,29.0,63.0,-6.0,,2026-07-24T11:49:03.332230+08:00
2892,2021-04-13,59005,4450572,-16644,4492933,2596.0,28.0,-62.0,-1.0,,2026-07-24T11:49:03.332230+08:00
2892,2021-04-14,237000,532372,12595,781967,2905.0,28.0,309.0,0.0,,2026-07-24T11:49:03.332230+08:00
2892,2021-04-15,203000,4086360,0,4289360,2804.0,27.0,-101.0,-1.0,,2026-07-24T11:49:03.332230+08:00
2892,2021-04-16,2000,2866710,0,2868710,2818.0,21.0,14.0,-6.0,,2026-07-24T11:49:03.332230+08:00
2892,2021-04-19,-50548,4861120,37298,4847870,2799.0,0.0,-19.0,-21.0,,2026-07-24T11:49:03.332230+08:00
2892,2021-04-20,-29000,-413580,-20404,-462984,2775.0,0.0,-24.0,0.0,,2026-07-24T11:49:03.332230+08:00
2892,2021-04-21,-162000,-3394393,18844,-3537549,2889.0,0.0,114.0,0.0,,2026-07-24T11:49:03.332230+08:00
2892,2021-04-22,-506000,2357738,16976,1868714,3037.0,0.0,148.0,0.0,,2026-07-24T11:49:03.332230+08:00
2892,2021-04-23,-8000,274397,592880,859277,2961.0,0.0,-76.0,0.0,,2026-07-24T11:49:03.332230+08:00
2892,2021-04-26,-89000,6741465,0,6652465,2988.0,0.0,27.0,0.0,,2026-07-24T11:49:03.332230+08:00
2892,2021-04-27,-226000,702737,-222000,254737,3014.0,0.0,26.0,0.0,,2026-07-24T11:49:03.332230+08:00
2892,2021-04-28,-68000,4611386,-8404,4534982,2948.0,0.0,-66.0,0.0,,2026-07-24T11:49:03.332230+08:00
2892,2021-04-29,-14000,631214,-31470,585744,3026.0,1.0,78.0,1.0,,2026-07-24T11:49:03.332230+08:00
2892,2021-05-03,52340,52854,-574527,-469333,3181.0,6.0,155.0,5.0,,2026-07-24T11:49:03.332230+08:00
2892,2021-05-04,149000,8691955,45822,8886777,3207.0,1.0,26.0,-5.0,,2026-07-24T11:49:03.332230+08:00
2892,2021-05-05,-118428,-1904695,120078,-1903045,3233.0,1.0,26.0,0.0,,2026-07-24T11:49:03.332230+08:00
2892,2021-05-06,-34803,3053471,71653,3090321,3292.0,1.0,59.0,0.0,,2026-07-24T11:49:03.332230+08:00
2892,2021-05-07,5000,3276384,21575,3302959,3345.0,1.0,53.0,0.0,,2026-07-24T11:49:03.332230+08:00
2892,2021-05-10,44000,8465179,-202712,8306467,3362.0,1.0,17.0,0.0,,2026-07-24T11:49:03.332230+08:00
2892,2021-05-11,-494260,-444042,1190936,252634,3096.0,5.0,-266.0,4.0,,2026-07-24T11:49:03.332230+08:00
2892,2021-05-12,274103,-8867633,1141310,-7452220,3093.0,5.0,-3.0,0.0,,2026-07-24T11:49:03.332230+08:00
2892,2021-05-13,-101325,-9957452,62940,-9995837,3057.0,2.0,-36.0,-3.0,,2026-07-24T11:49:03.332230+08:00
2892,2021-05-14,-175000,448350,1434734,1708084,3128.0,2.0,71.0,0.0,,2026-07-24T11:49:03.332230+08:00
2892,2021-05-17,523850,-1768331,48552,-1195929,3075.0,132.0,-53.0,130.0,,2026-07-24T11:49:03.332230+08:00
2892,2021-05-18,69454,1624235,42000,1735689,3104.0,37.0,29.0,-95.0,,2026-07-24T11:49:03.332230+08:00
2892,2021-05-19,-137000,-5510800,-129685,-5777485,2835.0,17.0,-269.0,-20.0,,2026-07-24T11:49:03.332230+08:00
2892,2021-05-20,-172112,-4477285,4315,-4645082,2794.0,17.0,-41.0,0.0,,2026-07-24T11:49:03.332230+08:00
2892,2021-05-21,-4000,-437041,0,-441041,2805.0,21.0,11.0,4.0,,2026-07-24T11:49:03.332230+08:00
2892,2021-05-24,-22673,-1938643,4315,-1957001,2811.0,35.0,6.0,14.0,,2026-07-24T11:49:03.332230+08:00
2892,2021-05-25,-79854,-1514260,-183000,-1777114,2792.0,16.0,-19.0,-19.0,,2026-07-24T11:49:03.332230+08:00
2892,2021-05-26,249000,-1302100,-121000,-1174100,2792.0,16.0,0.0,0.0,,2026-07-24T11:49:03.332230+08:00
2892,2021-05-27,-80710,-6161881,8158,-6234433,2814.0,16.0,22.0,0.0,,2026-07-24T11:49:03.332230+08:00
2892,2021-05-28,-8000,2059713,-344000,1707713,2792.0,8.0,-22.0,-8.0,,2026-07-24T11:49:03.332230+08:00
2892,2021-05-31,-46000,2314000,-179667,2088333,2807.0,8.0,15.0,0.0,,2026-07-24T11:49:03.332230+08:00
2892,2021-06-01,-19000,3277200,-44000,3214200,2886.0,7.0,79.0,-1.0,,2026-07-24T11:49:03.332230+08:00
2892,2021-06-02,860000,4972744,-939,5831805,2909.0,25.0,23.0,18.0,,2026-07-24T11:49:03.332230+08:00
2892,2021-06-03,88000,165120,-2239,250881,2888.0,5.0,-21.0,-20.0,,2026-07-24T11:49:03.332230+08:00
2892,2021-06-04,0,2179380,-1091,2178289,2868.0,6.0,-20.0,1.0,,2026-07-24T11:49:03.332230+08:00
2892,2021-06-07,31117,-2936849,8769,-2896963,2871.0,6.0,3.0,0.0,,2026-07-24T11:49:03.332230+08:00
2892,2021-06-08,-37000,343413,-744508,-438095,2881.0,6.0,10.0,0.0,,2026-07-24T11:49:03.332230+08:00
2892,2021-06-09,-36000,-102470,-2000,-140470,2818.0,6.0,-63.0,0.0,,2026-07-24T11:49:03.332230+08:00
2892,2021-06-10,58485,148649,438000,645134,2817.0,6.0,-1.0,0.0,,2026-07-24T11:49:03.332230+08:00
2892,2021-06-11,0,1938231,56000,1994231,2776.0,6.0,-41.0,0.0,,2026-07-24T11:49:03.332230+08:00
2892,2021-06-15,40000,2390052,0,2430052,2673.0,6.0,-103.0,0.0,,2026-07-24T11:49:03.332230+08:00
2892,2021-06-16,1544000,-520500,-174000,849500,2626.0,6.0,-47.0,0.0,,2026-07-24T11:49:03.332230+08:00
2892,2021-06-17,-125999,-2638980,3696000,931021,2641.0,6.0,15.0,0.0,,2026-07-24T11:49:03.332230+08:00
2892,2021-06-18,-80000,-3846951,1823000,-2103951,2656.0,6.0,15.0,0.0,,2026-07-24T11:49:03.332230+08:00
2892,2021-06-21,-278000,-5016907,3841090,-1453817,2601.0,31.0,-55.0,25.0,,2026-07-24T11:49:03.332230+08:00
2892,2021-06-22,129000,-562406,277000,-156406,2595.0,6.0,-6.0,-25.0,,2026-07-24T11:49:03.332230+08:00
2892,2021-06-23,3183000,5544650,54000,8781650,2592.0,6.0,-3.0,0.0,,2026-07-24T11:49:03.332230+08:00
2892,2021-06-24,603000,56980,-19000,640980,2582.0,6.0,-10.0,0.0,,2026-07-24T11:49:03.332230+08:00
2892,2021-06-25,837000,1641605,27000,2505605,2451.0,6.0,-131.0,0.0,,2026-07-24T11:49:03.332230+08:00
2892,2021-06-28,168000,4378296,71000,4617296,2373.0,6.0,-78.0,0.0,,2026-07-24T11:49:03.332230+08:00
2892,2021-06-29,100000,312104,8000,420104,2129.0,5.0,-244.0,-1.0,,2026-07-24T11:49:03.332230+08:00
2892,2021-06-30,325000,2737940,0,3062940,2191.0,5.0,62.0,0.0,,2026-07-24T11:49:03.332230+08:00
2892,2021-07-01,1000,-3229735,3000,-3225735,2188.0,5.0,-3.0,0.0,,2026-07-24T11:49:03.332230+08:00
2892,2021-07-02,64000,-1242091,-5000,-1183091,2185.0,5.0,-3.0,0.0,,2026-07-24T11:49:03.332230+08:00
2892,2021-07-05,107000,2472970,-184312,2395658,2175.0,5.0,-10.0,0.0,,2026-07-24T11:49:03.332230+08:00
2892,2021-07-06,480000,2976930,0,3456930,2177.0,5.0,2.0,0.0,,2026-07-24T11:49:03.332230+08:00
2892,2021-07-07,-63000,-2107474,1000,-2169474,2177.0,5.0,0.0,0.0,,2026-07-24T11:49:03.332230+08:00
2892,2021-07-08,-27000,541954,12184,527138,2133.0,5.0,-44.0,0.0,,2026-07-24T11:49:03.332230+08:00
2892,2021-07-09,-52000,-3306737,36000,-3322737,2079.0,5.0,-54.0,0.0,,2026-07-24T11:49:03.332230+08:00
2892,2021-07-12,59000,-1725,-159000,-101725,2050.0,5.0,-29.0,0.0,,2026-07-24T11:49:03.332230+08:00
2892,2021-07-13,287000,3302500,-6785,3582715,2079.0,5.0,29.0,0.0,,2026-07-24T11:49:03.332230+08:00
2892,2021-07-14,256011,3645581,-49000,3852592,2076.0,5.0,-3.0,0.0,,2026-07-24T11:49:03.332230+08:00
2892,2021-07-15,-8000,-1672030,-224202,-1904232,2071.0,5.0,-5.0,0.0,,2026-07-24T11:49:03.332230+08:00
2892,2021-07-16,-46000,-53840,-132000,-231840,2118.0,5.0,47.0,0.0,,2026-07-24T11:49:03.332230+08:00
2892,2021-07-19,-2000,-992949,2000,-992949,2169.0,5.0,51.0,0.0,,2026-07-24T11:49:03.332230+08:00
2892,2021-07-20,-2000,-2976590,-126000,-3104590,1929.0,5.0,-240.0,0.0,,2026-07-24T11:49:03.332230+08:00
2892,2021-07-21,1748000,-3340624,63000,-1529624,1890.0,6.0,-39.0,1.0,,2026-07-24T11:49:03.332230+08:00
2892,2021-07-22,322000,5788735,27117,6137852,1854.0,6.0,-36.0,0.0,,2026-07-24T11:49:03.332230+08:00
2892,2021-07-23,143000,4497930,10000,4650930,1962.0,6.0,108.0,0.0,,2026-07-24T11:49:03.332230+08:00
2892,2021-07-26,5000,-4910360,-9000,-4914360,1962.0,6.0,0.0,0.0,,2026-07-24T11:49:03.332230+08:00
2892,2021-07-27,146000,-646798,820000,319202,1812.0,7.0,-150.0,1.0,,2026-07-24T11:49:03.332230+08:00
2892,2021-07-28,1278000,-2343644,921052,-144592,1790.0,8.0,-22.0,1.0,,2026-07-24T11:49:03.332230+08:00
2892,2021-07-29,0,549826,30000,579826,1776.0,7.0,-14.0,-1.0,,2026-07-24T11:49:03.332230+08:00
2892,2021-07-30,5000,-2363357,-4808,-2363165,1751.0,6.0,-25.0,-1.0,,2026-07-24T11:49:03.332230+08:00
2892,2021-08-02,467000,3562670,-1332,4028338,1581.0,6.0,-170.0,0.0,,2026-07-24T11:49:03.332230+08:00
2892,2021-08-03,16000,-1128758,307230,-805528,1581.0,6.0,0.0,0.0,,2026-07-24T11:49:03.332230+08:00
2892,2021-08-04,130000,2962100,24465,3116565,1588.0,6.0,7.0,0.0,,2026-07-24T11:49:03.332230+08:00
2892,2021-08-05,140000,2044115,-13778,2170337,1582.0,6.0,-6.0,0.0,,2026-07-24T11:49:03.332230+08:00
2892,2021-08-06,-390000,-945854,123000,-1212854,1543.0,5.0,-39.0,-1.0,,2026-07-24T11:49:03.332230+08:00
2892,2021-08-09,-31000,-225682,2000,-254682,1515.0,5.0,-28.0,0.0,,2026-07-24T11:49:03.332230+08:00
2892,2021-08-10,25000,-324828,698000,398172,1533.0,6.0,18.0,1.0,,2026-07-24T11:49:03.332230+08:00
2892,2021-08-11,-32000,5893820,328000,6189820,1544.0,5.0,11.0,-1.0,,2026-07-24T11:49:03.332230+08:00
2892,2021-08-12,42000,3372414,452000,3866414,1545.0,5.0,1.0,0.0,,2026-07-24T11:49:03.332230+08:00
2892,2021-08-13,-334000,3445106,863000,3974106,1526.0,5.0,-19.0,0.0,,2026-07-24T11:49:03.332230+08:00
2892,2021-08-16,-232348,-629000,413000,-448348,1501.0,5.0,-25.0,0.0,,2026-07-24T11:49:03.332230+08:00
2892,2021-08-17,178000,12064799,942000,13184799,2078.0,5.0,577.0,0.0,,2026-07-24T11:49:03.332230+08:00
2892,2021-08-18,-510000,4403639,142000,4035639,2152.0,6.0,74.0,1.0,,2026-07-24T11:49:03.332230+08:00
2892,2021-08-19,-179994,-3299191,1058000,-2421185,2102.0,6.0,-50.0,0.0,,2026-07-24T11:49:03.332230+08:00
2892,2021-08-20,251000,1845600,428081,2524681,2093.0,1.0,-9.0,-5.0,,2026-07-24T11:49:03.332230+08:00
2892,2021-08-23,24000,594124,91000,709124,2153.0,0.0,60.0,-1.0,,2026-07-24T11:49:03.332230+08:00
2892,2021-08-24,-354000,4407953,50000,4103953,1790.0,0.0,-363.0,0.0,,2026-07-24T11:49:03.332230+08:00
2892,2021-08-25,132000,-4413039,84425,-4196614,3424.0,0.0,1634.0,0.0,,2026-07-24T11:49:03.332230+08:00
2892,2021-08-26,-56348,8732840,1207000,9883492,2418.0,15.0,-1006.0,15.0,,2026-07-24T11:49:03.332230+08:00
2892,2021-08-27,726000,246280,-119000,853280,2074.0,3.0,-344.0,-12.0,,2026-07-24T11:49:03.332230+08:00
2892,2021-08-30,-24999,4985360,-8000,4952361,2080.0,3.0,6.0,0.0,,2026-07-24T11:49:03.332230+08:00
2892,2021-08-31,-57551,1100602,20000,1063051,1966.0,5.0,-114.0,2.0,,2026-07-24T11:49:03.332230+08:00
2892,2021-09-01,-196000,3624075,0,3428075,1972.0,6.0,6.0,1.0,,2026-07-24T11:49:03.332230+08:00
2892,2021-09-02,19603,3228898,8483,3256984,1887.0,3.0,-85.0,-3.0,,2026-07-24T11:49:03.332230+08:00
2892,2021-09-03,502749,5369770,4210,5876729,1865.0,3.0,-22.0,0.0,,2026-07-24T11:49:03.332230+08:00
2892,2021-09-06,-21895,1544000,-40414,1481691,1846.0,4.0,-19.0,1.0,,2026-07-24T11:49:03.332230+08:00
2892,2021-09-07,17000,959284,-4568,971716,1840.0,4.0,-6.0,0.0,,2026-07-24T11:49:03.332230+08:00
2892,2021-09-08,-904000,6415179,-64000,5447179,1816.0,5.0,-24.0,1.0,,2026-07-24T11:49:03.332230+08:00
2892,2021-09-09,-122221,-598285,-15000,-735506,1824.0,5.0,8.0,0.0,,2026-07-24T11:49:03.332230+08:00
2892,2021-09-10,66000,4796377,0,4862377,1813.0,5.0,-11.0,0.0,,2026-07-24T11:49:03.332230+08:00
2892,2021-09-13,6977,1459648,0,1466625,1788.0,5.0,-25.0,0.0,,2026-07-24T11:49:03.332230+08:00
2892,2021-09-14,-681,3696700,81000,3777019,1780.0,8.0,-8.0,3.0,,2026-07-24T11:49:03.332230+08:00
2892,2021-09-15,-818911,1513393,153000,847482,1662.0,8.0,-118.0,0.0,,2026-07-24T11:49:03.332230+08:00
2892,2021-09-16,-247402,3094340,2000,2848938,1677.0,14.0,15.0,6.0,,2026-07-24T11:49:03.332230+08:00
2892,2021-09-17,18000,-8867907,3303235,-5546672,1603.0,12.0,-74.0,-2.0,,2026-07-24T11:49:03.332230+08:00
2892,2021-09-22,-1332492,-14263055,1320966,-14274581,1582.0,8.0,-21.0,-4.0,,2026-07-24T11:49:03.332230+08:00
2892,2021-09-23,-764,3119244,13000,3131480,1540.0,16.0,-42.0,8.0,,2026-07-24T11:49:03.332230+08:00
2892,2021-09-24,0,2474000,-1000,2473000,1555.0,16.0,15.0,0.0,,2026-07-24T11:49:03.332230+08:00
2892,2021-09-27,50000,2750800,76679,2877479,1596.0,16.0,41.0,0.0,,2026-07-24T11:49:03.332230+08:00
2892,2021-09-28,-35201,-303829,108819,-230211,1625.0,15.0,29.0,-1.0,,2026-07-24T11:49:03.332230+08:00
2892,2021-09-29,-1513864,-3609740,659131,-4464473,1627.0,13.0,2.0,-2.0,,2026-07-24T11:49:03.332230+08:00
2892,2021-09-30,41000,1679964,156440,1877404,1638.0,13.0,11.0,0.0,,2026-07-24T11:49:03.332230+08:00
2892,2021-10-01,40201,-8221698,739000,-7442497,1648.0,13.0,10.0,0.0,,2026-07-24T11:49:03.332230+08:00
2892,2021-10-04,371918,125802,876123,1373843,1654.0,13.0,6.0,0.0,,2026-07-24T11:49:03.332230+08:00
2892,2021-10-05,204740,22208,242000,468948,1609.0,16.0,-45.0,3.0,,2026-07-24T11:49:03.332230+08:00
2892,2021-10-06,-388758,-105644,978000,483598,1619.0,17.0,10.0,1.0,,2026-07-24T11:49:03.332230+08:00
2892,2021-10-07,778400,3042059,70000,3890459,1611.0,15.0,-8.0,-2.0,,2026-07-24T11:49:03.332230+08:00
2892,2021-10-08,10745,-2828139,43000,-2774394,1592.0,14.0,-19.0,-1.0,,2026-07-24T11:49:03.332230+08:00
2892,2021-10-12,-77971,19665,154958,96652,1585.0,14.0,-7.0,0.0,,2026-07-24T11:49:03.332230+08:00
2892,2021-10-13,268000,145710,202958,616668,1555.0,16.0,-30.0,2.0,,2026-07-24T11:49:03.332230+08:00
2892,2021-10-14,25000,422493,13958,461451,1543.0,16.0,-12.0,0.0,,2026-07-24T11:49:03.332230+08:00
2892,2021-10-15,127000,6606353,13958,6747311,1492.0,15.0,-51.0,-1.0,,2026-07-24T11:49:03.332230+08:00
2892,2021-10-18,81000,4889540,28874,4999414,1499.0,25.0,7.0,10.0,,2026-07-24T11:49:03.332230+08:00
2892,2021-10-19,381000,3854430,962202,5197632,1446.0,31.0,-53.0,6.0,,2026-07-24T11:49:03.332230+08:00
2892,2021-10-20,-374692,-339411,32098,-682005,1509.0,31.0,63.0,0.0,,2026-07-24T11:49:03.332230+08:00
2892,2021-10-21,-21332,2399515,107829,2486012,1447.0,32.0,-62.0,1.0,,2026-07-24T11:49:03.332230+08:00
2892,2021-10-22,-5000,-1137720,816503,-326217,1441.0,30.0,-6.0,-2.0,,2026-07-24T11:49:03.332230+08:00
2892,2021-10-25,-17350,428870,-66000,345520,1440.0,30.0,-1.0,0.0,,2026-07-24T11:49:03.332230+08:00
2892,2021-10-26,18000,2450429,28000,2496429,1884.0,30.0,444.0,0.0,,2026-07-24T11:49:03.332230+08:00
2892,2021-10-27,57000,-777432,0,-720432,1865.0,29.0,-19.0,-1.0,,2026-07-24T11:49:03.332230+08:00
2892,2021-10-28,3000,989398,0,992398,1868.0,29.0,3.0,0.0,,2026-07-24T11:49:03.332230+08:00
2892,2021-10-29,-189721,-4552994,788000,-3954715,1823.0,30.0,-45.0,1.0,,2026-07-24T11:49:03.332230+08:00
2892,2021-11-01,-45000,-4488240,222000,-4311240,1812.0,38.0,-11.0,8.0,,2026-07-24T11:49:03.332230+08:00
2892,2021-11-02,131000,-2355000,996000,-1228000,1756.0,40.0,-56.0,2.0,,2026-07-24T11:49:03.332230+08:00
2892,2021-11-03,-31000,-173985,221000,16015,1751.0,40.0,-5.0,0.0,,2026-07-24T11:49:03.332230+08:00
2892,2021-11-04,106000,-34460,19000,90540,1745.0,40.0,-6.0,0.0,,2026-07-24T11:49:03.332230+08:00
2892,2021-11-05,0,1475318,1865000,3340318,1713.0,42.0,-32.0,2.0,,2026-07-24T11:49:03.332230+08:00
2892,2021-11-08,-39000,1310176,1981000,3252176,1627.0,42.0,-86.0,0.0,,2026-07-24T11:49:03.332230+08:00
2892,2021-11-09,3000,-310264,1361889,1054625,1622.0,46.0,-5.0,4.0,,2026-07-24T11:49:03.332230+08:00
2892,2021-11-10,329000,1457243,939000,2725243,1634.0,48.0,12.0,2.0,,2026-07-24T11:49:03.332230+08:00
2892,2021-11-11,100000,-1264496,1975000,810504,1620.0,48.0,-14.0,0.0,,2026-07-24T11:49:03.332230+08:00
2892,2021-11-12,121000,2123168,1632000,3876168,1677.0,56.0,57.0,8.0,,2026-07-24T11:49:03.332230+08:00
2892,2021-11-15,140000,-1712874,2742000,1169126,1983.0,63.0,306.0,7.0,,2026-07-24T11:49:03.332230+08:00
2892,2021-11-16,250000,-1033509,3528000,2744491,1971.0,69.0,-12.0,6.0,,2026-07-24T11:49:03.332230+08:00
2892,2021-11-17,81000,-1348994,3976000,2708006,1831.0,66.0,-140.0,-3.0,,2026-07-24T11:49:03.332230+08:00
2892,2021-11-18,215470,536185,2519000,3270655,2229.0,71.0,398.0,5.0,,2026-07-24T11:49:03.332230+08:00
2892,2021-11-19,78454,-3154000,880319,-2195227,2185.0,75.0,-44.0,4.0,,2026-07-24T11:49:03.332230+08:00
2892,2021-11-22,168323,-1138246,44000,-925923,2464.0,75.0,279.0,0.0,,2026-07-24T11:49:03.332230+08:00
2892,2021-11-23,-189000,-2015223,0,-2204223,2409.0,70.0,-55.0,-5.0,,2026-07-24T11:49:03.332230+08:00
2892,2021-11-24,189998,-1566376,92000,-1284378,2393.0,70.0,-16.0,0.0,,2026-07-24T11:49:03.332230+08:00
2892,2021-11-25,63000,-1948968,18000,-1867968,2452.0,56.0,59.0,-14.0,,2026-07-24T11:49:03.332230+08:00
2892,2021-11-26,-49554,-7892419,151000,-7790973,2464.0,55.0,12.0,-1.0,,2026-07-24T11:49:03.332230+08:00
2892,2021-11-29,212901,-3031341,272297,-2546143,2178.0,26.0,-286.0,-29.0,,2026-07-24T11:49:03.332230+08:00
2892,2021-11-30,-21869,-5719183,-3255000,-8996052,2446.0,26.0,268.0,0.0,,2026-07-24T11:49:03.332230+08:00
2892,2021-12-01,460480,1252644,-789000,924124,2319.0,26.0,-127.0,0.0,,2026-07-24T11:49:03.332230+08:00
2892,2021-12-02,-107000,2000732,0,1893732,2299.0,26.0,-20.0,0.0,,2026-07-24T11:49:03.332230+08:00
2892,2021-12-03,-51048,-1437362,0,-1488410,2372.0,26.0,73.0,0.0,,2026-07-24T11:49:03.332230+08:00
2892,2021-12-06,-41923,2419327,14000,2391404,2374.0,26.0,2.0,0.0,,2026-07-24T11:49:03.332230+08:00
2892,2021-12-07,-121000,3049759,985000,3913759,2590.0,27.0,216.0,1.0,,2026-07-24T11:49:03.332230+08:00
2892,2021-12-08,204000,3883283,20000,4107283,2574.0,28.0,-16.0,1.0,,2026-07-24T11:49:03.332230+08:00
2892,2021-12-09,77000,3236000,-7000,3306000,2613.0,38.0,39.0,10.0,,2026-07-24T11:49:03.332230+08:00
2892,2021-12-10,-25000,4455165,800000,5230165,2595.0,39.0,-18.0,1.0,,2026-07-24T11:49:03.332230+08:00
2892,2021-12-13,-59915,-2492810,0,-2552725,2552.0,43.0,-43.0,4.0,,2026-07-24T11:49:03.332230+08:00
2892,2021-12-14,-2072,-2001000,12000,-1991072,2536.0,46.0,-16.0,3.0,,2026-07-24T11:49:03.332230+08:00
2892,2021-12-15,37154,-860101,967000,144053,2547.0,44.0,11.0,-2.0,,2026-07-24T11:49:03.332230+08:00
2892,2021-12-16,-4000,193124,718000,907124,2555.0,42.0,8.0,-2.0,,2026-07-24T11:49:03.332230+08:00
2892,2021-12-17,-10000,4829395,1180000,5999395,2578.0,39.0,23.0,-3.0,,2026-07-24T11:49:03.332230+08:00
2892,2021-12-20,-566076,-5383412,505559,-5443929,2599.0,39.0,21.0,0.0,,2026-07-24T11:49:03.332230+08:00
2892,2021-12-21,5498,3813253,23820,3842571,2615.0,39.0,16.0,0.0,,2026-07-24T11:49:03.332230+08:00
2892,2021-12-22,26000,-1058230,293000,-739230,2628.0,40.0,13.0,1.0,,2026-07-24T11:49:03.332230+08:00
2892,2021-12-23,110000,414110,145000,669110,2630.0,41.0,2.0,1.0,,2026-07-24T11:49:03.332230+08:00
2892,2021-12-24,5000,2087900,0,2092900,2616.0,41.0,-14.0,0.0,,2026-07-24T11:49:03.332230+08:00
2892,2021-12-27,-8000,1857162,27000,1876162,2603.0,43.0,-13.0,2.0,,2026-07-24T11:49:03.332230+08:00
2892,2021-12-28,-73000,6052000,-331000,5648000,2591.0,44.0,-12.0,1.0,,2026-07-24T11:49:03.332230+08:00
2892,2021-12-29,74999,4572739,-37000,4610738,2652.0,47.0,61.0,3.0,,2026-07-24T11:49:03.332230+08:00
2892,2021-12-30,17000,-2503720,-41000,-2527720,2695.0,49.0,43.0,2.0,,2026-07-24T11:49:03.332230+08:00
2892,2022-01-03,45158,2791000,-2128000,708158,2681.0,50.0,-14.0,1.0,,2026-07-24T11:49:03.332230+08:00
2892,2022-01-04,13850,706400,158000,878250,2502.0,50.0,-179.0,0.0,,2026-07-24T11:49:03.332230+08:00
2892,2022-01-05,-112740,2837610,408155,3133025,2622.0,52.0,120.0,2.0,,2026-07-24T11:49:03.332230+08:00
2892,2022-01-06,-56000,7170748,-4000,7110748,2646.0,53.0,24.0,1.0,,2026-07-24T11:49:03.332230+08:00
2892,2022-01-07,171000,2098580,176000,2445580,1887.0,55.0,-759.0,2.0,,2026-07-24T11:49:03.332230+08:00
2892,2022-01-10,62015,-115964,501000,447051,1881.0,56.0,-6.0,1.0,,2026-07-24T11:49:03.332230+08:00
2892,2022-01-11,19000,5091288,-1000,5109288,1922.0,58.0,41.0,2.0,,2026-07-24T11:49:03.332230+08:00
2892,2022-01-12,128000,731735,360000,1219735,1936.0,60.0,14.0,2.0,,2026-07-24T11:49:03.332230+08:00
2892,2022-01-13,28000,6602360,771000,7401360,2078.0,60.0,142.0,0.0,,2026-07-24T11:49:03.332230+08:00
2892,2022-01-14,8144,1332300,943730,2284174,1962.0,62.0,-116.0,2.0,,2026-07-24T11:49:03.332230+08:00
2892,2022-01-17,32000,505910,1105342,1643252,1973.0,63.0,11.0,1.0,,2026-07-24T11:49:03.332230+08:00
2892,2022-01-18,-3050,3096037,-404401,2688586,2012.0,65.0,39.0,2.0,,2026-07-24T11:49:03.332230+08:00
2892,2022-01-19,-241045,4147057,326000,4232012,1947.0,80.0,-65.0,15.0,,2026-07-24T11:49:03.332230+08:00
2892,2022-01-20,125180,6140005,-23000,6242185,1903.0,80.0,-44.0,0.0,,2026-07-24T11:49:03.332230+08:00
2892,2022-01-21,379199,-1920046,1281000,-259847,1900.0,82.0,-3.0,2.0,,2026-07-24T11:49:03.332230+08:00
2892,2022-01-24,115111,3048728,568000,3731839,1812.0,81.0,-88.0,-1.0,,2026-07-24T11:49:03.332230+08:00
2892,2022-01-25,-677081,-654000,1426000,94919,1796.0,79.0,-16.0,-2.0,,2026-07-24T11:49:03.332230+08:00
2892,2022-01-26,243362,3503228,374000,4120590,1751.0,76.0,-45.0,-3.0,,2026-07-24T11:49:03.332230+08:00
2892,2022-02-07,297598,4624620,386000,5308218,1803.0,81.0,52.0,5.0,,2026-07-24T11:49:03.332230+08:00
2892,2022-02-08,418204,1375924,884000,2678128,1763.0,91.0,-40.0,10.0,,2026-07-24T11:49:03.332230+08:00
2892,2022-02-09,593997,5308563,1271000,7173560,1843.0,95.0,80.0,4.0,,2026-07-24T11:49:03.332230+08:00
2892,2022-02-10,-98000,1145261,570000,1617261,1825.0,95.0,-18.0,0.0,,2026-07-24T11:49:03.332230+08:00
2892,2022-02-11,-3240,-135800,526000,386960,1838.0,95.0,13.0,0.0,,2026-07-24T11:49:03.332230+08:00
2892,2022-02-14,-21436,3625567,1249000,4853131,1859.0,95.0,21.0,0.0,,2026-07-24T11:49:03.332230+08:00
2892,2022-02-15,1092,-2003672,899000,-1103580,1780.0,95.0,-79.0,0.0,,2026-07-24T11:49:03.332230+08:00
2892,2022-02-16,276000,946489,1067000,2289489,1751.0,95.0,-29.0,0.0,,2026-07-24T11:49:03.332230+08:00
2892,2022-02-17,158000,2794100,390000,3342100,1768.0,96.0,17.0,1.0,,2026-07-24T11:49:03.332230+08:00
2892,2022-02-18,35713,-3186861,478000,-2673148,1845.0,97.0,77.0,1.0,,2026-07-24T11:49:03.332230+08:00
2892,2022-02-21,37502,514980,1131359,1683841,1900.0,97.0,55.0,0.0,,2026-07-24T11:49:03.332230+08:00
2892,2022-02-22,-447909,-8270186,2320000,-6398095,1833.0,95.0,-67.0,-2.0,,2026-07-24T11:49:03.332230+08:00
2892,2022-02-23,227450,83891,1627000,1938341,1812.0,96.0,-21.0,1.0,,2026-07-24T11:49:03.332230+08:00
2892,2022-02-24,-3109,-7046544,2130000,-4919653,1750.0,87.0,-62.0,-9.0,,2026-07-24T11:49:03.332230+08:00
2892,2022-02-25,206689,-9771824,2871000,-6694135,1766.0,88.0,16.0,1.0,,2026-07-24T11:49:03.332230+08:00
2892,2022-03-01,306427,1488851,1391000,3186278,1766.0,66.0,0.0,-22.0,,2026-07-24T11:49:03.332230+08:00
2892,2022-03-02,438176,2139358,621000,3198534,1764.0,68.0,-2.0,2.0,,2026-07-24T11:49:03.332230+08:00
2892,2022-03-03,26418,-1781286,-17000,-1771868,1759.0,68.0,-5.0,0.0,,2026-07-24T11:49:03.332230+08:00
2892,2022-03-04,-199444,-4196500,124000,-4271944,1720.0,50.0,-39.0,-18.0,,2026-07-24T11:49:03.332230+08:00
2892,2022-03-07,-294760,-12215000,2703000,-9806760,1544.0,77.0,-176.0,27.0,,2026-07-24T11:49:03.332230+08:00
2892,2022-03-08,767576,-5789338,2364000,-2657762,1558.0,76.0,14.0,-1.0,,2026-07-24T11:49:03.332230+08:00
2892,2022-03-09,-86000,-2312607,601000,-1797607,1558.0,76.0,0.0,0.0,,2026-07-24T11:49:03.332230+08:00
2892,2022-03-10,40698,4376977,-188000,4229675,1533.0,76.0,-25.0,0.0,,2026-07-24T11:49:03.332230+08:00
2892,2022-03-11,53761,-903570,3000,-846809,1540.0,76.0,7.0,0.0,,2026-07-24T11:49:03.332230+08:00
2892,2022-03-14,88893,1918366,312000,2319259,1487.0,85.0,-53.0,9.0,,2026-07-24T11:49:03.332230+08:00
2892,2022-03-15,65593,1170000,491000,1726593,1473.0,86.0,-14.0,1.0,,2026-07-24T11:49:03.332230+08:00
2892,2022-03-16,245681,7612437,198000,8056118,1524.0,86.0,51.0,0.0,,2026-07-24T11:49:03.332230+08:00
2892,2022-03-17,146000,6280205,8000,6434205,1883.0,87.0,359.0,1.0,,2026-07-24T11:49:03.332230+08:00
2892,2022-03-18,104705,10488265,-1365381,9227589,2693.0,82.0,810.0,-5.0,,2026-07-24T11:49:03.332230+08:00
2892,2022-03-21,103036,853800,-46000,910836,2679.0,79.0,-14.0,-3.0,,2026-07-24T11:49:03.332230+08:00
2892,2022-03-22,152454,4379767,853000,5385221,1886.0,80.0,-793.0,1.0,,2026-07-24T11:49:03.332230+08:00
2892,2022-03-23,987489,4488834,-62000,5414323,2247.0,75.0,361.0,-5.0,,2026-07-24T11:49:03.332230+08:00
2892,2022-03-24,100000,4498034,-107000,4491034,2210.0,75.0,-37.0,0.0,,2026-07-24T11:49:03.332230+08:00
2892,2022-03-25,-320005,5927980,29000,5636975,2005.0,77.0,-205.0,2.0,,2026-07-24T11:49:03.332230+08:00
2892,2022-03-28,575629,158520,319000,1053149,1958.0,79.0,-47.0,2.0,,2026-07-24T11:49:03.332230+08:00
2892,2022-03-29,-133433,-1489057,57000,-1565490,2051.0,78.0,93.0,-1.0,,2026-07-24T11:49:03.332230+08:00
2892,2022-03-30,92688,6987318,103000,7183006,2002.0,78.0,-49.0,0.0,,2026-07-24T11:49:03.332230+08:00
2892,2022-03-31,170379,10192083,-60000,10302462,2160.0,74.0,158.0,-4.0,,2026-07-24T11:49:03.332230+08:00
2892,2022-04-01,96000,336255,-38000,394255,2156.0,57.0,-4.0,-17.0,,2026-07-24T11:49:03.332230+08:00
2892,2022-04-06,1024034,3203858,436000,4663892,2505.0,74.0,349.0,17.0,,2026-07-24T11:49:03.332230+08:00
2892,2022-04-07,-51588,-6340239,-249000,-6640827,2482.0,97.0,-23.0,23.0,,2026-07-24T11:49:03.332230+08:00
2892,2022-04-08,26771,3896964,554000,4477735,2809.0,66.0,327.0,-31.0,,2026-07-24T11:49:03.332230+08:00
2892,2022-04-11,-48141,-383359,1251000,819500,2732.0,0.0,-77.0,-66.0,,2026-07-24T11:49:03.332230+08:00
2892,2022-04-12,-413704,1416439,997000,1999735,2740.0,0.0,8.0,0.0,,2026-07-24T11:49:03.332230+08:00
2892,2022-04-13,600224,-504645,181000,276579,2816.0,0.0,76.0,0.0,,2026-07-24T11:49:03.332230+08:00
2892,2022-04-14,-63266,2012695,-387000,1562429,2603.0,0.0,-213.0,0.0,,2026-07-24T11:49:03.332230+08:00
2892,2022-04-15,42695,2680000,1739000,4461695,2629.0,4.0,26.0,4.0,,2026-07-24T11:49:03.332230+08:00
2892,2022-04-18,230873,4485177,2487000,7203050,2527.0,11.0,-102.0,7.0,,2026-07-24T11:49:03.332230+08:00
2892,2022-04-19,132942,-1822364,388000,-1301422,2581.0,10.0,54.0,-1.0,,2026-07-24T11:49:03.332230+08:00
2892,2022-04-20,274004,934402,255000,1463406,2602.0,14.0,21.0,4.0,,2026-07-24T11:49:03.332230+08:00
2892,2022-04-21,-301788,-4102448,175000,-4229236,2727.0,9.0,125.0,-5.0,,2026-07-24T11:49:03.332230+08:00
2892,2022-04-22,82392,-1128461,229000,-817069,2763.0,10.0,36.0,1.0,,2026-07-24T11:49:03.332230+08:00
2892,2022-04-25,-272389,-4756972,1689000,-3340361,2643.0,4.0,-120.0,-6.0,,2026-07-24T11:49:03.332230+08:00
2892,2022-04-26,205040,2241179,-181000,2265219,2728.0,11.0,85.0,7.0,,2026-07-24T11:49:03.332230+08:00
2892,2022-04-27,-313620,-4085500,1427000,-2972120,2722.0,19.0,-6.0,8.0,,2026-07-24T11:49:03.332230+08:00
2892,2022-04-28,17863,-3084712,175000,-2891849,2684.0,25.0,-38.0,6.0,,2026-07-24T11:49:03.332230+08:00
2892,2022-04-29,-87513,551970,748000,1212457,2684.0,13.0,0.0,-12.0,,2026-07-24T11:49:03.332230+08:00
2892,2022-05-03,-416220,-851000,1116000,-151220,2607.0,86.0,-77.0,73.0,,2026-07-24T11:49:03.332230+08:00
2892,2022-05-04,140562,-2802915,1225000,-1437353,2670.0,19.0,63.0,-67.0,,2026-07-24T11:49:03.332230+08:00
2892,2022-05-05,-563651,-4875718,1751000,-3688369,2662.0,14.0,-8.0,-5.0,,2026-07-24T11:49:03.332230+08:00
2892,2022-05-06,341,-705541,1230000,524800,2629.0,32.0,-33.0,18.0,,2026-07-24T11:49:03.332230+08:00
2892,2022-05-09,-106532,625000,2024000,2542468,2662.0,33.0,33.0,1.0,,2026-07-24T11:49:03.332230+08:00
2892,2022-05-10,285013,3104419,2005000,5394432,2646.0,44.0,-16.0,11.0,,2026-07-24T11:49:03.332230+08:00
2892,2022-05-11,-20048,2032166,745000,2757118,2651.0,33.0,5.0,-11.0,,2026-07-24T11:49:03.332230+08:00
2892,2022-05-12,-48233,-3834988,1085000,-2798221,2533.0,59.0,-118.0,26.0,,2026-07-24T11:49:03.332230+08:00
2892,2022-05-13,842033,-362718,1195000,1674315,2635.0,64.0,102.0,5.0,,2026-07-24T11:49:03.332230+08:00
2892,2022-05-16,301229,-4069677,1957000,-1811448,2399.0,106.0,-236.0,42.0,,2026-07-24T11:49:03.332230+08:00
2892,2022-05-17,554727,-4836322,40000,-4241595,2392.0,105.0,-7.0,-1.0,,2026-07-24T11:49:03.332230+08:00
2892,2022-05-18,210112,3255865,710000,4175977,2542.0,78.0,150.0,-27.0,,2026-07-24T11:49:03.332230+08:00
2892,2022-05-19,-65346,-6633259,-2000,-6700605,2561.0,72.0,19.0,-6.0,,2026-07-24T11:49:03.332230+08:00
2892,2022-05-20,12245,3036915,174000,3223160,2665.0,66.0,104.0,-6.0,,2026-07-24T11:49:03.332230+08:00
2892,2022-05-23,318784,-2331568,3946223,1933439,2603.0,177.0,-62.0,111.0,,2026-07-24T11:49:03.332230+08:00
2892,2022-05-24,55328,5873880,-234862,5694346,2569.0,288.0,-34.0,111.0,,2026-07-24T11:49:03.332230+08:00
2892,2022-05-25,720065,1056171,-2180927,-404691,2545.0,501.0,-24.0,213.0,,2026-07-24T11:49:03.332230+08:00
2892,2022-05-26,124971,1655620,-2965719,-1185128,2578.0,509.0,33.0,8.0,,2026-07-24T11:49:03.332230+08:00
2892,2022-05-27,435816,6222000,-2553043,4104773,2381.0,508.0,-197.0,-1.0,,2026-07-24T11:49:03.332230+08:00
2892,2022-05-30,550036,5708565,-3341625,2916976,2600.0,156.0,219.0,-352.0,,2026-07-24T11:49:03.332230+08:00
2892,2022-05-31,-99177,5295953,-3793680,1403096,2588.0,547.0,-12.0,391.0,,2026-07-24T11:49:03.332230+08:00
2892,2022-06-01,25873,-4588132,-170820,-4733079,2573.0,72.0,-15.0,-475.0,,2026-07-24T11:49:03.332230+08:00
2892,2022-06-02,-138105,-3464212,-34730,-3637047,2510.0,79.0,-63.0,7.0,,2026-07-24T11:49:03.332230+08:00
2892,2022-06-06,102231,-2410256,-73632,-2381657,2477.0,89.0,-33.0,10.0,,2026-07-24T11:49:03.332230+08:00
2892,2022-06-07,46481,-2697937,-36312,-2687768,2434.0,89.0,-43.0,0.0,,2026-07-24T11:49:03.332230+08:00
2892,2022-06-08,404723,-508463,23000,-80740,2407.0,85.0,-27.0,-4.0,,2026-07-24T11:49:03.332230+08:00
2892,2022-06-09,0,-2566970,14000,-2552970,2390.0,84.0,-17.0,-1.0,,2026-07-24T11:49:03.332230+08:00
2892,2022-06-10,105596,-3215560,0,-3109964,2438.0,85.0,48.0,1.0,,2026-07-24T11:49:03.332230+08:00
2892,2022-06-13,-100281,-11312118,1480000,-9932399,2432.0,85.0,-6.0,0.0,,2026-07-24T11:49:03.332230+08:00
2892,2022-06-14,112717,4567921,-581000,4099638,2349.0,82.0,-83.0,-3.0,,2026-07-24T11:49:03.332230+08:00
2892,2022-06-15,-613409,3888785,-1200138,2075238,2319.0,59.0,-30.0,-23.0,,2026-07-24T11:49:03.332230+08:00
2892,2022-06-16,-316883,6499000,2337000,8519117,2452.0,59.0,133.0,0.0,,2026-07-24T11:49:03.332230+08:00
2892,2022-06-17,74984,1060031,-7930510,-6795495,2544.0,67.0,92.0,8.0,,2026-07-24T11:49:03.332230+08:00
2892,2022-06-20,81644,17354188,-7847000,9588832,2439.0,99.0,-105.0,32.0,,2026-07-24T11:49:03.332230+08:00
2892,2022-06-21,1770162,17988814,-6454737,13304239,2303.0,128.0,-136.0,29.0,,2026-07-24T11:49:03.332230+08:00
2892,2022-06-22,484867,-7071912,634000,-5953045,2328.0,128.0,25.0,0.0,,2026-07-24T11:49:03.332230+08:00
2892,2022-06-23,2367665,6343150,795000,9505815,2521.0,123.0,193.0,-5.0,,2026-07-24T11:49:03.332230+08:00
2892,2022-06-24,3924640,7930221,508968,12363829,2496.0,126.0,-25.0,3.0,,2026-07-24T11:49:03.332230+08:00
2892,2022-06-27,910470,4212940,958000,6081410,2803.0,118.0,307.0,-8.0,,2026-07-24T11:49:03.332230+08:00
2892,2022-06-28,406558,2395251,601000,3402809,2800.0,126.0,-3.0,8.0,,2026-07-24T11:49:03.332230+08:00
2892,2022-06-29,61825,-312911,593000,341914,2823.0,116.0,23.0,-10.0,,2026-07-24T11:49:03.332230+08:00
2892,2022-06-30,30711,-8991700,2294000,-6666989,2586.0,76.0,-237.0,-40.0,,2026-07-24T11:49:03.332230+08:00
2892,2022-07-01,1528646,-6059700,910000,-3621054,2556.0,57.0,-30.0,-19.0,,2026-07-24T11:49:03.332230+08:00
2892,2022-07-04,1664286,-5160173,1115000,-2380887,2573.0,55.0,17.0,-2.0,,2026-07-24T11:49:03.332230+08:00
2892,2022-07-05,1263263,-3575208,1044000,-1267945,2565.0,54.0,-8.0,-1.0,,2026-07-24T11:49:03.332230+08:00
2892,2022-07-06,-53778,-2974318,564000,-2464096,2587.0,60.0,22.0,6.0,,2026-07-24T11:49:03.332230+08:00
2892,2022-07-07,-71167,-3051932,794000,-2329099,2574.0,72.0,-13.0,12.0,,2026-07-24T11:49:03.332230+08:00
2892,2022-07-08,-56641,-3615600,454000,-3218241,2541.0,78.0,-33.0,6.0,,2026-07-24T11:49:03.332230+08:00
2892,2022-07-11,-108181,-3362266,-786000,-4256447,2494.0,170.0,-47.0,92.0,,2026-07-24T11:49:03.332230+08:00
2892,2022-07-12,-1017178,-3964800,208000,-4773978,2655.0,215.0,161.0,45.0,,2026-07-24T11:49:03.332230+08:00
2892,2022-07-13,1336568,2361500,564000,4262068,2495.0,289.0,-160.0,74.0,,2026-07-24T11:49:03.332230+08:00
2892,2022-07-14,-331808,-3009000,327000,-3013808,2507.0,307.0,12.0,18.0,,2026-07-24T11:49:03.332230+08:00
2892,2022-07-15,-252190,-4810635,-204000,-5266825,2448.0,541.0,-59.0,234.0,,2026-07-24T11:49:03.332230+08:00
2892,2022-07-18,228823,389790,749000,1367613,2562.0,650.0,114.0,109.0,,2026-07-24T11:49:03.332230+08:00
2892,2022-07-19,171625,-981946,1168000,357679,2569.0,533.0,7.0,-117.0,,2026-07-24T11:49:03.332230+08:00
2892,2022-07-20,120461,-3647381,179107,-3347813,2561.0,330.0,-8.0,-203.0,,2026-07-24T11:49:03.332230+08:00
2892,2022-07-21,-12000,2310187,290000,2588187,2573.0,304.0,12.0,-26.0,,2026-07-24T11:49:03.332230+08:00
2892,2022-07-22,15929,-1348606,103135,-1229542,4268.0,246.0,1695.0,-58.0,,2026-07-24T11:49:03.332230+08:00
2892,2022-07-25,102005,-984909,420000,-462904,4281.0,191.0,13.0,-55.0,,2026-07-24T11:49:03.332230+08:00
2892,2022-07-26,-22547,-3780400,866000,-2936947,4146.0,158.0,-135.0,-33.0,,2026-07-24T11:49:03.332230+08:00
2892,2022-07-27,133322,3857785,467000,4458107,3539.0,55.0,-607.0,-103.0,,2026-07-24T11:49:03.332230+08:00
2892,2022-07-28,-25000,-191347,255000,38653,3854.0,45.0,315.0,-10.0,,2026-07-24T11:49:03.332230+08:00
2892,2022-07-29,-29000,-3060530,177000,-2912530,3967.0,0.0,113.0,-45.0,,2026-07-24T11:49:03.332230+08:00
2892,2022-08-01,368897,-1210442,3029000,2187455,3750.0,0.0,-217.0,0.0,,2026-07-24T11:49:03.332230+08:00
2892,2022-08-02,129826,-7447198,1306000,-6011372,4000.0,0.0,250.0,0.0,,2026-07-24T11:49:03.332230+08:00
2892,2022-08-03,332000,-1484666,2084000,931334,3117.0,0.0,-883.0,0.0,,2026-07-24T11:49:03.332230+08:00
2892,2022-08-04,-602905,-5594680,469000,-5728585,2724.0,33.0,-393.0,33.0,,2026-07-24T11:49:03.332230+08:00
2892,2022-08-05,28156,1198940,19000,1246096,2767.0,34.0,43.0,1.0,,2026-07-24T11:49:03.332230+08:00
2892,2022-08-08,29296,-6979910,100000,-6850614,2682.0,28.0,-85.0,-6.0,,2026-07-24T11:49:03.332230+08:00
2892,2022-08-09,137384,2885927,101000,3124311,2516.0,27.0,-166.0,-1.0,,2026-07-24T11:49:03.332230+08:00
2892,2022-08-10,-305915,475584,289000,458669,2400.0,36.0,-116.0,9.0,,2026-07-24T11:49:03.332230+08:00
2892,2022-08-11,105200,2806634,439000,3350834,2659.0,43.0,259.0,7.0,,2026-07-24T11:49:03.332230+08:00
2892,2022-08-12,-298975,66653,709000,476678,2704.0,77.0,45.0,34.0,,2026-07-24T11:49:03.332230+08:00
2892,2022-08-15,104425,161000,1223000,1488425,2699.0,67.0,-5.0,-10.0,,2026-07-24T11:49:03.332230+08:00
2892,2022-08-16,-22231,1342284,1798000,3118053,2690.0,67.0,-9.0,0.0,,2026-07-24T11:49:03.332230+08:00
2892,2022-08-17,-247636,1046481,423000,1221845,2739.0,67.0,49.0,0.0,,2026-07-24T11:49:03.332230+08:00
2892,2022-08-18,103218,1282743,284000,1669961,2611.0,69.0,-128.0,2.0,,2026-07-24T11:49:03.332230+08:00
2892,2022-08-19,-5479,1504280,707000,2205801,2594.0,71.0,-17.0,2.0,,2026-07-24T11:49:03.332230+08:00
2892,2022-08-22,-9512,33332,1211000,1234820,2639.0,71.0,45.0,0.0,,2026-07-24T11:49:03.332230+08:00
2892,2022-08-23,-74602,-2051100,832000,-1293702,2604.0,68.0,-35.0,-3.0,,2026-07-24T11:49:03.332230+08:00
2892,2022-08-24,-7951,1434042,955160,2381251,2586.0,76.0,-18.0,8.0,,2026-07-24T11:49:03.332230+08:00
2892,2022-08-25,207017,2049910,1006000,3262927,2590.0,76.0,4.0,0.0,,2026-07-24T11:49:03.332230+08:00
2892,2022-08-26,15068,498010,467000,980078,2553.0,76.0,-37.0,0.0,,2026-07-24T11:49:03.332230+08:00
2892,2022-08-29,-820539,-2193326,1838000,-1175865,2586.0,75.0,33.0,-1.0,,2026-07-24T11:49:03.332230+08:00
2892,2022-08-30,-111162,-3982818,1244000,-2849980,2581.0,76.0,-5.0,1.0,,2026-07-24T11:49:03.332230+08:00
2892,2022-08-31,149975,1045470,309000,1504445,2536.0,67.0,-45.0,-9.0,,2026-07-24T11:49:03.332230+08:00
2892,2022-09-01,-2338289,-2993789,1629000,-3703078,2670.0,67.0,134.0,0.0,,2026-07-24T11:49:03.332230+08:00
2892,2022-09-02,-7308,-1561426,1248000,-320734,2691.0,67.0,21.0,0.0,,2026-07-24T11:49:03.332230+08:00
2892,2022-09-05,94956,2016796,767000,2878752,2521.0,70.0,-170.0,3.0,,2026-07-24T11:49:03.332230+08:00
2892,2022-09-06,-90813,2365072,849000,3123259,2104.0,120.0,-417.0,50.0,,2026-07-24T11:49:03.332230+08:00
2892,2022-09-07,-1255807,-5262377,1641000,-4877184,2137.0,121.0,33.0,1.0,,2026-07-24T11:49:03.332230+08:00
2892,2022-09-08,-15622,1292652,531000,1808030,2216.0,121.0,79.0,0.0,,2026-07-24T11:49:03.332230+08:00
2892,2022-09-12,151000,6794846,20000,6965846,2098.0,127.0,-118.0,6.0,,2026-07-24T11:49:03.332230+08:00
2892,2022-09-13,175000,-323304,593000,444696,2050.0,133.0,-48.0,6.0,,2026-07-24T11:49:03.332230+08:00
2892,2022-09-14,-437243,-4145988,223289,-4359942,2076.0,141.0,26.0,8.0,,2026-07-24T11:49:03.332230+08:00
2892,2022-09-15,-374079,-1540268,66000,-1848347,2067.0,130.0,-9.0,-11.0,,2026-07-24T11:49:03.332230+08:00
2892,2022-09-16,-456251,1428691,9148236,10120676,1921.0,150.0,-146.0,20.0,,2026-07-24T11:49:03.332230+08:00
2892,2022-09-19,72454,-638412,1192000,626042,1982.0,145.0,61.0,-5.0,,2026-07-24T11:49:03.332230+08:00
2892,2022-09-20,74356,-1698552,968000,-656196,1990.0,147.0,8.0,2.0,,2026-07-24T11:49:03.332230+08:00
2892,2022-09-21,-545049,5167851,593920,5216722,1937.0,146.0,-53.0,-1.0,,2026-07-24T11:49:03.332230+08:00
2892,2022-09-22,-236136,-4844334,2194000,-2886470,1989.0,127.0,52.0,-19.0,,2026-07-24T11:49:03.332230+08:00
2892,2022-09-23,-25358,641000,518000,1133642,1881.0,135.0,-108.0,8.0,,2026-07-24T11:49:03.332230+08:00
2892,2022-09-26,4010,425764,2785000,3214774,2229.0,129.0,348.0,-6.0,,2026-07-24T11:49:03.332230+08:00
2892,2022-09-27,-52142,4643095,1571029,6161982,2162.0,137.0,-67.0,8.0,,2026-07-24T11:49:03.332230+08:00
2892,2022-09-28,132389,2685925,1514317,4332631,2153.0,174.0,-9.0,37.0,,2026-07-24T11:49:03.332230+08:00
2892,2022-09-29,416888,-563243,1077670,931315,2203.0,189.0,50.0,15.0,,2026-07-24T11:49:03.332230+08:00
2892,2022-09-30,495945,-2553280,924000,-1133335,2218.0,196.0,15.0,7.0,,2026-07-24T11:49:03.332230+08:00
2892,2022-10-03,43283,3365040,1604970,5013293,2220.0,247.0,2.0,51.0,,2026-07-24T11:49:03.332230+08:00
2892,2022-10-04,230230,4955553,446471,5632254,2361.0,230.0,141.0,-17.0,,2026-07-24T11:49:03.332230+08:00
2892,2022-10-05,-10440,1761129,182000,1932689,2529.0,213.0,168.0,-17.0,,2026-07-24T11:49:03.332230+08:00
2892,2022-10-06,-26710,7049095,545000,7567385,2554.0,195.0,25.0,-18.0,,2026-07-24T11:49:03.332230+08:00
2892,2022-10-07,11411,3410000,430000,3851411,2606.0,196.0,52.0,1.0,,2026-07-24T11:49:03.332230+08:00
2892,2022-10-11,-56314,-636494,2680809,1988001,2525.0,192.0,-81.0,-4.0,,2026-07-24T11:49:03.332230+08:00
2892,2022-10-12,218873,1500000,654000,2372873,2535.0,163.0,10.0,-29.0,,2026-07-24T11:49:03.332230+08:00
2892,2022-10-13,-45891,-412600,1847000,1388509,2606.0,219.0,71.0,56.0,,2026-07-24T11:49:03.332230+08:00
2892,2022-10-14,630490,1906030,544494,3081014,2567.0,228.0,-39.0,9.0,,2026-07-24T11:49:03.332230+08:00
2892,2022-10-17,494257,3483508,1299854,5277619,2535.0,293.0,-32.0,65.0,,2026-07-24T11:49:03.332230+08:00
2892,2022-10-18,720288,-2148223,616000,-811935,2578.0,319.0,43.0,26.0,,2026-07-24T11:49:03.332230+08:00
2892,2022-10-19,462155,-1032595,-1934000,-2504440,2613.0,205.0,35.0,-114.0,,2026-07-24T11:49:03.332230+08:00
2892,2022-10-20,61583,5693445,-664000,5091028,2569.0,177.0,-44.0,-28.0,,2026-07-24T11:49:03.332230+08:00
2892,2022-10-21,34533,5568322,51000,5653855,2465.0,209.0,-104.0,32.0,,2026-07-24T11:49:03.332230+08:00
2892,2022-10-24,1400000,2284000,716000,4400000,2444.0,213.0,-21.0,4.0,,2026-07-24T11:49:03.332230+08:00
2892,2022-10-25,2352086,4333689,509000,7194775,2578.0,195.0,134.0,-18.0,,2026-07-24T11:49:03.332230+08:00
2892,2022-10-26,1364845,1706644,84000,3155489,2539.0,202.0,-39.0,7.0,,2026-07-24T11:49:03.332230+08:00
2892,2022-10-27,141552,-1666170,-245000,-1769618,2522.0,201.0,-17.0,-1.0,,2026-07-24T11:49:03.332230+08:00
2892,2022-10-28,42400,1399526,241000,1682926,2495.0,202.0,-27.0,1.0,,2026-07-24T11:49:03.332230+08:00
2892,2022-10-31,126000,630744,9870,766614,2474.0,202.0,-21.0,0.0,,2026-07-24T11:49:03.332230+08:00
2892,2022-11-01,653455,2412980,142000,3208435,2396.0,209.0,-78.0,7.0,,2026-07-24T11:49:03.332230+08:00
2892,2022-11-02,21517,-534818,602000,88699,2419.0,204.0,23.0,-5.0,,2026-07-24T11:49:03.332230+08:00
2892,2022-11-03,-8285,-2695656,734000,-1969941,2459.0,202.0,40.0,-2.0,,2026-07-24T11:49:03.332230+08:00
2892,2022-11-04,24431,4023020,545000,4592451,2440.0,232.0,-19.0,30.0,,2026-07-24T11:49:03.332230+08:00
2892,2022-11-07,19649,1708026,333000,2060675,2371.0,222.0,-69.0,-10.0,,2026-07-24T11:49:03.332230+08:00
2892,2022-11-08,13000,3272974,667000,3952974,2354.0,222.0,-17.0,0.0,,2026-07-24T11:49:03.332230+08:00
2892,2022-11-09,-52000,3864445,56000,3868445,2327.0,227.0,-27.0,5.0,,2026-07-24T11:49:03.332230+08:00
2892,2022-11-10,28653,171596,441000,641249,2292.0,227.0,-35.0,0.0,,2026-07-24T11:49:03.332230+08:00
2892,2022-11-11,-81138,9524546,12000,9455408,2090.0,226.0,-202.0,-1.0,,2026-07-24T11:49:03.332230+08:00
2892,2022-11-14,-28712,690536,-659000,2824,2137.0,222.0,47.0,-4.0,,2026-07-24T11:49:03.332230+08:00
2892,2022-11-15,-554135,4744283,-564000,3626148,2108.0,239.0,-29.0,17.0,,2026-07-24T11:49:03.332230+08:00
2892,2022-11-16,-919348,131081,-21000,-809267,2112.0,224.0,4.0,-15.0,,2026-07-24T11:49:03.332230+08:00
2892,2022-11-17,55675,-877326,-1491000,-2312651,2134.0,225.0,22.0,1.0,,2026-07-24T11:49:03.332230+08:00
2892,2022-11-18,51134,-2214306,-263000,-2426172,2249.0,205.0,115.0,-20.0,,2026-07-24T11:49:03.332230+08:00
2892,2022-11-21,107663,878892,10000,996555,2273.0,213.0,24.0,8.0,,2026-07-24T11:49:03.332230+08:00
2892,2022-11-22,68838,2814236,-1715000,1168074,2344.0,215.0,71.0,2.0,,2026-07-24T11:49:03.332230+08:00
2892,2022-11-23,204000,-709054,-1135000,-1640054,2345.0,228.0,1.0,13.0,,2026-07-24T11:49:03.332230+08:00
2892,2022-11-24,150448,2546010,-1312000,1384458,2445.0,229.0,100.0,1.0,,2026-07-24T11:49:03.332230+08:00
2892,2022-11-25,-22888,7252017,-1458000,5771129,2119.0,218.0,-326.0,-11.0,,2026-07-24T11:49:03.332230+08:00
2892,2022-11-28,-398796,645863,-1392000,-1144933,2060.0,185.0,-59.0,-33.0,,2026-07-24T11:49:03.332230+08:00
2892,2022-11-29,24000,8669392,-1441000,7252392,1984.0,182.0,-76.0,-3.0,,2026-07-24T11:49:03.332230+08:00
2892,2022-11-30,-14002,8004502,-2114282,5876218,2015.0,182.0,31.0,0.0,,2026-07-24T11:49:03.332230+08:00
2892,2022-12-01,-554450,337157,-1675000,-1892293,2071.0,172.0,56.0,-10.0,,2026-07-24T11:49:03.332230+08:00
2892,2022-12-02,-545727,-4572670,-1818106,-6936503,2445.0,170.0,374.0,-2.0,,2026-07-24T11:49:03.332230+08:00
2892,2022-12-05,-126990,2096041,-2658780,-689729,2354.0,152.0,-91.0,-18.0,,2026-07-24T11:49:03.332230+08:00
2892,2022-12-06,-102000,-358025,-793960,-1253985,2195.0,152.0,-159.0,0.0,,2026-07-24T11:49:03.332230+08:00
2892,2022-12-07,-3155,6280633,0,6277478,2177.0,155.0,-18.0,3.0,,2026-07-24T11:49:03.332230+08:00
2892,2022-12-08,-74000,1730940,365000,2021940,2179.0,154.0,2.0,-1.0,,2026-07-24T11:49:03.332230+08:00
2892,2022-12-09,6000,1739236,0,1745236,2110.0,154.0,-69.0,0.0,,2026-07-24T11:49:03.332230+08:00
2892,2022-12-12,-57287,2364922,523000,2830635,2088.0,157.0,-22.0,3.0,,2026-07-24T11:49:03.332230+08:00
2892,2022-12-13,-8501,-7062000,280000,-6790501,2171.0,151.0,83.0,-6.0,,2026-07-24T11:49:03.332230+08:00
2892,2022-12-14,483832,2609148,-3032,3089948,1906.0,151.0,-265.0,0.0,,2026-07-24T11:49:03.332230+08:00
2892,2022-12-15,-244899,376610,1000,132711,1853.0,161.0,-53.0,10.0,,2026-07-24T11:49:03.332230+08:00
2892,2022-12-16,-743000,-2178684,1331000,-1590684,1840.0,167.0,-13.0,6.0,,2026-07-24T11:49:03.332230+08:00
2892,2022-12-19,-239697,1292317,289235,1341855,1802.0,161.0,-38.0,-6.0,,2026-07-24T11:49:03.332230+08:00
2892,2022-12-20,-381133,3186432,945000,3750299,1712.0,161.0,-90.0,0.0,,2026-07-24T11:49:03.332230+08:00
2892,2022-12-21,-811987,-531503,1880000,536510,1680.0,171.0,-32.0,10.0,,2026-07-24T11:49:03.332230+08:00
2892,2022-12-22,131000,2138849,0,2269849,1749.0,176.0,69.0,5.0,,2026-07-24T11:49:03.332230+08:00
2892,2022-12-23,-537760,-1371800,43000,-1866560,1754.0,176.0,5.0,0.0,,2026-07-24T11:49:03.332230+08:00
2892,2022-12-26,-108439,2449000,382000,2722561,1753.0,176.0,-1.0,0.0,,2026-07-24T11:49:03.332230+08:00
2892,2022-12-27,52032,4207700,27000,4286732,1738.0,176.0,-15.0,0.0,,2026-07-24T11:49:03.332230+08:00
2892,2022-12-28,-721587,749110,665000,692523,1674.0,173.0,-64.0,-3.0,,2026-07-24T11:49:03.332230+08:00
2892,2022-12-29,-197717,-4391040,4152000,-436757,1779.0,171.0,105.0,-2.0,,2026-07-24T11:49:03.332230+08:00
2892,2022-12-30,249214,6586000,3355000,10190214,1710.0,179.0,-69.0,8.0,,2026-07-24T11:49:03.332230+08:00
2892,2023-01-03,-125059,-3574168,3137000,-562227,1795.0,172.0,85.0,-7.0,,2026-07-24T11:49:03.332230+08:00
2892,2023-01-04,186715,2377860,282000,2846575,1727.0,174.0,-68.0,2.0,,2026-07-24T11:49:03.332230+08:00
2892,2023-01-05,-196140,8744459,213000,8761319,1717.0,181.0,-10.0,7.0,,2026-07-24T11:49:03.332230+08:00
2892,2023-01-06,213000,4154113,138000,4505113,1715.0,183.0,-2.0,2.0,,2026-07-24T11:49:03.332230+08:00
2892,2023-01-09,111140,16137001,1442000,17690141,1692.0,172.0,-23.0,-11.0,,2026-07-24T11:49:03.332230+08:00
2892,2023-01-10,52363,5877377,12000,5941740,1660.0,182.0,-32.0,10.0,,2026-07-24T11:49:03.332230+08:00
2892,2023-01-11,441187,-4384922,33000,-3910735,1696.0,157.0,36.0,-25.0,,2026-07-24T11:49:03.332230+08:00
2892,2023-01-12,20689,-5447199,191000,-5235510,1772.0,155.0,76.0,-2.0,,2026-07-24T11:49:03.332230+08:00
2892,2023-01-13,72582,1097280,1000,1170862,1937.0,177.0,165.0,22.0,,2026-07-24T11:49:03.332230+08:00
2892,2023-01-16,60741,6301000,0,6361741,1916.0,158.0,-21.0,-19.0,,2026-07-24T11:49:03.332230+08:00
2892,2023-01-17,-86000,4188400,-1947000,2155400,1826.0,154.0,-90.0,-4.0,,2026-07-24T11:49:03.332230+08:00
2892,2023-01-30,376127,-1225129,-233700,-1082702,1844.0,153.0,18.0,-1.0,,2026-07-24T11:49:03.332230+08:00
2892,2023-01-31,-225851,-29000237,12000,-29214088,2225.0,158.0,381.0,5.0,,2026-07-24T11:49:03.332230+08:00
2892,2023-02-01,-105848,-8507069,582000,-8030917,2478.0,158.0,253.0,0.0,,2026-07-24T11:49:03.332230+08:00
2892,2023-02-02,-144064,-11059565,404000,-10799629,2472.0,156.0,-6.0,-2.0,,2026-07-24T11:49:03.332230+08:00
2892,2023-02-03,-45525,-4922094,-2226000,-7193619,2491.0,154.0,19.0,-2.0,,2026-07-24T11:49:03.332230+08:00
2892,2023-02-06,-26076,-4858177,173000,-4711253,2530.0,153.0,39.0,-1.0,,2026-07-24T11:49:03.332230+08:00
2892,2023-02-07,-17604,-2483705,1131000,-1370309,2309.0,153.0,-221.0,0.0,,2026-07-24T11:49:03.332230+08:00
2892,2023-02-08,-70963,-2077909,81000,-2067872,2297.0,153.0,-12.0,0.0,,2026-07-24T11:49:03.332230+08:00
2892,2023-02-09,3984,-4791500,961000,-3826516,2287.0,153.0,-10.0,0.0,,2026-07-24T11:49:03.332230+08:00
2892,2023-02-10,-228654,766348,1206000,1743694,2208.0,166.0,-79.0,13.0,,2026-07-24T11:49:03.332230+08:00
2892,2023-02-13,-6050,1130170,2113000,3237120,2115.0,166.0,-93.0,0.0,,2026-07-24T11:49:03.332230+08:00
2892,2023-02-14,26000,656010,0,682010,2017.0,166.0,-98.0,0.0,,2026-07-24T11:49:03.332230+08:00
2892,2023-02-15,90341,-4376630,39126,-4247163,1885.0,164.0,-132.0,-2.0,,2026-07-24T11:49:03.332230+08:00
2892,2023-02-16,155000,753424,1678990,2587414,1874.0,154.0,-11.0,-10.0,,2026-07-24T11:49:03.332230+08:00
2892,2023-02-17,60634,-3662127,1229615,-2371878,1882.0,154.0,8.0,0.0,,2026-07-24T11:49:03.332230+08:00
2892,2023-02-20,-109000,3990698,317000,4198698,1770.0,154.0,-112.0,0.0,,2026-07-24T11:49:03.332230+08:00
2892,2023-02-21,-154158,1141031,27000,1013873,1756.0,152.0,-14.0,-2.0,,2026-07-24T11:49:03.332230+08:00
2892,2023-02-22,-3827,5796002,1974000,7766175,1700.0,150.0,-56.0,-2.0,,2026-07-24T11:49:03.332230+08:00
2892,2023-02-23,113043,5619132,62000,5794175,1721.0,150.0,21.0,0.0,,2026-07-24T11:49:03.332230+08:00
2892,2023-02-24,-238000,-5627415,28000,-5837415,1716.0,151.0,-5.0,1.0,,2026-07-24T11:49:03.332230+08:00
2892,2023-03-01,-602404,-15274185,1314000,-14562589,1764.0,144.0,48.0,-7.0,,2026-07-24T11:49:03.332230+08:00
2892,2023-03-02,-826122,-7869190,1900255,-6795057,1885.0,144.0,121.0,0.0,,2026-07-24T11:49:03.332230+08:00
2892,2023-03-03,3154,-6689962,-3007000,-9693808,2028.0,149.0,143.0,5.0,,2026-07-24T11:49:03.332230+08:00
2892,2023-03-06,929114,-6282512,-2903000,-8256398,1970.0,82.0,-58.0,-67.0,,2026-07-24T11:49:03.332230+08:00
2892,2023-03-07,141000,234114,566000,941114,1899.0,79.0,-71.0,-3.0,,2026-07-24T11:49:03.332230+08:00
2892,2023-03-08,443000,-3845847,149000,-3253847,1843.0,79.0,-56.0,0.0,,2026-07-24T11:49:03.332230+08:00
2892,2023-03-09,33858,-7118200,290459,-6793883,1831.0,79.0,-12.0,0.0,,2026-07-24T11:49:03.332230+08:00
2892,2023-03-10,-118036,-10314590,1730563,-8702063,1853.0,73.0,22.0,-6.0,,2026-07-24T11:49:03.332230+08:00
2892,2023-03-13,-134853,-8021045,2354958,-5800940,1859.0,70.0,6.0,-3.0,,2026-07-24T11:49:03.332230+08:00
2892,2023-03-14,124609,-13667090,2628655,-10913826,1790.0,80.0,-69.0,10.0,,2026-07-24T11:49:03.332230+08:00
2892,2023-03-15,-1050900,-8398897,1485749,-7964048,1797.0,79.0,7.0,-1.0,,2026-07-24T11:49:03.332230+08:00
2892,2023-03-16,-264524,-3502233,1693226,-2073531,1786.0,95.0,-11.0,16.0,,2026-07-24T11:49:03.332230+08:00
2892,2023-03-17,-87092,-5040927,-1363692,-6491711,1867.0,96.0,81.0,1.0,,2026-07-24T11:49:03.332230+08:00
2892,2023-03-20,164566,-4541020,996000,-3380454,1825.0,98.0,-42.0,2.0,,2026-07-24T11:49:03.332230+08:00
2892,2023-03-21,15147,253850,119000,387997,1775.0,100.0,-50.0,2.0,,2026-07-24T11:49:03.332230+08:00
2892,2023-03-22,104000,1526187,9404,1639591,1788.0,102.0,13.0,2.0,,2026-07-24T11:49:03.332230+08:00
2892,2023-03-23,-47974,1549052,650446,2151524,1724.0,102.0,-64.0,0.0,,2026-07-24T11:49:03.332230+08:00
2892,2023-03-24,633,-2321906,1798843,-522430,1721.0,103.0,-3.0,1.0,,2026-07-24T11:49:03.332230+08:00
2892,2023-03-27,-29151,370364,-55060,286153,1719.0,104.0,-2.0,1.0,,2026-07-24T11:49:03.332230+08:00
2892,2023-03-28,57000,504494,13165,574659,1715.0,104.0,-4.0,0.0,,2026-07-24T11:49:03.332230+08:00
2892,2023-03-29,45000,3244605,42402,3332007,1706.0,102.0,-9.0,-2.0,,2026-07-24T11:49:03.332230+08:00
2892,2023-03-30,25000,-1842768,0,-1817768,1706.0,92.0,0.0,-10.0,,2026-07-24T11:49:03.332230+08:00
2892,2023-03-31,34000,2558219,24000,2616219,1698.0,95.0,-8.0,3.0,,2026-07-24T11:49:03.332230+08:00
2892,2023-04-06,30329,1668633,-12000,1686962,1695.0,54.0,-3.0,-41.0,,2026-07-24T11:49:03.332230+08:00
2892,2023-04-07,3000,-1155000,134615,-1017385,1700.0,39.0,5.0,-15.0,,2026-07-24T11:49:03.332230+08:00
2892,2023-04-10,53836,-815889,24669,-737384,1699.0,0.0,-1.0,-39.0,,2026-07-24T11:49:03.332230+08:00
2892,2023-04-11,-21000,2561068,-180200,2359868,1649.0,0.0,-50.0,0.0,,2026-07-24T11:49:03.332230+08:00
2892,2023-04-12,152575,711284,97000,960859,1667.0,0.0,18.0,0.0,,2026-07-24T11:49:03.332230+08:00
2892,2023-04-13,75000,2198828,120000,2393828,1644.0,0.0,-23.0,0.0,,2026-07-24T11:49:03.332230+08:00
2892,2023-04-14,235121,5454740,28000,5717861,1558.0,5.0,-86.0,5.0,,2026-07-24T11:49:03.332230+08:00
2892,2023-04-17,18170,95508,82000,195678,1583.0,5.0,25.0,0.0,,2026-07-24T11:49:03.332230+08:00
2892,2023-04-18,39955,2078180,22091,2140226,1573.0,24.0,-10.0,19.0,,2026-07-24T11:49:03.332230+08:00
2892,2023-04-19,408000,50000,730178,1188178,1561.0,37.0,-12.0,13.0,,2026-07-24T11:49:03.332230+08:00
2892,2023-04-20,220467,-321084,570052,469435,1533.0,41.0,-28.0,4.0,,2026-07-24T11:49:03.332230+08:00
2892,2023-04-21,-17000,1270215,1007816,2261031,1520.0,48.0,-13.0,7.0,,2026-07-24T11:49:03.332230+08:00
2892,2023-04-24,-52000,2869062,130000,2947062,1524.0,51.0,4.0,3.0,,2026-07-24T11:49:03.332230+08:00
2892,2023-04-25,225001,9055785,196000,9476786,1323.0,53.0,-201.0,2.0,,2026-07-24T11:49:03.332230+08:00
2892,2023-04-26,1388463,8368427,409000,10165890,1314.0,68.0,-9.0,15.0,,2026-07-24T11:49:03.332230+08:00
2892,2023-04-27,1000,-2432400,110000,-2321400,1318.0,69.0,4.0,1.0,,2026-07-24T11:49:03.332230+08:00
2892,2023-04-28,100000,367109,60000,527109,1303.0,64.0,-15.0,-5.0,,2026-07-24T11:49:03.332230+08:00
2892,2023-05-02,143000,2653334,191000,2987334,1327.0,62.0,24.0,-2.0,,2026-07-24T11:49:03.332230+08:00
2892,2023-05-03,214905,-986953,798000,25952,1343.0,57.0,16.0,-5.0,,2026-07-24T11:49:03.332230+08:00
2892,2023-05-04,1486,7620603,1128633,8750722,1320.0,54.0,-23.0,-3.0,,2026-07-24T11:49:03.332230+08:00
2892,2023-05-05,-32060,3908453,669633,4546026,1312.0,55.0,-8.0,1.0,,2026-07-24T11:49:03.332230+08:00
2892,2023-05-08,55935,6898095,952721,7906751,1294.0,59.0,-18.0,4.0,,2026-07-24T11:49:03.332230+08:00
2892,2023-05-09,-17000,5183150,28000,5194150,1318.0,60.0,24.0,1.0,,2026-07-24T11:49:03.332230+08:00
2892,2023-05-10,57887,-120271,854685,792301,1447.0,60.0,129.0,0.0,,2026-07-24T11:49:03.332230+08:00
2892,2023-05-11,129000,619554,755000,1503554,1396.0,61.0,-51.0,1.0,,2026-07-24T11:49:03.332230+08:00
2892,2023-05-12,25006,-4825230,1011029,-3789195,1318.0,75.0,-78.0,14.0,,2026-07-24T11:49:03.332230+08:00
2892,2023-05-15,525830,257484,1410992,2194306,1299.0,79.0,-19.0,4.0,,2026-07-24T11:49:03.332230+08:00
2892,2023-05-16,2155000,2462285,19656,4636941,1203.0,80.0,-96.0,1.0,,2026-07-24T11:49:03.332230+08:00
2892,2023-05-17,7362081,4399041,49000,11810122,1218.0,99.0,15.0,19.0,,2026-07-24T11:49:03.332230+08:00
2892,2023-05-18,2030879,3026351,-4000,5053230,1189.0,105.0,-29.0,6.0,,2026-07-24T11:49:03.332230+08:00
2892,2023-05-19,487000,3821230,-35000,4273230,1210.0,94.0,21.0,-11.0,,2026-07-24T11:49:03.332230+08:00
2892,2023-05-22,22000,2099181,-1076000,1045181,1294.0,94.0,84.0,0.0,,2026-07-24T11:49:03.332230+08:00
2892,2023-05-23,223000,4202566,-932000,3493566,1260.0,94.0,-34.0,0.0,,2026-07-24T11:49:03.332230+08:00
2892,2023-05-24,1089655,-2200397,-945000,-2055742,1147.0,94.0,-113.0,0.0,,2026-07-24T11:49:03.332230+08:00
2892,2023-05-25,-25455,-4074465,-1019000,-5118920,1200.0,94.0,53.0,0.0,,2026-07-24T11:49:03.332230+08:00
2892,2023-05-26,-86974,-426800,-1180000,-1693774,1254.0,94.0,54.0,0.0,,2026-07-24T11:49:03.332230+08:00
2892,2023-05-29,-184749,2490886,-1211000,1095137,1294.0,96.0,40.0,2.0,,2026-07-24T11:49:03.332230+08:00
2892,2023-05-30,-107189,4782111,-1539000,3135922,1152.0,96.0,-142.0,0.0,,2026-07-24T11:49:03.332230+08:00
2892,2023-05-31,1223000,-589095,-1570729,-936824,1139.0,98.0,-13.0,2.0,,2026-07-24T11:49:03.332230+08:00
2892,2023-06-01,-769925,-17225524,-1326000,-19321449,1379.0,127.0,240.0,29.0,,2026-07-24T11:49:03.332230+08:00
2892,2023-06-02,-63844,-4536709,-1401000,-6001553,1490.0,102.0,111.0,-25.0,,2026-07-24T11:49:03.332230+08:00
2892,2023-06-05,-787464,425436,-1277379,-1639407,1450.0,103.0,-40.0,1.0,,2026-07-24T11:49:03.332230+08:00
2892,2023-06-06,50002,2524908,-76506,2498404,1395.0,105.0,-55.0,2.0,,2026-07-24T11:49:03.332230+08:00
2892,2023-06-07,105421,2283126,-100187,2288360,1342.0,105.0,-53.0,0.0,,2026-07-24T11:49:03.332230+08:00
2892,2023-06-08,-9000,-283861,-105243,-398104,1339.0,103.0,-3.0,-2.0,,2026-07-24T11:49:03.332230+08:00
2892,2023-06-09,97000,513137,-58227,551910,1341.0,104.0,2.0,1.0,,2026-07-24T11:49:03.332230+08:00
2892,2023-06-12,-268996,3194075,-1377000,1548079,1304.0,100.0,-37.0,-4.0,,2026-07-24T11:49:03.332230+08:00
2892,2023-06-13,594000,2489107,-1498880,1584227,1304.0,102.0,0.0,2.0,,2026-07-24T11:49:03.332230+08:00
2892,2023-06-14,277000,-964750,-321000,-1008750,1296.0,81.0,-8.0,-21.0,,2026-07-24T11:49:03.332230+08:00
2892,2023-06-15,-52485,-5276939,-1125065,-6454489,1318.0,80.0,22.0,-1.0,,2026-07-24T11:49:03.332230+08:00
2892,2023-06-16,314148,-2604529,-4078348,-6368729,1339.0,80.0,21.0,0.0,,2026-07-24T11:49:03.332230+08:00
2892,2023-06-19,-154527,-429230,-160322,-744079,1320.0,83.0,-19.0,3.0,,2026-07-24T11:49:03.332230+08:00
2892,2023-06-20,141488,496989,-1185958,-547481,1316.0,82.0,-4.0,-1.0,,2026-07-24T11:49:03.332230+08:00
2892,2023-06-21,280000,1207149,-464544,1022605,1296.0,82.0,-20.0,0.0,,2026-07-24T11:49:03.332230+08:00
2892,2023-06-26,123233,-1820424,12000,-1685191,1286.0,82.0,-10.0,0.0,,2026-07-24T11:49:03.332230+08:00
2892,2023-06-27,283313,-630501,-542794,-889982,1289.0,83.0,3.0,1.0,,2026-07-24T11:49:03.332230+08:00
2892,2023-06-28,301048,505003,-3492879,-2686828,1296.0,82.0,7.0,-1.0,,2026-07-24T11:49:03.332230+08:00
2892,2023-06-29,328187,-1301969,-1566800,-2540582,1289.0,81.0,-7.0,-1.0,,2026-07-24T11:49:03.332230+08:00
2892,2023-06-30,58227,-2272002,26146,-2187629,1297.0,81.0,8.0,0.0,,2026-07-24T11:49:03.332230+08:00
2892,2023-07-03,304164,-647039,0,-342875,1305.0,81.0,8.0,0.0,,2026-07-24T11:49:03.332230+08:00
2892,2023-07-04,26002,-67694,-169122,-210814,1291.0,81.0,-14.0,0.0,,2026-07-24T11:49:03.332230+08:00
2892,2023-07-05,-648995,221737,-84472,-511730,1267.0,81.0,-24.0,0.0,,2026-07-24T11:49:03.332230+08:00
2892,2023-07-06,-745005,-15694931,-456000,-16895936,1303.0,79.0,36.0,-2.0,,2026-07-24T11:49:03.332230+08:00
2892,2023-07-07,-190969,-4191842,-37392,-4420203,1384.0,61.0,81.0,-18.0,,2026-07-24T11:49:03.332230+08:00
2892,2023-07-10,-476316,-2881320,-1000,-3358636,1332.0,58.0,-52.0,-3.0,,2026-07-24T11:49:03.332230+08:00
2892,2023-07-11,-100000,2842679,489000,3231679,1291.0,57.0,-41.0,-1.0,,2026-07-24T11:49:03.332230+08:00
2892,2023-07-12,-559569,775687,-29000,187118,1294.0,57.0,3.0,0.0,,2026-07-24T11:49:03.332230+08:00
2892,2023-07-13,233000,1418529,-82000,1569529,1312.0,57.0,18.0,0.0,,2026-07-24T11:49:03.332230+08:00
2892,2023-07-14,110000,8510900,148000,8768900,1298.0,57.0,-14.0,0.0,,2026-07-24T11:49:03.332230+08:00
2892,2023-07-17,618477,3211987,-109662,3720802,2321.0,50.0,1023.0,-7.0,,2026-07-24T11:49:03.332230+08:00
2892,2023-07-18,-86000,3919772,-3043860,789912,2951.0,53.0,630.0,3.0,,2026-07-24T11:49:03.332230+08:00
2892,2023-07-19,-253379,-865763,-1269000,-2388142,2942.0,53.0,-9.0,0.0,,2026-07-24T11:49:03.332230+08:00
2892,2023-07-20,42327,2254087,-477000,1819414,2917.0,50.0,-25.0,-3.0,,2026-07-24T11:49:03.332230+08:00
2892,2023-07-21,44766,42125,-141000,-54109,3163.0,50.0,246.0,0.0,,2026-07-24T11:49:03.332230+08:00
2892,2023-07-24,-70241,-2862031,-302000,-3234272,4471.0,50.0,1308.0,0.0,,2026-07-24T11:49:03.332230+08:00
2892,2023-07-25,84861,2959888,-137000,2907749,4430.0,58.0,-41.0,8.0,,2026-07-24T11:49:03.332230+08:00
2892,2023-07-26,72000,5706000,-791000,4987000,3299.0,60.0,-1131.0,2.0,,2026-07-24T11:49:03.332230+08:00
2892,2023-07-27,121144,-4810781,2652538,-2037099,4824.0,58.0,1525.0,-2.0,,2026-07-24T11:49:03.332230+08:00
2892,2023-07-28,75653,-1158947,-93580,-1176874,5286.0,58.0,462.0,0.0,,2026-07-24T11:49:03.332230+08:00
2892,2023-07-31,554835,2497833,-57000,2995668,5150.0,57.0,-136.0,-1.0,,2026-07-24T11:49:03.332230+08:00
2892,2023-08-01,19909,2180627,707000,2907536,5218.0,54.0,68.0,-3.0,,2026-07-24T11:49:03.332230+08:00
2892,2023-08-02,-282195,-11261432,879000,-10664627,5431.0,13.0,213.0,-41.0,,2026-07-24T11:49:03.332230+08:00
2892,2023-08-04,1151429,-6224168,350505,-4722234,5585.0,6.0,154.0,-7.0,,2026-07-24T11:49:03.332230+08:00
2892,2023-08-07,-42076,765971,2142000,2865895,5392.0,0.0,-193.0,-6.0,,2026-07-24T11:49:03.332230+08:00
2892,2023-08-08,-767134,-3145379,1193000,-2719513,5370.0,0.0,-22.0,0.0,,2026-07-24T11:49:03.332230+08:00
2892,2023-08-09,-85999,4649283,2253000,6816284,5250.0,0.0,-120.0,0.0,,2026-07-24T11:49:03.332230+08:00
2892,2023-08-10,565001,759834,6969000,8293835,4493.0,0.0,-757.0,0.0,,2026-07-24T11:49:03.332230+08:00
2892,2023-08-11,-588343,-20322712,-3804000,-24715055,4677.0,18.0,184.0,18.0,,2026-07-24T11:49:03.332230+08:00
2892,2023-08-14,-477141,-6802345,1109057,-6170429,4728.0,22.0,51.0,4.0,,2026-07-24T11:49:03.332230+08:00
2892,2023-08-15,72808,-8721826,-222000,-8871018,4701.0,36.0,-27.0,14.0,,2026-07-24T11:49:03.332230+08:00
2892,2023-08-16,-406581,-7706010,664851,-7447740,4855.0,26.0,154.0,-10.0,,2026-07-24T11:49:03.332230+08:00
2892,2023-08-17,-246575,-10171491,355239,-10062827,4918.0,28.0,63.0,2.0,,2026-07-24T11:49:03.332230+08:00
2892,2023-08-18,-45505,-2372637,77063,-2341079,4926.0,45.0,8.0,17.0,,2026-07-24T11:49:03.332230+08:00
2892,2023-08-21,73377,1859416,131156,2063949,5054.0,51.0,128.0,6.0,,2026-07-24T11:49:03.332230+08:00
2892,2023-08-22,-73203,-1920503,69570,-1924136,4952.0,49.0,-102.0,-2.0,,2026-07-24T11:49:03.332230+08:00
2892,2023-08-23,-120383,-616658,63304,-673737,4966.0,53.0,14.0,4.0,,2026-07-24T11:49:03.332230+08:00
2892,2023-08-24,-116618,4775397,-1186167,3472612,5179.0,58.0,213.0,5.0,,2026-07-24T11:49:03.332230+08:00
2892,2023-08-25,-163804,372918,62954,272068,5199.0,77.0,20.0,19.0,,2026-07-24T11:49:03.332230+08:00
2892,2023-08-28,-30060,1065144,125162,1160246,5209.0,73.0,10.0,-4.0,,2026-07-24T11:49:03.332230+08:00
2892,2023-08-29,-38000,894219,87000,943219,5216.0,72.0,7.0,-1.0,,2026-07-24T11:49:03.332230+08:00
2892,2023-08-30,162006,2034046,67681,2263733,5410.0,73.0,194.0,1.0,,2026-07-24T11:49:03.332230+08:00
2892,2023-08-31,-2454,-11531842,-1042258,-12576554,6036.0,71.0,626.0,-2.0,,2026-07-24T11:49:03.332230+08:00
2892,2023-09-01,126907,181036,-1501522,-1193579,5940.0,93.0,-96.0,22.0,,2026-07-24T11:49:03.332230+08:00
2892,2023-09-04,-86863,1709952,94985,1718074,5936.0,94.0,-4.0,1.0,,2026-07-24T11:49:03.332230+08:00
2892,2023-09-05,-5467,-555187,-40350,-601004,5935.0,74.0,-1.0,-20.0,,2026-07-24T11:49:03.332230+08:00
2892,2023-09-06,-572232,-5094598,118025,-5548805,5898.0,73.0,-37.0,-1.0,,2026-07-24T11:49:03.332230+08:00
2892,2023-09-07,-515456,-872357,174854,-1212959,5883.0,77.0,-15.0,4.0,,2026-07-24T11:49:03.332230+08:00
2892,2023-09-08,-173657,47734,282059,156136,5879.0,77.0,-4.0,0.0,,2026-07-24T11:49:03.332230+08:00
2892,2023-09-11,46168,-665439,167299,-451972,5495.0,76.0,-384.0,-1.0,,2026-07-24T11:49:03.332230+08:00
2892,2023-09-12,-41340,2281555,85000,2325215,5333.0,75.0,-162.0,-1.0,,2026-07-24T11:49:03.332230+08:00
2892,2023-09-13,-241,-654800,33000,-622041,5031.0,74.0,-302.0,-1.0,,2026-07-24T11:49:03.332230+08:00
2892,2023-09-14,171000,1711325,0,1882325,4618.0,74.0,-413.0,0.0,,2026-07-24T11:49:03.332230+08:00
2892,2023-09-15,-17853,4260855,-11200049,-6957047,4659.0,74.0,41.0,0.0,,2026-07-24T11:49:03.332230+08:00
2892,2023-09-18,-67524,1281110,209775,1423361,4110.0,74.0,-549.0,0.0,,2026-07-24T11:49:03.332230+08:00
2892,2023-09-19,-218999,2519506,678473,2978980,4133.0,73.0,23.0,-1.0,,2026-07-24T11:49:03.332230+08:00
2892,2023-09-20,-731310,43543,473764,-214003,4126.0,61.0,-7.0,-12.0,,2026-07-24T11:49:03.332230+08:00
2892,2023-09-21,-264604,-7796472,175513,-7885563,4156.0,63.0,30.0,2.0,,2026-07-24T11:49:03.332230+08:00
2892,2023-09-22,-430454,-137827,87000,-481281,4145.0,150.0,-11.0,87.0,,2026-07-24T11:49:03.332230+08:00
2892,2023-09-25,31702,3428450,47000,3507152,3142.0,135.0,-1003.0,-15.0,,2026-07-24T11:49:03.332230+08:00
2892,2023-09-26,-422950,-4179804,187659,-4415095,3043.0,130.0,-99.0,-5.0,,2026-07-24T11:49:03.332230+08:00
2892,2023-09-27,-519292,-1199360,414611,-1304041,3058.0,129.0,15.0,-1.0,,2026-07-24T11:49:03.332230+08:00
2892,2023-09-28,140000,375480,327000,842480,3029.0,129.0,-29.0,0.0,,2026-07-24T11:49:03.332230+08:00
2892,2023-10-02,121204,540940,554935,1217079,3039.0,98.0,10.0,-31.0,,2026-07-24T11:49:03.332230+08:00
2892,2023-10-03,122331,-2108406,35308,-1950767,3042.0,88.0,3.0,-10.0,,2026-07-24T11:49:03.332230+08:00
2892,2023-10-04,-626113,-8554504,206420,-8974197,1663.0,117.0,-1379.0,29.0,,2026-07-24T11:49:03.332230+08:00
2892,2023-10-05,162760,1978335,178621,2319716,1622.0,130.0,-41.0,13.0,,2026-07-24T11:49:03.332230+08:00
2892,2023-10-06,5552,2292329,660199,2958080,1597.0,110.0,-25.0,-20.0,,2026-07-24T11:49:03.332230+08:00
2892,2023-10-11,605562,4203528,178394,4987484,1550.0,97.0,-47.0,-13.0,,2026-07-24T11:49:03.332230+08:00
2892,2023-10-12,114000,4364000,6030,4484030,1518.0,92.0,-32.0,-5.0,,2026-07-24T11:49:03.332230+08:00
2892,2023-10-13,68914,-3027925,413399,-2545612,1510.0,91.0,-8.0,-1.0,,2026-07-24T11:49:03.332230+08:00
2892,2023-10-16,5268,2699940,533457,3238665,1504.0,91.0,-6.0,0.0,,2026-07-24T11:49:03.332230+08:00
2892,2023-10-17,17641,841715,315000,1174356,1516.0,91.0,12.0,0.0,,2026-07-24T11:49:03.332230+08:00
2892,2023-10-18,566783,166510,1436000,2169293,1490.0,89.0,-26.0,-2.0,,2026-07-24T11:49:03.332230+08:00
2892,2023-10-19,76718,-5298571,1008165,-4213688,1526.0,86.0,36.0,-3.0,,2026-07-24T11:49:03.332230+08:00
2892,2023-10-20,-192518,-7434640,1831184,-5795974,1587.0,84.0,61.0,-2.0,,2026-07-24T11:49:03.332230+08:00
2892,2023-10-23,-58937,-3031434,356000,-2734371,1586.0,85.0,-1.0,1.0,,2026-07-24T11:49:03.332230+08:00
2892,2023-10-24,-105050,-6693448,661833,-6136665,1579.0,80.0,-7.0,-5.0,,2026-07-24T11:49:03.332230+08:00
2892,2023-10-25,-10430,-5039856,753111,-4297175,1639.0,66.0,60.0,-14.0,,2026-07-24T11:49:03.332230+08:00
2892,2023-10-26,-640019,-5242569,276000,-5606588,1674.0,67.0,35.0,1.0,,2026-07-24T11:49:03.332230+08:00
2892,2023-10-27,32647,-969313,514796,-421870,1653.0,66.0,-21.0,-1.0,,2026-07-24T11:49:03.332230+08:00
2892,2023-10-30,316745,-4473003,1259250,-2897008,1625.0,60.0,-28.0,-6.0,,2026-07-24T11:49:03.332230+08:00
2892,2023-10-31,-18383,-2300462,975000,-1343845,1620.0,64.0,-5.0,4.0,,2026-07-24T11:49:03.332230+08:00
2892,2023-11-01,-1963,-93477,1420550,1325110,1596.0,102.0,-24.0,38.0,,2026-07-24T11:49:03.332230+08:00
2892,2023-11-02,149000,599560,387000,1135560,1476.0,87.0,-120.0,-15.0,,2026-07-24T11:49:03.332230+08:00
2892,2023-11-03,78220,4766757,599000,5443977,1487.0,91.0,11.0,4.0,,2026-07-24T11:49:03.332230+08:00
2892,2023-11-06,6967,7221614,183207,7411788,1446.0,79.0,-41.0,-12.0,,2026-07-24T11:49:03.332230+08:00
2892,2023-11-07,-54000,1219959,428207,1594166,1444.0,80.0,-2.0,1.0,,2026-07-24T11:49:03.332230+08:00
2892,2023-11-08,37449,1592800,-23000,1607249,1469.0,80.0,25.0,0.0,,2026-07-24T11:49:03.332230+08:00
2892,2023-11-09,23000,2032150,497000,2552150,1468.0,81.0,-1.0,1.0,,2026-07-24T11:49:03.332230+08:00
2892,2023-11-10,-34154,2083550,627000,2676396,1469.0,80.0,1.0,-1.0,,2026-07-24T11:49:03.332230+08:00
2892,2023-11-13,245448,1364147,798000,2407595,1591.0,80.0,122.0,0.0,,2026-07-24T11:49:03.332230+08:00
2892,2023-11-14,433432,1185560,487000,2105992,1592.0,80.0,1.0,0.0,,2026-07-24T11:49:03.332230+08:00
2892,2023-11-15,732000,9592993,-1414382,8910611,1628.0,79.0,36.0,-1.0,,2026-07-24T11:49:03.332230+08:00
2892,2023-11-16,7173,15723580,-51196,15679557,1565.0,79.0,-63.0,0.0,,2026-07-24T11:49:03.332230+08:00
2892,2023-11-17,157866,9176987,24975,9359828,1553.0,77.0,-12.0,-2.0,,2026-07-24T11:49:03.332230+08:00
2892,2023-11-20,-33921,352844,0,318923,1610.0,77.0,57.0,0.0,,2026-07-24T11:49:03.332230+08:00
2892,2023-11-21,-66161,12471044,1799000,14203883,1581.0,80.0,-29.0,3.0,,2026-07-24T11:49:03.332230+08:00
2892,2023-11-22,-96000,1080537,1365592,2350129,1421.0,82.0,-160.0,2.0,,2026-07-24T11:49:03.332230+08:00
2892,2023-11-23,-171000,-620089,4070885,3279796,1258.0,30.0,-163.0,-52.0,,2026-07-24T11:49:03.332230+08:00
2892,2023-11-24,236439,985820,3147666,4369925,1221.0,30.0,-37.0,0.0,,2026-07-24T11:49:03.332230+08:00
2892,2023-11-27,25000,-1999655,3040158,1065503,1241.0,29.0,20.0,-1.0,,2026-07-24T11:49:03.332230+08:00
2892,2023-11-28,256304,2969021,3171000,6396325,1197.0,46.0,-44.0,17.0,,2026-07-24T11:49:03.332230+08:00
2892,2023-11-29,219000,-2585253,3543000,1176747,1255.0,39.0,58.0,-7.0,,2026-07-24T11:49:03.332230+08:00
2892,2023-11-30,-162858,-4090459,5561135,1307818,1189.0,38.0,-66.0,-1.0,,2026-07-24T11:49:03.332230+08:00
2892,2023-12-01,-201692,-9818740,3665000,-6355432,1227.0,25.0,38.0,-13.0,,2026-07-24T11:49:03.332230+08:00
2892,2023-12-04,-55585,-2893501,3187841,238755,1212.0,26.0,-15.0,1.0,,2026-07-24T11:49:03.332230+08:00
2892,2023-12-05,-92283,-826543,1288000,369174,1204.0,27.0,-8.0,1.0,,2026-07-24T11:49:03.332230+08:00
2892,2023-12-06,50001,1776839,2567581,4394421,1195.0,28.0,-9.0,1.0,,2026-07-24T11:49:03.332230+08:00
2892,2023-12-07,-10203,-593473,-12153,-615829,1202.0,31.0,7.0,3.0,,2026-07-24T11:49:03.332230+08:00
2892,2023-12-08,44000,647830,-87786,604044,1208.0,26.0,6.0,-5.0,,2026-07-24T11:49:03.332230+08:00
2892,2023-12-11,-4451,-1537876,-42955,-1585282,1215.0,26.0,7.0,0.0,,2026-07-24T11:49:03.332230+08:00
2892,2023-12-12,2000,672291,0,674291,1220.0,26.0,5.0,0.0,,2026-07-24T11:49:03.332230+08:00
2892,2023-12-13,-57877,-1922916,-960,-1981753,1179.0,26.0,-41.0,0.0,,2026-07-24T11:49:03.332230+08:00
2892,2023-12-14,-74157,3678497,-57471,3546869,1206.0,24.0,27.0,-2.0,,2026-07-24T11:49:03.332230+08:00
2892,2023-12-15,-21000,-1031454,-208363,-1260817,1222.0,22.0,16.0,-2.0,,2026-07-24T11:49:03.332230+08:00
2892,2023-12-18,-160732,1402047,-83012,1158303,1218.0,22.0,-4.0,0.0,,2026-07-24T11:49:03.332230+08:00
2892,2023-12-19,-588414,-2465445,-46000,-3099859,1253.0,29.0,35.0,7.0,,2026-07-24T11:49:03.332230+08:00
2892,2023-12-20,-564415,-7560430,-7000,-8131845,1262.0,33.0,9.0,4.0,,2026-07-24T11:49:03.332230+08:00
2892,2023-12-21,-74697,-1973887,-128112,-2176696,1276.0,31.0,14.0,-2.0,,2026-07-24T11:49:03.332230+08:00
2892,2023-12-22,-409968,-2287413,-118334,-2815715,1250.0,17.0,-26.0,-14.0,,2026-07-24T11:49:03.332230+08:00
2892,2023-12-25,-17995,216080,-23777,174308,1249.0,12.0,-1.0,-5.0,,2026-07-24T11:49:03.332230+08:00
2892,2023-12-26,-47000,1418613,-54000,1317613,1244.0,11.0,-5.0,-1.0,,2026-07-24T11:49:03.332230+08:00
2892,2023-12-27,-416000,4663064,-323352,3923712,1241.0,9.0,-3.0,-2.0,,2026-07-24T11:49:03.332230+08:00
2892,2023-12-28,-243093,5372734,-21000,5108641,1204.0,14.0,-37.0,5.0,,2026-07-24T11:49:03.332230+08:00
2892,2023-12-29,-544663,1123383,-149000,429720,1229.0,14.0,25.0,0.0,,2026-07-24T11:49:03.332230+08:00
2892,2024-01-02,-229180,1607714,-2296334,-917800,1227.0,14.0,-2.0,0.0,,2026-07-24T11:49:03.332230+08:00
2892,2024-01-03,-310836,-5209250,-418564,-5938650,1245.0,14.0,18.0,0.0,,2026-07-24T11:49:03.332230+08:00
2892,2024-01-04,-10533,-673453,-212085,-896071,1327.0,14.0,82.0,0.0,,2026-07-24T11:49:03.332230+08:00
2892,2024-01-05,40707,1922057,-23000,1939764,1280.0,13.0,-47.0,-1.0,,2026-07-24T11:49:03.332230+08:00
2892,2024-01-08,-5000,1268198,0,1263198,1266.0,13.0,-14.0,0.0,,2026-07-24T11:49:03.332230+08:00
2892,2024-01-09,79986,-3341210,109000,-3152224,1285.0,13.0,19.0,0.0,,2026-07-24T11:49:03.332230+08:00
2892,2024-01-10,1081,-3060874,-865060,-3924853,1285.0,8.0,0.0,-5.0,,2026-07-24T11:49:03.332230+08:00
2892,2024-01-11,34781,-1543616,-345000,-1853835,1253.0,9.0,-32.0,1.0,,2026-07-24T11:49:03.332230+08:00
2892,2024-01-12,-2488,-4182009,-305621,-4490118,1260.0,9.0,7.0,0.0,,2026-07-24T11:49:03.332230+08:00
2892,2024-01-15,-13775,-6471489,-11601,-6496865,1265.0,9.0,5.0,0.0,,2026-07-24T11:49:03.332230+08:00
2892,2024-01-16,11917,-15803488,-1042000,-16833571,1284.0,11.0,19.0,2.0,,2026-07-24T11:49:03.332230+08:00
2892,2024-01-17,1664228,-23648489,674115,-21310146,1830.0,11.0,546.0,0.0,,2026-07-24T11:49:03.332230+08:00
2892,2024-01-18,55884,-5884396,769376,-5059136,1764.0,13.0,-66.0,2.0,,2026-07-24T11:49:03.332230+08:00
2892,2024-01-19,-109909,-6185364,0,-6295273,1731.0,13.0,-33.0,0.0,,2026-07-24T11:49:03.332230+08:00
2892,2024-01-22,-179080,-5776118,10486,-5944712,1709.0,13.0,-22.0,0.0,,2026-07-24T11:49:03.332230+08:00
2892,2024-01-23,-40337,-3842255,78793,-3803799,1699.0,13.0,-10.0,0.0,,2026-07-24T11:49:03.332230+08:00
2892,2024-01-24,-351124,-3482804,-41335,-3875263,1694.0,13.0,-5.0,0.0,,2026-07-24T11:49:03.332230+08:00
2892,2024-01-25,-28175,-1238660,-27897,-1294732,1679.0,13.0,-15.0,0.0,,2026-07-24T11:49:03.332230+08:00
2892,2024-01-26,-9000,1259850,-121937,1128913,1698.0,13.0,19.0,0.0,,2026-07-24T11:49:03.332230+08:00
2892,2024-01-29,-76000,-1490647,4000,-1562647,1683.0,14.0,-15.0,1.0,,2026-07-24T11:49:03.332230+08:00
2892,2024-01-30,-7120,-6729230,-229866,-6966216,1694.0,15.0,11.0,1.0,,2026-07-24T11:49:03.332230+08:00
2892,2024-01-31,5777,-1963690,-136743,-2094656,1702.0,15.0,8.0,0.0,,2026-07-24T11:49:03.332230+08:00
2892,2024-02-01,189000,4155862,1213000,5557862,1192.0,14.0,-510.0,-1.0,,2026-07-24T11:49:03.332230+08:00
2892,2024-02-02,147000,575003,20832,742835,1172.0,13.0,-20.0,-1.0,,2026-07-24T11:49:03.332230+08:00
2892,2024-02-05,-127901,-3928106,-41380,-4097387,1187.0,13.0,15.0,0.0,,2026-07-24T11:49:03.332230+08:00
2892,2024-02-15,-167158,-4303191,-188599,-4658948,1043.0,13.0,-144.0,0.0,,2026-07-24T11:49:03.332230+08:00
2892,2024-02-16,243135,-625526,-2368,-384759,1067.0,13.0,24.0,0.0,,2026-07-24T11:49:03.332230+08:00
2892,2024-02-19,824000,4668631,1646014,7138645,1058.0,13.0,-9.0,0.0,,2026-07-24T11:49:03.332230+08:00
2892,2024-02-20,-143014,1536219,-87287,1305918,1009.0,18.0,-49.0,5.0,,2026-07-24T11:49:03.332230+08:00
2892,2024-02-21,790418,-5330526,786000,-3754108,1074.0,12.0,65.0,-6.0,,2026-07-24T11:49:03.332230+08:00
2892,2024-02-22,209000,-3176623,663744,-2303879,1056.0,10.0,-18.0,-2.0,,2026-07-24T11:49:03.332230+08:00
2892,2024-02-23,129000,-1368136,-246485,-1485621,1097.0,10.0,41.0,0.0,,2026-07-24T11:49:03.332230+08:00
2892,2024-02-26,652875,-10396675,-176812,-9920612,1135.0,10.0,38.0,0.0,,2026-07-24T11:49:03.332230+08:00
2892,2024-02-27,56000,-281468,11000,-214468,1140.0,13.0,5.0,3.0,,2026-07-24T11:49:03.332230+08:00
2892,2024-02-29,317970,155760,454043,927773,1143.0,14.0,3.0,1.0,,2026-07-24T11:49:03.332230+08:00
2892,2024-03-01,-185024,-739772,-151360,-1076156,1088.0,14.0,-55.0,0.0,,2026-07-24T11:49:03.332230+08:00
2892,2024-03-04,23013,-7183220,-66858,-7227065,1172.0,30.0,84.0,16.0,,2026-07-24T11:49:03.332230+08:00
2892,2024-03-05,-542107,-4894504,-349479,-5786090,1220.0,30.0,48.0,0.0,,2026-07-24T11:49:03.332230+08:00
2892,2024-03-06,-159000,3574726,-115096,3300630,1233.0,21.0,13.0,-9.0,,2026-07-24T11:49:03.332230+08:00
2892,2024-03-07,-310753,422563,-472150,-360340,1502.0,11.0,269.0,-10.0,,2026-07-24T11:49:03.332230+08:00
2892,2024-03-08,53000,4118747,-313514,3858233,1340.0,12.0,-162.0,1.0,,2026-07-24T11:49:03.332230+08:00
2892,2024-03-11,164770,-617088,-17000,-469318,1374.0,12.0,34.0,0.0,,2026-07-24T11:49:03.332230+08:00
2892,2024-03-12,187000,188519,-161474,214045,1445.0,12.0,71.0,0.0,,2026-07-24T11:49:03.332230+08:00
2892,2024-03-13,-199000,6565798,-154892,6211906,1364.0,12.0,-81.0,0.0,,2026-07-24T11:49:03.332230+08:00
2892,2024-03-14,-133492,7620070,-369507,7117071,1346.0,11.0,-18.0,-1.0,,2026-07-24T11:49:03.332230+08:00
2892,2024-03-15,-251743,4192100,-8270025,-4329668,1414.0,11.0,68.0,0.0,,2026-07-24T11:49:03.332230+08:00
2892,2024-03-18,-30667,-309316,-135285,-475268,1921.0,11.0,507.0,0.0,,2026-07-24T11:49:03.332230+08:00
2892,2024-03-19,-338433,-2140044,-396846,-2875323,1944.0,12.0,23.0,1.0,,2026-07-24T11:49:03.332230+08:00
2892,2024-03-20,-546546,1203900,-1007896,-350542,1878.0,12.0,-66.0,0.0,,2026-07-24T11:49:03.332230+08:00
2892,2024-03-21,235829,7484310,-46173,7673966,1776.0,12.0,-102.0,0.0,,2026-07-24T11:49:03.332230+08:00
2892,2024-03-22,-252000,3536718,-1067802,2216916,1672.0,12.0,-104.0,0.0,,2026-07-24T11:49:03.332230+08:00
2892,2024-03-25,-52557,605389,-102088,450744,1622.0,12.0,-50.0,0.0,,2026-07-24T11:49:03.332230+08:00
2892,2024-03-26,181590,5290152,269608,5741350,1589.0,14.0,-33.0,2.0,,2026-07-24T11:49:03.332230+08:00
2892,2024-03-27,-114000,-359783,937000,463217,1581.0,12.0,-8.0,-2.0,,2026-07-24T11:49:03.332230+08:00
2892,2024-03-28,187000,-4335071,-102000,-4250071,1597.0,12.0,16.0,0.0,,2026-07-24T11:49:03.332230+08:00
2892,2024-03-29,-427336,4726292,-531116,3767840,1574.0,10.0,-23.0,-2.0,,2026-07-24T11:49:03.332230+08:00
2892,2024-04-01,17000,3340265,-176111,3181154,1534.0,12.0,-40.0,2.0,,2026-07-24T11:49:03.332230+08:00
2892,2024-04-02,-103999,-879354,-106084,-1089437,1532.0,6.0,-2.0,-6.0,,2026-07-24T11:49:03.332230+08:00
2892,2024-04-03,-32418,-13271300,-131919,-13435637,1578.0,6.0,46.0,0.0,,2026-07-24T11:49:03.332230+08:00
2892,2024-04-08,-143009,2043668,-242580,1658079,1563.0,6.0,-15.0,0.0,,2026-07-24T11:49:03.332230+08:00
2892,2024-04-09,114000,1528479,-57250,1585229,1537.0,6.0,-26.0,0.0,,2026-07-24T11:49:03.332230+08:00
2892,2024-04-10,-28302,3725913,-258265,3439346,1511.0,6.0,-26.0,0.0,,2026-07-24T11:49:03.332230+08:00
2892,2024-04-11,-65465,204936,-9000,130471,1518.0,6.0,7.0,0.0,,2026-07-24T11:49:03.332230+08:00
2892,2024-04-12,-492334,-5606554,-77476,-6176364,1537.0,1.0,19.0,-5.0,,2026-07-24T11:49:03.332230+08:00
2892,2024-04-15,-127017,-1216310,109000,-1234327,1503.0,0.0,-34.0,-1.0,,2026-07-24T11:49:03.332230+08:00
2892,2024-04-16,-338734,-21542448,-82000,-21963182,2632.0,0.0,1129.0,0.0,,2026-07-24T11:49:03.332230+08:00
2892,2024-04-17,-443899,-4286876,-97772,-4828547,2632.0,0.0,0.0,0.0,,2026-07-24T11:49:03.332230+08:00
2892,2024-04-18,-26322,-2706697,-134000,-2867019,2579.0,0.0,-53.0,0.0,,2026-07-24T11:49:03.332230+08:00
2892,2024-04-19,-751751,-9572369,321000,-10003120,3090.0,0.0,511.0,0.0,,2026-07-24T11:49:03.332230+08:00
2892,2024-04-22,1209208,4168050,770000,6147258,2922.0,20.0,-168.0,20.0,,2026-07-24T11:49:03.332230+08:00
2892,2024-04-23,647938,-1009819,257818,-104063,2925.0,39.0,3.0,19.0,,2026-07-24T11:49:03.332230+08:00
2892,2024-04-24,631000,1178981,-4811,1805170,2931.0,39.0,6.0,0.0,,2026-07-24T11:49:03.332230+08:00
2892,2024-04-25,7931,-5725542,727000,-4990611,2934.0,39.0,3.0,0.0,,2026-07-24T11:49:03.332230+08:00
2892,2024-04-26,-162719,-3043019,14000,-3191738,3023.0,39.0,89.0,0.0,,2026-07-24T11:49:03.332230+08:00
2892,2024-04-29,886005,8840149,70000,9796154,3370.0,20.0,347.0,-19.0,,2026-07-24T11:49:03.332230+08:00
2892,2024-04-30,-7000,-23110,-25000,-55110,3765.0,20.0,395.0,0.0,,2026-07-24T11:49:03.332230+08:00
2892,2024-05-02,242000,-793723,1194000,642277,4902.0,20.0,1137.0,0.0,,2026-07-24T11:49:03.332230+08:00
2892,2024-05-03,60959,1867252,11000,1939211,4867.0,20.0,-35.0,0.0,,2026-07-24T11:49:03.332230+08:00
2892,2024-05-06,76004,9722946,1051000,10849950,8002.0,20.0,3135.0,0.0,,2026-07-24T11:49:03.332230+08:00
2892,2024-05-07,70000,839532,1397813,2307345,7877.0,21.0,-125.0,1.0,,2026-07-24T11:49:03.332230+08:00
2892,2024-05-08,-7000,6627018,-42000,6578018,7646.0,20.0,-231.0,-1.0,,2026-07-24T11:49:03.332230+08:00
2892,2024-05-09,-58715,-610951,635278,-34388,7834.0,20.0,188.0,0.0,,2026-07-24T11:49:03.332230+08:00
2892,2024-05-10,-15962,1446935,-25445,1405528,7347.0,20.0,-487.0,0.0,,2026-07-24T11:49:03.332230+08:00
2892,2024-05-13,-151478,-2331732,-17571,-2500781,7787.0,20.0,440.0,0.0,,2026-07-24T11:49:03.332230+08:00
2892,2024-05-14,21666,-8451379,-24760,-8454473,7978.0,20.0,191.0,0.0,,2026-07-24T11:49:03.332230+08:00
2892,2024-05-15,715033,5358253,-227544,5845742,7543.0,20.0,-435.0,0.0,,2026-07-24T11:49:03.332230+08:00
2892,2024-05-16,706000,4550400,-12378,5244022,7474.0,30.0,-69.0,10.0,,2026-07-24T11:49:03.332230+08:00
2892,2024-05-17,396496,-11267085,29812807,18942218,7402.0,30.0,-72.0,0.0,,2026-07-24T11:49:03.332230+08:00
2892,2024-05-20,761885,4464600,32983806,38210291,6315.0,53.0,-1087.0,23.0,,2026-07-24T11:49:03.332230+08:00
2892,2024-05-21,-87103,-24596391,18185418,-6498076,6708.0,56.0,393.0,3.0,,2026-07-24T11:49:03.332230+08:00
2892,2024-05-22,-197940,-10322867,15553028,5032221,6386.0,57.0,-322.0,1.0,,2026-07-24T11:49:03.332230+08:00
2892,2024-05-23,-475453,-22522230,27844629,4846946,6269.0,632.0,-117.0,575.0,,2026-07-24T11:49:03.332230+08:00
2892,2024-05-24,-139202,-12360643,9081629,-3418216,6784.0,28.0,515.0,-604.0,,2026-07-24T11:49:03.332230+08:00
2892,2024-05-27,-215977,-11541789,10284668,-1473098,6900.0,27.0,116.0,-1.0,,2026-07-24T11:49:03.332230+08:00
2892,2024-05-28,-116000,-2833930,44403,-2905527,7075.0,29.0,175.0,2.0,,2026-07-24T11:49:03.332230+08:00
2892,2024-05-29,110703,-20724457,2200823,-18412931,7317.0,27.0,242.0,-2.0,,2026-07-24T11:49:03.332230+08:00
2892,2024-05-30,3900,-13427140,2319000,-11104240,7398.0,17.0,81.0,-10.0,,2026-07-24T11:49:03.332230+08:00
2892,2024-05-31,-73274,58663,2702587,2687976,7384.0,20.0,-14.0,3.0,,2026-07-24T11:49:03.332230+08:00
2892,2024-06-03,191859,-1776568,2176000,591291,7360.0,20.0,-24.0,0.0,,2026-07-24T11:49:03.332230+08:00
2892,2024-06-04,-275660,-1502848,1895000,116492,7266.0,20.0,-94.0,0.0,,2026-07-24T11:49:03.332230+08:00
2892,2024-06-05,-217141,-1627764,496000,-1348905,7243.0,20.0,-23.0,0.0,,2026-07-24T11:49:03.332230+08:00
2892,2024-06-06,-277190,-624922,759000,-143112,7250.0,20.0,7.0,0.0,,2026-07-24T11:49:03.332230+08:00
2892,2024-06-07,-58000,1498475,4327,1444802,7086.0,20.0,-164.0,0.0,,2026-07-24T11:49:03.332230+08:00
2892,2024-06-11,-342388,-244376,24806,-561958,7028.0,27.0,-58.0,7.0,,2026-07-24T11:49:03.332230+08:00
2892,2024-06-12,-13000,-828476,840484,-992,7146.0,27.0,118.0,0.0,,2026-07-24T11:49:03.332230+08:00
2892,2024-06-13,92000,3450174,-41910,3500264,6994.0,27.0,-152.0,0.0,,2026-07-24T11:49:03.332230+08:00
2892,2024-06-14,45000,1775936,-213000,1607936,6996.0,27.0,2.0,0.0,,2026-07-24T11:49:03.332230+08:00
2892,2024-06-17,2972,3788300,-141597,3649675,6837.0,27.0,-159.0,0.0,,2026-07-24T11:49:03.332230+08:00
2892,2024-06-18,149000,5830515,-135019,5844496,6532.0,27.0,-305.0,0.0,,2026-07-24T11:49:03.332230+08:00
2892,2024-06-19,643000,5240000,639792,6522792,6602.0,27.0,70.0,0.0,,2026-07-24T11:49:03.332230+08:00
2892,2024-06-20,687224,647497,315694,1650415,6637.0,27.0,35.0,0.0,,2026-07-24T11:49:03.332230+08:00
2892,2024-06-21,101000,1247144,-131597,1216547,6676.0,27.0,39.0,0.0,,2026-07-24T11:49:03.332230+08:00
2892,2024-06-24,78605,3929000,30017,4037622,6656.0,27.0,-20.0,0.0,,2026-07-24T11:49:03.332230+08:00
2892,2024-06-25,108000,2094839,1101507,3304346,6981.0,27.0,325.0,0.0,,2026-07-24T11:49:03.332230+08:00
2892,2024-06-26,83637,-4676141,1042507,-3549997,7174.0,27.0,193.0,0.0,,2026-07-24T11:49:03.332230+08:00
2892,2024-06-27,-97953,-2506321,911253,-1693021,7200.0,27.0,26.0,0.0,,2026-07-24T11:49:03.332230+08:00
2892,2024-06-28,339589,1850513,134760,2324862,7213.0,27.0,13.0,0.0,,2026-07-24T11:49:03.332230+08:00
2892,2024-07-01,242876,-1385773,-240941,-1383838,7224.0,27.0,11.0,0.0,,2026-07-24T11:49:03.332230+08:00
2892,2024-07-02,-540,-2173405,680624,-1493321,7180.0,27.0,-44.0,0.0,,2026-07-24T11:49:03.332230+08:00
2892,2024-07-03,298905,10295000,-273778,10320127,7217.0,27.0,37.0,0.0,,2026-07-24T11:49:03.332230+08:00
2892,2024-07-04,105000,5204918,3001014,8310932,6993.0,27.0,-224.0,0.0,,2026-07-24T11:49:03.332230+08:00
2892,2024-07-05,-45222,1190796,759611,1905185,6988.0,17.0,-5.0,-10.0,,2026-07-24T11:49:03.332230+08:00
2892,2024-07-08,-20000,1866900,1215599,3062499,7074.0,17.0,86.0,0.0,,2026-07-24T11:49:03.332230+08:00
2892,2024-07-09,-13000,1667901,2621188,4276089,6472.0,18.0,-602.0,1.0,,2026-07-24T11:49:03.332230+08:00
2892,2024-07-10,-53000,530116,1971000,2448116,6316.0,18.0,-156.0,0.0,,2026-07-24T11:49:03.332230+08:00
2892,2024-07-11,39010,6134000,1171000,7344010,5756.0,18.0,-560.0,0.0,,2026-07-24T11:49:03.332230+08:00
2892,2024-07-12,18463,3629000,770000,4417463,5654.0,19.0,-102.0,1.0,,2026-07-24T11:49:03.332230+08:00
2892,2024-07-15,68000,7229371,2547000,9844371,5495.0,21.0,-159.0,2.0,,2026-07-24T11:49:03.332230+08:00
2892,2024-07-16,66449,753110,3541000,4360559,5427.0,59.0,-68.0,38.0,,2026-07-24T11:49:03.332230+08:00
2892,2024-07-17,-32000,-2774162,2336000,-470162,5430.0,59.0,3.0,0.0,,2026-07-24T11:49:03.332230+08:00
2892,2024-07-18,-168849,19554224,3301000,22686375,5079.0,59.0,-351.0,0.0,,2026-07-24T11:49:03.332230+08:00
2892,2024-07-19,-92900,-3582750,3232000,-443650,4990.0,68.0,-89.0,9.0,,2026-07-24T11:49:03.332230+08:00
2892,2024-07-22,1468823,3307838,2343889,7120550,4583.0,91.0,-407.0,23.0,,2026-07-24T11:49:03.332230+08:00
2892,2024-07-23,645932,4777244,2328000,7751176,4538.0,91.0,-45.0,0.0,,2026-07-24T11:49:03.332230+08:00
2892,2024-07-26,-704000,6712755,1846000,7854755,4506.0,91.0,-32.0,0.0,,2026-07-24T11:49:03.332230+08:00
2892,2024-07-29,129000,16045203,2784000,18958203,3997.0,91.0,-509.0,0.0,,2026-07-24T11:49:03.332230+08:00
2892,2024-07-30,123221,-364936,4630000,4388285,4171.0,21.0,174.0,-70.0,,2026-07-24T11:49:03.332230+08:00
2892,2024-07-31,206689,7108260,2789000,10103949,4019.0,9.0,-152.0,-12.0,,2026-07-24T11:49:03.332230+08:00
2892,2024-08-01,-27000,5618751,5909000,11500751,3914.0,9.0,-105.0,0.0,,2026-07-24T11:49:03.332230+08:00
2892,2024-08-02,-197051,-2183991,4632000,2250958,4394.0,0.0,480.0,-9.0,,2026-07-24T11:49:03.332230+08:00
2892,2024-08-05,-2735430,-13742994,13177000,-3301424,4982.0,0.0,588.0,0.0,,2026-07-24T11:49:03.332230+08:00
2892,2024-08-06,-1358628,1965182,8534184,9140738,5142.0,0.0,160.0,0.0,,2026-07-24T11:49:03.332230+08:00
2892,2024-08-07,-1568962,-3315434,9805616,4921220,4456.0,0.0,-686.0,0.0,,2026-07-24T11:49:03.332230+08:00
2892,2024-08-08,3139658,-15829353,124893,-12564802,4421.0,35.0,-35.0,35.0,,2026-07-24T11:49:03.332230+08:00
2892,2024-08-09,-1007668,15910860,-2321260,12581932,4228.0,33.0,-193.0,-2.0,,2026-07-24T11:49:03.332230+08:00
2892,2024-08-12,11015,3121563,-922096,2210482,4055.0,33.0,-173.0,0.0,,2026-07-24T11:49:03.332230+08:00
2892,2024-08-13,-76733,-4204710,-1450368,-5731811,4302.0,33.0,247.0,0.0,,2026-07-24T11:49:03.332230+08:00
2892,2024-08-14,-204487,5120804,-1249730,3666587,4038.0,33.0,-264.0,0.0,,2026-07-24T11:49:03.332230+08:00
2892,2024-08-15,195510,-6948627,-5434578,-12187695,4385.0,34.0,347.0,1.0,,2026-07-24T11:49:03.332230+08:00
2892,2024-08-16,351459,7611058,-873054,7089463,4330.0,35.0,-55.0,1.0,,2026-07-24T11:49:03.332230+08:00
2892,2024-08-19,-178908,-1615000,6177,-1787731,4453.0,35.0,123.0,0.0,,2026-07-24T11:49:03.332230+08:00
2892,2024-08-20,-111642,5112015,11932,5012305,4730.0,68.0,277.0,33.0,,2026-07-24T11:49:03.332230+08:00
2892,2024-08-21,-753040,5140880,-606273,3781567,4607.0,72.0,-123.0,4.0,,2026-07-24T11:49:03.332230+08:00
2892,2024-08-22,-46310,4950431,-425893,4478228,4980.0,72.0,373.0,0.0,,2026-07-24T11:49:03.332230+08:00
2892,2024-08-23,-38021,1484509,346305,1792793,4974.0,72.0,-6.0,0.0,,2026-07-24T11:49:03.332230+08:00
2892,2024-08-26,11203,5878582,178305,6068090,5366.0,72.0,392.0,0.0,,2026-07-24T11:49:03.332230+08:00
2892,2024-08-27,-260405,-3257910,2052305,-1466010,5755.0,71.0,389.0,-1.0,,2026-07-24T11:49:03.332230+08:00
2892,2024-08-28,-12859,-1624990,2126305,488456,5927.0,71.0,172.0,0.0,,2026-07-24T11:49:03.332230+08:00
2892,2024-08-29,-125743,-2490044,1828000,-787787,5929.0,71.0,2.0,0.0,,2026-07-24T11:49:03.332230+08:00
2892,2024-08-30,155871,928962,446100,1530933,5807.0,71.0,-122.0,0.0,,2026-07-24T11:49:03.332230+08:00
2892,2024-09-02,-8439,978107,5609,975277,5792.0,71.0,-15.0,0.0,,2026-07-24T11:49:03.332230+08:00
2892,2024-09-03,25956,-1000985,453000,-522029,5876.0,71.0,84.0,0.0,,2026-07-24T11:49:03.332230+08:00
2892,2024-09-04,-1548374,-9864234,2399986,-9012622,5854.0,39.0,-22.0,-32.0,,2026-07-24T11:49:03.332230+08:00
2892,2024-09-05,-787483,194441,522455,-70587,5848.0,39.0,-6.0,0.0,,2026-07-24T11:49:03.332230+08:00
2892,2024-09-06,-227611,-298172,2357377,1831594,5848.0,10.0,0.0,-29.0,,2026-07-24T11:49:03.332230+08:00
2892,2024-09-09,-358406,-1923331,1706990,-574747,5952.0,10.0,104.0,0.0,,2026-07-24T11:49:03.332230+08:00
2892,2024-09-10,-263,11278426,1629281,12907444,5798.0,12.0,-154.0,2.0,,2026-07-24T11:49:03.332230+08:00
2892,2024-09-11,219000,-3524139,3308047,2908,5957.0,10.0,159.0,-2.0,,2026-07-24T11:49:03.332230+08:00
2892,2024-09-12,351228,5191023,2331609,7873860,5766.0,61.0,-191.0,51.0,,2026-07-24T11:49:03.332230+08:00
2892,2024-09-13,-15712,-958000,947000,-26712,5786.0,61.0,20.0,0.0,,2026-07-24T11:49:03.332230+08:00
2892,2024-09-16,9199,319000,618305,946504,5815.0,61.0,29.0,0.0,,2026-07-24T11:49:03.332230+08:00
2892,2024-09-18,258171,-2641993,390000,-1993822,5888.0,10.0,73.0,-51.0,,2026-07-24T11:49:03.332230+08:00
2892,2024-09-19,307359,-423744,173000,56615,5927.0,10.0,39.0,0.0,,2026-07-24T11:49:03.332230+08:00
2892,2024-09-20,51000,6803415,-2127672,4726743,5827.0,11.0,-100.0,1.0,,2026-07-24T11:49:03.332230+08:00
2892,2024-09-23,414000,-4172161,1220000,-2538161,5908.0,7.0,81.0,-4.0,,2026-07-24T11:49:03.332230+08:00
2892,2024-09-24,41001,3955443,-29840,3966604,5841.0,4.0,-67.0,-3.0,,2026-07-24T11:49:03.332230+08:00
2892,2024-09-25,921000,5317980,19296,6258276,5737.0,57.0,-104.0,53.0,,2026-07-24T11:49:03.332230+08:00
2892,2024-09-26,632000,4070944,100310,4803254,5676.0,57.0,-61.0,0.0,,2026-07-24T11:49:03.332230+08:00
2892,2024-09-27,205000,2693391,288864,3187255,5644.0,58.0,-32.0,1.0,,2026-07-24T11:49:03.332230+08:00
2892,2024-09-30,63364,652825,-105262,610927,5794.0,53.0,150.0,-5.0,,2026-07-24T11:49:03.332230+08:00
2892,2024-10-01,-164003,-4995792,694430,-4465365,5886.0,52.0,92.0,-1.0,,2026-07-24T11:49:03.332230+08:00
2892,2024-10-04,-275803,-4529809,42160,-4763452,5910.0,62.0,24.0,10.0,,2026-07-24T11:49:03.332230+08:00
2892,2024-10-07,381840,-10063639,1119305,-8562494,6044.0,61.0,134.0,-1.0,,2026-07-24T11:49:03.332230+08:00
2892,2024-10-08,-280323,-10095065,376414,-9998974,6143.0,1.0,99.0,-60.0,,2026-07-24T11:49:03.332230+08:00
2892,2024-10-09,-560151,-9318224,-1162899,-11041274,6252.0,1.0,109.0,0.0,,2026-07-24T11:49:03.332230+08:00
2892,2024-10-11,-55088,-1139129,104835,-1089382,6234.0,1.0,-18.0,0.0,,2026-07-24T11:49:03.332230+08:00
2892,2024-10-14,181236,-1489461,530569,-777656,6136.0,187.0,-98.0,186.0,,2026-07-24T11:49:03.332230+08:00
2892,2024-10-15,198000,5083791,180065,5461856,6094.0,187.0,-42.0,0.0,,2026-07-24T11:49:03.332230+08:00
2892,2024-10-16,1137679,-7618416,76326,-6404411,5511.0,197.0,-583.0,10.0,,2026-07-24T11:49:03.332230+08:00
2892,2024-10-17,609000,-283216,-1039532,-713748,5182.0,30.0,-329.0,-167.0,,2026-07-24T11:49:03.332230+08:00
2892,2024-10-18,904599,16159679,613864,17678142,4851.0,30.0,-331.0,0.0,,2026-07-24T11:49:03.332230+08:00
2892,2024-10-21,225986,-3374123,1911907,-1236230,4629.0,30.0,-222.0,0.0,,2026-07-24T11:49:03.332230+08:00
2892,2024-10-22,-183825,-1113620,4883729,3586284,4439.0,30.0,-190.0,0.0,,2026-07-24T11:49:03.332230+08:00
2892,2024-10-23,-752430,-5369114,379437,-5742107,4462.0,49.0,23.0,19.0,,2026-07-24T11:49:03.332230+08:00
2892,2024-10-24,-411182,-1946112,998634,-1358660,4455.0,50.0,-7.0,1.0,,2026-07-24T11:49:03.332230+08:00
2892,2024-10-25,-266000,519597,356432,610029,4459.0,49.0,4.0,-1.0,,2026-07-24T11:49:03.332230+08:00
2892,2024-10-28,385150,-2460444,295432,-1779862,4467.0,68.0,8.0,19.0,,2026-07-24T11:49:03.332230+08:00
2892,2024-10-29,-540906,-7928099,683432,-7785573,4665.0,77.0,198.0,9.0,,2026-07-24T11:49:03.332230+08:00
2892,2024-10-30,83515,-1622960,98432,-1441013,4665.0,96.0,0.0,19.0,,2026-07-24T11:49:03.332230+08:00
2892,2024-11-01,-209508,-5982758,293000,-5899266,4614.0,96.0,-51.0,0.0,,2026-07-24T11:49:03.332230+08:00
2892,2024-11-04,-48697,1389403,249000,1589706,4798.0,156.0,184.0,60.0,,2026-07-24T11:49:03.332230+08:00
2892,2024-11-05,-8609,-485862,151860,-342611,4890.0,156.0,92.0,0.0,,2026-07-24T11:49:03.332230+08:00
2892,2024-11-06,-45669,-432516,-4592000,-5070185,5027.0,156.0,137.0,0.0,,2026-07-24T11:49:03.332230+08:00
2892,2024-11-07,67574,-11176248,-2007000,-13115674,5165.0,216.0,138.0,60.0,,2026-07-24T11:49:03.332230+08:00
2892,2024-11-08,19425,-6806844,-1763000,-8550419,5411.0,218.0,246.0,2.0,,2026-07-24T11:49:03.332230+08:00
2892,2024-11-11,-92184,-4327118,-1277000,-5696302,5358.0,221.0,-53.0,3.0,,2026-07-24T11:49:03.332230+08:00
2892,2024-11-12,-479804,-12488362,138000,-12830166,5413.0,219.0,55.0,-2.0,,2026-07-24T11:49:03.332230+08:00
2892,2024-11-13,-644998,-7590226,2766433,-5468791,5362.0,222.0,-51.0,3.0,,2026-07-24T11:49:03.332230+08:00
2892,2024-11-14,-784253,-6026705,-8156000,-14966958,6236.0,220.0,874.0,-2.0,,2026-07-24T11:49:03.332230+08:00
2892,2024-11-15,175239,41726506,-2479511,39422234,4898.0,222.0,-1338.0,2.0,,2026-07-24T11:49:03.332230+08:00
2892,2024-11-18,631275,34488685,-6244000,28875960,4851.0,293.0,-47.0,71.0,,2026-07-24T11:49:03.332230+08:00
2892,2024-11-19,862981,43741540,-8932000,35672521,4634.0,297.0,-217.0,4.0,,2026-07-24T11:49:03.332230+08:00
2892,2024-11-20,916000,4431164,243253,5590417,4517.0,297.0,-117.0,0.0,,2026-07-24T11:49:03.332230+08:00
2892,2024-11-21,66778,-906564,3169000,2329214,4520.0,72.0,3.0,-225.0,,2026-07-24T11:49:03.332230+08:00
2892,2024-11-22,242250,-1066372,4836000,4011878,4533.0,72.0,13.0,0.0,,2026-07-24T11:49:03.332230+08:00
2892,2024-11-25,725049,-973474,3875282,3626857,4543.0,67.0,10.0,-5.0,,2026-07-24T11:49:03.332230+08:00
2892,2024-11-26,-148800,-716000,3708000,2843200,4560.0,67.0,17.0,0.0,,2026-07-24T11:49:03.332230+08:00
2892,2024-11-27,136963,4080908,1312835,5530706,4565.0,67.0,5.0,0.0,,2026-07-24T11:49:03.332230+08:00
2892,2024-11-28,73000,1977140,2382000,4432140,4546.0,67.0,-19.0,0.0,,2026-07-24T11:49:03.332230+08:00
2892,2024-11-29,-162195,-1046050,1092000,-116245,4534.0,7.0,-12.0,-60.0,,2026-07-24T11:49:03.332230+08:00
2892,2024-12-02,-15000,3663159,-3102000,546159,4421.0,7.0,-113.0,0.0,,2026-07-24T11:49:03.332230+08:00
2892,2024-12-03,58227,7960281,680000,8698508,3776.0,7.0,-645.0,0.0,,2026-07-24T11:49:03.332230+08:00
2892,2024-12-04,135000,4462403,169671,4767074,3657.0,8.0,-119.0,1.0,,2026-07-24T11:49:03.332230+08:00
2892,2024-12-05,-66000,11461183,322253,11717436,3428.0,12.0,-229.0,4.0,,2026-07-24T11:49:03.332230+08:00
2892,2024-12-06,-6000,4799734,-608582,4185152,3417.0,12.0,-11.0,0.0,,2026-07-24T11:49:03.332230+08:00
2892,2024-12-09,-61280,4355538,-864000,3430258,3403.0,16.0,-14.0,4.0,,2026-07-24T11:49:03.332230+08:00
2892,2024-12-10,-55000,4967120,-1247479,3664641,3400.0,15.0,-3.0,-1.0,,2026-07-24T11:49:03.332230+08:00
2892,2024-12-11,-103079,163131,102999,163051,2887.0,12.0,-513.0,-3.0,,2026-07-24T11:49:03.332230+08:00
2892,2024-12-12,69000,4965069,419000,5453069,2645.0,12.0,-242.0,0.0,,2026-07-24T11:49:03.332230+08:00
2892,2024-12-13,-248650,2032073,616867,2400290,2659.0,12.0,14.0,0.0,,2026-07-24T11:49:03.332230+08:00
2892,2024-12-16,-17929,10625486,-2247000,8360557,2075.0,23.0,-584.0,11.0,,2026-07-24T11:49:03.332230+08:00
2892,2024-12-17,30700,-1027066,905867,-90499,1661.0,12.0,-414.0,-11.0,,2026-07-24T11:49:03.332230+08:00
2892,2024-12-18,-398368,199552,491434,292618,1993.0,12.0,332.0,0.0,,2026-07-24T11:49:03.332230+08:00
2892,2024-12-19,-108725,-4501550,1186361,-3423914,2290.0,11.0,297.0,-1.0,,2026-07-24T11:49:03.332230+08:00
2892,2024-12-20,-176643,-2002889,-4714838,-6894370,2748.0,8.0,458.0,-3.0,,2026-07-24T11:49:03.332230+08:00
2892,2024-12-23,601549,5304724,67000,5973273,1881.0,8.0,-867.0,0.0,,2026-07-24T11:49:03.332230+08:00
2892,2024-12-24,100000,5563609,-1758000,3905609,1831.0,8.0,-50.0,0.0,,2026-07-24T11:49:03.332230+08:00
2892,2024-12-25,456965,2045262,-1276000,1226227,1922.0,8.0,91.0,0.0,,2026-07-24T11:49:03.332230+08:00
2892,2024-12-26,-499,44000,142695,186196,1917.0,34.0,-5.0,26.0,,2026-07-24T11:49:03.332230+08:00
2892,2024-12-27,-33560,413803,-1445566,-1065323,1909.0,34.0,-8.0,0.0,,2026-07-24T11:49:03.332230+08:00
2892,2024-12-30,79734,710320,-1912263,-1122209,2428.0,34.0,519.0,0.0,,2026-07-24T11:49:03.332230+08:00
2892,2024-12-31,-89950,-3995424,-366449,-4451823,2705.0,8.0,277.0,-26.0,,2026-07-24T11:49:03.332230+08:00
2892,2025-01-02,-1112908,39645,628867,-444396,3210.0,37.0,505.0,29.0,,2026-07-24T11:49:03.332230+08:00
2892,2025-01-03,-13008,1946865,122000,2055857,3180.0,37.0,-30.0,0.0,,2026-07-24T11:49:03.332230+08:00
2892,2025-01-06,232297,7791931,469000,8493228,2932.0,40.0,-248.0,3.0,,2026-07-24T11:49:03.332230+08:00
2892,2025-01-07,-85000,367996,-32000,250996,2910.0,40.0,-22.0,0.0,,2026-07-24T11:49:03.332230+08:00
2892,2025-01-08,-83000,3830752,335866,4083618,2791.0,40.0,-119.0,0.0,,2026-07-24T11:49:03.332230+08:00
2892,2025-01-09,-210000,4504263,-724000,3570263,2724.0,40.0,-67.0,0.0,,2026-07-24T11:49:03.332230+08:00
2892,2025-01-10,-143402,-1878790,1131589,-890603,2915.0,40.0,191.0,0.0,,2026-07-24T11:49:03.332230+08:00
2892,2025-01-13,-394376,-640753,2586000,1550871,3014.0,40.0,99.0,0.0,,2026-07-24T11:49:03.332230+08:00
2892,2025-01-14,47200,3118776,1962000,5127976,2869.0,40.0,-145.0,0.0,,2026-07-24T11:49:03.332230+08:00
2892,2025-01-15,53000,2993065,483000,3529065,2883.0,40.0,14.0,0.0,,2026-07-24T11:49:03.332230+08:00
2892,2025-01-16,1009186,7224600,-553000,7680786,2067.0,40.0,-816.0,0.0,,2026-07-24T11:49:03.332230+08:00
2892,2025-01-17,-252000,948797,431000,1127797,2067.0,40.0,0.0,0.0,,2026-07-24T11:49:03.332230+08:00
2892,2025-01-20,57013,588462,283301,928776,2065.0,40.0,-2.0,0.0,,2026-07-24T11:49:03.332230+08:00
2892,2025-01-21,17382,6948744,289516,7255642,1868.0,40.0,-197.0,0.0,,2026-07-24T11:49:03.332230+08:00
2892,2025-01-22,498895,-1367285,453867,-414523,1814.0,40.0,-54.0,0.0,,2026-07-24T11:49:03.332230+08:00
2892,2025-02-03,736489,-412062,4014008,4338435,2814.0,40.0,1000.0,0.0,,2026-07-24T11:49:03.332230+08:00
2892,2025-02-04,-9444,-66128,1667000,1591428,2811.0,140.0,-3.0,100.0,,2026-07-24T11:49:03.332230+08:00
2892,2025-02-05,176576,2327226,1113000,3616802,2802.0,140.0,-9.0,0.0,,2026-07-24T11:49:03.332230+08:00
2892,2025-02-06,114286,5443436,1280000,6837722,2795.0,140.0,-7.0,0.0,,2026-07-24T11:49:03.332230+08:00
2892,2025-02-07,-67686,-5523796,-1540682,-7132164,3937.0,140.0,1142.0,0.0,,2026-07-24T11:49:03.332230+08:00
2892,2025-02-10,-452820,-1185894,1111027,-527687,4337.0,90.0,400.0,-50.0,,2026-07-24T11:49:03.332230+08:00
2892,2025-02-11,-151000,-1320010,854365,-616645,4338.0,90.0,1.0,0.0,,2026-07-24T11:49:03.332230+08:00
2892,2025-02-12,-246868,877426,479946,1110504,4297.0,90.0,-41.0,0.0,,2026-07-24T11:49:03.332230+08:00
2892,2025-02-13,273000,-340818,452000,384182,4256.0,90.0,-41.0,0.0,,2026-07-24T11:49:03.332230+08:00
2892,2025-02-14,138000,-3041000,584316,-2318684,4244.0,90.0,-12.0,0.0,,2026-07-24T11:49:03.332230+08:00
2892,2025-02-17,82711,-1222200,440737,-698752,4227.0,90.0,-17.0,0.0,,2026-07-24T11:49:03.332230+08:00
2892,2025-02-18,-104995,-2392974,484579,-2013390,4220.0,90.0,-7.0,0.0,,2026-07-24T11:49:03.332230+08:00
2892,2025-02-19,-107677,-10472000,-1805000,-12384677,4232.0,90.0,12.0,0.0,,2026-07-24T11:49:03.332230+08:00
2892,2025-02-20,205906,-9761493,-111383,-9666970,4527.0,40.0,295.0,-50.0,,2026-07-24T11:49:03.332230+08:00
2892,2025-02-21,43000,-426970,81000,-302970,4437.0,40.0,-90.0,0.0,,2026-07-24T11:49:03.332230+08:00
2892,2025-02-24,19923,-3937900,188000,-3729977,4429.0,40.0,-8.0,0.0,,2026-07-24T11:49:03.332230+08:00
2892,2025-02-25,-194609,-5489420,341021,-5343008,4552.0,40.0,123.0,0.0,,2026-07-24T11:49:03.332230+08:00
2892,2025-02-26,-18673,3294076,244164,3519567,4470.0,40.0,-82.0,0.0,,2026-07-24T11:49:03.332230+08:00
2892,2025-02-27,247001,-2128782,-707270,-2589051,4552.0,40.0,82.0,0.0,,2026-07-24T11:49:03.332230+08:00
2892,2025-03-03,475264,1274382,2288670,4038316,4563.0,40.0,11.0,0.0,,2026-07-24T11:49:03.332230+08:00
2892,2025-03-04,244581,-2420472,2958000,782109,4572.0,40.0,9.0,0.0,,2026-07-24T11:49:03.332230+08:00
2892,2025-03-05,-41272,-7383074,125341,-7299005,4582.0,40.0,10.0,0.0,,2026-07-24T11:49:03.332230+08:00
2892,2025-03-06,75000,1001853,-61659,1015194,4570.0,40.0,-12.0,0.0,,2026-07-24T11:49:03.332230+08:00
2892,2025-03-07,6076,-4469537,603022,-3860439,4697.0,9.0,127.0,-31.0,,2026-07-24T11:49:03.332230+08:00
2892,2025-03-10,-192621,-2858870,1796000,-1255491,5044.0,9.0,347.0,0.0,,2026-07-24T11:49:03.332230+08:00
2892,2025-03-11,-250054,-7889518,3499000,-4640572,5070.0,9.0,26.0,0.0,,2026-07-24T11:49:03.332230+08:00
2892,2025-03-12,-96644,-2998434,1502341,-1592737,5071.0,9.0,1.0,0.0,,2026-07-24T11:49:03.332230+08:00
2892,2025-03-13,137000,4718548,788870,5644418,4979.0,10.0,-92.0,1.0,,2026-07-24T11:49:03.332230+08:00
2892,2025-03-14,230238,-9551762,7298000,-2023524,5081.0,10.0,102.0,0.0,,2026-07-24T11:49:03.332230+08:00
2892,2025-03-17,61914,-6616437,1169000,-5385523,5085.0,8.0,4.0,-2.0,,2026-07-24T11:49:03.332230+08:00
2892,2025-03-18,479257,-165579,632000,945678,5059.0,8.0,-26.0,0.0,,2026-07-24T11:49:03.332230+08:00
2892,2025-03-19,839000,-8663461,614000,-7210461,5063.0,8.0,4.0,0.0,,2026-07-24T11:49:03.332230+08:00
2892,2025-03-20,215285,-1202986,860000,-127701,5013.0,8.0,-50.0,0.0,,2026-07-24T11:49:03.332230+08:00
2892,2025-03-21,82171,-8494917,-1554300,-9967046,5018.0,8.0,5.0,0.0,,2026-07-24T11:49:03.332230+08:00
2892,2025-03-24,97000,-600000,-2967000,-3470000,4991.0,8.0,-27.0,0.0,,2026-07-24T11:49:03.332230+08:00
2892,2025-03-25,41904,-2469596,-1998000,-4425692,5027.0,12.0,36.0,4.0,,2026-07-24T11:49:03.332230+08:00
2892,2025-03-26,266667,-727133,1146000,685534,4723.0,10.0,-304.0,-2.0,,2026-07-24T11:49:03.332230+08:00
2892,2025-03-27,-10882,-2403247,2625000,210871,4717.0,10.0,-6.0,0.0,,2026-07-24T11:49:03.332230+08:00
2892,2025-03-28,56767,-8440217,2387000,-5996450,4316.0,14.0,-401.0,4.0,,2026-07-24T11:49:03.332230+08:00
2892,2025-03-31,-43190,-14449026,4122000,-10370216,4293.0,14.0,-23.0,0.0,,2026-07-24T11:49:03.332230+08:00
2892,2025-04-01,88282,-7014541,3845000,-3081259,4251.0,10.0,-42.0,-4.0,,2026-07-24T11:49:03.332230+08:00
2892,2025-04-02,-111798,-6629108,-1203000,-7943906,4333.0,12.0,82.0,2.0,,2026-07-24T11:49:03.332230+08:00
2892,2025-04-07,-18305,5217164,-86000,5112859,4434.0,53.0,101.0,41.0,,2026-07-24T11:49:03.332230+08:00
2892,2025-04-08,852205,1633763,4438929,6924897,4398.0,79.0,-36.0,26.0,,2026-07-24T11:49:03.332230+08:00
2892,2025-04-09,699721,-13953912,2690718,-10563473,4911.0,58.0,513.0,-21.0,,2026-07-24T11:49:03.332230+08:00
2892,2025-04-10,-138844,-9667852,8796000,-1010696,4739.0,29.0,-172.0,-29.0,,2026-07-24T11:49:03.332230+08:00
2892,2025-04-11,7227,-7605467,894303,-6703937,4628.0,23.0,-111.0,-6.0,,2026-07-24T11:49:03.332230+08:00
2892,2025-04-14,-618977,-10321700,-1532864,-12473541,4948.0,0.0,320.0,-23.0,,2026-07-24T11:49:03.332230+08:00
2892,2025-04-15,-108502,5083666,-1654281,3320883,4900.0,0.0,-48.0,0.0,,2026-07-24T11:49:03.332230+08:00
2892,2025-04-16,33384,-2774785,-4432525,-7173926,5116.0,0.0,216.0,0.0,,2026-07-24T11:49:03.332230+08:00
2892,2025-04-17,88399,94766,378000,561165,5448.0,0.0,332.0,0.0,,2026-07-24T11:49:03.332230+08:00
2892,2025-04-18,43685,-799643,-42280,-798238,5561.0,480.0,113.0,480.0,,2026-07-24T11:49:03.332230+08:00
2892,2025-04-21,-68517,-1624680,194000,-1499197,5521.0,480.0,-40.0,0.0,,2026-07-24T11:49:03.332230+08:00
2892,2025-04-22,66258,-10492027,256000,-10169769,5754.0,482.0,233.0,2.0,,2026-07-24T11:49:03.332230+08:00
2892,2025-04-23,-188270,-395330,133496,-450104,5954.0,482.0,200.0,0.0,,2026-07-24T11:49:03.332230+08:00
2892,2025-04-24,-44524,-5304750,-958810,-6308084,5961.0,482.0,7.0,0.0,,2026-07-24T11:49:03.332230+08:00
2892,2025-04-25,72000,-1393920,79478,-1242442,5949.0,1.0,-12.0,-481.0,,2026-07-24T11:49:03.332230+08:00
2892,2025-04-28,28033,-4252657,-36511,-4261135,5946.0,1.0,-3.0,0.0,,2026-07-24T11:49:03.332230+08:00
2892,2025-04-29,3000,2465266,-326990,2141276,5880.0,1.0,-66.0,0.0,,2026-07-24T11:49:03.332230+08:00
2892,2025-04-30,-418138,2953508,-1227563,1307807,6004.0,1.0,124.0,0.0,,2026-07-24T11:49:03.332230+08:00
2892,2025-05-02,-69782,-6564874,-55655,-6690311,5984.0,3.0,-20.0,2.0,,2026-07-24T11:49:03.332230+08:00
2892,2025-05-05,-514767,1624157,-102467,1006923,5911.0,6.0,-73.0,3.0,,2026-07-24T11:49:03.332230+08:00
2892,2025-05-06,-1143030,2734118,55625,1646713,5400.0,8.0,-511.0,2.0,,2026-07-24T11:49:03.332230+08:00
2892,2025-05-07,-542717,1588012,-96188,949107,5568.0,8.0,168.0,0.0,,2026-07-24T11:49:03.332230+08:00
2892,2025-05-08,95964,734355,-27251,803068,5765.0,8.0,197.0,0.0,,2026-07-24T11:49:03.332230+08:00
2892,2025-05-09,-239014,9082965,-2251,8841700,5689.0,8.0,-76.0,0.0,,2026-07-24T11:49:03.332230+08:00
2892,2025-05-12,109611,4206260,-24276,4291595,5605.0,8.0,-84.0,0.0,,2026-07-24T11:49:03.332230+08:00
2892,2025-05-13,-147061,-853793,-28734,-1029588,5181.0,8.0,-424.0,0.0,,2026-07-24T11:49:03.332230+08:00
2892,2025-05-14,853000,857812,-21547,1689265,4896.0,8.0,-285.0,0.0,,2026-07-24T11:49:03.332230+08:00
2892,2025-05-15,54958,-605833,-44278,-595153,4883.0,58.0,-13.0,50.0,,2026-07-24T11:49:03.332230+08:00
2892,2025-05-16,132941,5044185,-6832901,-1655775,4705.0,58.0,-178.0,0.0,,2026-07-24T11:49:03.332230+08:00
2892,2025-05-19,-71000,14426248,-1373524,12981724,4472.0,8.0,-233.0,-50.0,,2026-07-24T11:49:03.332230+08:00
2892,2025-05-20,261000,7403047,-1019498,6644549,4425.0,8.0,-47.0,0.0,,2026-07-24T11:49:03.332230+08:00
2892,2025-05-21,-269689,10270556,361726,10362593,4187.0,23.0,-238.0,15.0,,2026-07-24T11:49:03.332230+08:00
2892,2025-05-22,-1176013,17498167,-15230123,1092031,4220.0,12.0,33.0,-11.0,,2026-07-24T11:49:03.332230+08:00
2892,2025-05-23,-738440,17881330,-17839547,-696657,4127.0,26.0,-93.0,14.0,,2026-07-24T11:49:03.332230+08:00
2892,2025-05-26,-643813,24828798,-18497071,5687914,4075.0,26.0,-52.0,0.0,,2026-07-24T11:49:03.332230+08:00
2892,2025-05-27,-762441,26197761,-25524439,-89119,4076.0,17.0,1.0,-9.0,,2026-07-24T11:49:03.332230+08:00
2892,2025-05-28,-36217,26369466,-35416000,-9082751,3864.0,12.0,-212.0,-5.0,,2026-07-24T11:49:03.332230+08:00
2892,2025-05-29,16000,53364030,-44451249,8928781,3781.0,12.0,-83.0,0.0,,2026-07-24T11:49:03.332230+08:00
2892,2025-06-02,-587986,42259307,-54119913,-12448592,3831.0,11.0,50.0,-1.0,,2026-07-24T11:49:03.332230+08:00
2892,2025-06-03,-396890,53474420,-65234847,-12157317,4009.0,26.0,178.0,15.0,,2026-07-24T11:49:03.332230+08:00
2892,2025-06-04,-190802,64067727,-70895624,-7018699,4059.0,54.0,50.0,28.0,,2026-07-24T11:49:03.332230+08:00
2892,2025-06-05,-160190,54325448,-43922642,10242616,3799.0,85.0,-260.0,31.0,,2026-07-24T11:49:03.332230+08:00
2892,2025-06-06,-71445,16714150,-46354,16596351,3802.0,26.0,3.0,-59.0,,2026-07-24T11:49:03.332230+08:00
2892,2025-06-09,99908,13491505,-76332,13515081,3775.0,25.0,-27.0,-1.0,,2026-07-24T11:49:03.332230+08:00
2892,2025-06-10,564853,12408953,-52314,12921492,3707.0,28.0,-68.0,3.0,,2026-07-24T11:49:03.332230+08:00
2892,2025-06-11,-159097,4033716,-53812,3820807,3660.0,28.0,-47.0,0.0,,2026-07-24T11:49:03.332230+08:00
2892,2025-06-12,-256000,2759001,-218997,2284004,3645.0,28.0,-15.0,0.0,,2026-07-24T11:49:03.332230+08:00
2892,2025-06-13,-1123000,3570543,-1127980,1319563,3596.0,28.0,-49.0,0.0,,2026-07-24T11:49:03.332230+08:00
2892,2025-06-16,114950,6427750,-22954,6519746,3595.0,17.0,-1.0,-11.0,,2026-07-24T11:49:03.332230+08:00
2892,2025-06-17,174602,-10010397,27489674,17653879,3488.0,17.0,-107.0,0.0,,2026-07-24T11:49:03.332230+08:00
2892,2025-06-18,1790435,-27440187,42516121,16866369,3472.0,17.0,-16.0,0.0,,2026-07-24T11:49:03.332230+08:00
2892,2025-06-19,-558035,-21890000,39069000,16620965,3471.0,23.0,-1.0,6.0,,2026-07-24T11:49:03.332230+08:00
2892,2025-06-20,-148656,-39190282,43677182,4338244,3482.0,27.0,11.0,4.0,,2026-07-24T11:49:03.332230+08:00
2892,2025-06-23,71000,-28108469,25293667,-2743802,3467.0,22.0,-15.0,-5.0,,2026-07-24T11:49:03.332230+08:00
2892,2025-06-24,507000,-22660289,27142121,4988832,3528.0,30.0,61.0,8.0,,2026-07-24T11:49:03.332230+08:00
2892,2025-06-25,124375,-10634153,26197561,15687783,3214.0,34.0,-314.0,4.0,,2026-07-24T11:49:03.332230+08:00
2892,2025-06-26,-210248,-17063120,19153561,1880193,2424.0,35.0,-790.0,1.0,,2026-07-24T11:49:03.332230+08:00
2892,2025-06-27,-1336026,-10121150,24831000,13373824,2103.0,38.0,-321.0,3.0,,2026-07-24T11:49:03.332230+08:00
2892,2025-06-30,-376980,6291615,14870041,20784676,1872.0,30.0,-231.0,-8.0,,2026-07-24T11:49:03.332230+08:00
2892,2025-07-01,327077,-10334685,20697692,10690084,1645.0,20.0,-227.0,-10.0,,2026-07-24T11:49:03.332230+08:00
2892,2025-07-02,-220983,-5749923,14846000,8875094,1649.0,19.0,4.0,-1.0,,2026-07-24T11:49:03.332230+08:00
2892,2025-07-03,1035,3310287,10056000,13367322,1667.0,21.0,18.0,2.0,,2026-07-24T11:49:03.332230+08:00
2892,2025-07-04,23160,10438718,5379561,15841439,1292.0,32.0,-375.0,11.0,,2026-07-24T11:49:03.332230+08:00
2892,2025-07-07,-59000,3814865,2363121,6118986,1225.0,32.0,-67.0,0.0,,2026-07-24T11:49:03.332230+08:00
2892,2025-07-08,53000,1336294,1943652,3332946,1133.0,31.0,-92.0,-1.0,,2026-07-24T11:49:03.332230+08:00
2892,2025-07-09,189000,2028372,606124,2823496,1129.0,21.0,-4.0,-10.0,,2026-07-24T11:49:03.332230+08:00
2892,2025-07-10,-234948,5742416,2064000,7571468,1179.0,20.0,50.0,-1.0,,2026-07-24T11:49:03.332230+08:00
2892,2025-07-11,-105000,7049486,-370000,6574486,1265.0,19.0,86.0,-1.0,,2026-07-24T11:49:03.332230+08:00
2892,2025-07-14,-43000,4102969,-52438,4007531,1310.0,19.0,45.0,0.0,,2026-07-24T11:49:03.332230+08:00
2892,2025-07-15,-15000,818954,-107597,696357,1301.0,22.0,-9.0,3.0,,2026-07-24T11:49:03.332230+08:00
2892,2025-07-16,1352856,3265833,159545,4778234,1295.0,24.0,-6.0,2.0,,2026-07-24T11:49:03.332230+08:00
2892,2025-07-17,424478,1695306,5950686,8070470,1280.0,26.0,-15.0,2.0,,2026-07-24T11:49:03.332230+08:00
2892,2025-07-18,631000,311200,-38752,903448,1318.0,25.0,38.0,-1.0,,2026-07-24T11:49:03.332230+08:00
2892,2025-07-21,65000,-2422458,5452000,3094542,1379.0,25.0,61.0,0.0,,2026-07-24T11:49:03.332230+08:00
2892,2025-07-22,353807,116145,8147966,8617918,1478.0,23.0,99.0,-2.0,,2026-07-24T11:49:03.332230+08:00
2892,2025-07-23,1280000,1864722,-174000,2970722,1678.0,23.0,200.0,0.0,,2026-07-24T11:49:03.332230+08:00
2892,2025-07-24,40864,-10745882,8839000,-1866018,1854.0,25.0,176.0,2.0,,2026-07-24T11:49:03.332230+08:00
2892,2025-07-25,-250000,-5468807,6122000,403193,1782.0,25.0,-72.0,0.0,,2026-07-24T11:49:03.332230+08:00
2892,2025-07-28,228282,-6588665,5019000,-1341383,2457.0,18.0,675.0,-7.0,,2026-07-24T11:49:03.332230+08:00
2892,2025-07-29,444386,-7372082,11316561,4388865,2398.0,17.0,-59.0,-1.0,,2026-07-24T11:49:03.332230+08:00
2892,2025-07-30,508999,-5689846,8627000,3446153,2388.0,12.0,-10.0,-5.0,,2026-07-24T11:49:03.332230+08:00
2892,2025-07-31,246815,-11504539,9120561,-2137163,2395.0,3.0,7.0,-9.0,,2026-07-24T11:49:03.332230+08:00
2892,2025-08-01,32637,12203597,9849803,22086037,2272.0,0.0,-123.0,-3.0,,2026-07-24T11:49:03.332230+08:00
2892,2025-08-04,-331321,5211837,9907000,14787516,2298.0,0.0,26.0,0.0,,2026-07-24T11:49:03.332230+08:00
2892,2025-08-05,-147274,1031260,8962561,9846547,2584.0,0.0,286.0,0.0,,2026-07-24T11:49:03.332230+08:00
2892,2025-08-06,-78000,2609680,443629,2975309,1727.0,0.0,-857.0,0.0,,2026-07-24T11:49:03.332230+08:00
2892,2025-08-07,23854,-31801706,107000,-31670852,3587.0,101.0,1860.0,101.0,,2026-07-24T11:49:03.332230+08:00
2892,2025-08-08,-261125,-1557363,-395345,-2213833,3844.0,2.0,257.0,-99.0,,2026-07-24T11:49:03.332230+08:00
2892,2025-08-11,59997,3170859,92301,3323157,3815.0,7.0,-29.0,5.0,,2026-07-24T11:49:03.332230+08:00
2892,2025-08-12,-46000,6941667,239656,7135323,3700.0,37.0,-115.0,30.0,,2026-07-24T11:49:03.332230+08:00
2892,2025-08-13,-116000,14317593,256092,14457685,3308.0,57.0,-392.0,20.0,,2026-07-24T11:49:03.332230+08:00
2892,2025-08-14,173837,10979491,194893,11348221,2728.0,52.0,-580.0,-5.0,,2026-07-24T11:49:03.332230+08:00
2892,2025-08-15,76560,-7025681,-194454,-7143575,2709.0,6.0,-19.0,-46.0,,2026-07-24T11:49:03.332230+08:00
2892,2025-08-18,61203,-1325723,216241,-1048279,2752.0,4.0,43.0,-2.0,,2026-07-24T11:49:03.332230+08:00
2892,2025-08-19,-7000,4338856,-110653,4221203,2725.0,4.0,-27.0,0.0,,2026-07-24T11:49:03.332230+08:00
2892,2025-08-20,911000,-1258864,91695,-256169,2598.0,4.0,-127.0,0.0,,2026-07-24T11:49:03.332230+08:00
2892,2025-08-21,185100,722804,-561651,346253,2585.0,4.0,-13.0,0.0,,2026-07-24T11:49:03.332230+08:00
2892,2025-08-22,142000,-2815477,-727454,-3400931,2704.0,4.0,119.0,0.0,,2026-07-24T11:49:03.332230+08:00
2892,2025-08-25,9464,-2931672,-1362694,-4284902,2909.0,1.0,205.0,-3.0,,2026-07-24T11:49:03.332230+08:00
2892,2025-08-26,275487,-4170078,-688510,-4583101,2904.0,2.0,-5.0,1.0,,2026-07-24T11:49:03.332230+08:00
2892,2025-08-27,-122251,560239,-1449000,-1011012,2918.0,2.0,14.0,0.0,,2026-07-24T11:49:03.332230+08:00
2892,2025-08-28,-152643,1994363,-853909,987811,2909.0,2.0,-9.0,0.0,,2026-07-24T11:49:03.332230+08:00
2892,2025-08-29,1180,-12683308,9031000,-3651128,3416.0,2.0,507.0,0.0,,2026-07-24T11:49:03.332230+08:00
2892,2025-09-01,-96900,1509366,-418240,994226,3467.0,2.0,51.0,0.0,,2026-07-24T11:49:03.332230+08:00
2892,2025-09-02,-207028,1212795,-380000,625767,3426.0,2.0,-41.0,0.0,,2026-07-24T11:49:03.332230+08:00
2892,2025-09-03,-266000,3048582,-430000,2352582,3224.0,2.0,-202.0,0.0,,2026-07-24T11:49:03.332230+08:00
2892,2025-09-04,-37000,7420732,-45455,7338277,2961.0,2.0,-263.0,0.0,,2026-07-24T11:49:03.332230+08:00
2892,2025-09-05,188426,-3124853,-93455,-3029882,2972.0,2.0,11.0,0.0,,2026-07-24T11:49:03.332230+08:00
2892,2025-09-08,605000,3119587,-63364,3661223,2946.0,3.0,-26.0,1.0,,2026-07-24T11:49:03.332230+08:00
2892,2025-09-09,8000,8687722,-121455,8574267,2802.0,2.0,-144.0,-1.0,,2026-07-24T11:49:03.332230+08:00
2892,2025-09-10,83000,7038780,-240000,6881780,2815.0,4.0,13.0,2.0,,2026-07-24T11:49:03.332230+08:00
2892,2025-09-11,38972,2669502,-398000,2310474,2405.0,4.0,-410.0,0.0,,2026-07-24T11:49:03.332230+08:00
2892,2025-09-12,280998,-43107,768091,1005982,2282.0,4.0,-123.0,0.0,,2026-07-24T11:49:03.332230+08:00
2892,2025-09-15,112552,-4157418,1378000,-2666866,2330.0,4.0,48.0,0.0,,2026-07-24T11:49:03.332230+08:00
2892,2025-09-16,73011,-2088472,1085077,-930384,2427.0,4.0,97.0,0.0,,2026-07-24T11:49:03.332230+08:00
2892,2025-09-17,97932,-4493912,1190181,-3205799,2424.0,3.0,-3.0,-1.0,,2026-07-24T11:49:03.332230+08:00
2892,2025-09-18,178724,1109944,-68000,1220668,2424.0,3.0,0.0,0.0,,2026-07-24T11:49:03.332230+08:00
2892,2025-09-19,242862,-878638,-343439,-979215,1725.0,3.0,-699.0,0.0,,2026-07-24T11:49:03.332230+08:00
2892,2025-09-22,202000,516231,708976,1427207,1715.0,3.0,-10.0,0.0,,2026-07-24T11:49:03.332230+08:00
2892,2025-09-23,41000,-542424,-189000,-690424,1715.0,3.0,0.0,0.0,,2026-07-24T11:49:03.332230+08:00
2892,2025-09-24,758626,126963,-509279,376310,1693.0,3.0,-22.0,0.0,,2026-07-24T11:49:03.332230+08:00
2892,2025-09-25,242452,-545150,-484000,-786698,1661.0,3.0,-32.0,0.0,,2026-07-24T11:49:03.332230+08:00
2892,2025-09-26,477815,-4139649,-42000,-3703834,1662.0,3.0,1.0,0.0,,2026-07-24T11:49:03.332230+08:00
2892,2025-09-30,490000,5808149,-10345,6287804,1058.0,3.0,-604.0,0.0,,2026-07-24T11:49:03.332230+08:00
2892,2025-10-01,102533,-405081,-170000,-472548,1054.0,3.0,-4.0,0.0,,2026-07-24T11:49:03.332230+08:00
2892,2025-10-02,141973,-5507388,-145577,-5510992,1087.0,3.0,33.0,0.0,,2026-07-24T11:49:03.332230+08:00
2892,2025-10-03,169297,-1565892,-133000,-1529595,1081.0,8.0,-6.0,5.0,,2026-07-24T11:49:03.332230+08:00
2892,2025-10-07,951080,-8825870,-94000,-7968790,1119.0,8.0,38.0,0.0,,2026-07-24T11:49:03.332230+08:00
2892,2025-10-08,94000,-390213,-117000,-413213,1087.0,8.0,-32.0,0.0,,2026-07-24T11:49:03.332230+08:00
2892,2025-10-09,39858,-11125107,-179507,-11264756,1145.0,10.0,58.0,2.0,,2026-07-24T11:49:03.332230+08:00
2892,2025-10-13,398958,-5207477,34000,-4774519,1104.0,8.0,-41.0,-2.0,,2026-07-24T11:49:03.332230+08:00
2892,2025-10-14,-80449,7373658,-165794,7127415,1069.0,8.0,-35.0,0.0,,2026-07-24T11:49:03.332230+08:00
2892,2025-10-15,282871,-715024,141000,-291153,1182.0,8.0,113.0,0.0,,2026-07-24T11:49:03.332230+08:00
2892,2025-10-16,464354,2595094,-2000,3057448,1190.0,8.0,8.0,0.0,,2026-07-24T11:49:03.332230+08:00
2892,2025-10-17,59253,-1697268,-457000,-2095015,1293.0,8.0,103.0,0.0,,2026-07-24T11:49:03.332230+08:00
2892,2025-10-20,403816,-3575834,41000,-3131018,1306.0,10.0,13.0,2.0,,2026-07-24T11:49:03.332230+08:00
2892,2025-10-21,385420,472492,-492000,365912,1312.0,10.0,6.0,0.0,,2026-07-24T11:49:03.332230+08:00
2892,2025-10-22,408000,4950162,-1417000,3941162,1295.0,3.0,-17.0,-7.0,,2026-07-24T11:49:03.332230+08:00
2892,2025-10-23,602970,-1256449,-905000,-1558479,1315.0,1.0,20.0,-2.0,,2026-07-24T11:49:03.332230+08:00
2892,2025-10-27,1472399,-1694541,-703749,-925891,1325.0,1.0,10.0,0.0,,2026-07-24T11:49:03.332230+08:00
2892,2025-10-28,333472,-9020556,-116000,-8803084,1346.0,1.0,21.0,0.0,,2026-07-24T11:49:03.332230+08:00
2892,2025-10-29,75123,-2302972,-995000,-3222849,1347.0,1.0,1.0,0.0,,2026-07-24T11:49:03.332230+08:00
2892,2025-10-30,240243,-3536963,1209000,-2087720,1354.0,1.0,7.0,0.0,,2026-07-24T11:49:03.332230+08:00
2892,2025-10-31,403000,-1884323,-757494,-2238817,1350.0,1.0,-4.0,0.0,,2026-07-24T11:49:03.332230+08:00
2892,2025-11-03,220290,-4284546,-488987,-4553243,1362.0,10.0,12.0,9.0,,2026-07-24T11:49:03.332230+08:00
2892,2025-11-04,137349,-1643848,50800,-1455699,1419.0,15.0,57.0,5.0,,2026-07-24T11:49:03.332230+08:00
2892,2025-11-05,290426,-1260921,-523987,-1494482,1467.0,14.0,48.0,-1.0,,2026-07-24T11:49:03.332230+08:00
2892,2025-11-06,502765,-461282,-711000,-669517,1404.0,14.0,-63.0,0.0,,2026-07-24T11:49:03.332230+08:00
2892,2025-11-07,-67238,-941614,-114000,-1122852,1449.0,14.0,45.0,0.0,,2026-07-24T11:49:03.332230+08:00
2892,2025-11-10,375780,-3924510,16373,-3532357,1473.0,14.0,24.0,0.0,,2026-07-24T11:49:03.332230+08:00
2892,2025-11-11,66000,-3497820,700000,-2731820,1468.0,14.0,-5.0,0.0,,2026-07-24T11:49:03.332230+08:00
2892,2025-11-12,124868,-3273151,-606000,-3754283,1535.0,14.0,67.0,0.0,,2026-07-24T11:49:03.332230+08:00
2892,2025-11-13,9003,-4512935,-933037,-5436969,1598.0,14.0,63.0,0.0,,2026-07-24T11:49:03.332230+08:00
2892,2025-11-14,151049,-6339856,-651000,-6839807,1600.0,10.0,2.0,-4.0,,2026-07-24T11:49:03.332230+08:00
2892,2025-11-17,-140707,-220660,-2093721,-2455088,2795.0,11.0,1195.0,1.0,,2026-07-24T11:49:03.332230+08:00
2892,2025-11-18,71909,-6359688,-2272000,-8559779,2841.0,12.0,46.0,1.0,,2026-07-24T11:49:03.332230+08:00
2892,2025-11-19,752151,-435451,-742627,-425927,2838.0,16.0,-3.0,4.0,,2026-07-24T11:49:03.332230+08:00
2892,2025-11-20,249776,2728089,-554255,2423610,2823.0,23.0,-15.0,7.0,,2026-07-24T11:49:03.332230+08:00
2892,2025-11-21,1472866,2578694,0,4051560,2958.0,14.0,135.0,-9.0,,2026-07-24T11:49:03.332230+08:00
2892,2025-11-24,1022000,1997245,131304,3150549,2433.0,12.0,-525.0,-2.0,,2026-07-24T11:49:03.332230+08:00
2892,2025-11-25,91935,-3442762,-99000,-3449827,2736.0,12.0,303.0,0.0,,2026-07-24T11:49:03.332230+08:00
2892,2025-11-26,151131,-4734674,6373,-4577170,2792.0,14.0,56.0,2.0,,2026-07-24T11:49:03.332230+08:00
2892,2025-11-27,-1050263,-17014247,81000,-17983510,3283.0,759.0,491.0,745.0,,2026-07-24T11:49:03.332230+08:00
2892,2025-11-28,581150,-22138721,-818000,-22375571,3583.0,756.0,300.0,-3.0,,2026-07-24T11:49:03.332230+08:00
2892,2025-12-01,-52709,-23133025,-1841000,-25026734,4674.0,755.0,1091.0,-1.0,,2026-07-24T11:49:03.332230+08:00
2892,2025-12-02,245512,-7956937,-2409000,-10120425,4994.0,308.0,320.0,-447.0,,2026-07-24T11:49:03.332230+08:00
2892,2025-12-03,229897,-9638309,-1024000,-10432412,5075.0,307.0,81.0,-1.0,,2026-07-24T11:49:03.332230+08:00
2892,2025-12-04,155968,-5172410,-597000,-5613442,5061.0,309.0,-14.0,2.0,,2026-07-24T11:49:03.332230+08:00
2892,2025-12-05,455308,-2053144,-1363000,-2960836,5980.0,309.0,919.0,0.0,,2026-07-24T11:49:03.332230+08:00
2892,2025-12-08,-15335,-6471791,-1364494,-7851620,5948.0,308.0,-32.0,-1.0,,2026-07-24T11:49:03.332230+08:00
2892,2025-12-09,-43000,-7602854,-2271000,-9916854,5862.0,322.0,-86.0,14.0,,2026-07-24T11:49:03.332230+08:00
2892,2025-12-10,-115955,-3120963,-4704730,-7941648,5856.0,325.0,-6.0,3.0,,2026-07-24T11:49:03.332230+08:00
2892,2025-12-11,-209000,-2084649,-1865373,-4159022,5777.0,325.0,-79.0,0.0,,2026-07-24T11:49:03.332230+08:00
2892,2025-12-12,269201,-8090936,-1268987,-9090722,6954.0,333.0,1177.0,8.0,,2026-07-24T11:49:03.332230+08:00
2892,2025-12-15,50121,12343623,-11108000,1285744,6858.0,348.0,-96.0,15.0,,2026-07-24T11:49:03.332230+08:00
2892,2025-12-16,100484,28324602,-18517000,9908086,6826.0,349.0,-32.0,1.0,,2026-07-24T11:49:03.332230+08:00
2892,2025-12-17,-443546,38809825,-36629000,1737279,6078.0,348.0,-748.0,-1.0,,2026-07-24T11:49:03.332230+08:00
2892,2025-12-18,956610,81600848,-83289000,-731542,6069.0,392.0,-9.0,44.0,,2026-07-24T11:49:03.332230+08:00
2892,2025-12-19,654855,63100716,-66903908,-3148337,6038.0,406.0,-31.0,14.0,,2026-07-24T11:49:03.332230+08:00
2892,2025-12-22,507230,79473385,-66616000,13364615,7366.0,413.0,1328.0,7.0,,2026-07-24T11:49:03.332230+08:00
2892,2025-12-23,1344000,46993260,-66546000,-18208740,7865.0,409.0,499.0,-4.0,,2026-07-24T11:49:03.332230+08:00
2892,2025-12-24,178494,61697138,-66650000,-4774368,8274.0,403.0,409.0,-6.0,,2026-07-24T11:49:03.332230+08:00
2892,2025-12-26,167988,50982467,-54946000,-3795545,8286.0,115.0,12.0,-288.0,,2026-07-24T11:49:03.332230+08:00
2892,2025-12-29,340468,14403325,-13430987,1312806,8530.0,116.0,244.0,1.0,,2026-07-24T11:49:03.332230+08:00
2892,2025-12-30,160081,8015000,-1961000,6214081,8483.0,119.0,-47.0,3.0,,2026-07-24T11:49:03.332230+08:00
2892,2025-12-31,-288159,-4301170,-252314,-4841643,9032.0,45.0,549.0,-74.0,,2026-07-24T11:49:03.332230+08:00
2892,2026-01-02,292016,-2622633,-23596,-2354213,8426.0,45.0,-606.0,0.0,,2026-07-24T11:49:03.332230+08:00
2892,2026-01-05,168273,7381915,-112900,7437288,7140.0,47.0,-1286.0,2.0,,2026-07-24T11:49:03.332230+08:00
2892,2026-01-06,10000,8715305,-74000,8651305,6792.0,55.0,-348.0,8.0,,2026-07-24T11:49:03.332230+08:00
2892,2026-01-07,48559,-3616398,-1480913,-5048752,7199.0,54.0,407.0,-1.0,,2026-07-24T11:49:03.332230+08:00
2892,2026-01-08,514990,-850460,-104000,-439470,7962.0,54.0,763.0,0.0,,2026-07-24T11:49:03.332230+08:00
2892,2026-01-09,226299,116506,-313365,29440,7944.0,46.0,-18.0,-8.0,,2026-07-24T11:49:03.332230+08:00
2892,2026-01-12,102514,-5144419,-124817,-5166722,7978.0,46.0,34.0,0.0,,2026-07-24T11:49:03.332230+08:00
2892,2026-01-13,185606,-7482585,-1040008,-8336987,7941.0,33.0,-37.0,-13.0,,2026-07-24T11:49:03.332230+08:00
2892,2026-01-14,167111,-1978475,-731300,-2542664,7910.0,33.0,-31.0,0.0,,2026-07-24T11:49:03.332230+08:00
2892,2026-01-15,278989,4006071,-186000,4099060,7489.0,29.0,-421.0,-4.0,,2026-07-24T11:49:03.332230+08:00
2892,2026-01-16,163000,-1912767,-928393,-2678160,7388.0,28.0,-101.0,-1.0,,2026-07-24T11:49:03.332230+08:00
2892,2026-01-19,-123706,2908520,-1365808,1419006,7310.0,29.0,-78.0,1.0,,2026-07-24T11:49:03.332230+08:00
2892,2026-01-20,-387477,-4061243,-913034,-5361754,7716.0,29.0,406.0,0.0,,2026-07-24T11:49:03.332230+08:00
2892,2026-01-21,-81173,-7264190,-1146200,-8491563,7749.0,28.0,33.0,-1.0,,2026-07-24T11:49:03.332230+08:00
2892,2026-01-22,380000,-6221409,-36000,-5877409,7860.0,28.0,111.0,0.0,,2026-07-24T11:49:03.332230+08:00
2892,2026-01-23,204819,-4325190,-396082,-4516453,7851.0,28.0,-9.0,0.0,,2026-07-24T11:49:03.332230+08:00
2892,2026-01-26,96686,-5687018,-1398408,-6988740,7879.0,28.0,28.0,0.0,,2026-07-24T11:49:03.332230+08:00
2892,2026-01-27,226102,-3061935,-172928,-3008761,7871.0,29.0,-8.0,1.0,,2026-07-24T11:49:03.332230+08:00
2892,2026-01-28,188340,-7424435,-6100,-7242195,7951.0,29.0,80.0,0.0,,2026-07-24T11:49:03.332230+08:00
2892,2026-01-29,198376,6241679,-1594000,4846055,7856.0,28.0,-95.0,-1.0,,2026-07-24T11:49:03.332230+08:00
2892,2026-01-30,48252,-9871247,-57000,-9879995,7873.0,28.0,17.0,0.0,,2026-07-24T11:49:03.332230+08:00
2892,2026-02-02,-322579,-5536884,1331518,-4527945,7881.0,8.0,8.0,-20.0,,2026-07-24T11:49:03.332230+08:00
2892,2026-02-03,157000,2132142,529518,2818660,7873.0,8.0,-8.0,0.0,,2026-07-24T11:49:03.332230+08:00
2892,2026-02-04,145747,-1145234,382800,-616687,7924.0,8.0,51.0,0.0,,2026-07-24T11:49:03.332230+08:00
2892,2026-02-05,-138324,6950443,603000,7415119,7941.0,9.0,17.0,1.0,,2026-07-24T11:49:03.332230+08:00
2892,2026-02-06,-169571,1550825,482000,1863254,7919.0,11.0,-22.0,2.0,,2026-07-24T11:49:03.332230+08:00
2892,2026-02-09,304420,-398489,4000,-90069,8066.0,11.0,147.0,0.0,,2026-07-24T11:49:03.332230+08:00
2892,2026-02-10,380944,3800869,-655000,3526813,8057.0,22.0,-9.0,11.0,,2026-07-24T11:49:03.332230+08:00
2892,2026-02-11,785147,8199326,580000,9564473,7879.0,18.0,-178.0,-4.0,,2026-07-24T11:49:03.332230+08:00
2892,2026-02-23,173558,19017821,9000,19200379,7991.0,18.0,112.0,0.0,,2026-07-24T11:49:03.332230+08:00
2892,2026-02-24,694357,6183814,610918,7489089,7923.0,16.0,-68.0,-2.0,,2026-07-24T11:49:03.332230+08:00
2892,2026-02-25,558775,372194,1024000,1954969,7833.0,15.0,-90.0,-1.0,,2026-07-24T11:49:03.332230+08:00
2892,2026-02-26,390043,7037844,-134398,7293489,7887.0,15.0,54.0,0.0,,2026-07-24T11:49:03.332230+08:00
2892,2026-03-02,261150,1358823,671000,2290973,7874.0,14.0,-13.0,-1.0,,2026-07-24T11:49:03.332230+08:00
2892,2026-03-03,498377,8949089,136900,9584366,7870.0,14.0,-4.0,0.0,,2026-07-24T11:49:03.332230+08:00
2892,2026-03-04,-329122,-15051029,722000,-14658151,8400.0,29.0,530.0,15.0,,2026-07-24T11:49:03.332230+08:00
2892,2026-03-05,70528,1478094,529000,2077622,8472.0,29.0,72.0,0.0,,2026-07-24T11:49:03.332230+08:00
2892,2026-03-06,369832,9098019,263000,9730851,8321.0,30.0,-151.0,1.0,,2026-07-24T11:49:03.332230+08:00
2892,2026-03-09,-191424,1651736,435406,1895718,8377.0,18.0,56.0,-12.0,,2026-07-24T11:49:03.332230+08:00
2892,2026-03-10,364436,-722383,316407,-41540,8350.0,19.0,-27.0,1.0,,2026-07-24T11:49:03.332230+08:00
2892,2026-03-11,126352,5540518,1000,5667870,8430.0,18.0,80.0,-1.0,,2026-07-24T11:49:03.332230+08:00
2892,2026-03-12,-328476,-4095834,172000,-4252310,8511.0,12.0,81.0,-6.0,,2026-07-24T11:49:03.332230+08:00
2892,2026-03-13,-404689,6433635,64000,6092946,8488.0,12.0,-23.0,0.0,,2026-07-24T11:49:03.332230+08:00
2892,2026-03-16,82813,1188515,-972921,298407,8470.0,32.0,-18.0,20.0,,2026-07-24T11:49:03.332230+08:00
2892,2026-03-17,662000,1121175,-786000,997175,8424.0,34.0,-46.0,2.0,,2026-07-24T11:49:03.332230+08:00
2892,2026-03-18,90220,-3438835,-69591,-3418206,8813.0,33.0,389.0,-1.0,,2026-07-24T11:49:03.332230+08:00
2892,2026-03-19,15151,-7051549,8000,-7028398,8829.0,33.0,16.0,0.0,,2026-07-24T11:49:03.332230+08:00
2892,2026-03-20,-150607,6200906,-1818999,4231300,8829.0,33.0,0.0,0.0,,2026-07-24T11:49:03.332230+08:00
2892,2026-03-23,-165552,-4046226,222712,-3989066,8885.0,4.0,56.0,-29.0,,2026-07-24T11:49:03.332230+08:00
2892,2026-03-24,65794,9539074,133000,9737868,8708.0,4.0,-177.0,0.0,,2026-07-24T11:49:03.332230+08:00
2892,2026-03-25,806804,5206429,81000,6094233,8701.0,3.0,-7.0,-1.0,,2026-07-24T11:49:03.332230+08:00
2892,2026-03-26,122320,4953632,0,5075952,8712.0,3.0,11.0,0.0,,2026-07-24T11:49:03.332230+08:00
2892,2026-03-27,183869,-3056840,66000,-2806971,8826.0,4.0,114.0,1.0,,2026-07-24T11:49:03.332230+08:00
2892,2026-03-30,-248576,3162548,274441,3188413,8868.0,4.0,42.0,0.0,,2026-07-24T11:49:03.332230+08:00
2892,2026-03-31,1355332,3283896,149500,4788728,8866.0,3.0,-2.0,-1.0,,2026-07-24T11:49:03.332230+08:00
2892,2026-04-01,1131398,7058336,66441,8256175,8874.0,3.0,8.0,0.0,,2026-07-24T11:49:03.332230+08:00
2892,2026-04-02,-144555,6609514,-16149,6448810,8860.0,2.0,-14.0,-1.0,,2026-07-24T11:49:03.332230+08:00
2892,2026-04-07,116855,1571546,13899,1702300,8856.0,2.0,-4.0,0.0,,2026-07-24T11:49:03.332230+08:00
2892,2026-04-08,847752,1955600,-11109,2792243,8821.0,2.0,-35.0,0.0,,2026-07-24T11:49:03.332230+08:00
2892,2026-04-09,-266000,6377492,-22304,6089188,8895.0,2.0,74.0,0.0,,2026-07-24T11:49:03.332230+08:00
2892,2026-04-10,-1932,-6515958,-583315,-7101205,9007.0,0.0,112.0,-2.0,,2026-07-24T11:49:03.332230+08:00
2892,2026-04-13,-139631,-2010230,-1783135,-3932996,9069.0,0.0,62.0,0.0,,2026-07-24T11:49:03.332230+08:00
2892,2026-04-14,140710,1607500,-1055365,692845,9055.0,0.0,-14.0,0.0,,2026-07-24T11:49:03.332230+08:00
2892,2026-04-15,-84605,-630553,-3030995,-3746153,9040.0,0.0,-15.0,0.0,,2026-07-24T11:49:03.332230+08:00
2892,2026-04-16,313000,800936,-20768,1093168,9035.0,0.0,-5.0,0.0,,2026-07-24T11:49:03.332230+08:00
2892,2026-04-17,41287,-358332,-1087550,-1404595,9033.0,0.0,-2.0,0.0,,2026-07-24T11:49:03.332230+08:00
2892,2026-04-20,100478,1006264,-1884092,-777350,9066.0,0.0,33.0,0.0,,2026-07-24T11:49:03.332230+08:00
2892,2026-04-21,10710,65229,-799840,-723901,9086.0,0.0,20.0,0.0,,2026-07-24T11:49:03.332230+08:00
2892,2026-04-22,-90000,-3752219,-539660,-4381879,9120.0,0.0,34.0,0.0,,2026-07-24T11:49:03.332230+08:00
2892,2026-04-23,-399106,-21972615,-1349049,-23720770,9248.0,0.0,128.0,0.0,,2026-07-24T11:49:03.332230+08:00
2892,2026-04-24,-24000,-4582036,-412136,-5018172,9246.0,0.0,-2.0,0.0,,2026-07-24T11:49:03.332230+08:00
2892,2026-04-27,-157956,-150054,-574722,-882732,9251.0,0.0,5.0,0.0,,2026-07-24T11:49:03.332230+08:00
2892,2026-04-28,-121030,-3031476,-627496,-3780002,9272.0,0.0,21.0,0.0,,2026-07-24T11:49:03.332230+08:00
2892,2026-04-29,34010,1204514,48000,1286524,9261.0,0.0,-11.0,0.0,,2026-07-24T11:49:03.332230+08:00
2892,2026-04-30,103161,18027422,-52000,18078583,19387.0,0.0,10126.0,0.0,,2026-07-24T11:49:03.332230+08:00
2892,2026-05-04,88790,-13469161,-10309,-13390680,19034.0,0.0,-353.0,0.0,,2026-07-24T11:49:03.332230+08:00
2892,2026-05-05,-23046,5224218,-1016646,4184526,19011.0,0.0,-23.0,0.0,,2026-07-24T11:49:03.332230+08:00
2892,2026-05-06,244645,26611481,323000,27179126,18887.0,0.0,-124.0,0.0,,2026-07-24T11:49:03.332230+08:00
2892,2026-05-07,237043,27699133,-1324,27934852,15708.0,2.0,-3179.0,2.0,,2026-07-24T11:49:03.332230+08:00
2892,2026-05-08,151187,19114161,88600,19353948,13122.0,1.0,-2586.0,-1.0,,2026-07-24T11:49:03.332230+08:00
2892,2026-05-11,-49328,14759048,-529618,14180102,12973.0,6.0,-149.0,5.0,,2026-07-24T11:49:03.332230+08:00
2892,2026-05-12,-274507,10374585,-363825,9736253,13041.0,3.0,68.0,-3.0,,2026-07-24T11:49:03.332230+08:00
2892,2026-05-13,754087,15149233,-36000,15867320,13097.0,4.0,56.0,1.0,,2026-07-24T11:49:03.332230+08:00
2892,2026-05-14,-236000,4215163,-170000,3809163,11842.0,3.0,-1255.0,-1.0,,2026-07-24T11:49:03.332230+08:00
2892,2026-05-15,-141972,8162254,-67592,7952690,11756.0,3.0,-86.0,0.0,,2026-07-24T11:49:03.332230+08:00
2892,2026-05-18,109741,-11082502,-2000,-10974761,11246.0,1.0,-510.0,-2.0,,2026-07-24T11:49:03.332230+08:00
2892,2026-05-19,239914,3576257,4766000,8582171,11100.0,7.0,-146.0,6.0,,2026-07-24T11:49:03.332230+08:00
2892,2026-05-20,-480948,-136973747,3630000,-133824695,13165.0,3.0,2065.0,-4.0,,2026-07-24T11:49:03.332230+08:00
2892,2026-05-21,68610,-71794168,2846000,-68879558,15749.0,3.0,2584.0,0.0,,2026-07-24T11:49:03.332230+08:00
2892,2026-05-22,115285,-69439278,2461676,-66862317,18117.0,5.0,2368.0,2.0,,2026-07-24T11:49:03.332230+08:00
2892,2026-05-25,-39268,-46851794,4341400,-42549662,18902.0,50.0,785.0,45.0,,2026-07-24T11:49:03.332230+08:00
2892,2026-05-26,76000,-12748614,5000,-12667614,18577.0,5.0,-325.0,-45.0,,2026-07-24T11:49:03.332230+08:00
2892,2026-05-27,278642,-11631867,51000,-11302225,18676.0,6.0,99.0,1.0,,2026-07-24T11:49:03.332230+08:00
2892,2026-05-28,129201,-25867747,-29352,-25767898,19010.0,7.0,334.0,1.0,,2026-07-24T11:49:03.332230+08:00
2892,2026-05-29,102282,-11330483,3790908,-7437293,15633.0,6.0,-3377.0,-1.0,,2026-07-24T11:49:03.332230+08:00
2892,2026-06-01,164105,-2334585,1268000,-902480,15521.0,4.0,-112.0,-2.0,,2026-07-24T11:49:03.332230+08:00
2892,2026-06-02,-84385,4149622,14287000,18352237,15101.0,3.0,-420.0,-1.0,,2026-07-24T11:49:03.332230+08:00
2892,2026-06-03,176076,31932595,3387723,35496394,13691.0,2.0,-1410.0,-1.0,,2026-07-24T11:49:03.332230+08:00
2892,2026-06-04,602403,31430753,948323,32981479,12305.0,2.0,-1386.0,0.0,,2026-07-24T11:49:03.332230+08:00
2892,2026-06-05,-10300,-9224607,53380,-9181527,12150.0,4.0,-155.0,2.0,,2026-07-24T11:49:03.332230+08:00
2892,2026-06-08,146693,1092161,974000,2212854,11377.0,5.0,-773.0,1.0,,2026-07-24T11:49:03.332230+08:00
2892,2026-06-09,-979,64068049,12000,64079070,13204.0,10.0,1827.0,5.0,,2026-07-24T11:49:03.332230+08:00
2892,2026-06-10,263861,30117355,20068,30401284,15046.0,15.0,1842.0,5.0,,2026-07-24T11:49:03.332230+08:00
2892,2026-06-11,1700650,19414423,418254,21533327,14814.0,13.0,-232.0,-2.0,,2026-07-24T11:49:03.332230+08:00
2892,2026-06-12,21964,28858853,-29267,28851550,13722.0,14.0,-1092.0,1.0,,2026-07-24T11:49:03.332230+08:00
2892,2026-06-15,280378,17529632,-2000,17808010,10474.0,15.0,-3248.0,1.0,,2026-07-24T11:49:03.332230+08:00
2892,2026-06-16,200814,5557516,18825721,24584051,9826.0,12.0,-648.0,-3.0,,2026-07-24T11:49:03.332230+08:00
2892,2026-06-17,-135237,13375843,18791470,32032076,9088.0,17.0,-738.0,5.0,,2026-07-24T11:49:03.332230+08:00
2892,2026-06-18,164113,-8947028,20339405,11556490,9111.0,17.0,23.0,0.0,,2026-07-24T11:49:03.332230+08:00
2892,2026-06-19,-7000,65408,0,58408,,,,,,2026-07-24T11:49:03.332230+08:00
2892,2026-06-22,81869,-12555033,18097629,5624465,9276.0,17.0,,,,2026-07-24T11:49:03.332230+08:00
2892,2026-06-23,256945,-10133683,16351687,6474949,8105.0,29.0,-1171.0,12.0,,2026-07-24T11:49:03.332230+08:00
2892,2026-06-24,417588,-12371191,16345000,4391397,8315.0,26.0,210.0,-3.0,,2026-07-24T11:49:03.332230+08:00
2892,2026-06-25,286528,6023055,19339000,25648583,7529.0,17.0,-786.0,-9.0,,2026-07-24T11:49:03.332230+08:00
2892,2026-06-26,581020,-16829237,20870448,4622231,7307.0,15.0,-222.0,-2.0,,2026-07-24T11:49:03.332230+08:00
2892,2026-06-29,356238,-6826601,15256513,8786150,8358.0,15.0,1051.0,0.0,,2026-07-24T11:49:03.332230+08:00
2892,2026-06-30,34124,-27091702,29892000,2834422,7836.0,15.0,-522.0,0.0,,2026-07-24T11:49:03.332230+08:00
2892,2026-07-01,106434,-90746752,98425000,7784682,5601.0,293.0,,,,2026-07-30T01:54:42.645169+08:00
2892,2026-07-02,-940,-28970241,18509245,-10461936,7033.0,13.0,1432.0,-280.0,,2026-07-30T01:54:42.645169+08:00
2892,2026-07-03,149993,4958204,5576491,10684688,6726.0,13.0,-307.0,0.0,,2026-07-30T01:54:42.645169+08:00
2892,2026-07-06,-205745,6622596,7376129,13792980,5447.0,12.0,-1279.0,-1.0,,2026-07-30T01:54:42.645169+08:00
2892,2026-07-07,147916,12146074,7696185,19990175,4583.0,12.0,-864.0,0.0,,2026-07-30T01:54:42.645169+08:00
2892,2026-07-08,192880,21282527,124378,21599785,4717.0,12.0,134.0,0.0,,2026-07-30T01:54:42.645169+08:00
2892,2026-07-09,-218521,-431543,-32160,-682224,4899.0,12.0,182.0,0.0,,2026-07-30T01:54:42.645169+08:00
2892,2026-07-13,20694,3513153,220346,3754193,4631.0,12.0,-268.0,0.0,,2026-07-30T01:54:42.645169+08:00
2892,2026-07-14,1391111,1189567,506320,3086998,4544.0,12.0,-87.0,0.0,,2026-07-30T01:54:42.645169+08:00
2892,2026-07-15,-210060,18332769,-227545,17895164,4762.0,11.0,218.0,-1.0,,2026-07-30T01:54:42.645169+08:00
2892,2026-07-16,235277,2374212,38973,2648462,4705.0,13.0,-57.0,2.0,,2026-07-30T01:54:42.645169+08:00
2892,2026-07-17,1691149,7607939,9309611,18608699,3743.0,13.0,-962.0,0.0,,2026-07-30T01:54:42.645169+08:00
2892,2026-07-20,2189983,-13241442,10269153,-782306,3121.0,10.0,-622.0,-3.0,,2026-07-30T01:54:42.645169+08:00
2892,2026-07-21,371306,-2391577,8637313,6617042,2216.0,10.0,-905.0,0.0,,2026-07-30T01:54:42.645169+08:00
2892,2026-07-22,-194323,-7109913,8602944,1298708,2250.0,10.0,34.0,0.0,,2026-07-30T01:54:42.645169+08:00
2892,2026-07-23,-8930,-19301728,8666842,-10643816,2251.0,10.0,1.0,0.0,,2026-07-30T01:54:42.645169+08:00
2892,2026-07-24,139955,2472755,139079,2751789,1346.0,10.0,-905.0,0.0,,2026-07-30T01:54:42.645169+08:00
2892,2026-07-27,999392,3094395,1226504,5320291,1501.0,19.0,155.0,9.0,,2026-07-30T01:54:42.645169+08:00
2892,2026-07-28,2281882,-7287740,776054,-4229804,2031.0,16.0,530.0,-3.0,,2026-07-30T01:54:42.645169+08:00
2892,2026-07-29,4639398,-5851608,1760945,548735,2186.0,13.0,155.0,-3.0,,2026-07-30T01:54:42.645169+08:00
2892,2026-08-03,1781321,-22190049,2295232,-18113496,1679.0,18.0,,,,2026-08-26T21:56:06.288944+08:00
2892,2026-08-04,1316030,-20160754,1234000,-17610724,1910.0,13.0,231.0,-5.0,,2026-08-26T21:56:06.288944+08:00
2892,2026-08-05,4242909,-11962069,1635867,-6083293,1956.0,0.0,46.0,-13.0,,2026-08-26T21:56:06.288944+08:00
2892,2026-08-06,-171676,-21663786,7361000,-14474462,1829.0,0.0,-127.0,0.0,,2026-08-26T21:56:06.288944+08:00
2892,2026-08-07,-270062,-12690979,1291000,-11670041,1634.0,0.0,-195.0,0.0,,2026-08-26T21:56:06.288944+08:00
2892,2026-08-10,280873,-17899558,1718341,-15900344,1999.0,0.0,365.0,0.0,,2026-08-26T21:56:06.288944+08:00
2892,2026-08-11,-13497878,23747049,-187329,10061842,2445.0,7.0,446.0,7.0,,2026-08-26T21:56:06.288944+08:00
2892,2026-08-12,-1569991,13521627,-95966,11855670,2331.0,9.0,-114.0,2.0,,2026-08-26T21:56:06.288944+08:00
2892,2026-08-13,316446,10864088,1420208,12600742,2374.0,9.0,43.0,0.0,,2026-08-26T21:56:06.288944+08:00
2892,2026-08-14,303358,-3851813,14618712,11070257,2292.0,817.0,-82.0,808.0,,2026-08-26T21:56:06.288944+08:00
2892,2026-08-17,-330162,2813256,15415394,17898488,2321.0,819.0,29.0,2.0,,2026-08-26T21:56:06.288944+08:00
2892,2026-08-18,21685,-1562981,13662769,12121473,2264.0,28.0,-57.0,-791.0,,2026-08-26T21:56:06.288944+08:00
2892,2026-08-19,-634152,3265498,-1569000,1062346,2277.0,20.0,13.0,-8.0,,2026-08-26T21:56:06.288944+08:00
2892,2026-08-20,-29467,12013286,-1346000,10637819,2588.0,14.0,311.0,-6.0,,2026-08-26T21:56:06.288944+08:00
2892,2026-08-21,-59707,20474320,-45111,20369502,2318.0,15.0,-270.0,1.0,,2026-08-26T21:56:06.288944+08:00
2892,2026-08-24,5714,12784114,-4483055,8306773,2210.0,14.0,-108.0,-1.0,,2026-08-26T21:56:06.288944+08:00
2892,2026-08-25,37463,14366895,139769,14544127,2154.0,18.0,-56.0,4.0,,2026-08-26T21:56:06.288944+08:00
2892,2026-08-26,413307,11221436,-1669154,9965589,2918.0,17.0,764.0,-1.0,,2026-08-26T21:56:06.288944+08:00
2892,2026-08-03,1781321,-22190049,2295232,-18113496,1679.0,18.0,,,,2026-08-27T12:11:52.725221+08:00
2892,2026-08-04,1316030,-20160754,1234000,-17610724,1910.0,13.0,231.0,-5.0,,2026-08-27T12:11:52.725221+08:00
2892,2026-08-05,4242909,-11962069,1635867,-6083293,1956.0,0.0,46.0,-13.0,,2026-08-27T12:11:52.725221+08:00
2892,2026-08-06,-171676,-21663786,7361000,-14474462,1829.0,0.0,-127.0,0.0,,2026-08-27T12:11:52.725221+08:00
2892,2026-08-07,-270062,-12690979,1291000,-11670041,1634.0,0.0,-195.0,0.0,,2026-08-27T12:11:52.725221+08:00
2892,2026-08-10,280873,-17899558,1718341,-15900344,1999.0,0.0,365.0,0.0,,2026-08-27T12:11:52.725221+08:00
2892,2026-08-11,-13497878,23747049,-187329,10061842,2445.0,7.0,446.0,7.0,,2026-08-27T12:11:52.725221+08:00
2892,2026-08-12,-1569991,13521627,-95966,11855670,2331.0,9.0,-114.0,2.0,,2026-08-27T12:11:52.725221+08:00
2892,2026-08-13,316446,10864088,1420208,12600742,2374.0,9.0,43.0,0.0,,2026-08-27T12:11:52.725221+08:00
2892,2026-08-14,303358,-3851813,14618712,11070257,2292.0,817.0,-82.0,808.0,,2026-08-27T12:11:52.725221+08:00
2892,2026-08-17,-330162,2813256,15415394,17898488,2321.0,819.0,29.0,2.0,,2026-08-27T12:11:52.725221+08:00
2892,2026-08-18,21685,-1562981,13662769,12121473,2264.0,28.0,-57.0,-791.0,,2026-08-27T12:11:52.725221+08:00
2892,2026-08-19,-634152,3265498,-1569000,1062346,2277.0,20.0,13.0,-8.0,,2026-08-27T12:11:52.725221+08:00
2892,2026-08-20,-29467,12013286,-1346000,10637819,2588.0,14.0,311.0,-6.0,,2026-08-27T12:11:52.725221+08:00
2892,2026-08-21,-59707,20474320,-45111,20369502,2318.0,15.0,-270.0,1.0,,2026-08-27T12:11:52.725221+08:00
2892,2026-08-24,5714,12784114,-4483055,8306773,2210.0,14.0,-108.0,-1.0,,2026-08-27T12:11:52.725221+08:00
2892,2026-08-25,37463,14366895,139769,14544127,2154.0,18.0,-56.0,4.0,,2026-08-27T12:11:52.725221+08:00
2892,2026-08-26,413307,11221436,-1669154,9965589,2918.0,17.0,764.0,-1.0,,2026-08-27T12:11:52.725221+08:00
