stock_id,trade_date,dealer_net,foreign_net,investment_trust_net,institutional_net,margin_balance,short_balance,margin_change,short_change,securities_lending,updated_at
3037,2016-01-04,-204000.0,-124000.0,0.0,-328000.0,52058.0,1518.0,,,,2026-07-24T11:49:05.145656+08:00
3037,2016-01-05,320000.0,-484000.0,0.0,-164000.0,52211.0,1563.0,153.0,45.0,,2026-07-24T11:49:05.145656+08:00
3037,2016-01-06,-858000.0,-1336000.0,0.0,-2194000.0,51916.0,1539.0,-295.0,-24.0,,2026-07-24T11:49:05.145656+08:00
3037,2016-01-07,-33000.0,-967000.0,0.0,-1000000.0,51829.0,1453.0,-87.0,-86.0,,2026-07-24T11:49:05.145656+08:00
3037,2016-01-08,-67000.0,576000.0,0.0,509000.0,52028.0,1321.0,199.0,-132.0,,2026-07-24T11:49:05.145656+08:00
3037,2016-01-11,75000.0,-1991000.0,0.0,-1916000.0,52545.0,1265.0,517.0,-56.0,,2026-07-24T11:49:05.145656+08:00
3037,2016-01-12,-87000.0,-1950000.0,0.0,-2037000.0,52312.0,1292.0,-233.0,27.0,,2026-07-24T11:49:05.145656+08:00
3037,2016-01-13,25000.0,-1248000.0,0.0,-1223000.0,52697.0,1315.0,385.0,23.0,,2026-07-24T11:49:05.145656+08:00
3037,2016-01-14,-449000.0,-2003506.0,0.0,-2452506.0,52437.0,1140.0,-260.0,-175.0,,2026-07-24T11:49:05.145656+08:00
3037,2016-01-15,-76000.0,-1790304.0,0.0,-1866304.0,52389.0,1202.0,-48.0,62.0,,2026-07-24T11:49:05.145656+08:00
3037,2016-01-18,304000.0,-1557000.0,0.0,-1253000.0,52666.0,1062.0,277.0,-140.0,,2026-07-24T11:49:05.145656+08:00
3037,2016-01-19,87000.0,-808000.0,-3000.0,-724000.0,52704.0,1039.0,38.0,-23.0,,2026-07-24T11:49:05.145656+08:00
3037,2016-01-20,-269000.0,-1238000.0,0.0,-1507000.0,52804.0,1028.0,100.0,-11.0,,2026-07-24T11:49:05.145656+08:00
3037,2016-01-21,62000.0,625704.0,0.0,687704.0,52464.0,1006.0,-340.0,-22.0,,2026-07-24T11:49:05.145656+08:00
3037,2016-01-22,-90000.0,48000.0,0.0,-42000.0,52369.0,978.0,-95.0,-28.0,,2026-07-24T11:49:05.145656+08:00
3037,2016-01-25,197000.0,-557000.0,0.0,-360000.0,52413.0,917.0,44.0,-61.0,,2026-07-24T11:49:05.145656+08:00
3037,2016-01-26,-103000.0,-116000.0,0.0,-219000.0,52320.0,917.0,-93.0,0.0,,2026-07-24T11:49:05.145656+08:00
3037,2016-01-27,342000.0,-506232.0,0.0,-164232.0,52103.0,918.0,-217.0,1.0,,2026-07-24T11:49:05.145656+08:00
3037,2016-01-28,473000.0,-3007000.0,0.0,-2534000.0,53258.0,1179.0,1155.0,261.0,,2026-07-24T11:49:05.145656+08:00
3037,2016-01-29,-10000.0,-6591000.0,0.0,-6601000.0,54626.0,1627.0,1368.0,448.0,,2026-07-24T11:49:05.145656+08:00
3037,2016-01-30,487000.0,0.0,0.0,487000.0,53724.0,2186.0,-902.0,559.0,,2026-07-24T11:49:05.145656+08:00
3037,2016-02-01,318000.0,4745000.0,0.0,5063000.0,54552.0,1736.0,828.0,-450.0,,2026-07-24T11:49:05.145656+08:00
3037,2016-02-02,-403000.0,9025958.0,0.0,8622958.0,55522.0,1391.0,970.0,-345.0,,2026-07-24T11:49:05.145656+08:00
3037,2016-02-03,63000.0,6508072.0,0.0,6571072.0,55740.0,1448.0,218.0,57.0,,2026-07-24T11:49:05.145656+08:00
3037,2016-02-05,806000.0,-3327000.0,0.0,-2521000.0,,,,,,2026-07-24T11:49:05.145656+08:00
3037,2016-02-15,3957000.0,8809000.0,-3523.0,12762477.0,53339.0,1465.0,,,,2026-07-24T11:49:05.145656+08:00
3037,2016-02-16,-1797000.0,5542000.0,0.0,3745000.0,52090.0,1735.0,-1249.0,270.0,,2026-07-24T11:49:05.145656+08:00
3037,2016-02-17,61000.0,6806300.0,0.0,6867300.0,51204.0,1558.0,-886.0,-177.0,,2026-07-24T11:49:05.145656+08:00
3037,2016-02-18,977000.0,16208000.0,0.0,17185000.0,50189.0,2387.0,-1015.0,829.0,,2026-07-24T11:49:05.145656+08:00
3037,2016-02-19,-877000.0,5286000.0,-1000.0,4408000.0,48616.0,2636.0,-1573.0,249.0,,2026-07-24T11:49:05.145656+08:00
3037,2016-02-22,-245000.0,2892104.0,0.0,2647104.0,47979.0,2411.0,-637.0,-225.0,,2026-07-24T11:49:05.145656+08:00
3037,2016-02-23,940000.0,3892931.0,0.0,4832931.0,47611.0,2458.0,-368.0,47.0,,2026-07-24T11:49:05.145656+08:00
3037,2016-02-24,-1174000.0,2842000.0,0.0,1668000.0,47489.0,2449.0,-122.0,-9.0,,2026-07-24T11:49:05.145656+08:00
3037,2016-02-25,-234000.0,2938364.0,0.0,2704364.0,47345.0,2378.0,-144.0,-71.0,,2026-07-24T11:49:05.145656+08:00
3037,2016-02-26,153000.0,6983304.0,0.0,7136304.0,45343.0,2468.0,-2002.0,90.0,,2026-07-24T11:49:05.145656+08:00
3037,2016-03-01,315000.0,-8590.0,0.0,306410.0,45552.0,2526.0,209.0,58.0,,2026-07-24T11:49:05.145656+08:00
3037,2016-03-02,-456000.0,4297000.0,-2000.0,3839000.0,44394.0,2505.0,-1158.0,-21.0,,2026-07-24T11:49:05.145656+08:00
3037,2016-03-03,-91000.0,773000.0,0.0,682000.0,44185.0,2600.0,-209.0,95.0,,2026-07-24T11:49:05.145656+08:00
3037,2016-03-04,232000.0,4435000.0,0.0,4667000.0,43288.0,2617.0,-897.0,17.0,,2026-07-24T11:49:05.145656+08:00
3037,2016-03-07,-218000.0,-651000.0,0.0,-869000.0,43521.0,2552.0,233.0,-65.0,,2026-07-24T11:49:05.145656+08:00
3037,2016-03-08,2387000.0,2705091.0,0.0,5092091.0,42770.0,2728.0,-751.0,176.0,,2026-07-24T11:49:05.145656+08:00
3037,2016-03-09,-2054000.0,-479546.0,500000.0,-2033546.0,43750.0,2595.0,980.0,-133.0,,2026-07-24T11:49:05.145656+08:00
3037,2016-03-10,-2000.0,-365000.0,-1000.0,-368000.0,43761.0,2580.0,11.0,-15.0,,2026-07-24T11:49:05.145656+08:00
3037,2016-03-11,-249000.0,327000.0,0.0,78000.0,43817.0,2532.0,56.0,-48.0,,2026-07-24T11:49:05.145656+08:00
3037,2016-03-14,259000.0,-618000.0,0.0,-359000.0,44194.0,2166.0,377.0,-366.0,,2026-07-24T11:49:05.145656+08:00
3037,2016-03-15,-481000.0,2424000.0,0.0,1943000.0,43508.0,2648.0,-686.0,482.0,,2026-07-24T11:49:05.145656+08:00
3037,2016-03-16,316000.0,-770000.0,0.0,-454000.0,43403.0,2776.0,-105.0,128.0,,2026-07-24T11:49:05.145656+08:00
3037,2016-03-17,-763000.0,245000.0,0.0,-518000.0,43697.0,3281.0,294.0,505.0,,2026-07-24T11:49:05.145656+08:00
3037,2016-03-18,368000.0,-5758300.0,1000.0,-5389300.0,44401.0,3222.0,704.0,-59.0,,2026-07-24T11:49:05.145656+08:00
3037,2016-03-21,243000.0,-363000.0,0.0,-120000.0,44068.0,3178.0,-333.0,-44.0,,2026-07-24T11:49:05.145656+08:00
3037,2016-03-22,-705000.0,-1623232.0,0.0,-2328232.0,44079.0,2840.0,11.0,-338.0,,2026-07-24T11:49:05.145656+08:00
3037,2016-03-23,179000.0,-186000.0,-100000.0,-107000.0,43962.0,2795.0,-117.0,-45.0,,2026-07-24T11:49:05.145656+08:00
3037,2016-03-24,445000.0,-4925000.0,0.0,-4480000.0,45425.0,2920.0,1463.0,125.0,,2026-07-24T11:49:05.145656+08:00
3037,2016-03-25,-1023000.0,-2711000.0,-40000.0,-3774000.0,46209.0,2791.0,784.0,-129.0,,2026-07-24T11:49:05.145656+08:00
3037,2016-03-28,87000.0,-105000.0,-100000.0,-118000.0,45984.0,2666.0,-225.0,-125.0,,2026-07-24T11:49:05.145656+08:00
3037,2016-03-29,-236000.0,-162000.0,1000.0,-397000.0,46393.0,2596.0,409.0,-70.0,,2026-07-24T11:49:05.145656+08:00
3037,2016-03-30,395000.0,1802000.0,0.0,2197000.0,44918.0,2585.0,-1475.0,-11.0,,2026-07-24T11:49:05.145656+08:00
3037,2016-03-31,44000.0,-673000.0,0.0,-629000.0,44926.0,2386.0,8.0,-199.0,,2026-07-24T11:49:05.145656+08:00
3037,2016-04-01,-55000.0,-664545.0,-100000.0,-819545.0,45064.0,2348.0,138.0,-38.0,,2026-07-24T11:49:05.145656+08:00
3037,2016-04-06,-185000.0,717000.0,-160000.0,372000.0,45169.0,2320.0,105.0,-28.0,,2026-07-24T11:49:05.145656+08:00
3037,2016-04-07,-179000.0,-1065000.0,0.0,-1244000.0,45562.0,2278.0,393.0,-42.0,,2026-07-24T11:49:05.145656+08:00
3037,2016-04-08,-97000.0,394000.0,0.0,297000.0,45229.0,2205.0,-333.0,-73.0,,2026-07-24T11:49:05.145656+08:00
3037,2016-04-11,1112000.0,-313000.0,0.0,799000.0,46225.0,2057.0,996.0,-148.0,,2026-07-24T11:49:05.145656+08:00
3037,2016-04-12,-688000.0,-1418360.0,-1000.0,-2107360.0,46281.0,1515.0,56.0,-542.0,,2026-07-24T11:49:05.145656+08:00
3037,2016-04-13,-24000.0,-248000.0,0.0,-272000.0,46126.0,1107.0,-155.0,-408.0,,2026-07-24T11:49:05.145656+08:00
3037,2016-04-14,-18000.0,273000.0,0.0,255000.0,45652.0,716.0,-474.0,-391.0,,2026-07-24T11:49:05.145656+08:00
3037,2016-04-15,-212000.0,1013000.0,205000.0,1006000.0,45045.0,22.0,-607.0,-694.0,,2026-07-24T11:49:05.145656+08:00
3037,2016-04-18,-20000.0,-690000.0,0.0,-710000.0,45080.0,0.0,35.0,-22.0,,2026-07-24T11:49:05.145656+08:00
3037,2016-04-19,36000.0,1015373.0,0.0,1051373.0,44550.0,0.0,-530.0,0.0,,2026-07-24T11:49:05.145656+08:00
3037,2016-04-20,11000.0,268638.0,-2000.0,277638.0,44429.0,0.0,-121.0,0.0,,2026-07-24T11:49:05.145656+08:00
3037,2016-04-21,27000.0,-18000.0,0.0,9000.0,44539.0,141.0,110.0,141.0,,2026-07-24T11:49:05.145656+08:00
3037,2016-04-22,-84000.0,116000.0,0.0,32000.0,44355.0,214.0,-184.0,73.0,,2026-07-24T11:49:05.145656+08:00
3037,2016-04-25,334000.0,2149164.0,-1000.0,2482164.0,43801.0,403.0,-554.0,189.0,,2026-07-24T11:49:05.145656+08:00
3037,2016-04-26,-85000.0,-917418.0,0.0,-1002418.0,43991.0,394.0,190.0,-9.0,,2026-07-24T11:49:05.145656+08:00
3037,2016-04-27,-160000.0,-451087.0,0.0,-611087.0,43989.0,354.0,-2.0,-40.0,,2026-07-24T11:49:05.145656+08:00
3037,2016-04-28,10000.0,500364.0,0.0,510364.0,43860.0,394.0,-129.0,40.0,,2026-07-24T11:49:05.145656+08:00
3037,2016-04-29,-51000.0,618000.0,0.0,567000.0,43851.0,595.0,-9.0,201.0,,2026-07-24T11:49:05.145656+08:00
3037,2016-05-03,-486000.0,-1079000.0,0.0,-1565000.0,43205.0,2819.0,-646.0,2224.0,,2026-07-24T11:49:05.145656+08:00
3037,2016-05-04,-134000.0,-632000.0,0.0,-766000.0,42755.0,565.0,-450.0,-2254.0,,2026-07-24T11:49:05.145656+08:00
3037,2016-05-05,0.0,-951000.0,0.0,-951000.0,42702.0,529.0,-53.0,-36.0,,2026-07-24T11:49:05.145656+08:00
3037,2016-05-06,-122000.0,-1351000.0,0.0,-1473000.0,43523.0,513.0,821.0,-16.0,,2026-07-24T11:49:05.145656+08:00
3037,2016-05-09,8000.0,77000.0,0.0,85000.0,43041.0,514.0,-482.0,1.0,,2026-07-24T11:49:05.145656+08:00
3037,2016-05-10,211000.0,-621000.0,6032.0,-403968.0,42905.0,515.0,-136.0,1.0,,2026-07-24T11:49:05.145656+08:00
3037,2016-05-11,-71000.0,-910000.0,0.0,-981000.0,43000.0,521.0,95.0,6.0,,2026-07-24T11:49:05.145656+08:00
3037,2016-05-12,-69000.0,-104000.0,0.0,-173000.0,42981.0,604.0,-19.0,83.0,,2026-07-24T11:49:05.145656+08:00
3037,2016-05-13,-170000.0,-926209.0,0.0,-1096209.0,43460.0,546.0,479.0,-58.0,,2026-07-24T11:49:05.145656+08:00
3037,2016-05-16,-35000.0,259000.0,0.0,224000.0,43297.0,529.0,-163.0,-17.0,,2026-07-24T11:49:05.145656+08:00
3037,2016-05-17,79000.0,230582.0,0.0,309582.0,43133.0,536.0,-164.0,7.0,,2026-07-24T11:49:05.145656+08:00
3037,2016-05-18,91000.0,-369000.0,0.0,-278000.0,43118.0,516.0,-15.0,-20.0,,2026-07-24T11:49:05.145656+08:00
3037,2016-05-19,-18000.0,-619000.0,0.0,-637000.0,43270.0,534.0,152.0,18.0,,2026-07-24T11:49:05.145656+08:00
3037,2016-05-20,-30000.0,249000.0,0.0,219000.0,43117.0,656.0,-153.0,122.0,,2026-07-24T11:49:05.145656+08:00
3037,2016-05-23,239000.0,962791.0,0.0,1201791.0,42578.0,611.0,-539.0,-45.0,,2026-07-24T11:49:05.145656+08:00
3037,2016-05-24,-110000.0,-407000.0,0.0,-517000.0,42768.0,598.0,190.0,-13.0,,2026-07-24T11:49:05.145656+08:00
3037,2016-05-25,323000.0,-625000.0,0.0,-302000.0,42320.0,510.0,-448.0,-88.0,,2026-07-24T11:49:05.145656+08:00
3037,2016-05-26,-178000.0,188000.0,1000.0,11000.0,41279.0,517.0,-1041.0,7.0,,2026-07-24T11:49:05.145656+08:00
3037,2016-05-27,-77000.0,173675.0,0.0,96675.0,41333.0,473.0,54.0,-44.0,,2026-07-24T11:49:05.145656+08:00
3037,2016-05-30,-16000.0,-58000.0,0.0,-74000.0,40752.0,478.0,-581.0,5.0,,2026-07-24T11:49:05.145656+08:00
3037,2016-05-31,-102000.0,-155000.0,0.0,-257000.0,40796.0,479.0,44.0,1.0,,2026-07-24T11:49:05.145656+08:00
3037,2016-06-01,-14000.0,732872.0,0.0,718872.0,40368.0,514.0,-428.0,35.0,,2026-07-24T11:49:05.145656+08:00
3037,2016-06-02,6000.0,-545000.0,0.0,-539000.0,40302.0,510.0,-66.0,-4.0,,2026-07-24T11:49:05.145656+08:00
3037,2016-06-03,16000.0,105000.0,0.0,121000.0,40065.0,513.0,-237.0,3.0,,2026-07-24T11:49:05.145656+08:00
3037,2016-06-04,32000.0,0.0,0.0,32000.0,39858.0,514.0,-207.0,1.0,,2026-07-24T11:49:05.145656+08:00
3037,2016-06-06,-67000.0,-204000.0,0.0,-271000.0,39812.0,564.0,-46.0,50.0,,2026-07-24T11:49:05.145656+08:00
3037,2016-06-07,251000.0,271000.0,0.0,522000.0,39436.0,559.0,-376.0,-5.0,,2026-07-24T11:49:05.145656+08:00
3037,2016-06-08,-88000.0,-369000.0,0.0,-457000.0,39586.0,571.0,150.0,12.0,,2026-07-24T11:49:05.145656+08:00
3037,2016-06-13,-163000.0,-28000.0,0.0,-191000.0,39592.0,497.0,6.0,-74.0,,2026-07-24T11:49:05.145656+08:00
3037,2016-06-14,18000.0,232000.0,0.0,250000.0,39444.0,469.0,-148.0,-28.0,,2026-07-24T11:49:05.145656+08:00
3037,2016-06-15,30000.0,291000.0,0.0,321000.0,39293.0,452.0,-151.0,-17.0,,2026-07-24T11:49:05.145656+08:00
3037,2016-06-16,-22000.0,-164000.0,0.0,-186000.0,39130.0,458.0,-163.0,6.0,,2026-07-24T11:49:05.145656+08:00
3037,2016-06-17,27000.0,-458000.0,7000.0,-424000.0,39150.0,454.0,20.0,-4.0,,2026-07-24T11:49:05.145656+08:00
3037,2016-06-20,80000.0,-66000.0,0.0,14000.0,39006.0,237.0,-144.0,-217.0,,2026-07-24T11:49:05.145656+08:00
3037,2016-06-21,-52000.0,-407000.0,0.0,-459000.0,39570.0,227.0,564.0,-10.0,,2026-07-24T11:49:05.145656+08:00
3037,2016-06-22,1473000.0,348000.0,0.0,1821000.0,39156.0,304.0,-414.0,77.0,,2026-07-24T11:49:05.145656+08:00
3037,2016-06-23,-381000.0,-2231000.0,0.0,-2612000.0,39704.0,271.0,548.0,-33.0,,2026-07-24T11:49:05.145656+08:00
3037,2016-06-24,-930000.0,-1220000.0,-95000.0,-2245000.0,39912.0,219.0,208.0,-52.0,,2026-07-24T11:49:05.145656+08:00
3037,2016-06-27,3000.0,-494000.0,-90000.0,-581000.0,40264.0,232.0,352.0,13.0,,2026-07-24T11:49:05.145656+08:00
3037,2016-06-28,-20000.0,-812000.0,1000.0,-831000.0,40424.0,228.0,160.0,-4.0,,2026-07-24T11:49:05.145656+08:00
3037,2016-06-29,-34000.0,-1074000.0,0.0,-1108000.0,40462.0,219.0,38.0,-9.0,,2026-07-24T11:49:05.145656+08:00
3037,2016-06-30,-10000.0,-188000.0,0.0,-198000.0,40288.0,226.0,-174.0,7.0,,2026-07-24T11:49:05.145656+08:00
3037,2016-07-01,-176000.0,563000.0,0.0,387000.0,40340.0,242.0,52.0,16.0,,2026-07-24T11:49:05.145656+08:00
3037,2016-07-04,137000.0,365000.0,0.0,502000.0,40528.0,248.0,188.0,6.0,,2026-07-24T11:49:05.145656+08:00
3037,2016-07-05,-200000.0,107000.0,0.0,-93000.0,40553.0,241.0,25.0,-7.0,,2026-07-24T11:49:05.145656+08:00
3037,2016-07-06,66000.0,-279000.0,0.0,-213000.0,40642.0,290.0,89.0,49.0,,2026-07-24T11:49:05.145656+08:00
3037,2016-07-07,-96000.0,-557000.0,0.0,-653000.0,40743.0,274.0,101.0,-16.0,,2026-07-24T11:49:05.145656+08:00
3037,2016-07-11,286000.0,-1760926.0,0.0,-1474926.0,41490.0,241.0,747.0,-33.0,,2026-07-24T11:49:05.145656+08:00
3037,2016-07-12,-119000.0,-325300.0,0.0,-444300.0,41643.0,245.0,153.0,4.0,,2026-07-24T11:49:05.145656+08:00
3037,2016-07-13,396000.0,-944000.0,0.0,-548000.0,42257.0,202.0,614.0,-43.0,,2026-07-24T11:49:05.145656+08:00
3037,2016-07-14,-40000.0,-906000.0,-1000.0,-947000.0,42569.0,198.0,312.0,-4.0,,2026-07-24T11:49:05.145656+08:00
3037,2016-07-15,274000.0,864000.0,0.0,1138000.0,42109.0,204.0,-460.0,6.0,,2026-07-24T11:49:05.145656+08:00
3037,2016-07-18,-90000.0,-88000.0,0.0,-178000.0,42214.0,196.0,105.0,-8.0,,2026-07-24T11:49:05.145656+08:00
3037,2016-07-19,-177000.0,-1071000.0,-1000.0,-1249000.0,42335.0,173.0,121.0,-23.0,,2026-07-24T11:49:05.145656+08:00
3037,2016-07-20,16000.0,182000.0,0.0,198000.0,41848.0,172.0,-487.0,-1.0,,2026-07-24T11:49:05.145656+08:00
3037,2016-07-21,187000.0,893895.0,-2000.0,1078895.0,42085.0,103.0,237.0,-69.0,,2026-07-24T11:49:05.145656+08:00
3037,2016-07-22,-34000.0,-509000.0,-1000.0,-544000.0,42061.0,1.0,-24.0,-102.0,,2026-07-24T11:49:05.145656+08:00
3037,2016-07-25,217000.0,250000.0,0.0,467000.0,42377.0,0.0,316.0,-1.0,,2026-07-24T11:49:05.145656+08:00
3037,2016-07-26,523000.0,-864000.0,0.0,-341000.0,42106.0,0.0,-271.0,0.0,,2026-07-24T11:49:05.145656+08:00
3037,2016-07-27,941000.0,539878.0,0.0,1480878.0,41933.0,0.0,-173.0,0.0,,2026-07-24T11:49:05.145656+08:00
3037,2016-07-28,-1253000.0,-103061.0,0.0,-1356061.0,42664.0,362.0,731.0,362.0,,2026-07-24T11:49:05.145656+08:00
3037,2016-07-29,-89000.0,-209000.0,1350.0,-296650.0,42111.0,130.0,-553.0,-232.0,,2026-07-24T11:49:05.145656+08:00
3037,2016-08-01,326000.0,-2027183.0,0.0,-1701183.0,42756.0,100.0,645.0,-30.0,,2026-07-24T11:49:05.145656+08:00
3037,2016-08-02,-122000.0,-3158000.0,0.0,-3280000.0,43817.0,386.0,1061.0,286.0,,2026-07-24T11:49:05.145656+08:00
3037,2016-08-03,1085000.0,-6322000.0,0.0,-5237000.0,45589.0,288.0,1772.0,-98.0,,2026-07-24T11:49:05.145656+08:00
3037,2016-08-04,-104000.0,-2509000.0,-1000.0,-2614000.0,46061.0,289.0,472.0,1.0,,2026-07-24T11:49:05.145656+08:00
3037,2016-08-05,-140000.0,-1184000.0,0.0,-1324000.0,45894.0,249.0,-167.0,-40.0,,2026-07-24T11:49:05.145656+08:00
3037,2016-08-08,-24000.0,-986000.0,-1000.0,-1011000.0,46040.0,253.0,146.0,4.0,,2026-07-24T11:49:05.145656+08:00
3037,2016-08-09,45000.0,-1980000.0,0.0,-1935000.0,45586.0,455.0,-454.0,202.0,,2026-07-24T11:49:05.145656+08:00
3037,2016-08-10,-15000.0,-2124000.0,0.0,-2139000.0,45811.0,455.0,225.0,0.0,,2026-07-24T11:49:05.145656+08:00
3037,2016-08-11,34000.0,-665000.0,0.0,-631000.0,46011.0,434.0,200.0,-21.0,,2026-07-24T11:49:05.145656+08:00
3037,2016-08-12,56000.0,-197000.0,0.0,-141000.0,45718.0,324.0,-293.0,-110.0,,2026-07-24T11:49:05.145656+08:00
3037,2016-08-15,-34000.0,581756.0,0.0,547756.0,45826.0,295.0,108.0,-29.0,,2026-07-24T11:49:05.145656+08:00
3037,2016-08-16,-5000.0,-129000.0,0.0,-134000.0,46149.0,195.0,323.0,-100.0,,2026-07-24T11:49:05.145656+08:00
3037,2016-08-17,-234000.0,56292.0,0.0,-177708.0,46178.0,193.0,29.0,-2.0,,2026-07-24T11:49:05.145656+08:00
3037,2016-08-18,203000.0,66000.0,0.0,269000.0,46728.0,178.0,550.0,-15.0,,2026-07-24T11:49:05.145656+08:00
3037,2016-08-19,-386000.0,-608968.0,0.0,-994968.0,46891.0,210.0,163.0,32.0,,2026-07-24T11:49:05.145656+08:00
3037,2016-08-22,-45000.0,-164000.0,0.0,-209000.0,46825.0,207.0,-66.0,-3.0,,2026-07-24T11:49:05.145656+08:00
3037,2016-08-23,271000.0,168878.0,-1000.0,438878.0,46847.0,266.0,22.0,59.0,,2026-07-24T11:49:05.145656+08:00
3037,2016-08-24,-142000.0,98939.0,0.0,-43061.0,46760.0,278.0,-87.0,12.0,,2026-07-24T11:49:05.145656+08:00
3037,2016-08-25,148000.0,559125.0,2000.0,709125.0,46818.0,354.0,58.0,76.0,,2026-07-24T11:49:05.145656+08:00
3037,2016-08-26,68000.0,-70277.0,0.0,-2277.0,46818.0,361.0,0.0,7.0,,2026-07-24T11:49:05.145656+08:00
3037,2016-08-29,193000.0,-164240.0,0.0,28760.0,47175.0,365.0,357.0,4.0,,2026-07-24T11:49:05.145656+08:00
3037,2016-08-30,-96000.0,-403000.0,-1000.0,-500000.0,47229.0,361.0,54.0,-4.0,,2026-07-24T11:49:05.145656+08:00
3037,2016-08-31,-107000.0,-68000.0,0.0,-175000.0,47392.0,360.0,163.0,-1.0,,2026-07-24T11:49:05.145656+08:00
3037,2016-09-01,33000.0,-147000.0,0.0,-114000.0,45075.0,368.0,-2317.0,8.0,,2026-07-24T11:49:05.145656+08:00
3037,2016-09-02,-56000.0,-983000.0,0.0,-1039000.0,45512.0,490.0,437.0,122.0,,2026-07-24T11:49:05.145656+08:00
3037,2016-09-05,104000.0,-405000.0,1000.0,-300000.0,45636.0,509.0,124.0,19.0,,2026-07-24T11:49:05.145656+08:00
3037,2016-09-06,652000.0,-487000.0,0.0,165000.0,46235.0,250.0,599.0,-259.0,,2026-07-24T11:49:05.145656+08:00
3037,2016-09-07,-94000.0,1593146.0,0.0,1499146.0,46020.0,269.0,-215.0,19.0,,2026-07-24T11:49:05.145656+08:00
3037,2016-09-08,385000.0,977219.0,-3000.0,1359219.0,45636.0,406.0,-384.0,137.0,,2026-07-24T11:49:05.145656+08:00
3037,2016-09-09,-288000.0,438000.0,0.0,150000.0,45823.0,356.0,187.0,-50.0,,2026-07-24T11:49:05.145656+08:00
3037,2016-09-10,-217000.0,0.0,0.0,-217000.0,46503.0,310.0,680.0,-46.0,,2026-07-24T11:49:05.145656+08:00
3037,2016-09-12,-45000.0,-153000.0,0.0,-198000.0,47097.0,273.0,594.0,-37.0,,2026-07-24T11:49:05.145656+08:00
3037,2016-09-13,-56000.0,-446000.0,0.0,-502000.0,47142.0,269.0,45.0,-4.0,,2026-07-24T11:49:05.145656+08:00
3037,2016-09-14,-89000.0,-645336.0,-1000.0,-735336.0,47384.0,151.0,242.0,-118.0,,2026-07-24T11:49:05.145656+08:00
3037,2016-09-19,44000.0,351834.0,0.0,395834.0,46565.0,149.0,-819.0,-2.0,,2026-07-24T11:49:05.145656+08:00
3037,2016-09-20,-49000.0,-77558.0,0.0,-126558.0,46688.0,150.0,123.0,1.0,,2026-07-24T11:49:05.145656+08:00
3037,2016-09-21,-170000.0,1074000.0,0.0,904000.0,46182.0,207.0,-506.0,57.0,,2026-07-24T11:49:05.145656+08:00
3037,2016-09-22,173000.0,779000.0,0.0,952000.0,45963.0,212.0,-219.0,5.0,,2026-07-24T11:49:05.145656+08:00
3037,2016-09-23,-125000.0,686000.0,0.0,561000.0,46062.0,270.0,99.0,58.0,,2026-07-24T11:49:05.145656+08:00
3037,2016-09-26,46000.0,721294.0,0.0,767294.0,46064.0,285.0,2.0,15.0,,2026-07-24T11:49:05.145656+08:00
3037,2016-09-29,-18000.0,-1273000.0,0.0,-1291000.0,47160.0,261.0,1096.0,-24.0,,2026-07-24T11:49:05.145656+08:00
3037,2016-09-30,20000.0,191000.0,-2166.0,208834.0,47249.0,256.0,89.0,-5.0,,2026-07-24T11:49:05.145656+08:00
3037,2016-10-03,-1000.0,-8954.0,0.0,-9954.0,47264.0,189.0,15.0,-67.0,,2026-07-24T11:49:05.145656+08:00
3037,2016-10-04,392000.0,586430.0,0.0,978430.0,47006.0,197.0,-258.0,8.0,,2026-07-24T11:49:05.145656+08:00
3037,2016-10-05,-1000.0,206000.0,0.0,205000.0,47213.0,197.0,207.0,0.0,,2026-07-24T11:49:05.145656+08:00
3037,2016-10-06,-37000.0,-445000.0,0.0,-482000.0,47509.0,242.0,296.0,45.0,,2026-07-24T11:49:05.145656+08:00
3037,2016-10-07,-37000.0,113000.0,0.0,76000.0,47195.0,251.0,-314.0,9.0,,2026-07-24T11:49:05.145656+08:00
3037,2016-10-11,-416000.0,362000.0,0.0,-54000.0,45394.0,231.0,-1801.0,-20.0,,2026-07-24T11:49:05.145656+08:00
3037,2016-10-12,-18000.0,416935.0,0.0,398935.0,45553.0,259.0,159.0,28.0,,2026-07-24T11:49:05.145656+08:00
3037,2016-10-13,-26000.0,44000.0,0.0,18000.0,45613.0,255.0,60.0,-4.0,,2026-07-24T11:49:05.145656+08:00
3037,2016-10-14,-58000.0,-518000.0,0.0,-576000.0,45468.0,270.0,-145.0,15.0,,2026-07-24T11:49:05.145656+08:00
3037,2016-10-17,-12000.0,-185799.0,0.0,-197799.0,45318.0,529.0,-150.0,259.0,,2026-07-24T11:49:05.145656+08:00
3037,2016-10-18,52000.0,604000.0,0.0,656000.0,45004.0,490.0,-314.0,-39.0,,2026-07-24T11:49:05.145656+08:00
3037,2016-10-19,58000.0,-64580.0,0.0,-6580.0,44835.0,505.0,-169.0,15.0,,2026-07-24T11:49:05.145656+08:00
3037,2016-10-20,49000.0,191000.0,25000.0,265000.0,44142.0,503.0,-693.0,-2.0,,2026-07-24T11:49:05.145656+08:00
3037,2016-10-21,-20000.0,251000.0,24000.0,255000.0,43311.0,555.0,-831.0,52.0,,2026-07-24T11:49:05.145656+08:00
3037,2016-10-24,60000.0,808000.0,0.0,868000.0,43337.0,604.0,26.0,49.0,,2026-07-24T11:49:05.145656+08:00
3037,2016-10-25,-60000.0,481494.0,0.0,421494.0,43585.0,583.0,248.0,-21.0,,2026-07-24T11:49:05.145656+08:00
3037,2016-10-26,5000.0,387511.0,0.0,392511.0,43492.0,628.0,-93.0,45.0,,2026-07-24T11:49:05.145656+08:00
3037,2016-10-27,-9000.0,191000.0,0.0,182000.0,43595.0,671.0,103.0,43.0,,2026-07-24T11:49:05.145656+08:00
3037,2016-10-28,-42000.0,53000.0,0.0,11000.0,43486.0,975.0,-109.0,304.0,,2026-07-24T11:49:05.145656+08:00
3037,2016-10-31,-101000.0,622000.0,0.0,521000.0,43284.0,653.0,-202.0,-322.0,,2026-07-24T11:49:05.145656+08:00
3037,2016-11-01,-36000.0,-2092000.0,0.0,-2128000.0,43630.0,540.0,346.0,-113.0,,2026-07-24T11:49:05.145656+08:00
3037,2016-11-02,-20000.0,-833000.0,711.0,-852289.0,43623.0,602.0,-7.0,62.0,,2026-07-24T11:49:05.145656+08:00
3037,2016-11-03,2000.0,-820000.0,0.0,-818000.0,43604.0,391.0,-19.0,-211.0,,2026-07-24T11:49:05.145656+08:00
3037,2016-11-04,0.0,-796000.0,0.0,-796000.0,43639.0,402.0,35.0,11.0,,2026-07-24T11:49:05.145656+08:00
3037,2016-11-07,23000.0,-1048800.0,0.0,-1025800.0,43760.0,374.0,121.0,-28.0,,2026-07-24T11:49:05.145656+08:00
3037,2016-11-08,-230000.0,-319000.0,0.0,-549000.0,44081.0,367.0,321.0,-7.0,,2026-07-24T11:49:05.145656+08:00
3037,2016-11-09,-190000.0,-458000.0,0.0,-648000.0,43542.0,325.0,-539.0,-42.0,,2026-07-24T11:49:05.145656+08:00
3037,2016-11-10,-119412.0,-111000.0,0.0,-230412.0,43621.0,322.0,79.0,-3.0,,2026-07-24T11:49:05.145656+08:00
3037,2016-11-11,-83000.0,-567000.0,0.0,-650000.0,43812.0,325.0,191.0,3.0,,2026-07-24T11:49:05.145656+08:00
3037,2016-11-14,11384.0,-261000.0,0.0,-249616.0,43245.0,367.0,-567.0,42.0,,2026-07-24T11:49:05.145656+08:00
3037,2016-11-15,-88000.0,-272000.0,0.0,-360000.0,43460.0,338.0,215.0,-29.0,,2026-07-24T11:49:05.145656+08:00
3037,2016-11-16,-640000.0,133000.0,0.0,-507000.0,43032.0,326.0,-428.0,-12.0,,2026-07-24T11:49:05.145656+08:00
3037,2016-11-17,-93050.0,-373420.0,0.0,-466470.0,42994.0,321.0,-38.0,-5.0,,2026-07-24T11:49:05.145656+08:00
3037,2016-11-18,43000.0,86000.0,0.0,129000.0,42768.0,334.0,-226.0,13.0,,2026-07-24T11:49:05.145656+08:00
3037,2016-11-21,8000.0,204000.0,0.0,212000.0,42743.0,338.0,-25.0,4.0,,2026-07-24T11:49:05.145656+08:00
3037,2016-11-22,-7000.0,597000.0,2000.0,592000.0,42808.0,286.0,65.0,-52.0,,2026-07-24T11:49:05.145656+08:00
3037,2016-11-23,12000.0,215000.0,0.0,227000.0,42679.0,186.0,-129.0,-100.0,,2026-07-24T11:49:05.145656+08:00
3037,2016-11-24,0.0,99000.0,0.0,99000.0,42552.0,197.0,-127.0,11.0,,2026-07-24T11:49:05.145656+08:00
3037,2016-11-25,-3000.0,378000.0,0.0,375000.0,42303.0,186.0,-249.0,-11.0,,2026-07-24T11:49:05.145656+08:00
3037,2016-11-28,28000.0,477000.0,0.0,505000.0,42285.0,211.0,-18.0,25.0,,2026-07-24T11:49:05.145656+08:00
3037,2016-11-29,2000.0,133000.0,6000.0,141000.0,42414.0,244.0,129.0,33.0,,2026-07-24T11:49:05.145656+08:00
3037,2016-11-30,-2000.0,540000.0,0.0,538000.0,42342.0,244.0,-72.0,0.0,,2026-07-24T11:49:05.145656+08:00
3037,2016-12-01,48000.0,772000.0,2000.0,822000.0,42258.0,228.0,-84.0,-16.0,,2026-07-24T11:49:05.145656+08:00
3037,2016-12-02,-11000.0,375000.0,0.0,364000.0,42180.0,196.0,-78.0,-32.0,,2026-07-24T11:49:05.145656+08:00
3037,2016-12-05,30000.0,-85000.0,0.0,-55000.0,42092.0,83.0,-88.0,-113.0,,2026-07-24T11:49:05.145656+08:00
3037,2016-12-06,4000.0,419000.0,0.0,423000.0,41947.0,72.0,-145.0,-11.0,,2026-07-24T11:49:05.145656+08:00
3037,2016-12-07,-102000.0,505000.0,0.0,403000.0,41692.0,70.0,-255.0,-2.0,,2026-07-24T11:49:05.145656+08:00
3037,2016-12-08,-694000.0,513000.0,0.0,-181000.0,41688.0,70.0,-4.0,0.0,,2026-07-24T11:49:05.145656+08:00
3037,2016-12-09,2337.0,608591.0,0.0,610928.0,41460.0,69.0,-228.0,-1.0,,2026-07-24T11:49:05.145656+08:00
3037,2016-12-12,43000.0,565000.0,0.0,608000.0,41642.0,71.0,182.0,2.0,,2026-07-24T11:49:05.145656+08:00
3037,2016-12-13,-14000.0,546000.0,0.0,532000.0,41487.0,61.0,-155.0,-10.0,,2026-07-24T11:49:05.145656+08:00
3037,2016-12-14,22000.0,556000.0,0.0,578000.0,41603.0,61.0,116.0,0.0,,2026-07-24T11:49:05.145656+08:00
3037,2016-12-15,9000.0,355000.0,0.0,364000.0,41552.0,61.0,-51.0,0.0,,2026-07-24T11:49:05.145656+08:00
3037,2016-12-16,55000.0,-19341.0,-6000.0,29659.0,41407.0,165.0,-145.0,104.0,,2026-07-24T11:49:05.145656+08:00
3037,2016-12-19,18000.0,-137000.0,0.0,-119000.0,40952.0,154.0,-455.0,-11.0,,2026-07-24T11:49:05.145656+08:00
3037,2016-12-20,49000.0,-134221.0,0.0,-85221.0,40871.0,155.0,-81.0,1.0,,2026-07-24T11:49:05.145656+08:00
3037,2016-12-21,91000.0,314000.0,0.0,405000.0,40889.0,207.0,18.0,52.0,,2026-07-24T11:49:05.145656+08:00
3037,2016-12-22,-3000.0,148000.0,0.0,145000.0,40850.0,114.0,-39.0,-93.0,,2026-07-24T11:49:05.145656+08:00
3037,2016-12-23,0.0,-117000.0,0.0,-117000.0,40830.0,119.0,-20.0,5.0,,2026-07-24T11:49:05.145656+08:00
3037,2016-12-26,0.0,362000.0,0.0,362000.0,40865.0,119.0,35.0,0.0,,2026-07-24T11:49:05.145656+08:00
3037,2016-12-27,-14212.0,146000.0,0.0,131788.0,40930.0,119.0,65.0,0.0,,2026-07-24T11:49:05.145656+08:00
3037,2016-12-28,1000.0,26000.0,0.0,27000.0,41199.0,129.0,269.0,10.0,,2026-07-24T11:49:05.145656+08:00
3037,2016-12-29,0.0,-79562.0,0.0,-79562.0,41241.0,131.0,42.0,2.0,,2026-07-24T11:49:05.145656+08:00
3037,2016-12-30,-15000.0,691000.0,0.0,676000.0,41014.0,131.0,-227.0,0.0,,2026-07-24T11:49:05.145656+08:00
3037,2017-01-03,-3000.0,169000.0,0.0,166000.0,41103.0,130.0,89.0,-1.0,,2026-07-24T11:49:05.145656+08:00
3037,2017-01-04,-1000.0,500000.0,0.0,499000.0,41204.0,135.0,101.0,5.0,,2026-07-24T11:49:05.145656+08:00
3037,2017-01-05,242000.0,9000.0,-26000.0,225000.0,40946.0,140.0,-258.0,5.0,,2026-07-24T11:49:05.145656+08:00
3037,2017-01-06,0.0,372000.0,-35000.0,337000.0,40566.0,164.0,-380.0,24.0,,2026-07-24T11:49:05.145656+08:00
3037,2017-01-09,1000.0,15000.0,0.0,16000.0,40325.0,128.0,-241.0,-36.0,,2026-07-24T11:49:05.145656+08:00
3037,2017-01-10,2000.0,-329000.0,0.0,-327000.0,40447.0,115.0,122.0,-13.0,,2026-07-24T11:49:05.145656+08:00
3037,2017-01-11,0.0,180000.0,0.0,180000.0,40405.0,117.0,-42.0,2.0,,2026-07-24T11:49:05.145656+08:00
3037,2017-01-12,-1000.0,379000.0,0.0,378000.0,40880.0,143.0,475.0,26.0,,2026-07-24T11:49:05.145656+08:00
3037,2017-01-13,0.0,-121000.0,0.0,-121000.0,40892.0,138.0,12.0,-5.0,,2026-07-24T11:49:05.145656+08:00
3037,2017-01-16,32000.0,-480000.0,0.0,-448000.0,40706.0,117.0,-186.0,-21.0,,2026-07-24T11:49:05.145656+08:00
3037,2017-01-17,9000.0,86185.0,0.0,95185.0,40733.0,120.0,27.0,3.0,,2026-07-24T11:49:05.145656+08:00
3037,2017-01-18,-186000.0,-46261.0,0.0,-232261.0,40624.0,118.0,-109.0,-2.0,,2026-07-24T11:49:05.145656+08:00
3037,2017-01-19,-36000.0,-321462.0,0.0,-357462.0,40097.0,119.0,-527.0,1.0,,2026-07-24T11:49:05.145656+08:00
3037,2017-01-20,-1000.0,-118000.0,0.0,-119000.0,39795.0,117.0,-302.0,-2.0,,2026-07-24T11:49:05.145656+08:00
3037,2017-01-23,-16000.0,-83000.0,972.0,-98028.0,39880.0,115.0,85.0,-2.0,,2026-07-24T11:49:05.145656+08:00
3037,2017-01-24,-31000.0,-621878.0,0.0,-652878.0,39813.0,115.0,-67.0,0.0,,2026-07-24T11:49:05.145656+08:00
3037,2017-02-02,11000.0,1346145.0,0.0,1357145.0,39544.0,165.0,-269.0,50.0,,2026-07-24T11:49:05.145656+08:00
3037,2017-02-03,12000.0,1349000.0,1000.0,1362000.0,39021.0,178.0,-523.0,13.0,,2026-07-24T11:49:05.145656+08:00
3037,2017-02-06,-17000.0,-178424.0,0.0,-195424.0,38369.0,206.0,-652.0,28.0,,2026-07-24T11:49:05.145656+08:00
3037,2017-02-07,-2000.0,148000.0,0.0,146000.0,37785.0,236.0,-584.0,30.0,,2026-07-24T11:49:05.145656+08:00
3037,2017-02-08,-11000.0,-789000.0,0.0,-800000.0,38745.0,277.0,960.0,41.0,,2026-07-24T11:49:05.145656+08:00
3037,2017-02-09,-10000.0,533166.0,0.0,523166.0,38348.0,278.0,-397.0,1.0,,2026-07-24T11:49:05.145656+08:00
3037,2017-02-10,1000.0,290122.0,0.0,291122.0,38274.0,266.0,-74.0,-12.0,,2026-07-24T11:49:05.145656+08:00
3037,2017-02-13,0.0,265000.0,0.0,265000.0,38421.0,324.0,147.0,58.0,,2026-07-24T11:49:05.145656+08:00
3037,2017-02-14,22000.0,296122.0,0.0,318122.0,38785.0,323.0,364.0,-1.0,,2026-07-24T11:49:05.145656+08:00
3037,2017-02-15,26000.0,494000.0,0.0,520000.0,39211.0,261.0,426.0,-62.0,,2026-07-24T11:49:05.145656+08:00
3037,2017-02-16,-7000.0,566122.0,0.0,559122.0,39664.0,324.0,453.0,63.0,,2026-07-24T11:49:05.145656+08:00
3037,2017-02-17,0.0,729000.0,0.0,729000.0,38724.0,257.0,-940.0,-67.0,,2026-07-24T11:49:05.145656+08:00
3037,2017-02-18,-23000.0,0.0,0.0,-23000.0,38829.0,220.0,105.0,-37.0,,2026-07-24T11:49:05.145656+08:00
3037,2017-02-20,956000.0,-120000.0,0.0,836000.0,39378.0,198.0,549.0,-22.0,,2026-07-24T11:49:05.145656+08:00
3037,2017-02-21,94000.0,-181000.0,0.0,-87000.0,38882.0,190.0,-496.0,-8.0,,2026-07-24T11:49:05.145656+08:00
3037,2017-02-22,-148000.0,965183.0,0.0,817183.0,38724.0,185.0,-158.0,-5.0,,2026-07-24T11:49:05.145656+08:00
3037,2017-02-23,1007000.0,-717510.0,0.0,289490.0,38856.0,203.0,132.0,18.0,,2026-07-24T11:49:05.145656+08:00
3037,2017-02-24,-19000.0,439000.0,0.0,420000.0,38872.0,218.0,16.0,15.0,,2026-07-24T11:49:05.145656+08:00
3037,2017-03-01,194000.0,-1054743.0,0.0,-860743.0,39190.0,212.0,318.0,-6.0,,2026-07-24T11:49:05.145656+08:00
3037,2017-03-02,211000.0,1122000.0,0.0,1333000.0,38662.0,233.0,-528.0,21.0,,2026-07-24T11:49:05.145656+08:00
3037,2017-03-03,202000.0,-45000.0,0.0,157000.0,39093.0,243.0,431.0,10.0,,2026-07-24T11:49:05.145656+08:00
3037,2017-03-06,-48000.0,392200.0,0.0,344200.0,39277.0,216.0,184.0,-27.0,,2026-07-24T11:49:05.145656+08:00
3037,2017-03-07,200000.0,2673741.0,0.0,2873741.0,38606.0,208.0,-671.0,-8.0,,2026-07-24T11:49:05.145656+08:00
3037,2017-03-08,-6000.0,1311000.0,0.0,1305000.0,39343.0,204.0,737.0,-4.0,,2026-07-24T11:49:05.145656+08:00
3037,2017-03-09,-21000.0,1228132.0,0.0,1207132.0,38740.0,226.0,-603.0,22.0,,2026-07-24T11:49:05.145656+08:00
3037,2017-03-10,724000.0,-47000.0,0.0,677000.0,37697.0,312.0,-1043.0,86.0,,2026-07-24T11:49:05.145656+08:00
3037,2017-03-13,0.0,639001.0,0.0,639001.0,37878.0,324.0,181.0,12.0,,2026-07-24T11:49:05.145656+08:00
3037,2017-03-14,343000.0,1204000.0,0.0,1547000.0,38000.0,445.0,122.0,121.0,,2026-07-24T11:49:05.145656+08:00
3037,2017-03-15,44000.0,449000.0,0.0,493000.0,37614.0,449.0,-386.0,4.0,,2026-07-24T11:49:05.145656+08:00
3037,2017-03-16,10000.0,1723000.0,0.0,1733000.0,37776.0,581.0,162.0,132.0,,2026-07-24T11:49:05.145656+08:00
3037,2017-03-17,-212000.0,1686000.0,-239062.0,1234938.0,37283.0,480.0,-493.0,-101.0,,2026-07-24T11:49:05.145656+08:00
3037,2017-03-20,35873.0,114000.0,-4000.0,145873.0,38400.0,400.0,1117.0,-80.0,,2026-07-24T11:49:05.145656+08:00
3037,2017-03-21,623000.0,832132.0,-3000.0,1452132.0,39286.0,389.0,886.0,-11.0,,2026-07-24T11:49:05.145656+08:00
3037,2017-03-22,11000.0,1072000.0,0.0,1083000.0,39860.0,420.0,574.0,31.0,,2026-07-24T11:49:05.145656+08:00
3037,2017-03-23,-11000.0,411001.0,0.0,400001.0,39400.0,418.0,-460.0,-2.0,,2026-07-24T11:49:05.145656+08:00
3037,2017-03-24,-50000.0,1944132.0,0.0,1894132.0,45383.0,411.0,5983.0,-7.0,,2026-07-24T11:49:05.145656+08:00
3037,2017-03-27,92000.0,196800.0,-2000.0,286800.0,45045.0,396.0,-338.0,-15.0,,2026-07-24T11:49:05.145656+08:00
3037,2017-03-28,-159000.0,6203000.0,0.0,6044000.0,44524.0,569.0,-521.0,173.0,,2026-07-24T11:49:05.145656+08:00
3037,2017-03-29,-463000.0,12251001.0,0.0,11788001.0,45444.0,950.0,920.0,381.0,,2026-07-24T11:49:05.145656+08:00
3037,2017-03-30,203000.0,-800000.0,0.0,-597000.0,44716.0,1050.0,-728.0,100.0,,2026-07-24T11:49:05.145656+08:00
3037,2017-03-31,126000.0,6323751.0,0.0,6449751.0,43170.0,837.0,-1546.0,-213.0,,2026-07-24T11:49:05.145656+08:00
3037,2017-04-05,225000.0,6603264.0,0.0,6828264.0,42134.0,1080.0,-1036.0,243.0,,2026-07-24T11:49:05.145656+08:00
3037,2017-04-06,-411000.0,2566000.0,0.0,2155000.0,41891.0,847.0,-243.0,-233.0,,2026-07-24T11:49:05.145656+08:00
3037,2017-04-07,-823000.0,13061000.0,0.0,12238000.0,41432.0,1138.0,-459.0,291.0,,2026-07-24T11:49:05.145656+08:00
3037,2017-04-10,15000.0,1907000.0,0.0,1922000.0,41645.0,1112.0,213.0,-26.0,,2026-07-24T11:49:05.145656+08:00
3037,2017-04-11,-254000.0,3433440.0,0.0,3179440.0,41087.0,549.0,-558.0,-563.0,,2026-07-24T11:49:05.145656+08:00
3037,2017-04-12,1703000.0,18916314.0,0.0,20619314.0,37840.0,893.0,-3247.0,344.0,,2026-07-24T11:49:05.145656+08:00
3037,2017-04-13,2177000.0,5556000.0,0.0,7733000.0,39447.0,965.0,1607.0,72.0,,2026-07-24T11:49:05.145656+08:00
3037,2017-04-14,-801000.0,-3239000.0,0.0,-4040000.0,38399.0,23.0,-1048.0,-942.0,,2026-07-24T11:49:05.145656+08:00
3037,2017-04-17,-327000.0,7476001.0,0.0,7149001.0,37157.0,0.0,-1242.0,-23.0,,2026-07-24T11:49:05.145656+08:00
3037,2017-04-18,742000.0,2238000.0,0.0,2980000.0,37153.0,0.0,-4.0,0.0,,2026-07-24T11:49:05.145656+08:00
3037,2017-04-19,-359000.0,2308000.0,0.0,1949000.0,35963.0,0.0,-1190.0,0.0,,2026-07-24T11:49:05.145656+08:00
3037,2017-04-20,-95000.0,2133872.0,0.0,2038872.0,35606.0,514.0,-357.0,514.0,,2026-07-24T11:49:05.145656+08:00
3037,2017-04-21,2573000.0,3083185.0,0.0,5656185.0,35212.0,1023.0,-394.0,509.0,,2026-07-24T11:49:05.145656+08:00
3037,2017-04-24,-1094000.0,-641000.0,0.0,-1735000.0,35720.0,975.0,508.0,-48.0,,2026-07-24T11:49:05.145656+08:00
3037,2017-04-25,-737000.0,1304000.0,-1398.0,565602.0,35616.0,997.0,-104.0,22.0,,2026-07-24T11:49:05.145656+08:00
3037,2017-04-26,522000.0,1452034.0,0.0,1974034.0,35586.0,1202.0,-30.0,205.0,,2026-07-24T11:49:05.145656+08:00
3037,2017-04-27,-1523000.0,1827000.0,0.0,304000.0,35792.0,1161.0,206.0,-41.0,,2026-07-24T11:49:05.145656+08:00
3037,2017-04-28,3545000.0,7800000.0,0.0,11345000.0,36697.0,1840.0,905.0,679.0,,2026-07-24T11:49:05.145656+08:00
3037,2017-05-02,-2507000.0,-2208000.0,0.0,-4715000.0,39362.0,1526.0,2665.0,-314.0,,2026-07-24T11:49:05.145656+08:00
3037,2017-05-03,-230000.0,1294000.0,0.0,1064000.0,38548.0,1397.0,-814.0,-129.0,,2026-07-24T11:49:05.145656+08:00
3037,2017-05-04,385000.0,1714000.0,0.0,2099000.0,38582.0,1507.0,34.0,110.0,,2026-07-24T11:49:05.145656+08:00
3037,2017-05-05,-955000.0,450000.0,0.0,-505000.0,38291.0,1370.0,-291.0,-137.0,,2026-07-24T11:49:05.145656+08:00
3037,2017-05-08,-561000.0,1101000.0,0.0,540000.0,37563.0,1298.0,-728.0,-72.0,,2026-07-24T11:49:05.145656+08:00
3037,2017-05-09,56000.0,1624185.0,0.0,1680185.0,37226.0,1769.0,-337.0,471.0,,2026-07-24T11:49:05.145656+08:00
3037,2017-05-10,401000.0,1694000.0,0.0,2095000.0,38033.0,2033.0,807.0,264.0,,2026-07-24T11:49:05.145656+08:00
3037,2017-05-11,-699000.0,-976000.0,0.0,-1675000.0,37396.0,1688.0,-637.0,-345.0,,2026-07-24T11:49:05.145656+08:00
3037,2017-05-12,-726000.0,342000.0,0.0,-384000.0,36361.0,1727.0,-1035.0,39.0,,2026-07-24T11:49:05.145656+08:00
3037,2017-05-15,-232000.0,1704000.0,0.0,1472000.0,34929.0,1585.0,-1432.0,-142.0,,2026-07-24T11:49:05.145656+08:00
3037,2017-05-16,796000.0,1556000.0,0.0,2352000.0,33673.0,1655.0,-1256.0,70.0,,2026-07-24T11:49:05.145656+08:00
3037,2017-05-17,-980000.0,-208000.0,0.0,-1188000.0,34282.0,1611.0,609.0,-44.0,,2026-07-24T11:49:05.145656+08:00
3037,2017-05-18,56000.0,-343000.0,0.0,-287000.0,34423.0,1551.0,141.0,-60.0,,2026-07-24T11:49:05.145656+08:00
3037,2017-05-19,413000.0,908000.0,0.0,1321000.0,34094.0,1616.0,-329.0,65.0,,2026-07-24T11:49:05.145656+08:00
3037,2017-05-22,-387000.0,489000.0,0.0,102000.0,34032.0,1567.0,-62.0,-49.0,,2026-07-24T11:49:05.145656+08:00
3037,2017-05-23,296000.0,620862.0,0.0,916862.0,34005.0,1623.0,-27.0,56.0,,2026-07-24T11:49:05.145656+08:00
3037,2017-05-24,-181000.0,-448000.0,0.0,-629000.0,33942.0,1560.0,-63.0,-63.0,,2026-07-24T11:49:05.145656+08:00
3037,2017-05-25,501000.0,-967000.0,0.0,-466000.0,33463.0,1437.0,-479.0,-123.0,,2026-07-24T11:49:05.145656+08:00
3037,2017-05-26,298000.0,17482.0,0.0,315482.0,33017.0,1377.0,-446.0,-60.0,,2026-07-24T11:49:05.145656+08:00
3037,2017-05-31,580000.0,440000.0,0.0,1020000.0,32595.0,1369.0,-422.0,-8.0,,2026-07-24T11:49:05.145656+08:00
3037,2017-06-01,-1020000.0,-201000.0,0.0,-1221000.0,32946.0,1195.0,351.0,-174.0,,2026-07-24T11:49:05.145656+08:00
3037,2017-06-02,482000.0,-1044399.0,0.0,-562399.0,33026.0,1236.0,80.0,41.0,,2026-07-24T11:49:05.145656+08:00
3037,2017-06-03,-593000.0,0.0,0.0,-593000.0,33193.0,1230.0,167.0,-6.0,,2026-07-24T11:49:05.145656+08:00
3037,2017-06-05,1010000.0,-595000.0,0.0,415000.0,33739.0,1245.0,546.0,15.0,,2026-07-24T11:49:05.145656+08:00
3037,2017-06-06,99000.0,-1894000.0,0.0,-1795000.0,35422.0,771.0,1683.0,-474.0,,2026-07-24T11:49:05.145656+08:00
3037,2017-06-07,-1541000.0,-1838532.0,0.0,-3379532.0,35975.0,588.0,553.0,-183.0,,2026-07-24T11:49:05.145656+08:00
3037,2017-06-08,23000.0,147000.0,0.0,170000.0,35161.0,558.0,-814.0,-30.0,,2026-07-24T11:49:05.145656+08:00
3037,2017-06-09,220000.0,985000.0,0.0,1205000.0,34934.0,608.0,-227.0,50.0,,2026-07-24T11:49:05.145656+08:00
3037,2017-06-12,-242000.0,271000.0,0.0,29000.0,34360.0,543.0,-574.0,-65.0,,2026-07-24T11:49:05.145656+08:00
3037,2017-06-13,-84000.0,760078.0,0.0,676078.0,34155.0,665.0,-205.0,122.0,,2026-07-24T11:49:05.145656+08:00
3037,2017-06-14,-811000.0,3437989.0,0.0,2626989.0,33590.0,744.0,-565.0,79.0,,2026-07-24T11:49:05.145656+08:00
3037,2017-06-15,305000.0,1406180.0,0.0,1711180.0,33093.0,1274.0,-497.0,530.0,,2026-07-24T11:49:05.145656+08:00
3037,2017-06-16,1035000.0,3407826.0,0.0,4442826.0,32356.0,738.0,-737.0,-536.0,,2026-07-24T11:49:05.145656+08:00
3037,2017-06-19,-235000.0,-1876929.0,0.0,-2111929.0,32726.0,731.0,370.0,-7.0,,2026-07-24T11:49:05.145656+08:00
3037,2017-06-20,-4000.0,109000.0,0.0,105000.0,32574.0,716.0,-152.0,-15.0,,2026-07-24T11:49:05.145656+08:00
3037,2017-06-21,1232000.0,1545000.0,0.0,2777000.0,33041.0,844.0,467.0,128.0,,2026-07-24T11:49:05.145656+08:00
3037,2017-06-22,-671000.0,-1392082.0,0.0,-2063082.0,33802.0,993.0,761.0,149.0,,2026-07-24T11:49:05.145656+08:00
3037,2017-06-23,-318000.0,-791836.0,0.0,-1109836.0,34941.0,887.0,1139.0,-106.0,,2026-07-24T11:49:05.145656+08:00
3037,2017-06-26,660000.0,183000.0,0.0,843000.0,35160.0,875.0,219.0,-12.0,,2026-07-24T11:49:05.145656+08:00
3037,2017-06-27,130000.0,-1135000.0,0.0,-1005000.0,35388.0,1026.0,228.0,151.0,,2026-07-24T11:49:05.145656+08:00
3037,2017-06-28,-652000.0,-410578.0,0.0,-1062578.0,34461.0,651.0,-927.0,-375.0,,2026-07-24T11:49:05.145656+08:00
3037,2017-06-29,-71000.0,-272610.0,0.0,-343610.0,34026.0,638.0,-435.0,-13.0,,2026-07-24T11:49:05.145656+08:00
3037,2017-06-30,-13000.0,537100.0,6000.0,530100.0,33911.0,687.0,-115.0,49.0,,2026-07-24T11:49:05.145656+08:00
3037,2017-07-03,109000.0,425000.0,0.0,534000.0,33638.0,828.0,-273.0,141.0,,2026-07-24T11:49:05.145656+08:00
3037,2017-07-04,352000.0,-322000.0,0.0,30000.0,34053.0,747.0,415.0,-81.0,,2026-07-24T11:49:05.145656+08:00
3037,2017-07-05,-503000.0,904000.0,0.0,401000.0,33473.0,635.0,-580.0,-112.0,,2026-07-24T11:49:05.145656+08:00
3037,2017-07-06,-128000.0,-1680000.0,0.0,-1808000.0,34030.0,643.0,557.0,8.0,,2026-07-24T11:49:05.145656+08:00
3037,2017-07-07,-203000.0,-1629178.0,0.0,-1832178.0,33060.0,543.0,-970.0,-100.0,,2026-07-24T11:49:05.145656+08:00
3037,2017-07-10,330000.0,-698815.0,0.0,-368815.0,32901.0,546.0,-159.0,3.0,,2026-07-24T11:49:05.145656+08:00
3037,2017-07-11,196000.0,205000.0,0.0,401000.0,32893.0,531.0,-8.0,-15.0,,2026-07-24T11:49:05.145656+08:00
3037,2017-07-12,280000.0,-60000.0,0.0,220000.0,33195.0,500.0,302.0,-31.0,,2026-07-24T11:49:05.145656+08:00
3037,2017-07-13,-529000.0,1349266.0,0.0,820266.0,33231.0,511.0,36.0,11.0,,2026-07-24T11:49:05.145656+08:00
3037,2017-07-14,1950000.0,4344000.0,0.0,6294000.0,34084.0,652.0,853.0,141.0,,2026-07-24T11:49:05.145656+08:00
3037,2017-07-17,167000.0,671000.0,205.0,838205.0,36349.0,751.0,2265.0,99.0,,2026-07-24T11:49:05.145656+08:00
3037,2017-07-18,-689000.0,-1781000.0,0.0,-2470000.0,36800.0,685.0,451.0,-66.0,,2026-07-24T11:49:05.145656+08:00
3037,2017-07-19,-952000.0,667284.0,0.0,-284716.0,36854.0,531.0,54.0,-154.0,,2026-07-24T11:49:05.145656+08:00
3037,2017-07-20,-264000.0,-292000.0,0.0,-556000.0,36401.0,538.0,-453.0,7.0,,2026-07-24T11:49:05.145656+08:00
3037,2017-07-21,197000.0,-631000.0,0.0,-434000.0,36674.0,527.0,273.0,-11.0,,2026-07-24T11:49:05.145656+08:00
3037,2017-07-24,1809000.0,-2885000.0,0.0,-1076000.0,37134.0,497.0,460.0,-30.0,,2026-07-24T11:49:05.145656+08:00
3037,2017-07-25,-453000.0,432000.0,0.0,-21000.0,37661.0,551.0,527.0,54.0,,2026-07-24T11:49:05.145656+08:00
3037,2017-07-26,84000.0,-1355000.0,0.0,-1271000.0,37841.0,285.0,180.0,-266.0,,2026-07-24T11:49:05.145656+08:00
3037,2017-07-27,2892000.0,963000.0,0.0,3855000.0,40516.0,439.0,2675.0,154.0,,2026-07-24T11:49:05.145656+08:00
3037,2017-07-28,619000.0,-531192.0,0.0,87808.0,41377.0,491.0,861.0,52.0,,2026-07-24T11:49:05.145656+08:00
3037,2017-07-31,513000.0,-1608000.0,0.0,-1095000.0,41191.0,395.0,-186.0,-96.0,,2026-07-24T11:49:05.145656+08:00
3037,2017-08-01,-470000.0,-476000.0,0.0,-946000.0,40816.0,274.0,-375.0,-121.0,,2026-07-24T11:49:05.145656+08:00
3037,2017-08-02,1213000.0,148000.0,0.0,1361000.0,38761.0,20.0,-2055.0,-254.0,,2026-07-24T11:49:05.145656+08:00
3037,2017-08-03,-594000.0,1293000.0,0.0,699000.0,38253.0,0.0,-508.0,-20.0,,2026-07-24T11:49:05.145656+08:00
3037,2017-08-04,-38000.0,327203.0,0.0,289203.0,38035.0,0.0,-218.0,0.0,,2026-07-24T11:49:05.145656+08:00
3037,2017-08-07,2123000.0,1057669.0,0.0,3180669.0,37656.0,0.0,-379.0,0.0,,2026-07-24T11:49:05.145656+08:00
3037,2017-08-08,-2664000.0,-2061362.0,0.0,-4725362.0,38506.0,134.0,850.0,134.0,,2026-07-24T11:49:05.145656+08:00
3037,2017-08-09,-2084000.0,2245292.0,0.0,161292.0,36276.0,329.0,-2230.0,195.0,,2026-07-24T11:49:05.145656+08:00
3037,2017-08-10,-1022000.0,141326.0,0.0,-880674.0,36714.0,364.0,438.0,35.0,,2026-07-24T11:49:05.145656+08:00
3037,2017-08-11,58000.0,-488413.0,0.0,-430413.0,36638.0,424.0,-76.0,60.0,,2026-07-24T11:49:05.145656+08:00
3037,2017-08-14,-1472000.0,-2560000.0,0.0,-4032000.0,36547.0,379.0,-91.0,-45.0,,2026-07-24T11:49:05.145656+08:00
3037,2017-08-15,-404000.0,91000.0,0.0,-313000.0,35257.0,539.0,-1290.0,160.0,,2026-07-24T11:49:05.145656+08:00
3037,2017-08-16,293000.0,-4584000.0,0.0,-4291000.0,36740.0,442.0,1483.0,-97.0,,2026-07-24T11:49:05.145656+08:00
3037,2017-08-17,-28000.0,-2372000.0,0.0,-2400000.0,36868.0,535.0,128.0,93.0,,2026-07-24T11:49:05.145656+08:00
3037,2017-08-18,-1197000.0,-2262285.0,0.0,-3459285.0,35703.0,926.0,-1165.0,391.0,,2026-07-24T11:49:05.145656+08:00
3037,2017-08-21,266000.0,627351.0,0.0,893351.0,35693.0,1003.0,-10.0,77.0,,2026-07-24T11:49:05.145656+08:00
3037,2017-08-22,-67000.0,-2018000.0,0.0,-2085000.0,36277.0,965.0,584.0,-38.0,,2026-07-24T11:49:05.145656+08:00
3037,2017-08-23,-588000.0,-317974.0,0.0,-905974.0,36426.0,1031.0,149.0,66.0,,2026-07-24T11:49:05.145656+08:00
3037,2017-08-24,481000.0,1344308.0,0.0,1825308.0,35982.0,1054.0,-444.0,23.0,,2026-07-24T11:49:05.145656+08:00
3037,2017-08-25,509000.0,-836699.0,0.0,-327699.0,36738.0,1230.0,756.0,176.0,,2026-07-24T11:49:05.145656+08:00
3037,2017-08-28,-408000.0,-2621000.0,0.0,-3029000.0,36813.0,992.0,75.0,-238.0,,2026-07-24T11:49:05.145656+08:00
3037,2017-08-29,525000.0,1130000.0,0.0,1655000.0,36539.0,924.0,-274.0,-68.0,,2026-07-24T11:49:05.145656+08:00
3037,2017-08-30,-630000.0,1972304.0,0.0,1342304.0,36030.0,925.0,-509.0,1.0,,2026-07-24T11:49:05.145656+08:00
3037,2017-08-31,-369000.0,-1156295.0,0.0,-1525295.0,36398.0,904.0,368.0,-21.0,,2026-07-24T11:49:05.145656+08:00
3037,2017-09-01,64000.0,-397000.0,0.0,-333000.0,35970.0,751.0,-428.0,-153.0,,2026-07-24T11:49:05.145656+08:00
3037,2017-09-04,817000.0,625000.0,0.0,1442000.0,35774.0,795.0,-196.0,44.0,,2026-07-24T11:49:05.145656+08:00
3037,2017-09-05,-119000.0,-267696.0,0.0,-386696.0,35901.0,782.0,127.0,-13.0,,2026-07-24T11:49:05.145656+08:00
3037,2017-09-06,-86000.0,-295000.0,0.0,-381000.0,35291.0,794.0,-610.0,12.0,,2026-07-24T11:49:05.145656+08:00
3037,2017-09-07,85000.0,328000.0,0.0,413000.0,35187.0,807.0,-104.0,13.0,,2026-07-24T11:49:05.145656+08:00
3037,2017-09-08,-366000.0,-144970.0,0.0,-510970.0,35470.0,760.0,283.0,-47.0,,2026-07-24T11:49:05.145656+08:00
3037,2017-09-11,-375000.0,891000.0,0.0,516000.0,35357.0,656.0,-113.0,-104.0,,2026-07-24T11:49:05.145656+08:00
3037,2017-09-12,-164000.0,134000.0,0.0,-30000.0,34941.0,642.0,-416.0,-14.0,,2026-07-24T11:49:05.145656+08:00
3037,2017-09-13,2749000.0,-147954.0,0.0,2601046.0,34795.0,561.0,-146.0,-81.0,,2026-07-24T11:49:05.145656+08:00
3037,2017-09-14,-1337000.0,-1100000.0,184000.0,-2253000.0,35032.0,576.0,237.0,15.0,,2026-07-24T11:49:05.145656+08:00
3037,2017-09-15,98000.0,761000.0,343000.0,1202000.0,35059.0,581.0,27.0,5.0,,2026-07-24T11:49:05.145656+08:00
3037,2017-09-18,1801000.0,-1205000.0,828000.0,1424000.0,35125.0,533.0,66.0,-48.0,,2026-07-24T11:49:05.145656+08:00
3037,2017-09-19,-1625000.0,17061.0,0.0,-1607939.0,35206.0,583.0,81.0,50.0,,2026-07-24T11:49:05.145656+08:00
3037,2017-09-20,-66000.0,-485721.0,0.0,-551721.0,35199.0,608.0,-7.0,25.0,,2026-07-24T11:49:05.145656+08:00
3037,2017-09-21,574000.0,25000.0,0.0,599000.0,35072.0,671.0,-127.0,63.0,,2026-07-24T11:49:05.145656+08:00
3037,2017-09-22,1156000.0,-1720000.0,0.0,-564000.0,36379.0,696.0,1307.0,25.0,,2026-07-24T11:49:05.145656+08:00
3037,2017-09-25,-2422000.0,-856000.0,0.0,-3278000.0,34617.0,806.0,-1762.0,110.0,,2026-07-24T11:49:05.145656+08:00
3037,2017-09-26,-1057000.0,-919000.0,0.0,-1976000.0,33873.0,918.0,-744.0,112.0,,2026-07-24T11:49:05.145656+08:00
3037,2017-09-27,159000.0,-1923000.0,0.0,-1764000.0,34356.0,929.0,483.0,11.0,,2026-07-24T11:49:05.145656+08:00
3037,2017-09-28,-280000.0,-685589.0,0.0,-965589.0,34318.0,969.0,-38.0,40.0,,2026-07-24T11:49:05.145656+08:00
3037,2017-09-29,12000.0,631000.0,0.0,643000.0,34280.0,1022.0,-38.0,53.0,,2026-07-24T11:49:05.145656+08:00
3037,2017-09-30,56000.0,-5000.0,0.0,51000.0,34182.0,694.0,-98.0,-328.0,,2026-07-24T11:49:05.145656+08:00
3037,2017-10-02,25000.0,-552000.0,0.0,-527000.0,34285.0,611.0,103.0,-83.0,,2026-07-24T11:49:05.145656+08:00
3037,2017-10-03,-50000.0,-229000.0,81567.0,-197433.0,34210.0,638.0,-75.0,27.0,,2026-07-24T11:49:05.145656+08:00
3037,2017-10-05,454000.0,-470000.0,65000.0,49000.0,34326.0,709.0,116.0,71.0,,2026-07-24T11:49:05.145656+08:00
3037,2017-10-06,-20000.0,-1817000.0,0.0,-1837000.0,34752.0,655.0,426.0,-54.0,,2026-07-24T11:49:05.145656+08:00
3037,2017-10-11,-273000.0,584304.0,0.0,311304.0,34851.0,635.0,99.0,-20.0,,2026-07-24T11:49:05.145656+08:00
3037,2017-10-12,-239000.0,58797.0,0.0,-180203.0,34889.0,571.0,38.0,-64.0,,2026-07-24T11:49:05.145656+08:00
3037,2017-10-13,99000.0,23000.0,0.0,122000.0,36066.0,525.0,1177.0,-46.0,,2026-07-24T11:49:05.145656+08:00
3037,2017-10-16,166000.0,39446.0,0.0,205446.0,35788.0,492.0,-278.0,-33.0,,2026-07-24T11:49:05.145656+08:00
3037,2017-10-17,-106000.0,-214555.0,0.0,-320555.0,36459.0,473.0,671.0,-19.0,,2026-07-24T11:49:05.145656+08:00
3037,2017-10-18,-822000.0,-652000.0,0.0,-1474000.0,37710.0,481.0,1251.0,8.0,,2026-07-24T11:49:05.145656+08:00
3037,2017-10-19,-288000.0,-138499.0,0.0,-426499.0,37955.0,471.0,245.0,-10.0,,2026-07-24T11:49:05.145656+08:00
3037,2017-10-20,-133000.0,385948.0,0.0,252948.0,37915.0,499.0,-40.0,28.0,,2026-07-24T11:49:05.145656+08:00
3037,2017-10-23,-41000.0,-863000.0,144000.0,-760000.0,38065.0,535.0,150.0,36.0,,2026-07-24T11:49:05.145656+08:00
3037,2017-10-24,433000.0,1922100.0,286000.0,2641100.0,37768.0,457.0,-297.0,-78.0,,2026-07-24T11:49:05.145656+08:00
3037,2017-10-25,-188000.0,-82000.0,330000.0,60000.0,38304.0,553.0,536.0,96.0,,2026-07-24T11:49:05.145656+08:00
3037,2017-10-26,-72000.0,-219000.0,278000.0,-13000.0,38317.0,640.0,13.0,87.0,,2026-07-24T11:49:05.145656+08:00
3037,2017-10-27,261000.0,148944.0,0.0,409944.0,38177.0,639.0,-140.0,-1.0,,2026-07-24T11:49:05.145656+08:00
3037,2017-10-30,-142000.0,-32047.0,0.0,-174047.0,37946.0,626.0,-231.0,-13.0,,2026-07-24T11:49:05.145656+08:00
3037,2017-10-31,723000.0,882528.0,0.0,1605528.0,38153.0,704.0,207.0,78.0,,2026-07-24T11:49:05.145656+08:00
3037,2017-11-01,163000.0,1851000.0,135000.0,2149000.0,38181.0,1090.0,28.0,386.0,,2026-07-24T11:49:05.145656+08:00
3037,2017-11-02,-136000.0,533000.0,133000.0,530000.0,38401.0,1037.0,220.0,-53.0,,2026-07-24T11:49:05.145656+08:00
3037,2017-11-03,4068000.0,837000.0,0.0,4905000.0,38712.0,1414.0,311.0,377.0,,2026-07-24T11:49:05.145656+08:00
3037,2017-11-06,-992000.0,802000.0,0.0,-190000.0,40814.0,1540.0,2102.0,126.0,,2026-07-24T11:49:05.145656+08:00
3037,2017-11-07,-425000.0,1796000.0,-742000.0,629000.0,41707.0,1526.0,893.0,-14.0,,2026-07-24T11:49:05.145656+08:00
3037,2017-11-08,3516000.0,-3507000.0,-760000.0,-751000.0,44071.0,1726.0,2364.0,200.0,,2026-07-24T11:49:05.145656+08:00
3037,2017-11-09,-3214000.0,3543000.0,0.0,329000.0,43396.0,1361.0,-675.0,-365.0,,2026-07-24T11:49:05.145656+08:00
3037,2017-11-10,136000.0,1660000.0,0.0,1796000.0,43351.0,1588.0,-45.0,227.0,,2026-07-24T11:49:05.145656+08:00
3037,2017-11-13,-875000.0,-1120000.0,0.0,-1995000.0,41979.0,901.0,-1372.0,-687.0,,2026-07-24T11:49:05.145656+08:00
3037,2017-11-14,-951000.0,302000.0,0.0,-649000.0,41714.0,791.0,-265.0,-110.0,,2026-07-24T11:49:05.145656+08:00
3037,2017-11-15,-829000.0,-2318863.0,0.0,-3147863.0,41699.0,549.0,-15.0,-242.0,,2026-07-24T11:49:05.145656+08:00
3037,2017-11-16,931000.0,-4002700.0,0.0,-3071700.0,43363.0,580.0,1664.0,31.0,,2026-07-24T11:49:05.145656+08:00
3037,2017-11-17,-634000.0,-4770000.0,0.0,-5404000.0,45915.0,519.0,2552.0,-61.0,,2026-07-24T11:49:05.145656+08:00
3037,2017-11-20,-399000.0,-2226000.0,0.0,-2625000.0,46203.0,492.0,288.0,-27.0,,2026-07-24T11:49:05.145656+08:00
3037,2017-11-21,382000.0,-6731000.0,0.0,-6349000.0,47526.0,543.0,1323.0,51.0,,2026-07-24T11:49:05.145656+08:00
3037,2017-11-22,-990000.0,-3120662.0,0.0,-4110662.0,45905.0,473.0,-1621.0,-70.0,,2026-07-24T11:49:05.145656+08:00
3037,2017-11-23,-391000.0,-42000.0,0.0,-433000.0,45682.0,649.0,-223.0,176.0,,2026-07-24T11:49:05.145656+08:00
3037,2017-11-24,306000.0,-1181000.0,0.0,-875000.0,45209.0,639.0,-473.0,-10.0,,2026-07-24T11:49:05.145656+08:00
3037,2017-11-27,-858000.0,-3068000.0,0.0,-3926000.0,44161.0,641.0,-1048.0,2.0,,2026-07-24T11:49:05.145656+08:00
3037,2017-11-28,91000.0,-701000.0,0.0,-610000.0,44138.0,696.0,-23.0,55.0,,2026-07-24T11:49:05.145656+08:00
3037,2017-11-29,-93000.0,-2205000.0,0.0,-2298000.0,44435.0,639.0,297.0,-57.0,,2026-07-24T11:49:05.145656+08:00
3037,2017-11-30,543000.0,-2699000.0,0.0,-2156000.0,45797.0,608.0,1362.0,-31.0,,2026-07-24T11:49:05.145656+08:00
3037,2017-12-01,-529000.0,-1861000.0,0.0,-2390000.0,45102.0,562.0,-695.0,-46.0,,2026-07-24T11:49:05.145656+08:00
3037,2017-12-04,491000.0,-786000.0,0.0,-295000.0,45082.0,593.0,-20.0,31.0,,2026-07-24T11:49:05.145656+08:00
3037,2017-12-05,-399000.0,-2157000.0,753000.0,-1803000.0,45100.0,528.0,18.0,-65.0,,2026-07-24T11:49:05.145656+08:00
3037,2017-12-06,301000.0,-2109000.0,36000.0,-1772000.0,47231.0,614.0,2131.0,86.0,,2026-07-24T11:49:05.145656+08:00
3037,2017-12-07,1959000.0,-1793000.0,0.0,166000.0,49201.0,1247.0,1970.0,633.0,,2026-07-24T11:49:05.145656+08:00
3037,2017-12-08,-1346000.0,-9005000.0,0.0,-10351000.0,49480.0,750.0,279.0,-497.0,,2026-07-24T11:49:05.145656+08:00
3037,2017-12-11,-48000.0,913000.0,0.0,865000.0,49161.0,789.0,-319.0,39.0,,2026-07-24T11:49:05.145656+08:00
3037,2017-12-12,2358000.0,3268000.0,0.0,5626000.0,53511.0,1845.0,4350.0,1056.0,,2026-07-24T11:49:05.145656+08:00
3037,2017-12-13,2351000.0,-8797605.0,0.0,-6446605.0,57027.0,3562.0,3516.0,1717.0,,2026-07-24T11:49:05.145656+08:00
3037,2017-12-14,647000.0,3048190.0,0.0,3695190.0,57619.0,3353.0,592.0,-209.0,,2026-07-24T11:49:05.145656+08:00
3037,2017-12-15,-788000.0,-9176743.0,0.0,-9964743.0,60199.0,2144.0,2580.0,-1209.0,,2026-07-24T11:49:05.145656+08:00
3037,2017-12-18,806000.0,-3327000.0,0.0,-2521000.0,59013.0,2191.0,-1186.0,47.0,,2026-07-24T11:49:05.145656+08:00
3037,2017-12-19,-1181000.0,3753000.0,0.0,2572000.0,56640.0,2077.0,-2373.0,-114.0,,2026-07-24T11:49:05.145656+08:00
3037,2017-12-20,2335000.0,-3016624.0,0.0,-681624.0,57861.0,2051.0,1221.0,-26.0,,2026-07-24T11:49:05.145656+08:00
3037,2017-12-21,-1400000.0,302000.0,0.0,-1098000.0,57458.0,1911.0,-403.0,-140.0,,2026-07-24T11:49:05.145656+08:00
3037,2017-12-22,-458000.0,-1782000.0,0.0,-2240000.0,57705.0,1746.0,247.0,-165.0,,2026-07-24T11:49:05.145656+08:00
3037,2017-12-25,801000.0,-34000.0,0.0,767000.0,58041.0,1973.0,336.0,227.0,,2026-07-24T11:49:05.145656+08:00
3037,2017-12-26,-1905000.0,2519000.0,3602.0,617602.0,56976.0,1524.0,-1065.0,-449.0,,2026-07-24T11:49:05.145656+08:00
3037,2017-12-27,647000.0,-2263000.0,0.0,-1616000.0,56108.0,1214.0,-868.0,-310.0,,2026-07-24T11:49:05.145656+08:00
3037,2017-12-28,-1644000.0,-2212000.0,0.0,-3856000.0,55699.0,1304.0,-409.0,90.0,,2026-07-24T11:49:05.145656+08:00
3037,2017-12-29,-670000.0,656000.0,0.0,-14000.0,54385.0,1095.0,-1314.0,-209.0,,2026-07-24T11:49:05.145656+08:00
3037,2018-01-02,448000.0,1312000.0,0.0,1760000.0,54866.0,1227.0,481.0,132.0,,2026-07-24T11:49:05.145656+08:00
3037,2018-01-03,354000.0,-3949174.0,-595000.0,-4190174.0,56454.0,1094.0,1588.0,-133.0,,2026-07-24T11:49:05.145656+08:00
3037,2018-01-04,-198000.0,-1077000.0,-394000.0,-1669000.0,58130.0,1086.0,1676.0,-8.0,,2026-07-24T11:49:05.145656+08:00
3037,2018-01-05,1186000.0,-2971936.0,-14000.0,-1799936.0,58731.0,1440.0,601.0,354.0,,2026-07-24T11:49:05.145656+08:00
3037,2018-01-08,1491000.0,-2141338.0,0.0,-650338.0,59854.0,1239.0,1123.0,-201.0,,2026-07-24T11:49:05.145656+08:00
3037,2018-01-09,1215000.0,-6441000.0,0.0,-5226000.0,62890.0,1485.0,3036.0,246.0,,2026-07-24T11:49:05.145656+08:00
3037,2018-01-10,-1454000.0,-1339000.0,-15000.0,-2808000.0,61939.0,1623.0,-951.0,138.0,,2026-07-24T11:49:05.145656+08:00
3037,2018-01-11,725000.0,1033596.0,0.0,1758596.0,63176.0,1665.0,1237.0,42.0,,2026-07-24T11:49:05.145656+08:00
3037,2018-01-12,1640000.0,-1644000.0,0.0,-4000.0,64259.0,1785.0,1083.0,120.0,,2026-07-24T11:49:05.145656+08:00
3037,2018-01-15,255000.0,-1867000.0,0.0,-1612000.0,63208.0,1761.0,-1051.0,-24.0,,2026-07-24T11:49:05.145656+08:00
3037,2018-01-16,-88000.0,2693000.0,-18000.0,2587000.0,63750.0,1833.0,542.0,72.0,,2026-07-24T11:49:05.145656+08:00
3037,2018-01-17,959000.0,4359220.0,0.0,5318220.0,68291.0,2060.0,4541.0,227.0,,2026-07-24T11:49:05.145656+08:00
3037,2018-01-18,-900000.0,-36000.0,0.0,-936000.0,69001.0,2206.0,710.0,146.0,,2026-07-24T11:49:05.145656+08:00
3037,2018-01-19,2032000.0,-2445000.0,320000.0,-93000.0,67708.0,2081.0,-1293.0,-125.0,,2026-07-24T11:49:05.145656+08:00
3037,2018-01-22,-553000.0,-2113000.0,0.0,-2666000.0,65277.0,1868.0,-2431.0,-213.0,,2026-07-24T11:49:05.145656+08:00
3037,2018-01-23,1142000.0,-261577.0,0.0,880423.0,67770.0,1951.0,2493.0,83.0,,2026-07-24T11:49:05.145656+08:00
3037,2018-01-24,-579000.0,-4317000.0,-15000.0,-4911000.0,67199.0,1838.0,-571.0,-113.0,,2026-07-24T11:49:05.145656+08:00
3037,2018-01-25,199000.0,22924830.0,170000.0,23293830.0,65315.0,2690.0,-1884.0,852.0,,2026-07-24T11:49:05.145656+08:00
3037,2018-01-26,-1214000.0,-4486000.0,-19000.0,-5719000.0,68242.0,2855.0,2927.0,165.0,,2026-07-24T11:49:05.145656+08:00
3037,2018-01-29,6493000.0,16013782.0,300000.0,22806782.0,64344.0,3689.0,-3898.0,834.0,,2026-07-24T11:49:05.145656+08:00
3037,2018-01-30,-1767000.0,6016000.0,436000.0,4685000.0,61936.0,3901.0,-2408.0,212.0,,2026-07-24T11:49:05.145656+08:00
3037,2018-01-31,4881000.0,18708000.0,1173000.0,24762000.0,64747.0,7981.0,2811.0,4080.0,,2026-07-24T11:49:05.145656+08:00
3037,2018-02-01,-4956000.0,-5485000.0,2786000.0,-7655000.0,64394.0,7752.0,-353.0,-229.0,,2026-07-24T11:49:05.145656+08:00
3037,2018-02-02,-2276000.0,5232000.0,250000.0,3206000.0,66637.0,7640.0,2243.0,-112.0,,2026-07-24T11:49:05.145656+08:00
3037,2018-02-05,1046000.0,-3125000.0,0.0,-2079000.0,68224.0,6126.0,1587.0,-1514.0,,2026-07-24T11:49:05.145656+08:00
3037,2018-02-06,-3597000.0,-2548000.0,0.0,-6145000.0,62513.0,2760.0,-5711.0,-3366.0,,2026-07-24T11:49:05.145656+08:00
3037,2018-02-07,-2225000.0,-108000.0,0.0,-2333000.0,63313.0,2688.0,800.0,-72.0,,2026-07-24T11:49:05.145656+08:00
3037,2018-02-08,-1664000.0,1557000.0,0.0,-107000.0,62671.0,2481.0,-642.0,-207.0,,2026-07-24T11:49:05.145656+08:00
3037,2018-02-09,259000.0,4038000.0,-120000.0,4177000.0,61909.0,2630.0,-762.0,149.0,,2026-07-24T11:49:05.145656+08:00
3037,2018-02-12,300000.0,-9066000.0,480000.0,-8286000.0,62303.0,2292.0,394.0,-338.0,,2026-07-24T11:49:05.145656+08:00
3037,2018-02-21,3207000.0,6507491.0,200000.0,9914491.0,60459.0,3455.0,-1844.0,1163.0,,2026-07-24T11:49:05.145656+08:00
3037,2018-02-22,-497000.0,2981000.0,61000.0,2545000.0,60378.0,4441.0,-81.0,986.0,,2026-07-24T11:49:05.145656+08:00
3037,2018-02-23,-348000.0,-4916000.0,0.0,-5264000.0,61146.0,4042.0,768.0,-399.0,,2026-07-24T11:49:05.145656+08:00
3037,2018-02-26,-267000.0,295000.0,-200000.0,-172000.0,60371.0,3753.0,-775.0,-289.0,,2026-07-24T11:49:05.145656+08:00
3037,2018-02-27,226000.0,748000.0,-500000.0,474000.0,61077.0,3581.0,706.0,-172.0,,2026-07-24T11:49:05.145656+08:00
3037,2018-03-01,1199000.0,-2658000.0,0.0,-1459000.0,61098.0,3321.0,21.0,-260.0,,2026-07-24T11:49:05.145656+08:00
3037,2018-03-02,-1498000.0,-1578000.0,0.0,-3076000.0,61619.0,3042.0,521.0,-279.0,,2026-07-24T11:49:05.145656+08:00
3037,2018-03-05,-1214000.0,233000.0,75000.0,-906000.0,60238.0,2641.0,-1381.0,-401.0,,2026-07-24T11:49:05.145656+08:00
3037,2018-03-06,544000.0,575000.0,0.0,1119000.0,60207.0,2514.0,-31.0,-127.0,,2026-07-24T11:49:05.145656+08:00
3037,2018-03-07,-353000.0,-2027218.0,0.0,-2380218.0,60136.0,2878.0,-71.0,364.0,,2026-07-24T11:49:05.145656+08:00
3037,2018-03-08,2721000.0,-972000.0,0.0,1749000.0,61664.0,3908.0,1528.0,1030.0,,2026-07-24T11:49:05.145656+08:00
3037,2018-03-09,-1440000.0,-1564000.0,0.0,-3004000.0,61346.0,3202.0,-318.0,-706.0,,2026-07-24T11:49:05.145656+08:00
3037,2018-03-12,605000.0,1718000.0,-1177000.0,1146000.0,62469.0,3190.0,1123.0,-12.0,,2026-07-24T11:49:05.145656+08:00
3037,2018-03-13,1160000.0,598000.0,-9000.0,1749000.0,62470.0,2861.0,1.0,-329.0,,2026-07-24T11:49:05.145656+08:00
3037,2018-03-14,-721000.0,-295000.0,0.0,-1016000.0,61848.0,2646.0,-622.0,-215.0,,2026-07-24T11:49:05.145656+08:00
3037,2018-03-15,1177000.0,1818830.0,0.0,2995830.0,60859.0,2128.0,-989.0,-518.0,,2026-07-24T11:49:05.145656+08:00
3037,2018-03-16,-1026000.0,-4342623.0,0.0,-5368623.0,61129.0,1932.0,270.0,-196.0,,2026-07-24T11:49:05.145656+08:00
3037,2018-03-19,544000.0,5179838.0,0.0,5723838.0,59277.0,2133.0,-1852.0,201.0,,2026-07-24T11:49:05.145656+08:00
3037,2018-03-20,-846000.0,3920218.0,-9000.0,3065218.0,59102.0,2366.0,-175.0,233.0,,2026-07-24T11:49:05.145656+08:00
3037,2018-03-21,731000.0,-4031308.0,-234000.0,-3534308.0,60661.0,2358.0,1559.0,-8.0,,2026-07-24T11:49:05.145656+08:00
3037,2018-03-22,-1671000.0,1383000.0,0.0,-288000.0,59623.0,2428.0,-1038.0,70.0,,2026-07-24T11:49:05.145656+08:00
3037,2018-03-23,-1908000.0,3498000.0,-542000.0,1048000.0,58395.0,2141.0,-1228.0,-287.0,,2026-07-24T11:49:05.145656+08:00
3037,2018-03-26,396000.0,-1131000.0,-954000.0,-1689000.0,59355.0,1790.0,960.0,-351.0,,2026-07-24T11:49:05.145656+08:00
3037,2018-03-27,303000.0,-174580.0,-2537709.0,-2409289.0,61747.0,1516.0,2392.0,-274.0,,2026-07-24T11:49:05.145656+08:00
3037,2018-03-28,-953000.0,-4801000.0,0.0,-5754000.0,62052.0,1491.0,305.0,-25.0,,2026-07-24T11:49:05.145656+08:00
3037,2018-03-29,-660000.0,-1708000.0,0.0,-2368000.0,62143.0,1082.0,91.0,-409.0,,2026-07-24T11:49:05.145656+08:00
3037,2018-03-30,-107000.0,-405000.0,-5000.0,-517000.0,62016.0,969.0,-127.0,-113.0,,2026-07-24T11:49:05.145656+08:00
3037,2018-03-31,220000.0,65000.0,200000.0,485000.0,61764.0,956.0,-252.0,-13.0,,2026-07-24T11:49:05.145656+08:00
3037,2018-04-02,513000.0,-11000.0,-102000.0,400000.0,61630.0,914.0,-134.0,-42.0,,2026-07-24T11:49:05.145656+08:00
3037,2018-04-03,-296000.0,840052.0,150000.0,694052.0,61306.0,601.0,-324.0,-313.0,,2026-07-24T11:49:05.145656+08:00
3037,2018-04-09,4000.0,-472000.0,0.0,-468000.0,61486.0,3.0,180.0,-598.0,,2026-07-24T11:49:05.145656+08:00
3037,2018-04-10,-284000.0,-1019792.0,-4000.0,-1307792.0,61645.0,0.0,159.0,-3.0,,2026-07-24T11:49:05.145656+08:00
3037,2018-04-11,-190000.0,-1197793.0,0.0,-1387793.0,61794.0,0.0,149.0,0.0,,2026-07-24T11:49:05.145656+08:00
3037,2018-04-12,1696000.0,2261001.0,-555000.0,3402001.0,61400.0,0.0,-394.0,0.0,,2026-07-24T11:49:05.145656+08:00
3037,2018-04-13,-865000.0,-39000.0,-2000.0,-906000.0,61466.0,93.0,66.0,93.0,,2026-07-24T11:49:05.145656+08:00
3037,2018-04-16,-1197000.0,192000.0,0.0,-1005000.0,62193.0,63.0,727.0,-30.0,,2026-07-24T11:49:05.145656+08:00
3037,2018-04-17,-30000.0,178509.0,0.0,148509.0,61913.0,90.0,-280.0,27.0,,2026-07-24T11:49:05.145656+08:00
3037,2018-04-18,262000.0,172000.0,0.0,434000.0,62295.0,811.0,382.0,721.0,,2026-07-24T11:49:05.145656+08:00
3037,2018-04-19,2353000.0,2386115.0,0.0,4739115.0,63262.0,4464.0,967.0,3653.0,,2026-07-24T11:49:05.145656+08:00
3037,2018-04-20,-661000.0,432000.0,-230000.0,-459000.0,62897.0,2378.0,-365.0,-2086.0,,2026-07-24T11:49:05.145656+08:00
3037,2018-04-23,-1552000.0,-1790315.0,0.0,-3342315.0,63848.0,989.0,951.0,-1389.0,,2026-07-24T11:49:05.145656+08:00
3037,2018-04-24,-2584000.0,-2720000.0,-4000.0,-5308000.0,63891.0,301.0,43.0,-688.0,,2026-07-24T11:49:05.145656+08:00
3037,2018-04-25,212000.0,440000.0,0.0,652000.0,57000.0,322.0,-6891.0,21.0,,2026-07-24T11:49:05.145656+08:00
3037,2018-04-26,-354000.0,-1805000.0,0.0,-2159000.0,57833.0,328.0,833.0,6.0,,2026-07-24T11:49:05.145656+08:00
3037,2018-04-27,-243000.0,363000.0,0.0,120000.0,55438.0,343.0,-2395.0,15.0,,2026-07-24T11:49:05.145656+08:00
3037,2018-04-30,755000.0,2856000.0,0.0,3611000.0,55000.0,360.0,-438.0,17.0,,2026-07-24T11:49:05.145656+08:00
3037,2018-05-02,1243000.0,1033000.0,0.0,2276000.0,55049.0,1363.0,49.0,1003.0,,2026-07-24T11:49:05.145656+08:00
3037,2018-05-03,-1089000.0,-236000.0,-95000.0,-1420000.0,54663.0,647.0,-386.0,-716.0,,2026-07-24T11:49:05.145656+08:00
3037,2018-05-04,-772000.0,-1648000.0,0.0,-2420000.0,55167.0,359.0,504.0,-288.0,,2026-07-24T11:49:05.145656+08:00
3037,2018-05-07,414000.0,191000.0,0.0,605000.0,55189.0,352.0,22.0,-7.0,,2026-07-24T11:49:05.145656+08:00
3037,2018-05-08,965000.0,963000.0,0.0,1928000.0,54693.0,382.0,-496.0,30.0,,2026-07-24T11:49:05.145656+08:00
3037,2018-05-09,-969000.0,-1246000.0,0.0,-2215000.0,54877.0,442.0,184.0,60.0,,2026-07-24T11:49:05.145656+08:00
3037,2018-05-10,931000.0,891000.0,0.0,1822000.0,53953.0,472.0,-924.0,30.0,,2026-07-24T11:49:05.145656+08:00
3037,2018-05-11,-604000.0,-865000.0,0.0,-1469000.0,54118.0,392.0,165.0,-80.0,,2026-07-24T11:49:05.145656+08:00
3037,2018-05-14,46000.0,-2206000.0,0.0,-2160000.0,55050.0,459.0,932.0,67.0,,2026-07-24T11:49:05.145656+08:00
3037,2018-05-15,1622000.0,1238000.0,0.0,2860000.0,54655.0,527.0,-395.0,68.0,,2026-07-24T11:49:05.145656+08:00
3037,2018-05-16,-977000.0,584000.0,0.0,-393000.0,54743.0,523.0,88.0,-4.0,,2026-07-24T11:49:05.145656+08:00
3037,2018-05-17,-426000.0,17000.0,0.0,-409000.0,54261.0,467.0,-482.0,-56.0,,2026-07-24T11:49:05.145656+08:00
3037,2018-05-18,44000.0,-1059000.0,0.0,-1015000.0,54683.0,443.0,422.0,-24.0,,2026-07-24T11:49:05.145656+08:00
3037,2018-05-21,61000.0,6309000.0,0.0,6370000.0,52863.0,450.0,-1820.0,7.0,,2026-07-24T11:49:05.145656+08:00
3037,2018-05-22,-362000.0,-981000.0,0.0,-1343000.0,53553.0,432.0,690.0,-18.0,,2026-07-24T11:49:05.145656+08:00
3037,2018-05-23,-2000.0,-155000.0,1795.0,-155205.0,53654.0,413.0,101.0,-19.0,,2026-07-24T11:49:05.145656+08:00
3037,2018-05-24,398000.0,-570000.0,0.0,-172000.0,54436.0,363.0,782.0,-50.0,,2026-07-24T11:49:05.145656+08:00
3037,2018-05-25,-264000.0,-1259000.0,0.0,-1523000.0,54229.0,320.0,-207.0,-43.0,,2026-07-24T11:49:05.145656+08:00
3037,2018-05-28,428000.0,-1088000.0,0.0,-660000.0,54844.0,334.0,615.0,14.0,,2026-07-24T11:49:05.145656+08:00
3037,2018-05-29,-972000.0,-2961000.0,0.0,-3933000.0,55871.0,293.0,1027.0,-41.0,,2026-07-24T11:49:05.145656+08:00
3037,2018-05-30,-542000.0,-1919000.0,0.0,-2461000.0,56267.0,313.0,396.0,20.0,,2026-07-24T11:49:05.145656+08:00
3037,2018-05-31,-263000.0,-2948000.0,0.0,-3211000.0,56740.0,318.0,473.0,5.0,,2026-07-24T11:49:05.145656+08:00
3037,2018-06-01,-187000.0,-1273000.0,0.0,-1460000.0,56933.0,301.0,193.0,-17.0,,2026-07-24T11:49:05.145656+08:00
3037,2018-06-04,1527000.0,3541000.0,0.0,5068000.0,55428.0,361.0,-1505.0,60.0,,2026-07-24T11:49:05.145656+08:00
3037,2018-06-05,-968000.0,-5255000.0,0.0,-6223000.0,57157.0,309.0,1729.0,-52.0,,2026-07-24T11:49:05.145656+08:00
3037,2018-06-06,56000.0,-1900000.0,0.0,-1844000.0,57776.0,301.0,619.0,-8.0,,2026-07-24T11:49:05.145656+08:00
3037,2018-06-07,-485000.0,-2721222.0,0.0,-3206222.0,57954.0,287.0,178.0,-14.0,,2026-07-24T11:49:05.145656+08:00
3037,2018-06-08,128000.0,-2138000.0,0.0,-2010000.0,58425.0,275.0,471.0,-12.0,,2026-07-24T11:49:05.145656+08:00
3037,2018-06-11,45000.0,-472000.0,0.0,-427000.0,58001.0,275.0,-424.0,0.0,,2026-07-24T11:49:05.145656+08:00
3037,2018-06-12,-231000.0,-669000.0,0.0,-900000.0,57962.0,272.0,-39.0,-3.0,,2026-07-24T11:49:05.145656+08:00
3037,2018-06-13,723000.0,-919000.0,-350000.0,-546000.0,60496.0,258.0,2534.0,-14.0,,2026-07-24T11:49:05.145656+08:00
3037,2018-06-14,-151000.0,984000.0,0.0,833000.0,63091.0,298.0,2595.0,40.0,,2026-07-24T11:49:05.145656+08:00
3037,2018-06-15,1399000.0,-6149141.0,0.0,-4750141.0,73172.0,504.0,10081.0,206.0,,2026-07-24T11:49:05.145656+08:00
3037,2018-06-19,-112000.0,-1609000.0,0.0,-1721000.0,75666.0,331.0,2494.0,-173.0,,2026-07-24T11:49:05.145656+08:00
3037,2018-06-20,-259000.0,-529000.0,-1590.0,-789590.0,75911.0,323.0,245.0,-8.0,,2026-07-24T11:49:05.145656+08:00
3037,2018-06-21,-239000.0,-992000.0,0.0,-1231000.0,75932.0,344.0,21.0,21.0,,2026-07-24T11:49:05.145656+08:00
3037,2018-06-22,-215000.0,-873222.0,0.0,-1088222.0,74696.0,340.0,-1236.0,-4.0,,2026-07-24T11:49:05.145656+08:00
3037,2018-06-25,-192000.0,-1302000.0,0.0,-1494000.0,74665.0,508.0,-31.0,168.0,,2026-07-24T11:49:05.145656+08:00
3037,2018-06-26,-660000.0,-3302000.0,0.0,-3962000.0,74402.0,872.0,-263.0,364.0,,2026-07-24T11:49:05.145656+08:00
3037,2018-06-27,-334000.0,-164148.0,0.0,-498148.0,72829.0,1004.0,-1573.0,132.0,,2026-07-24T11:49:05.145656+08:00
3037,2018-06-28,363000.0,-2457148.0,0.0,-2094148.0,72394.0,874.0,-435.0,-130.0,,2026-07-24T11:49:05.145656+08:00
3037,2018-06-29,-341000.0,-109000.0,0.0,-450000.0,72182.0,751.0,-212.0,-123.0,,2026-07-24T11:49:05.145656+08:00
3037,2018-07-02,71000.0,-937000.0,0.0,-866000.0,71865.0,691.0,-317.0,-60.0,,2026-07-24T11:49:05.145656+08:00
3037,2018-07-03,256000.0,-2003000.0,0.0,-1747000.0,71381.0,561.0,-484.0,-130.0,,2026-07-24T11:49:05.145656+08:00
3037,2018-07-04,201000.0,-861000.0,0.0,-660000.0,71489.0,579.0,108.0,18.0,,2026-07-24T11:49:05.145656+08:00
3037,2018-07-05,49000.0,-748000.0,0.0,-699000.0,71918.0,389.0,429.0,-190.0,,2026-07-24T11:49:05.145656+08:00
3037,2018-07-06,-836000.0,-4916685.0,0.0,-5752685.0,71495.0,503.0,-423.0,114.0,,2026-07-24T11:49:05.145656+08:00
3037,2018-07-09,310000.0,-1846000.0,0.0,-1536000.0,71230.0,348.0,-265.0,-155.0,,2026-07-24T11:49:05.145656+08:00
3037,2018-07-10,449000.0,-202000.0,0.0,247000.0,70780.0,383.0,-450.0,35.0,,2026-07-24T11:49:05.145656+08:00
3037,2018-07-11,-593000.0,1034000.0,0.0,441000.0,70443.0,357.0,-337.0,-26.0,,2026-07-24T11:49:05.145656+08:00
3037,2018-07-12,1194000.0,-1689000.0,0.0,-495000.0,69486.0,352.0,-957.0,-5.0,,2026-07-24T11:49:05.145656+08:00
3037,2018-07-13,239000.0,506000.0,0.0,745000.0,67968.0,345.0,-1518.0,-7.0,,2026-07-24T11:49:05.145656+08:00
3037,2018-07-16,308000.0,-778000.0,0.0,-470000.0,68088.0,140.0,120.0,-205.0,,2026-07-24T11:49:05.145656+08:00
3037,2018-07-17,404000.0,425000.0,0.0,829000.0,67476.0,134.0,-612.0,-6.0,,2026-07-24T11:49:05.145656+08:00
3037,2018-07-18,554000.0,2600000.0,0.0,3154000.0,67062.0,113.0,-414.0,-21.0,,2026-07-24T11:49:05.145656+08:00
3037,2018-07-19,146000.0,806150.0,0.0,952150.0,66553.0,71.0,-509.0,-42.0,,2026-07-24T11:49:05.145656+08:00
3037,2018-07-20,-460000.0,1268000.0,0.0,808000.0,66374.0,92.0,-179.0,21.0,,2026-07-24T11:49:05.145656+08:00
3037,2018-07-23,249000.0,226850.0,0.0,475850.0,66158.0,50.0,-216.0,-42.0,,2026-07-24T11:49:05.145656+08:00
3037,2018-07-24,144000.0,2345704.0,0.0,2489704.0,65353.0,0.0,-805.0,-50.0,,2026-07-24T11:49:05.145656+08:00
3037,2018-07-25,80000.0,910010.0,0.0,990010.0,65371.0,0.0,18.0,0.0,,2026-07-24T11:49:05.145656+08:00
3037,2018-07-26,-474000.0,-1788010.0,0.0,-2262010.0,65388.0,0.0,17.0,0.0,,2026-07-24T11:49:05.145656+08:00
3037,2018-07-27,2393000.0,4184000.0,0.0,6577000.0,65083.0,0.0,-305.0,0.0,,2026-07-24T11:49:05.145656+08:00
3037,2018-07-30,-1828000.0,30000.0,0.0,-1798000.0,65050.0,51.0,-33.0,51.0,,2026-07-24T11:49:05.145656+08:00
3037,2018-07-31,-85000.0,-1801000.0,0.0,-1886000.0,65185.0,91.0,135.0,40.0,,2026-07-24T11:49:05.145656+08:00
3037,2018-08-01,-177000.0,262000.0,0.0,85000.0,65157.0,97.0,-28.0,6.0,,2026-07-24T11:49:05.145656+08:00
3037,2018-08-02,-615000.0,-3779000.0,0.0,-4394000.0,65071.0,91.0,-86.0,-6.0,,2026-07-24T11:49:05.145656+08:00
3037,2018-08-03,280000.0,-895000.0,0.0,-615000.0,64997.0,80.0,-74.0,-11.0,,2026-07-24T11:49:05.145656+08:00
3037,2018-08-06,-200000.0,2180000.0,0.0,1980000.0,64564.0,85.0,-433.0,5.0,,2026-07-24T11:49:05.145656+08:00
3037,2018-08-07,-71000.0,404000.0,0.0,333000.0,64522.0,81.0,-42.0,-4.0,,2026-07-24T11:49:05.145656+08:00
3037,2018-08-08,37000.0,233000.0,0.0,270000.0,64186.0,97.0,-336.0,16.0,,2026-07-24T11:49:05.145656+08:00
3037,2018-08-09,3335000.0,3943016.0,0.0,7278016.0,64440.0,443.0,254.0,346.0,,2026-07-24T11:49:05.145656+08:00
3037,2018-08-10,-2213000.0,-1965000.0,0.0,-4178000.0,64932.0,306.0,492.0,-137.0,,2026-07-24T11:49:05.145656+08:00
3037,2018-08-13,500000.0,16546000.0,1012000.0,18058000.0,61737.0,416.0,-3195.0,110.0,,2026-07-24T11:49:05.145656+08:00
3037,2018-08-14,132000.0,1046000.0,2217000.0,3395000.0,62588.0,429.0,851.0,13.0,,2026-07-24T11:49:05.145656+08:00
3037,2018-08-15,-79000.0,8154000.0,268000.0,8343000.0,59608.0,547.0,-2980.0,118.0,,2026-07-24T11:49:05.145656+08:00
3037,2018-08-16,3560000.0,9280760.0,144000.0,12984760.0,60286.0,799.0,678.0,252.0,,2026-07-24T11:49:05.145656+08:00
3037,2018-08-17,-1575000.0,-2472000.0,936000.0,-3111000.0,60456.0,622.0,170.0,-177.0,,2026-07-24T11:49:05.145656+08:00
3037,2018-08-20,-1082000.0,-240900.0,60000.0,-1262900.0,59195.0,457.0,-1261.0,-165.0,,2026-07-24T11:49:05.145656+08:00
3037,2018-08-21,-40000.0,-49000.0,0.0,-89000.0,59306.0,376.0,111.0,-81.0,,2026-07-24T11:49:05.145656+08:00
3037,2018-08-22,157000.0,-1245000.0,0.0,-1088000.0,59434.0,432.0,128.0,56.0,,2026-07-24T11:49:05.145656+08:00
3037,2018-08-23,4568000.0,4054000.0,702000.0,9324000.0,60571.0,766.0,1137.0,334.0,,2026-07-24T11:49:05.145656+08:00
3037,2018-08-24,-1274000.0,-3203000.0,3250000.0,-1227000.0,60994.0,723.0,423.0,-43.0,,2026-07-24T11:49:05.145656+08:00
3037,2018-08-27,-405000.0,-1060000.0,0.0,-1465000.0,60773.0,686.0,-221.0,-37.0,,2026-07-24T11:49:05.145656+08:00
3037,2018-08-28,93000.0,1452000.0,-575000.0,970000.0,60987.0,738.0,214.0,52.0,,2026-07-24T11:49:05.145656+08:00
3037,2018-08-29,459000.0,-450000.0,0.0,9000.0,59823.0,670.0,-1164.0,-68.0,,2026-07-24T11:49:05.145656+08:00
3037,2018-08-30,-366000.0,-180000.0,-535000.0,-1081000.0,59281.0,643.0,-542.0,-27.0,,2026-07-24T11:49:05.145656+08:00
3037,2018-08-31,-82000.0,-775988.0,0.0,-857988.0,58950.0,555.0,-331.0,-88.0,,2026-07-24T11:49:05.145656+08:00
3037,2018-09-03,999000.0,-2836000.0,0.0,-1837000.0,60918.0,600.0,1968.0,45.0,,2026-07-24T11:49:05.145656+08:00
3037,2018-09-04,-2226000.0,4689000.0,0.0,2463000.0,61388.0,800.0,470.0,200.0,,2026-07-24T11:49:05.145656+08:00
3037,2018-09-05,-641000.0,3361760.0,1045000.0,3765760.0,60377.0,950.0,-1011.0,150.0,,2026-07-24T11:49:05.145656+08:00
3037,2018-09-06,-3000.0,-1946000.0,1398000.0,-551000.0,60269.0,842.0,-108.0,-108.0,,2026-07-24T11:49:05.145656+08:00
3037,2018-09-07,-351000.0,64000.0,297421.0,10421.0,59073.0,784.0,-1196.0,-58.0,,2026-07-24T11:49:05.145656+08:00
3037,2018-09-10,-1020000.0,1014061.0,39000.0,33061.0,57421.0,685.0,-1652.0,-99.0,,2026-07-24T11:49:05.145656+08:00
3037,2018-09-11,47000.0,2928000.0,495000.0,3470000.0,57061.0,1586.0,-360.0,901.0,,2026-07-24T11:49:05.145656+08:00
3037,2018-09-12,486000.0,908000.0,1914000.0,3308000.0,58185.0,1582.0,1124.0,-4.0,,2026-07-24T11:49:05.145656+08:00
3037,2018-09-13,699000.0,-7248493.0,1906000.0,-4643493.0,58463.0,1637.0,278.0,55.0,,2026-07-24T11:49:05.145656+08:00
3037,2018-09-14,1376000.0,5883000.0,4999000.0,12258000.0,58646.0,2662.0,183.0,1025.0,,2026-07-24T11:49:05.145656+08:00
3037,2018-09-17,2330000.0,-4024000.0,10623000.0,8929000.0,61029.0,3580.0,2383.0,918.0,,2026-07-24T11:49:05.145656+08:00
3037,2018-09-18,802000.0,4390000.0,3158000.0,8350000.0,59512.0,4230.0,-1517.0,650.0,,2026-07-24T11:49:05.145656+08:00
3037,2018-09-19,-1060000.0,3310000.0,100000.0,2350000.0,59573.0,4170.0,61.0,-60.0,,2026-07-24T11:49:05.145656+08:00
3037,2018-09-20,646000.0,-3018000.0,1356000.0,-1016000.0,58865.0,4198.0,-708.0,28.0,,2026-07-24T11:49:05.145656+08:00
3037,2018-09-21,-2724000.0,2122979.0,941000.0,339979.0,55774.0,4015.0,-3091.0,-183.0,,2026-07-24T11:49:05.145656+08:00
3037,2018-09-25,2516000.0,1482000.0,822000.0,4820000.0,55947.0,5566.0,173.0,1551.0,,2026-07-24T11:49:05.145656+08:00
3037,2018-09-26,-1169000.0,-2877000.0,1648000.0,-2398000.0,57196.0,5737.0,1249.0,171.0,,2026-07-24T11:49:05.145656+08:00
3037,2018-09-27,365000.0,4256000.0,315000.0,4936000.0,54873.0,5285.0,-2323.0,-452.0,,2026-07-24T11:49:05.145656+08:00
3037,2018-09-28,2193000.0,3541000.0,2226000.0,7960000.0,52870.0,5765.0,-2003.0,480.0,,2026-07-24T11:49:05.145656+08:00
3037,2018-10-01,-1253000.0,-1393100.0,-112000.0,-2758100.0,53619.0,5502.0,749.0,-263.0,,2026-07-24T11:49:05.145656+08:00
3037,2018-10-02,-2211000.0,1426268.0,0.0,-784732.0,49539.0,4917.0,-4080.0,-585.0,,2026-07-24T11:49:05.145656+08:00
3037,2018-10-03,-216000.0,899000.0,-1424000.0,-741000.0,49529.0,4978.0,-10.0,61.0,,2026-07-24T11:49:05.145656+08:00
3037,2018-10-04,-1050000.0,140000.0,287000.0,-623000.0,48938.0,4162.0,-591.0,-816.0,,2026-07-24T11:49:05.145656+08:00
3037,2018-10-05,-665000.0,-6786000.0,-1857417.0,-9308417.0,48915.0,3527.0,-23.0,-635.0,,2026-07-24T11:49:05.145656+08:00
3037,2018-10-08,-363000.0,398488.0,2198000.0,2233488.0,49716.0,5109.0,801.0,1582.0,,2026-07-24T11:49:05.145656+08:00
3037,2018-10-09,-2940000.0,-11341000.0,-1475000.0,-15756000.0,50690.0,4644.0,974.0,-465.0,,2026-07-24T11:49:05.145656+08:00
3037,2018-10-11,-1890000.0,4578000.0,-4040000.0,-1352000.0,46042.0,4588.0,-4648.0,-56.0,,2026-07-24T11:49:05.145656+08:00
3037,2018-10-12,773000.0,-9367000.0,974000.0,-7620000.0,47123.0,3588.0,1081.0,-1000.0,,2026-07-24T11:49:05.145656+08:00
3037,2018-10-15,-193000.0,-1020000.0,-1541000.0,-2754000.0,47961.0,3311.0,838.0,-277.0,,2026-07-24T11:49:05.145656+08:00
3037,2018-10-16,-369000.0,534321.0,-4649000.0,-4483679.0,48544.0,3907.0,583.0,596.0,,2026-07-24T11:49:05.145656+08:00
3037,2018-10-17,1080000.0,-1161000.0,-82000.0,-163000.0,47204.0,3851.0,-1340.0,-56.0,,2026-07-24T11:49:05.145656+08:00
3037,2018-10-18,-276000.0,3355000.0,85000.0,3164000.0,45990.0,3939.0,-1214.0,88.0,,2026-07-24T11:49:05.145656+08:00
3037,2018-10-19,40000.0,-6146000.0,-2942000.0,-9048000.0,47286.0,3080.0,1296.0,-859.0,,2026-07-24T11:49:05.145656+08:00
3037,2018-10-22,-1676000.0,-498000.0,265000.0,-1909000.0,47898.0,3022.0,612.0,-58.0,,2026-07-24T11:49:05.145656+08:00
3037,2018-10-23,-377000.0,-1683000.0,30000.0,-2030000.0,47669.0,3148.0,-229.0,126.0,,2026-07-24T11:49:05.145656+08:00
3037,2018-10-24,1837000.0,-2547000.0,-200000.0,-910000.0,46618.0,3473.0,-1051.0,325.0,,2026-07-24T11:49:05.145656+08:00
3037,2018-10-25,-1379000.0,-3760000.0,0.0,-5139000.0,45620.0,2925.0,-998.0,-548.0,,2026-07-24T11:49:05.145656+08:00
3037,2018-10-26,1000.0,-2882000.0,-222000.0,-3103000.0,46681.0,2963.0,1061.0,38.0,,2026-07-24T11:49:05.145656+08:00
3037,2018-10-29,-1422000.0,-582000.0,-1727000.0,-3731000.0,46000.0,4986.0,-681.0,2023.0,,2026-07-24T11:49:05.145656+08:00
3037,2018-10-30,-76000.0,5189672.0,-5945000.0,-831328.0,45470.0,4358.0,-530.0,-628.0,,2026-07-24T11:49:05.145656+08:00
3037,2018-10-31,494000.0,-1689000.0,-888000.0,-2083000.0,47730.0,3853.0,2260.0,-505.0,,2026-07-24T11:49:05.145656+08:00
3037,2018-11-01,52000.0,1092000.0,-93000.0,1051000.0,49277.0,3696.0,1547.0,-157.0,,2026-07-24T11:49:05.145656+08:00
3037,2018-11-02,655000.0,-1237000.0,106.0,-581894.0,48240.0,3765.0,-1037.0,69.0,,2026-07-24T11:49:05.145656+08:00
3037,2018-11-05,-321000.0,1210000.0,545000.0,1434000.0,47051.0,3919.0,-1189.0,154.0,,2026-07-24T11:49:05.145656+08:00
3037,2018-11-06,-441000.0,-714000.0,-1931000.0,-3086000.0,47987.0,3704.0,936.0,-215.0,,2026-07-24T11:49:05.145656+08:00
3037,2018-11-07,983000.0,3035000.0,714000.0,4732000.0,47880.0,3905.0,-107.0,201.0,,2026-07-24T11:49:05.145656+08:00
3037,2018-11-08,-31000.0,-1146000.0,-13000.0,-1190000.0,47453.0,3884.0,-427.0,-21.0,,2026-07-24T11:49:05.145656+08:00
3037,2018-11-09,1173000.0,-721000.0,-8000.0,444000.0,47791.0,4127.0,338.0,243.0,,2026-07-24T11:49:05.145656+08:00
3037,2018-11-12,3428000.0,-2342000.0,2243000.0,3329000.0,49657.0,3944.0,1866.0,-183.0,,2026-07-24T11:49:05.145656+08:00
3037,2018-11-13,-840000.0,-679000.0,214000.0,-1305000.0,51655.0,3827.0,1998.0,-117.0,,2026-07-24T11:49:05.145656+08:00
3037,2018-11-14,-536000.0,-545000.0,924000.0,-157000.0,50175.0,3931.0,-1480.0,104.0,,2026-07-24T11:49:05.145656+08:00
3037,2018-11-15,125000.0,26024000.0,1925000.0,28074000.0,49120.0,6812.0,-1055.0,2881.0,,2026-07-24T11:49:05.145656+08:00
3037,2018-11-16,252000.0,40924000.0,2209000.0,43385000.0,39420.0,7555.0,-9700.0,743.0,,2026-07-24T11:49:05.145656+08:00
3037,2018-11-19,-1995000.0,7414000.0,80000.0,5499000.0,39397.0,7532.0,-23.0,-23.0,,2026-07-24T11:49:05.145656+08:00
3037,2018-11-20,412000.0,12493000.0,-2544000.0,10361000.0,38597.0,7902.0,-800.0,370.0,,2026-07-24T11:49:05.145656+08:00
3037,2018-11-21,608000.0,14508000.0,-100000.0,15016000.0,37811.0,8283.0,-786.0,381.0,,2026-07-24T11:49:05.145656+08:00
3037,2018-11-22,-1978000.0,2273000.0,-1592000.0,-1297000.0,37708.0,7145.0,-103.0,-1138.0,,2026-07-24T11:49:05.145656+08:00
3037,2018-11-23,193000.0,3327000.0,-997000.0,2523000.0,37424.0,7195.0,-284.0,50.0,,2026-07-24T11:49:05.145656+08:00
3037,2018-11-26,6000.0,3579000.0,-310000.0,3275000.0,36036.0,7061.0,-1388.0,-134.0,,2026-07-24T11:49:05.145656+08:00
3037,2018-11-27,3323000.0,3805000.0,707000.0,7835000.0,39152.0,7848.0,3116.0,787.0,,2026-07-24T11:49:05.145656+08:00
3037,2018-11-28,-1429000.0,1533000.0,1901000.0,2005000.0,38268.0,8135.0,-884.0,287.0,,2026-07-24T11:49:05.145656+08:00
3037,2018-11-29,249000.0,565000.0,3107000.0,3921000.0,38685.0,8131.0,417.0,-4.0,,2026-07-24T11:49:05.145656+08:00
3037,2018-11-30,2233000.0,5345000.0,6993000.0,14571000.0,39642.0,9452.0,957.0,1321.0,,2026-07-24T11:49:05.145656+08:00
3037,2018-12-03,-27000.0,-2956000.0,8764000.0,5781000.0,42237.0,9945.0,2595.0,493.0,,2026-07-24T11:49:05.145656+08:00
3037,2018-12-04,-431000.0,2756000.0,4705000.0,7030000.0,40904.0,9527.0,-1333.0,-418.0,,2026-07-24T11:49:05.145656+08:00
3037,2018-12-05,-55000.0,6114660.0,340000.0,6399660.0,40825.0,11552.0,-79.0,2025.0,,2026-07-24T11:49:05.145656+08:00
3037,2018-12-06,-2807000.0,-1996000.0,2541000.0,-2262000.0,40863.0,9939.0,38.0,-1613.0,,2026-07-24T11:49:05.145656+08:00
3037,2018-12-07,1207000.0,11481000.0,11972000.0,24660000.0,39920.0,15878.0,-943.0,5939.0,,2026-07-24T11:49:05.145656+08:00
3037,2018-12-10,1487000.0,6045588.0,12273000.0,19805588.0,37918.0,16546.0,-2002.0,668.0,,2026-07-24T11:49:05.145656+08:00
3037,2018-12-11,-827000.0,4190491.0,3418000.0,6781491.0,37811.0,16695.0,-107.0,149.0,,2026-07-24T11:49:05.145656+08:00
3037,2018-12-12,-442000.0,-1573138.0,-2157000.0,-4172138.0,43919.0,15260.0,6108.0,-1435.0,,2026-07-24T11:49:05.145656+08:00
3037,2018-12-13,-199000.0,5909000.0,-2987000.0,2723000.0,45841.0,15222.0,1922.0,-38.0,,2026-07-24T11:49:05.145656+08:00
3037,2018-12-14,1614000.0,1960000.0,-6997000.0,-3423000.0,49183.0,15724.0,3342.0,502.0,,2026-07-24T11:49:05.145656+08:00
3037,2018-12-17,-8000.0,6439388.0,-1753000.0,4678388.0,52651.0,16025.0,3468.0,301.0,,2026-07-24T11:49:05.145656+08:00
3037,2018-12-18,578000.0,9105000.0,649000.0,10332000.0,52516.0,16578.0,-135.0,553.0,,2026-07-24T11:49:05.145656+08:00
3037,2018-12-19,444000.0,-9101423.0,760000.0,-7897423.0,54899.0,15656.0,2383.0,-922.0,,2026-07-24T11:49:05.145656+08:00
3037,2018-12-20,-2287000.0,15851853.0,-189000.0,13375853.0,54054.0,17938.0,-845.0,2282.0,,2026-07-24T11:49:05.145656+08:00
3037,2018-12-21,-174000.0,-6203201.0,2748000.0,-3629201.0,53876.0,17496.0,-178.0,-442.0,,2026-07-24T11:49:05.145656+08:00
3037,2018-12-22,-131000.0,-113000.0,0.0,-244000.0,54201.0,17003.0,325.0,-493.0,,2026-07-24T11:49:05.145656+08:00
3037,2018-12-24,-305000.0,379000.0,0.0,74000.0,54958.0,17310.0,757.0,307.0,,2026-07-24T11:49:05.145656+08:00
3037,2018-12-25,-1359000.0,-6623000.0,93803.0,-7888197.0,57052.0,14924.0,2094.0,-2386.0,,2026-07-24T11:49:05.145656+08:00
3037,2018-12-26,-1821000.0,10318000.0,-1324000.0,7173000.0,53523.0,16714.0,-3529.0,1790.0,,2026-07-24T11:49:05.145656+08:00
3037,2018-12-27,-879000.0,21261000.0,450000.0,20832000.0,48790.0,19925.0,-4733.0,3211.0,,2026-07-24T11:49:05.145656+08:00
3037,2018-12-28,41000.0,-15205922.0,665000.0,-14499922.0,53498.0,17260.0,4708.0,-2665.0,,2026-07-24T11:49:05.145656+08:00
3037,2019-01-02,-34000.0,18818000.0,150000.0,18934000.0,50761.0,20505.0,-2737.0,3245.0,,2026-07-24T11:49:05.145656+08:00
3037,2019-01-03,1053000.0,22084190.0,1916000.0,25053190.0,44020.0,22072.0,-6741.0,1567.0,,2026-07-24T11:49:05.145656+08:00
3037,2019-01-04,603000.0,210680.0,1160000.0,1973680.0,44825.0,21048.0,805.0,-1024.0,,2026-07-24T11:49:05.145656+08:00
3037,2019-01-07,-364000.0,3907000.0,1693000.0,5236000.0,44898.0,19795.0,73.0,-1253.0,,2026-07-24T11:49:05.145656+08:00
3037,2019-01-08,-663000.0,3655157.0,50000.0,3042157.0,44547.0,20009.0,-351.0,214.0,,2026-07-24T11:49:05.145656+08:00
3037,2019-01-09,1091000.0,-27258000.0,-3840000.0,-30007000.0,49690.0,17642.0,5143.0,-2367.0,,2026-07-24T11:49:05.145656+08:00
3037,2019-01-10,1466000.0,5358365.0,-1026000.0,5798365.0,48134.0,16624.0,-1556.0,-1018.0,,2026-07-24T11:49:05.145656+08:00
3037,2019-01-11,-1725000.0,-8974000.0,-8378000.0,-19077000.0,51755.0,14276.0,3621.0,-2348.0,,2026-07-24T11:49:05.145656+08:00
3037,2019-01-14,1038000.0,-2467791.0,-1567000.0,-2996791.0,52609.0,13714.0,854.0,-562.0,,2026-07-24T11:49:05.145656+08:00
3037,2019-01-15,103000.0,-996000.0,-1015000.0,-1908000.0,52188.0,13390.0,-421.0,-324.0,,2026-07-24T11:49:05.145656+08:00
3037,2019-01-16,1001000.0,19000.0,272000.0,1292000.0,50543.0,13066.0,-1645.0,-324.0,,2026-07-24T11:49:05.145656+08:00
3037,2019-01-17,-542000.0,-536000.0,622000.0,-456000.0,50642.0,13435.0,99.0,369.0,,2026-07-24T11:49:05.145656+08:00
3037,2019-01-18,2598000.0,4341000.0,504000.0,7443000.0,48677.0,13102.0,-1965.0,-333.0,,2026-07-24T11:49:05.145656+08:00
3037,2019-01-21,-350000.0,-5756000.0,0.0,-6106000.0,49485.0,13226.0,808.0,124.0,,2026-07-24T11:49:05.145656+08:00
3037,2019-01-22,-2324000.0,-6931000.0,448000.0,-8807000.0,49419.0,12285.0,-66.0,-941.0,,2026-07-24T11:49:05.145656+08:00
3037,2019-01-23,74000.0,-5272111.0,-1991000.0,-7189111.0,50401.0,11332.0,982.0,-953.0,,2026-07-24T11:49:05.145656+08:00
3037,2019-01-24,70000.0,-4894000.0,1368000.0,-3456000.0,49687.0,11490.0,-714.0,158.0,,2026-07-24T11:49:05.145656+08:00
3037,2019-01-25,333000.0,-364000.0,1391000.0,1360000.0,47376.0,11160.0,-2311.0,-330.0,,2026-07-24T11:49:05.145656+08:00
3037,2019-01-28,1530000.0,4924576.0,1721000.0,8175576.0,44697.0,11135.0,-2679.0,-25.0,,2026-07-24T11:49:05.145656+08:00
3037,2019-01-29,-1093000.0,4948000.0,1825000.0,5680000.0,43929.0,11535.0,-768.0,400.0,,2026-07-24T11:49:05.145656+08:00
3037,2019-01-30,-319000.0,1100000.0,284000.0,1065000.0,40451.0,11179.0,-3478.0,-356.0,,2026-07-24T11:49:05.145656+08:00
3037,2019-02-11,1550000.0,7572000.0,377000.0,9499000.0,39954.0,11661.0,-497.0,482.0,,2026-07-24T11:49:05.145656+08:00
3037,2019-02-12,1096000.0,-2807065.0,1219000.0,-492065.0,39511.0,11943.0,-443.0,282.0,,2026-07-24T11:49:05.145656+08:00
3037,2019-02-13,-1093000.0,10005000.0,1156000.0,10068000.0,37005.0,12378.0,-2506.0,435.0,,2026-07-24T11:49:05.145656+08:00
3037,2019-02-14,-978000.0,-1017000.0,1672000.0,-323000.0,34729.0,12602.0,-2276.0,224.0,,2026-07-24T11:49:05.145656+08:00
3037,2019-02-15,-898000.0,6160000.0,-969000.0,4293000.0,32826.0,12696.0,-1903.0,94.0,,2026-07-24T11:49:05.145656+08:00
3037,2019-02-18,913000.0,-3450000.0,-217000.0,-2754000.0,34654.0,12565.0,1828.0,-131.0,,2026-07-24T11:49:05.145656+08:00
3037,2019-02-19,221000.0,3512000.0,-1101000.0,2632000.0,34351.0,12756.0,-303.0,191.0,,2026-07-24T11:49:05.145656+08:00
3037,2019-02-20,258000.0,-2911000.0,-1460000.0,-4113000.0,35607.0,12368.0,1256.0,-388.0,,2026-07-24T11:49:05.145656+08:00
3037,2019-02-21,-291000.0,2488000.0,-527000.0,1670000.0,36262.0,11822.0,655.0,-546.0,,2026-07-24T11:49:05.145656+08:00
3037,2019-02-22,-25000.0,-959000.0,-685000.0,-1669000.0,36707.0,11072.0,445.0,-750.0,,2026-07-24T11:49:05.145656+08:00
3037,2019-02-25,64000.0,6482000.0,320000.0,6866000.0,36767.0,11991.0,60.0,919.0,,2026-07-24T11:49:05.145656+08:00
3037,2019-02-26,-505000.0,-1134798.0,2758000.0,1118202.0,36196.0,12105.0,-571.0,114.0,,2026-07-24T11:49:05.145656+08:00
3037,2019-02-27,-594000.0,-716000.0,260000.0,-1050000.0,35434.0,11781.0,-762.0,-324.0,,2026-07-24T11:49:05.145656+08:00
3037,2019-03-04,4359000.0,-3506000.0,1778000.0,2631000.0,39827.0,12601.0,4393.0,820.0,,2026-07-24T11:49:05.145656+08:00
3037,2019-03-05,-990000.0,-17778000.0,629000.0,-18139000.0,46868.0,11453.0,7041.0,-1148.0,,2026-07-24T11:49:05.145656+08:00
3037,2019-03-06,-654000.0,-4015000.0,1056000.0,-3613000.0,46822.0,11377.0,-46.0,-76.0,,2026-07-24T11:49:05.145656+08:00
3037,2019-03-07,2467000.0,12982000.0,751000.0,16200000.0,44096.0,12204.0,-2726.0,827.0,,2026-07-24T11:49:05.145656+08:00
3037,2019-03-08,-1053000.0,-7941000.0,498000.0,-8496000.0,45802.0,11284.0,1706.0,-920.0,,2026-07-24T11:49:05.145656+08:00
3037,2019-03-11,-145000.0,-3941000.0,437000.0,-3649000.0,46478.0,11074.0,676.0,-210.0,,2026-07-24T11:49:05.145656+08:00
3037,2019-03-12,632000.0,1064717.0,1033000.0,2729717.0,44548.0,11314.0,-1930.0,240.0,,2026-07-24T11:49:05.145656+08:00
3037,2019-03-13,34000.0,-1725000.0,52000.0,-1639000.0,44995.0,11233.0,447.0,-81.0,,2026-07-24T11:49:05.145656+08:00
3037,2019-03-14,744000.0,2295000.0,3192000.0,6231000.0,43019.0,11616.0,-1976.0,383.0,,2026-07-24T11:49:05.145656+08:00
3037,2019-03-15,2369000.0,1298237.0,3546000.0,7213237.0,43746.0,11983.0,727.0,367.0,,2026-07-24T11:49:05.145656+08:00
3037,2019-03-18,-1271000.0,22778000.0,2289000.0,23796000.0,44491.0,14917.0,745.0,2934.0,,2026-07-24T11:49:05.145656+08:00
3037,2019-03-19,-1665000.0,-4172000.0,1565000.0,-4272000.0,45315.0,13116.0,824.0,-1801.0,,2026-07-24T11:49:05.145656+08:00
3037,2019-03-20,1612000.0,14771000.0,541000.0,16924000.0,36690.0,13416.0,-8625.0,300.0,,2026-07-24T11:49:05.145656+08:00
3037,2019-03-21,-1521000.0,3794000.0,-1566000.0,707000.0,38363.0,13833.0,1673.0,417.0,,2026-07-24T11:49:05.145656+08:00
3037,2019-03-22,-482000.0,4167000.0,-260000.0,3425000.0,36006.0,13207.0,-2357.0,-626.0,,2026-07-24T11:49:05.145656+08:00
3037,2019-03-25,-1046000.0,3358000.0,2409000.0,4721000.0,34965.0,13521.0,-1041.0,314.0,,2026-07-24T11:49:05.145656+08:00
3037,2019-03-26,-1059000.0,-16327000.0,-645000.0,-18031000.0,35981.0,10890.0,1016.0,-2631.0,,2026-07-24T11:49:05.145656+08:00
3037,2019-03-27,-913000.0,13107000.0,-1308000.0,10886000.0,33647.0,11664.0,-2334.0,774.0,,2026-07-24T11:49:05.145656+08:00
3037,2019-03-28,-333000.0,63000.0,1507000.0,1237000.0,35644.0,11601.0,1997.0,-63.0,,2026-07-24T11:49:05.145656+08:00
3037,2019-03-29,-281000.0,-7982844.0,5784000.0,-2479844.0,34809.0,10875.0,-835.0,-726.0,,2026-07-24T11:49:05.145656+08:00
3037,2019-04-01,1450000.0,22184000.0,1063030.0,24697030.0,33817.0,12070.0,-992.0,1195.0,,2026-07-24T11:49:05.145656+08:00
3037,2019-04-02,-551000.0,3024000.0,1304000.0,3777000.0,32951.0,11475.0,-866.0,-595.0,,2026-07-24T11:49:05.145656+08:00
3037,2019-04-03,-1058000.0,20615000.0,217000.0,19774000.0,34031.0,12171.0,1080.0,696.0,,2026-07-24T11:49:05.145656+08:00
3037,2019-04-08,-160000.0,12834450.0,-519000.0,12155450.0,35083.0,12626.0,1052.0,455.0,,2026-07-24T11:49:05.145656+08:00
3037,2019-04-09,1774000.0,-8068267.0,-5606000.0,-11900267.0,37148.0,6889.0,2065.0,-5737.0,,2026-07-24T11:49:05.145656+08:00
3037,2019-04-10,519000.0,7126179.0,-4805000.0,2840179.0,38852.0,6295.0,1704.0,-594.0,,2026-07-24T11:49:05.145656+08:00
3037,2019-04-11,541000.0,22346000.0,-5067000.0,17820000.0,37781.0,6117.0,-1071.0,-178.0,,2026-07-24T11:49:05.145656+08:00
3037,2019-04-12,525000.0,2076000.0,-765000.0,1836000.0,38251.0,4685.0,470.0,-1432.0,,2026-07-24T11:49:05.145656+08:00
3037,2019-04-15,316000.0,3373000.0,1338000.0,5027000.0,36261.0,41.0,-1990.0,-4644.0,,2026-07-24T11:49:05.145656+08:00
3037,2019-04-16,2011000.0,199920.0,654000.0,2864920.0,38375.0,0.0,2114.0,-41.0,,2026-07-24T11:49:05.145656+08:00
3037,2019-04-17,-148000.0,2305000.0,1661000.0,3818000.0,37466.0,0.0,-909.0,0.0,,2026-07-24T11:49:05.145656+08:00
3037,2019-04-18,356000.0,-201000.0,1327000.0,1482000.0,36356.0,0.0,-1110.0,0.0,,2026-07-24T11:49:05.145656+08:00
3037,2019-04-19,1043000.0,742000.0,451000.0,2236000.0,39534.0,1219.0,3178.0,1219.0,,2026-07-24T11:49:05.145656+08:00
3037,2019-04-22,858000.0,-3417000.0,-559932.0,-3118932.0,40634.0,1504.0,1100.0,285.0,,2026-07-24T11:49:05.145656+08:00
3037,2019-04-23,-1491377.0,606000.0,-1025000.0,-1910377.0,39889.0,2236.0,-745.0,732.0,,2026-07-24T11:49:05.145656+08:00
3037,2019-04-24,469000.0,19721388.0,-577000.0,19613388.0,37118.0,5955.0,-2771.0,3719.0,,2026-07-24T11:49:05.145656+08:00
3037,2019-04-25,-92000.0,-13953000.0,247000.0,-13798000.0,36851.0,5672.0,-267.0,-283.0,,2026-07-24T11:49:05.145656+08:00
3037,2019-04-26,-284000.0,-15971000.0,-1894000.0,-18149000.0,38249.0,5414.0,1398.0,-258.0,,2026-07-24T11:49:05.145656+08:00
3037,2019-04-29,-5957000.0,20281007.0,-15173000.0,-848993.0,35618.0,5237.0,-2631.0,-177.0,,2026-07-24T11:49:05.145656+08:00
3037,2019-04-30,-184000.0,9397000.0,-1568000.0,7645000.0,34722.0,8353.0,-896.0,3116.0,,2026-07-24T11:49:05.145656+08:00
3037,2019-05-02,-463000.0,2639597.0,-741000.0,1435597.0,34800.0,8588.0,78.0,235.0,,2026-07-24T11:49:05.145656+08:00
3037,2019-05-03,273000.0,-2304000.0,-308000.0,-2339000.0,35586.0,8708.0,786.0,120.0,,2026-07-24T11:49:05.145656+08:00
3037,2019-05-06,-1521000.0,9731000.0,-2392000.0,5818000.0,27538.0,5818.0,-8048.0,-2890.0,,2026-07-24T11:49:05.145656+08:00
3037,2019-05-07,-80000.0,2673000.0,-40000.0,2553000.0,28554.0,7411.0,1016.0,1593.0,,2026-07-24T11:49:05.145656+08:00
3037,2019-05-08,705000.0,-1365488.0,2789000.0,2128512.0,28056.0,8155.0,-498.0,744.0,,2026-07-24T11:49:05.145656+08:00
3037,2019-05-09,-28000.0,-9862562.0,210000.0,-9680562.0,28937.0,6205.0,881.0,-1950.0,,2026-07-24T11:49:05.145656+08:00
3037,2019-05-10,-1252000.0,6380939.0,437000.0,5565939.0,28258.0,8434.0,-679.0,2229.0,,2026-07-24T11:49:05.145656+08:00
3037,2019-05-13,-362000.0,12811724.0,476000.0,12925724.0,26594.0,10352.0,-1664.0,1918.0,,2026-07-24T11:49:05.145656+08:00
3037,2019-05-14,682000.0,-6274000.0,1100000.0,-4492000.0,27228.0,9065.0,634.0,-1287.0,,2026-07-24T11:49:05.145656+08:00
3037,2019-05-15,2288000.0,6359016.0,3358000.0,12005016.0,25944.0,9969.0,-1284.0,904.0,,2026-07-24T11:49:05.145656+08:00
3037,2019-05-16,294000.0,-32653000.0,2914000.0,-29445000.0,29933.0,8081.0,3989.0,-1888.0,,2026-07-24T11:49:05.145656+08:00
3037,2019-05-17,-3335000.0,-3597276.0,-82000.0,-7014276.0,27227.0,7672.0,-2706.0,-409.0,,2026-07-24T11:49:05.145656+08:00
3037,2019-05-20,250000.0,1193061.0,-1360000.0,83061.0,26837.0,7066.0,-390.0,-606.0,,2026-07-24T11:49:05.145656+08:00
3037,2019-05-21,207000.0,-3905000.0,291000.0,-3407000.0,28864.0,6049.0,2027.0,-1017.0,,2026-07-24T11:49:05.145656+08:00
3037,2019-05-22,-297000.0,1098000.0,287000.0,1088000.0,27407.0,7595.0,-1457.0,1546.0,,2026-07-24T11:49:05.145656+08:00
3037,2019-05-23,225000.0,6398000.0,-3701000.0,2922000.0,25096.0,6160.0,-2311.0,-1435.0,,2026-07-24T11:49:05.145656+08:00
3037,2019-05-24,155000.0,-4636000.0,-372000.0,-4853000.0,26596.0,5266.0,1500.0,-894.0,,2026-07-24T11:49:05.145656+08:00
3037,2019-05-27,-135000.0,-2305000.0,-916000.0,-3356000.0,26945.0,5801.0,349.0,535.0,,2026-07-24T11:49:05.145656+08:00
3037,2019-05-28,398000.0,-3285376.0,229000.0,-2658376.0,27605.0,5661.0,660.0,-140.0,,2026-07-24T11:49:05.145656+08:00
3037,2019-05-29,399000.0,4640724.0,-679000.0,4360724.0,25873.0,5522.0,-1732.0,-139.0,,2026-07-24T11:49:05.145656+08:00
3037,2019-05-30,89000.0,-10987000.0,-568000.0,-11466000.0,28155.0,4857.0,2282.0,-665.0,,2026-07-24T11:49:05.145656+08:00
3037,2019-05-31,306000.0,5214000.0,238000.0,5758000.0,25487.0,5226.0,-2668.0,369.0,,2026-07-24T11:49:05.145656+08:00
3037,2019-06-03,43000.0,-8451000.0,-733000.0,-9141000.0,27800.0,4811.0,2313.0,-415.0,,2026-07-24T11:49:05.145656+08:00
3037,2019-06-04,-89000.0,5829778.0,1033000.0,6773778.0,26292.0,5372.0,-1508.0,561.0,,2026-07-24T11:49:05.145656+08:00
3037,2019-06-05,281000.0,-14534000.0,-1779000.0,-16032000.0,31335.0,5398.0,5043.0,26.0,,2026-07-24T11:49:05.145656+08:00
3037,2019-06-06,-616000.0,1432035.0,-906000.0,-89965.0,30265.0,4869.0,-1070.0,-529.0,,2026-07-24T11:49:05.145656+08:00
3037,2019-06-10,819000.0,9334896.0,2454000.0,12607896.0,28617.0,6627.0,-1648.0,1758.0,,2026-07-24T11:49:05.145656+08:00
3037,2019-06-11,-598000.0,1743843.0,6108000.0,7253843.0,28394.0,8432.0,-223.0,1805.0,,2026-07-24T11:49:05.145656+08:00
3037,2019-06-12,-459000.0,-5651999.0,1096395.0,-5014604.0,29893.0,8554.0,1499.0,122.0,,2026-07-24T11:49:05.145656+08:00
3037,2019-06-13,95000.0,754931.0,3160436.0,4010367.0,29955.0,8732.0,62.0,178.0,,2026-07-24T11:49:05.145656+08:00
3037,2019-06-14,269000.0,-1758000.0,-2106000.0,-3595000.0,31195.0,8032.0,1240.0,-700.0,,2026-07-24T11:49:05.145656+08:00
3037,2019-06-17,80000.0,-2604000.0,631502.0,-1892498.0,30991.0,8168.0,-204.0,136.0,,2026-07-24T11:49:05.145656+08:00
3037,2019-06-18,-106000.0,1296000.0,2000.0,1192000.0,29836.0,7821.0,-1155.0,-347.0,,2026-07-24T11:49:05.145656+08:00
3037,2019-06-19,1225000.0,22679000.0,4272000.0,28176000.0,27468.0,13335.0,-2368.0,5514.0,,2026-07-24T11:49:05.145656+08:00
3037,2019-06-20,252000.0,-2409998.0,3311000.0,1153002.0,28434.0,11238.0,966.0,-2097.0,,2026-07-24T11:49:05.145656+08:00
3037,2019-06-21,-909000.0,-2628680.0,1444000.0,-2093680.0,28098.0,10386.0,-336.0,-852.0,,2026-07-24T11:49:05.145656+08:00
3037,2019-06-24,-261000.0,-2170000.0,200433.0,-2230567.0,29451.0,10221.0,1353.0,-165.0,,2026-07-24T11:49:05.145656+08:00
3037,2019-06-25,104000.0,-2407621.0,1246000.0,-1057621.0,28739.0,9567.0,-712.0,-654.0,,2026-07-24T11:49:05.145656+08:00
3037,2019-06-26,955000.0,-2422011.0,104000.0,-1363011.0,30237.0,9648.0,1498.0,81.0,,2026-07-24T11:49:05.145656+08:00
3037,2019-06-27,2404000.0,-588000.0,2606000.0,4422000.0,30286.0,10211.0,49.0,563.0,,2026-07-24T11:49:05.145656+08:00
3037,2019-06-28,-1435000.0,3648485.0,1746000.0,3959485.0,30589.0,10025.0,303.0,-186.0,,2026-07-24T11:49:05.145656+08:00
3037,2019-07-01,603000.0,8022435.0,4440000.0,13065435.0,30909.0,11190.0,320.0,1165.0,,2026-07-24T11:49:05.145656+08:00
3037,2019-07-02,-154000.0,-585998.0,1264000.0,524002.0,30109.0,11171.0,-800.0,-19.0,,2026-07-24T11:49:05.145656+08:00
3037,2019-07-03,84000.0,-8669000.0,-1567000.0,-10152000.0,31727.0,10540.0,1618.0,-631.0,,2026-07-24T11:49:05.145656+08:00
3037,2019-07-04,-649000.0,3108000.0,-441000.0,2018000.0,31415.0,10348.0,-312.0,-192.0,,2026-07-24T11:49:05.145656+08:00
3037,2019-07-05,275000.0,1139000.0,-1011358.0,402642.0,32084.0,10129.0,669.0,-219.0,,2026-07-24T11:49:05.145656+08:00
3037,2019-07-08,97000.0,1892000.0,-686000.0,1303000.0,32314.0,9911.0,230.0,-218.0,,2026-07-24T11:49:05.145656+08:00
3037,2019-07-09,-1983000.0,-4320000.0,-455000.0,-6758000.0,34060.0,9601.0,1746.0,-310.0,,2026-07-24T11:49:05.145656+08:00
3037,2019-07-10,1167000.0,-4597000.0,2477000.0,-953000.0,33647.0,9269.0,-413.0,-332.0,,2026-07-24T11:49:05.145656+08:00
3037,2019-07-11,1391000.0,2487000.0,6255000.0,10133000.0,30913.0,9927.0,-2734.0,658.0,,2026-07-24T11:49:05.145656+08:00
3037,2019-07-12,-226000.0,-12429000.0,-1378000.0,-14033000.0,34521.0,9057.0,3608.0,-870.0,,2026-07-24T11:49:05.145656+08:00
3037,2019-07-15,230000.0,246000.0,189000.0,665000.0,33656.0,8907.0,-865.0,-150.0,,2026-07-24T11:49:05.145656+08:00
3037,2019-07-16,-194000.0,-2934000.0,-42763.0,-3170763.0,33525.0,8081.0,-131.0,-826.0,,2026-07-24T11:49:05.145656+08:00
3037,2019-07-17,260000.0,2884339.0,-255000.0,2889339.0,35596.0,7457.0,2071.0,-624.0,,2026-07-24T11:49:05.145656+08:00
3037,2019-07-18,1141000.0,34323000.0,2254000.0,37718000.0,30416.0,7865.0,-5180.0,408.0,,2026-07-24T11:49:05.145656+08:00
3037,2019-07-19,-363000.0,-1331031.0,-240000.0,-1934031.0,32261.0,6369.0,1845.0,-1496.0,,2026-07-24T11:49:05.145656+08:00
3037,2019-07-22,-116000.0,-1739000.0,-250000.0,-2105000.0,32064.0,5061.0,-197.0,-1308.0,,2026-07-24T11:49:05.145656+08:00
3037,2019-07-23,-1067000.0,-13131033.0,-2761000.0,-16959033.0,33734.0,34.0,1670.0,-5027.0,,2026-07-24T11:49:05.145656+08:00
3037,2019-07-24,54000.0,-5197000.0,-2801000.0,-7944000.0,33607.0,0.0,-127.0,-34.0,,2026-07-24T11:49:05.145656+08:00
3037,2019-07-25,-383000.0,11716000.0,-72000.0,11261000.0,30939.0,0.0,-2668.0,0.0,,2026-07-24T11:49:05.145656+08:00
3037,2019-07-26,717000.0,4829000.0,-321000.0,5225000.0,31856.0,0.0,917.0,0.0,,2026-07-24T11:49:05.145656+08:00
3037,2019-07-29,-732000.0,-5571000.0,209000.0,-6094000.0,30785.0,613.0,-1071.0,613.0,,2026-07-24T11:49:05.145656+08:00
3037,2019-07-30,-427000.0,-6686186.0,-4056000.0,-11169186.0,31670.0,1227.0,885.0,614.0,,2026-07-24T11:49:05.145656+08:00
3037,2019-07-31,462000.0,-8616400.0,-1059000.0,-9213400.0,34647.0,1809.0,2977.0,582.0,,2026-07-24T11:49:05.145656+08:00
3037,2019-08-01,-588000.0,-2227000.0,-1809000.0,-4624000.0,35998.0,1927.0,1351.0,118.0,,2026-07-24T11:49:05.145656+08:00
3037,2019-08-02,-407000.0,7939000.0,-4810000.0,2722000.0,36634.0,2472.0,636.0,545.0,,2026-07-24T11:49:05.145656+08:00
3037,2019-08-05,-29000.0,-6450000.0,1271000.0,-5208000.0,37775.0,2988.0,1141.0,516.0,,2026-07-24T11:49:05.145656+08:00
3037,2019-08-06,-215000.0,5408000.0,-565000.0,4628000.0,37113.0,2729.0,-662.0,-259.0,,2026-07-24T11:49:05.145656+08:00
3037,2019-08-07,-162000.0,-12615000.0,3135000.0,-9642000.0,38472.0,3577.0,1359.0,848.0,,2026-07-24T11:49:05.145656+08:00
3037,2019-08-08,598000.0,6875000.0,1609000.0,9082000.0,37419.0,5766.0,-1053.0,2189.0,,2026-07-24T11:49:05.145656+08:00
3037,2019-08-12,325000.0,-9383449.0,189000.0,-8869449.0,39669.0,5774.0,2250.0,8.0,,2026-07-24T11:49:05.145656+08:00
3037,2019-08-13,341000.0,-5200966.0,635660.0,-4224306.0,40878.0,5467.0,1209.0,-307.0,,2026-07-24T11:49:05.145656+08:00
3037,2019-08-14,847000.0,5151439.0,6651000.0,12649439.0,38670.0,6227.0,-2208.0,760.0,,2026-07-24T11:49:05.145656+08:00
3037,2019-08-15,-804000.0,14487000.0,140000.0,13823000.0,37341.0,8697.0,-1329.0,2470.0,,2026-07-24T11:49:05.145656+08:00
3037,2019-08-16,104000.0,-12853685.0,88549.0,-12661136.0,41499.0,7435.0,4158.0,-1262.0,,2026-07-24T11:49:05.145656+08:00
3037,2019-08-19,638000.0,-3046000.0,76000.0,-2332000.0,42386.0,7350.0,887.0,-85.0,,2026-07-24T11:49:05.145656+08:00
3037,2019-08-20,1079000.0,5032000.0,1612000.0,7723000.0,39091.0,8397.0,-3295.0,1047.0,,2026-07-24T11:49:05.145656+08:00
3037,2019-08-21,488000.0,-3525800.0,168000.0,-2869800.0,40353.0,8125.0,1262.0,-272.0,,2026-07-24T11:49:05.145656+08:00
3037,2019-08-22,1034000.0,18796208.0,2327000.0,22157208.0,36208.0,9766.0,-4145.0,1641.0,,2026-07-24T11:49:05.145656+08:00
3037,2019-08-23,-446000.0,-8230000.0,806000.0,-7870000.0,37468.0,8610.0,1260.0,-1156.0,,2026-07-24T11:49:05.145656+08:00
3037,2019-08-24,806000.0,-3327000.0,0.0,-2521000.0,,,,,,2026-07-24T11:49:05.145656+08:00
3037,2019-08-26,-314000.0,-9093000.0,-17000.0,-9424000.0,37552.0,7258.0,,,,2026-07-24T11:49:05.145656+08:00
3037,2019-08-27,-637000.0,-3490600.0,132000.0,-3995600.0,38266.0,7060.0,714.0,-198.0,,2026-07-24T11:49:05.145656+08:00
3037,2019-08-28,-228000.0,-1273197.0,-230000.0,-1731197.0,39155.0,7076.0,889.0,16.0,,2026-07-24T11:49:05.145656+08:00
3037,2019-08-29,1161000.0,-3028000.0,93439.0,-1773561.0,39255.0,6918.0,100.0,-158.0,,2026-07-24T11:49:05.145656+08:00
3037,2019-08-30,322000.0,-765000.0,412000.0,-31000.0,39571.0,6891.0,316.0,-27.0,,2026-07-24T11:49:05.145656+08:00
3037,2019-09-02,1121000.0,4787000.0,-162000.0,5746000.0,39156.0,7380.0,-415.0,489.0,,2026-07-24T11:49:05.145656+08:00
3037,2019-09-03,451000.0,-4904467.0,680000.0,-3773467.0,44076.0,7374.0,4920.0,-6.0,,2026-07-24T11:49:05.145656+08:00
3037,2019-09-04,296000.0,17401000.0,9000.0,17706000.0,39815.0,8926.0,-4261.0,1552.0,,2026-07-24T11:49:05.145656+08:00
3037,2019-09-05,3501000.0,25927000.0,6475000.0,35903000.0,37770.0,12146.0,-2045.0,3220.0,,2026-07-24T11:49:05.145656+08:00
3037,2019-09-06,-2271000.0,-5179959.0,119000.0,-7331959.0,38613.0,11034.0,843.0,-1112.0,,2026-07-24T11:49:05.145656+08:00
3037,2019-09-09,-840000.0,-1194625.0,1400000.0,-634625.0,37201.0,12094.0,-1412.0,1060.0,,2026-07-24T11:49:05.145656+08:00
3037,2019-09-10,111000.0,-8765898.0,-738000.0,-9392898.0,37818.0,10025.0,617.0,-2069.0,,2026-07-24T11:49:05.145656+08:00
3037,2019-09-11,-322000.0,-3108681.0,812000.0,-2618681.0,37488.0,10032.0,-330.0,7.0,,2026-07-24T11:49:05.145656+08:00
3037,2019-09-12,1429000.0,2829421.0,2110000.0,6368421.0,35673.0,11804.0,-1815.0,1772.0,,2026-07-24T11:49:05.145656+08:00
3037,2019-09-16,352000.0,265000.0,2230719.0,2847719.0,36662.0,13406.0,989.0,1602.0,,2026-07-24T11:49:05.145656+08:00
3037,2019-09-17,34000.0,-3222363.0,587740.0,-2600623.0,37092.0,13480.0,430.0,74.0,,2026-07-24T11:49:05.145656+08:00
3037,2019-09-18,-1679000.0,3591000.0,203000.0,2115000.0,35922.0,13894.0,-1170.0,414.0,,2026-07-24T11:49:05.145656+08:00
3037,2019-09-19,-441000.0,-1324452.0,202000.0,-1563452.0,36307.0,14086.0,385.0,192.0,,2026-07-24T11:49:05.145656+08:00
3037,2019-09-20,-649000.0,-2211299.0,43000.0,-2817299.0,35102.0,13823.0,-1205.0,-263.0,,2026-07-24T11:49:05.145656+08:00
3037,2019-09-23,1337000.0,2244596.0,605000.0,4186596.0,36279.0,15004.0,1177.0,1181.0,,2026-07-24T11:49:05.145656+08:00
3037,2019-09-24,-484000.0,-2766157.0,-79000.0,-3329157.0,36190.0,14390.0,-89.0,-614.0,,2026-07-24T11:49:05.145656+08:00
3037,2019-09-25,909000.0,-131000.0,-1404498.0,-626498.0,37213.0,12869.0,1023.0,-1521.0,,2026-07-24T11:49:05.145656+08:00
3037,2019-09-26,-164000.0,772728.0,-128000.0,480728.0,37389.0,12630.0,176.0,-239.0,,2026-07-24T11:49:05.145656+08:00
3037,2019-09-27,561000.0,-3116414.0,-559717.0,-3115131.0,36663.0,11357.0,-726.0,-1273.0,,2026-07-24T11:49:05.145656+08:00
3037,2019-10-01,347000.0,1265082.0,-60000.0,1552082.0,35352.0,11022.0,-1311.0,-335.0,,2026-07-24T11:49:05.145656+08:00
3037,2019-10-02,1080000.0,-2390000.0,681000.0,-629000.0,35044.0,10602.0,-308.0,-420.0,,2026-07-24T11:49:05.145656+08:00
3037,2019-10-03,428000.0,-613000.0,26000.0,-159000.0,35271.0,10443.0,227.0,-159.0,,2026-07-24T11:49:05.145656+08:00
3037,2019-10-04,-224000.0,-2543285.0,2222000.0,-545285.0,35873.0,10745.0,602.0,302.0,,2026-07-24T11:49:05.145656+08:00
3037,2019-10-07,1282000.0,4878000.0,474228.0,6634228.0,33344.0,11224.0,-2529.0,479.0,,2026-07-24T11:49:05.145656+08:00
3037,2019-10-08,-1411000.0,-4650916.0,-1243700.0,-7305616.0,34210.0,10649.0,866.0,-575.0,,2026-07-24T11:49:05.145656+08:00
3037,2019-10-09,-3291000.0,-7118618.0,-2581920.0,-12991538.0,37180.0,9830.0,2970.0,-819.0,,2026-07-24T11:49:05.145656+08:00
3037,2019-10-14,427000.0,16969467.0,-739000.0,16657467.0,33836.0,11600.0,-3344.0,1770.0,,2026-07-24T11:49:05.145656+08:00
3037,2019-10-15,-257000.0,1054215.0,1193000.0,1990215.0,34974.0,11751.0,1138.0,151.0,,2026-07-24T11:49:05.145656+08:00
3037,2019-10-16,-96000.0,4935048.0,4418388.0,9257436.0,34104.0,13206.0,-870.0,1455.0,,2026-07-24T11:49:05.145656+08:00
3037,2019-10-17,1260000.0,-7513000.0,-826745.0,-7079745.0,37670.0,12338.0,3566.0,-868.0,,2026-07-24T11:49:05.145656+08:00
3037,2019-10-18,52000.0,-2986110.0,-1970532.0,-4904642.0,38972.0,11374.0,1302.0,-964.0,,2026-07-24T11:49:05.145656+08:00
3037,2019-10-21,174000.0,-2550000.0,-706945.0,-3082945.0,40133.0,10767.0,1161.0,-607.0,,2026-07-24T11:49:05.145656+08:00
3037,2019-10-22,1497000.0,13253000.0,1369011.0,16119011.0,35041.0,13068.0,-5092.0,2301.0,,2026-07-24T11:49:05.145656+08:00
3037,2019-10-23,-1744000.0,5974000.0,347000.0,4577000.0,32805.0,13128.0,-2236.0,60.0,,2026-07-24T11:49:05.145656+08:00
3037,2019-10-24,-6000.0,-7989000.0,-5000.0,-8000000.0,36570.0,12724.0,3765.0,-404.0,,2026-07-24T11:49:05.145656+08:00
3037,2019-10-25,-1340000.0,7876000.0,-288635.0,6247365.0,34853.0,13232.0,-1717.0,508.0,,2026-07-24T11:49:05.145656+08:00
3037,2019-10-26,806000.0,-3327000.0,0.0,-2521000.0,,,,,,2026-07-24T11:49:05.145656+08:00
3037,2019-10-28,22000.0,-7849000.0,637000.0,-7190000.0,36501.0,12041.0,,,,2026-07-24T11:49:05.145656+08:00
3037,2019-10-29,-851000.0,-2926000.0,417000.0,-3360000.0,37234.0,11137.0,733.0,-904.0,,2026-07-24T11:49:05.145656+08:00
3037,2019-10-30,194000.0,7409000.0,1602000.0,9205000.0,36062.0,12884.0,-1172.0,1747.0,,2026-07-24T11:49:05.145656+08:00
3037,2019-10-31,-678000.0,-4727500.0,500000.0,-4905500.0,37969.0,12061.0,1907.0,-823.0,,2026-07-24T11:49:05.145656+08:00
3037,2019-11-01,-442000.0,-1052000.0,1181000.0,-313000.0,38740.0,11577.0,771.0,-484.0,,2026-07-24T11:49:05.145656+08:00
3037,2019-11-04,918000.0,-1097000.0,1048000.0,869000.0,38575.0,11613.0,-165.0,36.0,,2026-07-24T11:49:05.145656+08:00
3037,2019-11-05,384000.0,-2180000.0,-140000.0,-1936000.0,39151.0,11646.0,576.0,33.0,,2026-07-24T11:49:05.145656+08:00
3037,2019-11-06,-2179000.0,-9027000.0,-4640000.0,-15846000.0,40803.0,12219.0,1652.0,573.0,,2026-07-24T11:49:05.145656+08:00
3037,2019-11-07,165000.0,3547690.0,-3005000.0,707690.0,41581.0,12220.0,778.0,1.0,,2026-07-24T11:49:05.145656+08:00
3037,2019-11-08,-124000.0,164000.0,1000.0,41000.0,42708.0,12604.0,1127.0,384.0,,2026-07-24T11:49:05.145656+08:00
3037,2019-11-11,-563000.0,13587000.0,1514000.0,14538000.0,42318.0,14347.0,-390.0,1743.0,,2026-07-24T11:49:05.145656+08:00
3037,2019-11-12,1093000.0,27931264.0,424000.0,29448264.0,32968.0,16486.0,-9350.0,2139.0,,2026-07-24T11:49:05.145656+08:00
3037,2019-11-13,-924000.0,-13814000.0,545000.0,-14193000.0,35308.0,15254.0,2340.0,-1232.0,,2026-07-24T11:49:05.145656+08:00
3037,2019-11-14,368000.0,-5034000.0,1290000.0,-3376000.0,35462.0,14710.0,154.0,-544.0,,2026-07-24T11:49:05.145656+08:00
3037,2019-11-15,1296000.0,1927000.0,254000.0,3477000.0,36103.0,15001.0,641.0,291.0,,2026-07-24T11:49:05.145656+08:00
3037,2019-11-18,-1414000.0,7407000.0,-149000.0,5844000.0,34273.0,15607.0,-1830.0,606.0,,2026-07-24T11:49:05.145656+08:00
3037,2019-11-19,-384000.0,-11576000.0,-1409000.0,-13369000.0,38459.0,14068.0,4186.0,-1539.0,,2026-07-24T11:49:05.145656+08:00
3037,2019-11-20,418000.0,-3113000.0,-78000.0,-2773000.0,38672.0,14264.0,213.0,196.0,,2026-07-24T11:49:05.145656+08:00
3037,2019-11-21,-602000.0,-3602000.0,-19000.0,-4223000.0,39448.0,13524.0,776.0,-740.0,,2026-07-24T11:49:05.145656+08:00
3037,2019-11-22,-324000.0,-6706000.0,-379000.0,-7409000.0,39425.0,12904.0,-23.0,-620.0,,2026-07-24T11:49:05.145656+08:00
3037,2019-11-25,-629000.0,-9050000.0,845000.0,-8834000.0,37996.0,11620.0,-1429.0,-1284.0,,2026-07-24T11:49:05.145656+08:00
3037,2019-11-26,316000.0,-9603838.0,172000.0,-9115838.0,39049.0,11373.0,1053.0,-247.0,,2026-07-24T11:49:05.145656+08:00
3037,2019-11-27,151000.0,-2414000.0,2110000.0,-153000.0,35941.0,11728.0,-3108.0,355.0,,2026-07-24T11:49:05.145656+08:00
3037,2019-11-28,978000.0,-10356000.0,593000.0,-8785000.0,39666.0,11786.0,3725.0,58.0,,2026-07-24T11:49:05.145656+08:00
3037,2019-11-29,-1663000.0,-7944500.0,-120000.0,-9727500.0,40122.0,11381.0,456.0,-405.0,,2026-07-24T11:49:05.145656+08:00
3037,2019-12-02,-542000.0,-9971997.0,-2067000.0,-12580997.0,40315.0,10411.0,193.0,-970.0,,2026-07-24T11:49:05.145656+08:00
3037,2019-12-03,628000.0,4120974.0,-1178000.0,3570974.0,39925.0,10167.0,-390.0,-244.0,,2026-07-24T11:49:05.145656+08:00
3037,2019-12-04,-200000.0,-1887960.0,-559000.0,-2646960.0,40411.0,9927.0,486.0,-240.0,,2026-07-24T11:49:05.145656+08:00
3037,2019-12-05,195000.0,-3106800.0,-850000.0,-3761800.0,39979.0,10065.0,-432.0,138.0,,2026-07-24T11:49:05.145656+08:00
3037,2019-12-06,210000.0,-2733000.0,-5000.0,-2528000.0,40308.0,10425.0,329.0,360.0,,2026-07-24T11:49:05.145656+08:00
3037,2019-12-09,-2000.0,-2365000.0,-1066000.0,-3433000.0,40487.0,10382.0,179.0,-43.0,,2026-07-24T11:49:05.145656+08:00
3037,2019-12-10,-59000.0,-3514000.0,-3999000.0,-7572000.0,41638.0,9681.0,1151.0,-701.0,,2026-07-24T11:49:05.145656+08:00
3037,2019-12-11,106000.0,-1782000.0,-323000.0,-1999000.0,41461.0,9872.0,-177.0,191.0,,2026-07-24T11:49:05.145656+08:00
3037,2019-12-12,340000.0,-2830598.0,-1526000.0,-4016598.0,42849.0,10171.0,1388.0,299.0,,2026-07-24T11:49:05.145656+08:00
3037,2019-12-13,-626000.0,-4773000.0,-54000.0,-5453000.0,41162.0,10483.0,-1687.0,312.0,,2026-07-24T11:49:05.145656+08:00
3037,2019-12-16,962000.0,4783000.0,-228000.0,5517000.0,40387.0,10766.0,-775.0,283.0,,2026-07-24T11:49:05.145656+08:00
3037,2019-12-17,271000.0,-7515500.0,-770374.0,-8014874.0,40750.0,10656.0,363.0,-110.0,,2026-07-24T11:49:05.145656+08:00
3037,2019-12-18,-1144000.0,-1616000.0,-847000.0,-3607000.0,41295.0,12153.0,545.0,1497.0,,2026-07-24T11:49:05.145656+08:00
3037,2019-12-19,-713000.0,-3221000.0,-4900000.0,-8834000.0,42680.0,12621.0,1385.0,468.0,,2026-07-24T11:49:05.145656+08:00
3037,2019-12-20,18000.0,-1645835.0,-636000.0,-2263835.0,42947.0,12304.0,267.0,-317.0,,2026-07-24T11:49:05.145656+08:00
3037,2019-12-23,-468000.0,-14643000.0,-5713000.0,-20824000.0,46403.0,11365.0,3456.0,-939.0,,2026-07-24T11:49:05.145656+08:00
3037,2019-12-24,1013000.0,7415663.0,-7461000.0,967663.0,46735.0,11431.0,332.0,66.0,,2026-07-24T11:49:05.145656+08:00
3037,2019-12-25,-513000.0,-8841000.0,-3133000.0,-12487000.0,48161.0,10897.0,1426.0,-534.0,,2026-07-24T11:49:05.145656+08:00
3037,2019-12-26,168000.0,487000.0,-5995000.0,-5340000.0,48988.0,10787.0,827.0,-110.0,,2026-07-24T11:49:05.145656+08:00
3037,2019-12-27,205000.0,1132000.0,-1196000.0,141000.0,48684.0,10838.0,-304.0,51.0,,2026-07-24T11:49:05.145656+08:00
3037,2019-12-30,57000.0,1095100.0,-591000.0,561100.0,48563.0,10731.0,-121.0,-107.0,,2026-07-24T11:49:05.145656+08:00
3037,2019-12-31,42000.0,1329000.0,-1925000.0,-554000.0,48687.0,10422.0,124.0,-309.0,,2026-07-24T11:49:05.145656+08:00
3037,2020-01-02,2473000.0,1031950.0,1465000.0,4969950.0,48054.0,10455.0,-633.0,33.0,,2026-07-24T11:49:05.145656+08:00
3037,2020-01-03,-1914000.0,-7028000.0,414000.0,-8528000.0,49224.0,10183.0,1170.0,-272.0,,2026-07-24T11:49:05.145656+08:00
3037,2020-01-06,-43000.0,-3671770.0,-3974000.0,-7688770.0,50912.0,9921.0,1688.0,-262.0,,2026-07-24T11:49:05.145656+08:00
3037,2020-01-07,-174000.0,466000.0,-1809000.0,-1517000.0,50267.0,7357.0,-645.0,-2564.0,,2026-07-24T11:49:05.145656+08:00
3037,2020-01-08,-157000.0,-1723000.0,-217000.0,-2097000.0,49608.0,6725.0,-659.0,-632.0,,2026-07-24T11:49:05.145656+08:00
3037,2020-01-09,86000.0,-1547000.0,-868000.0,-2329000.0,50487.0,6754.0,879.0,29.0,,2026-07-24T11:49:05.145656+08:00
3037,2020-01-10,1527000.0,6292900.0,-628000.0,7191900.0,48416.0,7324.0,-2071.0,570.0,,2026-07-24T11:49:05.145656+08:00
3037,2020-01-13,1390000.0,2911000.0,1050000.0,5351000.0,47725.0,7925.0,-691.0,601.0,,2026-07-24T11:49:05.145656+08:00
3037,2020-01-14,1247000.0,17995000.0,4532000.0,23774000.0,46373.0,9368.0,-1352.0,1443.0,,2026-07-24T11:49:05.145656+08:00
3037,2020-01-15,-1435000.0,2309000.0,-127000.0,747000.0,45112.0,11987.0,-1261.0,2619.0,,2026-07-24T11:49:05.145656+08:00
3037,2020-01-16,1654000.0,-22577000.0,-19000.0,-20942000.0,51462.0,10862.0,6350.0,-1125.0,,2026-07-24T11:49:05.145656+08:00
3037,2020-01-17,89000.0,898000.0,-332000.0,655000.0,50122.0,10507.0,-1340.0,-355.0,,2026-07-24T11:49:05.145656+08:00
3037,2020-01-20,201000.0,7999803.0,687000.0,8887803.0,46240.0,10604.0,-3882.0,97.0,,2026-07-24T11:49:05.145656+08:00
3037,2020-01-30,-1473171.0,-8177240.0,-356000.0,-10006411.0,46709.0,10610.0,469.0,6.0,,2026-07-24T11:49:05.145656+08:00
3037,2020-01-31,-2883000.0,-6116000.0,-2650000.0,-11649000.0,46673.0,6819.0,-36.0,-3791.0,,2026-07-24T11:49:05.145656+08:00
3037,2020-02-03,-112000.0,4244500.0,-1492000.0,2640500.0,44878.0,5184.0,-1795.0,-1635.0,,2026-07-24T11:49:05.145656+08:00
3037,2020-02-04,20000.0,3092815.0,1249000.0,4361815.0,42198.0,9412.0,-2680.0,4228.0,,2026-07-24T11:49:05.145656+08:00
3037,2020-02-05,-1736000.0,-4640000.0,-680000.0,-7056000.0,42612.0,9212.0,414.0,-200.0,,2026-07-24T11:49:05.145656+08:00
3037,2020-02-06,217000.0,-2964000.0,-683000.0,-3430000.0,44021.0,10149.0,1409.0,937.0,,2026-07-24T11:49:05.145656+08:00
3037,2020-02-07,-56000.0,-2931000.0,-2660000.0,-5647000.0,44472.0,10406.0,451.0,257.0,,2026-07-24T11:49:05.145656+08:00
3037,2020-02-10,204000.0,5368000.0,353000.0,5925000.0,39987.0,11167.0,-4485.0,761.0,,2026-07-24T11:49:05.145656+08:00
3037,2020-02-11,536000.0,-2530000.0,2982000.0,988000.0,39479.0,11408.0,-508.0,241.0,,2026-07-24T11:49:05.145656+08:00
3037,2020-02-12,1124000.0,15056000.0,747000.0,16927000.0,36112.0,13194.0,-3367.0,1786.0,,2026-07-24T11:49:05.145656+08:00
3037,2020-02-13,-1474000.0,-5812156.0,-101000.0,-7387156.0,38081.0,13399.0,1969.0,205.0,,2026-07-24T11:49:05.145656+08:00
3037,2020-02-14,-162000.0,-10978000.0,0.0,-11140000.0,40348.0,12462.0,2267.0,-937.0,,2026-07-24T11:49:05.145656+08:00
3037,2020-02-17,169000.0,1664000.0,-663000.0,1170000.0,40285.0,12059.0,-63.0,-403.0,,2026-07-24T11:49:05.145656+08:00
3037,2020-02-18,-255000.0,921000.0,173000.0,839000.0,40028.0,11984.0,-257.0,-75.0,,2026-07-24T11:49:05.145656+08:00
3037,2020-02-19,-68000.0,4105000.0,-65000.0,3972000.0,40256.0,12151.0,228.0,167.0,,2026-07-24T11:49:05.145656+08:00
3037,2020-02-20,-131000.0,1444645.0,710000.0,2023645.0,40219.0,12286.0,-37.0,135.0,,2026-07-24T11:49:05.145656+08:00
3037,2020-02-21,65000.0,-2473000.0,-960000.0,-3368000.0,41233.0,12015.0,1014.0,-271.0,,2026-07-24T11:49:05.145656+08:00
3037,2020-02-24,-205000.0,6561000.0,1081000.0,7437000.0,39932.0,12741.0,-1301.0,726.0,,2026-07-24T11:49:05.145656+08:00
3037,2020-02-25,23000.0,-4808000.0,248000.0,-4537000.0,40130.0,12403.0,198.0,-338.0,,2026-07-24T11:49:05.145656+08:00
3037,2020-02-26,-201000.0,1895000.0,-100000.0,1594000.0,39970.0,11944.0,-160.0,-459.0,,2026-07-24T11:49:05.145656+08:00
3037,2020-02-27,-585000.0,-2544000.0,-1667000.0,-4796000.0,39402.0,10264.0,-568.0,-1680.0,,2026-07-24T11:49:05.145656+08:00
3037,2020-03-02,316000.0,2383645.0,-3936000.0,-1236355.0,39490.0,9285.0,88.0,-979.0,,2026-07-24T11:49:05.145656+08:00
3037,2020-03-03,1311000.0,11660742.0,1465000.0,14436742.0,37276.0,10556.0,-2214.0,1271.0,,2026-07-24T11:49:05.145656+08:00
3037,2020-03-04,-1069000.0,2587000.0,1264000.0,2782000.0,37870.0,10706.0,594.0,150.0,,2026-07-24T11:49:05.145656+08:00
3037,2020-03-05,690000.0,-575980.0,1061000.0,1175020.0,39893.0,10645.0,2023.0,-61.0,,2026-07-24T11:49:05.145656+08:00
3037,2020-03-06,-136000.0,-746690.0,1092000.0,209310.0,40194.0,10670.0,301.0,25.0,,2026-07-24T11:49:05.145656+08:00
3037,2020-03-09,-489000.0,-7601980.0,198000.0,-7892980.0,39990.0,9516.0,-204.0,-1154.0,,2026-07-24T11:49:05.145656+08:00
3037,2020-03-10,574000.0,-8216917.0,-1068000.0,-8710917.0,42555.0,7691.0,2565.0,-1825.0,,2026-07-24T11:49:05.145656+08:00
3037,2020-03-11,-198000.0,-6301617.0,1057000.0,-5442617.0,43349.0,9322.0,794.0,1631.0,,2026-07-24T11:49:05.145656+08:00
3037,2020-03-12,-1109000.0,-9889000.0,-2449000.0,-13447000.0,45734.0,8477.0,2385.0,-845.0,,2026-07-24T11:49:05.145656+08:00
3037,2020-03-13,-892000.0,-1989240.0,-105000.0,-2986240.0,41281.0,4667.0,-4453.0,-3810.0,,2026-07-24T11:49:05.145656+08:00
3037,2020-03-16,-1439000.0,1262731.0,-2104000.0,-2280269.0,38027.0,5296.0,-3254.0,629.0,,2026-07-24T11:49:05.145656+08:00
3037,2020-03-17,343000.0,-624513.0,619000.0,337487.0,35315.0,5037.0,-2712.0,-259.0,,2026-07-24T11:49:05.145656+08:00
3037,2020-03-18,-495000.0,-179001.0,727000.0,52999.0,34438.0,5572.0,-877.0,535.0,,2026-07-24T11:49:05.145656+08:00
3037,2020-03-19,-526000.0,280100.0,1369000.0,1123100.0,31205.0,6377.0,-3233.0,805.0,,2026-07-24T11:49:05.145656+08:00
3037,2020-03-20,188000.0,2444000.0,-791154.0,1840846.0,31071.0,7444.0,-134.0,1067.0,,2026-07-24T11:49:05.145656+08:00
3037,2020-03-23,-163000.0,-6298816.0,-194000.0,-6655816.0,32235.0,7544.0,1164.0,100.0,,2026-07-24T11:49:05.145656+08:00
3037,2020-03-24,341000.0,-7403949.0,2874000.0,-4188949.0,33227.0,7400.0,992.0,-144.0,,2026-07-24T11:49:05.145656+08:00
3037,2020-03-25,136000.0,11246210.0,1279000.0,12661210.0,29751.0,7926.0,-3476.0,526.0,,2026-07-24T11:49:05.145656+08:00
3037,2020-03-26,-178000.0,-7510000.0,474373.0,-7213627.0,31668.0,7351.0,1917.0,-575.0,,2026-07-24T11:49:05.145656+08:00
3037,2020-03-27,-27000.0,-8368000.0,2918000.0,-5477000.0,32545.0,7444.0,877.0,93.0,,2026-07-24T11:49:05.145656+08:00
3037,2020-03-30,717000.0,1612097.0,-2560000.0,-230903.0,32617.0,7544.0,72.0,100.0,,2026-07-24T11:49:05.145656+08:00
3037,2020-03-31,-413000.0,-1864000.0,6968000.0,4691000.0,32023.0,9076.0,-594.0,1532.0,,2026-07-24T11:49:05.145656+08:00
3037,2020-04-01,-290000.0,-5512000.0,261000.0,-5541000.0,31326.0,7585.0,-697.0,-1491.0,,2026-07-24T11:49:05.145656+08:00
3037,2020-04-06,526000.0,-8726724.0,250000.0,-7950724.0,33879.0,6618.0,2553.0,-967.0,,2026-07-24T11:49:05.145656+08:00
3037,2020-04-07,1189000.0,10207541.0,4592000.0,15988541.0,31513.0,6926.0,-2366.0,308.0,,2026-07-24T11:49:05.145656+08:00
3037,2020-04-08,853000.0,-8208000.0,1832000.0,-5523000.0,33103.0,6106.0,1590.0,-820.0,,2026-07-24T11:49:05.145656+08:00
3037,2020-04-09,-971000.0,-1386000.0,-42000.0,-2399000.0,32190.0,6094.0,-913.0,-12.0,,2026-07-24T11:49:05.145656+08:00
3037,2020-04-10,-666000.0,3653222.0,1344000.0,4331222.0,31995.0,5097.0,-195.0,-997.0,,2026-07-24T11:49:05.145656+08:00
3037,2020-04-13,249000.0,-6588025.0,5435688.0,-903337.0,29173.0,71.0,-2822.0,-5026.0,,2026-07-24T11:49:05.145656+08:00
3037,2020-04-14,504000.0,2474000.0,2993000.0,5971000.0,28959.0,0.0,-214.0,-71.0,,2026-07-24T11:49:05.145656+08:00
3037,2020-04-15,-877000.0,-4300771.0,-349000.0,-5526771.0,29906.0,0.0,947.0,0.0,,2026-07-24T11:49:05.145656+08:00
3037,2020-04-16,-89000.0,-2473158.0,972000.0,-1590158.0,29564.0,0.0,-342.0,0.0,,2026-07-24T11:49:05.145656+08:00
3037,2020-04-17,142000.0,-9945881.0,2128000.0,-7675881.0,29192.0,1500.0,-372.0,1500.0,,2026-07-24T11:49:05.145656+08:00
3037,2020-04-20,265000.0,-1480000.0,1073000.0,-142000.0,29714.0,3308.0,522.0,1808.0,,2026-07-24T11:49:05.145656+08:00
3037,2020-04-21,-397000.0,673596.0,-182000.0,94596.0,30120.0,2612.0,406.0,-696.0,,2026-07-24T11:49:05.145656+08:00
3037,2020-04-22,-154000.0,-330000.0,-810000.0,-1294000.0,31268.0,2692.0,1148.0,80.0,,2026-07-24T11:49:05.145656+08:00
3037,2020-04-23,-181000.0,537000.0,568000.0,924000.0,30801.0,3845.0,-467.0,1153.0,,2026-07-24T11:49:05.145656+08:00
3037,2020-04-24,97000.0,-1082891.0,-514000.0,-1499891.0,31348.0,3338.0,547.0,-507.0,,2026-07-24T11:49:05.145656+08:00
3037,2020-04-27,1020000.0,4575000.0,-7000.0,5588000.0,31515.0,3310.0,167.0,-28.0,,2026-07-24T11:49:05.145656+08:00
3037,2020-04-28,966000.0,-953986.0,2783000.0,2795014.0,30619.0,4036.0,-896.0,726.0,,2026-07-24T11:49:05.145656+08:00
3037,2020-04-29,1622000.0,-113000.0,3480000.0,4989000.0,33370.0,5056.0,2751.0,1020.0,,2026-07-24T11:49:05.145656+08:00
3037,2020-04-30,-1579000.0,-1152000.0,3528000.0,797000.0,34118.0,5424.0,748.0,368.0,,2026-07-24T11:49:05.145656+08:00
3037,2020-05-04,-177000.0,-5424000.0,710000.0,-4891000.0,34734.0,5559.0,616.0,135.0,,2026-07-24T11:49:05.145656+08:00
3037,2020-05-05,-191000.0,-4929000.0,93000.0,-5027000.0,34538.0,5512.0,-196.0,-47.0,,2026-07-24T11:49:05.145656+08:00
3037,2020-05-06,48000.0,516643.0,428000.0,992643.0,35258.0,6027.0,720.0,515.0,,2026-07-24T11:49:05.145656+08:00
3037,2020-05-07,1018000.0,6292887.0,2262000.0,9572887.0,33443.0,6844.0,-1815.0,817.0,,2026-07-24T11:49:05.145656+08:00
3037,2020-05-08,72000.0,6080000.0,2570000.0,8722000.0,33422.0,7184.0,-21.0,340.0,,2026-07-24T11:49:05.145656+08:00
3037,2020-05-11,796000.0,-2094000.0,115000.0,-1183000.0,35641.0,7157.0,2219.0,-27.0,,2026-07-24T11:49:05.145656+08:00
3037,2020-05-12,-626000.0,4926000.0,1611000.0,5911000.0,35270.0,7249.0,-371.0,92.0,,2026-07-24T11:49:05.145656+08:00
3037,2020-05-13,-992000.0,3772000.0,-182000.0,2598000.0,35226.0,7102.0,-44.0,-147.0,,2026-07-24T11:49:05.145656+08:00
3037,2020-05-14,-1583000.0,5780000.0,110000.0,4307000.0,34906.0,7194.0,-320.0,92.0,,2026-07-24T11:49:05.145656+08:00
3037,2020-05-15,-41000.0,9200285.0,-2233000.0,6926285.0,35126.0,6868.0,220.0,-326.0,,2026-07-24T11:49:05.145656+08:00
3037,2020-05-18,-957000.0,-10380000.0,-16986000.0,-28323000.0,38654.0,7771.0,3528.0,903.0,,2026-07-24T11:49:05.145656+08:00
3037,2020-05-19,830000.0,15009630.0,-8286000.0,7553630.0,42098.0,4475.0,3444.0,-3296.0,,2026-07-24T11:49:05.145656+08:00
3037,2020-05-20,1744000.0,-1506781.0,-2035000.0,-1797781.0,41298.0,4059.0,-800.0,-416.0,,2026-07-24T11:49:05.145656+08:00
3037,2020-05-21,562000.0,6453050.0,-1001000.0,6014050.0,39772.0,3563.0,-1526.0,-496.0,,2026-07-24T11:49:05.145656+08:00
3037,2020-05-22,-1137000.0,2860000.0,-2612000.0,-889000.0,39840.0,5724.0,68.0,2161.0,,2026-07-24T11:49:05.145656+08:00
3037,2020-05-25,-119000.0,4642000.0,-4243000.0,280000.0,39693.0,4768.0,-147.0,-956.0,,2026-07-24T11:49:05.145656+08:00
3037,2020-05-26,1333000.0,288000.0,-824000.0,797000.0,41021.0,2928.0,1328.0,-1840.0,,2026-07-24T11:49:05.145656+08:00
3037,2020-05-27,-200000.0,-1827000.0,239000.0,-1788000.0,40517.0,2929.0,-504.0,1.0,,2026-07-24T11:49:05.145656+08:00
3037,2020-05-28,1271000.0,2376500.0,475000.0,4122500.0,39857.0,3150.0,-660.0,221.0,,2026-07-24T11:49:05.145656+08:00
3037,2020-05-29,-927000.0,-1069897.0,1236000.0,-760897.0,39130.0,3110.0,-727.0,-40.0,,2026-07-24T11:49:05.145656+08:00
3037,2020-06-01,2555000.0,16656000.0,588000.0,19799000.0,40749.0,5871.0,1619.0,2761.0,,2026-07-24T11:49:05.145656+08:00
3037,2020-06-02,-1243000.0,-15849400.0,674000.0,-16418400.0,42509.0,5116.0,1760.0,-755.0,,2026-07-24T11:49:05.145656+08:00
3037,2020-06-03,-14000.0,-3677890.0,-805000.0,-4496890.0,42787.0,5634.0,278.0,518.0,,2026-07-24T11:49:05.145656+08:00
3037,2020-06-04,-492000.0,8241000.0,296000.0,8045000.0,41423.0,5926.0,-1364.0,292.0,,2026-07-24T11:49:05.145656+08:00
3037,2020-06-05,-38000.0,-6938000.0,-586000.0,-7562000.0,41571.0,5831.0,148.0,-95.0,,2026-07-24T11:49:05.145656+08:00
3037,2020-06-08,-517000.0,-2140000.0,-5761000.0,-8418000.0,42434.0,5554.0,863.0,-277.0,,2026-07-24T11:49:05.145656+08:00
3037,2020-06-09,-180000.0,-2373000.0,-1040000.0,-3593000.0,42111.0,5321.0,-323.0,-233.0,,2026-07-24T11:49:05.145656+08:00
3037,2020-06-10,1850000.0,11296000.0,-141000.0,13005000.0,42503.0,6294.0,392.0,973.0,,2026-07-24T11:49:05.145656+08:00
3037,2020-06-11,-455000.0,10221000.0,3042000.0,12808000.0,41435.0,6645.0,-1068.0,351.0,,2026-07-24T11:49:05.145656+08:00
3037,2020-06-12,200000.0,-5991000.0,1174000.0,-4617000.0,45198.0,6991.0,3763.0,346.0,,2026-07-24T11:49:05.145656+08:00
3037,2020-06-15,-803000.0,-4478000.0,330000.0,-4951000.0,47462.0,6810.0,2264.0,-181.0,,2026-07-24T11:49:05.145656+08:00
3037,2020-06-16,470000.0,6682000.0,-1205000.0,5947000.0,48627.0,6695.0,1165.0,-115.0,,2026-07-24T11:49:05.145656+08:00
3037,2020-06-17,588000.0,-502900.0,507000.0,592100.0,46442.0,6765.0,-2185.0,70.0,,2026-07-24T11:49:05.145656+08:00
3037,2020-06-18,1914000.0,2640000.0,399000.0,4953000.0,45219.0,6410.0,-1223.0,-355.0,,2026-07-24T11:49:05.145656+08:00
3037,2020-06-19,-545000.0,-4457106.0,1682000.0,-3320106.0,45370.0,6457.0,151.0,47.0,,2026-07-24T11:49:05.145656+08:00
3037,2020-06-22,-9000.0,4703000.0,3303000.0,7997000.0,44230.0,6517.0,-1140.0,60.0,,2026-07-24T11:49:05.145656+08:00
3037,2020-06-23,-502000.0,2080000.0,2511000.0,4089000.0,44934.0,6559.0,704.0,42.0,,2026-07-24T11:49:05.145656+08:00
3037,2020-06-24,-158000.0,-5427000.0,4288000.0,-1297000.0,46896.0,6509.0,1962.0,-50.0,,2026-07-24T11:49:05.145656+08:00
3037,2020-06-29,-456000.0,1656000.0,1768000.0,2968000.0,46237.0,6411.0,-659.0,-98.0,,2026-07-24T11:49:05.145656+08:00
3037,2020-06-30,2291000.0,29236516.0,6530000.0,38057516.0,49333.0,8749.0,3096.0,2338.0,,2026-07-24T11:49:05.145656+08:00
3037,2020-07-01,-1425000.0,-12713000.0,1751000.0,-12387000.0,46087.0,7916.0,-3246.0,-833.0,,2026-07-24T11:49:05.145656+08:00
3037,2020-07-02,-641000.0,7135000.0,1504000.0,7998000.0,45320.0,7745.0,-767.0,-171.0,,2026-07-24T11:49:05.145656+08:00
3037,2020-07-03,1412000.0,11176100.0,1689000.0,14277100.0,43235.0,7470.0,-2085.0,-275.0,,2026-07-24T11:49:05.145656+08:00
3037,2020-07-06,-162000.0,-1056000.0,1912000.0,694000.0,43356.0,5920.0,121.0,-1550.0,,2026-07-24T11:49:05.145656+08:00
3037,2020-07-07,-1457000.0,-631974.0,731000.0,-1357974.0,40584.0,3969.0,-2772.0,-1951.0,,2026-07-24T11:49:05.145656+08:00
3037,2020-07-08,125000.0,6047000.0,-1471000.0,4701000.0,40648.0,2835.0,64.0,-1134.0,,2026-07-24T11:49:05.145656+08:00
3037,2020-07-09,-679000.0,8512000.0,-1067000.0,6766000.0,37545.0,139.0,-3103.0,-2696.0,,2026-07-24T11:49:05.145656+08:00
3037,2020-07-10,-516000.0,7921000.0,170000.0,7575000.0,35872.0,0.0,-1673.0,-139.0,,2026-07-24T11:49:05.145656+08:00
3037,2020-07-13,-3000.0,790171.0,-1064000.0,-276829.0,36616.0,0.0,744.0,0.0,,2026-07-24T11:49:05.145656+08:00
3037,2020-07-14,281000.0,4136900.0,-336000.0,4081900.0,37561.0,0.0,945.0,0.0,,2026-07-24T11:49:05.145656+08:00
3037,2020-07-15,-634000.0,410422.0,187000.0,-36578.0,37419.0,1047.0,-142.0,1047.0,,2026-07-24T11:49:05.145656+08:00
3037,2020-07-16,120000.0,-2327000.0,108000.0,-2099000.0,37796.0,1438.0,377.0,391.0,,2026-07-24T11:49:05.145656+08:00
3037,2020-07-17,-243000.0,-6026000.0,-11996.0,-6280996.0,40139.0,1496.0,2343.0,58.0,,2026-07-24T11:49:05.145656+08:00
3037,2020-07-20,418000.0,5130000.0,1013000.0,6561000.0,41369.0,2675.0,1230.0,1179.0,,2026-07-24T11:49:05.145656+08:00
3037,2020-07-21,1886000.0,-9257170.0,1505000.0,-5866170.0,43870.0,4890.0,2501.0,2215.0,,2026-07-24T11:49:05.145656+08:00
3037,2020-07-22,-62000.0,6224000.0,944000.0,7106000.0,40571.0,5159.0,-3299.0,269.0,,2026-07-24T11:49:05.145656+08:00
3037,2020-07-23,-107000.0,-2001000.0,16000.0,-2092000.0,41388.0,5145.0,817.0,-14.0,,2026-07-24T11:49:05.145656+08:00
3037,2020-07-24,-997000.0,5425000.0,-675000.0,3753000.0,40158.0,4985.0,-1230.0,-160.0,,2026-07-24T11:49:05.145656+08:00
3037,2020-07-27,701000.0,3129000.0,360000.0,4190000.0,39735.0,5490.0,-423.0,505.0,,2026-07-24T11:49:05.145656+08:00
3037,2020-07-28,324000.0,18102000.0,1862000.0,20288000.0,42657.0,7037.0,2922.0,1547.0,,2026-07-24T11:49:05.145656+08:00
3037,2020-07-29,-657000.0,-10438957.0,4175000.0,-6920957.0,42392.0,7574.0,-265.0,537.0,,2026-07-24T11:49:05.145656+08:00
3037,2020-07-30,1835000.0,21912137.0,1810000.0,25557137.0,38768.0,10334.0,-3624.0,2760.0,,2026-07-24T11:49:05.145656+08:00
3037,2020-07-31,-1238000.0,7533000.0,1117000.0,7412000.0,37286.0,11548.0,-1482.0,1214.0,,2026-07-24T11:49:05.145656+08:00
3037,2020-08-03,-358000.0,-2680233.0,-573000.0,-3611233.0,37296.0,10328.0,10.0,-1220.0,,2026-07-24T11:49:05.145656+08:00
3037,2020-08-04,1586000.0,-2793000.0,1224357.0,17357.0,41128.0,11652.0,3832.0,1324.0,,2026-07-24T11:49:05.145656+08:00
3037,2020-08-05,-205000.0,6818000.0,118000.0,6731000.0,41676.0,15098.0,548.0,3446.0,,2026-07-24T11:49:05.145656+08:00
3037,2020-08-06,-508000.0,-8133529.0,731000.0,-7910529.0,35182.0,15048.0,-6494.0,-50.0,,2026-07-24T11:49:05.145656+08:00
3037,2020-08-07,-432000.0,4943707.0,761000.0,5272707.0,29776.0,14710.0,-5406.0,-338.0,,2026-07-24T11:49:05.145656+08:00
3037,2020-08-10,344000.0,-7487000.0,2244000.0,-4899000.0,32425.0,14047.0,2649.0,-663.0,,2026-07-24T11:49:05.145656+08:00
3037,2020-08-11,557000.0,-4207000.0,2085000.0,-1565000.0,33470.0,15816.0,1045.0,1769.0,,2026-07-24T11:49:05.145656+08:00
3037,2020-08-12,1178000.0,-12053000.0,-947000.0,-11822000.0,37000.0,17029.0,3530.0,1213.0,,2026-07-24T11:49:05.145656+08:00
3037,2020-08-13,-917000.0,-4167058.0,-2957000.0,-8041058.0,38251.0,13636.0,1251.0,-3393.0,,2026-07-24T11:49:05.145656+08:00
3037,2020-08-14,333000.0,181366.0,962000.0,1476366.0,40527.0,16969.0,2276.0,3333.0,,2026-07-24T11:49:05.145656+08:00
3037,2020-08-17,-772000.0,-1239150.0,-2128000.0,-4139150.0,41294.0,16740.0,767.0,-229.0,,2026-07-24T11:49:05.145656+08:00
3037,2020-08-18,431000.0,7869000.0,-224000.0,8076000.0,40972.0,17234.0,-322.0,494.0,,2026-07-24T11:49:05.145656+08:00
3037,2020-08-19,11000.0,1226000.0,640000.0,1877000.0,43871.0,18541.0,2899.0,1307.0,,2026-07-24T11:49:05.145656+08:00
3037,2020-08-20,-1301000.0,-9159921.0,-5069000.0,-15529921.0,43660.0,16482.0,-211.0,-2059.0,,2026-07-24T11:49:05.145656+08:00
3037,2020-08-21,561000.0,3906388.0,-1347360.0,3120028.0,43541.0,16015.0,-119.0,-467.0,,2026-07-24T11:49:05.145656+08:00
3037,2020-08-24,-989000.0,12761700.0,-3027934.0,8744766.0,40763.0,15847.0,-2778.0,-168.0,,2026-07-24T11:49:05.145656+08:00
3037,2020-08-25,-115000.0,-2934696.0,-647000.0,-3696696.0,42257.0,15828.0,1494.0,-19.0,,2026-07-24T11:49:05.145656+08:00
3037,2020-08-26,951000.0,6026000.0,-780000.0,6197000.0,41987.0,16792.0,-270.0,964.0,,2026-07-24T11:49:05.145656+08:00
3037,2020-08-27,-302000.0,-9508964.0,-733000.0,-10543964.0,43739.0,16155.0,1752.0,-637.0,,2026-07-24T11:49:05.145656+08:00
3037,2020-08-28,-1320000.0,10328000.0,-1881000.0,7127000.0,42569.0,15114.0,-1170.0,-1041.0,,2026-07-24T11:49:05.145656+08:00
3037,2020-08-31,-286000.0,893322.0,-1040000.0,-432678.0,43033.0,14993.0,464.0,-121.0,,2026-07-24T11:49:05.145656+08:00
3037,2020-09-01,2219000.0,-2471705.0,-998000.0,-1250705.0,45202.0,14915.0,2169.0,-78.0,,2026-07-24T11:49:05.145656+08:00
3037,2020-09-02,-141000.0,-3110605.0,2971000.0,-280605.0,45332.0,14938.0,130.0,23.0,,2026-07-24T11:49:05.145656+08:00
3037,2020-09-03,560000.0,1982000.0,1959000.0,4501000.0,44484.0,15846.0,-848.0,908.0,,2026-07-24T11:49:05.145656+08:00
3037,2020-09-04,-508000.0,-18071000.0,324000.0,-18255000.0,46426.0,13988.0,1942.0,-1858.0,,2026-07-24T11:49:05.145656+08:00
3037,2020-09-07,-1421000.0,10168196.0,-1632000.0,7115196.0,43241.0,15030.0,-3185.0,1042.0,,2026-07-24T11:49:05.145656+08:00
3037,2020-09-08,-123000.0,54072.0,-822000.0,-890928.0,43115.0,14197.0,-126.0,-833.0,,2026-07-24T11:49:05.145656+08:00
3037,2020-09-09,-33000.0,6835667.0,-931000.0,5871667.0,41827.0,14454.0,-1288.0,257.0,,2026-07-24T11:49:05.145656+08:00
3037,2020-09-10,-153000.0,-7286000.0,-1457000.0,-8896000.0,42485.0,13800.0,658.0,-654.0,,2026-07-24T11:49:05.145656+08:00
3037,2020-09-11,164000.0,4443000.0,-983000.0,3624000.0,42011.0,14233.0,-474.0,433.0,,2026-07-24T11:49:05.145656+08:00
3037,2020-09-14,774000.0,8508253.0,-529000.0,8753253.0,41861.0,14701.0,-150.0,468.0,,2026-07-24T11:49:05.145656+08:00
3037,2020-09-15,836000.0,-1961000.0,512202.0,-612798.0,42883.0,15414.0,1022.0,713.0,,2026-07-24T11:49:05.145656+08:00
3037,2020-09-16,-335000.0,1775770.0,633000.0,2073770.0,42500.0,16246.0,-383.0,832.0,,2026-07-24T11:49:05.145656+08:00
3037,2020-09-17,52000.0,5960564.0,-87602.0,5924962.0,42784.0,16938.0,284.0,692.0,,2026-07-24T11:49:05.145656+08:00
3037,2020-09-18,23000.0,-9062853.0,-616000.0,-9655853.0,44123.0,16250.0,1339.0,-688.0,,2026-07-24T11:49:05.145656+08:00
3037,2020-09-21,-559000.0,6215244.0,133720.0,5789964.0,43325.0,16827.0,-798.0,577.0,,2026-07-24T11:49:05.145656+08:00
3037,2020-09-22,-725000.0,-5249751.0,-105000.0,-6079751.0,43154.0,16017.0,-171.0,-810.0,,2026-07-24T11:49:05.145656+08:00
3037,2020-09-23,-485000.0,3639000.0,237.0,3154237.0,42654.0,16137.0,-500.0,120.0,,2026-07-24T11:49:05.145656+08:00
3037,2020-09-24,-1513000.0,-4264000.0,-235000.0,-6012000.0,41204.0,14155.0,-1450.0,-1982.0,,2026-07-24T11:49:05.145656+08:00
3037,2020-09-25,-1713000.0,4712490.0,225000.0,3224490.0,37349.0,13185.0,-3855.0,-970.0,,2026-07-24T11:49:05.145656+08:00
3037,2020-09-28,1080000.0,9263000.0,1675000.0,12018000.0,36302.0,15236.0,-1047.0,2051.0,,2026-07-24T11:49:05.145656+08:00
3037,2020-09-29,-272000.0,-11062557.0,1007000.0,-10327557.0,37147.0,13708.0,845.0,-1528.0,,2026-07-24T11:49:05.145656+08:00
3037,2020-09-30,26000.0,3179140.0,0.0,3205140.0,38384.0,13187.0,1237.0,-521.0,,2026-07-24T11:49:05.145656+08:00
3037,2020-10-05,888000.0,23862360.0,721000.0,25471360.0,35404.0,15045.0,-2980.0,1858.0,,2026-07-24T11:49:05.145656+08:00
3037,2020-10-06,234000.0,-4161000.0,1095000.0,-2832000.0,37520.0,15099.0,2116.0,54.0,,2026-07-24T11:49:05.145656+08:00
3037,2020-10-07,631000.0,7487000.0,1182000.0,9300000.0,36719.0,16004.0,-801.0,905.0,,2026-07-24T11:49:05.145656+08:00
3037,2020-10-08,2476000.0,31230000.0,661000.0,34367000.0,34961.0,18265.0,-1758.0,2261.0,,2026-07-24T11:49:05.145656+08:00
3037,2020-10-12,-972000.0,2673530.0,326000.0,2027530.0,33318.0,18153.0,-1643.0,-112.0,,2026-07-24T11:49:05.145656+08:00
3037,2020-10-13,115000.0,-3407711.0,395000.0,-2897711.0,35783.0,18394.0,2465.0,241.0,,2026-07-24T11:49:05.145656+08:00
3037,2020-10-14,719000.0,705000.0,-671000.0,753000.0,36101.0,18640.0,318.0,246.0,,2026-07-24T11:49:05.145656+08:00
3037,2020-10-15,137000.0,-1622000.0,551000.0,-934000.0,36127.0,18636.0,26.0,-4.0,,2026-07-24T11:49:05.145656+08:00
3037,2020-10-16,-1699000.0,3907710.0,1454000.0,3662710.0,34293.0,18488.0,-1834.0,-148.0,,2026-07-24T11:49:05.145656+08:00
3037,2020-10-19,75000.0,2615954.0,660000.0,3350954.0,34798.0,18941.0,505.0,453.0,,2026-07-24T11:49:05.145656+08:00
3037,2020-10-20,680000.0,9576883.0,45224.0,10302107.0,33436.0,19767.0,-1362.0,826.0,,2026-07-24T11:49:05.145656+08:00
3037,2020-10-21,-794000.0,-12715482.0,-599225.0,-14108707.0,35800.0,18767.0,2364.0,-1000.0,,2026-07-24T11:49:05.145656+08:00
3037,2020-10-22,-388000.0,10115263.0,-2072000.0,7655263.0,34829.0,19491.0,-971.0,724.0,,2026-07-24T11:49:05.145656+08:00
3037,2020-10-23,-284000.0,-8892500.0,-1967000.0,-11143500.0,36269.0,18341.0,1440.0,-1150.0,,2026-07-24T11:49:05.145656+08:00
3037,2020-10-26,-779279.0,3490000.0,-1487000.0,1223721.0,33984.0,18954.0,-2285.0,613.0,,2026-07-24T11:49:05.145656+08:00
3037,2020-10-27,-787985.0,-7880276.0,-10218000.0,-18886261.0,35848.0,17625.0,1864.0,-1329.0,,2026-07-24T11:49:05.145656+08:00
3037,2020-10-28,203235.0,-4989068.0,-13582000.0,-18367833.0,36762.0,12715.0,914.0,-4910.0,,2026-07-24T11:49:05.145656+08:00
3037,2020-10-29,-617245.0,-21445027.0,-7118000.0,-29180272.0,40677.0,7327.0,3915.0,-5388.0,,2026-07-24T11:49:05.145656+08:00
3037,2020-10-30,-404054.0,-2105625.0,-2691000.0,-5200679.0,41088.0,7904.0,411.0,577.0,,2026-07-24T11:49:05.145656+08:00
3037,2020-11-02,-179580.0,3182759.0,-3562000.0,-558821.0,41610.0,6425.0,522.0,-1479.0,,2026-07-24T11:49:05.145656+08:00
3037,2020-11-03,694472.0,-4511920.0,-1984000.0,-5801448.0,42445.0,5988.0,835.0,-437.0,,2026-07-24T11:49:05.145656+08:00
3037,2020-11-04,1358693.0,5943369.0,-642000.0,6660062.0,39935.0,7066.0,-2510.0,1078.0,,2026-07-24T11:49:05.145656+08:00
3037,2020-11-05,-35139.0,-590590.0,-307000.0,-932729.0,38745.0,6745.0,-1190.0,-321.0,,2026-07-24T11:49:05.145656+08:00
3037,2020-11-06,297834.0,-2040485.0,187000.0,-1555651.0,39121.0,7522.0,376.0,777.0,,2026-07-24T11:49:05.145656+08:00
3037,2020-11-09,-529742.0,-1529835.0,-738000.0,-2797577.0,39083.0,6864.0,-38.0,-658.0,,2026-07-24T11:49:05.145656+08:00
3037,2020-11-10,750248.0,8896990.0,-207000.0,9440238.0,38776.0,7687.0,-307.0,823.0,,2026-07-24T11:49:05.145656+08:00
3037,2020-11-11,923988.0,3666000.0,504000.0,5093988.0,37612.0,8928.0,-1164.0,1241.0,,2026-07-24T11:49:05.145656+08:00
3037,2020-11-12,-1052996.0,-8955587.0,-23000.0,-10031583.0,38457.0,8257.0,845.0,-671.0,,2026-07-24T11:49:05.145656+08:00
3037,2020-11-13,101494.0,6084000.0,-125000.0,6060494.0,38283.0,8673.0,-174.0,416.0,,2026-07-24T11:49:05.145656+08:00
3037,2020-11-16,-345728.0,5410384.0,-162000.0,4902656.0,36848.0,8913.0,-1435.0,240.0,,2026-07-24T11:49:05.145656+08:00
3037,2020-11-17,328046.0,2737000.0,-606000.0,2459046.0,37672.0,9061.0,824.0,148.0,,2026-07-24T11:49:05.145656+08:00
3037,2020-11-18,107501.0,5099000.0,-53000.0,5153501.0,37595.0,9434.0,-77.0,373.0,,2026-07-24T11:49:05.145656+08:00
3037,2020-11-19,-90766.0,-524000.0,-670000.0,-1284766.0,37942.0,9364.0,347.0,-70.0,,2026-07-24T11:49:05.145656+08:00
3037,2020-11-20,391.0,8018016.0,-1148000.0,6870407.0,36603.0,9407.0,-1339.0,43.0,,2026-07-24T11:49:05.145656+08:00
3037,2020-11-23,478976.0,8966052.0,6000.0,9451028.0,37179.0,9491.0,576.0,84.0,,2026-07-24T11:49:05.145656+08:00
3037,2020-11-24,1043555.0,11225262.0,1985000.0,14253817.0,35178.0,9985.0,-2001.0,494.0,,2026-07-24T11:49:05.145656+08:00
3037,2020-11-25,-348996.0,8361000.0,143000.0,8155004.0,32971.0,10160.0,-2207.0,175.0,,2026-07-24T11:49:05.145656+08:00
3037,2020-11-26,1085418.0,31692500.0,4660000.0,37437918.0,31967.0,12487.0,-1004.0,2327.0,,2026-07-24T11:49:05.145656+08:00
3037,2020-11-27,262939.0,4262950.0,1870000.0,6395889.0,31120.0,12542.0,-847.0,55.0,,2026-07-24T11:49:05.145656+08:00
3037,2020-11-30,-43812.0,4374675.0,-29000.0,4301863.0,32295.0,12693.0,1175.0,151.0,,2026-07-24T11:49:05.145656+08:00
3037,2020-12-01,-1196939.0,-10098806.0,-2269000.0,-13564745.0,29603.0,10430.0,-2692.0,-2263.0,,2026-07-24T11:49:05.145656+08:00
3037,2020-12-02,229708.0,3842820.0,-1267000.0,2805528.0,29648.0,10758.0,45.0,328.0,,2026-07-24T11:49:05.145656+08:00
3037,2020-12-03,-479198.0,-2939091.0,-1462000.0,-4880289.0,30529.0,10250.0,881.0,-508.0,,2026-07-24T11:49:05.145656+08:00
3037,2020-12-04,-253545.0,-14354967.0,-480000.0,-15088512.0,32071.0,9051.0,1542.0,-1199.0,,2026-07-24T11:49:05.145656+08:00
3037,2020-12-07,172602.0,-186337.0,175000.0,161265.0,32680.0,9308.0,609.0,257.0,,2026-07-24T11:49:05.145656+08:00
3037,2020-12-08,451547.0,77512.0,1138000.0,1667059.0,32678.0,9557.0,-2.0,249.0,,2026-07-24T11:49:05.145656+08:00
3037,2020-12-09,-169398.0,-8806273.0,-2038000.0,-11013671.0,33798.0,9063.0,1120.0,-494.0,,2026-07-24T11:49:05.145656+08:00
3037,2020-12-10,-844005.0,64851.0,676000.0,-103154.0,33085.0,9082.0,-713.0,19.0,,2026-07-24T11:49:05.145656+08:00
3037,2020-12-11,214241.0,-8518600.0,1211000.0,-7093359.0,33693.0,8824.0,608.0,-258.0,,2026-07-24T11:49:05.145656+08:00
3037,2020-12-14,152806.0,6226350.0,417000.0,6796156.0,33612.0,9318.0,-81.0,494.0,,2026-07-24T11:49:05.145656+08:00
3037,2020-12-15,1203645.0,12943000.0,421000.0,14567645.0,32303.0,10898.0,-1309.0,1580.0,,2026-07-24T11:49:05.145656+08:00
3037,2020-12-16,-48906.0,5387166.0,1241000.0,6579260.0,32587.0,11357.0,284.0,459.0,,2026-07-24T11:49:05.145656+08:00
3037,2020-12-17,85577.0,4718142.0,424000.0,5227719.0,32089.0,12088.0,-498.0,731.0,,2026-07-24T11:49:05.145656+08:00
3037,2020-12-18,-39833.0,-2391849.0,137000.0,-2294682.0,31998.0,11996.0,-91.0,-92.0,,2026-07-24T11:49:05.145656+08:00
3037,2020-12-21,-842924.0,-1038721.0,-373000.0,-2254645.0,32016.0,10527.0,18.0,-1469.0,,2026-07-24T11:49:05.145656+08:00
3037,2020-12-22,-461451.0,1081335.0,-80000.0,539884.0,31737.0,10554.0,-279.0,27.0,,2026-07-24T11:49:05.145656+08:00
3037,2020-12-23,568020.0,9053179.0,236000.0,9857199.0,32481.0,11227.0,744.0,673.0,,2026-07-24T11:49:05.145656+08:00
3037,2020-12-24,-275647.0,-4062000.0,46000.0,-4291647.0,32364.0,11051.0,-117.0,-176.0,,2026-07-24T11:49:05.145656+08:00
3037,2020-12-25,-39276.0,1061937.0,-1137000.0,-114339.0,32048.0,10446.0,-316.0,-605.0,,2026-07-24T11:49:05.145656+08:00
3037,2020-12-28,223571.0,3505235.0,-1108000.0,2620806.0,32050.0,10312.0,2.0,-134.0,,2026-07-24T11:49:05.145656+08:00
3037,2020-12-29,-2293813.0,12438300.0,699000.0,10843487.0,31129.0,10660.0,-921.0,348.0,,2026-07-24T11:49:05.145656+08:00
3037,2020-12-30,1993000.0,2643024.0,660000.0,5296024.0,31072.0,10902.0,-57.0,242.0,,2026-07-24T11:49:05.145656+08:00
3037,2020-12-31,-247437.0,1364321.0,-192000.0,924884.0,30998.0,10767.0,-74.0,-135.0,,2026-07-24T11:49:05.145656+08:00
3037,2021-01-04,2030846.0,16153398.0,163000.0,18347244.0,32299.0,10521.0,1301.0,-246.0,,2026-07-24T11:49:05.145656+08:00
3037,2021-01-05,1625652.0,11729398.0,3487000.0,16842050.0,31276.0,11764.0,-1023.0,1243.0,,2026-07-24T11:49:05.145656+08:00
3037,2021-01-06,-1245322.0,-10178786.0,1743000.0,-9681108.0,30984.0,10620.0,-292.0,-1144.0,,2026-07-24T11:49:05.145656+08:00
3037,2021-01-07,305280.0,-208174.0,359000.0,456106.0,31424.0,10744.0,440.0,124.0,,2026-07-24T11:49:05.145656+08:00
3037,2021-01-08,-1846735.0,-5597589.0,81000.0,-7363324.0,30419.0,9839.0,-1005.0,-905.0,,2026-07-24T11:49:05.145656+08:00
3037,2021-01-11,1514325.0,15849611.0,363000.0,17726936.0,27593.0,10838.0,-2826.0,999.0,,2026-07-24T11:49:05.145656+08:00
3037,2021-01-12,1040139.0,16295876.0,3370000.0,20706015.0,25729.0,12099.0,-1864.0,1261.0,,2026-07-24T11:49:05.145656+08:00
3037,2021-01-13,423138.0,-18137912.0,-187000.0,-17901774.0,28118.0,11271.0,2389.0,-828.0,,2026-07-24T11:49:05.145656+08:00
3037,2021-01-14,-36161.0,-1183706.0,231000.0,-988867.0,28090.0,10981.0,-28.0,-290.0,,2026-07-24T11:49:05.145656+08:00
3037,2021-01-15,-850652.0,5094808.0,474000.0,4718156.0,27182.0,11984.0,-908.0,1003.0,,2026-07-24T11:49:05.145656+08:00
3037,2021-01-18,-736338.0,-21180806.0,482000.0,-21435144.0,30058.0,10122.0,2876.0,-1862.0,,2026-07-24T11:49:05.145656+08:00
3037,2021-01-19,-365000.0,6602671.0,274000.0,6511671.0,27655.0,10630.0,-2403.0,508.0,,2026-07-24T11:49:05.145656+08:00
3037,2021-01-20,-1320826.0,-2695980.0,-62000.0,-4078806.0,26843.0,9878.0,-812.0,-752.0,,2026-07-24T11:49:05.145656+08:00
3037,2021-01-21,189272.0,7521330.0,1000.0,7711602.0,25923.0,11122.0,-920.0,1244.0,,2026-07-24T11:49:05.145656+08:00
3037,2021-01-22,1506898.0,17963407.0,97000.0,19567305.0,24501.0,11300.0,-1422.0,178.0,,2026-07-24T11:49:05.145656+08:00
3037,2021-01-25,-185250.0,-18167916.0,564000.0,-17789166.0,25155.0,10483.0,654.0,-817.0,,2026-07-24T11:49:05.145656+08:00
3037,2021-01-26,-426660.0,-9320828.0,-43000.0,-9790488.0,26416.0,9693.0,1261.0,-790.0,,2026-07-24T11:49:05.145656+08:00
3037,2021-01-27,-236291.0,-13262596.0,-627000.0,-14125887.0,28277.0,9323.0,1861.0,-370.0,,2026-07-24T11:49:05.145656+08:00
3037,2021-01-28,-724827.0,-10233899.0,-104000.0,-11062726.0,28710.0,8371.0,433.0,-952.0,,2026-07-24T11:49:05.145656+08:00
3037,2021-01-29,-487491.0,597673.0,-319000.0,-208818.0,27352.0,8297.0,-1358.0,-74.0,,2026-07-24T11:49:05.145656+08:00
3037,2021-02-01,-66507.0,121817.0,-1225000.0,-1169690.0,26998.0,7865.0,-354.0,-432.0,,2026-07-24T11:49:05.145656+08:00
3037,2021-02-02,668431.0,963656.0,372000.0,2004087.0,28112.0,8086.0,1114.0,221.0,,2026-07-24T11:49:05.145656+08:00
3037,2021-02-03,-191433.0,-8293276.0,-456000.0,-8940709.0,28856.0,7717.0,744.0,-369.0,,2026-07-24T11:49:05.145656+08:00
3037,2021-02-04,-1129506.0,7507796.0,-1522000.0,4856290.0,28100.0,9211.0,-756.0,1494.0,,2026-07-24T11:49:05.145656+08:00
3037,2021-02-05,-112109.0,16120039.0,-176000.0,15831930.0,28039.0,9293.0,-61.0,82.0,,2026-07-24T11:49:05.145656+08:00
3037,2021-02-17,608215.0,-5152189.0,-1076000.0,-5619974.0,28090.0,9050.0,51.0,-243.0,,2026-07-24T11:49:05.145656+08:00
3037,2021-02-18,-602447.0,2326341.0,-772000.0,951894.0,28468.0,9313.0,378.0,263.0,,2026-07-24T11:49:05.145656+08:00
3037,2021-02-19,-33500.0,-3426969.0,-647000.0,-4107469.0,30807.0,9022.0,2339.0,-291.0,,2026-07-24T11:49:05.145656+08:00
3037,2021-02-22,737042.0,6544258.0,1358000.0,8639300.0,31372.0,9374.0,565.0,352.0,,2026-07-24T11:49:05.145656+08:00
3037,2021-02-23,3118396.0,11206650.0,1244000.0,15569046.0,32715.0,10793.0,1343.0,1419.0,,2026-07-24T11:49:05.145656+08:00
3037,2021-02-24,-1420218.0,-10332613.0,1114000.0,-10638831.0,32059.0,9716.0,-656.0,-1077.0,,2026-07-24T11:49:05.145656+08:00
3037,2021-02-25,-1178274.0,-6158408.0,-789000.0,-8125682.0,29959.0,9271.0,-2100.0,-445.0,,2026-07-24T11:49:05.145656+08:00
3037,2021-02-26,-169210.0,10803581.0,983000.0,11617371.0,27793.0,10685.0,-2166.0,1414.0,,2026-07-24T11:49:05.145656+08:00
3037,2021-03-02,-557795.0,-10711715.0,-211000.0,-11480510.0,28776.0,9546.0,983.0,-1139.0,,2026-07-24T11:49:05.145656+08:00
3037,2021-03-03,-250620.0,-9362626.0,-834000.0,-10447246.0,29826.0,8184.0,1050.0,-1362.0,,2026-07-24T11:49:05.145656+08:00
3037,2021-03-04,157645.0,3397233.0,-859000.0,2695878.0,29162.0,8494.0,-664.0,310.0,,2026-07-24T11:49:05.145656+08:00
3037,2021-03-05,-352827.0,-1510629.0,31000.0,-1832456.0,29598.0,8088.0,436.0,-406.0,,2026-07-24T11:49:05.145656+08:00
3037,2021-03-08,-371861.0,-1912437.0,-106000.0,-2390298.0,29632.0,8062.0,34.0,-26.0,,2026-07-24T11:49:05.145656+08:00
3037,2021-03-09,-836966.0,-13047276.0,-837000.0,-14721242.0,30882.0,7179.0,1250.0,-883.0,,2026-07-24T11:49:05.145656+08:00
3037,2021-03-10,636850.0,1542066.0,-35000.0,2143916.0,29773.0,7537.0,-1109.0,358.0,,2026-07-24T11:49:05.145656+08:00
3037,2021-03-11,515067.0,8077297.0,-657000.0,7935364.0,28022.0,7910.0,-1751.0,373.0,,2026-07-24T11:49:05.145656+08:00
3037,2021-03-12,-228891.0,-6377052.0,-1542000.0,-8147943.0,29154.0,7483.0,1132.0,-427.0,,2026-07-24T11:49:05.145656+08:00
3037,2021-03-15,-26235.0,-875703.0,-1773000.0,-2674938.0,30448.0,7130.0,1294.0,-353.0,,2026-07-24T11:49:05.145656+08:00
3037,2021-03-16,235980.0,265042.0,-2292000.0,-1790978.0,30923.0,7121.0,475.0,-9.0,,2026-07-24T11:49:05.145656+08:00
3037,2021-03-17,-60346.0,1654700.0,-400000.0,1194354.0,30402.0,7005.0,-521.0,-116.0,,2026-07-24T11:49:05.145656+08:00
3037,2021-03-18,184972.0,5482815.0,-122000.0,5545787.0,29489.0,7053.0,-913.0,48.0,,2026-07-24T11:49:05.145656+08:00
3037,2021-03-19,-237021.0,-15568274.0,-865000.0,-16670295.0,31652.0,7048.0,2163.0,-5.0,,2026-07-24T11:49:05.145656+08:00
3037,2021-03-22,117903.0,-9151072.0,-1882000.0,-10915169.0,32574.0,6245.0,922.0,-803.0,,2026-07-24T11:49:05.145656+08:00
3037,2021-03-23,12816.0,2543149.0,-4067000.0,-1511035.0,32455.0,6726.0,-119.0,481.0,,2026-07-24T11:49:05.145656+08:00
3037,2021-03-24,-115428.0,-2578872.0,-400000.0,-3094300.0,33132.0,6088.0,677.0,-638.0,,2026-07-24T11:49:05.145656+08:00
3037,2021-03-25,351594.0,-12100924.0,-4828750.0,-16578080.0,34829.0,5554.0,1697.0,-534.0,,2026-07-24T11:49:05.145656+08:00
3037,2021-03-26,603513.0,13791631.0,-1270250.0,13124894.0,33329.0,5773.0,-1500.0,219.0,,2026-07-24T11:49:05.145656+08:00
3037,2021-03-29,-460556.0,-1552683.0,-2288000.0,-4301239.0,33401.0,5683.0,72.0,-90.0,,2026-07-24T11:49:05.145656+08:00
3037,2021-03-30,1158730.0,9116852.0,-244000.0,10031582.0,33395.0,5568.0,-6.0,-115.0,,2026-07-24T11:49:05.145656+08:00
3037,2021-03-31,-86000.0,-4209617.0,-466000.0,-4761617.0,33910.0,5541.0,515.0,-27.0,,2026-07-24T11:49:05.145656+08:00
3037,2021-04-01,18166.0,-1563044.0,-265000.0,-1809878.0,33758.0,5165.0,-152.0,-376.0,,2026-07-24T11:49:05.145656+08:00
3037,2021-04-06,433902.0,7542231.0,-63699.0,7912434.0,32623.0,4600.0,-1135.0,-565.0,,2026-07-24T11:49:05.145656+08:00
3037,2021-04-07,-247120.0,-6626064.0,-1042000.0,-7915184.0,33600.0,3782.0,977.0,-818.0,,2026-07-24T11:49:05.145656+08:00
3037,2021-04-08,512012.0,5907082.0,-91000.0,6328094.0,31999.0,2866.0,-1601.0,-916.0,,2026-07-24T11:49:05.145656+08:00
3037,2021-04-09,-624839.0,-884982.0,-2432000.0,-3941821.0,32222.0,28.0,223.0,-2838.0,,2026-07-24T11:49:05.145656+08:00
3037,2021-04-12,-532309.0,-8534933.0,-114000.0,-9181242.0,32845.0,0.0,623.0,-28.0,,2026-07-24T11:49:05.145656+08:00
3037,2021-04-13,-169300.0,-3605092.0,-72000.0,-3846392.0,32842.0,0.0,-3.0,0.0,,2026-07-24T11:49:05.145656+08:00
3037,2021-04-14,-485783.0,-2889893.0,-1174000.0,-4549676.0,33057.0,0.0,215.0,0.0,,2026-07-24T11:49:05.145656+08:00
3037,2021-04-15,109803.0,842418.0,-3636000.0,-2683779.0,33823.0,224.0,766.0,224.0,,2026-07-24T11:49:05.145656+08:00
3037,2021-04-16,192358.0,8963269.0,-1443000.0,7712627.0,32674.0,385.0,-1149.0,161.0,,2026-07-24T11:49:05.145656+08:00
3037,2021-04-19,256540.0,20826319.0,-8000.0,21074859.0,32829.0,747.0,155.0,362.0,,2026-07-24T11:49:05.145656+08:00
3037,2021-04-20,64935.0,1606339.0,357000.0,2028274.0,33216.0,886.0,387.0,139.0,,2026-07-24T11:49:05.145656+08:00
3037,2021-04-21,-832000.0,-1975051.0,154000.0,-2653051.0,33389.0,838.0,173.0,-48.0,,2026-07-24T11:49:05.145656+08:00
3037,2021-04-22,161199.0,7709725.0,-18000.0,7852924.0,32701.0,859.0,-688.0,21.0,,2026-07-24T11:49:05.145656+08:00
3037,2021-04-23,777323.0,16459218.0,-4000.0,17232541.0,30851.0,1317.0,-1850.0,458.0,,2026-07-24T11:49:05.145656+08:00
3037,2021-04-26,2233768.0,21657048.0,867000.0,24757816.0,30842.0,2433.0,-9.0,1116.0,,2026-07-24T11:49:05.145656+08:00
3037,2021-04-27,462904.0,7652223.0,1540000.0,9655127.0,28975.0,2612.0,-1867.0,179.0,,2026-07-24T11:49:05.145656+08:00
3037,2021-04-28,909000.0,13684287.0,371000.0,14964287.0,27632.0,4311.0,-1343.0,1699.0,,2026-07-24T11:49:05.145656+08:00
3037,2021-04-29,-300806.0,16567761.0,727000.0,16993955.0,20942.0,3450.0,-6690.0,-861.0,,2026-07-24T11:49:05.145656+08:00
3037,2021-05-03,-732634.0,2191106.0,-233000.0,1225472.0,20924.0,2913.0,-18.0,-537.0,,2026-07-24T11:49:05.145656+08:00
3037,2021-05-04,-1198061.0,3583556.0,-474000.0,1911495.0,22188.0,1877.0,1264.0,-1036.0,,2026-07-24T11:49:05.145656+08:00
3037,2021-05-05,-1021564.0,-947180.0,-188000.0,-2156744.0,20554.0,1646.0,-1634.0,-231.0,,2026-07-24T11:49:05.145656+08:00
3037,2021-05-06,1783000.0,-1611239.0,61000.0,232761.0,21792.0,2277.0,1238.0,631.0,,2026-07-24T11:49:05.145656+08:00
3037,2021-05-07,866453.0,-5653951.0,13000.0,-4774498.0,21425.0,2194.0,-367.0,-83.0,,2026-07-24T11:49:05.145656+08:00
3037,2021-05-10,-328000.0,-560580.0,49000.0,-839580.0,20377.0,1706.0,-1048.0,-488.0,,2026-07-24T11:49:05.145656+08:00
3037,2021-05-11,-1782129.0,4365190.0,152000.0,2735061.0,18862.0,1431.0,-1515.0,-275.0,,2026-07-24T11:49:05.145656+08:00
3037,2021-05-12,-2275491.0,1772407.0,318000.0,-185084.0,18262.0,1041.0,-600.0,-390.0,,2026-07-24T11:49:05.145656+08:00
3037,2021-05-13,-589699.0,-4385206.0,885000.0,-4089905.0,17282.0,1779.0,-980.0,738.0,,2026-07-24T11:49:05.145656+08:00
3037,2021-05-14,935472.0,-9147257.0,2528000.0,-5683785.0,17527.0,2126.0,245.0,347.0,,2026-07-24T11:49:05.145656+08:00
3037,2021-05-17,-432717.0,972191.0,1473000.0,2012474.0,17349.0,2005.0,-178.0,-121.0,,2026-07-24T11:49:05.145656+08:00
3037,2021-05-18,1267522.0,-2942272.0,1067000.0,-607750.0,19989.0,2536.0,2640.0,531.0,,2026-07-24T11:49:05.145656+08:00
3037,2021-05-19,-232960.0,-1141994.0,439000.0,-935954.0,18414.0,2324.0,-1575.0,-212.0,,2026-07-24T11:49:05.145656+08:00
3037,2021-05-20,-706496.0,-5345631.0,145000.0,-5907127.0,19145.0,1983.0,731.0,-341.0,,2026-07-24T11:49:05.145656+08:00
3037,2021-05-21,373144.0,7531869.0,977000.0,8882013.0,17725.0,2885.0,-1420.0,902.0,,2026-07-24T11:49:05.145656+08:00
3037,2021-05-24,1253000.0,-5111505.0,407000.0,-3451505.0,19620.0,2986.0,1895.0,101.0,,2026-07-24T11:49:05.145656+08:00
3037,2021-05-25,485000.0,-320996.0,552000.0,716004.0,19114.0,3743.0,-506.0,757.0,,2026-07-24T11:49:05.145656+08:00
3037,2021-05-26,-280000.0,-1854874.0,19000.0,-2115874.0,20080.0,3474.0,966.0,-269.0,,2026-07-24T11:49:05.145656+08:00
3037,2021-05-27,-471000.0,-3183085.0,-2000.0,-3656085.0,20488.0,2709.0,408.0,-765.0,,2026-07-24T11:49:05.145656+08:00
3037,2021-05-28,419000.0,1444956.0,181000.0,2044956.0,20132.0,2850.0,-356.0,141.0,,2026-07-24T11:49:05.145656+08:00
3037,2021-05-31,1654051.0,2681853.0,643000.0,4978904.0,20862.0,3296.0,730.0,446.0,,2026-07-24T11:49:05.145656+08:00
3037,2021-06-01,407000.0,-1422636.0,787000.0,-228636.0,21625.0,3398.0,763.0,102.0,,2026-07-24T11:49:05.145656+08:00
3037,2021-06-02,-767000.0,668815.0,453000.0,354815.0,21078.0,3169.0,-547.0,-229.0,,2026-07-24T11:49:05.145656+08:00
3037,2021-06-03,2162996.0,6041275.0,682000.0,8886271.0,25441.0,4021.0,4363.0,852.0,,2026-07-24T11:49:05.145656+08:00
3037,2021-06-04,93157.0,-7435816.0,1902000.0,-5440659.0,25160.0,3531.0,-281.0,-490.0,,2026-07-24T11:49:05.145656+08:00
3037,2021-06-07,103535.0,-5542297.0,5690000.0,251238.0,29166.0,4602.0,4006.0,1071.0,,2026-07-24T11:49:05.145656+08:00
3037,2021-06-08,280114.0,-4984059.0,4602000.0,-101945.0,26502.0,4698.0,-2664.0,96.0,,2026-07-24T11:49:05.145656+08:00
3037,2021-06-09,1264000.0,-4824534.0,2784000.0,-776534.0,26967.0,5243.0,465.0,545.0,,2026-07-24T11:49:05.145656+08:00
3037,2021-06-10,289000.0,-4624532.0,329000.0,-4006532.0,28511.0,5423.0,1544.0,180.0,,2026-07-24T11:49:05.145656+08:00
3037,2021-06-11,-1003922.0,-3779373.0,207000.0,-4576295.0,27117.0,4277.0,-1394.0,-1146.0,,2026-07-24T11:49:05.145656+08:00
3037,2021-06-15,1164000.0,705457.0,96000.0,1965457.0,27030.0,4161.0,-87.0,-116.0,,2026-07-24T11:49:05.145656+08:00
3037,2021-06-16,134000.0,292568.0,785000.0,1211568.0,26931.0,4154.0,-99.0,-7.0,,2026-07-24T11:49:05.145656+08:00
3037,2021-06-17,699000.0,200001.0,1934000.0,2833001.0,29395.0,4819.0,2464.0,665.0,,2026-07-24T11:49:05.145656+08:00
3037,2021-06-18,356000.0,-6946229.0,1778000.0,-4812229.0,28175.0,4360.0,-1220.0,-459.0,,2026-07-24T11:49:05.145656+08:00
3037,2021-06-21,-854000.0,-747371.0,1479000.0,-122371.0,27254.0,4356.0,-921.0,-4.0,,2026-07-24T11:49:05.145656+08:00
3037,2021-06-22,625979.0,-4323082.0,708000.0,-2989103.0,29202.0,4299.0,1948.0,-57.0,,2026-07-24T11:49:05.145656+08:00
3037,2021-06-23,-1167215.0,-11348532.0,854000.0,-11661747.0,29593.0,4031.0,391.0,-268.0,,2026-07-24T11:49:05.145656+08:00
3037,2021-06-24,-380000.0,-7900349.0,-110000.0,-8390349.0,30154.0,3732.0,561.0,-299.0,,2026-07-24T11:49:05.145656+08:00
3037,2021-06-25,-606000.0,-811359.0,-1128000.0,-2545359.0,28946.0,3395.0,-1208.0,-337.0,,2026-07-24T11:49:05.145656+08:00
3037,2021-06-28,168000.0,781442.0,-200000.0,749442.0,28896.0,3342.0,-50.0,-53.0,,2026-07-24T11:49:05.145656+08:00
3037,2021-06-29,-158000.0,-1547334.0,-25000.0,-1730334.0,28490.0,3211.0,-406.0,-131.0,,2026-07-24T11:49:05.145656+08:00
3037,2021-06-30,83000.0,199004.0,-110000.0,172004.0,28335.0,3142.0,-155.0,-69.0,,2026-07-24T11:49:05.145656+08:00
3037,2021-07-01,-704658.0,398128.0,-1554000.0,-1860530.0,26730.0,2730.0,-1605.0,-412.0,,2026-07-24T11:49:05.145656+08:00
3037,2021-07-02,-386000.0,2085650.0,-16000.0,1683650.0,26844.0,2785.0,114.0,55.0,,2026-07-24T11:49:05.145656+08:00
3037,2021-07-05,949157.0,-4696478.0,2135000.0,-1612321.0,28622.0,2795.0,1778.0,10.0,,2026-07-24T11:49:05.145656+08:00
3037,2021-07-06,-110000.0,-3854748.0,372000.0,-3592748.0,28041.0,2823.0,-581.0,28.0,,2026-07-24T11:49:05.145656+08:00
3037,2021-07-07,623269.0,2097716.0,956000.0,3676985.0,31243.0,3072.0,3202.0,249.0,,2026-07-24T11:49:05.145656+08:00
3037,2021-07-08,319729.0,-20342168.0,2089293.0,-17933146.0,32961.0,2942.0,1718.0,-130.0,,2026-07-24T11:49:05.145656+08:00
3037,2021-07-09,179000.0,471155.0,311000.0,961155.0,31519.0,3265.0,-1442.0,323.0,,2026-07-24T11:49:05.145656+08:00
3037,2021-07-12,-197000.0,-11496387.0,155000.0,-11538387.0,33600.0,3054.0,2081.0,-211.0,,2026-07-24T11:49:05.145656+08:00
3037,2021-07-13,-227619.0,1257076.0,685000.0,1714457.0,31108.0,2643.0,-2492.0,-411.0,,2026-07-24T11:49:05.145656+08:00
3037,2021-07-14,597480.0,6148685.0,172000.0,6918165.0,30354.0,3024.0,-754.0,381.0,,2026-07-24T11:49:05.145656+08:00
3037,2021-07-15,68143.0,-3151508.0,899000.0,-2184365.0,30716.0,2992.0,362.0,-32.0,,2026-07-24T11:49:05.145656+08:00
3037,2021-07-16,315005.0,-9489.0,730000.0,1035516.0,30443.0,2931.0,-273.0,-61.0,,2026-07-24T11:49:05.145656+08:00
3037,2021-07-19,-859020.0,-830791.0,294000.0,-1395811.0,30630.0,2836.0,187.0,-95.0,,2026-07-24T11:49:05.145656+08:00
3037,2021-07-20,-187661.0,3794548.0,50000.0,3656887.0,29395.0,3444.0,-1235.0,608.0,,2026-07-24T11:49:05.145656+08:00
3037,2021-07-21,-418770.0,-7187951.0,312000.0,-7294721.0,29992.0,2632.0,597.0,-812.0,,2026-07-24T11:49:05.145656+08:00
3037,2021-07-22,2009300.0,8385379.0,360000.0,10754679.0,29865.0,3575.0,-127.0,943.0,,2026-07-24T11:49:05.145656+08:00
3037,2021-07-23,127965.0,-14453757.0,473000.0,-13852792.0,31428.0,2799.0,1563.0,-776.0,,2026-07-24T11:49:05.145656+08:00
3037,2021-07-26,-1105851.0,14098387.0,447000.0,13439536.0,29222.0,3439.0,-2206.0,640.0,,2026-07-24T11:49:05.145656+08:00
3037,2021-07-27,-317848.0,-7128915.0,236000.0,-7210763.0,29280.0,3397.0,58.0,-42.0,,2026-07-24T11:49:05.145656+08:00
3037,2021-07-28,-1255371.0,-2726843.0,-437000.0,-4419214.0,27839.0,3242.0,-1441.0,-155.0,,2026-07-24T11:49:05.145656+08:00
3037,2021-07-29,-246688.0,29248777.0,4950000.0,33952089.0,27448.0,4668.0,-391.0,1426.0,,2026-07-24T11:49:05.145656+08:00
3037,2021-07-30,634321.0,-22153942.0,163000.0,-21356621.0,29118.0,3654.0,1670.0,-1014.0,,2026-07-24T11:49:05.145656+08:00
3037,2021-08-02,-1296.0,-1890767.0,303000.0,-1589063.0,27945.0,3541.0,-1173.0,-113.0,,2026-07-24T11:49:05.145656+08:00
3037,2021-08-03,237698.0,935553.0,577000.0,1750251.0,29201.0,3695.0,1256.0,154.0,,2026-07-24T11:49:05.145656+08:00
3037,2021-08-04,-382721.0,-3530708.0,540000.0,-3373429.0,27244.0,3594.0,-1957.0,-101.0,,2026-07-24T11:49:05.145656+08:00
3037,2021-08-05,166707.0,3574449.0,1355000.0,5096156.0,25729.0,3734.0,-1515.0,140.0,,2026-07-24T11:49:05.145656+08:00
3037,2021-08-06,-476610.0,-3977348.0,73000.0,-4380958.0,26005.0,3480.0,276.0,-254.0,,2026-07-24T11:49:05.145656+08:00
3037,2021-08-09,-235000.0,-223039.0,60000.0,-398039.0,25528.0,3505.0,-477.0,25.0,,2026-07-24T11:49:05.145656+08:00
3037,2021-08-10,-419803.0,-1986552.0,8000.0,-2398355.0,25142.0,3787.0,-386.0,282.0,,2026-07-24T11:49:05.145656+08:00
3037,2021-08-11,-477037.0,1003043.0,2000.0,528006.0,24179.0,3536.0,-963.0,-251.0,,2026-07-24T11:49:05.145656+08:00
3037,2021-08-12,194000.0,1768694.0,-34000.0,1928694.0,24165.0,3559.0,-14.0,23.0,,2026-07-24T11:49:05.145656+08:00
3037,2021-08-13,-531000.0,-8370601.0,-89000.0,-8990601.0,25303.0,3044.0,1138.0,-515.0,,2026-07-24T11:49:05.145656+08:00
3037,2021-08-16,-379487.0,3438048.0,-213000.0,2845561.0,24417.0,3212.0,-886.0,168.0,,2026-07-24T11:49:05.145656+08:00
3037,2021-08-17,-167293.0,-1005377.0,516000.0,-656670.0,24323.0,3051.0,-94.0,-161.0,,2026-07-24T11:49:05.145656+08:00
3037,2021-08-18,89670.0,3941192.0,-209000.0,3821862.0,23349.0,2973.0,-974.0,-78.0,,2026-07-24T11:49:05.145656+08:00
3037,2021-08-19,-84171.0,-3373704.0,66000.0,-3391875.0,23655.0,2033.0,306.0,-940.0,,2026-07-24T11:49:05.145656+08:00
3037,2021-08-20,117500.0,-346303.0,-217000.0,-445803.0,23793.0,1425.0,138.0,-608.0,,2026-07-24T11:49:05.145656+08:00
3037,2021-08-23,-53811.0,-3329642.0,389000.0,-2994453.0,24721.0,25.0,928.0,-1400.0,,2026-07-24T11:49:05.145656+08:00
3037,2021-08-24,-439786.0,493033.0,220000.0,273247.0,23042.0,0.0,-1679.0,-25.0,,2026-07-24T11:49:05.145656+08:00
3037,2021-08-25,541029.0,6767262.0,228000.0,7536291.0,22317.0,0.0,-725.0,0.0,,2026-07-24T11:49:05.145656+08:00
3037,2021-08-26,-117284.0,-3563214.0,17000.0,-3663498.0,22128.0,0.0,-189.0,0.0,,2026-07-24T11:49:05.145656+08:00
3037,2021-08-27,372144.0,2739267.0,642000.0,3753411.0,22146.0,1367.0,18.0,1367.0,,2026-07-24T11:49:05.145656+08:00
3037,2021-08-30,790098.0,-67980.0,753000.0,1475118.0,22307.0,1706.0,161.0,339.0,,2026-07-24T11:49:05.145656+08:00
3037,2021-08-31,189425.0,108594.0,-44000.0,254019.0,22240.0,1742.0,-67.0,36.0,,2026-07-24T11:49:05.145656+08:00
3037,2021-09-01,252835.0,-959524.0,-125000.0,-831689.0,22610.0,1459.0,370.0,-283.0,,2026-07-24T11:49:05.145656+08:00
3037,2021-09-02,152176.0,2780878.0,168526.0,3101580.0,22803.0,1554.0,193.0,95.0,,2026-07-24T11:49:05.145656+08:00
3037,2021-09-03,1497046.0,6164786.0,44000.0,7705832.0,23733.0,2106.0,930.0,552.0,,2026-07-24T11:49:05.145656+08:00
3037,2021-09-06,324163.0,-579409.0,-32000.0,-287246.0,23884.0,2164.0,151.0,58.0,,2026-07-24T11:49:05.145656+08:00
3037,2021-09-07,-2349838.0,2423006.0,189000.0,262168.0,23667.0,1827.0,-217.0,-337.0,,2026-07-24T11:49:05.145656+08:00
3037,2021-09-08,-934253.0,1919791.0,-2012000.0,-1026462.0,22526.0,2671.0,-1141.0,844.0,,2026-07-24T11:49:05.145656+08:00
3037,2021-09-09,-271358.0,1387673.0,-991000.0,125315.0,21998.0,3048.0,-528.0,377.0,,2026-07-24T11:49:05.145656+08:00
3037,2021-09-10,88153.0,666618.0,-164000.0,590771.0,21968.0,2931.0,-30.0,-117.0,,2026-07-24T11:49:05.145656+08:00
3037,2021-09-13,-78695.0,-813916.0,-103000.0,-995611.0,22223.0,2778.0,255.0,-153.0,,2026-07-24T11:49:05.145656+08:00
3037,2021-09-14,-23433.0,1307337.0,-495000.0,788904.0,22079.0,2647.0,-144.0,-131.0,,2026-07-24T11:49:05.145656+08:00
3037,2021-09-15,-639392.0,203432.0,139000.0,-296960.0,22132.0,2331.0,53.0,-316.0,,2026-07-24T11:49:05.145656+08:00
3037,2021-09-16,30382.0,1852736.0,199000.0,2082118.0,21782.0,2400.0,-350.0,69.0,,2026-07-24T11:49:05.145656+08:00
3037,2021-09-17,302645.0,-986042.0,10000.0,-673397.0,22605.0,2303.0,823.0,-97.0,,2026-07-24T11:49:05.145656+08:00
3037,2021-09-22,4723.0,-6984419.0,-29000.0,-7008696.0,22807.0,1814.0,202.0,-489.0,,2026-07-24T11:49:05.145656+08:00
3037,2021-09-23,55304.0,-1031207.0,-7000.0,-982903.0,23059.0,1890.0,252.0,76.0,,2026-07-24T11:49:05.145656+08:00
3037,2021-09-24,29996.0,-2247417.0,43000.0,-2174421.0,24016.0,1936.0,957.0,46.0,,2026-07-24T11:49:05.145656+08:00
3037,2021-09-27,-235893.0,-6815130.0,-934000.0,-7985023.0,24248.0,2358.0,232.0,422.0,,2026-07-24T11:49:05.145656+08:00
3037,2021-09-28,149209.0,-2035233.0,-1025000.0,-2911024.0,24713.0,1979.0,465.0,-379.0,,2026-07-24T11:49:05.145656+08:00
3037,2021-09-29,-1060443.0,-1473309.0,-994000.0,-3527752.0,24821.0,1957.0,108.0,-22.0,,2026-07-24T11:49:05.145656+08:00
3037,2021-09-30,2098.0,-374195.0,-1686000.0,-2058097.0,25234.0,2074.0,413.0,117.0,,2026-07-24T11:49:05.145656+08:00
3037,2021-10-01,-666210.0,66761.0,0.0,-599449.0,25439.0,1713.0,205.0,-361.0,,2026-07-24T11:49:05.145656+08:00
3037,2021-10-04,-227574.0,1196736.0,50000.0,1019162.0,24651.0,2075.0,-788.0,362.0,,2026-07-24T11:49:05.145656+08:00
3037,2021-10-05,283664.0,839750.0,-41000.0,1082414.0,24831.0,2572.0,180.0,497.0,,2026-07-24T11:49:05.145656+08:00
3037,2021-10-06,-490903.0,-2486515.0,-881000.0,-3858418.0,24511.0,2274.0,-320.0,-298.0,,2026-07-24T11:49:05.145656+08:00
3037,2021-10-07,915386.0,-3336473.0,458000.0,-1963087.0,24582.0,2229.0,71.0,-45.0,,2026-07-24T11:49:05.145656+08:00
3037,2021-10-08,462182.0,-1121617.0,36000.0,-623435.0,24099.0,2435.0,-483.0,206.0,,2026-07-24T11:49:05.145656+08:00
3037,2021-10-12,-411319.0,-2797384.0,37000.0,-3171703.0,24915.0,2281.0,816.0,-154.0,,2026-07-24T11:49:05.145656+08:00
3037,2021-10-13,-909991.0,-600517.0,-1265000.0,-2775508.0,25512.0,3036.0,597.0,755.0,,2026-07-24T11:49:05.145656+08:00
3037,2021-10-14,-276713.0,3121857.0,-173000.0,2672144.0,25482.0,3355.0,-30.0,319.0,,2026-07-24T11:49:05.145656+08:00
3037,2021-10-15,315874.0,-205494.0,53000.0,163380.0,26054.0,4165.0,572.0,810.0,,2026-07-24T11:49:05.145656+08:00
3037,2021-10-18,635315.0,-2381314.0,64112.0,-1681887.0,26440.0,4486.0,386.0,321.0,,2026-07-24T11:49:05.145656+08:00
3037,2021-10-19,393289.0,-2032915.0,-128000.0,-1767626.0,26129.0,4582.0,-311.0,96.0,,2026-07-24T11:49:05.145656+08:00
3037,2021-10-20,-302090.0,-4729786.0,4869000.0,-162876.0,26797.0,6200.0,668.0,1618.0,,2026-07-24T11:49:05.145656+08:00
3037,2021-10-21,-269285.0,3773330.0,323000.0,3827045.0,27710.0,8189.0,913.0,1989.0,,2026-07-24T11:49:05.145656+08:00
3037,2021-10-22,336486.0,-5533477.0,997000.0,-4199991.0,28450.0,6293.0,740.0,-1896.0,,2026-07-24T11:49:05.145656+08:00
3037,2021-10-25,448461.0,7586326.0,308000.0,8342787.0,28544.0,6034.0,94.0,-259.0,,2026-07-24T11:49:05.145656+08:00
3037,2021-10-26,371002.0,-5224364.0,3044000.0,-1809362.0,32613.0,5970.0,4069.0,-64.0,,2026-07-24T11:49:05.145656+08:00
3037,2021-10-27,-71847.0,4234418.0,186000.0,4348571.0,33112.0,7533.0,499.0,1563.0,,2026-07-24T11:49:05.145656+08:00
3037,2021-10-28,-9964.0,4918829.0,1743000.0,6651865.0,31759.0,7482.0,-1353.0,-51.0,,2026-07-24T11:49:05.145656+08:00
3037,2021-10-29,76122.0,4480495.0,2210000.0,6766617.0,29518.0,7680.0,-2241.0,198.0,,2026-07-24T11:49:05.145656+08:00
3037,2021-11-01,-524265.0,-9955767.0,1105000.0,-9375032.0,31177.0,7107.0,1659.0,-573.0,,2026-07-24T11:49:05.145656+08:00
3037,2021-11-02,551814.0,8441022.0,-89000.0,8903836.0,31380.0,7544.0,203.0,437.0,,2026-07-24T11:49:05.145656+08:00
3037,2021-11-03,1307142.0,-10778711.0,115000.0,-9356569.0,31218.0,6484.0,-162.0,-1060.0,,2026-07-24T11:49:05.145656+08:00
3037,2021-11-04,148106.0,3902993.0,-562000.0,3489099.0,30032.0,6810.0,-1186.0,326.0,,2026-07-24T11:49:05.145656+08:00
3037,2021-11-05,-23459.0,9136404.0,-1417000.0,7695945.0,30111.0,7481.0,79.0,671.0,,2026-07-24T11:49:05.145656+08:00
3037,2021-11-08,-816040.0,750574.0,-171000.0,-236466.0,29602.0,6820.0,-509.0,-661.0,,2026-07-24T11:49:05.145656+08:00
3037,2021-11-09,34487.0,651231.0,229719.0,915437.0,29800.0,6771.0,198.0,-49.0,,2026-07-24T11:49:05.145656+08:00
3037,2021-11-10,789812.0,4055682.0,-11000.0,4834494.0,30590.0,7545.0,790.0,774.0,,2026-07-24T11:49:05.145656+08:00
3037,2021-11-11,17582.0,-7077741.0,343000.0,-6717159.0,30101.0,6865.0,-489.0,-680.0,,2026-07-24T11:49:05.145656+08:00
3037,2021-11-12,433450.0,8612221.0,646000.0,9691671.0,28928.0,7438.0,-1173.0,573.0,,2026-07-24T11:49:05.145656+08:00
3037,2021-11-15,-450115.0,-10931875.0,-56000.0,-11437990.0,29306.0,6664.0,378.0,-774.0,,2026-07-24T11:49:05.145656+08:00
3037,2021-11-16,-490069.0,4983133.0,-415000.0,4078064.0,28034.0,6705.0,-1272.0,41.0,,2026-07-24T11:49:05.145656+08:00
3037,2021-11-17,-354872.0,3125422.0,-44000.0,2726550.0,27717.0,6655.0,-317.0,-50.0,,2026-07-24T11:49:05.145656+08:00
3037,2021-11-18,-199817.0,1060281.0,-3144000.0,-2283536.0,27687.0,6285.0,-30.0,-370.0,,2026-07-24T11:49:05.145656+08:00
3037,2021-11-19,131690.0,6933658.0,-395000.0,6670348.0,26214.0,6513.0,-1473.0,228.0,,2026-07-24T11:49:05.145656+08:00
3037,2021-11-22,27044.0,2881877.0,-754000.0,2154921.0,26105.0,6470.0,-109.0,-43.0,,2026-07-24T11:49:05.145656+08:00
3037,2021-11-23,-75358.0,4514411.0,-379000.0,4060053.0,24810.0,6484.0,-1295.0,14.0,,2026-07-24T11:49:05.145656+08:00
3037,2021-11-24,514897.0,-1640900.0,346000.0,-780003.0,25750.0,6395.0,940.0,-89.0,,2026-07-24T11:49:05.145656+08:00
3037,2021-11-25,1239549.0,1564752.0,1409000.0,4213301.0,30018.0,7188.0,4268.0,793.0,,2026-07-24T11:49:05.145656+08:00
3037,2021-11-26,425099.0,-5810696.0,1611000.0,-3774597.0,29318.0,6891.0,-700.0,-297.0,,2026-07-24T11:49:05.145656+08:00
3037,2021-11-29,1063711.0,-1195310.0,180000.0,48401.0,30230.0,7221.0,912.0,330.0,,2026-07-24T11:49:05.145656+08:00
3037,2021-11-30,39731.0,-1624776.0,1902000.0,316955.0,29184.0,7421.0,-1046.0,200.0,,2026-07-24T11:49:05.145656+08:00
3037,2021-12-01,-228279.0,-5443098.0,188000.0,-5483377.0,29812.0,7057.0,628.0,-364.0,,2026-07-24T11:49:05.145656+08:00
3037,2021-12-02,-340602.0,-3747587.0,-469000.0,-4557189.0,28174.0,6673.0,-1638.0,-384.0,,2026-07-24T11:49:05.145656+08:00
3037,2021-12-03,-733320.0,3168403.0,556000.0,2991083.0,27415.0,6709.0,-759.0,36.0,,2026-07-24T11:49:05.145656+08:00
3037,2021-12-06,-467520.0,-138259.0,270000.0,-335779.0,26971.0,6723.0,-444.0,14.0,,2026-07-24T11:49:05.145656+08:00
3037,2021-12-07,-550518.0,1209572.0,523000.0,1182054.0,26665.0,6508.0,-306.0,-215.0,,2026-07-24T11:49:05.145656+08:00
3037,2021-12-08,412022.0,6172805.0,1000.0,6585827.0,26179.0,6591.0,-486.0,83.0,,2026-07-24T11:49:05.145656+08:00
3037,2021-12-09,10543.0,-5137460.0,378000.0,-4748917.0,26512.0,6477.0,333.0,-114.0,,2026-07-24T11:49:05.145656+08:00
3037,2021-12-10,-344607.0,6247680.0,972000.0,6875073.0,25458.0,6922.0,-1054.0,445.0,,2026-07-24T11:49:05.145656+08:00
3037,2021-12-13,-257764.0,-6278815.0,903000.0,-5633579.0,26687.0,6572.0,1229.0,-350.0,,2026-07-24T11:49:05.145656+08:00
3037,2021-12-14,-985214.0,832291.0,401143.0,248220.0,25843.0,6742.0,-844.0,170.0,,2026-07-24T11:49:05.145656+08:00
3037,2021-12-15,114851.0,1563524.0,157000.0,1835375.0,25844.0,6986.0,1.0,244.0,,2026-07-24T11:49:05.145656+08:00
3037,2021-12-16,642389.0,-1011007.0,-66913.0,-435531.0,26376.0,6697.0,532.0,-289.0,,2026-07-24T11:49:05.145656+08:00
3037,2021-12-17,-132470.0,-15894543.0,8042998.0,-7984015.0,28169.0,6553.0,1793.0,-144.0,,2026-07-24T11:49:05.145656+08:00
3037,2021-12-20,-961097.0,-1089800.0,-5273.0,-2056170.0,28121.0,6477.0,-48.0,-76.0,,2026-07-24T11:49:05.145656+08:00
3037,2021-12-21,197499.0,1356271.0,-94000.0,1459770.0,27991.0,6380.0,-130.0,-97.0,,2026-07-24T11:49:05.145656+08:00
3037,2021-12-22,481843.0,8197573.0,726360.0,9405776.0,26836.0,6999.0,-1155.0,619.0,,2026-07-24T11:49:05.145656+08:00
3037,2021-12-23,345059.0,2605187.0,958087.0,3908333.0,26564.0,6964.0,-272.0,-35.0,,2026-07-24T11:49:05.145656+08:00
3037,2021-12-24,-113000.0,-1077587.0,51700.0,-1138887.0,25578.0,6793.0,-986.0,-171.0,,2026-07-24T11:49:05.145656+08:00
3037,2021-12-27,154400.0,-5269150.0,109519.0,-5005231.0,26613.0,6441.0,1035.0,-352.0,,2026-07-24T11:49:05.145656+08:00
3037,2021-12-28,351700.0,1075675.0,-8000.0,1419375.0,26020.0,6500.0,-593.0,59.0,,2026-07-24T11:49:05.145656+08:00
3037,2021-12-29,122400.0,-3372511.0,-23992.0,-3274103.0,26049.0,5962.0,29.0,-538.0,,2026-07-24T11:49:05.145656+08:00
3037,2021-12-30,139300.0,-605995.0,-281342.0,-748037.0,25882.0,5398.0,-167.0,-564.0,,2026-07-24T11:49:05.145656+08:00
3037,2022-01-03,192000.0,685209.0,297000.0,1174209.0,26632.0,5369.0,750.0,-29.0,,2026-07-24T11:49:05.145656+08:00
3037,2022-01-04,575213.0,3583078.0,47625.0,4205916.0,26712.0,5491.0,80.0,122.0,,2026-07-24T11:49:05.145656+08:00
3037,2022-01-05,-210939.0,-6401042.0,563105.0,-6048876.0,27698.0,5343.0,986.0,-148.0,,2026-07-24T11:49:05.145656+08:00
3037,2022-01-06,-238406.0,-5083039.0,-145000.0,-5466445.0,26565.0,5361.0,-1133.0,18.0,,2026-07-24T11:49:05.145656+08:00
3037,2022-01-07,-472998.0,-137988.0,-439000.0,-1049986.0,26343.0,5252.0,-222.0,-109.0,,2026-07-24T11:49:05.145656+08:00
3037,2022-01-10,-879187.0,-844852.0,-2109000.0,-3833039.0,26996.0,4533.0,653.0,-719.0,,2026-07-24T11:49:05.145656+08:00
3037,2022-01-11,299200.0,2756.0,-150000.0,151956.0,27667.0,4637.0,671.0,104.0,,2026-07-24T11:49:05.145656+08:00
3037,2022-01-12,-392906.0,2538508.0,-202000.0,1943602.0,25627.0,5258.0,-2040.0,621.0,,2026-07-24T11:49:05.145656+08:00
3037,2022-01-13,-108050.0,865655.0,228000.0,985605.0,25714.0,5761.0,87.0,503.0,,2026-07-24T11:49:05.145656+08:00
3037,2022-01-14,-46486.0,150266.0,208537.0,312317.0,25816.0,5927.0,102.0,166.0,,2026-07-24T11:49:05.145656+08:00
3037,2022-01-17,191220.0,-5041387.0,46000.0,-4804167.0,26760.0,5824.0,944.0,-103.0,,2026-07-24T11:49:05.145656+08:00
3037,2022-01-18,634491.0,1644787.0,-557000.0,1722278.0,26546.0,6110.0,-214.0,286.0,,2026-07-24T11:49:05.145656+08:00
3037,2022-01-19,-1519877.0,-2159675.0,12000.0,-3667552.0,26143.0,5904.0,-403.0,-206.0,,2026-07-24T11:49:05.145656+08:00
3037,2022-01-20,-19520.0,2789431.0,-84000.0,2685911.0,25908.0,6428.0,-235.0,524.0,,2026-07-24T11:49:05.145656+08:00
3037,2022-01-21,-1003189.0,-13119420.0,-62000.0,-14184609.0,26590.0,5971.0,682.0,-457.0,,2026-07-24T11:49:05.145656+08:00
3037,2022-01-24,-136237.0,2088532.0,-589000.0,1363295.0,26464.0,6316.0,-126.0,345.0,,2026-07-24T11:49:05.145656+08:00
3037,2022-01-25,-287290.0,-5258013.0,479000.0,-5066303.0,26471.0,6049.0,7.0,-267.0,,2026-07-24T11:49:05.145656+08:00
3037,2022-01-26,73389.0,-536457.0,124000.0,-339068.0,26202.0,5379.0,-269.0,-670.0,,2026-07-24T11:49:05.145656+08:00
3037,2022-02-07,526306.0,-1304759.0,18000.0,-760453.0,26631.0,5174.0,429.0,-205.0,,2026-07-24T11:49:05.145656+08:00
3037,2022-02-08,1151937.0,-2223441.0,-41000.0,-1112504.0,28130.0,4784.0,1499.0,-390.0,,2026-07-24T11:49:05.145656+08:00
3037,2022-02-09,337008.0,6695169.0,2014000.0,9046177.0,25500.0,5843.0,-2630.0,1059.0,,2026-07-24T11:49:05.145656+08:00
3037,2022-02-10,169923.0,-6983105.0,1262000.0,-5551182.0,26902.0,5729.0,1402.0,-114.0,,2026-07-24T11:49:05.145656+08:00
3037,2022-02-11,-110900.0,4550810.0,544000.0,4983910.0,25854.0,6180.0,-1048.0,451.0,,2026-07-24T11:49:05.145656+08:00
3037,2022-02-14,-538153.0,-614962.0,314000.0,-839115.0,25843.0,5900.0,-11.0,-280.0,,2026-07-24T11:49:05.145656+08:00
3037,2022-02-15,-72554.0,3473744.0,401000.0,3802190.0,25663.0,6145.0,-180.0,245.0,,2026-07-24T11:49:05.145656+08:00
3037,2022-02-16,1216267.0,4247642.0,1305000.0,6768909.0,26235.0,6771.0,572.0,626.0,,2026-07-24T11:49:05.145656+08:00
3037,2022-02-17,952270.0,1234945.0,637000.0,2824215.0,25715.0,6896.0,-520.0,125.0,,2026-07-24T11:49:05.145656+08:00
3037,2022-02-18,1212379.0,12510816.0,885000.0,14608195.0,24692.0,7255.0,-1023.0,359.0,,2026-07-24T11:49:05.145656+08:00
3037,2022-02-21,1525890.0,-7122445.0,685202.0,-4911353.0,26849.0,6758.0,2157.0,-497.0,,2026-07-24T11:49:05.145656+08:00
3037,2022-02-22,,,,,26843.0,6752.0,-6.0,-6.0,,2026-07-24T11:49:05.145656+08:00
3037,2022-02-23,243937.0,-7615529.0,931000.0,-6440592.0,27956.0,6872.0,1113.0,120.0,,2026-07-24T11:49:05.145656+08:00
3037,2022-02-24,-1524246.0,7756701.0,2728000.0,8960455.0,26461.0,7173.0,-1495.0,301.0,,2026-07-24T11:49:05.145656+08:00
3037,2022-02-25,7096.0,2628377.0,542000.0,3177473.0,24013.0,6905.0,-2448.0,-268.0,,2026-07-24T11:49:05.145656+08:00
3037,2022-03-01,244285.0,-6044062.0,176000.0,-5623777.0,25360.0,5974.0,1347.0,-931.0,,2026-07-24T11:49:05.145656+08:00
3037,2022-03-02,453911.0,2469685.0,-211000.0,2712596.0,25316.0,5931.0,-44.0,-43.0,,2026-07-24T11:49:05.145656+08:00
3037,2022-03-03,-374978.0,-1509181.0,-10000.0,-1894159.0,25986.0,5798.0,670.0,-133.0,,2026-07-24T11:49:05.145656+08:00
3037,2022-03-04,-14935.0,-998367.0,205000.0,-808302.0,26232.0,5800.0,246.0,2.0,,2026-07-24T11:49:05.145656+08:00
3037,2022-03-07,-2245234.0,-5902128.0,202000.0,-7945362.0,26556.0,3901.0,324.0,-1899.0,,2026-07-24T11:49:05.145656+08:00
3037,2022-03-08,-2206181.0,3221782.0,46000.0,1061601.0,25747.0,3688.0,-809.0,-213.0,,2026-07-24T11:49:05.145656+08:00
3037,2022-03-09,263739.0,-2088486.0,616000.0,-1208747.0,25748.0,4099.0,1.0,411.0,,2026-07-24T11:49:05.145656+08:00
3037,2022-03-10,-60681.0,1819880.0,734000.0,2493199.0,25901.0,4627.0,153.0,528.0,,2026-07-24T11:49:05.145656+08:00
3037,2022-03-11,-74135.0,-1251504.0,-34000.0,-1359639.0,25276.0,4198.0,-625.0,-429.0,,2026-07-24T11:49:05.145656+08:00
3037,2022-03-14,116814.0,-8624512.0,-393000.0,-8900698.0,27757.0,3916.0,2481.0,-282.0,,2026-07-24T11:49:05.145656+08:00
3037,2022-03-15,-307305.0,-1412842.0,-164000.0,-1884147.0,27349.0,3893.0,-408.0,-23.0,,2026-07-24T11:49:05.145656+08:00
3037,2022-03-16,-601972.0,-3584527.0,71000.0,-4115499.0,27743.0,3681.0,394.0,-212.0,,2026-07-24T11:49:05.145656+08:00
3037,2022-03-17,1167783.0,127718.0,26000.0,1321501.0,28363.0,4332.0,620.0,651.0,,2026-07-24T11:49:05.145656+08:00
3037,2022-03-18,212058.0,-5941977.0,-669000.0,-6398919.0,28139.0,3600.0,-224.0,-732.0,,2026-07-24T11:49:05.145656+08:00
3037,2022-03-21,994976.0,3364080.0,-18000.0,4341056.0,26824.0,4052.0,-1315.0,452.0,,2026-07-24T11:49:05.145656+08:00
3037,2022-03-22,345793.0,3403310.0,563000.0,4312103.0,25921.0,4382.0,-903.0,330.0,,2026-07-24T11:49:05.145656+08:00
3037,2022-03-23,28531.0,728854.0,720000.0,1477385.0,25486.0,4431.0,-435.0,49.0,,2026-07-24T11:49:05.145656+08:00
3037,2022-03-24,970477.0,-1390981.0,380000.0,-40504.0,26029.0,4642.0,543.0,211.0,,2026-07-24T11:49:05.145656+08:00
3037,2022-03-25,1400288.0,4568916.0,986000.0,6955204.0,25578.0,4765.0,-451.0,123.0,,2026-07-24T11:49:05.145656+08:00
3037,2022-03-28,-585620.0,-2184638.0,1685000.0,-1085258.0,26064.0,4233.0,486.0,-532.0,,2026-07-24T11:49:05.145656+08:00
3037,2022-03-29,179014.0,1153041.0,432000.0,1764055.0,25640.0,4220.0,-424.0,-13.0,,2026-07-24T11:49:05.145656+08:00
3037,2022-03-30,900457.0,6358047.0,368000.0,7626504.0,24878.0,4083.0,-762.0,-137.0,,2026-07-24T11:49:05.145656+08:00
3037,2022-03-31,-238750.0,323903.0,1196000.0,1281153.0,24794.0,3938.0,-84.0,-145.0,,2026-07-24T11:49:05.145656+08:00
3037,2022-04-01,7046.0,-1429265.0,1218000.0,-204219.0,24609.0,3252.0,-185.0,-686.0,,2026-07-24T11:49:05.145656+08:00
3037,2022-04-06,-648537.0,-9548771.0,-757000.0,-10954308.0,26489.0,2288.0,1880.0,-964.0,,2026-07-24T11:49:05.145656+08:00
3037,2022-04-07,-1474298.0,-1389548.0,702000.0,-2161846.0,26455.0,1818.0,-34.0,-470.0,,2026-07-24T11:49:05.145656+08:00
3037,2022-04-08,-933529.0,-2061913.0,146000.0,-2849442.0,26912.0,36.0,457.0,-1782.0,,2026-07-24T11:49:05.145656+08:00
3037,2022-04-11,-1683766.0,-5525863.0,-171000.0,-7380629.0,26255.0,0.0,-657.0,-36.0,,2026-07-24T11:49:05.145656+08:00
3037,2022-04-12,-343901.0,-15677.0,-125000.0,-484578.0,26224.0,0.0,-31.0,0.0,,2026-07-24T11:49:05.145656+08:00
3037,2022-04-13,221194.0,-5125184.0,38000.0,-4865990.0,26946.0,0.0,722.0,0.0,,2026-07-24T11:49:05.145656+08:00
3037,2022-04-14,233783.0,-1321472.0,126000.0,-961689.0,26901.0,171.0,-45.0,171.0,,2026-07-24T11:49:05.145656+08:00
3037,2022-04-15,-844885.0,-110581.0,-1472000.0,-2427466.0,26461.0,743.0,-440.0,572.0,,2026-07-24T11:49:05.145656+08:00
3037,2022-04-18,-178581.0,706368.0,-18000.0,509787.0,26656.0,1483.0,195.0,740.0,,2026-07-24T11:49:05.145656+08:00
3037,2022-04-19,39053.0,-2421750.0,-6000.0,-2388697.0,26886.0,1587.0,230.0,104.0,,2026-07-24T11:49:05.145656+08:00
3037,2022-04-20,-126834.0,2823636.0,-201000.0,2495802.0,26524.0,1959.0,-362.0,372.0,,2026-07-24T11:49:05.145656+08:00
3037,2022-04-21,-213189.0,-3238754.0,59000.0,-3392943.0,28514.0,1664.0,1990.0,-295.0,,2026-07-24T11:49:05.145656+08:00
3037,2022-04-22,-199936.0,-5456033.0,-1366000.0,-7021969.0,29037.0,1323.0,523.0,-341.0,,2026-07-24T11:49:05.145656+08:00
3037,2022-04-25,-474586.0,3728626.0,-2797000.0,457040.0,28059.0,1556.0,-978.0,233.0,,2026-07-24T11:49:05.145656+08:00
3037,2022-04-26,-129488.0,-1685877.0,-142000.0,-1957365.0,26484.0,1846.0,-1575.0,290.0,,2026-07-24T11:49:05.145656+08:00
3037,2022-04-27,918409.0,5334812.0,-73000.0,6180221.0,27036.0,3362.0,552.0,1516.0,,2026-07-24T11:49:05.145656+08:00
3037,2022-04-28,-43164.0,-12533833.0,186000.0,-12390997.0,28941.0,2931.0,1905.0,-431.0,,2026-07-24T11:49:05.145656+08:00
3037,2022-04-29,-35588.0,-1855507.0,907000.0,-984095.0,28160.0,3392.0,-781.0,461.0,,2026-07-24T11:49:05.145656+08:00
3037,2022-05-03,58109.0,-1542189.0,59000.0,-1425080.0,28409.0,3515.0,249.0,123.0,,2026-07-24T11:49:05.145656+08:00
3037,2022-05-04,467834.0,106834.0,518000.0,1092668.0,28457.0,3679.0,48.0,164.0,,2026-07-24T11:49:05.145656+08:00
3037,2022-05-05,489433.0,-3589873.0,562000.0,-2538440.0,29851.0,3570.0,1394.0,-109.0,,2026-07-24T11:49:05.145656+08:00
3037,2022-05-06,-565427.0,-4310510.0,-117000.0,-4992937.0,30342.0,3226.0,491.0,-344.0,,2026-07-24T11:49:05.145656+08:00
3037,2022-05-09,337166.0,2440470.0,-7000.0,2770636.0,30971.0,3872.0,629.0,646.0,,2026-07-24T11:49:05.145656+08:00
3037,2022-05-10,317804.0,572193.0,200000.0,1089997.0,30741.0,3750.0,-230.0,-122.0,,2026-07-24T11:49:05.145656+08:00
3037,2022-05-11,163811.0,-3510591.0,77000.0,-3269780.0,32208.0,3639.0,1467.0,-111.0,,2026-07-24T11:49:05.145656+08:00
3037,2022-05-12,-403778.0,-332978.0,-120000.0,-856756.0,32105.0,3636.0,-103.0,-3.0,,2026-07-24T11:49:05.145656+08:00
3037,2022-05-13,1264712.0,2830359.0,77000.0,4172071.0,31129.0,3780.0,-976.0,144.0,,2026-07-24T11:49:05.145656+08:00
3037,2022-05-16,660578.0,1461383.0,295484.0,2417445.0,31299.0,3889.0,170.0,109.0,,2026-07-24T11:49:05.145656+08:00
3037,2022-05-17,317583.0,799118.0,362000.0,1478701.0,30832.0,3886.0,-467.0,-3.0,,2026-07-24T11:49:05.145656+08:00
3037,2022-05-18,-418901.0,4016424.0,142000.0,3739523.0,30361.0,3962.0,-471.0,76.0,,2026-07-24T11:49:05.145656+08:00
3037,2022-05-19,-133860.0,-2036353.0,498000.0,-1672213.0,30020.0,3845.0,-341.0,-117.0,,2026-07-24T11:49:05.145656+08:00
3037,2022-05-20,12389.0,492625.0,-16000.0,489014.0,30274.0,3931.0,254.0,86.0,,2026-07-24T11:49:05.145656+08:00
3037,2022-05-23,-524202.0,472208.0,-1000.0,-52994.0,30442.0,3998.0,168.0,67.0,,2026-07-24T11:49:05.145656+08:00
3037,2022-05-24,-925042.0,-4116512.0,363000.0,-4678554.0,30423.0,3705.0,-19.0,-293.0,,2026-07-24T11:49:05.145656+08:00
3037,2022-05-25,258769.0,4552216.0,-1320000.0,3490985.0,29691.0,4670.0,-732.0,965.0,,2026-07-24T11:49:05.145656+08:00
3037,2022-05-26,-790778.0,-8505284.0,-3809000.0,-13105062.0,31549.0,4525.0,1858.0,-145.0,,2026-07-24T11:49:05.145656+08:00
3037,2022-05-27,282037.0,-2430497.0,-214000.0,-2362460.0,31845.0,4755.0,296.0,230.0,,2026-07-24T11:49:05.145656+08:00
3037,2022-05-30,1152714.0,11828157.0,-58000.0,12922871.0,29953.0,5276.0,-1892.0,521.0,,2026-07-24T11:49:05.145656+08:00
3037,2022-05-31,130920.0,3576421.0,-106000.0,3601341.0,29884.0,5312.0,-69.0,36.0,,2026-07-24T11:49:05.145656+08:00
3037,2022-06-01,-254089.0,-14982936.0,-1181000.0,-16418025.0,32927.0,4622.0,3043.0,-690.0,,2026-07-24T11:49:05.145656+08:00
3037,2022-06-02,55016.0,-4737537.0,-1223000.0,-5905521.0,34732.0,4214.0,1805.0,-408.0,,2026-07-24T11:49:05.145656+08:00
3037,2022-06-06,-55973.0,11000.0,-298000.0,-342973.0,34617.0,4111.0,-115.0,-103.0,,2026-07-24T11:49:05.145656+08:00
3037,2022-06-07,27174.0,-4433005.0,-417000.0,-4822831.0,35654.0,3772.0,1037.0,-339.0,,2026-07-24T11:49:05.145656+08:00
3037,2022-06-08,123167.0,3183057.0,1034000.0,4340224.0,34265.0,3892.0,-1389.0,120.0,,2026-07-24T11:49:05.145656+08:00
3037,2022-06-09,20844.0,1053037.0,-110000.0,963881.0,34707.0,3582.0,442.0,-310.0,,2026-07-24T11:49:05.145656+08:00
3037,2022-06-10,182865.0,1364830.0,-79000.0,1468695.0,33457.0,3458.0,-1250.0,-124.0,,2026-07-24T11:49:05.145656+08:00
3037,2022-06-13,-853935.0,-2110198.0,-317000.0,-3281133.0,32995.0,4373.0,-462.0,915.0,,2026-07-24T11:49:05.145656+08:00
3037,2022-06-14,-23443.0,1568926.0,-704000.0,841483.0,33272.0,4250.0,277.0,-123.0,,2026-07-24T11:49:05.145656+08:00
3037,2022-06-15,-777355.0,-756550.0,-1618764.0,-3152669.0,31535.0,5806.0,-1737.0,1556.0,,2026-07-24T11:49:05.145656+08:00
3037,2022-06-16,-1045167.0,4507737.0,-6917000.0,-3454430.0,32533.0,5199.0,998.0,-607.0,,2026-07-24T11:49:05.145656+08:00
3037,2022-06-17,-18140.0,8375333.0,-8459000.0,-101807.0,32694.0,4684.0,161.0,-515.0,,2026-07-24T11:49:05.145656+08:00
3037,2022-06-20,59130.0,3602020.0,-2345000.0,1316150.0,32069.0,4609.0,-625.0,-75.0,,2026-07-24T11:49:05.145656+08:00
3037,2022-06-21,548010.0,6054073.0,-420000.0,6182083.0,29408.0,2649.0,-2661.0,-1960.0,,2026-07-24T11:49:05.145656+08:00
3037,2022-06-22,-1187903.0,-949923.0,-573000.0,-2710826.0,30232.0,2196.0,824.0,-453.0,,2026-07-24T11:49:05.145656+08:00
3037,2022-06-23,466334.0,-150543.0,-360859.0,-45068.0,30852.0,2413.0,620.0,217.0,,2026-07-24T11:49:05.145656+08:00
3037,2022-06-24,446322.0,-1674073.0,389000.0,-838751.0,31326.0,2321.0,474.0,-92.0,,2026-07-24T11:49:05.145656+08:00
3037,2022-06-27,962000.0,-1137536.0,239000.0,63464.0,31085.0,2299.0,-241.0,-22.0,,2026-07-24T11:49:05.145656+08:00
3037,2022-06-28,-573845.0,806952.0,-70000.0,163107.0,31809.0,2086.0,724.0,-213.0,,2026-07-24T11:49:05.145656+08:00
3037,2022-06-29,-282000.0,4641000.0,-119000.0,4240000.0,30659.0,2259.0,-1150.0,173.0,,2026-07-24T11:49:05.145656+08:00
3037,2022-06-30,-683000.0,1518386.0,-401000.0,434386.0,30157.0,2143.0,-502.0,-116.0,,2026-07-24T11:49:05.145656+08:00
3037,2022-07-01,131055.0,8442802.0,-1834000.0,6739857.0,26402.0,2680.0,-3755.0,537.0,,2026-07-24T11:49:05.145656+08:00
3037,2022-07-04,1474928.0,1662484.0,-927000.0,2210412.0,26312.0,2657.0,-90.0,-23.0,,2026-07-24T11:49:05.145656+08:00
3037,2022-07-05,809582.0,937396.0,-254000.0,1492978.0,26505.0,1875.0,193.0,-782.0,,2026-07-24T11:49:05.145656+08:00
3037,2022-07-06,238390.0,1369972.0,-656000.0,952362.0,26160.0,1282.0,-345.0,-593.0,,2026-07-24T11:49:05.145656+08:00
3037,2022-07-07,1480867.0,6353459.0,166000.0,8000326.0,25762.0,1327.0,-398.0,45.0,,2026-07-24T11:49:05.145656+08:00
3037,2022-07-08,63509.0,-4898647.0,101000.0,-4734138.0,27047.0,921.0,1285.0,-406.0,,2026-07-24T11:49:05.145656+08:00
3037,2022-07-11,-594264.0,-1460050.0,220000.0,-1834314.0,26682.0,22.0,-365.0,-899.0,,2026-07-24T11:49:05.145656+08:00
3037,2022-07-12,-795397.0,3449093.0,-115000.0,2538696.0,25395.0,0.0,-1287.0,-22.0,,2026-07-24T11:49:05.145656+08:00
3037,2022-07-13,400895.0,-2288256.0,176000.0,-1711361.0,25658.0,0.0,263.0,0.0,,2026-07-24T11:49:05.145656+08:00
3037,2022-07-14,1983158.0,4756250.0,35000.0,6774408.0,25750.0,0.0,92.0,0.0,,2026-07-24T11:49:05.145656+08:00
3037,2022-07-15,-423960.0,-1842550.0,384027.0,-1882483.0,26540.0,479.0,790.0,479.0,,2026-07-24T11:49:05.145656+08:00
3037,2022-07-18,1502599.0,-429820.0,939000.0,2011779.0,26506.0,889.0,-34.0,410.0,,2026-07-24T11:49:05.145656+08:00
3037,2022-07-19,-656500.0,-4063070.0,927000.0,-3792570.0,26777.0,1044.0,271.0,155.0,,2026-07-24T11:49:05.145656+08:00
3037,2022-07-20,155620.0,4849131.0,1835000.0,6839751.0,26997.0,1589.0,220.0,545.0,,2026-07-24T11:49:05.145656+08:00
3037,2022-07-21,840015.0,-1193615.0,1196000.0,842400.0,26625.0,1950.0,-372.0,361.0,,2026-07-24T11:49:05.145656+08:00
3037,2022-07-22,-803874.0,3187423.0,237000.0,2620549.0,26063.0,2446.0,-562.0,496.0,,2026-07-24T11:49:05.145656+08:00
3037,2022-07-25,-119112.0,-1222324.0,-89988.0,-1431424.0,25881.0,2289.0,-182.0,-157.0,,2026-07-24T11:49:05.145656+08:00
3037,2022-07-26,-574138.0,-828330.0,-811000.0,-2213468.0,26893.0,2063.0,1012.0,-226.0,,2026-07-24T11:49:05.145656+08:00
3037,2022-07-27,-579473.0,763257.0,365000.0,548784.0,27757.0,3314.0,864.0,1251.0,,2026-07-24T11:49:05.145656+08:00
3037,2022-07-28,-1664443.0,-17431823.0,-5197985.0,-24294251.0,33654.0,4498.0,5897.0,1184.0,,2026-07-24T11:49:05.145656+08:00
3037,2022-07-29,-189106.0,-2550038.0,-2345000.0,-5084144.0,35533.0,2069.0,1879.0,-2429.0,,2026-07-24T11:49:05.145656+08:00
3037,2022-08-01,79385.0,5809790.0,-4876000.0,1013175.0,37023.0,1741.0,1490.0,-328.0,,2026-07-24T11:49:05.145656+08:00
3037,2022-08-02,-86421.0,10328929.0,-4156000.0,6086508.0,38260.0,1941.0,1237.0,200.0,,2026-07-24T11:49:05.145656+08:00
3037,2022-08-03,-364217.0,492504.0,-1570000.0,-1441713.0,39554.0,3648.0,1294.0,1707.0,,2026-07-24T11:49:05.145656+08:00
3037,2022-08-04,57313.0,350712.0,-1615000.0,-1206975.0,39558.0,3811.0,4.0,163.0,,2026-07-24T11:49:05.145656+08:00
3037,2022-08-05,446194.0,2898200.0,-2235000.0,1109394.0,39128.0,3749.0,-430.0,-62.0,,2026-07-24T11:49:05.145656+08:00
3037,2022-08-08,415319.0,16904.0,160000.0,592223.0,38775.0,3649.0,-353.0,-100.0,,2026-07-24T11:49:05.145656+08:00
3037,2022-08-09,-125267.0,290398.0,296000.0,461131.0,38198.0,2128.0,-577.0,-1521.0,,2026-07-24T11:49:05.145656+08:00
3037,2022-08-10,-485468.0,-3370768.0,33000.0,-3823236.0,39563.0,3615.0,1365.0,1487.0,,2026-07-24T11:49:05.145656+08:00
3037,2022-08-11,180230.0,482315.0,687000.0,1349545.0,39067.0,3464.0,-496.0,-151.0,,2026-07-24T11:49:05.145656+08:00
3037,2022-08-12,700001.0,6277386.0,74000.0,7051387.0,38782.0,3603.0,-285.0,139.0,,2026-07-24T11:49:05.145656+08:00
3037,2022-08-15,429372.0,-5830263.0,908000.0,-4492891.0,39584.0,2855.0,802.0,-748.0,,2026-07-24T11:49:05.145656+08:00
3037,2022-08-16,-178700.0,-2879404.0,146000.0,-2912104.0,39815.0,2543.0,231.0,-312.0,,2026-07-24T11:49:05.145656+08:00
3037,2022-08-17,-107583.0,-3999340.0,-662000.0,-4768923.0,40261.0,2393.0,446.0,-150.0,,2026-07-24T11:49:05.145656+08:00
3037,2022-08-18,-205774.0,1884354.0,-294000.0,1384580.0,39733.0,2344.0,-528.0,-49.0,,2026-07-24T11:49:05.145656+08:00
3037,2022-08-19,527004.0,3640684.0,188000.0,4355688.0,38848.0,2569.0,-885.0,225.0,,2026-07-24T11:49:05.145656+08:00
3037,2022-08-22,72000.0,809218.0,-92000.0,789218.0,37915.0,2865.0,-933.0,296.0,,2026-07-24T11:49:05.145656+08:00
3037,2022-08-23,-1562158.0,-12082505.0,-958000.0,-14602663.0,40460.0,2820.0,2545.0,-45.0,,2026-07-24T11:49:05.145656+08:00
3037,2022-08-24,-18019.0,2261813.0,-504000.0,1739794.0,39924.0,2948.0,-536.0,128.0,,2026-07-24T11:49:05.145656+08:00
3037,2022-08-25,216296.0,-2059542.0,-1152000.0,-2995246.0,40380.0,2736.0,456.0,-212.0,,2026-07-24T11:49:05.145656+08:00
3037,2022-08-26,405000.0,5030924.0,-747000.0,4688924.0,39237.0,2696.0,-1143.0,-40.0,,2026-07-24T11:49:05.145656+08:00
3037,2022-08-29,-600462.0,3635465.0,-803000.0,2232003.0,36236.0,3233.0,-3001.0,537.0,,2026-07-24T11:49:05.145656+08:00
3037,2022-08-30,32558.0,-410458.0,-264000.0,-641900.0,36255.0,3303.0,19.0,70.0,,2026-07-24T11:49:05.145656+08:00
3037,2022-08-31,262509.0,-2411724.0,-176000.0,-2325215.0,36509.0,3024.0,254.0,-279.0,,2026-07-24T11:49:05.145656+08:00
3037,2022-09-01,-2398723.0,-11174270.0,-4740000.0,-18312993.0,37579.0,4120.0,1070.0,1096.0,,2026-07-24T11:49:05.145656+08:00
3037,2022-09-02,603853.0,5731832.0,-4619000.0,1716685.0,37577.0,3910.0,-2.0,-210.0,,2026-07-24T11:49:05.145656+08:00
3037,2022-09-05,1893.0,-1190714.0,-593000.0,-1781821.0,37614.0,3835.0,37.0,-75.0,,2026-07-24T11:49:05.145656+08:00
3037,2022-09-06,111103.0,2758245.0,-414000.0,2455348.0,37253.0,3785.0,-361.0,-50.0,,2026-07-24T11:49:05.145656+08:00
3037,2022-09-07,-801131.0,4035437.0,-245000.0,2989306.0,37241.0,4016.0,-12.0,231.0,,2026-07-24T11:49:05.145656+08:00
3037,2022-09-08,388758.0,-2338081.0,-63000.0,-2012323.0,37443.0,3646.0,202.0,-370.0,,2026-07-24T11:49:05.145656+08:00
3037,2022-09-12,123126.0,2327997.0,395000.0,2846123.0,37553.0,3651.0,110.0,5.0,,2026-07-24T11:49:05.145656+08:00
3037,2022-09-13,-7061.0,-5291135.0,196000.0,-5102196.0,39026.0,3602.0,1473.0,-49.0,,2026-07-24T11:49:05.145656+08:00
3037,2022-09-14,656286.0,1967470.0,-2761971.0,-138215.0,38644.0,3148.0,-382.0,-454.0,,2026-07-24T11:49:05.145656+08:00
3037,2022-09-15,-361963.0,-277735.0,-1438000.0,-2077698.0,39064.0,3521.0,420.0,373.0,,2026-07-24T11:49:05.145656+08:00
3037,2022-09-16,-29920.0,-86311.0,-251000.0,-367231.0,38014.0,3624.0,-1050.0,103.0,,2026-07-24T11:49:05.145656+08:00
3037,2022-09-19,99258.0,5282399.0,-1425000.0,3956657.0,37252.0,3720.0,-762.0,96.0,,2026-07-24T11:49:05.145656+08:00
3037,2022-09-20,-243377.0,-2771480.0,-747000.0,-3761857.0,38192.0,3278.0,940.0,-442.0,,2026-07-24T11:49:05.145656+08:00
3037,2022-09-21,-725408.0,1548335.0,-540000.0,282927.0,37941.0,3180.0,-251.0,-98.0,,2026-07-24T11:49:05.145656+08:00
3037,2022-09-22,-265611.0,458937.0,-610000.0,-416674.0,37721.0,3074.0,-220.0,-106.0,,2026-07-24T11:49:05.145656+08:00
3037,2022-09-23,61845.0,1272345.0,-200000.0,1134190.0,37100.0,2818.0,-621.0,-256.0,,2026-07-24T11:49:05.145656+08:00
3037,2022-09-26,141350.0,7115278.0,-431000.0,6825628.0,34942.0,2759.0,-2158.0,-59.0,,2026-07-24T11:49:05.145656+08:00
3037,2022-09-27,633354.0,2333091.0,890600.0,3857045.0,35306.0,2948.0,364.0,189.0,,2026-07-24T11:49:05.145656+08:00
3037,2022-09-28,-564369.0,-2392255.0,-526000.0,-3482624.0,34040.0,3120.0,-1266.0,172.0,,2026-07-24T11:49:05.145656+08:00
3037,2022-09-29,103306.0,-1911728.0,-177000.0,-1985422.0,34557.0,3332.0,517.0,212.0,,2026-07-24T11:49:05.145656+08:00
3037,2022-09-30,874111.0,4035650.0,24400.0,4934161.0,33254.0,3830.0,-1303.0,498.0,,2026-07-24T11:49:05.145656+08:00
3037,2022-10-03,412680.0,-2538263.0,449000.0,-1676583.0,33519.0,3731.0,265.0,-99.0,,2026-07-24T11:49:05.145656+08:00
3037,2022-10-04,467231.0,1562459.0,-426000.0,1603690.0,33189.0,3728.0,-330.0,-3.0,,2026-07-24T11:49:05.145656+08:00
3037,2022-10-05,637190.0,-5332598.0,122000.0,-4573408.0,34712.0,3756.0,1523.0,28.0,,2026-07-24T11:49:05.145656+08:00
3037,2022-10-06,-239152.0,2079330.0,17000.0,1857178.0,34672.0,4090.0,-40.0,334.0,,2026-07-24T11:49:05.145656+08:00
3037,2022-10-07,350174.0,-1479807.0,-187000.0,-1316633.0,36264.0,3770.0,1592.0,-320.0,,2026-07-24T11:49:05.145656+08:00
3037,2022-10-11,-1195498.0,2108299.0,-34000.0,878801.0,35888.0,3496.0,-376.0,-274.0,,2026-07-24T11:49:05.145656+08:00
3037,2022-10-12,210179.0,4313849.0,-2441000.0,2083028.0,35676.0,3479.0,-212.0,-17.0,,2026-07-24T11:49:05.145656+08:00
3037,2022-10-13,-804609.0,3453222.0,-77000.0,2571613.0,33459.0,3281.0,-2217.0,-198.0,,2026-07-24T11:49:05.145656+08:00
3037,2022-10-14,782223.0,4268947.0,660000.0,5711170.0,33781.0,4446.0,322.0,1165.0,,2026-07-24T11:49:05.145656+08:00
3037,2022-10-17,162637.0,-4815114.0,2097000.0,-2555477.0,35126.0,4002.0,1345.0,-444.0,,2026-07-24T11:49:05.145656+08:00
3037,2022-10-18,381735.0,-4616610.0,1613000.0,-2621875.0,35653.0,4366.0,527.0,364.0,,2026-07-24T11:49:05.145656+08:00
3037,2022-10-19,240219.0,2074413.0,2807000.0,5121632.0,34678.0,4564.0,-975.0,198.0,,2026-07-24T11:49:05.145656+08:00
3037,2022-10-20,-222017.0,-18518175.0,897000.0,-17843192.0,38106.0,3819.0,3428.0,-745.0,,2026-07-24T11:49:05.145656+08:00
3037,2022-10-21,295204.0,7667000.0,622000.0,8584204.0,36398.0,3721.0,-1708.0,-98.0,,2026-07-24T11:49:05.145656+08:00
3037,2022-10-24,1700740.0,-2924400.0,2949000.0,1725340.0,37195.0,3981.0,797.0,260.0,,2026-07-24T11:49:05.145656+08:00
3037,2022-10-25,388658.0,-2782341.0,1090000.0,-1303683.0,37941.0,4005.0,746.0,24.0,,2026-07-24T11:49:05.145656+08:00
3037,2022-10-26,-158956.0,-6128323.0,151000.0,-6136279.0,38280.0,4682.0,339.0,677.0,,2026-07-24T11:49:05.145656+08:00
3037,2022-10-27,707596.0,-6791000.0,256000.0,-5827404.0,39447.0,4339.0,1167.0,-343.0,,2026-07-24T11:49:05.145656+08:00
3037,2022-10-28,875576.0,10164307.0,382344.0,11422227.0,37484.0,4632.0,-1963.0,293.0,,2026-07-24T11:49:05.145656+08:00
3037,2022-10-31,-209625.0,-9844879.0,905176.0,-9149328.0,40831.0,4678.0,3347.0,46.0,,2026-07-24T11:49:05.145656+08:00
3037,2022-11-01,110300.0,-2127717.0,442000.0,-1575417.0,40073.0,4823.0,-758.0,145.0,,2026-07-24T11:49:05.145656+08:00
3037,2022-11-02,840733.0,961525.0,546000.0,2348258.0,39554.0,4813.0,-519.0,-10.0,,2026-07-24T11:49:05.145656+08:00
3037,2022-11-03,854679.0,3155529.0,-17000.0,3993208.0,39273.0,4935.0,-281.0,122.0,,2026-07-24T11:49:05.145656+08:00
3037,2022-11-04,-888141.0,-2906091.0,1303000.0,-2491232.0,39700.0,4751.0,427.0,-184.0,,2026-07-24T11:49:05.145656+08:00
3037,2022-11-07,-412100.0,-5019015.0,1640000.0,-3791115.0,39771.0,4612.0,71.0,-139.0,,2026-07-24T11:49:05.145656+08:00
3037,2022-11-08,687242.0,920406.0,1687000.0,3294648.0,41559.0,4869.0,1788.0,257.0,,2026-07-24T11:49:05.145656+08:00
3037,2022-11-09,231094.0,10665589.0,6848781.0,17745464.0,40900.0,6187.0,-659.0,1318.0,,2026-07-24T11:49:05.145656+08:00
3037,2022-11-10,186142.0,-2700739.0,3450000.0,935403.0,39456.0,6366.0,-1444.0,179.0,,2026-07-24T11:49:05.145656+08:00
3037,2022-11-11,-1263026.0,7225096.0,8478925.0,14440995.0,36530.0,6852.0,-2926.0,486.0,,2026-07-24T11:49:05.145656+08:00
3037,2022-11-14,-664147.0,-1062638.0,4241000.0,2514215.0,36112.0,6777.0,-418.0,-75.0,,2026-07-24T11:49:05.145656+08:00
3037,2022-11-15,382454.0,-1894345.0,1881493.0,369602.0,36845.0,6863.0,733.0,86.0,,2026-07-24T11:49:05.145656+08:00
3037,2022-11-16,-293245.0,2313978.0,433000.0,2453733.0,35445.0,6836.0,-1400.0,-27.0,,2026-07-24T11:49:05.145656+08:00
3037,2022-11-17,-219028.0,-8086283.0,-49000.0,-8354311.0,34647.0,6467.0,-798.0,-369.0,,2026-07-24T11:49:05.145656+08:00
3037,2022-11-18,-1927911.0,3112239.0,-1393000.0,-208672.0,33781.0,6487.0,-866.0,20.0,,2026-07-24T11:49:05.145656+08:00
3037,2022-11-21,-103028.0,915800.0,603000.0,1415772.0,33031.0,6578.0,-750.0,91.0,,2026-07-24T11:49:05.145656+08:00
3037,2022-11-22,-208328.0,-5776996.0,92000.0,-5893324.0,34184.0,6727.0,1153.0,149.0,,2026-07-24T11:49:05.145656+08:00
3037,2022-11-23,-379345.0,-4950453.0,-437000.0,-5766798.0,34674.0,6569.0,490.0,-158.0,,2026-07-24T11:49:05.145656+08:00
3037,2022-11-24,407036.0,2958737.0,140000.0,3505773.0,34723.0,6585.0,49.0,16.0,,2026-07-24T11:49:05.145656+08:00
3037,2022-11-25,-435000.0,-5308177.0,-641000.0,-6384177.0,35673.0,6534.0,950.0,-51.0,,2026-07-24T11:49:05.145656+08:00
3037,2022-11-28,-407377.0,1909474.0,-1584000.0,-81903.0,35474.0,6567.0,-199.0,33.0,,2026-07-24T11:49:05.145656+08:00
3037,2022-11-29,-4544.0,-5048634.0,-3075000.0,-8128178.0,35749.0,6214.0,275.0,-353.0,,2026-07-24T11:49:05.145656+08:00
3037,2022-11-30,548205.0,4802934.0,-461033.0,4890106.0,34770.0,6244.0,-979.0,30.0,,2026-07-24T11:49:05.145656+08:00
3037,2022-12-01,387902.0,-6077810.0,2016000.0,-3673908.0,37285.0,5867.0,2515.0,-377.0,,2026-07-24T11:49:05.145656+08:00
3037,2022-12-02,-165079.0,-832543.0,260000.0,-737622.0,37255.0,5885.0,-30.0,18.0,,2026-07-24T11:49:05.145656+08:00
3037,2022-12-05,478304.0,12404365.0,610000.0,13492669.0,34876.0,5878.0,-2379.0,-7.0,,2026-07-24T11:49:05.145656+08:00
3037,2022-12-06,-670000.0,2412629.0,-1595000.0,147629.0,33291.0,5915.0,-1585.0,37.0,,2026-07-24T11:49:05.145656+08:00
3037,2022-12-07,-1784712.0,-7699062.0,-2799000.0,-12282774.0,31715.0,5637.0,-1576.0,-278.0,,2026-07-24T11:49:05.145656+08:00
3037,2022-12-08,188283.0,-2299147.0,-3427000.0,-5537864.0,33126.0,5454.0,1411.0,-183.0,,2026-07-24T11:49:05.145656+08:00
3037,2022-12-09,-356314.0,-1135325.0,-1025000.0,-2516639.0,33255.0,6099.0,129.0,645.0,,2026-07-24T11:49:05.145656+08:00
3037,2022-12-12,207454.0,1714535.0,-475000.0,1446989.0,33442.0,6202.0,187.0,103.0,,2026-07-24T11:49:05.145656+08:00
3037,2022-12-13,-763077.0,-2782227.0,-920140.0,-4465444.0,33600.0,6855.0,158.0,653.0,,2026-07-24T11:49:05.145656+08:00
3037,2022-12-14,526734.0,-105696.0,-2031015.0,-1609977.0,33992.0,6768.0,392.0,-87.0,,2026-07-24T11:49:05.145656+08:00
3037,2022-12-15,-122281.0,2545127.0,-588000.0,1834846.0,33281.0,6975.0,-711.0,207.0,,2026-07-24T11:49:05.145656+08:00
3037,2022-12-16,-1008490.0,-5700062.0,-588268.0,-7296820.0,33523.0,6819.0,242.0,-156.0,,2026-07-24T11:49:05.145656+08:00
3037,2022-12-19,36898.0,839686.0,-3530000.0,-2653416.0,33975.0,6476.0,452.0,-343.0,,2026-07-24T11:49:05.145656+08:00
3037,2022-12-20,-40511.0,-9173171.0,-7299000.0,-16512682.0,36619.0,8775.0,2644.0,2299.0,,2026-07-24T11:49:05.145656+08:00
3037,2022-12-21,572342.0,-8930852.0,-5204000.0,-13562510.0,37908.0,5142.0,1289.0,-3633.0,,2026-07-24T11:49:05.145656+08:00
3037,2022-12-22,582688.0,-4859590.0,-3186000.0,-7462902.0,39307.0,5283.0,1399.0,141.0,,2026-07-24T11:49:05.145656+08:00
3037,2022-12-23,377272.0,2649439.0,-208000.0,2818711.0,38559.0,5319.0,-748.0,36.0,,2026-07-24T11:49:05.145656+08:00
3037,2022-12-26,-10688.0,-1340472.0,-98000.0,-1449160.0,38977.0,5380.0,418.0,61.0,,2026-07-24T11:49:05.145656+08:00
3037,2022-12-27,75515.0,-1397252.0,-218000.0,-1539737.0,38997.0,5175.0,20.0,-205.0,,2026-07-24T11:49:05.145656+08:00
3037,2022-12-28,-53552.0,-981085.0,319000.0,-715637.0,38732.0,5103.0,-265.0,-72.0,,2026-07-24T11:49:05.145656+08:00
3037,2022-12-29,90416.0,-1353622.0,-126000.0,-1389206.0,38485.0,4658.0,-247.0,-445.0,,2026-07-24T11:49:05.145656+08:00
3037,2022-12-30,-489894.0,-5557025.0,0.0,-6046919.0,38911.0,4668.0,426.0,10.0,,2026-07-24T11:49:05.145656+08:00
3037,2023-01-03,352557.0,1756380.0,-1253000.0,855937.0,38476.0,4982.0,-435.0,314.0,,2026-07-24T11:49:05.145656+08:00
3037,2023-01-04,-347443.0,-1555810.0,-3384365.0,-5287618.0,39399.0,4733.0,923.0,-249.0,,2026-07-24T11:49:05.145656+08:00
3037,2023-01-05,-461179.0,3761724.0,-1484000.0,1816545.0,39467.0,7737.0,68.0,3004.0,,2026-07-24T11:49:05.145656+08:00
3037,2023-01-06,1185000.0,4846267.0,-186000.0,5845267.0,38701.0,7059.0,-766.0,-678.0,,2026-07-24T11:49:05.145656+08:00
3037,2023-01-09,496254.0,2670705.0,30000.0,3196959.0,37645.0,7025.0,-1056.0,-34.0,,2026-07-24T11:49:05.145656+08:00
3037,2023-01-10,-264501.0,-399941.0,-366444.0,-1030886.0,37867.0,6695.0,222.0,-330.0,,2026-07-24T11:49:05.145656+08:00
3037,2023-01-11,116000.0,2359605.0,29000.0,2504605.0,36894.0,6537.0,-973.0,-158.0,,2026-07-24T11:49:05.145656+08:00
3037,2023-01-12,-56466.0,-3173731.0,241905.0,-2988292.0,36964.0,6240.0,70.0,-297.0,,2026-07-24T11:49:05.145656+08:00
3037,2023-01-13,235312.0,2415233.0,3000.0,2653545.0,36176.0,6339.0,-788.0,99.0,,2026-07-24T11:49:05.145656+08:00
3037,2023-01-16,147377.0,3774936.0,-125386.0,3796927.0,35215.0,6059.0,-961.0,-280.0,,2026-07-24T11:49:05.145656+08:00
3037,2023-01-17,3138.0,-5368081.0,-2458309.0,-7823252.0,35410.0,4637.0,195.0,-1422.0,,2026-07-24T11:49:05.145656+08:00
3037,2023-01-30,529053.0,11337960.0,670056.0,12537069.0,34220.0,4908.0,-1190.0,271.0,,2026-07-24T11:49:05.145656+08:00
3037,2023-01-31,-6879.0,606673.0,20514.0,620308.0,34301.0,4951.0,81.0,43.0,,2026-07-24T11:49:05.145656+08:00
3037,2023-02-01,385181.0,6305784.0,511606.0,7202571.0,34232.0,5148.0,-69.0,197.0,,2026-07-24T11:49:05.145656+08:00
3037,2023-02-02,-251889.0,796574.0,38039.0,582724.0,34274.0,4458.0,42.0,-690.0,,2026-07-24T11:49:05.145656+08:00
3037,2023-02-03,-300666.0,-6068459.0,1154443.0,-5214682.0,34443.0,4325.0,169.0,-133.0,,2026-07-24T11:49:05.145656+08:00
3037,2023-02-06,206861.0,-9729820.0,-73810.0,-9596769.0,35446.0,3507.0,1003.0,-818.0,,2026-07-24T11:49:05.145656+08:00
3037,2023-02-07,-48769.0,-4121022.0,-2295695.0,-6465486.0,36491.0,3512.0,1045.0,5.0,,2026-07-24T11:49:05.145656+08:00
3037,2023-02-08,-115239.0,-931750.0,-2075000.0,-3121989.0,37295.0,3435.0,804.0,-77.0,,2026-07-24T11:49:05.145656+08:00
3037,2023-02-09,-38927.0,4279132.0,-3337694.0,902511.0,36475.0,3350.0,-820.0,-85.0,,2026-07-24T11:49:05.145656+08:00
3037,2023-02-10,-329853.0,-5234052.0,370605.0,-5193300.0,36578.0,3449.0,103.0,99.0,,2026-07-24T11:49:05.145656+08:00
3037,2023-02-13,-91360.0,-35506.0,-1285000.0,-1411866.0,36540.0,3433.0,-38.0,-16.0,,2026-07-24T11:49:05.145656+08:00
3037,2023-02-14,-182265.0,382501.0,906306.0,1106542.0,36456.0,3435.0,-84.0,2.0,,2026-07-24T11:49:05.145656+08:00
3037,2023-02-15,670844.0,8829579.0,-906000.0,8594423.0,35481.0,3641.0,-975.0,206.0,,2026-07-24T11:49:05.145656+08:00
3037,2023-02-16,-210956.0,-5935424.0,62000.0,-6084380.0,36319.0,3664.0,838.0,23.0,,2026-07-24T11:49:05.145656+08:00
3037,2023-02-17,146928.0,-3846224.0,199033.0,-3500263.0,36199.0,3693.0,-120.0,29.0,,2026-07-24T11:49:05.145656+08:00
3037,2023-02-20,166177.0,-3015633.0,-139000.0,-2988456.0,36913.0,3616.0,714.0,-77.0,,2026-07-24T11:49:05.145656+08:00
3037,2023-02-21,842802.0,-1872678.0,-1109000.0,-2138876.0,37487.0,3598.0,574.0,-18.0,,2026-07-24T11:49:05.145656+08:00
3037,2023-02-22,-239140.0,-12143216.0,-40692.0,-12423048.0,38651.0,3664.0,1164.0,66.0,,2026-07-24T11:49:05.145656+08:00
3037,2023-02-23,344850.0,-5046973.0,-75000.0,-4777123.0,38453.0,2824.0,-198.0,-840.0,,2026-07-24T11:49:05.145656+08:00
3037,2023-02-24,204564.0,-17364046.0,-432956.0,-17592438.0,39308.0,2776.0,855.0,-48.0,,2026-07-24T11:49:05.145656+08:00
3037,2023-03-01,253631.0,4348767.0,-156000.0,4446398.0,38506.0,3010.0,-802.0,234.0,,2026-07-24T11:49:05.145656+08:00
3037,2023-03-02,357315.0,3250220.0,672727.0,4280262.0,39168.0,3054.0,662.0,44.0,,2026-07-24T11:49:05.145656+08:00
3037,2023-03-03,621859.0,3616318.0,741000.0,4979177.0,39798.0,3044.0,630.0,-10.0,,2026-07-24T11:49:05.145656+08:00
3037,2023-03-06,201339.0,7897399.0,128000.0,8226738.0,38409.0,2645.0,-1389.0,-399.0,,2026-07-24T11:49:05.145656+08:00
3037,2023-03-07,-100342.0,-6348390.0,-89000.0,-6537732.0,38817.0,2534.0,408.0,-111.0,,2026-07-24T11:49:05.145656+08:00
3037,2023-03-08,668760.0,112474.0,110000.0,891234.0,39137.0,2544.0,320.0,10.0,,2026-07-24T11:49:05.145656+08:00
3037,2023-03-09,-620071.0,-716820.0,512000.0,-824891.0,38950.0,2461.0,-187.0,-83.0,,2026-07-24T11:49:05.145656+08:00
3037,2023-03-10,-552127.0,-2912480.0,15000.0,-3449607.0,38676.0,3045.0,-274.0,584.0,,2026-07-24T11:49:05.145656+08:00
3037,2023-03-13,298051.0,4008538.0,973728.0,5280317.0,37925.0,3760.0,-751.0,715.0,,2026-07-24T11:49:05.145656+08:00
3037,2023-03-14,-423060.0,-3248098.0,-35000.0,-3706158.0,38132.0,3394.0,207.0,-366.0,,2026-07-24T11:49:05.145656+08:00
3037,2023-03-15,-238399.0,-925165.0,-102000.0,-1265564.0,37963.0,2186.0,-169.0,-1208.0,,2026-07-24T11:49:05.145656+08:00
3037,2023-03-16,138419.0,-2259274.0,-151000.0,-2271855.0,37615.0,2082.0,-348.0,-104.0,,2026-07-24T11:49:05.145656+08:00
3037,2023-03-17,173500.0,3559243.0,285000.0,4017743.0,37135.0,1776.0,-480.0,-306.0,,2026-07-24T11:49:05.145656+08:00
3037,2023-03-20,705645.0,1014998.0,3163000.0,4883643.0,36614.0,1666.0,-521.0,-110.0,,2026-07-24T11:49:05.145656+08:00
3037,2023-03-21,1981167.0,4648382.0,1574000.0,8203549.0,36750.0,1430.0,136.0,-236.0,,2026-07-24T11:49:05.145656+08:00
3037,2023-03-22,6968.0,1466457.0,453000.0,1926425.0,36753.0,1269.0,3.0,-161.0,,2026-07-24T11:49:05.145656+08:00
3037,2023-03-23,597825.0,11813833.0,2625000.0,15036658.0,35512.0,984.0,-1241.0,-285.0,,2026-07-24T11:49:05.145656+08:00
3037,2023-03-24,-404657.0,3152295.0,3525889.0,6273527.0,34984.0,9.0,-528.0,-975.0,,2026-07-24T11:49:05.145656+08:00
3037,2023-03-27,-87980.0,-2335239.0,2951000.0,527781.0,35121.0,0.0,137.0,-9.0,,2026-07-24T11:49:05.145656+08:00
3037,2023-03-28,-785020.0,-4479238.0,1246305.0,-4017953.0,34957.0,0.0,-164.0,0.0,,2026-07-24T11:49:05.145656+08:00
3037,2023-03-29,-65747.0,2904777.0,1306305.0,4145335.0,34537.0,0.0,-420.0,0.0,,2026-07-24T11:49:05.145656+08:00
3037,2023-03-30,684347.0,14909905.0,344551.0,15938803.0,33503.0,773.0,-1034.0,773.0,,2026-07-24T11:49:05.145656+08:00
3037,2023-03-31,-181244.0,837477.0,1699305.0,2355538.0,33559.0,901.0,56.0,128.0,,2026-07-24T11:49:05.145656+08:00
3037,2023-04-06,97836.0,-3411140.0,112000.0,-3201304.0,34133.0,631.0,574.0,-270.0,,2026-07-24T11:49:05.145656+08:00
3037,2023-04-07,-42157.0,-517800.0,48000.0,-511957.0,34419.0,769.0,286.0,138.0,,2026-07-24T11:49:05.145656+08:00
3037,2023-04-10,-305981.0,686253.0,-3667.0,376605.0,34359.0,878.0,-60.0,109.0,,2026-07-24T11:49:05.145656+08:00
3037,2023-04-11,156185.0,-1224372.0,11000.0,-1057187.0,34238.0,847.0,-121.0,-31.0,,2026-07-24T11:49:05.145656+08:00
3037,2023-04-12,-95735.0,-1221543.0,4737.0,-1312541.0,34430.0,791.0,192.0,-56.0,,2026-07-24T11:49:05.145656+08:00
3037,2023-04-13,-486846.0,-1304474.0,16000.0,-1775320.0,34240.0,974.0,-190.0,183.0,,2026-07-24T11:49:05.145656+08:00
3037,2023-04-14,-71494.0,-2586361.0,-979000.0,-3636855.0,34711.0,867.0,471.0,-107.0,,2026-07-24T11:49:05.145656+08:00
3037,2023-04-17,20615.0,-2699008.0,-456000.0,-3134393.0,35144.0,832.0,433.0,-35.0,,2026-07-24T11:49:05.145656+08:00
3037,2023-04-18,-10385.0,-6748376.0,-511000.0,-7269761.0,36252.0,825.0,1108.0,-7.0,,2026-07-24T11:49:05.145656+08:00
3037,2023-04-19,-197909.0,-8400149.0,-834000.0,-9432058.0,36867.0,828.0,615.0,3.0,,2026-07-24T11:49:05.145656+08:00
3037,2023-04-20,332348.0,1334279.0,4000.0,1670627.0,36725.0,1130.0,-142.0,302.0,,2026-07-24T11:49:05.145656+08:00
3037,2023-04-21,-18508.0,-1326620.0,419000.0,-926128.0,36583.0,1334.0,-142.0,204.0,,2026-07-24T11:49:05.145656+08:00
3037,2023-04-24,205000.0,40179.0,4470308.0,4715487.0,35630.0,1278.0,-953.0,-56.0,,2026-07-24T11:49:05.145656+08:00
3037,2023-04-25,-149289.0,-3989843.0,3762000.0,-377132.0,34872.0,1404.0,-758.0,126.0,,2026-07-24T11:49:05.145656+08:00
3037,2023-04-26,48497.0,7250663.0,2178000.0,9477160.0,34748.0,1964.0,-124.0,560.0,,2026-07-24T11:49:05.145656+08:00
3037,2023-04-27,-469170.0,-7948632.0,330000.0,-8087802.0,35757.0,1978.0,1009.0,14.0,,2026-07-24T11:49:05.145656+08:00
3037,2023-04-28,1195223.0,29511184.0,2027000.0,32733407.0,32459.0,2838.0,-3298.0,860.0,,2026-07-24T11:49:05.145656+08:00
3037,2023-05-02,523078.0,2606245.0,1027000.0,4156323.0,33428.0,2641.0,969.0,-197.0,,2026-07-24T11:49:05.145656+08:00
3037,2023-05-03,589338.0,6617317.0,1095909.0,8302564.0,32664.0,2864.0,-764.0,223.0,,2026-07-24T11:49:05.145656+08:00
3037,2023-05-04,-69839.0,-1018611.0,1234071.0,145621.0,32545.0,3077.0,-119.0,213.0,,2026-07-24T11:49:05.145656+08:00
3037,2023-05-05,2034065.0,9180390.0,1388380.0,12602835.0,32452.0,3563.0,-93.0,486.0,,2026-07-24T11:49:05.145656+08:00
3037,2023-05-08,592201.0,16423668.0,4851519.0,21867388.0,28507.0,4571.0,-3945.0,1008.0,,2026-07-24T11:49:05.145656+08:00
3037,2023-05-09,-1029608.0,-1618700.0,1546000.0,-1102308.0,27874.0,4487.0,-633.0,-84.0,,2026-07-24T11:49:05.145656+08:00
3037,2023-05-10,-71075.0,1108382.0,281000.0,1318307.0,27341.0,4380.0,-533.0,-107.0,,2026-07-24T11:49:05.145656+08:00
3037,2023-05-11,-364254.0,-847211.0,1980758.0,769293.0,26780.0,4260.0,-561.0,-120.0,,2026-07-24T11:49:05.145656+08:00
3037,2023-05-12,115340.0,1129572.0,303000.0,1547912.0,27777.0,4746.0,997.0,486.0,,2026-07-24T11:49:05.145656+08:00
3037,2023-05-15,-666675.0,-2251766.0,276000.0,-2642441.0,27920.0,4583.0,143.0,-163.0,,2026-07-24T11:49:05.145656+08:00
3037,2023-05-16,677048.0,4196074.0,1372000.0,6245122.0,28826.0,4795.0,906.0,212.0,,2026-07-24T11:49:05.145656+08:00
3037,2023-05-17,491921.0,10233179.0,1282000.0,12007100.0,26675.0,5352.0,-2151.0,557.0,,2026-07-24T11:49:05.145656+08:00
3037,2023-05-18,566860.0,12000648.0,403000.0,12970508.0,23451.0,5644.0,-3224.0,292.0,,2026-07-24T11:49:05.145656+08:00
3037,2023-05-19,260871.0,7616349.0,404000.0,8281220.0,21541.0,5679.0,-1910.0,35.0,,2026-07-24T11:49:05.145656+08:00
3037,2023-05-22,-32343.0,-6317793.0,-799379.0,-7149515.0,23135.0,4321.0,1594.0,-1358.0,,2026-07-24T11:49:05.145656+08:00
3037,2023-05-23,414677.0,10433260.0,-10469.0,10837468.0,22135.0,5016.0,-1000.0,695.0,,2026-07-24T11:49:05.145656+08:00
3037,2023-05-24,283206.0,104107.0,-7062.0,380251.0,22772.0,4942.0,637.0,-74.0,,2026-07-24T11:49:05.145656+08:00
3037,2023-05-25,894107.0,21934842.0,1850000.0,24678949.0,20741.0,5205.0,-2031.0,263.0,,2026-07-24T11:49:05.145656+08:00
3037,2023-05-26,-1485971.0,6910665.0,503000.0,5927694.0,20641.0,5148.0,-100.0,-57.0,,2026-07-24T11:49:05.145656+08:00
3037,2023-05-29,-189294.0,-8853438.0,121000.0,-8921732.0,22823.0,4836.0,2182.0,-312.0,,2026-07-24T11:49:05.145656+08:00
3037,2023-05-30,-64594.0,-3416899.0,433688.0,-3047805.0,23294.0,4710.0,471.0,-126.0,,2026-07-24T11:49:05.145656+08:00
3037,2023-05-31,263562.0,-5950975.0,699403.0,-4988010.0,24530.0,4780.0,1236.0,70.0,,2026-07-24T11:49:05.145656+08:00
3037,2023-06-01,647500.0,3378090.0,84435.0,4110025.0,24366.0,4597.0,-164.0,-183.0,,2026-07-24T11:49:05.145656+08:00
3037,2023-06-02,490914.0,678888.0,-379040.0,790762.0,25241.0,4653.0,875.0,56.0,,2026-07-24T11:49:05.145656+08:00
3037,2023-06-05,-5120.0,-210151.0,375357.0,160086.0,25534.0,4758.0,293.0,105.0,,2026-07-24T11:49:05.145656+08:00
3037,2023-06-06,-1664888.0,-2319924.0,-710568.0,-4695380.0,25110.0,4292.0,-424.0,-466.0,,2026-07-24T11:49:05.145656+08:00
3037,2023-06-07,543935.0,-1394997.0,-3750627.0,-4601689.0,26269.0,4327.0,1159.0,35.0,,2026-07-24T11:49:05.145656+08:00
3037,2023-06-08,-1314999.0,-5140530.0,-2906615.0,-9362144.0,26428.0,3597.0,159.0,-730.0,,2026-07-24T11:49:05.145656+08:00
3037,2023-06-09,209505.0,4442595.0,-1211767.0,3440333.0,26625.0,3801.0,197.0,204.0,,2026-07-24T11:49:05.145656+08:00
3037,2023-06-12,-135000.0,954289.0,-548000.0,271289.0,26252.0,3901.0,-373.0,100.0,,2026-07-24T11:49:05.145656+08:00
3037,2023-06-13,967980.0,10460230.0,-576615.0,10851595.0,25694.0,4159.0,-558.0,258.0,,2026-07-24T11:49:05.145656+08:00
3037,2023-06-14,39800.0,-896125.0,507975.0,-348350.0,25664.0,4124.0,-30.0,-35.0,,2026-07-24T11:49:05.145656+08:00
3037,2023-06-15,257417.0,5556550.0,102000.0,5915967.0,24765.0,4395.0,-899.0,271.0,,2026-07-24T11:49:05.145656+08:00
3037,2023-06-16,-258205.0,6489823.0,3668699.0,9900317.0,23535.0,4343.0,-1230.0,-52.0,,2026-07-24T11:49:05.145656+08:00
3037,2023-06-19,-400882.0,-4021334.0,2652262.0,-1769954.0,24137.0,4184.0,602.0,-159.0,,2026-07-24T11:49:05.145656+08:00
3037,2023-06-20,-417040.0,7850406.0,-426822.0,7006544.0,23271.0,4227.0,-866.0,43.0,,2026-07-24T11:49:05.145656+08:00
3037,2023-06-21,-528108.0,2552513.0,-1507000.0,517405.0,23409.0,4053.0,138.0,-174.0,,2026-07-24T11:49:05.145656+08:00
3037,2023-06-26,178500.0,-447495.0,-1372000.0,-1640995.0,23148.0,3635.0,-261.0,-418.0,,2026-07-24T11:49:05.145656+08:00
3037,2023-06-27,-95576.0,-694527.0,20000.0,-770103.0,22664.0,3400.0,-484.0,-235.0,,2026-07-24T11:49:05.145656+08:00
3037,2023-06-28,-145686.0,-4092672.0,-1602000.0,-5840358.0,23242.0,2978.0,578.0,-422.0,,2026-07-24T11:49:05.145656+08:00
3037,2023-06-29,437684.0,1495944.0,-1047000.0,886628.0,23363.0,2888.0,121.0,-90.0,,2026-07-24T11:49:05.145656+08:00
3037,2023-06-30,296538.0,-787600.0,-600000.0,-1091062.0,23710.0,2731.0,347.0,-157.0,,2026-07-24T11:49:05.145656+08:00
3037,2023-07-03,1141773.0,829630.0,-19000.0,1952403.0,23568.0,2640.0,-142.0,-91.0,,2026-07-24T11:49:05.145656+08:00
3037,2023-07-04,-33272.0,1069486.0,-837359.0,198855.0,23557.0,2406.0,-11.0,-234.0,,2026-07-24T11:49:05.145656+08:00
3037,2023-07-05,-20966.0,-702323.0,-884000.0,-1607289.0,24709.0,1875.0,1152.0,-531.0,,2026-07-24T11:49:05.145656+08:00
3037,2023-07-06,-1497260.0,-10801643.0,-2056000.0,-14354903.0,26633.0,797.0,1924.0,-1078.0,,2026-07-24T11:49:05.145656+08:00
3037,2023-07-07,108272.0,-2776465.0,-1758058.0,-4426251.0,27598.0,21.0,965.0,-776.0,,2026-07-24T11:49:05.145656+08:00
3037,2023-07-10,70738.0,-1394954.0,-628000.0,-1952216.0,27540.0,0.0,-58.0,-21.0,,2026-07-24T11:49:05.145656+08:00
3037,2023-07-11,624381.0,-88294.0,54029.0,590116.0,26115.0,0.0,-1425.0,0.0,,2026-07-24T11:49:05.145656+08:00
3037,2023-07-12,3055891.0,-6297789.0,-242647.0,-3484545.0,25069.0,0.0,-1046.0,0.0,,2026-07-24T11:49:05.145656+08:00
3037,2023-07-13,-2403969.0,16190505.0,-431970.0,13354566.0,24435.0,385.0,-634.0,385.0,,2026-07-24T11:49:05.145656+08:00
3037,2023-07-14,236723.0,10340393.0,864030.0,11441146.0,26056.0,647.0,1621.0,262.0,,2026-07-24T11:49:05.145656+08:00
3037,2023-07-17,-276539.0,-9735025.0,47295.0,-9964269.0,28561.0,576.0,2505.0,-71.0,,2026-07-24T11:49:05.145656+08:00
3037,2023-07-18,1865086.0,12575968.0,1118908.0,15559962.0,31382.0,1400.0,2821.0,824.0,,2026-07-24T11:49:05.145656+08:00
3037,2023-07-19,445490.0,-4098504.0,2715000.0,-938014.0,32856.0,1609.0,1474.0,209.0,,2026-07-24T11:49:05.145656+08:00
3037,2023-07-20,285629.0,-5690212.0,-539000.0,-5943583.0,31042.0,1438.0,-1814.0,-171.0,,2026-07-24T11:49:05.145656+08:00
3037,2023-07-21,-217836.0,-3487493.0,-938000.0,-4643329.0,29805.0,1143.0,-1237.0,-295.0,,2026-07-24T11:49:05.145656+08:00
3037,2023-07-24,1231701.0,-1629035.0,182787.0,-214547.0,31898.0,1329.0,2093.0,186.0,,2026-07-24T11:49:05.145656+08:00
3037,2023-07-25,31408.0,-5584064.0,-62000.0,-5614656.0,32760.0,1246.0,862.0,-83.0,,2026-07-24T11:49:05.145656+08:00
3037,2023-07-26,-391240.0,14326534.0,-275346.0,13659948.0,30246.0,1525.0,-2514.0,279.0,,2026-07-24T11:49:05.145656+08:00
3037,2023-07-27,-2329477.0,-6864256.0,-3127427.0,-12321160.0,31553.0,1209.0,1307.0,-316.0,,2026-07-24T11:49:05.145656+08:00
3037,2023-07-28,-36097.0,-371743.0,-193651.0,-601491.0,31979.0,1156.0,426.0,-53.0,,2026-07-24T11:49:05.145656+08:00
3037,2023-07-31,-1134506.0,-666861.0,-926000.0,-2727367.0,31117.0,925.0,-862.0,-231.0,,2026-07-24T11:49:05.145656+08:00
3037,2023-08-01,-223807.0,-2322513.0,-40000.0,-2586320.0,31451.0,938.0,334.0,13.0,,2026-07-24T11:49:05.145656+08:00
3037,2023-08-02,-657621.0,774361.0,-2385000.0,-2268260.0,31594.0,720.0,143.0,-218.0,,2026-07-24T11:49:05.145656+08:00
3037,2023-08-04,-141627.0,604972.0,-2045000.0,-1581655.0,31604.0,648.0,10.0,-72.0,,2026-07-24T11:49:05.145656+08:00
3037,2023-08-07,142704.0,2837155.0,-846000.0,2133859.0,31440.0,660.0,-164.0,12.0,,2026-07-24T11:49:05.145656+08:00
3037,2023-08-08,-528228.0,-578663.0,-2599000.0,-3705891.0,31576.0,665.0,136.0,5.0,,2026-07-24T11:49:05.145656+08:00
3037,2023-08-09,320852.0,7858321.0,-31000.0,8148173.0,31331.0,834.0,-245.0,169.0,,2026-07-24T11:49:05.145656+08:00
3037,2023-08-10,-505064.0,-3704710.0,5000.0,-4204774.0,31611.0,657.0,280.0,-177.0,,2026-07-24T11:49:05.145656+08:00
3037,2023-08-11,-572929.0,-1898386.0,-50000.0,-2521315.0,31491.0,768.0,-120.0,111.0,,2026-07-24T11:49:05.145656+08:00
3037,2023-08-14,-353371.0,1105435.0,-562768.0,189296.0,30405.0,677.0,-1086.0,-91.0,,2026-07-24T11:49:05.145656+08:00
3037,2023-08-15,415234.0,527872.0,-190000.0,753106.0,30555.0,782.0,150.0,105.0,,2026-07-24T11:49:05.145656+08:00
3037,2023-08-16,-846416.0,-1471546.0,432313.0,-1885649.0,30630.0,763.0,75.0,-19.0,,2026-07-24T11:49:05.145656+08:00
3037,2023-08-17,743986.0,882023.0,-379344.0,1246665.0,30735.0,793.0,105.0,30.0,,2026-07-24T11:49:05.145656+08:00
3037,2023-08-18,-592379.0,-2074009.0,-651343.0,-3317731.0,31016.0,808.0,281.0,15.0,,2026-07-24T11:49:05.145656+08:00
3037,2023-08-21,-110586.0,111027.0,-306000.0,-305559.0,30882.0,796.0,-134.0,-12.0,,2026-07-24T11:49:05.145656+08:00
3037,2023-08-22,231285.0,2060510.0,-1072263.0,1219532.0,30661.0,834.0,-221.0,38.0,,2026-07-24T11:49:05.145656+08:00
3037,2023-08-23,-8538.0,2867110.0,-690000.0,2168572.0,30427.0,890.0,-234.0,56.0,,2026-07-24T11:49:05.145656+08:00
3037,2023-08-24,1672499.0,15301548.0,-27000.0,16947047.0,28898.0,1090.0,-1529.0,200.0,,2026-07-24T11:49:05.145656+08:00
3037,2023-08-25,-996468.0,-10636696.0,-129367.0,-11762531.0,31605.0,789.0,2707.0,-301.0,,2026-07-24T11:49:05.145656+08:00
3037,2023-08-28,-1024897.0,-2594574.0,63657.0,-3555814.0,32255.0,1463.0,650.0,674.0,,2026-07-24T11:49:05.145656+08:00
3037,2023-08-29,848262.0,3200892.0,976000.0,5025154.0,32738.0,1838.0,483.0,375.0,,2026-07-24T11:49:05.145656+08:00
3037,2023-08-30,31927.0,-295900.0,-512000.0,-775973.0,32112.0,1858.0,-626.0,20.0,,2026-07-24T11:49:05.145656+08:00
3037,2023-08-31,277288.0,2071164.0,44977.0,2393429.0,31856.0,1927.0,-256.0,69.0,,2026-07-24T11:49:05.145656+08:00
3037,2023-09-01,-492990.0,-3110296.0,-158949.0,-3762235.0,32247.0,1790.0,391.0,-137.0,,2026-07-24T11:49:05.145656+08:00
3037,2023-09-04,-66007.0,1751930.0,92203.0,1778126.0,32067.0,1826.0,-180.0,36.0,,2026-07-24T11:49:05.145656+08:00
3037,2023-09-05,426007.0,2162970.0,-777866.0,1811111.0,31822.0,1825.0,-245.0,-1.0,,2026-07-24T11:49:05.145656+08:00
3037,2023-09-06,-151020.0,-455712.0,5285.0,-601447.0,31863.0,1826.0,41.0,1.0,,2026-07-24T11:49:05.145656+08:00
3037,2023-09-07,-121468.0,163686.0,-103065.0,-60847.0,31621.0,1852.0,-242.0,26.0,,2026-07-24T11:49:05.145656+08:00
3037,2023-09-08,-537070.0,-1093448.0,35967.0,-1594551.0,31719.0,1792.0,98.0,-60.0,,2026-07-24T11:49:05.145656+08:00
3037,2023-09-11,-2015.0,226065.0,198930.0,422980.0,31050.0,1789.0,-669.0,-3.0,,2026-07-24T11:49:05.145656+08:00
3037,2023-09-12,52233.0,2423543.0,1318000.0,3793776.0,30818.0,1897.0,-232.0,108.0,,2026-07-24T11:49:05.145656+08:00
3037,2023-09-13,-214857.0,-4486539.0,98000.0,-4603396.0,31610.0,1769.0,792.0,-128.0,,2026-07-24T11:49:05.145656+08:00
3037,2023-09-14,534634.0,5829861.0,143000.0,6507495.0,30994.0,1848.0,-616.0,79.0,,2026-07-24T11:49:05.145656+08:00
3037,2023-09-15,1352112.0,4931117.0,1165000.0,7448229.0,31100.0,1146.0,106.0,-702.0,,2026-07-24T11:49:05.145656+08:00
3037,2023-09-18,-366334.0,-7866315.0,333538.0,-7899111.0,32884.0,949.0,1784.0,-197.0,,2026-07-24T11:49:05.145656+08:00
3037,2023-09-19,333759.0,4229411.0,1967129.0,6530299.0,32143.0,1211.0,-741.0,262.0,,2026-07-24T11:49:05.145656+08:00
3037,2023-09-20,-417457.0,-7224746.0,695528.0,-6946675.0,31893.0,990.0,-250.0,-221.0,,2026-07-24T11:49:05.145656+08:00
3037,2023-09-21,-156143.0,-4901866.0,21034.0,-5036975.0,32058.0,801.0,165.0,-189.0,,2026-07-24T11:49:05.145656+08:00
3037,2023-09-22,-311020.0,-3993856.0,-629000.0,-4933876.0,31870.0,759.0,-188.0,-42.0,,2026-07-24T11:49:05.145656+08:00
3037,2023-09-25,-20661.0,-3120175.0,-470225.0,-3611061.0,31954.0,786.0,84.0,27.0,,2026-07-24T11:49:05.145656+08:00
3037,2023-09-26,-149195.0,-1241342.0,-471391.0,-1861928.0,32022.0,841.0,68.0,55.0,,2026-07-24T11:49:05.145656+08:00
3037,2023-09-27,-489074.0,-2952295.0,-779000.0,-4220369.0,32809.0,735.0,787.0,-106.0,,2026-07-24T11:49:05.145656+08:00
3037,2023-09-28,201764.0,-1900352.0,-801000.0,-2499588.0,32844.0,676.0,35.0,-59.0,,2026-07-24T11:49:05.145656+08:00
3037,2023-10-02,313451.0,5463701.0,-1083000.0,4694152.0,31846.0,668.0,-998.0,-8.0,,2026-07-24T11:49:05.145656+08:00
3037,2023-10-03,-269387.0,-591920.0,-928853.0,-1790160.0,32102.0,641.0,256.0,-27.0,,2026-07-24T11:49:05.145656+08:00
3037,2023-10-04,-227083.0,-1650576.0,-1930695.0,-3808354.0,33441.0,648.0,1339.0,7.0,,2026-07-24T11:49:05.145656+08:00
3037,2023-10-05,-103833.0,-2912273.0,-2355472.0,-5371578.0,34232.0,667.0,791.0,19.0,,2026-07-24T11:49:05.145656+08:00
3037,2023-10-06,45128.0,-1746850.0,-1692618.0,-3394340.0,34799.0,676.0,567.0,9.0,,2026-07-24T11:49:05.145656+08:00
3037,2023-10-11,89941.0,1681949.0,-2559326.0,-787436.0,34847.0,649.0,48.0,-27.0,,2026-07-24T11:49:05.145656+08:00
3037,2023-10-12,-21990.0,-122470.0,-1680000.0,-1824460.0,35108.0,573.0,261.0,-76.0,,2026-07-24T11:49:05.145656+08:00
3037,2023-10-13,-410351.0,-4129759.0,-2200236.0,-6740346.0,35462.0,648.0,354.0,75.0,,2026-07-24T11:49:05.145656+08:00
3037,2023-10-16,-291167.0,2384089.0,-1769637.0,323285.0,34924.0,584.0,-538.0,-64.0,,2026-07-24T11:49:05.145656+08:00
3037,2023-10-17,114293.0,2602311.0,-1029000.0,1687604.0,34414.0,657.0,-510.0,73.0,,2026-07-24T11:49:05.145656+08:00
3037,2023-10-18,-764149.0,-4392783.0,-596000.0,-5752932.0,34247.0,576.0,-167.0,-81.0,,2026-07-24T11:49:05.145656+08:00
3037,2023-10-19,166831.0,-84673.0,-474500.0,-392342.0,32745.0,568.0,-1502.0,-8.0,,2026-07-24T11:49:05.145656+08:00
3037,2023-10-20,-93903.0,-173700.0,-652695.0,-920298.0,32445.0,563.0,-300.0,-5.0,,2026-07-24T11:49:05.145656+08:00
3037,2023-10-23,-144242.0,-541318.0,-153000.0,-838560.0,32262.0,531.0,-183.0,-32.0,,2026-07-24T11:49:05.145656+08:00
3037,2023-10-24,-204065.0,59049.0,-1128000.0,-1273016.0,32032.0,496.0,-230.0,-35.0,,2026-07-24T11:49:05.145656+08:00
3037,2023-10-25,141123.0,-958397.0,-15000.0,-832274.0,32309.0,468.0,277.0,-28.0,,2026-07-24T11:49:05.145656+08:00
3037,2023-10-26,-468083.0,-4339843.0,-1575804.0,-6383730.0,32465.0,510.0,156.0,42.0,,2026-07-24T11:49:05.145656+08:00
3037,2023-10-27,204888.0,-290290.0,-1509383.0,-1594785.0,32265.0,447.0,-200.0,-63.0,,2026-07-24T11:49:05.145656+08:00
3037,2023-10-30,-8847.0,-1343727.0,-699148.0,-2051722.0,32461.0,449.0,196.0,2.0,,2026-07-24T11:49:05.145656+08:00
3037,2023-10-31,-95085.0,-809174.0,840000.0,-64259.0,32093.0,482.0,-368.0,33.0,,2026-07-24T11:49:05.145656+08:00
3037,2023-11-01,84679.0,-94957.0,-552149.0,-562427.0,32562.0,516.0,469.0,34.0,,2026-07-24T11:49:05.145656+08:00
3037,2023-11-02,353158.0,1173622.0,-516000.0,1010780.0,31974.0,508.0,-588.0,-8.0,,2026-07-24T11:49:05.145656+08:00
3037,2023-11-03,10389.0,4297671.0,-395000.0,3913060.0,30851.0,568.0,-1123.0,60.0,,2026-07-24T11:49:05.145656+08:00
3037,2023-11-06,-377217.0,1793278.0,-165617.0,1250444.0,30403.0,711.0,-448.0,143.0,,2026-07-24T11:49:05.145656+08:00
3037,2023-11-07,-9430.0,-2168686.0,-579617.0,-2757733.0,30883.0,763.0,480.0,52.0,,2026-07-24T11:49:05.145656+08:00
3037,2023-11-08,-122146.0,140078.0,-584000.0,-566068.0,30793.0,641.0,-90.0,-122.0,,2026-07-24T11:49:05.145656+08:00
3037,2023-11-09,78814.0,-160675.0,-204000.0,-285861.0,30745.0,626.0,-48.0,-15.0,,2026-07-24T11:49:05.145656+08:00
3037,2023-11-10,-60922.0,-317872.0,-568000.0,-946794.0,30845.0,580.0,100.0,-46.0,,2026-07-24T11:49:05.145656+08:00
3037,2023-11-13,303928.0,1958691.0,-114000.0,2148619.0,30780.0,639.0,-65.0,59.0,,2026-07-24T11:49:05.145656+08:00
3037,2023-11-14,-60113.0,-3234621.0,-182000.0,-3476734.0,31440.0,590.0,660.0,-49.0,,2026-07-24T11:49:05.145656+08:00
3037,2023-11-15,-427252.0,1479410.0,1149.0,1053307.0,30835.0,683.0,-605.0,93.0,,2026-07-24T11:49:05.145656+08:00
3037,2023-11-16,131625.0,-903986.0,35000.0,-737361.0,30961.0,627.0,126.0,-56.0,,2026-07-24T11:49:05.145656+08:00
3037,2023-11-17,302225.0,5355274.0,-77233.0,5580266.0,30081.0,678.0,-880.0,51.0,,2026-07-24T11:49:05.145656+08:00
3037,2023-11-20,39291.0,-1951382.0,1885500.0,-26591.0,30639.0,700.0,558.0,22.0,,2026-07-24T11:49:05.145656+08:00
3037,2023-11-21,-244531.0,7213233.0,5520030.0,12488732.0,29197.0,1164.0,-1442.0,464.0,,2026-07-24T11:49:05.145656+08:00
3037,2023-11-22,629543.0,-1840209.0,4571767.0,3361101.0,29364.0,1254.0,167.0,90.0,,2026-07-24T11:49:05.145656+08:00
3037,2023-11-23,-380412.0,-1631439.0,847000.0,-1164851.0,29311.0,1105.0,-53.0,-149.0,,2026-07-24T11:49:05.145656+08:00
3037,2023-11-24,119263.0,-1363807.0,105321.0,-1139223.0,29798.0,922.0,487.0,-183.0,,2026-07-24T11:49:05.145656+08:00
3037,2023-11-27,-203633.0,505678.0,222302.0,524347.0,29154.0,787.0,-644.0,-135.0,,2026-07-24T11:49:05.145656+08:00
3037,2023-11-28,591857.0,1804108.0,909000.0,3304965.0,29055.0,993.0,-99.0,206.0,,2026-07-24T11:49:05.145656+08:00
3037,2023-11-29,-16590.0,4585576.0,908000.0,5476986.0,28328.0,1117.0,-727.0,124.0,,2026-07-24T11:49:05.145656+08:00
3037,2023-11-30,-537224.0,2666159.0,476175.0,2605110.0,28163.0,1148.0,-165.0,31.0,,2026-07-24T11:49:05.145656+08:00
3037,2023-12-01,-101733.0,1833279.0,153000.0,1884546.0,27472.0,1144.0,-691.0,-4.0,,2026-07-24T11:49:05.145656+08:00
3037,2023-12-04,-58736.0,2232387.0,27384.0,2201035.0,27005.0,1131.0,-467.0,-13.0,,2026-07-24T11:49:05.145656+08:00
3037,2023-12-05,-68557.0,-2840722.0,336000.0,-2573279.0,27214.0,975.0,209.0,-156.0,,2026-07-24T11:49:05.145656+08:00
3037,2023-12-06,9779.0,-1036949.0,27233.0,-999937.0,27551.0,949.0,337.0,-26.0,,2026-07-24T11:49:05.145656+08:00
3037,2023-12-07,-98451.0,-762647.0,241617.0,-619481.0,27579.0,941.0,28.0,-8.0,,2026-07-24T11:49:05.145656+08:00
3037,2023-12-08,159993.0,3403509.0,17000.0,3580502.0,27408.0,1031.0,-171.0,90.0,,2026-07-24T11:49:05.145656+08:00
3037,2023-12-11,-292584.0,7255596.0,567000.0,7530012.0,27519.0,1103.0,111.0,72.0,,2026-07-24T11:49:05.145656+08:00
3037,2023-12-12,25749.0,-2343472.0,-20683.0,-2338406.0,27284.0,1082.0,-235.0,-21.0,,2026-07-24T11:49:05.145656+08:00
3037,2023-12-13,23215.0,438551.0,53565.0,515331.0,26885.0,1083.0,-399.0,1.0,,2026-07-24T11:49:05.145656+08:00
3037,2023-12-14,197503.0,7617065.0,181648.0,7996216.0,25664.0,1166.0,-1221.0,83.0,,2026-07-24T11:49:05.145656+08:00
3037,2023-12-15,-296770.0,3437355.0,151622.0,3292207.0,25294.0,1225.0,-370.0,59.0,,2026-07-24T11:49:05.145656+08:00
3037,2023-12-18,-361267.0,-783116.0,-1481385.0,-2625768.0,25438.0,1114.0,144.0,-111.0,,2026-07-24T11:49:05.145656+08:00
3037,2023-12-19,-157254.0,1720239.0,-1660316.0,-97331.0,25524.0,1105.0,86.0,-9.0,,2026-07-24T11:49:05.145656+08:00
3037,2023-12-20,358546.0,343627.0,-3076000.0,-2373827.0,25937.0,1020.0,413.0,-85.0,,2026-07-24T11:49:05.145656+08:00
3037,2023-12-21,387376.0,9642052.0,-2193905.0,7835523.0,24451.0,1308.0,-1486.0,288.0,,2026-07-24T11:49:05.145656+08:00
3037,2023-12-22,-372156.0,-1232582.0,-1842000.0,-3446738.0,25053.0,1155.0,602.0,-153.0,,2026-07-24T11:49:05.145656+08:00
3037,2023-12-25,18260.0,-261000.0,-7637.0,-250377.0,24982.0,1156.0,-71.0,1.0,,2026-07-24T11:49:05.145656+08:00
3037,2023-12-26,-128512.0,1260976.0,-122637.0,1009827.0,24569.0,1218.0,-413.0,62.0,,2026-07-24T11:49:05.145656+08:00
3037,2023-12-27,-89379.0,1631910.0,-510620.0,1031911.0,23400.0,1219.0,-1169.0,1.0,,2026-07-24T11:49:05.145656+08:00
3037,2023-12-28,-97408.0,-189180.0,-1427273.0,-1713861.0,23508.0,1207.0,108.0,-12.0,,2026-07-24T11:49:05.145656+08:00
3037,2023-12-29,-147119.0,1117659.0,-1520000.0,-549460.0,23495.0,1063.0,-13.0,-144.0,,2026-07-24T11:49:05.145656+08:00
3037,2024-01-02,-381615.0,396731.0,-985270.0,-970154.0,23627.0,939.0,132.0,-124.0,,2026-07-24T11:49:05.145656+08:00
3037,2024-01-03,-169629.0,-311605.0,-1194899.0,-1676133.0,23995.0,850.0,368.0,-89.0,,2026-07-24T11:49:05.145656+08:00
3037,2024-01-04,-219725.0,-2108472.0,-1483100.0,-3811297.0,24663.0,775.0,668.0,-75.0,,2026-07-24T11:49:05.145656+08:00
3037,2024-01-05,23840.0,-5561492.0,-201690.0,-5739342.0,26510.0,704.0,1847.0,-71.0,,2026-07-24T11:49:05.145656+08:00
3037,2024-01-08,40012.0,-964567.0,-168277.0,-1092832.0,26563.0,755.0,53.0,51.0,,2026-07-24T11:49:05.145656+08:00
3037,2024-01-09,25035.0,239527.0,-919000.0,-654438.0,26599.0,765.0,36.0,10.0,,2026-07-24T11:49:05.145656+08:00
3037,2024-01-10,-43278.0,2081226.0,-3099639.0,-1061691.0,26761.0,762.0,162.0,-3.0,,2026-07-24T11:49:05.145656+08:00
3037,2024-01-11,129604.0,-2231290.0,-1129515.0,-3231201.0,27253.0,743.0,492.0,-19.0,,2026-07-24T11:49:05.145656+08:00
3037,2024-01-12,-333.0,-182601.0,-2022000.0,-2204934.0,27371.0,693.0,118.0,-50.0,,2026-07-24T11:49:05.145656+08:00
3037,2024-01-15,257.0,-1814022.0,-677000.0,-2490765.0,27635.0,714.0,264.0,21.0,,2026-07-24T11:49:05.145656+08:00
3037,2024-01-16,9000.0,759048.0,-237000.0,531048.0,27536.0,602.0,-99.0,-112.0,,2026-07-24T11:49:05.145656+08:00
3037,2024-01-17,291080.0,-3043281.0,-12030.0,-2764231.0,27877.0,525.0,341.0,-77.0,,2026-07-24T11:49:05.145656+08:00
3037,2024-01-18,-156876.0,190438.0,215970.0,249532.0,27526.0,516.0,-351.0,-9.0,,2026-07-24T11:49:05.145656+08:00
3037,2024-01-19,127970.0,10962630.0,125970.0,11216570.0,26087.0,906.0,-1439.0,390.0,,2026-07-24T11:49:05.145656+08:00
3037,2024-01-22,-547297.0,5645773.0,148345.0,5246821.0,25501.0,981.0,-586.0,75.0,,2026-07-24T11:49:05.145656+08:00
3037,2024-01-23,-30908.0,1018875.0,-176000.0,811967.0,25697.0,931.0,196.0,-50.0,,2026-07-24T11:49:05.145656+08:00
3037,2024-01-24,101653.0,-4309142.0,-20000.0,-4227489.0,26524.0,845.0,827.0,-86.0,,2026-07-24T11:49:05.145656+08:00
3037,2024-01-25,411301.0,14038555.0,1306.0,14451162.0,25238.0,1138.0,-1286.0,293.0,,2026-07-24T11:49:05.145656+08:00
3037,2024-01-26,-617288.0,-3318711.0,118044.0,-3817955.0,25354.0,1132.0,116.0,-6.0,,2026-07-24T11:49:05.145656+08:00
3037,2024-01-29,361589.0,9663680.0,700252.0,10725521.0,25093.0,1431.0,-261.0,299.0,,2026-07-24T11:49:05.145656+08:00
3037,2024-01-30,40166.0,3718504.0,32728.0,3791398.0,24048.0,1300.0,-1045.0,-131.0,,2026-07-24T11:49:05.145656+08:00
3037,2024-01-31,-169706.0,550628.0,139000.0,519922.0,24156.0,1209.0,108.0,-91.0,,2026-07-24T11:49:05.145656+08:00
3037,2024-02-01,53005.0,1788253.0,-13000.0,1828258.0,24714.0,1127.0,558.0,-82.0,,2026-07-24T11:49:05.145656+08:00
3037,2024-02-02,-40140.0,5452928.0,-346000.0,5066788.0,24085.0,1159.0,-629.0,32.0,,2026-07-24T11:49:05.145656+08:00
3037,2024-02-05,-268356.0,401637.0,-206535.0,-73254.0,23901.0,1057.0,-184.0,-102.0,,2026-07-24T11:49:05.145656+08:00
3037,2024-02-15,181241.0,4656272.0,-88461.0,4749052.0,23413.0,1126.0,-488.0,69.0,,2026-07-24T11:49:05.145656+08:00
3037,2024-02-16,476896.0,3600054.0,-24374.0,4052576.0,23116.0,1136.0,-297.0,10.0,,2026-07-24T11:49:05.145656+08:00
3037,2024-02-19,2105757.0,13029978.0,561471.0,15697206.0,24219.0,1460.0,1103.0,324.0,,2026-07-24T11:49:05.145656+08:00
3037,2024-02-20,-757285.0,1111619.0,763223.0,1117557.0,24357.0,1318.0,138.0,-142.0,,2026-07-24T11:49:05.145656+08:00
3037,2024-02-21,-101293.0,918605.0,-107897.0,709415.0,24307.0,1313.0,-50.0,-5.0,,2026-07-24T11:49:05.145656+08:00
3037,2024-02-22,280988.0,2702063.0,-42485.0,2940566.0,22298.0,1312.0,-2009.0,-1.0,,2026-07-24T11:49:05.145656+08:00
3037,2024-02-23,228032.0,77952.0,-63091.0,242893.0,22452.0,1270.0,154.0,-42.0,,2026-07-24T11:49:05.145656+08:00
3037,2024-02-26,1314178.0,12195363.0,1083544.0,14593085.0,21254.0,1504.0,-1198.0,234.0,,2026-07-24T11:49:05.145656+08:00
3037,2024-02-27,-1257749.0,-19174925.0,-428294.0,-20860968.0,22816.0,861.0,1562.0,-643.0,,2026-07-24T11:49:05.145656+08:00
3037,2024-02-29,68010.0,-137501.0,-160940.0,-230431.0,22891.0,991.0,75.0,130.0,,2026-07-24T11:49:05.145656+08:00
3037,2024-03-01,-137706.0,-981107.0,-62485.0,-1181298.0,22859.0,908.0,-32.0,-83.0,,2026-07-24T11:49:05.145656+08:00
3037,2024-03-04,256819.0,1661216.0,210030.0,2128065.0,22284.0,823.0,-575.0,-85.0,,2026-07-24T11:49:05.145656+08:00
3037,2024-03-05,-539095.0,-1849735.0,-85867.0,-2474697.0,22422.0,773.0,138.0,-50.0,,2026-07-24T11:49:05.145656+08:00
3037,2024-03-06,-2341.0,-3629124.0,-1666180.0,-5297645.0,22717.0,689.0,295.0,-84.0,,2026-07-24T11:49:05.145656+08:00
3037,2024-03-07,-158623.0,-945879.0,74000.0,-1030502.0,22928.0,678.0,211.0,-11.0,,2026-07-24T11:49:05.145656+08:00
3037,2024-03-08,420227.0,-500716.0,504543.0,424054.0,22932.0,702.0,4.0,24.0,,2026-07-24T11:49:05.145656+08:00
3037,2024-03-11,14172.0,2068813.0,66972.0,2149957.0,22596.0,707.0,-336.0,5.0,,2026-07-24T11:49:05.145656+08:00
3037,2024-03-12,672019.0,3158781.0,937000.0,4767800.0,21788.0,736.0,-808.0,29.0,,2026-07-24T11:49:05.145656+08:00
3037,2024-03-13,-626787.0,-763893.0,-19000.0,-1409680.0,22236.0,618.0,448.0,-118.0,,2026-07-24T11:49:05.145656+08:00
3037,2024-03-14,79187.0,178570.0,5698.0,263455.0,22486.0,632.0,250.0,14.0,,2026-07-24T11:49:05.145656+08:00
3037,2024-03-15,215554.0,-5258426.0,-73000.0,-5115872.0,23514.0,475.0,1028.0,-157.0,,2026-07-24T11:49:05.145656+08:00
3037,2024-03-18,1209340.0,11412789.0,3224500.0,15846629.0,23357.0,591.0,-157.0,116.0,,2026-07-24T11:49:05.145656+08:00
3037,2024-03-19,54094.0,6442003.0,5271622.0,11767719.0,22574.0,718.0,-783.0,127.0,,2026-07-24T11:49:05.145656+08:00
3037,2024-03-20,-321275.0,8472859.0,2653000.0,10804584.0,21427.0,753.0,-1147.0,35.0,,2026-07-24T11:49:05.145656+08:00
3037,2024-03-21,7896.0,5803627.0,2228384.0,8039907.0,21312.0,673.0,-115.0,-80.0,,2026-07-24T11:49:05.145656+08:00
3037,2024-03-22,125266.0,2606771.0,753071.0,3485108.0,21438.0,481.0,126.0,-192.0,,2026-07-24T11:49:05.145656+08:00
3037,2024-03-25,169117.0,821222.0,439536.0,1429875.0,22028.0,20.0,590.0,-461.0,,2026-07-24T11:49:05.145656+08:00
3037,2024-03-26,-396981.0,-2852008.0,1808536.0,-1440453.0,21825.0,0.0,-203.0,-20.0,,2026-07-24T11:49:05.145656+08:00
3037,2024-03-27,-21899.0,1407768.0,-67000.0,1318869.0,21780.0,0.0,-45.0,0.0,,2026-07-24T11:49:05.145656+08:00
3037,2024-03-28,-85959.0,1931754.0,-488930.0,1356865.0,21913.0,0.0,133.0,0.0,,2026-07-24T11:49:05.145656+08:00
3037,2024-03-29,-316501.0,1350968.0,111000.0,1145467.0,21904.0,69.0,-9.0,69.0,,2026-07-24T11:49:05.145656+08:00
3037,2024-04-01,212655.0,1610482.0,1399536.0,3222673.0,22921.0,117.0,1017.0,48.0,,2026-07-24T11:49:05.145656+08:00
3037,2024-04-02,-107420.0,2079974.0,91536.0,2064090.0,22048.0,147.0,-873.0,30.0,,2026-07-24T11:49:05.145656+08:00
3037,2024-04-03,-153216.0,-41102.0,-546928.0,-741246.0,21937.0,133.0,-111.0,-14.0,,2026-07-24T11:49:05.145656+08:00
3037,2024-04-08,636040.0,2264243.0,1232149.0,4132432.0,22378.0,319.0,441.0,186.0,,2026-07-24T11:49:05.145656+08:00
3037,2024-04-09,-562714.0,-2342983.0,-475637.0,-3381334.0,22034.0,241.0,-344.0,-78.0,,2026-07-24T11:49:05.145656+08:00
3037,2024-04-10,-67512.0,-947908.0,-437464.0,-1452884.0,21547.0,219.0,-487.0,-22.0,,2026-07-24T11:49:05.145656+08:00
3037,2024-04-11,-205273.0,478823.0,-109000.0,164550.0,21333.0,229.0,-214.0,10.0,,2026-07-24T11:49:05.145656+08:00
3037,2024-04-12,-124282.0,557261.0,-209466.0,223513.0,21097.0,223.0,-236.0,-6.0,,2026-07-24T11:49:05.145656+08:00
3037,2024-04-15,-697062.0,-4851393.0,-499000.0,-6047455.0,20691.0,166.0,-406.0,-57.0,,2026-07-24T11:49:05.145656+08:00
3037,2024-04-16,-684955.0,-962447.0,-229465.0,-1876867.0,19245.0,133.0,-1446.0,-33.0,,2026-07-24T11:49:05.145656+08:00
3037,2024-04-17,-4543.0,-4361251.0,-52695.0,-4418489.0,19939.0,102.0,694.0,-31.0,,2026-07-24T11:49:05.145656+08:00
3037,2024-04-18,-153347.0,-339456.0,-687000.0,-1179803.0,20440.0,117.0,501.0,15.0,,2026-07-24T11:49:05.145656+08:00
3037,2024-04-19,-846259.0,-2597966.0,-1346675.0,-4790900.0,19511.0,109.0,-929.0,-8.0,,2026-07-24T11:49:05.145656+08:00
3037,2024-04-22,-24757.0,537330.0,-1438000.0,-925427.0,18650.0,139.0,-861.0,30.0,,2026-07-24T11:49:05.145656+08:00
3037,2024-04-23,234936.0,-334412.0,-935000.0,-1034476.0,18762.0,140.0,112.0,1.0,,2026-07-24T11:49:05.145656+08:00
3037,2024-04-24,-163207.0,8444457.0,0.0,8281250.0,18184.0,466.0,-578.0,326.0,,2026-07-24T11:49:05.145656+08:00
3037,2024-04-25,-41129.0,6379236.0,-54464.0,6283643.0,17349.0,334.0,-835.0,-132.0,,2026-07-24T11:49:05.145656+08:00
3037,2024-04-26,402898.0,-1559521.0,-666000.0,-1822623.0,17929.0,234.0,580.0,-100.0,,2026-07-24T11:49:05.145656+08:00
3037,2024-04-29,262036.0,240959.0,-311000.0,191995.0,17744.0,249.0,-185.0,15.0,,2026-07-24T11:49:05.145656+08:00
3037,2024-04-30,-12935.0,-495220.0,-315464.0,-823619.0,17745.0,230.0,1.0,-19.0,,2026-07-24T11:49:05.145656+08:00
3037,2024-05-02,-64815.0,-2360965.0,-1229.0,-2427009.0,18101.0,209.0,356.0,-21.0,,2026-07-24T11:49:05.145656+08:00
3037,2024-05-03,156677.0,-2075130.0,-488034.0,-2406487.0,18242.0,232.0,141.0,23.0,,2026-07-24T11:49:05.145656+08:00
3037,2024-05-06,301101.0,2670853.0,1907919.0,4879873.0,17464.0,369.0,-778.0,137.0,,2026-07-24T11:49:05.145656+08:00
3037,2024-05-07,-332736.0,-926338.0,40730.0,-1218344.0,17543.0,295.0,79.0,-74.0,,2026-07-24T11:49:05.145656+08:00
3037,2024-05-08,363809.0,149084.0,4447730.0,4960623.0,16548.0,488.0,-995.0,193.0,,2026-07-24T11:49:05.145656+08:00
3037,2024-05-09,-403233.0,68821.0,2571386.0,2236974.0,16299.0,585.0,-249.0,97.0,,2026-07-24T11:49:05.145656+08:00
3037,2024-05-10,-154989.0,-2652455.0,642460.0,-2164984.0,16407.0,543.0,108.0,-42.0,,2026-07-24T11:49:05.145656+08:00
3037,2024-05-13,-133299.0,-1331892.0,522000.0,-943191.0,16495.0,446.0,88.0,-97.0,,2026-07-24T11:49:05.145656+08:00
3037,2024-05-14,301781.0,-1396853.0,-236541.0,-1331613.0,16354.0,363.0,-141.0,-83.0,,2026-07-24T11:49:05.145656+08:00
3037,2024-05-15,52949.0,-665842.0,-1495084.0,-2107977.0,16489.0,362.0,135.0,-1.0,,2026-07-24T11:49:05.145656+08:00
3037,2024-05-16,211080.0,-2595335.0,-335080.0,-2719335.0,16913.0,357.0,424.0,-5.0,,2026-07-24T11:49:05.145656+08:00
3037,2024-05-17,145718.0,-467318.0,-247682.0,-569282.0,16848.0,350.0,-65.0,-7.0,,2026-07-24T11:49:05.145656+08:00
3037,2024-05-20,87532.0,-3113611.0,-70363.0,-3096442.0,16993.0,303.0,145.0,-47.0,,2026-07-24T11:49:05.145656+08:00
3037,2024-05-21,67238.0,264018.0,-40614.0,290642.0,16949.0,307.0,-44.0,4.0,,2026-07-24T11:49:05.145656+08:00
3037,2024-05-22,150737.0,-1211223.0,-371000.0,-1431486.0,16973.0,310.0,24.0,3.0,,2026-07-24T11:49:05.145656+08:00
3037,2024-05-23,551287.0,8921560.0,105498.0,9578345.0,16554.0,476.0,-419.0,166.0,,2026-07-24T11:49:05.145656+08:00
3037,2024-05-24,-235288.0,-653191.0,-17000.0,-905479.0,16409.0,532.0,-145.0,56.0,,2026-07-24T11:49:05.145656+08:00
3037,2024-05-27,455641.0,2354265.0,-59681.0,2750225.0,16494.0,552.0,85.0,20.0,,2026-07-24T11:49:05.145656+08:00
3037,2024-05-28,260904.0,-56000.0,-207681.0,-2777.0,16584.0,532.0,90.0,-20.0,,2026-07-24T11:49:05.145656+08:00
3037,2024-05-29,527675.0,974842.0,1400771.0,2903288.0,18319.0,549.0,1735.0,17.0,,2026-07-24T11:49:05.145656+08:00
3037,2024-05-30,-565905.0,-1258058.0,346000.0,-1477963.0,17245.0,465.0,-1074.0,-84.0,,2026-07-24T11:49:05.145656+08:00
3037,2024-05-31,-449534.0,-539991.0,-3977000.0,-4966525.0,17824.0,329.0,579.0,-136.0,,2026-07-24T11:49:05.145656+08:00
3037,2024-06-03,490896.0,2416301.0,-1413142.0,1494055.0,17583.0,374.0,-241.0,45.0,,2026-07-24T11:49:05.145656+08:00
3037,2024-06-04,-75178.0,-2095597.0,224644.0,-1946131.0,17676.0,386.0,93.0,12.0,,2026-07-24T11:49:05.145656+08:00
3037,2024-06-05,-163938.0,-2025303.0,34863.0,-2154378.0,17745.0,370.0,69.0,-16.0,,2026-07-24T11:49:05.145656+08:00
3037,2024-06-06,53173.0,544629.0,1683.0,599485.0,17605.0,396.0,-140.0,26.0,,2026-07-24T11:49:05.145656+08:00
3037,2024-06-07,-356616.0,-6419211.0,2000.0,-6773827.0,18168.0,299.0,563.0,-97.0,,2026-07-24T11:49:05.145656+08:00
3037,2024-06-11,-258392.0,-1999896.0,-56284.0,-2314572.0,18369.0,294.0,201.0,-5.0,,2026-07-24T11:49:05.145656+08:00
3037,2024-06-12,413440.0,3043603.0,-2444000.0,1013043.0,18282.0,289.0,-87.0,-5.0,,2026-07-24T11:49:05.145656+08:00
3037,2024-06-13,-438009.0,-734606.0,-507297.0,-1679912.0,18636.0,264.0,354.0,-25.0,,2026-07-24T11:49:05.145656+08:00
3037,2024-06-14,-62062.0,-2938082.0,-1152000.0,-4152144.0,19189.0,208.0,553.0,-56.0,,2026-07-24T11:49:05.145656+08:00
3037,2024-06-17,62594.0,444902.0,-434208.0,73288.0,19169.0,228.0,-20.0,20.0,,2026-07-24T11:49:05.145656+08:00
3037,2024-06-18,369281.0,6562240.0,354991.0,7286512.0,18775.0,307.0,-394.0,79.0,,2026-07-24T11:49:05.145656+08:00
3037,2024-06-19,-242156.0,1065486.0,-292974.0,530356.0,18237.0,300.0,-538.0,-7.0,,2026-07-24T11:49:05.145656+08:00
3037,2024-06-20,142838.0,583213.0,-57000.0,669051.0,18069.0,298.0,-168.0,-2.0,,2026-07-24T11:49:05.145656+08:00
3037,2024-06-21,-53883.0,-1454608.0,-658000.0,-2166491.0,18443.0,250.0,374.0,-48.0,,2026-07-24T11:49:05.145656+08:00
3037,2024-06-24,7222.0,479029.0,-709684.0,-223433.0,18476.0,233.0,33.0,-17.0,,2026-07-24T11:49:05.145656+08:00
3037,2024-06-25,-16115.0,-12544053.0,-226000.0,-12786168.0,19856.0,140.0,1380.0,-93.0,,2026-07-24T11:49:05.145656+08:00
3037,2024-06-26,58980.0,-3533876.0,-169000.0,-3643896.0,20005.0,106.0,149.0,-34.0,,2026-07-24T11:49:05.145656+08:00
3037,2024-06-27,-25816.0,-4773032.0,-279000.0,-5077848.0,20136.0,74.0,131.0,-32.0,,2026-07-24T11:49:05.145656+08:00
3037,2024-06-28,39442.0,-1628100.0,-279000.0,-1867658.0,20486.0,72.0,350.0,-2.0,,2026-07-24T11:49:05.145656+08:00
3037,2024-07-01,-23242.0,-722875.0,-351000.0,-1097117.0,20708.0,64.0,222.0,-8.0,,2026-07-24T11:49:05.145656+08:00
3037,2024-07-02,12345.0,-939853.0,-431000.0,-1358508.0,20510.0,46.0,-198.0,-18.0,,2026-07-24T11:49:05.145656+08:00
3037,2024-07-03,322282.0,-111221.0,-311195.0,-100134.0,21052.0,49.0,542.0,3.0,,2026-07-24T11:49:05.145656+08:00
3037,2024-07-04,23234.0,-4048187.0,-499500.0,-4524453.0,21149.0,29.0,97.0,-20.0,,2026-07-24T11:49:05.145656+08:00
3037,2024-07-05,72182.0,-3983181.0,-4224000.0,-8134999.0,22386.0,0.0,1237.0,-29.0,,2026-07-24T11:49:05.145656+08:00
3037,2024-07-08,206898.0,2536276.0,-479000.0,2264174.0,22026.0,0.0,-360.0,0.0,,2026-07-24T11:49:05.145656+08:00
3037,2024-07-09,-155250.0,-3556113.0,-518000.0,-4229363.0,22050.0,0.0,24.0,0.0,,2026-07-24T11:49:05.145656+08:00
3037,2024-07-10,338838.0,-2113794.0,97000.0,-1677956.0,22671.0,0.0,621.0,0.0,,2026-07-24T11:49:05.145656+08:00
3037,2024-07-11,2367672.0,17282530.0,-2710000.0,16940202.0,29632.0,241.0,6961.0,241.0,,2026-07-24T11:49:05.145656+08:00
3037,2024-07-12,241556.0,4911727.0,1911109.0,7064392.0,28492.0,326.0,-1140.0,85.0,,2026-07-24T11:49:05.145656+08:00
3037,2024-07-15,-430072.0,958348.0,1003703.0,1531979.0,27530.0,316.0,-962.0,-10.0,,2026-07-24T11:49:05.145656+08:00
3037,2024-07-16,177739.0,8396902.0,3231000.0,11805641.0,24027.0,644.0,-3503.0,328.0,,2026-07-24T11:49:05.145656+08:00
3037,2024-07-17,1357188.0,5176040.0,6748307.0,13281535.0,23268.0,1227.0,-759.0,583.0,,2026-07-24T11:49:05.145656+08:00
3037,2024-07-18,-446865.0,-3329229.0,1235536.0,-2540558.0,22556.0,728.0,-712.0,-499.0,,2026-07-24T11:49:05.145656+08:00
3037,2024-07-19,-571790.0,-895033.0,921000.0,-545823.0,21690.0,348.0,-866.0,-380.0,,2026-07-24T11:49:05.145656+08:00
3037,2024-07-22,673631.0,-9108820.0,503000.0,-7932189.0,23151.0,285.0,1461.0,-63.0,,2026-07-24T11:49:05.145656+08:00
3037,2024-07-23,665233.0,-2114631.0,2530711.0,1081313.0,23463.0,299.0,312.0,14.0,,2026-07-24T11:49:05.145656+08:00
3037,2024-07-26,-631035.0,-3542220.0,202000.0,-3971255.0,23803.0,319.0,340.0,20.0,,2026-07-24T11:49:05.145656+08:00
3037,2024-07-29,-1539034.0,-1646672.0,-7000.0,-3192706.0,23571.0,159.0,-232.0,-160.0,,2026-07-24T11:49:05.145656+08:00
3037,2024-07-30,-596850.0,-3778800.0,616000.0,-3759650.0,23870.0,203.0,299.0,44.0,,2026-07-24T11:49:05.145656+08:00
3037,2024-07-31,222831.0,-9080506.0,392711.0,-8464964.0,24567.0,183.0,697.0,-20.0,,2026-07-24T11:49:05.145656+08:00
3037,2024-08-01,222884.0,-936079.0,972132.0,258937.0,24594.0,218.0,27.0,35.0,,2026-07-24T11:49:05.145656+08:00
3037,2024-08-02,-2112311.0,-22098383.0,-1229577.0,-25440271.0,25547.0,726.0,953.0,508.0,,2026-07-24T11:49:05.145656+08:00
3037,2024-08-05,-1097418.0,-6050019.0,-2828153.0,-9975590.0,24583.0,322.0,-964.0,-404.0,,2026-07-24T11:49:05.145656+08:00
3037,2024-08-06,-91974.0,-11190907.0,-3210865.0,-14493746.0,24564.0,73.0,-19.0,-249.0,,2026-07-24T11:49:05.145656+08:00
3037,2024-08-07,-137245.0,-7605990.0,-1853000.0,-9596235.0,25359.0,174.0,795.0,101.0,,2026-07-24T11:49:05.145656+08:00
3037,2024-08-08,-315867.0,-5341122.0,1402000.0,-4254989.0,25247.0,262.0,-112.0,88.0,,2026-07-24T11:49:05.145656+08:00
3037,2024-08-09,216508.0,-10867153.0,329000.0,-10321645.0,25922.0,257.0,675.0,-5.0,,2026-07-24T11:49:05.145656+08:00
3037,2024-08-12,48410.0,1036191.0,1658000.0,2742601.0,24624.0,695.0,-1298.0,438.0,,2026-07-24T11:49:05.145656+08:00
3037,2024-08-13,-41141.0,-3817364.0,-977579.0,-4836084.0,25345.0,673.0,721.0,-22.0,,2026-07-24T11:49:05.145656+08:00
3037,2024-08-14,23386.0,-369228.0,-91000.0,-436842.0,24900.0,667.0,-445.0,-6.0,,2026-07-24T11:49:05.145656+08:00
3037,2024-08-15,116562.0,-1446981.0,-1098000.0,-2428419.0,24905.0,562.0,5.0,-105.0,,2026-07-24T11:49:05.145656+08:00
3037,2024-08-16,293346.0,1079083.0,-53783.0,1318646.0,24669.0,495.0,-236.0,-67.0,,2026-07-24T11:49:05.145656+08:00
3037,2024-08-19,-380699.0,-527572.0,-1720161.0,-2628432.0,24743.0,521.0,74.0,26.0,,2026-07-24T11:49:05.145656+08:00
3037,2024-08-20,-53037.0,-312740.0,-170000.0,-535777.0,24696.0,495.0,-47.0,-26.0,,2026-07-24T11:49:05.145656+08:00
3037,2024-08-21,-808135.0,-1448933.0,-2020500.0,-4277568.0,24949.0,699.0,253.0,204.0,,2026-07-24T11:49:05.145656+08:00
3037,2024-08-22,1029762.0,4100085.0,2000.0,5131847.0,24825.0,1005.0,-124.0,306.0,,2026-07-24T11:49:05.145656+08:00
3037,2024-08-23,-185503.0,-1759838.0,-284000.0,-2229341.0,25346.0,707.0,521.0,-298.0,,2026-07-24T11:49:05.145656+08:00
3037,2024-08-26,-228002.0,1012.0,-1445000.0,-1671990.0,25186.0,711.0,-160.0,4.0,,2026-07-24T11:49:05.145656+08:00
3037,2024-08-27,46350.0,-139891.0,-1178000.0,-1271541.0,25369.0,648.0,183.0,-63.0,,2026-07-24T11:49:05.145656+08:00
3037,2024-08-28,-130486.0,-1389803.0,-658000.0,-2178289.0,25690.0,630.0,321.0,-18.0,,2026-07-24T11:49:05.145656+08:00
3037,2024-08-29,101213.0,3194312.0,203000.0,3498525.0,25482.0,798.0,-208.0,168.0,,2026-07-24T11:49:05.145656+08:00
3037,2024-08-30,7711.0,-4932332.0,95000.0,-4829621.0,26187.0,730.0,705.0,-68.0,,2026-07-24T11:49:05.145656+08:00
3037,2024-09-02,37085.0,3249909.0,-27100.0,3259894.0,25937.0,734.0,-250.0,4.0,,2026-07-24T11:49:05.145656+08:00
3037,2024-09-03,-26269.0,-2233544.0,-513000.0,-2772813.0,26595.0,515.0,658.0,-219.0,,2026-07-24T11:49:05.145656+08:00
3037,2024-09-04,-420747.0,-18741497.0,-1557000.0,-20719244.0,26882.0,282.0,287.0,-233.0,,2026-07-24T11:49:05.145656+08:00
3037,2024-09-05,-145826.0,-7609562.0,-43000.0,-7798388.0,27786.0,506.0,904.0,224.0,,2026-07-24T11:49:05.145656+08:00
3037,2024-09-06,-46675.0,-3146930.0,42249.0,-3151356.0,28753.0,547.0,967.0,41.0,,2026-07-24T11:49:05.145656+08:00
3037,2024-09-09,186798.0,-2914895.0,70969.0,-2657128.0,29239.0,486.0,486.0,-61.0,,2026-07-24T11:49:05.145656+08:00
3037,2024-09-10,-102261.0,-2318896.0,-661000.0,-3082157.0,28952.0,544.0,-287.0,58.0,,2026-07-24T11:49:05.145656+08:00
3037,2024-09-11,66024.0,-2984028.0,-181000.0,-3099004.0,29549.0,550.0,597.0,6.0,,2026-07-24T11:49:05.145656+08:00
3037,2024-09-12,411809.0,4124702.0,28000.0,4564511.0,29313.0,594.0,-236.0,44.0,,2026-07-24T11:49:05.145656+08:00
3037,2024-09-13,-160159.0,625298.0,2000.0,467139.0,29836.0,693.0,523.0,99.0,,2026-07-24T11:49:05.145656+08:00
3037,2024-09-16,-195846.0,-2177395.0,120000.0,-2253241.0,29900.0,675.0,64.0,-18.0,,2026-07-24T11:49:05.145656+08:00
3037,2024-09-18,-363337.0,-3873988.0,805000.0,-3432325.0,29604.0,591.0,-296.0,-84.0,,2026-07-24T11:49:05.145656+08:00
3037,2024-09-19,565658.0,-711028.0,820000.0,674630.0,29588.0,449.0,-16.0,-142.0,,2026-07-24T11:49:05.145656+08:00
3037,2024-09-20,-19600.0,1918427.0,-253000.0,1645827.0,28220.0,428.0,-1368.0,-21.0,,2026-07-24T11:49:05.145656+08:00
3037,2024-09-23,35631.0,1545270.0,-6000.0,1574901.0,27823.0,443.0,-397.0,15.0,,2026-07-24T11:49:05.145656+08:00
3037,2024-09-24,11853.0,-4416922.0,-889000.0,-5294069.0,28714.0,357.0,891.0,-86.0,,2026-07-24T11:49:05.145656+08:00
3037,2024-09-25,506288.0,242043.0,-67353.0,680978.0,28716.0,355.0,2.0,-2.0,,2026-07-24T11:49:05.145656+08:00
3037,2024-09-26,648528.0,-4594716.0,865037.0,-3081151.0,29815.0,348.0,1099.0,-7.0,,2026-07-24T11:49:05.145656+08:00
3037,2024-09-27,1260561.0,-3774367.0,3000.0,-2510806.0,32954.0,371.0,3139.0,23.0,,2026-07-24T11:49:05.145656+08:00
3037,2024-09-30,-11739.0,-6144907.0,-199000.0,-6355646.0,32936.0,340.0,-18.0,-31.0,,2026-07-24T11:49:05.145656+08:00
3037,2024-10-01,-316626.0,-1760853.0,-1231000.0,-3308479.0,33110.0,444.0,174.0,104.0,,2026-07-24T11:49:05.145656+08:00
3037,2024-10-04,-234923.0,-4467727.0,-69000.0,-4771650.0,33211.0,475.0,101.0,31.0,,2026-07-24T11:49:05.145656+08:00
3037,2024-10-07,46113.0,-5481618.0,-936000.0,-6371505.0,33983.0,406.0,772.0,-69.0,,2026-07-24T11:49:05.145656+08:00
3037,2024-10-08,-171476.0,-10860703.0,-20661.0,-11052840.0,34745.0,313.0,762.0,-93.0,,2026-07-24T11:49:05.145656+08:00
3037,2024-10-09,483951.0,3587777.0,-82000.0,3989728.0,34857.0,355.0,112.0,42.0,,2026-07-24T11:49:05.145656+08:00
3037,2024-10-11,-121103.0,-5038109.0,-42321.0,-5201533.0,35979.0,352.0,1122.0,-3.0,,2026-07-24T11:49:05.145656+08:00
3037,2024-10-14,-51088.0,1087268.0,-142661.0,893519.0,36074.0,340.0,95.0,-12.0,,2026-07-24T11:49:05.145656+08:00
3037,2024-10-15,-147697.0,368000.0,-675000.0,-454697.0,36685.0,338.0,611.0,-2.0,,2026-07-24T11:49:05.145656+08:00
3037,2024-10-16,393906.0,-163859.0,-51100.0,178947.0,37193.0,331.0,508.0,-7.0,,2026-07-24T11:49:05.145656+08:00
3037,2024-10-17,844887.0,545192.0,1414000.0,2804079.0,38650.0,381.0,1457.0,50.0,,2026-07-24T11:49:05.145656+08:00
3037,2024-10-18,289864.0,-5712744.0,2000.0,-5420880.0,38258.0,364.0,-392.0,-17.0,,2026-07-24T11:49:05.145656+08:00
3037,2024-10-21,2827604.0,8491566.0,2168000.0,13487170.0,38588.0,474.0,330.0,110.0,,2026-07-24T11:49:05.145656+08:00
3037,2024-10-22,1098686.0,8968554.0,2928000.0,12995240.0,38845.0,1219.0,257.0,745.0,,2026-07-24T11:49:05.145656+08:00
3037,2024-10-23,-298209.0,-1358026.0,2450000.0,793765.0,38377.0,1365.0,-468.0,146.0,,2026-07-24T11:49:05.145656+08:00
3037,2024-10-24,-1263093.0,3880119.0,48664.0,2665690.0,37564.0,802.0,-813.0,-563.0,,2026-07-24T11:49:05.145656+08:00
3037,2024-10-25,723414.0,-2688962.0,969664.0,-995884.0,38184.0,952.0,620.0,150.0,,2026-07-24T11:49:05.145656+08:00
3037,2024-10-28,22443.0,4788120.0,18328.0,4828891.0,38237.0,965.0,53.0,13.0,,2026-07-24T11:49:05.145656+08:00
3037,2024-10-29,-1044893.0,-3055872.0,1421991.0,-2678774.0,39141.0,930.0,904.0,-35.0,,2026-07-24T11:49:05.145656+08:00
3037,2024-10-30,-102036.0,3825080.0,1461000.0,5184044.0,38683.0,875.0,-458.0,-55.0,,2026-07-24T11:49:05.145656+08:00
3037,2024-11-01,73250.0,2780313.0,2108664.0,4962227.0,37965.0,1018.0,-718.0,143.0,,2026-07-24T11:49:05.145656+08:00
3037,2024-11-04,-478449.0,-2466113.0,223318.0,-2721244.0,37501.0,989.0,-464.0,-29.0,,2026-07-24T11:49:05.145656+08:00
3037,2024-11-05,-92946.0,5024294.0,488000.0,5419348.0,37393.0,924.0,-108.0,-65.0,,2026-07-24T11:49:05.145656+08:00
3037,2024-11-06,771670.0,1235096.0,38000.0,2044766.0,37060.0,943.0,-333.0,19.0,,2026-07-24T11:49:05.145656+08:00
3037,2024-11-07,1530371.0,3012373.0,2447664.0,6990408.0,38604.0,1310.0,1544.0,367.0,,2026-07-24T11:49:05.145656+08:00
3037,2024-11-08,20008.0,-3833937.0,886000.0,-2927929.0,36569.0,1268.0,-2035.0,-42.0,,2026-07-24T11:49:05.145656+08:00
3037,2024-11-11,-95456.0,-1063038.0,20000.0,-1138494.0,35590.0,1081.0,-979.0,-187.0,,2026-07-24T11:49:05.145656+08:00
3037,2024-11-12,1687.0,2720909.0,660000.0,3382596.0,34447.0,1179.0,-1143.0,98.0,,2026-07-24T11:49:05.145656+08:00
3037,2024-11-13,1086547.0,-406490.0,49980.0,730037.0,34158.0,1095.0,-289.0,-84.0,,2026-07-24T11:49:05.145656+08:00
3037,2024-11-14,-797204.0,-1300661.0,42000.0,-2055865.0,34079.0,948.0,-79.0,-147.0,,2026-07-24T11:49:05.145656+08:00
3037,2024-11-15,-359735.0,863227.0,-1472010.0,-968518.0,34105.0,902.0,26.0,-46.0,,2026-07-24T11:49:05.145656+08:00
3037,2024-11-18,-679978.0,-218982.0,-647674.0,-1546634.0,33776.0,632.0,-329.0,-270.0,,2026-07-24T11:49:05.145656+08:00
3037,2024-11-19,-176306.0,-198412.0,-720741.0,-1095459.0,33853.0,597.0,77.0,-35.0,,2026-07-24T11:49:05.145656+08:00
3037,2024-11-20,-279324.0,-1053809.0,-88008.0,-1421141.0,33241.0,584.0,-612.0,-13.0,,2026-07-24T11:49:05.145656+08:00
3037,2024-11-21,731594.0,-2940400.0,29625.0,-2179181.0,34042.0,592.0,801.0,8.0,,2026-07-24T11:49:05.145656+08:00
3037,2024-11-22,-357826.0,-121061.0,-94000.0,-572887.0,34496.0,579.0,454.0,-13.0,,2026-07-24T11:49:05.145656+08:00
3037,2024-11-25,-850408.0,-1516438.0,53287.0,-2313559.0,34994.0,538.0,498.0,-41.0,,2026-07-24T11:49:05.145656+08:00
3037,2024-11-26,-515055.0,-2400697.0,-59337.0,-2975089.0,35594.0,524.0,600.0,-14.0,,2026-07-24T11:49:05.145656+08:00
3037,2024-11-27,-1347583.0,-3882196.0,60363.0,-5169416.0,35493.0,445.0,-101.0,-79.0,,2026-07-24T11:49:05.145656+08:00
3037,2024-11-28,77615.0,-3155996.0,-226387.0,-3304768.0,34528.0,409.0,-965.0,-36.0,,2026-07-24T11:49:05.145656+08:00
3037,2024-11-29,-22198.0,-2323521.0,33370.0,-2312349.0,34151.0,456.0,-377.0,47.0,,2026-07-24T11:49:05.145656+08:00
3037,2024-12-02,113568.0,-2914238.0,-621613.0,-3422283.0,34910.0,465.0,759.0,9.0,,2026-07-24T11:49:05.145656+08:00
3037,2024-12-03,-112996.0,-3260990.0,-25000.0,-3398986.0,35698.0,436.0,788.0,-29.0,,2026-07-24T11:49:05.145656+08:00
3037,2024-12-04,582733.0,-587236.0,-1357590.0,-1362093.0,36147.0,440.0,449.0,4.0,,2026-07-24T11:49:05.145656+08:00
3037,2024-12-05,487093.0,-2539326.0,324364.0,-1727869.0,37077.0,453.0,930.0,13.0,,2026-07-24T11:49:05.145656+08:00
3037,2024-12-06,-252502.0,-3466634.0,-875000.0,-4594136.0,37207.0,464.0,130.0,11.0,,2026-07-24T11:49:05.145656+08:00
3037,2024-12-09,-278976.0,-1605059.0,-689000.0,-2573035.0,37501.0,512.0,294.0,48.0,,2026-07-24T11:49:05.145656+08:00
3037,2024-12-10,43189.0,-1683238.0,32751.0,-1607298.0,37585.0,517.0,84.0,5.0,,2026-07-24T11:49:05.145656+08:00
3037,2024-12-11,231548.0,-1720100.0,-3272.0,-1491824.0,37829.0,470.0,244.0,-47.0,,2026-07-24T11:49:05.145656+08:00
3037,2024-12-12,24797.0,-4510628.0,-18636.0,-4504467.0,38150.0,447.0,321.0,-23.0,,2026-07-24T11:49:05.145656+08:00
3037,2024-12-13,-275295.0,-7257067.0,-1818636.0,-9350998.0,37740.0,579.0,-410.0,132.0,,2026-07-24T11:49:05.145656+08:00
3037,2024-12-16,-997613.0,-3312434.0,-3286263.0,-7596310.0,38028.0,553.0,288.0,-26.0,,2026-07-24T11:49:05.145656+08:00
3037,2024-12-17,-35754.0,719328.0,-21166.0,662408.0,37655.0,767.0,-373.0,214.0,,2026-07-24T11:49:05.145656+08:00
3037,2024-12-18,-677291.0,-1293844.0,56653.0,-1914482.0,38092.0,744.0,437.0,-23.0,,2026-07-24T11:49:05.145656+08:00
3037,2024-12-19,145067.0,-3066473.0,297000.0,-2624406.0,38152.0,660.0,60.0,-84.0,,2026-07-24T11:49:05.145656+08:00
3037,2024-12-20,-39162.0,-2532304.0,125327.0,-2446139.0,38206.0,639.0,54.0,-21.0,,2026-07-24T11:49:05.145656+08:00
3037,2024-12-23,1164192.0,2063529.0,143000.0,3370721.0,38370.0,514.0,164.0,-125.0,,2026-07-24T11:49:05.145656+08:00
3037,2024-12-24,-108111.0,-4366168.0,157000.0,-4317279.0,39174.0,532.0,804.0,18.0,,2026-07-24T11:49:05.145656+08:00
3037,2024-12-25,-2003608.0,-337332.0,-579000.0,-2919940.0,39368.0,506.0,194.0,-26.0,,2026-07-24T11:49:05.145656+08:00
3037,2024-12-26,-88204.0,-2630000.0,-17560.0,-2735764.0,40185.0,513.0,817.0,7.0,,2026-07-24T11:49:05.145656+08:00
3037,2024-12-27,87200.0,-1722953.0,-48000.0,-1683753.0,40201.0,485.0,16.0,-28.0,,2026-07-24T11:49:05.145656+08:00
3037,2024-12-30,-223697.0,-490168.0,-1141244.0,-1855109.0,40255.0,509.0,54.0,24.0,,2026-07-24T11:49:05.145656+08:00
3037,2024-12-31,187168.0,-2879125.0,-14000.0,-2705957.0,40302.0,551.0,47.0,42.0,,2026-07-24T11:49:05.145656+08:00
3037,2025-01-02,-145145.0,5124810.0,798651.0,5778316.0,39274.0,647.0,-1028.0,96.0,,2026-07-24T11:49:05.145656+08:00
3037,2025-01-03,204215.0,409750.0,1416000.0,2029965.0,38363.0,728.0,-911.0,81.0,,2026-07-24T11:49:05.145656+08:00
3037,2025-01-06,368516.0,-578844.0,1086000.0,875672.0,38485.0,744.0,122.0,16.0,,2026-07-24T11:49:05.145656+08:00
3037,2025-01-07,-468743.0,3213314.0,199000.0,2943571.0,37768.0,792.0,-717.0,48.0,,2026-07-24T11:49:05.145656+08:00
3037,2025-01-08,-282129.0,-650428.0,65695.0,-866862.0,37555.0,781.0,-213.0,-11.0,,2026-07-24T11:49:05.145656+08:00
3037,2025-01-09,-466879.0,-2332037.0,2326.0,-2796590.0,36079.0,623.0,-1476.0,-158.0,,2026-07-24T11:49:05.145656+08:00
3037,2025-01-10,-24604.0,-2971450.0,-7000.0,-3003054.0,35873.0,636.0,-206.0,13.0,,2026-07-24T11:49:05.145656+08:00
3037,2025-01-13,-113370.0,-6197549.0,21000.0,-6289919.0,35958.0,547.0,85.0,-89.0,,2026-07-24T11:49:05.145656+08:00
3037,2025-01-14,38342.0,-3400780.0,155000.0,-3207438.0,36275.0,502.0,317.0,-45.0,,2026-07-24T11:49:05.145656+08:00
3037,2025-01-15,-46952.0,-4585071.0,28000.0,-4604023.0,36142.0,478.0,-133.0,-24.0,,2026-07-24T11:49:05.145656+08:00
3037,2025-01-16,308020.0,1003828.0,-198000.0,1113848.0,35847.0,475.0,-295.0,-3.0,,2026-07-24T11:49:05.145656+08:00
3037,2025-01-17,-58182.0,-334487.0,-19000.0,-411669.0,35686.0,461.0,-161.0,-14.0,,2026-07-24T11:49:05.145656+08:00
3037,2025-01-20,-122938.0,-4106936.0,-1500.0,-4231374.0,35897.0,442.0,211.0,-19.0,,2026-07-24T11:49:05.145656+08:00
3037,2025-01-21,-61761.0,-6672157.0,-830020.0,-7563938.0,36450.0,412.0,553.0,-30.0,,2026-07-24T11:49:05.145656+08:00
3037,2025-01-22,-259655.0,-6722708.0,-1579000.0,-8561363.0,36756.0,332.0,306.0,-80.0,,2026-07-24T11:49:05.145656+08:00
3037,2025-02-03,-660.0,-16680298.0,-4516738.0,-21197696.0,38087.0,434.0,1331.0,102.0,,2026-07-24T11:49:05.145656+08:00
3037,2025-02-04,103027.0,-8732870.0,-631000.0,-9260843.0,38719.0,355.0,632.0,-79.0,,2026-07-24T11:49:05.145656+08:00
3037,2025-02-05,191648.0,-5302962.0,-7000.0,-5118314.0,39079.0,338.0,360.0,-17.0,,2026-07-24T11:49:05.145656+08:00
3037,2025-02-06,-116380.0,-1813880.0,-38370.0,-1968630.0,39394.0,343.0,315.0,5.0,,2026-07-24T11:49:05.145656+08:00
3037,2025-02-07,140562.0,-1591809.0,-771000.0,-2222247.0,39439.0,337.0,45.0,-6.0,,2026-07-24T11:49:05.145656+08:00
3037,2025-02-10,-281138.0,-4897726.0,21260.0,-5157604.0,39703.0,331.0,264.0,-6.0,,2026-07-24T11:49:05.145656+08:00
3037,2025-02-11,-73775.0,-1084274.0,-119000.0,-1277049.0,39810.0,322.0,107.0,-9.0,,2026-07-24T11:49:05.145656+08:00
3037,2025-02-12,82422.0,-6865983.0,-227000.0,-7010561.0,40426.0,321.0,616.0,-1.0,,2026-07-24T11:49:05.145656+08:00
3037,2025-02-13,644090.0,4690444.0,7630.0,5342164.0,40510.0,397.0,84.0,76.0,,2026-07-24T11:49:05.145656+08:00
3037,2025-02-14,-539453.0,-3876598.0,25630.0,-4390421.0,40591.0,375.0,81.0,-22.0,,2026-07-24T11:49:05.145656+08:00
3037,2025-02-17,120959.0,-1599741.0,-436370.0,-1915152.0,41565.0,364.0,974.0,-11.0,,2026-07-24T11:49:05.145656+08:00
3037,2025-02-18,119402.0,1540497.0,3552.0,1663451.0,42257.0,371.0,692.0,7.0,,2026-07-24T11:49:05.145656+08:00
3037,2025-02-19,269710.0,-3477875.0,1267000.0,-1941165.0,42657.0,323.0,400.0,-48.0,,2026-07-24T11:49:05.145656+08:00
3037,2025-02-20,-191129.0,-7834351.0,-1675.0,-8027155.0,43857.0,313.0,1200.0,-10.0,,2026-07-24T11:49:05.145656+08:00
3037,2025-02-21,144018.0,3473375.0,125000.0,3742393.0,44348.0,276.0,491.0,-37.0,,2026-07-24T11:49:05.145656+08:00
3037,2025-02-24,-150311.0,-2594415.0,23000.0,-2721726.0,44870.0,204.0,522.0,-72.0,,2026-07-24T11:49:05.145656+08:00
3037,2025-02-25,-9551.0,-435976.0,44599.0,-400928.0,44665.0,219.0,-205.0,15.0,,2026-07-24T11:49:05.145656+08:00
3037,2025-02-26,-152740.0,-11959308.0,51599.0,-12060449.0,45575.0,255.0,910.0,36.0,,2026-07-24T11:49:05.145656+08:00
3037,2025-02-27,-886976.0,-15275803.0,-1184349.0,-17347128.0,44787.0,276.0,-788.0,21.0,,2026-07-24T11:49:05.145656+08:00
3037,2025-03-03,159642.0,-3344392.0,133994.0,-3050756.0,43071.0,315.0,-1716.0,39.0,,2026-07-24T11:49:05.145656+08:00
3037,2025-03-04,242810.0,3782704.0,-82097.0,3943417.0,42410.0,278.0,-661.0,-37.0,,2026-07-24T11:49:05.145656+08:00
3037,2025-03-05,-159465.0,-1243505.0,-300100.0,-1703070.0,42744.0,288.0,334.0,10.0,,2026-07-24T11:49:05.145656+08:00
3037,2025-03-06,-62964.0,-2852370.0,-171000.0,-3086334.0,42956.0,365.0,212.0,77.0,,2026-07-24T11:49:05.145656+08:00
3037,2025-03-07,-121782.0,-4224543.0,21000.0,-4325325.0,43182.0,321.0,226.0,-44.0,,2026-07-24T11:49:05.145656+08:00
3037,2025-03-10,-35233.0,333846.0,-40402.0,258211.0,43369.0,326.0,187.0,5.0,,2026-07-24T11:49:05.145656+08:00
3037,2025-03-11,-96556.0,-2795042.0,-782204.0,-3673802.0,42900.0,317.0,-469.0,-9.0,,2026-07-24T11:49:05.145656+08:00
3037,2025-03-12,-19979.0,813792.0,14593.0,808406.0,42991.0,344.0,91.0,27.0,,2026-07-24T11:49:05.145656+08:00
3037,2025-03-13,-98542.0,192738.0,9000.0,103196.0,40691.0,314.0,-2300.0,-30.0,,2026-07-24T11:49:05.145656+08:00
3037,2025-03-14,-35339.0,-1077812.0,-1298402.0,-2411553.0,40037.0,345.0,-654.0,31.0,,2026-07-24T11:49:05.145656+08:00
3037,2025-03-17,-235467.0,-464970.0,23000.0,-677437.0,39793.0,368.0,-244.0,23.0,,2026-07-24T11:49:05.145656+08:00
3037,2025-03-18,44680.0,-993993.0,-80000.0,-1029313.0,39799.0,375.0,6.0,7.0,,2026-07-24T11:49:05.145656+08:00
3037,2025-03-19,-185286.0,-5001885.0,-69000.0,-5256171.0,40150.0,380.0,351.0,5.0,,2026-07-24T11:49:05.145656+08:00
3037,2025-03-20,160180.0,4662277.0,4000.0,4826457.0,39869.0,355.0,-281.0,-25.0,,2026-07-24T11:49:05.145656+08:00
3037,2025-03-21,-48608.0,-1419830.0,-55000.0,-1523438.0,39931.0,312.0,62.0,-43.0,,2026-07-24T11:49:05.145656+08:00
3037,2025-03-24,-80100.0,-2157000.0,18000.0,-2219100.0,40419.0,283.0,488.0,-29.0,,2026-07-24T11:49:05.145656+08:00
3037,2025-03-25,26029.0,-1186400.0,-1000.0,-1161371.0,40147.0,282.0,-272.0,-1.0,,2026-07-24T11:49:05.145656+08:00
3037,2025-03-26,85695.0,-326872.0,25000.0,-216177.0,40040.0,273.0,-107.0,-9.0,,2026-07-24T11:49:05.145656+08:00
3037,2025-03-27,-25544.0,-1108166.0,-546000.0,-1679710.0,39974.0,354.0,-66.0,81.0,,2026-07-24T11:49:05.145656+08:00
3037,2025-03-28,-67058.0,-2501190.0,-458000.0,-3026248.0,35394.0,397.0,-4580.0,43.0,,2026-07-24T11:49:05.145656+08:00
3037,2025-03-31,-216547.0,7748348.0,101601.0,7633402.0,32245.0,387.0,-3149.0,-10.0,,2026-07-24T11:49:05.145656+08:00
3037,2025-04-01,253678.0,582125.0,-646000.0,189803.0,32627.0,208.0,382.0,-179.0,,2026-07-24T11:49:05.145656+08:00
3037,2025-04-02,-22727.0,1775193.0,-615889.0,1136577.0,32833.0,222.0,206.0,14.0,,2026-07-24T11:49:05.145656+08:00
3037,2025-04-07,-56083.0,273685.0,11000.0,228602.0,31995.0,326.0,-838.0,104.0,,2026-07-24T11:49:05.145656+08:00
3037,2025-04-08,2435.0,3755745.0,96823.0,3855003.0,29459.0,265.0,-2536.0,-61.0,,2026-07-24T11:49:05.145656+08:00
3037,2025-04-09,-117065.0,71744.0,-142783.0,-188104.0,25516.0,172.0,-3943.0,-93.0,,2026-07-24T11:49:05.145656+08:00
3037,2025-04-10,161972.0,-6157683.0,-401000.0,-6396711.0,25670.0,73.0,154.0,-99.0,,2026-07-24T11:49:05.145656+08:00
3037,2025-04-11,141446.0,1848555.0,-255444.0,1734557.0,25316.0,2.0,-354.0,-71.0,,2026-07-24T11:49:05.145656+08:00
3037,2025-04-14,-398080.0,2846318.0,-101075.0,2347163.0,24988.0,0.0,-328.0,-2.0,,2026-07-24T11:49:05.145656+08:00
3037,2025-04-15,-129713.0,-2601612.0,450712.0,-2280613.0,25559.0,0.0,571.0,0.0,,2026-07-24T11:49:05.145656+08:00
3037,2025-04-16,-155651.0,-2356418.0,6335.0,-2505734.0,25422.0,0.0,-137.0,0.0,,2026-07-24T11:49:05.145656+08:00
3037,2025-04-17,9600.0,-636530.0,18000.0,-608930.0,25856.0,34.0,434.0,34.0,,2026-07-24T11:49:05.145656+08:00
3037,2025-04-18,69329.0,1571212.0,-839889.0,800652.0,26261.0,83.0,405.0,49.0,,2026-07-24T11:49:05.145656+08:00
3037,2025-04-21,-113430.0,-331481.0,19000.0,-425911.0,26754.0,109.0,493.0,26.0,,2026-07-24T11:49:05.145656+08:00
3037,2025-04-22,128101.0,277847.0,20000.0,425948.0,27085.0,272.0,331.0,163.0,,2026-07-24T11:49:05.145656+08:00
3037,2025-04-23,-157105.0,3854218.0,380337.0,4077450.0,27693.0,281.0,608.0,9.0,,2026-07-24T11:49:05.145656+08:00
3037,2025-04-24,68414.0,-2090569.0,5953.0,-2016202.0,25807.0,190.0,-1886.0,-91.0,,2026-07-24T11:49:05.145656+08:00
3037,2025-04-25,861585.0,747417.0,45614.0,1654616.0,26255.0,425.0,448.0,235.0,,2026-07-24T11:49:05.145656+08:00
3037,2025-04-28,160299.0,-7748357.0,426289.0,-7161769.0,26817.0,1017.0,562.0,592.0,,2026-07-24T11:49:05.145656+08:00
3037,2025-04-29,-155189.0,-3872050.0,574137.0,-3453102.0,26679.0,1180.0,-138.0,163.0,,2026-07-24T11:49:05.145656+08:00
3037,2025-04-30,-599249.0,-3009047.0,223347.0,-3384949.0,26385.0,510.0,-294.0,-670.0,,2026-07-24T11:49:05.145656+08:00
3037,2025-05-02,-75970.0,-2508616.0,261292.0,-2323294.0,25973.0,550.0,-412.0,40.0,,2026-07-24T11:49:05.145656+08:00
3037,2025-05-05,-290011.0,-886084.0,-301730.0,-1477825.0,25388.0,460.0,-585.0,-90.0,,2026-07-24T11:49:05.145656+08:00
3037,2025-05-06,-228211.0,-385559.0,-25004.0,-638774.0,25519.0,496.0,131.0,36.0,,2026-07-24T11:49:05.145656+08:00
3037,2025-05-07,-766839.0,-436110.0,120105.0,-1082844.0,25954.0,494.0,435.0,-2.0,,2026-07-24T11:49:05.145656+08:00
3037,2025-05-08,117874.0,1684488.0,419723.0,2222085.0,25645.0,520.0,-309.0,26.0,,2026-07-24T11:49:05.145656+08:00
3037,2025-05-09,-44511.0,-166426.0,-277.0,-211214.0,26702.0,461.0,1057.0,-59.0,,2026-07-24T11:49:05.145656+08:00
3037,2025-05-12,549102.0,6270301.0,819892.0,7639295.0,26451.0,508.0,-251.0,47.0,,2026-07-24T11:49:05.145656+08:00
3037,2025-05-13,-488758.0,-8359931.0,708000.0,-8140689.0,28574.0,481.0,2123.0,-27.0,,2026-07-24T11:49:05.145656+08:00
3037,2025-05-14,208233.0,3687208.0,-549000.0,3346441.0,26075.0,504.0,-2499.0,23.0,,2026-07-24T11:49:05.145656+08:00
3037,2025-05-15,-2722.0,-922204.0,132352.0,-792574.0,25847.0,495.0,-228.0,-9.0,,2026-07-24T11:49:05.145656+08:00
3037,2025-05-16,95199.0,-2474722.0,-831.0,-2380354.0,26187.0,506.0,340.0,11.0,,2026-07-24T11:49:05.145656+08:00
3037,2025-05-19,-189877.0,-2528939.0,-277.0,-2719093.0,26787.0,501.0,600.0,-5.0,,2026-07-24T11:49:05.145656+08:00
3037,2025-05-20,234673.0,-850942.0,-1554.0,-617823.0,26237.0,492.0,-550.0,-9.0,,2026-07-24T11:49:05.145656+08:00
3037,2025-05-21,3097.0,-320891.0,-536000.0,-853794.0,26105.0,472.0,-132.0,-20.0,,2026-07-24T11:49:05.145656+08:00
3037,2025-05-22,-186554.0,-2872610.0,90000.0,-2969164.0,25980.0,490.0,-125.0,18.0,,2026-07-24T11:49:05.145656+08:00
3037,2025-05-23,332126.0,2019174.0,56000.0,2407300.0,26157.0,559.0,177.0,69.0,,2026-07-24T11:49:05.145656+08:00
3037,2025-05-26,-299831.0,-5075394.0,598043.0,-4777182.0,26421.0,480.0,264.0,-79.0,,2026-07-24T11:49:05.145656+08:00
3037,2025-05-27,42778.0,2455839.0,1348259.0,3846876.0,26943.0,1149.0,522.0,669.0,,2026-07-24T11:49:05.145656+08:00
3037,2025-05-28,-673540.0,-11451435.0,3016000.0,-9108975.0,26868.0,771.0,-75.0,-378.0,,2026-07-24T11:49:05.145656+08:00
3037,2025-05-29,179741.0,-6431040.0,-164570.0,-6415869.0,29063.0,616.0,2195.0,-155.0,,2026-07-24T11:49:05.145656+08:00
3037,2025-06-02,-257152.0,-940179.0,-616770.0,-1814101.0,28459.0,630.0,-604.0,14.0,,2026-07-24T11:49:05.145656+08:00
3037,2025-06-03,-19859.0,-1379698.0,485339.0,-914218.0,29016.0,677.0,557.0,47.0,,2026-07-24T11:49:05.145656+08:00
3037,2025-06-04,372326.0,164719.0,-3000.0,534045.0,29726.0,590.0,710.0,-87.0,,2026-07-24T11:49:05.145656+08:00
3037,2025-06-05,44464.0,369192.0,37723.0,451379.0,30051.0,590.0,325.0,0.0,,2026-07-24T11:49:05.145656+08:00
3037,2025-06-06,-47362.0,-693718.0,-33000.0,-774080.0,30405.0,599.0,354.0,9.0,,2026-07-24T11:49:05.145656+08:00
3037,2025-06-09,-485155.0,469289.0,-277.0,-16143.0,30323.0,842.0,-82.0,243.0,,2026-07-24T11:49:05.145656+08:00
3037,2025-06-10,982756.0,11052550.0,-4554.0,12030752.0,30009.0,949.0,-314.0,107.0,,2026-07-24T11:49:05.145656+08:00
3037,2025-06-11,110437.0,-95335.0,365000.0,380102.0,30295.0,1042.0,286.0,93.0,,2026-07-24T11:49:05.145656+08:00
3037,2025-06-12,168280.0,-2622831.0,-16422.0,-2470973.0,30644.0,817.0,349.0,-225.0,,2026-07-24T11:49:05.145656+08:00
3037,2025-06-13,-549724.0,-3398557.0,394000.0,-3554281.0,31058.0,661.0,414.0,-156.0,,2026-07-24T11:49:05.145656+08:00
3037,2025-06-16,-15406.0,-978550.0,-356699.0,-1350655.0,30971.0,620.0,-87.0,-41.0,,2026-07-24T11:49:05.145656+08:00
3037,2025-06-17,185053.0,-617781.0,-2237912.0,-2670640.0,31285.0,615.0,314.0,-5.0,,2026-07-24T11:49:05.145656+08:00
3037,2025-06-18,998068.0,352455.0,-731000.0,619523.0,31155.0,669.0,-130.0,54.0,,2026-07-24T11:49:05.145656+08:00
3037,2025-06-19,-115556.0,-4931358.0,-14000.0,-5060914.0,31657.0,529.0,502.0,-140.0,,2026-07-24T11:49:05.145656+08:00
3037,2025-06-20,-136454.0,20292953.0,-25896189.0,-5739690.0,32241.0,450.0,584.0,-79.0,,2026-07-24T11:49:05.145656+08:00
3037,2025-06-23,252781.0,21848836.0,-17567.0,22084050.0,30488.0,1314.0,-1753.0,864.0,,2026-07-24T11:49:05.145656+08:00
3037,2025-06-24,-303589.0,-1631620.0,135000.0,-1800209.0,31429.0,973.0,941.0,-341.0,,2026-07-24T11:49:05.145656+08:00
3037,2025-06-25,443883.0,9470115.0,-28000.0,9885998.0,30403.0,1118.0,-1026.0,145.0,,2026-07-24T11:49:05.145656+08:00
3037,2025-06-26,-225387.0,592517.0,-5000.0,362130.0,29780.0,1059.0,-623.0,-59.0,,2026-07-24T11:49:05.145656+08:00
3037,2025-06-27,-547459.0,1672101.0,-13000.0,1111642.0,29860.0,844.0,80.0,-215.0,,2026-07-24T11:49:05.145656+08:00
3037,2025-06-30,232.0,2318072.0,-158212.0,2160092.0,29413.0,824.0,-447.0,-20.0,,2026-07-24T11:49:05.145656+08:00
3037,2025-07-01,297861.0,-2709891.0,617000.0,-1795030.0,30016.0,670.0,603.0,-154.0,,2026-07-24T11:49:05.145656+08:00
3037,2025-07-02,-24138.0,-561152.0,281000.0,-304290.0,29711.0,564.0,-305.0,-106.0,,2026-07-24T11:49:05.145656+08:00
3037,2025-07-03,1681636.0,5188334.0,124468.0,6994438.0,29676.0,552.0,-35.0,-12.0,,2026-07-24T11:49:05.145656+08:00
3037,2025-07-04,-1088105.0,3382311.0,1576345.0,3870551.0,26276.0,10.0,-3400.0,-542.0,,2026-07-24T11:49:05.145656+08:00
3037,2025-07-07,-32156.0,-5483928.0,861000.0,-4655084.0,26578.0,0.0,302.0,-10.0,,2026-07-24T11:49:05.145656+08:00
3037,2025-07-08,-107093.0,3018216.0,-127000.0,2784123.0,26479.0,0.0,-99.0,0.0,,2026-07-24T11:49:05.145656+08:00
3037,2025-07-09,1799676.0,7527432.0,3150000.0,12477108.0,24704.0,0.0,-1775.0,0.0,,2026-07-24T11:49:05.145656+08:00
3037,2025-07-10,-560677.0,6292874.0,2666000.0,8398197.0,24476.0,428.0,-228.0,428.0,,2026-07-24T11:49:05.145656+08:00
3037,2025-07-11,-1065726.0,3162275.0,655000.0,2751549.0,24107.0,365.0,-369.0,-63.0,,2026-07-24T11:49:05.145656+08:00
3037,2025-07-14,-224640.0,-2319993.0,1428345.0,-1116288.0,24698.0,164.0,591.0,-201.0,,2026-07-24T11:49:05.145656+08:00
3037,2025-07-15,1097017.0,2171314.0,6611000.0,9879331.0,25789.0,1237.0,1091.0,1073.0,,2026-07-24T11:49:05.145656+08:00
3037,2025-07-16,1101933.0,-8521544.0,10127000.0,2707389.0,29298.0,2130.0,3509.0,893.0,,2026-07-24T11:49:05.145656+08:00
3037,2025-07-17,-183933.0,-6060409.0,753000.0,-5491342.0,29647.0,1304.0,349.0,-826.0,,2026-07-24T11:49:05.145656+08:00
3037,2025-07-18,254779.0,-2244422.0,905000.0,-1084643.0,29750.0,1223.0,103.0,-81.0,,2026-07-24T11:49:05.145656+08:00
3037,2025-07-21,358925.0,-3471121.0,1512345.0,-1599851.0,30589.0,1134.0,839.0,-89.0,,2026-07-24T11:49:05.145656+08:00
3037,2025-07-22,-1168391.0,344401.0,2181000.0,1357010.0,29289.0,1044.0,-1300.0,-90.0,,2026-07-24T11:49:05.145656+08:00
3037,2025-07-23,601423.0,-2987875.0,2668000.0,281548.0,29699.0,1087.0,410.0,43.0,,2026-07-24T11:49:05.145656+08:00
3037,2025-07-24,-301428.0,-1073939.0,254000.0,-1121367.0,30588.0,1150.0,889.0,63.0,,2026-07-24T11:49:05.145656+08:00
3037,2025-07-25,42463.0,-3475148.0,373000.0,-3059685.0,30506.0,999.0,-82.0,-151.0,,2026-07-24T11:49:05.145656+08:00
3037,2025-07-28,246490.0,6410730.0,163000.0,6820220.0,29892.0,987.0,-614.0,-12.0,,2026-07-24T11:49:05.145656+08:00
3037,2025-07-29,133110.0,11776007.0,3615000.0,15524117.0,31323.0,1450.0,1431.0,463.0,,2026-07-24T11:49:05.145656+08:00
3037,2025-07-30,-360139.0,4189913.0,677000.0,4506774.0,29444.0,1270.0,-1879.0,-180.0,,2026-07-24T11:49:05.145656+08:00
3037,2025-07-31,215929.0,-14450978.0,1421000.0,-12814049.0,28984.0,1071.0,-460.0,-199.0,,2026-07-24T11:49:05.145656+08:00
3037,2025-08-01,326838.0,5019676.0,697000.0,6043514.0,27234.0,1272.0,-1750.0,201.0,,2026-07-24T11:49:05.145656+08:00
3037,2025-08-04,-406648.0,-3614352.0,460000.0,-3561000.0,27538.0,1088.0,304.0,-184.0,,2026-07-24T11:49:05.145656+08:00
3037,2025-08-05,-158943.0,-481598.0,204000.0,-436541.0,26904.0,1174.0,-634.0,86.0,,2026-07-24T11:49:05.145656+08:00
3037,2025-08-06,-256562.0,1381008.0,1083000.0,2207446.0,25880.0,1159.0,-1024.0,-15.0,,2026-07-24T11:49:05.145656+08:00
3037,2025-08-07,518954.0,-1383465.0,3113000.0,2248489.0,25931.0,1167.0,51.0,8.0,,2026-07-24T11:49:05.145656+08:00
3037,2025-08-08,-94503.0,-1945610.0,75000.0,-1965113.0,28611.0,1186.0,2680.0,19.0,,2026-07-24T11:49:05.145656+08:00
3037,2025-08-11,670339.0,7851370.0,1165335.0,9687044.0,28813.0,1251.0,202.0,65.0,,2026-07-24T11:49:05.145656+08:00
3037,2025-08-12,-724435.0,-3772174.0,41000.0,-4455609.0,28591.0,1149.0,-222.0,-102.0,,2026-07-24T11:49:05.145656+08:00
3037,2025-08-13,101482.0,954307.0,628000.0,1683789.0,27835.0,1065.0,-756.0,-84.0,,2026-07-24T11:49:05.145656+08:00
3037,2025-08-14,-112932.0,-1408945.0,83335.0,-1438542.0,28618.0,1124.0,783.0,59.0,,2026-07-24T11:49:05.145656+08:00
3037,2025-08-15,-57687.0,-8326502.0,796335.0,-7587854.0,29058.0,1059.0,440.0,-65.0,,2026-07-24T11:49:05.145656+08:00
3037,2025-08-18,1079728.0,14561647.0,904000.0,16545375.0,29461.0,1345.0,403.0,286.0,,2026-07-24T11:49:05.145656+08:00
3037,2025-08-19,-1166448.0,-5594696.0,1332000.0,-5429144.0,28580.0,1263.0,-881.0,-82.0,,2026-07-24T11:49:05.145656+08:00
3037,2025-08-20,-873524.0,-6020926.0,-2649000.0,-9543450.0,29231.0,1095.0,651.0,-168.0,,2026-07-24T11:49:05.145656+08:00
3037,2025-08-21,-102387.0,-3409882.0,14000.0,-3498269.0,29392.0,1067.0,161.0,-28.0,,2026-07-24T11:49:05.145656+08:00
3037,2025-08-22,127223.0,3383151.0,-880000.0,2630374.0,29370.0,1135.0,-22.0,68.0,,2026-07-24T11:49:05.145656+08:00
3037,2025-08-25,15818.0,10318359.0,-137000.0,10197177.0,29097.0,1171.0,-273.0,36.0,,2026-07-24T11:49:05.145656+08:00
3037,2025-08-26,437538.0,6340519.0,2492058.0,9270115.0,30287.0,1229.0,1190.0,58.0,,2026-07-24T11:49:05.145656+08:00
3037,2025-08-27,2529853.0,16462988.0,1272000.0,20264841.0,29339.0,1597.0,-948.0,368.0,,2026-07-24T11:49:05.145656+08:00
3037,2025-08-28,-867543.0,-4356707.0,320000.0,-4904250.0,28555.0,1530.0,-784.0,-67.0,,2026-07-24T11:49:05.145656+08:00
3037,2025-08-29,-1092540.0,-10169066.0,-2317000.0,-13578606.0,27447.0,1188.0,-1108.0,-342.0,,2026-07-24T11:49:05.145656+08:00
3037,2025-09-01,-535293.0,-7227405.0,-5170000.0,-12932698.0,25392.0,1108.0,-2055.0,-80.0,,2026-07-24T11:49:05.145656+08:00
3037,2025-09-02,-38249.0,-2531729.0,-5035000.0,-7604978.0,25713.0,1107.0,321.0,-1.0,,2026-07-24T11:49:05.145656+08:00
3037,2025-09-03,-29460.0,-1375832.0,-246000.0,-1651292.0,25674.0,1136.0,-39.0,29.0,,2026-07-24T11:49:05.145656+08:00
3037,2025-09-04,21998.0,-2642553.0,656000.0,-1964555.0,27092.0,1129.0,1418.0,-7.0,,2026-07-24T11:49:05.145656+08:00
3037,2025-09-05,-180834.0,-796373.0,-35000.0,-1012207.0,27756.0,927.0,664.0,-202.0,,2026-07-24T11:49:05.145656+08:00
3037,2025-09-08,85119.0,4141584.0,-3332000.0,894703.0,28748.0,951.0,992.0,24.0,,2026-07-24T11:49:05.145656+08:00
3037,2025-09-09,-39965.0,2940110.0,-1324000.0,1576145.0,28439.0,924.0,-309.0,-27.0,,2026-07-24T11:49:05.145656+08:00
3037,2025-09-10,878981.0,11709109.0,563000.0,13151090.0,27875.0,1103.0,-564.0,179.0,,2026-07-24T11:49:05.145656+08:00
3037,2025-09-11,-690261.0,7111688.0,429344.0,6850771.0,28745.0,1158.0,870.0,55.0,,2026-07-24T11:49:05.145656+08:00
3037,2025-09-12,-30788.0,6309921.0,2726000.0,9005133.0,26719.0,1261.0,-2026.0,103.0,,2026-07-24T11:49:05.145656+08:00
3037,2025-09-15,-139822.0,1599591.0,8000.0,1467769.0,26534.0,1219.0,-185.0,-42.0,,2026-07-24T11:49:05.145656+08:00
3037,2025-09-16,949042.0,22243076.0,816008.0,24008126.0,27377.0,1507.0,843.0,288.0,,2026-07-24T11:49:05.145656+08:00
3037,2025-09-17,-1207430.0,-171774.0,481000.0,-898204.0,25876.0,1321.0,-1501.0,-186.0,,2026-07-24T11:49:05.145656+08:00
3037,2025-09-18,61492.0,2554790.0,-11000.0,2605282.0,27244.0,1294.0,1368.0,-27.0,,2026-07-24T11:49:05.145656+08:00
3037,2025-09-19,1659634.0,22280613.0,3279000.0,27219247.0,28913.0,1645.0,1669.0,351.0,,2026-07-24T11:49:05.145656+08:00
3037,2025-09-22,877026.0,-1191446.0,1267997.0,953577.0,29050.0,1817.0,137.0,172.0,,2026-07-24T11:49:05.145656+08:00
3037,2025-09-23,-535766.0,2326469.0,4650000.0,6440703.0,25857.0,1970.0,-3193.0,153.0,,2026-07-24T11:49:05.145656+08:00
3037,2025-09-24,-378094.0,88487.0,-21000.0,-310607.0,25667.0,1651.0,-190.0,-319.0,,2026-07-24T11:49:05.145656+08:00
3037,2025-09-25,49367.0,-2279616.0,377000.0,-1853249.0,25970.0,1672.0,303.0,21.0,,2026-07-24T11:49:05.145656+08:00
3037,2025-09-26,-1445080.0,-2943996.0,343000.0,-4046076.0,23941.0,1441.0,-2029.0,-231.0,,2026-07-24T11:49:05.145656+08:00
3037,2025-09-30,731.0,17536.0,356000.0,374267.0,24138.0,1479.0,197.0,38.0,,2026-07-24T11:49:05.145656+08:00
3037,2025-10-01,461851.0,952027.0,882291.0,2296169.0,25268.0,1616.0,1130.0,137.0,,2026-07-24T11:49:05.145656+08:00
3037,2025-10-02,-525926.0,-6078311.0,143000.0,-6461237.0,24509.0,1467.0,-759.0,-149.0,,2026-07-24T11:49:05.145656+08:00
3037,2025-10-03,926588.0,661148.0,13000.0,1600736.0,23921.0,1607.0,-588.0,140.0,,2026-07-24T11:49:05.145656+08:00
3037,2025-10-07,-115279.0,2886975.0,-28000.0,2743696.0,23429.0,1602.0,-492.0,-5.0,,2026-07-24T11:49:05.145656+08:00
3037,2025-10-08,406239.0,1998916.0,6000.0,2411155.0,23790.0,1449.0,361.0,-153.0,,2026-07-24T11:49:05.145656+08:00
3037,2025-10-09,-64197.0,809681.0,467336.0,1212820.0,24139.0,1366.0,349.0,-83.0,,2026-07-24T11:49:05.145656+08:00
3037,2025-10-13,-751492.0,-6690640.0,-427673.0,-7869805.0,24205.0,1246.0,66.0,-120.0,,2026-07-24T11:49:05.145656+08:00
3037,2025-10-14,-802138.0,-3792735.0,-503651.0,-5098524.0,23653.0,1171.0,-552.0,-75.0,,2026-07-24T11:49:05.145656+08:00
3037,2025-10-15,924910.0,10520953.0,1200000.0,12645863.0,23530.0,1784.0,-123.0,613.0,,2026-07-24T11:49:05.145656+08:00
3037,2025-10-16,246705.0,15359905.0,1636000.0,17242610.0,22322.0,2074.0,-1208.0,290.0,,2026-07-24T11:49:05.145656+08:00
3037,2025-10-17,-517054.0,-2438785.0,-1220000.0,-4175839.0,22386.0,1760.0,64.0,-314.0,,2026-07-24T11:49:05.145656+08:00
3037,2025-10-20,-21408.0,-2519264.0,-737647.0,-3278319.0,22821.0,1702.0,435.0,-58.0,,2026-07-24T11:49:05.145656+08:00
3037,2025-10-21,152714.0,3151076.0,-1391000.0,1912790.0,23658.0,1681.0,837.0,-21.0,,2026-07-24T11:49:05.145656+08:00
3037,2025-10-22,409462.0,-1341560.0,-802000.0,-1734098.0,24230.0,1669.0,572.0,-12.0,,2026-07-24T11:49:05.145656+08:00
3037,2025-10-23,-65755.0,1547370.0,-639000.0,842615.0,23719.0,1646.0,-511.0,-23.0,,2026-07-24T11:49:05.145656+08:00
3037,2025-10-27,361006.0,7844559.0,-649079.0,7556486.0,23738.0,1718.0,19.0,72.0,,2026-07-24T11:49:05.145656+08:00
3037,2025-10-28,-224279.0,-1143324.0,43000.0,-1324603.0,24134.0,1749.0,396.0,31.0,,2026-07-24T11:49:05.145656+08:00
3037,2025-10-29,491469.0,4681051.0,31000.0,5203520.0,25478.0,1778.0,1344.0,29.0,,2026-07-24T11:49:05.145656+08:00
3037,2025-10-30,-284076.0,-906765.0,-3476000.0,-4666841.0,25220.0,1517.0,-258.0,-261.0,,2026-07-24T11:49:05.145656+08:00
3037,2025-10-31,748865.0,5612221.0,67000.0,6428086.0,24919.0,1584.0,-301.0,67.0,,2026-07-24T11:49:05.145656+08:00
3037,2025-11-03,2084968.0,21903097.0,-47000.0,23941065.0,27866.0,1755.0,2947.0,171.0,,2026-07-24T11:49:05.145656+08:00
3037,2025-11-04,-610945.0,-4114944.0,-273000.0,-4998889.0,25463.0,1277.0,-2403.0,-478.0,,2026-07-24T11:49:05.145656+08:00
3037,2025-11-05,499652.0,-141514.0,-1927013.0,-1568875.0,25754.0,1064.0,291.0,-213.0,,2026-07-24T11:49:05.145656+08:00
3037,2025-11-06,40388.0,-1537088.0,1520329.0,23629.0,25184.0,950.0,-570.0,-114.0,,2026-07-24T11:49:05.145656+08:00
3037,2025-11-07,-441681.0,-3591557.0,-1137007.0,-5170245.0,25644.0,604.0,460.0,-346.0,,2026-07-24T11:49:05.145656+08:00
3037,2025-11-10,351211.0,2613554.0,249302.0,3214067.0,25841.0,3.0,197.0,-601.0,,2026-07-24T11:49:05.145656+08:00
3037,2025-11-11,136506.0,2210692.0,-32000.0,2315198.0,26047.0,0.0,206.0,-3.0,,2026-07-24T11:49:05.145656+08:00
3037,2025-11-12,-305815.0,74112.0,37000.0,-194703.0,25862.0,0.0,-185.0,0.0,,2026-07-24T11:49:05.145656+08:00
3037,2025-11-13,1583105.0,13147667.0,2093127.0,16823899.0,26786.0,0.0,924.0,0.0,,2026-07-24T11:49:05.145656+08:00
3037,2025-11-14,-1083770.0,-2750300.0,35000.0,-3799070.0,26007.0,59.0,-779.0,59.0,,2026-07-24T11:49:05.145656+08:00
3037,2025-11-17,-793234.0,-3656738.0,-162000.0,-4611972.0,26356.0,64.0,349.0,5.0,,2026-07-24T11:49:05.145656+08:00
3037,2025-11-18,-64353.0,10273670.0,65000.0,10274317.0,25818.0,231.0,-538.0,167.0,,2026-07-24T11:49:05.145656+08:00
3037,2025-11-19,-256679.0,-15003243.0,11644.0,-15248278.0,26653.0,158.0,835.0,-73.0,,2026-07-24T11:49:05.145656+08:00
3037,2025-11-20,1703991.0,10503735.0,242330.0,12450056.0,25879.0,814.0,-774.0,656.0,,2026-07-24T11:49:05.145656+08:00
3037,2025-11-21,-881484.0,-11263477.0,213333.0,-11931628.0,26849.0,205.0,970.0,-609.0,,2026-07-24T11:49:05.145656+08:00
3037,2025-11-24,268286.0,1522360.0,265921.0,2056567.0,26907.0,360.0,58.0,155.0,,2026-07-24T11:49:05.145656+08:00
3037,2025-11-25,665615.0,18581779.0,155024.0,19402418.0,28319.0,1042.0,1412.0,682.0,,2026-07-24T11:49:05.145656+08:00
3037,2025-11-26,1718482.0,7280908.0,-727999.0,8271391.0,26945.0,1137.0,-1374.0,95.0,,2026-07-24T11:49:05.145656+08:00
3037,2025-11-27,2497323.0,13245179.0,561691.0,16304193.0,28962.0,1432.0,2017.0,295.0,,2026-07-24T11:49:05.145656+08:00
3037,2025-11-28,326988.0,785179.0,-656000.0,456167.0,27810.0,1493.0,-1152.0,61.0,,2026-07-24T11:49:05.145656+08:00
3037,2025-12-01,1022783.0,15400982.0,1718000.0,18141765.0,27920.0,1890.0,110.0,397.0,,2026-07-24T11:49:05.145656+08:00
3037,2025-12-02,-916535.0,286189.0,1407400.0,777054.0,29567.0,2153.0,1647.0,263.0,,2026-07-24T11:49:05.145656+08:00
3037,2025-12-03,452329.0,3896428.0,1000.0,4349757.0,29614.0,2218.0,47.0,65.0,,2026-07-24T11:49:05.145656+08:00
3037,2025-12-04,14613.0,4972867.0,935000.0,5922480.0,29967.0,2633.0,353.0,415.0,,2026-07-24T11:49:05.145656+08:00
3037,2025-12-05,96899.0,17396505.0,2150000.0,19643404.0,32839.0,3601.0,2872.0,968.0,,2026-07-24T11:49:05.145656+08:00
3037,2025-12-08,-354367.0,4001784.0,434337.0,4081754.0,31391.0,3977.0,-1448.0,376.0,,2026-07-24T11:49:05.145656+08:00
3037,2025-12-09,-520116.0,13971470.0,2158401.0,15609755.0,31286.0,3748.0,-105.0,-229.0,,2026-07-24T11:49:05.145656+08:00
3037,2025-12-10,-542978.0,2452012.0,787396.0,2696430.0,30378.0,3728.0,-908.0,-20.0,,2026-07-24T11:49:05.145656+08:00
3037,2025-12-11,-338947.0,1434776.0,-493620.0,602209.0,31378.0,3531.0,1000.0,-197.0,,2026-07-24T11:49:05.145656+08:00
3037,2025-12-12,-118802.0,1385788.0,60000.0,1326986.0,31036.0,3132.0,-342.0,-399.0,,2026-07-24T11:49:05.145656+08:00
3037,2025-12-15,260836.0,161505.0,-188620.0,233721.0,30765.0,2674.0,-271.0,-458.0,,2026-07-24T11:49:05.145656+08:00
3037,2025-12-16,-509693.0,4897559.0,-621421.0,3766445.0,30215.0,2395.0,-550.0,-279.0,,2026-07-24T11:49:05.145656+08:00
3037,2025-12-17,359062.0,-4778783.0,457000.0,-3962721.0,30941.0,2298.0,726.0,-97.0,,2026-07-24T11:49:05.145656+08:00
3037,2025-12-18,294647.0,3605490.0,-92000.0,3808137.0,29710.0,2125.0,-1231.0,-173.0,,2026-07-24T11:49:05.145656+08:00
3037,2025-12-19,666282.0,-1728628.0,389000.0,-673346.0,30356.0,2284.0,646.0,159.0,,2026-07-24T11:49:05.145656+08:00
3037,2025-12-22,1609447.0,-1916078.0,-771706.0,-1078337.0,31012.0,2311.0,656.0,27.0,,2026-07-24T11:49:05.145656+08:00
3037,2025-12-23,-6782.0,-4275059.0,-537000.0,-4818841.0,31261.0,2260.0,249.0,-51.0,,2026-07-24T11:49:05.145656+08:00
3037,2025-12-24,403756.0,-1835600.0,-128000.0,-1559844.0,31342.0,2313.0,81.0,53.0,,2026-07-24T11:49:05.145656+08:00
3037,2025-12-26,474025.0,-135548.0,309000.0,647477.0,31649.0,2296.0,307.0,-17.0,,2026-07-24T11:49:05.145656+08:00
3037,2025-12-29,189072.0,997188.0,1000.0,1187260.0,31292.0,2328.0,-357.0,32.0,,2026-07-24T11:49:05.145656+08:00
3037,2025-12-30,-92566.0,-1424231.0,-136001.0,-1652798.0,31263.0,2309.0,-29.0,-19.0,,2026-07-24T11:49:05.145656+08:00
3037,2025-12-31,341181.0,-1502077.0,-141000.0,-1301896.0,31846.0,2270.0,583.0,-39.0,,2026-07-24T11:49:05.145656+08:00
3037,2026-01-02,488262.0,-2647328.0,-575000.0,-2734066.0,31247.0,2239.0,-599.0,-31.0,,2026-07-24T11:49:05.145656+08:00
3037,2026-01-05,2412395.0,61874.0,291000.0,2765269.0,33051.0,2429.0,1804.0,190.0,,2026-07-24T11:49:05.145656+08:00
3037,2026-01-06,-396711.0,-1663049.0,-266000.0,-2325760.0,32929.0,2501.0,-122.0,72.0,,2026-07-24T11:49:05.145656+08:00
3037,2026-01-07,138837.0,-6411257.0,161002.0,-6111418.0,33433.0,2043.0,504.0,-458.0,,2026-07-24T11:49:05.145656+08:00
3037,2026-01-08,-804039.0,1556278.0,-436000.0,316239.0,33045.0,2177.0,-388.0,134.0,,2026-07-24T11:49:05.145656+08:00
3037,2026-01-09,-476533.0,1271248.0,-1026000.0,-231285.0,32821.0,2215.0,-224.0,38.0,,2026-07-24T11:49:05.145656+08:00
3037,2026-01-12,705273.0,14089397.0,291000.0,15085670.0,31995.0,2450.0,-826.0,235.0,,2026-07-24T11:49:05.145656+08:00
3037,2026-01-13,-584545.0,4097701.0,1535000.0,5048156.0,31489.0,2691.0,-506.0,241.0,,2026-07-24T11:49:05.145656+08:00
3037,2026-01-14,-520247.0,-5964607.0,252000.0,-6232854.0,30160.0,2825.0,-1329.0,134.0,,2026-07-24T11:49:05.145656+08:00
3037,2026-01-15,-735024.0,-4864158.0,980000.0,-4619182.0,30564.0,2658.0,404.0,-167.0,,2026-07-24T11:49:05.145656+08:00
3037,2026-01-16,233860.0,6413026.0,5935001.0,12581887.0,33102.0,2864.0,2538.0,206.0,,2026-07-24T11:49:05.145656+08:00
3037,2026-01-19,715995.0,-10906687.0,2870196.0,-7320496.0,36093.0,3574.0,2991.0,710.0,,2026-07-24T11:49:05.145656+08:00
3037,2026-01-20,-1810440.0,-262347.0,2030961.0,-41826.0,34524.0,3029.0,-1569.0,-545.0,,2026-07-24T11:49:05.145656+08:00
3037,2026-01-21,-1497219.0,6138272.0,3048000.0,7689053.0,34375.0,3532.0,-149.0,503.0,,2026-07-24T11:49:05.145656+08:00
3037,2026-01-22,-1136961.0,-2551114.0,1541995.0,-2146080.0,35238.0,3805.0,863.0,273.0,,2026-07-24T11:49:05.145656+08:00
3037,2026-01-23,-417401.0,12862204.0,46000.0,12490803.0,35360.0,4517.0,122.0,712.0,,2026-07-24T11:49:05.145656+08:00
3037,2026-01-26,-78860.0,-6682030.0,29886.0,-6731004.0,36421.0,4424.0,1061.0,-93.0,,2026-07-24T11:49:05.145656+08:00
3037,2026-01-27,141571.0,-3246898.0,1930393.0,-1174934.0,37335.0,4423.0,914.0,-1.0,,2026-07-24T11:49:05.145656+08:00
3037,2026-01-28,-569681.0,3783144.0,-341010.0,2872453.0,36071.0,4622.0,-1264.0,199.0,,2026-07-24T11:49:05.145656+08:00
3037,2026-01-29,-1342479.0,-3345588.0,3797745.0,-890322.0,35271.0,4830.0,-800.0,208.0,,2026-07-24T11:49:05.145656+08:00
3037,2026-01-30,228711.0,-856454.0,2552001.0,1924258.0,35948.0,5913.0,677.0,1083.0,,2026-07-24T11:49:05.145656+08:00
3037,2026-02-02,-388875.0,-12025327.0,5189000.0,-7225202.0,42429.0,5631.0,6481.0,-282.0,,2026-07-24T11:49:05.145656+08:00
3037,2026-02-03,-1386827.0,-1416274.0,4751000.0,1947899.0,41477.0,5705.0,-952.0,74.0,,2026-07-24T11:49:05.145656+08:00
3037,2026-02-04,795975.0,-10894673.0,4586000.0,-5512698.0,43778.0,5810.0,2301.0,105.0,,2026-07-24T11:49:05.145656+08:00
3037,2026-02-05,-492686.0,-15966029.0,2163000.0,-14295715.0,44575.0,5294.0,797.0,-516.0,,2026-07-24T11:49:05.145656+08:00
3037,2026-02-06,-790538.0,1378872.0,1620941.0,2209275.0,42159.0,5324.0,-2416.0,30.0,,2026-07-24T11:49:05.145656+08:00
3037,2026-02-09,773244.0,-11238142.0,2187000.0,-8277898.0,43892.0,3663.0,1733.0,-1661.0,,2026-07-24T11:49:05.145656+08:00
3037,2026-02-10,-66942.0,5898093.0,3378000.0,9209151.0,42581.0,3332.0,-1311.0,-331.0,,2026-07-24T11:49:05.145656+08:00
3037,2026-02-11,-475498.0,-6789105.0,965000.0,-6299603.0,41670.0,2825.0,-911.0,-507.0,,2026-07-24T11:49:05.145656+08:00
3037,2026-02-23,6459.0,7883165.0,2858000.0,10747624.0,43247.0,2768.0,1577.0,-57.0,,2026-07-24T11:49:05.145656+08:00
3037,2026-02-24,510999.0,-19777648.0,3773000.0,-15493649.0,47293.0,3755.0,4046.0,987.0,,2026-07-24T11:49:05.145656+08:00
3037,2026-02-25,-699868.0,857591.0,2853000.0,3010723.0,44933.0,3442.0,-2360.0,-313.0,,2026-07-24T11:49:05.145656+08:00
3037,2026-02-26,-344872.0,1057675.0,4167853.0,4880656.0,44702.0,3480.0,-231.0,38.0,,2026-07-24T11:49:05.145656+08:00
3037,2026-03-02,84652.0,-3486509.0,-114894.0,-3516751.0,43883.0,3112.0,-819.0,-368.0,,2026-07-24T11:49:05.145656+08:00
3037,2026-03-03,-727073.0,2835857.0,-147000.0,1961784.0,41152.0,2435.0,-2731.0,-677.0,,2026-07-24T11:49:05.145656+08:00
3037,2026-03-04,504835.0,-3564762.0,-898000.0,-3957927.0,40294.0,1902.0,-858.0,-533.0,,2026-07-24T11:49:05.145656+08:00
3037,2026-03-05,-1312007.0,1513224.0,708000.0,909217.0,39258.0,1891.0,-1036.0,-11.0,,2026-07-24T11:49:05.145656+08:00
3037,2026-03-06,336670.0,-4619665.0,-124000.0,-4406995.0,40081.0,1761.0,823.0,-130.0,,2026-07-24T11:49:05.145656+08:00
3037,2026-03-09,-616628.0,-1055922.0,-619000.0,-2291550.0,37261.0,1427.0,-2820.0,-334.0,,2026-07-24T11:49:05.145656+08:00
3037,2026-03-10,-917356.0,2267978.0,-14000.0,1336622.0,36578.0,1435.0,-683.0,8.0,,2026-07-24T11:49:05.145656+08:00
3037,2026-03-11,336148.0,1805941.0,322000.0,2464089.0,36844.0,1430.0,266.0,-5.0,,2026-07-24T11:49:05.145656+08:00
3037,2026-03-12,-266016.0,4701217.0,-55000.0,4380201.0,35805.0,1468.0,-1039.0,38.0,,2026-07-24T11:49:05.145656+08:00
3037,2026-03-13,206899.0,4854584.0,-35000.0,5026483.0,36559.0,1464.0,754.0,-4.0,,2026-07-24T11:49:05.145656+08:00
3037,2026-03-16,-217500.0,3226677.0,-59989.0,2949188.0,36501.0,1416.0,-58.0,-48.0,,2026-07-24T11:49:05.145656+08:00
3037,2026-03-17,54033.0,-1513214.0,285000.0,-1174181.0,35360.0,1333.0,-1141.0,-83.0,,2026-07-24T11:49:05.145656+08:00
3037,2026-03-18,269772.0,6762083.0,1352000.0,8383855.0,35419.0,2149.0,59.0,816.0,,2026-07-24T11:49:05.145656+08:00
3037,2026-03-19,746583.0,2109668.0,-118000.0,2738251.0,34391.0,1447.0,-1028.0,-702.0,,2026-07-24T11:49:05.145656+08:00
3037,2026-03-20,-327410.0,-121754.0,-183731.0,-632895.0,33849.0,866.0,-542.0,-581.0,,2026-07-24T11:49:05.145656+08:00
3037,2026-03-23,-899664.0,-244547.0,-225000.0,-1369211.0,32909.0,3.0,-940.0,-863.0,,2026-07-24T11:49:05.145656+08:00
3037,2026-03-24,13069.0,1991706.0,-1465399.0,539376.0,32033.0,0.0,-876.0,-3.0,,2026-07-24T11:49:05.145656+08:00
3037,2026-03-25,-298767.0,2309685.0,-43900.0,1967018.0,31656.0,0.0,-377.0,0.0,,2026-07-24T11:49:05.145656+08:00
3037,2026-03-26,202765.0,832364.0,-491923.0,543206.0,31201.0,0.0,-455.0,0.0,,2026-07-24T11:49:05.145656+08:00
3037,2026-03-27,613985.0,-1314394.0,174286.0,-526123.0,31055.0,3.0,-146.0,3.0,,2026-07-24T11:49:05.145656+08:00
3037,2026-03-30,899094.0,-1154854.0,-631676.0,-887436.0,30925.0,4.0,-130.0,1.0,,2026-07-24T11:49:05.145656+08:00
3037,2026-03-31,-587925.0,-380772.0,-147341.0,-1116038.0,30455.0,21.0,-470.0,17.0,,2026-07-24T11:49:05.145656+08:00
3037,2026-04-01,-73632.0,-240317.0,79000.0,-234949.0,30667.0,12.0,212.0,-9.0,,2026-07-24T11:49:05.145656+08:00
3037,2026-04-02,-1206858.0,-1303030.0,3015978.0,506090.0,34088.0,108.0,3421.0,96.0,,2026-07-24T11:49:05.145656+08:00
3037,2026-04-07,467811.0,-3170728.0,1870000.0,-832917.0,35503.0,210.0,1415.0,102.0,,2026-07-24T11:49:05.145656+08:00
3037,2026-04-08,362935.0,6613160.0,758332.0,7734427.0,35192.0,300.0,-311.0,90.0,,2026-07-24T11:49:05.145656+08:00
3037,2026-04-09,-725871.0,-216664.0,-63000.0,-1005535.0,34843.0,289.0,-349.0,-11.0,,2026-07-24T11:49:05.145656+08:00
3037,2026-04-10,-365562.0,3245419.0,509112.0,3388969.0,34160.0,337.0,-683.0,48.0,,2026-07-24T11:49:05.145656+08:00
3037,2026-04-13,-565386.0,-30543128.0,31395000.0,286486.0,35843.0,430.0,1683.0,93.0,,2026-07-24T11:49:05.145656+08:00
3037,2026-04-14,1515553.0,1312076.0,-2224000.0,603629.0,35232.0,229.0,-611.0,-201.0,,2026-07-24T11:49:05.145656+08:00
3037,2026-04-15,-176241.0,3579485.0,-1385834.0,2017410.0,34958.0,176.0,-274.0,-53.0,,2026-07-24T11:49:05.145656+08:00
3037,2026-04-16,253851.0,2227077.0,-1198584.0,1282344.0,34749.0,174.0,-209.0,-2.0,,2026-07-24T11:49:05.145656+08:00
3037,2026-04-17,291146.0,233566.0,-459606.0,65106.0,34714.0,167.0,-35.0,-7.0,,2026-07-24T11:49:05.145656+08:00
3037,2026-04-20,897629.0,135126.0,-238440.0,794315.0,34420.0,151.0,-294.0,-16.0,,2026-07-24T11:49:05.145656+08:00
3037,2026-04-21,-177734.0,3566733.0,-473950.0,2915049.0,33983.0,152.0,-437.0,1.0,,2026-07-24T11:49:05.145656+08:00
3037,2026-04-22,276847.0,44345.0,-41241.0,279951.0,33875.0,154.0,-108.0,2.0,,2026-07-24T11:49:05.145656+08:00
3037,2026-04-23,-110210.0,1826626.0,105720.0,1822136.0,33371.0,150.0,-504.0,-4.0,,2026-07-24T11:49:05.145656+08:00
3037,2026-04-24,868838.0,2176601.0,-492805.0,2552634.0,33686.0,178.0,315.0,28.0,,2026-07-24T11:49:05.145656+08:00
3037,2026-04-27,121305.0,2271650.0,-1375929.0,1017026.0,33258.0,145.0,-428.0,-33.0,,2026-07-24T11:49:05.145656+08:00
3037,2026-04-28,-1539237.0,-4724899.0,-197681.0,-6461817.0,36314.0,172.0,3056.0,27.0,,2026-07-24T11:49:05.145656+08:00
3037,2026-04-29,-109127.0,-5781564.0,-435000.0,-6325691.0,37178.0,297.0,864.0,125.0,,2026-07-24T11:49:05.145656+08:00
3037,2026-04-30,392783.0,-182342.0,793000.0,1003441.0,38527.0,334.0,1349.0,37.0,,2026-07-24T11:49:05.145656+08:00
3037,2026-05-04,-164980.0,-1299089.0,1047000.0,-417069.0,37402.0,314.0,-1125.0,-20.0,,2026-07-24T11:49:05.145656+08:00
3037,2026-05-05,100689.0,-4590532.0,139879.0,-4349964.0,37991.0,310.0,589.0,-4.0,,2026-07-24T11:49:05.145656+08:00
3037,2026-05-06,-1529923.0,-4455150.0,-845533.0,-6830606.0,38253.0,258.0,262.0,-52.0,,2026-07-24T11:49:05.145656+08:00
3037,2026-05-07,254366.0,497195.0,446000.0,1197561.0,38815.0,299.0,562.0,41.0,,2026-07-24T11:49:05.145656+08:00
3037,2026-05-08,-922669.0,-5767319.0,-2105000.0,-8794988.0,38347.0,280.0,-468.0,-19.0,,2026-07-24T11:49:05.145656+08:00
3037,2026-05-11,98770.0,2965082.0,979001.0,4042853.0,38076.0,303.0,-271.0,23.0,,2026-07-24T11:49:05.145656+08:00
3037,2026-05-12,-128813.0,1088780.0,2464104.0,3424071.0,37457.0,310.0,-619.0,7.0,,2026-07-24T11:49:05.145656+08:00
3037,2026-05-13,-300497.0,1354727.0,1233081.0,2287311.0,37695.0,346.0,238.0,36.0,,2026-07-24T11:49:05.145656+08:00
3037,2026-05-14,29309.0,-3445897.0,3620662.0,204074.0,37755.0,323.0,60.0,-23.0,,2026-07-24T11:49:05.145656+08:00
3037,2026-05-15,-928363.0,-6133081.0,-1146000.0,-8207444.0,37498.0,303.0,-257.0,-20.0,,2026-07-24T11:49:05.145656+08:00
3037,2026-05-18,-148442.0,226631.0,212000.0,290189.0,37078.0,230.0,-420.0,-73.0,,2026-07-24T11:49:05.145656+08:00
3037,2026-05-19,-30508.0,464821.0,-516000.0,-81687.0,37314.0,248.0,236.0,18.0,,2026-07-24T11:49:05.145656+08:00
3037,2026-05-20,-519487.0,-639817.0,487000.0,-672304.0,37501.0,213.0,187.0,-35.0,,2026-07-24T11:49:05.145656+08:00
3037,2026-05-21,1128681.0,6819681.0,410100.0,8358462.0,37241.0,344.0,-260.0,131.0,,2026-07-24T11:49:05.145656+08:00
3037,2026-05-22,-185055.0,4659543.0,771843.0,5246331.0,37838.0,336.0,597.0,-8.0,,2026-07-24T11:49:05.145656+08:00
3037,2026-05-25,-133676.0,1774969.0,-450000.0,1191293.0,37379.0,357.0,-459.0,21.0,,2026-07-24T11:49:05.145656+08:00
3037,2026-05-26,206128.0,8680405.0,2890000.0,11776533.0,36946.0,529.0,-433.0,172.0,,2026-07-24T11:49:05.145656+08:00
3037,2026-05-27,-541053.0,197661.0,1050000.0,706608.0,36099.0,497.0,-847.0,-32.0,,2026-07-24T11:49:05.145656+08:00
3037,2026-05-28,-254148.0,344308.0,469000.0,559160.0,35811.0,320.0,-288.0,-177.0,,2026-07-24T11:49:05.145656+08:00
3037,2026-05-29,-84769.0,-1150135.0,-225373.0,-1460277.0,36440.0,295.0,629.0,-25.0,,2026-07-24T11:49:05.145656+08:00
3037,2026-06-01,-52762.0,261132.0,-917999.0,-709629.0,35970.0,300.0,-470.0,5.0,,2026-07-24T11:49:05.145656+08:00
3037,2026-06-02,-358483.0,-2748858.0,-4189000.0,-7296341.0,36148.0,195.0,178.0,-105.0,,2026-07-24T11:49:05.145656+08:00
3037,2026-06-03,-67154.0,3333271.0,-1907280.0,1358837.0,36027.0,195.0,-121.0,0.0,,2026-07-24T11:49:05.145656+08:00
3037,2026-06-04,-230805.0,183138.0,40720.0,-6947.0,36278.0,195.0,251.0,0.0,,2026-07-24T11:49:05.145656+08:00
3037,2026-06-05,-219476.0,-833510.0,-1480000.0,-2532986.0,36348.0,149.0,70.0,-46.0,,2026-07-24T11:49:05.145656+08:00
3037,2026-06-08,-504124.0,634642.0,-328000.0,-197482.0,36183.0,194.0,-165.0,45.0,,2026-07-24T11:49:05.145656+08:00
3037,2026-06-09,-31027.0,-1356255.0,327000.0,-1060282.0,37010.0,196.0,827.0,2.0,,2026-07-24T11:49:05.145656+08:00
3037,2026-06-10,-466460.0,-2251161.0,263109.0,-2454512.0,35840.0,176.0,-1170.0,-20.0,,2026-07-24T11:49:05.145656+08:00
3037,2026-06-11,-373198.0,1916812.0,-1222723.0,320891.0,35791.0,138.0,-49.0,-38.0,,2026-07-24T11:49:05.145656+08:00
3037,2026-06-12,384048.0,2865403.0,-8279.0,3241172.0,35544.0,153.0,-247.0,15.0,,2026-07-24T11:49:05.145656+08:00
3037,2026-06-15,343267.0,2049007.0,985000.0,3377274.0,35513.0,171.0,-31.0,18.0,,2026-07-24T11:49:05.145656+08:00
3037,2026-06-16,265623.0,1047037.0,-754853.0,557807.0,35642.0,168.0,129.0,-3.0,,2026-07-24T11:49:05.145656+08:00
3037,2026-06-17,178458.0,-650702.0,828440.0,356196.0,36184.0,163.0,542.0,-5.0,,2026-07-24T11:49:05.145656+08:00
3037,2026-06-18,115592.0,-3201799.0,-991556.0,-4077763.0,36578.0,142.0,394.0,-21.0,,2026-07-24T11:49:05.145656+08:00
3037,2026-06-19,806000.0,-3327000.0,0.0,-2521000.0,,,,,,2026-07-24T11:49:05.145656+08:00
3037,2026-06-22,114618.0,5460963.0,2175002.0,7750583.0,36212.0,151.0,,,,2026-07-24T11:49:05.145656+08:00
3037,2026-06-23,-68956.0,79418.0,-547486.0,-537024.0,36075.0,147.0,-137.0,-4.0,,2026-07-24T11:49:05.145656+08:00
3037,2026-06-24,-139204.0,-7647902.0,-25000.0,-7812106.0,37360.0,151.0,1285.0,4.0,,2026-07-24T11:49:05.145656+08:00
3037,2026-06-25,462624.0,6227587.0,2754000.0,9444211.0,36776.0,229.0,-584.0,78.0,,2026-07-24T11:49:05.145656+08:00
3037,2026-06-26,-575204.0,-9034529.0,4756257.0,-4853476.0,37159.0,156.0,383.0,-73.0,,2026-07-24T11:49:05.145656+08:00
3037,2026-06-29,55652.0,-2028734.0,1544770.0,-428312.0,37736.0,122.0,577.0,-34.0,,2026-07-24T11:49:05.145656+08:00
3037,2026-06-30,446221.0,3620829.0,1866000.0,5933050.0,38296.0,40.0,560.0,-82.0,,2026-07-24T11:49:05.145656+08:00
3037,2026-07-01,-302936.0,119712.0,2054000.0,1870776.0,37026.0,0.0,,,,2026-07-30T01:54:49.350259+08:00
3037,2026-07-02,117979.0,-11429884.0,285415.0,-11026490.0,38272.0,0.0,1246.0,0.0,,2026-07-30T01:54:49.350259+08:00
3037,2026-07-03,262390.0,-3714516.0,504092.0,-2948034.0,38871.0,0.0,599.0,0.0,,2026-07-30T01:54:49.350259+08:00
3037,2026-07-06,58197.0,-5302982.0,-1505453.0,-6750238.0,39205.0,51.0,334.0,51.0,,2026-07-30T01:54:49.350259+08:00
3037,2026-07-07,-271628.0,-11837734.0,-537000.0,-12646362.0,39595.0,133.0,390.0,82.0,,2026-07-30T01:54:49.350259+08:00
3037,2026-07-08,35881.0,-4684933.0,795111.0,-3853941.0,40471.0,118.0,876.0,-15.0,,2026-07-30T01:54:49.350259+08:00
3037,2026-07-09,78296.0,-5611868.0,2705259.0,-2828313.0,41553.0,126.0,1082.0,8.0,,2026-07-30T01:54:49.350259+08:00
3037,2026-07-13,47688.0,-1793611.0,1498619.0,-247304.0,41574.0,173.0,21.0,47.0,,2026-07-30T01:54:49.350259+08:00
3037,2026-07-14,416920.0,-4335957.0,893878.0,-3025159.0,41221.0,168.0,-353.0,-5.0,,2026-07-30T01:54:49.350259+08:00
3037,2026-07-15,-189216.0,-2065805.0,2539189.0,284168.0,42463.0,284.0,1242.0,116.0,,2026-07-30T01:54:49.350259+08:00
3037,2026-07-16,39269.0,-6552022.0,1736808.0,-4775945.0,42975.0,248.0,512.0,-36.0,,2026-07-30T01:54:49.350259+08:00
3037,2026-07-17,-392033.0,-4628465.0,670489.0,-4350009.0,41776.0,601.0,-1199.0,353.0,,2026-07-30T01:54:49.350259+08:00
3037,2026-07-20,149684.0,1920493.0,137624.0,2207801.0,40436.0,161.0,-1340.0,-440.0,,2026-07-30T01:54:49.350259+08:00
3037,2026-07-21,-193224.0,951249.0,573000.0,1331025.0,40356.0,294.0,-80.0,133.0,,2026-07-30T01:54:49.350259+08:00
3037,2026-07-22,128047.0,2704243.0,405033.0,3237323.0,40136.0,411.0,-220.0,117.0,,2026-07-30T01:54:49.350259+08:00
3037,2026-07-23,-151270.0,-531110.0,2270758.0,1588378.0,40067.0,336.0,-69.0,-75.0,,2026-07-30T01:54:49.350259+08:00
3037,2026-07-24,-107772.0,-1447824.0,19000.0,-1536596.0,39509.0,372.0,-558.0,36.0,,2026-07-30T01:54:49.350259+08:00
3037,2026-07-27,311413.0,-1282863.0,-30000.0,-1001450.0,39585.0,281.0,76.0,-91.0,,2026-07-30T01:54:49.350259+08:00
3037,2026-07-28,453866.0,-4058243.0,270242.0,-3334135.0,40024.0,216.0,439.0,-65.0,,2026-07-30T01:54:49.350259+08:00
3037,2026-07-29,351428.0,-3951277.0,1917242.0,-1682607.0,39681.0,157.0,-343.0,-59.0,,2026-07-30T01:54:49.350259+08:00
3037,2026-08-03,-144118.0,1785144.0,763577.0,2404603.0,40795.0,477.0,,,,2026-08-31T21:27:36.894849+08:00
3037,2026-08-04,-167583.0,-2383236.0,5933000.0,3382181.0,40728.0,475.0,-67.0,-2.0,,2026-08-31T21:27:36.894849+08:00
3037,2026-08-05,-181894.0,8712450.0,1817592.0,10348148.0,39230.0,608.0,-1498.0,133.0,,2026-08-31T21:27:36.894849+08:00
3037,2026-08-06,-27882.0,-615618.0,581000.0,-62500.0,39633.0,600.0,403.0,-8.0,,2026-08-31T21:27:36.894849+08:00
3037,2026-08-07,-47709.0,-790555.0,74000.0,-764264.0,39328.0,552.0,-305.0,-48.0,,2026-08-31T21:27:36.894849+08:00
3037,2026-08-10,161609.0,3502767.0,31000.0,3695376.0,39054.0,682.0,-274.0,130.0,,2026-08-31T21:27:36.894849+08:00
3037,2026-08-11,-41319.0,904230.0,-67792.0,795119.0,39130.0,659.0,76.0,-23.0,,2026-08-31T21:27:36.894849+08:00
3037,2026-08-12,222970.0,2296751.0,-50000.0,2469721.0,39153.0,649.0,23.0,-10.0,,2026-08-31T21:27:36.894849+08:00
3037,2026-08-13,4942.0,2741390.0,-755242.0,1991090.0,38546.0,583.0,-607.0,-66.0,,2026-08-31T21:27:36.894849+08:00
3037,2026-08-14,391551.0,3480000.0,-85242.0,3786309.0,38882.0,712.0,336.0,129.0,,2026-08-31T21:27:36.894849+08:00
3037,2026-08-17,107267.0,20705461.0,50000.0,20862728.0,37857.0,903.0,-1025.0,191.0,,2026-08-31T21:27:36.894849+08:00
3037,2026-08-18,-394898.0,10676502.0,150000.0,10431604.0,36768.0,930.0,-1089.0,27.0,,2026-08-31T21:27:36.894849+08:00
3037,2026-08-19,-65704.0,1638430.0,-637001.0,935725.0,37246.0,797.0,478.0,-133.0,,2026-08-31T21:27:36.894849+08:00
3037,2026-08-20,-34241.0,952562.0,-73455.0,844866.0,37012.0,819.0,-234.0,22.0,,2026-08-31T21:27:36.894849+08:00
3037,2026-08-21,202646.0,2398670.0,-231934.0,2369382.0,36111.0,815.0,-901.0,-4.0,,2026-08-31T21:27:36.894849+08:00
3037,2026-08-24,-15447.0,546440.0,-172316.0,358677.0,36000.0,916.0,-111.0,101.0,,2026-08-31T21:27:36.894849+08:00
3037,2026-08-25,170800.0,3068442.0,-1212000.0,2027242.0,36031.0,787.0,31.0,-129.0,,2026-08-31T21:27:36.894849+08:00
3037,2026-08-26,414248.0,2916764.0,914389.0,4245401.0,37413.0,712.0,1382.0,-75.0,,2026-08-31T21:27:36.894849+08:00
3037,2026-08-27,152538.0,181470.0,873416.0,1207424.0,36355.0,681.0,-1058.0,-31.0,,2026-08-31T21:27:36.894849+08:00
3037,2026-08-28,-518749.0,3673341.0,-13242.0,3141350.0,35671.0,1258.0,-684.0,577.0,,2026-08-31T21:27:36.894849+08:00
3037,2026-08-31,-99410.0,2206912.0,44000.0,2151502.0,35683.0,3466.0,12.0,2208.0,,2026-08-31T21:27:36.894849+08:00
3037,2026-09-01,620545.0,4270266.0,-2732677.0,2158134.0,35502.0,1424.0,,,,2026-09-03T01:02:32.401179+08:00
3037,2026-09-02,428966.0,32792.0,-1360727.0,-898969.0,35277.0,1464.0,-225.0,40.0,,2026-09-03T01:02:32.401179+08:00
3037,2026-09-01,620545.0,4270266.0,-2732677.0,2158134.0,35502.0,1424.0,,,,2026-09-03T08:54:44.740053+08:00
3037,2026-09-02,428966.0,32792.0,-1360727.0,-898969.0,35277.0,1464.0,-225.0,40.0,,2026-09-03T08:54:44.740053+08:00
