stock_id,trade_date,dealer_net,foreign_net,investment_trust_net,institutional_net,margin_balance,short_balance,margin_change,short_change,securities_lending,updated_at
6669,2017-11-13,3000,-11494,0,-8494,,,,,,2026-07-24T11:49:13.579426+08:00
6669,2017-11-14,0,-5994,0,-5994,,,,,,2026-07-24T11:49:13.579426+08:00
6669,2017-11-15,-1000,0,0,-1000,,,,,,2026-07-24T11:49:13.579426+08:00
6669,2017-11-16,-2000,21000,0,19000,,,,,,2026-07-24T11:49:13.579426+08:00
6669,2017-11-17,0,50000,0,50000,,,,,,2026-07-24T11:49:13.579426+08:00
6669,2017-11-20,0,50000,0,50000,,,,,,2026-07-24T11:49:13.579426+08:00
6669,2017-11-21,0,-2000,0,-2000,,,,,,2026-07-24T11:49:13.579426+08:00
6669,2017-11-22,0,60000,0,60000,,,,,,2026-07-24T11:49:13.579426+08:00
6669,2017-11-23,0,50000,0,50000,,,,,,2026-07-24T11:49:13.579426+08:00
6669,2017-12-11,30000,-1000,0,29000,,,,,,2026-07-24T11:49:13.579426+08:00
6669,2017-12-19,0,30000,0,30000,,,,,,2026-07-24T11:49:13.579426+08:00
6669,2017-12-20,0,-1000,0,-1000,,,,,,2026-07-24T11:49:13.579426+08:00
6669,2017-12-26,0,-13,0,-13,,,,,,2026-07-24T11:49:13.579426+08:00
6669,2017-12-27,0,5000,0,5000,,,,,,2026-07-24T11:49:13.579426+08:00
6669,2018-01-04,0,15000,0,15000,,,,,,2026-07-24T11:49:13.579426+08:00
6669,2018-01-05,0,11000,0,11000,,,,,,2026-07-24T11:49:13.579426+08:00
6669,2018-01-08,0,-1000,0,-1000,,,,,,2026-07-24T11:49:13.579426+08:00
6669,2018-01-09,0,11000,0,11000,,,,,,2026-07-24T11:49:13.579426+08:00
6669,2018-01-10,0,5000,0,5000,,,,,,2026-07-24T11:49:13.579426+08:00
6669,2018-01-11,0,4000,0,4000,,,,,,2026-07-24T11:49:13.579426+08:00
6669,2018-01-15,8000,0,0,8000,,,,,,2026-07-24T11:49:13.579426+08:00
6669,2018-01-16,3000,0,0,3000,,,,,,2026-07-24T11:49:13.579426+08:00
6669,2018-01-17,5000,0,0,5000,,,,,,2026-07-24T11:49:13.579426+08:00
6669,2018-01-18,4000,0,0,4000,,,,,,2026-07-24T11:49:13.579426+08:00
6669,2018-01-22,0,57000,0,57000,,,,,,2026-07-24T11:49:13.579426+08:00
6669,2018-01-23,0,18000,0,18000,,,,,,2026-07-24T11:49:13.579426+08:00
6669,2018-01-25,0,16000,0,16000,,,,,,2026-07-24T11:49:13.579426+08:00
6669,2018-01-29,0,7000,0,7000,,,,,,2026-07-24T11:49:13.579426+08:00
6669,2018-01-31,0,-37000,0,-37000,,,,,,2026-07-24T11:49:13.579426+08:00
6669,2018-02-02,0,18971,0,18971,,,,,,2026-07-24T11:49:13.579426+08:00
6669,2018-02-05,25000,16176,0,41176,,,,,,2026-07-24T11:49:13.579426+08:00
6669,2018-02-06,2000,0,0,2000,,,,,,2026-07-24T11:49:13.579426+08:00
6669,2018-02-07,-12000,87100,0,75100,,,,,,2026-07-24T11:49:13.579426+08:00
6669,2018-02-08,0,25702,0,25702,,,,,,2026-07-24T11:49:13.579426+08:00
6669,2018-02-09,0,20000,0,20000,,,,,,2026-07-24T11:49:13.579426+08:00
6669,2018-02-22,0,5000,0,5000,,,,,,2026-07-24T11:49:13.579426+08:00
6669,2018-02-26,8000,0,0,8000,,,,,,2026-07-24T11:49:13.579426+08:00
6669,2018-02-27,2000,-3095,0,-1095,,,,,,2026-07-24T11:49:13.579426+08:00
6669,2018-03-01,2000,-36173,0,-34173,,,,,,2026-07-24T11:49:13.579426+08:00
6669,2018-03-02,17000,3400,0,20400,,,,,,2026-07-24T11:49:13.579426+08:00
6669,2018-03-05,0,-6600,0,-6600,,,,,,2026-07-24T11:49:13.579426+08:00
6669,2018-03-06,11000,0,0,11000,,,,,,2026-07-24T11:49:13.579426+08:00
6669,2018-03-07,0,1366,0,1366,,,,,,2026-07-24T11:49:13.579426+08:00
6669,2018-03-08,0,42000,0,42000,,,,,,2026-07-24T11:49:13.579426+08:00
6669,2018-03-09,20000,-22810,0,-2810,,,,,,2026-07-24T11:49:13.579426+08:00
6669,2018-03-12,0,22494,0,22494,,,,,,2026-07-24T11:49:13.579426+08:00
6669,2018-03-13,0,11700,0,11700,,,,,,2026-07-24T11:49:13.579426+08:00
6669,2018-03-14,10000,95358,0,105358,,,,,,2026-07-24T11:49:13.579426+08:00
6669,2018-03-15,0,65700,0,65700,,,,,,2026-07-24T11:49:13.579426+08:00
6669,2018-03-16,0,-44320,0,-44320,,,,,,2026-07-24T11:49:13.579426+08:00
6669,2018-03-19,16000,138243,0,154243,,,,,,2026-07-24T11:49:13.579426+08:00
6669,2018-03-20,-2000,-2000,0,-4000,,,,,,2026-07-24T11:49:13.579426+08:00
6669,2018-03-21,0,-56117,0,-56117,,,,,,2026-07-24T11:49:13.579426+08:00
6669,2018-03-22,0,-31792,0,-31792,,,,,,2026-07-24T11:49:13.579426+08:00
6669,2018-03-23,6000,0,0,6000,,,,,,2026-07-24T11:49:13.579426+08:00
6669,2018-03-26,0,4800,0,4800,,,,,,2026-07-24T11:49:13.579426+08:00
6669,2018-03-27,-5000,0,0,-5000,,,,,,2026-07-24T11:49:13.579426+08:00
6669,2018-03-28,-4000,-10951,0,-14951,,,,,,2026-07-24T11:49:13.579426+08:00
6669,2018-03-29,-4000,0,0,-4000,,,,,,2026-07-24T11:49:13.579426+08:00
6669,2018-03-30,-5000,0,0,-5000,,,,,,2026-07-24T11:49:13.579426+08:00
6669,2018-04-02,3000,0,0,3000,,,,,,2026-07-24T11:49:13.579426+08:00
6669,2018-04-03,6000,0,0,6000,,,,,,2026-07-24T11:49:13.579426+08:00
6669,2018-04-09,6000,34112,0,40112,,,,,,2026-07-24T11:49:13.579426+08:00
6669,2018-04-10,13000,20000,0,33000,,,,,,2026-07-24T11:49:13.579426+08:00
6669,2018-04-11,0,-49314,0,-49314,,,,,,2026-07-24T11:49:13.579426+08:00
6669,2018-04-12,-800,144369,0,143569,,,,,,2026-07-24T11:49:13.579426+08:00
6669,2018-04-13,5000,89736,0,94736,,,,,,2026-07-24T11:49:13.579426+08:00
6669,2018-04-16,-20000,-29952,0,-49952,,,,,,2026-07-24T11:49:13.579426+08:00
6669,2018-04-17,-33000,12029,0,-20971,,,,,,2026-07-24T11:49:13.579426+08:00
6669,2018-04-18,-11000,32676,0,21676,,,,,,2026-07-24T11:49:13.579426+08:00
6669,2018-04-19,-3000,-2068,0,-5068,,,,,,2026-07-24T11:49:13.579426+08:00
6669,2018-04-20,-8000,185431,0,177431,,,,,,2026-07-24T11:49:13.579426+08:00
6669,2018-04-23,0,184626,0,184626,,,,,,2026-07-24T11:49:13.579426+08:00
6669,2018-04-24,5000,-80077,0,-75077,,,,,,2026-07-24T11:49:13.579426+08:00
6669,2018-04-25,50000,-14600,0,35400,,,,,,2026-07-24T11:49:13.579426+08:00
6669,2018-04-26,0,100567,0,100567,,,,,,2026-07-24T11:49:13.579426+08:00
6669,2018-04-27,6000,-42000,0,-36000,,,,,,2026-07-24T11:49:13.579426+08:00
6669,2018-04-30,0,-60110,0,-60110,,,,,,2026-07-24T11:49:13.579426+08:00
6669,2018-05-02,9000,45939,0,54939,,,,,,2026-07-24T11:49:13.579426+08:00
6669,2018-05-03,0,15983,0,15983,,,,,,2026-07-24T11:49:13.579426+08:00
6669,2018-05-04,10000,-40283,0,-30283,,,,,,2026-07-24T11:49:13.579426+08:00
6669,2018-05-07,0,24745,0,24745,,,,,,2026-07-24T11:49:13.579426+08:00
6669,2018-05-08,-35000,265020,0,230020,,,,,,2026-07-24T11:49:13.579426+08:00
6669,2018-05-09,-25000,-54239,0,-79239,,,,,,2026-07-24T11:49:13.579426+08:00
6669,2018-05-10,-12000,13380,0,1380,,,,,,2026-07-24T11:49:13.579426+08:00
6669,2018-05-11,0,9803,0,9803,,,,,,2026-07-24T11:49:13.579426+08:00
6669,2018-05-14,-1000,-17056,0,-18056,,,,,,2026-07-24T11:49:13.579426+08:00
6669,2018-05-15,-2000,-33193,0,-35193,,,,,,2026-07-24T11:49:13.579426+08:00
6669,2018-05-16,15000,313985,0,328985,,,,,,2026-07-24T11:49:13.579426+08:00
6669,2018-05-17,-10000,85486,0,75486,,,,,,2026-07-24T11:49:13.579426+08:00
6669,2018-05-18,10000,204950,0,214950,,,,,,2026-07-24T11:49:13.579426+08:00
6669,2018-05-21,0,60424,0,60424,,,,,,2026-07-24T11:49:13.579426+08:00
6669,2018-05-22,0,142992,0,142992,,,,,,2026-07-24T11:49:13.579426+08:00
6669,2018-05-23,0,201784,0,201784,,,,,,2026-07-24T11:49:13.579426+08:00
6669,2018-05-24,2000,46730,0,48730,,,,,,2026-07-24T11:49:13.579426+08:00
6669,2018-05-25,1000,89000,0,90000,,,,,,2026-07-24T11:49:13.579426+08:00
6669,2018-05-28,0,90000,0,90000,,,,,,2026-07-24T11:49:13.579426+08:00
6669,2018-05-29,-10000,231511,0,221511,,,,,,2026-07-24T11:49:13.579426+08:00
6669,2018-05-30,0,163297,0,163297,,,,,,2026-07-24T11:49:13.579426+08:00
6669,2018-05-31,0,194321,0,194321,,,,,,2026-07-24T11:49:13.579426+08:00
6669,2018-06-01,0,128781,0,128781,,,,,,2026-07-24T11:49:13.579426+08:00
6669,2018-06-04,0,154342,0,154342,,,,,,2026-07-24T11:49:13.579426+08:00
6669,2018-06-05,0,213485,0,213485,,,,,,2026-07-24T11:49:13.579426+08:00
6669,2018-06-06,0,193977,0,193977,,,,,,2026-07-24T11:49:13.579426+08:00
6669,2018-06-07,0,50607,0,50607,,,,,,2026-07-24T11:49:13.579426+08:00
6669,2018-06-08,0,-52169,0,-52169,,,,,,2026-07-24T11:49:13.579426+08:00
6669,2018-06-11,0,79261,0,79261,,,,,,2026-07-24T11:49:13.579426+08:00
6669,2018-06-12,0,-43567,0,-43567,,,,,,2026-07-24T11:49:13.579426+08:00
6669,2018-06-13,0,-212189,0,-212189,,,,,,2026-07-24T11:49:13.579426+08:00
6669,2018-06-14,0,230270,0,230270,,,,,,2026-07-24T11:49:13.579426+08:00
6669,2018-06-15,0,98346,0,98346,,,,,,2026-07-24T11:49:13.579426+08:00
6669,2018-06-19,0,44661,0,44661,,,,,,2026-07-24T11:49:13.579426+08:00
6669,2018-06-20,0,16165,0,16165,,,,,,2026-07-24T11:49:13.579426+08:00
6669,2018-06-21,0,116911,0,116911,,,,,,2026-07-24T11:49:13.579426+08:00
6669,2018-06-22,0,-3509,0,-3509,,,,,,2026-07-24T11:49:13.579426+08:00
6669,2018-06-25,0,17958,0,17958,,,,,,2026-07-24T11:49:13.579426+08:00
6669,2018-06-26,12000,-93173,0,-81173,,,,,,2026-07-24T11:49:13.579426+08:00
6669,2018-06-27,0,36028,0,36028,,,,,,2026-07-24T11:49:13.579426+08:00
6669,2018-06-28,0,67727,0,67727,,,,,,2026-07-24T11:49:13.579426+08:00
6669,2018-06-29,0,-51017,0,-51017,,,,,,2026-07-24T11:49:13.579426+08:00
6669,2018-07-02,0,60575,0,60575,,,,,,2026-07-24T11:49:13.579426+08:00
6669,2018-07-03,10000,11734,0,21734,,,,,,2026-07-24T11:49:13.579426+08:00
6669,2018-07-04,10000,-64786,0,-54786,,,,,,2026-07-24T11:49:13.579426+08:00
6669,2018-07-05,0,73196,0,73196,,,,,,2026-07-24T11:49:13.579426+08:00
6669,2018-07-06,-5000,59771,0,54771,,,,,,2026-07-24T11:49:13.579426+08:00
6669,2018-07-09,-15000,12000,0,-3000,,,,,,2026-07-24T11:49:13.579426+08:00
6669,2018-07-10,0,-119172,0,-119172,,,,,,2026-07-24T11:49:13.579426+08:00
6669,2018-07-11,0,12738,0,12738,,,,,,2026-07-24T11:49:13.579426+08:00
6669,2018-07-12,0,23584,0,23584,,,,,,2026-07-24T11:49:13.579426+08:00
6669,2018-07-13,0,153270,0,153270,,,,,,2026-07-24T11:49:13.579426+08:00
6669,2018-07-16,-1000,13913,0,12913,,,,,,2026-07-24T11:49:13.579426+08:00
6669,2018-07-17,-10000,-225123,0,-235123,,,,,,2026-07-24T11:49:13.579426+08:00
6669,2018-07-18,0,8195,0,8195,,,,,,2026-07-24T11:49:13.579426+08:00
6669,2018-07-19,0,-31011,0,-31011,,,,,,2026-07-24T11:49:13.579426+08:00
6669,2018-07-20,0,-48714,0,-48714,,,,,,2026-07-24T11:49:13.579426+08:00
6669,2018-07-23,0,-11248,0,-11248,,,,,,2026-07-24T11:49:13.579426+08:00
6669,2018-07-24,0,-93853,0,-93853,,,,,,2026-07-24T11:49:13.579426+08:00
6669,2018-07-25,0,-36872,0,-36872,,,,,,2026-07-24T11:49:13.579426+08:00
6669,2018-07-26,0,-111043,0,-111043,,,,,,2026-07-24T11:49:13.579426+08:00
6669,2018-07-27,0,-112963,0,-112963,,,,,,2026-07-24T11:49:13.579426+08:00
6669,2018-07-30,0,-33332,0,-33332,,,,,,2026-07-24T11:49:13.579426+08:00
6669,2018-07-31,0,-16126,0,-16126,,,,,,2026-07-24T11:49:13.579426+08:00
6669,2018-08-01,0,-171750,0,-171750,,,,,,2026-07-24T11:49:13.579426+08:00
6669,2018-08-02,0,-122956,0,-122956,,,,,,2026-07-24T11:49:13.579426+08:00
6669,2018-08-03,2000,-66002,0,-64002,,,,,,2026-07-24T11:49:13.579426+08:00
6669,2018-08-06,0,-44997,0,-44997,,,,,,2026-07-24T11:49:13.579426+08:00
6669,2018-08-07,8000,-210298,0,-202298,,,,,,2026-07-24T11:49:13.579426+08:00
6669,2018-08-08,29000,-43769,0,-14769,,,,,,2026-07-24T11:49:13.579426+08:00
6669,2018-08-09,0,-120733,0,-120733,,,,,,2026-07-24T11:49:13.579426+08:00
6669,2018-08-10,0,45525,0,45525,,,,,,2026-07-24T11:49:13.579426+08:00
6669,2018-08-13,0,7460,0,7460,,,,,,2026-07-24T11:49:13.579426+08:00
6669,2018-08-14,15000,-18555,0,-3555,,,,,,2026-07-24T11:49:13.579426+08:00
6669,2018-08-15,0,-72583,0,-72583,,,,,,2026-07-24T11:49:13.579426+08:00
6669,2018-08-16,0,-32914,0,-32914,,,,,,2026-07-24T11:49:13.579426+08:00
6669,2018-08-17,0,-34326,0,-34326,,,,,,2026-07-24T11:49:13.579426+08:00
6669,2018-08-20,0,-82000,0,-82000,,,,,,2026-07-24T11:49:13.579426+08:00
6669,2018-08-21,0,-24000,0,-24000,,,,,,2026-07-24T11:49:13.579426+08:00
6669,2018-08-22,0,3000,0,3000,,,,,,2026-07-24T11:49:13.579426+08:00
6669,2018-08-23,0,-20537,0,-20537,,,,,,2026-07-24T11:49:13.579426+08:00
6669,2018-08-24,-15000,-31000,0,-46000,,,,,,2026-07-24T11:49:13.579426+08:00
6669,2018-08-27,0,-74802,0,-74802,,,,,,2026-07-24T11:49:13.579426+08:00
6669,2018-08-28,0,-6297,0,-6297,,,,,,2026-07-24T11:49:13.579426+08:00
6669,2018-08-29,0,74171,0,74171,,,,,,2026-07-24T11:49:13.579426+08:00
6669,2018-08-30,-16000,106366,0,90366,,,,,,2026-07-24T11:49:13.579426+08:00
6669,2018-08-31,-16000,57280,0,41280,,,,,,2026-07-24T11:49:13.579426+08:00
6669,2018-09-04,0,24735,0,24735,,,,,,2026-07-24T11:49:13.579426+08:00
6669,2018-09-05,0,-69606,0,-69606,,,,,,2026-07-24T11:49:13.579426+08:00
6669,2018-09-06,0,106213,0,106213,,,,,,2026-07-24T11:49:13.579426+08:00
6669,2018-09-07,0,-48929,0,-48929,,,,,,2026-07-24T11:49:13.579426+08:00
6669,2018-09-10,0,-27999,0,-27999,,,,,,2026-07-24T11:49:13.579426+08:00
6669,2018-09-11,0,-61469,0,-61469,,,,,,2026-07-24T11:49:13.579426+08:00
6669,2018-09-12,0,-206484,0,-206484,,,,,,2026-07-24T11:49:13.579426+08:00
6669,2018-09-13,17000,-216365,0,-199365,,,,,,2026-07-24T11:49:13.579426+08:00
6669,2018-09-14,13000,-130881,0,-117881,,,,,,2026-07-24T11:49:13.579426+08:00
6669,2018-09-17,0,-101988,0,-101988,,,,,,2026-07-24T11:49:13.579426+08:00
6669,2018-09-18,0,26000,0,26000,,,,,,2026-07-24T11:49:13.579426+08:00
6669,2018-09-19,0,8842,0,8842,,,,,,2026-07-24T11:49:13.579426+08:00
6669,2018-09-20,0,-42471,0,-42471,,,,,,2026-07-24T11:49:13.579426+08:00
6669,2018-09-21,0,91915,0,91915,,,,,,2026-07-24T11:49:13.579426+08:00
6669,2018-09-25,0,34265,0,34265,,,,,,2026-07-24T11:49:13.579426+08:00
6669,2018-09-26,0,-36205,0,-36205,,,,,,2026-07-24T11:49:13.579426+08:00
6669,2018-09-27,0,-20143,0,-20143,,,,,,2026-07-24T11:49:13.579426+08:00
6669,2018-09-28,0,12301,0,12301,,,,,,2026-07-24T11:49:13.579426+08:00
6669,2018-10-01,0,-6653,0,-6653,,,,,,2026-07-24T11:49:13.579426+08:00
6669,2018-10-02,0,10738,0,10738,,,,,,2026-07-24T11:49:13.579426+08:00
6669,2018-10-03,0,-3700,0,-3700,,,,,,2026-07-24T11:49:13.579426+08:00
6669,2018-10-04,0,125100,0,125100,,,,,,2026-07-24T11:49:13.579426+08:00
6669,2018-10-05,0,-96857,0,-96857,,,,,,2026-07-24T11:49:13.579426+08:00
6669,2018-10-08,0,-135510,0,-135510,,,,,,2026-07-24T11:49:13.579426+08:00
6669,2018-10-09,0,-77537,0,-77537,,,,,,2026-07-24T11:49:13.579426+08:00
6669,2018-10-11,0,36320,0,36320,,,,,,2026-07-24T11:49:13.579426+08:00
6669,2018-10-12,0,177165,0,177165,,,,,,2026-07-24T11:49:13.579426+08:00
6669,2018-10-15,0,32710,0,32710,,,,,,2026-07-24T11:49:13.579426+08:00
6669,2018-10-16,0,-14788,0,-14788,,,,,,2026-07-24T11:49:13.579426+08:00
6669,2018-10-17,0,21110,0,21110,,,,,,2026-07-24T11:49:13.579426+08:00
6669,2018-10-18,0,-7963,0,-7963,,,,,,2026-07-24T11:49:13.579426+08:00
6669,2018-10-19,0,12316,0,12316,,,,,,2026-07-24T11:49:13.579426+08:00
6669,2018-10-22,0,13637,0,13637,,,,,,2026-07-24T11:49:13.579426+08:00
6669,2018-10-23,0,-77507,0,-77507,,,,,,2026-07-24T11:49:13.579426+08:00
6669,2018-10-24,0,-12622,0,-12622,,,,,,2026-07-24T11:49:13.579426+08:00
6669,2018-10-25,0,1003,0,1003,,,,,,2026-07-24T11:49:13.579426+08:00
6669,2018-10-26,0,-20439,0,-20439,,,,,,2026-07-24T11:49:13.579426+08:00
6669,2018-10-29,0,-7528,0,-7528,,,,,,2026-07-24T11:49:13.579426+08:00
6669,2018-10-31,0,74000,0,74000,,,,,,2026-07-24T11:49:13.579426+08:00
6669,2018-11-01,0,9000,0,9000,,,,,,2026-07-24T11:49:13.579426+08:00
6669,2018-11-02,0,18924,0,18924,,,,,,2026-07-24T11:49:13.579426+08:00
6669,2018-11-05,0,-15000,0,-15000,,,,,,2026-07-24T11:49:13.579426+08:00
6669,2018-11-06,0,-73924,0,-73924,,,,,,2026-07-24T11:49:13.579426+08:00
6669,2018-11-08,0,-12707,0,-12707,,,,,,2026-07-24T11:49:13.579426+08:00
6669,2018-11-09,0,22000,0,22000,,,,,,2026-07-24T11:49:13.579426+08:00
6669,2018-11-12,0,662,0,662,,,,,,2026-07-24T11:49:13.579426+08:00
6669,2018-11-14,0,26637,0,26637,,,,,,2026-07-24T11:49:13.579426+08:00
6669,2018-11-15,0,31714,0,31714,,,,,,2026-07-24T11:49:13.579426+08:00
6669,2018-11-16,0,-37531,0,-37531,,,,,,2026-07-24T11:49:13.579426+08:00
6669,2018-11-20,0,-1000,0,-1000,,,,,,2026-07-24T11:49:13.579426+08:00
6669,2018-11-21,0,718,0,718,,,,,,2026-07-24T11:49:13.579426+08:00
6669,2018-11-22,0,-2966,0,-2966,,,,,,2026-07-24T11:49:13.579426+08:00
6669,2018-11-26,0,-37768,0,-37768,,,,,,2026-07-24T11:49:13.579426+08:00
6669,2018-11-27,0,5983,0,5983,,,,,,2026-07-24T11:49:13.579426+08:00
6669,2018-11-28,0,15921,0,15921,,,,,,2026-07-24T11:49:13.579426+08:00
6669,2018-11-29,0,-2000,0,-2000,,,,,,2026-07-24T11:49:13.579426+08:00
6669,2018-11-30,0,-17669,0,-17669,,,,,,2026-07-24T11:49:13.579426+08:00
6669,2018-12-03,0,-27431,0,-27431,,,,,,2026-07-24T11:49:13.579426+08:00
6669,2018-12-04,0,77724,0,77724,,,,,,2026-07-24T11:49:13.579426+08:00
6669,2018-12-05,0,-55000,0,-55000,,,,,,2026-07-24T11:49:13.579426+08:00
6669,2018-12-06,0,-24614,0,-24614,,,,,,2026-07-24T11:49:13.579426+08:00
6669,2018-12-07,0,-37000,0,-37000,,,,,,2026-07-24T11:49:13.579426+08:00
6669,2018-12-10,0,-67440,0,-67440,,,,,,2026-07-24T11:49:13.579426+08:00
6669,2018-12-11,0,-720,0,-720,,,,,,2026-07-24T11:49:13.579426+08:00
6669,2018-12-12,0,-72937,0,-72937,,,,,,2026-07-24T11:49:13.579426+08:00
6669,2018-12-13,0,-59956,0,-59956,,,,,,2026-07-24T11:49:13.579426+08:00
6669,2018-12-14,0,4814,0,4814,,,,,,2026-07-24T11:49:13.579426+08:00
6669,2018-12-17,0,4841,0,4841,,,,,,2026-07-24T11:49:13.579426+08:00
6669,2018-12-18,0,-7894,0,-7894,,,,,,2026-07-24T11:49:13.579426+08:00
6669,2018-12-19,0,-32434,0,-32434,,,,,,2026-07-24T11:49:13.579426+08:00
6669,2018-12-20,0,-35073,0,-35073,,,,,,2026-07-24T11:49:13.579426+08:00
6669,2018-12-21,0,4842,0,4842,,,,,,2026-07-24T11:49:13.579426+08:00
6669,2018-12-24,0,1000,0,1000,,,,,,2026-07-24T11:49:13.579426+08:00
6669,2018-12-25,0,5000,0,5000,,,,,,2026-07-24T11:49:13.579426+08:00
6669,2018-12-27,0,-32428,0,-32428,,,,,,2026-07-24T11:49:13.579426+08:00
6669,2018-12-28,0,186,0,186,,,,,,2026-07-24T11:49:13.579426+08:00
6669,2019-01-02,0,14034,0,14034,,,,,,2026-07-24T11:49:13.579426+08:00
6669,2019-01-03,0,-41000,0,-41000,,,,,,2026-07-24T11:49:13.579426+08:00
6669,2019-01-04,0,-73309,0,-73309,,,,,,2026-07-24T11:49:13.579426+08:00
6669,2019-01-07,0,-20000,0,-20000,,,,,,2026-07-24T11:49:13.579426+08:00
6669,2019-01-08,0,-12616,0,-12616,,,,,,2026-07-24T11:49:13.579426+08:00
6669,2019-01-09,0,147000,0,147000,,,,,,2026-07-24T11:49:13.579426+08:00
6669,2019-01-10,0,220784,0,220784,,,,,,2026-07-24T11:49:13.579426+08:00
6669,2019-01-11,0,273492,0,273492,,,,,,2026-07-24T11:49:13.579426+08:00
6669,2019-01-14,0,78565,0,78565,,,,,,2026-07-24T11:49:13.579426+08:00
6669,2019-01-15,0,377935,0,377935,,,,,,2026-07-24T11:49:13.579426+08:00
6669,2019-01-16,0,78000,0,78000,,,,,,2026-07-24T11:49:13.579426+08:00
6669,2019-01-17,0,10362,0,10362,,,,,,2026-07-24T11:49:13.579426+08:00
6669,2019-01-18,0,-37464,0,-37464,,,,,,2026-07-24T11:49:13.579426+08:00
6669,2019-01-21,0,-146992,0,-146992,,,,,,2026-07-24T11:49:13.579426+08:00
6669,2019-01-22,0,31216,0,31216,,,,,,2026-07-24T11:49:13.579426+08:00
6669,2019-01-24,0,-9009,0,-9009,,,,,,2026-07-24T11:49:13.579426+08:00
6669,2019-01-25,0,-78000,0,-78000,,,,,,2026-07-24T11:49:13.579426+08:00
6669,2019-01-28,0,-4,0,-4,,,,,,2026-07-24T11:49:13.579426+08:00
6669,2019-01-29,0,-4000,0,-4000,,,,,,2026-07-24T11:49:13.579426+08:00
6669,2019-01-30,0,-17083,0,-17083,,,,,,2026-07-24T11:49:13.579426+08:00
6669,2019-02-11,0,-204010,0,-204010,,,,,,2026-07-24T11:49:13.579426+08:00
6669,2019-02-12,0,-4599,0,-4599,,,,,,2026-07-24T11:49:13.579426+08:00
6669,2019-02-13,5000,1253,0,6253,,,,,,2026-07-24T11:49:13.579426+08:00
6669,2019-02-14,0,15558,0,15558,,,,,,2026-07-24T11:49:13.579426+08:00
6669,2019-02-15,-5000,214660,0,209660,,,,,,2026-07-24T11:49:13.579426+08:00
6669,2019-02-18,0,73146,0,73146,,,,,,2026-07-24T11:49:13.579426+08:00
6669,2019-02-19,0,7199,0,7199,,,,,,2026-07-24T11:49:13.579426+08:00
6669,2019-02-20,0,-146620,0,-146620,,,,,,2026-07-24T11:49:13.579426+08:00
6669,2019-02-21,0,2118,0,2118,,,,,,2026-07-24T11:49:13.579426+08:00
6669,2019-02-22,0,-98235,0,-98235,,,,,,2026-07-24T11:49:13.579426+08:00
6669,2019-02-25,0,341832,0,341832,,,,,,2026-07-24T11:49:13.579426+08:00
6669,2019-02-26,0,174668,0,174668,,,,,,2026-07-24T11:49:13.579426+08:00
6669,2019-02-27,0,184051,0,184051,,,,,,2026-07-24T11:49:13.579426+08:00
6669,2019-03-04,2000,1476558,0,1478558,,,,,,2026-07-24T11:49:13.579426+08:00
6669,2019-03-05,1000,158682,0,159682,,,,,,2026-07-24T11:49:13.579426+08:00
6669,2019-03-06,22000,246792,0,268792,,,,,,2026-07-24T11:49:13.579426+08:00
6669,2019-03-07,-19000,38984,0,19984,,,,,,2026-07-24T11:49:13.579426+08:00
6669,2019-03-08,0,271628,0,271628,,,,,,2026-07-24T11:49:13.579426+08:00
6669,2019-03-11,0,68540,0,68540,,,,,,2026-07-24T11:49:13.579426+08:00
6669,2019-03-12,0,32850,0,32850,,,,,,2026-07-24T11:49:13.579426+08:00
6669,2019-03-13,0,76894,0,76894,,,,,,2026-07-24T11:49:13.579426+08:00
6669,2019-03-14,0,950,0,950,,,,,,2026-07-24T11:49:13.579426+08:00
6669,2019-03-15,0,25721,0,25721,,,,,,2026-07-24T11:49:13.579426+08:00
6669,2019-03-18,5000,79592,0,84592,,,,,,2026-07-24T11:49:13.579426+08:00
6669,2019-03-19,5000,-52403,0,-47403,,,,,,2026-07-24T11:49:13.579426+08:00
6669,2019-03-20,-15000,14700,0,-300,,,,,,2026-07-24T11:49:13.579426+08:00
6669,2019-03-21,-5000,86255,0,81255,,,,,,2026-07-24T11:49:13.579426+08:00
6669,2019-03-22,0,77960,0,77960,,,,,,2026-07-24T11:49:13.579426+08:00
6669,2019-03-25,0,-6228,0,-6228,,,,,,2026-07-24T11:49:13.579426+08:00
6669,2019-03-26,0,-31356,0,-31356,,,,,,2026-07-24T11:49:13.579426+08:00
6669,2019-03-27,75000,-236000,662000,501000,,,,,,2026-07-24T11:49:13.579426+08:00
6669,2019-03-28,139000,389535,628000,1156535,,,,,,2026-07-24T11:49:13.579426+08:00
6669,2019-03-29,-10408,28019,61000,78611,,,,,,2026-07-24T11:49:13.579426+08:00
6669,2019-04-01,-7000,-31145,97000,58855,,,,,,2026-07-24T11:49:13.579426+08:00
6669,2019-04-02,79000,-252000,22000,-151000,,,,,,2026-07-24T11:49:13.579426+08:00
6669,2019-04-03,6000,-202818,344000,147182,,,,,,2026-07-24T11:49:13.579426+08:00
6669,2019-04-08,-21000,-499002,95000,-425002,,,,,,2026-07-24T11:49:13.579426+08:00
6669,2019-04-09,15000,136165,71000,222165,,,,,,2026-07-24T11:49:13.579426+08:00
6669,2019-04-10,18000,-168911,188000,37089,,,,,,2026-07-24T11:49:13.579426+08:00
6669,2019-04-11,-19043,301029,-94000,187986,,,,,,2026-07-24T11:49:13.579426+08:00
6669,2019-04-12,-16833,95000,17000,95167,,,,,,2026-07-24T11:49:13.579426+08:00
6669,2019-04-15,-2000,77000,11000,86000,,,,,,2026-07-24T11:49:13.579426+08:00
6669,2019-04-16,13000,62000,10000,85000,,,,,,2026-07-24T11:49:13.579426+08:00
6669,2019-04-17,-4000,48000,11000,55000,,,,,,2026-07-24T11:49:13.579426+08:00
6669,2019-04-18,18000,-157214,11000,-128214,,,,,,2026-07-24T11:49:13.579426+08:00
6669,2019-04-19,-7000,-65000,12000,-60000,,,,,,2026-07-24T11:49:13.579426+08:00
6669,2019-04-22,25000,37000,-13000,49000,,,,,,2026-07-24T11:49:13.579426+08:00
6669,2019-04-23,36000,-230600,-7000,-201600,,,,,,2026-07-24T11:49:13.579426+08:00
6669,2019-04-24,15321,-156000,60000,-80679,,,,,,2026-07-24T11:49:13.579426+08:00
6669,2019-04-25,10000,14000,-23000,1000,,,,,,2026-07-24T11:49:13.579426+08:00
6669,2019-04-26,-25000,-63000,0,-88000,,,,,,2026-07-24T11:49:13.579426+08:00
6669,2019-04-29,72000,97600,17000,186600,,,,,,2026-07-24T11:49:13.579426+08:00
6669,2019-04-30,16949,-37000,7000,-13051,,,,,,2026-07-24T11:49:13.579426+08:00
6669,2019-05-02,105000,100000,-14000,191000,,,,,,2026-07-24T11:49:13.579426+08:00
6669,2019-05-03,-34000,861210,264000,1091210,,,,,,2026-07-24T11:49:13.579426+08:00
6669,2019-05-06,-65000,215000,40000,190000,,,,,,2026-07-24T11:49:13.579426+08:00
6669,2019-05-07,-27000,431000,230000,634000,,,,,,2026-07-24T11:49:13.579426+08:00
6669,2019-05-08,-5000,256000,400000,651000,,,,,,2026-07-24T11:49:13.579426+08:00
6669,2019-05-09,-28000,-95000,386000,263000,,,,,,2026-07-24T11:49:13.579426+08:00
6669,2019-05-10,1000,43000,95000,139000,,,,,,2026-07-24T11:49:13.579426+08:00
6669,2019-05-13,2000,3000,85000,90000,,,,,,2026-07-24T11:49:13.579426+08:00
6669,2019-05-14,3000,60000,-29000,34000,,,,,,2026-07-24T11:49:13.579426+08:00
6669,2019-05-15,23000,-287000,33000,-231000,,,,,,2026-07-24T11:49:13.579426+08:00
6669,2019-05-16,-1000,-33000,65000,31000,,,,,,2026-07-24T11:49:13.579426+08:00
6669,2019-05-17,-20000,-191000,101000,-110000,,,,,,2026-07-24T11:49:13.579426+08:00
6669,2019-05-20,11000,35000,-25000,21000,,,,,,2026-07-24T11:49:13.579426+08:00
6669,2019-05-21,21000,67000,175000,263000,,,,,,2026-07-24T11:49:13.579426+08:00
6669,2019-05-22,-28000,1007000,926000,1905000,,,,,,2026-07-24T11:49:13.579426+08:00
6669,2019-05-23,2000,-58493,54000,-2493,,,,,,2026-07-24T11:49:13.579426+08:00
6669,2019-05-24,2000,93000,100000,195000,,,,,,2026-07-24T11:49:13.579426+08:00
6669,2019-05-27,1000,-87000,68000,-18000,,,,,,2026-07-24T11:49:13.579426+08:00
6669,2019-05-28,-1000,-61053,38000,-24053,,,,,,2026-07-24T11:49:13.579426+08:00
6669,2019-05-29,11000,-16800,-29000,-34800,,,,,,2026-07-24T11:49:13.579426+08:00
6669,2019-05-30,0,-24000,70000,46000,,,,,,2026-07-24T11:49:13.579426+08:00
6669,2019-05-31,113000,-1155911,-697000,-1739911,,,,,,2026-07-24T11:49:13.579426+08:00
6669,2019-06-03,40000,50000,-530000,-440000,,,,,,2026-07-24T11:49:13.579426+08:00
6669,2019-06-04,-15000,-219000,-186000,-420000,,,,,,2026-07-24T11:49:13.579426+08:00
6669,2019-06-05,17000,87000,184000,288000,,,,,,2026-07-24T11:49:13.579426+08:00
6669,2019-06-06,-1000,29323,2000,30323,,,,,,2026-07-24T11:49:13.579426+08:00
6669,2019-06-10,-17000,384000,186000,553000,,,,,,2026-07-24T11:49:13.579426+08:00
6669,2019-06-11,38000,-29000,54000,63000,,,,,,2026-07-24T11:49:13.579426+08:00
6669,2019-06-12,0,-7000,46000,39000,,,,,,2026-07-24T11:49:13.579426+08:00
6669,2019-06-13,-21000,-32000,0,-53000,,,,,,2026-07-24T11:49:13.579426+08:00
6669,2019-06-14,5000,-96333,-12000,-103333,,,,,,2026-07-24T11:49:13.579426+08:00
6669,2019-06-17,-14000,-54387,0,-68387,,,,,,2026-07-24T11:49:13.579426+08:00
6669,2019-06-18,11000,-115000,-80000,-184000,,,,,,2026-07-24T11:49:13.579426+08:00
6669,2019-06-19,64000,129000,61000,254000,,,,,,2026-07-24T11:49:13.579426+08:00
6669,2019-06-20,-11000,27000,-1000,15000,,,,,,2026-07-24T11:49:13.579426+08:00
6669,2019-06-21,-8000,100000,-51000,41000,,,,,,2026-07-24T11:49:13.579426+08:00
6669,2019-06-24,0,-54000,17840,-36160,,,,,,2026-07-24T11:49:13.579426+08:00
6669,2019-06-25,-6000,51000,127000,172000,,,,,,2026-07-24T11:49:13.579426+08:00
6669,2019-06-26,2000,-55000,72000,19000,,,,,,2026-07-24T11:49:13.579426+08:00
6669,2019-06-27,1000,72923,-80000,-6077,,,,,,2026-07-24T11:49:13.579426+08:00
6669,2019-06-28,-11000,25000,0,14000,,,,,,2026-07-24T11:49:13.579426+08:00
6669,2019-07-01,34000,-151000,4000,-113000,,,,,,2026-07-24T11:49:13.579426+08:00
6669,2019-07-02,2000,-4000,-2000,-4000,,,,,,2026-07-24T11:49:13.579426+08:00
6669,2019-07-03,-26000,182000,8000,164000,,,,,,2026-07-24T11:49:13.579426+08:00
6669,2019-07-04,-15000,480000,201000,666000,,,,,,2026-07-24T11:49:13.579426+08:00
6669,2019-07-05,32000,103000,74000,209000,,,,,,2026-07-24T11:49:13.579426+08:00
6669,2019-07-08,26000,14000,42000,82000,,,,,,2026-07-24T11:49:13.579426+08:00
6669,2019-07-09,-2000,-18000,0,-20000,,,,,,2026-07-24T11:49:13.579426+08:00
6669,2019-07-10,167000,-322000,54000,-101000,,,,,,2026-07-24T11:49:13.579426+08:00
6669,2019-07-11,-140000,126000,51000,37000,,,,,,2026-07-24T11:49:13.579426+08:00
6669,2019-07-12,-14000,-65000,24000,-55000,,,,,,2026-07-24T11:49:13.579426+08:00
6669,2019-07-15,7000,130000,89000,226000,,,,,,2026-07-24T11:49:13.579426+08:00
6669,2019-07-16,83000,32000,87000,202000,,,,,,2026-07-24T11:49:13.579426+08:00
6669,2019-07-17,-48000,38000,38000,28000,,,,,,2026-07-24T11:49:13.579426+08:00
6669,2019-07-18,-33000,-16960,65000,15040,,,,,,2026-07-24T11:49:13.579426+08:00
6669,2019-07-19,-16000,-214000,71000,-159000,,,,,,2026-07-24T11:49:13.579426+08:00
6669,2019-07-22,3000,16000,11000,30000,,,,,,2026-07-24T11:49:13.579426+08:00
6669,2019-07-23,-3000,29000,18000,44000,,,,,,2026-07-24T11:49:13.579426+08:00
6669,2019-07-24,106000,577000,364000,1047000,,,,,,2026-07-24T11:49:13.579426+08:00
6669,2019-07-25,-66000,-23422,950000,860578,,,,,,2026-07-24T11:49:13.579426+08:00
6669,2019-07-26,-162000,279000,540000,657000,,,,,,2026-07-24T11:49:13.579426+08:00
6669,2019-07-29,-23000,-181000,161000,-43000,,,,,,2026-07-24T11:49:13.579426+08:00
6669,2019-07-30,1000,257000,145000,403000,,,,,,2026-07-24T11:49:13.579426+08:00
6669,2019-07-31,-37000,-23000,-5000,-65000,,,,,,2026-07-24T11:49:13.579426+08:00
6669,2019-08-01,138000,571000,109000,818000,,,,,,2026-07-24T11:49:13.579426+08:00
6669,2019-08-02,-47000,-64000,147000,36000,,,,,,2026-07-24T11:49:13.579426+08:00
6669,2019-08-05,-26000,102000,-82000,-6000,,,,,,2026-07-24T11:49:13.579426+08:00
6669,2019-08-06,42000,489000,-196000,335000,,,,,,2026-07-24T11:49:13.579426+08:00
6669,2019-08-07,-10000,137000,53000,180000,,,,,,2026-07-24T11:49:13.579426+08:00
6669,2019-08-08,-17053,1008935,219000,1210882,,,,,,2026-07-24T11:49:13.579426+08:00
6669,2019-08-12,-25000,-277083,347000,44917,,,,,,2026-07-24T11:49:13.579426+08:00
6669,2019-08-13,-18000,477000,-236813,222187,,,,,,2026-07-24T11:49:13.579426+08:00
6669,2019-08-14,4000,493000,74000,571000,,,,,,2026-07-24T11:49:13.579426+08:00
6669,2019-08-15,-17000,28550,-157000,-145450,,,,,,2026-07-24T11:49:13.579426+08:00
6669,2019-08-16,14000,145000,-216000,-57000,,,,,,2026-07-24T11:49:13.579426+08:00
6669,2019-08-19,28000,905000,21000,954000,,,,,,2026-07-24T11:49:13.579426+08:00
6669,2019-08-20,63000,440000,155000,658000,,,,,,2026-07-24T11:49:13.579426+08:00
6669,2019-08-21,-25000,123000,29000,127000,,,,,,2026-07-24T11:49:13.579426+08:00
6669,2019-08-22,29000,381000,131000,541000,,,,,,2026-07-24T11:49:13.579426+08:00
6669,2019-08-23,-33000,206000,-14000,159000,,,,,,2026-07-24T11:49:13.579426+08:00
6669,2019-08-26,-28000,257000,13000,242000,,,,,,2026-07-24T11:49:13.579426+08:00
6669,2019-08-27,-26000,-128000,134000,-20000,,,,,,2026-07-24T11:49:13.579426+08:00
6669,2019-08-28,-6000,-12000,115000,97000,,,,,,2026-07-24T11:49:13.579426+08:00
6669,2019-08-29,-9000,-116000,134000,9000,,,,,,2026-07-24T11:49:13.579426+08:00
6669,2019-08-30,44000,-361000,159000,-158000,,,,,,2026-07-24T11:49:13.579426+08:00
6669,2019-09-02,1000,639000,118000,758000,,,,,,2026-07-24T11:49:13.579426+08:00
6669,2019-09-03,-24000,75000,-104000,-53000,,,,,,2026-07-24T11:49:13.579426+08:00
6669,2019-09-04,8000,37000,-247000,-202000,,,,,,2026-07-24T11:49:13.579426+08:00
6669,2019-09-05,-12000,242000,-96000,134000,,,,,,2026-07-24T11:49:13.579426+08:00
6669,2019-09-06,1000,305355,-16000,290355,,,,,,2026-07-24T11:49:13.579426+08:00
6669,2019-09-09,-18000,-13000,-151000,-182000,,,,,,2026-07-24T11:49:13.579426+08:00
6669,2019-09-10,-29000,-265000,156000,-138000,,,,,,2026-07-24T11:49:13.579426+08:00
6669,2019-09-11,0,77000,48000,125000,,,,,,2026-07-24T11:49:13.579426+08:00
6669,2019-09-12,3000,196000,-59000,140000,,,,,,2026-07-24T11:49:13.579426+08:00
6669,2019-09-16,96000,933765,77056,1106821,,,,,,2026-07-24T11:49:13.579426+08:00
6669,2019-09-17,-40000,437500,20000,417500,,,,,,2026-07-24T11:49:13.579426+08:00
6669,2019-09-18,0,342000,-1000,341000,,,,,,2026-07-24T11:49:13.579426+08:00
6669,2019-09-19,92000,748000,-25000,815000,,,,,,2026-07-24T11:49:13.579426+08:00
6669,2019-09-20,202000,1971359,-44000,2129359,,,,,,2026-07-24T11:49:13.579426+08:00
6669,2019-09-23,-156000,-166000,21000,-301000,,,,,,2026-07-24T11:49:13.579426+08:00
6669,2019-09-24,4000,53000,20000,77000,,,,,,2026-07-24T11:49:13.579426+08:00
6669,2019-09-25,-22000,28000,21000,27000,,,,,,2026-07-24T11:49:13.579426+08:00
6669,2019-09-26,6000,118000,-49000,75000,,,,,,2026-07-24T11:49:13.579426+08:00
6669,2019-09-27,1000,18000,-73000,-54000,,,,,,2026-07-24T11:49:13.579426+08:00
6669,2019-10-01,-52000,171000,-41000,78000,,,,,,2026-07-24T11:49:13.579426+08:00
6669,2019-10-02,5000,251000,10000,266000,,,,,,2026-07-24T11:49:13.579426+08:00
6669,2019-10-03,35000,169359,-1000,203359,,,,,,2026-07-24T11:49:13.579426+08:00
6669,2019-10-04,-23000,204133,6000,187133,0.0,0.0,,,,2026-07-24T11:49:13.579426+08:00
6669,2019-10-07,-199000,480000,-46000,235000,178.0,0.0,178.0,0.0,,2026-07-24T11:49:13.579426+08:00
6669,2019-10-08,288000,967950,40000,1295950,432.0,3.0,254.0,3.0,,2026-07-24T11:49:13.579426+08:00
6669,2019-10-09,-132000,169000,138000,175000,510.0,4.0,78.0,1.0,,2026-07-24T11:49:13.579426+08:00
6669,2019-10-14,181000,126000,478000,785000,532.0,7.0,22.0,3.0,,2026-07-24T11:49:13.579426+08:00
6669,2019-10-15,272000,-78000,49000,243000,619.0,11.0,87.0,4.0,,2026-07-24T11:49:13.579426+08:00
6669,2019-10-16,-58000,280226,-82724,139502,618.0,86.0,-1.0,75.0,,2026-07-24T11:49:13.579426+08:00
6669,2019-10-17,-43000,116000,40371,113371,649.0,55.0,31.0,-31.0,,2026-07-24T11:49:13.579426+08:00
6669,2019-10-18,51364,-171000,22000,-97636,685.0,72.0,36.0,17.0,,2026-07-24T11:49:13.579426+08:00
6669,2019-10-21,24000,127000,-51000,100000,721.0,69.0,36.0,-3.0,,2026-07-24T11:49:13.579426+08:00
6669,2019-10-22,-19000,448065,4000,433065,685.0,82.0,-36.0,13.0,,2026-07-24T11:49:13.579426+08:00
6669,2019-10-23,69000,536000,59000,664000,660.0,90.0,-25.0,8.0,,2026-07-24T11:49:13.579426+08:00
6669,2019-10-24,82000,666000,29000,777000,723.0,99.0,63.0,9.0,,2026-07-24T11:49:13.579426+08:00
6669,2019-10-25,57000,-165586,5903,-102683,801.0,98.0,78.0,-1.0,,2026-07-24T11:49:13.579426+08:00
6669,2019-10-28,43000,695000,87000,825000,792.0,114.0,-9.0,16.0,,2026-07-24T11:49:13.579426+08:00
6669,2019-10-29,-41000,359000,11000,329000,796.0,108.0,4.0,-6.0,,2026-07-24T11:49:13.579426+08:00
6669,2019-10-30,-37000,-62458,28000,-71458,872.0,112.0,76.0,4.0,,2026-07-24T11:49:13.579426+08:00
6669,2019-10-31,154000,792646,109000,1055646,786.0,149.0,-86.0,37.0,,2026-07-24T11:49:13.579426+08:00
6669,2019-11-01,-83000,-707000,-134000,-924000,1029.0,147.0,243.0,-2.0,,2026-07-24T11:49:13.579426+08:00
6669,2019-11-04,-69000,-90765,-108000,-267765,1161.0,259.0,132.0,112.0,,2026-07-24T11:49:13.579426+08:00
6669,2019-11-05,343000,-424900,-479000,-560900,1600.0,75.0,439.0,-184.0,,2026-07-24T11:49:13.579426+08:00
6669,2019-11-06,-159000,356482,-292000,-94518,1746.0,88.0,146.0,13.0,,2026-07-24T11:49:13.579426+08:00
6669,2019-11-07,-35000,29509,-272000,-277491,1796.0,90.0,50.0,2.0,,2026-07-24T11:49:13.579426+08:00
6669,2019-11-08,78000,312071,-128000,262071,1708.0,112.0,-88.0,22.0,,2026-07-24T11:49:13.579426+08:00
6669,2019-11-11,-152000,-128563,5000,-275563,1856.0,80.0,148.0,-32.0,,2026-07-24T11:49:13.579426+08:00
6669,2019-11-12,-251000,407000,-55000,101000,1772.0,97.0,-84.0,17.0,,2026-07-24T11:49:13.579426+08:00
6669,2019-11-13,-15000,344000,-2000,327000,1752.0,102.0,-20.0,5.0,,2026-07-24T11:49:13.579426+08:00
6669,2019-11-14,6000,676690,78000,760690,1621.0,123.0,-131.0,21.0,,2026-07-24T11:49:13.579426+08:00
6669,2019-11-15,-22000,579000,4000,561000,1553.0,133.0,-68.0,10.0,,2026-07-24T11:49:13.579426+08:00
6669,2019-11-18,-54000,238983,4000,188983,1550.0,129.0,-3.0,-4.0,,2026-07-24T11:49:13.579426+08:00
6669,2019-11-19,-33000,293000,34000,294000,1424.0,135.0,-126.0,6.0,,2026-07-24T11:49:13.579426+08:00
6669,2019-11-20,-47000,172000,-123000,2000,1452.0,140.0,28.0,5.0,,2026-07-24T11:49:13.579426+08:00
6669,2019-11-21,19000,389346,89000,497346,1440.0,152.0,-12.0,12.0,,2026-07-24T11:49:13.579426+08:00
6669,2019-11-22,-18000,152000,47000,181000,1375.0,166.0,-65.0,14.0,,2026-07-24T11:49:13.579426+08:00
6669,2019-11-25,15000,446378,-66000,395378,1352.0,183.0,-23.0,17.0,,2026-07-24T11:49:13.579426+08:00
6669,2019-11-26,-90000,760995,-177000,493995,1129.0,192.0,-223.0,9.0,,2026-07-24T11:49:13.579426+08:00
6669,2019-11-27,-286000,109104,-22000,-198896,1187.0,171.0,58.0,-21.0,,2026-07-24T11:49:13.579426+08:00
6669,2019-11-28,-71000,317000,0,246000,1119.0,179.0,-68.0,8.0,,2026-07-24T11:49:13.579426+08:00
6669,2019-11-29,8000,170200,10000,188200,1107.0,179.0,-12.0,0.0,,2026-07-24T11:49:13.579426+08:00
6669,2019-12-02,18000,126500,-35000,109500,1095.0,177.0,-12.0,-2.0,,2026-07-24T11:49:13.579426+08:00
6669,2019-12-03,31000,197929,0,228929,1105.0,169.0,10.0,-8.0,,2026-07-24T11:49:13.579426+08:00
6669,2019-12-04,61000,362541,28000,451541,1051.0,177.0,-54.0,8.0,,2026-07-24T11:49:13.579426+08:00
6669,2019-12-05,122000,74000,71000,267000,1090.0,197.0,39.0,20.0,,2026-07-24T11:49:13.579426+08:00
6669,2019-12-06,-91000,-84000,66000,-109000,1156.0,194.0,66.0,-3.0,,2026-07-24T11:49:13.579426+08:00
6669,2019-12-09,15000,77000,-55000,37000,1136.0,191.0,-20.0,-3.0,,2026-07-24T11:49:13.579426+08:00
6669,2019-12-10,-15000,495000,-10000,470000,1070.0,200.0,-66.0,9.0,,2026-07-24T11:49:13.579426+08:00
6669,2019-12-11,-9000,328998,20000,339998,1033.0,205.0,-37.0,5.0,,2026-07-24T11:49:13.579426+08:00
6669,2019-12-12,-31000,190169,-150000,9169,1029.0,198.0,-4.0,-7.0,,2026-07-24T11:49:13.579426+08:00
6669,2019-12-13,103000,607667,27000,737667,1168.0,211.0,139.0,13.0,,2026-07-24T11:49:13.579426+08:00
6669,2019-12-16,-102000,149118,-133000,-85882,1226.0,203.0,58.0,-8.0,,2026-07-24T11:49:13.579426+08:00
6669,2019-12-17,-7000,326760,-40000,279760,1196.0,206.0,-30.0,3.0,,2026-07-24T11:49:13.579426+08:00
6669,2019-12-18,10000,167948,-81000,96948,1226.0,208.0,30.0,2.0,,2026-07-24T11:49:13.579426+08:00
6669,2019-12-19,-15000,122763,-13000,94763,1216.0,208.0,-10.0,0.0,,2026-07-24T11:49:13.579426+08:00
6669,2019-12-20,-37000,127264,-4000,86264,1183.0,212.0,-33.0,4.0,,2026-07-24T11:49:13.579426+08:00
6669,2019-12-23,54000,387330,77000,518330,1134.0,227.0,-49.0,15.0,,2026-07-24T11:49:13.579426+08:00
6669,2019-12-24,-31000,69341,4000,42341,1150.0,226.0,16.0,-1.0,,2026-07-24T11:49:13.579426+08:00
6669,2019-12-25,-5000,58000,-22000,31000,1137.0,220.0,-13.0,-6.0,,2026-07-24T11:49:13.579426+08:00
6669,2019-12-26,-15000,131000,-181000,-65000,1163.0,219.0,26.0,-1.0,,2026-07-24T11:49:13.579426+08:00
6669,2019-12-27,-12000,187449,-219000,-43551,1183.0,207.0,20.0,-12.0,,2026-07-24T11:49:13.579426+08:00
6669,2019-12-30,80000,820058,7000,907058,1086.0,234.0,-97.0,27.0,,2026-07-24T11:49:13.579426+08:00
6669,2019-12-31,-86000,-278000,188000,-176000,1174.0,227.0,88.0,-7.0,,2026-07-24T11:49:13.579426+08:00
6669,2020-01-02,-5000,18300,3000,16300,1186.0,235.0,12.0,8.0,,2026-07-24T11:49:13.579426+08:00
6669,2020-01-03,59000,244000,-133000,170000,1198.0,223.0,12.0,-12.0,,2026-07-24T11:49:13.579426+08:00
6669,2020-01-06,-60000,198200,-11000,127200,1186.0,225.0,-12.0,2.0,,2026-07-24T11:49:13.579426+08:00
6669,2020-01-07,-22000,103000,15000,96000,1174.0,224.0,-12.0,-1.0,,2026-07-24T11:49:13.579426+08:00
6669,2020-01-08,18000,255000,-142000,131000,1180.0,226.0,6.0,2.0,,2026-07-24T11:49:13.579426+08:00
6669,2020-01-09,87000,1393200,132000,1612200,1136.0,232.0,-44.0,6.0,,2026-07-24T11:49:13.579426+08:00
6669,2020-01-10,-101000,653004,-151000,401004,1143.0,232.0,7.0,0.0,,2026-07-24T11:49:13.579426+08:00
6669,2020-01-13,-38000,-184095,-105000,-327095,1221.0,215.0,78.0,-17.0,,2026-07-24T11:49:13.579426+08:00
6669,2020-01-14,-31000,71003,-44000,-3997,1254.0,224.0,33.0,9.0,,2026-07-24T11:49:13.579426+08:00
6669,2020-01-15,-24000,3802,34000,13802,1312.0,222.0,58.0,-2.0,,2026-07-24T11:49:13.579426+08:00
6669,2020-01-16,-12000,-22954,19000,-15954,1345.0,224.0,33.0,2.0,,2026-07-24T11:49:13.579426+08:00
6669,2020-01-17,-11000,-37252,3000,-45252,1355.0,219.0,10.0,-5.0,,2026-07-24T11:49:13.579426+08:00
6669,2020-01-20,14000,443189,-60000,397189,1250.0,220.0,-105.0,1.0,,2026-07-24T11:49:13.579426+08:00
6669,2020-01-30,-15000,298277,4000,287277,1252.0,217.0,2.0,-3.0,,2026-07-24T11:49:13.579426+08:00
6669,2020-01-31,-11000,242759,23000,254759,1271.0,206.0,19.0,-11.0,,2026-07-24T11:49:13.579426+08:00
6669,2020-02-03,2000,98283,27000,127283,1166.0,205.0,-105.0,-1.0,,2026-07-24T11:49:13.579426+08:00
6669,2020-02-04,7000,335760,162000,504760,1020.0,213.0,-146.0,8.0,,2026-07-24T11:49:13.579426+08:00
6669,2020-02-05,-23000,230000,18000,225000,991.0,206.0,-29.0,-7.0,,2026-07-24T11:49:13.579426+08:00
6669,2020-02-06,-16000,339783,-120000,203783,992.0,220.0,1.0,14.0,,2026-07-24T11:49:13.579426+08:00
6669,2020-02-07,-27000,17707,-53000,-62293,1000.0,212.0,8.0,-8.0,,2026-07-24T11:49:13.579426+08:00
6669,2020-02-10,13000,-294463,-137000,-418463,1071.0,193.0,71.0,-19.0,,2026-07-24T11:49:13.579426+08:00
6669,2020-02-11,-5000,206854,-90000,111854,1049.0,177.0,-22.0,-16.0,,2026-07-24T11:49:13.579426+08:00
6669,2020-02-12,8000,474130,-132000,350130,999.0,171.0,-50.0,-6.0,,2026-07-24T11:49:13.579426+08:00
6669,2020-02-13,-18000,-51000,-61000,-130000,1057.0,164.0,58.0,-7.0,,2026-07-24T11:49:13.579426+08:00
6669,2020-02-14,152000,1123500,-250000,1025500,956.0,179.0,-101.0,15.0,,2026-07-24T11:49:13.579426+08:00
6669,2020-02-17,-118000,-45200,-14000,-177200,1013.0,173.0,57.0,-6.0,,2026-07-24T11:49:13.579426+08:00
6669,2020-02-18,-46000,-305000,-123000,-474000,1135.0,164.0,122.0,-9.0,,2026-07-24T11:49:13.579426+08:00
6669,2020-02-19,110000,923000,6000,1039000,922.0,181.0,-213.0,17.0,,2026-07-24T11:49:13.579426+08:00
6669,2020-02-20,-49000,361227,4000,316227,902.0,183.0,-20.0,2.0,,2026-07-24T11:49:13.579426+08:00
6669,2020-02-21,-52000,-74241,0,-126241,926.0,174.0,24.0,-9.0,,2026-07-24T11:49:13.579426+08:00
6669,2020-02-24,-7000,-217800,-126000,-350800,998.0,163.0,72.0,-11.0,,2026-07-24T11:49:13.579426+08:00
6669,2020-02-25,54000,-84466,-48000,-78466,1058.0,161.0,60.0,-2.0,,2026-07-24T11:49:13.579426+08:00
6669,2020-02-26,7000,-189600,-4000,-186600,1077.0,147.0,19.0,-14.0,,2026-07-24T11:49:13.579426+08:00
6669,2020-02-27,-88000,585042,-101000,396042,1026.0,150.0,-51.0,3.0,,2026-07-24T11:49:13.579426+08:00
6669,2020-03-02,18000,-211117,-27000,-220117,1079.0,137.0,53.0,-13.0,,2026-07-24T11:49:13.579426+08:00
6669,2020-03-03,30000,-381000,-59000,-410000,1187.0,135.0,108.0,-2.0,,2026-07-24T11:49:13.579426+08:00
6669,2020-03-04,10000,436309,-67000,379309,1076.0,140.0,-111.0,5.0,,2026-07-24T11:49:13.579426+08:00
6669,2020-03-05,22000,463000,55000,540000,1061.0,138.0,-15.0,-2.0,,2026-07-24T11:49:13.579426+08:00
6669,2020-03-06,-9000,-257234,3000,-263234,1135.0,132.0,74.0,-6.0,,2026-07-24T11:49:13.579426+08:00
6669,2020-03-09,-4000,-153000,-40000,-197000,1115.0,132.0,-20.0,0.0,,2026-07-24T11:49:13.579426+08:00
6669,2020-03-10,87000,240000,-15000,312000,1053.0,140.0,-62.0,8.0,,2026-07-24T11:49:13.579426+08:00
6669,2020-03-11,-92000,277231,0,185231,995.0,146.0,-58.0,6.0,,2026-07-24T11:49:13.579426+08:00
6669,2020-03-12,-77000,-245090,-70000,-392090,1012.0,136.0,17.0,-10.0,,2026-07-24T11:49:13.579426+08:00
6669,2020-03-13,143000,536752,26000,705752,812.0,163.0,-200.0,27.0,,2026-07-24T11:49:13.579426+08:00
6669,2020-03-16,-98000,-229295,117000,-210295,824.0,155.0,12.0,-8.0,,2026-07-24T11:49:13.579426+08:00
6669,2020-03-17,9000,124678,69000,202678,882.0,189.0,58.0,34.0,,2026-07-24T11:49:13.579426+08:00
6669,2020-03-18,-125000,-39472,-18000,-182472,885.0,197.0,3.0,8.0,,2026-07-24T11:49:13.579426+08:00
6669,2020-03-19,-83000,-40989,53000,-70989,888.0,178.0,3.0,-19.0,,2026-07-24T11:49:13.579426+08:00
6669,2020-03-20,-85000,-69462,107683,-46779,902.0,163.0,14.0,-15.0,,2026-07-24T11:49:13.579426+08:00
6669,2020-03-23,-25000,655710,205000,835710,720.0,238.0,-182.0,75.0,,2026-07-24T11:49:13.579426+08:00
6669,2020-03-24,43000,-262121,167000,-52121,758.0,207.0,38.0,-31.0,,2026-07-24T11:49:13.579426+08:00
6669,2020-03-25,-5000,55060,48000,98060,751.0,180.0,-7.0,-27.0,,2026-07-24T11:49:13.579426+08:00
6669,2020-03-26,0,184620,80641,265261,734.0,186.0,-17.0,6.0,,2026-07-24T11:49:13.579426+08:00
6669,2020-03-27,-31000,-61079,2000,-90079,764.0,171.0,30.0,-15.0,,2026-07-24T11:49:13.579426+08:00
6669,2020-03-30,-8000,69672,-21000,40672,782.0,197.0,18.0,26.0,,2026-07-24T11:49:13.579426+08:00
6669,2020-03-31,36000,362580,13000,411580,715.0,208.0,-67.0,11.0,,2026-07-24T11:49:13.579426+08:00
6669,2020-04-01,-4000,-271000,111000,-164000,782.0,191.0,67.0,-17.0,,2026-07-24T11:49:13.579426+08:00
6669,2020-04-06,11000,406288,74000,491288,694.0,157.0,-88.0,-34.0,,2026-07-24T11:49:13.579426+08:00
6669,2020-04-07,11000,437920,11000,459920,642.0,134.0,-52.0,-23.0,,2026-07-24T11:49:13.579426+08:00
6669,2020-04-08,-12000,-514000,-219000,-745000,864.0,93.0,222.0,-41.0,,2026-07-24T11:49:13.579426+08:00
6669,2020-04-09,-13000,-23000,-5000,-41000,868.0,0.0,4.0,-93.0,,2026-07-24T11:49:13.579426+08:00
6669,2020-04-10,-25000,-295800,-256000,-576800,1016.0,0.0,148.0,0.0,,2026-07-24T11:49:13.579426+08:00
6669,2020-04-13,-14000,-113720,514,-127206,1078.0,0.0,62.0,0.0,,2026-07-24T11:49:13.579426+08:00
6669,2020-04-14,12000,15940,-74000,-46060,1107.0,0.0,29.0,0.0,,2026-07-24T11:49:13.579426+08:00
6669,2020-04-15,9000,46170,-72000,-16830,1150.0,21.0,43.0,21.0,,2026-07-24T11:49:13.579426+08:00
6669,2020-04-16,-12000,-37000,-73000,-122000,1185.0,76.0,35.0,55.0,,2026-07-24T11:49:13.579426+08:00
6669,2020-04-17,11000,-262614,-59000,-310614,1274.0,185.0,89.0,109.0,,2026-07-24T11:49:13.579426+08:00
6669,2020-04-20,-22000,47157,-180000,-154843,1319.0,193.0,45.0,8.0,,2026-07-24T11:49:13.579426+08:00
6669,2020-04-21,-11000,-47763,-24000,-82763,1351.0,195.0,32.0,2.0,,2026-07-24T11:49:13.579426+08:00
6669,2020-04-22,6000,-155500,-15000,-164500,1367.0,188.0,16.0,-7.0,,2026-07-24T11:49:13.579426+08:00
6669,2020-04-23,110000,192778,-12000,290778,1328.0,200.0,-39.0,12.0,,2026-07-24T11:49:13.579426+08:00
6669,2020-04-24,7000,-29915,42000,19085,1308.0,200.0,-20.0,0.0,,2026-07-24T11:49:13.579426+08:00
6669,2020-04-27,-4000,101000,86000,183000,1249.0,198.0,-59.0,-2.0,,2026-07-24T11:49:13.579426+08:00
6669,2020-04-28,56000,509150,70000,635150,1092.0,208.0,-157.0,10.0,,2026-07-24T11:49:13.579426+08:00
6669,2020-04-29,-35000,313000,81000,359000,1070.0,189.0,-22.0,-19.0,,2026-07-24T11:49:13.579426+08:00
6669,2020-04-30,-4000,602000,172000,770000,884.0,174.0,-186.0,-15.0,,2026-07-24T11:49:13.579426+08:00
6669,2020-05-04,-58000,135138,78000,155138,825.0,173.0,-59.0,-1.0,,2026-07-24T11:49:13.579426+08:00
6669,2020-05-05,-25000,100300,-214000,-138700,824.0,171.0,-1.0,-2.0,,2026-07-24T11:49:13.579426+08:00
6669,2020-05-06,59000,360390,24000,443390,771.0,163.0,-53.0,-8.0,,2026-07-24T11:49:13.579426+08:00
6669,2020-05-07,28000,249600,-13000,264600,696.0,99.0,-75.0,-64.0,,2026-07-24T11:49:13.579426+08:00
6669,2020-05-08,-32000,165200,19000,152200,649.0,100.0,-47.0,1.0,,2026-07-24T11:49:13.579426+08:00
6669,2020-05-11,73000,115000,46000,234000,931.0,100.0,282.0,0.0,,2026-07-24T11:49:13.579426+08:00
6669,2020-05-12,-7000,-350238,27000,-330238,934.0,84.0,3.0,-16.0,,2026-07-24T11:49:13.579426+08:00
6669,2020-05-13,8000,-53039,-37000,-82039,905.0,84.0,-29.0,0.0,,2026-07-24T11:49:13.579426+08:00
6669,2020-05-14,-5000,-146000,0,-151000,1069.0,84.0,164.0,0.0,,2026-07-24T11:49:13.579426+08:00
6669,2020-05-15,7000,86269,65000,158269,1037.0,85.0,-32.0,1.0,,2026-07-24T11:49:13.579426+08:00
6669,2020-05-18,22000,-20000,104000,106000,946.0,84.0,-91.0,-1.0,,2026-07-24T11:49:13.579426+08:00
6669,2020-05-19,-22000,248321,47000,273321,891.0,88.0,-55.0,4.0,,2026-07-24T11:49:13.579426+08:00
6669,2020-05-20,-19000,67000,-41000,7000,853.0,90.0,-38.0,2.0,,2026-07-24T11:49:13.579426+08:00
6669,2020-05-21,-7000,-81056,-98000,-186056,896.0,86.0,43.0,-4.0,,2026-07-24T11:49:13.579426+08:00
6669,2020-05-22,14000,-66515,-34000,-86515,909.0,90.0,13.0,4.0,,2026-07-24T11:49:13.579426+08:00
6669,2020-05-25,18000,106000,-1000,123000,919.0,91.0,10.0,1.0,,2026-07-24T11:49:13.579426+08:00
6669,2020-05-26,54000,5440,35000,94440,891.0,94.0,-28.0,3.0,,2026-07-24T11:49:13.579426+08:00
6669,2020-05-27,13000,-7158,-3000,2842,918.0,95.0,27.0,1.0,,2026-07-24T11:49:13.579426+08:00
6669,2020-05-28,36000,-176664,-10000,-150664,957.0,90.0,39.0,-5.0,,2026-07-24T11:49:13.579426+08:00
6669,2020-05-29,-114000,252417,-336000,-197583,1129.0,151.0,172.0,61.0,,2026-07-24T11:49:13.579426+08:00
6669,2020-06-01,32000,252023,-3000,281023,1065.0,237.0,-64.0,86.0,,2026-07-24T11:49:13.579426+08:00
6669,2020-06-02,-154000,-1220704,-263000,-1637704,1309.0,235.0,244.0,-2.0,,2026-07-24T11:49:13.579426+08:00
6669,2020-06-03,97000,-246016,-265000,-414016,1510.0,230.0,201.0,-5.0,,2026-07-24T11:49:13.579426+08:00
6669,2020-06-04,47000,-495979,-95000,-543979,1550.0,224.0,40.0,-6.0,,2026-07-24T11:49:13.579426+08:00
6669,2020-06-05,49000,-541344,-105000,-597344,1619.0,185.0,69.0,-39.0,,2026-07-24T11:49:13.579426+08:00
6669,2020-06-08,41000,-223570,237000,54430,1591.0,187.0,-28.0,2.0,,2026-07-24T11:49:13.579426+08:00
6669,2020-06-09,57000,-307757,50000,-200757,1725.0,192.0,134.0,5.0,,2026-07-24T11:49:13.579426+08:00
6669,2020-06-10,133000,65440,207000,405440,1548.0,167.0,-177.0,-25.0,,2026-07-24T11:49:13.579426+08:00
6669,2020-06-11,-53000,-241869,27000,-267869,1608.0,178.0,60.0,11.0,,2026-07-24T11:49:13.579426+08:00
6669,2020-06-12,6000,53887,87000,146887,1632.0,171.0,24.0,-7.0,,2026-07-24T11:49:13.579426+08:00
6669,2020-06-15,-40000,-81464,6000,-115464,1656.0,165.0,24.0,-6.0,,2026-07-24T11:49:13.579426+08:00
6669,2020-06-16,102000,551128,134000,787128,1494.0,176.0,-162.0,11.0,,2026-07-24T11:49:13.579426+08:00
6669,2020-06-17,-19000,-855706,196000,-678706,1696.0,174.0,202.0,-2.0,,2026-07-24T11:49:13.579426+08:00
6669,2020-06-18,9000,164281,2000,175281,1684.0,174.0,-12.0,0.0,,2026-07-24T11:49:13.579426+08:00
6669,2020-06-19,-59000,-845727,888645,-16082,1652.0,171.0,-32.0,-3.0,,2026-07-24T11:49:13.579426+08:00
6669,2020-06-22,-43000,-266100,-186000,-495100,1771.0,147.0,119.0,-24.0,,2026-07-24T11:49:13.579426+08:00
6669,2020-06-23,-97000,-218356,-112000,-427356,1840.0,72.0,69.0,-75.0,,2026-07-24T11:49:13.579426+08:00
6669,2020-06-24,-80000,177700,-290000,-192300,1898.0,48.0,58.0,-24.0,,2026-07-24T11:49:13.579426+08:00
6669,2020-06-29,3000,-241329,104000,-134329,2037.0,0.0,139.0,-48.0,,2026-07-24T11:49:13.579426+08:00
6669,2020-06-30,11000,246021,25000,282021,1986.0,0.0,-51.0,0.0,,2026-07-24T11:49:13.579426+08:00
6669,2020-07-01,142000,502396,-4000,640396,1934.0,0.0,-52.0,0.0,,2026-07-24T11:49:13.579426+08:00
6669,2020-07-02,50000,-248551,-85000,-283551,1934.0,0.0,0.0,0.0,,2026-07-24T11:49:13.579426+08:00
6669,2020-07-03,-121000,-497710,-38000,-656710,2091.0,100.0,157.0,100.0,,2026-07-24T11:49:13.579426+08:00
6669,2020-07-06,60000,567218,-145000,482218,2024.0,113.0,-67.0,13.0,,2026-07-24T11:49:13.579426+08:00
6669,2020-07-07,-19000,245978,-164000,62978,2061.0,118.0,37.0,5.0,,2026-07-24T11:49:13.579426+08:00
6669,2020-07-08,19000,-143000,-133000,-257000,2198.0,116.0,137.0,-2.0,,2026-07-24T11:49:13.579426+08:00
6669,2020-07-09,-83000,-118000,-159000,-360000,2113.0,188.0,-85.0,72.0,,2026-07-24T11:49:13.579426+08:00
6669,2020-07-10,-45000,-515917,-90000,-650917,2145.0,162.0,32.0,-26.0,,2026-07-24T11:49:13.579426+08:00
6669,2020-07-13,3000,17699,-31000,-10301,2194.0,130.0,49.0,-32.0,,2026-07-24T11:49:13.579426+08:00
6669,2020-07-14,2000,-231006,81000,-148006,2157.0,79.0,-37.0,-51.0,,2026-07-24T11:49:13.579426+08:00
6669,2020-07-15,-16000,-89216,-130000,-235216,2150.0,84.0,-7.0,5.0,,2026-07-24T11:49:13.579426+08:00
6669,2020-07-16,-18000,-209274,-64000,-291274,2177.0,71.0,27.0,-13.0,,2026-07-24T11:49:13.579426+08:00
6669,2020-07-17,-21000,34629,-106000,-92371,2161.0,99.0,-16.0,28.0,,2026-07-24T11:49:13.579426+08:00
6669,2020-07-20,104000,252261,205000,561261,2117.0,127.0,-44.0,28.0,,2026-07-24T11:49:13.579426+08:00
6669,2020-07-21,-55000,-285103,14000,-326103,2112.0,117.0,-5.0,-10.0,,2026-07-24T11:49:13.579426+08:00
6669,2020-07-22,107000,1038602,-57000,1088602,1876.0,125.0,-236.0,8.0,,2026-07-24T11:49:13.579426+08:00
6669,2020-07-23,-120000,299000,-7000,172000,1879.0,139.0,3.0,14.0,,2026-07-24T11:49:13.579426+08:00
6669,2020-07-24,-7000,-693000,-128000,-828000,2014.0,196.0,135.0,57.0,,2026-07-24T11:49:13.579426+08:00
6669,2020-07-27,9000,174188,-26000,157188,1970.0,198.0,-44.0,2.0,,2026-07-24T11:49:13.579426+08:00
6669,2020-07-28,-1000,287628,-31000,255628,1943.0,221.0,-27.0,23.0,,2026-07-24T11:49:13.579426+08:00
6669,2020-07-29,-18000,-260328,-8000,-286328,1966.0,187.0,23.0,-34.0,,2026-07-24T11:49:13.579426+08:00
6669,2020-07-30,36000,145914,27000,208914,1935.0,186.0,-31.0,-1.0,,2026-07-24T11:49:13.579426+08:00
6669,2020-07-31,-35000,53356,-1000,17356,1967.0,202.0,32.0,16.0,,2026-07-24T11:49:13.579426+08:00
6669,2020-08-03,6000,-7264,-3000,-4264,1957.0,222.0,-10.0,20.0,,2026-07-24T11:49:13.579426+08:00
6669,2020-08-04,11000,-28753,-47000,-64753,1944.0,223.0,-13.0,1.0,,2026-07-24T11:49:13.579426+08:00
6669,2020-08-05,25000,7032,-69000,-36968,1979.0,220.0,35.0,-3.0,,2026-07-24T11:49:13.579426+08:00
6669,2020-08-06,-38000,92152,-88000,-33848,1994.0,216.0,15.0,-4.0,,2026-07-24T11:49:13.579426+08:00
6669,2020-08-07,49000,271400,-4000,316400,2053.0,117.0,59.0,-99.0,,2026-07-24T11:49:13.579426+08:00
6669,2020-08-10,56000,1781624,2000,1839624,1746.0,189.0,-307.0,72.0,,2026-07-24T11:49:13.579426+08:00
6669,2020-08-11,-151000,-997419,-16000,-1164419,1899.0,105.0,153.0,-84.0,,2026-07-24T11:49:13.579426+08:00
6669,2020-08-12,-52000,-27984,-137000,-216984,1881.0,85.0,-18.0,-20.0,,2026-07-24T11:49:13.579426+08:00
6669,2020-08-13,11000,12934,4000,27934,1850.0,105.0,-31.0,20.0,,2026-07-24T11:49:13.579426+08:00
6669,2020-08-14,-8000,-360827,0,-368827,1876.0,98.0,26.0,-7.0,,2026-07-24T11:49:13.579426+08:00
6669,2020-08-17,49000,248523,0,297523,1836.0,133.0,-40.0,35.0,,2026-07-24T11:49:13.579426+08:00
6669,2020-08-18,-23000,62160,0,39160,1799.0,139.0,-37.0,6.0,,2026-07-24T11:49:13.579426+08:00
6669,2020-08-19,7000,521650,-87000,441650,1708.0,146.0,-91.0,7.0,,2026-07-24T11:49:13.579426+08:00
6669,2020-08-20,-83000,-449798,-151000,-683798,1746.0,75.0,38.0,-71.0,,2026-07-24T11:49:13.579426+08:00
6669,2020-08-21,17000,-110932,2000,-91932,1733.0,84.0,-13.0,9.0,,2026-07-24T11:49:13.579426+08:00
6669,2020-08-24,69000,383912,1064,453976,1639.0,97.0,-94.0,13.0,,2026-07-24T11:49:13.579426+08:00
6669,2020-08-25,-19000,-56335,0,-75335,1671.0,95.0,32.0,-2.0,,2026-07-24T11:49:13.579426+08:00
6669,2020-08-26,18000,88760,-6000,100760,1634.0,90.0,-37.0,-5.0,,2026-07-24T11:49:13.579426+08:00
6669,2020-08-27,46000,334716,76000,456716,1573.0,95.0,-61.0,5.0,,2026-07-24T11:49:13.579426+08:00
6669,2020-08-28,-31000,153332,31000,153332,1536.0,100.0,-37.0,5.0,,2026-07-24T11:49:13.579426+08:00
6669,2020-08-31,-54000,-519692,-51000,-624692,1609.0,83.0,73.0,-17.0,,2026-07-24T11:49:13.579426+08:00
6669,2020-09-01,-21000,378312,-2000,355312,1492.0,90.0,-117.0,7.0,,2026-07-24T11:49:13.579426+08:00
6669,2020-09-02,33000,-110421,-180000,-257421,1543.0,85.0,51.0,-5.0,,2026-07-24T11:49:13.579426+08:00
6669,2020-09-03,7000,-363817,-248000,-604817,1606.0,82.0,63.0,-3.0,,2026-07-24T11:49:13.579426+08:00
6669,2020-09-04,1000,-296755,-182000,-477755,1703.0,158.0,97.0,76.0,,2026-07-24T11:49:13.579426+08:00
6669,2020-09-07,-88000,-423884,-482000,-993884,1613.0,164.0,-90.0,6.0,,2026-07-24T11:49:13.579426+08:00
6669,2020-09-08,29000,131059,-123000,37059,1540.0,104.0,-73.0,-60.0,,2026-07-24T11:49:13.579426+08:00
6669,2020-09-09,-34000,-884794,-113000,-1031794,1652.0,78.0,112.0,-26.0,,2026-07-24T11:49:13.579426+08:00
6669,2020-09-10,2000,98628,-79000,21628,1616.0,90.0,-36.0,12.0,,2026-07-24T11:49:13.579426+08:00
6669,2020-09-11,-5000,-445015,39000,-411015,1643.0,97.0,27.0,7.0,,2026-07-24T11:49:13.579426+08:00
6669,2020-09-14,10000,160350,29000,199350,1510.0,96.0,-133.0,-1.0,,2026-07-24T11:49:13.579426+08:00
6669,2020-09-15,-1000,-68595,10868,-58727,1503.0,94.0,-7.0,-2.0,,2026-07-24T11:49:13.579426+08:00
6669,2020-09-16,-3000,45507,104000,146507,1475.0,96.0,-28.0,2.0,,2026-07-24T11:49:13.579426+08:00
6669,2020-09-17,-16000,-272114,26103,-262011,1528.0,85.0,53.0,-11.0,,2026-07-24T11:49:13.579426+08:00
6669,2020-09-18,-5000,-66996,11000,-60996,1545.0,75.0,17.0,-10.0,,2026-07-24T11:49:13.579426+08:00
6669,2020-09-21,16000,267700,63127,346827,1452.0,89.0,-93.0,14.0,,2026-07-24T11:49:13.579426+08:00
6669,2020-09-22,-39000,-391560,11000,-419560,1510.0,84.0,58.0,-5.0,,2026-07-24T11:49:13.579426+08:00
6669,2020-09-23,-17000,-135224,10870,-141354,1514.0,77.0,4.0,-7.0,,2026-07-24T11:49:13.579426+08:00
6669,2020-09-24,-9000,-115647,20000,-104647,1468.0,75.0,-46.0,-2.0,,2026-07-24T11:49:13.579426+08:00
6669,2020-09-25,-19000,-54029,10000,-63029,1468.0,82.0,0.0,7.0,,2026-07-24T11:49:13.579426+08:00
6669,2020-09-28,17000,510794,40000,567794,1324.0,94.0,-144.0,12.0,,2026-07-24T11:49:13.579426+08:00
6669,2020-09-29,-16000,-594824,-67000,-677824,1441.0,83.0,117.0,-11.0,,2026-07-24T11:49:13.579426+08:00
6669,2020-09-30,1000,135372,0,136372,1448.0,83.0,7.0,0.0,,2026-07-24T11:49:13.579426+08:00
6669,2020-10-05,27000,588194,-26000,589194,1391.0,107.0,-57.0,24.0,,2026-07-24T11:49:13.579426+08:00
6669,2020-10-06,26000,266584,273000,565584,1295.0,132.0,-96.0,25.0,,2026-07-24T11:49:13.579426+08:00
6669,2020-10-07,-31000,78580,134000,181580,1276.0,154.0,-19.0,22.0,,2026-07-24T11:49:13.579426+08:00
6669,2020-10-08,-14000,283192,191000,460192,1221.0,148.0,-55.0,-6.0,,2026-07-24T11:49:13.579426+08:00
6669,2020-10-12,41000,103084,159000,303084,1210.0,150.0,-11.0,2.0,,2026-07-24T11:49:13.579426+08:00
6669,2020-10-13,-12000,-286494,-24000,-322494,1269.0,143.0,59.0,-7.0,,2026-07-24T11:49:13.579426+08:00
6669,2020-10-14,12000,-60754,36000,-12754,1250.0,153.0,-19.0,10.0,,2026-07-24T11:49:13.579426+08:00
6669,2020-10-15,-47000,279869,-5000,227869,1217.0,156.0,-33.0,3.0,,2026-07-24T11:49:13.579426+08:00
6669,2020-10-16,43000,-336820,22000,-271820,1326.0,150.0,109.0,-6.0,,2026-07-24T11:49:13.579426+08:00
6669,2020-10-19,12000,275198,32000,319198,1211.0,160.0,-115.0,10.0,,2026-07-24T11:49:13.579426+08:00
6669,2020-10-20,17000,131969,4000,152969,1203.0,164.0,-8.0,4.0,,2026-07-24T11:49:13.579426+08:00
6669,2020-10-21,2000,-285782,45000,-238782,1259.0,163.0,56.0,-1.0,,2026-07-24T11:49:13.579426+08:00
6669,2020-10-22,-1000,367790,230000,596790,1198.0,186.0,-61.0,23.0,,2026-07-24T11:49:13.579426+08:00
6669,2020-10-23,-18000,-217495,75000,-160495,1173.0,182.0,-25.0,-4.0,,2026-07-24T11:49:13.579426+08:00
6669,2020-10-26,2000,-61000,22000,-37000,1198.0,176.0,25.0,-6.0,,2026-07-24T11:49:13.579426+08:00
6669,2020-10-27,-7000,-97050,16000,-88050,1229.0,173.0,31.0,-3.0,,2026-07-24T11:49:13.579426+08:00
6669,2020-10-28,-10000,167207,71000,228207,1190.0,171.0,-39.0,-2.0,,2026-07-24T11:49:13.579426+08:00
6669,2020-10-29,-12000,178000,26000,192000,1175.0,202.0,-15.0,31.0,,2026-07-24T11:49:13.579426+08:00
6669,2020-10-30,-22000,-248735,11000,-259735,1203.0,171.0,28.0,-31.0,,2026-07-24T11:49:13.579426+08:00
6669,2020-11-02,-19259,12000,-164000,-171259,1273.0,170.0,70.0,-1.0,,2026-07-24T11:49:13.579426+08:00
6669,2020-11-03,-4000,30592,-19000,7592,1230.0,165.0,-43.0,-5.0,,2026-07-24T11:49:13.579426+08:00
6669,2020-11-04,17000,-181374,18000,-146374,1265.0,165.0,35.0,0.0,,2026-07-24T11:49:13.579426+08:00
6669,2020-11-05,9213,330275,4000,343488,1225.0,166.0,-40.0,1.0,,2026-07-24T11:49:13.579426+08:00
6669,2020-11-06,2321,-43617,0,-41296,1226.0,166.0,1.0,0.0,,2026-07-24T11:49:13.579426+08:00
6669,2020-11-09,72885,597169,31000,701054,1152.0,179.0,-74.0,13.0,,2026-07-24T11:49:13.579426+08:00
6669,2020-11-10,1482,320453,0,321935,1162.0,175.0,10.0,-4.0,,2026-07-24T11:49:13.579426+08:00
6669,2020-11-11,-10079,-293008,-190000,-493087,1149.0,160.0,-13.0,-15.0,,2026-07-24T11:49:13.579426+08:00
6669,2020-11-12,-71202,11922,-526000,-585280,1172.0,155.0,23.0,-5.0,,2026-07-24T11:49:13.579426+08:00
6669,2020-11-13,-77,-593655,-398000,-991732,1297.0,117.0,125.0,-38.0,,2026-07-24T11:49:13.579426+08:00
6669,2020-11-16,18336,-598779,-533000,-1113443,1577.0,128.0,280.0,11.0,,2026-07-24T11:49:13.579426+08:00
6669,2020-11-17,21396,-468000,-23000,-469604,1628.0,120.0,51.0,-8.0,,2026-07-24T11:49:13.579426+08:00
6669,2020-11-18,-4087,57393,-494000,-440694,1717.0,118.0,89.0,-2.0,,2026-07-24T11:49:13.579426+08:00
6669,2020-11-19,2889,-106931,-169000,-273042,1761.0,119.0,44.0,1.0,,2026-07-24T11:49:13.579426+08:00
6669,2020-11-20,-1500,-237465,-79000,-317965,1774.0,118.0,13.0,-1.0,,2026-07-24T11:49:13.579426+08:00
6669,2020-11-23,12800,-146229,-64000,-197429,1814.0,120.0,40.0,2.0,,2026-07-24T11:49:13.579426+08:00
6669,2020-11-24,6000,-162388,-128000,-284388,1841.0,133.0,27.0,13.0,,2026-07-24T11:49:13.579426+08:00
6669,2020-11-25,7000,-554268,-3000,-550268,1854.0,170.0,13.0,37.0,,2026-07-24T11:49:13.579426+08:00
6669,2020-11-26,9300,-55754,-4000,-50454,1873.0,171.0,19.0,1.0,,2026-07-24T11:49:13.579426+08:00
6669,2020-11-27,3800,-129391,-58000,-183591,1933.0,137.0,60.0,-34.0,,2026-07-24T11:49:13.579426+08:00
6669,2020-11-30,-3000,-313173,-36700,-352873,1965.0,135.0,32.0,-2.0,,2026-07-24T11:49:13.579426+08:00
6669,2020-12-01,-4000,-172909,-22000,-198909,1945.0,135.0,-20.0,0.0,,2026-07-24T11:49:13.579426+08:00
6669,2020-12-02,-2000,-270205,-22000,-294205,1960.0,141.0,15.0,6.0,,2026-07-24T11:49:13.579426+08:00
6669,2020-12-03,10000,-194807,-30000,-214807,1952.0,131.0,-8.0,-10.0,,2026-07-24T11:49:13.579426+08:00
6669,2020-12-04,62,-189,-59300,-59427,1952.0,133.0,0.0,2.0,,2026-07-24T11:49:13.579426+08:00
6669,2020-12-07,-1000,412049,-4000,407049,1845.0,148.0,-107.0,15.0,,2026-07-24T11:49:13.579426+08:00
6669,2020-12-08,12000,284170,1000,297170,1837.0,146.0,-8.0,-2.0,,2026-07-24T11:49:13.579426+08:00
6669,2020-12-09,2020,-5192,-46000,-49172,1862.0,139.0,25.0,-7.0,,2026-07-24T11:49:13.579426+08:00
6669,2020-12-10,-16050,-39002,-16000,-71052,1847.0,134.0,-15.0,-5.0,,2026-07-24T11:49:13.579426+08:00
6669,2020-12-11,3000,300132,-24470,278662,1808.0,134.0,-39.0,0.0,,2026-07-24T11:49:13.579426+08:00
6669,2020-12-14,66004,741725,-8890,798839,1696.0,140.0,-112.0,6.0,,2026-07-24T11:49:13.579426+08:00
6669,2020-12-15,-46724,-2815,22230,-27309,1660.0,134.0,-36.0,-6.0,,2026-07-24T11:49:13.579426+08:00
6669,2020-12-16,11000,193626,-12000,192626,1653.0,145.0,-7.0,11.0,,2026-07-24T11:49:13.579426+08:00
6669,2020-12-17,-13000,317164,0,304164,1589.0,147.0,-64.0,2.0,,2026-07-24T11:49:13.579426+08:00
6669,2020-12-18,2714,70269,27940,100923,1508.0,144.0,-81.0,-3.0,,2026-07-24T11:49:13.579426+08:00
6669,2020-12-21,-1000,-27514,-1000,-29514,1486.0,141.0,-22.0,-3.0,,2026-07-24T11:49:13.579426+08:00
6669,2020-12-22,-12045,162081,-3000,147036,1442.0,147.0,-44.0,6.0,,2026-07-24T11:49:13.579426+08:00
6669,2020-12-23,-1000,31543,1000,31543,1441.0,144.0,-1.0,-3.0,,2026-07-24T11:49:13.579426+08:00
6669,2020-12-24,-4000,204371,-2890,197481,1420.0,144.0,-21.0,0.0,,2026-07-24T11:49:13.579426+08:00
6669,2020-12-25,-10000,19463,-31000,-21537,1430.0,145.0,10.0,1.0,,2026-07-24T11:49:13.579426+08:00
6669,2020-12-28,4000,199071,-67000,136071,1414.0,129.0,-16.0,-16.0,,2026-07-24T11:49:13.579426+08:00
6669,2020-12-29,-22000,123476,120,101596,1412.0,126.0,-2.0,-3.0,,2026-07-24T11:49:13.579426+08:00
6669,2020-12-30,22200,548286,-54000,516486,1386.0,128.0,-26.0,2.0,,2026-07-24T11:49:13.579426+08:00
6669,2020-12-31,-12000,305430,1000,294430,1399.0,128.0,13.0,0.0,,2026-07-24T11:49:13.579426+08:00
6669,2021-01-04,-7800,-297708,-10890,-316398,1495.0,123.0,96.0,-5.0,,2026-07-24T11:49:13.579426+08:00
6669,2021-01-05,-26000,79578,-11660,41918,1493.0,123.0,-2.0,0.0,,2026-07-24T11:49:13.579426+08:00
6669,2021-01-06,-15000,-298633,-33000,-346633,1612.0,122.0,119.0,-1.0,,2026-07-24T11:49:13.579426+08:00
6669,2021-01-07,9000,-180945,-44770,-216715,1738.0,121.0,126.0,-1.0,,2026-07-24T11:49:13.579426+08:00
6669,2021-01-08,130330,1922050,340,2052720,1517.0,151.0,-221.0,30.0,,2026-07-24T11:49:13.579426+08:00
6669,2021-01-11,-28000,-800092,-4650,-832742,1564.0,143.0,47.0,-8.0,,2026-07-24T11:49:13.579426+08:00
6669,2021-01-12,-17279,429196,-99000,312917,1477.0,130.0,-87.0,-13.0,,2026-07-24T11:49:13.579426+08:00
6669,2021-01-13,43680,1578919,71000,1693599,1203.0,149.0,-274.0,19.0,,2026-07-24T11:49:13.579426+08:00
6669,2021-01-14,-34949,-54147,1600,-87496,1279.0,131.0,76.0,-18.0,,2026-07-24T11:49:13.579426+08:00
6669,2021-01-15,-80000,168449,6515,94964,1219.0,132.0,-60.0,1.0,,2026-07-24T11:49:13.579426+08:00
6669,2021-01-18,72000,413745,-23440,462305,1185.0,135.0,-34.0,3.0,,2026-07-24T11:49:13.579426+08:00
6669,2021-01-19,-775,546587,13000,558812,1128.0,133.0,-57.0,-2.0,,2026-07-24T11:49:13.579426+08:00
6669,2021-01-20,-6000,757887,36000,787887,1125.0,121.0,-3.0,-12.0,,2026-07-24T11:49:13.579426+08:00
6669,2021-01-21,58402,1828715,-14000,1873117,989.0,129.0,-136.0,8.0,,2026-07-24T11:49:13.579426+08:00
6669,2021-01-22,-40825,1166,-15000,-54659,981.0,119.0,-8.0,-10.0,,2026-07-24T11:49:13.579426+08:00
6669,2021-01-25,-63000,134516,6460,77976,1020.0,115.0,39.0,-4.0,,2026-07-24T11:49:13.579426+08:00
6669,2021-01-26,-27000,215885,-4000,184885,931.0,110.0,-89.0,-5.0,,2026-07-24T11:49:13.579426+08:00
6669,2021-01-27,5110,92237,-2000,95347,952.0,111.0,21.0,1.0,,2026-07-24T11:49:13.579426+08:00
6669,2021-01-28,-2000,251048,15000,264048,941.0,111.0,-11.0,0.0,,2026-07-24T11:49:13.579426+08:00
6669,2021-01-29,-22064,190759,32000,200695,961.0,114.0,20.0,3.0,,2026-07-24T11:49:13.579426+08:00
6669,2021-02-01,15900,216673,5000,237573,924.0,113.0,-37.0,-1.0,,2026-07-24T11:49:13.579426+08:00
6669,2021-02-02,24171,-81678,7000,-50507,982.0,113.0,58.0,0.0,,2026-07-24T11:49:13.579426+08:00
6669,2021-02-03,-27000,555936,-4000,524936,905.0,113.0,-77.0,0.0,,2026-07-24T11:49:13.579426+08:00
6669,2021-02-04,21979,461472,-9000,474451,876.0,116.0,-29.0,3.0,,2026-07-24T11:49:13.579426+08:00
6669,2021-02-05,-29650,386911,45000,402261,823.0,115.0,-53.0,-1.0,,2026-07-24T11:49:13.579426+08:00
6669,2021-02-17,35000,683346,0,718346,747.0,116.0,-76.0,1.0,,2026-07-24T11:49:13.579426+08:00
6669,2021-02-18,-834,5486,2000,6652,704.0,115.0,-43.0,-1.0,,2026-07-24T11:49:13.579426+08:00
6669,2021-02-19,-5840,10401,-27000,-22439,729.0,114.0,25.0,-1.0,,2026-07-24T11:49:13.579426+08:00
6669,2021-02-22,-200,58334,0,58134,739.0,105.0,10.0,-9.0,,2026-07-24T11:49:13.579426+08:00
6669,2021-02-23,7000,146843,-14000,139843,791.0,106.0,52.0,1.0,,2026-07-24T11:49:13.579426+08:00
6669,2021-02-24,-2105,-30463,-33000,-65568,793.0,105.0,2.0,-1.0,,2026-07-24T11:49:13.579426+08:00
6669,2021-02-25,-1291,72392,-14000,57101,806.0,107.0,13.0,2.0,,2026-07-24T11:49:13.579426+08:00
6669,2021-02-26,-9077,-312118,-2000,-323195,825.0,103.0,19.0,-4.0,,2026-07-24T11:49:13.579426+08:00
6669,2021-03-02,15777,440325,1000,457102,752.0,106.0,-73.0,3.0,,2026-07-24T11:49:13.579426+08:00
6669,2021-03-03,23668,237885,0,261553,761.0,107.0,9.0,1.0,,2026-07-24T11:49:13.579426+08:00
6669,2021-03-04,-9575,204099,-2000,192524,761.0,92.0,0.0,-15.0,,2026-07-24T11:49:13.579426+08:00
6669,2021-03-05,-12889,-18557,5000,-26446,764.0,91.0,3.0,-1.0,,2026-07-24T11:49:13.579426+08:00
6669,2021-03-08,35285,181880,0,217165,706.0,90.0,-58.0,-1.0,,2026-07-24T11:49:13.579426+08:00
6669,2021-03-09,-24762,-160684,0,-185446,735.0,90.0,29.0,0.0,,2026-07-24T11:49:13.579426+08:00
6669,2021-03-10,-1000,147132,0,146132,710.0,89.0,-25.0,-1.0,,2026-07-24T11:49:13.579426+08:00
6669,2021-03-11,45072,557354,0,602426,625.0,91.0,-85.0,2.0,,2026-07-24T11:49:13.579426+08:00
6669,2021-03-12,-52990,332457,1000,280467,610.0,95.0,-15.0,4.0,,2026-07-24T11:49:13.579426+08:00
6669,2021-03-15,2420,190031,0,192451,644.0,94.0,34.0,-1.0,,2026-07-24T11:49:13.579426+08:00
6669,2021-03-16,2237,67355,2000,71592,617.0,81.0,-27.0,-13.0,,2026-07-24T11:49:13.579426+08:00
6669,2021-03-17,-24714,-283276,-13000,-320990,674.0,78.0,57.0,-3.0,,2026-07-24T11:49:13.579426+08:00
6669,2021-03-18,-1108,116185,-1000,114077,672.0,73.0,-2.0,-5.0,,2026-07-24T11:49:13.579426+08:00
6669,2021-03-19,5309,-170689,-4556,-169936,685.0,71.0,13.0,-2.0,,2026-07-24T11:49:13.579426+08:00
6669,2021-03-22,5956,-42631,0,-36675,689.0,71.0,4.0,0.0,,2026-07-24T11:49:13.579426+08:00
6669,2021-03-23,-11000,12614,-28000,-26386,688.0,71.0,-1.0,0.0,,2026-07-24T11:49:13.579426+08:00
6669,2021-03-24,-3693,16238,0,12545,656.0,71.0,-32.0,0.0,,2026-07-24T11:49:13.579426+08:00
6669,2021-03-25,2000,-25130,0,-23130,659.0,70.0,3.0,-1.0,,2026-07-24T11:49:13.579426+08:00
6669,2021-03-26,1990,-78357,0,-76367,665.0,68.0,6.0,-2.0,,2026-07-24T11:49:13.579426+08:00
6669,2021-03-29,14133,92316,0,106449,678.0,64.0,13.0,-4.0,,2026-07-24T11:49:13.579426+08:00
6669,2021-03-30,-13754,-15216,0,-28970,674.0,64.0,-4.0,0.0,,2026-07-24T11:49:13.579426+08:00
6669,2021-03-31,-7000,-5496,-2000,-14496,666.0,64.0,-8.0,0.0,,2026-07-24T11:49:13.579426+08:00
6669,2021-04-01,8000,17961,-11000,14961,663.0,63.0,-3.0,-1.0,,2026-07-24T11:49:13.579426+08:00
6669,2021-04-06,11489,-20018,-1125,-9654,672.0,64.0,9.0,1.0,,2026-07-24T11:49:13.579426+08:00
6669,2021-04-07,15949,-172113,-60000,-216164,693.0,16.0,21.0,-48.0,,2026-07-24T11:49:13.579426+08:00
6669,2021-04-08,21124,169216,-29000,161340,668.0,16.0,-25.0,0.0,,2026-07-24T11:49:13.579426+08:00
6669,2021-04-09,-22000,-309134,-77000,-408134,745.0,0.0,77.0,-16.0,,2026-07-24T11:49:13.579426+08:00
6669,2021-04-12,900,15938,1000,17838,730.0,0.0,-15.0,0.0,,2026-07-24T11:49:13.579426+08:00
6669,2021-04-13,3822,30527,-14000,20349,733.0,0.0,3.0,0.0,,2026-07-24T11:49:13.579426+08:00
6669,2021-04-14,-15389,63103,0,47714,719.0,0.0,-14.0,0.0,,2026-07-24T11:49:13.579426+08:00
6669,2021-04-15,14000,119518,0,133518,710.0,3.0,-9.0,3.0,,2026-07-24T11:49:13.579426+08:00
6669,2021-04-16,50536,639369,0,689905,679.0,9.0,-31.0,6.0,,2026-07-24T11:49:13.579426+08:00
6669,2021-04-19,-39000,22385,0,-16615,666.0,9.0,-13.0,0.0,,2026-07-24T11:49:13.579426+08:00
6669,2021-04-20,3681,-17283,-1000,-14602,672.0,9.0,6.0,0.0,,2026-07-24T11:49:13.579426+08:00
6669,2021-04-21,-10757,-8763,-1000,-20520,675.0,9.0,3.0,0.0,,2026-07-24T11:49:13.579426+08:00
6669,2021-04-22,-14479,68813,-1000,53334,649.0,12.0,-26.0,3.0,,2026-07-24T11:49:13.579426+08:00
6669,2021-04-23,36632,341492,-2000,376124,686.0,18.0,37.0,6.0,,2026-07-24T11:49:13.579426+08:00
6669,2021-04-26,-12828,-85710,0,-98538,705.0,18.0,19.0,0.0,,2026-07-24T11:49:13.579426+08:00
6669,2021-04-27,2420,48290,5000,55710,708.0,16.0,3.0,-2.0,,2026-07-24T11:49:13.579426+08:00
6669,2021-04-28,-38960,-150145,0,-189105,663.0,12.0,-45.0,-4.0,,2026-07-24T11:49:13.579426+08:00
6669,2021-04-29,68238,659262,9000,736500,712.0,18.0,49.0,6.0,,2026-07-24T11:49:13.579426+08:00
6669,2021-05-03,-15520,143588,54000,182068,665.0,16.0,-47.0,-2.0,,2026-07-24T11:49:13.579426+08:00
6669,2021-05-04,48156,163034,71000,282190,844.0,20.0,179.0,4.0,,2026-07-24T11:49:13.579426+08:00
6669,2021-05-05,-26581,6086,55000,34505,767.0,30.0,-77.0,10.0,,2026-07-24T11:49:13.579426+08:00
6669,2021-05-06,-32717,-25858,6000,-52575,749.0,14.0,-18.0,-16.0,,2026-07-24T11:49:13.579426+08:00
6669,2021-05-07,20823,140313,3000,164136,723.0,21.0,-26.0,7.0,,2026-07-24T11:49:13.579426+08:00
6669,2021-05-10,-19251,-92231,1000,-110482,740.0,19.0,17.0,-2.0,,2026-07-24T11:49:13.579426+08:00
6669,2021-05-11,-35240,109630,1000,75390,652.0,23.0,-88.0,4.0,,2026-07-24T11:49:13.579426+08:00
6669,2021-05-12,-7371,162080,-4000,150709,641.0,23.0,-11.0,0.0,,2026-07-24T11:49:13.579426+08:00
6669,2021-05-13,5250,-182310,35000,-142060,654.0,24.0,13.0,1.0,,2026-07-24T11:49:13.579426+08:00
6669,2021-05-14,-14407,-102084,1000,-115491,637.0,22.0,-17.0,-2.0,,2026-07-24T11:49:13.579426+08:00
6669,2021-05-17,-18593,95963,-12000,65370,564.0,17.0,-73.0,-5.0,,2026-07-24T11:49:13.579426+08:00
6669,2021-05-18,35332,20956,5000,61288,564.0,19.0,0.0,2.0,,2026-07-24T11:49:13.579426+08:00
6669,2021-05-19,576,-109499,0,-108923,583.0,14.0,19.0,-5.0,,2026-07-24T11:49:13.579426+08:00
6669,2021-05-20,-34283,229289,1000,196006,538.0,20.0,-45.0,6.0,,2026-07-24T11:49:13.579426+08:00
6669,2021-05-21,3100,3211,0,6311,549.0,19.0,11.0,-1.0,,2026-07-24T11:49:13.579426+08:00
6669,2021-05-24,5000,62768,0,67768,541.0,23.0,-8.0,4.0,,2026-07-24T11:49:13.579426+08:00
6669,2021-05-25,49549,184461,22000,256010,522.0,27.0,-19.0,4.0,,2026-07-24T11:49:13.579426+08:00
6669,2021-05-26,-12888,-22081,23000,-11969,551.0,29.0,29.0,2.0,,2026-07-24T11:49:13.579426+08:00
6669,2021-05-27,1643,271991,13000,286634,522.0,31.0,-29.0,2.0,,2026-07-24T11:49:13.579426+08:00
6669,2021-05-28,-2779,67000,16000,80221,528.0,30.0,6.0,-1.0,,2026-07-24T11:49:13.579426+08:00
6669,2021-05-31,480,54056,0,54536,506.0,32.0,-22.0,2.0,,2026-07-24T11:49:13.579426+08:00
6669,2021-06-01,-7000,-28839,1000,-34839,489.0,29.0,-17.0,-3.0,,2026-07-24T11:49:13.579426+08:00
6669,2021-06-02,9464,44108,0,53572,485.0,32.0,-4.0,3.0,,2026-07-24T11:49:13.579426+08:00
6669,2021-06-03,-996,-16983,0,-17979,477.0,30.0,-8.0,-2.0,,2026-07-24T11:49:13.579426+08:00
6669,2021-06-04,-10000,-38369,0,-48369,487.0,30.0,10.0,0.0,,2026-07-24T11:49:13.579426+08:00
6669,2021-06-07,-7000,106064,0,99064,482.0,29.0,-5.0,-1.0,,2026-07-24T11:49:13.579426+08:00
6669,2021-06-08,0,4210,1000,5210,483.0,29.0,1.0,0.0,,2026-07-24T11:49:13.579426+08:00
6669,2021-06-09,17000,282773,0,299773,458.0,31.0,-25.0,2.0,,2026-07-24T11:49:13.579426+08:00
6669,2021-06-10,-2253,113506,78000,189253,398.0,33.0,-60.0,2.0,,2026-07-24T11:49:13.579426+08:00
6669,2021-06-11,19974,219652,166000,405626,346.0,35.0,-52.0,2.0,,2026-07-24T11:49:13.579426+08:00
6669,2021-06-15,-8959,188499,447000,626540,330.0,32.0,-16.0,-3.0,,2026-07-24T11:49:13.579426+08:00
6669,2021-06-16,-1896,-343928,504000,158176,337.0,26.0,7.0,-6.0,,2026-07-24T11:49:13.579426+08:00
6669,2021-06-17,-7488,-442237,69000,-380725,429.0,26.0,92.0,0.0,,2026-07-24T11:49:13.579426+08:00
6669,2021-06-18,-6932,288172,-505234,-223994,458.0,25.0,29.0,-1.0,,2026-07-24T11:49:13.579426+08:00
6669,2021-06-21,-9730,35301,1000,26571,434.0,24.0,-24.0,-1.0,,2026-07-24T11:49:13.579426+08:00
6669,2021-06-22,-24419,-115487,-19000,-158906,437.0,23.0,3.0,-1.0,,2026-07-24T11:49:13.579426+08:00
6669,2021-06-23,49003,-85913,0,-36910,426.0,23.0,-11.0,0.0,,2026-07-24T11:49:13.579426+08:00
6669,2021-06-24,17789,95756,24000,137545,412.0,25.0,-14.0,2.0,,2026-07-24T11:49:13.579426+08:00
6669,2021-06-25,-3277,-24111,20000,-7388,393.0,25.0,-19.0,0.0,,2026-07-24T11:49:13.579426+08:00
6669,2021-06-28,-10416,-30329,-8000,-48745,362.0,24.0,-31.0,-1.0,,2026-07-24T11:49:13.579426+08:00
6669,2021-06-29,2308,23608,-30000,-4084,361.0,22.0,-1.0,-2.0,,2026-07-24T11:49:13.579426+08:00
6669,2021-06-30,-4311,6645,11310,13644,347.0,22.0,-14.0,0.0,,2026-07-24T11:49:13.579426+08:00
6669,2021-07-01,-4520,-90000,1000,-93520,342.0,22.0,-5.0,0.0,,2026-07-24T11:49:13.579426+08:00
6669,2021-07-02,20718,140442,1000,162160,340.0,26.0,-2.0,4.0,,2026-07-24T11:49:13.579426+08:00
6669,2021-07-05,3887,48034,-3000,48921,451.0,26.0,111.0,0.0,,2026-07-24T11:49:13.579426+08:00
6669,2021-07-06,-6988,-48916,4700,-51204,428.0,25.0,-23.0,-1.0,,2026-07-24T11:49:13.579426+08:00
6669,2021-07-07,10472,-34439,-2000,-25967,410.0,25.0,-18.0,0.0,,2026-07-24T11:49:13.579426+08:00
6669,2021-07-08,3000,-157761,182,-154579,466.0,22.0,56.0,-3.0,,2026-07-24T11:49:13.579426+08:00
6669,2021-07-09,-18695,65470,4000,50775,291.0,21.0,-175.0,-1.0,,2026-07-24T11:49:13.579426+08:00
6669,2021-07-12,-100,59551,1000,60451,258.0,21.0,-33.0,0.0,,2026-07-24T11:49:13.579426+08:00
6669,2021-07-13,10080,121369,37000,168449,254.0,19.0,-4.0,-2.0,,2026-07-24T11:49:13.579426+08:00
6669,2021-07-14,1452,-154138,122000,-30686,281.0,19.0,27.0,0.0,,2026-07-24T11:49:13.579426+08:00
6669,2021-07-15,7048,-627795,-1000,-621747,360.0,9.0,79.0,-10.0,,2026-07-24T11:49:13.579426+08:00
6669,2021-07-16,-18321,35241,44000,60920,340.0,9.0,-20.0,0.0,,2026-07-24T11:49:13.579426+08:00
6669,2021-07-19,-17,-91904,-8000,-99921,340.0,0.0,0.0,-9.0,,2026-07-24T11:49:13.579426+08:00
6669,2021-07-20,-2650,80615,-195000,-117035,349.0,0.0,9.0,0.0,,2026-07-24T11:49:13.579426+08:00
6669,2021-07-21,-1085,104713,-158000,-54372,369.0,0.0,20.0,0.0,,2026-07-24T11:49:13.579426+08:00
6669,2021-07-22,5000,-242362,-1000,-238362,386.0,0.0,17.0,0.0,,2026-07-24T11:49:13.579426+08:00
6669,2021-07-23,-2992,-107572,0,-110564,385.0,1.0,-1.0,1.0,,2026-07-24T11:49:13.579426+08:00
6669,2021-07-26,-9858,37775,2790,30707,396.0,0.0,11.0,-1.0,,2026-07-24T11:49:13.579426+08:00
6669,2021-07-27,-353,-75986,0,-76339,400.0,0.0,4.0,0.0,,2026-07-24T11:49:13.579426+08:00
6669,2021-07-28,15601,-3733,-51000,-39132,430.0,0.0,30.0,0.0,,2026-07-24T11:49:13.579426+08:00
6669,2021-07-29,17573,29650,3000,50223,406.0,3.0,-24.0,3.0,,2026-07-24T11:49:13.579426+08:00
6669,2021-07-30,-13992,141837,-115000,12845,400.0,3.0,-6.0,0.0,,2026-07-24T11:49:13.579426+08:00
6669,2021-08-02,7354,99437,-143010,-36219,408.0,2.0,8.0,-1.0,,2026-07-24T11:49:13.579426+08:00
6669,2021-08-03,827,-75410,-47400,-121983,412.0,4.0,4.0,2.0,,2026-07-24T11:49:13.579426+08:00
6669,2021-08-04,7361,-80661,-111000,-184300,452.0,3.0,40.0,-1.0,,2026-07-24T11:49:13.579426+08:00
6669,2021-08-05,-949,-72296,-171000,-244245,429.0,3.0,-23.0,0.0,,2026-07-24T11:49:13.579426+08:00
6669,2021-08-06,949,-26957,0,-26008,436.0,4.0,7.0,1.0,,2026-07-24T11:49:13.579426+08:00
6669,2021-08-09,-3234,42887,-40000,-347,429.0,4.0,-7.0,0.0,,2026-07-24T11:49:13.579426+08:00
6669,2021-08-10,-3000,2617,1000,617,429.0,4.0,0.0,0.0,,2026-07-24T11:49:13.579426+08:00
6669,2021-08-11,996,-12593,3000,-8597,427.0,4.0,-2.0,0.0,,2026-07-24T11:49:13.579426+08:00
6669,2021-08-12,-2533,-30915,-98000,-131448,437.0,4.0,10.0,0.0,,2026-07-24T11:49:13.579426+08:00
6669,2021-08-13,-2977,10290,11000,18313,443.0,4.0,6.0,0.0,,2026-07-24T11:49:13.579426+08:00
6669,2021-08-16,6941,29954,4000,40895,430.0,1.0,-13.0,-3.0,,2026-07-24T11:49:13.579426+08:00
6669,2021-08-17,-1197,-54495,-2000,-57692,430.0,1.0,0.0,0.0,,2026-07-24T11:49:13.579426+08:00
6669,2021-08-18,190,-93225,5000,-88035,432.0,4.0,2.0,3.0,,2026-07-24T11:49:13.579426+08:00
6669,2021-08-19,-581,89542,6000,94961,411.0,5.0,-21.0,1.0,,2026-07-24T11:49:13.579426+08:00
6669,2021-08-20,13002,-282960,366000,96042,420.0,27.0,9.0,22.0,,2026-07-24T11:49:13.579426+08:00
6669,2021-08-23,-5307,-112080,-1000,-118387,407.0,11.0,-13.0,-16.0,,2026-07-24T11:49:13.579426+08:00
6669,2021-08-24,-47,104325,62380,166658,369.0,11.0,-38.0,0.0,,2026-07-24T11:49:13.579426+08:00
6669,2021-08-25,2047,-45635,0,-43588,364.0,11.0,-5.0,0.0,,2026-07-24T11:49:13.579426+08:00
6669,2021-08-26,-4463,-37372,41000,-835,360.0,11.0,-4.0,0.0,,2026-07-24T11:49:13.579426+08:00
6669,2021-08-27,12936,24351,-4000,33287,357.0,11.0,-3.0,0.0,,2026-07-24T11:49:13.579426+08:00
6669,2021-08-30,9685,55952,0,65637,335.0,11.0,-22.0,0.0,,2026-07-24T11:49:13.579426+08:00
6669,2021-08-31,-8912,-149056,20000,-137968,348.0,11.0,13.0,0.0,,2026-07-24T11:49:13.579426+08:00
6669,2021-09-01,-661,3125,-24000,-21536,343.0,10.0,-5.0,-1.0,,2026-07-24T11:49:13.579426+08:00
6669,2021-09-02,-392,-44359,-10028,-54779,333.0,12.0,-10.0,2.0,,2026-07-24T11:49:13.579426+08:00
6669,2021-09-03,559,49636,-19000,31195,316.0,12.0,-17.0,0.0,,2026-07-24T11:49:13.579426+08:00
6669,2021-09-06,-70,-16799,-21000,-37869,317.0,11.0,1.0,-1.0,,2026-07-24T11:49:13.579426+08:00
6669,2021-09-07,-769,119998,-32000,87229,309.0,10.0,-8.0,-1.0,,2026-07-24T11:49:13.579426+08:00
6669,2021-09-08,-16272,54073,10000,47801,317.0,10.0,8.0,0.0,,2026-07-24T11:49:13.579426+08:00
6669,2021-09-09,-4056,-171212,-86000,-261268,330.0,15.0,13.0,5.0,,2026-07-24T11:49:13.579426+08:00
6669,2021-09-10,624,-276747,0,-276123,335.0,15.0,5.0,0.0,,2026-07-24T11:49:13.579426+08:00
6669,2021-09-13,-286,31344,-138000,-106942,364.0,5.0,29.0,-10.0,,2026-07-24T11:49:13.579426+08:00
6669,2021-09-14,-783,-60437,0,-61220,364.0,4.0,0.0,-1.0,,2026-07-24T11:49:13.579426+08:00
6669,2021-09-15,-6231,50010,2000,45779,365.0,4.0,1.0,0.0,,2026-07-24T11:49:13.579426+08:00
6669,2021-09-16,-10000,-66145,1000,-75145,366.0,5.0,1.0,1.0,,2026-07-24T11:49:13.579426+08:00
6669,2021-09-17,3078,96960,40575,140613,350.0,5.0,-16.0,0.0,,2026-07-24T11:49:13.579426+08:00
6669,2021-09-22,-22200,-26042,-2812,-51054,355.0,5.0,5.0,0.0,,2026-07-24T11:49:13.579426+08:00
6669,2021-09-23,8985,110886,0,119871,321.0,7.0,-34.0,2.0,,2026-07-24T11:49:13.579426+08:00
6669,2021-09-24,1265,45640,0,46905,306.0,8.0,-15.0,1.0,,2026-07-24T11:49:13.579426+08:00
6669,2021-09-27,-4897,-2001,-154951,-161849,323.0,5.0,17.0,-3.0,,2026-07-24T11:49:13.579426+08:00
6669,2021-09-28,-2223,-18100,68,-20255,327.0,5.0,4.0,0.0,,2026-07-24T11:49:13.579426+08:00
6669,2021-09-29,-28120,-14665,-71839,-114624,341.0,6.0,14.0,1.0,,2026-07-24T11:49:13.579426+08:00
6669,2021-09-30,-1616,-355066,-148986,-505668,360.0,6.0,19.0,0.0,,2026-07-24T11:49:13.579426+08:00
6669,2021-10-01,-4075,-184622,56000,-132697,359.0,7.0,-1.0,1.0,,2026-07-24T11:49:13.579426+08:00
6669,2021-10-04,-1424,19444,-66991,-48971,364.0,46.0,5.0,39.0,,2026-07-24T11:49:13.579426+08:00
6669,2021-10-05,-1176,-154348,35000,-120524,372.0,49.0,8.0,3.0,,2026-07-24T11:49:13.579426+08:00
6669,2021-10-06,9279,-207164,8000,-189885,382.0,49.0,10.0,0.0,,2026-07-24T11:49:13.579426+08:00
6669,2021-10-07,18874,-96176,2000,-75302,383.0,49.0,1.0,0.0,,2026-07-24T11:49:13.579426+08:00
6669,2021-10-08,2056,-130472,0,-128416,385.0,48.0,2.0,-1.0,,2026-07-24T11:49:13.579426+08:00
6669,2021-10-12,-25535,-184443,11009,-198969,385.0,6.0,0.0,-42.0,,2026-07-24T11:49:13.579426+08:00
6669,2021-10-13,10658,-72000,6009,-55333,412.0,6.0,27.0,0.0,,2026-07-24T11:49:13.579426+08:00
6669,2021-10-14,-25613,49162,9009,32558,406.0,44.0,-6.0,38.0,,2026-07-24T11:49:13.579426+08:00
6669,2021-10-15,631,-615775,17009,-598135,524.0,49.0,118.0,5.0,,2026-07-24T11:49:13.579426+08:00
6669,2021-10-18,9195,-94577,198,-85184,424.0,15.0,-100.0,-34.0,,2026-07-24T11:49:13.579426+08:00
6669,2021-10-19,4517,-249539,507,-244515,410.0,15.0,-14.0,0.0,,2026-07-24T11:49:13.579426+08:00
6669,2021-10-20,4000,-68390,21,-64369,398.0,16.0,-12.0,1.0,,2026-07-24T11:49:13.579426+08:00
6669,2021-10-21,2676,-86288,1078,-82534,399.0,13.0,1.0,-3.0,,2026-07-24T11:49:13.579426+08:00
6669,2021-10-22,-863,-96395,89192,-8066,378.0,15.0,-21.0,2.0,,2026-07-24T11:49:13.579426+08:00
6669,2021-10-25,23,-126695,0,-126672,380.0,13.0,2.0,-2.0,,2026-07-24T11:49:13.579426+08:00
6669,2021-10-26,50975,-13127,77000,114848,371.0,14.0,-9.0,1.0,,2026-07-24T11:49:13.579426+08:00
6669,2021-10-27,-7652,-229007,21000,-215659,376.0,14.0,5.0,0.0,,2026-07-24T11:49:13.579426+08:00
6669,2021-10-28,16020,-182496,21000,-145476,365.0,14.0,-11.0,0.0,,2026-07-24T11:49:13.579426+08:00
6669,2021-10-29,2805,-179253,17000,-159448,369.0,14.0,4.0,0.0,,2026-07-24T11:49:13.579426+08:00
6669,2021-11-01,38925,-5500,1000,34425,426.0,13.0,57.0,-1.0,,2026-07-24T11:49:13.579426+08:00
6669,2021-11-02,-65954,-112070,2000,-176024,452.0,14.0,26.0,1.0,,2026-07-24T11:49:13.579426+08:00
6669,2021-11-03,-20729,-69157,-2000,-91886,421.0,13.0,-31.0,-1.0,,2026-07-24T11:49:13.579426+08:00
6669,2021-11-04,36956,5000,130000,171956,380.0,13.0,-41.0,0.0,,2026-07-24T11:49:13.579426+08:00
6669,2021-11-05,26618,92655,15000,134273,393.0,14.0,13.0,1.0,,2026-07-24T11:49:13.579426+08:00
6669,2021-11-08,9760,4244809,-67000,4187569,346.0,41.0,-47.0,27.0,,2026-07-24T11:49:13.579426+08:00
6669,2021-11-09,26275,-355225,28796,-300154,370.0,30.0,24.0,-11.0,,2026-07-24T11:49:13.579426+08:00
6669,2021-11-10,7737,-279000,49000,-222263,354.0,26.0,-16.0,-4.0,,2026-07-24T11:49:13.579426+08:00
6669,2021-11-11,-1546,76180,10000,84634,347.0,26.0,-7.0,0.0,,2026-07-24T11:49:13.579426+08:00
6669,2021-11-12,9069,261990,1000,272059,348.0,27.0,1.0,1.0,,2026-07-24T11:49:13.579426+08:00
6669,2021-11-15,2108,18953,19000,40061,359.0,27.0,11.0,0.0,,2026-07-24T11:49:13.579426+08:00
6669,2021-11-16,12425,-12418,161000,161007,347.0,28.0,-12.0,1.0,,2026-07-24T11:49:13.579426+08:00
6669,2021-11-17,12613,204299,102000,318912,308.0,23.0,-39.0,-5.0,,2026-07-24T11:49:13.579426+08:00
6669,2021-11-18,-22805,-110979,72000,-61784,326.0,22.0,18.0,-1.0,,2026-07-24T11:49:13.579426+08:00
6669,2021-11-19,10525,44399,173965,228889,291.0,23.0,-35.0,1.0,,2026-07-24T11:49:13.579426+08:00
6669,2021-11-22,66081,-79403,27000,13678,284.0,26.0,-7.0,3.0,,2026-07-24T11:49:13.579426+08:00
6669,2021-11-23,-44785,-130933,29000,-146718,308.0,23.0,24.0,-3.0,,2026-07-24T11:49:13.579426+08:00
6669,2021-11-24,-5128,-40046,72000,26826,308.0,23.0,0.0,0.0,,2026-07-24T11:49:13.579426+08:00
6669,2021-11-25,2042,-40472,57000,18570,307.0,17.0,-1.0,-6.0,,2026-07-24T11:49:13.579426+08:00
6669,2021-11-26,85914,-86000,1000,914,311.0,17.0,4.0,0.0,,2026-07-24T11:49:13.579426+08:00
6669,2021-11-29,10940,862,4013,15815,305.0,18.0,-6.0,1.0,,2026-07-24T11:49:13.579426+08:00
6669,2021-11-30,-142162,221031,25000,103869,287.0,18.0,-18.0,0.0,,2026-07-24T11:49:13.579426+08:00
6669,2021-12-01,55792,-140900,23000,-62108,304.0,18.0,17.0,0.0,,2026-07-24T11:49:13.579426+08:00
6669,2021-12-02,5273,-161017,4000,-151744,318.0,17.0,14.0,-1.0,,2026-07-24T11:49:13.579426+08:00
6669,2021-12-03,39624,-140520,50000,-50896,330.0,17.0,12.0,0.0,,2026-07-24T11:49:13.579426+08:00
6669,2021-12-06,56196,-138240,3000,-79044,363.0,17.0,33.0,0.0,,2026-07-24T11:49:13.579426+08:00
6669,2021-12-07,49018,-142604,28000,-65586,497.0,17.0,134.0,0.0,,2026-07-24T11:49:13.579426+08:00
6669,2021-12-08,-143750,211593,73000,140843,447.0,19.0,-50.0,2.0,,2026-07-24T11:49:13.579426+08:00
6669,2021-12-09,-106187,437673,44000,375486,267.0,35.0,-180.0,16.0,,2026-07-24T11:49:13.579426+08:00
6669,2021-12-10,443,-18628,59000,40815,278.0,35.0,11.0,0.0,,2026-07-24T11:49:13.579426+08:00
6669,2021-12-13,15296,-15308,46000,45988,283.0,34.0,5.0,-1.0,,2026-07-24T11:49:13.579426+08:00
6669,2021-12-14,5946,61835,31936,99717,278.0,34.0,-5.0,0.0,,2026-07-24T11:49:13.579426+08:00
6669,2021-12-15,8882,-76068,30000,-37186,285.0,27.0,7.0,-7.0,,2026-07-24T11:49:13.579426+08:00
6669,2021-12-16,-10046,-65583,65736,-9893,297.0,27.0,12.0,0.0,,2026-07-24T11:49:13.579426+08:00
6669,2021-12-17,1288,46327,-1000,46615,290.0,27.0,-7.0,0.0,,2026-07-24T11:49:13.579426+08:00
6669,2021-12-20,-17271,-54263,7827,-63707,294.0,24.0,4.0,-3.0,,2026-07-24T11:49:13.579426+08:00
6669,2021-12-21,22452,126999,28049,177500,279.0,23.0,-15.0,-1.0,,2026-07-24T11:49:13.579426+08:00
6669,2021-12-22,27690,111489,24917,164096,255.0,25.0,-24.0,2.0,,2026-07-24T11:49:13.579426+08:00
6669,2021-12-23,5978,33300,12736,52014,250.0,25.0,-5.0,0.0,,2026-07-24T11:49:13.579426+08:00
6669,2021-12-24,9048,9000,-659,17389,250.0,25.0,0.0,0.0,,2026-07-24T11:49:13.579426+08:00
6669,2021-12-27,-974,31993,-18197,12822,242.0,25.0,-8.0,0.0,,2026-07-24T11:49:13.579426+08:00
6669,2021-12-28,535,-17180,-5000,-21645,246.0,21.0,4.0,-4.0,,2026-07-24T11:49:13.579426+08:00
6669,2021-12-29,3003,34482,-1396,36089,252.0,21.0,6.0,0.0,,2026-07-24T11:49:13.579426+08:00
6669,2021-12-30,-2687,24243,-1186,20370,247.0,20.0,-5.0,-1.0,,2026-07-24T11:49:13.579426+08:00
6669,2022-01-03,2079,-36577,2000,-32498,248.0,20.0,1.0,0.0,,2026-07-24T11:49:13.579426+08:00
6669,2022-01-04,-14735,-42049,-15189,-71973,242.0,20.0,-6.0,0.0,,2026-07-24T11:49:13.579426+08:00
6669,2022-01-05,-3617,-107845,-7230,-118692,233.0,18.0,-9.0,-2.0,,2026-07-24T11:49:13.579426+08:00
6669,2022-01-06,-53903,-206402,-2090,-262395,249.0,19.0,16.0,1.0,,2026-07-24T11:49:13.579426+08:00
6669,2022-01-07,8397,40293,-103000,-54310,248.0,19.0,-1.0,0.0,,2026-07-24T11:49:13.579426+08:00
6669,2022-01-10,1142,1344,-20000,-17514,236.0,21.0,-12.0,2.0,,2026-07-24T11:49:13.579426+08:00
6669,2022-01-11,-11084,-130037,-1043,-142164,219.0,22.0,-17.0,1.0,,2026-07-24T11:49:13.579426+08:00
6669,2022-01-12,1423,-117869,977,-115469,221.0,24.0,2.0,2.0,,2026-07-24T11:49:13.579426+08:00
6669,2022-01-13,-17305,-45860,-21086,-84251,226.0,23.0,5.0,-1.0,,2026-07-24T11:49:13.579426+08:00
6669,2022-01-14,4798,-182799,-945,-178946,230.0,20.0,4.0,-3.0,,2026-07-24T11:49:13.579426+08:00
6669,2022-01-17,-2234,144000,-40105,101661,225.0,20.0,-5.0,0.0,,2026-07-24T11:49:13.579426+08:00
6669,2022-01-18,4174,-22,-26181,-22029,216.0,20.0,-9.0,0.0,,2026-07-24T11:49:13.579426+08:00
6669,2022-01-19,-2969,-87727,-34000,-124696,208.0,20.0,-8.0,0.0,,2026-07-24T11:49:13.579426+08:00
6669,2022-01-20,-27334,-499108,-28830,-555272,257.0,19.0,49.0,-1.0,,2026-07-24T11:49:13.579426+08:00
6669,2022-01-21,-8805,99075,-65000,25270,249.0,24.0,-8.0,5.0,,2026-07-24T11:49:13.579426+08:00
6669,2022-01-24,-15002,-37243,-8000,-60245,246.0,24.0,-3.0,0.0,,2026-07-24T11:49:13.579426+08:00
6669,2022-01-25,6020,-223250,0,-217230,260.0,24.0,14.0,0.0,,2026-07-24T11:49:13.579426+08:00
6669,2022-01-26,2722,40234,-11000,31956,248.0,24.0,-12.0,0.0,,2026-07-24T11:49:13.579426+08:00
6669,2022-02-07,-3627,-123224,5000,-121851,255.0,24.0,7.0,0.0,,2026-07-24T11:49:13.579426+08:00
6669,2022-02-08,889,-13605,-3000,-15716,254.0,17.0,-1.0,-7.0,,2026-07-24T11:49:13.579426+08:00
6669,2022-02-09,25666,-153000,79000,-48334,255.0,17.0,1.0,0.0,,2026-07-24T11:49:13.579426+08:00
6669,2022-02-10,-6354,-101860,1000,-107214,270.0,18.0,15.0,1.0,,2026-07-24T11:49:13.579426+08:00
6669,2022-02-11,-4000,-96692,6000,-94692,261.0,18.0,-9.0,0.0,,2026-07-24T11:49:13.579426+08:00
6669,2022-02-14,-4534,-73599,2000,-76133,251.0,18.0,-10.0,0.0,,2026-07-24T11:49:13.579426+08:00
6669,2022-02-15,-2011,65000,-11000,51989,237.0,18.0,-14.0,0.0,,2026-07-24T11:49:13.579426+08:00
6669,2022-02-16,5068,5837,0,10905,223.0,18.0,-14.0,0.0,,2026-07-24T11:49:13.579426+08:00
6669,2022-02-17,676,10610,27000,38286,218.0,18.0,-5.0,0.0,,2026-07-24T11:49:13.579426+08:00
6669,2022-02-18,123,123,1000,1246,222.0,18.0,4.0,0.0,,2026-07-24T11:49:13.579426+08:00
6669,2022-02-21,-2102,-50320,3900,-48522,237.0,18.0,15.0,0.0,,2026-07-24T11:49:13.579426+08:00
6669,2022-02-22,-10313,-87549,5000,-92862,233.0,17.0,-4.0,-1.0,,2026-07-24T11:49:13.579426+08:00
6669,2022-02-23,1989,-28836,1000,-25847,235.0,17.0,2.0,0.0,,2026-07-24T11:49:13.579426+08:00
6669,2022-02-24,-115,-94428,-4000,-98543,235.0,16.0,0.0,-1.0,,2026-07-24T11:49:13.579426+08:00
6669,2022-02-25,-18165,-27956,3000,-43121,234.0,16.0,-1.0,0.0,,2026-07-24T11:49:13.579426+08:00
6669,2022-03-01,5343,-176566,1000,-170223,252.0,15.0,18.0,-1.0,,2026-07-24T11:49:13.579426+08:00
6669,2022-03-02,8560,-97957,0,-89397,264.0,16.0,12.0,1.0,,2026-07-24T11:49:13.579426+08:00
6669,2022-03-03,-5953,-204076,0,-210029,309.0,15.0,45.0,-1.0,,2026-07-24T11:49:13.579426+08:00
6669,2022-03-04,-1168,-46247,1000,-46415,300.0,12.0,-9.0,-3.0,,2026-07-24T11:49:13.579426+08:00
6669,2022-03-07,-7916,-26405,3000,-31321,297.0,12.0,-3.0,0.0,,2026-07-24T11:49:13.579426+08:00
6669,2022-03-08,818,-58499,4000,-53681,298.0,12.0,1.0,0.0,,2026-07-24T11:49:13.579426+08:00
6669,2022-03-09,5580,130569,8000,144149,280.0,13.0,-18.0,1.0,,2026-07-24T11:49:13.579426+08:00
6669,2022-03-10,-4263,-99882,55000,-49145,256.0,13.0,-24.0,0.0,,2026-07-24T11:49:13.579426+08:00
6669,2022-03-11,9000,38167,12000,59167,248.0,15.0,-8.0,2.0,,2026-07-24T11:49:13.579426+08:00
6669,2022-03-14,2661,227126,4000,233787,217.0,18.0,-31.0,3.0,,2026-07-24T11:49:13.579426+08:00
6669,2022-03-15,-11516,-59510,2000,-69026,250.0,17.0,33.0,-1.0,,2026-07-24T11:49:13.579426+08:00
6669,2022-03-16,-1938,967,-9000,-9971,250.0,16.0,0.0,-1.0,,2026-07-24T11:49:13.579426+08:00
6669,2022-03-17,1456,238811,7000,247267,203.0,17.0,-47.0,1.0,,2026-07-24T11:49:13.579426+08:00
6669,2022-03-18,-2972,14589,603,12220,203.0,17.0,0.0,0.0,,2026-07-24T11:49:13.579426+08:00
6669,2022-03-21,4703,7565210,-105000,7464913,269.0,38.0,66.0,21.0,,2026-07-24T11:49:13.579426+08:00
6669,2022-03-22,26279,-588425,25000,-537146,331.0,9.0,62.0,-29.0,,2026-07-24T11:49:13.579426+08:00
6669,2022-03-23,39802,-167052,31000,-96250,328.0,3.0,-3.0,-6.0,,2026-07-24T11:49:13.579426+08:00
6669,2022-03-24,-46757,-246796,53000,-240553,383.0,1.0,55.0,-2.0,,2026-07-24T11:49:13.579426+08:00
6669,2022-03-25,-4478,-158276,93000,-69754,367.0,0.0,-16.0,-1.0,,2026-07-24T11:49:13.579426+08:00
6669,2022-03-28,-6695,-237519,30000,-214214,383.0,0.0,16.0,0.0,,2026-07-24T11:49:13.579426+08:00
6669,2022-03-29,5001,69592,59000,133593,360.0,0.0,-23.0,0.0,,2026-07-24T11:49:13.579426+08:00
6669,2022-03-30,22375,190690,135000,348065,303.0,0.0,-57.0,0.0,,2026-07-24T11:49:13.579426+08:00
6669,2022-03-31,2597,29878,81000,113475,304.0,4.0,1.0,4.0,,2026-07-24T11:49:13.579426+08:00
6669,2022-04-01,5620,-262957,174000,-83337,313.0,1.0,9.0,-3.0,,2026-07-24T11:49:13.579426+08:00
6669,2022-04-06,2417,39562,13000,54979,308.0,1.0,-5.0,0.0,,2026-07-24T11:49:13.579426+08:00
6669,2022-04-07,-16739,-89531,40000,-66270,325.0,3.0,17.0,2.0,,2026-07-24T11:49:13.579426+08:00
6669,2022-04-08,55538,-98256,6000,-36718,343.0,4.0,18.0,1.0,,2026-07-24T11:49:13.579426+08:00
6669,2022-04-11,-9435,18805,9000,18370,332.0,9.0,-11.0,5.0,,2026-07-24T11:49:13.579426+08:00
6669,2022-04-12,-3746,17093,-2000,11347,325.0,9.0,-7.0,0.0,,2026-07-24T11:49:13.579426+08:00
6669,2022-04-13,24863,-21432,3000,6431,318.0,9.0,-7.0,0.0,,2026-07-24T11:49:13.579426+08:00
6669,2022-04-14,19,100780,1000,101799,305.0,8.0,-13.0,-1.0,,2026-07-24T11:49:13.579426+08:00
6669,2022-04-15,-3448,-89486,6000,-86934,311.0,7.0,6.0,-1.0,,2026-07-24T11:49:13.579426+08:00
6669,2022-04-18,-14760,26000,4000,15240,307.0,7.0,-4.0,0.0,,2026-07-24T11:49:13.579426+08:00
6669,2022-04-19,2367,47000,11000,60367,293.0,7.0,-14.0,0.0,,2026-07-24T11:49:13.579426+08:00
6669,2022-04-20,57845,-46752,69000,80093,291.0,10.0,-2.0,3.0,,2026-07-24T11:49:13.579426+08:00
6669,2022-04-21,-15694,-24772,49000,8534,297.0,7.0,6.0,-3.0,,2026-07-24T11:49:13.579426+08:00
6669,2022-04-22,-57092,-27390,44000,-40482,297.0,6.0,0.0,-1.0,,2026-07-24T11:49:13.579426+08:00
6669,2022-04-25,-6461,-56312,5500,-57273,299.0,8.0,2.0,2.0,,2026-07-24T11:49:13.579426+08:00
6669,2022-04-26,6603,45948,88000,140551,234.0,13.0,-65.0,5.0,,2026-07-24T11:49:13.579426+08:00
6669,2022-04-27,-13955,-76204,3000,-87159,226.0,12.0,-8.0,-1.0,,2026-07-24T11:49:13.579426+08:00
6669,2022-04-28,13849,-7117,67000,73732,219.0,15.0,-7.0,3.0,,2026-07-24T11:49:13.579426+08:00
6669,2022-04-29,27354,24200,68500,120054,207.0,15.0,-12.0,0.0,,2026-07-24T11:49:13.579426+08:00
6669,2022-05-03,-9492,48836,2000,41344,239.0,18.0,32.0,3.0,,2026-07-24T11:49:13.579426+08:00
6669,2022-05-04,-14999,-71000,56000,-29999,230.0,13.0,-9.0,-5.0,,2026-07-24T11:49:13.579426+08:00
6669,2022-05-05,-4622,41553,40000,76931,229.0,14.0,-1.0,1.0,,2026-07-24T11:49:13.579426+08:00
6669,2022-05-06,1549,-143941,12000,-130392,239.0,14.0,10.0,0.0,,2026-07-24T11:49:13.579426+08:00
6669,2022-05-09,-1131,-124104,0,-125235,238.0,15.0,-1.0,1.0,,2026-07-24T11:49:13.579426+08:00
6669,2022-05-10,-8347,-116061,2000,-122408,247.0,14.0,9.0,-1.0,,2026-07-24T11:49:13.579426+08:00
6669,2022-05-11,-2969,-173252,6000,-170221,335.0,14.0,88.0,0.0,,2026-07-24T11:49:13.579426+08:00
6669,2022-05-12,420,-80136,21000,-58716,344.0,17.0,9.0,3.0,,2026-07-24T11:49:13.579426+08:00
6669,2022-05-13,6221,-38620,8000,-24399,339.0,12.0,-5.0,-5.0,,2026-07-24T11:49:13.579426+08:00
6669,2022-05-16,5593,35832,-6059,35366,315.0,16.0,-24.0,4.0,,2026-07-24T11:49:13.579426+08:00
6669,2022-05-17,-1516,-66427,37000,-30943,319.0,14.0,4.0,-2.0,,2026-07-24T11:49:13.579426+08:00
6669,2022-05-18,-2079,-84776,32000,-54855,329.0,12.0,10.0,-2.0,,2026-07-24T11:49:13.579426+08:00
6669,2022-05-19,-1820,-53770,6000,-49590,322.0,13.0,-7.0,1.0,,2026-07-24T11:49:13.579426+08:00
6669,2022-05-20,11249,14611,-80000,-54140,328.0,13.0,6.0,0.0,,2026-07-24T11:49:13.579426+08:00
6669,2022-05-23,1000,-2959,-35000,-36959,329.0,15.0,1.0,2.0,,2026-07-24T11:49:13.579426+08:00
6669,2022-05-24,-25417,-201930,0,-227347,349.0,22.0,20.0,7.0,,2026-07-24T11:49:13.579426+08:00
6669,2022-05-25,11730,-48410,-31000,-67680,359.0,14.0,10.0,-8.0,,2026-07-24T11:49:13.579426+08:00
6669,2022-05-26,-656,-566000,-266000,-832656,470.0,24.0,111.0,10.0,,2026-07-24T11:49:13.579426+08:00
6669,2022-05-27,4175,64568,-62000,6743,441.0,13.0,-29.0,-11.0,,2026-07-24T11:49:13.579426+08:00
6669,2022-05-30,13434,-360107,512000,165327,404.0,12.0,-37.0,-1.0,,2026-07-24T11:49:13.579426+08:00
6669,2022-05-31,6570,-250185,487000,243385,365.0,16.0,-39.0,4.0,,2026-07-24T11:49:13.579426+08:00
6669,2022-06-01,-6907,8115,-9000,-7792,405.0,11.0,40.0,-5.0,,2026-07-24T11:49:13.579426+08:00
6669,2022-06-02,-8200,-47000,-17000,-72200,421.0,8.0,16.0,-3.0,,2026-07-24T11:49:13.579426+08:00
6669,2022-06-06,2940,-118357,234000,118583,389.0,6.0,-32.0,-2.0,,2026-07-24T11:49:13.579426+08:00
6669,2022-06-07,3001,-53600,228000,177401,374.0,7.0,-15.0,1.0,,2026-07-24T11:49:13.579426+08:00
6669,2022-06-08,16301,-50392,-17000,-51091,382.0,7.0,8.0,0.0,,2026-07-24T11:49:13.579426+08:00
6669,2022-06-09,1505,29777,28000,59282,373.0,7.0,-9.0,0.0,,2026-07-24T11:49:13.579426+08:00
6669,2022-06-10,15130,27732,-76000,-33138,368.0,7.0,-5.0,0.0,,2026-07-24T11:49:13.579426+08:00
6669,2022-06-13,-64,-229649,6057,-223656,370.0,0.0,2.0,-7.0,,2026-07-24T11:49:13.579426+08:00
6669,2022-06-14,-2457,-200010,-47600,-250067,377.0,0.0,7.0,0.0,,2026-07-24T11:49:13.579426+08:00
6669,2022-06-15,-11496,-182089,-13000,-206585,395.0,0.0,18.0,0.0,,2026-07-24T11:49:13.579426+08:00
6669,2022-06-16,-5168,-435544,42000,-398712,415.0,0.0,20.0,0.0,,2026-07-24T11:49:13.579426+08:00
6669,2022-06-17,3280,-162697,-65000,-224417,449.0,94.0,34.0,94.0,,2026-07-24T11:49:13.579426+08:00
6669,2022-06-20,-10683,-196660,-9000,-216343,464.0,112.0,15.0,18.0,,2026-07-24T11:49:13.579426+08:00
6669,2022-06-21,22467,-124431,133000,31036,444.0,131.0,-20.0,19.0,,2026-07-24T11:49:13.579426+08:00
6669,2022-06-22,14961,39447,-16000,38408,433.0,132.0,-11.0,1.0,,2026-07-24T11:49:13.579426+08:00
6669,2022-06-23,33512,-159013,-1981,-127482,431.0,134.0,-2.0,2.0,,2026-07-24T11:49:13.579426+08:00
6669,2022-06-24,61225,-115662,19000,-35437,427.0,137.0,-4.0,3.0,,2026-07-24T11:49:13.579426+08:00
6669,2022-06-27,22740,-110144,92200,4796,429.0,137.0,2.0,0.0,,2026-07-24T11:49:13.579426+08:00
6669,2022-06-28,-11945,56951,-59200,-14194,443.0,136.0,14.0,-1.0,,2026-07-24T11:49:13.579426+08:00
6669,2022-06-29,-9873,7328,-107200,-109745,462.0,140.0,19.0,4.0,,2026-07-24T11:49:13.579426+08:00
6669,2022-06-30,10826,199982,-169200,41608,459.0,150.0,-3.0,10.0,,2026-07-24T11:49:13.579426+08:00
6669,2022-07-01,18485,-123731,-24000,-129246,460.0,150.0,1.0,0.0,,2026-07-24T11:49:13.579426+08:00
6669,2022-07-04,53888,103706,-120100,37494,453.0,151.0,-7.0,1.0,,2026-07-24T11:49:13.579426+08:00
6669,2022-07-05,7565,15967,-40000,-16468,454.0,151.0,1.0,0.0,,2026-07-24T11:49:13.579426+08:00
6669,2022-07-06,-6929,12887,-31000,-25042,454.0,151.0,0.0,0.0,,2026-07-24T11:49:13.579426+08:00
6669,2022-07-07,12401,4192,29000,45593,369.0,152.0,-85.0,1.0,,2026-07-24T11:49:13.579426+08:00
6669,2022-07-08,6639,-348670,16800,-325231,429.0,151.0,60.0,-1.0,,2026-07-24T11:49:13.579426+08:00
6669,2022-07-11,15530,-325582,48000,-262052,438.0,151.0,9.0,0.0,,2026-07-24T11:49:13.579426+08:00
6669,2022-07-12,-5759,36265,9000,39506,422.0,151.0,-16.0,0.0,,2026-07-24T11:49:13.579426+08:00
6669,2022-07-13,8905,-79029,12000,-58124,419.0,151.0,-3.0,0.0,,2026-07-24T11:49:13.579426+08:00
6669,2022-07-14,33077,-142694,106000,-3617,401.0,151.0,-18.0,0.0,,2026-07-24T11:49:13.579426+08:00
6669,2022-07-15,6952,-256407,92005,-157450,389.0,151.0,-12.0,0.0,,2026-07-24T11:49:13.579426+08:00
6669,2022-07-18,-20447,-106227,16900,-109774,375.0,151.0,-14.0,0.0,,2026-07-24T11:49:13.579426+08:00
6669,2022-07-19,-17222,-69744,-39200,-126166,396.0,151.0,21.0,0.0,,2026-07-24T11:49:13.579426+08:00
6669,2022-07-20,-1955,54093,-35000,17138,372.0,154.0,-24.0,3.0,,2026-07-24T11:49:13.579426+08:00
6669,2022-07-21,47907,-244800,6000,-190893,342.0,153.0,-30.0,-1.0,,2026-07-24T11:49:13.579426+08:00
6669,2022-07-22,-10917,-90100,55000,-46017,337.0,150.0,-5.0,-3.0,,2026-07-24T11:49:13.579426+08:00
6669,2022-07-25,3014,-62900,300,-59586,339.0,149.0,2.0,-1.0,,2026-07-24T11:49:13.579426+08:00
6669,2022-07-26,-1093,1748,1000,1655,355.0,148.0,16.0,-1.0,,2026-07-24T11:49:13.579426+08:00
6669,2022-07-27,944,-136579,4000,-131635,360.0,148.0,5.0,0.0,,2026-07-24T11:49:13.579426+08:00
6669,2022-07-28,-42001,103238,11000,72237,329.0,148.0,-31.0,0.0,,2026-07-24T11:49:13.579426+08:00
6669,2022-07-29,1000,-37911,10700,-26211,335.0,148.0,6.0,0.0,,2026-07-24T11:49:13.579426+08:00
6669,2022-08-01,13040,-56177,0,-43137,341.0,148.0,6.0,0.0,,2026-07-24T11:49:13.579426+08:00
6669,2022-08-02,5000,-21020,-108000,-124020,364.0,148.0,23.0,0.0,,2026-07-24T11:49:13.579426+08:00
6669,2022-08-03,-25739,-106240,-350000,-481979,480.0,148.0,116.0,0.0,,2026-07-24T11:49:13.579426+08:00
6669,2022-08-04,-23340,7856,-362000,-377484,502.0,153.0,22.0,5.0,,2026-07-24T11:49:13.579426+08:00
6669,2022-08-05,27613,247739,-329000,-53648,471.0,159.0,-31.0,6.0,,2026-07-24T11:49:13.579426+08:00
6669,2022-08-08,-8972,3280,-2000,-7692,459.0,158.0,-12.0,-1.0,,2026-07-24T11:49:13.579426+08:00
6669,2022-08-09,19001,-24923,1000,-4922,433.0,159.0,-26.0,1.0,,2026-07-24T11:49:13.579426+08:00
6669,2022-08-10,-17999,-234134,0,-252133,430.0,161.0,-3.0,2.0,,2026-07-24T11:49:13.579426+08:00
6669,2022-08-11,3000,-35154,3000,-29154,403.0,161.0,-27.0,0.0,,2026-07-24T11:49:13.579426+08:00
6669,2022-08-12,-2000,-69000,18000,-53000,409.0,161.0,6.0,0.0,,2026-07-24T11:49:13.579426+08:00
6669,2022-08-15,31313,-208550,157000,-20237,365.0,159.0,-44.0,-2.0,,2026-07-24T11:49:13.579426+08:00
6669,2022-08-16,-6000,-321474,118000,-209474,350.0,159.0,-15.0,0.0,,2026-07-24T11:49:13.579426+08:00
6669,2022-08-17,384,-102500,1000,-101116,356.0,159.0,6.0,0.0,,2026-07-24T11:49:13.579426+08:00
6669,2022-08-18,-9145,-184017,87000,-106162,366.0,159.0,10.0,0.0,,2026-07-24T11:49:13.579426+08:00
6669,2022-08-19,5000,-95584,85000,-5584,367.0,159.0,1.0,0.0,,2026-07-24T11:49:13.579426+08:00
6669,2022-08-22,6977,-90860,164000,80117,367.0,163.0,0.0,4.0,,2026-07-24T11:49:13.579426+08:00
6669,2022-08-23,-2000,-119454,133000,11546,369.0,163.0,2.0,0.0,,2026-07-24T11:49:13.579426+08:00
6669,2022-08-24,27000,-97213,102000,31787,333.0,163.0,-36.0,0.0,,2026-07-24T11:49:13.579426+08:00
6669,2022-08-25,9135,-137011,56000,-71876,380.0,163.0,47.0,0.0,,2026-07-24T11:49:13.579426+08:00
6669,2022-08-26,4296,-122261,31000,-86965,423.0,163.0,43.0,0.0,,2026-07-24T11:49:13.579426+08:00
6669,2022-08-29,-30000,-74751,-9000,-113751,410.0,162.0,-13.0,-1.0,,2026-07-24T11:49:13.579426+08:00
6669,2022-08-30,-4969,-98120,23000,-80089,413.0,164.0,3.0,2.0,,2026-07-24T11:49:13.579426+08:00
6669,2022-08-31,-2959,-110645,-6000,-119604,416.0,163.0,3.0,-1.0,,2026-07-24T11:49:13.579426+08:00
6669,2022-09-01,-33341,-101658,6000,-128999,412.0,163.0,-4.0,0.0,,2026-07-24T11:49:13.579426+08:00
6669,2022-09-02,4231,-72007,0,-67776,422.0,166.0,10.0,3.0,,2026-07-24T11:49:13.579426+08:00
6669,2022-09-05,-41157,-102462,-29000,-172619,407.0,163.0,-15.0,-3.0,,2026-07-24T11:49:13.579426+08:00
6669,2022-09-06,-3000,-56164,14000,-45164,401.0,166.0,-6.0,3.0,,2026-07-24T11:49:13.579426+08:00
6669,2022-09-07,-11247,-52438,-30000,-93685,400.0,171.0,-1.0,5.0,,2026-07-24T11:49:13.579426+08:00
6669,2022-09-08,37044,-219833,122000,-60789,441.0,171.0,41.0,0.0,,2026-07-24T11:49:13.579426+08:00
6669,2022-09-12,19153,-373364,380000,25789,409.0,171.0,-32.0,0.0,,2026-07-24T11:49:13.579426+08:00
6669,2022-09-13,-9851,39619,0,29768,366.0,171.0,-43.0,0.0,,2026-07-24T11:49:13.579426+08:00
6669,2022-09-14,-6062,-24910,16001,-14971,371.0,171.0,5.0,0.0,,2026-07-24T11:49:13.579426+08:00
6669,2022-09-15,3963,-34588,122000,91375,377.0,171.0,6.0,0.0,,2026-07-24T11:49:13.579426+08:00
6669,2022-09-16,-239,-11929,15838,3670,372.0,171.0,-5.0,0.0,,2026-07-24T11:49:13.579426+08:00
6669,2022-09-19,-5019,-12218,4000,-13237,370.0,171.0,-2.0,0.0,,2026-07-24T11:49:13.579426+08:00
6669,2022-09-20,-700,71700,14000,85000,366.0,171.0,-4.0,0.0,,2026-07-24T11:49:13.579426+08:00
6669,2022-09-21,1766,-88200,25000,-61434,376.0,171.0,10.0,0.0,,2026-07-24T11:49:13.579426+08:00
6669,2022-09-22,-1867,17872,-1000,15005,377.0,171.0,1.0,0.0,,2026-07-24T11:49:13.579426+08:00
6669,2022-09-23,-5000,7985,0,2985,361.0,171.0,-16.0,0.0,,2026-07-24T11:49:13.579426+08:00
6669,2022-09-26,-7000,-7014,125000,110986,343.0,171.0,-18.0,0.0,,2026-07-24T11:49:13.579426+08:00
6669,2022-09-27,4000,121989,53000,178989,344.0,171.0,1.0,0.0,,2026-07-24T11:49:13.579426+08:00
6669,2022-09-28,-3000,-308728,491000,179272,332.0,171.0,-12.0,0.0,,2026-07-24T11:49:13.579426+08:00
6669,2022-09-29,5163,52669,334000,391832,332.0,171.0,0.0,0.0,,2026-07-24T11:49:13.579426+08:00
6669,2022-09-30,19865,-77160,229000,171705,305.0,171.0,-27.0,0.0,,2026-07-24T11:49:13.579426+08:00
6669,2022-10-03,-2500,-239300,259000,17200,315.0,171.0,10.0,0.0,,2026-07-24T11:49:13.579426+08:00
6669,2022-10-04,28001,-114200,37000,-49199,425.0,171.0,110.0,0.0,,2026-07-24T11:49:13.579426+08:00
6669,2022-10-05,37137,53140,7000,97277,445.0,170.0,20.0,-1.0,,2026-07-24T11:49:13.579426+08:00
6669,2022-10-06,1900,26728,-11000,17628,459.0,172.0,14.0,2.0,,2026-07-24T11:49:13.579426+08:00
6669,2022-10-07,3352,-24949,15000,-6597,452.0,184.0,-7.0,12.0,,2026-07-24T11:49:13.579426+08:00
6669,2022-10-11,-54000,101119,11057,58176,398.0,186.0,-54.0,2.0,,2026-07-24T11:49:13.579426+08:00
6669,2022-10-12,-13000,17549,45000,49549,402.0,186.0,4.0,0.0,,2026-07-24T11:49:13.579426+08:00
6669,2022-10-13,-20000,190787,37000,207787,318.0,188.0,-84.0,2.0,,2026-07-24T11:49:13.579426+08:00
6669,2022-10-14,2694,-73757,-72000,-143063,402.0,189.0,84.0,1.0,,2026-07-24T11:49:13.579426+08:00
6669,2022-10-17,-11035,427332,-200000,216297,404.0,198.0,2.0,9.0,,2026-07-24T11:49:13.579426+08:00
6669,2022-10-18,-508,202661,-139000,63153,428.0,191.0,24.0,-7.0,,2026-07-24T11:49:13.579426+08:00
6669,2022-10-19,16029,-114104,-8000,-106075,433.0,196.0,5.0,5.0,,2026-07-24T11:49:13.579426+08:00
6669,2022-10-20,-6891,257507,-150000,100616,451.0,195.0,18.0,-1.0,,2026-07-24T11:49:13.579426+08:00
6669,2022-10-21,30491,1892,-250000,-217617,471.0,195.0,20.0,0.0,,2026-07-24T11:49:13.579426+08:00
6669,2022-10-24,-29861,86000,37000,93139,464.0,195.0,-7.0,0.0,,2026-07-24T11:49:13.579426+08:00
6669,2022-10-25,27019,12439,8000,47458,456.0,195.0,-8.0,0.0,,2026-07-24T11:49:13.579426+08:00
6669,2022-10-26,-20785,370117,-305000,44332,461.0,191.0,5.0,-4.0,,2026-07-24T11:49:13.579426+08:00
6669,2022-10-27,-5600,265990,14000,274390,549.0,195.0,88.0,4.0,,2026-07-24T11:49:13.579426+08:00
6669,2022-10-28,1540,727288,381867,1110695,361.0,195.0,-188.0,0.0,,2026-07-24T11:49:13.579426+08:00
6669,2022-10-31,8031,-182668,51191,-123446,412.0,193.0,51.0,-2.0,,2026-07-24T11:49:13.579426+08:00
6669,2022-11-01,19007,55679,-13000,61686,492.0,193.0,80.0,0.0,,2026-07-24T11:49:13.579426+08:00
6669,2022-11-02,39538,-88048,251001,202491,526.0,194.0,34.0,1.0,,2026-07-24T11:49:13.579426+08:00
6669,2022-11-03,62090,-55482,526000,532608,368.0,205.0,-158.0,11.0,,2026-07-24T11:49:13.579426+08:00
6669,2022-11-04,-20223,214719,-158000,36496,492.0,204.0,124.0,-1.0,,2026-07-24T11:49:13.579426+08:00
6669,2022-11-07,-37735,284906,-1000,246171,482.0,200.0,-10.0,-4.0,,2026-07-24T11:49:13.579426+08:00
6669,2022-11-08,5463,262575,25000,293038,449.0,203.0,-33.0,3.0,,2026-07-24T11:49:13.579426+08:00
6669,2022-11-09,28365,396864,-77045,348184,489.0,207.0,40.0,4.0,,2026-07-24T11:49:13.579426+08:00
6669,2022-11-10,-48769,168588,-276000,-156181,528.0,214.0,39.0,7.0,,2026-07-24T11:49:13.579426+08:00
6669,2022-11-11,6834,44360,-12000,39194,525.0,205.0,-3.0,-9.0,,2026-07-24T11:49:13.579426+08:00
6669,2022-11-14,-670,348072,-34000,313402,446.0,209.0,-79.0,4.0,,2026-07-24T11:49:13.579426+08:00
6669,2022-11-15,-2048,364165,-235110,127007,425.0,208.0,-21.0,-1.0,,2026-07-24T11:49:13.579426+08:00
6669,2022-11-16,9046,294698,-22000,281744,421.0,208.0,-4.0,0.0,,2026-07-24T11:49:13.579426+08:00
6669,2022-11-17,-8697,93386,-50000,34689,386.0,207.0,-35.0,-1.0,,2026-07-24T11:49:13.579426+08:00
6669,2022-11-18,-25000,38726,-43000,-29274,377.0,204.0,-9.0,-3.0,,2026-07-24T11:49:13.579426+08:00
6669,2022-11-21,9778,34200,-1000,42978,378.0,187.0,1.0,-17.0,,2026-07-24T11:49:13.579426+08:00
6669,2022-11-22,43688,96300,0,139988,336.0,185.0,-42.0,-2.0,,2026-07-24T11:49:13.579426+08:00
6669,2022-11-23,-100,42075,0,41975,353.0,187.0,17.0,2.0,,2026-07-24T11:49:13.579426+08:00
6669,2022-11-24,442,-34596,24800,-9354,377.0,197.0,24.0,10.0,,2026-07-24T11:49:13.579426+08:00
6669,2022-11-25,-7558,110586,-10000,93028,364.0,197.0,-13.0,0.0,,2026-07-24T11:49:13.579426+08:00
6669,2022-11-28,-11467,178455,-1000,165988,357.0,196.0,-7.0,-1.0,,2026-07-24T11:49:13.579426+08:00
6669,2022-11-29,-9800,149069,-5000,134269,352.0,196.0,-5.0,0.0,,2026-07-24T11:49:13.579426+08:00
6669,2022-11-30,-20362,73988,8997,62623,347.0,193.0,-5.0,-3.0,,2026-07-24T11:49:13.579426+08:00
6669,2022-12-01,20479,-267208,21000,-225729,385.0,183.0,38.0,-10.0,,2026-07-24T11:49:13.579426+08:00
6669,2022-12-02,43707,-57988,104000,89719,391.0,184.0,6.0,1.0,,2026-07-24T11:49:13.579426+08:00
6669,2022-12-05,4869,24791,-27000,2660,373.0,182.0,-18.0,-2.0,,2026-07-24T11:49:13.579426+08:00
6669,2022-12-06,-9864,149106,-42000,97242,323.0,182.0,-50.0,0.0,,2026-07-24T11:49:13.579426+08:00
6669,2022-12-07,-10040,148105,-7000,131065,309.0,182.0,-14.0,0.0,,2026-07-24T11:49:13.579426+08:00
6669,2022-12-08,-10570,196039,-115000,70469,302.0,181.0,-7.0,-1.0,,2026-07-24T11:49:13.579426+08:00
6669,2022-12-09,-65000,257348,-52000,140348,277.0,181.0,-25.0,0.0,,2026-07-24T11:49:13.579426+08:00
6669,2022-12-12,-3783,104959,-79000,22176,275.0,182.0,-2.0,1.0,,2026-07-24T11:49:13.579426+08:00
6669,2022-12-13,-6601,83415,-12738,64076,262.0,182.0,-13.0,0.0,,2026-07-24T11:49:13.579426+08:00
6669,2022-12-14,9049,142532,46999,198580,224.0,183.0,-38.0,1.0,,2026-07-24T11:49:13.579426+08:00
6669,2022-12-15,-8000,141665,-440000,-306335,221.0,177.0,-3.0,-6.0,,2026-07-24T11:49:13.579426+08:00
6669,2022-12-16,-9000,-65730,-10092,-84822,211.0,177.0,-10.0,0.0,,2026-07-24T11:49:13.579426+08:00
6669,2022-12-19,-5417,195478,-236000,-45939,252.0,175.0,41.0,-2.0,,2026-07-24T11:49:13.579426+08:00
6669,2022-12-20,-4620,169013,-34800,129593,245.0,175.0,-7.0,0.0,,2026-07-24T11:49:13.579426+08:00
6669,2022-12-21,-3936,34645,0,30709,237.0,175.0,-8.0,0.0,,2026-07-24T11:49:13.579426+08:00
6669,2022-12-22,6640,277639,-303000,-18721,268.0,173.0,31.0,-2.0,,2026-07-24T11:49:13.579426+08:00
6669,2022-12-23,-2872,87930,-75000,10058,261.0,166.0,-7.0,-7.0,,2026-07-24T11:49:13.579426+08:00
6669,2022-12-26,-1893,66897,-66000,-996,252.0,157.0,-9.0,-9.0,,2026-07-24T11:49:13.579426+08:00
6669,2022-12-27,1690,-19299,-7000,-24609,259.0,142.0,7.0,-15.0,,2026-07-24T11:49:13.579426+08:00
6669,2022-12-28,-8690,-105321,-10000,-124011,253.0,142.0,-6.0,0.0,,2026-07-24T11:49:13.579426+08:00
6669,2022-12-29,-1649,190120,-55000,133471,253.0,141.0,0.0,-1.0,,2026-07-24T11:49:13.579426+08:00
6669,2022-12-30,-1202,94887,-51000,42685,258.0,141.0,5.0,0.0,,2026-07-24T11:49:13.579426+08:00
6669,2023-01-03,8515,76040,-53000,31555,260.0,141.0,2.0,0.0,,2026-07-24T11:49:13.579426+08:00
6669,2023-01-04,2932,-38795,-25000,-60863,287.0,141.0,27.0,0.0,,2026-07-24T11:49:13.579426+08:00
6669,2023-01-05,4499,-496348,-409000,-900849,466.0,141.0,179.0,0.0,,2026-07-24T11:49:13.579426+08:00
6669,2023-01-06,26409,22981,2500,51890,413.0,142.0,-53.0,1.0,,2026-07-24T11:49:13.579426+08:00
6669,2023-01-09,20552,-42253,-234000,-255701,393.0,141.0,-20.0,-1.0,,2026-07-24T11:49:13.579426+08:00
6669,2023-01-10,11105,-224073,-56092,-269060,457.0,141.0,64.0,0.0,,2026-07-24T11:49:13.579426+08:00
6669,2023-01-11,14000,-454838,116000,-324838,500.0,141.0,43.0,0.0,,2026-07-24T11:49:13.579426+08:00
6669,2023-01-12,-7801,46684,138160,177043,487.0,142.0,-13.0,1.0,,2026-07-24T11:49:13.579426+08:00
6669,2023-01-13,10166,107979,0,118145,467.0,143.0,-20.0,1.0,,2026-07-24T11:49:13.579426+08:00
6669,2023-01-16,17555,-60300,-7758,-50503,453.0,143.0,-14.0,0.0,,2026-07-24T11:49:13.579426+08:00
6669,2023-01-17,-2588,-80605,9925,-73268,450.0,143.0,-3.0,0.0,,2026-07-24T11:49:13.579426+08:00
6669,2023-01-30,14357,-229793,-114102,-329538,552.0,142.0,102.0,-1.0,,2026-07-24T11:49:13.579426+08:00
6669,2023-01-31,20934,-458659,-112333,-550058,656.0,155.0,104.0,13.0,,2026-07-24T11:49:13.579426+08:00
6669,2023-02-01,26568,-173091,-123533,-270056,685.0,155.0,29.0,0.0,,2026-07-24T11:49:13.579426+08:00
6669,2023-02-02,39633,530130,-134104,435659,614.0,160.0,-71.0,5.0,,2026-07-24T11:49:13.579426+08:00
6669,2023-02-03,-12003,145810,-2130,131677,641.0,158.0,27.0,-2.0,,2026-07-24T11:49:13.579426+08:00
6669,2023-02-06,-12519,142760,141344,271585,541.0,157.0,-100.0,-1.0,,2026-07-24T11:49:13.579426+08:00
6669,2023-02-07,-12762,41581,-16266,12553,656.0,157.0,115.0,0.0,,2026-07-24T11:49:13.579426+08:00
6669,2023-02-08,-461,67926,-47000,20465,670.0,157.0,14.0,0.0,,2026-07-24T11:49:13.579426+08:00
6669,2023-02-09,-4493,176365,-266,171606,653.0,158.0,-17.0,1.0,,2026-07-24T11:49:13.579426+08:00
6669,2023-02-10,-11838,93236,-8591,72807,648.0,157.0,-5.0,-1.0,,2026-07-24T11:49:13.579426+08:00
6669,2023-02-13,-20656,393558,-53000,319902,694.0,149.0,46.0,-8.0,,2026-07-24T11:49:13.579426+08:00
6669,2023-02-14,8105,317669,-51566,274208,690.0,149.0,-4.0,0.0,,2026-07-24T11:49:13.579426+08:00
6669,2023-02-15,-13100,137307,-32000,92207,676.0,149.0,-14.0,0.0,,2026-07-24T11:49:13.579426+08:00
6669,2023-02-16,16041,26614,1000,43655,709.0,149.0,33.0,0.0,,2026-07-24T11:49:13.579426+08:00
6669,2023-02-17,-8251,17299,8677,17725,709.0,146.0,0.0,-3.0,,2026-07-24T11:49:13.579426+08:00
6669,2023-02-20,-4678,-116901,0,-121579,729.0,146.0,20.0,0.0,,2026-07-24T11:49:13.579426+08:00
6669,2023-02-21,43554,133740,67000,244294,723.0,146.0,-6.0,0.0,,2026-07-24T11:49:13.579426+08:00
6669,2023-02-22,-21010,-474466,56734,-438742,812.0,143.0,89.0,-3.0,,2026-07-24T11:49:13.579426+08:00
6669,2023-02-23,19015,1338040,8000,1365055,625.0,145.0,-187.0,2.0,,2026-07-24T11:49:13.579426+08:00
6669,2023-02-24,10121,1016035,104735,1130891,963.0,134.0,338.0,-11.0,,2026-07-24T11:49:13.579426+08:00
6669,2023-03-01,44504,-800023,3000,-752519,1094.0,135.0,131.0,1.0,,2026-07-24T11:49:13.579426+08:00
6669,2023-03-02,4973,-81685,85943,9231,927.0,137.0,-167.0,2.0,,2026-07-24T11:49:13.579426+08:00
6669,2023-03-03,25908,-169000,-21000,-164092,948.0,137.0,21.0,0.0,,2026-07-24T11:49:13.579426+08:00
6669,2023-03-06,33067,142696,88000,263763,907.0,137.0,-41.0,0.0,,2026-07-24T11:49:13.579426+08:00
6669,2023-03-07,-19780,-115483,5000,-130263,917.0,110.0,10.0,-27.0,,2026-07-24T11:49:13.579426+08:00
6669,2023-03-08,75491,219706,3000,298197,887.0,107.0,-30.0,-3.0,,2026-07-24T11:49:13.579426+08:00
6669,2023-03-09,52769,-178389,57000,-68620,920.0,108.0,33.0,1.0,,2026-07-24T11:49:13.579426+08:00
6669,2023-03-10,-43818,178961,0,135143,904.0,100.0,-16.0,-8.0,,2026-07-24T11:49:13.579426+08:00
6669,2023-03-13,-56854,206715,-1056,148805,831.0,97.0,-73.0,-3.0,,2026-07-24T11:49:13.579426+08:00
6669,2023-03-14,-21295,89429,2000,70134,845.0,97.0,14.0,0.0,,2026-07-24T11:49:13.579426+08:00
6669,2023-03-15,-9455,28733,3000,22278,900.0,97.0,55.0,0.0,,2026-07-24T11:49:13.579426+08:00
6669,2023-03-16,-20906,145060,2000,126154,932.0,96.0,32.0,-1.0,,2026-07-24T11:49:13.579426+08:00
6669,2023-03-17,83400,223998,23188,330586,1049.0,8.0,117.0,-88.0,,2026-07-24T11:49:13.579426+08:00
6669,2023-03-20,2609,67240,16000,85849,1085.0,6.0,36.0,-2.0,,2026-07-24T11:49:13.579426+08:00
6669,2023-03-21,78688,-172260,293000,199428,1151.0,8.0,66.0,2.0,,2026-07-24T11:49:13.579426+08:00
6669,2023-03-22,98273,-415081,65000,-251808,1179.0,15.0,28.0,7.0,,2026-07-24T11:49:13.579426+08:00
6669,2023-03-23,-42296,223245,41000,221949,1273.0,2.0,94.0,-13.0,,2026-07-24T11:49:13.579426+08:00
6669,2023-03-24,34464,229362,31297,295123,1310.0,0.0,37.0,-2.0,,2026-07-24T11:49:13.579426+08:00
6669,2023-03-27,4824,128824,0,133648,1322.0,0.0,12.0,0.0,,2026-07-24T11:49:13.579426+08:00
6669,2023-03-28,-66677,402539,1734,337596,1234.0,0.0,-88.0,0.0,,2026-07-24T11:49:13.579426+08:00
6669,2023-03-29,11173,220783,33234,265190,1190.0,12.0,-44.0,12.0,,2026-07-24T11:49:13.579426+08:00
6669,2023-03-30,134218,115451,15907,265576,1106.0,10.0,-84.0,-2.0,,2026-07-24T11:49:13.579426+08:00
6669,2023-03-31,17215,62700,734,80649,1113.0,12.0,7.0,2.0,,2026-07-24T11:49:13.579426+08:00
6669,2023-04-06,41584,108413,1000,150997,1087.0,15.0,-26.0,3.0,,2026-07-24T11:49:13.579426+08:00
6669,2023-04-07,1714,69000,1000,71714,1000.0,17.0,-87.0,2.0,,2026-07-24T11:49:13.579426+08:00
6669,2023-04-10,62844,-315200,72736,-179620,968.0,33.0,-32.0,16.0,,2026-07-24T11:49:13.579426+08:00
6669,2023-04-11,-9296,258375,15000,264079,1000.0,31.0,32.0,-2.0,,2026-07-24T11:49:13.579426+08:00
6669,2023-04-12,51278,84344,-3055,132567,1038.0,31.0,38.0,0.0,,2026-07-24T11:49:13.579426+08:00
6669,2023-04-13,-55985,25813,-39000,-69172,1042.0,29.0,4.0,-2.0,,2026-07-24T11:49:13.579426+08:00
6669,2023-04-14,-27631,243154,-20000,195523,1034.0,32.0,-8.0,3.0,,2026-07-24T11:49:13.579426+08:00
6669,2023-04-17,27183,137874,-70000,95057,1073.0,33.0,39.0,1.0,,2026-07-24T11:49:13.579426+08:00
6669,2023-04-18,-21761,529478,6000,513717,1034.0,32.0,-39.0,-1.0,,2026-07-24T11:49:13.579426+08:00
6669,2023-04-19,39485,302061,-424000,-82454,1188.0,32.0,154.0,0.0,,2026-07-24T11:49:13.579426+08:00
6669,2023-04-20,-26003,306363,-1000,279360,1155.0,36.0,-33.0,4.0,,2026-07-24T11:49:13.579426+08:00
6669,2023-04-21,-83234,1139212,-333000,722978,1066.0,41.0,-89.0,5.0,,2026-07-24T11:49:13.579426+08:00
6669,2023-04-24,14533,279655,196734,490922,1001.0,149.0,-65.0,108.0,,2026-07-24T11:49:13.579426+08:00
6669,2023-04-25,-73076,697574,92000,716498,931.0,203.0,-70.0,54.0,,2026-07-24T11:49:13.579426+08:00
6669,2023-04-26,129365,208892,195000,533257,1013.0,218.0,82.0,15.0,,2026-07-24T11:49:13.579426+08:00
6669,2023-04-27,-892,181161,177000,357269,1020.0,178.0,7.0,-40.0,,2026-07-24T11:49:13.579426+08:00
6669,2023-04-28,14704,-10270,29500,33934,1070.0,167.0,50.0,-11.0,,2026-07-24T11:49:13.579426+08:00
6669,2023-05-02,35114,536735,-4000,567849,941.0,150.0,-129.0,-17.0,,2026-07-24T11:49:13.579426+08:00
6669,2023-05-03,-37253,-37248,-43344,-117845,1064.0,137.0,123.0,-13.0,,2026-07-24T11:49:13.579426+08:00
6669,2023-05-04,13133,213317,797,227247,1011.0,128.0,-53.0,-9.0,,2026-07-24T11:49:13.579426+08:00
6669,2023-05-05,-29903,-259678,-9469,-299050,1131.0,109.0,120.0,-19.0,,2026-07-24T11:49:13.579426+08:00
6669,2023-05-08,-2089,87975,2124,88010,1138.0,110.0,7.0,1.0,,2026-07-24T11:49:13.579426+08:00
6669,2023-05-09,70617,91511,0,162128,1069.0,78.0,-69.0,-32.0,,2026-07-24T11:49:13.579426+08:00
6669,2023-05-10,-102171,-761831,-59000,-923002,1202.0,93.0,133.0,15.0,,2026-07-24T11:49:13.579426+08:00
6669,2023-05-11,25855,492815,95062,613732,1109.0,85.0,-93.0,-8.0,,2026-07-24T11:49:13.579426+08:00
6669,2023-05-12,-20670,36643,102000,117973,1091.0,88.0,-18.0,3.0,,2026-07-24T11:49:13.579426+08:00
6669,2023-05-15,-30947,-30753,1000,-60700,1117.0,87.0,26.0,-1.0,,2026-07-24T11:49:13.579426+08:00
6669,2023-05-16,87296,113208,52000,252504,1078.0,90.0,-39.0,3.0,,2026-07-24T11:49:13.579426+08:00
6669,2023-05-17,120364,-14001,56000,162363,1065.0,86.0,-13.0,-4.0,,2026-07-24T11:49:13.579426+08:00
6669,2023-05-18,4095,-132600,29000,-99505,1075.0,85.0,10.0,-1.0,,2026-07-24T11:49:13.579426+08:00
6669,2023-05-19,1010,-73768,15000,-57758,1042.0,52.0,-33.0,-33.0,,2026-07-24T11:49:13.579426+08:00
6669,2023-05-22,-17953,-363958,12469,-369442,1127.0,53.0,85.0,1.0,,2026-07-24T11:49:13.579426+08:00
6669,2023-05-23,65131,356388,114428,535947,1034.0,59.0,-93.0,6.0,,2026-07-24T11:49:13.579426+08:00
6669,2023-05-24,10002,-471191,32205,-428984,1146.0,58.0,112.0,-1.0,,2026-07-24T11:49:13.579426+08:00
6669,2023-05-25,70489,160005,33000,263494,1022.0,61.0,-124.0,3.0,,2026-07-24T11:49:13.579426+08:00
6669,2023-05-26,-28055,56342,46600,74887,1011.0,64.0,-11.0,3.0,,2026-07-24T11:49:13.579426+08:00
6669,2023-05-29,812,-302986,30000,-272174,1088.0,66.0,77.0,2.0,,2026-07-24T11:49:13.579426+08:00
6669,2023-05-30,-35701,-70153,91265,-14589,1105.0,64.0,17.0,-2.0,,2026-07-24T11:49:13.579426+08:00
6669,2023-05-31,-6290,144889,-110005,28594,1047.0,69.0,-58.0,5.0,,2026-07-24T11:49:13.579426+08:00
6669,2023-06-01,44473,33424,-104275,-26378,1088.0,69.0,41.0,0.0,,2026-07-24T11:49:13.579426+08:00
6669,2023-06-02,6324,567680,112854,686858,914.0,59.0,-174.0,-10.0,,2026-07-24T11:49:13.579426+08:00
6669,2023-06-05,-37739,18579,7170,-11990,924.0,72.0,10.0,13.0,,2026-07-24T11:49:13.579426+08:00
6669,2023-06-06,-12067,215289,-1825,201397,862.0,95.0,-62.0,23.0,,2026-07-24T11:49:13.579426+08:00
6669,2023-06-07,7296,163850,7955,179101,898.0,55.0,36.0,-40.0,,2026-07-24T11:49:13.579426+08:00
6669,2023-06-08,-75167,-276374,6532,-345009,948.0,0.0,50.0,-55.0,,2026-07-24T11:49:13.579426+08:00
6669,2023-06-09,85270,-14167,-73607,-2504,1012.0,0.0,64.0,0.0,,2026-07-24T11:49:13.579426+08:00
6669,2023-06-12,18327,2533,-82000,-61140,1014.0,0.0,2.0,0.0,,2026-07-24T11:49:13.579426+08:00
6669,2023-06-13,64964,290159,-77468,277655,941.0,0.0,-73.0,0.0,,2026-07-24T11:49:13.579426+08:00
6669,2023-06-14,76166,585301,-10334,651133,673.0,24.0,-268.0,24.0,,2026-07-24T11:49:13.579426+08:00
6669,2023-06-15,29422,281611,12000,323033,698.0,20.0,25.0,-4.0,,2026-07-24T11:49:13.579426+08:00
6669,2023-06-16,-67317,-660120,737267,9830,732.0,21.0,34.0,1.0,,2026-07-24T11:49:13.579426+08:00
6669,2023-06-19,9401,-757846,783462,35017,786.0,40.0,54.0,19.0,,2026-07-24T11:49:13.579426+08:00
6669,2023-06-20,-68767,-724456,454603,-338620,753.0,28.0,-33.0,-12.0,,2026-07-24T11:49:13.579426+08:00
6669,2023-06-21,15522,-443221,576000,148301,746.0,25.0,-7.0,-3.0,,2026-07-24T11:49:13.579426+08:00
6669,2023-06-26,7466,-669421,900000,238045,697.0,72.0,-49.0,47.0,,2026-07-24T11:49:13.579426+08:00
6669,2023-06-27,-160495,-300667,-222000,-683162,839.0,60.0,142.0,-12.0,,2026-07-24T11:49:13.579426+08:00
6669,2023-06-28,-151857,163797,144000,155940,797.0,35.0,-42.0,-25.0,,2026-07-24T11:49:13.579426+08:00
6669,2023-06-29,38549,175656,-5000,209205,958.0,56.0,161.0,21.0,,2026-07-24T11:49:13.579426+08:00
6669,2023-06-30,26550,-400891,130000,-244341,1019.0,84.0,61.0,28.0,,2026-07-24T11:49:13.579426+08:00
6669,2023-07-03,125830,291712,304000,721542,777.0,85.0,-242.0,1.0,,2026-07-24T11:49:13.579426+08:00
6669,2023-07-04,10386,-588412,258241,-319785,997.0,83.0,220.0,-2.0,,2026-07-24T11:49:13.579426+08:00
6669,2023-07-05,-81721,-139060,85000,-135781,1065.0,83.0,68.0,0.0,,2026-07-24T11:49:13.579426+08:00
6669,2023-07-06,24299,-1096102,4000,-1067803,1484.0,71.0,419.0,-12.0,,2026-07-24T11:49:13.579426+08:00
6669,2023-07-07,141545,-601736,317450,-142741,1470.0,77.0,-14.0,6.0,,2026-07-24T11:49:13.579426+08:00
6669,2023-07-10,34326,-430702,323000,-73376,1481.0,92.0,11.0,15.0,,2026-07-24T11:49:13.579426+08:00
6669,2023-07-11,23867,-560618,306716,-230035,1737.0,99.0,256.0,7.0,,2026-07-24T11:49:13.579426+08:00
6669,2023-07-12,-26559,-279497,140811,-165245,1585.0,119.0,-152.0,20.0,,2026-07-24T11:49:13.579426+08:00
6669,2023-07-13,-54150,-614203,513859,-154494,1636.0,157.0,51.0,38.0,,2026-07-24T11:49:13.579426+08:00
6669,2023-07-14,27586,-1348798,314859,-1006353,1911.0,129.0,275.0,-28.0,,2026-07-24T11:49:13.579426+08:00
6669,2023-07-17,-18640,-36132,-6290,-61062,1762.0,111.0,-149.0,-18.0,,2026-07-24T11:49:13.579426+08:00
6669,2023-07-18,-58555,245559,-67246,119758,1696.0,109.0,-66.0,-2.0,,2026-07-24T11:49:13.579426+08:00
6669,2023-07-19,-103567,-342919,-136092,-582578,1807.0,107.0,111.0,-2.0,,2026-07-24T11:49:13.579426+08:00
6669,2023-07-20,58406,-389963,55550,-276007,2010.0,122.0,203.0,15.0,,2026-07-24T11:49:13.579426+08:00
6669,2023-07-21,187512,-820342,190000,-442830,2325.0,150.0,315.0,28.0,,2026-07-24T11:49:13.579426+08:00
6669,2023-07-24,75297,-141067,6914,-58856,2276.0,128.0,-49.0,-22.0,,2026-07-24T11:49:13.579426+08:00
6669,2023-07-25,-107121,-77690,202000,17189,2088.0,116.0,-188.0,-12.0,,2026-07-24T11:49:13.579426+08:00
6669,2023-07-26,-40628,-42881,85904,2395,2166.0,137.0,78.0,21.0,,2026-07-24T11:49:13.579426+08:00
6669,2023-07-27,-61379,-595870,163712,-493537,2227.0,116.0,61.0,-21.0,,2026-07-24T11:49:13.579426+08:00
6669,2023-07-28,15560,-22619,-20144,-27203,2309.0,107.0,82.0,-9.0,,2026-07-24T11:49:13.579426+08:00
6669,2023-07-31,-238515,614407,-115000,260892,2180.0,99.0,-129.0,-8.0,,2026-07-24T11:49:13.579426+08:00
6669,2023-08-01,12489,213927,-134000,92416,2145.0,88.0,-35.0,-11.0,,2026-07-24T11:49:13.579426+08:00
6669,2023-08-02,-74002,-78319,-56000,-208321,2078.0,126.0,-67.0,38.0,,2026-07-24T11:49:13.579426+08:00
6669,2023-08-04,-31854,-386210,-15000,-433064,2177.0,78.0,99.0,-48.0,,2026-07-24T11:49:13.579426+08:00
6669,2023-08-07,151105,-753444,85000,-517339,2394.0,79.0,217.0,1.0,,2026-07-24T11:49:13.579426+08:00
6669,2023-08-08,18427,-365361,332000,-14934,2422.0,137.0,28.0,58.0,,2026-07-24T11:49:13.579426+08:00
6669,2023-08-09,-28731,-220060,218000,-30791,2129.0,99.0,-293.0,-38.0,,2026-07-24T11:49:13.579426+08:00
6669,2023-08-10,-126741,530759,-6000,398018,1823.0,97.0,-306.0,-2.0,,2026-07-24T11:49:13.579426+08:00
6669,2023-08-11,12082,-18955,-121000,-127873,1823.0,103.0,0.0,6.0,,2026-07-24T11:49:13.579426+08:00
6669,2023-08-14,8301,-160611,10000,-142310,1914.0,109.0,91.0,6.0,,2026-07-24T11:49:13.579426+08:00
6669,2023-08-15,59574,-462117,76000,-326543,2081.0,117.0,167.0,8.0,,2026-07-24T11:49:13.579426+08:00
6669,2023-08-16,129775,-274518,190000,45257,2305.0,131.0,224.0,14.0,,2026-07-24T11:49:13.579426+08:00
6669,2023-08-17,42898,-854477,167000,-644579,2321.0,123.0,16.0,-8.0,,2026-07-24T11:49:13.579426+08:00
6669,2023-08-18,-92709,139945,81000,128236,2082.0,213.0,-239.0,90.0,,2026-07-24T11:49:13.579426+08:00
6669,2023-08-21,37037,-37687,-26000,-26650,2139.0,206.0,57.0,-7.0,,2026-07-24T11:49:13.579426+08:00
6669,2023-08-22,-6304,37073,93004,123773,2022.0,205.0,-117.0,-1.0,,2026-07-24T11:49:13.579426+08:00
6669,2023-08-23,38679,-220583,-12000,-193904,2205.0,212.0,183.0,7.0,,2026-07-24T11:49:13.579426+08:00
6669,2023-08-24,-45713,-595143,-79000,-719856,2327.0,104.0,122.0,-108.0,,2026-07-24T11:49:13.579426+08:00
6669,2023-08-25,-74215,-314384,-297097,-685696,2427.0,122.0,100.0,18.0,,2026-07-24T11:49:13.579426+08:00
6669,2023-08-28,-19071,252468,-122000,111397,2328.0,90.0,-99.0,-32.0,,2026-07-24T11:49:13.579426+08:00
6669,2023-08-29,-23161,59688,11000,47527,2376.0,90.0,48.0,0.0,,2026-07-24T11:49:13.579426+08:00
6669,2023-08-30,26955,272295,21000,320250,2233.0,101.0,-143.0,11.0,,2026-07-24T11:49:13.579426+08:00
6669,2023-08-31,41186,-1152680,-56502,-1167996,2506.0,98.0,273.0,-3.0,,2026-07-24T11:49:13.579426+08:00
6669,2023-09-01,6055,-168205,-186198,-348348,2561.0,89.0,55.0,-9.0,,2026-07-24T11:49:13.579426+08:00
6669,2023-09-04,43621,-91815,-196000,-244194,2713.0,79.0,152.0,-10.0,,2026-07-24T11:49:13.579426+08:00
6669,2023-09-05,-8369,-123466,-6046,-137881,2696.0,89.0,-17.0,10.0,,2026-07-24T11:49:13.579426+08:00
6669,2023-09-06,-3241,132242,-12000,117001,2557.0,89.0,-139.0,0.0,,2026-07-24T11:49:13.579426+08:00
6669,2023-09-07,-18510,-283530,-3049,-305089,2583.0,86.0,26.0,-3.0,,2026-07-24T11:49:13.579426+08:00
6669,2023-09-08,23627,22550,9951,56128,2537.0,80.0,-46.0,-6.0,,2026-07-24T11:49:13.579426+08:00
6669,2023-09-11,-161443,138551,-49000,-71892,2492.0,72.0,-45.0,-8.0,,2026-07-24T11:49:13.579426+08:00
6669,2023-09-12,-23404,59991,-98000,-61413,2501.0,62.0,9.0,-10.0,,2026-07-24T11:49:13.579426+08:00
6669,2023-09-13,12354,153170,-31000,134524,2507.0,67.0,6.0,5.0,,2026-07-24T11:49:13.579426+08:00
6669,2023-09-14,67380,-544754,7000,-470374,2668.0,66.0,161.0,-1.0,,2026-07-24T11:49:13.579426+08:00
6669,2023-09-15,42169,-400521,1034090,675738,2473.0,66.0,-195.0,0.0,,2026-07-24T11:49:13.579426+08:00
6669,2023-09-18,-139068,-517158,-337000,-993226,2758.0,54.0,285.0,-12.0,,2026-07-24T11:49:13.579426+08:00
6669,2023-09-19,-38724,683929,-618064,27141,2754.0,61.0,-4.0,7.0,,2026-07-24T11:49:13.579426+08:00
6669,2023-09-20,-82935,44669,-119000,-157266,2768.0,49.0,14.0,-12.0,,2026-07-24T11:49:13.579426+08:00
6669,2023-09-21,-3904,264091,-43050,217137,2684.0,67.0,-84.0,18.0,,2026-07-24T11:49:13.579426+08:00
6669,2023-09-22,-45599,-111807,86000,-71406,2673.0,87.0,-11.0,20.0,,2026-07-24T11:49:13.579426+08:00
6669,2023-09-25,-7952,-43985,145000,93063,2604.0,87.0,-69.0,0.0,,2026-07-24T11:49:13.579426+08:00
6669,2023-09-26,62878,-232036,66901,-102257,2693.0,86.0,89.0,-1.0,,2026-07-24T11:49:13.579426+08:00
6669,2023-09-27,-40409,-51409,295500,203682,2635.0,99.0,-58.0,13.0,,2026-07-24T11:49:13.579426+08:00
6669,2023-09-28,43027,-557947,92000,-422920,2712.0,99.0,77.0,0.0,,2026-07-24T11:49:13.579426+08:00
6669,2023-10-02,36392,-237936,257000,55456,2729.0,204.0,17.0,105.0,,2026-07-24T11:49:13.579426+08:00
6669,2023-10-03,52752,-441996,121402,-267842,2761.0,168.0,32.0,-36.0,,2026-07-24T11:49:13.579426+08:00
6669,2023-10-04,29540,27060,57951,114551,2610.0,150.0,-151.0,-18.0,,2026-07-24T11:49:13.579426+08:00
6669,2023-10-05,-7767,-245594,102000,-151361,2702.0,172.0,92.0,22.0,,2026-07-24T11:49:13.579426+08:00
6669,2023-10-06,24388,45687,123000,193075,2563.0,198.0,-139.0,26.0,,2026-07-24T11:49:13.579426+08:00
6669,2023-10-11,21531,306765,134750,463046,2435.0,147.0,-128.0,-51.0,,2026-07-24T11:49:13.579426+08:00
6669,2023-10-12,850,91726,88000,180576,2427.0,146.0,-8.0,-1.0,,2026-07-24T11:49:13.579426+08:00
6669,2023-10-13,-13885,-239272,93000,-160157,2455.0,146.0,28.0,0.0,,2026-07-24T11:49:13.579426+08:00
6669,2023-10-16,34949,-216231,-53046,-234328,2415.0,135.0,-40.0,-11.0,,2026-07-24T11:49:13.579426+08:00
6669,2023-10-17,16405,-207292,-14000,-204887,2458.0,112.0,43.0,-23.0,,2026-07-24T11:49:13.579426+08:00
6669,2023-10-18,61950,18043,-175000,-95007,2439.0,84.0,-19.0,-28.0,,2026-07-24T11:49:13.579426+08:00
6669,2023-10-19,59910,-505286,90540,-354836,2507.0,72.0,68.0,-12.0,,2026-07-24T11:49:13.579426+08:00
6669,2023-10-20,22983,-465238,284951,-157304,2514.0,88.0,7.0,16.0,,2026-07-24T11:49:13.579426+08:00
6669,2023-10-23,10403,-19558,62000,52845,2544.0,91.0,30.0,3.0,,2026-07-24T11:49:13.579426+08:00
6669,2023-10-24,79984,-219151,476000,336833,2570.0,192.0,26.0,101.0,,2026-07-24T11:49:13.579426+08:00
6669,2023-10-25,37547,-408578,168296,-202735,2538.0,171.0,-32.0,-21.0,,2026-07-24T11:49:13.579426+08:00
6669,2023-10-26,15086,-480297,213872,-251339,2589.0,131.0,51.0,-40.0,,2026-07-24T11:49:13.579426+08:00
6669,2023-10-27,-30778,99629,103500,172351,2398.0,148.0,-191.0,17.0,,2026-07-24T11:49:13.579426+08:00
6669,2023-10-30,11866,-397663,68000,-317797,2549.0,141.0,151.0,-7.0,,2026-07-24T11:49:13.579426+08:00
6669,2023-10-31,-63045,-40117,701,-102461,2484.0,105.0,-65.0,-36.0,,2026-07-24T11:49:13.579426+08:00
6669,2023-11-01,-36122,-23966,-4000,-64088,2589.0,99.0,105.0,-6.0,,2026-07-24T11:49:13.579426+08:00
6669,2023-11-02,38791,-183295,35000,-109504,2678.0,105.0,89.0,6.0,,2026-07-24T11:49:13.579426+08:00
6669,2023-11-03,64087,331420,276000,671507,2593.0,156.0,-85.0,51.0,,2026-07-24T11:49:13.579426+08:00
6669,2023-11-06,33061,-498016,385000,-79955,2620.0,178.0,27.0,22.0,,2026-07-24T11:49:13.579426+08:00
6669,2023-11-07,27753,-114617,178000,91136,2719.0,185.0,99.0,7.0,,2026-07-24T11:49:13.579426+08:00
6669,2023-11-08,-25474,162620,154000,291146,2628.0,181.0,-91.0,-4.0,,2026-07-24T11:49:13.579426+08:00
6669,2023-11-09,-28429,-345768,-26000,-400197,2739.0,157.0,111.0,-24.0,,2026-07-24T11:49:13.579426+08:00
6669,2023-11-10,-7179,-118117,4000,-121296,2901.0,161.0,162.0,4.0,,2026-07-24T11:49:13.579426+08:00
6669,2023-11-13,70851,8532,288000,367383,2836.0,216.0,-65.0,55.0,,2026-07-24T11:49:13.579426+08:00
6669,2023-11-14,-35097,-597680,52000,-580777,3024.0,212.0,188.0,-4.0,,2026-07-24T11:49:13.579426+08:00
6669,2023-11-15,-40758,113545,75000,147787,2997.0,197.0,-27.0,-15.0,,2026-07-24T11:49:13.579426+08:00
6669,2023-11-16,28895,-194294,-3000,-168399,2965.0,164.0,-32.0,-33.0,,2026-07-24T11:49:13.579426+08:00
6669,2023-11-17,-4371,-139201,-1000,-144572,3108.0,165.0,143.0,1.0,,2026-07-24T11:49:13.579426+08:00
6669,2023-11-20,37452,212389,-24000,225841,3038.0,169.0,-70.0,4.0,,2026-07-24T11:49:13.579426+08:00
6669,2023-11-21,-15252,-160479,173814,-1917,3127.0,166.0,89.0,-3.0,,2026-07-24T11:49:13.579426+08:00
6669,2023-11-22,-52726,113947,-31000,30221,2746.0,155.0,-381.0,-11.0,,2026-07-24T11:49:13.579426+08:00
6669,2023-11-23,-28469,104325,-44000,31856,2602.0,151.0,-144.0,-4.0,,2026-07-24T11:49:13.579426+08:00
6669,2023-11-24,-62343,-141862,-1064,-205269,2551.0,140.0,-51.0,-11.0,,2026-07-24T11:49:13.579426+08:00
6669,2023-11-27,-82044,468094,-301000,85050,2475.0,92.0,-76.0,-48.0,,2026-07-24T11:49:13.579426+08:00
6669,2023-11-28,28008,9484,-176000,-138508,2494.0,90.0,19.0,-2.0,,2026-07-24T11:49:13.579426+08:00
6669,2023-11-29,-3601,257236,-44000,209635,2396.0,96.0,-98.0,6.0,,2026-07-24T11:49:13.579426+08:00
6669,2023-11-30,-26657,-133864,-115963,-276484,2399.0,91.0,3.0,-5.0,,2026-07-24T11:49:13.579426+08:00
6669,2023-12-01,59216,260450,-45000,274666,2246.0,109.0,-153.0,18.0,,2026-07-24T11:49:13.579426+08:00
6669,2023-12-04,-83177,193,-682000,-764984,2478.0,95.0,232.0,-14.0,,2026-07-24T11:49:13.579426+08:00
6669,2023-12-05,10625,270394,-363000,-81981,2495.0,109.0,17.0,14.0,,2026-07-24T11:49:13.579426+08:00
6669,2023-12-06,-7709,383172,-67000,308463,2395.0,104.0,-100.0,-5.0,,2026-07-24T11:49:13.579426+08:00
6669,2023-12-07,9989,64738,-22698,52029,2443.0,85.0,48.0,-19.0,,2026-07-24T11:49:13.579426+08:00
6669,2023-12-08,-43218,186185,-67000,75967,2337.0,83.0,-106.0,-2.0,,2026-07-24T11:49:13.579426+08:00
6669,2023-12-11,31662,-12335,-53000,-33673,2212.0,83.0,-125.0,0.0,,2026-07-24T11:49:13.579426+08:00
6669,2023-12-12,-8360,141588,2935,136163,2184.0,87.0,-28.0,4.0,,2026-07-24T11:49:13.579426+08:00
6669,2023-12-13,-109161,-286842,122770,-273233,2193.0,92.0,9.0,5.0,,2026-07-24T11:49:13.579426+08:00
6669,2023-12-14,-31060,-262512,126872,-166700,2280.0,107.0,87.0,15.0,,2026-07-24T11:49:13.579426+08:00
6669,2023-12-15,-16888,1158090,-724508,416694,2165.0,84.0,-115.0,-23.0,,2026-07-24T11:49:13.579426+08:00
6669,2023-12-18,33853,548527,-632351,-49971,2171.0,81.0,6.0,-3.0,,2026-07-24T11:49:13.579426+08:00
6669,2023-12-19,-24704,316838,-773115,-480981,2250.0,70.0,79.0,-11.0,,2026-07-24T11:49:13.579426+08:00
6669,2023-12-20,-15876,1048184,-887000,145308,2231.0,79.0,-19.0,9.0,,2026-07-24T11:49:13.579426+08:00
6669,2023-12-21,54822,1499452,-442114,1112160,2258.0,107.0,27.0,28.0,,2026-07-24T11:49:13.579426+08:00
6669,2023-12-22,-24617,-227015,192546,-59086,2290.0,108.0,32.0,1.0,,2026-07-24T11:49:13.579426+08:00
6669,2023-12-25,8990,7717,75965,92672,2236.0,105.0,-54.0,-3.0,,2026-07-24T11:49:13.579426+08:00
6669,2023-12-26,-19960,-23257,17945,-25272,2289.0,105.0,53.0,0.0,,2026-07-24T11:49:13.579426+08:00
6669,2023-12-27,-33420,182834,37598,187012,2230.0,103.0,-59.0,-2.0,,2026-07-24T11:49:13.579426+08:00
6669,2023-12-28,5176,-28969,103889,80096,2217.0,103.0,-13.0,0.0,,2026-07-24T11:49:13.579426+08:00
6669,2023-12-29,-24115,14513,26000,16398,2248.0,101.0,31.0,-2.0,,2026-07-24T11:49:13.579426+08:00
6669,2024-01-02,-30832,-131149,-184000,-345981,2287.0,85.0,39.0,-16.0,,2026-07-24T11:49:13.579426+08:00
6669,2024-01-03,-12658,-464626,-141166,-618450,2317.0,70.0,30.0,-15.0,,2026-07-24T11:49:13.579426+08:00
6669,2024-01-04,12425,-331741,-10,-319326,2391.0,80.0,74.0,10.0,,2026-07-24T11:49:13.579426+08:00
6669,2024-01-05,9473,95056,50840,155369,2336.0,82.0,-55.0,2.0,,2026-07-24T11:49:13.579426+08:00
6669,2024-01-08,36563,-118130,-60211,-141778,2366.0,82.0,30.0,0.0,,2026-07-24T11:49:13.579426+08:00
6669,2024-01-09,-19575,534417,-297500,217342,2465.0,81.0,99.0,-1.0,,2026-07-24T11:49:13.579426+08:00
6669,2024-01-10,21004,317340,75944,414288,2628.0,81.0,163.0,0.0,,2026-07-24T11:49:13.579426+08:00
6669,2024-01-11,1062,1284557,230000,1515619,2286.0,111.0,-342.0,30.0,,2026-07-24T11:49:13.579426+08:00
6669,2024-01-12,-33212,418680,-136000,249468,2361.0,118.0,75.0,7.0,,2026-07-24T11:49:13.579426+08:00
6669,2024-01-15,40547,-355015,-7500,-321968,2565.0,106.0,204.0,-12.0,,2026-07-24T11:49:13.579426+08:00
6669,2024-01-16,67461,-366882,75000,-224421,2890.0,123.0,325.0,17.0,,2026-07-24T11:49:13.579426+08:00
6669,2024-01-17,85506,76195,-166960,-5259,2827.0,120.0,-63.0,-3.0,,2026-07-24T11:49:13.579426+08:00
6669,2024-01-18,108584,-102043,-74500,-67959,2778.0,115.0,-49.0,-5.0,,2026-07-24T11:49:13.579426+08:00
6669,2024-01-19,-3992,946437,181000,1123445,2473.0,152.0,-305.0,37.0,,2026-07-24T11:49:13.579426+08:00
6669,2024-01-22,-34556,114686,-11057,69073,2559.0,232.0,86.0,80.0,,2026-07-24T11:49:13.579426+08:00
6669,2024-01-23,47837,162725,37500,248062,2685.0,220.0,126.0,-12.0,,2026-07-24T11:49:13.579426+08:00
6669,2024-01-24,70959,-305307,-232500,-466848,2934.0,185.0,249.0,-35.0,,2026-07-24T11:49:13.579426+08:00
6669,2024-01-25,111265,300856,-279234,132887,2967.0,178.0,33.0,-7.0,,2026-07-24T11:49:13.579426+08:00
6669,2024-01-26,-37535,26610,-83170,-94095,3000.0,167.0,33.0,-11.0,,2026-07-24T11:49:13.579426+08:00
6669,2024-01-29,-79444,262354,25587,208497,2923.0,192.0,-77.0,25.0,,2026-07-24T11:49:13.579426+08:00
6669,2024-01-30,15865,132767,83000,231632,3019.0,187.0,96.0,-5.0,,2026-07-24T11:49:13.579426+08:00
6669,2024-01-31,23237,257537,17000,297774,2831.0,182.0,-188.0,-5.0,,2026-07-24T11:49:13.579426+08:00
6669,2024-02-01,-99197,305543,71000,277346,2615.0,166.0,-216.0,-16.0,,2026-07-24T11:49:13.579426+08:00
6669,2024-02-02,70650,98499,19000,188149,2484.0,171.0,-131.0,5.0,,2026-07-24T11:49:13.579426+08:00
6669,2024-02-05,-105651,-121693,-105180,-332524,2537.0,158.0,53.0,-13.0,,2026-07-24T11:49:13.579426+08:00
6669,2024-02-15,254305,-381364,-97629,-224688,2298.0,141.0,-239.0,-17.0,,2026-07-24T11:49:13.579426+08:00
6669,2024-02-16,24346,327236,-110523,241059,2117.0,137.0,-181.0,-4.0,,2026-07-24T11:49:13.579426+08:00
6669,2024-02-19,-72606,304294,-99500,132188,2263.0,124.0,146.0,-13.0,,2026-07-24T11:49:13.579426+08:00
6669,2024-02-20,14095,36360,-245251,-194796,2397.0,120.0,134.0,-4.0,,2026-07-24T11:49:13.579426+08:00
6669,2024-02-21,6001,-92456,-170,-86625,2418.0,111.0,21.0,-9.0,,2026-07-24T11:49:13.579426+08:00
6669,2024-02-22,45130,-155561,-147000,-257431,2398.0,108.0,-20.0,-3.0,,2026-07-24T11:49:13.579426+08:00
6669,2024-02-23,89136,221664,-127657,183143,2360.0,110.0,-38.0,2.0,,2026-07-24T11:49:13.579426+08:00
6669,2024-02-26,88318,-156461,-28000,-96143,2420.0,117.0,60.0,7.0,,2026-07-24T11:49:13.579426+08:00
6669,2024-02-27,-28903,-120454,-224500,-373857,2454.0,95.0,34.0,-22.0,,2026-07-24T11:49:13.579426+08:00
6669,2024-02-29,-60682,1604427,209000,1752745,2044.0,157.0,-410.0,62.0,,2026-07-24T11:49:13.579426+08:00
6669,2024-03-01,-130152,1419351,166000,1455199,1605.0,156.0,-439.0,-1.0,,2026-07-24T11:49:13.579426+08:00
6669,2024-03-04,36218,163985,-13000,187203,1675.0,134.0,70.0,-22.0,,2026-07-24T11:49:13.579426+08:00
6669,2024-03-05,96558,-16792,-11222,68544,1894.0,141.0,219.0,7.0,,2026-07-24T11:49:13.579426+08:00
6669,2024-03-06,-43655,340357,-19115,277587,1740.0,141.0,-154.0,0.0,,2026-07-24T11:49:13.579426+08:00
6669,2024-03-07,-16163,379548,-18000,345385,1711.0,117.0,-29.0,-24.0,,2026-07-24T11:49:13.579426+08:00
6669,2024-03-08,-70127,511071,-229,440715,1646.0,116.0,-65.0,-1.0,,2026-07-24T11:49:13.579426+08:00
6669,2024-03-11,13771,-18158,-73000,-77387,1581.0,110.0,-65.0,-6.0,,2026-07-24T11:49:13.579426+08:00
6669,2024-03-12,-12259,138268,-36000,90009,1634.0,97.0,53.0,-13.0,,2026-07-24T11:49:13.579426+08:00
6669,2024-03-13,-152524,728989,-471487,104978,1488.0,75.0,-146.0,-22.0,,2026-07-24T11:49:13.579426+08:00
6669,2024-03-14,-128586,353850,-75429,149835,1387.0,54.0,-101.0,-21.0,,2026-07-24T11:49:13.579426+08:00
6669,2024-03-15,19732,262260,-484807,-202815,1470.0,21.0,83.0,-33.0,,2026-07-24T11:49:13.579426+08:00
6669,2024-03-18,-5200,226039,-466012,-245173,1522.0,0.0,52.0,-21.0,,2026-07-24T11:49:13.579426+08:00
6669,2024-03-19,-72312,-604092,439731,-236673,1571.0,0.0,49.0,0.0,,2026-07-24T11:49:13.579426+08:00
6669,2024-03-20,-5385,-63473,76988,8130,1559.0,0.0,-12.0,0.0,,2026-07-24T11:49:13.579426+08:00
6669,2024-03-21,9209,288689,17000,314898,1498.0,0.0,-61.0,0.0,,2026-07-24T11:49:13.579426+08:00
6669,2024-03-22,22954,388594,25744,437292,1448.0,39.0,-50.0,39.0,,2026-07-24T11:49:13.579426+08:00
6669,2024-03-25,-17544,-112335,-14025,-143904,1487.0,93.0,39.0,54.0,,2026-07-24T11:49:13.579426+08:00
6669,2024-03-26,-10869,150293,98990,238414,1409.0,84.0,-78.0,-9.0,,2026-07-24T11:49:13.579426+08:00
6669,2024-03-27,16582,253137,-418600,-148881,1417.0,85.0,8.0,1.0,,2026-07-24T11:49:13.579426+08:00
6669,2024-03-28,50099,665275,-319147,396227,1486.0,74.0,69.0,-11.0,,2026-07-24T11:49:13.579426+08:00
6669,2024-03-29,-17805,370246,6990,359431,1484.0,76.0,-2.0,2.0,,2026-07-24T11:49:13.579426+08:00
6669,2024-04-01,1434,291544,-28000,264978,1450.0,65.0,-34.0,-11.0,,2026-07-24T11:49:13.579426+08:00
6669,2024-04-02,15844,-26822,-133018,-143996,1590.0,32.0,140.0,-33.0,,2026-07-24T11:49:13.579426+08:00
6669,2024-04-03,59906,722929,-11913,770922,1595.0,65.0,5.0,33.0,,2026-07-24T11:49:13.579426+08:00
6669,2024-04-08,-41103,445069,1859,405825,1460.0,71.0,-135.0,6.0,,2026-07-24T11:49:13.579426+08:00
6669,2024-04-09,-45508,280638,-46504,188626,1278.0,65.0,-182.0,-6.0,,2026-07-24T11:49:13.579426+08:00
6669,2024-04-10,15751,-142671,-227023,-353943,1330.0,48.0,52.0,-17.0,,2026-07-24T11:49:13.579426+08:00
6669,2024-04-11,-33901,187992,-176000,-21909,1340.0,41.0,10.0,-7.0,,2026-07-24T11:49:13.579426+08:00
6669,2024-04-12,-6509,200868,-58020,136339,1207.0,42.0,-133.0,1.0,,2026-07-24T11:49:13.579426+08:00
6669,2024-04-15,-26326,597941,-25515,546100,1155.0,51.0,-52.0,9.0,,2026-07-24T11:49:13.579426+08:00
6669,2024-04-16,-54293,-106511,36700,-124104,1178.0,40.0,23.0,-11.0,,2026-07-24T11:49:13.579426+08:00
6669,2024-04-17,-5751,71393,-21088,44554,1224.0,43.0,46.0,3.0,,2026-07-24T11:49:13.579426+08:00
6669,2024-04-18,20075,438468,3000,461543,1153.0,53.0,-71.0,10.0,,2026-07-24T11:49:13.579426+08:00
6669,2024-04-19,45088,-246501,14206,-187207,1294.0,30.0,141.0,-23.0,,2026-07-24T11:49:13.579426+08:00
6669,2024-04-22,-84646,105977,-393500,-372169,1325.0,25.0,31.0,-5.0,,2026-07-24T11:49:13.579426+08:00
6669,2024-04-23,-12823,298117,-275000,10294,1238.0,25.0,-87.0,0.0,,2026-07-24T11:49:13.579426+08:00
6669,2024-04-24,68941,10684,29602,109227,1174.0,31.0,-64.0,6.0,,2026-07-24T11:49:13.579426+08:00
6669,2024-04-25,-15188,-93088,112625,4349,1215.0,29.0,41.0,-2.0,,2026-07-24T11:49:13.579426+08:00
6669,2024-04-26,3361,-69376,31000,-35015,1271.0,29.0,56.0,0.0,,2026-07-24T11:49:13.579426+08:00
6669,2024-04-29,-10271,218334,-20000,188063,1184.0,30.0,-87.0,1.0,,2026-07-24T11:49:13.579426+08:00
6669,2024-04-30,-12015,252150,-11000,229135,1129.0,32.0,-55.0,2.0,,2026-07-24T11:49:13.579426+08:00
6669,2024-05-02,-19769,-163011,-53073,-235853,1173.0,43.0,44.0,11.0,,2026-07-24T11:49:13.579426+08:00
6669,2024-05-03,-13317,-144476,-28000,-185793,1198.0,30.0,25.0,-13.0,,2026-07-24T11:49:13.579426+08:00
6669,2024-05-06,13814,351119,-26000,338933,1131.0,31.0,-67.0,1.0,,2026-07-24T11:49:13.579426+08:00
6669,2024-05-07,31319,139338,14996,185653,1155.0,32.0,24.0,1.0,,2026-07-24T11:49:13.579426+08:00
6669,2024-05-08,-17490,532911,-33000,482421,1069.0,82.0,-86.0,50.0,,2026-07-24T11:49:13.579426+08:00
6669,2024-05-09,39686,349678,148950,538314,1026.0,36.0,-43.0,-46.0,,2026-07-24T11:49:13.579426+08:00
6669,2024-05-10,-10666,-314379,147997,-177048,1132.0,41.0,106.0,5.0,,2026-07-24T11:49:13.579426+08:00
6669,2024-05-13,-18554,-67462,-20008,-106024,1145.0,38.0,13.0,-3.0,,2026-07-24T11:49:13.579426+08:00
6669,2024-05-14,7951,-102806,120989,26134,1217.0,44.0,72.0,6.0,,2026-07-24T11:49:13.579426+08:00
6669,2024-05-15,103979,162740,163483,430202,1176.0,56.0,-41.0,12.0,,2026-07-24T11:49:13.579426+08:00
6669,2024-05-16,-49986,319943,97992,367949,964.0,61.0,-212.0,5.0,,2026-07-24T11:49:13.579426+08:00
6669,2024-05-17,-42449,86415,-8000,35966,944.0,56.0,-20.0,-5.0,,2026-07-24T11:49:13.579426+08:00
6669,2024-05-20,-3922,162751,-79004,79825,892.0,52.0,-52.0,-4.0,,2026-07-24T11:49:13.579426+08:00
6669,2024-05-21,-3533,10988,-12045,-4590,912.0,49.0,20.0,-3.0,,2026-07-24T11:49:13.579426+08:00
6669,2024-05-22,6221,9817,-40019,-23981,928.0,49.0,16.0,0.0,,2026-07-24T11:49:13.579426+08:00
6669,2024-05-23,12574,416388,15843,444805,923.0,65.0,-5.0,16.0,,2026-07-24T11:49:13.579426+08:00
6669,2024-05-24,-65227,97051,-95010,-63186,917.0,65.0,-6.0,0.0,,2026-07-24T11:49:13.579426+08:00
6669,2024-05-27,-2778,-145541,-48042,-196361,982.0,62.0,65.0,-3.0,,2026-07-24T11:49:13.579426+08:00
6669,2024-05-28,232,-111132,-17002,-127902,986.0,57.0,4.0,-5.0,,2026-07-24T11:49:13.579426+08:00
6669,2024-05-29,6542,37232,-41079,2695,979.0,52.0,-7.0,-5.0,,2026-07-24T11:49:13.579426+08:00
6669,2024-05-30,55204,-16727,-30160,8317,1014.0,72.0,35.0,20.0,,2026-07-24T11:49:13.579426+08:00
6669,2024-05-31,-337,284596,-862000,-577741,1097.0,21.0,83.0,-51.0,,2026-07-24T11:49:13.579426+08:00
6669,2024-06-03,15526,440292,-282000,173818,1085.0,21.0,-12.0,0.0,,2026-07-24T11:49:13.579426+08:00
6669,2024-06-04,-30938,-32387,8000,-55325,1083.0,0.0,-2.0,-21.0,,2026-07-24T11:49:13.579426+08:00
6669,2024-06-05,-22359,-64053,7000,-79412,1117.0,0.0,34.0,0.0,,2026-07-24T11:49:13.579426+08:00
6669,2024-06-06,-9743,222006,38000,250263,1060.0,0.0,-57.0,0.0,,2026-07-24T11:49:13.579426+08:00
6669,2024-06-07,5115,-63715,-4,-58604,1085.0,0.0,25.0,0.0,,2026-07-24T11:49:13.579426+08:00
6669,2024-06-11,-5655,-146392,22996,-129051,1030.0,1.0,-55.0,1.0,,2026-07-24T11:49:13.579426+08:00
6669,2024-06-12,-11861,12508,37996,38643,1063.0,3.0,33.0,2.0,,2026-07-24T11:49:13.579426+08:00
6669,2024-06-13,1990,492052,8955,502997,933.0,18.0,-130.0,15.0,,2026-07-24T11:49:13.579426+08:00
6669,2024-06-14,-8345,188526,-1000,179181,944.0,22.0,11.0,4.0,,2026-07-24T11:49:13.579426+08:00
6669,2024-06-17,-4104,-130289,-29112,-163505,976.0,19.0,32.0,-3.0,,2026-07-24T11:49:13.579426+08:00
6669,2024-06-18,14632,70089,-6002,78719,958.0,21.0,-18.0,2.0,,2026-07-24T11:49:13.579426+08:00
6669,2024-06-19,-39268,1063794,-5943,1018583,825.0,55.0,-133.0,34.0,,2026-07-24T11:49:13.579426+08:00
6669,2024-06-20,-35408,176120,-58000,82712,788.0,53.0,-37.0,-2.0,,2026-07-24T11:49:13.579426+08:00
6669,2024-06-21,21396,-469305,6998,-440911,856.0,39.0,68.0,-14.0,,2026-07-24T11:49:13.579426+08:00
6669,2024-06-24,1608,-205511,-16010,-219913,949.0,36.0,93.0,-3.0,,2026-07-24T11:49:13.579426+08:00
6669,2024-06-25,-21025,-251252,-24500,-296777,1059.0,26.0,110.0,-10.0,,2026-07-24T11:49:13.579426+08:00
6669,2024-06-26,2777,-99843,-89150,-186216,1114.0,22.0,55.0,-4.0,,2026-07-24T11:49:13.579426+08:00
6669,2024-06-27,-547,-81220,-54000,-135767,1137.0,23.0,23.0,1.0,,2026-07-24T11:49:13.579426+08:00
6669,2024-06-28,56602,184284,-97000,143886,1160.0,32.0,23.0,9.0,,2026-07-24T11:49:13.579426+08:00
6669,2024-07-01,28381,-165641,-50704,-187964,1272.0,28.0,112.0,-4.0,,2026-07-24T11:49:13.579426+08:00
6669,2024-07-02,14869,-89045,5992,-68184,1253.0,27.0,-19.0,-1.0,,2026-07-24T11:49:13.579426+08:00
6669,2024-07-03,62355,-99354,-30265,-67264,1294.0,28.0,41.0,1.0,,2026-07-24T11:49:13.579426+08:00
6669,2024-07-04,104695,51631,63490,219816,1389.0,47.0,95.0,19.0,,2026-07-24T11:49:13.579426+08:00
6669,2024-07-05,12964,-252278,10992,-228322,1467.0,45.0,78.0,-2.0,,2026-07-24T11:49:13.579426+08:00
6669,2024-07-08,-12170,128376,51883,168089,1427.0,57.0,-40.0,12.0,,2026-07-24T11:49:13.579426+08:00
6669,2024-07-09,-131657,-152356,52068,-231945,1466.0,36.0,39.0,-21.0,,2026-07-24T11:49:13.579426+08:00
6669,2024-07-10,28884,-231968,-37000,-240084,1507.0,34.0,41.0,-2.0,,2026-07-24T11:49:13.579426+08:00
6669,2024-07-11,-22876,-817384,-128796,-969056,1723.0,31.0,216.0,-3.0,,2026-07-24T11:49:13.579426+08:00
6669,2024-07-12,-35419,-124229,-190000,-349648,1713.0,30.0,-10.0,-1.0,,2026-07-24T11:49:13.579426+08:00
6669,2024-07-15,-9121,-151392,-138000,-298513,1731.0,11.0,18.0,-19.0,,2026-07-24T11:49:13.579426+08:00
6669,2024-07-16,8211,-479713,-2000,-473502,1837.0,12.0,106.0,1.0,,2026-07-24T11:49:13.579426+08:00
6669,2024-07-17,-64983,-217166,-52800,-334949,1756.0,13.0,-81.0,1.0,,2026-07-24T11:49:13.579426+08:00
6669,2024-07-18,-28356,-173340,-9000,-210696,1783.0,13.0,27.0,0.0,,2026-07-24T11:49:13.579426+08:00
6669,2024-07-19,2540,-102356,-58000,-157816,1788.0,15.0,5.0,2.0,,2026-07-24T11:49:13.579426+08:00
6669,2024-07-22,-22319,-34580,-67000,-123899,1782.0,20.0,-6.0,5.0,,2026-07-24T11:49:13.579426+08:00
6669,2024-07-23,12167,61082,-201500,-128251,1700.0,20.0,-82.0,0.0,,2026-07-24T11:49:13.579426+08:00
6669,2024-07-26,-15514,-537319,-130000,-682833,1765.0,19.0,65.0,-1.0,,2026-07-24T11:49:13.579426+08:00
6669,2024-07-29,3394,-118066,-17000,-131672,1805.0,17.0,40.0,-2.0,,2026-07-24T11:49:13.579426+08:00
6669,2024-07-30,29960,-157804,217000,89156,1738.0,36.0,-67.0,19.0,,2026-07-24T11:49:13.579426+08:00
6669,2024-07-31,13221,-478426,135000,-330205,1859.0,33.0,121.0,-3.0,,2026-07-24T11:49:13.579426+08:00
6669,2024-08-01,62262,-520326,326294,-131770,1853.0,30.0,-6.0,-3.0,,2026-07-24T11:49:13.579426+08:00
6669,2024-08-02,-70681,-5804,29200,-47285,1746.0,39.0,-107.0,9.0,,2026-07-24T11:49:13.579426+08:00
6669,2024-08-05,-89660,-304452,29000,-365112,1693.0,20.0,-53.0,-19.0,,2026-07-24T11:49:13.579426+08:00
6669,2024-08-06,-7998,-207884,145000,-70882,1578.0,13.0,-115.0,-7.0,,2026-07-24T11:49:13.579426+08:00
6669,2024-08-07,35300,-511032,232988,-242744,1705.0,28.0,127.0,15.0,,2026-07-24T11:49:13.579426+08:00
6669,2024-08-08,40915,-307733,20987,-245831,1572.0,30.0,-133.0,2.0,,2026-07-24T11:49:13.579426+08:00
6669,2024-08-09,-81070,-1047128,161998,-966200,1829.0,35.0,257.0,5.0,,2026-07-24T11:49:13.579426+08:00
6669,2024-08-12,15982,1431,213994,231407,1756.0,32.0,-73.0,-3.0,,2026-07-24T11:49:13.579426+08:00
6669,2024-08-13,-9179,-257351,39300,-227230,1728.0,30.0,-28.0,-2.0,,2026-07-24T11:49:13.579426+08:00
6669,2024-08-14,-14764,-33831,-157008,-205603,1740.0,30.0,12.0,0.0,,2026-07-24T11:49:13.579426+08:00
6669,2024-08-15,-6452,-70903,-219000,-296355,1864.0,32.0,124.0,2.0,,2026-07-24T11:49:13.579426+08:00
6669,2024-08-16,20855,303784,26082,350721,1876.0,37.0,12.0,5.0,,2026-07-24T11:49:13.579426+08:00
6669,2024-08-19,21343,-963897,-179117,-1121671,2067.0,27.0,191.0,-10.0,,2026-07-24T11:49:13.579426+08:00
6669,2024-08-20,16013,-6085,-18004,-8076,2072.0,32.0,5.0,5.0,,2026-07-24T11:49:13.579426+08:00
6669,2024-08-21,-48560,-236484,-57002,-342046,2126.0,29.0,54.0,-3.0,,2026-07-24T11:49:13.579426+08:00
6669,2024-08-22,15845,-93693,-55002,-132850,2106.0,31.0,-20.0,2.0,,2026-07-24T11:49:13.579426+08:00
6669,2024-08-23,6261,-160708,-8002,-162449,2115.0,40.0,9.0,9.0,,2026-07-24T11:49:13.579426+08:00
6669,2024-08-26,-25006,-76349,-16002,-117357,2103.0,38.0,-12.0,-2.0,,2026-07-24T11:49:13.579426+08:00
6669,2024-08-27,10864,-77886,-6302,-73324,2124.0,33.0,21.0,-5.0,,2026-07-24T11:49:13.579426+08:00
6669,2024-08-28,-2779,-96070,-26502,-125351,2173.0,29.0,49.0,-4.0,,2026-07-24T11:49:13.579426+08:00
6669,2024-08-29,-19632,-15127,-93000,-127759,2121.0,31.0,-52.0,2.0,,2026-07-24T11:49:13.579426+08:00
6669,2024-08-30,-6339,-66130,-41000,-113469,2154.0,31.0,33.0,0.0,,2026-07-24T11:49:13.579426+08:00
6669,2024-09-02,-3411,-270894,-14004,-288309,2189.0,34.0,35.0,3.0,,2026-07-24T11:49:13.579426+08:00
6669,2024-09-03,10471,-81114,-16000,-86643,2178.0,35.0,-11.0,1.0,,2026-07-24T11:49:13.579426+08:00
6669,2024-09-04,-53363,-213012,-66500,-332875,2180.0,54.0,2.0,19.0,,2026-07-24T11:49:13.579426+08:00
6669,2024-09-05,-21488,74266,-33004,19774,2166.0,36.0,-14.0,-18.0,,2026-07-24T11:49:13.579426+08:00
6669,2024-09-06,-3302,105478,-37046,65130,2258.0,45.0,92.0,9.0,,2026-07-24T11:49:13.579426+08:00
6669,2024-09-09,-500,-14598,-14004,-29102,2254.0,45.0,-4.0,0.0,,2026-07-24T11:49:13.579426+08:00
6669,2024-09-10,-3590,89675,-14004,72081,2200.0,42.0,-54.0,-3.0,,2026-07-24T11:49:13.579426+08:00
6669,2024-09-11,-2550,-233123,-40000,-275673,2225.0,42.0,25.0,0.0,,2026-07-24T11:49:13.579426+08:00
6669,2024-09-12,82280,-252605,22996,-147329,2274.0,67.0,49.0,25.0,,2026-07-24T11:49:13.579426+08:00
6669,2024-09-13,11340,-252963,223000,-18623,2260.0,50.0,-14.0,-17.0,,2026-07-24T11:49:13.579426+08:00
6669,2024-09-16,-14236,-44853,17998,-41091,2177.0,59.0,-83.0,9.0,,2026-07-24T11:49:13.579426+08:00
6669,2024-09-18,-25371,-297650,35000,-288021,2288.0,57.0,111.0,-2.0,,2026-07-24T11:49:13.579426+08:00
6669,2024-09-19,24520,176335,44000,244855,2423.0,68.0,135.0,11.0,,2026-07-24T11:49:13.579426+08:00
6669,2024-09-20,8609,-285638,4459,-272570,2473.0,51.0,50.0,-17.0,,2026-07-24T11:49:13.579426+08:00
6669,2024-09-23,29712,-42951,-45000,-58239,2451.0,54.0,-22.0,3.0,,2026-07-24T11:49:13.579426+08:00
6669,2024-09-24,-9557,-153103,19000,-143660,2541.0,56.0,90.0,2.0,,2026-07-24T11:49:13.579426+08:00
6669,2024-09-25,31277,-203631,118889,-53465,2604.0,56.0,63.0,0.0,,2026-07-24T11:49:13.579426+08:00
6669,2024-09-26,26988,74124,-28324,72788,2527.0,55.0,-77.0,-1.0,,2026-07-24T11:49:13.579426+08:00
6669,2024-09-27,-7994,-85561,82500,-11055,2466.0,57.0,-61.0,2.0,,2026-07-24T11:49:13.579426+08:00
6669,2024-09-30,-9527,-290255,0,-299782,2500.0,64.0,34.0,7.0,,2026-07-24T11:49:13.579426+08:00
6669,2024-10-01,-6037,176126,-64000,106089,2476.0,56.0,-24.0,-8.0,,2026-07-24T11:49:13.579426+08:00
6669,2024-10-04,-12951,-89166,-10000,-112117,2448.0,52.0,-28.0,-4.0,,2026-07-24T11:49:13.579426+08:00
6669,2024-10-07,23310,-551448,0,-528138,2464.0,46.0,16.0,-6.0,,2026-07-24T11:49:13.579426+08:00
6669,2024-10-08,-2269,207441,-27054,178118,2438.0,46.0,-26.0,0.0,,2026-07-24T11:49:13.579426+08:00
6669,2024-10-09,-10532,248401,40600,278469,2448.0,48.0,10.0,2.0,,2026-07-24T11:49:13.579426+08:00
6669,2024-10-11,11556,401254,14892,427702,2330.0,62.0,-118.0,14.0,,2026-07-24T11:49:13.579426+08:00
6669,2024-10-14,59895,193554,133946,387395,2272.0,77.0,-58.0,15.0,,2026-07-24T11:49:13.579426+08:00
6669,2024-10-15,68226,-591486,-32200,-555460,2400.0,70.0,128.0,-7.0,,2026-07-24T11:49:13.579426+08:00
6669,2024-10-16,3527,-129095,-43400,-168968,2330.0,68.0,-70.0,-2.0,,2026-07-24T11:49:13.579426+08:00
6669,2024-10-17,-3958,-126456,1000,-129414,2320.0,66.0,-10.0,-2.0,,2026-07-24T11:49:13.579426+08:00
6669,2024-10-18,16305,12010,0,28315,2299.0,66.0,-21.0,0.0,,2026-07-24T11:49:13.579426+08:00
6669,2024-10-21,48516,-57469,-8000,-16953,2248.0,72.0,-51.0,6.0,,2026-07-24T11:49:13.579426+08:00
6669,2024-10-22,24399,-73428,53000,3971,2287.0,66.0,39.0,-6.0,,2026-07-24T11:49:13.579426+08:00
6669,2024-10-23,729,-123969,51500,-71740,2214.0,66.0,-73.0,0.0,,2026-07-24T11:49:13.579426+08:00
6669,2024-10-24,-67039,-152856,2000,-217895,2184.0,64.0,-30.0,-2.0,,2026-07-24T11:49:13.579426+08:00
6669,2024-10-25,54245,95614,-62000,87859,2197.0,63.0,13.0,-1.0,,2026-07-24T11:49:13.579426+08:00
6669,2024-10-28,7048,-19816,-10000,-22768,2225.0,63.0,28.0,0.0,,2026-07-24T11:49:13.579426+08:00
6669,2024-10-29,-37653,103370,-9000,56717,2199.0,63.0,-26.0,0.0,,2026-07-24T11:49:13.579426+08:00
6669,2024-10-30,4402,-243572,-20800,-259970,2257.0,63.0,58.0,0.0,,2026-07-24T11:49:13.579426+08:00
6669,2024-11-01,26453,-389729,-6800,-370076,2341.0,61.0,84.0,-2.0,,2026-07-24T11:49:13.579426+08:00
6669,2024-11-04,-117490,209189,44000,135699,2446.0,66.0,105.0,5.0,,2026-07-24T11:49:13.579426+08:00
6669,2024-11-05,7622,-250002,-125000,-367380,2556.0,57.0,110.0,-9.0,,2026-07-24T11:49:13.579426+08:00
6669,2024-11-06,4717,70364,12000,87081,2485.0,59.0,-71.0,2.0,,2026-07-24T11:49:13.579426+08:00
6669,2024-11-07,53519,-311607,27000,-231088,2562.0,62.0,77.0,3.0,,2026-07-24T11:49:13.579426+08:00
6669,2024-11-08,59975,-97735,111000,73240,2535.0,65.0,-27.0,3.0,,2026-07-24T11:49:13.579426+08:00
6669,2024-11-11,-14928,-322986,168000,-169914,2478.0,69.0,-57.0,4.0,,2026-07-24T11:49:13.579426+08:00
6669,2024-11-12,49453,56846,444000,550299,2198.0,73.0,-280.0,4.0,,2026-07-24T11:49:13.579426+08:00
6669,2024-11-13,20771,-228289,136054,-71464,2208.0,76.0,10.0,3.0,,2026-07-24T11:49:13.579426+08:00
6669,2024-11-14,-50053,13297,572000,535244,1995.0,95.0,-213.0,19.0,,2026-07-24T11:49:13.579426+08:00
6669,2024-11-15,-74974,-192281,4500,-262755,2073.0,75.0,78.0,-20.0,,2026-07-24T11:49:13.579426+08:00
6669,2024-11-18,-41995,195090,3000,156095,1988.0,69.0,-85.0,-6.0,,2026-07-24T11:49:13.579426+08:00
6669,2024-11-19,58286,-172507,19112,-95109,2131.0,69.0,143.0,0.0,,2026-07-24T11:49:13.579426+08:00
6669,2024-11-20,-48398,-119760,232491,64333,2132.0,73.0,1.0,4.0,,2026-07-24T11:49:13.579426+08:00
6669,2024-11-21,96995,-254457,10000,-147462,2181.0,71.0,49.0,-2.0,,2026-07-24T11:49:13.579426+08:00
6669,2024-11-22,59147,350511,122000,531658,2111.0,80.0,-70.0,9.0,,2026-07-24T11:49:13.579426+08:00
6669,2024-11-25,-3382,-156037,249336,89917,2209.0,83.0,98.0,3.0,,2026-07-24T11:49:13.579426+08:00
6669,2024-11-26,-26383,-194578,18390,-202571,2121.0,86.0,-88.0,3.0,,2026-07-24T11:49:13.579426+08:00
6669,2024-11-27,-102208,-461647,-279052,-842907,2215.0,96.0,94.0,10.0,,2026-07-24T11:49:13.579426+08:00
6669,2024-11-28,39031,341108,-77552,302587,2231.0,115.0,16.0,19.0,,2026-07-24T11:49:13.579426+08:00
6669,2024-11-29,37456,-421116,-21379,-405039,2354.0,96.0,123.0,-19.0,,2026-07-24T11:49:13.579426+08:00
6669,2024-12-02,43813,106551,-198050,-47686,2358.0,97.0,4.0,1.0,,2026-07-24T11:49:13.579426+08:00
6669,2024-12-03,115922,100679,52000,268601,2267.0,75.0,-91.0,-22.0,,2026-07-24T11:49:13.579426+08:00
6669,2024-12-04,372279,15789,25452,413520,2743.0,92.0,476.0,17.0,,2026-07-24T11:49:13.579426+08:00
6669,2024-12-05,265211,-180079,142948,228080,3088.0,121.0,345.0,29.0,,2026-07-24T11:49:13.579426+08:00
6669,2024-12-06,148153,-276302,548000,419851,3154.0,142.0,66.0,21.0,,2026-07-24T11:49:13.579426+08:00
6669,2024-12-09,-116332,-347484,654000,190184,3146.0,153.0,-8.0,11.0,,2026-07-24T11:49:13.579426+08:00
6669,2024-12-10,-164879,531883,211000,578004,2740.0,149.0,-406.0,-4.0,,2026-07-24T11:49:13.579426+08:00
6669,2024-12-11,-52640,-347172,363896,-35916,2719.0,160.0,-21.0,11.0,,2026-07-24T11:49:13.579426+08:00
6669,2024-12-12,-26315,44725,23948,42358,2674.0,154.0,-45.0,-6.0,,2026-07-24T11:49:13.579426+08:00
6669,2024-12-13,-129742,276387,255948,402593,2550.0,159.0,-124.0,5.0,,2026-07-24T11:49:13.579426+08:00
6669,2024-12-16,-33064,-93807,387948,261077,2358.0,157.0,-192.0,-2.0,,2026-07-24T11:49:13.579426+08:00
6669,2024-12-17,-19703,153585,400058,533940,2343.0,154.0,-15.0,-3.0,,2026-07-24T11:49:13.579426+08:00
6669,2024-12-18,-37932,-62884,188883,88067,2169.0,150.0,-174.0,-4.0,,2026-07-24T11:49:13.579426+08:00
6669,2024-12-19,-3021,260095,338000,595074,2167.0,170.0,-2.0,20.0,,2026-07-24T11:49:13.579426+08:00
6669,2024-12-20,-17488,-462463,323941,-156010,2172.0,166.0,5.0,-4.0,,2026-07-24T11:49:13.579426+08:00
6669,2024-12-23,-54787,199998,-8000,137211,2170.0,166.0,-2.0,0.0,,2026-07-24T11:49:13.579426+08:00
6669,2024-12-24,-16603,71909,-233000,-177694,2150.0,148.0,-20.0,-18.0,,2026-07-24T11:49:13.579426+08:00
6669,2024-12-25,33249,211497,-36100,208646,2051.0,156.0,-99.0,8.0,,2026-07-24T11:49:13.579426+08:00
6669,2024-12-26,90272,-131547,-8049,-49324,1950.0,154.0,-101.0,-2.0,,2026-07-24T11:49:13.579426+08:00
6669,2024-12-27,-12207,40321,8000,36114,1878.0,153.0,-72.0,-1.0,,2026-07-24T11:49:13.579426+08:00
6669,2024-12-30,-18037,35777,-89494,-71754,1841.0,169.0,-37.0,16.0,,2026-07-24T11:49:13.579426+08:00
6669,2024-12-31,8246,-73928,42000,-23682,1868.0,149.0,27.0,-20.0,,2026-07-24T11:49:13.579426+08:00
6669,2025-01-02,-1616,-311158,86883,-225891,2016.0,147.0,148.0,-2.0,,2026-07-24T11:49:13.579426+08:00
6669,2025-01-03,-12824,26058,36000,49234,1965.0,153.0,-51.0,6.0,,2026-07-24T11:49:13.579426+08:00
6669,2025-01-06,104811,-356818,81000,-171007,2263.0,156.0,298.0,3.0,,2026-07-24T11:49:13.579426+08:00
6669,2025-01-07,54992,83274,51500,189766,2296.0,161.0,33.0,5.0,,2026-07-24T11:49:13.579426+08:00
6669,2025-01-08,133420,-304268,9941,-160907,2420.0,167.0,124.0,6.0,,2026-07-24T11:49:13.579426+08:00
6669,2025-01-09,-169940,176156,-293793,-287577,2209.0,150.0,-211.0,-17.0,,2026-07-24T11:49:13.579426+08:00
6669,2025-01-10,-105805,140072,-31000,3267,2147.0,131.0,-62.0,-19.0,,2026-07-24T11:49:13.579426+08:00
6669,2025-01-13,-137647,416797,-26000,253150,1832.0,106.0,-315.0,-25.0,,2026-07-24T11:49:13.579426+08:00
6669,2025-01-14,30217,-85088,-31230,-86101,1820.0,103.0,-12.0,-3.0,,2026-07-24T11:49:13.579426+08:00
6669,2025-01-15,-176876,39447,-153500,-290929,1865.0,86.0,45.0,-17.0,,2026-07-24T11:49:13.579426+08:00
6669,2025-01-16,70334,263969,1000,335303,1834.0,87.0,-31.0,1.0,,2026-07-24T11:49:13.579426+08:00
6669,2025-01-17,3728,203807,39000,246535,1787.0,97.0,-47.0,10.0,,2026-07-24T11:49:13.579426+08:00
6669,2025-01-20,-11531,-470779,19300,-463010,1942.0,92.0,155.0,-5.0,,2026-07-24T11:49:13.579426+08:00
6669,2025-01-21,-22459,-591623,12246,-601836,1958.0,92.0,16.0,0.0,,2026-07-24T11:49:13.579426+08:00
6669,2025-01-22,97984,159711,-561100,-303405,1847.0,72.0,-111.0,-20.0,,2026-07-24T11:49:13.579426+08:00
6669,2025-02-03,-9777,198769,-39786,149206,1868.0,442.0,21.0,370.0,,2026-07-24T11:49:13.579426+08:00
6669,2025-02-04,87157,-429854,-367130,-709827,2002.0,144.0,134.0,-298.0,,2026-07-24T11:49:13.579426+08:00
6669,2025-02-05,-18220,598500,-424500,155780,2024.0,128.0,22.0,-16.0,,2026-07-24T11:49:13.579426+08:00
6669,2025-02-06,-15933,-56563,-500,-72996,2028.0,111.0,4.0,-17.0,,2026-07-24T11:49:13.579426+08:00
6669,2025-02-07,-25928,-49798,21500,-54226,2032.0,112.0,4.0,1.0,,2026-07-24T11:49:13.579426+08:00
6669,2025-02-10,-33176,-9806,-22000,-64982,2028.0,108.0,-4.0,-4.0,,2026-07-24T11:49:13.579426+08:00
6669,2025-02-11,13498,-152790,-3780,-143072,2078.0,111.0,50.0,3.0,,2026-07-24T11:49:13.579426+08:00
6669,2025-02-12,-59721,-318596,-34000,-412317,2186.0,111.0,108.0,0.0,,2026-07-24T11:49:13.579426+08:00
6669,2025-02-13,-26707,-546363,-243000,-816070,2216.0,105.0,30.0,-6.0,,2026-07-24T11:49:13.579426+08:00
6669,2025-02-14,-11123,-423700,-158000,-592823,2228.0,45.0,12.0,-60.0,,2026-07-24T11:49:13.579426+08:00
6669,2025-02-17,61921,79923,-304200,-162356,2270.0,43.0,42.0,-2.0,,2026-07-24T11:49:13.579426+08:00
6669,2025-02-18,-559,-58228,76000,17213,2302.0,48.0,32.0,5.0,,2026-07-24T11:49:13.579426+08:00
6669,2025-02-19,-113340,-432238,-150000,-695578,2388.0,44.0,86.0,-4.0,,2026-07-24T11:49:13.579426+08:00
6669,2025-02-20,6431,-322114,-59759,-375442,2393.0,44.0,5.0,0.0,,2026-07-24T11:49:13.579426+08:00
6669,2025-02-21,10409,-179069,-86000,-254660,2373.0,45.0,-20.0,1.0,,2026-07-24T11:49:13.579426+08:00
6669,2025-02-24,-20827,-356311,-285600,-662738,2402.0,42.0,29.0,-3.0,,2026-07-24T11:49:13.579426+08:00
6669,2025-02-25,-26403,-437841,-137500,-601744,2489.0,91.0,87.0,49.0,,2026-07-24T11:49:13.579426+08:00
6669,2025-02-26,32626,181693,-40500,173819,2507.0,47.0,18.0,-44.0,,2026-07-24T11:49:13.579426+08:00
6669,2025-02-27,-35187,-499740,-30698,-565625,2592.0,42.0,85.0,-5.0,,2026-07-24T11:49:13.579426+08:00
6669,2025-03-03,56896,-447517,0,-390621,2664.0,39.0,72.0,-3.0,,2026-07-24T11:49:13.579426+08:00
6669,2025-03-04,13677,-222749,-10061,-219133,2722.0,39.0,58.0,0.0,,2026-07-24T11:49:13.579426+08:00
6669,2025-03-05,43657,27193,68000,138850,2882.0,52.0,160.0,13.0,,2026-07-24T11:49:13.579426+08:00
6669,2025-03-06,-16422,-270824,162000,-125246,2824.0,54.0,-58.0,2.0,,2026-07-24T11:49:13.579426+08:00
6669,2025-03-07,-114765,-102553,9000,-208318,2754.0,46.0,-70.0,-8.0,,2026-07-24T11:49:13.579426+08:00
6669,2025-03-10,7759,-368316,31000,-329557,2751.0,43.0,-3.0,-3.0,,2026-07-24T11:49:13.579426+08:00
6669,2025-03-11,-54940,-63771,10000,-108711,2673.0,46.0,-78.0,3.0,,2026-07-24T11:49:13.579426+08:00
6669,2025-03-12,10944,-373283,5965,-356374,2714.0,46.0,41.0,0.0,,2026-07-24T11:49:13.579426+08:00
6669,2025-03-13,-3703,95627,-6000,85924,2703.0,46.0,-11.0,0.0,,2026-07-24T11:49:13.579426+08:00
6669,2025-03-14,-4208,-334469,30000,-308677,2769.0,43.0,66.0,-3.0,,2026-07-24T11:49:13.579426+08:00
6669,2025-03-17,-6646,-87647,-54000,-148293,2817.0,36.0,48.0,-7.0,,2026-07-24T11:49:13.579426+08:00
6669,2025-03-18,-2762,373785,-49000,322023,2705.0,37.0,-112.0,1.0,,2026-07-24T11:49:13.579426+08:00
6669,2025-03-19,-82685,-41375,-36800,-160860,2723.0,20.0,18.0,-17.0,,2026-07-24T11:49:13.579426+08:00
6669,2025-03-20,41688,187121,-160000,68809,2750.0,18.0,27.0,-2.0,,2026-07-24T11:49:13.579426+08:00
6669,2025-03-21,-2611,-276098,-49099,-327808,2764.0,0.0,14.0,-18.0,,2026-07-24T11:49:13.579426+08:00
6669,2025-03-24,11775,-42691,-248000,-278916,2723.0,0.0,-41.0,0.0,,2026-07-24T11:49:13.579426+08:00
6669,2025-03-25,-5480,-52086,-50500,-108066,2734.0,0.0,11.0,0.0,,2026-07-24T11:49:13.579426+08:00
6669,2025-03-26,4946,20195,4000,29141,2709.0,0.0,-25.0,0.0,,2026-07-24T11:49:13.579426+08:00
6669,2025-03-27,-16458,-230166,-156000,-402624,2737.0,5.0,28.0,5.0,,2026-07-24T11:49:13.579426+08:00
6669,2025-03-28,-13784,466044,-588800,-136540,2720.0,10.0,-17.0,5.0,,2026-07-24T11:49:13.579426+08:00
6669,2025-03-31,-18746,325069,-411000,-104677,2561.0,10.0,-159.0,0.0,,2026-07-24T11:49:13.579426+08:00
6669,2025-04-01,-5617,80449,-81000,-6168,2541.0,18.0,-20.0,8.0,,2026-07-24T11:49:13.579426+08:00
6669,2025-04-02,7429,38370,-19077,26722,2559.0,26.0,18.0,8.0,,2026-07-24T11:49:13.579426+08:00
6669,2025-04-07,-11987,17315,0,5328,2477.0,32.0,-82.0,6.0,,2026-07-24T11:49:13.579426+08:00
6669,2025-04-08,-28636,273570,-141775,103159,2423.0,26.0,-54.0,-6.0,,2026-07-24T11:49:13.579426+08:00
6669,2025-04-09,-37497,860016,230663,1053182,2092.0,61.0,-331.0,35.0,,2026-07-24T11:49:13.579426+08:00
6669,2025-04-10,18628,-41029,0,-22401,2186.0,69.0,94.0,8.0,,2026-07-24T11:49:13.579426+08:00
6669,2025-04-11,38213,-670623,398339,-234071,2308.0,85.0,122.0,16.0,,2026-07-24T11:49:13.579426+08:00
6669,2025-04-14,2925,-295766,585421,292580,2204.0,87.0,-104.0,2.0,,2026-07-24T11:49:13.579426+08:00
6669,2025-04-15,3998,-1223470,124987,-1094485,2479.0,84.0,275.0,-3.0,,2026-07-24T11:49:13.579426+08:00
6669,2025-04-16,-4598,85302,110868,191572,2459.0,97.0,-20.0,13.0,,2026-07-24T11:49:13.579426+08:00
6669,2025-04-17,-2566,144318,64500,206252,2517.0,101.0,58.0,4.0,,2026-07-24T11:49:13.579426+08:00
6669,2025-04-18,-12205,-90408,39890,-62723,2472.0,100.0,-45.0,-1.0,,2026-07-24T11:49:13.579426+08:00
6669,2025-04-21,-25588,-66357,210000,118055,2364.0,95.0,-108.0,-5.0,,2026-07-24T11:49:13.579426+08:00
6669,2025-04-22,-22161,-71974,140000,45865,2374.0,89.0,10.0,-6.0,,2026-07-24T11:49:13.579426+08:00
6669,2025-04-23,33511,-13248,337168,357431,2379.0,88.0,5.0,-1.0,,2026-07-24T11:49:13.579426+08:00
6669,2025-04-24,-32207,-25952,30746,-27413,2395.0,84.0,16.0,-4.0,,2026-07-24T11:49:13.579426+08:00
6669,2025-04-25,28028,17698,147590,193316,2216.0,89.0,-179.0,5.0,,2026-07-24T11:49:13.579426+08:00
6669,2025-04-28,36814,-26807,-19175,-9168,2178.0,87.0,-38.0,-2.0,,2026-07-24T11:49:13.579426+08:00
6669,2025-04-29,49466,102595,6295,158356,2190.0,89.0,12.0,2.0,,2026-07-24T11:49:13.579426+08:00
6669,2025-04-30,-25954,-85804,29150,-82608,2159.0,91.0,-31.0,2.0,,2026-07-24T11:49:13.579426+08:00
6669,2025-05-02,48474,795005,96125,939604,2160.0,96.0,1.0,5.0,,2026-07-24T11:49:13.579426+08:00
6669,2025-05-05,-83513,476033,-27968,364552,2119.0,94.0,-41.0,-2.0,,2026-07-24T11:49:13.579426+08:00
6669,2025-05-06,24007,195532,178677,398216,2139.0,100.0,20.0,6.0,,2026-07-24T11:49:13.579426+08:00
6669,2025-05-07,-52179,-59312,-4235,-115726,2209.0,130.0,70.0,30.0,,2026-07-24T11:49:13.579426+08:00
6669,2025-05-08,31484,-63777,378,-31915,2390.0,133.0,181.0,3.0,,2026-07-24T11:49:13.579426+08:00
6669,2025-05-09,35151,-96010,196478,135619,2290.0,114.0,-100.0,-19.0,,2026-07-24T11:49:13.579426+08:00
6669,2025-05-12,-16404,61300,363412,408308,2234.0,114.0,-56.0,0.0,,2026-07-24T11:49:13.579426+08:00
6669,2025-05-13,-50524,91159,-6003,34632,2243.0,106.0,9.0,-8.0,,2026-07-24T11:49:13.579426+08:00
6669,2025-05-14,48565,313173,390000,751738,2151.0,113.0,-92.0,7.0,,2026-07-24T11:49:13.579426+08:00
6669,2025-05-15,-35799,286461,25883,276545,2127.0,118.0,-24.0,5.0,,2026-07-24T11:49:13.579426+08:00
6669,2025-05-16,-24221,1324,77932,55035,2007.0,119.0,-120.0,1.0,,2026-07-24T11:49:13.579426+08:00
6669,2025-05-19,-12996,37146,-2592,21558,2039.0,105.0,32.0,-14.0,,2026-07-24T11:49:13.579426+08:00
6669,2025-05-20,-16832,121242,13956,118366,2201.0,108.0,162.0,3.0,,2026-07-24T11:49:13.579426+08:00
6669,2025-05-21,41294,256060,33600,330954,2177.0,103.0,-24.0,-5.0,,2026-07-24T11:49:13.579426+08:00
6669,2025-05-22,16921,113137,-40005,90053,2179.0,102.0,2.0,-1.0,,2026-07-24T11:49:13.579426+08:00
6669,2025-05-23,-34983,229719,-33000,161736,2060.0,102.0,-119.0,0.0,,2026-07-24T11:49:13.579426+08:00
6669,2025-05-26,37824,1108765,-13081,1133508,1798.0,111.0,-262.0,9.0,,2026-07-24T11:49:13.579426+08:00
6669,2025-05-27,-36330,-247288,-17065,-300683,2020.0,104.0,222.0,-7.0,,2026-07-24T11:49:13.579426+08:00
6669,2025-05-28,-19466,837105,58000,875639,1844.0,146.0,-176.0,42.0,,2026-07-24T11:49:13.579426+08:00
6669,2025-05-29,76210,424752,70809,571771,1784.0,172.0,-60.0,26.0,,2026-07-24T11:49:13.579426+08:00
6669,2025-06-02,-21760,-139592,-71220,-232572,1853.0,140.0,69.0,-32.0,,2026-07-24T11:49:13.579426+08:00
6669,2025-06-03,1345,170521,-27132,144734,1852.0,162.0,-1.0,22.0,,2026-07-24T11:49:13.579426+08:00
6669,2025-06-04,14898,-304169,73000,-216271,1998.0,162.0,146.0,0.0,,2026-07-24T11:49:13.579426+08:00
6669,2025-06-05,19078,-461892,-14723,-457537,1996.0,160.0,-2.0,-2.0,,2026-07-24T11:49:13.579426+08:00
6669,2025-06-06,-29613,42614,-128000,-114999,2118.0,156.0,122.0,-4.0,,2026-07-24T11:49:13.579426+08:00
6669,2025-06-09,-35038,-126816,-2022,-163876,2040.0,140.0,-78.0,-16.0,,2026-07-24T11:49:13.579426+08:00
6669,2025-06-10,5684,36198,-7044,34838,1999.0,143.0,-41.0,3.0,,2026-07-24T11:49:13.579426+08:00
6669,2025-06-11,3887,112189,-13000,103076,2160.0,153.0,161.0,10.0,,2026-07-24T11:49:13.579426+08:00
6669,2025-06-12,5637,186689,80347,272673,2038.0,148.0,-122.0,-5.0,,2026-07-24T11:49:13.579426+08:00
6669,2025-06-13,-29454,381917,63999,416462,1792.0,148.0,-246.0,0.0,,2026-07-24T11:49:13.579426+08:00
6669,2025-06-16,16857,-162086,-46062,-191291,1837.0,136.0,45.0,-12.0,,2026-07-24T11:49:13.579426+08:00
6669,2025-06-17,-21680,175229,76912,230461,1885.0,54.0,48.0,-82.0,,2026-07-24T11:49:13.579426+08:00
6669,2025-06-18,24373,-46817,87998,65554,1844.0,1.0,-41.0,-53.0,,2026-07-24T11:49:13.579426+08:00
6669,2025-06-19,43367,-179007,130000,-5640,1874.0,0.0,30.0,-1.0,,2026-07-24T11:49:13.579426+08:00
6669,2025-06-20,5227,328578,126122,459927,1719.0,0.0,-155.0,0.0,,2026-07-24T11:49:13.579426+08:00
6669,2025-06-23,63224,137544,249477,450245,1620.0,0.0,-99.0,0.0,,2026-07-24T11:49:13.579426+08:00
6669,2025-06-24,-46418,-448910,80998,-414330,1716.0,5.0,96.0,5.0,,2026-07-24T11:49:13.579426+08:00
6669,2025-06-25,17118,657412,218009,892539,1568.0,39.0,-148.0,34.0,,2026-07-24T11:49:13.579426+08:00
6669,2025-06-26,-91096,-61126,46899,-105323,1707.0,25.0,139.0,-14.0,,2026-07-24T11:49:13.579426+08:00
6669,2025-06-27,-70073,252080,-484000,-301993,1888.0,32.0,181.0,7.0,,2026-07-24T11:49:13.579426+08:00
6669,2025-06-30,-11766,-46392,-38270,-96428,1968.0,59.0,80.0,27.0,,2026-07-24T11:49:13.579426+08:00
6669,2025-07-01,-26386,277241,-1021254,-770399,2090.0,83.0,122.0,24.0,,2026-07-24T11:49:13.579426+08:00
6669,2025-07-02,-7743,964033,-266000,690290,2025.0,89.0,-65.0,6.0,,2026-07-24T11:49:13.579426+08:00
6669,2025-07-03,-28034,-109961,-60048,-198043,2008.0,92.0,-17.0,3.0,,2026-07-24T11:49:13.579426+08:00
6669,2025-07-04,-44408,-55816,-44860,-145084,1975.0,91.0,-33.0,-1.0,,2026-07-24T11:49:13.579426+08:00
6669,2025-07-07,-2490,38064,-75502,-39928,1916.0,88.0,-59.0,-3.0,,2026-07-24T11:49:13.579426+08:00
6669,2025-07-08,-36445,63901,-63769,-36313,2002.0,67.0,86.0,-21.0,,2026-07-24T11:49:13.579426+08:00
6669,2025-07-09,-11774,720292,-54002,654516,2009.0,80.0,7.0,13.0,,2026-07-24T11:49:13.579426+08:00
6669,2025-07-10,5525,54651,227600,287776,2015.0,82.0,6.0,2.0,,2026-07-24T11:49:13.579426+08:00
6669,2025-07-11,-10304,141724,30000,161420,1968.0,87.0,-47.0,5.0,,2026-07-24T11:49:13.579426+08:00
6669,2025-07-14,-9496,-137721,59940,-87277,2030.0,81.0,62.0,-6.0,,2026-07-24T11:49:13.579426+08:00
6669,2025-07-15,26602,306991,-6123,327470,2029.0,84.0,-1.0,3.0,,2026-07-24T11:49:13.579426+08:00
6669,2025-07-16,-11732,151624,-57310,82582,2030.0,76.0,1.0,-8.0,,2026-07-24T11:49:13.579426+08:00
6669,2025-07-17,2280,-105999,-60912,-164631,2129.0,61.0,99.0,-15.0,,2026-07-24T11:49:13.579426+08:00
6669,2025-07-18,26052,534336,2995,563383,2003.0,69.0,-126.0,8.0,,2026-07-24T11:49:13.579426+08:00
6669,2025-07-21,-24593,74325,-116059,-66327,2015.0,66.0,12.0,-3.0,,2026-07-24T11:49:13.579426+08:00
6669,2025-07-22,2524,-96407,98954,5071,1952.0,69.0,-63.0,3.0,,2026-07-24T11:49:13.579426+08:00
6669,2025-07-23,61337,-427263,-52010,-417936,2080.0,56.0,128.0,-13.0,,2026-07-24T11:49:13.579426+08:00
6669,2025-07-24,15967,33757,198800,248524,1994.0,60.0,-86.0,4.0,,2026-07-24T11:49:13.579426+08:00
6669,2025-07-25,-36607,46374,5000,14767,1970.0,60.0,-24.0,0.0,,2026-07-24T11:49:13.579426+08:00
6669,2025-07-28,54916,494139,160000,709055,1817.0,64.0,-153.0,4.0,,2026-07-24T11:49:13.579426+08:00
6669,2025-07-29,-20173,32251,110999,123077,1690.0,69.0,-127.0,5.0,,2026-07-24T11:49:13.579426+08:00
6669,2025-07-30,-23105,-54228,9200,-68133,1716.0,62.0,26.0,-7.0,,2026-07-24T11:49:13.579426+08:00
6669,2025-07-31,117662,122434,100999,341095,1811.0,62.0,95.0,0.0,,2026-07-24T11:49:13.579426+08:00
6669,2025-08-01,11775,-19721,-16006,-23952,1729.0,54.0,-82.0,-8.0,,2026-07-24T11:49:13.579426+08:00
6669,2025-08-04,-58158,153285,-272000,-176873,1820.0,50.0,91.0,-4.0,,2026-07-24T11:49:13.579426+08:00
6669,2025-08-05,-6470,370948,45999,410477,1709.0,57.0,-111.0,7.0,,2026-07-24T11:49:13.579426+08:00
6669,2025-08-06,-8114,-123804,151987,20069,1642.0,59.0,-67.0,2.0,,2026-07-24T11:49:13.579426+08:00
6669,2025-08-07,19906,46819,20000,86725,1698.0,60.0,56.0,1.0,,2026-07-24T11:49:13.579426+08:00
6669,2025-08-08,62140,-93283,97978,66835,1783.0,65.0,85.0,5.0,,2026-07-24T11:49:13.579426+08:00
6669,2025-08-11,65362,194399,113656,373417,1746.0,103.0,-37.0,38.0,,2026-07-24T11:49:13.579426+08:00
6669,2025-08-12,70954,-222723,454978,303209,1633.0,110.0,-113.0,7.0,,2026-07-24T11:49:13.579426+08:00
6669,2025-08-13,58873,-589881,369098,-161910,1672.0,119.0,39.0,9.0,,2026-07-24T11:49:13.579426+08:00
6669,2025-08-14,-23054,10901,57461,45308,1631.0,113.0,-41.0,-6.0,,2026-07-24T11:49:13.579426+08:00
6669,2025-08-15,19822,-101871,-5061,-87110,1636.0,112.0,5.0,-1.0,,2026-07-24T11:49:13.579426+08:00
6669,2025-08-18,41013,176411,14044,231468,1591.0,116.0,-45.0,4.0,,2026-07-24T11:49:13.579426+08:00
6669,2025-08-19,-6342,-87978,-52978,-147298,1580.0,106.0,-11.0,-10.0,,2026-07-24T11:49:13.579426+08:00
6669,2025-08-20,-48669,-56922,-94055,-199646,1539.0,68.0,-41.0,-38.0,,2026-07-24T11:49:13.579426+08:00
6669,2025-08-21,12772,-360407,31722,-315913,1643.0,63.0,104.0,-5.0,,2026-07-24T11:49:13.579426+08:00
6669,2025-08-22,-29939,-58368,-63001,-151308,1666.0,61.0,23.0,-2.0,,2026-07-24T11:49:13.579426+08:00
6669,2025-08-25,4799,-146387,58948,-82640,1651.0,61.0,-15.0,0.0,,2026-07-24T11:49:13.579426+08:00
6669,2025-08-26,2221,236121,-325495,-87153,1633.0,62.0,-18.0,1.0,,2026-07-24T11:49:13.579426+08:00
6669,2025-08-27,31872,-404092,-352200,-724420,1886.0,63.0,253.0,1.0,,2026-07-24T11:49:13.579426+08:00
6669,2025-08-28,-10253,11056,-57702,-56899,1898.0,61.0,12.0,-2.0,,2026-07-24T11:49:13.579426+08:00
6669,2025-08-29,17253,-161836,-51200,-195783,1911.0,59.0,13.0,-2.0,,2026-07-24T11:49:13.579426+08:00
6669,2025-09-01,-36776,828341,-804676,-13111,1893.0,69.0,-18.0,10.0,,2026-07-24T11:49:13.579426+08:00
6669,2025-09-02,26909,-299282,85850,-186523,2033.0,54.0,140.0,-15.0,,2026-07-24T11:49:13.579426+08:00
6669,2025-09-03,21392,-200443,111000,-68051,2034.0,59.0,1.0,5.0,,2026-07-24T11:49:13.579426+08:00
6669,2025-09-04,20079,-296853,157999,-118775,2078.0,56.0,44.0,-3.0,,2026-07-24T11:49:13.579426+08:00
6669,2025-09-05,24844,146762,32999,204605,2010.0,54.0,-68.0,-2.0,,2026-07-24T11:49:13.579426+08:00
6669,2025-09-08,82946,-139973,140796,83769,2052.0,66.0,42.0,12.0,,2026-07-24T11:49:13.579426+08:00
6669,2025-09-09,-37322,-1000675,39999,-997998,2122.0,55.0,70.0,-11.0,,2026-07-24T11:49:13.579426+08:00
6669,2025-09-10,78520,368671,110300,557491,2223.0,90.0,101.0,35.0,,2026-07-24T11:49:13.579426+08:00
6669,2025-09-11,-121434,161369,48941,88876,2082.0,84.0,-141.0,-6.0,,2026-07-24T11:49:13.579426+08:00
6669,2025-09-12,-10367,-288837,49998,-249206,1920.0,78.0,-162.0,-6.0,,2026-07-24T11:49:13.579426+08:00
6669,2025-09-15,-10957,-128120,-7000,-146077,1752.0,77.0,-168.0,-1.0,,2026-07-24T11:49:13.579426+08:00
6669,2025-09-16,-3006,-128754,-171001,-302761,1730.0,75.0,-22.0,-2.0,,2026-07-24T11:49:13.579426+08:00
6669,2025-09-17,-28042,-71643,-108105,-207790,1709.0,68.0,-21.0,-7.0,,2026-07-24T11:49:13.579426+08:00
6669,2025-09-18,30058,146582,-127000,49640,1560.0,75.0,-149.0,7.0,,2026-07-24T11:49:13.579426+08:00
6669,2025-09-19,20948,-97156,31714,-44494,1524.0,77.0,-36.0,2.0,,2026-07-24T11:49:13.579426+08:00
6669,2025-09-22,-8572,-468590,-121000,-598162,1580.0,64.0,56.0,-13.0,,2026-07-24T11:49:13.579426+08:00
6669,2025-09-23,14848,160973,-97000,78821,1564.0,62.0,-16.0,-2.0,,2026-07-24T11:49:13.579426+08:00
6669,2025-09-24,-17740,24419,-73299,-66620,1599.0,62.0,35.0,0.0,,2026-07-24T11:49:13.579426+08:00
6669,2025-09-25,3984,38115,12000,54099,1565.0,61.0,-34.0,-1.0,,2026-07-24T11:49:13.579426+08:00
6669,2025-09-26,120513,-174647,-127100,-181234,1611.0,63.0,46.0,2.0,,2026-07-24T11:49:13.579426+08:00
6669,2025-09-30,117917,466074,-33656,550335,1614.0,71.0,3.0,8.0,,2026-07-24T11:49:13.579426+08:00
6669,2025-10-01,-59206,470675,-140564,270905,1461.0,75.0,-153.0,4.0,,2026-07-24T11:49:13.579426+08:00
6669,2025-10-02,-11912,221688,-193977,15799,1520.0,75.0,59.0,0.0,,2026-07-24T11:49:13.579426+08:00
6669,2025-10-03,43263,200072,-9000,234335,1468.0,83.0,-52.0,8.0,,2026-07-24T11:49:13.579426+08:00
6669,2025-10-07,11779,-135816,-77000,-201037,1537.0,84.0,69.0,1.0,,2026-07-24T11:49:13.579426+08:00
6669,2025-10-08,-44021,36981,0,-7040,1600.0,78.0,63.0,-6.0,,2026-07-24T11:49:13.579426+08:00
6669,2025-10-09,-60515,441658,-285166,95977,1505.0,72.0,-95.0,-6.0,,2026-07-24T11:49:13.579426+08:00
6669,2025-10-13,-43488,770618,-98890,628240,1399.0,79.0,-106.0,7.0,,2026-07-24T11:49:13.579426+08:00
6669,2025-10-14,134720,152383,25942,313045,1448.0,92.0,49.0,13.0,,2026-07-24T11:49:13.579426+08:00
6669,2025-10-15,56759,-349178,264200,-28219,1602.0,105.0,154.0,13.0,,2026-07-24T11:49:13.579426+08:00
6669,2025-10-16,-26458,-185673,125000,-87131,1564.0,103.0,-38.0,-2.0,,2026-07-24T11:49:13.579426+08:00
6669,2025-10-17,470,72106,-7600,64976,1445.0,100.0,-119.0,-3.0,,2026-07-24T11:49:13.579426+08:00
6669,2025-10-20,33925,171291,13942,219158,1509.0,105.0,64.0,5.0,,2026-07-24T11:49:13.579426+08:00
6669,2025-10-21,65216,-248588,102800,-80572,1516.0,113.0,7.0,8.0,,2026-07-24T11:49:13.579426+08:00
6669,2025-10-22,9033,-311081,164500,-137548,1511.0,114.0,-5.0,1.0,,2026-07-24T11:49:13.579426+08:00
6669,2025-10-23,17687,-198777,12800,-168290,1543.0,114.0,32.0,0.0,,2026-07-24T11:49:13.579426+08:00
6669,2025-10-27,4821,-360254,23691,-331742,1640.0,114.0,97.0,0.0,,2026-07-24T11:49:13.579426+08:00
6669,2025-10-28,25078,-15376,-3000,6702,1634.0,114.0,-6.0,0.0,,2026-07-24T11:49:13.579426+08:00
6669,2025-10-29,-2212,-32638,25000,-9850,1602.0,114.0,-32.0,0.0,,2026-07-24T11:49:13.579426+08:00
6669,2025-10-30,-15991,234379,121000,339388,1495.0,121.0,-107.0,7.0,,2026-07-24T11:49:13.579426+08:00
6669,2025-10-31,20153,-172308,44397,-107758,1572.0,121.0,77.0,0.0,,2026-07-24T11:49:13.579426+08:00
6669,2025-11-03,91905,-44210,23894,71589,1498.0,116.0,-74.0,-5.0,,2026-07-24T11:49:13.579426+08:00
6669,2025-11-04,-9766,29314,103710,123258,1465.0,115.0,-33.0,-1.0,,2026-07-24T11:49:13.579426+08:00
6669,2025-11-05,-36725,-289597,68151,-258171,1480.0,112.0,15.0,-3.0,,2026-07-24T11:49:13.579426+08:00
6669,2025-11-06,40401,-155157,44119,-70637,1545.0,112.0,65.0,0.0,,2026-07-24T11:49:13.579426+08:00
6669,2025-11-07,-65165,-540398,51629,-553934,1530.0,122.0,-15.0,10.0,,2026-07-24T11:49:13.579426+08:00
6669,2025-11-10,-9545,209068,163857,363380,1603.0,122.0,73.0,0.0,,2026-07-24T11:49:13.579426+08:00
6669,2025-11-11,-18356,-239965,216000,-42321,1689.0,126.0,86.0,4.0,,2026-07-24T11:49:13.579426+08:00
6669,2025-11-12,30506,-587978,40000,-517472,1689.0,111.0,0.0,-15.0,,2026-07-24T11:49:13.579426+08:00
6669,2025-11-13,13055,-314182,975,-300152,1732.0,107.0,43.0,-4.0,,2026-07-24T11:49:13.579426+08:00
6669,2025-11-14,-45244,-60215,23900,-81559,1804.0,102.0,72.0,-5.0,,2026-07-24T11:49:13.579426+08:00
6669,2025-11-17,-35971,-30546,14530,-51987,1833.0,104.0,29.0,2.0,,2026-07-24T11:49:13.579426+08:00
6669,2025-11-18,-32718,-31141,37000,-26859,1797.0,104.0,-36.0,0.0,,2026-07-24T11:49:13.579426+08:00
6669,2025-11-19,-56627,-85181,118869,-22939,1831.0,121.0,34.0,17.0,,2026-07-24T11:49:13.579426+08:00
6669,2025-11-20,43934,-430008,76265,-309809,1905.0,134.0,74.0,13.0,,2026-07-24T11:49:13.579426+08:00
6669,2025-11-21,-22356,-108374,18120,-112610,1839.0,134.0,-66.0,0.0,,2026-07-24T11:49:13.579426+08:00
6669,2025-11-24,10290,-267878,-11007,-268595,1877.0,136.0,38.0,2.0,,2026-07-24T11:49:13.579426+08:00
6669,2025-11-25,3796,135375,44733,183904,1829.0,121.0,-48.0,-15.0,,2026-07-24T11:49:13.579426+08:00
6669,2025-11-26,78971,-446821,223724,-144126,1857.0,126.0,28.0,5.0,,2026-07-24T11:49:13.579426+08:00
6669,2025-11-27,-19609,-49733,38713,-30629,1858.0,129.0,1.0,3.0,,2026-07-24T11:49:13.579426+08:00
6669,2025-11-28,48125,-154874,58300,-48449,1919.0,128.0,61.0,-1.0,,2026-07-24T11:49:13.579426+08:00
6669,2025-12-01,6456,-170750,33947,-130347,1965.0,100.0,46.0,-28.0,,2026-07-24T11:49:13.579426+08:00
6669,2025-12-02,11058,-143487,145946,13517,1953.0,105.0,-12.0,5.0,,2026-07-24T11:49:13.579426+08:00
6669,2025-12-03,33447,220449,28000,281896,1928.0,105.0,-25.0,0.0,,2026-07-24T11:49:13.579426+08:00
6669,2025-12-04,-6984,-36188,14399,-28773,1898.0,104.0,-30.0,-1.0,,2026-07-24T11:49:13.579426+08:00
6669,2025-12-05,10387,204880,18000,233267,1854.0,103.0,-44.0,-1.0,,2026-07-24T11:49:13.579426+08:00
6669,2025-12-08,14401,-386827,10838,-361588,1939.0,102.0,85.0,-1.0,,2026-07-24T11:49:13.579426+08:00
6669,2025-12-09,-11806,-370724,-4553,-387083,1972.0,99.0,33.0,-3.0,,2026-07-24T11:49:13.579426+08:00
6669,2025-12-10,23472,-17400,-67167,-61095,1961.0,99.0,-11.0,0.0,,2026-07-24T11:49:13.579426+08:00
6669,2025-12-11,-16347,15096,112921,111670,1942.0,97.0,-19.0,-2.0,,2026-07-24T11:49:13.579426+08:00
6669,2025-12-12,7610,-420867,-54707,-467964,2027.0,92.0,85.0,-5.0,,2026-07-24T11:49:13.579426+08:00
6669,2025-12-15,1088,58573,-14156,45505,2031.0,95.0,4.0,3.0,,2026-07-24T11:49:13.579426+08:00
6669,2025-12-16,-27097,27405,20594,20902,1851.0,93.0,-180.0,-2.0,,2026-07-24T11:49:13.579426+08:00
6669,2025-12-17,-6009,-114640,2000,-118649,1858.0,88.0,7.0,-5.0,,2026-07-24T11:49:13.579426+08:00
6669,2025-12-18,57852,-41228,48000,64624,1843.0,89.0,-15.0,1.0,,2026-07-24T11:49:13.579426+08:00
6669,2025-12-19,33151,-133069,37673,-62245,1854.0,89.0,11.0,0.0,,2026-07-24T11:49:13.579426+08:00
6669,2025-12-22,24603,-95013,-186200,-256610,1976.0,84.0,122.0,-5.0,,2026-07-24T11:49:13.579426+08:00
6669,2025-12-23,49258,54312,35000,138570,1977.0,84.0,1.0,0.0,,2026-07-24T11:49:13.579426+08:00
6669,2025-12-24,13901,78600,-89400,3101,1978.0,84.0,1.0,0.0,,2026-07-24T11:49:13.579426+08:00
6669,2025-12-26,35935,12388,31000,79323,1956.0,83.0,-22.0,-1.0,,2026-07-24T11:49:13.579426+08:00
6669,2025-12-29,10483,157800,-16206,152077,1864.0,82.0,-92.0,-1.0,,2026-07-24T11:49:13.579426+08:00
6669,2025-12-30,16988,-124114,-3055,-110181,1884.0,78.0,20.0,-4.0,,2026-07-24T11:49:13.579426+08:00
6669,2025-12-31,17039,83821,33751,134611,1850.0,76.0,-34.0,-2.0,,2026-07-24T11:49:13.579426+08:00
6669,2026-01-02,41092,-195572,124023,-30457,1913.0,77.0,63.0,1.0,,2026-07-24T11:49:13.579426+08:00
6669,2026-01-05,28021,107194,62885,198100,1885.0,74.0,-28.0,-3.0,,2026-07-24T11:49:13.579426+08:00
6669,2026-01-06,3051,40557,-13345,30263,1977.0,74.0,92.0,0.0,,2026-07-24T11:49:13.579426+08:00
6669,2026-01-07,9030,152095,48719,209844,1997.0,74.0,20.0,0.0,,2026-07-24T11:49:13.579426+08:00
6669,2026-01-08,-5099,435829,2241,432971,1898.0,80.0,-99.0,6.0,,2026-07-24T11:49:13.579426+08:00
6669,2026-01-09,-60668,-1218653,-206320,-1485641,2028.0,68.0,130.0,-12.0,,2026-07-24T11:49:13.579426+08:00
6669,2026-01-12,-72723,-531652,-229154,-833529,2134.0,73.0,106.0,5.0,,2026-07-24T11:49:13.579426+08:00
6669,2026-01-13,-28394,103517,-340139,-265016,2216.0,56.0,82.0,-17.0,,2026-07-24T11:49:13.579426+08:00
6669,2026-01-14,25388,-125801,-155065,-255478,2202.0,56.0,-14.0,0.0,,2026-07-24T11:49:13.579426+08:00
6669,2026-01-15,-16994,-107521,692,-123823,2196.0,55.0,-6.0,-1.0,,2026-07-24T11:49:13.579426+08:00
6669,2026-01-16,-60940,-39711,-175494,-276145,2239.0,57.0,43.0,2.0,,2026-07-24T11:49:13.579426+08:00
6669,2026-01-19,-30664,289689,-261023,-1998,2283.0,52.0,44.0,-5.0,,2026-07-24T11:49:13.579426+08:00
6669,2026-01-20,-5789,-8350,-200043,-214182,2278.0,52.0,-5.0,0.0,,2026-07-24T11:49:13.579426+08:00
6669,2026-01-21,-75870,680809,-141900,463039,2237.0,50.0,-41.0,-2.0,,2026-07-24T11:49:13.579426+08:00
6669,2026-01-22,59834,66441,-175637,-49362,2312.0,50.0,75.0,0.0,,2026-07-24T11:49:13.579426+08:00
6669,2026-01-23,-17865,-145471,-212101,-375437,2377.0,50.0,65.0,0.0,,2026-07-24T11:49:13.579426+08:00
6669,2026-01-26,14400,489541,-34330,469611,2342.0,50.0,-35.0,0.0,,2026-07-24T11:49:13.579426+08:00
6669,2026-01-27,-31003,-208661,-348076,-587740,2589.0,48.0,247.0,-2.0,,2026-07-24T11:49:13.579426+08:00
6669,2026-01-28,3441,634972,-285997,352416,2602.0,48.0,13.0,0.0,,2026-07-24T11:49:13.579426+08:00
6669,2026-01-29,8702,261430,-17380,252752,2531.0,49.0,-71.0,1.0,,2026-07-24T11:49:13.579426+08:00
6669,2026-01-30,1141,-111289,-104140,-214288,2527.0,49.0,-4.0,0.0,,2026-07-24T11:49:13.579426+08:00
6669,2026-02-02,12784,97138,-119221,-9299,2511.0,45.0,-16.0,-4.0,,2026-07-24T11:49:13.579426+08:00
6669,2026-02-03,-18903,291983,-229208,43872,2492.0,46.0,-19.0,1.0,,2026-07-24T11:49:13.579426+08:00
6669,2026-02-04,5417,1000,-98450,-92033,2505.0,45.0,13.0,-1.0,,2026-07-24T11:49:13.579426+08:00
6669,2026-02-05,-5926,83307,43000,120381,2432.0,56.0,-73.0,11.0,,2026-07-24T11:49:13.579426+08:00
6669,2026-02-06,-10464,113113,72839,175488,2242.0,79.0,-190.0,23.0,,2026-07-24T11:49:13.579426+08:00
6669,2026-02-09,11241,-69125,-167001,-224885,2359.0,54.0,117.0,-25.0,,2026-07-24T11:49:13.579426+08:00
6669,2026-02-10,-8889,153211,0,144322,2326.0,52.0,-33.0,-2.0,,2026-07-24T11:49:13.579426+08:00
6669,2026-02-11,-6896,286798,17500,297402,2258.0,51.0,-68.0,-1.0,,2026-07-24T11:49:13.579426+08:00
6669,2026-02-23,6362,293368,-99000,200730,2152.0,48.0,-106.0,-3.0,,2026-07-24T11:49:13.579426+08:00
6669,2026-02-24,14318,-68659,83499,29158,2120.0,47.0,-32.0,-1.0,,2026-07-24T11:49:13.579426+08:00
6669,2026-02-25,124431,342107,92920,559458,2047.0,46.0,-73.0,-1.0,,2026-07-24T11:49:13.579426+08:00
6669,2026-02-26,-7549,-168355,-88002,-263906,2196.0,44.0,149.0,-2.0,,2026-07-24T11:49:13.579426+08:00
6669,2026-03-02,29610,-21028,299860,308442,2084.0,45.0,-112.0,1.0,,2026-07-24T11:49:13.579426+08:00
6669,2026-03-03,4120,-192266,57960,-130186,2232.0,47.0,148.0,2.0,,2026-07-24T11:49:13.579426+08:00
6669,2026-03-04,-9797,-135211,-37228,-182236,2207.0,48.0,-25.0,1.0,,2026-07-24T11:49:13.579426+08:00
6669,2026-03-05,57240,496902,84840,638982,2148.0,56.0,-59.0,8.0,,2026-07-24T11:49:13.579426+08:00
6669,2026-03-06,24430,-322247,12920,-284897,2177.0,54.0,29.0,-2.0,,2026-07-24T11:49:13.579426+08:00
6669,2026-03-09,-73811,-265746,19983,-319574,2136.0,46.0,-41.0,-8.0,,2026-07-24T11:49:13.579426+08:00
6669,2026-03-10,21479,-162547,-87380,-228448,2205.0,44.0,69.0,-2.0,,2026-07-24T11:49:13.579426+08:00
6669,2026-03-11,55627,383311,5000,443938,2160.0,54.0,-45.0,10.0,,2026-07-24T11:49:13.579426+08:00
6669,2026-03-12,-4164,158739,-421000,-266425,2157.0,46.0,-3.0,-8.0,,2026-07-24T11:49:13.579426+08:00
6669,2026-03-13,3231,109276,-264000,-151493,2151.0,45.0,-6.0,-1.0,,2026-07-24T11:49:13.579426+08:00
6669,2026-03-16,26989,-82334,-223148,-278493,2210.0,42.0,59.0,-3.0,,2026-07-24T11:49:13.579426+08:00
6669,2026-03-17,134996,297007,-547111,-115108,2061.0,35.0,-149.0,-7.0,,2026-07-24T11:49:13.579426+08:00
6669,2026-03-18,39919,-802837,-221977,-984895,2506.0,13.0,445.0,-22.0,,2026-07-24T11:49:13.579426+08:00
6669,2026-03-19,-21716,-96138,-58160,-176014,2522.0,0.0,16.0,-13.0,,2026-07-24T11:49:13.579426+08:00
6669,2026-03-20,-20985,88565,-63381,4199,2523.0,0.0,1.0,0.0,,2026-07-24T11:49:13.579426+08:00
6669,2026-03-23,-103999,-323658,-947,-428604,2515.0,0.0,-8.0,0.0,,2026-07-24T11:49:13.579426+08:00
6669,2026-03-24,9205,103433,-5058,107580,2494.0,0.0,-21.0,0.0,,2026-07-24T11:49:13.579426+08:00
6669,2026-03-25,21492,-41696,-13075,-33279,2501.0,2.0,7.0,2.0,,2026-07-24T11:49:13.579426+08:00
6669,2026-03-26,98141,-1179987,-35672,-1117518,2660.0,73.0,159.0,71.0,,2026-07-24T11:49:13.579426+08:00
6669,2026-03-27,123038,-58326,-22401,42311,2703.0,71.0,43.0,-2.0,,2026-07-24T11:49:13.579426+08:00
6669,2026-03-30,7162,7780,4790,19732,2674.0,69.0,-29.0,-2.0,,2026-07-24T11:49:13.579426+08:00
6669,2026-03-31,12321,-221135,8773,-200041,2724.0,27.0,50.0,-42.0,,2026-07-24T11:49:13.579426+08:00
6669,2026-04-01,44889,57929,37722,140540,2648.0,9.0,-76.0,-18.0,,2026-07-24T11:49:13.579426+08:00
6669,2026-04-02,-5928,-62089,-31671,-99688,2746.0,0.0,98.0,-9.0,,2026-07-24T11:49:13.579426+08:00
6669,2026-04-07,-3070,-99231,9109,-93192,2762.0,1.0,16.0,1.0,,2026-07-24T11:49:13.579426+08:00
6669,2026-04-08,-12400,293037,-3911,276726,2745.0,4.0,-17.0,3.0,,2026-07-24T11:49:13.579426+08:00
6669,2026-04-09,-22184,14695,-26161,-33650,2744.0,4.0,-1.0,0.0,,2026-07-24T11:49:13.579426+08:00
6669,2026-04-10,58894,-121657,-4141,-66904,2762.0,3.0,18.0,-1.0,,2026-07-24T11:49:13.579426+08:00
6669,2026-04-13,16069,-53290,-12887,-50108,2734.0,8.0,-28.0,5.0,,2026-07-24T11:49:13.579426+08:00
6669,2026-04-14,-101047,103266,134472,136691,2603.0,11.0,-131.0,3.0,,2026-07-24T11:49:13.579426+08:00
6669,2026-04-15,-71153,-217710,10166,-278697,2735.0,7.0,132.0,-4.0,,2026-07-24T11:49:13.579426+08:00
6669,2026-04-16,6845,-997,-14636,-8788,2682.0,7.0,-53.0,0.0,,2026-07-24T11:49:13.579426+08:00
6669,2026-04-17,60405,430635,188436,679476,2592.0,7.0,-90.0,0.0,,2026-07-24T11:49:13.579426+08:00
6669,2026-04-20,-11096,82242,407194,478340,2459.0,12.0,-133.0,5.0,,2026-07-24T11:49:13.579426+08:00
6669,2026-04-21,52536,-163049,735293,624780,2357.0,21.0,-102.0,9.0,,2026-07-24T11:49:13.579426+08:00
6669,2026-04-22,91537,-303367,313677,101847,2291.0,25.0,-66.0,4.0,,2026-07-24T11:49:13.579426+08:00
6669,2026-04-23,39262,381705,245129,666096,2129.0,13.0,-162.0,-12.0,,2026-07-24T11:49:13.579426+08:00
6669,2026-04-24,98865,-537942,664337,225260,2496.0,22.0,367.0,9.0,,2026-07-24T11:49:13.579426+08:00
6669,2026-04-27,39430,-1357764,1087787,-230547,2651.0,22.0,155.0,0.0,,2026-07-24T11:49:13.579426+08:00
6669,2026-04-28,-8699,-397921,271594,-135026,2604.0,21.0,-47.0,-1.0,,2026-07-24T11:49:13.579426+08:00
6669,2026-04-29,34988,-143970,202650,93668,2527.0,21.0,-77.0,0.0,,2026-07-24T11:49:13.579426+08:00
6669,2026-04-30,-19322,-205787,37923,-187186,2439.0,18.0,-88.0,-3.0,,2026-07-24T11:49:13.579426+08:00
6669,2026-05-04,71322,-21185,138811,188948,2440.0,17.0,1.0,-1.0,,2026-07-24T11:49:13.579426+08:00
6669,2026-05-05,-100783,-8785,101799,-7769,2290.0,16.0,-150.0,-1.0,,2026-07-24T11:49:13.579426+08:00
6669,2026-05-06,56980,155259,236250,448489,2257.0,15.0,-33.0,-1.0,,2026-07-24T11:49:13.579426+08:00
6669,2026-05-07,-41056,-128020,187908,18832,2205.0,14.0,-52.0,-1.0,,2026-07-24T11:49:13.579426+08:00
6669,2026-05-08,55009,-70198,767239,752050,2260.0,18.0,55.0,4.0,,2026-07-24T11:49:13.579426+08:00
6669,2026-05-11,13528,-386768,398839,25599,2275.0,22.0,15.0,4.0,,2026-07-24T11:49:13.579426+08:00
6669,2026-05-12,51037,-1385281,1024258,-309986,2560.0,25.0,285.0,3.0,,2026-07-24T11:49:13.579426+08:00
6669,2026-05-13,-51649,-671160,450213,-272596,2633.0,25.0,73.0,0.0,,2026-07-24T11:49:13.579426+08:00
6669,2026-05-14,-27090,-66153,55000,-38243,2515.0,17.0,-118.0,-8.0,,2026-07-24T11:49:13.579426+08:00
6669,2026-05-15,-37601,460259,-20794,401864,2294.0,14.0,-221.0,-3.0,,2026-07-24T11:49:13.579426+08:00
6669,2026-05-18,23818,-44712,36000,15106,2289.0,19.0,-5.0,5.0,,2026-07-24T11:49:13.579426+08:00
6669,2026-05-19,-7311,41745,-137200,-102766,2298.0,14.0,9.0,-5.0,,2026-07-24T11:49:13.579426+08:00
6669,2026-05-20,1752,-35835,-121000,-155083,2309.0,13.0,11.0,-1.0,,2026-07-24T11:49:13.579426+08:00
6669,2026-05-21,80719,-207400,72000,-54681,2480.0,25.0,171.0,12.0,,2026-07-24T11:49:13.579426+08:00
6669,2026-05-22,30632,136521,-65006,102147,2588.0,22.0,108.0,-3.0,,2026-07-24T11:49:13.579426+08:00
6669,2026-05-25,24385,66174,-41000,49559,2589.0,22.0,1.0,0.0,,2026-07-24T11:49:13.579426+08:00
6669,2026-05-26,-50226,126856,-207173,-130543,2263.0,17.0,-326.0,-5.0,,2026-07-24T11:49:13.579426+08:00
6669,2026-05-27,-107449,-221065,-120150,-448664,2306.0,16.0,43.0,-1.0,,2026-07-24T11:49:13.579426+08:00
6669,2026-05-28,-105809,191035,-191987,-106761,2154.0,15.0,-152.0,-1.0,,2026-07-24T11:49:13.579426+08:00
6669,2026-05-29,15056,625866,175961,816883,2199.0,26.0,45.0,11.0,,2026-07-24T11:49:13.579426+08:00
6669,2026-06-01,-2403,-133821,83002,-53222,2097.0,26.0,-102.0,0.0,,2026-07-24T11:49:13.579426+08:00
6669,2026-06-02,-64515,201318,3000,139803,2050.0,27.0,-47.0,1.0,,2026-07-24T11:49:13.579426+08:00
6669,2026-06-03,16498,91027,-35022,72503,2010.0,33.0,-40.0,6.0,,2026-07-24T11:49:13.579426+08:00
6669,2026-06-04,10114,-192489,35968,-146407,2026.0,31.0,16.0,-2.0,,2026-07-24T11:49:13.579426+08:00
6669,2026-06-05,-3116,-137861,57968,-83009,2006.0,30.0,-20.0,-1.0,,2026-07-24T11:49:13.579426+08:00
6669,2026-06-08,-48050,-391249,26000,-413299,2010.0,22.0,4.0,-8.0,,2026-07-24T11:49:13.579426+08:00
6669,2026-06-09,-3654,-237216,-1062,-241932,2033.0,22.0,23.0,0.0,,2026-07-24T11:49:13.579426+08:00
6669,2026-06-10,-91934,-180648,-107066,-379648,1983.0,14.0,-50.0,-8.0,,2026-07-24T11:49:13.579426+08:00
6669,2026-06-11,63309,368723,-59078,372954,1939.0,9.0,-44.0,-5.0,,2026-07-24T11:49:13.579426+08:00
6669,2026-06-12,49437,-314349,-177022,-441934,1971.0,4.0,32.0,-5.0,,2026-07-24T11:49:13.579426+08:00
6669,2026-06-15,11232,-145425,-80963,-215156,1941.0,3.0,-30.0,-1.0,,2026-07-24T11:49:13.579426+08:00
6669,2026-06-16,-22102,-78117,-328407,-428626,1922.0,0.0,-19.0,-3.0,,2026-07-24T11:49:13.579426+08:00
6669,2026-06-17,56753,-51480,-2062,3211,1929.0,0.0,7.0,0.0,,2026-07-24T11:49:13.579426+08:00
6669,2026-06-18,31515,-353008,-4766,-326259,1932.0,0.0,3.0,0.0,,2026-07-24T11:49:13.579426+08:00
6669,2026-06-19,31515,-353008,-4766,-326259,,,,,,2026-07-24T11:49:13.579426+08:00
6669,2026-06-22,-87842,-672401,-65949,-826192,2086.0,0.0,,,,2026-07-24T11:49:13.579426+08:00
6669,2026-06-23,-53635,-463271,-209104,-726010,2161.0,2.0,75.0,2.0,,2026-07-24T11:49:13.579426+08:00
6669,2026-06-24,-7497,62050,-92000,-37447,2168.0,3.0,7.0,1.0,,2026-07-24T11:49:13.579426+08:00
6669,2026-06-25,-83116,-91632,-12700,-187448,2233.0,3.0,65.0,0.0,,2026-07-24T11:49:13.579426+08:00
6669,2026-06-26,-96485,-51597,5064,-143018,2085.0,4.0,-148.0,1.0,,2026-07-24T11:49:13.579426+08:00
6669,2026-06-29,45878,78438,-78614,45702,2217.0,5.0,132.0,1.0,,2026-07-24T11:49:13.579426+08:00
6669,2026-06-30,7935,-540085,381000,-151150,2270.0,7.0,53.0,2.0,,2026-07-24T11:49:13.579426+08:00
6669,2026-07-01,21606,-173651,434000,281955,2200.0,29.0,,,,2026-07-30T01:55:21.631802+08:00
6669,2026-07-02,22258,-911650,941672,52280,2185.0,30.0,-15.0,1.0,,2026-07-30T01:55:21.631802+08:00
6669,2026-07-03,-8500,-88840,307307,209967,2199.0,32.0,14.0,2.0,,2026-07-30T01:55:21.631802+08:00
6669,2026-07-06,-18880,-254877,82122,-191635,2157.0,13.0,-42.0,-19.0,,2026-07-30T01:55:21.631802+08:00
6669,2026-07-07,-35278,216679,418101,599502,2036.0,14.0,-121.0,1.0,,2026-07-30T01:55:21.631802+08:00
6669,2026-07-08,10023,-243073,220225,-12825,2064.0,12.0,28.0,-2.0,,2026-07-30T01:55:21.631802+08:00
6669,2026-07-09,28371,-426503,555033,156901,2042.0,8.0,-22.0,-4.0,,2026-07-30T01:55:21.631802+08:00
6669,2026-07-13,-31238,9805,45317,23884,1975.0,9.0,-67.0,1.0,,2026-07-30T01:55:21.631802+08:00
6669,2026-07-14,23407,23768,25489,72664,1943.0,8.0,-32.0,-1.0,,2026-07-30T01:55:21.631802+08:00
6669,2026-07-15,50743,46152,64753,161648,1928.0,8.0,-15.0,0.0,,2026-07-30T01:55:21.631802+08:00
6669,2026-07-16,-2496,21677,19175,38356,1903.0,8.0,-25.0,0.0,,2026-07-30T01:55:21.631802+08:00
6669,2026-07-17,-53150,-3963,-74602,-131715,1789.0,4.0,-114.0,-4.0,,2026-07-30T01:55:21.631802+08:00
6669,2026-07-20,32809,181116,57573,271498,1624.0,4.0,-165.0,0.0,,2026-07-30T01:55:21.631802+08:00
6669,2026-07-21,39696,-91214,85341,33823,1643.0,8.0,19.0,4.0,,2026-07-30T01:55:21.631802+08:00
6669,2026-07-22,48692,188719,116044,353455,1852.0,13.0,209.0,5.0,,2026-07-30T01:55:21.631802+08:00
6669,2026-07-23,50003,439599,-162494,327108,1766.0,12.0,-86.0,-1.0,,2026-07-30T01:55:21.631802+08:00
6669,2026-07-24,28546,29146,659723,717415,1708.0,20.0,-58.0,8.0,,2026-07-30T01:55:21.631802+08:00
6669,2026-07-27,-20384,-323587,454088,110117,1581.0,25.0,-127.0,5.0,,2026-07-30T01:55:21.631802+08:00
6669,2026-07-28,-1115,-57627,140119,81377,1448.0,14.0,-133.0,-11.0,,2026-07-30T01:55:21.631802+08:00
6669,2026-07-29,46585,90907,137958,275450,1332.0,14.0,-116.0,0.0,,2026-07-30T01:55:21.631802+08:00
6669,2026-08-03,-20244,-131166,429921,278511,1435.0,23.0,,,,2026-08-20T14:58:33.671179+08:00
6669,2026-08-04,-47499,-442587,507099,17013,1461.0,25.0,26.0,2.0,,2026-08-20T14:58:33.671179+08:00
6669,2026-08-05,-17044,280697,-117578,146075,1379.0,26.0,-82.0,1.0,,2026-08-20T14:58:33.671179+08:00
6669,2026-08-06,11825,240815,-32921,219719,1374.0,29.0,-5.0,3.0,,2026-08-20T14:58:33.671179+08:00
6669,2026-08-07,-1962,-138166,92000,-48128,1366.0,24.0,-8.0,-5.0,,2026-08-20T14:58:33.671179+08:00
6669,2026-08-10,12243,-136532,-91013,-215302,1312.0,25.0,-54.0,1.0,,2026-08-20T14:58:33.671179+08:00
6669,2026-08-11,37863,171340,-398975,-189772,1342.0,25.0,30.0,0.0,,2026-08-20T14:58:33.671179+08:00
6669,2026-08-12,-5796,115997,-191875,-81674,1349.0,24.0,7.0,-1.0,,2026-08-20T14:58:33.671179+08:00
6669,2026-08-13,22322,23196,-183319,-137801,1418.0,25.0,69.0,1.0,,2026-08-20T14:58:33.671179+08:00
6669,2026-08-14,-55942,23131,449957,417146,1357.0,27.0,-61.0,2.0,,2026-08-20T14:58:33.671179+08:00
6669,2026-08-17,84195,-287031,87969,-114867,1406.0,27.0,49.0,0.0,,2026-08-20T14:58:33.671179+08:00
6669,2026-08-18,-3372,175380,-355116,-183108,1328.0,25.0,-78.0,-2.0,,2026-08-20T14:58:33.671179+08:00
6669,2026-08-19,19836,174888,-360257,-165533,1343.0,14.0,15.0,-11.0,,2026-08-20T14:58:33.671179+08:00
6669,2026-08-03,-20244,-131166,429921,278511,1435.0,23.0,,,,2026-08-20T21:47:10.585170+08:00
6669,2026-08-04,-47499,-442587,507099,17013,1461.0,25.0,26.0,2.0,,2026-08-20T21:47:10.585170+08:00
6669,2026-08-05,-17044,280697,-117578,146075,1379.0,26.0,-82.0,1.0,,2026-08-20T21:47:10.585170+08:00
6669,2026-08-06,11825,240815,-32921,219719,1374.0,29.0,-5.0,3.0,,2026-08-20T21:47:10.585170+08:00
6669,2026-08-07,-1962,-138166,92000,-48128,1366.0,24.0,-8.0,-5.0,,2026-08-20T21:47:10.585170+08:00
6669,2026-08-10,12243,-136532,-91013,-215302,1312.0,25.0,-54.0,1.0,,2026-08-20T21:47:10.585170+08:00
6669,2026-08-11,37863,171340,-398975,-189772,1342.0,25.0,30.0,0.0,,2026-08-20T21:47:10.585170+08:00
6669,2026-08-12,-5796,115997,-191875,-81674,1349.0,24.0,7.0,-1.0,,2026-08-20T21:47:10.585170+08:00
6669,2026-08-13,22322,23196,-183319,-137801,1418.0,25.0,69.0,1.0,,2026-08-20T21:47:10.585170+08:00
6669,2026-08-14,-55942,23131,449957,417146,1357.0,27.0,-61.0,2.0,,2026-08-20T21:47:10.585170+08:00
6669,2026-08-17,84195,-287031,87969,-114867,1406.0,27.0,49.0,0.0,,2026-08-20T21:47:10.585170+08:00
6669,2026-08-18,-3372,175380,-355116,-183108,1328.0,25.0,-78.0,-2.0,,2026-08-20T21:47:10.585170+08:00
6669,2026-08-19,19836,174888,-360257,-165533,1343.0,14.0,15.0,-11.0,,2026-08-20T21:47:10.585170+08:00
6669,2026-08-20,12874,-107127,-16350,-110603,1356.0,15.0,13.0,1.0,,2026-08-20T21:47:10.585170+08:00
